Timestamp;PosX;PosY;PosZ;Roll;Pitch;Yaw;Q1;Q2;Q3;Q4;M1;M2;M3;M4;AccelX;AccelY;AccelZ;GyroX;GyroY;GyroZ
1753881461.542478;0.0;0.0;0.0;-2.1;1.25;-0.05;0.0;0.0;0.0;0.0;-17.0;2.0;-3.0;-18.0;0.2;0.45;-10.68;0.51;0.36;0.66
1753881461.547478;0.0;0.0;0.0;-2.1;1.25;-0.05;0.0;0.0;0.0;0.0;-17.0;2.0;-3.0;-18.0;0.2;0.45;-10.67;0.54;0.41;0.97
1753881461.552478;0.0;0.0;0.0;-2.1;1.25;-0.05;0.0;0.0;0.0;0.0;-17.0;2.0;-3.0;-18.0;0.2;0.45;-10.68;0.62;0.38;0.95
1753881461.557478;0.0;0.0;0.0;-2.1;1.25;-0.05;0.0;0.0;0.0;0.0;-17.0;2.0;-3.0;-18.0;0.2;0.45;-10.68;0.62;0.45;1.02
1753881461.562478;0.0;0.0;0.0;-2.1;1.25;-0.05;0.0;0.0;0.0;0.0;-17.0;2.0;-3.0;-18.0;0.2;0.45;-10.69;0.58;0.45;0.88
1753881461.567478;0.0;0.0;0.0;-2.1;1.25;-0.05;0.0;0.0;0.0;0.0;-17.0;2.0;-3.0;-18.0;0.2;0.45;-10.68;0.49;0.54;1.0
1753881461.572478;0.0;0.0;0.0;-2.1;1.25;-0.05;0.0;0.0;0.0;0.0;-17.0;2.0;-3.0;-18.0;0.2;0.45;-10.68;0.65;0.35;0.93
1753881461.577478;0.0;0.0;0.0;-2.1;1.25;-0.05;0.0;0.0;0.0;0.0;-17.0;2.0;-3.0;-18.0;0.2;0.44;-10.68;0.6;0.26;1.02
1753881461.582478;0.0;0.0;0.0;-2.1;1.25;-0.05;0.0;0.0;0.0;0.0;-17.0;2.0;-3.0;-18.0;0.19;0.45;-10.68;0.45;0.44;0.95
1753881461.587478;0.0;0.0;0.0;-2.1;1.25;-0.05;0.0;0.0;0.0;0.0;-17.0;2.0;-3.0;-18.0;0.19;0.45;-10.68;0.39;0.51;0.83
1753881461.592478;0.0;0.0;0.0;-2.1;1.25;-0.05;0.0;0.0;0.0;0.0;-17.0;2.0;-3.0;-18.0;0.18;0.45;-10.67;0.69;0.28;0.97
1753881461.597478;0.0;0.0;0.0;-2.1;1.25;-0.05;0.0;0.0;0.0;0.0;-17.0;2.0;-3.0;-18.0;0.18;0.45;-10.67;0.66;0.45;1.01
1753881461.602478;0.0;0.0;0.0;-2.1;1.25;-0.05;0.0;0.0;0.0;0.0;-17.0;2.0;-3.0;-18.0;0.18;0.45;-10.67;0.57;0.4;0.85
1753881461.607478;0.0;0.0;0.0;-2.1;1.25;-0.05;0.0;0.0;0.0;0.0;-17.0;2.0;-3.0;-18.0;0.18;0.45;-10.66;0.57;0.42;0.93
1753881461.612478;0.0;0.0;0.0;-2.1;1.25;-0.05;0.0;0.0;0.0;0.0;-17.0;2.0;-3.0;-18.0;0.18;0.45;-10.66;0.61;0.39;0.93
1753881461.617478;0.0;0.0;0.0;-2.1;1.25;-0.05;0.0;0.0;0.0;0.0;-17.0;2.0;-3.0;-18.0;0.18;0.46;-10.66;0.59;0.45;0.89
1753881461.622478;0.0;0.0;0.0;-2.1;1.25;-0.05;0.0;0.0;0.0;0.0;-17.0;2.0;-3.0;-18.0;0.18;0.46;-10.67;0.54;0.46;0.99
1753881461.627478;0.0;0.0;0.0;-2.1;1.25;-0.05;0.0;0.0;0.0;0.0;-17.0;2.0;-3.0;-18.0;0.18;0.45;-10.67;0.59;0.52;0.86
1753881461.632478;0.0;0.0;0.0;-2.1;1.25;-0.05;0.0;0.0;0.0;0.0;-17.0;2.0;-3.0;-18.0;0.18;0.45;-10.66;0.54;0.31;0.99
1753881461.637478;0.0;0.0;0.0;-2.1;1.25;-0.05;0.0;0.0;0.0;0.0;-17.0;2.0;-3.0;-18.0;0.19;0.45;-10.66;0.46;0.41;0.91
1753881461.642478;0.0;0.0;0.0;-2.1;1.25;-0.05;0.0;0.0;0.0;0.0;-17.0;2.0;-3.0;-18.0;0.19;0.44;-10.67;0.49;0.35;0.99
1753881461.647478;0.0;0.0;0.0;-2.1;1.25;-0.05;0.0;0.0;0.0;0.0;-17.0;2.0;-3.0;-18.0;0.19;0.45;-10.67;0.46;0.34;0.9
1753881461.652478;0.0;0.0;0.0;-2.1;1.25;-0.05;0.0;0.0;0.0;0.0;-17.0;2.0;-3.0;-18.0;0.19;0.44;-10.67;0.61;0.48;0.91
1753881461.657478;0.0;0.0;0.0;-2.1;1.25;-0.05;0.0;0.0;0.0;0.0;-17.0;2.0;-3.0;-18.0;0.2;0.44;-10.67;0.61;0.46;0.8
1753881461.662478;0.0;0.0;0.0;-2.1;1.25;-0.05;0.0;0.0;0.0;0.0;-17.0;2.0;-3.0;-18.0;0.2;0.45;-10.68;0.52;0.48;0.98
1753881461.667478;0.0;0.0;0.0;-2.1;1.25;-0.05;0.0;0.0;0.0;0.0;-17.0;2.0;-3.0;-18.0;0.2;0.45;-10.67;0.52;0.41;0.93
1753881461.672478;0.0;0.0;0.0;-2.1;1.25;-0.05;0.0;0.0;0.0;0.0;-17.0;2.0;-3.0;-18.0;0.2;0.44;-10.67;0.61;0.41;0.9
1753881461.677478;0.0;0.0;0.0;-2.1;1.25;-0.05;0.0;0.0;0.0;0.0;-17.0;2.0;-3.0;-18.0;0.19;0.43;-10.66;0.51;0.36;0.93
1753881461.682478;0.0;0.0;0.0;-2.1;1.25;-0.05;0.0;0.0;0.0;0.0;-17.0;2.0;-3.0;-18.0;0.19;0.44;-10.66;0.54;0.45;0.96
1753881461.687478;0.0;0.0;0.0;-2.1;1.25;-0.05;0.0;0.0;0.0;0.0;-17.0;2.0;-3.0;-18.0;0.19;0.43;-10.67;0.61;0.4;0.92
1753881461.692478;0.0;0.0;0.0;-2.1;1.25;-0.05;0.0;0.0;0.0;0.0;-17.0;2.0;-3.0;-18.0;0.19;0.43;-10.68;0.58;0.28;0.85
1753881461.697478;0.0;0.0;0.0;-2.1;1.25;-0.05;0.0;0.0;0.0;0.0;-17.0;2.0;-3.0;-18.0;0.19;0.44;-10.68;0.7;0.35;1.0
1753881461.702478;0.0;0.0;0.0;-2.1;1.25;-0.05;0.0;0.0;0.0;0.0;-17.0;2.0;-3.0;-18.0;0.19;0.44;-10.69;0.55;0.34;0.82
1753881461.707478;0.0;0.0;0.0;-2.1;1.25;-0.05;0.0;0.0;0.0;0.0;-17.0;2.0;-3.0;-18.0;0.19;0.44;-10.69;0.54;0.41;1.02
1753881461.712478;0.0;0.0;0.0;-2.1;1.25;-0.05;0.0;0.0;0.0;0.0;-17.0;2.0;-3.0;-18.0;0.18;0.44;-10.68;0.54;0.42;0.86
1753881461.717478;0.0;0.0;0.0;-2.1;1.25;-0.05;0.0;0.0;0.0;0.0;-17.0;2.0;-3.0;-18.0;0.18;0.44;-10.68;0.55;0.44;0.81
1753881461.722478;0.0;0.0;0.0;-2.1;1.25;-0.05;0.0;0.0;0.0;0.0;-17.0;2.0;-3.0;-18.0;0.18;0.44;-10.68;0.74;0.41;1.06
1753881461.727478;0.0;0.0;0.0;-2.1;1.25;-0.05;0.0;0.0;0.0;0.0;-17.0;2.0;-3.0;-18.0;0.17;0.44;-10.68;0.71;0.39;0.99
1753881461.732478;0.0;0.0;0.0;-2.1;1.25;-0.05;0.0;0.0;0.0;0.0;-26.8;2.0;-2.4;-18.0;0.16;0.44;-10.68;0.69;0.4;0.94
1753881461.737478;0.0;0.0;0.0;-2.1;1.25;-0.05;0.0;0.0;0.0;0.0;-16.1;2.7;-3.3;-18.0;0.18;0.44;-10.68;0.67;0.42;0.98
1753881461.742478;0.0;0.0;0.0;-2.1;1.25;-0.05;0.0;0.0;0.0;0.0;-8.5;1.4;-1.5;-18.0;0.18;0.43;-10.68;0.68;0.22;1.21
1753881461.747478;0.0;0.0;0.0;-2.1;1.25;-0.05;0.0;0.0;0.0;0.0;-13.3;2.6;-1.7;-18.0;0.16;0.43;-10.68;0.7;0.37;1.01
1753881461.752478;0.0;0.0;0.0;-2.1;1.25;-0.05;0.0;0.0;0.0;0.0;-13.7;2.2;-2.1;-18.0;0.18;0.43;-10.67;0.82;0.44;1.07
1753881461.757479;0.0;0.0;0.0;-2.1;1.25;-0.05;0.0;0.0;0.0;0.0;-14.6;3.5;-1.8;-18.0;0.18;0.44;-10.68;0.68;0.5;1.0
1753881461.762479;0.0;0.0;0.0;-2.1;1.25;-0.05;0.0;0.0;0.0;0.0;-9.8;4.1;-2.0;-18.0;0.18;0.43;-10.69;0.73;0.45;0.88
1753881461.767479;0.0;0.0;0.0;-2.1;1.25;-0.05;0.0;0.0;0.0;0.0;2.0;3.5;-2.1;-18.0;0.17;0.45;-10.67;0.75;0.37;0.93
1753881461.772479;0.0;0.0;0.0;-2.1;1.25;-0.05;0.0;0.0;0.0;0.0;-2.6;2.9;3.8;-18.0;0.19;0.44;-10.68;0.57;0.44;0.94
1753881461.777479;0.0;0.0;0.0;-2.1;1.25;-0.05;0.0;0.0;0.0;0.0;11.8;3.5;-1.0;-18.0;0.17;0.44;-10.67;0.64;0.35;0.86
1753881461.782479;0.0;0.0;0.0;-2.1;1.25;-0.05;0.0;0.0;0.0;0.0;-14.8;3.7;1.7;-18.0;0.17;0.44;-10.67;0.56;0.44;0.9
1753881461.78748;0.0;0.0;0.0;-2.1;1.25;-0.05;0.0;0.0;0.0;0.0;-10.1;3.3;-0.8;-18.0;0.18;0.45;-10.68;0.61;0.39;0.97
1753881461.79248;0.0;0.0;0.0;-2.1;1.25;-0.05;0.0;0.0;0.0;0.0;-2.0;2.4;7.5;-18.0;0.19;0.44;-10.69;0.5;0.34;0.87
1753881461.79748;0.0;0.0;0.0;-2.1;1.25;-0.05;0.0;0.0;0.0;0.0;4.5;4.0;3.8;-18.0;0.18;0.44;-10.68;0.54;0.41;0.82
1753881461.80248;0.0;0.0;0.0;-2.1;1.25;-0.05;0.0;0.0;0.0;0.0;-1.9;2.6;-2.2;-18.0;0.19;0.44;-10.68;0.57;0.45;0.94
1753881461.80748;0.0;0.0;0.0;-2.1;1.25;-0.05;0.0;0.0;0.0;0.0;-4.1;3.7;7.1;-18.0;0.17;0.44;-10.68;0.69;0.46;0.94
1753881461.81248;0.0;0.0;0.0;-2.1;1.25;-0.05;0.0;0.0;0.0;0.0;0.5;5.1;2.3;-18.0;0.17;0.44;-10.69;0.55;0.38;0.85
1753881461.81748;0.0;0.0;0.0;-2.1;1.25;-0.05;0.0;0.0;0.0;0.0;-0.3;4.4;7.0;-18.0;0.19;0.44;-10.68;0.48;0.41;0.88
1753881461.82248;0.0;0.0;0.0;-2.1;1.25;-0.05;0.0;0.0;0.0;0.0;11.7;5.1;7.2;-18.0;0.18;0.44;-10.69;0.59;0.38;0.84
1753881461.82748;0.0;0.0;0.0;-2.1;1.25;-0.05;0.0;0.0;0.0;0.0;4.6;5.2;10.6;-18.0;0.19;0.44;-10.69;0.52;0.37;0.88
1753881461.83248;0.0;0.0;0.0;-2.1;1.25;-0.05;0.0;0.0;0.0;0.0;10.8;4.3;7.1;-18.0;0.2;0.44;-10.67;0.65;0.38;0.87
1753881461.83748;0.0;0.0;0.0;-2.1;1.25;-0.05;0.0;0.0;0.0;0.0;-2.3;5.3;7.3;-18.0;0.2;0.44;-10.68;0.48;0.39;0.86
1753881461.842481;0.0;0.0;0.0;-2.1;1.25;-0.05;0.0;0.0;0.0;0.0;-2.4;4.2;6.4;-18.0;0.18;0.44;-10.7;0.48;0.33;0.71
1753881461.847478;0.0;0.0;0.0;-2.1;1.25;-0.05;0.0;0.0;0.0;0.0;8.0;5.0;9.0;-18.0;0.19;0.44;-10.68;0.48;0.39;0.82
1753881461.852478;0.0;0.0;0.0;-2.1;1.25;-0.05;0.0;0.0;0.0;0.0;2.2;5.1;17.2;-18.0;0.18;0.44;-10.68;0.59;0.4;0.85
1753881461.857478;0.0;0.0;0.0;-2.1;1.25;-0.05;0.0;0.0;0.0;0.0;0.4;4.5;11.0;-18.0;0.19;0.44;-10.67;0.4;0.47;1.02
1753881461.862478;0.0;0.0;0.0;-2.1;1.25;-0.05;0.0;0.0;0.0;0.0;8.0;5.0;9.0;-18.0;0.19;0.44;-10.67;0.47;0.45;0.91
1753881461.867478;0.0;0.0;0.0;-2.1;1.25;-0.05;0.0;0.0;0.0;0.0;8.0;5.0;9.0;-18.0;0.19;0.44;-10.67;0.65;0.37;0.93
1753881461.872478;0.0;0.0;0.0;-2.1;1.25;-0.05;0.0;0.0;0.0;0.0;7.7;6.6;12.1;-18.0;0.19;0.44;-10.67;0.59;0.32;0.98
1753881461.877478;0.0;0.0;0.0;-2.1;1.25;-0.05;0.0;0.0;0.0;0.0;8.0;5.0;9.0;-18.0;0.2;0.44;-10.67;0.57;0.34;0.97
1753881461.882478;0.0;0.0;0.0;-2.1;1.25;-0.05;0.0;0.0;0.0;0.0;8.5;4.3;-0.2;-18.0;0.18;0.44;-10.66;0.44;0.41;1.1
1753881461.887478;0.0;0.0;0.0;-2.1;1.25;-0.05;0.0;0.0;0.0;0.0;8.0;5.0;9.0;-18.0;0.19;0.44;-10.65;0.49;0.41;1.0
1753881461.892478;0.0;0.0;0.0;-2.1;1.25;-0.05;0.0;0.0;0.0;0.0;8.0;5.0;9.0;-18.0;0.19;0.44;-10.66;0.46;0.37;1.02
1753881461.897478;0.0;0.0;0.0;-2.1;1.25;-0.05;0.0;0.0;0.0;0.0;8.0;5.0;9.0;-18.0;0.19;0.44;-10.66;0.53;0.38;0.84
1753881461.902478;0.0;0.0;0.0;-2.1;1.25;-0.05;0.0;0.0;0.0;0.0;8.0;5.0;9.0;-18.0;0.19;0.44;-10.67;0.67;0.24;0.83
1753881461.907478;0.0;0.0;0.0;-2.1;1.25;-0.05;0.0;0.0;0.0;0.0;8.0;5.0;9.0;-18.0;0.18;0.44;-10.68;0.51;0.3;0.94
1753881461.912478;0.0;0.0;0.0;-2.1;1.25;-0.05;0.0;0.0;0.0;0.0;8.0;5.0;9.0;-18.0;0.19;0.45;-10.68;0.5;0.39;0.99
1753881461.917478;0.0;0.0;0.0;-2.1;1.25;-0.05;0.0;0.0;0.0;0.0;-4.2;4.7;3.5;-18.1;0.2;0.46;-10.68;0.61;0.37;0.92
1753881461.922478;0.0;0.0;0.0;-2.1;1.25;-0.05;0.0;0.0;0.0;0.0;10.6;4.3;2.8;-17.4;0.18;0.45;-10.65;0.45;0.43;0.99
1753881461.927478;0.0;0.0;0.0;-2.1;1.25;-0.05;0.0;0.0;0.0;0.0;-3.3;0.9;6.4;-17.1;0.18;0.45;-10.68;0.64;0.37;0.94
1753881461.932478;0.0;0.0;0.0;-2.1;1.25;-0.05;0.0;0.0;0.0;0.0;21.1;7.7;10.7;-18.3;0.18;0.45;-10.67;0.5;0.48;0.96
1753881461.937478;0.0;0.0;0.0;-2.1;1.25;-0.05;0.0;0.0;0.0;0.0;-0.9;3.7;19.6;-17.8;0.18;0.44;-10.68;0.39;0.41;0.95
1753881461.942479;0.0;0.0;0.0;-2.1;1.25;-0.05;0.0;0.0;0.0;0.0;8.4;5.1;3.5;-19.0;0.2;0.45;-10.69;0.41;0.43;0.96
1753881461.947479;0.0;0.0;0.0;-2.1;1.25;-0.05;0.0;0.0;0.0;0.0;7.7;9.5;8.1;-18.0;0.19;0.45;-10.68;0.69;0.42;0.82
1753881461.952479;0.0;0.0;0.0;-2.1;1.25;-0.05;0.0;0.0;0.0;0.0;7.3;6.5;-3.0;-19.6;0.19;0.45;-10.67;0.55;0.42;0.9
1753881461.957479;0.0;0.0;0.0;-2.1;1.25;-0.05;0.0;0.0;0.0;0.0;-1.7;6.6;-7.4;-18.2;0.18;0.44;-10.68;0.56;0.37;0.94
1753881461.962479;0.0;0.0;0.0;-2.1;1.25;-0.05;0.0;0.0;0.0;0.0;-21.8;6.9;12.4;-21.0;0.2;0.44;-10.68;0.45;0.51;0.92
1753881461.967479;0.0;0.0;0.0;-2.1;1.25;-0.05;0.0;0.0;0.0;0.0;1.7;3.9;0.3;-20.3;0.18;0.44;-10.67;0.49;0.43;0.94
1753881461.972479;0.0;0.0;0.0;-2.1;1.25;-0.05;0.0;0.0;0.0;0.0;0.9;4.5;6.5;-19.3;0.19;0.45;-10.69;0.6;0.39;0.89
1753881461.97748;0.0;0.0;0.0;-2.1;1.25;-0.05;0.0;0.0;0.0;0.0;14.6;5.6;5.5;-19.3;0.19;0.44;-10.65;0.61;0.4;0.97
1753881461.98248;0.0;0.0;0.0;-2.1;1.25;-0.05;0.0;0.0;0.0;0.0;-6.8;5.9;-3.5;-19.1;0.19;0.44;-10.69;0.49;0.52;0.9
1753881461.98748;0.0;0.0;0.0;-2.1;1.25;-0.05;0.0;0.0;0.0;0.0;2.5;4.6;1.4;-20.4;0.18;0.45;-10.67;0.37;0.44;0.81
1753881461.99248;0.0;0.0;0.0;-2.1;1.25;-0.05;0.0;0.0;0.0;0.0;-1.2;6.7;-5.7;-18.9;0.18;0.44;-10.68;0.47;0.48;0.8
1753881461.99748;0.0;0.0;0.0;-2.1;1.25;-0.05;0.0;0.0;0.0;0.0;6.1;4.0;-4.2;-19.9;0.18;0.44;-10.68;0.48;0.58;1.12
1753881462.00248;0.0;0.0;0.0;-2.1;1.25;-0.05;0.0;0.0;0.0;0.0;-13.4;7.7;5.2;-20.0;0.19;0.44;-10.69;0.41;0.42;0.81
1753881462.00748;0.0;0.0;0.0;-2.1;1.25;-0.05;0.0;0.0;0.0;0.0;-27.6;7.5;1.1;-21.2;0.18;0.44;-10.68;0.66;0.49;0.91
1753881462.01248;0.0;0.0;0.0;-2.1;1.25;-0.05;0.0;0.0;0.0;0.0;-9.9;8.5;3.8;-20.1;0.16;0.44;-10.68;0.51;0.55;0.8
1753881462.01748;0.0;0.0;0.0;-2.1;1.25;-0.05;0.0;0.0;0.0;0.0;0.8;6.4;-8.4;-21.0;0.18;0.45;-10.68;0.59;0.46;0.94
1753881462.02248;0.0;0.0;0.0;-2.1;1.25;-0.05;0.0;0.0;0.0;0.0;-17.1;7.8;-1.3;-20.9;0.18;0.44;-10.69;0.57;0.59;1.05
1753881462.02748;0.0;0.0;0.0;-2.1;1.25;-0.05;0.0;0.0;0.0;0.0;-42.7;8.5;-2.7;-20.8;0.18;0.44;-10.67;0.42;0.42;0.68
1753881462.032478;0.0;0.0;0.0;-2.1;1.25;-0.05;0.0;0.0;0.0;0.0;-13.0;7.0;-2.0;-21.0;0.18;0.44;-10.68;0.54;0.51;0.84
1753881462.037478;0.0;0.0;0.0;-2.1;1.25;-0.05;0.0;0.0;0.0;0.0;-13.0;7.0;-2.0;-21.0;0.18;0.45;-10.69;0.54;0.49;0.98
1753881462.042478;0.0;0.0;0.0;-2.1;1.25;-0.05;0.0;0.0;0.0;0.0;-13.0;7.0;-2.0;-21.0;0.18;0.45;-10.68;0.56;0.53;1.07
1753881462.047478;0.0;0.0;0.0;-2.1;1.25;-0.05;0.0;0.0;0.0;0.0;-13.0;7.0;-2.0;-21.0;0.17;0.44;-10.68;0.64;0.45;1.09
1753881462.052478;0.0;0.0;0.0;-2.1;1.25;-0.05;0.0;0.0;0.0;0.0;-13.0;7.0;-2.0;-21.0;0.17;0.45;-10.69;0.46;0.23;0.98
1753881462.057478;0.0;0.0;0.0;-2.1;1.25;-0.05;0.0;0.0;0.0;0.0;-13.0;7.0;-2.0;-21.0;0.17;0.45;-10.69;0.67;0.36;0.96
1753881462.062478;0.0;0.0;0.0;-2.1;1.25;-0.05;0.0;0.0;0.0;0.0;-13.0;7.0;-2.0;-21.0;0.17;0.45;-10.69;0.58;0.5;0.89
1753881462.067478;0.0;0.0;0.0;-2.1;1.25;-0.05;0.0;0.0;0.0;0.0;-13.0;7.0;-2.0;-21.0;0.17;0.45;-10.68;0.47;0.49;0.85
1753881462.072478;0.0;0.0;0.0;-2.1;1.25;-0.05;0.0;0.0;0.0;0.0;-13.0;7.0;-2.0;-21.0;0.17;0.45;-10.69;0.59;0.66;0.94
1753881462.077478;0.0;0.0;0.0;-2.1;1.25;-0.05;0.0;0.0;0.0;0.0;-13.0;7.0;-2.0;-21.0;0.17;0.45;-10.68;0.57;0.35;0.95
1753881462.082478;0.0;0.0;0.0;-2.1;1.25;-0.05;0.0;0.0;0.0;0.0;-13.0;7.0;-2.0;-21.0;0.18;0.45;-10.69;0.39;0.41;0.93
1753881462.087478;0.0;0.0;0.0;-2.1;1.25;-0.05;0.0;0.0;0.0;0.0;-13.0;7.0;-2.0;-21.0;0.18;0.45;-10.68;0.48;0.36;1.19
1753881462.092478;0.0;0.0;0.0;-2.1;1.25;-0.05;0.0;0.0;0.0;0.0;-13.0;7.0;-2.0;-21.0;0.18;0.45;-10.69;0.47;0.35;0.96
1753881462.097478;0.0;0.0;0.0;-2.1;1.25;-0.05;0.0;0.0;0.0;0.0;-13.0;7.0;-2.0;-21.0;0.18;0.45;-10.69;0.55;0.34;1.03
1753881462.102478;0.0;0.0;0.0;-2.1;1.25;-0.05;0.0;0.0;0.0;0.0;-13.0;7.0;-2.0;-21.0;0.18;0.45;-10.7;0.53;0.36;0.93
1753881462.107478;0.0;0.0;0.0;-2.1;1.25;-0.05;0.0;0.0;0.0;0.0;-13.0;7.0;-2.0;-21.0;0.18;0.45;-10.69;0.53;0.55;0.96
1753881462.112478;0.0;0.0;0.0;-2.1;1.25;-0.05;0.0;0.0;0.0;0.0;-13.0;7.0;-2.0;-21.0;0.19;0.45;-10.7;0.61;0.35;0.91
1753881462.117478;0.0;0.0;0.0;-2.1;1.25;-0.05;0.0;0.0;0.0;0.0;-13.0;7.0;-2.0;-21.0;0.19;0.44;-10.69;0.62;0.26;0.86
1753881462.122478;0.0;0.0;0.0;-2.1;1.25;-0.05;0.0;0.0;0.0;0.0;-13.0;7.0;-2.0;-21.0;0.19;0.44;-10.69;0.61;0.42;0.93
1753881462.127478;0.0;0.0;0.0;-2.1;1.25;-0.05;0.0;0.0;0.0;0.0;-13.0;7.0;-2.0;-21.0;0.19;0.44;-10.69;0.57;0.38;0.88
1753881462.132478;0.0;0.0;0.0;-2.1;1.25;-0.05;0.0;0.0;0.0;0.0;-13.0;7.0;-2.0;-21.0;0.19;0.44;-10.69;0.5;0.25;0.93
1753881462.137478;0.0;0.0;0.0;-2.1;1.25;-0.05;0.0;0.0;0.0;0.0;-13.0;7.0;-2.0;-21.0;0.18;0.44;-10.7;0.53;0.43;0.87
1753881462.142478;0.0;0.0;0.0;-2.1;1.25;-0.05;0.0;0.0;0.0;0.0;-13.0;7.0;-2.0;-21.0;0.18;0.45;-10.69;0.73;0.45;0.87
1753881462.147478;0.0;0.0;0.0;-2.1;1.25;-0.05;0.0;0.0;0.0;0.0;-13.0;7.0;-2.0;-21.0;0.17;0.45;-10.69;0.57;0.25;0.99
1753881462.152478;0.0;0.0;0.0;-2.1;1.25;-0.05;0.0;0.0;0.0;0.0;-13.0;7.0;-2.0;-21.0;0.18;0.45;-10.69;0.48;0.42;0.94
1753881462.157478;0.0;0.0;0.0;-2.1;1.25;-0.05;0.0;0.0;0.0;0.0;-13.0;7.0;-2.0;-21.0;0.17;0.45;-10.68;0.63;0.43;0.86
1753881462.162478;0.0;0.0;0.0;-2.1;1.25;-0.05;0.0;0.0;0.0;0.0;-13.0;7.0;-2.0;-21.0;0.18;0.45;-10.68;0.58;0.27;1.01
1753881462.167478;0.0;0.0;0.0;-2.1;1.25;-0.05;0.0;0.0;0.0;0.0;-13.0;7.0;-2.0;-21.0;0.18;0.45;-10.67;0.51;0.39;0.89
1753881462.172478;0.0;0.0;0.0;-2.1;1.25;-0.05;0.0;0.0;0.0;0.0;-13.0;7.0;-2.0;-21.0;0.18;0.45;-10.68;0.53;0.49;0.76
1753881462.177478;0.0;0.0;0.0;-2.1;1.25;-0.05;0.0;0.0;0.0;0.0;-13.0;7.0;-2.0;-21.0;0.18;0.45;-10.68;0.57;0.47;0.92
1753881462.182478;0.0;0.0;0.0;-2.1;1.25;-0.05;0.0;0.0;0.0;0.0;-13.0;7.0;-2.0;-21.0;0.18;0.44;-10.67;0.61;0.43;0.98
1753881462.187478;0.0;0.0;0.0;-2.1;1.25;-0.05;0.0;0.0;0.0;0.0;-13.0;7.0;-2.0;-21.0;0.17;0.43;-10.67;0.68;0.34;0.95
1753881462.192478;0.0;0.0;0.0;-2.1;1.25;-0.05;0.0;0.0;0.0;0.0;-13.0;7.0;-2.0;-21.0;0.18;0.44;-10.67;0.56;0.38;0.9
1753881462.197478;0.0;0.0;0.0;-2.1;1.25;-0.05;0.0;0.0;0.0;0.0;-13.0;7.0;-2.0;-21.0;0.17;0.45;-10.65;0.57;0.57;0.87
1753881462.202478;0.0;0.0;0.0;-2.1;1.25;-0.05;0.0;0.0;0.0;0.0;-13.0;7.0;-2.0;-21.0;0.19;0.44;-10.68;0.58;0.53;0.82
1753881462.207478;0.0;0.0;0.0;-2.1;1.25;-0.05;0.0;0.0;0.0;0.0;-13.0;7.0;-2.0;-21.0;0.18;0.44;-10.66;0.49;0.6;0.91
1753881462.212479;0.0;0.0;0.0;-2.1;1.25;-0.05;0.0;0.0;0.0;0.0;-13.0;7.0;-2.0;-21.0;0.19;0.44;-10.67;0.56;0.41;0.85
1753881462.217479;0.0;0.0;0.0;-2.1;1.25;-0.05;0.0;0.0;0.0;0.0;-13.0;7.0;-2.0;-21.0;0.18;0.43;-10.64;0.6;0.4;0.88
1753881462.222479;0.0;0.0;0.0;-2.1;1.25;-0.05;0.0;0.0;0.0;0.0;-13.0;7.0;-2.0;-21.0;0.19;0.44;-10.65;0.42;0.29;0.97
1753881462.227479;0.0;0.0;0.0;-2.1;1.25;-0.05;0.0;0.0;0.0;0.0;-13.0;7.0;-2.0;-21.0;0.19;0.44;-10.66;0.63;0.46;0.79
1753881462.232478;0.0;0.0;0.0;-2.1;1.25;-0.05;0.0;0.0;0.0;0.0;-13.0;7.0;-2.0;-21.0;0.19;0.44;-10.66;0.51;0.39;0.82
1753881462.237478;0.0;0.0;0.0;-2.1;1.25;-0.05;0.0;0.0;0.0;0.0;-13.0;7.0;-2.0;-21.0;0.18;0.45;-10.66;0.57;0.31;0.83
1753881462.242478;0.0;0.0;0.0;-2.1;1.25;-0.05;0.0;0.0;0.0;0.0;-13.0;7.0;-2.0;-21.0;0.18;0.45;-10.67;0.61;0.36;0.99
1753881462.247478;0.0;0.0;0.0;-2.1;1.25;-0.05;0.0;0.0;0.0;0.0;-13.0;7.0;-2.0;-21.0;0.2;0.45;-10.68;0.56;0.65;1.04
1753881462.252478;0.0;0.0;0.0;-2.1;1.25;-0.05;0.0;0.0;0.0;0.0;-13.0;7.0;-2.0;-21.0;0.19;0.44;-10.66;0.56;0.44;0.86
1753881462.257478;0.0;0.0;0.0;-2.1;1.25;-0.05;0.0;0.0;0.0;0.0;-13.0;7.0;-2.0;-21.0;0.18;0.44;-10.65;0.58;0.42;0.85
1753881462.262478;0.0;0.0;0.0;-2.1;1.25;-0.05;0.0;0.0;0.0;0.0;-13.0;7.0;-2.0;-21.0;0.19;0.45;-10.66;0.64;0.32;0.88
1753881462.267478;0.0;0.0;0.0;-2.1;1.25;-0.05;0.0;0.0;0.0;0.0;-13.0;7.0;-2.0;-21.0;0.19;0.45;-10.67;0.45;0.48;1.06
1753881462.272478;0.0;0.0;0.0;-2.1;1.25;-0.05;0.0;0.0;0.0;0.0;-13.0;7.0;-2.0;-21.0;0.19;0.45;-10.68;0.54;0.57;0.92
1753881462.277478;0.0;0.0;0.0;-2.1;1.25;-0.05;0.0;0.0;0.0;0.0;-13.0;7.0;-2.0;-21.0;0.19;0.45;-10.68;0.52;0.38;0.86
1753881462.282478;0.0;0.0;0.0;-2.1;1.25;-0.05;0.0;0.0;0.0;0.0;-13.0;7.0;-2.0;-21.0;0.19;0.45;-10.69;0.54;0.51;0.86
1753881462.287478;0.0;0.0;0.0;-2.1;1.25;-0.05;0.0;0.0;0.0;0.0;-13.0;7.0;-2.0;-21.0;0.18;0.44;-10.69;0.51;0.37;0.88
1753881462.292478;0.0;0.0;0.0;-2.1;1.25;-0.05;0.0;0.0;0.0;0.0;-13.0;7.0;-2.0;-21.0;0.19;0.44;-10.69;0.51;0.42;0.9
1753881462.297478;0.0;0.0;0.0;-2.1;1.25;-0.05;0.0;0.0;0.0;0.0;-13.0;7.0;-2.0;-21.0;0.19;0.44;-10.69;0.57;0.39;0.97
1753881462.302478;0.0;0.0;0.0;-2.1;1.25;-0.05;0.0;0.0;0.0;0.0;-13.0;7.0;-2.0;-21.0;0.19;0.44;-10.69;0.61;0.32;0.8
1753881462.307478;0.0;0.0;0.0;-2.1;1.25;-0.05;0.0;0.0;0.0;0.0;-11.7;4.8;-1.5;-22.0;0.19;0.44;-10.67;0.66;0.31;0.82
1753881462.312478;0.0;0.0;0.0;-2.1;1.25;-0.05;0.0;0.0;0.0;0.0;-10.4;3.4;0.7;-20.4;0.19;0.44;-10.69;0.54;0.34;0.95
1753881462.317478;0.0;0.0;0.0;-2.1;1.25;-0.05;0.0;0.0;0.0;0.0;-13.3;7.9;-0.9;-19.4;0.19;0.44;-10.67;0.57;0.42;0.88
1753881462.322478;0.0;0.0;0.0;-2.1;1.25;-0.05;0.0;0.0;0.0;0.0;-12.7;5.2;-1.9;-21.3;0.2;0.44;-10.67;0.64;0.31;0.82
1753881462.327479;0.0;0.0;0.0;-2.1;1.25;-0.05;0.0;0.0;0.0;0.0;-10.9;7.0;-0.8;-19.6;0.19;0.44;-10.68;0.66;0.36;0.89
1753881462.332479;0.0;0.0;0.0;-2.1;1.25;-0.05;0.0;0.0;0.0;0.0;-12.9;6.0;5.3;-21.2;0.19;0.43;-10.7;0.69;0.42;0.88
1753881462.337479;0.0;0.0;0.0;-2.1;1.25;-0.05;0.0;0.0;0.0;0.0;-12.6;8.5;4.4;-20.7;0.19;0.44;-10.68;0.63;0.43;0.93
1753881462.342479;0.0;0.0;0.0;-2.1;1.25;-0.05;0.0;0.0;0.0;0.0;-12.5;0.9;-0.4;-20.6;0.19;0.44;-10.68;0.63;0.42;0.93
1753881462.347479;0.0;0.0;0.0;-2.1;1.24;-0.05;0.0;0.0;0.0;0.0;-12.0;2.9;4.1;-19.6;0.19;0.44;-10.66;0.57;0.32;0.88
1753881462.352479;0.0;0.0;0.0;-2.1;1.25;-0.05;0.0;0.0;0.0;0.0;-10.8;4.5;0.5;-18.1;0.19;0.45;-10.69;0.57;0.25;0.97
1753881462.357479;0.0;0.0;0.0;-2.1;1.24;-0.05;0.0;0.0;0.0;0.0;-11.7;3.7;0.8;-17.7;0.19;0.43;-10.66;0.64;0.43;0.81
1753881462.36248;0.0;0.0;0.0;-2.1;1.24;-0.05;0.0;0.0;0.0;0.0;-10.9;2.2;-0.9;-18.0;0.19;0.44;-10.69;0.64;0.24;0.89
1753881462.36748;0.0;0.0;0.0;-2.1;1.24;-0.05;0.0;0.0;0.0;0.0;-11.2;3.4;0.3;-19.3;0.19;0.44;-10.68;0.59;0.42;0.9
1753881462.37248;0.0;0.0;0.0;-2.1;1.24;-0.05;0.0;0.0;0.0;0.0;-10.0;3.5;5.6;-19.0;0.19;0.44;-10.67;0.62;0.45;0.89
1753881462.37748;0.0;0.0;0.0;-2.1;1.24;-0.05;0.0;0.0;0.0;0.0;-10.9;3.5;-0.5;-17.3;0.19;0.45;-10.67;0.55;0.35;0.94
1753881462.38248;0.0;0.0;0.0;-2.1;1.24;-0.05;0.0;0.0;0.0;0.0;-10.4;-1.4;5.7;-18.3;0.19;0.45;-10.66;0.62;0.29;0.79
1753881462.38748;0.0;0.0;0.0;-2.1;1.24;-0.05;0.0;0.0;0.0;0.0;-9.9;4.4;3.4;-18.0;0.19;0.45;-10.66;0.58;0.33;0.98
1753881462.39248;0.0;0.0;0.0;-2.1;1.24;-0.05;0.0;0.0;0.0;0.0;-10.0;1.7;13.5;-16.8;0.18;0.45;-10.67;0.55;0.31;0.85
1753881462.39748;0.0;0.0;0.0;-2.1;1.24;-0.05;0.0;0.0;0.0;0.0;-10.5;0.8;5.0;-18.3;0.19;0.44;-10.65;0.64;0.45;0.86
1753881462.40248;0.0;0.0;0.0;-2.1;1.24;-0.05;0.0;0.0;0.0;0.0;-10.1;-1.1;10.4;-17.4;0.19;0.45;-10.66;0.58;0.38;0.85
1753881462.40748;0.0;0.0;0.0;-2.1;1.24;-0.05;0.0;0.0;0.0;0.0;-8.8;1.5;4.9;-16.9;0.19;0.44;-10.68;0.62;0.59;0.82
1753881462.41248;0.0;0.0;0.0;-2.1;1.24;-0.05;0.0;0.0;0.0;0.0;-8.2;3.1;10.2;-16.5;0.2;0.44;-10.65;0.59;0.39;0.95
1753881462.417481;0.0;0.0;0.0;-2.1;1.24;-0.05;0.0;0.0;0.0;0.0;-8.6;0.8;6.7;-15.9;0.18;0.43;-10.65;0.66;0.46;0.89
1753881462.422481;0.0;0.0;0.0;-2.1;1.24;-0.05;0.0;0.0;0.0;0.0;-9.1;-3.0;11.6;-16.9;0.19;0.44;-10.65;0.58;0.41;0.88
1753881462.427478;0.0;0.0;0.0;-2.1;1.24;-0.05;0.0;0.0;0.0;0.0;-9.0;-1.0;9.0;-17.0;0.19;0.44;-10.65;0.6;0.42;0.92
1753881462.432478;0.0;0.0;0.0;-2.1;1.24;-0.05;0.0;0.0;0.0;0.0;-9.0;-1.0;9.0;-17.0;0.19;0.44;-10.65;0.41;0.4;0.9
1753881462.437478;0.0;0.0;0.0;-2.1;1.24;-0.05;0.0;0.0;0.0;0.0;-9.0;-1.0;9.0;-17.0;0.18;0.44;-10.66;0.61;0.38;0.93
1753881462.442478;0.0;0.0;0.0;-2.1;1.24;-0.05;0.0;0.0;0.0;0.0;-9.0;-1.0;9.0;-17.0;0.18;0.44;-10.66;0.54;0.41;0.85
1753881462.447478;0.0;0.0;0.0;-2.1;1.24;-0.05;0.0;0.0;0.0;0.0;-9.0;-1.0;9.0;-17.0;0.18;0.44;-10.66;0.5;0.49;0.87
1753881462.452478;0.0;0.0;0.0;-2.1;1.24;-0.05;0.0;0.0;0.0;0.0;-9.0;-1.0;9.0;-17.0;0.18;0.44;-10.65;0.48;0.39;0.84
1753881462.457478;0.0;0.0;0.0;-2.1;1.24;-0.05;0.0;0.0;0.0;0.0;-9.0;-1.0;9.0;-17.0;0.18;0.44;-10.65;0.45;0.43;0.93
1753881462.462478;0.0;0.0;0.0;-2.1;1.24;-0.05;0.0;0.0;0.0;0.0;-9.0;-1.0;9.0;-17.0;0.18;0.44;-10.66;0.49;0.24;0.8
1753881462.467478;0.0;0.0;0.0;-2.1;1.24;-0.05;0.0;0.0;0.0;0.0;-9.8;-1.8;5.4;-17.8;0.18;0.44;-10.66;0.49;0.29;0.83
1753881462.472478;0.0;0.0;0.0;-2.1;1.24;-0.05;0.0;0.0;0.0;0.0;-14.5;0.7;12.8;-17.4;0.18;0.44;-10.67;0.48;0.2;0.76
1753881462.477478;0.0;0.0;0.0;-2.1;1.25;-0.05;0.0;0.0;0.0;0.0;-11.6;-1.0;6.0;-16.1;0.18;0.45;-10.65;0.47;0.23;0.68
1753881462.482478;0.0;0.0;0.0;-2.1;1.24;-0.05;0.0;0.0;0.0;0.0;-15.4;2.7;14.8;-16.8;0.18;0.44;-10.66;0.43;0.21;0.9
1753881462.487478;0.0;0.0;0.0;-2.1;1.23;-0.05;0.0;0.0;0.0;0.0;-4.0;0.6;6.8;-18.7;0.18;0.44;-10.66;0.39;0.42;0.86
1753881462.492478;0.0;0.0;0.0;-2.1;1.24;-0.05;0.0;0.0;0.0;0.0;-4.8;0.2;3.2;-21.6;0.17;0.44;-10.65;0.38;0.24;0.87
1753881462.497479;0.0;0.0;0.0;-2.1;1.23;-0.05;0.0;0.0;0.0;0.0;-6.4;4.5;3.6;-15.4;0.18;0.43;-10.63;0.52;0.25;0.77
1753881462.502479;0.0;0.0;0.0;-2.1;1.25;-0.05;0.0;0.0;0.0;0.0;-6.0;0.1;7.6;-16.6;0.18;0.44;-10.65;0.41;0.19;0.89
1753881462.507479;0.0;0.0;0.0;-2.1;1.24;-0.05;0.0;0.0;0.0;0.0;3.6;1.3;0.9;-15.4;0.18;0.45;-10.64;0.54;0.18;0.84
1753881462.512479;0.0;0.0;0.0;-2.1;1.24;-0.05;0.0;0.0;0.0;0.0;-3.2;-2.8;-0.5;-15.2;0.18;0.45;-10.69;0.43;0.35;0.88
1753881462.517479;0.0;0.0;0.0;-2.1;1.24;-0.05;0.0;0.0;0.0;0.0;2.4;-2.1;0.2;-19.4;0.18;0.44;-10.67;0.39;0.36;0.73
1753881462.522479;0.0;0.0;0.0;-2.1;1.23;-0.05;0.0;0.0;0.0;0.0;-2.2;-2.0;2.4;-16.8;0.18;0.45;-10.66;0.48;0.41;0.79
1753881462.52748;0.0;0.0;0.0;-2.1;1.24;-0.05;0.0;0.0;0.0;0.0;0.8;-2.8;2.3;-16.6;0.18;0.44;-10.67;0.4;0.36;0.83
1753881462.53248;0.0;0.0;0.0;-2.1;1.24;-0.05;0.0;0.0;0.0;0.0;-6.1;10.0;5.4;-20.2;0.19;0.45;-10.64;0.4;0.39;0.71
1753881462.53748;0.0;0.0;0.0;-2.1;1.23;-0.05;0.0;0.0;0.0;0.0;3.8;5.6;2.8;-19.2;0.19;0.45;-10.68;0.51;0.27;0.82
1753881462.54248;0.0;0.0;0.0;-2.1;1.23;-0.05;0.0;0.0;0.0;0.0;-3.8;-3.2;6.7;-18.6;0.19;0.45;-10.68;0.47;0.33;0.64
1753881462.54748;0.0;0.0;0.0;-2.1;1.24;-0.05;0.0;0.0;0.0;0.0;-1.8;-1.3;3.7;-21.2;0.19;0.44;-10.67;0.51;0.41;0.68
1753881462.55248;0.0;0.0;0.0;-2.1;1.24;-0.05;0.0;0.0;0.0;0.0;-5.0;1.4;-3.9;-18.6;0.19;0.44;-10.66;0.36;0.44;0.78
1753881462.55748;0.0;0.0;0.0;-2.1;1.23;-0.05;0.0;0.0;0.0;0.0;-2.5;3.1;-5.7;-21.1;0.18;0.45;-10.65;0.44;0.48;0.82
1753881462.56248;0.0;0.0;0.0;-2.1;1.23;-0.05;0.0;0.0;0.0;0.0;0.4;6.1;-2.3;-21.5;0.19;0.45;-10.68;0.48;0.37;0.87
1753881462.56748;0.0;0.0;0.0;-2.1;1.23;-0.05;0.0;0.0;0.0;0.0;3.9;4.5;-7.8;-20.3;0.2;0.44;-10.67;0.37;0.24;0.69
1753881462.57248;0.0;0.0;0.0;-2.1;1.24;-0.05;0.0;0.0;0.0;0.0;2.6;-0.6;-3.9;-14.1;0.19;0.44;-10.66;0.54;0.49;0.87
1753881462.57748;0.0;0.0;0.0;-2.1;1.23;-0.05;0.0;0.0;0.0;0.0;0.3;7.2;-0.2;-18.6;0.19;0.44;-10.67;0.51;0.36;0.83
1753881462.582481;0.0;0.0;0.0;-2.1;1.23;-0.05;0.0;0.0;0.0;0.0;-3.2;6.5;3.4;-18.9;0.2;0.45;-10.66;0.44;0.49;0.82
1753881462.587481;0.0;0.0;0.0;-2.1;1.22;-0.05;0.0;0.0;0.0;0.0;6.4;6.2;-7.1;-19.4;0.19;0.44;-10.69;0.55;0.39;0.81
1753881462.592481;0.0;0.0;0.0;-2.1;1.23;-0.05;0.0;0.0;0.0;0.0;2.8;5.0;2.6;-21.7;0.19;0.46;-10.66;0.41;0.39;0.77
1753881462.597481;0.0;0.0;0.0;-2.1;1.23;-0.05;0.0;0.0;0.0;0.0;-3.6;7.0;1.2;-20.0;0.19;0.45;-10.68;0.58;0.5;0.86
1753881462.602481;0.0;0.0;0.0;-2.1;1.23;-0.05;0.0;0.0;0.0;0.0;7.5;10.4;-17.9;-19.5;0.19;0.46;-10.65;0.32;0.46;0.71
1753881462.607478;0.0;0.0;0.0;-2.1;1.23;-0.05;0.0;0.0;0.0;0.0;5.0;6.0;-3.0;-21.0;0.19;0.45;-10.67;0.45;0.45;0.83
1753881462.612478;0.0;0.0;0.0;-2.1;1.23;-0.05;0.0;0.0;0.0;0.0;5.0;6.0;-3.0;-21.0;0.19;0.45;-10.67;0.54;0.35;0.95
1753881462.617478;0.0;0.0;0.0;-2.1;1.23;-0.05;0.0;0.0;0.0;0.0;5.0;6.0;-3.0;-21.0;0.19;0.45;-10.67;0.51;0.31;0.84
1753881462.622478;0.0;0.0;0.0;-2.1;1.23;-0.05;0.0;0.0;0.0;0.0;5.0;6.0;-3.0;-21.0;0.19;0.45;-10.68;0.51;0.54;0.9
1753881462.627478;0.0;0.0;0.0;-2.1;1.23;-0.05;0.0;0.0;0.0;0.0;5.0;6.0;-3.0;-21.0;0.19;0.45;-10.67;0.58;0.5;0.86
1753881462.632478;0.0;0.0;0.0;-2.1;1.22;-0.05;0.0;0.0;0.0;0.0;10.9;8.6;-5.9;-21.6;0.19;0.45;-10.68;0.61;0.56;0.92
1753881462.637478;0.0;0.0;0.0;-2.1;1.25;-0.05;0.0;0.0;0.0;0.0;6.1;1.7;-6.5;-19.3;0.19;0.44;-10.65;0.56;0.43;0.82
1753881462.642478;0.0;0.0;0.0;-2.1;1.23;-0.05;0.0;0.0;0.0;0.0;-13.5;6.6;-10.6;-22.7;0.18;0.44;-10.67;0.62;0.53;0.95
1753881462.647478;0.0;0.0;0.0;-2.1;1.24;-0.05;0.0;0.0;0.0;0.0;7.0;9.3;8.8;-19.9;0.18;0.44;-10.68;0.53;0.37;0.78
1753881462.652478;0.0;0.0;0.0;-2.1;1.24;-0.05;0.0;0.0;0.0;0.0;2.1;5.4;-12.5;-15.7;0.19;0.45;-10.67;0.57;0.39;0.9
1753881462.657478;0.0;0.0;0.0;-2.1;1.22;-0.05;0.0;0.0;0.0;0.0;6.7;8.2;8.2;-22.5;0.19;0.45;-10.68;0.54;0.51;0.85
1753881462.662479;0.0;0.0;0.0;-2.1;1.23;-0.05;0.0;0.0;0.0;0.0;-0.1;3.0;4.2;-21.8;0.19;0.45;-10.67;0.54;0.47;0.87
1753881462.667479;0.0;0.0;0.0;-2.1;1.22;-0.05;0.0;0.0;0.0;0.0;-4.6;8.9;2.4;-20.0;0.2;0.45;-10.66;0.58;0.45;0.79
1753881462.672479;0.0;0.0;0.0;-2.1;1.23;-0.05;0.0;0.0;0.0;0.0;16.9;2.9;1.8;-26.2;0.19;0.45;-10.66;0.57;0.5;0.85
1753881462.677479;0.0;0.0;0.0;-2.1;1.24;-0.05;0.0;0.0;0.0;0.0;6.6;10.6;-3.2;-24.8;0.19;0.45;-10.65;0.58;0.44;0.91
1753881462.682479;0.0;0.0;0.0;-2.1;1.22;-0.05;0.0;0.0;0.0;0.0;7.2;4.6;6.5;-24.1;0.19;0.46;-10.68;0.51;0.39;0.95
1753881462.687479;0.0;0.0;0.0;-2.1;1.22;-0.05;0.0;0.0;0.0;0.0;3.3;0.9;-0.4;-23.3;0.19;0.45;-10.65;0.51;0.41;0.91
1753881462.692479;0.0;0.0;0.0;-2.1;1.23;-0.05;0.0;0.0;0.0;0.0;-2.0;9.1;-8.2;-20.5;0.18;0.45;-10.66;0.53;0.61;0.77
1753881462.69748;0.0;0.0;0.0;-2.1;1.23;-0.05;0.0;0.0;0.0;0.0;-3.6;-0.9;-7.6;-23.3;0.2;0.45;-10.68;0.46;0.65;0.9
1753881462.70248;0.0;0.0;0.0;-2.1;1.22;-0.05;0.0;0.0;0.0;0.0;-1.8;6.8;-7.3;-19.9;0.2;0.45;-10.67;0.59;0.45;0.86
1753881462.70748;0.0;0.0;0.0;-2.1;1.22;-0.05;0.0;0.0;0.0;0.0;6.8;3.8;5.2;-20.1;0.2;0.45;-10.66;0.55;0.46;0.81
1753881462.71248;0.0;0.0;0.0;-2.1;1.24;-0.05;0.0;0.0;0.0;0.0;8.7;10.8;1.5;-19.9;0.19;0.45;-10.66;0.59;0.45;0.86
1753881462.71748;0.0;0.0;0.0;-2.1;1.23;-0.05;0.0;0.0;0.0;0.0;11.0;3.6;0.4;-20.8;0.2;0.44;-10.67;0.52;0.44;0.84
1753881462.72248;0.0;0.0;0.0;-2.1;1.23;-0.05;0.0;0.0;0.0;0.0;-1.0;6.0;10.7;-19.8;0.2;0.44;-10.66;0.53;0.47;0.92
1753881462.72748;0.0;0.0;0.0;-2.1;1.24;-0.05;0.0;0.0;0.0;0.0;6.7;12.4;-5.5;-19.8;0.2;0.45;-10.67;0.61;0.48;0.87
1753881462.73248;0.0;0.0;0.0;-2.1;1.23;-0.05;0.0;0.0;0.0;0.0;13.3;6.1;-3.2;-19.9;0.2;0.44;-10.66;0.6;0.34;0.9
1753881462.73748;0.0;0.0;0.0;-2.1;1.23;-0.05;0.0;0.0;0.0;0.0;-9.5;6.3;-1.4;-19.0;0.2;0.45;-10.65;0.55;0.45;0.87
1753881462.74248;0.0;0.0;0.0;-2.1;1.23;-0.05;0.0;0.0;0.0;0.0;7.8;2.2;-2.8;-23.7;0.2;0.45;-10.68;0.6;0.38;0.87
1753881462.747481;0.0;0.0;0.0;-2.1;1.22;-0.05;0.0;0.0;0.0;0.0;0.7;1.4;-11.4;-23.0;0.2;0.44;-10.68;0.56;0.43;0.88
1753881462.752481;0.0;0.0;0.0;-2.1;1.23;-0.05;0.0;0.0;0.0;0.0;10.2;6.9;-11.0;-20.2;0.2;0.44;-10.67;0.41;0.3;0.9
1753881462.757481;0.0;0.0;0.0;-2.1;1.25;-0.05;0.0;0.0;0.0;0.0;-2.8;3.6;-10.8;-21.1;0.19;0.44;-10.69;0.44;0.43;0.83
1753881462.762481;0.0;0.0;0.0;-2.1;1.22;-0.05;0.0;0.0;0.0;0.0;2.7;12.0;-9.4;-20.5;0.21;0.44;-10.66;0.55;0.2;0.9
1753881462.767481;0.0;0.0;0.0;-2.1;1.23;-0.05;0.0;0.0;0.0;0.0;12.4;8.7;-11.9;-25.2;0.2;0.44;-10.67;0.54;0.36;0.91
1753881462.772481;0.0;0.0;0.0;-2.1;1.23;-0.05;0.0;0.0;0.0;0.0;11.6;4.4;-0.1;-18.8;0.2;0.44;-10.66;0.47;0.3;0.9
1753881462.777481;0.0;0.0;0.0;-2.1;1.24;-0.05;0.0;0.0;0.0;0.0;12.8;4.0;-5.1;-21.1;0.2;0.45;-10.67;0.59;0.43;0.81
1753881462.782482;0.0;0.0;0.0;-2.1;1.22;-0.05;0.0;0.0;0.0;0.0;12.5;2.5;-8.5;-20.8;0.19;0.44;-10.67;0.54;0.29;0.82
1753881462.787482;0.0;0.0;0.0;-2.1;1.23;-0.05;0.0;0.0;0.0;0.0;6.4;11.0;-2.4;-20.6;0.2;0.44;-10.67;0.47;0.38;0.85
1753881462.792478;0.0;0.0;0.0;-2.1;1.23;-0.05;0.0;0.0;0.0;0.0;5.0;6.0;-3.0;-21.0;0.2;0.44;-10.67;0.53;0.36;0.86
1753881462.797478;0.0;0.0;0.0;-2.1;1.23;-0.05;0.0;0.0;0.0;0.0;5.0;6.0;-3.0;-21.0;0.2;0.44;-10.68;0.58;0.26;0.75
1753881462.802478;0.0;0.0;0.0;-2.1;1.23;-0.05;0.0;0.0;0.0;0.0;5.0;6.0;-3.0;-21.0;0.2;0.44;-10.68;0.74;0.35;0.81
1753881462.807478;0.0;0.0;0.0;-2.1;1.23;-0.05;0.0;0.0;0.0;0.0;5.0;6.0;-3.0;-21.0;0.2;0.44;-10.67;0.51;0.51;0.77
1753881462.812478;0.0;0.0;0.0;-2.1;1.23;-0.05;0.0;0.0;0.0;0.0;5.0;6.0;-3.0;-21.0;0.19;0.44;-10.67;0.4;0.35;0.92
1753881462.817478;0.0;0.0;0.0;-2.1;1.23;-0.05;0.0;0.0;0.0;0.0;5.0;6.0;-3.0;-21.0;0.19;0.44;-10.67;0.45;0.25;0.96
1753881462.822478;0.0;0.0;0.0;-2.1;1.23;-0.05;0.0;0.0;0.0;0.0;5.0;6.0;-3.0;-21.0;0.19;0.44;-10.68;0.5;0.35;0.88
1753881462.827478;0.0;0.0;0.0;-2.1;1.23;-0.05;0.0;0.0;0.0;0.0;5.0;6.0;-3.0;-21.0;0.19;0.44;-10.68;0.71;0.31;0.99
1753881462.832478;0.0;0.0;0.0;-2.1;1.23;-0.05;0.0;0.0;0.0;0.0;5.0;6.0;-3.0;-21.0;0.19;0.44;-10.68;0.52;0.56;0.96
1753881462.837478;0.0;0.0;0.0;-2.1;1.23;-0.05;0.0;0.0;0.0;0.0;5.0;6.0;-3.0;-21.0;0.19;0.44;-10.69;0.48;0.37;0.83
1753881462.842478;0.0;0.0;0.0;-2.1;1.23;-0.05;0.0;0.0;0.0;0.0;5.0;6.0;-3.0;-21.0;0.18;0.44;-10.69;0.62;0.32;0.86
1753881462.847478;0.0;0.0;0.0;-2.1;1.23;-0.05;0.0;0.0;0.0;0.0;5.0;6.0;-3.0;-21.0;0.18;0.44;-10.68;0.51;0.33;0.94
1753881462.852478;0.0;0.0;0.0;-2.1;1.23;-0.05;0.0;0.0;0.0;0.0;5.0;6.0;-3.0;-21.0;0.18;0.44;-10.68;0.62;0.32;0.81
1753881462.857478;0.0;0.0;0.0;-2.1;1.22;-0.05;0.0;0.0;0.0;0.0;8.8;2.6;-1.5;-20.7;0.19;0.44;-10.68;0.55;0.31;0.8
1753881462.862478;0.0;0.0;0.0;-2.1;1.23;-0.05;0.0;0.0;0.0;0.0;2.0;6.0;-1.8;-21.1;0.18;0.44;-10.68;0.62;0.31;0.72
1753881462.867478;0.0;0.0;0.0;-2.1;1.23;-0.05;0.0;0.0;0.0;0.0;6.0;6.2;-1.7;-20.5;0.18;0.45;-10.68;0.66;0.44;0.76
1753881462.872478;0.0;0.0;0.0;-2.1;1.23;-0.05;0.0;0.0;0.0;0.0;10.2;6.0;3.3;-19.9;0.17;0.44;-10.68;0.48;0.47;0.82
1753881462.877478;0.0;0.0;0.0;-2.1;1.23;-0.05;0.0;0.0;0.0;0.0;7.3;8.7;2.2;-19.5;0.17;0.44;-10.68;0.69;0.14;0.75
1753881462.882479;0.0;0.0;0.0;-2.1;1.23;-0.05;0.0;0.0;0.0;0.0;7.6;6.5;-6.8;-19.9;0.19;0.45;-10.67;0.53;0.25;0.82
1753881462.887479;0.0;0.0;0.0;-2.1;1.23;-0.05;0.0;0.0;0.0;0.0;5.7;6.5;4.0;-22.0;0.19;0.43;-10.67;0.55;0.14;0.87
1753881462.892479;0.0;0.0;0.0;-2.1;1.23;-0.05;0.0;0.0;0.0;0.0;8.3;1.7;-3.5;-21.1;0.18;0.45;-10.69;0.68;0.28;0.9
1753881462.897479;0.0;0.0;0.0;-2.1;1.23;-0.05;0.0;0.0;0.0;0.0;2.7;3.5;5.1;-20.7;0.18;0.44;-10.68;0.62;0.33;0.76
1753881462.902479;0.0;0.0;0.0;-2.1;1.23;-0.05;0.0;0.0;0.0;0.0;4.0;3.5;2.1;-20.7;0.18;0.44;-10.68;0.67;0.28;0.94
1753881462.907479;0.0;0.0;0.0;-2.1;1.24;-0.05;0.0;0.0;0.0;0.0;7.4;3.6;4.5;-21.8;0.18;0.44;-10.69;0.55;0.32;0.9
1753881462.91248;0.0;0.0;0.0;-2.1;1.23;-0.05;0.0;0.0;0.0;0.0;9.3;2.9;-0.6;-20.2;0.18;0.44;-10.68;0.76;0.43;0.99
1753881462.91748;0.0;0.0;0.0;-2.1;1.23;-0.05;0.0;0.0;0.0;0.0;2.7;2.7;-0.7;-19.8;0.19;0.44;-10.69;0.65;0.29;0.96
1753881462.92248;0.0;0.0;0.0;-2.1;1.23;-0.05;0.0;0.0;0.0;0.0;9.3;3.0;5.1;-21.5;0.19;0.44;-10.68;0.76;0.33;0.85
1753881462.92748;0.0;0.0;0.0;-2.1;1.24;-0.05;0.0;0.0;0.0;0.0;2.3;2.4;3.8;-18.9;0.19;0.44;-10.69;0.56;0.34;1.0
1753881462.93248;0.0;0.0;0.0;-2.1;1.23;-0.05;0.0;0.0;0.0;0.0;3.6;2.3;6.7;-21.4;0.2;0.44;-10.7;0.49;0.25;0.84
1753881462.93748;0.0;0.0;0.0;-2.1;1.24;-0.05;0.0;0.0;0.0;0.0;9.9;0.6;9.3;-22.3;0.19;0.44;-10.69;0.52;0.21;1.05
1753881462.94248;0.0;0.0;0.0;-2.1;1.23;-0.05;0.0;0.0;0.0;0.0;8.3;2.6;3.0;-18.8;0.19;0.44;-10.68;0.6;0.35;1.01
1753881462.94748;0.0;0.0;0.0;-2.1;1.24;-0.05;0.0;0.0;0.0;0.0;7.3;1.9;6.4;-19.6;0.19;0.44;-10.68;0.64;0.38;0.98
1753881462.95248;0.0;0.0;0.0;-2.1;1.24;-0.05;0.0;0.0;0.0;0.0;7.2;-0.2;4.6;-20.1;0.18;0.43;-10.69;0.5;0.32;0.98
1753881462.95748;0.0;0.0;0.0;-2.1;1.24;-0.05;0.0;0.0;0.0;0.0;10.2;6.5;9.4;-20.1;0.19;0.44;-10.69;0.67;0.22;0.92
1753881462.96248;0.0;0.0;0.0;-2.1;1.24;-0.05;0.0;0.0;0.0;0.0;14.8;2.6;14.2;-20.1;0.19;0.44;-10.68;0.71;0.43;0.96
1753881462.967481;0.0;0.0;0.0;-2.1;1.24;-0.05;0.0;0.0;0.0;0.0;8.3;5.4;7.7;-19.7;0.19;0.44;-10.7;0.65;0.51;1.06
1753881462.972481;0.0;0.0;0.0;-2.1;1.24;-0.05;0.0;0.0;0.0;0.0;1.3;0.6;15.0;-20.0;0.19;0.44;-10.69;0.67;0.45;1.1
1753881462.977481;0.0;0.0;0.0;-2.1;1.24;-0.05;0.0;0.0;0.0;0.0;4.7;0.0;17.8;-20.1;0.18;0.43;-10.67;0.48;0.21;0.99
1753881462.982478;0.0;0.0;0.0;-2.1;1.24;-0.05;0.0;0.0;0.0;0.0;7.0;1.0;11.0;-20.0;0.19;0.44;-10.69;0.63;0.34;0.99
1753881462.987478;0.0;0.0;0.0;-2.1;1.24;-0.05;0.0;0.0;0.0;0.0;7.0;1.0;11.0;-20.0;0.2;0.44;-10.68;0.45;0.38;0.83
1753881462.992478;0.0;0.0;0.0;-2.1;1.24;-0.05;0.0;0.0;0.0;0.0;7.0;1.0;11.0;-20.0;0.2;0.44;-10.68;0.5;0.42;0.87
1753881462.997478;0.0;0.0;0.0;-2.1;1.24;-0.05;0.0;0.0;0.0;0.0;7.0;1.0;11.0;-20.0;0.19;0.44;-10.69;0.51;0.37;0.73
1753881463.002478;0.0;0.0;0.0;-2.1;1.24;-0.05;0.0;0.0;0.0;0.0;1.4;1.2;12.8;-18.9;0.18;0.43;-10.7;0.67;0.34;0.78
1753881463.007478;0.0;0.0;0.0;-2.1;1.24;-0.05;0.0;0.0;0.0;0.0;2.2;3.0;2.9;-19.0;0.18;0.45;-10.69;0.61;0.3;0.58
1753881463.012478;0.0;0.0;0.0;-2.1;1.24;-0.05;0.0;0.0;0.0;0.0;2.5;3.7;23.2;-20.9;0.19;0.44;-10.68;0.5;0.22;0.74
1753881463.017479;0.0;0.0;0.0;-2.1;1.24;-0.05;0.0;0.0;0.0;0.0;7.6;3.9;7.4;-19.6;0.18;0.44;-10.68;0.46;0.48;0.75
1753881463.022479;0.0;0.0;0.0;-2.1;1.24;-0.05;0.0;0.0;0.0;0.0;7.4;-1.4;2.3;-19.7;0.18;0.44;-10.68;0.56;0.49;0.74
1753881463.027479;0.0;0.0;0.0;-2.1;1.24;-0.05;0.0;0.0;0.0;0.0;-3.5;2.1;6.7;-19.4;0.2;0.44;-10.68;0.46;0.43;0.72
1753881463.032479;0.0;0.0;0.0;-2.1;1.24;-0.05;0.0;0.0;0.0;0.0;-4.1;6.8;11.6;-20.5;0.2;0.44;-10.68;0.35;0.12;0.77
1753881463.037479;0.0;0.0;0.0;-2.1;1.24;-0.05;0.0;0.0;0.0;0.0;-3.7;-2.7;11.8;-19.7;0.18;0.44;-10.68;0.6;0.39;0.82
1753881463.042479;0.0;0.0;0.0;-2.1;1.25;-0.05;0.0;0.0;0.0;0.0;-1.8;2.9;7.1;-19.3;0.18;0.44;-10.7;0.6;0.26;0.78
1753881463.04748;0.0;0.0;0.0;-2.1;1.25;-0.05;0.0;0.0;0.0;0.0;3.3;2.3;2.4;-19.8;0.19;0.44;-10.68;0.55;0.44;0.79
1753881463.05248;0.0;0.0;0.0;-2.1;1.25;-0.05;0.0;0.0;0.0;0.0;-1.9;2.8;-0.5;-18.5;0.2;0.44;-10.67;0.51;0.33;0.71
1753881463.05748;0.0;0.0;0.0;-2.1;1.24;-0.05;0.0;0.0;0.0;0.0;-4.9;6.0;10.5;-17.9;0.18;0.44;-10.69;0.7;0.41;0.7
1753881463.06248;0.0;0.0;0.0;-2.1;1.24;-0.05;0.0;0.0;0.0;0.0;-6.3;2.5;8.3;-19.0;0.18;0.44;-10.68;0.48;0.49;0.84
1753881463.06748;0.0;0.0;0.0;-2.1;1.24;-0.05;0.0;0.0;0.0;0.0;4.0;3.5;-3.1;-19.7;0.17;0.44;-10.69;0.67;0.42;0.79
1753881463.07248;0.0;0.0;0.0;-2.1;1.24;-0.05;0.0;0.0;0.0;0.0;-6.6;0.8;-9.3;-17.3;0.18;0.44;-10.68;0.61;0.51;0.86
1753881463.07748;0.0;0.0;0.0;-2.1;1.24;-0.05;0.0;0.0;0.0;0.0;-10.2;2.3;-4.7;-16.6;0.18;0.44;-10.69;0.54;0.38;0.84
1753881463.08248;0.0;0.0;0.0;-2.1;1.24;-0.05;0.0;0.0;0.0;0.0;3.6;0.8;2.8;-17.6;0.19;0.44;-10.68;0.61;0.46;0.8
1753881463.08748;0.0;0.0;0.0;-2.1;1.24;-0.05;0.0;0.0;0.0;0.0;-4.4;5.7;-6.2;-17.2;0.18;0.44;-10.68;0.49;0.41;0.89
1753881463.09248;0.0;0.0;0.0;-2.1;1.24;-0.05;0.0;0.0;0.0;0.0;-11.8;-0.9;10.4;-16.8;0.19;0.44;-10.68;0.51;0.33;0.82
1753881463.09748;0.0;0.0;0.0;-2.1;1.24;-0.05;0.0;0.0;0.0;0.0;-5.1;-0.9;13.1;-16.4;0.19;0.44;-10.69;0.53;0.44;0.76
1753881463.102481;0.0;0.0;0.0;-2.1;1.23;-0.05;0.0;0.0;0.0;0.0;-5.6;-1.4;5.5;-18.2;0.17;0.43;-10.66;0.68;0.36;0.91
1753881463.107481;0.0;0.0;0.0;-2.1;1.23;-0.05;0.0;0.0;0.0;0.0;-2.3;-3.2;2.6;-17.6;0.18;0.45;-10.65;0.56;0.5;0.78
1753881463.112481;0.0;0.0;0.0;-2.1;1.24;-0.05;0.0;0.0;0.0;0.0;-2.8;2.6;3.4;-18.7;0.19;0.44;-10.66;0.77;0.42;0.83
1753881463.117481;0.0;0.0;0.0;-2.1;1.24;-0.05;0.0;0.0;0.0;0.0;-13.7;-1.7;-11.2;-16.7;0.17;0.44;-10.67;0.63;0.41;0.79
1753881463.122481;0.0;0.0;0.0;-2.1;1.25;-0.05;0.0;0.0;0.0;0.0;-5.6;-1.0;-13.5;-17.0;0.18;0.44;-10.66;0.49;0.38;0.83
1753881463.127481;0.0;0.0;0.0;-2.1;1.24;-0.05;0.0;0.0;0.0;0.0;-4.7;4.8;-1.8;-18.0;0.18;0.44;-10.65;0.64;0.31;0.83
1753881463.132481;0.0;0.0;0.0;-2.1;1.24;-0.05;0.0;0.0;0.0;0.0;-10.3;3.0;-13.5;-14.6;0.18;0.44;-10.66;0.7;0.22;0.96
1753881463.137482;0.0;0.0;0.0;-2.1;1.24;-0.05;0.0;0.0;0.0;0.0;-3.7;0.2;-15.2;-16.0;0.18;0.44;-10.66;0.64;0.51;0.83
1753881463.142482;0.0;0.0;0.0;-2.1;1.23;-0.05;0.0;0.0;0.0;0.0;-4.5;6.1;-11.1;-16.9;0.18;0.44;-10.66;0.59;0.37;0.95
1753881463.147482;0.0;0.0;0.0;-2.1;1.23;-0.05;0.0;0.0;0.0;0.0;-4.7;3.2;-12.1;-15.1;0.17;0.44;-10.68;0.56;0.38;0.89
1753881463.152482;0.0;0.0;0.0;-2.1;1.24;-0.05;0.0;0.0;0.0;0.0;-11.1;-0.4;-9.0;-16.5;0.19;0.45;-10.65;0.61;0.4;0.93
1753881463.157478;0.0;0.0;0.0;-2.1;1.24;-0.05;0.0;0.0;0.0;0.0;-10.0;2.0;-13.0;-16.0;0.18;0.44;-10.66;0.64;0.35;0.94
1753881463.162478;0.0;0.0;0.0;-2.1;1.24;-0.05;0.0;0.0;0.0;0.0;-10.0;2.0;-13.0;-16.0;0.18;0.45;-10.66;0.54;0.42;0.93
1753881463.167478;0.0;0.0;0.0;-2.1;1.24;-0.05;0.0;0.0;0.0;0.0;-10.0;2.0;-13.0;-16.0;0.18;0.45;-10.67;0.57;0.26;0.86
1753881463.172478;0.0;0.0;0.0;-2.1;1.24;-0.05;0.0;0.0;0.0;0.0;-10.0;2.0;-13.0;-16.0;0.18;0.45;-10.68;0.51;0.33;0.83
1753881463.177478;0.0;0.0;0.0;-2.1;1.24;-0.05;0.0;0.0;0.0;0.0;-10.0;2.0;-13.0;-16.0;0.18;0.45;-10.68;0.41;0.41;0.98
1753881463.182478;0.0;0.0;0.0;-2.1;1.24;-0.05;0.0;0.0;0.0;0.0;-10.0;2.0;-13.0;-16.0;0.18;0.45;-10.68;0.59;0.34;0.96
1753881463.187478;0.0;0.0;0.0;-2.1;1.24;-0.05;0.0;0.0;0.0;0.0;-10.0;2.0;-13.0;-16.0;0.18;0.45;-10.69;0.55;0.32;1.02
1753881463.192478;0.0;0.0;0.0;-2.1;1.24;-0.05;0.0;0.0;0.0;0.0;-10.0;2.0;-13.0;-16.0;0.19;0.45;-10.69;0.68;0.41;0.98
1753881463.197478;0.0;0.0;0.0;-2.1;1.24;-0.05;0.0;0.0;0.0;0.0;-10.0;2.0;-13.0;-16.0;0.19;0.45;-10.68;0.39;0.3;0.79
1753881463.202478;0.0;0.0;0.0;-2.1;1.24;-0.05;0.0;0.0;0.0;0.0;-10.0;2.0;-13.0;-16.0;0.18;0.45;-10.69;0.54;0.44;0.89
1753881463.207478;0.0;0.0;0.0;-2.1;1.24;-0.05;0.0;0.0;0.0;0.0;-10.0;2.0;-13.0;-16.0;0.18;0.44;-10.69;0.59;0.42;0.96
1753881463.212478;0.0;0.0;0.0;-2.1;1.24;-0.05;0.0;0.0;0.0;0.0;-10.0;2.0;-13.0;-16.0;0.19;0.44;-10.68;0.62;0.5;0.92
1753881463.217478;0.0;0.0;0.0;-2.1;1.24;-0.05;0.0;0.0;0.0;0.0;-10.0;2.0;-13.0;-16.0;0.19;0.44;-10.68;0.58;0.5;0.98
1753881463.222478;0.0;0.0;0.0;-2.1;1.24;-0.05;0.0;0.0;0.0;0.0;-10.0;2.0;-13.0;-16.0;0.19;0.44;-10.68;0.55;0.5;0.83
1753881463.227478;0.0;0.0;0.0;-2.1;1.24;-0.05;0.0;0.0;0.0;0.0;-10.0;2.0;-13.0;-16.0;0.19;0.44;-10.67;0.53;0.28;0.9
1753881463.232478;0.0;0.0;0.0;-2.1;1.24;-0.05;0.0;0.0;0.0;0.0;-10.0;2.0;-13.0;-16.0;0.19;0.44;-10.67;0.57;0.35;0.93
1753881463.237478;0.0;0.0;0.0;-2.1;1.24;-0.05;0.0;0.0;0.0;0.0;-10.0;2.0;-13.0;-16.0;0.19;0.44;-10.67;0.64;0.37;0.95
1753881463.242478;0.0;0.0;0.0;-2.1;1.24;-0.05;0.0;0.0;0.0;0.0;-10.0;2.0;-13.0;-16.0;0.19;0.44;-10.67;0.55;0.35;0.99
1753881463.247478;0.0;0.0;0.0;-2.1;1.24;-0.05;0.0;0.0;0.0;0.0;-10.0;2.0;-13.0;-16.0;0.19;0.44;-10.67;0.53;0.45;0.9
1753881463.252478;0.0;0.0;0.0;-2.1;1.24;-0.05;0.0;0.0;0.0;0.0;-10.0;2.0;-13.0;-16.0;0.19;0.44;-10.66;0.57;0.35;0.8
1753881463.257478;0.0;0.0;0.0;-2.1;1.24;-0.05;0.0;0.0;0.0;0.0;-2.1;2.1;-10.3;-16.7;0.2;0.45;-10.67;0.53;0.36;0.82
1753881463.262478;0.0;0.0;0.0;-2.1;1.24;-0.05;0.0;0.0;0.0;0.0;-4.4;2.2;-11.4;-17.8;0.18;0.44;-10.65;0.64;0.28;0.94
1753881463.267478;0.0;0.0;0.0;-2.1;1.24;-0.05;0.0;0.0;0.0;0.0;-4.5;2.2;-8.8;-18.5;0.19;0.45;-10.66;0.6;0.43;0.76
1753881463.272478;0.0;0.0;0.0;-2.1;1.24;-0.05;0.0;0.0;0.0;0.0;-5.1;2.6;-8.9;-16.8;0.18;0.45;-10.67;0.64;0.3;0.79
1753881463.277478;0.0;0.0;0.0;-2.1;1.24;-0.05;0.0;0.0;0.0;0.0;-2.2;2.2;-8.8;-17.0;0.19;0.45;-10.66;0.59;0.34;0.99
1753881463.282478;0.0;0.0;0.0;-2.1;1.24;-0.05;0.0;0.0;0.0;0.0;-3.5;2.1;-10.0;-17.6;0.18;0.45;-10.66;0.66;0.3;0.85
1753881463.287479;0.0;0.0;0.0;-2.1;1.24;-0.05;0.0;0.0;0.0;0.0;1.9;2.3;-9.3;-18.3;0.19;0.45;-10.67;0.68;0.29;0.89
1753881463.292479;0.0;0.0;0.0;-2.1;1.24;-0.05;0.0;0.0;0.0;0.0;4.6;2.4;-8.7;-16.7;0.19;0.44;-10.67;0.49;0.26;0.88
1753881463.297479;0.0;0.0;0.0;-2.1;1.24;-0.05;0.0;0.0;0.0;0.0;2.1;2.5;-5.6;-18.0;0.19;0.45;-10.66;0.61;0.46;0.84
1753881463.302479;0.0;0.0;0.0;-2.1;1.24;-0.05;0.0;0.0;0.0;0.0;-0.5;2.9;-6.0;-18.6;0.18;0.45;-10.66;0.66;0.38;0.94
1753881463.307479;0.0;0.0;0.0;-2.1;1.24;-0.05;0.0;0.0;0.0;0.0;1.4;2.9;-7.3;-18.5;0.18;0.44;-10.65;0.68;0.44;0.85
1753881463.312479;0.0;0.0;0.0;-2.1;1.24;-0.05;0.0;0.0;0.0;0.0;-0.5;2.7;-6.6;-17.9;0.18;0.44;-10.66;0.76;0.24;0.95
1753881463.317479;0.0;0.0;0.0;-2.1;1.24;-0.05;0.0;0.0;0.0;0.0;1.8;2.7;-4.8;-20.6;0.18;0.44;-10.66;0.73;0.43;0.99
1753881463.32248;0.0;0.0;0.0;-2.1;1.24;-0.05;0.0;0.0;0.0;0.0;3.3;2.7;-4.1;-20.5;0.18;0.45;-10.67;0.69;0.43;0.9
1753881463.32748;0.0;0.0;0.0;-2.1;1.24;-0.05;0.0;0.0;0.0;0.0;2.4;3.0;-5.4;-18.5;0.19;0.45;-10.67;0.64;0.54;1.04
1753881463.33248;0.0;0.0;0.0;-2.1;1.24;-0.05;0.0;0.0;0.0;0.0;-1.0;3.3;-7.9;-19.9;0.18;0.45;-10.68;0.62;0.3;1.07
1753881463.337478;0.0;0.0;0.0;-2.1;1.24;-0.05;0.0;0.0;0.0;0.0;6.0;3.0;-3.0;-20.0;0.18;0.45;-10.67;0.68;0.36;1.0
1753881463.342478;0.0;0.0;0.0;-2.1;1.24;-0.05;0.0;0.0;0.0;0.0;6.0;3.0;-3.0;-20.0;0.19;0.45;-10.66;0.64;0.38;0.97
1753881463.347478;0.0;0.0;0.0;-2.1;1.24;-0.05;0.0;0.0;0.0;0.0;6.0;3.0;-3.0;-20.0;0.19;0.45;-10.66;0.66;0.47;0.93
1753881463.352478;0.0;0.0;0.0;-2.1;1.24;-0.05;0.0;0.0;0.0;0.0;6.0;3.0;-3.0;-20.0;0.19;0.45;-10.66;0.7;0.33;1.05
1753881463.357478;0.0;0.0;0.0;-2.1;1.24;-0.05;0.0;0.0;0.0;0.0;6.0;3.0;-3.0;-20.0;0.19;0.45;-10.66;0.67;0.5;0.91
1753881463.362478;0.0;0.0;0.0;-2.1;1.24;-0.05;0.0;0.0;0.0;0.0;6.0;3.0;-3.0;-20.0;0.19;0.45;-10.66;0.51;0.43;0.85
1753881463.367478;0.0;0.0;0.0;-2.1;1.24;-0.05;0.0;0.0;0.0;0.0;6.0;3.0;-3.0;-20.0;0.19;0.45;-10.67;0.49;0.43;0.9
1753881463.372478;0.0;0.0;0.0;-2.1;1.24;-0.05;0.0;0.0;0.0;0.0;6.0;3.0;-3.0;-20.0;0.19;0.45;-10.66;0.45;0.28;0.79
1753881463.377478;0.0;0.0;0.0;-2.1;1.24;-0.05;0.0;0.0;0.0;0.0;6.0;3.0;-3.0;-20.0;0.19;0.44;-10.67;0.61;0.28;0.85
1753881463.382478;0.0;0.0;0.0;-2.1;1.24;-0.05;0.0;0.0;0.0;0.0;6.0;3.0;-3.0;-20.0;0.19;0.44;-10.67;0.63;0.48;0.9
1753881463.387478;0.0;0.0;0.0;-2.1;1.24;-0.05;0.0;0.0;0.0;0.0;2.2;3.2;-0.2;-22.7;0.19;0.45;-10.67;0.55;0.41;0.76
1753881463.392478;0.0;0.0;0.0;-2.1;1.24;-0.05;0.0;0.0;0.0;0.0;6.0;3.0;-3.0;-20.0;0.19;0.44;-10.67;0.57;0.33;0.89
1753881463.397478;0.0;0.0;0.0;-2.1;1.24;-0.05;0.0;0.0;0.0;0.0;6.0;3.0;-3.0;-20.0;0.19;0.44;-10.67;0.54;0.45;0.93
1753881463.402478;0.0;0.0;0.0;-2.1;1.24;-0.05;0.0;0.0;0.0;0.0;6.0;3.0;-3.0;-20.0;0.19;0.44;-10.67;0.53;0.45;0.82
1753881463.407478;0.0;0.0;0.0;-2.1;1.24;-0.05;0.0;0.0;0.0;0.0;6.0;3.0;-3.0;-20.0;0.19;0.44;-10.67;0.6;0.43;0.9
1753881463.412478;0.0;0.0;0.0;-2.1;1.24;-0.05;0.0;0.0;0.0;0.0;6.0;3.0;-3.0;-20.0;0.19;0.43;-10.67;0.57;0.42;0.97
1753881463.417478;0.0;0.0;0.0;-2.1;1.24;-0.05;0.0;0.0;0.0;0.0;6.0;3.0;-3.0;-20.0;0.18;0.43;-10.66;0.5;0.27;0.98
1753881463.422478;0.0;0.0;0.0;-2.1;1.24;-0.05;0.0;0.0;0.0;0.0;6.0;3.0;-3.0;-20.0;0.18;0.43;-10.65;0.61;0.34;0.9
1753881463.427478;0.0;0.0;0.0;-2.1;1.24;-0.05;0.0;0.0;0.0;0.0;1.6;3.4;0.1;-20.1;0.19;0.41;-10.65;0.57;0.56;1.0
1753881463.432478;0.0;0.0;0.0;-2.1;1.24;-0.05;0.0;0.0;0.0;0.0;6.0;3.0;-3.0;-20.0;0.19;0.43;-10.66;0.52;0.56;0.96
1753881463.437478;0.0;0.0;0.0;-2.1;1.24;-0.05;0.0;0.0;0.0;0.0;6.0;3.0;-3.0;-20.0;0.19;0.44;-10.65;0.54;0.49;0.87
1753881463.442478;0.0;0.0;0.0;-2.1;1.24;-0.05;0.0;0.0;0.0;0.0;6.0;3.0;-3.0;-20.0;0.19;0.44;-10.65;0.57;0.36;0.96
1753881463.447478;0.0;0.0;0.0;-2.1;1.24;-0.05;0.0;0.0;0.0;0.0;6.0;3.0;-3.0;-20.0;0.19;0.44;-10.65;0.54;0.51;0.87
1753881463.452478;0.0;0.0;0.0;-2.1;1.24;-0.05;0.0;0.0;0.0;0.0;6.0;3.0;-3.0;-20.0;0.19;0.44;-10.65;0.52;0.41;0.9
1753881463.457478;0.0;0.0;0.0;-2.1;1.24;-0.05;0.0;0.0;0.0;0.0;6.0;3.0;-3.0;-20.0;0.19;0.43;-10.65;0.55;0.36;0.84
1753881463.462478;0.0;0.0;0.0;-2.1;1.24;-0.05;0.0;0.0;0.0;0.0;6.0;3.0;-3.0;-20.0;0.19;0.44;-10.65;0.55;0.4;0.9
1753881463.467478;0.0;0.0;0.0;-2.1;1.24;-0.05;0.0;0.0;0.0;0.0;6.0;3.0;-3.0;-20.0;0.19;0.44;-10.65;0.54;0.36;0.85
1753881463.472478;0.0;0.0;0.0;-2.1;1.24;-0.05;0.0;0.0;0.0;0.0;6.0;3.0;-3.0;-20.0;0.2;0.44;-10.66;0.57;0.38;1.06
1753881463.477478;0.0;0.0;0.0;-2.1;1.24;-0.05;0.0;0.0;0.0;0.0;6.0;3.0;-3.0;-20.0;0.2;0.45;-10.66;0.52;0.48;0.82
1753881463.482478;0.0;0.0;0.0;-2.1;1.24;-0.05;0.0;0.0;0.0;0.0;6.0;3.0;-3.0;-20.0;0.2;0.45;-10.66;0.48;0.57;1.01
1753881463.487478;0.0;0.0;0.0;-2.1;1.24;-0.05;0.0;0.0;0.0;0.0;6.0;3.0;-3.0;-20.0;0.2;0.45;-10.66;0.57;0.32;0.96
1753881463.492478;0.0;0.0;0.0;-2.1;1.24;-0.05;0.0;0.0;0.0;0.0;6.0;3.0;-3.0;-20.0;0.2;0.44;-10.67;0.51;0.34;0.84
1753881463.497478;0.0;0.0;0.0;-2.1;1.24;-0.05;0.0;0.0;0.0;0.0;6.0;3.0;-3.0;-20.0;0.19;0.43;-10.67;0.58;0.53;0.91
1753881463.502478;0.0;0.0;0.0;-2.1;1.24;-0.05;0.0;0.0;0.0;0.0;6.0;3.0;-3.0;-20.0;0.2;0.43;-10.67;0.58;0.41;0.91
1753881463.507478;0.0;0.0;0.0;-2.1;1.24;-0.05;0.0;0.0;0.0;0.0;6.0;3.0;-3.0;-20.0;0.2;0.44;-10.66;0.51;0.49;0.86
1753881463.512478;0.0;0.0;0.0;-2.1;1.24;-0.05;0.0;0.0;0.0;0.0;6.0;3.0;-3.0;-20.0;0.2;0.44;-10.66;0.4;0.38;0.99
1753881463.517478;0.0;0.0;0.0;-2.1;1.24;-0.05;0.0;0.0;0.0;0.0;6.0;3.0;-3.0;-20.0;0.2;0.44;-10.67;0.51;0.25;0.94
1753881463.522478;0.0;0.0;0.0;-2.1;1.24;-0.05;0.0;0.0;0.0;0.0;6.0;3.0;-3.0;-20.0;0.2;0.43;-10.67;0.55;0.43;0.89
1753881463.527478;0.0;0.0;0.0;-2.1;1.24;-0.05;0.0;0.0;0.0;0.0;6.0;3.0;-3.0;-20.0;0.2;0.43;-10.67;0.53;0.41;0.95
1753881463.532478;0.0;0.0;0.0;-2.1;1.24;-0.05;0.0;0.0;0.0;0.0;6.0;3.0;-3.0;-20.0;0.2;0.42;-10.67;0.6;0.27;0.99
1753881463.537478;0.0;0.0;0.0;-2.1;1.24;-0.05;0.0;0.0;0.0;0.0;6.0;3.0;-3.0;-20.0;0.2;0.42;-10.67;0.6;0.38;0.68
1753881463.542478;0.0;0.0;0.0;-2.1;1.24;-0.05;0.0;0.0;0.0;0.0;6.0;3.0;-3.0;-20.0;0.2;0.43;-10.67;0.54;0.46;0.83
1753881463.547478;0.0;0.0;0.0;-2.1;1.24;-0.05;0.0;0.0;0.0;0.0;6.0;3.0;-3.0;-20.0;0.2;0.44;-10.67;0.52;0.32;0.9
1753881463.552478;0.0;0.0;0.0;-2.1;1.24;-0.05;0.0;0.0;0.0;0.0;6.0;3.0;-3.0;-20.0;0.2;0.44;-10.67;0.52;0.39;0.96
1753881463.557478;0.0;0.0;0.0;-2.1;1.24;-0.05;0.0;0.0;0.0;0.0;6.0;3.0;-3.0;-20.0;0.2;0.44;-10.67;0.63;0.41;0.78
1753881463.562478;0.0;0.0;0.0;-2.1;1.24;-0.05;0.0;0.0;0.0;0.0;6.0;3.0;-3.0;-20.0;0.2;0.44;-10.67;0.54;0.41;1.0
1753881463.567478;0.0;0.0;0.0;-2.1;1.24;-0.05;0.0;0.0;0.0;0.0;6.0;3.0;-3.0;-20.0;0.2;0.44;-10.67;0.51;0.43;0.96
1753881463.572478;0.0;0.0;0.0;-2.1;1.24;-0.05;0.0;0.0;0.0;0.0;6.0;3.0;-3.0;-20.0;0.2;0.44;-10.67;0.49;0.51;0.8
1753881463.577478;0.0;0.0;0.0;-2.1;1.24;-0.05;0.0;0.0;0.0;0.0;6.0;3.0;-3.0;-20.0;0.19;0.45;-10.67;0.43;0.36;0.88
1753881463.582478;0.0;0.0;0.0;-2.1;1.24;-0.05;0.0;0.0;0.0;0.0;6.0;3.0;-3.0;-20.0;0.2;0.45;-10.67;0.56;0.36;0.9
1753881463.587478;0.0;0.0;0.0;-2.1;1.24;-0.05;0.0;0.0;0.0;0.0;6.0;3.0;-3.0;-20.0;0.19;0.45;-10.67;0.54;0.31;0.91
1753881463.592478;0.0;0.0;0.0;-2.1;1.24;-0.05;0.0;0.0;0.0;0.0;6.0;3.0;-3.0;-20.0;0.19;0.45;-10.67;0.47;0.25;0.9
1753881463.597478;0.0;0.0;0.0;-2.1;1.24;-0.05;0.0;0.0;0.0;0.0;6.0;3.0;-3.0;-20.0;0.19;0.45;-10.67;0.51;0.54;0.92
1753881463.602478;0.0;0.0;0.0;-2.1;1.24;-0.05;0.0;0.0;0.0;0.0;6.0;3.0;-3.0;-20.0;0.19;0.45;-10.67;0.47;0.25;0.83
1753881463.607478;0.0;0.0;0.0;-2.1;1.24;-0.05;0.0;0.0;0.0;0.0;6.0;3.0;-3.0;-20.0;0.18;0.45;-10.66;0.6;0.3;0.89
1753881463.612478;0.0;0.0;0.0;-2.1;1.24;-0.05;0.0;0.0;0.0;0.0;6.0;3.0;-3.0;-20.0;0.18;0.45;-10.67;0.49;0.32;0.86
1753881463.617478;0.0;0.0;0.0;-2.1;1.24;-0.05;0.0;0.0;0.0;0.0;6.0;3.0;-3.0;-20.0;0.17;0.44;-10.67;0.55;0.48;0.87
1753881463.622478;0.0;0.0;0.0;-2.1;1.24;-0.05;0.0;0.0;0.0;0.0;6.0;3.0;-3.0;-20.0;0.18;0.45;-10.66;0.51;0.43;0.86
1753881463.627478;0.0;0.0;0.0;-2.1;1.24;-0.05;0.0;0.0;0.0;0.0;6.0;3.0;-3.0;-20.0;0.17;0.45;-10.66;0.45;0.4;0.92
1753881463.632478;0.0;0.0;0.0;-2.1;1.24;-0.05;0.0;0.0;0.0;0.0;6.0;3.0;-3.0;-20.0;0.18;0.44;-10.66;0.49;0.45;0.81
1753881463.637478;0.0;0.0;0.0;-2.1;1.24;-0.05;0.0;0.0;0.0;0.0;6.0;3.0;-3.0;-20.0;0.17;0.44;-10.66;0.56;0.35;0.82
1753881463.642478;0.0;0.0;0.0;-2.1;1.24;-0.05;0.0;0.0;0.0;0.0;6.0;3.0;-3.0;-20.0;0.17;0.44;-10.66;0.51;0.33;0.86
1753881463.647478;0.0;0.0;0.0;-2.1;1.24;-0.05;0.0;0.0;0.0;0.0;6.0;3.0;-3.0;-20.0;0.18;0.45;-10.66;0.54;0.48;0.96
1753881463.652478;0.0;0.0;0.0;-2.1;1.24;-0.05;0.0;0.0;0.0;0.0;6.0;3.0;-3.0;-20.0;0.18;0.45;-10.65;0.55;0.39;0.72
1753881463.657478;0.0;0.0;0.0;-2.1;1.24;-0.05;0.0;0.0;0.0;0.0;6.0;3.0;-3.0;-20.0;0.18;0.45;-10.66;0.57;0.32;0.83
1753881463.662478;0.0;0.0;0.0;-2.1;1.24;-0.05;0.0;0.0;0.0;0.0;6.0;3.0;-3.0;-20.0;0.18;0.44;-10.66;0.67;0.49;0.81
1753881463.667478;0.0;0.0;0.0;-2.1;1.24;-0.05;0.0;0.0;0.0;0.0;6.0;3.0;-3.0;-20.0;0.18;0.44;-10.64;0.6;0.43;0.87
1753881463.672478;0.0;0.0;0.0;-2.1;1.24;-0.05;0.0;0.0;0.0;0.0;6.0;3.0;-3.0;-20.0;0.19;0.44;-10.65;0.57;0.48;0.88
1753881463.677478;0.0;0.0;0.0;-2.1;1.24;-0.05;0.0;0.0;0.0;0.0;6.0;3.0;-3.0;-20.0;0.19;0.44;-10.66;0.7;0.33;0.9
1753881463.682478;0.0;0.0;0.0;-2.1;1.24;-0.05;0.0;0.0;0.0;0.0;6.0;3.0;-3.0;-20.0;0.19;0.44;-10.65;0.49;0.43;0.85
1753881463.687478;0.0;0.0;0.0;-2.1;1.24;-0.05;0.0;0.0;0.0;0.0;6.0;3.0;-3.0;-20.0;0.19;0.44;-10.66;0.65;0.47;0.98
1753881463.692478;0.0;0.0;0.0;-2.1;1.24;-0.05;0.0;0.0;0.0;0.0;6.0;3.0;-3.0;-20.0;0.19;0.44;-10.65;0.7;0.34;0.89
1753881463.697478;0.0;0.0;0.0;-2.1;1.24;-0.05;0.0;0.0;0.0;0.0;6.0;3.0;-3.0;-20.0;0.2;0.44;-10.66;0.47;0.39;0.91
1753881463.702478;0.0;0.0;0.0;-2.1;1.24;-0.05;0.0;0.0;0.0;0.0;6.0;3.0;-3.0;-20.0;0.2;0.44;-10.67;0.57;0.29;0.84
1753881463.707478;0.0;0.0;0.0;-2.1;1.24;-0.05;0.0;0.0;0.0;0.0;6.0;3.0;-3.0;-20.0;0.2;0.44;-10.65;0.64;0.27;0.91
1753881463.712478;0.0;0.0;0.0;-2.1;1.24;-0.05;0.0;0.0;0.0;0.0;6.0;3.0;-3.0;-20.0;0.19;0.45;-10.67;0.45;0.33;0.96
1753881463.717478;0.0;0.0;0.0;-2.1;1.24;-0.05;0.0;0.0;0.0;0.0;6.0;3.0;-3.0;-20.0;0.18;0.44;-10.68;0.68;0.28;0.92
1753881463.722478;0.0;0.0;0.0;-2.1;1.24;-0.05;0.0;0.0;0.0;0.0;6.0;3.0;-3.0;-20.0;0.22;0.44;-10.67;0.57;0.47;0.86
1753881463.727478;0.0;0.0;0.0;-2.1;1.24;-0.05;0.0;0.0;0.0;0.0;6.0;3.0;-3.0;-20.0;0.2;0.45;-10.67;0.74;0.36;0.94
1753881463.732478;0.0;0.0;0.0;-2.1;1.24;-0.05;0.0;0.0;0.0;0.0;6.0;3.0;-3.0;-20.0;0.19;0.45;-10.67;0.65;0.45;0.87
1753881463.737478;0.0;0.0;0.0;-2.1;1.24;-0.05;0.0;0.0;0.0;0.0;6.0;3.0;-3.0;-20.0;0.19;0.45;-10.67;0.5;0.35;0.83
1753881463.742478;0.0;0.0;0.0;-2.1;1.24;-0.05;0.0;0.0;0.0;0.0;6.0;3.0;-3.0;-20.0;0.18;0.45;-10.67;0.6;0.38;0.9
1753881463.747478;0.0;0.0;0.0;-2.1;1.24;-0.05;0.0;0.0;0.0;0.0;6.0;3.0;-3.0;-20.0;0.19;0.45;-10.68;0.51;0.43;0.77
1753881463.752478;0.0;0.0;0.0;-2.1;1.24;-0.05;0.0;0.0;0.0;0.0;6.0;3.0;-3.0;-20.0;0.18;0.45;-10.68;0.48;0.33;1.03
1753881463.757478;0.0;0.0;0.0;-2.1;1.24;-0.05;0.0;0.0;0.0;0.0;6.0;3.0;-3.0;-20.0;0.19;0.46;-10.67;0.59;0.45;1.02
1753881463.762478;0.0;0.0;0.0;-2.1;1.24;-0.05;0.0;0.0;0.0;0.0;6.0;3.0;-3.0;-20.0;0.19;0.45;-10.66;0.51;0.37;0.79
1753881463.767478;0.0;0.0;0.0;-2.1;1.24;-0.05;0.0;0.0;0.0;0.0;6.0;3.0;-3.0;-20.0;0.19;0.45;-10.66;0.48;0.47;0.91
1753881463.772478;0.0;0.0;0.0;-2.1;1.24;-0.05;0.0;0.0;0.0;0.0;6.0;3.0;-3.0;-20.0;0.19;0.45;-10.66;0.53;0.33;0.74
1753881463.777478;0.0;0.0;0.0;-2.1;1.24;-0.05;0.0;0.0;0.0;0.0;6.0;3.0;-3.0;-20.0;0.19;0.45;-10.66;0.54;0.35;0.96
1753881463.782478;0.0;0.0;0.0;-2.1;1.24;-0.05;0.0;0.0;0.0;0.0;6.0;3.0;-3.0;-20.0;0.19;0.45;-10.67;0.51;0.38;0.81
1753881463.787478;0.0;0.0;0.0;-2.1;1.24;-0.05;0.0;0.0;0.0;0.0;6.0;3.0;-3.0;-20.0;0.19;0.44;-10.67;0.53;0.41;1.08
1753881463.792478;0.0;0.0;0.0;-2.1;1.24;-0.05;0.0;0.0;0.0;0.0;6.0;3.0;-3.0;-20.0;0.19;0.45;-10.67;0.6;0.41;0.89
1753881463.797478;0.0;0.0;0.0;-2.1;1.24;-0.05;0.0;0.0;0.0;0.0;6.0;3.0;-3.0;-20.0;0.18;0.45;-10.67;0.56;0.47;0.92
1753881463.802478;0.0;0.0;0.0;-2.1;1.24;-0.05;0.0;0.0;0.0;0.0;6.0;3.0;-3.0;-20.0;0.18;0.45;-10.67;0.63;0.48;0.9
1753881463.807478;0.0;0.0;0.0;-2.1;1.24;-0.05;0.0;0.0;0.0;0.0;6.0;3.0;-3.0;-20.0;0.18;0.44;-10.66;0.58;0.28;0.86
1753881463.812478;0.0;0.0;0.0;-2.1;1.24;-0.05;0.0;0.0;0.0;0.0;6.0;3.0;-3.0;-20.0;0.17;0.44;-10.66;0.61;0.41;1.03
1753881463.817478;0.0;0.0;0.0;-2.1;1.24;-0.05;0.0;0.0;0.0;0.0;6.0;3.0;-3.0;-20.0;0.17;0.44;-10.66;0.56;0.51;1.0
1753881463.822478;0.0;0.0;0.0;-2.1;1.24;-0.05;0.0;0.0;0.0;0.0;6.0;3.0;-3.0;-20.0;0.17;0.44;-10.66;0.59;0.34;0.99
1753881463.827478;0.0;0.0;0.0;-2.1;1.24;-0.05;0.0;0.0;0.0;0.0;6.0;3.0;-3.0;-20.0;0.17;0.45;-10.66;0.58;0.31;0.93
1753881463.832478;0.0;0.0;0.0;-2.1;1.24;-0.05;0.0;0.0;0.0;0.0;6.0;3.0;-3.0;-20.0;0.17;0.44;-10.66;0.51;0.41;0.99
1753881463.837478;0.0;0.0;0.0;-2.1;1.24;-0.05;0.0;0.0;0.0;0.0;6.0;3.0;-3.0;-20.0;0.17;0.44;-10.65;0.61;0.33;0.94
1753881463.842478;0.0;0.0;0.0;-2.1;1.24;-0.05;0.0;0.0;0.0;0.0;6.0;3.0;-3.0;-20.0;0.17;0.44;-10.65;0.69;0.34;1.01
1753881463.847478;0.0;0.0;0.0;-2.1;1.24;-0.05;0.0;0.0;0.0;0.0;6.0;3.0;-3.0;-20.0;0.18;0.44;-10.65;0.5;0.44;0.93
1753881463.852478;0.0;0.0;0.0;-2.1;1.24;-0.05;0.0;0.0;0.0;0.0;6.0;3.0;-3.0;-20.0;0.18;0.43;-10.65;0.4;0.41;0.83
1753881463.857478;0.0;0.0;0.0;-2.1;1.24;-0.05;0.0;0.0;0.0;0.0;6.0;3.0;-3.0;-20.0;0.19;0.43;-10.65;0.48;0.35;0.88
1753881463.862478;0.0;0.0;0.0;-2.1;1.24;-0.05;0.0;0.0;0.0;0.0;6.0;3.0;-3.0;-20.0;0.19;0.44;-10.65;0.54;0.28;1.0
1753881463.867478;0.0;0.0;0.0;-2.1;1.24;-0.05;0.0;0.0;0.0;0.0;6.0;3.0;-3.0;-20.0;0.19;0.44;-10.66;0.5;0.25;0.83
1753881463.872478;0.0;0.0;0.0;-2.1;1.24;-0.05;0.0;0.0;0.0;0.0;6.0;3.0;-3.0;-20.0;0.19;0.44;-10.67;0.61;0.34;0.89
1753881463.877478;0.0;0.0;0.0;-2.1;1.24;-0.05;0.0;0.0;0.0;0.0;6.0;3.0;-3.0;-20.0;0.19;0.44;-10.67;0.57;0.36;0.87
1753881463.882478;0.0;0.0;0.0;-2.1;1.24;-0.05;0.0;0.0;0.0;0.0;6.0;3.0;-3.0;-20.0;0.19;0.44;-10.66;0.57;0.45;0.93
1753881463.887478;0.0;0.0;0.0;-2.1;1.24;-0.05;0.0;0.0;0.0;0.0;6.0;3.0;-3.0;-20.0;0.2;0.44;-10.66;0.57;0.46;0.85
1753881463.892478;0.0;0.0;0.0;-2.1;1.24;-0.05;0.0;0.0;0.0;0.0;6.0;3.0;-3.0;-20.0;0.2;0.44;-10.67;0.57;0.43;0.99
1753881463.897478;0.0;0.0;0.0;-2.1;1.24;-0.05;0.0;0.0;0.0;0.0;6.0;3.0;-3.0;-20.0;0.2;0.44;-10.67;0.43;0.5;1.02
1753881463.902478;0.0;0.0;0.0;-2.1;1.24;-0.05;0.0;0.0;0.0;0.0;6.0;3.0;-3.0;-20.0;0.19;0.45;-10.67;0.5;0.54;0.97
1753881463.907478;0.0;0.0;0.0;-2.1;1.24;-0.05;0.0;0.0;0.0;0.0;6.0;3.0;-3.0;-20.0;0.19;0.45;-10.67;0.7;0.29;0.9
1753881463.912478;0.0;0.0;0.0;-2.1;1.24;-0.05;0.0;0.0;0.0;0.0;6.0;3.0;-3.0;-20.0;0.19;0.45;-10.66;0.66;0.27;0.8
1753881463.917478;0.0;0.0;0.0;-2.1;1.24;-0.05;0.0;0.0;0.0;0.0;6.0;3.0;-3.0;-20.0;0.19;0.45;-10.65;0.55;0.54;0.9
1753881463.922478;0.0;0.0;0.0;-2.1;1.24;-0.05;0.0;0.0;0.0;0.0;6.0;3.0;-3.0;-20.0;0.19;0.45;-10.65;0.59;0.33;0.93
1753881463.927478;0.0;0.0;0.0;-2.1;1.24;-0.05;0.0;0.0;0.0;0.0;6.0;3.0;-3.0;-20.0;0.19;0.45;-10.64;0.46;0.35;0.83
1753881463.932478;0.0;0.0;0.0;-2.1;1.24;-0.05;0.0;0.0;0.0;0.0;6.0;3.0;-3.0;-20.0;0.2;0.44;-10.64;0.56;0.34;0.72
1753881463.937478;0.0;0.0;0.0;-2.1;1.24;-0.05;0.0;0.0;0.0;0.0;6.0;3.0;-3.0;-20.0;0.18;0.45;-10.62;0.52;0.37;0.83
1753881463.942478;0.0;0.0;0.0;-2.1;1.24;-0.05;0.0;0.0;0.0;0.0;6.0;3.0;-3.0;-20.0;0.21;0.44;-10.62;0.44;0.24;0.71
1753881463.947478;0.0;0.0;0.0;-2.1;1.24;-0.05;0.0;0.0;0.0;0.0;6.0;3.0;-3.0;-20.0;0.18;0.45;-10.66;0.53;0.46;0.78
1753881463.952479;0.0;0.0;0.0;-2.1;1.24;-0.05;0.0;0.0;0.0;0.0;6.0;3.0;-3.0;-20.0;0.19;0.45;-10.65;0.53;0.4;0.77
1753881463.957479;0.0;0.0;0.0;-2.1;1.24;-0.05;0.0;0.0;0.0;0.0;6.0;3.0;-3.0;-20.0;0.18;0.45;-10.65;0.51;0.48;0.9
1753881463.962479;0.0;0.0;0.0;-2.1;1.24;-0.05;0.0;0.0;0.0;0.0;6.0;3.0;-3.0;-20.0;0.2;0.45;-10.67;0.52;0.27;0.75
1753881463.967479;0.0;0.0;0.0;-2.1;1.24;-0.05;0.0;0.0;0.0;0.0;6.0;3.0;-3.0;-20.0;0.19;0.45;-10.67;0.53;0.22;0.76
1753881463.972479;0.0;0.0;0.0;-2.1;1.24;-0.05;0.0;0.0;0.0;0.0;6.0;3.0;-3.0;-20.0;0.18;0.46;-10.65;0.6;0.29;0.84
1753881463.977479;0.0;0.0;0.0;-2.1;1.24;-0.05;0.0;0.0;0.0;0.0;6.0;3.0;-3.0;-20.0;0.19;0.44;-10.66;0.58;0.49;0.77
1753881463.982479;0.0;0.0;0.0;-2.1;1.24;-0.05;0.0;0.0;0.0;0.0;6.0;3.0;-3.0;-20.0;0.19;0.44;-10.66;0.52;0.44;0.89
1753881463.987478;0.0;0.0;0.0;-2.1;1.24;-0.05;0.0;0.0;0.0;0.0;6.0;3.0;-3.0;-20.0;0.18;0.45;-10.67;0.51;0.42;0.78
1753881463.992478;0.0;0.0;0.0;-2.1;1.24;-0.05;0.0;0.0;0.0;0.0;6.9;3.0;-3.2;-20.0;0.18;0.44;-10.68;0.58;0.34;0.7
1753881463.997478;0.0;0.0;0.0;-2.1;1.24;-0.05;0.0;0.0;0.0;0.0;7.7;3.0;-3.1;-20.0;0.17;0.45;-10.66;0.51;0.37;0.84
1753881464.002478;0.0;0.0;0.0;-2.1;1.24;-0.05;0.0;0.0;0.0;0.0;2.6;3.0;-3.0;-20.1;0.18;0.45;-10.68;0.58;0.42;0.86
1753881464.007478;0.0;0.0;0.0;-2.1;1.24;-0.05;0.0;0.0;0.0;0.0;0.6;3.0;-2.7;-20.4;0.18;0.45;-10.69;0.62;0.46;0.79
1753881464.012478;0.0;0.0;0.0;-2.1;1.24;-0.05;0.0;0.0;0.0;0.0;-1.3;3.0;-2.5;-20.3;0.18;0.45;-10.67;0.62;0.35;0.71
1753881464.017479;0.0;0.0;0.0;-2.1;1.24;-0.05;0.0;0.0;0.0;0.0;-5.9;3.0;-2.1;-20.4;0.18;0.46;-10.68;0.53;0.49;0.87
1753881464.022479;0.0;0.0;0.0;-2.1;1.24;-0.05;0.0;0.0;0.0;0.0;-1.1;3.0;-2.5;-20.5;0.18;0.44;-10.66;0.56;0.61;0.74
1753881464.027479;0.0;0.0;0.0;-2.1;1.24;-0.05;0.0;0.0;0.0;0.0;-3.3;3.0;-2.4;-20.5;0.18;0.43;-10.68;0.45;0.33;1.03
1753881464.032479;0.0;0.0;0.0;-2.1;1.24;-0.05;0.0;0.0;0.0;0.0;-6.9;3.0;-2.5;-20.3;0.17;0.44;-10.68;0.55;0.34;0.85
1753881464.037479;0.0;0.0;0.0;-2.1;1.24;-0.05;0.0;0.0;0.0;0.0;-9.9;3.0;-2.2;-20.6;0.2;0.44;-10.69;0.56;0.44;0.87
1753881464.042479;0.0;0.0;0.0;-2.1;1.24;-0.05;0.0;0.0;0.0;0.0;-5.2;3.0;-2.9;-20.8;0.17;0.45;-10.67;0.42;0.4;0.91
1753881464.04748;0.0;0.0;0.0;-2.1;1.24;-0.05;0.0;0.0;0.0;0.0;-16.3;3.0;-2.5;-20.7;0.18;0.43;-10.68;0.43;0.47;0.83
1753881464.05248;0.0;0.0;0.0;-2.1;1.24;-0.05;0.0;0.0;0.0;0.0;-6.1;3.0;-2.1;-21.0;0.18;0.45;-10.66;0.47;0.54;0.87
1753881464.05748;0.0;0.0;0.0;-2.1;1.24;-0.05;0.0;0.0;0.0;0.0;-11.0;3.0;-2.1;-21.0;0.16;0.44;-10.67;0.71;0.41;0.97
1753881464.06248;0.0;0.0;0.0;-2.1;1.24;-0.05;0.0;0.0;0.0;0.0;-6.0;3.0;-2.3;-21.0;0.18;0.44;-10.69;0.63;0.65;0.98
1753881464.06748;0.0;0.0;0.0;-2.1;1.24;-0.05;0.0;0.0;0.0;0.0;-9.7;3.0;-1.8;-21.2;0.18;0.44;-10.7;0.42;0.47;0.97
1753881464.072478;0.0;0.0;0.0;-2.1;1.24;-0.05;0.0;0.0;0.0;0.0;-11.0;3.0;-2.0;-21.0;0.18;0.43;-10.68;0.54;0.53;0.97
1753881464.077478;0.0;0.0;0.0;-2.1;1.24;-0.05;0.0;0.0;0.0;0.0;-11.0;3.0;-2.0;-21.0;0.18;0.44;-10.67;0.56;0.38;0.94
1753881464.082478;0.0;0.0;0.0;-2.1;1.24;-0.05;0.0;0.0;0.0;0.0;-11.0;3.0;-2.0;-21.0;0.18;0.43;-10.67;0.51;0.54;0.82
1753881464.087478;0.0;0.0;0.0;-2.1;1.24;-0.05;0.0;0.0;0.0;0.0;-11.0;3.0;-2.0;-21.0;0.19;0.43;-10.66;0.52;0.33;0.9
1753881464.092478;0.0;0.0;0.0;-2.1;1.24;-0.05;0.0;0.0;0.0;0.0;-11.0;3.0;-2.0;-21.0;0.19;0.43;-10.66;0.61;0.48;0.85
1753881464.097478;0.0;0.0;0.0;-2.1;1.24;-0.05;0.0;0.0;0.0;0.0;-11.0;3.0;-2.0;-21.0;0.2;0.44;-10.66;0.62;0.36;0.91
1753881464.102478;0.0;0.0;0.0;-2.1;1.24;-0.05;0.0;0.0;0.0;0.0;-11.0;3.0;-2.0;-21.0;0.2;0.43;-10.66;0.55;0.37;0.85
1753881464.107478;0.0;0.0;0.0;-2.1;1.24;-0.05;0.0;0.0;0.0;0.0;-11.0;3.0;-2.0;-21.0;0.2;0.44;-10.66;0.5;0.44;1.01
1753881464.112478;0.0;0.0;0.0;-2.1;1.24;-0.05;0.0;0.0;0.0;0.0;-11.0;3.0;-2.0;-21.0;0.2;0.44;-10.65;0.58;0.41;0.86
1753881464.117478;0.0;0.0;0.0;-2.1;1.24;-0.05;0.0;0.0;0.0;0.0;-11.0;3.0;-2.0;-21.0;0.2;0.44;-10.65;0.56;0.31;0.91
1753881464.122478;0.0;0.0;0.0;-2.1;1.24;-0.05;0.0;0.0;0.0;0.0;-11.0;3.0;-2.0;-21.0;0.2;0.44;-10.64;0.58;0.51;0.9
1753881464.127478;0.0;0.0;0.0;-2.1;1.24;-0.05;0.0;0.0;0.0;0.0;-11.0;3.0;-2.0;-21.0;0.2;0.44;-10.64;0.75;0.54;1.06
1753881464.132478;0.0;0.0;0.0;-2.1;1.24;-0.05;0.0;0.0;0.0;0.0;-11.0;3.0;-2.0;-21.0;0.2;0.44;-10.64;0.74;0.42;0.87
1753881464.137478;0.0;0.0;0.0;-2.1;1.24;-0.05;0.0;0.0;0.0;0.0;-11.0;3.0;-2.0;-21.0;0.2;0.44;-10.65;0.6;0.37;0.86
1753881464.142478;0.0;0.0;0.0;-2.1;1.24;-0.05;0.0;0.0;0.0;0.0;-11.0;3.0;-2.0;-21.0;0.2;0.44;-10.65;0.59;0.38;0.85
1753881464.147478;0.0;0.0;0.0;-2.1;1.24;-0.05;0.0;0.0;0.0;0.0;-11.0;3.0;-2.0;-21.0;0.19;0.44;-10.66;0.58;0.57;0.9
1753881464.152478;0.0;0.0;0.0;-2.1;1.24;-0.05;0.0;0.0;0.0;0.0;-11.0;3.0;-2.0;-21.0;0.19;0.44;-10.65;0.57;0.41;0.9
1753881464.157478;0.0;0.0;0.0;-2.1;1.24;-0.05;0.0;0.0;0.0;0.0;-11.0;3.0;-2.0;-21.0;0.19;0.44;-10.65;0.59;0.45;0.89
1753881464.162478;0.0;0.0;0.0;-2.1;1.24;-0.05;0.0;0.0;0.0;0.0;-11.0;3.0;-2.0;-21.0;0.18;0.44;-10.65;0.64;0.54;0.95
1753881464.167478;0.0;0.0;0.0;-2.1;1.24;-0.05;0.0;0.0;0.0;0.0;-11.0;3.0;-2.0;-21.0;0.19;0.44;-10.66;0.62;0.38;0.84
1753881464.172478;0.0;0.0;0.0;-2.1;1.24;-0.05;0.0;0.0;0.0;0.0;-11.0;3.0;-2.0;-21.0;0.19;0.44;-10.67;0.57;0.41;0.96
1753881464.177478;0.0;0.0;0.0;-2.1;1.24;-0.05;0.0;0.0;0.0;0.0;-11.0;3.0;-2.0;-21.0;0.19;0.44;-10.68;0.58;0.28;1.15
1753881464.182478;0.0;0.0;0.0;-2.1;1.24;-0.05;0.0;0.0;0.0;0.0;-11.0;3.0;-2.0;-21.0;0.19;0.44;-10.68;0.58;0.38;0.99
1753881464.187478;0.0;0.0;0.0;-2.1;1.24;-0.05;0.0;0.0;0.0;0.0;-11.0;3.0;-2.0;-21.0;0.19;0.44;-10.68;0.55;0.51;0.95
1753881464.192478;0.0;0.0;0.0;-2.1;1.24;-0.05;0.0;0.0;0.0;0.0;-12.5;4.0;-2.0;-21.0;0.19;0.44;-10.68;0.59;0.66;1.07
1753881464.197478;0.0;0.0;0.0;-2.1;1.24;-0.05;0.0;0.0;0.0;0.0;-7.5;4.5;-2.0;-21.0;0.19;0.44;-10.68;0.59;0.45;0.99
1753881464.202478;0.0;0.0;0.0;-2.1;1.24;-0.05;0.0;0.0;0.0;0.0;-5.4;5.2;-2.0;-21.0;0.19;0.44;-10.68;0.62;0.5;1.06
1753881464.207478;0.0;0.0;0.0;-2.1;1.24;-0.05;0.0;0.0;0.0;0.0;-4.8;4.7;-2.0;-21.0;0.2;0.44;-10.69;0.48;0.29;0.79
1753881464.212479;0.0;0.0;0.0;-2.1;1.24;-0.05;0.0;0.0;0.0;0.0;1.3;6.1;-2.0;-21.0;0.18;0.45;-10.67;0.58;0.48;0.9
1753881464.217479;0.0;0.0;0.0;-2.1;1.25;-0.05;0.0;0.0;0.0;0.0;-0.8;3.7;-2.0;-21.0;0.2;0.45;-10.7;0.64;0.53;1.17
1753881464.222479;0.0;0.0;0.0;-2.1;1.25;-0.05;0.0;0.0;0.0;0.0;-4.9;4.1;-2.0;-21.0;0.19;0.45;-10.65;0.56;0.44;0.94
1753881464.227479;0.0;0.0;0.0;-2.1;1.24;-0.05;0.0;0.0;0.0;0.0;1.9;4.7;-2.0;-21.0;0.2;0.45;-10.67;0.46;0.25;0.85
1753881464.232479;0.0;0.0;0.0;-2.1;1.24;-0.05;0.0;0.0;0.0;0.0;-6.4;6.3;-2.0;-21.0;0.19;0.45;-10.68;0.43;0.4;0.9
1753881464.237479;0.0;0.0;0.0;-2.1;1.25;-0.05;0.0;0.0;0.0;0.0;-2.6;5.6;-2.0;-21.0;0.18;0.45;-10.69;0.55;0.4;0.85
1753881464.242479;0.0;0.0;0.0;-2.1;1.25;-0.05;0.0;0.0;0.0;0.0;6.5;5.1;-2.0;-21.0;0.19;0.44;-10.69;0.5;0.55;0.97
1753881464.24748;0.0;0.0;0.0;-2.1;1.25;-0.05;0.0;0.0;0.0;0.0;4.2;7.2;-2.0;-21.0;0.18;0.45;-10.69;0.64;0.36;0.99
1753881464.25248;0.0;0.0;0.0;-2.1;1.25;-0.05;0.0;0.0;0.0;0.0;13.0;6.7;-2.0;-21.0;0.18;0.45;-10.66;0.5;0.39;0.82
1753881464.257478;0.0;0.0;0.0;-2.1;1.25;-0.05;0.0;0.0;0.0;0.0;7.0;7.0;-2.0;-21.0;0.19;0.45;-10.67;0.52;0.39;0.99
1753881464.262478;0.0;0.0;0.0;-2.1;1.25;-0.05;0.0;0.0;0.0;0.0;7.0;7.0;-2.0;-21.0;0.19;0.45;-10.68;0.57;0.38;0.99
1753881464.267478;0.0;0.0;0.0;-2.1;1.25;-0.05;0.0;0.0;0.0;0.0;7.0;7.0;-2.0;-21.0;0.19;0.45;-10.67;0.53;0.35;0.99
1753881464.272478;0.0;0.0;0.0;-2.1;1.25;-0.05;0.0;0.0;0.0;0.0;7.0;7.0;-2.0;-21.0;0.19;0.45;-10.68;0.47;0.45;0.9
1753881464.277478;0.0;0.0;0.0;-2.1;1.25;-0.05;0.0;0.0;0.0;0.0;7.0;7.0;-2.0;-21.0;0.19;0.46;-10.68;0.56;0.43;0.93
1753881464.282478;0.0;0.0;0.0;-2.1;1.25;-0.05;0.0;0.0;0.0;0.0;7.0;7.0;-2.0;-21.0;0.19;0.46;-10.68;0.55;0.41;0.78
1753881464.287478;0.0;0.0;0.0;-2.1;1.25;-0.05;0.0;0.0;0.0;0.0;7.0;7.0;-2.0;-21.0;0.2;0.46;-10.67;0.61;0.43;0.83
1753881464.292478;0.0;0.0;0.0;-2.1;1.25;-0.05;0.0;0.0;0.0;0.0;7.0;7.0;-2.0;-21.0;0.19;0.46;-10.67;0.52;0.43;0.76
1753881464.297478;0.0;0.0;0.0;-2.1;1.25;-0.05;0.0;0.0;0.0;0.0;7.0;7.0;-2.0;-21.0;0.19;0.47;-10.66;0.61;0.37;0.83
1753881464.302478;0.0;0.0;0.0;-2.1;1.25;-0.05;0.0;0.0;0.0;0.0;7.0;7.0;-2.0;-21.0;0.2;0.46;-10.66;0.67;0.45;0.99
1753881464.307478;0.0;0.0;0.0;-2.1;1.25;-0.05;0.0;0.0;0.0;0.0;7.0;7.0;-2.0;-21.0;0.2;0.46;-10.67;0.63;0.5;0.94
1753881464.312478;0.0;0.0;0.0;-2.1;1.25;-0.05;0.0;0.0;0.0;0.0;7.0;7.0;-2.0;-21.0;0.19;0.46;-10.66;0.64;0.32;0.9
1753881464.317478;0.0;0.0;0.0;-2.1;1.25;-0.05;0.0;0.0;0.0;0.0;7.0;7.0;-2.0;-21.0;0.19;0.46;-10.65;0.41;0.4;0.9
1753881464.322478;0.0;0.0;0.0;-2.1;1.25;-0.05;0.0;0.0;0.0;0.0;7.0;7.0;-2.0;-21.0;0.2;0.46;-10.66;0.47;0.45;0.8
1753881464.327478;0.0;0.0;0.0;-2.1;1.25;-0.05;0.0;0.0;0.0;0.0;7.0;7.0;-2.0;-21.0;0.2;0.46;-10.66;0.51;0.45;0.7
1753881464.332478;0.0;0.0;0.0;-2.1;1.25;-0.05;0.0;0.0;0.0;0.0;7.0;7.0;-2.0;-21.0;0.21;0.47;-10.66;0.52;0.59;0.48
1753881464.337478;0.0;0.0;0.0;-2.1;1.25;-0.05;0.0;0.0;0.0;0.0;7.0;7.0;-2.0;-21.0;0.26;0.48;-10.67;0.56;0.3;0.99
1753881464.342478;0.0;0.0;0.0;-2.1;1.25;-0.05;0.0;0.0;0.0;0.0;7.0;7.0;-2.0;-21.0;0.27;0.47;-10.68;0.54;0.45;0.36
1753881464.347478;0.0;0.0;0.0;-2.1;1.25;-0.05;0.0;0.0;0.0;0.0;7.0;7.0;-2.0;-21.0;0.28;0.46;-10.67;0.64;0.44;0.51
1753881464.352478;0.0;0.0;0.0;-2.1;1.25;-0.05;0.0;0.0;0.0;0.0;7.0;7.0;-2.0;-21.0;0.32;0.46;-10.66;0.57;0.39;1.15
1753881464.357478;-0.0;0.0;0.0;-2.1;1.28;-0.05;-40.7;46.5;136.9;42.2;-3.9;19.5;-16.0;-45.5;0.29;0.47;-10.66;0.56;0.29;0.65
1753881464.362478;0.0;0.0;0.0;-2.1;1.26;-0.05;1.1;209.6;-67.6;-113.0;20.8;6.4;-11.5;-27.9;0.26;0.45;-10.64;0.62;0.38;0.9
1753881464.367478;0.0;0.0;0.0;-2.1;1.28;-0.05;161.8;38.0;185.2;61.6;16.8;4.1;9.5;-34.8;0.26;0.45;-10.67;0.54;0.43;0.91
1753881464.372478;0.0;0.0;0.0;-2.1;1.34;-0.05;164.4;3.4;40.7;296.6;45.4;20.8;-3.7;-20.8;0.26;0.46;-10.66;0.5;0.44;0.87
1753881464.377478;0.0;0.0;0.0;-2.1;1.28;-0.05;128.3;52.2;277.6;93.3;76.9;14.0;23.0;-11.2;0.29;0.43;-10.67;0.57;0.37;1.21
1753881464.382479;0.0;0.0;0.0;-2.1;1.29;-0.05;5.1;170.5;330.0;87.7;72.4;17.2;37.8;-12.0;0.33;0.46;-10.66;0.51;0.44;0.73
1753881464.387479;0.0;0.0;0.0;-2.1;1.31;-0.05;49.1;250.7;259.5;163.1;77.3;11.8;18.9;-11.7;0.33;0.44;-10.65;0.59;0.41;1.07
1753881464.392479;0.0;0.0;0.0;-2.1;1.29;-0.05;49.5;99.1;372.8;123.5;61.6;25.7;48.5;2.3;0.36;0.46;-10.68;0.45;0.32;0.76
1753881464.397479;0.0;0.0;0.0;-2.1;1.37;-0.05;162.1;7.5;192.8;171.9;56.8;27.2;37.1;-0.9;0.31;0.43;-10.66;0.63;0.48;0.94
1753881464.402479;0.0;0.0;0.0;-2.1;1.35;-0.05;201.4;171.0;361.1;47.2;74.3;38.3;74.9;-3.1;0.33;0.46;-10.66;0.58;0.42;0.65
1753881464.407479;0.0;0.0;0.0;-2.1;1.33;-0.05;261.0;304.0;153.6;354.0;75.7;15.9;34.1;6.1;0.31;0.45;-10.67;0.55;0.42;0.96
1753881464.41248;0.0;0.0;0.0;-2.1;1.35;-0.05;201.0;223.1;415.8;304.5;92.9;29.8;58.8;9.4;0.4;0.42;-10.66;0.54;0.46;0.8
1753881464.41748;0.0;0.0;0.0;-2.1;1.36;-0.05;217.5;212.9;441.7;373.6;120.2;27.0;89.0;13.0;0.47;0.43;-10.67;0.46;0.38;1.02
1753881464.42248;0.0;0.0;0.0;-2.1;1.32;-0.05;231.7;486.2;399.2;317.2;131.4;22.1;97.0;27.7;0.31;0.44;-10.65;0.46;0.29;0.72
1753881464.42748;0.0;0.0;0.0;-2.1;1.41;-0.05;306.2;331.1;494.4;518.8;92.3;43.4;59.2;17.0;0.27;0.44;-10.67;0.66;0.39;0.66
1753881464.43248;0.0;0.0;0.0;-2.1;1.39;-0.05;354.4;362.3;407.8;613.3;136.8;29.8;80.8;13.5;0.47;0.41;-10.66;0.54;0.38;0.42
1753881464.437478;0.0;0.0;0.0;-2.1;1.39;-0.05;290.0;400.0;393.0;446.0;122.0;38.0;83.0;20.0;0.38;0.42;-10.66;0.57;0.45;0.69
1753881464.442478;0.0;0.0;0.0;-2.1;1.39;-0.05;290.0;400.0;393.0;446.0;122.0;38.0;83.0;20.0;0.37;0.38;-10.67;0.6;0.45;0.34
1753881464.447478;0.0;0.0;0.0;-2.1;1.39;-0.05;290.0;400.0;393.0;446.0;122.0;38.0;83.0;20.0;0.39;0.37;-10.67;0.5;0.24;1.03
1753881464.452478;0.0;0.0;0.0;-2.1;1.39;-0.05;290.0;400.0;393.0;446.0;122.0;38.0;83.0;20.0;0.41;0.35;-10.65;0.4;0.28;1.12
1753881464.457478;0.0;0.0;0.0;-2.1;1.39;-0.05;290.0;400.0;393.0;446.0;122.0;38.0;83.0;20.0;0.41;0.31;-10.67;0.5;0.56;0.78
1753881464.462478;0.0;0.0;0.0;-2.1;1.39;-0.05;290.0;400.0;393.0;446.0;122.0;38.0;83.0;20.0;0.42;0.31;-10.68;0.66;0.38;1.25
1753881464.467478;0.0;0.0;0.0;-2.1;1.39;-0.05;290.0;400.0;393.0;446.0;122.0;38.0;83.0;20.0;0.44;0.3;-10.66;0.52;0.26;1.35
1753881464.472478;0.0;0.0;0.0;-2.1;1.39;-0.05;290.0;400.0;393.0;446.0;122.0;38.0;83.0;20.0;0.45;0.28;-10.66;0.46;0.36;0.99
1753881464.477478;0.0;0.0;0.0;-2.1;1.39;-0.05;290.0;400.0;393.0;446.0;122.0;38.0;83.0;20.0;0.46;0.29;-10.68;0.54;0.32;1.37
1753881464.482478;0.0;0.0;0.0;-2.1;1.39;-0.05;290.0;400.0;393.0;446.0;122.0;38.0;83.0;20.0;0.47;0.3;-10.68;0.37;0.32;1.55
1753881464.487478;0.0;0.0;0.0;-2.1;1.39;-0.05;290.0;400.0;393.0;446.0;122.0;38.0;83.0;20.0;0.49;0.31;-10.68;0.45;0.35;1.27
1753881464.492478;0.0;0.0;0.0;-2.1;1.39;-0.05;290.0;400.0;393.0;446.0;122.0;38.0;83.0;20.0;0.48;0.35;-10.68;0.5;0.34;1.34
1753881464.497478;0.0;0.0;0.0;-2.1;1.39;-0.05;290.0;400.0;393.0;446.0;122.0;38.0;83.0;20.0;0.49;0.4;-10.68;0.43;0.32;1.54
1753881464.502478;0.0;0.0;0.0;-2.1;1.39;-0.05;290.0;400.0;393.0;446.0;122.0;38.0;83.0;20.0;0.48;0.39;-10.67;0.51;0.45;1.51
1753881464.507478;0.0;0.0;0.0;-2.1;1.39;-0.05;290.0;400.0;393.0;446.0;122.0;38.0;83.0;20.0;0.49;0.39;-10.68;0.54;0.45;1.25
1753881464.512478;0.0;0.0;0.0;-2.1;1.39;-0.05;290.0;400.0;393.0;446.0;122.0;38.0;83.0;20.0;0.5;0.4;-10.67;0.57;0.53;1.64
1753881464.517478;0.0;0.0;0.0;-2.1;1.39;-0.05;290.0;400.0;393.0;446.0;122.0;38.0;83.0;20.0;0.52;0.38;-10.67;0.48;0.46;2.23
1753881464.522478;0.0;0.0;0.0;-2.1;1.39;-0.05;290.0;400.0;393.0;446.0;122.0;38.0;83.0;20.0;0.54;0.35;-10.68;0.54;0.41;2.43
1753881464.527478;0.0;0.0;0.0;-2.1;1.49;-0.05;425.9;371.3;355.9;466.6;125.8;44.8;137.1;39.6;0.58;0.35;-10.68;0.51;0.5;2.93
1753881464.532478;0.0;0.0;0.0;-2.0;1.61;-0.04;493.0;446.0;720.0;830.0;122.0;41.0;164.0;88.0;0.61;0.29;-10.67;0.61;0.6;2.96
1753881464.537478;0.0;0.0;0.0;-2.0;1.61;-0.04;493.0;446.0;720.0;830.0;122.0;41.0;164.0;88.0;0.68;0.28;-10.69;0.76;0.35;3.05
1753881464.542478;0.0;0.0;0.0;-2.0;1.51;-0.03;312.8;459.5;681.0;607.0;122.0;40.1;162.9;124.3;0.33;0.1;-10.68;0.48;0.03;2.49
1753881464.547478;0.0;0.0;0.0;-2.1;1.46;-0.05;439.7;451.7;640.5;721.6;122.0;39.6;176.9;40.8;0.96;0.46;-10.69;0.55;0.27;2.58
1753881464.552478;0.0;0.0;0.0;-2.1;1.68;-0.04;565.7;443.5;780.8;918.0;122.0;40.2;164.2;35.0;0.88;0.42;-10.86;0.86;0.15;4.69
1753881464.557478;0.0;0.0;0.0;-2.0;1.8;-0.04;594.5;462.7;928.5;672.8;122.0;41.0;155.1;75.5;0.78;0.48;-10.65;0.6;0.38;3.36
1753881464.562478;0.0;0.0;0.0;-2.0;1.61;-0.04;486.7;447.3;663.3;775.2;122.0;41.0;202.5;89.5;0.67;0.48;-10.73;0.57;0.36;3.14
1753881464.567479;0.0;0.0;0.0;-2.0;1.54;-0.04;392.9;464.3;778.6;801.3;122.0;42.6;126.0;92.0;0.71;0.91;-10.68;0.48;0.42;5.13
1753881464.572479;0.0;0.0;0.0;-2.0;1.5;-0.05;484.0;409.5;660.9;821.1;122.0;41.3;127.0;131.0;0.67;1.02;-10.84;0.51;0.06;2.89
1753881464.577479;0.0;0.0;0.0;-2.1;1.56;-0.04;415.8;446.6;605.6;1046.8;122.0;41.7;118.3;88.7;1.24;0.88;-10.76;0.76;0.03;4.74
1753881464.582479;0.0;0.0;0.0;-2.1;1.62;-0.03;375.2;438.1;745.3;781.5;122.0;39.9;135.0;101.3;0.71;0.6;-10.8;-0.02;0.34;3.33
1753881464.587479;0.0;0.0;0.0;-2.1;1.66;-0.05;489.8;473.3;741.3;749.0;122.0;39.3;190.2;80.2;1.18;1.39;-10.77;0.01;0.09;3.9
1753881464.592479;0.0;0.0;0.0;-2.0;1.64;-0.04;486.8;449.5;759.0;918.8;122.0;43.2;89.2;97.0;0.78;1.57;-10.86;-0.1;0.41;5.36
1753881464.597479;0.0;0.0;0.0;-2.0;1.56;-0.04;518.5;439.2;551.8;748.1;122.0;42.7;127.2;122.8;0.95;1.46;-10.83;0.31;0.11;4.81
1753881464.60248;0.0;0.0;0.0;-2.1;1.58;-0.04;478.3;433.1;649.1;876.6;122.0;40.7;134.7;109.2;1.46;0.94;-10.84;0.1;0.19;4.31
1753881464.60748;0.0;0.0;0.0;-2.0;1.58;-0.04;570.3;435.5;838.4;493.4;122.0;39.9;133.6;70.0;1.4;1.78;-10.8;0.35;0.46;4.29
1753881464.61248;0.0;0.0;0.0;-2.0;1.52;-0.04;390.0;425.5;730.9;635.8;122.0;40.0;172.8;68.6;1.29;2.01;-10.96;-0.2;0.24;6.59
1753881464.61748;0.0;0.0;0.0;-2.0;1.58;-0.05;564.9;463.2;683.2;628.0;122.0;41.6;155.3;100.1;1.52;1.16;-10.88;-0.37;0.21;5.72
1753881464.62248;0.0;0.0;0.0;-2.0;1.66;-0.04;608.8;473.4;603.3;1082.9;122.0;40.8;147.2;65.6;1.44;1.57;-10.84;-0.14;0.13;6.5
1753881464.62748;0.0;0.0;0.0;-2.1;1.55;-0.05;392.4;448.8;652.7;867.4;122.0;40.8;154.5;85.0;1.57;1.27;-11.0;-0.29;0.17;4.86
1753881464.632478;0.0;0.0;0.0;-2.0;1.61;-0.04;493.0;446.0;720.0;830.0;122.0;41.0;164.0;88.0;1.46;1.88;-10.94;-0.15;0.04;5.48
1753881464.637478;0.0;0.0;0.0;-2.0;1.61;-0.04;493.0;446.0;720.0;830.0;122.0;41.0;164.0;88.0;1.7;1.87;-10.8;0.32;-0.93;3.39
1753881464.642478;0.0;0.0;0.0;-2.0;1.61;-0.04;493.0;446.0;720.0;830.0;122.0;41.0;164.0;88.0;1.69;2.03;-10.7;1.24;-0.41;0.5
1753881464.647478;0.0;0.0;0.0;-2.0;1.61;-0.04;493.0;446.0;720.0;830.0;122.0;41.0;164.0;88.0;1.21;2.11;-10.8;0.57;0.61;1.45
1753881464.652478;0.0;0.0;0.0;-2.0;1.61;-0.04;493.0;446.0;720.0;830.0;122.0;41.0;164.0;88.0;1.55;2.03;-10.76;-0.33;-0.85;3.74
1753881464.657478;0.0;0.0;0.0;-2.0;1.61;-0.04;493.0;446.0;720.0;830.0;122.0;41.0;164.0;88.0;1.64;1.88;-10.85;0.45;-0.11;-2.92
1753881464.662478;0.0;0.0;0.0;-2.0;1.61;-0.04;493.0;446.0;720.0;830.0;122.0;41.0;164.0;88.0;1.08;1.86;-10.86;0.74;0.03;-2.51
1753881464.667478;0.0;0.0;0.0;-2.0;1.61;-0.04;493.0;446.0;720.0;830.0;122.0;41.0;164.0;88.0;1.16;1.72;-10.57;0.51;-0.61;0.11
1753881464.672478;0.0;0.0;0.0;-2.0;1.61;-0.04;493.0;446.0;720.0;830.0;122.0;41.0;164.0;88.0;1.23;1.49;-10.37;1.06;1.15;-3.78
1753881464.677478;0.0;0.0;0.0;-2.0;1.61;-0.04;493.0;446.0;720.0;830.0;122.0;41.0;164.0;88.0;0.89;1.42;-10.54;0.99;1.25;-3.39
1753881464.682478;0.0;0.0;0.0;-2.0;1.61;-0.04;493.0;446.0;720.0;830.0;122.0;41.0;164.0;88.0;0.92;1.14;-10.82;0.16;-0.67;-0.54
1753881464.687478;0.0;0.0;0.0;-2.0;1.61;-0.04;493.0;446.0;720.0;830.0;122.0;41.0;164.0;88.0;1.14;0.77;-10.67;0.91;-0.55;-3.35
1753881464.692478;0.0;0.0;0.0;-2.0;1.61;-0.04;493.0;446.0;720.0;830.0;122.0;41.0;164.0;88.0;0.77;0.54;-10.61;1.27;1.1;-3.19
1753881464.697478;0.0;0.0;0.0;-2.0;1.61;-0.04;493.0;446.0;720.0;830.0;122.0;41.0;164.0;88.0;0.76;0.32;-10.68;0.83;-0.04;0.69
1753881464.702478;0.0;0.0;0.0;-2.0;1.61;-0.04;493.0;446.0;720.0;830.0;122.0;41.0;164.0;88.0;1.1;0.0;-10.67;1.27;-0.22;-1.93
1753881464.707478;0.0;0.0;-0.0;-1.9;1.72;-0.12;465.1;607.0;1227.6;754.4;117.6;49.6;113.4;94.9;0.91;0.2;-10.95;1.19;-0.53;-0.96
1753881464.712478;0.0;0.0;-0.0;-2.1;1.67;-0.04;416.5;318.8;441.3;691.3;109.1;43.3;159.7;118.0;0.74;0.35;-10.63;1.32;-0.31;-3.28
1753881464.717478;0.0;0.0;0.0;-1.9;1.67;-0.05;1290.0;1278.6;910.7;1434.6;97.6;48.6;201.8;69.3;0.75;0.18;-10.54;1.3;0.78;-3.8
1753881464.722478;0.0;0.0;0.0;-2.1;1.45;0.01;709.3;1142.8;1167.2;779.7;107.0;48.9;134.5;77.5;1.18;-1.05;-10.52;0.81;-0.16;-1.65
1753881464.727478;0.0;0.0;-0.0;-2.0;1.81;-0.09;1792.3;387.5;750.1;851.1;91.8;40.2;176.4;115.2;1.05;-0.42;-10.68;1.15;-0.75;-3.59
1753881464.732478;0.0;0.0;0.0;-1.8;1.86;-0.08;784.7;225.8;656.1;1247.9;47.2;48.1;125.2;58.2;1.37;0.43;-10.82;1.88;-0.54;2.05
1753881464.737479;0.0;0.0;-0.0;-2.0;1.61;0.04;806.7;1222.2;1616.8;1538.8;97.1;49.6;128.4;106.8;1.25;1.17;-10.61;0.93;-0.44;-1.34
1753881464.742479;0.0;0.0;-0.0;-2.0;1.73;0.03;1354.5;234.9;876.3;1066.1;115.3;47.6;110.4;25.4;0.98;-0.21;-10.56;1.54;-0.0;-3.61
1753881464.747479;0.0;0.0;-0.0;-1.9;1.8;0.07;426.6;1123.5;1399.4;1286.8;70.6;52.7;117.4;69.6;-0.18;0.22;-10.8;0.94;-0.16;-3.12
1753881464.752479;0.0;0.0;-0.0;-1.8;2.28;0.02;1877.0;1752.5;1600.8;1363.0;82.0;49.0;119.9;68.7;0.37;0.3;-10.52;1.58;1.3;0.97
1753881464.757479;0.0;0.0;-0.0;-1.9;2.38;0.01;852.1;1201.7;1148.8;957.3;21.9;44.1;168.0;74.6;0.16;1.17;-10.69;1.71;0.98;-3.83
1753881464.762479;0.0;0.0;-0.0;-1.7;2.1;0.0;1919.3;490.5;1222.5;1035.5;29.7;47.9;150.9;12.9;0.74;0.32;-10.45;0.86;1.12;-3.71
1753881464.76748;0.0;0.0;-0.0;-1.9;2.35;0.01;869.8;678.9;1156.7;1978.7;79.5;51.0;108.4;71.8;0.39;-0.42;-10.7;1.02;1.04;-5.19
1753881464.77248;0.0;0.0;-0.0;-1.9;1.95;0.1;2209.3;1185.4;1273.4;1816.7;87.9;62.7;145.0;42.3;-0.31;0.25;-10.64;2.11;0.41;3.3
1753881464.77748;0.1;0.0;-0.0;-1.7;2.14;0.1;2017.7;746.0;791.7;2154.1;77.1;67.1;110.1;14.2;0.99;0.76;-10.42;1.14;0.6;-5.16
1753881464.78248;0.0;0.0;-0.0;-1.7;2.6;0.11;2725.0;1543.4;1730.4;1638.7;82.3;57.3;121.5;67.5;-0.47;0.39;-10.91;1.46;-0.14;-9.77
1753881464.78748;0.0;0.0;-0.0;-1.8;2.15;0.27;1475.1;1494.1;1673.5;2288.1;105.9;48.2;141.5;58.2;0.53;0.88;-10.39;0.91;1.54;-8.38
1753881464.79248;0.0;0.0;-0.0;-1.8;2.7;0.09;1852.2;1999.6;2461.1;1553.0;63.4;55.3;57.1;27.7;0.14;-0.23;-10.66;1.2;0.86;-1.37
1753881464.79748;0.1;0.0;-0.0;-1.9;2.52;0.09;1859.9;1145.0;1557.1;2605.0;65.9;56.6;66.2;23.2;0.46;0.64;-10.66;1.91;0.6;0.39
1753881464.80248;0.0;0.0;-0.0;-1.7;2.65;0.16;1953.8;1389.3;1906.9;1887.0;72.7;51.4;57.4;42.4;0.6;1.19;-10.59;1.44;1.53;-2.76
1753881464.80748;0.0;0.0;-0.0;-1.8;2.62;0.11;1764.9;1979.0;1875.4;2196.9;78.0;63.4;111.4;92.8;0.24;0.9;-10.73;0.32;1.48;-5.01
1753881464.81248;0.0;0.0;-0.0;-1.6;2.8;0.15;2042.1;2014.7;1381.2;2432.4;51.9;59.7;35.9;58.5;0.41;0.4;-10.86;1.6;1.07;-6.16
1753881464.81748;0.0;0.0;-0.0;-1.7;3.26;0.26;2177.2;1993.7;2241.9;1956.3;-18.8;62.7;70.3;46.5;-0.45;2.24;-10.55;1.29;1.52;1.25
1753881464.822481;0.0;0.0;-0.0;-1.8;2.49;0.28;2263.9;2242.4;2632.2;2955.4;46.6;56.1;81.6;31.6;-1.0;1.32;-10.47;1.58;1.46;-3.94
1753881464.827481;0.1;0.0;-0.0;-1.8;2.97;0.1;2853.0;2017.9;2171.4;2913.1;-6.4;62.4;103.8;19.0;0.09;0.43;-10.41;1.16;0.36;2.34
1753881464.832478;0.1;0.0;-0.0;-1.7;2.94;0.23;2453.0;2380.0;2150.0;2453.0;7.0;64.0;63.0;27.0;-0.04;0.93;-10.58;1.12;1.16;-3.98
1753881464.837478;0.1;0.0;-0.0;-1.7;2.94;0.23;2453.0;2380.0;2150.0;2453.0;7.0;64.0;63.0;27.0;0.05;1.15;-10.44;0.85;1.22;-2.82
1753881464.842478;0.1;0.0;-0.0;-1.7;2.94;0.23;2453.0;2380.0;2150.0;2453.0;7.0;64.0;63.0;27.0;0.11;1.29;-10.33;0.66;0.28;3.23
1753881464.847478;0.1;0.0;-0.0;-1.7;2.94;0.23;2453.0;2380.0;2150.0;2453.0;7.0;64.0;63.0;27.0;0.0;0.91;-10.52;1.06;0.76;-3.02
1753881464.852478;0.1;0.0;-0.0;-1.7;2.94;0.23;2453.0;2380.0;2150.0;2453.0;7.0;64.0;63.0;27.0;0.16;1.04;-10.59;1.12;0.78;-3.47
1753881464.857478;0.1;0.0;-0.0;-1.6;3.15;0.29;1908.1;2671.6;2753.2;3159.3;169.3;58.4;108.4;43.4;0.17;2.21;-10.49;0.57;1.2;-1.96
1753881464.862478;0.1;0.0;-0.0;-1.6;3.27;0.08;1948.1;2104.6;2330.6;1368.5;21.0;85.9;78.5;24.9;-0.04;1.1;-10.76;1.35;1.11;-1.02
1753881464.867478;0.0;0.0;-0.0;-1.9;3.02;0.01;2271.2;2485.4;2925.3;3369.8;-55.3;69.0;103.7;15.6;1.17;1.04;-10.43;1.77;0.59;-5.96
1753881464.872478;0.0;0.0;-0.0;-1.9;2.43;0.23;1123.7;2911.4;1915.8;2677.3;62.1;57.7;140.7;37.3;-0.2;1.51;-10.63;1.07;0.62;1.0
1753881464.877478;0.1;0.0;-0.0;-1.6;4.12;0.19;2515.1;2272.3;2663.5;3400.5;-40.7;41.6;104.5;39.0;-0.02;1.65;-10.42;0.48;-1.03;-1.97
1753881464.882479;0.1;0.0;-0.0;-1.7;3.03;0.11;3919.5;3427.1;1933.6;2593.7;33.0;54.5;-47.1;38.8;0.35;1.43;-10.61;1.57;1.37;-3.11
1753881464.887479;0.0;0.0;-0.0;-1.9;1.75;0.15;2692.9;2620.4;3358.2;2912.9;75.4;39.2;131.7;7.5;-0.06;0.77;-10.73;1.6;0.53;-6.25
1753881464.892479;0.1;0.0;-0.0;-1.8;2.38;0.22;2350.5;4337.8;2021.3;2990.6;-76.7;39.6;82.5;24.5;-0.92;1.16;-10.67;1.77;0.65;-1.88
1753881464.897479;0.1;0.0;-0.0;-1.8;2.87;0.08;1417.5;2172.5;2404.4;1952.1;-77.3;47.2;-12.0;19.0;-0.51;0.87;-10.51;0.77;0.92;-3.28
1753881464.902479;0.1;0.0;-0.0;-1.9;3.37;0.15;1782.8;3432.7;3004.0;2572.3;26.1;44.7;29.2;23.6;-0.33;1.3;-10.71;1.13;1.27;-0.27
1753881464.907479;0.0;0.0;-0.0;-1.9;3.06;0.4;2842.0;1515.0;1384.5;2503.7;54.7;48.4;28.9;47.6;-0.07;0.92;-10.65;1.19;0.77;0.74
1753881464.91248;0.1;0.0;-0.0;-1.7;2.83;0.3;1420.2;3153.6;3466.5;2560.1;-3.9;37.1;31.1;29.1;1.23;1.07;-10.45;1.45;0.57;-4.55
1753881464.91748;0.0;0.0;-0.0;-2.1;3.53;0.0;4252.1;1996.9;2068.7;2033.9;-0.7;58.8;55.2;73.2;0.24;-0.35;-10.37;1.39;0.44;-1.15
1753881464.92248;0.0;0.0;-0.0;-1.8;2.94;0.42;2873.3;1965.0;2160.7;1013.7;171.3;47.5;72.0;27.6;0.35;1.2;-10.49;0.64;1.16;-4.4
1753881464.92748;0.1;0.0;-0.0;-1.8;2.15;0.05;2276.6;1573.6;2309.6;2000.5;-62.1;48.5;10.9;57.7;0.63;0.52;-10.92;1.28;0.1;-3.32
1753881464.93248;0.1;0.0;-0.0;-2.1;3.95;0.17;3159.0;1122.6;2255.9;3316.8;10.3;46.5;30.9;51.9;0.01;1.14;-10.76;-0.11;1.04;1.49
1753881464.93748;0.1;0.0;-0.0;-1.7;2.99;0.72;1474.5;3379.6;2395.9;1535.6;113.7;61.8;81.1;-14.3;-0.86;0.25;-10.48;0.28;0.75;-2.95
1753881464.94248;0.1;0.0;-0.0;-1.9;1.92;0.12;2848.7;1937.3;1867.5;2877.4;99.8;33.4;61.2;-7.7;0.55;1.58;-10.64;0.63;1.19;-0.05
1753881464.94748;0.1;0.0;-0.0;-1.8;2.47;0.27;1924.3;2200.9;2095.7;3108.8;9.0;22.0;55.2;46.0;0.22;0.82;-10.94;1.04;0.44;-3.77
1753881464.95248;0.1;0.0;-0.0;-2.4;2.28;0.12;2720.3;1968.5;1358.1;1943.9;131.6;36.2;0.8;21.9;-0.35;0.06;-10.5;1.11;0.36;-3.34
1753881464.95748;0.0;0.0;-0.0;-2.1;3.39;0.23;3197.7;1193.6;1577.4;3029.8;120.5;16.5;24.4;62.9;0.69;1.35;-10.54;0.81;1.07;1.79
1753881464.96248;0.0;0.0;-0.0;-2.0;2.26;0.15;1819.4;899.4;2595.7;2665.2;33.0;25.9;34.6;8.4;0.26;1.85;-10.68;0.91;-0.84;-3.5
1753881464.967481;0.0;0.0;-0.0;-1.9;1.76;0.09;1032.3;2373.4;3601.8;2923.9;10.7;31.1;3.5;29.4;-0.22;0.06;-10.37;0.65;-0.37;-0.57
1753881464.972481;0.1;0.0;-0.0;-2.0;2.7;0.04;1105.2;2047.7;2834.3;2595.5;102.9;37.4;158.3;58.7;0.08;1.87;-10.7;0.86;-0.9;-4.83
1753881464.977481;0.0;0.0;-0.0;-2.1;3.2;0.47;1233.8;3135.2;1627.7;4209.6;44.8;13.1;33.9;49.5;0.28;1.57;-10.64;1.24;-0.12;-6.62
1753881464.982481;0.1;0.0;-0.0;-1.9;2.64;0.16;1919.7;2594.3;1679.0;2023.3;45.2;18.7;50.4;43.9;0.16;0.45;-10.53;0.82;1.84;0.29
1753881464.987481;0.1;0.0;-0.0;-2.1;2.3;0.13;2771.0;1876.3;1474.6;2418.6;-47.2;6.2;22.2;36.3;0.61;1.19;-10.53;0.56;0.81;1.81
1753881464.992481;0.1;0.0;-0.0;-2.1;3.03;0.2;2877.1;3812.6;2621.4;2506.6;47.9;-7.2;53.4;56.8;0.51;1.24;-10.8;0.37;-0.69;-1.81
1753881464.997481;0.0;0.0;-0.0;-2.1;2.63;0.09;3995.3;3092.2;762.7;3257.5;58.9;20.3;76.7;39.7;-0.06;0.85;-10.64;0.77;-0.0;-0.94
1753881465.002482;0.1;0.0;-0.0;-2.0;3.03;0.08;2926.8;2551.7;2020.9;1822.7;19.7;8.8;73.4;66.0;0.63;1.72;-10.47;0.74;1.0;-0.73
1753881465.007482;0.1;0.0;-0.0;-2.2;2.87;0.15;2384.9;2913.7;1940.8;2046.3;13.1;5.5;-38.3;5.0;0.54;0.46;-10.64;1.02;0.04;-0.83
1753881465.012478;0.1;0.0;-0.0;-2.2;2.51;0.17;2140.0;2396.0;2350.0;2250.0;33.0;-6.0;35.0;36.0;0.28;0.95;-10.61;0.78;0.1;-0.42
1753881465.017478;0.1;0.0;-0.0;-2.2;2.51;0.17;2140.0;2396.0;2350.0;2250.0;33.0;-6.0;35.0;36.0;0.38;0.98;-10.59;0.88;-0.08;0.61
1753881465.022478;0.1;0.0;-0.0;-2.2;2.51;0.17;2140.0;2396.0;2350.0;2250.0;33.0;-6.0;35.0;36.0;0.39;0.84;-10.58;0.97;0.19;-0.34
1753881465.027478;0.1;0.0;-0.0;-2.2;2.51;0.17;2140.0;2396.0;2350.0;2250.0;33.0;-6.0;35.0;36.0;0.41;0.76;-10.57;1.09;0.38;-1.04
1753881465.032478;0.1;0.0;-0.0;-2.2;2.51;0.17;2140.0;2396.0;2350.0;2250.0;33.0;-6.0;35.0;36.0;0.54;0.79;-10.52;1.09;0.17;0.8
1753881465.037478;0.1;0.0;-0.0;-2.2;2.51;0.17;2140.0;2396.0;2350.0;2250.0;33.0;-6.0;35.0;36.0;0.55;0.64;-10.55;1.1;0.13;-0.11
1753881465.042478;0.1;0.0;-0.0;-2.2;2.51;0.17;2140.0;2396.0;2350.0;2250.0;33.0;-6.0;35.0;36.0;0.56;0.56;-10.53;1.25;0.52;-1.04
1753881465.047478;0.1;0.0;-0.0;-2.2;2.51;0.17;2140.0;2396.0;2350.0;2250.0;33.0;-6.0;35.0;36.0;0.61;0.52;-10.5;1.44;0.06;0.07
1753881465.052478;0.1;0.0;-0.0;-2.2;2.51;0.17;2140.0;2396.0;2350.0;2250.0;33.0;-6.0;35.0;36.0;0.58;0.46;-10.55;1.36;0.24;-0.33
1753881465.057478;0.1;0.0;-0.0;-2.2;2.51;0.17;2140.0;2396.0;2350.0;2250.0;33.0;-6.0;35.0;36.0;0.53;0.45;-10.62;1.43;0.09;-0.65
1753881465.062478;0.1;0.0;-0.0;-2.2;2.51;0.17;2140.0;2396.0;2350.0;2250.0;33.0;-6.0;35.0;36.0;0.52;0.46;-10.61;1.79;0.33;-1.57
1753881465.067478;0.1;0.0;-0.0;-2.2;2.51;0.17;2140.0;2396.0;2350.0;2250.0;33.0;-6.0;35.0;36.0;0.42;0.79;-10.54;1.03;0.93;0.11
1753881465.072478;0.1;0.0;-0.0;-2.2;2.51;0.17;2140.0;2396.0;2350.0;2250.0;33.0;-6.0;35.0;36.0;0.39;0.79;-10.72;-0.38;-0.6;2.69
1753881465.077478;0.1;0.0;-0.0;-2.2;2.51;0.17;2140.0;2396.0;2350.0;2250.0;33.0;-6.0;35.0;36.0;0.47;0.67;-11.19;-1.16;-2.15;2.2
1753881465.082478;0.1;0.0;-0.0;-2.2;2.51;0.17;2140.0;2396.0;2350.0;2250.0;33.0;-6.0;35.0;36.0;0.08;0.4;-11.57;-0.56;-0.27;-2.05
1753881465.087478;0.1;0.0;-0.0;-2.2;2.51;0.17;2140.0;2396.0;2350.0;2250.0;33.0;-6.0;35.0;36.0;0.14;0.2;-11.39;-0.15;-1.28;3.47
1753881465.092478;0.1;0.0;-0.0;-2.2;2.51;0.17;2140.0;2396.0;2350.0;2250.0;33.0;-6.0;35.0;36.0;0.27;-0.02;-11.1;-1.07;-1.12;6.84
1753881465.097478;0.1;0.0;-0.0;-2.2;2.51;0.17;2140.0;2396.0;2350.0;2250.0;33.0;-6.0;35.0;36.0;-0.16;-0.26;-11.06;-1.17;1.65;0.84
1753881465.102478;0.1;0.0;-0.0;-2.2;2.51;0.17;2140.0;2396.0;2350.0;2250.0;33.0;-6.0;35.0;36.0;-0.17;-0.34;-10.96;-0.99;0.43;7.24
1753881465.107478;0.1;0.0;-0.0;-2.2;2.51;0.17;2140.0;2396.0;2350.0;2250.0;33.0;-6.0;35.0;36.0;0.12;-0.59;-10.87;-1.2;-0.96;9.17
1753881465.112478;0.1;0.0;-0.0;-2.2;2.51;0.17;2140.0;2396.0;2350.0;2250.0;33.0;-6.0;35.0;36.0;-0.21;-0.74;-11.01;-0.57;1.71;2.66
1753881465.117478;0.1;0.0;-0.0;-2.2;2.51;0.17;2140.0;2396.0;2350.0;2250.0;33.0;-6.0;35.0;36.0;-0.32;-0.67;-11.1;0.03;0.69;6.85
1753881465.122478;0.1;0.0;-0.0;-2.2;2.51;0.17;2140.0;2396.0;2350.0;2250.0;33.0;-6.0;35.0;36.0;0.05;-0.95;-11.12;-0.42;-1.33;9.38
1753881465.127478;0.1;0.0;-0.0;-2.2;2.51;0.17;2140.0;2396.0;2350.0;2250.0;33.0;-6.0;35.0;36.0;-0.09;-1.01;-10.94;-0.39;0.5;3.02
1753881465.132478;0.1;0.0;-0.0;-2.2;2.51;0.17;2140.0;2396.0;2350.0;2250.0;33.0;-6.0;35.0;36.0;-0.03;-0.84;-11.09;-0.86;2.51;9.49
1753881465.137478;0.1;0.0;-0.0;-2.2;2.51;0.17;2140.0;2396.0;2350.0;2250.0;33.0;-6.0;35.0;36.0;-0.63;-0.06;-10.82;-0.1;-1.05;3.33
1753881465.142478;0.1;0.0;-0.0;-2.2;2.51;0.17;2140.0;2396.0;2350.0;2250.0;33.0;-6.0;35.0;36.0;0.03;-1.12;-10.48;-0.43;1.57;6.56
1753881465.147478;0.1;0.0;-0.0;-2.2;2.51;0.17;2140.0;2396.0;2350.0;2250.0;33.0;-6.0;35.0;36.0;0.21;-0.15;-10.65;-1.22;0.89;5.97
1753881465.152478;0.1;0.0;-0.0;-2.2;2.51;0.17;2140.0;2396.0;2350.0;2250.0;33.0;-6.0;35.0;36.0;0.02;0.17;-9.96;-0.13;1.59;-4.45
1753881465.157478;0.1;0.0;-0.0;-2.2;2.51;0.17;2140.0;2396.0;2350.0;2250.0;33.0;-6.0;35.0;36.0;-0.58;0.7;-10.78;-0.68;0.21;1.54
1753881465.162479;0.1;0.0;-0.0;-2.2;2.51;0.17;2140.0;2396.0;2350.0;2250.0;33.0;-6.0;35.0;36.0;-0.26;0.29;-10.57;-0.18;0.54;1.21
1753881465.167479;0.1;0.0;-0.0;-2.2;2.51;0.17;2140.0;2396.0;2350.0;2250.0;33.0;-6.0;35.0;36.0;-0.16;0.67;-10.43;-1.03;0.02;4.74
1753881465.172479;0.1;0.0;-0.0;-2.2;2.51;0.17;2140.0;2396.0;2350.0;2250.0;33.0;-6.0;35.0;36.0;0.23;0.03;-10.41;-0.55;1.84;4.62
1753881465.177479;0.1;0.0;-0.0;-2.2;2.51;0.17;2140.0;2396.0;2350.0;2250.0;33.0;-6.0;35.0;36.0;0.03;0.35;-10.48;0.13;1.77;5.28
1753881465.182479;0.1;0.0;-0.0;-2.2;2.51;0.17;2140.0;2396.0;2350.0;2250.0;33.0;-6.0;35.0;36.0;0.09;1.2;-11.12;2.29;0.69;-0.55
1753881465.187479;0.1;0.0;-0.0;-2.2;2.51;0.17;2140.0;2396.0;2350.0;2250.0;33.0;-6.0;35.0;36.0;0.04;1.48;-10.82;1.31;0.69;-5.78
1753881465.192479;0.1;0.0;-0.0;-2.2;2.51;0.17;2140.0;2396.0;2350.0;2250.0;33.0;-6.0;35.0;36.0;0.15;0.93;-10.31;1.41;0.0;-7.01
1753881465.197478;0.1;0.0;-0.0;-2.2;2.51;0.17;2140.0;2396.0;2350.0;2250.0;33.0;-6.0;35.0;36.0;0.14;1.39;-10.54;0.81;0.24;-1.15
1753881465.202478;0.1;0.0;-0.0;-2.2;2.51;0.17;2140.0;2396.0;2350.0;2250.0;33.0;-6.0;35.0;36.0;0.5;1.29;-10.34;0.61;-0.12;-0.22
1753881465.207478;0.1;0.0;-0.0;-2.2;2.51;0.17;2140.0;2396.0;2350.0;2250.0;33.0;-6.0;35.0;36.0;0.19;1.09;-10.39;0.73;1.38;-4.58
1753881465.212478;0.1;0.0;-0.0;-2.2;2.51;0.17;2140.0;2396.0;2350.0;2250.0;33.0;-6.0;35.0;36.0;0.14;1.18;-10.42;0.76;1.13;-2.94
1753881465.217478;0.1;0.0;-0.0;-2.2;2.51;0.17;2140.0;2396.0;2350.0;2250.0;33.0;-6.0;35.0;36.0;0.42;1.19;-10.4;0.74;0.25;-0.22
1753881465.222478;0.1;0.0;-0.0;-2.2;2.51;0.17;2140.0;2396.0;2350.0;2250.0;33.0;-6.0;35.0;36.0;0.31;0.99;-10.48;0.66;1.08;-4.06
1753881465.227478;0.1;0.0;-0.0;-2.2;2.51;0.17;2140.0;2396.0;2350.0;2250.0;33.0;-6.0;35.0;36.0;0.24;0.99;-10.49;0.16;1.64;-2.86
1753881465.232478;0.1;0.0;-0.0;-2.2;2.76;0.17;2134.4;2408.6;2353.2;2240.3;33.1;-10.4;35.3;30.7;0.38;0.62;-10.09;0.54;1.13;-3.75
1753881465.237478;0.1;0.0;-0.0;-2.2;2.55;0.17;2161.5;2317.5;2349.8;2264.9;35.0;-2.8;31.9;23.5;0.25;3.67;-10.62;0.86;-0.15;-11.3
1753881465.242478;0.1;0.0;-0.0;-2.2;2.58;0.17;2165.9;2328.1;2337.2;2246.2;34.9;-3.7;33.4;25.8;0.12;0.04;-10.68;0.11;0.72;3.32
1753881465.247478;0.0;-0.0;-0.0;-2.1;2.46;0.17;2145.5;2420.8;2333.5;2237.4;31.1;1.7;34.1;55.2;0.22;1.0;-10.21;1.33;-0.27;-4.46
1753881465.252478;0.1;0.0;-0.0;-2.1;2.23;0.17;2145.7;2415.1;2330.8;2228.3;35.2;-3.9;32.4;23.9;0.14;1.26;-10.33;0.76;1.11;2.92
1753881465.257479;0.1;0.0;-0.0;-2.2;2.05;0.17;2152.0;2341.6;2312.4;2253.7;36.0;0.4;36.4;33.7;0.18;0.81;-10.18;0.58;1.65;-9.68
1753881465.262479;0.1;0.0;-0.0;-2.2;2.14;0.17;2142.2;2399.1;2320.2;2236.8;36.8;1.3;38.0;68.0;-0.14;1.23;-10.14;1.94;2.4;1.75
1753881465.267479;0.1;0.0;-0.0;-2.2;2.32;0.17;2134.1;2337.9;2347.1;2184.2;37.9;0.5;28.1;53.7;-0.21;-0.42;-10.8;0.54;0.75;-8.57
1753881465.272479;0.1;0.0;-0.0;-2.2;2.43;0.17;2157.3;2378.1;2347.2;2237.2;33.7;-2.3;30.1;51.1;-0.22;1.41;-10.97;-0.32;1.71;-8.47
1753881465.277479;0.1;0.0;-0.0;-2.2;2.34;0.17;2161.5;2355.9;2335.0;2218.3;35.1;2.0;35.3;52.7;-0.32;1.42;-10.04;2.06;1.64;2.04
1753881465.282479;0.1;0.0;-0.0;-2.2;2.18;0.17;2152.3;2364.8;2308.6;2240.1;34.4;0.3;33.1;47.2;-0.01;0.11;-9.77;1.56;2.58;-3.71
1753881465.28748;0.1;-0.0;-0.0;-2.2;2.4;0.17;2144.5;2344.1;2314.1;2233.6;38.9;5.6;28.3;44.8;0.32;-0.37;-10.89;-0.21;-0.13;-5.85
1753881465.29248;0.1;0.0;-0.0;-2.2;2.05;0.17;2159.3;2368.8;2345.1;2201.6;36.7;4.1;32.2;68.3;-0.12;0.38;-10.21;1.12;-0.2;-0.4
1753881465.29748;0.1;0.0;-0.0;-2.2;2.0;0.17;2170.5;2334.8;2324.9;2190.9;32.0;7.8;21.0;43.2;-0.06;1.65;-10.68;-0.89;0.88;-7.38
1753881465.30248;0.1;0.0;-0.0;-2.2;1.98;0.17;2166.8;2301.6;2291.0;2226.2;34.4;0.8;28.0;83.5;-0.09;2.15;-10.41;1.78;0.77;2.64
1753881465.30748;0.1;0.0;-0.0;-2.2;2.06;0.17;2151.6;2344.0;2295.8;2199.8;37.7;4.5;30.5;82.3;-0.34;1.6;-10.77;0.9;0.9;-2.77
1753881465.31248;0.1;0.0;-0.0;-2.2;2.21;0.17;2164.0;2309.9;2311.6;2194.6;36.3;0.7;25.7;39.7;-0.08;-0.47;-10.47;-1.0;2.22;-1.64
1753881465.31748;0.1;0.0;-0.0;-2.3;2.24;0.17;2157.0;2293.7;2308.2;2211.5;34.3;3.6;24.5;57.6;0.11;1.6;-10.28;0.33;0.93;-2.76
1753881465.32248;0.2;0.0;-0.0;-2.2;1.93;0.17;2175.9;2299.6;2292.3;2205.1;39.3;5.9;22.4;89.9;0.09;-0.52;-10.54;0.8;1.07;0.71
1753881465.32748;0.2;0.0;-0.0;-2.2;2.2;0.17;2196.3;2346.3;2313.7;2176.0;39.0;10.5;26.8;76.9;-0.03;-0.86;-11.04;0.77;0.82;0.69
1753881465.33248;0.1;0.0;-0.0;-2.2;1.92;0.17;2173.1;2369.7;2298.7;2236.9;38.0;3.7;27.5;110.1;0.05;1.04;-11.31;0.32;2.67;-0.56
1753881465.33748;0.1;0.0;-0.0;-2.3;1.83;0.17;2168.3;2296.1;2296.4;2177.6;39.4;9.0;25.7;76.5;-0.23;0.48;-10.92;-0.48;0.38;-2.81
1753881465.342481;0.2;0.0;-0.0;-2.3;2.12;0.17;2181.5;2276.2;2305.9;2191.9;42.3;16.9;26.1;54.1;-0.01;0.35;-10.52;0.58;0.85;-1.38
1753881465.347481;0.1;0.0;-0.0;-2.3;1.95;0.17;2168.0;2301.0;2303.5;2177.0;38.0;11.4;23.5;73.1;0.09;0.27;-11.45;0.42;0.66;-3.88
1753881465.352481;0.2;0.0;-0.0;-2.2;2.03;0.17;2173.5;2275.8;2282.7;2204.3;37.8;23.8;22.8;99.8;-0.44;0.0;-10.34;-0.43;-0.11;5.2
1753881465.357481;0.1;0.0;-0.0;-2.3;1.87;0.17;2173.6;2300.7;2277.2;2174.7;41.0;12.4;24.8;77.2;-0.12;0.03;-10.97;0.29;-0.69;-0.87
1753881465.362481;0.1;0.0;-0.0;-2.3;1.88;0.17;2181.9;2272.7;2291.7;2168.2;39.8;9.5;19.8;93.9;-0.17;0.74;-11.04;0.98;1.83;-0.11
1753881465.367481;0.1;0.0;-0.0;-2.3;1.71;0.17;2183.6;2316.3;2286.4;2169.0;43.4;6.9;19.5;80.0;-0.19;0.72;-10.43;0.58;-0.13;0.96
1753881465.372481;0.2;0.0;-0.0;-2.2;1.82;0.17;2174.9;2292.9;2252.1;2169.5;40.0;5.7;18.3;94.1;-0.5;0.29;-11.19;-0.29;-1.96;0.73
1753881465.377478;0.2;0.0;-0.0;-2.3;1.78;0.17;2186.0;2276.0;2286.0;2176.0;41.0;14.0;21.0;101.0;-0.21;0.1;-10.73;0.56;-0.04;0.48
1753881465.382478;0.2;0.0;-0.0;-2.3;1.78;0.17;2186.0;2276.0;2286.0;2176.0;41.0;14.0;21.0;101.0;-0.02;0.35;-10.52;0.47;-0.19;2.99
1753881465.387478;0.2;0.0;-0.0;-2.3;1.78;0.17;2186.0;2276.0;2286.0;2176.0;41.0;14.0;21.0;101.0;-0.07;0.43;-10.58;0.9;0.56;-0.46
1753881465.392478;0.2;0.0;-0.0;-2.3;1.78;0.17;2186.0;2276.0;2286.0;2176.0;41.0;14.0;21.0;101.0;-0.09;0.55;-10.69;0.86;0.21;-0.76
1753881465.397478;0.2;0.0;-0.0;-2.3;1.78;0.17;2186.0;2276.0;2286.0;2176.0;41.0;14.0;21.0;101.0;0.07;0.74;-10.68;0.87;-0.22;1.09
1753881465.402478;0.2;0.0;-0.0;-2.3;1.78;0.17;2186.0;2276.0;2286.0;2176.0;41.0;14.0;21.0;101.0;0.01;0.83;-10.62;1.26;0.19;-0.09
1753881465.407478;0.2;0.0;-0.0;-2.3;1.78;0.17;2186.0;2276.0;2286.0;2176.0;41.0;14.0;21.0;101.0;0.04;0.89;-10.59;1.26;0.79;-1.96
1753881465.412478;0.2;0.0;-0.0;-2.3;1.78;0.17;2186.0;2276.0;2286.0;2176.0;41.0;14.0;21.0;101.0;0.1;1.05;-10.64;1.02;0.22;-0.2
1753881465.417478;0.2;0.0;-0.0;-2.3;1.97;0.17;2181.1;2158.9;2281.8;2175.8;40.4;14.9;32.8;144.1;-0.14;1.3;-10.87;1.7;-0.98;1.9
1753881465.422478;0.2;0.0;-0.0;-2.2;1.22;0.17;2197.1;2377.3;2241.6;2169.1;42.3;38.3;12.8;125.8;-0.02;1.12;-10.58;1.72;-1.03;-1.56
1753881465.427478;0.2;0.0;-0.0;-2.3;2.78;0.17;2189.7;2251.0;2288.1;2194.0;42.4;4.9;17.5;39.9;-0.36;-0.97;-10.51;1.61;-0.11;5.03
1753881465.432478;0.2;0.0;-0.0;-2.3;1.65;0.17;2221.9;2201.1;2263.7;2192.9;47.8;17.0;27.7;112.5;0.47;1.6;-10.28;0.24;0.42;0.44
1753881465.437478;0.2;0.0;-0.0;-2.2;2.29;0.17;2207.9;2372.0;2270.2;2176.7;44.5;14.5;19.5;57.9;-0.02;1.13;-11.02;0.42;-0.03;-1.15
1753881465.442479;0.1;0.0;-0.0;-2.3;1.26;0.17;2208.7;2234.8;2306.4;2237.3;49.3;33.8;26.1;105.8;0.04;1.26;-10.54;2.23;-0.35;-0.08
1753881465.447479;0.2;0.0;-0.0;-2.2;1.57;0.17;2220.5;2207.8;2261.0;2160.3;47.8;34.3;22.2;101.5;0.02;1.27;-10.47;1.2;0.46;-1.45
1753881465.452479;0.2;0.0;-0.0;-2.2;1.41;0.17;2225.2;2207.4;2295.4;2222.7;39.9;10.9;23.8;88.6;0.14;1.2;-10.49;1.36;0.23;-0.18
1753881465.457479;0.2;0.0;-0.0;-2.2;1.49;0.17;2216.0;2279.7;2319.2;2160.6;43.7;23.1;19.3;152.3;-0.18;1.4;-10.41;1.24;0.61;0.39
1753881465.462479;0.3;0.0;-0.0;-2.2;2.24;0.17;2173.1;2309.4;2303.5;2242.4;39.8;11.5;37.0;89.5;-0.01;0.33;-10.52;0.57;0.88;-1.49
1753881465.467479;0.2;0.0;-0.0;-2.3;1.17;0.17;2185.1;2358.5;2342.9;2235.7;42.6;-7.2;24.1;133.5;0.14;0.38;-10.94;0.88;0.73;-3.54
1753881465.472479;0.2;0.0;-0.0;-2.2;1.15;0.17;2161.7;2235.1;2304.8;2144.8;41.7;-12.2;33.7;77.6;0.15;1.76;-10.97;1.1;0.37;-5.33
1753881465.47748;0.2;0.0;-0.0;-2.3;2.22;0.18;2228.9;2281.6;2331.3;2176.3;44.2;29.2;16.2;119.2;0.27;-0.15;-10.47;0.27;1.56;0.33
1753881465.48248;0.2;0.0;-0.0;-2.2;1.12;0.17;2202.2;2194.0;2365.4;2187.5;40.8;15.8;38.0;66.5;-0.17;1.19;-10.57;1.0;-0.57;4.17
1753881465.48748;0.2;0.0;-0.0;-2.2;1.34;0.18;2219.4;2336.8;2281.7;2285.2;49.5;19.2;42.8;0.1;0.01;1.98;-10.68;1.12;0.14;-0.24
1753881465.49248;0.2;0.0;-0.0;-2.1;0.98;0.18;2193.5;2285.0;2268.6;2196.4;44.1;30.9;40.1;90.8;-0.09;1.99;-10.6;0.81;0.35;2.0
1753881465.49748;0.2;0.0;-0.0;-2.2;1.35;0.17;2213.9;2226.4;2301.1;2253.6;48.6;11.4;37.9;67.4;0.36;1.98;-10.8;1.12;0.8;-0.71
1753881465.50248;0.2;0.0;-0.0;-2.3;1.4;0.18;2243.2;2030.0;2273.2;2248.4;39.0;39.4;28.9;88.7;-0.45;-0.03;-10.7;1.13;2.34;-2.44
1753881465.50748;0.2;0.0;-0.0;-2.2;1.56;0.18;2238.0;2319.8;2358.1;2207.1;38.8;30.3;29.6;150.9;0.37;0.82;-10.78;0.47;2.08;6.11
1753881465.51248;0.2;0.0;-0.0;-2.2;1.77;0.18;2228.5;2197.7;2331.2;2201.8;46.9;22.9;36.0;65.4;0.24;-0.5;-10.31;1.41;1.42;8.05
1753881465.51748;0.2;0.0;-0.0;-2.2;1.07;0.18;2174.9;2262.5;2289.1;2204.3;38.2;31.5;21.8;93.7;-0.02;0.82;-10.56;1.31;2.36;-1.05
1753881465.52248;0.1;0.0;-0.0;-2.2;1.32;0.18;2193.3;2120.8;2286.5;2270.1;41.4;39.5;40.4;66.3;-0.16;0.85;-10.64;1.43;1.11;-1.43
1753881465.52748;0.2;0.0;-0.0;-2.1;1.17;0.18;2235.2;2153.6;2341.1;2268.1;33.8;41.8;44.5;101.3;0.34;0.15;-10.56;1.62;2.16;2.51
1753881465.532481;0.3;0.0;-0.0;-2.2;1.07;0.18;2251.3;2253.1;2345.5;2229.1;50.6;16.1;35.7;89.3;0.26;-0.41;-10.71;0.82;0.91;-2.04
1753881465.537481;0.2;0.0;-0.0;-2.1;2.22;0.18;2245.8;2335.3;2317.0;2233.6;44.7;13.0;33.8;102.3;0.21;-0.52;-11.11;1.1;0.64;1.83
1753881465.542481;0.2;0.0;-0.0;-2.2;1.45;0.18;2259.6;2104.6;2336.8;2241.2;46.7;58.7;40.8;35.4;-0.0;-0.74;-10.78;0.98;1.59;2.57
1753881465.547481;0.2;0.0;-0.0;-2.2;1.44;0.18;2288.3;2205.9;2298.8;2266.4;41.0;35.2;34.2;114.1;-0.08;0.1;-10.81;-0.03;0.23;1.51
1753881465.552481;0.2;0.0;-0.0;-2.2;0.49;0.18;2304.6;2090.0;2332.1;2235.3;38.0;17.8;35.8;175.0;0.47;0.66;-10.75;0.63;1.98;-0.44
1753881465.557481;0.2;0.0;-0.0;-2.2;1.59;0.18;2273.3;2196.1;2408.2;2238.7;47.3;33.3;41.0;177.5;0.12;0.68;-10.77;-0.05;0.73;0.75
1753881465.562478;0.2;0.0;-0.0;-2.2;1.34;0.18;2270.0;2166.0;2343.0;2250.0;41.0;36.0;43.0;82.0;0.12;0.29;-10.72;1.24;1.01;0.0
1753881465.567478;0.2;0.0;-0.0;-2.2;1.34;0.18;2270.0;2166.0;2343.0;2250.0;41.0;36.0;43.0;82.0;0.2;0.31;-10.7;0.83;0.41;1.71
1753881465.572478;0.2;0.0;-0.0;-2.2;1.34;0.18;2270.0;2166.0;2343.0;2250.0;41.0;36.0;43.0;82.0;0.19;0.37;-10.71;1.07;0.14;2.06
1753881465.577478;0.2;0.0;-0.0;-2.2;1.34;0.18;2270.0;2166.0;2343.0;2250.0;41.0;36.0;43.0;82.0;0.12;0.32;-10.69;1.31;0.78;-0.25
1753881465.582478;0.2;0.0;-0.0;-2.2;1.34;0.18;2270.0;2166.0;2343.0;2250.0;41.0;36.0;43.0;82.0;0.2;0.34;-10.65;1.14;0.33;1.18
1753881465.587478;0.2;0.0;-0.0;-2.2;1.34;0.18;2270.0;2166.0;2343.0;2250.0;41.0;36.0;43.0;82.0;0.22;0.41;-10.66;1.12;0.11;2.19
1753881465.592478;0.2;0.0;-0.0;-2.2;1.34;0.18;2270.0;2166.0;2343.0;2250.0;41.0;36.0;43.0;82.0;0.16;0.33;-10.71;0.77;0.59;-0.25
1753881465.597478;0.2;0.0;-0.0;-2.2;1.34;0.18;2270.0;2166.0;2343.0;2250.0;41.0;36.0;43.0;82.0;0.25;0.29;-10.79;0.32;-0.07;0.87
1753881465.602478;0.2;0.0;-0.0;-2.2;1.34;0.18;2270.0;2166.0;2343.0;2250.0;41.0;36.0;43.0;82.0;0.31;0.3;-10.91;0.36;-0.69;2.27
1753881465.607478;0.2;0.0;-0.0;-2.2;1.34;0.18;2270.0;2166.0;2343.0;2250.0;41.0;36.0;43.0;82.0;0.22;0.2;-10.92;0.58;0.17;-0.52
1753881465.612478;0.2;0.0;-0.0;-2.2;1.34;0.18;2270.0;2166.0;2343.0;2250.0;41.0;36.0;43.0;82.0;0.24;0.2;-10.77;0.28;-0.1;1.98
1753881465.617478;0.2;0.0;-0.0;-2.2;1.34;0.18;2270.0;2166.0;2343.0;2250.0;41.0;36.0;43.0;82.0;0.27;0.2;-10.66;0.38;-0.03;2.15
1753881465.622478;0.2;0.0;-0.0;-2.1;1.12;0.18;2274.4;2254.5;2414.9;2202.1;41.0;27.1;27.3;79.5;0.32;-0.01;-10.57;-0.01;0.18;1.52
1753881465.627478;0.2;0.0;-0.0;-2.2;1.51;0.18;2182.2;2199.0;2266.4;2247.5;41.1;43.0;44.4;81.8;0.2;0.46;-10.7;0.39;-0.31;0.98
1753881465.632478;0.2;0.0;-0.0;-2.0;1.43;0.18;2187.5;2197.0;2290.7;2254.2;41.2;25.6;43.3;60.4;0.3;0.04;-10.65;0.65;-0.28;2.84
1753881465.637478;0.2;0.0;-0.0;-2.2;1.29;0.18;2184.3;2211.9;2268.3;2309.5;40.9;35.9;49.7;93.0;0.07;-0.11;-10.58;0.49;-0.12;1.1
1753881465.642478;0.2;0.0;-0.0;-2.1;1.39;0.19;2307.0;2268.1;2317.8;2233.1;41.1;31.2;44.4;69.5;0.26;0.3;-10.71;1.55;0.13;0.8
1753881465.647478;0.2;0.0;-0.0;-2.1;1.36;0.18;2272.2;2161.9;2225.4;2211.4;40.4;38.0;55.5;91.5;0.33;-0.12;-10.75;0.77;0.51;1.57
1753881465.652479;0.2;0.0;-0.0;-2.1;1.21;0.18;2312.8;2158.5;2290.4;2226.8;40.3;38.5;45.8;80.5;0.01;0.3;-10.35;0.75;0.05;1.87
1753881465.657479;0.2;0.0;-0.0;-2.2;1.63;0.17;2289.3;2305.3;2240.1;2251.4;40.1;12.9;64.5;73.1;0.39;0.19;-10.71;0.54;-0.07;1.39
1753881465.662479;0.2;0.0;-0.0;-2.1;1.11;0.17;2284.4;2199.9;2291.4;2282.6;39.8;26.1;39.0;88.8;0.13;0.06;-10.77;1.09;0.72;4.65
1753881465.667479;0.2;0.0;-0.0;-2.0;1.23;0.17;2293.4;2194.7;2281.3;2229.9;39.6;21.5;57.3;88.8;0.12;0.18;-10.81;1.46;-0.1;3.74
1753881465.672479;0.2;0.0;-0.0;-2.2;0.94;0.18;2243.6;2161.4;2275.9;2250.1;39.6;37.8;36.1;81.9;0.13;0.11;-10.62;0.98;0.65;2.19
1753881465.677479;0.2;0.0;-0.0;-2.1;1.02;0.17;2236.4;2217.1;2263.5;2297.5;39.3;4.3;72.0;79.8;0.23;-0.01;-10.56;0.69;0.35;2.63
1753881465.68248;0.2;0.0;-0.0;-2.1;1.25;0.18;2305.7;2130.9;2332.2;2250.9;40.5;24.8;71.5;83.3;0.33;0.6;-10.65;0.96;0.22;1.61
1753881465.68748;0.2;0.0;-0.0;-2.1;0.75;0.18;2286.9;2157.7;2266.2;2197.9;39.6;33.0;65.1;86.6;0.19;0.31;-10.7;0.34;-0.15;6.62
1753881465.69248;0.2;0.0;-0.0;-2.0;1.48;0.18;2259.0;2262.7;2313.5;2243.7;39.6;30.8;44.3;87.5;0.16;-0.11;-10.89;1.01;0.69;2.25
1753881465.69748;0.2;0.0;-0.0;-2.1;1.24;0.17;2255.1;2247.4;2241.9;2299.3;39.6;26.9;58.8;90.8;0.36;0.31;-10.5;1.01;0.19;2.37
1753881465.70248;0.2;0.0;-0.0;-2.1;1.01;0.18;2255.1;2217.8;2243.0;2258.3;39.4;24.6;76.9;77.6;0.11;-0.34;-10.5;0.86;0.07;1.18
1753881465.70748;0.2;0.0;-0.0;-2.2;1.1;0.17;2248.9;2230.1;2271.6;2211.5;39.5;34.4;49.0;59.0;0.01;0.54;-10.52;1.2;0.36;3.76
1753881465.71248;0.2;0.0;-0.0;-2.0;1.25;0.17;2251.6;2318.0;2284.6;2302.8;38.7;23.6;74.9;84.6;0.24;0.57;-10.79;1.46;-0.13;2.6
1753881465.71748;0.2;0.0;-0.0;-2.2;1.28;0.17;2325.0;2311.5;2266.6;2281.4;39.3;37.8;63.2;74.8;0.28;0.14;-10.73;0.63;0.16;2.62
1753881465.72248;0.2;0.0;-0.0;-2.0;1.09;0.17;2254.0;2289.4;2267.7;2229.7;39.4;43.0;80.1;98.6;0.18;0.52;-10.57;1.12;0.39;0.29
1753881465.72748;0.3;0.0;-0.0;-2.0;1.39;0.18;2280.2;2246.2;2233.5;2324.6;38.6;13.8;78.6;80.2;0.26;0.71;-10.78;1.93;-0.02;2.3
1753881465.73248;0.3;0.0;-0.0;-2.0;1.09;0.17;2228.4;2304.6;2203.5;2273.3;39.5;22.3;45.8;89.6;0.12;0.38;-10.65;2.1;0.2;-0.84
1753881465.737481;0.2;0.0;-0.0;-2.1;1.37;0.17;2261.6;2213.9;2222.4;2280.2;39.1;8.5;96.4;74.8;0.23;0.7;-10.83;2.13;0.27;0.57
1753881465.742478;0.2;0.0;-0.0;-2.1;1.24;0.17;2270.0;2250.0;2203.0;2250.0;39.0;23.0;69.0;78.0;0.24;0.33;-10.66;1.63;0.42;1.48
1753881465.747478;0.2;0.0;-0.0;-2.1;1.24;0.17;2270.0;2250.0;2203.0;2250.0;39.0;23.0;69.0;78.0;0.23;0.32;-10.65;1.76;0.36;0.36
1753881465.752478;0.2;0.0;-0.0;-2.1;1.24;0.17;2270.0;2250.0;2203.0;2250.0;39.0;23.0;69.0;78.0;0.28;0.4;-10.68;1.44;0.19;1.4
1753881465.757478;0.2;0.0;-0.0;-2.1;1.24;0.17;2270.0;2250.0;2203.0;2250.0;39.0;23.0;69.0;78.0;0.33;0.34;-10.72;1.25;0.01;1.39
1753881465.762478;0.2;0.0;-0.0;-2.1;1.24;0.17;2270.0;2250.0;2203.0;2250.0;39.0;23.0;69.0;78.0;0.34;0.3;-10.75;1.45;-0.18;-0.08
1753881465.767478;0.2;0.0;-0.0;-2.1;1.24;0.17;2270.0;2250.0;2203.0;2250.0;39.0;23.0;69.0;78.0;0.34;0.38;-10.74;1.26;-0.12;0.34
1753881465.772478;0.2;0.0;-0.0;-2.1;1.24;0.17;2270.0;2250.0;2203.0;2250.0;39.0;23.0;69.0;78.0;0.36;0.37;-10.65;1.36;-0.67;1.31
1753881465.777478;0.2;0.0;-0.0;-2.1;1.24;0.17;2270.0;2250.0;2203.0;2250.0;39.0;23.0;69.0;78.0;0.37;0.32;-10.59;1.23;-0.13;0.74
1753881465.782478;0.2;0.0;-0.0;-2.1;1.24;0.17;2270.0;2250.0;2203.0;2250.0;39.0;23.0;69.0;78.0;0.37;0.35;-10.6;1.45;0.01;-0.28
1753881465.787478;0.2;0.0;-0.0;-2.1;1.24;0.17;2270.0;2250.0;2203.0;2250.0;39.0;23.0;69.0;78.0;0.29;0.38;-10.67;1.6;-0.56;2.29
1753881465.792478;0.2;0.0;-0.0;-2.1;1.24;0.17;2270.0;2250.0;2203.0;2250.0;39.0;23.0;69.0;78.0;0.32;0.27;-10.7;1.21;-0.33;0.45
1753881465.797478;0.2;0.0;-0.0;-2.1;1.24;0.17;2270.0;2250.0;2203.0;2250.0;39.0;23.0;69.0;78.0;0.34;0.23;-10.68;1.57;-0.19;0.01
1753881465.802478;0.2;0.0;-0.0;-2.1;1.24;0.17;2270.0;2250.0;2203.0;2250.0;39.0;23.0;69.0;78.0;0.37;0.25;-10.65;1.53;-0.48;2.37
1753881465.807478;0.2;0.0;-0.0;-2.1;1.24;0.17;2270.0;2250.0;2203.0;2250.0;39.0;23.0;69.0;78.0;0.41;0.17;-10.62;1.48;-0.68;2.34
1753881465.812478;0.2;0.0;-0.0;-2.1;1.24;0.17;2270.0;2250.0;2203.0;2250.0;39.0;23.0;69.0;78.0;0.36;0.13;-10.62;1.55;-0.65;0.74
1753881465.817478;0.2;0.0;-0.0;-2.1;1.24;0.17;2270.0;2250.0;2203.0;2250.0;39.0;23.0;69.0;78.0;0.31;0.11;-10.59;1.19;-0.7;2.13
1753881465.822478;0.2;0.0;-0.0;-2.1;1.24;0.17;2270.0;2250.0;2203.0;2250.0;39.0;23.0;69.0;78.0;0.39;0.04;-10.54;1.05;-0.78;2.59
1753881465.827478;0.2;0.0;-0.0;-2.1;1.24;0.17;2270.0;2250.0;2203.0;2250.0;39.0;23.0;69.0;78.0;0.32;0.04;-10.65;1.46;-1.25;0.99
1753881465.832478;0.2;0.0;-0.0;-2.1;1.24;0.17;2270.0;2250.0;2203.0;2250.0;39.0;23.0;69.0;78.0;0.28;0.11;-10.7;1.66;-1.28;3.0
1753881465.837478;0.2;0.0;-0.0;-2.1;1.24;0.17;2270.0;2250.0;2203.0;2250.0;39.0;23.0;69.0;78.0;0.37;0.1;-10.69;1.59;-1.61;1.93
1753881465.842478;0.2;0.0;-0.0;-2.1;1.24;0.17;2270.0;2250.0;2203.0;2250.0;39.0;23.0;69.0;78.0;0.4;0.11;-10.66;2.28;-1.6;1.16
1753881465.847478;0.2;0.0;-0.0;-2.1;1.24;0.17;2270.0;2250.0;2203.0;2250.0;39.0;23.0;69.0;78.0;0.37;0.26;-10.67;2.61;-2.02;3.47
1753881465.852478;0.2;0.0;-0.0;-2.1;1.24;0.17;2270.0;2250.0;2203.0;2250.0;39.0;23.0;69.0;78.0;0.37;0.26;-10.73;2.11;-2.21;3.54
1753881465.857478;0.2;0.0;-0.0;-2.1;1.24;0.17;2270.0;2250.0;2203.0;2250.0;39.0;23.0;69.0;78.0;0.31;0.16;-10.86;1.4;-1.94;1.48
1753881465.862478;0.2;0.0;-0.0;-2.1;1.24;0.17;2270.0;2250.0;2203.0;2250.0;39.0;23.0;69.0;78.0;0.2;0.1;-10.83;0.34;-1.35;0.64
1753881465.867478;0.2;0.0;-0.0;-2.1;1.24;0.17;2270.0;2250.0;2203.0;2250.0;39.0;23.0;69.0;78.0;0.04;0.27;-10.69;1.18;1.08;0.89
1753881465.872478;0.2;0.0;-0.0;-2.1;1.24;0.17;2270.0;2250.0;2203.0;2250.0;39.0;23.0;69.0;78.0;0.07;0.24;-10.8;-0.06;0.02;4.0
1753881465.877478;0.2;0.0;-0.0;-2.1;1.24;0.17;2270.0;2250.0;2203.0;2250.0;39.0;23.0;69.0;78.0;-0.06;0.25;-11.0;0.08;0.0;-0.3
1753881465.882478;0.2;0.0;-0.0;-2.1;1.24;0.17;2270.0;2250.0;2203.0;2250.0;39.0;23.0;69.0;78.0;-0.13;0.33;-10.8;0.94;0.3;-0.57
1753881465.887478;0.2;0.0;-0.0;-2.1;1.24;0.17;2270.0;2250.0;2203.0;2250.0;39.0;23.0;69.0;78.0;-0.01;0.33;-10.64;-0.48;-0.89;5.56
1753881465.892478;0.2;0.0;-0.0;-2.1;1.24;0.17;2270.0;2250.0;2203.0;2250.0;39.0;23.0;69.0;78.0;-0.33;0.28;-10.83;0.19;0.25;1.45
1753881465.897478;0.2;0.0;-0.0;-2.1;1.24;0.17;2270.0;2250.0;2203.0;2250.0;39.0;23.0;69.0;78.0;-0.35;0.18;-10.82;0.61;1.02;-3.23
1753881465.902478;0.2;0.0;-0.0;-2.1;1.24;0.17;2270.0;2250.0;2203.0;2250.0;39.0;23.0;69.0;78.0;-0.29;0.26;-10.73;0.0;-0.57;4.74
1753881465.907478;0.2;0.0;-0.0;-2.1;1.24;0.17;2270.0;2250.0;2203.0;2250.0;39.0;23.0;69.0;78.0;-0.5;0.28;-10.72;0.32;-0.15;2.12
1753881465.912478;0.2;0.0;-0.0;-2.1;1.24;0.17;2270.0;2250.0;2203.0;2250.0;39.0;23.0;69.0;78.0;-0.55;0.36;-10.53;0.96;0.99;-3.37
1753881465.917478;0.2;0.0;-0.0;-2.1;1.24;0.17;2270.0;2250.0;2203.0;2250.0;39.0;23.0;69.0;78.0;-0.44;0.63;-10.56;0.73;-0.35;2.47
1753881465.922478;0.2;0.0;-0.0;-2.1;1.24;0.17;2270.0;2250.0;2203.0;2250.0;39.0;23.0;69.0;78.0;-0.39;0.6;-10.75;0.76;-0.15;1.98
1753881465.927478;0.2;0.0;-0.0;-2.1;1.24;0.17;2270.0;2250.0;2203.0;2250.0;39.0;23.0;69.0;78.0;-0.55;0.66;-10.65;1.01;0.93;-3.02
1753881465.932478;0.2;0.0;-0.0;-2.1;1.24;0.17;2270.0;2250.0;2203.0;2250.0;39.0;23.0;69.0;78.0;-0.46;0.82;-10.44;0.82;0.25;-0.04
1753881465.937478;0.2;0.0;-0.0;-2.1;1.24;0.17;2270.0;2250.0;2203.0;2250.0;39.0;23.0;69.0;78.0;-0.41;0.82;-10.53;0.84;-0.59;2.73
1753881465.942478;0.2;0.0;-0.0;-2.1;1.24;0.17;2270.0;2250.0;2203.0;2250.0;39.0;23.0;69.0;78.0;-0.63;0.72;-10.67;0.99;0.96;-2.54
1753881465.947478;0.2;0.0;-0.0;-2.1;1.24;0.17;2270.0;2250.0;2203.0;2250.0;39.0;23.0;69.0;78.0;-0.44;0.86;-10.56;0.85;0.54;-0.77
1753881465.952478;0.2;0.0;-0.0;-2.1;1.24;0.17;2270.0;2250.0;2203.0;2250.0;39.0;23.0;69.0;78.0;-0.38;0.96;-10.56;0.76;-0.6;2.92
1753881465.957478;0.2;0.0;-0.0;-2.1;1.24;0.17;2270.0;2250.0;2203.0;2250.0;39.0;23.0;69.0;78.0;-0.54;0.71;-10.64;1.02;0.56;-1.7
1753881465.962478;0.2;0.0;-0.0;-2.1;1.24;0.17;2270.0;2250.0;2203.0;2250.0;39.0;23.0;69.0;78.0;-0.42;0.76;-10.59;0.93;0.73;-1.26
1753881465.967478;0.2;0.0;-0.0;-2.1;1.24;0.17;2270.0;2250.0;2203.0;2250.0;39.0;23.0;69.0;78.0;-0.33;0.83;-10.67;0.64;-0.74;4.1
1753881465.972478;0.2;0.0;-0.0;-2.1;1.24;0.17;2270.0;2250.0;2203.0;2250.0;39.0;23.0;69.0;78.0;-0.46;0.57;-10.75;0.69;-0.03;-0.14
1753881465.977478;0.2;0.0;-0.0;-2.1;1.24;0.17;2270.0;2250.0;2203.0;2250.0;39.0;23.0;69.0;78.0;-0.43;0.48;-10.68;1.02;0.44;-1.35
1753881465.982478;0.2;0.0;-0.0;-2.1;1.24;0.17;2270.0;2250.0;2203.0;2250.0;39.0;23.0;69.0;78.0;-0.32;0.56;-10.62;0.83;-0.2;3.63
1753881465.987478;0.2;0.0;-0.0;-2.1;1.24;0.17;2270.0;2250.0;2203.0;2250.0;39.0;23.0;69.0;78.0;-0.32;0.39;-10.68;0.74;-0.16;2.09
1753881465.992478;0.2;0.0;-0.0;-2.1;1.24;0.17;2270.0;2250.0;2203.0;2250.0;39.0;23.0;69.0;78.0;-0.35;0.26;-10.81;0.95;0.29;-1.11
1753881465.997478;0.2;0.0;-0.0;-2.1;1.24;0.17;2270.0;2250.0;2203.0;2250.0;39.0;23.0;69.0;78.0;-0.27;0.4;-10.78;1.02;-0.32;3.02
1753881466.002478;0.2;0.0;-0.0;-2.1;1.24;0.17;2270.0;2250.0;2203.0;2250.0;39.0;23.0;69.0;78.0;-0.27;0.3;-10.67;0.7;-0.05;3.12
1753881466.007478;0.2;0.0;-0.0;-2.1;1.24;0.17;2270.0;2250.0;2203.0;2250.0;39.0;23.0;69.0;78.0;-0.31;0.13;-10.64;0.87;0.59;-0.25
1753881466.012478;0.2;0.0;-0.0;-2.1;1.24;0.17;2270.0;2250.0;2203.0;2250.0;39.0;23.0;69.0;78.0;-0.24;0.27;-10.69;1.09;0.32;1.16
1753881466.017478;0.2;0.0;-0.0;-2.1;1.24;0.17;2270.0;2250.0;2203.0;2250.0;39.0;23.0;69.0;78.0;-0.22;0.21;-10.69;0.61;-0.13;4.07
1753881466.022478;0.2;0.0;-0.0;-2.1;1.24;0.17;2270.0;2250.0;2203.0;2250.0;39.0;23.0;69.0;78.0;-0.25;0.05;-10.65;1.06;0.71;0.45
1753881466.027478;0.2;0.0;-0.0;-2.1;1.24;0.17;2270.0;2250.0;2203.0;2250.0;39.0;23.0;69.0;78.0;-0.22;0.16;-10.6;1.35;0.88;0.63
1753881466.032478;0.2;0.0;-0.0;-2.1;1.24;0.17;2270.0;2250.0;2203.0;2250.0;39.0;23.0;69.0;78.0;-0.15;0.22;-10.58;1.15;0.05;4.82
1753881466.037478;0.2;0.0;-0.0;-2.1;1.24;0.17;2270.0;2250.0;2203.0;2250.0;39.0;23.0;69.0;78.0;-0.15;0.09;-10.63;1.48;0.66;1.81
1753881466.042478;0.2;0.0;-0.0;-2.1;1.24;0.17;2270.0;2250.0;2203.0;2250.0;39.0;23.0;69.0;78.0;-0.16;0.1;-10.61;1.5;1.22;0.19
1753881466.047478;0.2;0.0;-0.0;-2.1;1.24;0.17;2270.0;2250.0;2203.0;2250.0;39.0;23.0;69.0;78.0;-0.12;0.22;-10.55;1.02;0.28;3.92
1753881466.052478;0.2;0.0;-0.0;-2.1;1.24;0.17;2270.0;2250.0;2203.0;2250.0;39.0;23.0;69.0;78.0;-0.15;0.01;-10.61;0.41;-0.06;4.63
1753881466.057478;0.2;0.0;-0.0;-2.1;1.24;0.17;2270.0;2250.0;2203.0;2250.0;39.0;23.0;69.0;78.0;0.01;0.41;-10.67;1.28;0.99;2.57
1753881466.062478;0.2;0.0;-0.0;-2.1;1.24;0.17;2270.0;2250.0;2203.0;2250.0;39.0;23.0;69.0;78.0;-0.01;0.34;-10.61;1.05;0.15;3.26
1753881466.067478;0.2;0.0;-0.0;-2.1;1.24;0.17;2270.0;2250.0;2203.0;2250.0;39.0;23.0;69.0;78.0;-0.03;0.04;-10.56;0.79;0.68;0.14
1753881466.072478;0.2;0.0;-0.0;-2.1;1.24;0.17;2270.0;2250.0;2203.0;2250.0;39.0;23.0;69.0;78.0;0.02;0.33;-10.59;1.48;1.2;2.26
1753881466.077479;0.2;0.0;-0.0;-2.1;1.24;0.17;2270.0;2250.0;2203.0;2250.0;39.0;23.0;69.0;78.0;-0.06;0.94;-10.58;1.24;0.74;1.35
1753881466.082479;0.2;0.0;-0.0;-2.1;1.24;0.17;2270.0;2250.0;2203.0;2250.0;39.0;23.0;69.0;78.0;0.1;0.66;-10.62;0.84;0.11;3.75
1753881466.087479;0.2;0.0;-0.0;-2.1;1.24;0.17;2270.0;2250.0;2203.0;2250.0;39.0;23.0;69.0;78.0;0.0;0.13;-10.55;1.24;-0.07;3.47
1753881466.092479;0.2;0.0;-0.0;-2.1;1.24;0.17;2270.0;2250.0;2203.0;2250.0;39.0;23.0;69.0;78.0;-0.08;0.6;-10.56;1.03;1.0;1.94
1753881466.097479;0.2;0.0;-0.0;-2.1;1.24;0.17;2270.0;2250.0;2203.0;2250.0;39.0;23.0;69.0;78.0;0.01;0.82;-10.59;1.13;0.33;2.72
1753881466.102479;0.2;0.0;-0.0;-2.1;1.24;0.17;2270.0;2250.0;2203.0;2250.0;39.0;23.0;69.0;78.0;0.17;0.36;-10.63;1.27;1.14;4.78
1753881466.107479;0.2;0.0;-0.0;-2.1;1.24;0.17;2270.0;2250.0;2203.0;2250.0;39.0;23.0;69.0;78.0;0.24;0.77;-10.62;1.05;0.27;0.8
1753881466.11248;0.2;0.0;-0.0;-2.1;1.24;0.17;2270.0;2250.0;2203.0;2250.0;39.0;23.0;69.0;78.0;0.15;1.19;-10.63;1.5;0.13;0.43
1753881466.11748;0.2;0.0;-0.0;-2.1;1.24;0.17;2270.0;2250.0;2203.0;2250.0;39.0;23.0;69.0;78.0;-0.01;0.92;-10.76;0.88;0.02;-0.13
1753881466.12248;0.2;0.0;-0.0;-2.1;1.24;0.17;2270.0;2250.0;2203.0;2250.0;39.0;23.0;69.0;78.0;-0.07;0.83;-10.64;1.11;0.02;-1.02
1753881466.12748;0.2;0.0;-0.0;-2.1;1.24;0.17;2270.0;2250.0;2203.0;2250.0;39.0;23.0;69.0;78.0;0.23;0.88;-10.69;1.33;0.73;5.08
1753881466.132478;0.2;0.0;-0.0;-2.1;1.24;0.17;2270.0;2250.0;2203.0;2250.0;39.0;23.0;69.0;78.0;0.28;0.86;-10.66;0.97;0.03;0.22
1753881466.137478;0.2;0.0;-0.0;-2.1;1.24;0.17;2270.0;2250.0;2203.0;2250.0;39.0;23.0;69.0;78.0;0.28;0.73;-10.65;1.17;0.54;-2.78
1753881466.142478;0.2;0.0;-0.0;-2.1;1.24;0.17;2270.0;2250.0;2203.0;2250.0;39.0;23.0;69.0;78.0;0.33;0.79;-10.64;1.19;0.33;-1.4
1753881466.147478;0.2;0.0;-0.0;-2.1;1.24;0.17;2270.0;2250.0;2203.0;2250.0;39.0;23.0;69.0;78.0;0.33;0.74;-10.63;1.24;-0.09;0.45
1753881466.152478;0.2;0.0;-0.0;-2.1;1.24;0.17;2270.0;2250.0;2203.0;2250.0;39.0;23.0;69.0;78.0;0.29;0.52;-10.69;1.26;0.28;-0.78
1753881466.157478;0.2;0.0;-0.0;-2.1;1.24;0.17;2270.0;2250.0;2203.0;2250.0;39.0;23.0;69.0;78.0;0.35;0.39;-10.72;1.26;0.47;-1.9
1753881466.162478;0.2;0.0;-0.0;-2.1;1.24;0.17;2270.0;2250.0;2203.0;2250.0;39.0;23.0;69.0;78.0;0.45;0.41;-10.7;1.33;-0.06;1.33
1753881466.167478;0.2;0.0;-0.0;-2.1;1.24;0.17;2270.0;2250.0;2203.0;2250.0;39.0;23.0;69.0;78.0;0.36;0.29;-10.75;0.96;0.31;1.08
1753881466.172478;0.2;0.0;-0.0;-2.1;1.24;0.17;2270.0;2250.0;2203.0;2250.0;39.0;23.0;69.0;78.0;0.39;0.19;-10.74;1.03;0.64;-0.88
1753881466.177478;0.2;0.0;-0.0;-2.1;1.24;0.17;2270.0;2250.0;2203.0;2250.0;39.0;23.0;69.0;78.0;0.42;0.25;-10.69;1.06;0.08;1.5
1753881466.182478;0.2;0.0;-0.0;-2.1;1.24;0.17;2270.0;2250.0;2203.0;2250.0;39.0;23.0;69.0;78.0;0.4;0.16;-10.72;0.84;-0.16;3.16
1753881466.187478;0.2;0.0;-0.0;-2.1;1.24;0.17;2270.0;2250.0;2203.0;2250.0;39.0;23.0;69.0;78.0;0.39;0.03;-10.77;0.84;0.38;-0.35
1753881466.192478;0.2;0.0;-0.0;-2.1;1.24;0.17;2270.0;2250.0;2203.0;2250.0;39.0;23.0;69.0;78.0;0.41;0.04;-10.75;0.72;0.26;1.89
1753881466.197478;0.2;0.0;-0.0;-2.1;1.24;0.17;2270.0;2250.0;2203.0;2250.0;39.0;23.0;69.0;78.0;0.38;0.0;-10.79;0.61;-0.03;3.34
1753881466.202478;0.2;0.0;-0.0;-2.1;1.24;0.17;2270.0;2250.0;2203.0;2250.0;39.0;23.0;69.0;78.0;0.36;-0.07;-10.79;0.46;0.51;0.66
1753881466.207478;0.2;0.0;-0.0;-2.1;1.24;0.17;2270.0;2250.0;2203.0;2250.0;39.0;23.0;69.0;78.0;0.36;0.02;-10.69;0.69;0.38;1.96
1753881466.212478;0.2;0.0;-0.0;-2.1;1.24;0.17;2270.0;2250.0;2203.0;2250.0;39.0;23.0;69.0;78.0;0.36;0.14;-10.67;0.87;-0.18;3.57
1753881466.217478;0.2;0.0;-0.0;-2.1;1.24;0.17;2270.0;2250.0;2203.0;2250.0;39.0;23.0;69.0;78.0;0.24;0.05;-10.71;0.64;0.35;0.74
1753881466.222478;0.2;0.0;-0.0;-2.1;1.24;0.17;2270.0;2250.0;2203.0;2250.0;39.0;23.0;69.0;78.0;0.28;0.09;-10.64;0.48;0.41;1.68
1753881466.227478;0.2;0.0;-0.0;-2.1;1.24;0.17;2270.0;2250.0;2203.0;2250.0;39.0;23.0;69.0;78.0;0.29;0.14;-10.64;0.51;0.09;3.02
1753881466.232478;0.2;0.0;-0.0;-2.1;1.24;0.17;2270.0;2250.0;2203.0;2250.0;39.0;23.0;69.0;78.0;0.26;-0.29;-10.72;0.6;0.0;2.19
1753881466.237478;0.2;0.0;-0.0;-2.1;1.24;0.17;2270.0;2250.0;2203.0;2250.0;39.0;23.0;69.0;78.0;0.24;-0.17;-10.7;-0.34;-0.05;1.28
1753881466.242478;0.2;0.0;-0.0;-2.1;1.24;0.17;2270.0;2250.0;2203.0;2250.0;39.0;23.0;69.0;78.0;0.41;0.31;-10.62;0.18;-0.02;1.45
1753881466.247478;0.2;0.0;-0.0;-2.1;1.24;0.17;2270.0;2250.0;2203.0;2250.0;39.0;23.0;69.0;78.0;0.14;0.45;-10.61;0.86;-0.04;1.16
1753881466.252478;0.2;0.0;-0.0;-2.1;1.24;0.17;2270.0;2250.0;2203.0;2250.0;39.0;23.0;69.0;78.0;0.26;0.1;-10.64;0.56;-0.38;4.52
1753881466.257479;0.2;0.0;-0.0;-2.1;1.24;0.17;2270.0;2250.0;2203.0;2250.0;39.0;23.0;69.0;78.0;0.37;0.15;-10.67;0.31;0.37;1.2
1753881466.262479;0.2;0.0;-0.0;-2.1;1.24;0.17;2270.0;2250.0;2203.0;2250.0;39.0;23.0;69.0;78.0;0.26;0.08;-10.74;0.95;0.15;2.73
1753881466.267479;0.2;0.0;-0.0;-2.1;1.24;0.17;2270.0;2250.0;2203.0;2250.0;39.0;23.0;69.0;78.0;0.1;0.01;-10.68;0.41;0.46;5.2
1753881466.272479;0.2;0.0;-0.0;-2.1;1.24;0.17;2270.0;2250.0;2203.0;2250.0;39.0;23.0;69.0;78.0;0.1;-0.35;-10.66;0.62;-0.25;3.39
1753881466.277479;0.2;0.0;-0.0;-2.1;1.24;0.17;2270.0;2250.0;2203.0;2250.0;39.0;23.0;69.0;78.0;0.24;0.1;-10.61;1.05;0.0;1.8
1753881466.282479;0.2;0.0;-0.0;-2.1;1.24;0.17;2270.0;2250.0;2203.0;2250.0;39.0;23.0;69.0;78.0;0.16;-0.09;-10.67;-0.16;0.27;4.1
1753881466.28748;0.2;0.0;-0.0;-2.1;1.24;0.17;2270.0;2250.0;2203.0;2250.0;39.0;23.0;69.0;78.0;0.21;0.34;-10.63;0.07;0.26;4.69
1753881466.29248;0.2;0.0;-0.0;-2.1;1.24;0.17;2270.0;2250.0;2203.0;2250.0;39.0;23.0;69.0;78.0;0.16;0.11;-10.67;0.3;0.04;0.96
1753881466.29748;0.2;0.0;-0.0;-2.1;1.24;0.17;2270.0;2250.0;2203.0;2250.0;39.0;23.0;69.0;78.0;0.15;0.24;-10.67;0.83;0.32;3.98
1753881466.30248;0.2;0.0;-0.0;-2.1;1.24;0.17;2270.0;2250.0;2203.0;2250.0;39.0;23.0;69.0;78.0;0.18;0.52;-10.82;-0.05;0.33;-0.89
1753881466.30748;0.2;0.0;-0.0;-2.1;1.24;0.17;2270.0;2250.0;2203.0;2250.0;39.0;23.0;69.0;78.0;0.2;0.39;-10.57;0.97;0.3;1.59
1753881466.31248;0.2;0.0;-0.0;-2.1;1.24;0.17;2270.0;2250.0;2203.0;2250.0;39.0;23.0;69.0;78.0;0.3;0.27;-10.57;0.53;0.34;1.41
1753881466.31748;0.2;0.0;-0.0;-2.1;1.24;0.17;2270.0;2250.0;2203.0;2250.0;39.0;23.0;69.0;78.0;0.14;0.44;-10.69;0.42;0.04;-0.65
1753881466.322478;0.2;0.0;-0.0;-2.1;1.24;0.17;2270.0;2250.0;2203.0;2250.0;39.0;23.0;69.0;78.0;0.13;0.28;-10.65;0.79;0.09;0.12
1753881466.327478;0.2;0.0;-0.0;-2.1;1.24;0.17;2270.0;2250.0;2203.0;2250.0;39.0;23.0;69.0;78.0;0.12;0.37;-10.61;1.81;-0.02;1.04
1753881466.332478;0.2;0.0;-0.0;-2.1;1.24;0.17;2270.0;2250.0;2203.0;2250.0;39.0;23.0;69.0;78.0;0.18;0.42;-10.61;1.01;-0.51;3.54
1753881466.337478;0.2;0.0;-0.0;-2.1;1.24;0.17;2270.0;2250.0;2203.0;2250.0;39.0;23.0;69.0;78.0;0.07;0.35;-10.62;1.24;0.99;-1.51
1753881466.342478;0.2;0.0;-0.0;-2.1;1.24;0.17;2270.0;2250.0;2203.0;2250.0;39.0;23.0;69.0;78.0;0.03;0.43;-10.64;1.28;0.87;0.06
1753881466.347478;0.2;0.0;-0.0;-2.1;1.24;0.17;2270.0;2250.0;2203.0;2250.0;39.0;23.0;69.0;78.0;0.06;0.5;-10.68;1.0;-0.19;2.76
1753881466.352478;0.2;0.0;-0.0;-2.1;1.24;0.17;2270.0;2250.0;2203.0;2250.0;39.0;23.0;69.0;78.0;-0.01;0.44;-10.64;1.09;0.77;-1.73
1753881466.357478;0.2;0.0;-0.0;-2.1;1.24;0.17;2270.0;2250.0;2203.0;2250.0;39.0;23.0;69.0;78.0;-0.02;0.46;-10.55;1.3;0.77;-0.45
1753881466.362478;0.2;0.0;-0.0;-2.1;1.24;0.17;2270.0;2250.0;2203.0;2250.0;39.0;23.0;69.0;78.0;0.0;0.51;-10.59;1.15;0.0;3.3
1753881466.367478;0.2;0.0;-0.0;-2.1;1.24;0.17;2270.0;2250.0;2203.0;2250.0;39.0;23.0;69.0;78.0;-0.08;0.37;-10.7;1.15;0.75;-2.12
1753881466.372478;0.2;0.0;-0.0;-2.1;1.24;0.17;2270.0;2250.0;2203.0;2250.0;39.0;23.0;69.0;78.0;-0.08;0.34;-10.67;0.77;0.45;-0.77
1753881466.377478;0.2;0.0;-0.0;-2.1;1.24;0.17;2270.0;2250.0;2203.0;2250.0;39.0;23.0;69.0;78.0;-0.01;0.43;-10.59;0.87;-0.02;2.96
1753881466.382478;0.2;0.0;-0.0;-2.1;1.24;0.17;2270.0;2250.0;2203.0;2250.0;39.0;23.0;69.0;78.0;-0.06;0.27;-10.67;1.23;0.86;-0.54
1753881466.387478;0.3;0.0;-0.0;-1.9;1.05;0.18;2072.6;2174.7;1954.3;2052.2;44.2;24.3;66.5;62.6;-0.11;0.28;-10.59;1.09;0.54;0.47
1753881466.392478;0.4;0.0;-0.0;-1.6;0.8;0.18;1876.0;2003.0;1883.0;1950.0;46.0;25.0;63.0;57.0;0.03;0.34;-10.66;1.11;-0.24;3.57
1753881466.397478;0.4;0.0;-0.0;-1.6;0.8;0.18;1876.0;2003.0;1883.0;1950.0;46.0;25.0;63.0;57.0;-0.02;0.19;-10.66;0.99;0.76;0.77
1753881466.402478;0.4;0.0;-0.0;-1.6;0.8;0.18;1876.0;2003.0;1883.0;1950.0;46.0;25.0;63.0;57.0;-0.03;0.13;-10.62;0.83;0.75;-0.35
1753881466.407478;0.4;0.0;-0.0;-1.6;0.8;0.18;1876.0;2003.0;1883.0;1950.0;46.0;25.0;63.0;57.0;0.1;0.23;-10.65;0.9;-0.19;3.54
1753881466.412478;0.4;0.0;-0.0;-1.6;0.8;0.18;1876.0;2003.0;1883.0;1950.0;46.0;25.0;63.0;57.0;0.02;0.18;-10.73;1.06;0.57;2.03
1753881466.417478;0.4;0.0;-0.0;-1.6;0.8;0.18;1876.0;2003.0;1883.0;1950.0;46.0;25.0;63.0;57.0;0.0;0.12;-10.68;0.94;0.79;0.09
1753881466.422478;0.4;0.0;-0.0;-1.6;0.8;0.18;1876.0;2003.0;1883.0;1950.0;46.0;25.0;63.0;57.0;0.13;0.3;-10.59;0.9;0.03;2.56
1753881466.427478;0.4;0.0;-0.0;-1.6;0.8;0.18;1876.0;2003.0;1883.0;1950.0;46.0;25.0;63.0;57.0;0.06;0.34;-10.64;0.84;0.41;2.4
1753881466.432478;0.5;0.0;-0.0;-1.9;0.87;0.19;1997.0;1935.7;1787.1;2093.4;38.2;24.0;64.0;56.5;0.03;0.41;-10.67;0.94;0.65;0.41
1753881466.437478;0.4;0.0;-0.0;-1.6;0.75;0.18;1908.8;1997.9;1958.4;1864.8;49.1;24.6;59.4;67.4;0.09;0.27;-10.56;0.66;0.66;3.25
1753881466.442478;0.4;0.0;-0.0;-1.5;0.87;0.18;1649.0;1972.5;1765.2;2098.1;49.6;24.2;61.3;51.2;0.09;0.54;-10.67;0.69;0.73;4.1
1753881466.447478;0.4;0.0;-0.0;-1.3;1.11;0.18;1472.6;2068.1;2072.3;1934.4;47.4;24.9;59.5;60.2;0.15;0.17;-10.62;0.79;1.08;2.9
1753881466.452479;0.3;0.0;-0.0;-1.9;1.25;0.18;2052.5;2115.1;1883.8;1912.3;49.2;26.0;66.1;51.2;0.01;0.42;-10.69;0.52;0.78;0.19
1753881466.457479;0.3;0.0;-0.0;-1.5;0.62;0.19;1718.9;2034.5;2508.6;1714.6;45.4;23.1;60.6;61.8;0.05;0.38;-10.62;0.61;0.2;0.68
1753881466.462479;0.4;0.0;-0.0;-1.3;0.9;0.18;1409.5;1987.4;1961.5;2145.8;48.1;25.2;62.1;71.2;0.23;0.26;-10.73;0.44;0.79;2.83
1753881466.467479;0.4;0.0;-0.0;-1.8;0.85;0.18;1646.6;1966.2;1840.4;1972.0;43.0;23.9;58.9;59.3;0.08;0.44;-10.66;0.59;0.44;1.32
1753881466.472479;0.4;0.0;-0.0;-1.5;0.47;0.17;2052.8;2063.3;1992.9;2004.3;45.3;22.5;63.5;65.0;-0.09;0.33;-10.56;0.44;1.15;-2.39
1753881466.477478;0.4;0.0;-0.0;-1.6;0.8;0.18;1876.0;2003.0;1883.0;1950.0;46.0;25.0;63.0;57.0;0.05;0.32;-10.64;0.53;0.93;0.49
1753881466.482478;0.5;0.0;-0.0;-1.7;0.88;0.18;1312.8;2997.4;2111.3;1447.6;62.0;131.6;82.9;40.1;0.42;0.4;-10.59;0.32;1.18;0.66
1753881466.487478;0.5;0.0;-0.0;-1.3;0.82;0.17;2033.8;1861.1;2072.9;2223.4;61.6;85.5;70.4;-10.3;-0.49;0.23;-10.65;0.91;1.13;1.8
1753881466.492478;0.4;0.0;-0.0;-2.0;1.47;0.18;1271.4;2356.7;1857.1;1818.6;136.7;48.9;54.6;56.8;1.52;0.31;-10.67;0.77;1.04;0.18
1753881466.497478;0.3;0.0;-0.0;-1.8;1.54;0.17;1954.6;3045.2;1815.6;2031.8;8.4;102.4;76.7;245.1;0.66;0.46;-10.62;0.86;0.45;0.04
1753881466.502478;0.3;0.0;-0.0;-1.7;1.22;0.17;2372.8;2748.1;2504.7;3855.5;56.6;46.3;84.3;81.9;0.71;0.3;-10.62;-0.01;1.18;1.69
1753881466.507479;0.3;0.0;-0.0;-1.7;1.19;0.17;1891.6;3436.2;1422.5;3123.6;170.8;25.5;65.6;112.8;-0.32;0.35;-10.61;1.02;1.15;0.7
1753881466.512479;0.4;0.0;-0.0;-1.7;0.84;0.18;2873.6;3132.7;2489.8;3174.3;142.3;142.9;108.9;102.0;0.36;0.18;-10.64;0.72;1.13;2.93
1753881466.517479;0.4;0.0;-0.0;-2.0;0.72;0.18;1704.7;1911.6;2644.9;4061.1;150.0;150.5;79.4;243.2;0.53;0.34;-10.58;0.03;1.09;-1.25
1753881466.522479;0.4;0.0;-0.0;-1.5;0.63;0.18;2321.0;2836.1;1859.1;2252.1;218.1;168.9;82.7;171.3;0.59;0.43;-10.56;0.86;1.22;0.52
1753881466.527479;0.4;0.0;-0.0;-1.6;1.57;0.17;2471.1;3095.7;2977.8;2850.0;206.4;59.1;79.9;-46.7;0.77;0.33;-10.59;0.58;0.08;0.71
1753881466.532479;0.5;0.0;-0.0;-1.5;1.29;0.18;3892.3;3098.7;3410.9;2552.5;33.8;204.1;113.7;293.9;0.88;0.23;-10.62;1.1;1.21;0.4
1753881466.53748;0.4;0.0;-0.0;-1.9;1.22;0.18;2471.0;3899.6;1935.3;3286.4;191.2;89.8;115.1;321.5;-0.04;0.08;-10.57;-0.2;0.63;1.42
1753881466.54248;0.4;0.0;-0.0;-2.2;1.51;0.17;1111.7;2852.6;2286.1;1986.0;158.6;72.5;168.6;298.9;0.18;0.27;-10.58;0.16;-0.05;0.85
1753881466.54748;0.4;0.0;-0.0;-1.8;1.87;0.18;3095.5;2671.0;3175.6;2320.9;234.9;86.8;118.5;243.1;1.16;0.17;-10.57;-0.45;1.53;2.96
1753881466.55248;0.4;0.0;-0.0;-1.5;0.73;0.18;2335.6;2722.1;4103.5;2933.4;116.1;93.9;112.1;348.0;2.32;0.17;-10.62;0.86;1.23;1.65
1753881466.55748;0.4;0.0;-0.0;-1.8;2.28;0.17;3169.6;3169.7;3400.1;3455.4;217.0;97.1;159.3;244.5;2.29;0.16;-10.55;0.52;1.47;5.31
1753881466.56248;0.2;0.0;-0.0;-1.4;1.87;0.18;3592.8;3257.0;2198.2;4115.0;222.9;56.2;144.5;240.6;0.75;0.15;-10.61;0.32;0.98;3.09
1753881466.56748;0.4;0.0;-0.0;-1.8;1.29;0.18;2799.5;3484.9;3054.1;3988.7;258.4;136.4;149.7;141.0;1.86;-0.1;-10.69;0.3;1.21;0.66
1753881466.57248;0.4;0.0;-0.0;-1.9;1.62;0.17;1809.0;3920.9;3619.7;4286.7;245.7;152.2;164.0;97.0;1.15;0.23;-10.59;0.31;0.2;0.77
1753881466.57748;0.5;0.0;-0.0;-1.4;1.86;0.18;3995.3;3174.5;3645.5;3541.6;39.4;100.1;158.6;212.1;0.37;-0.05;-10.63;-0.03;0.49;2.22
1753881466.58248;0.4;0.0;-0.0;-1.7;1.19;0.17;3211.7;5042.8;2906.5;3480.7;324.5;211.5;172.2;272.7;2.56;0.3;-10.58;0.41;1.13;0.96
1753881466.58748;0.4;0.0;-0.0;-1.7;1.81;0.17;3154.0;3479.0;3824.8;4242.1;145.4;130.4;106.1;301.3;1.78;0.1;-10.55;0.47;0.89;1.11
1753881466.592481;0.3;0.0;-0.0;-1.4;2.06;0.17;3528.7;4045.1;3373.1;3077.1;169.1;262.5;122.8;125.6;0.86;0.14;-10.59;-0.1;0.75;3.37
1753881466.597481;0.4;0.0;-0.0;-1.5;1.63;0.18;4349.6;3652.2;3599.2;3721.9;336.7;187.7;123.6;213.2;1.07;0.1;-10.57;-0.12;0.9;2.35
1753881466.602481;0.3;0.0;-0.0;-1.7;2.13;0.17;3675.0;3834.8;3302.3;4716.9;259.4;200.0;155.7;378.4;1.05;0.12;-10.53;0.43;1.0;3.31
1753881466.607481;0.4;0.0;-0.0;-2.1;1.86;0.17;3703.4;3857.3;3539.4;3407.2;295.8;217.2;150.5;336.1;2.03;0.0;-10.59;0.2;0.93;-0.23
1753881466.612481;0.5;0.0;-0.0;-1.8;1.92;0.17;2936.6;5097.0;4175.3;3439.6;262.8;169.9;118.0;197.4;3.43;-0.09;-10.63;0.12;1.2;0.24
1753881466.617481;0.4;0.0;-0.0;-1.6;1.89;0.17;4213.4;3975.3;3900.8;3669.3;375.7;227.1;157.1;272.2;2.86;0.1;-10.52;0.8;1.35;3.61
1753881466.622481;0.4;0.0;-0.0;-1.6;1.74;0.17;3538.1;4002.9;4796.2;4545.4;276.4;221.4;194.1;367.7;1.85;0.12;-10.54;0.34;1.49;2.08
1753881466.627482;0.4;0.0;-0.0;-1.2;2.43;0.16;4653.9;3846.7;5271.5;4353.1;256.1;255.5;201.5;343.3;1.85;0.01;-10.56;0.1;1.07;3.73
1753881466.632482;0.3;0.0;-0.0;-1.6;2.38;0.17;3648.0;3787.6;4059.9;4425.6;235.2;280.6;123.1;421.4;2.3;-0.1;-10.59;0.0;0.79;1.17
1753881466.637482;0.5;0.0;-0.0;-1.7;2.42;0.16;4984.9;4476.5;5181.6;4401.1;287.1;188.1;203.5;362.5;2.16;0.0;-10.6;-0.55;1.77;-0.34
1753881466.642482;0.4;0.0;-0.0;-1.8;1.74;0.16;4056.0;4275.3;3960.8;4579.5;426.4;200.9;167.3;542.0;1.93;-0.01;-10.51;-0.23;1.04;-1.3
1753881466.647482;0.5;0.0;-0.0;-1.5;2.57;0.17;4205.7;3849.0;3263.6;3931.2;358.7;229.2;197.5;525.9;1.9;-0.22;-10.54;-0.35;0.77;-1.2
1753881466.652482;0.4;0.0;-0.0;-1.6;2.93;0.17;4351.3;3556.3;5107.5;4218.8;320.9;299.0;175.4;514.8;2.37;0.08;-10.57;0.01;0.72;2.97
1753881466.657478;0.4;0.0;-0.0;-1.6;2.49;0.17;4686.0;4476.0;4803.0;4613.0;350.0;278.0;199.0;462.0;2.79;-0.05;-10.54;0.04;1.0;2.56
1753881466.662478;0.4;0.0;-0.0;-1.6;2.49;0.17;4686.0;4476.0;4803.0;4613.0;350.0;278.0;199.0;462.0;2.6;-0.08;-10.63;-0.06;2.19;-4.92
1753881466.667478;0.4;0.0;-0.0;-1.6;2.49;0.17;4686.0;4476.0;4803.0;4613.0;350.0;278.0;199.0;462.0;2.73;0.01;-10.35;-1.76;1.17;3.31
1753881466.672478;0.4;0.0;-0.0;-1.6;2.49;0.17;4686.0;4476.0;4803.0;4613.0;350.0;278.0;199.0;462.0;2.7;-0.1;-9.92;-3.44;2.16;8.07
1753881466.677478;0.4;0.0;-0.0;-1.6;2.49;0.17;4686.0;4476.0;4803.0;4613.0;350.0;278.0;199.0;462.0;2.43;-0.37;-9.74;-6.21;4.78;-4.53
1753881466.682478;0.4;0.0;-0.0;-1.6;2.49;0.17;4686.0;4476.0;4803.0;4613.0;350.0;278.0;199.0;462.0;2.45;0.14;-10.0;-1.71;3.21;-4.53
1753881466.687478;0.4;0.0;-0.0;-1.6;2.49;0.17;4686.0;4476.0;4803.0;4613.0;350.0;278.0;199.0;462.0;2.4;0.64;-10.69;-0.86;-2.51;10.18
1753881466.692478;0.4;0.0;-0.0;-2.0;2.24;0.17;6285.4;5289.6;6992.1;3885.9;481.0;314.5;284.2;631.6;1.74;0.46;-11.11;-1.24;-1.13;-6.05
1753881466.697478;0.4;0.0;-0.0;-1.6;2.49;0.17;4686.0;4476.0;4803.0;4613.0;350.0;278.0;199.0;462.0;2.06;0.35;-11.02;-0.1;2.89;-9.04
1753881466.702478;0.4;0.0;-0.0;-1.6;2.49;0.17;4686.0;4476.0;4803.0;4613.0;350.0;278.0;199.0;462.0;2.01;0.81;-10.83;2.04;2.08;1.95
1753881466.707478;0.4;0.0;-0.0;-1.6;2.49;0.17;4686.0;4476.0;4803.0;4613.0;350.0;278.0;199.0;462.0;1.66;1.27;-11.27;5.46;-0.56;6.95
1753881466.712478;0.4;0.0;-0.0;-1.6;2.49;0.17;4686.0;4476.0;4803.0;4613.0;350.0;278.0;199.0;462.0;1.36;1.59;-11.75;8.04;-1.25;-12.48
1753881466.717478;0.4;0.0;-0.0;-1.6;2.49;0.17;4686.0;4476.0;4803.0;4613.0;350.0;278.0;199.0;462.0;1.26;2.37;-12.13;10.8;-3.96;-1.59
1753881466.722478;0.4;0.0;-0.0;-1.6;2.49;0.17;4686.0;4476.0;4803.0;4613.0;350.0;278.0;199.0;462.0;1.04;2.43;-12.34;5.22;-5.7;11.71
1753881466.727478;0.4;0.0;-0.0;-1.6;2.49;0.17;4686.0;4476.0;4803.0;4613.0;350.0;278.0;199.0;462.0;1.45;1.8;-12.08;3.31;-1.7;-14.64
1753881466.732478;0.4;0.0;-0.0;-1.6;2.49;0.17;4686.0;4476.0;4803.0;4613.0;350.0;278.0;199.0;462.0;1.44;2.33;-11.81;5.57;0.4;-13.0
1753881466.737478;0.4;0.0;-0.0;-1.6;2.49;0.17;4686.0;4476.0;4803.0;4613.0;350.0;278.0;199.0;462.0;0.76;2.28;-11.1;3.76;-2.2;13.14
1753881466.742478;0.4;0.0;-0.0;-1.6;2.49;0.17;4686.0;4476.0;4803.0;4613.0;350.0;278.0;199.0;462.0;1.09;1.24;-10.03;0.45;0.83;-0.57
1753881466.747478;0.4;0.0;-0.0;-1.6;2.49;0.17;4686.0;4476.0;4803.0;4613.0;350.0;278.0;199.0;462.0;1.28;1.0;-10.03;1.38;6.08;-16.71
1753881466.752478;0.4;0.0;-0.0;-1.6;2.49;0.17;4686.0;4476.0;4803.0;4613.0;350.0;278.0;199.0;462.0;0.92;1.54;-10.58;0.22;1.25;5.85
1753881466.757478;0.4;0.0;-0.0;-1.6;2.49;0.17;4686.0;4476.0;4803.0;4613.0;350.0;278.0;199.0;462.0;1.26;0.84;-10.55;-1.12;-0.7;9.48
1753881466.762478;0.4;0.0;-0.0;-1.6;2.49;0.17;4686.0;4476.0;4803.0;4613.0;350.0;278.0;199.0;462.0;1.33;-0.28;-9.73;-3.96;5.77;-13.43
1753881466.767478;0.4;0.0;-0.0;-1.7;2.48;0.17;2962.2;4961.7;4702.2;4901.0;358.2;280.1;204.7;458.4;2.13;-0.37;-10.0;-1.86;4.44;-28.89
1753881466.772478;0.4;0.0;-0.0;-1.6;3.79;0.17;4594.0;4777.1;5201.2;4963.2;317.0;267.9;202.1;434.3;0.33;-0.34;-10.21;-14.15;7.25;-9.0
1753881466.777478;0.4;0.0;-0.0;-1.6;3.73;0.18;7299.6;5726.3;4309.5;4271.1;350.1;275.3;218.7;359.2;0.51;1.0;-10.08;-9.96;-0.32;-6.23
1753881466.782478;0.4;0.0;-0.0;-1.6;4.58;0.18;5006.9;6235.3;6457.1;3085.5;294.6;280.4;224.5;481.7;1.0;-0.4;-10.23;-4.98;6.69;-22.95
1753881466.787478;0.5;0.0;-0.0;-1.5;3.69;0.18;6565.0;8047.3;5766.7;8052.4;287.5;257.9;208.7;348.0;3.01;0.32;-11.42;-5.07;6.41;-12.51
1753881466.792478;0.4;0.0;-0.0;-1.5;3.78;0.19;6727.9;5361.2;7162.2;5940.0;317.0;262.9;222.5;457.4;1.69;0.99;-9.94;-4.13;4.78;-29.63
1753881466.797478;0.5;0.0;-0.0;-1.5;3.05;0.19;7916.8;6080.4;6556.6;8301.3;301.9;243.2;213.7;417.6;0.69;0.76;-8.32;-12.54;4.31;-15.72
1753881466.802478;0.5;0.0;-0.0;-1.5;2.69;0.2;6977.1;7785.1;6729.2;7380.4;285.0;255.0;233.1;368.6;0.81;1.27;-11.28;-7.87;4.95;-22.69
1753881466.807479;0.5;0.0;-0.0;-1.5;3.29;0.19;7032.4;8151.6;7707.6;6550.9;306.4;259.5;228.7;333.5;1.3;-0.63;-10.18;-9.16;4.25;-15.42
1753881466.812479;0.5;0.0;-0.0;-1.4;4.59;0.19;6482.3;8347.4;6675.9;6573.3;285.3;253.9;215.6;391.8;1.71;-1.11;-10.44;1.0;4.67;-24.11
1753881466.817479;0.5;0.0;-0.0;-1.5;5.0;0.2;7481.8;7808.1;5996.4;7899.2;266.0;244.7;228.4;323.5;1.42;0.38;-10.56;0.7;0.62;-9.95
1753881466.822479;0.5;0.0;-0.0;-1.5;4.29;0.2;8565.2;7641.3;7317.2;7636.5;296.2;246.0;239.9;308.8;1.91;-0.01;-11.37;2.66;5.45;-18.72
1753881466.827479;0.5;0.0;-0.0;-1.4;6.11;0.19;7405.3;7894.5;8060.1;6980.3;303.7;259.3;238.9;241.6;2.32;0.71;-10.44;0.88;-1.51;-27.82
1753881466.832479;0.4;0.0;-0.0;-1.4;4.74;0.2;7860.4;10188.9;9036.9;8644.7;248.4;224.7;218.5;286.6;2.01;0.92;-10.68;-6.69;1.78;-20.63
1753881466.837479;0.5;0.0;-0.0;-1.4;5.38;0.2;8183.6;8930.1;10555.0;8773.7;224.6;242.3;260.2;260.5;1.0;0.69;-11.61;1.87;6.35;-18.71
1753881466.842478;0.5;0.0;-0.0;-1.4;5.62;0.2;8970.0;8796.0;8703.0;8960.0;246.0;236.0;249.0;274.0;1.9;0.51;-11.05;-1.05;0.94;-16.42
1753881466.847478;0.5;0.0;-0.0;-1.4;5.62;0.2;8970.0;8796.0;8703.0;8960.0;246.0;236.0;249.0;274.0;2.35;1.09;-10.37;0.78;-4.08;17.71
1753881466.852478;0.5;0.0;-0.0;-1.4;5.62;0.2;8970.0;8796.0;8703.0;8960.0;246.0;236.0;249.0;274.0;1.04;0.51;-11.1;2.14;1.47;5.76
1753881466.857478;0.5;0.0;-0.0;-1.4;5.62;0.2;8970.0;8796.0;8703.0;8960.0;246.0;236.0;249.0;274.0;0.94;-0.17;-11.61;-0.39;5.5;-19.72
1753881466.862478;0.5;0.0;-0.0;-1.4;5.62;0.2;8970.0;8796.0;8703.0;8960.0;246.0;236.0;249.0;274.0;2.08;0.84;-11.74;-0.61;-2.11;8.25
1753881466.867478;0.5;0.0;-0.0;-1.4;5.62;0.2;8970.0;8796.0;8703.0;8960.0;246.0;236.0;249.0;274.0;1.44;0.44;-11.71;1.36;-2.7;13.48
1753881466.872478;0.5;0.0;-0.0;-1.4;5.62;0.2;8970.0;8796.0;8703.0;8960.0;246.0;236.0;249.0;274.0;0.84;0.11;-10.9;-0.07;1.77;-12.73
1753881466.877478;0.5;0.0;-0.0;-1.4;5.62;0.2;8970.0;8796.0;8703.0;8960.0;246.0;236.0;249.0;274.0;1.69;0.8;-9.96;-0.27;2.11;-7.53
1753881466.882478;0.5;0.0;-0.0;-1.4;5.62;0.2;8970.0;8796.0;8703.0;8960.0;246.0;236.0;249.0;274.0;1.55;0.98;-10.89;1.99;-1.35;19.81
1753881466.887478;0.5;0.0;-0.0;-1.4;5.62;0.2;8970.0;8796.0;8703.0;8960.0;246.0;236.0;249.0;274.0;0.73;0.1;-12.22;-0.34;0.96;2.54
1753881466.892478;0.5;0.0;-0.0;-1.4;5.62;0.2;8970.0;8796.0;8703.0;8960.0;246.0;236.0;249.0;274.0;1.88;0.02;-10.64;1.44;4.29;-18.12
1753881466.897478;0.5;0.0;-0.0;-1.4;5.62;0.2;8970.0;8796.0;8703.0;8960.0;246.0;236.0;249.0;274.0;1.59;0.64;-10.48;-0.65;-0.67;11.6
1753881466.902478;0.5;0.0;-0.0;-1.4;5.62;0.2;8970.0;8796.0;8703.0;8960.0;246.0;236.0;249.0;274.0;0.33;-0.14;-11.14;-1.89;-2.28;10.91
1753881466.907478;0.5;0.0;-0.0;-1.4;5.62;0.2;8970.0;8796.0;8703.0;8960.0;246.0;236.0;249.0;274.0;1.1;-0.14;-10.79;-2.02;-0.56;-8.9
1753881466.912478;0.5;0.0;-0.0;-1.4;5.62;0.2;8970.0;8796.0;8703.0;8960.0;246.0;236.0;249.0;274.0;1.49;0.53;-10.25;-0.31;0.26;-3.34
1753881466.917478;0.5;0.0;-0.0;-1.4;5.62;0.2;8970.0;8796.0;8703.0;8960.0;246.0;236.0;249.0;274.0;0.47;0.39;-10.16;2.15;1.57;16.13
1753881466.922478;0.5;0.0;-0.0;-1.4;5.62;0.2;8970.0;8796.0;8703.0;8960.0;246.0;236.0;249.0;274.0;0.2;-0.21;-10.63;-0.63;4.41;-4.96
1753881466.927478;0.5;0.0;-0.0;-1.4;5.62;0.2;8970.0;8796.0;8703.0;8960.0;246.0;236.0;249.0;274.0;0.8;0.36;-10.82;-1.43;0.77;-11.4
1753881466.932478;0.5;0.0;-0.0;-1.4;5.62;0.2;8970.0;8796.0;8703.0;8960.0;246.0;236.0;249.0;274.0;0.64;0.63;-10.8;-0.37;-4.75;14.03
1753881466.937478;0.5;0.0;-0.0;-1.4;5.62;0.2;8970.0;8796.0;8703.0;8960.0;246.0;236.0;249.0;274.0;0.27;-0.4;-10.41;0.02;-0.22;-3.61
1753881466.942478;0.5;0.0;-0.0;-1.4;5.62;0.2;8970.0;8796.0;8703.0;8960.0;246.0;236.0;249.0;274.0;0.76;0.09;-9.07;0.41;2.18;-10.84
1753881466.947478;0.5;0.0;-0.0;-1.4;5.62;0.2;8970.0;8796.0;8703.0;8960.0;246.0;236.0;249.0;274.0;0.17;0.99;-10.72;-2.92;-4.15;13.0
1753881466.952478;0.5;0.0;-0.0;-1.4;5.62;0.2;8970.0;8796.0;8703.0;8960.0;246.0;236.0;249.0;274.0;0.02;0.36;-10.95;-1.92;0.52;0.61
1753881466.957478;0.5;0.0;-0.0;-1.4;5.62;0.2;8970.0;8796.0;8703.0;8960.0;246.0;236.0;249.0;274.0;0.21;0.28;-10.55;-0.35;6.35;-12.57
1753881466.962478;0.5;0.0;-0.0;-1.4;5.62;0.2;8970.0;8796.0;8703.0;8960.0;246.0;236.0;249.0;274.0;0.55;0.91;-10.44;-0.96;-1.94;6.33
1753881466.967478;0.5;0.0;-0.0;-1.4;5.62;0.2;8970.0;8796.0;8703.0;8960.0;246.0;236.0;249.0;274.0;0.19;0.84;-10.75;-0.67;-5.69;8.82
1753881466.972478;0.5;0.0;-0.0;-1.4;5.62;0.2;8970.0;8796.0;8703.0;8960.0;246.0;236.0;249.0;274.0;0.44;0.13;-10.68;0.28;-0.96;-14.37
1753881466.977478;0.5;0.0;-0.0;-1.4;5.62;0.2;8970.0;8796.0;8703.0;8960.0;246.0;236.0;249.0;274.0;0.63;1.04;-10.09;1.12;1.78;5.09
1753881466.982478;0.5;0.0;-0.0;-1.4;5.62;0.2;8970.0;8796.0;8703.0;8960.0;246.0;236.0;249.0;274.0;0.04;1.18;-10.34;4.97;3.09;19.93
1753881466.987478;0.5;0.0;-0.0;-1.4;5.62;0.2;8970.0;8796.0;8703.0;8960.0;246.0;236.0;249.0;274.0;0.03;0.0;-11.41;0.5;6.3;-11.21
1753881466.992478;0.5;0.0;-0.0;-1.4;5.62;0.2;8970.0;8796.0;8703.0;8960.0;246.0;236.0;249.0;274.0;0.01;0.74;-12.22;-0.93;1.11;-2.49
1753881466.997478;0.5;0.0;-0.0;-1.4;5.62;0.2;8970.0;8796.0;8703.0;8960.0;246.0;236.0;249.0;274.0;0.07;0.88;-11.66;-2.19;-2.77;14.99
1753881467.002478;0.5;0.0;-0.0;-1.4;5.62;0.2;8970.0;8796.0;8703.0;8960.0;246.0;236.0;249.0;274.0;0.02;0.19;-10.03;2.97;1.44;-2.22
1753881467.007478;0.5;0.0;-0.0;-1.4;5.62;0.2;8970.0;8796.0;8703.0;8960.0;246.0;236.0;249.0;274.0;-0.2;0.75;-9.76;9.58;3.95;-5.12
1753881467.012478;0.5;0.0;-0.0;-1.4;5.62;0.2;8970.0;8796.0;8703.0;8960.0;246.0;236.0;249.0;274.0;0.58;0.75;-10.89;-1.37;-4.47;25.29
1753881467.017478;0.5;0.0;-0.0;-1.4;5.62;0.2;8970.0;8796.0;8703.0;8960.0;246.0;236.0;249.0;274.0;0.34;-0.04;-11.46;-1.75;0.53;-12.33
1753881467.022478;0.5;0.0;-0.0;-1.4;5.62;0.2;8970.0;8796.0;8703.0;8960.0;246.0;236.0;249.0;274.0;-0.04;-0.03;-11.0;0.35;6.41;-16.58
1753881467.027478;0.5;0.0;-0.0;-1.4;5.62;0.2;8970.0;8796.0;8703.0;8960.0;246.0;236.0;249.0;274.0;0.08;1.04;-10.92;-0.34;-2.88;23.27
1753881467.032478;0.5;0.0;-0.0;-1.4;5.62;0.2;8970.0;8796.0;8703.0;8960.0;246.0;236.0;249.0;274.0;0.38;0.28;-10.81;-1.25;-2.05;4.91
1753881467.037478;0.5;0.0;-0.0;-1.4;5.62;0.2;8970.0;8796.0;8703.0;8960.0;246.0;236.0;249.0;274.0;0.29;-0.14;-10.13;1.28;3.96;-21.06
1753881467.042478;0.5;0.0;-0.0;-1.4;5.62;0.2;8970.0;8796.0;8703.0;8960.0;246.0;236.0;249.0;274.0;-0.14;1.26;-9.65;0.89;0.71;12.26
1753881467.047478;0.5;0.0;-0.0;-1.4;5.62;0.2;8970.0;8796.0;8703.0;8960.0;246.0;236.0;249.0;274.0;-0.23;0.97;-10.27;0.37;-0.66;12.16
1753881467.052478;0.5;0.0;-0.0;-1.4;5.62;0.2;8970.0;8796.0;8703.0;8960.0;246.0;236.0;249.0;274.0;-0.56;0.18;-11.17;-0.61;4.63;-22.6
1753881467.057478;0.5;0.0;-0.0;-1.4;5.62;0.2;8970.0;8796.0;8703.0;8960.0;246.0;236.0;249.0;274.0;-0.78;0.88;-11.47;-0.81;1.67;1.38
1753881467.062478;0.5;0.0;-0.0;-1.4;5.62;0.2;8970.0;8796.0;8703.0;8960.0;246.0;236.0;249.0;274.0;-0.27;0.8;-11.26;1.37;-0.97;18.67
1753881467.067478;0.5;0.0;-0.0;-1.4;5.62;0.2;8970.0;8796.0;8703.0;8960.0;246.0;236.0;249.0;274.0;-0.87;0.53;-10.19;1.43;3.52;-8.28
1753881467.072478;0.5;0.0;-0.0;-1.4;5.62;0.2;8970.0;8796.0;8703.0;8960.0;246.0;236.0;249.0;274.0;-1.24;0.52;-11.1;-5.42;-1.77;-3.91
1753881467.077478;0.5;0.0;-0.0;-1.4;5.62;0.2;8970.0;8796.0;8703.0;8960.0;246.0;236.0;249.0;274.0;-0.53;0.67;-11.94;-3.57;-3.62;-0.45
1753881467.082478;0.5;0.0;-0.0;-1.4;5.62;0.2;8970.0;8796.0;8703.0;8960.0;246.0;236.0;249.0;274.0;0.12;-0.13;-10.97;-1.2;-0.46;1.36
1753881467.087478;0.5;0.0;-0.0;-1.4;5.62;0.2;8970.0;8796.0;8703.0;8960.0;246.0;236.0;249.0;274.0;-1.03;0.38;-11.14;1.96;4.25;-3.06
1753881467.092478;0.5;0.0;-0.0;-1.4;5.62;0.2;8970.0;8796.0;8703.0;8960.0;246.0;236.0;249.0;274.0;-1.03;0.89;-11.37;1.56;-0.82;8.5
1753881467.097478;0.5;0.0;-0.0;-1.4;5.62;0.2;8970.0;8796.0;8703.0;8960.0;246.0;236.0;249.0;274.0;0.0;0.01;-10.8;1.51;-1.57;-2.61
1753881467.102478;0.5;0.0;-0.0;-1.4;5.62;0.2;8970.0;8796.0;8703.0;8960.0;246.0;236.0;249.0;274.0;-0.5;0.07;-10.14;1.96;4.24;-4.82
1753881467.107478;0.5;0.0;-0.0;-1.4;5.62;0.2;8970.0;8796.0;8703.0;8960.0;246.0;236.0;249.0;274.0;-0.65;0.89;-10.55;1.7;2.62;4.78
1753881467.112478;0.5;0.0;-0.0;-1.4;5.62;0.2;8970.0;8796.0;8703.0;8960.0;246.0;236.0;249.0;274.0;0.05;0.2;-11.22;0.94;-0.68;-0.78
1753881467.117478;0.5;0.0;-0.0;-1.4;5.62;0.2;8970.0;8796.0;8703.0;8960.0;246.0;236.0;249.0;274.0;-0.27;-0.23;-11.39;-0.19;2.34;-6.96
1753881467.122478;0.5;0.0;-0.0;-1.4;5.62;0.2;8970.0;8796.0;8703.0;8960.0;246.0;236.0;249.0;274.0;-0.44;0.39;-10.99;1.84;3.63;1.06
1753881467.127478;0.5;0.0;-0.0;-1.4;5.62;0.2;8970.0;8796.0;8703.0;8960.0;246.0;236.0;249.0;274.0;-0.26;1.1;-9.48;2.68;2.0;10.24
1753881467.132478;0.5;0.0;-0.0;-1.4;5.62;0.2;8970.0;8796.0;8703.0;8960.0;246.0;236.0;249.0;274.0;-0.39;0.48;-9.46;1.2;1.95;-2.85
1753881467.137478;0.5;0.0;-0.0;-1.4;5.62;0.2;8970.0;8796.0;8703.0;8960.0;246.0;236.0;249.0;274.0;-1.1;0.51;-11.04;1.52;0.75;-7.37
1753881467.142478;0.5;0.0;-0.0;-1.4;5.62;0.2;8970.0;8796.0;8703.0;8960.0;246.0;236.0;249.0;274.0;-0.35;0.72;-11.28;1.67;-1.79;5.4
1753881467.147478;0.5;0.0;-0.0;-1.4;5.62;0.2;8970.0;8796.0;8703.0;8960.0;246.0;236.0;249.0;274.0;-0.07;0.31;-11.42;-0.61;-2.25;4.49
1753881467.152478;0.5;0.0;-0.0;-1.4;5.62;0.2;8970.0;8796.0;8703.0;8960.0;246.0;236.0;249.0;274.0;-0.77;0.33;-11.54;0.68;1.23;-7.98
1753881467.157478;0.5;0.0;-0.0;-1.4;5.62;0.2;8970.0;8796.0;8703.0;8960.0;246.0;236.0;249.0;274.0;-0.33;0.52;-11.12;1.82;1.46;-2.8
1753881467.162478;0.5;0.0;-0.0;-1.4;5.62;0.2;8970.0;8796.0;8703.0;8960.0;246.0;236.0;249.0;274.0;-0.23;0.44;-10.28;0.35;0.38;11.84
1753881467.167478;0.5;0.0;-0.0;-1.4;5.62;0.2;8970.0;8796.0;8703.0;8960.0;246.0;236.0;249.0;274.0;-0.5;0.41;-10.04;2.25;0.36;-0.54
1753881467.172478;0.5;0.0;-0.0;-1.4;5.62;0.2;8970.0;8796.0;8703.0;8960.0;246.0;236.0;249.0;274.0;-0.2;0.32;-10.53;1.56;2.09;-7.91
1753881467.177478;0.5;0.0;-0.0;-1.4;5.62;0.2;8970.0;8796.0;8703.0;8960.0;246.0;236.0;249.0;274.0;-0.04;0.22;-10.62;-0.35;5.24;-14.87
1753881467.182478;0.5;0.0;-0.0;-1.4;5.62;0.2;8970.0;8796.0;8703.0;8960.0;246.0;236.0;249.0;274.0;-0.87;1.15;-10.48;0.82;3.79;-0.46
1753881467.187478;0.5;0.0;-0.0;-1.4;5.62;0.2;8970.0;8796.0;8703.0;8960.0;246.0;236.0;249.0;274.0;-0.99;-0.08;-10.94;-2.71;2.96;1.63
1753881467.192478;0.5;0.0;-0.0;-1.4;5.62;0.2;8970.0;8796.0;8703.0;8960.0;246.0;236.0;249.0;274.0;-0.32;0.49;-10.66;-0.51;1.32;-12.98
1753881467.197478;0.5;0.0;-0.0;-1.4;5.62;0.2;8970.0;8796.0;8703.0;8960.0;246.0;236.0;249.0;274.0;0.23;0.03;-11.29;0.11;3.15;8.95
1753881467.202479;0.5;0.0;-0.0;-1.4;5.62;0.2;8970.0;8796.0;8703.0;8960.0;246.0;236.0;249.0;274.0;-0.08;0.26;-9.07;-3.04;3.76;5.99
1753881467.207479;0.5;0.0;-0.0;-1.4;5.62;0.2;8970.0;8796.0;8703.0;8960.0;246.0;236.0;249.0;274.0;-0.4;0.25;-9.59;-3.97;4.69;-3.06
1753881467.212479;0.5;0.0;-0.0;-1.4;5.62;0.2;8970.0;8796.0;8703.0;8960.0;246.0;236.0;249.0;274.0;-0.76;0.3;-10.97;-1.94;3.19;0.89
1753881467.217479;0.5;0.0;-0.0;-1.4;5.62;0.2;8970.0;8796.0;8703.0;8960.0;246.0;236.0;249.0;274.0;0.03;-0.1;-10.75;-4.97;0.42;0.1
1753881467.222479;0.5;0.0;-0.0;-1.4;5.62;0.2;8970.0;8796.0;8703.0;8960.0;246.0;236.0;249.0;274.0;-0.12;0.28;-10.79;-4.66;1.92;-4.2
1753881467.227479;0.5;0.0;-0.0;-1.4;5.62;0.2;8970.0;8796.0;8703.0;8960.0;246.0;236.0;249.0;274.0;0.11;-0.23;-9.38;-3.88;4.68;8.64
1753881467.232478;0.5;0.0;-0.0;-1.4;5.62;0.2;8970.0;8796.0;8703.0;8960.0;246.0;236.0;249.0;274.0;-0.24;-0.06;-9.53;-6.43;2.94;9.89
1753881467.237478;0.5;0.0;-0.0;-1.4;5.62;0.2;8970.0;8796.0;8703.0;8960.0;246.0;236.0;249.0;274.0;-0.15;-0.66;-9.06;-10.99;7.63;-11.52
1753881467.242478;0.5;0.0;-0.0;-1.4;5.62;0.2;8970.0;8796.0;8703.0;8960.0;246.0;236.0;249.0;274.0;-0.75;-0.55;-8.76;-14.54;10.38;-3.76
1753881467.247478;0.5;0.0;-0.0;-1.4;5.62;0.2;8970.0;8796.0;8703.0;8960.0;246.0;236.0;249.0;274.0;-0.16;-0.6;-8.61;-14.22;6.73;7.66
1753881467.252478;0.5;0.0;-0.0;-1.4;5.62;0.2;8970.0;8796.0;8703.0;8960.0;246.0;236.0;249.0;274.0;0.33;0.92;-11.08;5.89;3.59;-3.99
1753881467.257478;0.5;0.0;-0.0;-1.4;5.62;0.2;8970.0;8796.0;8703.0;8960.0;246.0;236.0;249.0;274.0;-0.48;0.89;-11.89;0.72;10.17;5.41
1753881467.262478;0.5;0.0;-0.0;-1.3;5.87;0.2;8931.9;8847.2;8637.9;8959.9;239.0;189.5;251.0;287.0;-0.52;1.48;-11.3;-2.08;11.05;0.72
1753881467.267478;0.5;0.0;-0.0;-1.5;5.43;0.2;8955.5;8883.3;8808.3;8961.3;224.8;174.2;132.9;283.7;0.14;1.24;-13.46;12.18;12.87;-0.59
1753881467.272478;0.5;0.0;-0.0;-1.7;5.85;0.2;8949.3;8841.6;8683.0;8961.1;240.3;205.9;291.5;280.6;-0.36;1.14;-13.03;-12.09;3.94;2.72
1753881467.277479;0.7;0.0;-0.0;-1.1;5.45;0.2;8942.1;8788.0;8634.0;8959.0;306.3;208.5;148.4;317.6;-0.06;1.21;-15.12;6.75;12.71;2.86
1753881467.282479;0.5;0.0;-0.0;-1.8;5.43;0.2;8971.2;8752.9;8783.3;8964.3;195.9;204.0;205.3;270.5;-0.72;-0.47;-12.07;-3.45;14.7;15.56
1753881467.287479;0.6;0.0;-0.0;-1.6;4.45;0.21;8947.1;8849.7;8642.0;8962.3;213.3;198.6;184.8;216.7;0.25;0.03;-13.03;-6.72;13.06;0.5
1753881467.292479;0.7;0.0;-0.0;-1.6;5.94;0.2;8933.8;8891.8;8787.5;8966.9;213.8;136.9;204.8;316.9;-0.2;1.59;-12.24;4.39;9.1;15.04
1753881467.297479;0.7;0.0;-0.0;-1.6;5.29;0.2;8904.8;8926.2;8737.0;8961.2;238.7;178.4;234.0;207.1;-0.14;0.8;-12.25;0.99;13.38;-6.12
1753881467.302479;0.7;0.0;-0.0;-1.7;5.47;0.2;8932.2;8872.2;8688.7;8975.3;256.0;167.6;206.4;224.0;-0.04;1.12;-10.36;-2.63;12.07;5.35
1753881467.30748;0.8;0.0;-0.0;-1.7;5.49;0.2;8946.5;8794.9;8905.4;8971.7;122.3;185.7;157.2;219.7;-0.29;1.12;-11.28;2.08;14.49;-6.6
1753881467.31248;0.7;0.0;-0.0;-1.5;4.16;0.2;8943.3;8859.6;8784.9;8965.8;194.2;160.0;209.7;213.6;-0.65;0.77;-13.01;-1.41;8.37;-0.88
1753881467.31748;0.7;0.0;-0.0;-1.5;4.81;0.2;8916.9;8893.7;8706.8;8968.6;165.6;180.4;144.5;201.1;-0.58;0.26;-10.93;4.48;8.92;-3.27
1753881467.32248;0.6;0.0;-0.0;-1.9;4.14;0.2;8930.4;8831.7;8826.6;8966.5;236.3;134.4;165.1;141.5;-0.84;1.77;-12.29;14.08;12.38;-2.92
1753881467.32748;0.6;0.0;-0.0;-1.7;5.71;0.2;8925.3;8890.4;8908.8;8968.7;227.5;188.1;86.6;153.8;-0.78;0.98;-11.22;-11.71;7.11;7.61
1753881467.33248;0.8;0.0;-0.0;-1.7;4.72;0.2;8914.6;8973.7;8837.1;8969.9;143.1;157.0;176.2;193.9;-0.31;-0.0;-11.24;-6.1;5.38;-1.62
1753881467.33748;0.8;0.0;-0.0;-1.8;4.13;0.21;8928.2;8864.5;8896.5;8962.3;137.3;220.1;152.3;187.7;0.83;0.56;-10.27;-5.92;3.99;6.53
1753881467.34248;0.8;0.0;-0.0;-1.7;4.13;0.2;8940.8;8897.5;8973.5;8970.0;180.8;135.0;227.4;168.6;-0.39;0.91;-12.17;3.52;1.13;8.97
1753881467.34748;0.9;0.0;-0.0;-1.8;3.56;0.21;8886.2;8871.3;8768.9;8971.1;178.3;175.0;134.4;235.3;-0.15;-0.33;-11.93;-0.58;3.97;-21.76
1753881467.35248;1.0;0.0;-0.0;-1.7;2.79;0.21;8934.6;8904.9;8941.8;8962.7;166.3;98.3;129.8;107.9;0.0;0.2;-12.38;1.43;11.38;-2.08
1753881467.35748;0.7;0.0;-0.0;-2.0;4.88;0.21;8883.4;8888.9;8963.6;8982.1;113.3;117.0;148.9;122.3;0.0;0.08;-10.81;12.33;2.77;-32.24
1753881467.362481;0.9;0.0;-0.0;-2.0;3.47;0.2;8908.4;8936.7;8964.0;8977.0;112.8;94.4;174.7;166.1;0.05;0.29;-11.53;-2.48;14.18;-13.7
1753881467.367481;0.7;0.0;-0.0;-2.0;3.46;0.21;8910.5;9015.5;8915.6;8976.4;92.2;205.0;89.9;109.6;-0.55;0.23;-12.62;3.09;6.99;-5.09
1753881467.372481;1.0;0.0;-0.0;-1.9;3.66;0.21;8895.2;8849.5;8897.8;8975.6;154.5;132.2;129.1;119.3;0.36;0.85;-12.24;0.07;7.6;-6.16
1753881467.377481;1.0;0.0;-0.0;-1.9;4.15;0.2;8894.6;8896.2;8891.8;8972.6;146.1;151.4;121.6;170.9;0.41;0.76;-10.54;-5.54;10.45;-2.86
1753881467.382481;0.9;0.0;-0.0;-2.2;4.22;0.21;8922.3;9029.4;8948.2;8975.6;103.6;212.6;81.0;154.8;0.29;0.15;-11.71;-7.05;9.32;-21.24
1753881467.387481;0.9;0.0;-0.1;-2.0;3.2;0.21;8892.2;8962.1;8960.8;8978.1;75.3;143.1;64.8;156.0;0.25;0.27;-11.03;-7.8;5.21;-12.3
1753881467.392481;0.8;0.0;-0.0;-2.3;3.84;0.21;8849.9;8993.9;8987.5;8974.8;121.9;86.6;101.0;142.8;0.26;-0.34;-10.36;0.21;8.28;-14.4
1753881467.397482;1.0;0.0;-0.0;-2.3;3.4;0.21;8876.1;9072.6;9036.9;8973.7;117.3;40.9;35.5;122.0;-0.16;1.02;-12.26;2.33;8.26;-16.14
1753881467.402482;0.9;0.0;-0.1;-2.0;3.49;0.21;8902.8;9077.9;9131.6;8981.6;35.4;127.0;46.6;76.6;-0.27;-0.78;-11.25;2.18;7.9;-10.56
1753881467.407482;0.8;0.0;-0.0;-2.1;4.01;0.21;8861.6;8979.6;9031.2;8979.8;45.5;106.1;86.0;130.3;0.2;0.6;-13.59;16.51;11.31;-10.82
1753881467.412482;0.9;0.0;-0.1;-2.2;2.48;0.21;8837.1;8993.6;8925.5;8983.8;127.5;113.4;68.4;120.5;0.48;0.84;-11.01;10.44;-2.08;-7.55
1753881467.417478;0.9;0.0;-0.1;-2.2;3.12;0.21;8870.0;9006.0;9033.0;8980.0;70.0;82.0;41.0;99.0;0.04;-0.06;-11.34;3.6;6.59;-12.54
1753881467.422478;0.9;0.0;-0.1;-2.2;3.12;0.21;8870.0;9006.0;9033.0;8980.0;70.0;82.0;41.0;99.0;0.11;0.39;-11.09;0.43;5.5;0.75
1753881467.427478;0.9;0.0;-0.1;-2.2;3.12;0.21;8870.0;9006.0;9033.0;8980.0;70.0;82.0;41.0;99.0;0.21;0.42;-11.6;-3.08;-1.9;11.47
1753881467.432478;0.9;0.0;-0.1;-2.2;3.12;0.21;8870.0;9006.0;9033.0;8980.0;70.0;82.0;41.0;99.0;0.63;0.32;-11.67;-1.15;-1.93;-7.3
1753881467.437478;0.9;0.0;-0.1;-2.2;3.12;0.21;8870.0;9006.0;9033.0;8980.0;70.0;82.0;41.0;99.0;1.2;0.56;-10.79;-0.88;-1.91;-6.25
1753881467.442478;0.9;0.0;-0.1;-2.2;3.12;0.21;8870.0;9006.0;9033.0;8980.0;70.0;82.0;41.0;99.0;0.7;1.34;-9.98;1.26;-0.54;16.51
1753881467.447478;0.9;0.0;-0.1;-2.2;3.12;0.21;8870.0;9006.0;9033.0;8980.0;70.0;82.0;41.0;99.0;0.6;0.63;-10.53;1.77;3.21;0.78
1753881467.452478;0.9;0.0;-0.1;-2.2;3.12;0.21;8870.0;9006.0;9033.0;8980.0;70.0;82.0;41.0;99.0;0.47;0.35;-12.02;-1.47;4.94;-17.46
1753881467.457478;0.9;0.0;-0.1;-2.2;3.12;0.21;8870.0;9006.0;9033.0;8980.0;70.0;82.0;41.0;99.0;0.71;1.1;-11.65;-0.23;1.75;12.03
1753881467.462478;0.9;0.0;-0.1;-2.2;3.12;0.21;8870.0;9006.0;9033.0;8980.0;70.0;82.0;41.0;99.0;-0.25;0.54;-10.55;1.2;6.92;2.43
1753881467.467478;0.9;0.0;-0.1;-2.2;3.12;0.21;8870.0;9006.0;9033.0;8980.0;70.0;82.0;41.0;99.0;0.03;0.45;-9.69;0.21;5.79;-8.96
1753881467.472478;0.9;0.0;-0.1;-2.2;3.12;0.21;8870.0;9006.0;9033.0;8980.0;70.0;82.0;41.0;99.0;0.47;0.98;-10.66;-0.19;-1.69;3.35
1753881467.477478;0.9;0.0;-0.1;-2.2;3.12;0.21;8870.0;9006.0;9033.0;8980.0;70.0;82.0;41.0;99.0;0.29;0.83;-11.68;1.43;-5.02;8.78
1753881467.482478;0.9;0.0;-0.1;-2.2;3.12;0.21;8870.0;9006.0;9033.0;8980.0;70.0;82.0;41.0;99.0;0.32;0.55;-10.7;-0.04;2.9;-12.85
1753881467.487478;0.9;0.0;-0.1;-2.2;3.12;0.21;8870.0;9006.0;9033.0;8980.0;70.0;82.0;41.0;99.0;0.03;0.88;-10.22;0.54;7.78;-0.85
1753881467.492478;0.9;0.0;-0.1;-2.3;2.43;0.21;8841.0;8876.9;9087.4;8999.6;37.8;95.4;73.1;77.8;0.05;0.52;-10.23;2.47;12.28;-3.44
1753881467.497478;0.9;0.0;-0.1;-1.8;4.77;0.21;8888.0;8934.0;9037.5;8945.0;62.4;38.1;53.6;54.4;-0.47;0.02;-8.81;9.87;6.45;-2.51
1753881467.502478;1.0;0.0;-0.1;-2.2;3.78;0.21;8906.8;9089.4;8866.3;9006.1;134.9;86.7;127.4;115.3;0.06;1.08;-10.28;-2.24;8.32;-1.29
1753881467.507478;1.1;0.0;-0.1;-2.4;3.22;0.22;8958.7;9221.3;8928.7;8945.0;33.1;94.3;193.2;21.5;0.34;0.53;-9.45;-3.9;9.79;-12.59
1753881467.512478;1.0;0.0;-0.1;-2.1;3.01;0.21;8890.8;8951.7;8997.6;8997.0;18.4;220.9;164.4;111.2;0.47;0.23;-10.1;-2.16;7.75;-8.69
1753881467.517479;1.0;0.0;-0.0;-2.3;3.24;0.21;8916.7;8982.6;8851.5;8924.3;100.8;117.9;64.1;117.5;0.81;-0.14;-10.63;0.05;4.09;-8.06
1753881467.522479;1.1;0.0;-0.1;-1.7;6.71;0.21;8843.4;9169.1;8952.6;9002.3;29.7;74.9;-0.8;78.0;-0.04;-0.06;-11.71;-2.39;7.86;-7.0
1753881467.527479;0.9;0.0;-0.1;-2.2;3.34;0.21;9026.4;8990.6;8845.2;8940.4;150.3;-22.6;-39.2;95.6;0.16;-0.12;-9.55;9.89;6.49;-5.21
1753881467.532479;1.1;0.0;-0.0;-2.1;3.82;0.21;9003.3;9158.6;9060.9;8894.3;21.4;275.5;-7.4;72.9;-0.33;0.93;-9.0;-6.5;2.38;-10.0
1753881467.537479;1.2;0.0;-0.1;-2.9;2.97;0.21;9016.2;9125.4;8886.8;8945.3;-36.1;38.1;13.4;-88.0;-0.77;0.52;-10.12;-0.49;11.25;-5.96
1753881467.542479;0.8;0.0;-0.0;-2.2;1.63;0.21;9013.6;9206.4;9085.3;8936.7;5.6;129.5;112.5;34.4;0.15;0.67;-9.49;0.37;10.01;14.05
1753881467.54748;1.1;0.0;-0.1;-2.4;4.86;0.23;9011.5;9074.3;9089.1;8937.3;47.4;84.5;151.9;18.4;0.14;0.57;-11.55;4.16;5.5;-9.24
1753881467.55248;0.9;0.0;-0.0;-2.2;1.01;0.22;9039.3;9196.8;8881.8;8961.7;159.8;120.6;27.2;120.9;0.47;0.97;-9.16;0.56;8.67;14.41
1753881467.55748;0.9;0.0;-0.1;-2.2;2.59;0.21;9048.2;9157.1;9004.8;8909.1;163.7;69.6;143.5;20.6;-0.04;0.41;-10.8;4.47;0.95;-10.51
1753881467.56248;1.2;0.0;-0.1;-1.8;5.99;0.22;9008.5;9191.6;9003.1;8917.1;173.0;-31.6;79.1;47.8;-0.34;0.27;-11.78;-0.49;11.95;-8.19
1753881467.56748;1.0;0.0;-0.0;-2.9;4.9;0.22;9069.4;9219.5;8907.2;8944.8;4.8;53.4;16.1;86.9;0.43;0.48;-10.5;1.12;5.09;0.57
1753881467.57248;1.2;0.0;-0.1;-2.3;2.93;0.21;9085.6;9313.3;8600.2;8894.8;83.2;69.7;47.9;-68.8;0.13;-0.1;-11.71;0.9;1.81;-12.32
1753881467.57748;1.1;0.0;-0.0;-2.4;3.47;0.22;9102.0;9189.9;8964.5;8887.2;68.9;83.7;-8.5;66.4;0.42;0.26;-10.52;5.29;7.52;-9.2
1753881467.58248;1.0;0.0;-0.1;-1.8;2.0;0.21;9118.7;8977.4;8850.9;8907.3;46.8;30.6;57.8;79.6;-0.35;-0.35;-8.7;-0.18;0.22;-12.66
1753881467.58748;1.2;0.0;-0.1;-3.2;3.4;0.21;9083.1;9131.1;8923.4;8932.9;-11.0;35.8;-75.4;47.9;-0.34;0.3;-10.62;-2.27;3.23;-25.65
1753881467.59248;1.0;0.0;-0.0;-2.5;2.87;0.22;9023.7;9114.6;8918.8;8874.6;89.5;-25.6;-35.6;9.9;-0.24;-0.13;-10.24;7.36;8.17;-2.01
1753881467.59748;1.0;0.0;-0.1;-2.7;4.68;0.22;9024.2;8971.4;8983.1;8875.0;-3.3;85.7;91.9;120.5;-0.34;-0.88;-10.01;7.71;12.16;-16.1
1753881467.602478;1.1;0.0;-0.1;-2.3;3.11;0.22;9143.0;9153.0;8933.0;8880.0;59.0;20.0;69.0;91.0;-0.19;0.24;-10.26;1.84;4.54;-14.61
1753881467.607478;1.1;0.0;-0.1;-2.3;3.11;0.22;9143.0;9153.0;8933.0;8880.0;59.0;20.0;69.0;91.0;0.64;1.09;-11.71;-0.25;-4.63;14.0
1753881467.612478;1.1;0.0;-0.1;-2.3;3.11;0.22;9143.0;9153.0;8933.0;8880.0;59.0;20.0;69.0;91.0;0.62;0.27;-11.33;-0.22;-2.44;2.12
1753881467.617478;1.1;0.0;-0.1;-2.3;3.11;0.22;9143.0;9153.0;8933.0;8880.0;59.0;20.0;69.0;91.0;-0.39;0.15;-10.91;0.8;5.31;-13.19
1753881467.622478;1.1;0.0;-0.1;-2.3;3.11;0.22;9143.0;9153.0;8933.0;8880.0;59.0;20.0;69.0;91.0;0.21;0.98;-10.53;-0.12;0.33;8.91
1753881467.627478;1.1;0.0;-0.1;-2.3;3.11;0.22;9143.0;9153.0;8933.0;8880.0;59.0;20.0;69.0;91.0;0.67;0.5;-10.56;0.87;-2.41;10.37
1753881467.632478;1.2;0.0;-0.1;-2.4;3.16;0.22;9389.7;9212.3;8927.0;8810.5;66.5;-18.4;62.1;88.4;0.93;0.19;-11.36;0.03;-2.18;16.0
1753881467.637478;1.1;0.0;-0.1;-2.4;3.01;0.22;9117.6;9040.9;8910.2;8846.9;51.3;31.0;56.8;91.0;0.86;0.79;-10.98;2.33;-4.07;-10.75
1753881467.642478;1.1;0.0;-0.1;-2.2;3.16;0.21;9167.0;9044.4;8942.0;8960.5;46.9;31.7;64.9;85.3;0.47;1.06;-10.36;1.09;-2.79;20.45
1753881467.647478;1.1;0.0;-0.1;-2.3;3.36;0.22;9162.1;9276.8;8850.4;8967.3;57.8;-46.1;85.4;104.2;0.05;0.21;-9.98;0.01;-9.03;11.89
1753881467.652478;1.1;0.0;-0.1;-2.2;2.83;0.22;9185.2;9152.0;9040.7;8859.3;49.8;27.7;87.6;87.6;0.53;0.71;-10.84;-0.95;-3.58;8.74
1753881467.657478;1.0;0.0;-0.1;-2.1;3.08;0.21;9197.5;9073.2;8934.4;8889.6;56.7;36.2;53.5;90.4;-0.42;0.28;-11.0;1.4;-2.21;11.8
1753881467.662479;1.0;0.0;-0.1;-2.3;3.09;0.22;9264.4;9135.0;8952.8;8949.7;61.9;65.4;66.9;90.2;-0.0;0.68;-9.91;1.77;0.19;2.7
1753881467.667479;1.0;0.0;-0.1;-2.3;3.11;0.22;9392.3;9139.9;9014.2;8911.0;64.6;76.1;55.9;92.9;0.86;0.44;-10.74;1.39;-0.5;-14.05
1753881467.672479;1.1;0.0;-0.1;-2.4;3.07;0.22;9110.8;9125.0;8945.0;8944.6;50.7;-30.9;68.0;88.3;-0.39;0.57;-10.02;0.58;-3.73;0.94
1753881467.677479;1.1;0.0;-0.1;-2.3;2.93;0.22;9422.2;9217.7;8980.1;8869.9;43.4;21.7;50.0;87.1;0.3;0.44;-10.32;-0.88;-2.78;21.76
1753881467.682479;1.1;0.0;-0.1;-2.2;3.09;0.22;8994.4;9141.9;8987.8;8810.1;47.5;19.3;57.7;85.7;-0.05;0.35;-10.03;-2.25;-4.25;-19.64
1753881467.687479;1.1;0.0;-0.1;-2.3;2.97;0.21;9234.9;9160.1;9009.4;9061.2;58.2;9.1;77.7;85.8;0.36;1.3;-10.97;0.43;-4.18;-3.23
1753881467.692479;1.2;0.0;-0.1;-2.2;3.06;0.21;9143.0;9055.1;9008.9;8990.3;54.6;-35.6;54.7;84.9;-0.66;1.34;-11.48;0.44;0.55;-0.7
1753881467.69748;1.0;0.0;-0.1;-2.3;2.91;0.22;9143.7;9082.5;9032.5;8952.4;58.7;39.9;63.8;88.1;-0.15;0.58;-10.67;-2.47;-4.33;-4.21
1753881467.70248;1.1;0.0;-0.1;-2.3;3.02;0.22;9036.0;9447.2;8911.5;9010.6;60.6;34.6;37.9;84.3;-0.76;0.13;-10.66;-0.42;-6.29;13.62
1753881467.70748;1.1;0.0;-0.1;-2.3;2.57;0.21;9214.6;9154.1;8890.8;8885.5;40.6;44.5;55.4;89.4;-0.76;0.81;-11.69;1.35;5.31;-4.84
1753881467.71248;1.2;0.0;-0.1;-2.3;2.75;0.21;9570.7;9116.5;8989.7;8941.3;65.2;18.8;62.7;79.2;-0.5;0.35;-11.28;-2.59;-0.16;25.22
1753881467.71748;1.1;0.0;-0.1;-2.3;2.72;0.22;8918.9;9087.3;9039.2;9041.6;58.6;47.4;53.4;87.8;-1.35;0.3;-11.16;2.11;5.7;13.94
1753881467.72248;1.1;0.0;-0.1;-2.3;3.15;0.21;9120.5;9113.9;8949.6;8967.7;42.5;71.9;56.3;84.8;-0.87;0.54;-11.83;-1.31;-4.28;-8.09
1753881467.72748;1.1;0.0;-0.1;-2.4;2.72;0.21;9098.8;9193.4;8938.6;8925.0;55.7;14.0;51.2;83.6;-0.7;0.45;-10.57;-0.16;1.61;3.47
1753881467.73248;1.3;0.0;-0.1;-2.2;2.61;0.21;9112.2;9214.1;9034.8;8982.7;62.2;71.2;61.3;89.9;-0.82;0.27;-10.34;-0.12;-0.53;-8.21
1753881467.73748;1.2;0.0;-0.1;-2.1;2.74;0.22;9262.3;9101.3;9020.3;8872.5;49.8;30.9;66.3;85.2;-1.02;0.47;-10.72;0.04;5.63;-10.14
1753881467.74248;1.4;0.0;-0.1;-2.3;2.8;0.22;9104.2;9022.3;8933.5;9068.8;54.7;-23.8;62.8;81.2;-0.54;0.31;-10.88;-4.23;7.93;-0.73
1753881467.747481;1.3;0.0;-0.1;-2.3;2.61;0.21;9210.1;9184.0;8979.1;8997.5;39.9;20.4;65.4;79.4;-0.85;0.44;-11.08;0.05;2.88;-0.94
1753881467.752481;1.1;0.0;-0.1;-2.0;2.67;0.21;9042.0;9176.9;9007.5;9061.7;53.3;1.0;60.6;74.0;-1.06;0.96;-10.46;-2.71;0.68;12.23
1753881467.757481;1.3;0.0;-0.1;-2.2;2.32;0.2;9128.0;9334.7;8965.9;9029.6;43.7;1.3;63.1;71.9;-0.47;0.67;-11.3;-3.84;-2.02;-29.83
1753881467.762481;1.1;0.0;-0.1;-2.2;2.8;0.21;9112.7;9240.0;8933.5;9049.2;38.1;68.9;65.5;77.1;-0.98;0.86;-11.1;-1.1;1.81;5.44
1753881467.767481;1.4;0.0;-0.1;-2.2;2.4;0.21;9066.3;9134.5;9033.8;8956.0;56.8;7.0;63.4;83.2;-1.05;0.64;-10.92;-3.2;-0.1;-12.22
1753881467.772481;1.3;0.0;-0.1;-2.1;2.52;0.2;9134.6;9250.5;8951.3;9033.6;54.9;69.4;57.6;79.0;-1.55;0.27;-10.27;-2.23;-0.26;-17.9
1753881467.777481;1.3;0.0;-0.1;-2.2;2.39;0.22;9257.7;9158.8;9022.3;9005.7;64.7;3.9;55.3;81.5;-1.52;0.46;-11.88;-1.95;2.35;-28.61
1753881467.782478;1.3;0.0;-0.1;-2.2;2.5;0.21;9173.0;9210.0;8990.0;9016.0;47.0;19.0;54.0;76.0;-1.35;0.63;-11.31;-2.22;2.36;-13.8
1753881467.787478;1.3;0.0;-0.1;-2.2;2.5;0.21;9173.0;9210.0;8990.0;9016.0;47.0;19.0;54.0;76.0;-0.06;0.95;-11.24;-1.73;-2.39;2.51
1753881467.792478;1.3;0.0;-0.1;-2.2;2.5;0.21;9173.0;9210.0;8990.0;9016.0;47.0;19.0;54.0;76.0;-0.65;0.43;-11.29;0.2;-3.29;12.11
1753881467.797478;1.3;0.0;-0.1;-2.2;2.5;0.21;9173.0;9210.0;8990.0;9016.0;47.0;19.0;54.0;76.0;-1.66;0.03;-10.74;2.75;-0.07;-10.78
1753881467.802478;1.3;0.0;-0.1;-2.2;2.5;0.21;9173.0;9210.0;8990.0;9016.0;47.0;19.0;54.0;76.0;-0.61;1.31;-11.61;4.22;-1.6;-4.42
1753881467.807478;1.3;0.0;-0.1;-2.2;2.5;0.21;9173.0;9210.0;8990.0;9016.0;47.0;19.0;54.0;76.0;-0.06;1.28;-11.56;2.64;-3.68;20.08
1753881467.812478;1.3;0.0;-0.1;-2.2;2.5;0.21;9173.0;9210.0;8990.0;9016.0;47.0;19.0;54.0;76.0;-0.18;0.44;-11.04;3.83;3.97;-5.23
1753881467.817478;1.3;0.0;-0.1;-2.2;2.5;0.21;9173.0;9210.0;8990.0;9016.0;47.0;19.0;54.0;76.0;-0.17;0.64;-10.05;2.76;5.88;-13.74
1753881467.822478;1.3;0.0;-0.1;-2.2;2.5;0.21;9173.0;9210.0;8990.0;9016.0;47.0;19.0;54.0;76.0;0.29;1.15;-9.89;-4.2;-5.14;21.72
1753881467.827478;1.3;0.0;-0.1;-2.2;2.5;0.21;9173.0;9210.0;8990.0;9016.0;47.0;19.0;54.0;76.0;-0.52;0.53;-10.85;-1.97;-2.15;-3.16
1753881467.832478;1.3;0.0;-0.1;-2.2;2.5;0.21;9173.0;9210.0;8990.0;9016.0;47.0;19.0;54.0;76.0;-0.52;0.33;-10.59;-2.12;3.72;-16.18
1753881467.837478;1.3;0.0;-0.1;-2.2;2.5;0.21;9173.0;9210.0;8990.0;9016.0;47.0;19.0;54.0;76.0;-0.07;1.42;-10.41;-1.17;-0.56;15.7
1753881467.842478;1.3;0.0;-0.1;-2.2;2.5;0.21;9173.0;9210.0;8990.0;9016.0;47.0;19.0;54.0;76.0;-0.34;0.7;-11.23;-0.83;-0.65;7.41
1753881467.847478;1.3;0.0;-0.1;-2.2;2.5;0.21;9173.0;9210.0;8990.0;9016.0;47.0;19.0;54.0;76.0;-0.63;0.07;-11.83;-3.08;3.13;-19.21
1753881467.852478;1.3;0.0;-0.1;-2.2;2.5;0.21;9173.0;9210.0;8990.0;9016.0;47.0;19.0;54.0;76.0;-0.08;0.89;-11.54;-1.99;-2.69;6.14
1753881467.857478;1.3;0.0;-0.1;-2.2;2.5;0.21;9173.0;9210.0;8990.0;9016.0;47.0;19.0;54.0;76.0;-0.04;0.41;-10.38;-0.3;-3.65;17.76
1753881467.862478;1.3;0.0;-0.1;-2.2;2.5;0.21;9173.0;9210.0;8990.0;9016.0;47.0;19.0;54.0;76.0;-0.7;-0.67;-10.59;-1.36;1.66;-15.6
1753881467.867478;1.3;0.0;-0.1;-2.2;2.5;0.21;9173.0;9210.0;8990.0;9016.0;47.0;19.0;54.0;76.0;-0.5;0.66;-11.68;2.84;-0.73;-12.42
1753881467.872478;1.3;0.0;-0.1;-2.2;2.5;0.21;9173.0;9210.0;8990.0;9016.0;47.0;19.0;54.0;76.0;0.27;1.38;-11.88;-0.38;-5.88;23.26
1753881467.877478;1.3;0.0;-0.1;-2.2;2.5;0.21;9173.0;9210.0;8990.0;9016.0;47.0;19.0;54.0;76.0;-0.68;0.6;-11.9;3.51;3.39;-0.21
1753881467.882478;1.3;0.0;-0.1;-2.2;2.5;0.21;9173.0;9210.0;8990.0;9016.0;47.0;19.0;54.0;76.0;0.11;0.62;-10.92;5.51;5.57;-17.33
1753881467.887478;1.3;0.0;-0.1;-2.2;2.5;0.21;9173.0;9210.0;8990.0;9016.0;47.0;19.0;54.0;76.0;0.73;1.13;-11.0;-3.5;-4.52;18.28
1753881467.892478;1.3;0.0;-0.1;-2.2;2.5;0.21;9173.0;9210.0;8990.0;9016.0;47.0;19.0;54.0;76.0;0.18;0.53;-11.07;-1.19;-0.81;-0.3
1753881467.897478;1.3;0.0;-0.1;-2.2;2.5;0.21;9173.0;9210.0;8990.0;9016.0;47.0;19.0;54.0;76.0;-0.06;0.64;-10.76;0.56;3.41;-13.37
1753881467.902478;1.3;0.0;-0.1;-2.2;2.5;0.21;9173.0;9210.0;8990.0;9016.0;47.0;19.0;54.0;76.0;0.44;1.58;-10.74;0.06;-0.04;9.39
1753881467.907478;1.3;0.0;-0.1;-2.2;2.5;0.21;9173.0;9210.0;8990.0;9016.0;47.0;19.0;54.0;76.0;-0.08;0.88;-11.36;-2.13;-0.32;8.94
1753881467.912478;1.3;0.0;-0.1;-2.2;2.5;0.21;9173.0;9210.0;8990.0;9016.0;47.0;19.0;54.0;76.0;-0.41;0.39;-11.84;-0.41;3.25;-16.8
1753881467.917478;1.3;0.0;-0.1;-2.2;2.5;0.21;9173.0;9210.0;8990.0;9016.0;47.0;19.0;54.0;76.0;0.21;1.67;-11.37;0.93;-2.26;7.05
1753881467.922478;1.3;0.0;-0.1;-2.2;2.5;0.21;9173.0;9210.0;8990.0;9016.0;47.0;19.0;54.0;76.0;0.0;0.88;-10.49;-0.39;-2.79;13.34
1753881467.927478;1.3;0.0;-0.1;-2.2;2.5;0.21;9173.0;9210.0;8990.0;9016.0;47.0;19.0;54.0;76.0;-0.57;-0.05;-10.9;0.02;1.48;-12.39
1753881467.932478;1.3;0.0;-0.1;-2.2;2.5;0.21;9173.0;9210.0;8990.0;9016.0;47.0;19.0;54.0;76.0;-0.83;0.69;-10.22;-2.42;-2.45;-13.53
1753881467.937478;1.3;0.0;-0.1;-2.2;2.5;0.21;9173.0;9210.0;8990.0;9016.0;47.0;19.0;54.0;76.0;-1.09;-0.12;-10.86;-1.47;-3.98;-29.68
1753881467.942478;1.3;0.0;-0.1;-2.2;2.5;0.21;9173.0;9210.0;8990.0;9016.0;47.0;19.0;54.0;76.0;-0.34;-0.2;-10.46;1.83;4.56;-10.07
1753881467.947478;1.3;0.0;-0.1;-2.2;2.5;0.21;9173.0;9210.0;8990.0;9016.0;47.0;19.0;54.0;76.0;-0.89;0.61;-10.12;0.3;-0.36;-35.02
1753881467.952479;1.3;0.0;-0.1;-2.2;2.5;0.21;9173.0;9210.0;8990.0;9016.0;47.0;19.0;54.0;76.0;0.88;0.79;-11.17;-5.69;0.58;10.16
1753881467.957479;1.3;0.0;-0.1;-2.2;2.5;0.21;9173.0;9210.0;8990.0;9016.0;47.0;19.0;54.0;76.0;0.65;0.59;-10.12;-2.4;2.52;-6.79
1753881467.962479;1.3;0.0;-0.1;-2.2;2.5;0.21;9173.0;9210.0;8990.0;9016.0;47.0;19.0;54.0;76.0;1.15;0.02;-10.24;-3.79;-0.35;11.27
1753881467.967478;1.3;0.0;-0.1;-2.2;2.5;0.21;9173.0;9210.0;8990.0;9016.0;47.0;19.0;54.0;76.0;0.81;0.69;-10.65;-0.77;-0.86;6.54
1753881467.972478;1.3;0.0;-0.1;-2.2;2.5;0.21;9173.0;9210.0;8990.0;9016.0;47.0;19.0;54.0;76.0;0.39;0.19;-11.01;-0.28;-2.16;12.94
1753881467.977478;1.3;0.0;-0.1;-2.2;2.5;0.21;9173.0;9210.0;8990.0;9016.0;47.0;19.0;54.0;76.0;0.26;-0.21;-11.03;-1.09;3.13;-13.74
1753881467.982478;1.3;0.0;-0.1;-2.2;2.5;0.21;9173.0;9210.0;8990.0;9016.0;47.0;19.0;54.0;76.0;0.66;0.47;-10.59;-0.85;-0.06;-2.13
1753881467.987478;1.3;0.0;-0.1;-2.2;2.5;0.21;9173.0;9210.0;8990.0;9016.0;47.0;19.0;54.0;76.0;0.46;0.41;-10.26;0.02;-3.19;18.88
1753881467.992478;1.3;0.0;-0.1;-2.2;2.5;0.21;9173.0;9210.0;8990.0;9016.0;47.0;19.0;54.0;76.0;0.02;-0.57;-10.02;-0.12;1.38;-10.65
1753881467.997478;1.3;0.0;-0.1;-2.2;2.5;0.21;9173.0;9210.0;8990.0;9016.0;47.0;19.0;54.0;76.0;0.51;0.52;-10.44;11.04;-1.06;-21.43
1753881468.002478;1.3;0.0;-0.1;-2.2;2.5;0.21;9173.0;9210.0;8990.0;9016.0;47.0;19.0;54.0;76.0;0.66;2.74;-13.25;21.15;-16.76;25.87
1753881468.007478;1.3;0.0;-0.1;-2.2;2.5;0.21;9173.0;9210.0;8990.0;9016.0;47.0;19.0;54.0;76.0;0.2;1.33;-13.07;10.57;-8.64;11.42
1753881468.012478;1.3;0.0;-0.1;-2.2;2.5;0.21;9173.0;9210.0;8990.0;9016.0;47.0;19.0;54.0;76.0;-0.04;0.75;-12.16;7.69;3.79;-34.14
1753881468.017478;1.3;0.0;-0.1;-2.2;2.5;0.21;9173.0;9210.0;8990.0;9016.0;47.0;19.0;54.0;76.0;0.17;1.8;-11.35;5.8;-2.75;-4.1
1753881468.022478;1.3;0.0;-0.1;-2.2;2.5;0.21;9173.0;9210.0;8990.0;9016.0;47.0;19.0;54.0;76.0;0.3;1.78;-10.25;4.14;-7.27;31.41
1753881468.027478;1.3;0.0;-0.1;-2.2;2.5;0.21;9173.0;9210.0;8990.0;9016.0;47.0;19.0;54.0;76.0;-0.09;0.8;-9.76;4.21;4.03;-15.76
1753881468.032478;1.3;0.0;-0.1;-2.2;2.5;0.21;9173.0;9210.0;8990.0;9016.0;47.0;19.0;54.0;76.0;0.39;0.96;-10.12;-0.91;5.42;-19.08
1753881468.037478;1.3;0.0;-0.1;-2.2;2.5;0.21;9173.0;9210.0;8990.0;9016.0;47.0;19.0;54.0;76.0;0.58;1.35;-10.92;-1.04;-5.51;25.78
1753881468.042478;1.3;0.0;-0.1;-2.2;2.5;0.21;9173.0;9210.0;8990.0;9016.0;47.0;19.0;54.0;76.0;-0.1;0.22;-11.3;-2.22;2.53;-7.61
1753881468.047478;1.3;0.0;-0.1;-2.2;2.5;0.21;9173.0;9210.0;8990.0;9016.0;47.0;19.0;54.0;76.0;0.25;0.69;-10.68;-0.34;3.95;-16.08
1753881468.052478;1.3;0.0;-0.1;-2.2;2.5;0.21;9173.0;9210.0;8990.0;9016.0;47.0;19.0;54.0;76.0;0.3;0.56;-9.73;-1.48;-3.79;19.62
1753881468.057478;1.3;0.0;-0.1;-2.2;2.5;0.21;9173.0;9210.0;8990.0;9016.0;47.0;19.0;54.0;76.0;-0.23;-1.76;-7.44;-2.34;-2.23;6.69
1753881468.062478;1.3;0.0;-0.1;-2.2;2.5;0.21;9173.0;9210.0;8990.0;9016.0;47.0;19.0;54.0;76.0;-0.03;-1.11;-8.48;5.19;1.94;-23.06
1753881468.067478;1.3;0.0;-0.1;-2.2;2.5;0.21;9173.0;9210.0;8990.0;9016.0;47.0;19.0;54.0;76.0;0.74;0.6;-9.65;2.91;-3.71;10.59
1753881468.072478;1.3;0.0;-0.1;-2.2;2.5;0.21;9173.0;9210.0;8990.0;9016.0;47.0;19.0;54.0;76.0;0.64;0.32;-10.37;2.79;-3.61;25.84
1753881468.077478;1.3;0.0;-0.1;-2.2;2.5;0.21;9173.0;9210.0;8990.0;9016.0;47.0;19.0;54.0;76.0;0.01;-1.15;-11.16;1.64;5.31;-19.15
1753881468.082478;1.3;0.0;-0.1;-2.2;2.5;0.21;9173.0;9210.0;8990.0;9016.0;47.0;19.0;54.0;76.0;0.49;-0.14;-11.3;-3.37;0.92;-5.1
1753881468.087478;1.3;0.0;-0.1;-2.2;2.5;0.21;9173.0;9210.0;8990.0;9016.0;47.0;19.0;54.0;76.0;0.53;0.77;-10.44;-2.49;-5.34;20.02
1753881468.092478;1.3;0.0;-0.1;-2.2;2.5;0.21;9173.0;9210.0;8990.0;9016.0;47.0;19.0;54.0;76.0;-0.16;-0.29;-9.94;-1.45;0.03;1.27
1753881468.097478;1.3;0.0;-0.1;-2.2;2.5;0.21;9173.0;9210.0;8990.0;9016.0;47.0;19.0;54.0;76.0;0.32;0.36;-10.14;-0.26;3.66;-10.1
1753881468.102478;1.3;0.0;-0.1;-2.2;2.5;0.21;9173.0;9210.0;8990.0;9016.0;47.0;19.0;54.0;76.0;0.53;0.79;-10.81;-0.83;-0.09;11.13
1753881468.107478;1.3;0.0;-0.1;-2.2;2.5;0.21;9173.0;9210.0;8990.0;9016.0;47.0;19.0;54.0;76.0;0.04;0.18;-11.59;-1.75;0.73;5.77
1753881468.112478;1.3;0.0;-0.1;-2.2;2.5;0.21;9173.0;9210.0;8990.0;9016.0;47.0;19.0;54.0;76.0;0.06;0.35;-11.63;-1.88;2.88;-12.19
1753881468.117478;1.3;0.0;-0.1;-2.2;2.5;0.21;9173.0;9210.0;8990.0;9016.0;47.0;19.0;54.0;76.0;0.42;0.89;-10.71;-1.02;-2.47;8.05
1753881468.122478;1.3;0.0;-0.1;-2.2;2.5;0.21;9173.0;9210.0;8990.0;9016.0;47.0;19.0;54.0;76.0;0.16;0.0;-10.18;-1.21;-3.54;10.78
1753881468.127478;1.3;0.0;-0.1;-2.2;2.5;0.21;9173.0;9210.0;8990.0;9016.0;47.0;19.0;54.0;76.0;-0.11;-0.8;-10.19;-1.7;0.25;-11.18
1753881468.132478;1.3;0.0;-0.1;-2.2;2.5;0.21;9173.0;9210.0;8990.0;9016.0;47.0;19.0;54.0;76.0;0.33;0.53;-10.04;0.68;0.55;-6.31
1753881468.137478;1.3;0.0;-0.1;-2.2;2.5;0.21;9173.0;9210.0;8990.0;9016.0;47.0;19.0;54.0;76.0;0.8;1.28;-11.43;-3.36;5.79;-0.26
1753881468.142478;1.3;0.0;-0.1;-2.2;2.5;0.21;9173.0;9210.0;8990.0;9016.0;47.0;19.0;54.0;76.0;0.67;0.15;-10.57;1.78;2.34;-18.31
1753881468.147478;1.3;0.0;-0.1;-2.2;2.5;0.21;9173.0;9210.0;8990.0;9016.0;47.0;19.0;54.0;76.0;0.77;1.15;-9.83;-1.1;-3.75;-2.72
1753881468.152478;1.3;0.0;-0.1;-2.2;2.5;0.21;9173.0;9210.0;8990.0;9016.0;47.0;19.0;54.0;76.0;1.07;-0.06;-10.21;-2.54;-1.94;2.51
1753881468.157478;1.3;0.0;-0.1;-2.2;2.5;0.21;9173.0;9210.0;8990.0;9016.0;47.0;19.0;54.0;76.0;0.68;0.24;-10.81;4.62;-7.74;10.71
1753881468.162478;1.3;0.0;-0.1;-2.2;2.5;0.21;9173.0;9210.0;8990.0;9016.0;47.0;19.0;54.0;76.0;0.66;-0.02;-10.33;0.86;-4.21;-2.2
1753881468.167478;1.3;0.0;-0.1;-2.2;2.5;0.21;9173.0;9210.0;8990.0;9016.0;47.0;19.0;54.0;76.0;0.63;0.04;-9.47;1.21;3.36;-5.92
1753881468.172478;1.3;0.0;-0.1;-2.2;2.5;0.21;9173.0;9210.0;8990.0;9016.0;47.0;19.0;54.0;76.0;0.34;-0.31;-9.87;1.34;3.21;5.36
1753881468.177478;1.3;0.0;-0.1;-2.2;2.5;0.21;9173.0;9210.0;8990.0;9016.0;47.0;19.0;54.0;76.0;0.53;-0.53;-10.4;-2.14;-0.83;1.77
1753881468.182478;1.3;0.0;-0.1;-2.2;2.5;0.21;9173.0;9210.0;8990.0;9016.0;47.0;19.0;54.0;76.0;0.99;-0.21;-10.36;-1.98;-2.38;-6.56
1753881468.187478;1.3;0.0;-0.1;-2.2;2.5;0.21;9173.0;9210.0;8990.0;9016.0;47.0;19.0;54.0;76.0;0.8;-0.44;-9.87;0.38;-0.74;-0.74
1753881468.192478;1.3;0.0;-0.1;-2.2;2.5;0.21;9173.0;9210.0;8990.0;9016.0;47.0;19.0;54.0;76.0;0.59;-0.99;-9.89;1.86;-2.25;1.02
1753881468.197478;1.3;0.0;-0.1;-2.2;2.5;0.21;9173.0;9210.0;8990.0;9016.0;47.0;19.0;54.0;76.0;0.95;-0.16;-10.7;6.21;-4.09;-5.58
1753881468.202478;1.3;0.0;-0.1;-2.2;2.5;0.21;9173.0;9210.0;8990.0;9016.0;47.0;19.0;54.0;76.0;0.7;0.6;-10.81;4.01;-2.58;6.98
1753881468.207478;1.3;0.0;-0.1;-2.2;2.5;0.21;9173.0;9210.0;8990.0;9016.0;47.0;19.0;54.0;76.0;-0.06;0.19;-10.47;3.95;2.95;-0.67
1753881468.212478;1.3;0.0;-0.1;-2.2;2.5;0.21;9173.0;9210.0;8990.0;9016.0;47.0;19.0;54.0;76.0;-0.15;-0.6;-9.22;3.85;5.03;-6.49
1753881468.217478;1.3;0.0;-0.1;-2.2;2.5;0.21;9173.0;9210.0;8990.0;9016.0;47.0;19.0;54.0;76.0;0.56;-0.14;-9.17;-1.27;-2.97;8.47
1753881468.222478;1.3;0.0;-0.1;-2.2;2.5;0.21;9173.0;9210.0;8990.0;9016.0;47.0;19.0;54.0;76.0;0.78;-0.15;-10.18;0.6;-3.15;-3.41
1753881468.227478;1.3;0.0;-0.1;-2.2;2.5;0.21;9173.0;9210.0;8990.0;9016.0;47.0;19.0;54.0;76.0;0.69;-0.85;-10.79;-8.71;-3.5;2.6
1753881468.232478;1.3;0.0;-0.1;-2.2;2.5;0.21;9173.0;9210.0;8990.0;9016.0;47.0;19.0;54.0;76.0;0.23;-0.71;-11.43;-10.94;-3.12;-0.84
1753881468.237478;1.3;0.0;-0.1;-2.2;2.5;0.21;9173.0;9210.0;8990.0;9016.0;47.0;19.0;54.0;76.0;0.04;-0.34;-11.49;-3.44;-0.9;-9.37
1753881468.242478;1.3;0.0;-0.1;-2.2;2.5;0.21;9173.0;9210.0;8990.0;9016.0;47.0;19.0;54.0;76.0;0.29;-0.14;-11.15;-2.28;-1.62;3.9
1753881468.247478;1.3;0.0;-0.1;-2.2;2.5;0.21;9173.0;9210.0;8990.0;9016.0;47.0;19.0;54.0;76.0;0.05;-0.03;-10.7;-1.38;-0.55;8.15
1753881468.252478;1.3;0.0;-0.1;-2.2;2.5;0.21;9173.0;9210.0;8990.0;9016.0;47.0;19.0;54.0;76.0;0.28;-0.53;-8.99;1.76;0.45;-2.52
1753881468.257478;1.3;0.0;-0.1;-2.2;2.5;0.21;9173.0;9210.0;8990.0;9016.0;47.0;19.0;54.0;76.0;0.22;-0.71;-8.71;1.04;0.59;2.19
1753881468.262478;1.3;0.0;-0.1;-2.2;2.5;0.21;9173.0;9210.0;8990.0;9016.0;47.0;19.0;54.0;76.0;0.31;-0.68;-9.91;-1.86;-2.26;1.48
1753881468.267478;1.3;0.0;-0.1;-2.2;2.5;0.21;9173.0;9210.0;8990.0;9016.0;47.0;19.0;54.0;76.0;0.56;-0.16;-11.23;1.67;-0.64;-6.14
1753881468.272478;1.3;0.0;-0.1;-2.2;2.5;0.21;9173.0;9210.0;8990.0;9016.0;47.0;19.0;54.0;76.0;-0.24;-0.1;-11.01;2.79;5.16;17.83
1753881468.277478;1.3;0.0;-0.1;-2.2;2.5;0.21;9173.0;9210.0;8990.0;9016.0;47.0;19.0;54.0;76.0;0.2;-0.07;-10.59;1.83;6.98;2.51
1753881468.282478;1.3;0.0;-0.1;-2.2;2.5;0.21;9173.0;9210.0;8990.0;9016.0;47.0;19.0;54.0;76.0;0.0;0.67;-10.35;1.58;6.5;-4.0
1753881468.287478;1.3;0.0;-0.1;-2.2;2.5;0.21;9173.0;9210.0;8990.0;9016.0;47.0;19.0;54.0;76.0;0.15;1.0;-9.46;1.93;0.98;3.76
1753881468.292478;1.3;0.0;-0.1;-2.2;2.5;0.21;9173.0;9210.0;8990.0;9016.0;47.0;19.0;54.0;76.0;0.8;0.87;-8.74;5.69;-2.54;3.77
1753881468.297478;1.3;0.0;-0.1;-2.2;2.5;0.21;9173.0;9210.0;8990.0;9016.0;47.0;19.0;54.0;76.0;0.19;0.6;-9.39;4.89;1.19;-3.18
1753881468.302478;1.3;0.0;-0.1;-2.2;2.5;0.21;9173.0;9210.0;8990.0;9016.0;47.0;19.0;54.0;76.0;0.67;0.53;-9.69;2.11;0.0;8.49
1753881468.307478;1.3;0.0;-0.1;-2.2;2.5;0.21;9173.0;9210.0;8990.0;9016.0;47.0;19.0;54.0;76.0;0.51;0.48;-10.87;4.84;2.9;-1.44
1753881468.312478;1.3;0.0;-0.1;-2.2;2.5;0.21;9173.0;9210.0;8990.0;9016.0;47.0;19.0;54.0;76.0;0.49;0.52;-12.06;3.14;0.77;-6.39
1753881468.317478;1.5;0.0;-0.1;-2.0;2.37;0.21;9129.9;9211.3;8990.0;9016.0;84.8;23.8;55.0;76.4;0.79;-0.31;-10.63;3.35;-1.02;-8.43
1753881468.322478;1.5;0.0;-0.1;-2.0;2.21;0.21;9159.9;9191.6;8990.0;9016.0;81.1;28.7;54.5;89.7;0.97;0.92;-12.1;-2.5;5.16;-5.69
1753881468.327478;1.5;0.0;-0.1;-1.6;2.05;0.21;9111.0;9124.1;8990.0;9016.0;72.5;32.9;55.7;94.0;0.51;0.52;-11.93;6.29;-3.11;2.76
1753881468.332478;1.6;0.0;-0.1;-1.1;1.86;0.21;9080.4;9125.0;8990.0;9016.0;91.5;28.0;55.8;113.7;0.3;-0.29;-10.76;-1.73;-0.99;1.87
1753881468.337478;1.8;0.0;-0.1;-1.3;1.61;0.21;9080.0;9100.0;8990.0;9016.0;104.0;36.0;56.0;116.0;0.76;0.34;-10.19;-0.67;-0.05;4.36
1753881468.342478;1.8;0.0;-0.1;-1.3;1.61;0.21;9080.0;9100.0;8990.0;9016.0;104.0;36.0;56.0;116.0;0.8;-0.05;-10.69;1.81;1.33;-12.8
1753881468.347478;1.8;0.0;-0.1;-1.3;1.61;0.21;9080.0;9100.0;8990.0;9016.0;104.0;36.0;56.0;116.0;0.19;0.06;-11.21;1.43;0.28;-3.37
1753881468.352478;1.8;0.0;-0.1;-1.3;1.61;0.21;9080.0;9100.0;8990.0;9016.0;104.0;36.0;56.0;116.0;0.65;0.23;-11.37;0.49;-2.89;7.27
1753881468.357478;1.8;0.0;-0.1;-1.3;1.61;0.21;9080.0;9100.0;8990.0;9016.0;104.0;36.0;56.0;116.0;0.55;-0.02;-11.63;0.55;-2.12;-5.88
1753881468.362478;1.8;0.0;-0.1;-1.3;1.61;0.21;9080.0;9100.0;8990.0;9016.0;104.0;36.0;56.0;116.0;0.08;0.21;-11.03;2.69;2.9;-7.75
1753881468.367478;1.8;0.0;-0.1;-1.3;1.61;0.21;9080.0;9100.0;8990.0;9016.0;104.0;36.0;56.0;116.0;-0.01;0.51;-9.85;4.61;5.45;4.84
1753881468.372478;1.8;0.0;-0.1;-1.3;1.61;0.21;9080.0;9100.0;8990.0;9016.0;104.0;36.0;56.0;116.0;-0.28;0.05;-10.23;0.98;4.92;6.97
1753881468.377478;1.8;0.0;-0.1;-1.3;1.61;0.21;9080.0;9100.0;8990.0;9016.0;104.0;36.0;56.0;116.0;-0.51;-0.48;-11.02;0.93;6.79;-20.47
1753881468.382478;1.8;0.0;-0.1;-1.3;1.61;0.21;9080.0;9100.0;8990.0;9016.0;104.0;36.0;56.0;116.0;-0.2;-0.17;-11.34;1.64;2.14;-6.36
1753881468.387478;1.8;0.0;-0.1;-1.3;1.61;0.21;9080.0;9100.0;8990.0;9016.0;104.0;36.0;56.0;116.0;-0.3;-0.03;-11.66;3.37;-1.8;7.91
1753881468.392478;1.8;0.0;-0.1;-1.3;1.61;0.21;9080.0;9100.0;8990.0;9016.0;104.0;36.0;56.0;116.0;-0.35;-0.31;-10.71;5.13;0.15;-12.56
1753881468.397478;1.8;0.0;-0.1;-1.3;1.61;0.21;9080.0;9100.0;8990.0;9016.0;104.0;36.0;56.0;116.0;-0.2;-0.27;-9.77;2.41;-1.43;-13.64
1753881468.402478;1.8;0.0;-0.1;-1.3;1.61;0.21;9080.0;9100.0;8990.0;9016.0;104.0;36.0;56.0;116.0;0.01;-0.43;-10.11;0.15;-9.49;3.42
1753881468.407478;1.8;0.0;-0.1;-1.3;1.61;0.21;9080.0;9100.0;8990.0;9016.0;104.0;36.0;56.0;116.0;-0.49;-0.48;-10.72;-0.23;-10.36;-8.82
1753881468.412478;1.8;0.0;-0.1;-1.3;1.61;0.21;9080.0;9100.0;8990.0;9016.0;104.0;36.0;56.0;116.0;-1.89;-0.89;-10.24;-5.37;0.93;6.91
1753881468.417478;1.8;0.0;-0.1;-1.3;1.61;0.21;9080.0;9100.0;8990.0;9016.0;104.0;36.0;56.0;116.0;-0.1;-1.55;-9.27;1.15;7.25;-2.3
1753881468.422478;1.8;0.0;-0.1;-1.3;1.61;0.21;9080.0;9100.0;8990.0;9016.0;104.0;36.0;56.0;116.0;0.46;-2.51;-9.53;-8.5;13.06;-4.14
1753881468.427478;1.8;0.0;-0.1;-1.3;1.61;0.21;9080.0;9100.0;8990.0;9016.0;104.0;36.0;56.0;116.0;-1.82;-2.29;-9.84;-18.14;14.99;8.23
1753881468.432478;1.8;0.0;-0.1;-1.3;1.61;0.21;9080.0;9100.0;8990.0;9016.0;104.0;36.0;56.0;116.0;-0.62;-2.09;-8.79;-10.36;6.84;7.31
1753881468.437478;1.8;0.0;-0.1;-1.3;1.61;0.21;9080.0;9100.0;8990.0;9016.0;104.0;36.0;56.0;116.0;0.46;-2.2;-8.93;4.48;1.97;-0.9
1753881468.442478;1.8;0.0;-0.1;-1.3;1.61;0.21;9080.0;9100.0;8990.0;9016.0;104.0;36.0;56.0;116.0;-0.9;-1.98;-9.94;4.63;1.89;13.9
1753881468.447478;1.8;0.0;-0.1;-1.3;1.61;0.21;9080.0;9100.0;8990.0;9016.0;104.0;36.0;56.0;116.0;-0.18;-2.3;-9.84;-3.74;-0.77;14.68
1753881468.452478;1.8;0.0;-0.1;-1.3;1.61;0.21;9080.0;9100.0;8990.0;9016.0;104.0;36.0;56.0;116.0;0.17;-2.63;-10.29;-1.66;3.07;-3.98
1753881468.457478;1.8;0.0;-0.1;-1.3;1.61;0.21;9080.0;9100.0;8990.0;9016.0;104.0;36.0;56.0;116.0;-0.4;-2.13;-10.63;1.91;-0.45;15.03
1753881468.462478;1.8;0.0;-0.1;-1.3;1.61;0.21;9080.0;9100.0;8990.0;9016.0;104.0;36.0;56.0;116.0;0.28;-2.31;-10.55;-2.27;-4.57;18.11
1753881468.467478;1.8;0.0;-0.1;-1.3;1.61;0.21;9080.0;9100.0;8990.0;9016.0;104.0;36.0;56.0;116.0;1.64;-2.09;-10.81;-4.76;-0.16;0.36
1753881468.472478;1.8;0.0;-0.1;-1.3;1.61;0.21;9080.0;9100.0;8990.0;9016.0;104.0;36.0;56.0;116.0;-0.23;-1.31;-12.24;-6.27;-2.01;9.71
1753881468.477478;1.8;0.0;-0.1;-1.3;1.61;0.21;9080.0;9100.0;8990.0;9016.0;104.0;36.0;56.0;116.0;-0.54;-0.44;-12.06;-5.22;-5.63;19.07
1753881468.482478;1.8;0.0;-0.1;-1.3;1.61;0.21;9080.0;9100.0;8990.0;9016.0;104.0;36.0;56.0;116.0;2.08;-0.36;-11.01;-2.18;-3.35;6.59
1753881468.487478;1.8;0.0;-0.1;-1.3;1.61;0.21;9080.0;9100.0;8990.0;9016.0;104.0;36.0;56.0;116.0;0.8;0.11;-10.95;3.83;1.83;5.37
1753881468.492478;1.8;0.0;-0.1;-1.3;1.61;0.21;9080.0;9100.0;8990.0;9016.0;104.0;36.0;56.0;116.0;-0.79;0.3;-10.23;7.83;5.31;19.29
1753881468.497478;1.8;0.0;-0.1;-1.3;1.61;0.21;9080.0;9100.0;8990.0;9016.0;104.0;36.0;56.0;116.0;0.77;-0.24;-9.17;9.44;5.94;13.96
1753881468.502478;1.8;0.0;-0.1;-1.3;1.61;0.21;9080.0;9100.0;8990.0;9016.0;104.0;36.0;56.0;116.0;0.08;0.46;-10.71;7.26;4.43;3.99
1753881468.507478;1.8;0.0;-0.1;-1.3;1.61;0.21;9080.0;9100.0;8990.0;9016.0;104.0;36.0;56.0;116.0;-0.07;1.28;-11.59;-2.28;-3.93;11.98
1753881468.512478;1.8;0.0;-0.1;-1.3;1.61;0.21;9080.0;9100.0;8990.0;9016.0;104.0;36.0;56.0;116.0;-0.08;0.47;-11.46;-10.14;-4.55;14.48
1753881468.517478;1.8;0.0;-0.1;-1.3;1.61;0.21;9080.0;9100.0;8990.0;9016.0;104.0;36.0;56.0;116.0;-0.6;0.54;-10.87;-0.22;1.73;8.97
1753881468.522478;1.8;0.0;-0.1;-1.3;1.61;0.21;9080.0;9100.0;8990.0;9016.0;104.0;36.0;56.0;116.0;-0.6;1.1;-11.0;2.46;2.89;13.08
1753881468.527478;1.8;0.0;-0.1;-1.3;1.61;0.21;9080.0;9100.0;8990.0;9016.0;104.0;36.0;56.0;116.0;-0.7;0.91;-10.38;-3.86;3.02;23.35
1753881468.532478;1.8;0.0;-0.1;-1.3;1.61;0.21;9080.0;9100.0;8990.0;9016.0;104.0;36.0;56.0;116.0;-0.73;0.47;-10.43;-3.27;2.98;17.14
1753881468.537478;1.8;0.0;-0.1;-1.3;1.61;0.21;9080.0;9100.0;8990.0;9016.0;104.0;36.0;56.0;116.0;-0.39;0.59;-10.52;-0.93;-0.25;14.24
1753881468.542478;1.8;0.0;-0.1;-1.3;1.61;0.21;9080.0;9100.0;8990.0;9016.0;104.0;36.0;56.0;116.0;0.0;0.58;-11.05;-0.01;-3.15;25.59
1753881468.547478;1.8;0.0;-0.1;-1.3;1.61;0.21;9080.0;9100.0;8990.0;9016.0;104.0;36.0;56.0;116.0;-0.18;0.14;-11.92;2.6;0.86;21.77
1753881468.552478;1.8;0.0;-0.1;-1.3;1.61;0.21;9080.0;9100.0;8990.0;9016.0;104.0;36.0;56.0;116.0;-0.13;0.18;-12.66;3.36;1.22;22.3
1753881468.557478;1.8;0.0;-0.1;-1.3;1.61;0.21;9080.0;9100.0;8990.0;9016.0;104.0;36.0;56.0;116.0;-0.1;-0.03;-12.06;-1.85;0.79;20.44
1753881468.562478;1.8;0.0;-0.1;-1.3;1.61;0.21;9080.0;9100.0;8990.0;9016.0;104.0;36.0;56.0;116.0;-0.77;-0.43;-11.28;-3.72;-0.11;26.61
1753881468.567478;1.8;0.0;-0.1;-1.3;1.61;0.21;9080.0;9100.0;8990.0;9016.0;104.0;36.0;56.0;116.0;-0.44;-0.17;-10.51;-2.21;-0.23;20.86
1753881468.572478;1.8;0.0;-0.1;-1.3;1.61;0.21;9080.0;9100.0;8990.0;9016.0;104.0;36.0;56.0;116.0;0.33;0.0;-10.2;-1.48;-3.7;26.23
1753881468.577478;1.8;0.0;-0.1;-1.3;1.61;0.21;9080.0;9100.0;8990.0;9016.0;104.0;36.0;56.0;116.0;-0.14;0.04;-10.4;-1.48;-3.88;29.13
1753881468.582478;1.8;0.0;-0.1;-1.3;1.61;0.21;9080.0;9100.0;8990.0;9016.0;104.0;36.0;56.0;116.0;0.12;-0.04;-10.9;-2.72;-1.44;24.23
1753881468.587478;1.8;0.0;-0.1;-1.3;1.61;0.21;9080.0;9100.0;8990.0;9016.0;104.0;36.0;56.0;116.0;0.16;0.31;-11.06;-2.36;0.53;21.73
1753881468.592478;1.8;0.0;-0.1;-1.3;1.61;0.21;9080.0;9100.0;8990.0;9016.0;104.0;36.0;56.0;116.0;-0.64;0.49;-11.5;-1.78;0.76;29.47
1753881468.597478;1.8;0.0;-0.1;-1.3;1.61;0.21;9080.0;9100.0;8990.0;9016.0;104.0;36.0;56.0;116.0;-0.9;0.37;-11.33;0.56;2.41;25.68
1753881468.602478;1.8;0.0;-0.1;-1.3;1.61;0.21;9080.0;9100.0;8990.0;9016.0;104.0;36.0;56.0;116.0;-0.37;0.37;-10.89;0.56;2.6;19.37
1753881468.607478;1.8;0.0;-0.1;-1.3;1.61;0.21;9080.0;9100.0;8990.0;9016.0;104.0;36.0;56.0;116.0;-0.58;0.76;-10.22;-0.03;0.19;30.04
1753881468.612478;1.8;0.0;-0.1;-1.3;1.61;0.21;9080.0;9100.0;8990.0;9016.0;104.0;36.0;56.0;116.0;-0.65;1.12;-9.84;1.2;0.41;26.79
1753881468.617478;1.8;0.0;-0.1;-1.3;1.61;0.21;9080.0;9100.0;8990.0;9016.0;104.0;36.0;56.0;116.0;-0.42;1.24;-9.82;1.5;1.76;18.47
1753881468.622478;1.8;0.0;-0.1;-1.3;1.61;0.21;9080.0;9100.0;8990.0;9016.0;104.0;36.0;56.0;116.0;-0.43;1.5;-10.08;0.51;-0.06;26.52
1753881468.627478;1.8;0.0;-0.1;-1.3;1.61;0.21;9080.0;9100.0;8990.0;9016.0;104.0;36.0;56.0;116.0;-1.12;1.47;-10.65;2.37;-0.61;22.81
1753881468.632478;1.8;0.0;-0.1;-1.3;1.61;0.21;9080.0;9100.0;8990.0;9016.0;104.0;36.0;56.0;116.0;-0.7;1.63;-11.13;3.94;-2.68;17.01
1753881468.637478;1.8;0.0;-0.1;-1.3;1.61;0.21;9080.0;9100.0;8990.0;9016.0;104.0;36.0;56.0;116.0;-0.5;1.93;-10.76;1.25;-3.41;21.75
1753881468.642478;1.8;0.0;-0.1;-1.3;1.61;0.21;9080.0;9100.0;8990.0;9016.0;104.0;36.0;56.0;116.0;-0.58;1.86;-10.56;-0.38;-3.48;23.11
1753881468.647478;1.8;0.0;-0.1;-1.3;1.61;0.21;9080.0;9100.0;8990.0;9016.0;104.0;36.0;56.0;116.0;-0.55;1.75;-10.61;1.82;-2.04;13.27
1753881468.652478;1.8;0.0;-0.1;-1.3;1.61;0.21;9080.0;9100.0;8990.0;9016.0;104.0;36.0;56.0;116.0;-0.31;2.08;-10.19;5.61;0.92;20.98
1753881468.657478;1.8;0.0;-0.1;-1.3;1.61;0.21;9080.0;9100.0;8990.0;9016.0;104.0;36.0;56.0;116.0;-0.69;2.09;-9.97;6.24;5.92;27.61
1753881468.662478;1.8;0.0;-0.1;-1.3;1.61;0.21;9080.0;9100.0;8990.0;9016.0;104.0;36.0;56.0;116.0;-1.18;1.59;-10.74;5.49;8.33;22.01
1753881468.667478;1.8;0.0;-0.1;-1.3;1.61;0.21;9080.0;9100.0;8990.0;9016.0;104.0;36.0;56.0;116.0;-0.82;1.27;-11.06;4.18;4.15;23.13
1753881468.672478;1.8;0.0;-0.1;-1.3;1.61;0.21;9080.0;9100.0;8990.0;9016.0;104.0;36.0;56.0;116.0;-0.71;1.0;-11.23;0.87;0.92;32.07
1753881468.677478;1.8;0.0;-0.1;-1.3;1.61;0.21;9080.0;9100.0;8990.0;9016.0;104.0;36.0;56.0;116.0;-0.62;0.39;-11.17;-1.49;-0.56;25.92
1753881468.682478;1.8;0.0;-0.1;-1.3;1.61;0.21;9080.0;9100.0;8990.0;9016.0;104.0;36.0;56.0;116.0;-0.66;0.27;-11.04;-1.36;-0.29;25.38
1753881468.687478;1.8;0.0;-0.1;-1.3;1.61;0.21;9080.0;9100.0;8990.0;9016.0;104.0;36.0;56.0;116.0;-0.51;0.13;-10.36;-2.46;-3.86;39.59
1753881468.692478;1.8;0.0;-0.1;-1.3;1.61;0.21;9080.0;9100.0;8990.0;9016.0;104.0;36.0;56.0;116.0;-0.47;-0.13;-10.93;-1.28;-4.57;31.13
1753881468.697478;1.8;0.0;-0.1;-1.3;1.61;0.21;9080.0;9100.0;8990.0;9016.0;104.0;36.0;56.0;116.0;-0.66;-0.22;-11.69;-2.41;-4.83;29.0
1753881468.702478;1.8;0.0;-0.1;-1.3;1.61;0.21;9080.0;9100.0;8990.0;9016.0;104.0;36.0;56.0;116.0;-0.91;-0.33;-11.22;-5.4;-1.77;34.74
1753881468.707478;1.8;0.0;-0.1;-1.3;1.61;0.21;9080.0;9100.0;8990.0;9016.0;104.0;36.0;56.0;116.0;-0.77;-0.54;-11.69;-2.73;-2.22;38.09
1753881468.712478;1.8;0.0;-0.1;-1.3;1.61;0.21;9080.0;9100.0;8990.0;9016.0;104.0;36.0;56.0;116.0;-0.57;-0.6;-11.81;1.85;0.6;26.32
1753881468.717478;1.8;0.0;-0.1;-1.3;1.61;0.21;9080.0;9100.0;8990.0;9016.0;104.0;36.0;56.0;116.0;-0.62;0.01;-10.62;4.11;4.63;33.98
1753881468.722478;1.8;0.0;-0.1;-1.3;1.61;0.21;9080.0;9100.0;8990.0;9016.0;104.0;36.0;56.0;116.0;-0.52;0.3;-9.44;4.45;3.95;40.09
1753881468.727478;1.8;0.0;-0.1;-1.3;1.61;0.21;9080.0;9100.0;8990.0;9016.0;104.0;36.0;56.0;116.0;-0.53;0.41;-9.33;6.04;3.98;36.07
1753881468.732478;1.8;0.0;-0.1;-1.3;1.61;0.21;9080.0;9100.0;8990.0;9016.0;104.0;36.0;56.0;116.0;-1.15;0.62;-9.9;4.89;5.37;30.53
1753881468.737478;1.8;0.0;-0.1;-1.3;1.61;0.21;9080.0;9100.0;8990.0;9016.0;104.0;36.0;56.0;116.0;-0.29;0.54;-10.08;1.4;1.2;37.38
1753881468.742478;1.8;0.0;-0.1;-1.3;1.61;0.21;9080.0;9100.0;8990.0;9016.0;104.0;36.0;56.0;116.0;-0.21;0.32;-10.61;-0.19;-1.15;41.39
1753881468.747478;1.8;0.0;-0.1;-1.3;1.61;0.21;9080.0;9100.0;8990.0;9016.0;104.0;36.0;56.0;116.0;-1.12;0.23;-10.81;0.59;2.84;26.09
1753881468.752478;1.8;0.0;-0.1;-1.3;1.61;0.21;9080.0;9100.0;8990.0;9016.0;104.0;36.0;56.0;116.0;-0.76;0.92;-9.41;9.76;6.87;26.15
1753881468.757478;1.8;0.0;-0.1;-1.3;1.61;0.21;9080.0;9100.0;8990.0;9016.0;104.0;36.0;56.0;116.0;-0.28;1.62;-9.09;11.03;6.15;51.62
1753881468.762478;1.8;0.0;-0.1;-1.3;1.61;0.21;9080.0;9100.0;8990.0;9016.0;104.0;36.0;56.0;116.0;-1.27;0.18;-10.13;-3.37;7.17;40.11
1753881468.767478;1.8;0.0;-0.1;-1.3;1.61;0.21;9080.0;9100.0;8990.0;9016.0;104.0;36.0;56.0;116.0;-0.57;-0.37;-10.54;-3.37;5.68;-1.11
1753881468.772478;1.8;0.0;-0.1;-1.3;1.61;0.21;9080.0;9100.0;8990.0;9016.0;104.0;36.0;56.0;116.0;0.16;0.29;-10.97;0.9;-5.11;43.71
1753881468.777478;1.8;0.0;-0.1;-1.3;1.61;0.21;9080.0;9100.0;8990.0;9016.0;104.0;36.0;56.0;116.0;-0.41;0.41;-11.07;0.67;-5.95;58.54
1753881468.782478;1.8;0.0;-0.1;-1.3;1.61;0.21;9080.0;9100.0;8990.0;9016.0;104.0;36.0;56.0;116.0;-0.4;-0.06;-10.73;2.07;0.13;19.85
1753881468.787478;1.8;0.0;-0.1;-1.3;1.61;0.21;9080.0;9100.0;8990.0;9016.0;104.0;36.0;56.0;116.0;0.41;0.07;-10.53;0.67;-2.57;27.15
1753881468.792478;1.8;0.0;-0.1;-1.3;1.61;0.21;9080.0;9100.0;8990.0;9016.0;104.0;36.0;56.0;116.0;-0.66;0.66;-10.47;2.51;1.14;49.11
1753881468.797478;1.8;0.0;-0.1;-1.3;1.61;0.21;9080.0;9100.0;8990.0;9016.0;104.0;36.0;56.0;116.0;-1.12;0.18;-10.07;0.76;10.53;16.01
1753881468.802478;1.8;0.0;-0.1;-1.3;1.61;0.21;9080.0;9100.0;8990.0;9016.0;104.0;36.0;56.0;116.0;-0.51;0.48;-10.45;-1.31;7.94;15.58
1753881468.807478;1.8;0.0;-0.1;-1.3;1.61;0.21;9080.0;9100.0;8990.0;9016.0;104.0;36.0;56.0;116.0;-0.46;0.27;-11.03;-2.6;-4.83;46.67
1753881468.812478;1.8;0.0;-0.1;-1.3;1.61;0.21;9080.0;9100.0;8990.0;9016.0;104.0;36.0;56.0;116.0;-0.35;-0.9;-10.92;-0.4;-2.34;25.69
1753881468.817478;1.8;0.0;-0.1;-1.3;1.61;0.21;9080.0;9100.0;8990.0;9016.0;104.0;36.0;56.0;116.0;0.08;0.58;-9.48;2.7;0.86;14.61
1753881468.822478;1.8;0.0;-0.1;-1.3;1.61;0.21;9080.0;9100.0;8990.0;9016.0;104.0;36.0;56.0;116.0;0.0;1.85;-8.76;1.02;-5.82;46.94
1753881468.827478;1.8;0.0;-0.1;-1.3;1.61;0.21;9080.0;9100.0;8990.0;9016.0;104.0;36.0;56.0;116.0;-0.01;0.53;-9.66;1.56;-4.6;43.92
1753881468.832478;1.8;0.0;-0.1;-1.3;1.61;0.21;9080.0;9100.0;8990.0;9016.0;104.0;36.0;56.0;116.0;-0.61;-0.49;-11.15;1.51;5.72;4.73
1753881468.837478;1.8;0.0;-0.1;-1.3;1.61;0.21;9080.0;9100.0;8990.0;9016.0;104.0;36.0;56.0;116.0;-0.45;0.54;-11.37;-0.18;0.38;31.18
1753881468.842478;1.8;0.0;-0.1;-1.3;1.61;0.21;9080.0;9100.0;8990.0;9016.0;104.0;36.0;56.0;116.0;-0.85;0.73;-10.66;-0.43;-2.64;51.05
1753881468.847478;1.8;0.0;-0.1;-1.3;1.61;0.21;9080.0;9100.0;8990.0;9016.0;104.0;36.0;56.0;116.0;-0.58;-0.32;-10.19;1.8;5.12;14.61
1753881468.852478;1.8;0.0;-0.1;-1.3;1.61;0.21;9080.0;9100.0;8990.0;9016.0;104.0;36.0;56.0;116.0;-0.32;0.54;-10.1;1.9;1.37;25.65
1753881468.857478;1.8;0.0;-0.1;-1.3;1.61;0.21;9080.0;9100.0;8990.0;9016.0;104.0;36.0;56.0;116.0;0.26;0.67;-9.65;-0.67;-6.47;52.65
1753881468.862478;1.8;0.0;-0.1;-1.3;1.61;0.21;9080.0;9100.0;8990.0;9016.0;104.0;36.0;56.0;116.0;-0.21;-0.29;-10.22;0.67;-0.06;22.14
1753881468.867478;1.8;0.0;-0.1;-1.3;1.61;0.21;9080.0;9100.0;8990.0;9016.0;104.0;36.0;56.0;116.0;-0.35;-0.01;-10.56;-0.54;3.3;17.43
1753881468.872478;1.8;0.0;-0.1;-1.3;1.61;0.21;9080.0;9100.0;8990.0;9016.0;104.0;36.0;56.0;116.0;0.25;0.28;-10.73;0.0;-2.24;49.81
1753881468.877478;1.8;0.0;-0.1;-1.3;1.61;0.21;9080.0;9100.0;8990.0;9016.0;104.0;36.0;56.0;116.0;-0.27;-0.81;-11.6;0.47;-2.48;36.73
1753881468.882478;1.8;0.0;-0.1;-1.3;1.61;0.21;9080.0;9100.0;8990.0;9016.0;104.0;36.0;56.0;116.0;-0.57;-0.8;-11.25;0.68;0.32;14.27
1753881468.887478;1.8;0.0;-0.1;-1.3;1.61;0.21;9080.0;9100.0;8990.0;9016.0;104.0;36.0;56.0;116.0;0.47;0.42;-10.06;-1.34;-2.75;40.97
1753881468.892478;1.8;0.0;-0.1;-1.3;1.61;0.21;9080.0;9100.0;8990.0;9016.0;104.0;36.0;56.0;116.0;0.16;0.0;-10.08;-1.57;-0.32;44.28
1753881468.897478;1.8;0.0;-0.1;-1.3;1.61;0.21;9080.0;9100.0;8990.0;9016.0;104.0;36.0;56.0;116.0;0.23;-0.49;-10.8;-0.24;1.84;19.72
1753881468.902478;1.8;0.0;-0.1;-1.3;1.61;0.21;9080.0;9100.0;8990.0;9016.0;104.0;36.0;56.0;116.0;0.76;0.2;-11.24;-0.04;-4.2;33.56
1753881468.907478;1.7;0.0;-0.1;-1.3;1.42;1.77;9315.5;9284.6;8844.6;8977.7;112.6;48.5;53.0;101.5;1.12;0.23;-11.52;-0.62;-0.02;25.5
1753881468.912478;1.9;0.0;-0.1;-1.3;1.61;-1.92;7016.3;8850.0;9024.9;8711.3;93.1;38.7;74.9;39.8;0.53;-0.13;-10.56;0.77;-3.54;19.94
1753881468.917478;1.8;0.0;-0.1;-1.3;1.68;9.42;6104.2;7214.2;9230.5;9135.2;108.3;19.3;46.5;82.6;1.13;-0.08;-10.27;-0.06;-1.17;32.1
1753881468.922478;1.7;0.0;-0.1;-1.2;1.76;3.29;9916.8;11022.6;9253.2;9255.4;94.5;36.0;60.2;119.1;0.73;0.37;-11.03;-1.84;-6.73;36.94
1753881468.927478;1.8;0.0;-0.1;-1.3;1.56;5.98;5340.5;6042.8;8996.1;9243.5;102.4;50.1;63.5;88.8;0.9;1.0;-11.81;1.53;-7.95;23.62
1753881468.932479;1.7;0.0;-0.1;-1.3;1.52;2.86;7148.2;9589.1;9254.6;8987.9;70.9;57.1;90.7;99.6;-0.22;-0.36;-9.45;-0.31;-2.08;39.37
1753881468.937479;1.8;0.0;-0.1;-1.3;1.68;-1.57;7876.6;6624.3;9157.2;9400.8;108.1;31.0;34.6;118.4;1.01;0.1;-11.21;-1.7;-1.85;19.24
1753881468.942479;2.1;0.0;-0.1;-1.3;1.33;0.21;8592.8;9524.3;9238.8;8791.9;106.1;49.1;95.2;132.0;1.2;0.69;-11.49;0.24;-0.99;45.33
1753881468.947479;1.9;0.0;-0.1;-1.4;1.2;-2.17;5386.4;7648.3;9070.8;9203.0;104.3;56.6;73.6;89.9;0.56;-0.34;-11.21;-1.28;-0.66;25.53
1753881468.952479;2.1;0.0;-0.1;-1.4;1.16;6.66;5299.5;6652.2;9333.9;9569.6;90.8;37.4;74.2;99.8;0.98;-0.61;-10.8;0.54;2.75;25.88
1753881468.957479;2.0;0.0;-0.1;-1.3;1.66;1.99;7652.4;6100.5;9381.0;9015.0;87.3;64.1;85.4;128.8;0.59;0.62;-10.45;3.44;0.18;16.93
1753881468.962479;1.9;0.0;-0.1;-1.4;1.42;4.79;8572.9;6928.0;9275.8;9633.9;83.6;60.6;62.7;89.8;1.02;-0.85;-11.14;-0.17;-3.32;17.08
1753881468.96748;1.8;0.0;-0.1;-1.4;1.25;7.52;6987.2;5414.1;8864.3;9478.5;64.4;55.0;87.2;29.4;0.42;0.21;-11.47;-0.41;-1.48;24.54
1753881468.97248;1.8;0.0;-0.1;-1.5;1.43;7.08;7352.8;7190.2;9330.2;9750.1;46.5;38.3;97.8;101.4;0.7;0.31;-10.96;0.38;-5.22;41.68
1753881468.97748;1.9;0.0;-0.1;-1.5;1.38;4.89;7511.1;6871.4;9110.3;9463.2;51.7;61.6;77.1;86.4;0.39;0.23;-10.77;-0.23;5.33;53.45
1753881468.98248;2.0;0.0;-0.1;-1.5;1.2;4.63;6969.7;6803.2;9161.3;9386.3;53.3;49.7;80.0;57.0;0.03;1.03;-10.9;-0.21;-6.1;37.84
1753881468.98748;2.2;0.0;-0.1;-1.3;1.08;5.17;8998.5;8067.9;9368.0;9690.8;40.7;65.1;100.2;146.3;0.68;0.01;-10.72;-0.13;1.86;30.9
1753881468.99248;1.9;0.0;-0.1;-1.5;0.69;1.35;5691.0;7236.7;9262.6;9606.5;77.5;72.9;87.7;74.6;-0.13;0.64;-11.97;2.28;-6.82;43.64
1753881468.99748;2.1;0.0;-0.1;-1.3;1.31;9.56;7348.4;6072.8;9647.0;9554.2;64.2;63.1;89.3;38.9;0.21;0.19;-11.47;0.84;-1.24;39.04
1753881469.00248;2.0;0.0;-0.1;-1.5;1.22;3.3;4505.7;4259.6;9649.2;9840.6;45.8;55.9;95.3;121.5;0.23;0.86;-10.19;0.12;3.43;54.58
1753881469.00748;2.0;0.0;-0.1;-1.6;1.22;11.68;5994.8;7095.2;9754.9;9368.1;71.1;73.8;109.3;80.8;1.0;1.62;-8.94;-3.24;-6.34;26.9
1753881469.01248;2.0;0.0;-0.1;-1.4;1.51;9.13;5390.9;6559.9;9536.6;9482.4;61.3;72.8;94.0;62.4;0.49;0.99;-9.55;0.21;1.7;39.9
1753881469.01748;2.2;0.0;-0.1;-1.5;1.41;12.8;4988.3;6016.1;9509.3;8984.5;56.3;57.2;116.7;75.6;0.15;-0.01;-10.95;2.79;0.44;39.69
1753881469.022481;2.0;0.0;-0.1;-1.5;0.86;10.79;6407.4;5074.4;9314.5;9856.3;59.0;79.8;68.1;25.0;0.46;1.08;-11.12;0.6;1.6;6.56
1753881469.027481;2.0;0.0;-0.1;-1.5;0.87;9.68;5090.4;7413.2;9551.2;9626.9;67.6;61.0;108.4;78.2;-0.12;0.58;-11.57;0.48;-2.2;45.8
1753881469.032481;2.0;0.0;-0.1;-1.5;0.99;11.66;5099.2;5460.2;9394.4;10062.5;30.9;67.5;117.4;41.9;-0.16;-0.14;-10.58;-1.86;1.21;38.3
1753881469.037481;2.0;0.0;-0.1;-1.5;0.99;16.6;4510.4;3270.0;9609.1;9925.9;76.2;84.6;102.6;57.5;0.38;-0.32;-11.04;-1.29;-3.8;28.84
1753881469.042481;2.0;0.0;-0.1;-1.5;1.04;9.6;4852.7;6537.8;9903.8;9456.2;45.1;72.8;100.1;55.8;0.65;-0.45;-10.7;-1.54;5.16;42.98
1753881469.047481;1.9;0.0;-0.1;-1.5;0.91;8.45;5243.1;5146.4;9457.6;10228.6;15.4;68.1;99.7;14.5;-0.53;0.93;-11.65;-0.51;0.18;24.76
1753881469.052482;2.1;0.0;-0.1;-1.5;1.05;10.46;3880.0;4877.9;10012.4;9857.5;43.9;78.2;108.2;50.2;0.02;0.03;-10.45;1.11;-0.89;44.49
1753881469.057482;2.2;0.0;-0.1;-1.5;1.01;9.13;2436.6;4677.8;9729.6;9950.9;45.6;70.3;113.3;36.8;0.15;0.22;-10.15;-0.05;-2.69;25.38
1753881469.062482;2.1;0.0;-0.1;-1.4;0.91;13.34;5963.4;4832.0;9902.5;10172.7;24.7;76.9;129.8;52.7;0.38;1.62;-10.48;-0.39;0.01;39.83
1753881469.067482;2.3;0.0;-0.1;-1.5;0.71;7.41;4941.6;4258.8;10033.6;9979.3;19.2;70.3;96.3;72.1;0.4;-0.39;-9.5;1.0;-1.73;37.27
1753881469.072482;2.1;0.0;-0.1;-1.5;0.57;10.04;4200.4;5646.6;9905.6;10201.4;11.3;95.1;104.2;49.0;0.35;-1.71;-11.24;-0.61;0.89;33.01
1753881469.077482;2.3;0.0;-0.1;-1.5;0.97;14.45;636.2;4828.8;9709.8;10133.8;26.3;80.3;80.6;30.2;0.13;-0.71;-10.36;1.15;1.38;33.67
1753881469.082482;2.3;0.0;-0.1;-1.5;0.81;11.69;3951.8;5270.7;9845.1;9929.7;39.4;81.6;116.7;27.5;0.25;-0.47;-10.08;-1.14;1.69;49.24
1753881469.087482;2.0;0.0;-0.1;-1.6;0.69;17.11;3878.0;5305.3;10131.0;9822.1;24.8;81.6;115.6;2.6;-0.2;-1.39;-11.3;-0.5;-0.64;62.11
1753881469.092482;2.2;0.0;-0.1;-1.6;0.77;18.13;1851.4;3042.9;10099.1;9815.6;18.9;77.8;119.8;26.7;0.49;-0.65;-10.37;-0.9;-1.1;62.84
1753881469.097478;2.2;0.0;-0.1;-1.6;0.71;15.3;2680.0;2606.0;9923.0;10096.0;22.0;90.0;119.0;11.0;0.09;0.1;-10.29;0.31;2.32;32.72
1753881469.102478;2.2;0.0;-0.1;-1.6;0.71;15.3;2680.0;2606.0;9923.0;10096.0;22.0;90.0;119.0;11.0;0.02;0.02;-11.03;-0.99;5.05;15.28
1753881469.107478;2.2;0.0;-0.1;-1.6;0.71;15.3;2680.0;2606.0;9923.0;10096.0;22.0;90.0;119.0;11.0;0.55;0.33;-11.5;-3.6;-4.6;41.0
1753881469.112478;2.2;0.0;-0.1;-1.6;0.71;15.3;2680.0;2606.0;9923.0;10096.0;22.0;90.0;119.0;11.0;0.29;-0.02;-11.17;-1.8;-4.37;45.1
1753881469.117478;2.2;0.0;-0.1;-1.6;0.71;15.3;2680.0;2606.0;9923.0;10096.0;22.0;90.0;119.0;11.0;0.09;-0.12;-10.11;1.3;3.08;23.16
1753881469.122478;2.2;0.0;-0.1;-1.6;0.71;15.3;2680.0;2606.0;9923.0;10096.0;22.0;90.0;119.0;11.0;0.08;0.15;-10.02;-1.54;1.08;36.56
1753881469.127478;2.2;0.0;-0.1;-1.6;0.71;15.3;2680.0;2606.0;9923.0;10096.0;22.0;90.0;119.0;11.0;0.35;-0.09;-10.69;-0.38;-3.85;46.73
1753881469.132478;2.1;0.0;-0.1;-1.8;0.9;18.75;-7338.1;1783.7;9700.2;10569.0;-48.5;52.8;115.6;9.3;0.67;0.06;-10.79;1.39;-3.2;35.67
1753881469.137478;2.2;0.0;-0.1;-1.5;0.88;2.38;3491.8;401.1;9917.0;10403.2;43.0;86.4;54.5;22.2;0.27;0.02;-10.24;-1.6;-1.53;52.7
1753881469.142478;1.8;0.0;-0.1;-1.9;0.18;18.7;1755.6;-103.3;9681.9;9740.8;-25.1;51.1;130.0;-46.6;0.64;0.71;-11.09;-1.85;-8.14;55.56
1753881469.147478;2.3;0.0;-0.1;-1.7;0.93;-4.75;3300.4;3926.1;10345.6;9810.7;68.8;153.9;89.4;-59.2;1.03;0.29;-10.46;2.25;-7.23;40.59
1753881469.152478;2.5;0.1;-0.1;-1.9;0.48;19.01;8142.6;4401.9;10180.6;9573.8;-7.8;-5.0;104.3;-10.5;-0.09;0.29;-11.23;-0.67;1.66;52.97
1753881469.157478;2.3;0.1;-0.1;-1.8;1.28;16.13;2865.5;5726.8;9477.0;9916.3;28.3;116.9;145.2;15.7;0.7;-0.6;-9.99;-1.04;-0.19;40.51
1753881469.162479;2.4;0.0;-0.1;-1.4;0.52;0.94;3925.9;4031.0;9307.3;10070.0;92.0;81.6;143.3;-11.1;-0.44;-0.33;-10.07;-0.78;-1.71;41.29
1753881469.167479;2.1;0.1;-0.1;-1.6;1.18;23.22;1832.7;6784.6;9799.8;9400.5;112.9;155.0;65.9;-113.5;-0.23;0.38;-10.86;-0.83;-2.36;55.68
1753881469.172479;2.6;0.1;-0.1;-2.1;0.23;12.95;6195.4;4070.3;9483.7;9908.7;8.0;92.0;94.7;3.4;1.45;0.63;-10.94;0.9;-2.9;44.91
1753881469.177479;2.5;0.1;-0.1;-1.7;1.1;14.73;2505.5;6236.9;9853.2;10757.2;63.1;143.0;78.0;5.7;0.7;-0.09;-10.23;-0.72;-2.17;35.83
1753881469.182479;2.3;0.1;-0.1;-1.9;0.79;13.28;315.2;6982.4;9085.1;10111.5;29.4;134.9;113.8;-17.4;0.44;-0.03;-10.96;2.41;-0.96;52.14
1753881469.187479;2.4;0.0;-0.1;-1.9;0.89;28.6;6423.4;767.7;10173.3;10069.8;13.0;122.4;66.2;-24.2;0.64;0.26;-10.7;0.07;-11.48;32.97
1753881469.192479;2.2;0.0;-0.1;-1.9;0.02;27.1;5933.8;282.8;9783.2;10893.5;4.3;97.2;24.2;-13.9;0.57;0.11;-10.37;-0.21;-5.24;36.4
1753881469.19748;2.7;0.1;-0.1;-2.0;0.83;8.82;1624.8;2785.9;9826.5;10620.0;137.8;127.0;142.3;42.2;0.29;0.18;-10.26;0.74;-6.08;50.3
1753881469.20248;2.3;0.0;-0.1;-2.1;1.36;26.3;5895.1;2442.3;9790.8;10085.5;104.9;144.0;78.3;65.7;0.88;0.88;-10.97;1.15;5.64;29.44
1753881469.20748;2.1;0.1;-0.1;-2.0;1.28;24.67;4884.2;-730.7;9147.7;9848.2;30.5;186.4;123.5;-56.5;-0.04;0.81;-10.74;1.93;-12.41;41.24
1753881469.21248;2.2;0.1;-0.1;-1.6;1.33;8.06;4809.7;1952.4;9310.3;9785.1;74.9;171.1;72.8;-37.1;0.89;1.35;-10.15;-1.04;-2.72;46.08
1753881469.21748;2.7;0.0;-0.1;-2.1;0.45;20.69;7382.4;866.3;9395.3;9529.1;79.2;198.9;66.5;137.2;0.03;1.32;-11.25;2.12;-4.78;50.16
1753881469.22248;2.1;0.1;-0.1;-1.6;0.58;13.48;-1465.9;1013.1;9097.3;10254.1;17.3;91.3;56.4;47.2;1.0;0.41;-10.32;3.87;-2.76;30.13
1753881469.22748;2.5;0.1;-0.1;-2.4;1.2;17.31;10371.2;2070.7;9352.8;9920.8;79.2;162.8;66.1;58.3;0.87;0.77;-10.83;1.05;-8.42;12.63
1753881469.23248;2.2;0.0;-0.1;-1.9;0.62;21.9;1215.3;104.0;8844.7;10664.6;75.9;145.4;30.7;178.4;1.4;1.31;-10.79;2.44;-2.56;16.16
1753881469.23748;2.1;0.1;-0.1;-2.3;0.61;24.96;9396.1;4601.3;9155.0;9143.0;102.6;216.1;4.1;61.9;1.4;0.65;-11.26;3.0;-2.68;15.7
1753881469.24248;2.5;0.1;-0.1;-2.3;1.31;11.19;5169.6;5415.9;8958.2;9449.8;114.8;184.6;61.9;37.7;1.34;1.85;-10.14;2.01;-2.42;39.23
1753881469.247481;2.4;0.0;-0.1;-2.2;1.94;-5.8;2494.0;4157.0;9120.0;10118.4;46.0;177.9;56.2;6.5;1.02;0.89;-10.24;3.35;-0.7;19.44
1753881469.252481;2.6;0.1;-0.1;-2.2;0.27;30.21;7010.5;7667.5;9130.4;9882.3;20.4;166.1;59.3;-63.6;0.45;0.84;-11.0;1.17;-2.95;16.5
1753881469.257481;2.3;0.0;-0.1;-2.4;1.31;22.14;2297.4;4489.0;9740.4;10745.4;44.4;199.8;83.3;54.3;0.04;1.09;-11.0;0.04;-7.04;25.25
1753881469.262481;2.6;0.1;-0.1;-2.1;0.92;32.51;7875.1;7836.1;9091.8;9820.5;59.7;231.8;12.1;124.2;1.0;1.96;-11.45;2.66;-2.38;48.71
1753881469.267481;2.3;0.1;-0.1;-2.2;1.55;17.53;7754.0;11325.4;8588.3;9653.4;33.8;195.5;77.6;111.6;2.06;1.24;-11.76;1.16;-7.04;20.61
1753881469.272481;2.4;0.1;-0.1;-2.1;0.89;27.2;-2873.5;4435.6;9015.5;9830.3;53.5;128.9;53.0;13.0;0.76;1.3;-11.1;1.46;-4.22;17.59
1753881469.277478;2.3;0.1;-0.1;-2.2;1.02;21.54;4410.0;4346.0;9016.0;9666.0;83.0;195.0;29.0;36.0;1.24;1.67;-11.12;2.17;-3.54;21.24
1753881469.282478;2.3;0.1;-0.1;-2.2;1.02;21.54;4410.0;4346.0;9016.0;9666.0;83.0;195.0;29.0;36.0;1.54;1.48;-11.49;-0.59;-0.96;16.89
1753881469.287478;2.3;0.1;-0.1;-2.2;1.02;21.54;4410.0;4346.0;9016.0;9666.0;83.0;195.0;29.0;36.0;1.7;1.45;-11.97;-0.46;1.81;8.13
1753881469.292478;2.3;0.1;-0.1;-2.2;1.02;21.54;4410.0;4346.0;9016.0;9666.0;83.0;195.0;29.0;36.0;1.68;1.59;-11.6;0.2;-0.44;15.51
1753881469.297478;2.3;0.1;-0.1;-2.2;1.02;21.54;4410.0;4346.0;9016.0;9666.0;83.0;195.0;29.0;36.0;1.98;0.99;-9.56;1.02;-1.96;25.04
1753881469.302478;2.3;0.1;-0.1;-2.2;1.02;21.54;4410.0;4346.0;9016.0;9666.0;83.0;195.0;29.0;36.0;1.49;0.03;-8.33;2.33;3.28;5.92
1753881469.307478;2.3;0.1;-0.1;-2.2;1.02;21.54;4410.0;4346.0;9016.0;9666.0;83.0;195.0;29.0;36.0;1.08;0.84;-9.51;2.74;2.2;14.77
1753881469.312478;2.3;0.1;-0.1;-2.2;1.02;21.54;4410.0;4346.0;9016.0;9666.0;83.0;195.0;29.0;36.0;2.05;1.3;-10.64;1.54;-3.41;22.78
1753881469.317478;2.3;0.1;-0.1;-2.2;1.02;21.54;4410.0;4346.0;9016.0;9666.0;83.0;195.0;29.0;36.0;1.34;0.53;-11.14;1.4;2.49;-0.03
1753881469.322478;2.3;0.1;-0.1;-2.2;1.02;21.54;4410.0;4346.0;9016.0;9666.0;83.0;195.0;29.0;36.0;1.2;1.06;-11.15;3.1;1.6;14.55
1753881469.327478;2.3;0.1;-0.1;-2.2;1.02;21.54;4410.0;4346.0;9016.0;9666.0;83.0;195.0;29.0;36.0;1.35;1.29;-9.72;0.99;0.77;19.62
1753881469.332478;2.3;0.1;-0.1;-2.2;1.02;21.54;4410.0;4346.0;9016.0;9666.0;83.0;195.0;29.0;36.0;1.35;0.89;-8.77;2.84;1.31;8.3
1753881469.337478;2.3;0.1;-0.1;-2.2;1.02;21.54;4410.0;4346.0;9016.0;9666.0;83.0;195.0;29.0;36.0;1.32;0.98;-9.1;2.96;1.26;4.97
1753881469.342478;2.3;0.1;-0.1;-2.2;1.02;21.54;4410.0;4346.0;9016.0;9666.0;83.0;195.0;29.0;36.0;1.47;1.29;-9.27;1.71;-0.26;20.24
1753881469.347478;2.3;0.1;-0.1;-2.2;1.02;21.54;4410.0;4346.0;9016.0;9666.0;83.0;195.0;29.0;36.0;1.46;0.94;-9.88;2.57;2.56;11.34
1753881469.352478;2.3;0.1;-0.1;-2.2;1.02;21.54;4410.0;4346.0;9016.0;9666.0;83.0;195.0;29.0;36.0;1.38;0.34;-11.19;-1.73;0.72;3.45
1753881469.357478;2.3;0.1;-0.1;-2.2;1.02;21.54;4410.0;4346.0;9016.0;9666.0;83.0;195.0;29.0;36.0;1.9;0.24;-12.16;-9.12;-8.04;20.24
1753881469.362478;2.3;0.1;-0.1;-2.2;1.02;21.54;4410.0;4346.0;9016.0;9666.0;83.0;195.0;29.0;36.0;2.25;-1.0;-11.93;-13.41;-5.75;-0.85
1753881469.367478;2.3;0.1;-0.1;-2.2;1.02;21.54;4410.0;4346.0;9016.0;9666.0;83.0;195.0;29.0;36.0;1.78;-0.85;-10.77;-6.79;-1.66;-3.34
1753881469.372478;2.3;0.1;-0.1;-2.2;1.02;21.54;4410.0;4346.0;9016.0;9666.0;83.0;195.0;29.0;36.0;2.12;0.13;-10.05;-1.75;-2.31;23.1
1753881469.377478;2.3;0.1;-0.1;-2.2;1.02;21.54;4410.0;4346.0;9016.0;9666.0;83.0;195.0;29.0;36.0;2.42;-0.11;-10.43;-2.05;-1.79;19.67
1753881469.382478;2.3;0.1;-0.1;-2.2;1.02;21.54;4410.0;4346.0;9016.0;9666.0;83.0;195.0;29.0;36.0;1.87;-0.22;-11.51;-0.46;1.93;-6.79
1753881469.387478;2.3;0.1;-0.1;-2.2;1.02;21.54;4410.0;4346.0;9016.0;9666.0;83.0;195.0;29.0;36.0;2.02;0.25;-11.45;0.67;-0.64;5.78
1753881469.392478;2.3;0.1;-0.1;-2.2;1.02;21.54;4410.0;4346.0;9016.0;9666.0;83.0;195.0;29.0;36.0;2.38;0.71;-10.68;-0.74;-1.41;20.05
1753881469.397478;2.3;0.1;-0.1;-2.2;1.02;21.54;4410.0;4346.0;9016.0;9666.0;83.0;195.0;29.0;36.0;1.9;0.15;-10.78;-0.7;2.63;-1.76
1753881469.402478;2.3;0.1;-0.1;-2.2;1.02;21.54;4410.0;4346.0;9016.0;9666.0;83.0;195.0;29.0;36.0;1.75;0.9;-11.37;0.92;-0.1;1.19
1753881469.407478;2.3;0.1;-0.1;-2.2;1.02;21.54;4410.0;4346.0;9016.0;9666.0;83.0;195.0;29.0;36.0;1.94;1.59;-10.59;-0.06;-2.6;12.33
1753881469.412478;2.3;0.1;-0.1;-2.2;1.16;21.67;5722.7;5099.1;9014.4;9670.0;81.6;195.2;37.9;70.0;2.14;1.72;-10.79;1.55;-6.51;18.38
1753881469.417478;2.3;0.1;-0.1;-2.5;2.16;22.0;5004.4;3702.7;9019.0;9432.8;75.1;197.2;47.6;55.5;1.9;1.76;-10.35;-5.6;-4.57;15.09
1753881469.422478;2.4;0.1;-0.1;-2.3;1.33;22.64;4814.8;5698.4;9015.6;9797.2;87.3;198.7;58.4;91.6;2.41;1.0;-11.13;-5.84;-0.0;-1.39
1753881469.427478;2.4;0.1;-0.1;-2.6;1.55;21.86;5953.7;7101.3;9024.8;9302.7;114.8;196.8;72.2;71.9;1.83;1.86;-10.04;4.62;-4.35;16.04
1753881469.432478;2.4;0.1;-0.1;-2.8;1.98;21.85;5680.8;6737.9;9035.4;9291.4;151.9;198.3;79.8;47.2;1.4;2.23;-10.38;2.03;-3.32;-4.47
1753881469.437478;2.4;0.1;-0.1;-3.4;3.48;22.28;5908.8;5176.6;9038.9;9389.1;99.8;199.5;96.5;120.7;2.16;0.48;-11.95;3.23;-6.96;-8.06
1753881469.442478;2.4;0.1;-0.1;-2.6;2.71;22.85;5268.1;8863.1;9031.7;9151.7;135.3;202.7;84.4;104.4;1.38;0.78;-10.94;4.09;-2.31;-5.69
1753881469.447478;2.4;0.1;-0.1;-3.2;2.53;24.21;7145.7;7387.2;9053.7;9086.1;184.8;204.2;86.7;128.5;1.23;1.95;-11.29;0.33;0.72;-26.14
1753881469.452479;2.4;0.1;-0.1;-3.0;4.36;23.71;6537.1;9666.7;9058.9;9117.0;165.1;198.9;101.5;170.2;0.97;1.45;-10.12;3.61;-6.51;-14.1
1753881469.457479;2.4;0.1;-0.1;-3.0;2.91;23.63;7839.3;8831.3;9053.1;9054.5;145.8;201.4;138.4;172.8;1.57;0.9;-11.18;-0.99;2.82;-8.12
1753881469.462478;2.4;0.1;-0.1;-3.3;3.36;23.81;8110.0;8330.0;9053.0;9026.0;170.0;203.0;120.0;158.0;1.2;0.72;-10.78;1.46;1.62;-9.84
1753881469.467478;2.4;0.1;-0.1;-3.3;3.36;23.81;8110.0;8330.0;9053.0;9026.0;170.0;203.0;120.0;158.0;1.56;0.94;-10.51;-1.24;-1.09;2.53
1753881469.472478;2.4;0.1;-0.1;-3.5;3.45;23.48;6863.6;10220.7;9063.3;8966.6;147.7;197.1;165.9;173.8;0.72;0.31;-10.77;-1.78;1.26;2.88
1753881469.477478;2.4;0.2;-0.1;-2.7;4.16;22.99;7896.5;10564.6;9059.2;9089.9;152.8;188.8;160.4;109.8;1.49;1.49;-11.78;2.66;1.11;-3.97
1753881469.482478;2.4;0.1;-0.1;-3.8;2.14;21.98;5599.2;8896.4;9070.9;8975.9;111.8;173.4;64.8;132.2;0.97;0.16;-11.06;0.51;-1.62;10.06
1753881469.487478;2.5;0.1;-0.1;-4.0;2.97;23.69;9729.8;9476.8;9062.5;8890.7;159.1;221.1;96.1;127.9;1.45;0.65;-10.43;-3.26;-2.21;2.41
1753881469.492478;2.5;0.2;-0.1;-3.9;2.51;24.19;7483.3;6792.3;9047.8;9031.8;150.7;182.3;106.1;146.4;0.9;1.24;-10.23;-1.21;0.44;9.87
1753881469.497479;2.5;0.2;-0.1;-3.3;4.14;23.2;8691.5;10349.1;9042.0;9426.7;148.1;185.7;150.0;80.6;1.02;1.17;-11.32;-2.08;0.14;9.37
1753881469.502479;2.5;0.2;-0.1;-2.4;2.68;24.15;7177.1;8707.4;9037.4;9067.1;66.2;152.8;56.5;148.6;1.31;1.48;-12.74;-8.97;3.02;4.64
1753881469.507479;2.3;0.1;-0.1;-3.6;4.12;23.09;8533.1;8092.4;9046.1;9083.7;189.6;216.3;125.9;139.4;0.7;1.49;-10.38;-5.46;-2.0;6.69
1753881469.512479;2.4;0.1;-0.1;-4.4;3.43;23.29;8492.8;7745.5;9051.2;8968.9;144.5;173.3;131.4;131.9;0.59;1.3;-11.95;3.4;-1.29;5.24
1753881469.517479;2.5;0.1;-0.1;-3.1;3.2;23.1;12808.3;7623.5;9054.4;8851.5;155.3;149.5;108.3;136.2;0.51;1.77;-10.77;0.38;0.65;9.85
1753881469.522479;2.5;0.1;-0.1;-4.0;3.8;23.04;8044.5;8156.4;9055.0;8696.1;152.2;212.1;114.8;75.8;-0.12;0.64;-10.81;4.76;-2.82;10.94
1753881469.52748;2.4;0.1;-0.1;-3.1;2.57;23.98;6696.7;8468.5;9021.5;9019.9;52.6;162.1;126.4;174.9;0.19;1.68;-11.53;-0.99;-3.41;-1.13
1753881469.53248;2.6;0.2;-0.1;-4.4;3.88;23.38;10476.8;6913.0;9050.9;9654.5;73.3;113.6;132.9;110.2;-0.16;2.56;-10.0;-4.78;-4.24;-7.5
1753881469.53748;2.5;0.2;-0.1;-3.3;3.93;23.76;8328.2;8133.8;9040.0;8956.1;128.6;152.8;98.8;158.7;0.89;0.14;-12.12;-7.35;-4.75;13.42
1753881469.54248;2.6;0.2;-0.1;-4.7;4.17;24.25;9451.7;6993.0;9022.8;9192.5;81.8;123.3;146.7;158.1;0.48;1.01;-10.95;-2.47;-2.56;18.92
1753881469.54748;2.5;0.2;-0.1;-4.3;2.3;23.27;8981.1;7700.6;9030.8;9221.2;70.3;103.6;177.7;93.8;0.88;-0.25;-12.38;-9.68;-2.79;-2.73
1753881469.55248;2.5;0.2;-0.1;-3.2;1.74;23.21;8210.1;8207.3;9036.7;9637.2;95.8;150.1;104.2;202.2;0.26;1.85;-13.21;-2.73;-4.68;9.94
1753881469.55748;2.5;0.2;-0.1;-3.7;3.18;23.82;7000.1;7826.8;9036.9;9139.6;106.5;145.5;51.8;141.3;0.33;1.54;-12.75;-1.1;-3.2;6.24
1753881469.56248;2.5;0.2;-0.1;-3.9;2.65;25.01;9085.2;6578.8;9060.2;9100.0;124.1;110.7;92.2;73.6;0.22;2.92;-12.42;-1.66;-6.52;3.48
1753881469.56748;2.6;0.1;-0.1;-4.3;3.36;23.27;7874.8;9136.3;9032.1;9221.5;87.2;139.6;128.8;38.2;-0.48;1.63;-13.34;-4.38;-4.18;14.53
1753881469.57248;2.7;0.2;-0.1;-2.3;2.65;24.29;7430.5;10376.6;9025.0;8793.0;31.7;147.4;149.6;85.8;0.73;1.31;-12.05;1.83;1.35;19.85
1753881469.57748;2.5;0.2;-0.1;-4.7;2.02;23.73;9227.9;9048.2;9031.1;9190.5;101.4;137.8;152.8;41.1;-0.75;1.41;-12.71;-11.22;-0.8;13.18
1753881469.582481;2.7;0.2;-0.1;-4.1;2.87;24.0;7285.7;8124.1;9027.2;9001.2;8.0;129.4;186.2;79.0;0.45;1.56;-12.06;-5.84;-5.43;24.17
1753881469.587481;2.6;0.2;-0.1;-4.1;3.19;22.98;8693.3;9453.4;9032.6;9218.5;104.9;73.5;77.5;-25.0;-0.79;0.28;-13.0;-7.5;-3.18;19.31
1753881469.592481;2.5;0.2;-0.1;-4.5;1.98;25.24;6953.7;7341.6;9049.3;9358.2;113.9;94.1;158.6;80.1;-2.76;-0.39;-13.13;-2.07;-5.16;25.12
1753881469.597481;2.6;0.2;-0.1;-3.3;2.38;26.25;7252.5;11080.0;9030.3;9373.9;41.2;160.5;83.3;68.6;-1.22;1.57;-13.5;-2.5;-0.24;15.66
1753881469.602481;2.5;0.1;-0.1;-4.7;3.3;23.89;6961.5;8280.8;9046.7;9051.8;75.7;84.0;104.2;63.0;-0.63;1.35;-13.17;4.74;-2.55;19.25
1753881469.607481;2.5;0.2;-0.1;-3.8;2.14;24.53;12286.0;9604.0;9003.4;9072.1;3.7;83.5;165.5;64.6;0.43;1.1;-11.96;-11.33;-1.01;24.24
1753881469.612481;2.6;0.2;-0.1;-4.3;3.78;23.02;7813.6;9794.7;9040.2;9570.8;65.6;60.3;166.6;109.5;-2.06;1.06;-13.25;-2.64;-1.22;33.4
1753881469.617482;2.5;0.2;-0.1;-3.8;0.43;24.56;8540.8;11988.7;9022.2;9049.3;65.2;182.9;164.3;1.9;-0.85;1.7;-14.83;-0.78;-5.77;17.4
1753881469.622482;2.7;0.1;-0.1;-4.2;2.95;24.6;8126.7;8287.0;9030.2;8934.0;-55.6;59.9;162.5;53.1;-0.85;2.74;-14.62;-7.24;-4.64;24.78
1753881469.627482;2.6;0.2;-0.1;-3.6;2.42;24.22;9670.7;9665.1;9022.2;9360.7;39.7;18.1;164.0;105.8;-1.56;1.3;-10.91;-5.4;-0.67;-3.04
1753881469.632482;2.8;0.2;-0.1;-4.3;3.46;24.22;8988.5;11114.5;9028.2;8985.1;74.0;-3.5;189.2;-0.9;0.56;0.34;-11.42;1.91;-3.32;16.38
1753881469.637482;2.7;0.2;-0.1;-4.2;2.1;24.3;9576.5;8763.2;9027.7;8949.2;61.3;92.0;163.8;40.0;-1.99;0.49;-13.11;-7.83;-2.95;29.75
1753881469.642478;2.6;0.2;-0.1;-4.5;2.14;23.89;9173.0;9080.0;9026.0;9246.0;22.0;75.0;157.0;11.0;-1.4;1.2;-13.5;-3.08;-4.47;16.86
1753881469.647478;2.6;0.2;-0.1;-4.5;2.14;23.89;9173.0;9080.0;9026.0;9246.0;22.0;75.0;157.0;11.0;2.28;0.3;-11.36;0.69;-2.63;8.44
1753881469.652478;2.6;0.2;-0.1;-4.5;2.14;23.89;9173.0;9080.0;9026.0;9246.0;22.0;75.0;157.0;11.0;2.33;-0.18;-8.3;-0.44;4.38;-6.67
1753881469.657478;2.6;0.2;-0.1;-4.5;2.14;23.89;9173.0;9080.0;9026.0;9246.0;22.0;75.0;157.0;11.0;-1.42;0.57;-8.9;-0.7;4.7;6.05
1753881469.662478;2.6;0.2;-0.1;-4.5;2.14;23.89;9173.0;9080.0;9026.0;9246.0;22.0;75.0;157.0;11.0;0.54;-0.27;-9.6;1.94;-3.18;7.64
1753881469.667478;2.6;0.2;-0.1;-4.5;2.14;23.89;9173.0;9080.0;9026.0;9246.0;22.0;75.0;157.0;11.0;1.48;0.23;-10.85;4.51;-5.14;-2.22
1753881469.672478;2.6;0.2;-0.1;-4.5;2.14;23.89;9173.0;9080.0;9026.0;9246.0;22.0;75.0;157.0;11.0;-0.38;1.62;-12.16;4.76;-1.79;-0.07
1753881469.677478;2.6;0.2;-0.1;-4.5;2.14;23.89;9173.0;9080.0;9026.0;9246.0;22.0;75.0;157.0;11.0;0.0;1.01;-11.55;3.11;-1.0;13.58
1753881469.682478;2.6;0.2;-0.1;-4.5;2.14;23.89;9173.0;9080.0;9026.0;9246.0;22.0;75.0;157.0;11.0;0.5;0.4;-10.04;3.36;5.16;-1.54
1753881469.687478;2.6;0.2;-0.1;-4.5;2.14;23.89;9173.0;9080.0;9026.0;9246.0;22.0;75.0;157.0;11.0;-1.2;1.42;-10.11;1.83;5.92;-5.35
1753881469.692478;2.6;0.2;-0.1;-4.5;2.14;23.89;9173.0;9080.0;9026.0;9246.0;22.0;75.0;157.0;11.0;-0.96;2.13;-10.47;2.05;-2.46;8.75
1753881469.697478;2.6;0.2;-0.1;-4.5;2.14;23.89;9173.0;9080.0;9026.0;9246.0;22.0;75.0;157.0;11.0;0.26;0.93;-10.39;-1.0;-5.25;10.36
1753881469.702478;2.6;0.2;-0.1;-4.5;2.14;23.89;9173.0;9080.0;9026.0;9246.0;22.0;75.0;157.0;11.0;-0.88;-0.15;-11.56;-9.25;-2.77;-12.73
1753881469.707478;2.6;0.2;-0.1;-4.5;2.14;23.89;9173.0;9080.0;9026.0;9246.0;22.0;75.0;157.0;11.0;-1.73;1.0;-12.71;-3.7;0.19;-10.5
1753881469.712478;2.6;0.2;-0.1;-4.5;2.14;23.89;9173.0;9080.0;9026.0;9246.0;22.0;75.0;157.0;11.0;-0.03;1.38;-11.75;1.54;-3.05;18.79
1753881469.717478;2.6;0.2;-0.1;-4.5;2.14;23.89;9173.0;9080.0;9026.0;9246.0;22.0;75.0;157.0;11.0;0.1;0.6;-10.68;3.48;-0.76;3.92
1753881469.722478;2.6;0.2;-0.1;-4.5;2.14;23.89;9173.0;9080.0;9026.0;9246.0;22.0;75.0;157.0;11.0;-1.41;0.46;-10.53;3.31;4.13;-16.96
1753881469.727478;2.6;0.2;-0.1;-4.5;2.14;23.89;9173.0;9080.0;9026.0;9246.0;22.0;75.0;157.0;11.0;-0.14;0.5;-10.06;0.62;-2.41;8.72
1753881469.732478;2.6;0.2;-0.1;-4.5;2.14;23.89;9173.0;9080.0;9026.0;9246.0;22.0;75.0;157.0;11.0;0.02;0.39;-10.26;-1.28;-3.35;17.63
1753881469.737478;2.6;0.2;-0.1;-4.5;2.14;23.89;9173.0;9080.0;9026.0;9246.0;22.0;75.0;157.0;11.0;-0.87;0.07;-10.56;-1.48;6.82;-18.41
1753881469.742478;2.6;0.2;-0.1;-4.5;2.14;23.89;9173.0;9080.0;9026.0;9246.0;22.0;75.0;157.0;11.0;-2.85;0.42;-9.56;-2.7;2.62;-10.25
1753881469.747478;2.6;0.2;-0.1;-4.5;2.14;23.89;9173.0;9080.0;9026.0;9246.0;22.0;75.0;157.0;11.0;0.07;0.21;-9.39;3.41;6.47;-12.67
1753881469.752478;2.6;0.2;-0.1;-4.5;2.14;23.89;9173.0;9080.0;9026.0;9246.0;22.0;75.0;157.0;11.0;-0.62;-0.07;-9.13;-6.8;8.03;-8.09
1753881469.757478;2.6;0.2;-0.1;-4.5;2.14;23.89;9173.0;9080.0;9026.0;9246.0;22.0;75.0;157.0;11.0;-1.07;1.08;-9.1;-7.63;10.01;-7.01
1753881469.762478;2.6;0.2;-0.1;-4.5;2.14;23.89;9173.0;9080.0;9026.0;9246.0;22.0;75.0;157.0;11.0;0.36;0.42;-9.07;-7.18;-0.16;22.71
1753881469.767478;2.6;0.2;-0.1;-4.5;2.14;23.89;9173.0;9080.0;9026.0;9246.0;22.0;75.0;157.0;11.0;-0.03;-0.95;-11.51;-2.55;-3.94;1.52
1753881469.772478;2.6;0.2;-0.1;-4.5;2.14;23.89;9173.0;9080.0;9026.0;9246.0;22.0;75.0;157.0;11.0;-1.32;-0.75;-12.85;3.67;0.61;-23.84
1753881469.777478;2.6;0.2;-0.1;-4.5;2.14;23.89;9173.0;9080.0;9026.0;9246.0;22.0;75.0;157.0;11.0;0.01;0.2;-12.18;6.49;-6.31;15.0
1753881469.782478;2.6;0.2;-0.1;-4.5;2.14;23.89;9173.0;9080.0;9026.0;9246.0;22.0;75.0;157.0;11.0;0.38;-0.19;-11.93;7.92;-8.53;16.27
1753881469.787478;2.6;0.2;-0.1;-4.5;2.14;23.89;9173.0;9080.0;9026.0;9246.0;22.0;75.0;157.0;11.0;-0.32;-0.49;-12.14;7.04;-2.87;-10.19
1753881469.792478;2.6;0.2;-0.1;-4.5;2.14;23.89;9173.0;9080.0;9026.0;9246.0;22.0;75.0;157.0;11.0;-0.37;0.42;-11.71;2.76;-0.68;-5.67
1753881469.797478;2.6;0.2;-0.1;-4.5;2.14;23.89;9173.0;9080.0;9026.0;9246.0;22.0;75.0;157.0;11.0;0.25;0.44;-10.58;-5.76;-0.33;23.1
1753881469.802478;2.6;0.2;-0.1;-4.5;2.14;23.89;9173.0;9080.0;9026.0;9246.0;22.0;75.0;157.0;11.0;-0.77;-0.51;-10.15;-10.33;13.32;-9.76
1753881469.807478;2.6;0.2;-0.1;-4.5;2.14;23.89;9173.0;9080.0;9026.0;9246.0;22.0;75.0;157.0;11.0;-1.03;0.59;-10.57;-3.84;13.39;-15.69
1753881469.812478;2.6;0.2;-0.1;-4.5;2.14;23.89;9173.0;9080.0;9026.0;9246.0;22.0;75.0;157.0;11.0;-0.7;1.35;-12.19;0.86;-0.76;20.43
1753881469.817478;2.6;0.2;-0.1;-4.5;2.14;23.89;9173.0;9080.0;9026.0;9246.0;22.0;75.0;157.0;11.0;-1.36;0.83;-13.4;4.28;-4.37;-1.02
1753881469.822478;2.6;0.2;-0.1;-4.5;2.14;23.89;9173.0;9080.0;9026.0;9246.0;22.0;75.0;157.0;11.0;-1.18;1.31;-11.24;6.73;-2.13;-23.23
1753881469.827478;2.6;0.2;-0.1;-4.5;2.14;23.89;9173.0;9080.0;9026.0;9246.0;22.0;75.0;157.0;11.0;-0.85;1.87;-9.66;4.75;-1.88;4.1
1753881469.832478;2.6;0.2;-0.1;-4.5;2.14;23.89;9173.0;9080.0;9026.0;9246.0;22.0;75.0;157.0;11.0;-1.45;1.19;-9.41;0.98;0.77;13.5
1753881469.837478;2.6;0.2;-0.1;-4.5;2.14;23.89;9173.0;9080.0;9026.0;9246.0;22.0;75.0;157.0;11.0;-2.39;0.48;-9.78;-2.17;7.27;-16.21
1753881469.842478;2.6;0.2;-0.1;-4.5;2.14;23.89;9173.0;9080.0;9026.0;9246.0;22.0;75.0;157.0;11.0;-1.9;1.48;-10.39;2.75;4.98;-10.72
1753881469.847478;2.6;0.2;-0.1;-4.5;2.14;23.89;9173.0;9080.0;9026.0;9246.0;22.0;75.0;157.0;11.0;-0.96;1.73;-11.29;8.78;-4.92;20.21
1753881469.852478;2.6;0.2;-0.1;-4.5;2.14;23.89;9173.0;9080.0;9026.0;9246.0;22.0;75.0;157.0;11.0;-2.03;0.75;-12.34;9.79;5.36;-14.31
1753881469.857478;2.6;0.2;-0.1;-4.5;2.14;23.89;9173.0;9080.0;9026.0;9246.0;22.0;75.0;157.0;11.0;-1.44;1.69;-12.51;7.89;5.6;-4.79
1753881469.862478;2.6;0.2;-0.1;-4.5;2.14;23.89;9173.0;9080.0;9026.0;9246.0;22.0;75.0;157.0;11.0;-1.95;1.61;-11.87;5.41;2.6;-2.93
1753881469.867478;2.6;0.2;-0.1;-4.5;2.14;23.89;9173.0;9080.0;9026.0;9246.0;22.0;75.0;157.0;11.0;-0.71;-0.36;-11.11;6.37;-1.26;9.07
1753881469.872478;2.6;0.2;-0.1;-4.5;2.14;23.89;9173.0;9080.0;9026.0;9246.0;22.0;75.0;157.0;11.0;-0.91;-0.94;-9.6;1.61;7.94;-22.32
1753881469.877478;2.6;0.2;-0.1;-4.5;2.14;23.89;9173.0;9080.0;9026.0;9246.0;22.0;75.0;157.0;11.0;-0.84;-0.15;-9.92;2.29;2.9;7.05
1753881469.882478;2.6;0.2;-0.1;-4.5;2.14;23.89;9173.0;9080.0;9026.0;9246.0;22.0;75.0;157.0;11.0;-0.27;-0.36;-11.19;-0.02;-3.5;23.34
1753881469.887478;2.6;0.2;-0.1;-4.5;2.14;23.89;9173.0;9080.0;9026.0;9246.0;22.0;75.0;157.0;11.0;-0.63;-0.98;-12.27;0.24;3.94;-20.85
1753881469.892478;2.6;0.2;-0.1;-3.8;2.01;23.89;9158.2;9065.4;9023.5;9246.3;20.4;55.2;127.9;16.4;-1.79;-1.64;-12.1;7.62;4.1;0.06
1753881469.897478;2.6;0.2;-0.1;-4.7;1.85;23.89;9138.8;9096.1;9027.4;9242.2;25.0;76.3;172.5;13.6;-0.26;-1.9;-12.83;-4.88;10.11;-38.29
1753881469.902478;2.5;0.2;-0.1;-4.5;1.87;23.89;9158.4;9079.9;9029.4;9245.1;42.7;91.7;170.2;17.7;-1.23;-0.45;-12.54;-6.53;3.21;-24.39
1753881469.907478;2.6;0.2;-0.1;-4.6;1.44;23.89;9101.7;9066.0;9032.3;9231.0;29.3;75.3;120.1;15.2;-0.13;-0.85;-12.55;4.93;8.54;-40.12
1753881469.912478;2.6;0.2;-0.1;-4.7;1.95;23.89;9184.1;9045.1;9025.5;9239.8;46.3;75.8;131.1;19.1;-0.43;-2.05;-10.54;7.29;3.93;-34.81
1753881469.917478;2.6;0.2;-0.1;-4.2;1.75;23.89;9023.3;9039.0;9026.3;9243.5;28.9;58.6;114.8;22.6;-0.54;0.21;-11.76;2.36;0.05;-16.38
1753881469.922478;2.6;0.2;-0.1;-4.3;2.19;23.89;9016.1;9056.6;9025.1;9223.8;33.3;51.0;94.5;17.1;-0.47;-0.69;-10.99;2.11;-5.62;-6.71
1753881469.927478;2.6;0.2;-0.1;-4.1;2.56;23.89;9056.6;9061.4;9033.9;9197.8;51.1;91.2;148.9;25.0;-0.33;-1.72;-11.34;-2.21;4.22;5.64
1753881469.932479;2.7;0.2;-0.1;-4.0;1.58;23.89;9136.2;9048.3;9028.4;9216.2;43.3;61.5;175.7;30.5;-0.6;-1.65;-11.09;0.55;0.6;9.52
1753881469.937479;2.7;0.2;-0.1;-4.0;1.46;23.89;9067.4;9071.2;9026.3;9223.5;41.6;60.1;129.2;31.7;-1.11;0.87;-10.71;-4.13;-0.74;1.76
1753881469.942479;2.6;0.2;-0.1;-4.1;1.09;23.89;8934.6;9079.0;9030.5;9201.2;41.9;58.6;82.5;20.0;-0.29;0.28;-13.29;-0.04;7.5;12.86
1753881469.947479;2.7;0.2;-0.1;-4.0;1.76;23.88;9063.7;8997.4;9030.6;9206.9;42.3;55.5;104.6;28.4;-0.13;-1.52;-13.07;-0.42;2.5;-13.9
1753881469.952479;2.6;0.2;-0.1;-4.6;1.64;23.89;9075.5;9066.6;9033.7;9234.9;33.5;53.2;96.8;17.0;-0.92;-0.82;-12.21;-6.3;2.28;-13.18
1753881469.957479;2.7;0.3;-0.1;-4.2;1.25;23.89;9058.0;9016.0;9036.3;9227.9;47.9;57.8;119.6;27.6;-0.53;-0.51;-11.75;2.35;-3.47;-25.28
1753881469.962479;2.7;0.2;-0.1;-4.0;0.97;23.89;9030.0;9017.0;9035.3;9241.7;50.7;48.9;108.9;33.1;-1.61;0.12;-14.48;0.89;1.51;13.83
1753881469.96748;2.7;0.2;-0.1;-3.9;0.77;23.88;9031.4;9032.8;9036.1;9225.6;46.2;57.7;108.6;22.8;-1.25;-0.15;-12.9;-0.71;-0.83;-24.75
1753881469.97248;2.5;0.2;-0.1;-4.0;0.77;23.89;9150.3;9025.1;9040.6;9225.8;55.4;32.5;77.1;29.5;-1.04;-2.2;-12.51;0.8;-14.68;-4.69
1753881469.97748;2.8;0.3;-0.1;-3.9;0.81;23.88;9065.2;9033.3;9037.3;9209.4;91.0;59.6;91.6;52.0;-0.93;0.67;-11.33;-0.05;1.08;-0.94
1753881469.98248;2.7;0.3;-0.1;-4.0;1.64;23.88;9040.4;9051.1;9043.3;9211.7;74.3;60.7;113.3;38.6;-0.25;-1.49;-13.08;-5.3;-8.46;-21.01
1753881469.98748;2.8;0.3;-0.1;-3.6;-0.28;23.88;9038.6;9005.5;9035.8;9187.5;55.8;43.9;104.9;36.7;-1.12;0.36;-13.34;-12.88;-9.25;-4.61
1753881469.99248;2.7;0.3;-0.1;-3.7;1.1;23.88;9063.4;8999.9;9035.8;9213.8;53.8;48.2;90.9;33.1;-1.13;-0.22;-14.13;2.97;-10.07;18.02
1753881469.99748;2.7;0.3;-0.1;-3.8;0.71;23.88;8909.3;9006.2;9037.4;9194.3;60.4;44.9;38.4;45.7;-0.49;0.31;-11.16;-2.61;3.39;6.44
1753881470.00248;2.7;0.3;-0.1;-4.2;0.22;23.88;9045.6;9011.9;9037.6;9190.6;76.8;37.1;71.0;42.3;-0.08;-2.3;-15.29;-1.3;1.26;13.39
1753881470.00748;2.7;0.3;-0.1;-3.6;0.29;23.88;8982.4;9010.2;9037.1;9203.0;74.7;42.4;62.6;30.6;0.48;0.62;-14.43;-6.96;6.62;47.23
1753881470.01248;2.8;0.3;-0.1;-3.4;0.53;23.88;9015.0;9024.5;9041.5;9208.8;55.8;54.9;74.4;46.5;-1.02;-0.18;-14.4;-1.18;-6.25;8.11
1753881470.01748;2.9;0.3;-0.1;-3.6;1.56;23.88;8943.0;9010.7;9037.9;9177.2;84.0;42.7;95.0;43.7;-0.59;0.54;-13.13;-4.21;0.3;19.58
1753881470.022481;2.9;0.3;-0.1;-3.2;0.04;23.88;9009.6;9009.9;9047.1;9177.1;87.2;47.2;58.1;48.2;-0.61;-1.24;-13.27;1.75;-3.87;36.84
1753881470.027481;2.7;0.3;-0.1;-3.4;0.44;23.88;8927.2;9020.1;9040.7;9199.5;89.3;21.0;59.0;49.1;-0.42;-0.4;-12.18;-10.43;-6.73;7.65
1753881470.032478;2.8;0.3;-0.1;-3.5;0.15;23.88;8933.0;8996.0;9043.0;9180.0;86.0;31.0;42.0;46.0;-0.49;-0.05;-12.17;-2.25;-4.57;7.69
1753881470.037478;2.8;0.3;-0.1;-3.5;0.15;23.88;8933.0;8996.0;9043.0;9180.0;86.0;31.0;42.0;46.0;-0.09;-0.69;-12.33;-4.34;1.5;-20.06
1753881470.042478;2.8;0.3;-0.1;-3.5;0.15;23.88;8933.0;8996.0;9043.0;9180.0;86.0;31.0;42.0;46.0;0.31;0.13;-11.39;-1.98;1.25;9.09
1753881470.047478;2.8;0.3;-0.1;-3.5;0.15;23.88;8933.0;8996.0;9043.0;9180.0;86.0;31.0;42.0;46.0;0.23;0.06;-11.01;1.94;-2.51;23.52
1753881470.052478;2.8;0.3;-0.1;-3.5;0.15;23.88;8933.0;8996.0;9043.0;9180.0;86.0;31.0;42.0;46.0;0.42;-0.9;-10.29;1.95;2.6;-7.01
1753881470.057478;2.8;0.3;-0.1;-3.5;0.15;23.88;8933.0;8996.0;9043.0;9180.0;86.0;31.0;42.0;46.0;0.66;-0.02;-10.16;2.62;2.32;-0.54
1753881470.062478;2.8;0.3;-0.1;-3.5;0.15;23.88;8933.0;8996.0;9043.0;9180.0;86.0;31.0;42.0;46.0;0.55;0.09;-10.81;3.31;-3.89;25.66
1753881470.067478;2.8;0.3;-0.1;-3.5;0.15;23.88;8933.0;8996.0;9043.0;9180.0;86.0;31.0;42.0;46.0;0.21;-0.86;-11.5;4.69;1.04;-0.86
1753881470.072478;2.8;0.3;-0.1;-3.5;0.15;23.88;8933.0;8996.0;9043.0;9180.0;86.0;31.0;42.0;46.0;0.4;-0.67;-11.71;3.47;3.27;-6.78
1753881470.077478;2.8;0.3;-0.1;-3.5;0.15;23.88;8933.0;8996.0;9043.0;9180.0;86.0;31.0;42.0;46.0;0.43;-0.2;-11.41;1.81;-1.75;20.4
1753881470.082478;2.8;0.3;-0.1;-3.5;0.15;23.88;8933.0;8996.0;9043.0;9180.0;86.0;31.0;42.0;46.0;0.22;-0.6;-10.77;2.19;1.19;16.12
1753881470.087478;2.8;0.3;-0.1;-3.5;0.15;23.88;8933.0;8996.0;9043.0;9180.0;86.0;31.0;42.0;46.0;0.58;-0.72;-8.92;6.57;4.17;-6.45
1753881470.092478;2.8;0.3;-0.1;-3.5;0.15;23.88;8933.0;8996.0;9043.0;9180.0;86.0;31.0;42.0;46.0;0.7;0.55;-9.85;6.65;-1.89;18.39
1753881470.097478;2.8;0.3;-0.1;-3.5;0.15;23.88;8933.0;8996.0;9043.0;9180.0;86.0;31.0;42.0;46.0;0.72;-0.47;-10.81;-0.25;-3.35;22.98
1753881470.102478;2.8;0.3;-0.1;-3.5;0.15;23.88;8933.0;8996.0;9043.0;9180.0;86.0;31.0;42.0;46.0;0.62;-1.63;-11.38;-4.64;0.67;-6.53
1753881470.107478;2.7;0.3;-0.1;-4.7;1.15;24.02;9025.8;8764.7;9266.9;9533.4;120.6;24.9;162.9;59.8;1.32;-1.96;-11.35;-5.02;0.21;-16.84
1753881470.112478;2.8;0.3;-0.1;-3.9;0.2;23.73;8956.9;8454.2;8937.0;9151.3;92.0;31.5;37.6;43.8;0.9;-2.01;-12.65;-2.96;3.66;-4.7
1753881470.117478;2.8;0.3;-0.1;-3.8;1.43;23.78;8791.6;8448.8;9313.8;9678.6;80.4;-2.3;142.7;40.1;-0.03;-1.84;-11.58;-9.35;3.02;-6.13
1753881470.122478;2.6;0.4;-0.1;-3.3;1.28;24.05;8276.6;8303.7;8835.8;9429.2;51.7;-32.5;180.7;40.5;0.76;-1.08;-12.25;-2.04;-0.64;5.4
1753881470.127478;2.7;0.3;-0.1;-2.7;0.55;23.98;8578.5;7776.9;9496.4;9394.0;36.3;39.6;110.3;36.6;0.11;-1.41;-12.91;-4.26;-4.88;18.6
1753881470.132479;2.8;0.2;-0.1;-3.3;1.54;24.31;8873.2;8700.4;9135.5;9367.2;52.7;-15.6;6.2;90.9;1.0;-1.35;-11.84;-2.69;3.39;3.53
1753881470.137479;2.8;0.4;-0.1;-3.0;0.51;23.7;7825.9;8114.9;9086.0;9391.9;87.6;-14.7;13.1;49.9;-0.54;-1.71;-10.27;-1.96;2.86;1.39
1753881470.142479;3.0;0.2;-0.1;-3.5;0.38;23.96;8022.3;8406.8;9980.8;9281.6;31.6;12.9;56.7;49.7;0.48;-0.81;-10.85;1.42;0.47;-27.75
1753881470.147479;2.7;0.3;-0.1;-2.1;0.0;23.98;7990.2;7749.4;8952.2;9569.8;94.3;41.9;90.0;33.3;0.03;-0.44;-11.32;-5.48;-1.63;34.48
1753881470.152479;2.8;0.4;-0.1;-3.9;-0.56;24.29;8558.0;8692.4;9460.2;9113.1;88.0;22.3;18.2;33.2;-0.85;-1.46;-11.6;-4.81;2.96;27.04
1753881470.157479;2.9;0.3;-0.1;-3.1;0.57;24.14;8268.3;8107.6;9419.2;9608.0;10.2;-45.7;118.8;42.6;-0.44;-0.03;-10.05;0.56;-6.02;-8.28
1753881470.16248;3.0;0.3;-0.1;-2.2;1.37;24.29;8328.4;7888.1;9520.5;9676.6;52.4;41.5;62.5;21.8;0.22;-0.95;-10.78;1.33;-2.87;22.24
1753881470.16748;2.8;0.3;-0.1;-2.6;0.57;24.05;7404.7;7496.7;9351.1;9889.9;14.2;48.2;69.9;41.0;-0.5;0.39;-11.08;-5.36;2.06;29.1
1753881470.17248;2.9;0.3;-0.1;-3.5;1.49;24.18;8081.8;7628.1;9586.8;9903.0;26.5;1.2;-3.9;44.9;0.17;-0.76;-11.91;-3.38;-4.65;36.68
1753881470.17748;2.9;0.4;-0.1;-3.4;1.18;24.26;8109.3;7934.7;9560.3;10023.2;33.9;-9.4;28.6;34.5;-1.92;0.17;-12.12;-1.08;-2.04;21.78
1753881470.18248;2.7;0.3;-0.1;-1.9;0.75;24.07;7701.7;8222.2;9741.5;9635.7;62.8;-20.5;-0.3;50.0;-0.36;-0.53;-11.79;-6.5;-1.75;10.79
1753881470.18748;2.9;0.4;-0.1;-3.0;1.72;24.3;7617.6;7821.4;9563.4;10376.5;15.1;-30.0;-23.9;54.4;-0.25;-0.3;-10.85;-0.02;-2.03;22.53
1753881470.19248;3.0;0.4;-0.1;-1.6;0.31;24.41;7769.8;7486.2;9918.0;9812.9;37.4;21.3;45.7;70.3;0.03;0.2;-10.34;-1.37;-1.32;27.74
1753881470.19748;3.0;0.4;-0.1;-3.5;1.58;24.51;6973.0;7723.2;9684.8;9904.8;-26.8;3.2;-34.2;30.9;-2.41;-0.08;-12.3;1.75;-2.05;18.61
1753881470.20248;3.0;0.3;-0.1;-4.3;1.1;24.47;7471.9;6919.7;9998.2;9976.3;-35.9;-1.7;110.8;34.1;-2.54;-0.61;-10.3;-0.1;-2.66;7.28
1753881470.20748;2.9;0.4;-0.1;-2.2;0.96;24.43;7242.3;7018.1;9801.6;9872.3;13.4;33.5;26.6;29.4;-1.56;0.99;-9.97;-0.08;3.99;26.69
1753881470.21248;2.9;0.4;-0.1;-1.5;1.28;24.2;7041.9;6937.4;9809.9;9872.6;2.1;-22.7;67.6;50.8;-1.86;-0.2;-11.24;-2.49;0.66;58.82
1753881470.217481;2.9;0.3;-0.1;-2.5;0.96;24.4;7272.6;7434.9;9754.2;10080.6;29.9;11.3;68.0;48.0;-1.73;1.11;-10.87;0.01;-1.41;47.16
1753881470.222478;2.9;0.4;-0.1;-2.2;0.81;24.48;7230.0;7276.0;9960.0;10196.0;0.0;-17.0;51.0;39.0;-1.52;0.44;-11.2;0.06;-0.19;30.25
1753881470.227478;2.9;0.4;-0.1;-2.2;0.81;24.48;7230.0;7276.0;9960.0;10196.0;0.0;-17.0;51.0;39.0;-1.33;0.63;-10.88;2.61;2.04;18.39
1753881470.232478;2.9;0.4;-0.1;-1.8;0.63;24.45;7675.2;6391.5;9993.7;10357.2;6.7;-10.5;23.4;25.6;-0.82;1.08;-11.72;-3.37;3.29;31.11
1753881470.237478;2.9;0.4;-0.1;-2.4;-0.61;24.36;7045.0;6579.9;10035.9;9844.0;38.0;-25.6;-24.5;51.6;-1.32;0.09;-10.37;-2.35;4.48;28.2
1753881470.242478;3.0;0.3;-0.1;-1.8;0.81;24.42;7285.2;7737.4;9269.7;10413.5;13.6;-32.7;49.6;24.1;-1.65;-0.3;-10.49;2.9;2.94;12.95
1753881470.247478;3.0;0.4;-0.1;-3.0;1.85;24.9;7420.0;7782.5;9780.3;10642.1;-45.1;-3.9;25.7;24.7;-0.91;0.63;-10.98;4.33;-0.57;63.57
1753881470.252478;2.8;0.4;-0.1;-1.7;0.64;24.59;6637.6;7312.6;9773.2;10166.6;49.0;-17.5;59.5;37.5;-0.97;-0.08;-11.54;-2.42;5.29;22.31
1753881470.257479;3.1;0.3;-0.1;-3.0;1.08;24.54;9331.7;5269.6;9448.3;10185.8;-30.0;-43.8;21.0;50.4;-1.88;1.24;-11.35;-5.71;-1.41;-8.61
1753881470.262479;2.9;0.3;-0.1;-3.6;1.23;24.34;6884.0;7170.0;9918.6;10191.5;-26.3;-4.6;46.0;40.0;-0.36;1.16;-10.3;6.25;6.0;17.73
1753881470.267479;2.9;0.3;-0.1;-3.1;0.71;24.38;8894.4;8321.9;9114.8;10187.3;3.4;-11.4;48.9;28.7;-1.74;1.67;-9.93;2.4;4.17;10.43
1753881470.272479;2.9;0.4;-0.1;-3.2;1.22;24.48;7057.1;6950.8;10528.1;10522.6;-26.5;-27.3;87.3;49.1;-0.75;-1.14;-10.35;3.78;4.19;14.7
1753881470.277479;3.1;0.3;-0.1;-2.5;0.21;24.92;6842.2;7061.8;10021.6;9791.4;-7.7;-12.7;79.5;47.6;-0.26;-1.25;-12.41;5.64;1.14;17.6
1753881470.282479;2.8;0.4;-0.1;-3.4;0.86;24.37;7945.8;7405.8;10178.9;10603.8;4.5;-34.0;42.4;28.8;-0.94;0.03;-11.09;-0.89;0.28;9.91
1753881470.28748;3.0;0.4;-0.1;-3.2;0.6;24.65;7828.2;7133.2;10402.0;10112.8;2.5;-30.1;-2.4;45.9;-1.74;0.5;-11.36;0.89;6.63;18.61
1753881470.29248;2.9;0.4;-0.1;-2.6;0.88;24.54;6265.0;7629.2;9995.4;9688.1;-42.9;-18.8;28.2;48.4;-0.6;0.66;-11.75;0.51;2.26;25.0
1753881470.29748;3.1;0.3;-0.1;-2.5;-0.09;24.59;6754.4;6939.0;10193.2;10154.9;66.1;-30.8;96.1;44.6;-1.96;1.05;-10.36;-3.38;7.29;2.94
1753881470.30248;2.9;0.3;-0.1;-3.3;1.57;24.46;8279.4;8703.1;10486.9;10552.3;-8.7;-2.5;58.2;38.4;-0.99;0.49;-11.36;1.53;-0.16;9.19
1753881470.30748;3.0;0.4;-0.1;-2.4;0.46;24.32;6391.9;6614.7;9755.7;11171.5;42.6;-15.5;7.7;33.7;-1.78;0.02;-11.37;0.83;3.5;20.57
1753881470.31248;2.9;0.4;-0.1;-2.6;0.42;24.59;6520.7;7238.7;10060.4;10310.3;-19.5;-39.6;92.7;30.4;-0.67;-0.01;-11.4;3.65;0.65;15.1
1753881470.31748;2.9;0.4;-0.1;-3.6;1.06;24.51;7548.4;6529.0;10436.1;9624.4;33.8;-37.5;12.3;43.5;-2.03;-0.14;-11.81;0.6;6.02;22.62
1753881470.32248;2.9;0.4;-0.1;-2.1;0.7;24.1;8031.9;8396.8;9943.9;9823.9;68.1;-0.1;87.9;27.8;0.09;-0.06;-11.39;2.28;4.26;38.71
1753881470.32748;2.9;0.4;-0.1;-3.4;0.85;24.32;6827.8;8158.9;9828.7;9957.0;42.3;-19.0;73.2;26.7;-1.32;1.02;-10.77;1.08;3.05;16.35
1753881470.33248;2.8;0.4;-0.1;-2.0;0.3;24.45;7380.9;7524.4;10690.5;10399.7;28.4;-35.6;17.7;64.0;-1.76;0.54;-11.19;2.22;-1.18;13.65
1753881470.33748;3.0;0.4;-0.1;-2.7;-0.41;24.4;7124.1;8101.5;10748.9;9566.2;11.8;-52.4;32.8;64.4;-1.53;0.67;-10.54;1.33;4.77;10.74
1753881470.342481;2.9;0.4;-0.1;-2.2;0.89;24.57;7730.2;6839.4;9729.6;9885.8;-7.9;-6.7;86.6;36.7;-0.99;-0.25;-10.76;-3.45;5.56;28.73
1753881470.347481;3.0;0.4;-0.1;-2.6;0.66;24.37;6723.1;7920.9;10123.8;9668.1;30.9;-17.7;63.3;29.3;-1.56;-0.21;-10.31;6.94;1.65;30.99
1753881470.352481;2.9;0.4;-0.1;-3.2;0.88;24.6;7451.9;8283.6;10201.6;9887.7;-25.8;-32.0;38.0;42.4;-1.24;0.37;-11.27;-0.33;3.22;24.47
1753881470.357481;3.1;0.4;-0.1;-2.3;0.61;24.52;8191.9;6997.8;9921.0;9916.7;-29.2;-29.5;-17.5;26.2;-1.73;-1.11;-9.93;-2.43;6.82;7.37
1753881470.362481;2.9;0.3;-0.1;-2.6;-0.34;24.22;8002.8;7619.2;9640.3;10857.1;9.3;-13.1;47.9;25.1;-0.88;-0.09;-10.72;1.21;7.42;30.56
1753881470.367481;3.0;0.4;-0.1;-1.1;1.25;24.47;5981.2;7076.1;9883.7;10411.8;22.6;-49.0;95.0;51.9;-0.36;0.4;-10.1;0.55;1.38;7.05
1753881470.372481;2.8;0.3;-0.1;-1.8;0.93;24.89;8110.2;6761.0;9545.8;10441.8;-8.8;-23.6;52.2;27.7;-1.14;-0.34;-10.71;0.15;0.42;13.04
1753881470.377482;3.0;0.3;-0.1;-2.8;0.94;24.78;7721.0;6665.9;9784.1;10544.6;-64.1;-12.9;35.8;44.7;-0.24;-0.65;-12.23;-3.59;7.63;-5.05
1753881470.382482;2.8;0.4;-0.1;-2.1;0.19;24.48;7824.7;7475.2;10417.3;9931.4;-10.2;-15.5;83.5;36.0;-0.57;0.21;-10.57;0.05;0.95;36.57
1753881470.387482;2.8;0.4;-0.1;-2.7;0.01;24.45;7463.3;7429.7;10296.2;10238.7;17.4;6.9;53.8;38.6;-2.63;-0.08;-10.31;-4.78;7.39;53.31
1753881470.392482;3.0;0.4;-0.1;-2.2;1.19;24.1;7183.7;8432.3;9818.1;10211.2;14.7;5.7;-0.1;34.0;-1.38;1.21;-11.83;0.57;4.27;-1.56
1753881470.397482;2.9;0.3;-0.1;-3.0;0.85;24.85;7418.5;6634.3;9764.3;9944.7;38.5;1.7;41.4;36.5;-1.11;-0.83;-10.31;-0.79;4.02;20.57
1753881470.402478;2.9;0.4;-0.1;-2.2;0.81;24.48;7230.0;7276.0;9960.0;10196.0;0.0;-17.0;51.0;39.0;-0.65;0.15;-10.68;-0.28;5.08;23.01
1753881470.407478;2.9;0.4;-0.1;-2.2;0.81;24.48;7230.0;7276.0;9960.0;10196.0;0.0;-17.0;51.0;39.0;0.61;0.86;-9.94;1.53;-1.09;40.34
1753881470.412478;2.9;0.4;-0.1;-2.2;0.81;24.48;7230.0;7276.0;9960.0;10196.0;0.0;-17.0;51.0;39.0;0.23;0.85;-10.66;-0.35;-2.44;46.88
1753881470.417478;2.9;0.4;-0.1;-2.2;0.81;24.48;7230.0;7276.0;9960.0;10196.0;0.0;-17.0;51.0;39.0;-0.33;0.56;-11.29;-0.99;3.66;21.9
1753881470.422478;2.9;0.4;-0.1;-2.2;0.81;24.48;7230.0;7276.0;9960.0;10196.0;0.0;-17.0;51.0;39.0;0.4;1.12;-10.7;0.24;2.58;32.88
1753881470.427478;2.9;0.4;-0.1;-2.2;0.81;24.48;7230.0;7276.0;9960.0;10196.0;0.0;-17.0;51.0;39.0;0.34;1.39;-10.97;0.74;-0.61;47.17
1753881470.432478;3.0;0.4;-0.1;-1.3;1.21;26.25;5390.3;5741.8;9446.9;9074.5;2.3;-30.9;53.4;75.2;-0.56;2.22;-11.37;4.03;-1.86;76.23
1753881470.437478;3.0;0.4;-0.1;-2.3;1.51;21.59;7063.8;7137.3;9400.7;9673.7;-39.9;17.3;42.6;56.3;-0.64;1.62;-11.1;0.28;-3.91;57.85
1753881470.442478;3.2;0.4;-0.1;-2.5;0.59;28.11;8046.5;8402.1;9705.4;9314.1;2.5;-62.5;53.9;50.9;0.44;2.18;-11.54;1.89;1.63;76.76
1753881470.447478;3.1;0.4;-0.1;-2.3;1.09;27.84;7790.6;5867.2;9991.9;9836.8;-33.1;-16.8;51.2;61.7;-0.41;-0.29;-10.95;1.43;2.59;19.88
1753881470.452479;3.0;0.4;-0.1;-2.0;0.74;24.79;7271.2;8016.8;9985.3;10029.2;1.0;-22.6;37.1;77.2;0.53;1.45;-10.89;-0.36;-2.43;27.69
1753881470.457479;3.0;0.4;-0.1;-1.5;0.93;31.62;6056.0;2847.6;10209.4;10128.8;-29.9;-34.8;80.5;78.0;1.18;2.04;-11.83;2.63;-2.42;41.76
1753881470.462479;2.9;0.4;-0.1;-2.9;-0.57;29.11;6819.7;5999.4;10139.7;10305.3;63.7;-21.0;59.2;76.4;-0.29;0.82;-11.66;1.0;0.55;21.48
1753881470.467479;3.0;0.4;-0.1;-1.7;0.34;23.94;9770.1;7292.5;9245.9;9570.2;13.3;-10.5;66.0;51.2;-0.35;1.72;-11.45;2.61;-2.25;43.5
1753881470.472479;3.1;0.4;-0.1;-0.9;0.09;33.61;2659.6;5343.1;9761.4;9865.0;7.0;-21.3;54.3;95.6;-0.22;1.11;-11.38;-2.17;-1.18;18.4
1753881470.477479;3.1;0.4;-0.1;-1.2;-0.45;28.11;6353.1;4999.7;9989.1;9862.0;108.8;47.4;51.7;47.1;1.25;0.8;-10.95;-1.71;0.79;45.09
1753881470.482479;3.0;0.4;-0.1;-1.5;0.07;30.75;9496.7;4013.2;9357.8;9554.5;29.5;46.4;72.7;34.8;0.38;1.73;-12.73;-0.13;-0.6;45.9
1753881470.48748;2.9;0.3;-0.1;-2.5;0.46;28.99;4974.9;2392.6;10685.6;9782.4;-3.1;60.8;67.4;118.0;0.26;0.62;-12.04;1.55;6.1;48.44
1753881470.49248;3.1;0.4;-0.1;-2.5;-0.55;29.26;7217.8;4911.5;9411.8;9580.0;0.4;57.9;61.8;59.7;0.46;2.02;-11.64;2.0;2.62;22.03
1753881470.49748;3.1;0.5;-0.1;-2.1;-0.91;28.29;6119.8;6368.4;9222.4;9577.6;-8.4;1.4;66.7;60.7;0.81;2.21;-11.22;-2.64;0.69;40.74
1753881470.50248;2.9;0.5;-0.1;-3.5;-1.63;31.24;4802.8;5910.9;10364.8;9168.3;-6.8;71.4;61.2;98.5;1.12;0.99;-11.58;-0.98;-0.54;49.48
1753881470.50748;3.0;0.5;-0.1;-1.6;-0.75;34.01;5186.7;5563.1;9233.4;9841.9;-19.6;14.6;69.0;84.9;0.11;1.51;-9.62;2.47;4.31;28.16
1753881470.51248;3.0;0.5;-0.1;-1.7;-0.04;34.3;5686.8;4400.3;10352.5;9992.5;-69.8;54.2;64.4;76.3;-0.0;1.64;-11.44;3.05;1.72;37.46
1753881470.51748;3.2;0.4;-0.1;-2.4;-0.8;26.96;5375.5;6765.6;9667.0;8949.9;-19.7;8.7;63.9;80.4;-0.5;1.11;-11.22;-1.93;-1.36;5.74
1753881470.52248;3.2;0.4;-0.1;-1.9;0.4;33.38;8013.4;7263.7;10469.4;9993.1;71.9;77.1;83.1;63.9;-0.59;1.71;-10.82;-1.11;3.56;39.76
1753881470.52748;3.0;0.5;-0.1;-2.4;0.04;27.94;4286.3;4266.5;9323.1;10199.8;-18.8;91.9;71.5;115.8;0.01;1.12;-10.67;-2.83;-0.34;41.58
1753881470.53248;3.2;0.6;-0.1;-1.8;-0.76;34.9;14.9;4489.5;9138.1;9669.4;-37.3;62.5;53.7;128.3;0.27;0.89;-12.54;-4.68;1.89;53.82
1753881470.53748;3.1;0.3;-0.1;-1.7;-0.03;29.26;1576.3;2354.4;9577.4;9248.4;-50.9;70.5;63.6;128.7;-0.21;0.96;-10.85;1.62;0.8;66.3
1753881470.542481;3.2;0.4;-0.1;-2.3;-0.87;33.31;2656.1;6163.0;10798.5;10389.5;-7.2;58.7;57.3;96.6;-0.22;2.32;-11.74;-3.01;1.74;31.41
1753881470.547481;3.1;0.4;-0.1;-2.8;-1.72;33.76;8834.5;3158.4;10126.5;9850.9;-74.5;97.0;78.5;133.5;1.04;1.56;-10.23;-0.82;-3.23;24.92
1753881470.552481;2.9;0.5;-0.1;-2.2;-1.64;33.37;3526.9;5585.2;9439.3;10548.0;-13.1;81.9;82.5;85.2;0.41;1.37;-11.54;1.68;-2.03;24.23
1753881470.557481;3.3;0.5;-0.1;-1.6;-1.03;34.83;4322.6;5129.6;9641.0;9513.4;18.3;1.8;56.3;90.3;0.44;0.75;-10.92;3.2;3.06;28.11
1753881470.562481;3.1;0.4;-0.1;-2.3;-1.52;33.15;2440.7;3933.2;8931.0;9839.8;-14.2;75.0;71.2;130.1;-0.45;0.52;-9.86;-0.65;2.44;22.6
1753881470.567481;3.2;0.4;-0.1;-1.4;-1.74;36.38;4119.9;4781.7;9935.9;10262.7;8.3;76.4;73.8;118.1;-0.37;0.17;-12.64;3.2;-1.76;65.93
1753881470.572482;3.0;0.5;-0.1;-2.7;-1.61;36.4;1996.1;1526.0;9637.5;9304.6;5.0;72.3;65.7;145.1;-0.43;1.77;-11.14;1.02;0.25;79.05
1753881470.577482;3.1;0.5;-0.1;-2.2;-1.51;38.36;4036.5;1638.8;9369.1;9154.7;-44.4;92.5;70.2;133.7;-0.02;0.04;-10.75;1.68;4.7;25.73
1753881470.582482;3.0;0.5;-0.1;-1.9;-0.88;33.21;4876.4;1678.8;10218.8;9476.5;25.5;81.7;71.1;119.6;-0.39;-0.16;-11.87;4.27;0.57;24.58
1753881470.587478;3.2;0.5;-0.1;-2.0;-1.49;35.55;2406.0;2570.0;9960.0;9886.0;10.0;87.0;75.0;137.0;0.11;1.12;-11.11;0.3;1.64;31.02
1753881470.592478;3.2;0.5;-0.1;-2.0;-1.49;35.55;2406.0;2570.0;9960.0;9886.0;10.0;87.0;75.0;137.0;0.35;1.24;-10.43;1.3;1.83;29.86
1753881470.597478;3.2;0.5;-0.1;-2.0;-1.49;35.55;2406.0;2570.0;9960.0;9886.0;10.0;87.0;75.0;137.0;0.25;1.61;-10.46;0.31;-1.16;36.07
1753881470.602478;3.2;0.5;-0.1;-2.0;-1.49;35.55;2406.0;2570.0;9960.0;9886.0;10.0;87.0;75.0;137.0;0.07;1.31;-10.81;-0.05;-1.19;33.17
1753881470.607478;3.2;0.5;-0.1;-2.0;-1.49;35.55;2406.0;2570.0;9960.0;9886.0;10.0;87.0;75.0;137.0;0.19;1.07;-10.72;1.08;3.34;26.05
1753881470.612478;3.2;0.5;-0.1;-2.0;-1.49;35.55;2406.0;2570.0;9960.0;9886.0;10.0;87.0;75.0;137.0;0.4;1.37;-10.8;2.05;2.11;34.08
1753881470.617478;3.2;0.5;-0.1;-2.0;-1.49;35.55;2406.0;2570.0;9960.0;9886.0;10.0;87.0;75.0;137.0;0.18;1.32;-11.0;0.76;-0.22;35.5
1753881470.622478;3.2;0.5;-0.1;-2.0;-1.49;35.55;2406.0;2570.0;9960.0;9886.0;10.0;87.0;75.0;137.0;0.09;0.96;-10.86;-0.34;0.77;27.78
1753881470.627478;3.2;0.5;-0.1;-2.0;-1.49;35.55;2406.0;2570.0;9960.0;9886.0;10.0;87.0;75.0;137.0;0.31;1.03;-9.91;1.92;1.22;32.53
1753881470.632478;3.2;0.5;-0.1;-2.0;-1.49;35.55;2406.0;2570.0;9960.0;9886.0;10.0;87.0;75.0;137.0;0.19;1.25;-10.25;3.03;-1.07;38.02
1753881470.637478;3.2;0.5;-0.1;-2.0;-1.49;35.55;2406.0;2570.0;9960.0;9886.0;10.0;87.0;75.0;137.0;0.22;0.71;-10.9;0.36;-1.14;31.54
1753881470.642478;3.2;0.5;-0.1;-2.0;-1.49;35.55;2406.0;2570.0;9960.0;9886.0;10.0;87.0;75.0;137.0;0.02;0.56;-11.17;-0.68;1.48;28.22
1753881470.647478;3.2;0.5;-0.1;-2.0;-1.49;35.55;2406.0;2570.0;9960.0;9886.0;10.0;87.0;75.0;137.0;0.0;0.62;-11.0;0.31;1.18;36.01
1753881470.652478;3.2;0.5;-0.1;-2.0;-1.49;35.55;2406.0;2570.0;9960.0;9886.0;10.0;87.0;75.0;137.0;0.01;0.45;-10.64;0.5;-1.01;37.94
1753881470.657478;3.2;0.4;-0.1;-2.1;-1.8;30.46;5256.8;1222.5;9915.6;9777.6;40.8;94.9;104.3;166.1;-0.04;0.55;-10.28;-0.49;2.49;54.45
1753881470.662478;3.1;0.5;-0.1;-1.8;0.32;49.42;4315.7;3538.4;10063.1;9965.9;-44.6;118.7;50.8;216.0;0.14;1.14;-11.16;0.66;-0.24;39.51
1753881470.667478;3.3;0.5;-0.1;-2.1;-0.73;35.76;973.3;4417.1;9959.0;9925.8;-4.9;110.2;30.7;111.6;0.28;0.21;-10.67;-1.51;0.2;42.1
1753881470.672478;3.4;0.5;-0.1;-2.1;-3.42;42.57;4281.6;3658.0;9950.6;9971.6;22.4;59.1;44.6;148.7;-0.21;0.12;-9.92;0.76;0.85;34.89
1753881470.677478;3.1;0.5;-0.1;-2.1;-1.77;36.43;4525.4;5842.2;10010.8;9772.6;18.8;-1.8;20.7;114.7;0.09;0.42;-10.44;1.17;0.01;33.46
1753881470.682479;3.1;0.5;-0.1;-1.9;-3.83;30.53;2613.7;290.8;10036.7;9884.9;-27.7;69.6;54.1;55.8;-0.12;0.28;-10.24;-1.49;0.12;18.46
1753881470.687479;3.1;0.6;-0.1;-2.2;-0.57;34.33;4197.3;1782.8;10132.4;10033.4;-13.4;160.9;46.5;130.7;0.2;-0.1;-10.43;0.85;0.19;46.4
1753881470.692479;3.2;0.5;-0.1;-2.3;-0.82;37.0;-222.4;1759.7;10026.9;10174.9;-97.7;48.1;14.5;148.8;-0.09;0.73;-10.5;1.86;-1.09;32.06
1753881470.697479;3.1;0.3;-0.1;-2.5;-2.02;43.93;-430.9;502.4;9999.3;9923.2;-258.5;163.8;57.8;198.7;-0.17;0.23;-11.25;-1.25;1.79;48.77
1753881470.702479;3.0;0.4;-0.1;-2.2;-0.39;34.28;274.1;3385.3;10097.5;9814.5;-39.9;168.6;19.2;161.1;-0.05;0.2;-10.8;0.9;-1.19;36.82
1753881470.707479;3.2;0.6;-0.1;-2.2;0.07;44.37;808.5;702.8;10104.3;9962.5;-169.8;127.1;16.9;128.2;-0.08;0.88;-10.86;-1.62;6.78;36.88
1753881470.712479;3.2;0.5;-0.1;-2.4;0.33;32.54;5535.4;4720.1;10011.0;9830.9;-107.7;191.1;-33.7;118.4;-0.2;0.63;-9.85;-0.27;0.71;29.47
1753881470.71748;3.1;0.5;-0.1;-2.4;-2.26;43.17;-507.7;1371.5;10246.5;10048.8;-180.0;169.0;18.3;76.1;-0.18;0.52;-11.22;0.99;2.46;33.65
1753881470.72248;3.1;0.5;-0.1;-2.1;-0.38;36.59;22.7;4582.4;10215.3;9888.9;-189.7;191.4;-10.4;130.1;0.2;0.95;-10.37;-0.43;3.71;30.89
1753881470.72748;3.4;0.5;-0.1;-2.5;-0.96;36.76;4219.0;1535.1;10197.7;9768.6;-77.6;17.5;-23.4;42.2;0.38;0.49;-10.93;-0.38;5.33;28.47
1753881470.73248;3.3;0.5;-0.1;-2.3;-1.0;42.41;1634.9;2592.2;10100.6;9886.8;-245.2;274.6;14.0;36.4;0.38;0.72;-9.98;-1.16;2.31;40.14
1753881470.73748;3.5;0.6;-0.1;-2.0;-1.24;45.07;17.8;3690.8;10295.5;9906.5;-216.8;148.1;-2.4;117.8;-0.08;0.61;-10.1;-2.36;0.05;31.31
1753881470.74248;3.4;0.5;-0.1;-2.4;0.45;37.0;1128.3;5304.2;10244.4;10061.7;-142.8;194.9;-45.6;147.4;-0.08;0.03;-10.15;2.48;2.45;24.83
1753881470.74748;3.2;0.5;-0.1;-2.3;-0.01;39.4;89.5;4033.3;10244.8;9773.1;-257.9;222.3;-22.7;102.6;0.14;0.36;-10.67;0.44;1.91;30.93
1753881470.75248;3.2;0.6;-0.1;-2.3;1.15;41.29;4045.7;5501.8;10278.3;10018.9;-246.5;271.5;-60.0;117.5;0.29;0.01;-9.97;-1.17;2.58;24.29
1753881470.75748;3.2;0.6;-0.1;-2.2;1.14;48.17;2622.7;4615.2;10309.4;9703.9;-286.3;166.4;-5.4;85.2;0.23;-0.16;-10.74;-1.85;3.13;24.53
1753881470.76248;3.1;0.4;-0.1;-2.7;-0.69;40.74;895.8;3465.8;10290.8;9919.1;-249.1;162.2;-6.8;103.0;0.59;0.88;-10.48;-1.76;5.82;27.58
1753881470.76748;3.2;0.5;-0.1;-2.7;-0.81;32.16;1597.9;1916.0;10289.0;9938.2;-241.6;207.7;-14.1;180.7;-0.16;0.24;-10.15;-2.33;2.31;27.93
1753881470.772478;3.2;0.5;-0.1;-2.6;-0.3;41.22;2050.0;3266.0;10296.0;9860.0;-273.0;235.0;-51.0;105.0;0.02;0.48;-10.4;-1.6;3.7;27.05
1753881470.777478;3.2;0.6;-0.1;-2.5;-0.25;45.87;176.0;4279.7;10335.7;9570.2;-163.7;240.6;-54.5;155.2;0.65;0.6;-10.32;-0.89;-0.78;34.49
1753881470.782478;3.2;0.5;-0.1;-2.6;-0.3;41.22;2050.0;3266.0;10296.0;9860.0;-273.0;235.0;-51.0;105.0;0.44;0.53;-10.22;1.61;-0.67;32.5
1753881470.787478;3.2;0.5;-0.1;-2.6;-0.3;41.22;2050.0;3266.0;10296.0;9860.0;-273.0;235.0;-51.0;105.0;0.19;0.7;-10.17;4.05;1.9;31.38
1753881470.792478;3.2;0.5;-0.1;-2.6;-0.3;41.22;2050.0;3266.0;10296.0;9860.0;-273.0;235.0;-51.0;105.0;0.61;0.79;-11.07;2.83;-1.35;38.08
1753881470.797478;3.2;0.5;-0.1;-2.6;-0.3;41.22;2050.0;3266.0;10296.0;9860.0;-273.0;235.0;-51.0;105.0;0.53;0.3;-11.2;-0.51;-0.24;26.24
1753881470.802478;3.2;0.5;-0.1;-2.6;-0.3;41.22;2050.0;3266.0;10296.0;9860.0;-273.0;235.0;-51.0;105.0;0.48;0.27;-10.6;0.77;1.11;29.94
1753881470.807478;3.2;0.5;-0.1;-2.6;-0.3;41.22;2050.0;3266.0;10296.0;9860.0;-273.0;235.0;-51.0;105.0;0.57;0.24;-9.8;1.86;0.7;39.78
1753881470.812478;3.2;0.5;-0.1;-2.6;-0.3;41.22;2050.0;3266.0;10296.0;9860.0;-273.0;235.0;-51.0;105.0;0.69;0.35;-10.15;4.57;-2.12;35.56
1753881470.817478;3.2;0.5;-0.1;-2.6;-0.3;41.22;2050.0;3266.0;10296.0;9860.0;-273.0;235.0;-51.0;105.0;0.16;-0.01;-11.26;1.48;-1.8;26.1
1753881470.822478;3.2;0.5;-0.1;-2.6;-0.3;41.22;2050.0;3266.0;10296.0;9860.0;-273.0;235.0;-51.0;105.0;-0.16;0.35;-11.29;0.01;1.49;34.91
1753881470.827478;3.2;0.5;-0.1;-2.6;-0.3;41.22;2050.0;3266.0;10296.0;9860.0;-273.0;235.0;-51.0;105.0;-0.16;0.39;-10.36;0.38;6.22;33.26
1753881470.832478;3.2;0.5;-0.1;-2.6;-0.3;41.22;2050.0;3266.0;10296.0;9860.0;-273.0;235.0;-51.0;105.0;-0.31;0.08;-10.36;-0.57;3.33;29.25
1753881470.837478;3.3;0.6;-0.1;-3.1;-0.17;40.25;1970.3;3114.7;10334.2;9826.8;-231.5;158.1;-88.3;75.2;-0.38;0.23;-9.71;-0.63;6.96;33.66
1753881470.842478;3.3;0.6;-0.1;-2.9;-0.55;40.2;2174.2;3798.4;10140.5;9916.6;-328.1;196.8;-14.8;139.9;-0.15;0.13;-10.01;0.14;5.15;22.65
1753881470.847478;3.3;0.5;-0.1;-2.8;-0.08;41.23;2325.7;3342.2;10304.2;9911.6;-136.1;355.7;-155.3;60.2;-0.49;-0.3;-10.95;-0.93;3.72;33.89
1753881470.852478;3.2;0.6;-0.1;-2.5;-1.11;39.0;2287.5;3304.3;9990.9;9854.2;-336.1;175.0;-36.6;158.1;-0.23;0.05;-11.16;-1.89;1.19;36.41
1753881470.857478;3.3;0.6;-0.1;-2.7;0.23;41.91;1848.8;2877.8;10035.8;9902.5;-274.0;305.6;-91.9;184.4;0.09;-0.04;-11.18;1.23;1.62;29.89
1753881470.862479;3.2;0.6;-0.1;-2.4;-0.65;43.84;2063.7;3286.3;10379.2;9877.1;-78.4;265.0;7.7;165.2;0.07;0.29;-11.45;1.53;1.78;21.18
1753881470.867479;3.2;0.6;-0.1;-3.2;-0.85;39.7;2140.6;2908.6;10445.5;9955.6;-154.8;262.2;-26.8;199.6;-0.27;0.18;-11.45;0.78;3.1;24.5
1753881470.872479;3.3;0.6;-0.1;-2.3;1.2;38.81;2028.5;2948.0;10341.0;9877.3;-113.7;437.0;-92.2;143.9;-0.21;0.65;-10.72;-1.18;3.7;32.83
1753881470.877479;3.2;0.5;-0.1;-2.8;-0.86;38.23;2056.5;2933.4;10213.6;9914.8;-225.0;150.9;-14.4;166.4;0.45;0.07;-11.33;1.14;3.48;20.83
1753881470.882479;3.3;0.6;-0.1;-2.5;0.65;41.0;1833.4;3018.6;10481.4;9935.9;-465.3;175.6;-155.9;170.2;-0.18;-0.0;-11.24;3.13;2.03;33.31
1753881470.887479;3.3;0.6;-0.1;-2.9;-0.01;42.46;1746.8;3761.8;10428.6;9899.3;-390.9;316.1;-31.3;149.7;0.13;0.83;-11.09;-2.09;0.94;36.4
1753881470.89248;3.3;0.6;-0.1;-2.4;0.32;41.86;1858.4;2848.3;10220.9;9998.9;-286.1;327.2;-84.4;182.9;0.08;0.05;-11.98;-1.2;0.39;32.23
1753881470.89748;3.3;0.6;-0.1;-2.3;-1.28;45.19;1789.9;3034.6;10245.7;9907.1;-139.0;210.6;-105.8;203.1;0.39;1.09;-10.89;-2.52;-1.77;24.4
1753881470.90248;3.3;0.6;-0.1;-2.8;0.64;51.57;1972.4;3685.5;10051.8;9969.8;-268.6;80.9;-12.6;167.5;0.23;0.58;-11.05;1.15;0.44;27.13
1753881470.90748;3.3;0.6;-0.1;-2.9;0.49;47.07;1492.4;3344.5;10513.5;9941.2;-309.5;337.7;-12.9;204.5;0.26;0.27;-11.77;2.35;0.9;30.39
1753881470.91248;3.2;0.6;-0.1;-2.5;-0.35;47.03;1799.5;3112.3;10455.9;10022.6;-319.3;389.1;9.4;281.6;-0.1;0.41;-10.93;-2.09;-1.43;25.35
1753881470.91748;3.4;0.6;-0.1;-3.1;-0.38;48.45;2263.2;2951.4;10100.5;9937.4;-400.6;460.2;-51.1;190.4;0.25;0.81;-11.03;2.94;2.59;23.65
1753881470.92248;3.3;0.7;-0.1;-2.5;-0.27;47.95;2063.4;3653.6;10320.2;10033.4;-141.7;372.1;-122.9;223.0;0.39;0.09;-11.26;0.56;0.23;31.11
1753881470.92748;3.3;0.6;-0.1;-2.6;-0.16;44.94;1805.3;3090.4;10363.0;10014.1;-276.7;274.1;-44.9;231.4;0.24;0.43;-11.39;2.28;0.61;27.55
1753881470.93248;3.3;0.5;-0.1;-2.9;0.87;40.71;2092.4;2837.6;9820.4;10013.4;-299.8;409.2;-29.5;195.6;0.0;0.03;-10.98;0.85;1.6;16.91
1753881470.93748;3.2;0.6;-0.1;-2.6;0.1;50.3;1940.5;3340.0;10048.6;10031.1;-310.3;329.0;-23.7;261.2;1.05;0.53;-11.48;-2.0;1.36;30.86
1753881470.94248;3.3;0.6;-0.1;-2.8;0.27;46.17;1921.1;3321.8;10275.6;10024.4;-239.0;380.7;-69.9;239.0;0.13;-0.12;-11.32;1.32;2.99;28.73
1753881470.947481;3.3;0.6;-0.1;-2.7;0.4;47.83;2106.4;3144.8;10319.0;10014.7;-559.5;420.1;30.7;250.1;0.21;0.39;-11.57;4.1;-0.69;25.68
1753881470.952478;3.3;0.6;-0.1;-2.6;0.23;48.06;2003.0;3046.0;10023.0;10033.0;-312.0;325.0;-63.0;237.0;0.42;0.57;-11.37;1.0;0.54;24.67
1753881470.957478;3.3;0.6;-0.1;-2.6;0.23;48.06;2003.0;3046.0;10023.0;10033.0;-312.0;325.0;-63.0;237.0;-0.44;1.1;-9.76;2.38;-2.8;48.76
1753881470.962478;3.3;0.6;-0.1;-2.6;0.23;48.06;2003.0;3046.0;10023.0;10033.0;-312.0;325.0;-63.0;237.0;-0.28;0.95;-8.63;2.38;2.07;26.74
1753881470.967478;3.3;0.6;-0.1;-2.6;0.23;48.06;2003.0;3046.0;10023.0;10033.0;-312.0;325.0;-63.0;237.0;-0.04;0.68;-7.43;-1.05;2.22;25.29
1753881470.972478;3.3;0.6;-0.1;-2.6;0.23;48.06;2003.0;3046.0;10023.0;10033.0;-312.0;325.0;-63.0;237.0;-0.29;0.82;-9.42;3.26;-6.85;40.16
1753881470.977478;3.3;0.6;-0.1;-2.6;0.23;48.06;2003.0;3046.0;10023.0;10033.0;-312.0;325.0;-63.0;237.0;-1.27;0.34;-10.75;-0.5;1.72;21.48
1753881470.982478;3.3;0.6;-0.1;-2.6;0.23;48.06;2003.0;3046.0;10023.0;10033.0;-312.0;325.0;-63.0;237.0;-1.19;0.98;-10.5;-3.47;2.12;31.81
1753881470.987478;3.3;0.6;-0.1;-2.6;0.23;48.06;2003.0;3046.0;10023.0;10033.0;-312.0;325.0;-63.0;237.0;-0.62;1.71;-12.31;5.5;-7.85;39.49
1753881470.992478;3.3;0.6;-0.1;-2.6;0.23;48.06;2003.0;3046.0;10023.0;10033.0;-312.0;325.0;-63.0;237.0;-0.04;1.04;-11.56;2.08;-9.38;35.59
1753881470.997478;3.3;0.6;-0.1;-2.6;0.23;48.06;2003.0;3046.0;10023.0;10033.0;-312.0;325.0;-63.0;237.0;-0.69;0.18;-8.95;-3.74;4.28;17.73
1753881471.002478;3.3;0.6;-0.1;-2.6;0.23;48.06;2003.0;3046.0;10023.0;10033.0;-312.0;325.0;-63.0;237.0;-1.0;1.86;-7.52;8.4;11.97;31.41
1753881471.007478;3.3;0.6;-0.1;-2.6;0.23;48.06;2003.0;3046.0;10023.0;10033.0;-312.0;325.0;-63.0;237.0;-0.41;1.34;-9.65;-0.36;2.78;49.07
1753881471.012478;3.3;0.6;-0.1;-2.6;0.23;48.06;2003.0;3046.0;10023.0;10033.0;-312.0;325.0;-63.0;237.0;-0.75;0.06;-11.58;-4.57;4.79;7.69
1753881471.017478;3.3;0.6;-0.1;-2.6;0.23;48.06;2003.0;3046.0;10023.0;10033.0;-312.0;325.0;-63.0;237.0;-0.26;1.04;-12.13;1.86;-1.33;27.01
1753881471.022478;3.3;0.6;-0.1;-2.6;0.23;48.06;2003.0;3046.0;10023.0;10033.0;-312.0;325.0;-63.0;237.0;0.7;1.49;-12.04;2.68;-5.11;43.67
1753881471.027478;3.3;0.6;-0.1;-2.6;0.23;48.06;2003.0;3046.0;10023.0;10033.0;-312.0;325.0;-63.0;237.0;-0.61;0.76;-9.84;-0.05;4.74;29.42
1753881471.032478;3.3;0.6;-0.1;-2.6;0.23;48.06;2003.0;3046.0;10023.0;10033.0;-312.0;325.0;-63.0;237.0;0.22;0.85;-9.27;-0.74;3.99;18.59
1753881471.037478;3.3;0.6;-0.1;-2.6;0.23;48.06;2003.0;3046.0;10023.0;10033.0;-312.0;325.0;-63.0;237.0;0.69;1.31;-10.48;0.81;-5.08;50.88
1753881471.042478;3.3;0.6;-0.1;-2.6;0.23;48.06;2003.0;3046.0;10023.0;10033.0;-312.0;325.0;-63.0;237.0;-0.55;0.61;-10.33;1.52;1.77;28.58
1753881471.047478;3.3;0.6;-0.1;-2.6;0.23;48.06;2003.0;3046.0;10023.0;10033.0;-312.0;325.0;-63.0;237.0;-0.5;0.68;-10.64;-0.95;4.5;12.74
1753881471.052478;3.3;0.6;-0.1;-2.6;0.23;48.06;2003.0;3046.0;10023.0;10033.0;-312.0;325.0;-63.0;237.0;1.26;2.34;-11.44;-0.04;-7.2;54.59
1753881471.057478;3.3;0.6;-0.1;-2.6;0.23;48.06;2003.0;3046.0;10023.0;10033.0;-312.0;325.0;-63.0;237.0;1.11;0.74;-11.81;-2.44;-5.66;40.49
1753881471.062478;3.3;0.6;-0.1;-2.6;0.23;48.06;2003.0;3046.0;10023.0;10033.0;-312.0;325.0;-63.0;237.0;-0.13;0.34;-9.96;0.64;6.41;12.92
1753881471.067478;3.3;0.7;-0.1;-2.7;0.24;48.57;1812.6;3076.9;9965.7;10023.2;-345.9;246.5;-38.4;181.7;-0.55;0.88;-7.89;-1.32;0.27;-0.74
1753881471.072478;3.3;0.6;-0.1;-2.7;0.27;50.83;1956.2;3330.5;9956.1;10036.6;-241.6;275.0;-64.4;238.1;0.44;0.08;-9.43;-3.14;8.02;5.4
1753881471.077478;3.3;0.7;-0.1;-2.7;0.27;49.21;1838.7;3275.1;10013.8;10031.1;-352.6;232.0;-44.1;176.5;0.08;0.86;-10.06;1.61;11.33;18.41
1753881471.082478;3.3;0.7;-0.1;-2.7;0.38;49.35;1916.2;3058.1;9968.2;10015.0;-197.0;216.1;-46.9;184.3;-1.4;0.41;-13.13;-1.76;-1.01;13.92
1753881471.087479;3.3;0.7;-0.1;-2.8;0.41;48.62;1853.7;2831.5;9859.1;10022.9;-220.6;256.0;-39.7;195.7;-1.07;-0.1;-9.75;-1.32;-5.52;19.3
1753881471.092479;3.3;0.6;-0.1;-2.8;0.39;50.79;1726.0;3201.7;9869.2;9973.4;-183.1;135.7;-43.7;121.8;-0.32;1.23;-11.74;-4.06;3.02;45.15
1753881471.097479;3.4;0.7;-0.1;-2.7;0.32;50.7;1466.2;3293.3;9904.8;10013.7;-208.3;118.1;-47.4;119.7;-0.74;1.0;-12.73;-5.43;-2.63;13.26
1753881471.102479;3.4;0.7;-0.1;-2.8;0.46;52.09;1736.3;3220.4;9960.0;10018.4;-320.0;272.2;-2.1;177.8;0.74;0.84;-12.02;-0.56;5.2;29.96
1753881471.107479;3.3;0.7;-0.1;-2.9;0.57;49.68;1712.6;3595.4;9877.0;9975.1;-128.0;236.9;-10.4;150.8;0.65;1.89;-13.05;-4.33;10.31;50.91
1753881471.112479;3.3;0.7;-0.1;-2.7;0.38;52.8;1531.1;3556.1;9945.3;9979.8;-172.0;27.1;-9.5;164.1;0.44;0.59;-11.8;-6.92;-4.05;24.41
1753881471.117479;3.4;0.7;-0.1;-2.8;0.5;53.96;1712.8;3522.5;9830.0;9984.1;-249.2;51.3;-34.7;138.8;-0.01;0.8;-12.91;2.65;5.31;36.32
1753881471.12248;3.4;0.7;-0.1;-2.9;0.32;51.34;1633.2;3432.3;9799.9;9974.8;-64.4;172.0;-34.5;167.6;0.53;0.85;-9.08;-3.48;3.11;13.97
1753881471.12748;3.4;0.7;-0.1;-2.9;0.52;52.05;1576.3;4042.3;9898.9;9996.6;-233.9;98.2;-18.5;131.3;-0.91;1.51;-13.28;-6.78;-3.97;17.83
1753881471.13248;3.4;0.7;-0.1;-2.9;0.52;53.69;1522.9;3910.0;9801.1;9992.0;-79.6;85.0;-15.6;140.9;-0.13;0.6;-12.4;-0.26;-5.15;35.59
1753881471.137478;3.4;0.7;-0.1;-2.9;0.54;53.95;1426.0;3780.0;9793.0;9960.0;-91.0;55.0;-7.0;115.0;-0.27;1.03;-11.97;-4.46;1.61;37.21
1753881471.142478;3.4;0.7;-0.1;-2.9;0.54;53.95;1426.0;3780.0;9793.0;9960.0;-91.0;55.0;-7.0;115.0;-0.94;0.27;-12.88;2.35;1.49;21.83
1753881471.147478;3.4;0.7;-0.1;-2.9;0.54;53.95;1426.0;3780.0;9793.0;9960.0;-91.0;55.0;-7.0;115.0;-0.24;0.98;-12.64;2.22;1.38;37.19
1753881471.152478;3.4;0.7;-0.1;-2.9;0.54;53.95;1426.0;3780.0;9793.0;9960.0;-91.0;55.0;-7.0;115.0;-0.03;1.39;-11.4;-1.11;-2.02;40.58
1753881471.157478;3.4;0.7;-0.1;-2.9;0.54;53.95;1426.0;3780.0;9793.0;9960.0;-91.0;55.0;-7.0;115.0;-0.84;0.6;-10.3;-0.47;-1.07;26.9
1753881471.162478;3.4;0.7;-0.1;-2.9;0.54;53.95;1426.0;3780.0;9793.0;9960.0;-91.0;55.0;-7.0;115.0;-0.31;1.25;-9.64;1.14;-1.13;29.75
1753881471.167478;3.4;0.7;-0.1;-2.9;0.54;53.95;1426.0;3780.0;9793.0;9960.0;-91.0;55.0;-7.0;115.0;-1.12;1.67;-10.29;0.7;-1.27;40.7
1753881471.172478;3.4;0.7;-0.1;-2.9;0.54;53.95;1426.0;3780.0;9793.0;9960.0;-91.0;55.0;-7.0;115.0;-1.38;1.17;-11.61;-0.17;0.7;24.77
1753881471.177478;3.4;0.7;-0.1;-2.9;0.54;53.95;1426.0;3780.0;9793.0;9960.0;-91.0;55.0;-7.0;115.0;-0.58;1.67;-11.84;-0.2;-5.73;33.5
1753881471.182478;3.4;0.7;-0.1;-2.9;0.54;53.95;1426.0;3780.0;9793.0;9960.0;-91.0;55.0;-7.0;115.0;-1.04;1.73;-12.09;1.04;-2.66;42.13
1753881471.187478;3.4;0.7;-0.1;-2.9;0.54;53.95;1426.0;3780.0;9793.0;9960.0;-91.0;55.0;-7.0;115.0;-1.47;1.16;-10.22;3.01;6.42;23.36
1753881471.192478;3.4;0.7;-0.1;-2.9;0.54;53.95;1426.0;3780.0;9793.0;9960.0;-91.0;55.0;-7.0;115.0;-0.87;1.03;-9.98;-1.59;3.06;23.12
1753881471.197478;3.4;0.7;-0.1;-2.9;0.54;53.95;1426.0;3780.0;9793.0;9960.0;-91.0;55.0;-7.0;115.0;0.36;1.38;-10.25;-1.2;-5.32;41.35
1753881471.202478;3.4;0.7;-0.1;-2.9;0.54;53.95;1426.0;3780.0;9793.0;9960.0;-91.0;55.0;-7.0;115.0;0.89;1.11;-10.4;2.52;-1.19;29.57
1753881471.207478;3.4;0.7;-0.1;-2.9;0.54;53.95;1426.0;3780.0;9793.0;9960.0;-91.0;55.0;-7.0;115.0;-0.21;0.79;-10.88;1.38;3.32;19.56
1753881471.212478;3.4;0.7;-0.1;-2.9;0.54;53.95;1426.0;3780.0;9793.0;9960.0;-91.0;55.0;-7.0;115.0;0.02;1.5;-10.91;-0.44;-2.96;44.67
1753881471.217478;3.4;0.7;-0.1;-2.9;0.54;53.95;1426.0;3780.0;9793.0;9960.0;-91.0;55.0;-7.0;115.0;0.45;0.97;-10.77;1.33;-2.88;32.92
1753881471.222478;3.4;0.7;-0.1;-2.9;0.54;53.95;1426.0;3780.0;9793.0;9960.0;-91.0;55.0;-7.0;115.0;0.37;0.47;-10.62;1.24;3.08;19.14
1753881471.227478;3.4;0.7;-0.1;-2.9;0.54;53.95;1426.0;3780.0;9793.0;9960.0;-91.0;55.0;-7.0;115.0;0.51;0.77;-10.05;-0.09;0.57;38.42
1753881471.232478;3.4;0.7;-0.1;-2.9;0.54;53.95;1426.0;3780.0;9793.0;9960.0;-91.0;55.0;-7.0;115.0;0.94;0.7;-9.41;-4.3;2.72;42.7
1753881471.237478;3.4;0.7;-0.1;-2.9;0.54;53.95;1426.0;3780.0;9793.0;9960.0;-91.0;55.0;-7.0;115.0;1.01;0.13;-9.23;1.39;2.66;36.07
1753881471.242478;3.4;0.7;-0.1;-2.9;0.54;53.95;1426.0;3780.0;9793.0;9960.0;-91.0;55.0;-7.0;115.0;1.36;-0.4;-9.59;-0.49;-3.25;45.54
1753881471.247478;3.4;0.7;-0.1;-2.9;0.54;53.95;1426.0;3780.0;9793.0;9960.0;-91.0;55.0;-7.0;115.0;-0.07;0.93;-9.28;1.02;4.02;44.78
1753881471.252478;3.4;0.7;-0.1;-2.9;0.54;53.95;1426.0;3780.0;9793.0;9960.0;-91.0;55.0;-7.0;115.0;-0.83;0.54;-11.04;0.03;-1.14;45.78
1753881471.257479;3.4;0.7;-0.1;-2.9;0.54;53.95;1426.0;3780.0;9793.0;9960.0;-91.0;55.0;-7.0;115.0;0.52;0.93;-8.72;4.26;2.43;41.52
1753881471.262479;3.4;0.7;-0.1;-2.9;0.54;53.95;1426.0;3780.0;9793.0;9960.0;-91.0;55.0;-7.0;115.0;0.56;0.75;-11.2;-2.86;-4.02;29.84
1753881471.267479;3.4;0.7;-0.1;-2.9;0.54;53.95;1426.0;3780.0;9793.0;9960.0;-91.0;55.0;-7.0;115.0;0.09;0.64;-9.98;2.24;-5.31;45.48
1753881471.272479;3.4;0.7;-0.1;-2.9;0.54;53.95;1426.0;3780.0;9793.0;9960.0;-91.0;55.0;-7.0;115.0;0.17;0.34;-9.79;4.06;-2.77;36.73
1753881471.277479;3.4;0.7;-0.1;-2.9;0.54;53.95;1426.0;3780.0;9793.0;9960.0;-91.0;55.0;-7.0;115.0;0.99;0.64;-10.8;1.21;-2.51;34.44
1753881471.282479;3.4;0.7;-0.1;-2.9;0.54;53.95;1426.0;3780.0;9793.0;9960.0;-91.0;55.0;-7.0;115.0;-0.21;0.32;-10.14;-0.06;-2.21;31.46
1753881471.28748;3.4;0.7;-0.1;-2.9;0.54;53.95;1426.0;3780.0;9793.0;9960.0;-91.0;55.0;-7.0;115.0;-0.24;0.36;-9.63;-1.2;0.78;41.34
1753881471.29248;3.4;0.7;-0.1;-2.9;0.54;53.95;1426.0;3780.0;9793.0;9960.0;-91.0;55.0;-7.0;115.0;0.73;0.15;-12.37;0.67;-7.26;29.95
1753881471.29748;3.4;0.7;-0.1;-2.9;0.54;53.95;1426.0;3780.0;9793.0;9960.0;-91.0;55.0;-7.0;115.0;1.29;0.35;-11.83;-0.5;-8.68;18.31
1753881471.30248;3.4;0.7;-0.1;-2.9;0.54;53.95;1426.0;3780.0;9793.0;9960.0;-91.0;55.0;-7.0;115.0;0.31;-0.0;-8.76;5.68;1.58;32.65
1753881471.30748;3.4;0.7;-0.1;-2.9;0.54;53.95;1426.0;3780.0;9793.0;9960.0;-91.0;55.0;-7.0;115.0;-0.41;-0.65;-11.58;2.17;3.4;46.78
1753881471.31248;3.4;0.7;-0.1;-2.9;0.54;53.95;1426.0;3780.0;9793.0;9960.0;-91.0;55.0;-7.0;115.0;0.89;-0.09;-10.88;4.36;1.59;64.91
1753881471.31748;3.4;0.7;-0.1;-2.9;0.54;53.95;1426.0;3780.0;9793.0;9960.0;-91.0;55.0;-7.0;115.0;0.51;0.05;-10.39;1.97;-1.36;47.41
1753881471.32248;3.4;0.7;-0.1;-2.9;0.54;53.95;1426.0;3780.0;9793.0;9960.0;-91.0;55.0;-7.0;115.0;-0.95;0.44;-10.6;0.92;-3.03;53.93
1753881471.32748;3.4;0.7;-0.1;-2.9;0.54;53.95;1426.0;3780.0;9793.0;9960.0;-91.0;55.0;-7.0;115.0;0.06;1.06;-11.11;1.49;-1.58;41.5
1753881471.332478;3.4;0.7;-0.1;-2.9;0.54;53.95;1426.0;3780.0;9793.0;9960.0;-91.0;55.0;-7.0;115.0;-0.11;0.3;-10.84;2.58;-2.39;41.52
1753881471.337478;3.4;0.7;-0.1;-2.9;0.54;53.95;1426.0;3780.0;9793.0;9960.0;-91.0;55.0;-7.0;115.0;-0.51;-0.41;-10.85;1.39;3.94;5.8
1753881471.342478;3.4;0.7;-0.1;-2.9;0.54;53.95;1426.0;3780.0;9793.0;9960.0;-91.0;55.0;-7.0;115.0;-1.49;0.0;-11.38;-0.6;-1.75;42.89
1753881471.347478;3.4;0.7;-0.1;-2.9;0.54;53.95;1426.0;3780.0;9793.0;9960.0;-91.0;55.0;-7.0;115.0;-0.84;0.07;-11.05;0.6;-6.14;49.69
1753881471.352478;3.4;0.7;-0.1;-2.9;0.54;53.95;1426.0;3780.0;9793.0;9960.0;-91.0;55.0;-7.0;115.0;-0.37;-0.23;-11.19;1.8;-4.09;15.21
1753881471.357478;3.4;0.7;-0.1;-2.9;0.54;53.95;1426.0;3780.0;9793.0;9960.0;-91.0;55.0;-7.0;115.0;-0.61;0.38;-11.54;-5.1;-2.01;39.36
1753881471.362478;3.4;0.7;-0.1;-2.9;0.54;53.95;1426.0;3780.0;9793.0;9960.0;-91.0;55.0;-7.0;115.0;-0.21;-0.81;-9.53;-1.48;9.36;34.67
1753881471.367478;3.4;0.7;-0.1;-2.9;0.54;53.95;1426.0;3780.0;9793.0;9960.0;-91.0;55.0;-7.0;115.0;0.41;-0.17;-8.62;6.55;5.96;28.77
1753881471.372478;3.4;0.7;-0.1;-2.9;0.54;53.95;1426.0;3780.0;9793.0;9960.0;-91.0;55.0;-7.0;115.0;-0.75;0.37;-10.36;-3.12;-2.25;29.12
1753881471.377478;3.4;0.7;-0.1;-2.9;0.54;53.95;1426.0;3780.0;9793.0;9960.0;-91.0;55.0;-7.0;115.0;-0.37;0.26;-10.93;-0.22;-1.22;30.77
1753881471.382478;3.4;0.7;-0.1;-2.9;0.54;53.95;1426.0;3780.0;9793.0;9960.0;-91.0;55.0;-7.0;115.0;0.82;-0.01;-10.67;2.67;0.6;26.77
1753881471.387478;3.4;0.7;-0.1;-2.9;0.54;53.95;1426.0;3780.0;9793.0;9960.0;-91.0;55.0;-7.0;115.0;0.39;0.42;-9.93;0.88;0.25;36.12
1753881471.392478;3.4;0.7;-0.1;-2.9;0.54;53.95;1426.0;3780.0;9793.0;9960.0;-91.0;55.0;-7.0;115.0;0.53;1.42;-10.19;0.79;-2.85;41.34
1753881471.397478;3.4;0.7;-0.1;-2.9;0.54;53.95;1426.0;3780.0;9793.0;9960.0;-91.0;55.0;-7.0;115.0;0.96;0.71;-10.92;1.96;-4.21;19.92
1753881471.402478;3.4;0.7;-0.1;-2.9;0.54;53.95;1426.0;3780.0;9793.0;9960.0;-91.0;55.0;-7.0;115.0;1.62;1.14;-10.23;2.57;-8.93;39.55
1753881471.407478;3.4;0.7;-0.1;-2.9;0.54;53.95;1426.0;3780.0;9793.0;9960.0;-91.0;55.0;-7.0;115.0;0.48;1.42;-10.32;4.18;-4.16;34.71
1753881471.412478;3.4;0.7;-0.1;-2.9;0.54;53.95;1426.0;3780.0;9793.0;9960.0;-91.0;55.0;-7.0;115.0;0.54;0.55;-10.32;-3.22;-0.99;36.65
1753881471.417478;3.3;0.7;-0.1;-2.9;0.67;60.89;1470.4;3745.7;9815.2;9966.3;-98.3;5.8;-17.4;138.9;0.65;0.45;-9.99;-7.15;-1.57;52.15
1753881471.422478;3.4;0.7;-0.1;-2.9;0.59;54.97;1520.6;3820.6;9941.0;9955.8;-96.8;76.1;14.1;200.1;1.24;0.6;-10.04;-4.24;1.69;30.1
1753881471.427478;3.4;0.7;-0.1;-2.9;0.6;53.51;1535.2;3772.9;9722.9;9956.1;-173.9;121.8;-26.0;141.0;0.62;0.17;-11.11;-2.88;0.88;27.92
1753881471.432478;3.4;0.7;-0.1;-2.9;0.64;55.11;1486.1;3637.1;9898.3;9958.1;-124.0;14.6;-88.1;12.2;-0.38;0.95;-10.9;-5.08;1.32;35.41
1753881471.437478;3.4;0.8;-0.1;-2.9;0.86;57.14;1546.7;3776.5;9844.4;9957.4;-138.3;120.5;5.9;169.4;-0.28;0.28;-10.81;-7.0;-2.9;40.64
1753881471.442479;3.4;0.8;-0.1;-2.9;0.78;58.98;1378.1;3688.0;9834.1;9951.7;-125.6;76.8;-104.8;206.0;0.82;0.63;-10.37;-0.76;-0.36;46.06
1753881471.447479;3.4;0.7;-0.1;-2.9;0.8;57.63;1571.5;3627.7;9833.7;9959.7;-117.9;104.5;-83.5;213.4;-0.2;-0.2;-10.6;-1.63;5.11;26.79
1753881471.452479;3.4;0.8;-0.1;-2.9;0.85;56.87;1626.3;3625.7;10009.8;9947.4;-225.8;153.2;-53.2;192.0;-0.01;0.13;-10.44;2.8;-6.04;34.78
1753881471.457479;3.5;0.8;-0.1;-2.8;0.83;61.31;1634.7;3551.0;9870.4;9943.6;-140.6;117.8;-34.2;106.8;0.02;-0.38;-10.67;-4.46;-0.61;23.4
1753881471.462479;3.4;0.7;-0.1;-2.9;0.59;61.35;1608.3;3650.9;10009.4;9955.2;-122.0;164.6;-150.5;142.8;0.41;-0.79;-10.34;2.62;0.65;7.32
1753881471.467479;3.4;0.8;-0.1;-2.9;1.16;59.25;1735.4;3590.0;9824.7;9945.1;-186.7;150.4;-79.9;142.4;0.24;0.92;-8.94;-4.22;5.41;20.92
1753881471.472479;3.4;0.8;-0.1;-2.8;1.17;67.31;1629.9;3630.3;9829.3;9940.1;-123.5;201.5;-43.0;190.8;-0.12;-0.16;-10.07;-2.51;0.16;22.77
1753881471.47748;3.5;0.8;-0.1;-2.8;0.93;61.64;1714.1;3540.1;9928.5;9951.1;-182.0;119.0;-88.9;209.1;-0.42;0.31;-9.98;-1.89;-1.47;29.57
1753881471.48248;3.4;0.8;-0.1;-2.8;1.07;60.87;1605.1;3634.7;9955.7;9950.1;-179.3;139.3;-115.1;210.3;0.08;-0.74;-10.86;0.93;-4.34;17.28
1753881471.48748;3.4;0.9;-0.1;-2.8;1.41;64.94;1569.1;3643.8;9948.0;9938.8;-274.1;215.6;-86.4;288.7;1.63;-0.81;-12.04;-1.2;-2.72;32.71
1753881471.49248;3.5;0.9;-0.1;-2.8;1.26;64.13;1722.1;3454.4;9924.1;9940.9;-254.2;195.3;-60.7;231.4;0.28;0.63;-10.92;-0.47;7.21;14.66
1753881471.49748;3.5;0.9;-0.1;-2.9;1.06;61.66;1662.6;3653.7;9930.9;9934.7;-188.5;251.8;-70.8;238.5;-1.04;0.59;-10.69;1.88;-5.33;21.5
1753881471.50248;3.5;0.8;-0.1;-2.8;1.52;67.93;1657.6;3417.0;9919.1;9947.1;-221.0;232.2;-167.3;339.5;1.08;-0.25;-11.3;-1.02;5.23;-0.98
1753881471.50748;3.5;0.9;-0.1;-2.8;1.23;64.76;1839.1;3553.3;9856.3;9935.9;-215.4;171.7;-77.0;318.4;-0.68;-0.2;-10.68;-1.5;-5.57;21.93
1753881471.51248;3.4;0.9;-0.1;-2.8;1.46;64.82;1826.1;3547.9;9997.9;9947.8;-249.0;308.6;-117.1;256.7;0.76;0.24;-10.22;-1.53;-2.73;30.48
1753881471.51748;3.5;0.8;-0.1;-2.8;1.11;63.23;1734.4;3513.4;9999.9;9934.7;-298.9;210.6;-148.9;333.0;0.69;-0.09;-11.66;-3.01;-0.13;29.15
1753881471.52248;3.5;0.9;-0.1;-2.8;1.41;63.82;1957.6;3498.3;9963.4;9933.2;-206.2;280.3;-94.5;316.1;-0.49;0.41;-11.08;1.16;2.6;24.11
1753881471.52748;3.5;1.0;-0.1;-2.8;1.33;71.82;1917.4;3469.5;9999.6;9936.2;-276.4;251.8;-177.3;350.0;0.24;0.3;-11.03;1.02;4.41;24.95
1753881471.532478;3.5;0.9;-0.1;-2.8;1.42;67.99;1820.0;3476.0;10043.0;9933.0;-273.0;252.0;-157.0;319.0;-0.11;-0.02;-11.22;0.26;0.86;23.37
1753881471.537478;3.5;0.9;-0.1;-2.8;1.42;67.99;1820.0;3476.0;10043.0;9933.0;-273.0;252.0;-157.0;319.0;0.37;0.15;-10.72;-1.25;1.89;32.34
1753881471.542478;3.5;0.9;-0.1;-2.8;1.42;67.99;1820.0;3476.0;10043.0;9933.0;-273.0;252.0;-157.0;319.0;-0.14;0.1;-10.38;-1.54;3.24;40.36
1753881471.547478;3.5;0.9;-0.1;-2.8;1.42;67.99;1820.0;3476.0;10043.0;9933.0;-273.0;252.0;-157.0;319.0;-0.25;-0.01;-10.56;1.09;2.99;28.37
1753881471.552478;3.5;0.9;-0.1;-2.8;1.42;67.99;1820.0;3476.0;10043.0;9933.0;-273.0;252.0;-157.0;319.0;0.35;0.14;-10.62;0.51;-0.99;28.35
1753881471.557478;3.5;0.9;-0.1;-2.8;1.42;67.99;1820.0;3476.0;10043.0;9933.0;-273.0;252.0;-157.0;319.0;0.0;0.3;-10.38;-0.19;-1.85;37.28
1753881471.562478;3.5;0.9;-0.1;-2.8;1.42;67.99;1820.0;3476.0;10043.0;9933.0;-273.0;252.0;-157.0;319.0;-0.54;0.04;-9.91;1.99;1.79;33.63
1753881471.567478;3.5;0.9;-0.1;-2.8;1.42;67.99;1820.0;3476.0;10043.0;9933.0;-273.0;252.0;-157.0;319.0;0.01;0.06;-10.08;0.91;1.1;29.28
1753881471.572478;3.5;0.9;-0.1;-2.8;1.42;67.99;1820.0;3476.0;10043.0;9933.0;-273.0;252.0;-157.0;319.0;0.23;0.66;-10.9;0.69;-2.26;36.56
1753881471.577478;3.5;0.9;-0.1;-2.8;1.42;67.99;1820.0;3476.0;10043.0;9933.0;-273.0;252.0;-157.0;319.0;-0.46;0.35;-11.09;0.9;0.64;31.46
1753881471.582478;3.5;0.9;-0.1;-2.8;1.42;67.99;1820.0;3476.0;10043.0;9933.0;-273.0;252.0;-157.0;319.0;-0.18;0.29;-10.38;1.02;1.4;31.34
1753881471.587478;3.5;0.9;-0.1;-2.8;1.42;67.99;1820.0;3476.0;10043.0;9933.0;-273.0;252.0;-157.0;319.0;0.17;0.77;-10.23;0.24;-0.87;36.56
1753881471.592478;3.5;0.9;-0.1;-2.8;1.42;67.99;1820.0;3476.0;10043.0;9933.0;-273.0;252.0;-157.0;319.0;-0.38;0.73;-11.01;0.79;-0.67;31.77
1753881471.597478;3.5;0.9;-0.1;-2.8;1.42;67.99;1820.0;3476.0;10043.0;9933.0;-273.0;252.0;-157.0;319.0;-0.19;0.61;-11.28;0.4;1.38;28.65
1753881471.602478;3.5;0.9;-0.1;-2.8;1.42;67.99;1820.0;3476.0;10043.0;9933.0;-273.0;252.0;-157.0;319.0;0.17;0.8;-10.29;0.31;2.9;32.85
1753881471.607478;3.5;0.9;-0.1;-2.8;1.42;67.99;1820.0;3476.0;10043.0;9933.0;-273.0;252.0;-157.0;319.0;-0.12;0.99;-10.34;2.47;1.54;34.05
1753881471.612478;3.5;0.9;-0.1;-2.8;1.42;67.99;1820.0;3476.0;10043.0;9933.0;-273.0;252.0;-157.0;319.0;-0.16;0.68;-11.08;-0.06;-0.57;27.59
1753881471.617478;3.5;0.9;-0.1;-2.8;1.42;67.99;1820.0;3476.0;10043.0;9933.0;-273.0;252.0;-157.0;319.0;0.29;0.83;-10.99;0.28;-1.54;29.12
1753881471.622478;3.5;0.9;-0.1;-2.8;1.42;67.99;1820.0;3476.0;10043.0;9933.0;-273.0;252.0;-157.0;319.0;0.0;1.14;-10.44;2.09;-0.11;33.11
1753881471.627478;3.5;0.9;-0.1;-2.8;1.42;67.99;1820.0;3476.0;10043.0;9933.0;-273.0;252.0;-157.0;319.0;-0.19;0.9;-10.02;2.31;1.25;34.36
1753881471.632478;3.5;0.9;-0.1;-2.8;1.42;67.99;1820.0;3476.0;10043.0;9933.0;-273.0;252.0;-157.0;319.0;0.08;0.9;-10.68;0.68;0.02;31.89
1753881471.637478;3.5;0.9;-0.1;-2.8;1.42;67.99;1820.0;3476.0;10043.0;9933.0;-273.0;252.0;-157.0;319.0;0.08;0.73;-10.8;-0.25;-0.67;31.92
1753881471.642478;3.5;0.9;-0.1;-2.8;1.42;67.99;1820.0;3476.0;10043.0;9933.0;-273.0;252.0;-157.0;319.0;0.26;1.14;-10.45;0.74;2.17;31.76
1753881471.647478;3.5;0.9;-0.1;-2.8;1.42;67.99;1820.0;3476.0;10043.0;9933.0;-273.0;252.0;-157.0;319.0;0.3;1.22;-10.5;1.63;-0.8;31.64
1753881471.652479;3.5;0.9;-0.1;-2.8;1.42;67.99;1820.0;3476.0;10043.0;9933.0;-273.0;252.0;-157.0;319.0;-0.31;1.4;-10.53;0.86;-1.84;31.31
1753881471.657479;3.5;0.9;-0.1;-2.8;1.42;67.99;1820.0;3476.0;10043.0;9933.0;-273.0;252.0;-157.0;319.0;-0.03;1.1;-11.07;0.66;0.67;44.06
1753881471.662479;3.5;0.9;-0.1;-2.8;1.42;67.99;1820.0;3476.0;10043.0;9933.0;-273.0;252.0;-157.0;319.0;0.2;1.6;-10.22;1.5;-0.92;38.45
1753881471.667479;3.5;0.9;-0.1;-2.8;1.42;67.99;1820.0;3476.0;10043.0;9933.0;-273.0;252.0;-157.0;319.0;0.1;0.72;-9.86;-0.16;-5.42;36.65
1753881471.672479;3.5;0.9;-0.1;-2.8;1.42;67.99;1820.0;3476.0;10043.0;9933.0;-273.0;252.0;-157.0;319.0;0.47;0.63;-10.71;1.02;1.32;45.11
1753881471.677479;3.5;0.9;-0.1;-2.8;1.42;67.99;1820.0;3476.0;10043.0;9933.0;-273.0;252.0;-157.0;319.0;0.25;1.08;-10.75;1.94;-1.89;39.05
1753881471.68248;3.5;0.9;-0.1;-2.8;1.42;67.99;1820.0;3476.0;10043.0;9933.0;-273.0;252.0;-157.0;319.0;0.07;1.6;-10.52;1.73;-1.14;36.98
1753881471.68748;3.5;0.9;-0.1;-2.8;1.42;67.99;1820.0;3476.0;10043.0;9933.0;-273.0;252.0;-157.0;319.0;0.15;1.43;-10.38;1.92;-3.75;38.82
1753881471.69248;3.5;0.9;-0.1;-2.8;1.42;67.99;1820.0;3476.0;10043.0;9933.0;-273.0;252.0;-157.0;319.0;0.26;0.88;-10.63;0.78;-1.17;40.66
1753881471.69748;3.5;0.9;-0.1;-2.8;1.42;67.99;1820.0;3476.0;10043.0;9933.0;-273.0;252.0;-157.0;319.0;0.62;1.35;-10.24;-0.01;-0.37;37.18
1753881471.70248;3.5;0.9;-0.1;-2.8;1.42;67.99;1820.0;3476.0;10043.0;9933.0;-273.0;252.0;-157.0;319.0;0.38;1.48;-10.6;2.27;-2.1;42.5
1753881471.70748;3.5;0.9;-0.1;-2.8;1.42;67.99;1820.0;3476.0;10043.0;9933.0;-273.0;252.0;-157.0;319.0;0.62;1.15;-10.0;2.45;0.39;42.43
1753881471.712478;3.5;0.9;-0.1;-2.8;1.42;67.99;1820.0;3476.0;10043.0;9933.0;-273.0;252.0;-157.0;319.0;0.52;1.17;-10.48;1.41;-2.18;44.54
1753881471.717478;3.5;0.9;-0.1;-2.8;1.42;67.99;1820.0;3476.0;10043.0;9933.0;-273.0;252.0;-157.0;319.0;0.23;0.61;-11.46;-0.45;0.65;36.3
1753881471.722478;3.5;0.9;-0.1;-2.8;1.42;67.99;1820.0;3476.0;10043.0;9933.0;-273.0;252.0;-157.0;319.0;0.01;0.15;-11.88;-2.57;8.23;9.44
1753881471.727478;3.5;0.9;-0.1;-2.8;1.42;67.99;1820.0;3476.0;10043.0;9933.0;-273.0;252.0;-157.0;319.0;0.68;0.64;-11.11;-1.61;2.64;35.02
1753881471.732478;3.5;1.0;-0.1;-2.6;1.42;72.63;1800.9;3487.0;10102.8;9922.8;-267.9;278.5;-156.8;317.1;0.57;0.8;-11.44;1.86;4.51;43.06
1753881471.737478;3.5;0.9;-0.1;-2.8;1.42;68.33;1802.1;3503.4;10065.8;9963.1;-277.1;284.2;-151.3;329.1;0.81;0.93;-10.67;-1.02;4.49;27.36
1753881471.742478;3.5;1.0;-0.1;-2.8;1.42;69.67;1827.8;3339.2;10100.5;9944.6;-281.7;260.1;-153.8;354.1;-0.55;0.6;-11.02;0.85;-5.99;39.11
1753881471.747478;3.5;0.9;-0.1;-2.7;1.42;66.29;1822.8;3483.4;9952.0;9912.1;-274.1;248.9;-159.7;324.6;0.71;0.68;-10.16;-0.94;0.35;43.77
1753881471.752478;3.5;1.0;-0.1;-2.7;1.42;67.05;1806.5;3499.6;9985.8;9965.3;-273.2;278.8;-147.1;325.2;0.6;0.68;-10.94;-0.52;4.59;26.75
1753881471.757479;3.5;0.9;-0.1;-2.7;1.42;69.06;1794.0;3509.2;9897.4;9932.5;-283.9;250.0;-156.1;328.2;0.8;0.49;-11.78;-1.53;-1.9;31.76
1753881471.762479;3.5;0.9;-0.1;-2.8;1.42;71.61;1800.1;3456.3;9962.7;9849.5;-290.2;268.9;-160.9;314.2;0.9;0.7;-9.93;-0.8;-5.38;41.8
1753881471.767479;3.5;1.0;-0.1;-2.6;1.42;71.74;1814.7;3370.4;10019.3;9816.8;-280.0;270.3;-154.8;357.5;-0.04;0.31;-11.23;-3.21;-7.52;36.59
1753881471.772479;3.5;1.0;-0.1;-2.9;1.43;70.71;1801.0;3381.3;9920.0;9936.0;-281.9;250.4;-160.1;327.1;0.4;0.74;-10.76;0.95;-3.44;35.17
1753881471.777479;3.5;0.9;-0.1;-2.6;1.42;70.65;1815.3;3304.3;9957.9;9929.2;-276.4;293.5;-162.9;329.2;0.67;0.81;-12.24;2.99;-5.26;38.47
1753881471.782479;3.5;1.0;-0.1;-2.6;1.42;69.96;1814.2;3468.2;10009.8;9866.4;-282.4;287.7;-160.3;326.6;0.92;0.17;-10.9;0.8;-6.08;36.63
1753881471.78748;3.5;0.9;-0.1;-2.7;1.42;67.97;1796.9;3453.8;9953.1;9857.2;-288.2;246.8;-163.7;333.7;0.39;0.84;-9.9;1.44;-1.48;27.59
1753881471.79248;3.5;1.1;-0.1;-2.7;1.42;70.99;1773.9;3401.6;9941.4;9818.3;-289.6;280.3;-171.3;335.3;1.03;0.68;-11.49;1.12;0.25;38.77
1753881471.79748;3.5;1.0;-0.1;-2.7;1.42;72.23;1789.6;3398.9;9876.4;9781.7;-285.4;284.7;-166.0;319.4;1.16;0.92;-10.78;3.49;-3.71;46.9
1753881471.80248;3.5;1.0;-0.1;-2.6;1.43;72.43;1782.7;3389.5;9944.6;9813.4;-280.9;290.2;-161.4;365.6;1.3;0.58;-11.21;3.01;-3.45;33.71
1753881471.80748;3.5;1.0;-0.1;-2.7;1.43;73.0;1789.4;3358.1;10015.3;9907.2;-288.3;292.6;-172.1;341.5;0.56;0.73;-10.85;4.0;-4.09;47.17
1753881471.81248;3.5;1.1;-0.1;-2.6;1.43;72.8;1785.6;3338.1;9944.7;9838.1;-285.2;279.7;-167.9;353.4;0.7;0.77;-10.88;1.62;-6.48;28.69
1753881471.81748;3.5;1.0;-0.1;-2.5;1.43;72.25;1801.0;3437.3;9894.2;9913.0;-283.5;274.2;-169.5;319.9;1.0;0.6;-11.01;4.61;-5.87;49.55
1753881471.82248;3.5;1.0;-0.1;-2.6;1.43;73.22;1767.7;3372.6;9962.1;9864.2;-282.8;286.3;-166.9;338.5;1.31;0.44;-10.68;1.19;-8.89;41.97
1753881471.82748;3.5;1.1;-0.1;-2.6;1.43;76.88;1765.8;3359.4;9895.2;9809.5;-279.1;302.2;-164.3;348.8;0.87;1.04;-10.45;0.03;-9.61;39.58
1753881471.83248;3.5;1.0;-0.1;-2.5;1.42;71.49;1798.6;3284.3;9942.2;9811.0;-296.2;310.2;-164.9;341.1;1.51;0.5;-10.14;4.95;-15.55;43.86
1753881471.83748;3.5;1.1;-0.1;-2.6;1.43;75.93;1793.9;3283.5;9900.8;9802.3;-283.7;294.1;-166.9;329.5;0.68;0.67;-11.34;7.53;-4.92;34.9
1753881471.842481;3.5;1.0;-0.1;-2.6;1.43;75.74;1769.5;3351.1;9839.1;9777.4;-286.3;291.7;-171.3;343.9;1.34;0.57;-10.39;5.0;-6.45;48.9
1753881471.847481;3.5;1.1;-0.1;-2.5;1.43;77.27;1774.8;3365.1;9895.7;9766.0;-298.4;279.7;-168.9;367.1;0.46;0.49;-10.72;5.39;-6.65;33.85
1753881471.852481;3.5;1.0;-0.1;-2.5;1.43;73.93;1773.0;3266.0;9935.4;9818.7;-295.3;309.9;-171.5;343.6;0.79;1.11;-11.12;5.94;-9.14;33.55
1753881471.857481;3.5;1.1;-0.1;-2.4;1.43;73.6;1754.1;3318.7;9841.7;9788.7;-295.0;315.1;-168.8;345.2;0.59;0.95;-9.45;4.85;-10.46;33.63
1753881471.862481;3.5;1.0;-0.1;-2.5;1.43;74.77;1783.0;3326.4;9881.5;9755.9;-296.8;297.5;-175.2;367.9;1.17;1.12;-11.34;8.58;-15.12;45.66
1753881471.867481;3.5;1.1;-0.1;-2.4;1.43;76.92;1753.8;3265.5;9898.7;9858.8;-287.9;309.1;-172.3;358.6;0.89;0.81;-10.06;3.66;-9.18;38.77
1753881471.872481;3.5;1.1;-0.1;-2.4;1.43;76.32;1780.6;3267.0;9780.6;9809.9;-293.8;296.5;-174.9;350.3;0.72;-0.41;-10.35;5.34;-12.46;40.38
1753881471.877482;3.5;1.1;-0.1;-2.6;1.43;74.84;1744.6;3300.4;9794.5;9704.3;-283.8;300.9;-169.8;363.7;0.87;0.49;-9.73;6.76;-12.54;24.99
1753881471.882482;3.5;1.1;-0.1;-2.6;1.43;78.04;1745.3;3306.7;9816.2;9705.2;-300.4;333.2;-170.7;350.1;0.85;0.84;-11.48;9.05;-14.37;32.03
1753881471.887482;3.5;1.1;-0.1;-2.5;1.43;74.69;1742.8;3281.8;9848.8;9722.6;-291.1;333.2;-169.3;386.0;0.95;1.05;-9.57;8.47;-17.44;46.29
1753881471.892478;3.5;1.1;-0.1;-2.4;1.43;77.4;1756.0;3276.0;9830.0;9713.0;-297.0;316.0;-174.0;371.0;0.84;0.65;-10.35;7.09;-13.21;39.82
1753881471.897478;3.5;1.1;-0.1;-2.4;1.43;77.4;1756.0;3276.0;9830.0;9713.0;-297.0;316.0;-174.0;371.0;-0.52;0.64;-10.12;4.83;-0.12;14.14
1753881471.902478;3.5;1.1;-0.1;-2.4;1.43;77.4;1756.0;3276.0;9830.0;9713.0;-297.0;316.0;-174.0;371.0;-1.05;0.69;-9.91;-10.84;8.9;32.72
1753881471.907478;3.5;1.1;-0.1;-2.4;1.43;77.4;1756.0;3276.0;9830.0;9713.0;-297.0;316.0;-174.0;371.0;-0.15;0.76;-10.25;-17.3;9.65;37.21
1753881471.912478;3.5;1.1;-0.1;-2.4;1.43;77.4;1756.0;3276.0;9830.0;9713.0;-297.0;316.0;-174.0;371.0;-0.77;0.73;-10.42;3.52;7.48;10.36
1753881471.917478;3.5;1.1;-0.1;-2.4;1.43;77.4;1756.0;3276.0;9830.0;9713.0;-297.0;316.0;-174.0;371.0;0.13;1.01;-9.57;3.94;-8.1;41.57
1753881471.922478;3.5;1.1;-0.1;-2.4;1.43;77.4;1756.0;3276.0;9830.0;9713.0;-297.0;316.0;-174.0;371.0;0.34;1.08;-10.2;-1.82;-5.53;31.52
1753881471.927478;3.5;1.1;-0.1;-2.4;1.43;77.4;1756.0;3276.0;9830.0;9713.0;-297.0;316.0;-174.0;371.0;0.15;0.77;-9.27;1.88;5.72;15.91
1753881471.932478;3.5;1.2;-0.1;-2.6;1.4;69.27;1764.4;3282.8;9827.3;9619.3;-298.3;310.1;-173.4;364.3;0.64;1.04;-10.36;-8.5;6.38;32.04
1753881471.937478;3.5;1.1;-0.1;-2.5;1.43;76.78;1784.2;3374.0;9806.7;9454.2;-285.0;275.0;-183.6;331.8;-0.32;0.77;-10.13;-4.65;24.46;21.21
1753881471.942478;3.5;1.1;-0.1;-2.9;1.42;76.49;1762.9;3229.6;9816.8;9654.9;-279.1;304.4;-187.1;343.3;0.45;0.49;-9.48;2.23;0.94;6.34
1753881471.947478;3.5;1.1;-0.1;-2.1;1.44;81.44;1832.1;3268.9;9635.6;9656.7;-279.2;309.2;-188.7;340.8;0.27;0.86;-9.08;7.78;15.53;30.39
1753881471.952479;3.5;1.1;-0.1;-2.5;1.45;75.79;1737.4;3217.0;9908.1;9675.8;-293.6;229.6;-169.5;255.7;-0.47;1.23;-9.2;3.22;8.89;26.08
1753881471.957479;3.5;1.2;-0.1;-2.3;1.42;73.77;1824.5;3310.0;10011.2;9734.9;-282.3;331.8;-176.4;351.7;-0.03;0.91;-8.97;-7.95;3.69;28.47
1753881471.962479;3.6;1.2;-0.1;-2.4;1.41;77.8;1829.8;3438.4;9839.0;9893.2;-260.2;257.0;-177.7;379.0;0.02;1.07;-10.02;1.05;-1.65;10.46
1753881471.967479;3.5;1.2;-0.1;-2.9;1.37;69.53;1761.3;3295.6;9911.5;9675.8;-272.6;286.4;-172.4;296.2;-0.69;1.04;-10.5;-5.08;-2.56;6.29
1753881471.972479;3.5;1.0;-0.1;-2.4;1.41;72.23;1818.6;3234.9;9872.6;9830.4;-265.1;323.1;-171.9;341.9;0.49;0.97;-10.81;-2.71;3.59;16.88
1753881471.977479;3.5;1.1;-0.1;-2.4;1.41;87.65;1767.0;3311.5;9980.1;9951.6;-291.0;225.6;-173.8;334.8;-0.58;1.16;-9.53;-5.9;4.02;10.51
1753881471.982479;3.5;1.1;-0.1;-2.6;1.4;86.02;1802.1;3418.2;10081.3;9910.1;-282.0;187.6;-171.2;309.4;-0.48;1.28;-9.51;-3.06;4.65;30.32
1753881471.98748;3.5;1.2;-0.1;-2.3;1.41;79.06;1771.3;3395.6;9817.8;9854.5;-281.4;232.9;-165.1;381.1;-0.42;0.95;-12.16;8.11;7.67;8.2
1753881471.99248;3.5;1.2;-0.1;-2.7;1.39;84.04;1835.6;3493.3;9916.9;9814.3;-255.2;270.9;-177.7;241.9;-0.49;0.93;-9.95;2.42;5.76;4.77
1753881471.99748;3.5;1.2;-0.1;-2.9;1.41;89.26;1837.9;3335.1;9828.1;10085.8;-283.9;232.9;-173.5;310.4;0.37;0.85;-9.7;0.09;5.06;33.52
1753881472.00248;3.5;1.1;-0.1;-2.9;1.41;84.15;1758.1;3448.7;9859.8;9820.9;-270.3;170.1;-177.5;243.7;-0.83;0.84;-10.98;-3.21;4.62;17.31
1753881472.00748;3.5;1.1;-0.1;-3.0;1.39;74.67;1820.3;3328.5;9933.9;10017.0;-280.2;270.7;-176.2;289.0;-0.15;0.81;-11.76;0.69;-2.98;37.04
1753881472.01248;3.6;1.2;-0.1;-2.9;1.37;78.22;1788.1;3249.4;10110.5;9632.0;-266.0;133.4;-164.4;184.4;-0.59;0.64;-11.58;-5.74;11.26;39.9
1753881472.01748;3.5;1.3;-0.1;-3.2;1.4;86.78;1854.7;3336.5;10181.5;9919.9;-301.3;213.3;-156.1;255.1;-0.3;0.86;-11.08;4.37;2.48;22.54
1753881472.02248;3.5;1.4;-0.1;-3.3;1.36;80.02;1853.4;3359.3;9945.6;9679.0;-254.9;188.2;-166.6;288.4;-0.74;0.95;-11.01;-0.1;-1.9;49.39
1753881472.02748;3.5;1.2;-0.1;-2.8;1.38;92.41;1833.2;3399.8;10123.2;9864.6;-277.0;189.3;-148.3;253.8;-0.7;0.71;-12.46;1.42;9.49;23.34
1753881472.03248;3.5;0.9;-0.1;-3.3;1.39;83.71;1894.1;3470.4;9983.8;9818.1;-248.1;219.6;-174.3;267.4;-1.36;1.14;-10.5;-2.59;10.13;15.86
1753881472.03748;3.5;1.1;-0.1;-3.0;1.36;87.35;1857.9;3353.6;10009.4;9806.0;-258.5;181.3;-177.6;249.6;0.12;1.12;-10.75;14.25;6.1;31.36
1753881472.042481;3.6;1.1;-0.1;-3.1;1.36;79.26;1791.5;3433.2;10132.2;9996.1;-270.5;238.4;-170.7;239.9;-0.39;1.11;-9.84;8.62;0.49;30.52
1753881472.047481;3.5;1.2;-0.1;-3.1;1.39;88.7;1830.1;3274.8;10161.0;9917.6;-250.4;93.1;-155.5;250.1;-1.12;0.99;-12.17;6.48;-6.82;52.78
1753881472.052481;3.5;1.2;-0.1;-3.1;1.36;91.25;1835.3;3274.2;10145.6;9898.9;-263.6;159.6;-168.8;253.4;-0.94;0.68;-12.0;3.05;-14.62;41.78
1753881472.057481;3.6;1.2;-0.1;-3.3;1.35;76.09;1885.7;3354.9;10069.0;9928.8;-246.8;158.7;-189.3;250.8;-1.12;1.56;-11.69;3.43;1.89;29.19
1753881472.062481;3.5;1.3;-0.1;-3.1;1.39;93.29;1882.9;3481.7;10044.2;10000.1;-243.5;193.2;-177.1;297.4;-0.16;1.31;-10.54;7.75;-2.05;30.88
1753881472.067481;3.5;1.2;-0.1;-3.2;1.33;91.18;1890.2;3412.1;10272.9;9890.3;-266.5;129.3;-166.6;228.9;0.16;1.11;-11.22;2.73;1.67;44.78
1753881472.072482;3.6;1.1;-0.1;-3.0;1.33;91.19;1873.9;3388.3;10161.8;10010.3;-256.3;171.1;-153.3;241.7;-1.49;1.15;-12.2;3.89;9.91;17.62
1753881472.077478;3.5;1.2;-0.1;-3.2;1.35;84.16;1876.0;3403.0;10196.0;10023.0;-246.0;156.0;-165.0;229.0;-0.59;1.2;-12.16;2.69;-2.78;36.71
1753881472.082478;3.5;1.2;-0.1;-3.2;1.35;84.16;1876.0;3403.0;10196.0;10023.0;-246.0;156.0;-165.0;229.0;-0.42;0.92;-11.68;0.64;-2.45;33.57
1753881472.087478;3.5;1.2;-0.1;-3.2;1.35;84.16;1876.0;3403.0;10196.0;10023.0;-246.0;156.0;-165.0;229.0;-1.03;0.46;-11.31;-3.5;2.26;26.97
1753881472.092478;3.5;1.2;-0.1;-3.2;1.35;84.16;1876.0;3403.0;10196.0;10023.0;-246.0;156.0;-165.0;229.0;-1.2;0.74;-9.98;1.02;2.83;33.53
1753881472.097478;3.5;1.2;-0.1;-3.2;1.35;84.16;1876.0;3403.0;10196.0;10023.0;-246.0;156.0;-165.0;229.0;-0.82;0.77;-9.79;3.77;-1.97;41.38
1753881472.102478;3.5;1.2;-0.1;-3.2;1.35;84.16;1876.0;3403.0;10196.0;10023.0;-246.0;156.0;-165.0;229.0;-0.81;0.4;-10.25;-0.73;0.93;23.91
1753881472.107478;3.5;1.2;-0.1;-3.2;1.35;84.16;1876.0;3403.0;10196.0;10023.0;-246.0;156.0;-165.0;229.0;-1.16;0.61;-10.37;1.25;2.09;27.26
1753881472.112478;3.5;1.2;-0.1;-3.2;1.35;84.16;1876.0;3403.0;10196.0;10023.0;-246.0;156.0;-165.0;229.0;-0.72;0.74;-10.34;2.22;-1.47;41.22
1753881472.117478;3.5;1.2;-0.1;-3.2;1.35;84.16;1876.0;3403.0;10196.0;10023.0;-246.0;156.0;-165.0;229.0;-0.47;0.56;-10.49;1.36;0.12;32.97
1753881472.122478;3.5;1.2;-0.1;-3.2;1.35;84.16;1876.0;3403.0;10196.0;10023.0;-246.0;156.0;-165.0;229.0;-0.97;0.66;-10.96;1.48;1.54;27.77
1753881472.127478;3.5;1.2;-0.1;-3.2;1.35;84.16;1876.0;3403.0;10196.0;10023.0;-246.0;156.0;-165.0;229.0;-0.88;0.48;-10.54;0.41;0.49;36.91
1753881472.132478;3.5;1.2;-0.1;-3.2;1.35;84.16;1876.0;3403.0;10196.0;10023.0;-246.0;156.0;-165.0;229.0;-0.32;-0.02;-9.85;-0.35;0.15;36.78
1753881472.137478;3.5;1.2;-0.1;-3.2;1.35;84.16;1876.0;3403.0;10196.0;10023.0;-246.0;156.0;-165.0;229.0;-0.39;-0.12;-10.38;2.47;1.45;24.13
1753881472.142478;3.5;1.2;-0.1;-3.2;1.35;84.16;1876.0;3403.0;10196.0;10023.0;-246.0;156.0;-165.0;229.0;-0.07;0.17;-10.82;1.58;-0.08;35.67
1753881472.147478;3.5;1.2;-0.1;-3.2;1.35;84.16;1876.0;3403.0;10196.0;10023.0;-246.0;156.0;-165.0;229.0;-0.1;0.11;-11.2;-0.7;0.98;33.48
1753881472.152478;3.5;1.2;-0.1;-3.2;1.35;84.16;1876.0;3403.0;10196.0;10023.0;-246.0;156.0;-165.0;229.0;-0.22;0.15;-10.8;0.9;0.74;30.35
1753881472.157478;3.5;1.2;-0.1;-3.2;1.35;84.16;1876.0;3403.0;10196.0;10023.0;-246.0;156.0;-165.0;229.0;0.31;0.74;-10.43;1.49;-1.4;33.79
1753881472.162478;3.5;1.2;-0.1;-3.2;1.22;80.76;1809.2;3354.4;10242.2;9982.9;-267.8;137.2;-164.3;281.7;0.09;0.2;-10.49;2.93;1.5;34.18
1753881472.167478;3.5;1.2;-0.1;-3.3;1.21;88.22;1692.8;3406.0;10212.9;10068.0;-253.4;214.7;-164.0;177.3;0.11;0.55;-10.21;0.65;0.82;38.13
1753881472.172478;3.5;1.2;-0.1;-3.4;1.41;87.71;1931.1;3551.2;10131.3;9850.9;-216.2;202.3;-162.4;268.2;0.19;0.36;-10.36;2.47;-3.57;17.27
1753881472.177478;3.5;1.2;-0.1;-3.0;1.02;84.34;1841.3;3450.4;10330.9;10059.9;-242.3;68.1;-168.3;271.0;0.36;1.34;-9.7;3.31;-2.21;31.68
1753881472.182478;3.5;1.3;-0.1;-3.2;1.34;87.31;1783.6;3417.9;10316.8;10116.1;-245.2;164.8;-164.2;306.1;-0.37;0.27;-10.3;4.0;0.22;25.43
1753881472.187478;3.5;1.2;-0.1;-3.4;1.46;86.37;1721.1;3406.1;9960.8;10028.8;-246.2;120.9;-161.7;261.9;0.34;0.83;-11.05;1.28;-2.03;28.47
1753881472.192478;3.5;1.2;-0.1;-3.4;1.16;84.53;1660.4;3420.9;10199.8;10091.0;-255.7;239.7;-164.0;327.6;0.13;0.96;-9.43;-1.57;1.96;39.26
1753881472.197478;3.5;1.3;-0.1;-3.3;0.99;86.99;1681.7;3366.8;10034.7;10019.8;-249.9;282.2;-167.2;290.1;0.7;1.15;-10.47;1.88;3.47;31.16
1753881472.202479;3.5;1.3;-0.1;-3.1;1.24;91.22;1672.3;3430.4;10211.7;10040.9;-255.2;220.2;-158.3;292.8;0.32;0.65;-9.44;-2.04;-1.14;37.38
1753881472.207479;3.5;1.2;-0.1;-3.5;0.98;87.46;1668.8;3486.0;10176.7;10038.0;-247.4;266.4;-165.7;218.6;0.71;0.91;-10.03;0.08;1.87;26.37
1753881472.212479;3.5;1.3;-0.1;-2.8;0.83;90.0;1706.1;3481.3;10274.7;10032.2;-251.5;194.4;-163.7;287.7;1.11;1.11;-10.24;0.11;5.43;36.73
1753881472.217479;3.5;1.2;-0.1;-3.7;1.29;88.12;1724.8;3508.2;10131.3;9961.3;-260.1;233.2;-162.8;257.1;0.72;1.0;-11.4;1.23;-3.25;40.85
1753881472.222479;3.5;1.3;-0.1;-3.3;0.95;90.21;1640.9;3453.1;10138.6;9842.7;-254.1;280.8;-159.6;320.1;0.42;0.68;-10.74;2.75;1.3;36.89
1753881472.227479;3.5;1.3;-0.1;-3.1;0.9;85.84;1641.4;3490.4;10106.9;10006.7;-246.2;232.2;-160.0;338.4;0.61;0.67;-10.1;-1.17;-1.86;39.31
1753881472.232479;3.5;1.3;-0.1;-3.5;0.77;87.72;1648.4;3489.8;10052.8;9880.4;-247.7;233.3;-156.9;289.9;-0.49;0.57;-10.68;0.75;-0.18;32.76
1753881472.23748;3.5;1.3;-0.1;-3.6;0.72;88.14;1674.9;3480.2;10159.3;10038.6;-268.4;214.0;-158.2;309.2;0.53;0.55;-10.66;-4.11;4.95;36.99
1753881472.24248;3.5;1.3;-0.1;-3.4;1.04;91.49;1587.9;3454.6;10058.2;10207.3;-276.2;200.8;-163.5;288.2;0.47;0.92;-10.57;2.32;3.71;21.54
1753881472.24748;3.5;1.3;-0.1;-3.3;0.7;87.24;1594.5;3453.6;10024.2;9985.0;-275.0;362.1;-162.4;261.5;1.58;0.44;-11.37;-0.22;1.05;33.7
1753881472.25248;3.5;1.2;-0.1;-3.3;0.73;95.7;1529.5;3495.2;10114.2;10000.8;-263.5;195.6;-163.9;299.6;0.79;0.89;-10.96;-0.46;3.4;28.98
1753881472.25748;3.5;1.3;-0.1;-3.2;1.03;87.18;1498.9;3540.7;10044.2;9998.6;-265.7;183.3;-157.1;278.8;0.2;0.77;-10.18;-1.51;6.45;35.48
1753881472.262478;3.5;1.3;-0.1;-3.3;0.71;90.85;1553.0;3550.0;10033.0;10006.0;-264.0;253.0;-161.0;311.0;0.81;0.71;-10.64;-0.61;3.14;32.73
1753881472.267478;3.5;1.3;-0.1;-3.3;0.71;90.85;1553.0;3550.0;10033.0;10006.0;-264.0;253.0;-161.0;311.0;0.46;1.55;-11.1;3.6;0.18;37.59
1753881472.272478;3.5;1.3;-0.1;-3.3;0.66;92.09;1447.3;3633.0;10026.0;10000.2;-252.8;214.5;-160.9;281.8;1.11;0.85;-11.37;0.55;1.99;32.49
1753881472.277478;3.5;1.3;-0.1;-3.3;0.71;90.85;1553.0;3550.0;10033.0;10006.0;-264.0;253.0;-161.0;311.0;0.38;1.13;-10.9;-0.18;0.32;27.69
1753881472.282478;3.5;1.3;-0.1;-3.3;0.71;90.85;1553.0;3550.0;10033.0;10006.0;-264.0;253.0;-161.0;311.0;-0.28;1.11;-10.27;2.7;2.13;33.37
1753881472.287478;3.5;1.3;-0.1;-3.3;0.71;90.85;1553.0;3550.0;10033.0;10006.0;-264.0;253.0;-161.0;311.0;-0.35;1.11;-10.21;1.66;-0.55;40.41
1753881472.292478;3.5;1.3;-0.1;-3.3;0.71;90.85;1553.0;3550.0;10033.0;10006.0;-264.0;253.0;-161.0;311.0;-0.33;0.73;-10.82;0.88;0.33;24.38
1753881472.297478;3.5;1.3;-0.1;-3.3;0.71;90.85;1553.0;3550.0;10033.0;10006.0;-264.0;253.0;-161.0;311.0;-0.13;0.79;-10.9;1.89;0.48;30.63
1753881472.302478;3.5;1.3;-0.1;-3.3;0.71;90.85;1553.0;3550.0;10033.0;10006.0;-264.0;253.0;-161.0;311.0;-0.25;0.99;-10.59;1.96;-0.07;40.15
1753881472.307478;3.5;1.3;-0.1;-3.3;0.71;90.85;1553.0;3550.0;10033.0;10006.0;-264.0;253.0;-161.0;311.0;-0.28;0.85;-10.56;1.14;0.68;31.62
1753881472.312478;3.5;1.3;-0.1;-3.3;0.71;90.85;1553.0;3550.0;10033.0;10006.0;-264.0;253.0;-161.0;311.0;0.09;1.02;-10.83;0.72;0.33;26.56
1753881472.317478;3.5;1.3;-0.1;-3.3;0.71;90.85;1553.0;3550.0;10033.0;10006.0;-264.0;253.0;-161.0;311.0;-0.09;0.95;-11.07;-0.57;0.66;35.55
1753881472.322478;3.5;1.3;-0.1;-3.3;0.71;90.85;1553.0;3550.0;10033.0;10006.0;-264.0;253.0;-161.0;311.0;-0.08;0.63;-10.27;0.6;1.54;35.2
1753881472.327478;3.5;1.3;-0.1;-3.3;0.71;90.85;1553.0;3550.0;10033.0;10006.0;-264.0;253.0;-161.0;311.0;0.43;0.67;-10.05;2.96;-0.09;29.6
1753881472.332478;3.5;1.3;-0.1;-3.3;0.71;90.85;1553.0;3550.0;10033.0;10006.0;-264.0;253.0;-161.0;311.0;0.02;0.81;-10.65;1.72;-0.07;29.95
1753881472.337478;3.5;1.3;-0.1;-3.3;0.71;90.85;1553.0;3550.0;10033.0;10006.0;-264.0;253.0;-161.0;311.0;0.17;0.61;-10.75;0.6;0.32;33.92
1753881472.342478;3.5;1.3;-0.1;-3.3;0.71;90.85;1553.0;3550.0;10033.0;10006.0;-264.0;253.0;-161.0;311.0;0.24;0.51;-10.38;1.8;1.4;31.34
1753881472.347478;3.5;1.3;-0.1;-3.3;0.71;90.85;1553.0;3550.0;10033.0;10006.0;-264.0;253.0;-161.0;311.0;0.05;0.84;-10.39;2.15;0.44;29.83
1753881472.352478;3.5;1.3;-0.1;-3.3;0.71;90.85;1553.0;3550.0;10033.0;10006.0;-264.0;253.0;-161.0;311.0;-0.01;0.7;-10.51;1.04;-0.76;32.21
1753881472.357478;3.5;1.3;-0.1;-3.3;0.71;90.85;1553.0;3550.0;10033.0;10006.0;-264.0;253.0;-161.0;311.0;0.09;0.41;-10.45;1.68;-0.27;34.31
1753881472.362478;3.5;1.3;-0.1;-3.3;0.71;90.85;1553.0;3550.0;10033.0;10006.0;-264.0;253.0;-161.0;311.0;-0.18;0.49;-10.43;1.96;2.16;29.64
1753881472.367478;3.5;1.3;-0.1;-3.3;0.71;90.85;1553.0;3550.0;10033.0;10006.0;-264.0;253.0;-161.0;311.0;-0.22;0.7;-10.72;1.38;-0.21;33.4
1753881472.372478;3.5;1.3;-0.1;-3.3;0.71;90.85;1553.0;3550.0;10033.0;10006.0;-264.0;253.0;-161.0;311.0;0.07;0.47;-11.01;-0.48;-1.26;32.57
1753881472.377478;3.5;1.3;-0.1;-3.3;0.71;90.85;1553.0;3550.0;10033.0;10006.0;-264.0;253.0;-161.0;311.0;-0.02;0.44;-10.81;0.65;2.19;29.03
1753881472.382478;3.5;1.3;-0.1;-3.3;0.71;90.85;1553.0;3550.0;10033.0;10006.0;-264.0;253.0;-161.0;311.0;-0.29;0.71;-10.31;2.32;2.02;34.81
1753881472.387478;3.5;1.3;-0.1;-3.3;0.71;90.85;1553.0;3550.0;10033.0;10006.0;-264.0;253.0;-161.0;311.0;0.07;0.53;-10.51;0.47;-0.29;35.75
1753881472.392478;3.5;1.3;-0.1;-3.3;0.71;90.85;1553.0;3550.0;10033.0;10006.0;-264.0;253.0;-161.0;311.0;0.2;0.25;-10.94;-0.38;0.1;26.2
1753881472.397478;3.5;1.3;-0.1;-3.3;0.71;90.85;1553.0;3550.0;10033.0;10006.0;-264.0;253.0;-161.0;311.0;0.0;0.52;-10.88;2.12;0.77;30.6
1753881472.402478;3.5;1.3;-0.1;-3.3;0.71;90.85;1553.0;3550.0;10033.0;10006.0;-264.0;253.0;-161.0;311.0;0.13;0.57;-10.46;1.02;-1.25;40.51
1753881472.407478;3.5;1.3;-0.1;-3.3;0.71;90.85;1553.0;3550.0;10033.0;10006.0;-264.0;253.0;-161.0;311.0;0.09;0.37;-10.76;-0.46;-0.32;30.02
1753881472.412478;3.5;1.3;-0.1;-3.3;0.71;90.85;1553.0;3550.0;10033.0;10006.0;-264.0;253.0;-161.0;311.0;-0.03;0.36;-11.22;0.47;0.34;28.13
1753881472.417478;3.5;1.3;-0.1;-3.3;0.71;90.85;1553.0;3550.0;10033.0;10006.0;-264.0;253.0;-161.0;311.0;0.13;0.73;-11.01;1.13;0.3;35.59
1753881472.422478;3.5;1.3;-0.1;-3.3;0.71;90.85;1553.0;3550.0;10033.0;10006.0;-264.0;253.0;-161.0;311.0;0.03;0.57;-10.62;0.65;-0.39;35.94
1753881472.427478;3.5;1.3;-0.1;-3.3;0.71;90.85;1553.0;3550.0;10033.0;10006.0;-264.0;253.0;-161.0;311.0;-0.14;0.44;-10.42;0.83;0.93;26.99
1753881472.432478;3.5;1.3;-0.1;-3.3;0.71;90.85;1553.0;3550.0;10033.0;10006.0;-264.0;253.0;-161.0;311.0;0.01;0.58;-10.77;1.22;0.4;35.08
1753881472.437478;3.5;1.3;-0.1;-3.3;0.71;90.85;1553.0;3550.0;10033.0;10006.0;-264.0;253.0;-161.0;311.0;0.18;0.29;-10.82;-2.44;1.12;33.36
1753881472.442478;3.5;1.3;-0.1;-3.3;0.71;90.85;1553.0;3550.0;10033.0;10006.0;-264.0;253.0;-161.0;311.0;0.19;0.3;-10.12;-1.6;2.38;28.54
1753881472.447478;3.5;1.3;-0.1;-3.3;0.71;90.85;1553.0;3550.0;10033.0;10006.0;-264.0;253.0;-161.0;311.0;0.01;0.91;-10.56;4.01;0.47;31.36
1753881472.452478;3.5;1.3;-0.1;-3.3;0.71;90.85;1553.0;3550.0;10033.0;10006.0;-264.0;253.0;-161.0;311.0;0.23;0.63;-10.97;0.73;-2.28;37.65
1753881472.457478;3.5;1.3;-0.1;-3.3;0.71;90.85;1553.0;3550.0;10033.0;10006.0;-264.0;253.0;-161.0;311.0;0.02;0.32;-10.94;-0.64;0.64;25.22
1753881472.462478;3.5;1.3;-0.1;-3.3;0.71;90.85;1553.0;3550.0;10033.0;10006.0;-264.0;253.0;-161.0;311.0;-0.23;0.79;-10.57;2.05;1.34;32.03
1753881472.467478;3.5;1.3;-0.1;-3.3;0.71;90.85;1553.0;3550.0;10033.0;10006.0;-264.0;253.0;-161.0;311.0;-0.05;1.02;-10.19;2.6;-1.34;39.62
1753881472.472478;3.5;1.3;-0.1;-3.3;0.71;90.85;1553.0;3550.0;10033.0;10006.0;-264.0;253.0;-161.0;311.0;0.15;0.52;-10.33;1.16;0.29;28.7
1753881472.477478;3.5;1.3;-0.1;-3.3;0.71;90.85;1553.0;3550.0;10033.0;10006.0;-264.0;253.0;-161.0;311.0;-0.04;0.58;-10.58;1.5;1.31;27.22
1753881472.482478;3.5;1.3;-0.1;-3.3;0.71;90.85;1553.0;3550.0;10033.0;10006.0;-264.0;253.0;-161.0;311.0;-0.07;0.95;-10.73;1.67;-0.7;39.21
1753881472.487478;3.5;1.3;-0.1;-3.3;0.71;90.85;1553.0;3550.0;10033.0;10006.0;-264.0;253.0;-161.0;311.0;0.14;0.56;-10.64;0.28;-0.09;31.28
1753881472.492478;3.5;1.3;-0.1;-3.3;0.71;90.85;1553.0;3550.0;10033.0;10006.0;-264.0;253.0;-161.0;311.0;-0.06;0.7;-10.63;-0.45;1.22;25.36
1753881472.497478;3.5;1.3;-0.1;-3.3;0.71;90.85;1553.0;3550.0;10033.0;10006.0;-264.0;253.0;-161.0;311.0;-0.41;1.04;-10.56;-3.28;1.16;34.16
1753881472.502478;3.5;1.3;-0.1;-3.3;0.72;91.75;1582.6;3544.9;10029.3;9942.1;-265.3;264.5;-148.4;311.1;-0.3;0.97;-11.12;-1.72;3.43;37.26
1753881472.507478;3.5;1.3;-0.1;-3.3;0.75;87.4;1560.1;3588.5;10032.5;9984.2;-264.4;249.4;-157.3;305.0;-0.38;1.4;-10.67;-2.28;-2.36;29.87
1753881472.512478;3.5;1.4;-0.1;-3.3;0.67;94.57;1559.1;3562.3;10032.2;9959.8;-266.8;268.9;-182.4;292.6;-0.48;0.95;-10.67;-0.95;0.44;34.18
1753881472.517479;3.5;1.3;-0.1;-3.3;0.82;95.91;1577.3;3523.6;10030.3;9926.3;-263.3;274.6;-154.9;317.5;-0.46;1.14;-10.47;-3.85;-0.62;24.83
1753881472.522479;3.5;1.3;-0.1;-3.3;0.77;92.5;1556.5;3504.0;10034.6;9903.6;-262.8;293.7;-168.7;307.0;-0.08;1.32;-10.16;-2.69;-0.66;29.89
1753881472.527479;3.5;1.3;-0.1;-3.3;0.7;90.2;1588.4;3517.7;10031.4;9928.8;-269.2;269.2;-172.4;302.5;-0.2;1.15;-10.67;-0.64;-1.96;40.26
1753881472.532479;3.5;1.4;-0.1;-3.3;0.94;93.86;1652.2;3527.5;10035.6;9967.0;-269.2;269.3;-187.8;301.1;-0.45;0.82;-10.48;-2.03;1.57;33.87
1753881472.537479;3.5;1.4;-0.1;-3.3;0.85;92.59;1577.5;3491.0;10030.8;9956.0;-267.8;288.1;-194.9;299.1;-0.54;0.66;-10.14;-3.49;-1.3;25.6
1753881472.542479;3.5;1.3;-0.1;-3.2;0.71;92.62;1636.6;3499.7;10029.6;9921.4;-267.8;290.2;-198.0;317.7;-0.35;1.21;-10.78;-5.75;0.16;37.47
1753881472.54748;3.5;1.3;-0.1;-3.3;0.84;94.8;1620.3;3445.3;10027.9;9824.2;-266.8;282.9;-185.9;289.4;-0.04;0.96;-10.74;-3.67;0.08;44.48
1753881472.55248;3.5;1.4;-0.1;-3.3;0.87;92.65;1705.7;3434.0;10031.7;9939.6;-274.7;281.2;-188.7;296.7;-0.07;1.01;-11.47;-2.04;-0.43;39.08
1753881472.55748;3.5;1.4;-0.1;-3.2;0.86;96.75;1609.2;3474.1;10026.2;9888.4;-265.0;293.0;-194.3;306.7;-0.33;0.86;-10.64;-1.76;-2.58;27.22
1753881472.56248;3.5;1.4;-0.1;-3.2;0.84;91.39;1571.7;3533.6;10027.9;9932.2;-276.4;309.9;-176.7;295.7;-0.19;0.92;-10.35;-1.6;-2.09;24.98
1753881472.56748;3.5;1.4;-0.1;-3.2;0.86;97.55;1678.5;3432.9;10031.0;9958.0;-269.6;284.5;-188.3;293.0;-0.38;0.78;-10.83;-0.56;-0.83;38.94
1753881472.57248;3.5;1.3;-0.1;-3.2;0.85;97.28;1727.8;3518.6;10032.1;9871.9;-269.4;285.5;-172.3;292.7;-0.31;0.45;-10.94;0.5;-2.38;39.52
1753881472.57748;3.5;1.4;-0.1;-3.3;0.83;97.06;1660.6;3506.9;10031.0;9888.2;-273.2;286.3;-187.0;303.2;-0.2;0.83;-10.39;1.88;-2.36;38.8
1753881472.58248;3.5;1.4;-0.1;-3.3;0.83;94.1;1718.1;3485.7;10026.0;9854.5;-274.1;275.7;-184.7;288.3;-0.09;1.1;-10.66;-0.36;0.11;36.45
1753881472.58748;3.5;1.5;-0.1;-3.2;0.9;97.05;1708.2;3418.6;10029.2;9805.2;-276.4;296.6;-174.7;282.3;-0.19;0.67;-11.1;-1.14;-1.39;28.59
1753881472.59248;3.5;1.4;-0.1;-3.2;0.85;98.61;1729.1;3464.0;10026.2;9810.9;-274.7;317.4;-178.3;300.7;-0.19;0.94;-10.38;-2.57;-3.16;32.29
1753881472.59748;3.5;1.4;-0.1;-3.2;0.95;98.42;1654.6;3474.8;10026.8;9948.1;-273.3;296.4;-182.2;290.3;-0.05;1.2;-10.86;-1.12;-3.3;32.83
1753881472.602481;3.5;1.4;-0.1;-3.3;0.84;99.05;1756.0;3487.0;10020.4;9876.9;-272.4;279.1;-200.4;282.7;-0.28;0.45;-10.94;-2.96;-4.04;28.15
1753881472.607481;3.5;1.4;-0.1;-3.2;0.96;95.61;1727.3;3443.4;10023.2;9763.9;-274.3;310.9;-199.0;276.4;0.08;1.0;-11.19;-0.81;-4.51;28.05
1753881472.612481;3.5;1.4;-0.1;-3.2;0.93;96.72;1708.1;3432.3;10020.2;9766.4;-283.3;327.0;-198.4;278.7;-0.31;0.69;-10.63;1.04;-1.8;32.33
1753881472.617481;3.5;1.4;-0.1;-3.2;0.96;99.72;1745.9;3438.2;10023.0;9756.9;-278.6;295.7;-183.4;297.5;0.38;1.03;-10.75;-1.69;1.41;30.5
1753881472.622481;3.5;1.5;-0.1;-3.2;0.93;101.47;1754.1;3362.8;10020.7;9797.6;-277.7;306.3;-206.1;283.1;0.07;0.73;-10.96;0.03;-0.7;31.57
1753881472.627481;3.5;1.4;-0.1;-3.2;0.97;98.83;1783.7;3421.3;10022.7;9705.8;-280.2;328.7;-198.6;274.6;-0.09;0.64;-11.12;-1.08;-5.24;33.32
1753881472.632478;3.5;1.5;-0.1;-3.2;0.96;99.87;1756.0;3413.0;10023.0;9776.0;-279.0;319.0;-210.0;280.0;0.01;0.75;-10.83;0.12;-3.42;29.48
1753881472.637478;3.5;1.5;-0.1;-3.2;0.96;99.87;1756.0;3413.0;10023.0;9776.0;-279.0;319.0;-210.0;280.0;-0.34;0.63;-10.3;0.81;-2.51;44.51
1753881472.642478;3.5;1.5;-0.1;-3.2;0.96;99.87;1756.0;3413.0;10023.0;9776.0;-279.0;319.0;-210.0;280.0;-0.64;0.24;-10.02;1.28;3.88;22.49
1753881472.647478;3.5;1.5;-0.1;-3.2;0.96;99.87;1756.0;3413.0;10023.0;9776.0;-279.0;319.0;-210.0;280.0;-0.58;0.58;-11.28;0.75;1.31;25.13
1753881472.652478;3.5;1.5;-0.1;-3.2;0.96;99.87;1756.0;3413.0;10023.0;9776.0;-279.0;319.0;-210.0;280.0;-0.46;0.37;-12.16;0.7;-3.7;40.45
1753881472.657478;3.5;1.5;-0.1;-3.2;0.96;99.87;1756.0;3413.0;10023.0;9776.0;-279.0;319.0;-210.0;280.0;-0.49;-0.26;-11.81;-0.22;0.61;28.92
1753881472.662478;3.5;1.4;-0.1;-3.2;1.01;102.03;1639.9;3285.5;10024.1;9859.9;-297.8;329.3;-190.2;263.1;-0.93;-0.2;-11.45;-3.14;-2.09;22.43
1753881472.667478;3.5;1.4;-0.1;-3.3;0.91;103.85;1821.6;3465.9;10023.6;9695.7;-277.9;318.1;-202.8;279.8;-0.75;-0.43;-11.04;1.16;2.38;40.73
1753881472.672478;3.5;1.4;-0.1;-3.6;0.8;88.05;1657.1;3394.9;10019.5;9725.3;-271.8;319.6;-202.2;290.2;-0.97;-0.52;-12.29;0.27;1.83;23.63
1753881472.677478;3.5;1.6;-0.1;-3.3;1.01;103.8;1737.5;3556.0;10027.7;9714.7;-276.9;307.1;-170.7;296.9;-0.05;-0.14;-11.87;0.9;1.15;36.19
1753881472.682478;3.5;1.6;-0.1;-3.1;0.59;101.97;1625.8;3327.4;10026.9;9889.3;-275.0;315.4;-221.7;284.3;-1.07;0.4;-12.63;2.02;3.43;30.26
1753881472.687478;3.5;1.5;-0.1;-2.9;0.86;103.62;1712.6;3317.1;10040.4;9752.6;-271.9;326.2;-240.3;281.0;-0.28;0.48;-11.39;-0.02;-0.27;32.63
1753881472.692478;3.5;1.4;-0.1;-2.8;0.84;94.7;1701.1;3418.1;10022.6;9944.5;-274.2;321.5;-250.0;287.8;-0.17;0.34;-10.82;-0.14;0.68;29.82
1753881472.697478;3.5;1.6;-0.1;-3.3;0.96;103.29;1518.3;3325.4;10029.2;9652.2;-282.3;280.9;-192.8;306.9;0.15;0.63;-11.33;2.05;-2.25;36.98
1753881472.702479;3.5;1.5;-0.1;-3.1;0.83;100.83;1706.5;3248.9;10029.2;9674.0;-268.9;373.9;-220.8;307.9;-0.43;0.69;-12.03;-2.61;0.79;29.59
1753881472.707479;3.5;1.6;-0.1;-2.9;0.61;111.14;1869.2;3427.8;10031.8;9872.4;-294.1;305.4;-198.0;292.2;-0.5;-0.55;-12.07;3.47;-2.48;40.1
1753881472.712479;3.5;1.5;-0.1;-3.1;0.59;108.95;1615.7;3293.6;10035.8;9802.1;-288.2;361.1;-193.1;298.6;0.11;0.65;-11.97;2.86;-0.24;34.42
1753881472.717479;3.5;1.5;-0.1;-2.7;0.61;107.98;1800.0;3478.4;10023.0;9711.8;-286.2;345.3;-193.7;296.3;0.28;0.2;-11.5;-0.05;2.31;31.67
1753881472.722479;3.5;1.5;-0.1;-3.0;0.75;101.01;1689.7;3174.4;10044.2;9949.6;-272.9;297.0;-190.2;280.2;0.67;1.07;-11.91;-1.2;1.17;37.88
1753881472.727479;3.5;1.6;-0.1;-2.8;0.77;105.98;1957.1;3343.0;10036.4;9725.2;-283.9;273.3;-196.2;279.2;-0.09;1.3;-11.27;1.96;-0.91;37.36
1753881472.732479;3.5;1.6;-0.1;-2.8;0.6;100.82;1577.3;3294.5;10034.2;9812.4;-278.4;364.7;-182.9;312.0;-0.3;1.24;-11.21;1.17;-3.98;38.0
1753881472.73748;3.5;1.4;-0.1;-3.2;0.81;106.73;1682.5;3376.3;10030.0;9798.2;-286.3;331.3;-161.6;323.6;-0.43;0.47;-12.6;2.66;-0.89;45.38
1753881472.74248;3.5;1.7;-0.1;-3.1;0.8;100.03;1545.9;3301.0;10034.9;9691.1;-292.5;368.6;-178.4;320.4;-0.17;0.78;-11.5;-0.74;1.18;45.74
1753881472.74748;3.5;1.7;-0.1;-3.1;0.77;110.2;1841.2;3267.5;10034.7;9757.4;-273.7;327.4;-226.0;302.7;0.61;0.23;-11.23;2.45;-2.35;42.2
1753881472.75248;3.5;1.4;-0.1;-2.8;0.68;104.51;1647.6;3314.6;10033.9;9783.5;-286.1;275.9;-176.1;298.9;0.01;0.84;-9.85;5.07;2.15;21.39
1753881472.75748;3.5;1.3;-0.1;-3.0;0.6;97.9;1604.0;3159.3;10048.6;9865.7;-284.6;226.7;-245.1;310.1;-0.01;1.17;-11.29;0.66;-0.27;44.66
1753881472.76248;3.5;1.7;-0.1;-2.8;0.5;104.44;1723.0;3292.4;10033.2;9952.3;-298.7;309.1;-230.0;293.1;-0.13;1.28;-11.28;1.93;-0.76;32.77
1753881472.76748;3.5;1.4;-0.1;-2.8;0.71;104.2;1751.2;3280.3;10036.9;9956.4;-286.0;275.9;-209.8;305.9;-0.01;1.3;-10.75;1.61;-1.46;34.56
1753881472.77248;3.5;1.4;-0.1;-2.6;0.42;108.5;1770.9;3374.9;10043.1;9866.7;-303.9;269.0;-232.5;298.4;0.72;1.18;-10.45;2.12;-0.68;47.55
1753881472.77748;3.5;1.3;-0.1;-3.1;0.73;96.26;1774.7;3207.2;10044.7;9874.5;-293.3;269.8;-193.1;328.8;0.1;1.36;-10.3;2.64;-2.27;48.25
1753881472.78248;3.5;1.6;-0.1;-2.6;0.92;100.64;1698.9;3210.9;10039.4;9724.1;-275.8;265.5;-171.5;308.0;0.53;1.45;-10.66;4.52;-0.05;44.28
1753881472.78748;3.5;1.6;-0.1;-2.9;0.73;117.71;1673.9;3260.2;10028.2;9789.1;-285.5;320.9;-196.8;313.2;0.37;1.97;-10.68;8.06;-4.84;43.52
1753881472.792481;3.5;1.5;-0.1;-2.9;0.81;112.23;1616.9;3434.7;10052.1;9917.8;-291.5;306.4;-217.1;310.9;-0.04;0.96;-10.64;2.14;-3.48;44.68
1753881472.797481;3.5;1.6;-0.1;-2.6;0.24;104.06;1761.0;3247.1;10042.7;9973.5;-287.7;285.5;-175.5;309.3;0.59;1.4;-10.7;6.37;0.19;40.31
1753881472.802481;3.5;1.6;-0.1;-2.8;0.44;106.2;1813.0;3259.8;10042.0;9961.9;-288.6;362.3;-223.3;336.0;0.29;1.69;-11.6;1.56;-3.48;42.96
1753881472.807481;3.4;1.6;-0.1;-2.7;0.53;106.06;1819.7;3195.8;10051.1;9892.7;-291.1;297.9;-215.2;300.6;0.21;1.71;-10.78;7.55;0.32;35.22
1753881472.812481;3.5;1.5;-0.1;-2.7;0.47;97.52;1676.8;3342.5;10053.1;9888.0;-294.0;267.2;-176.3;340.0;0.44;1.88;-11.92;5.07;-1.0;40.44
1753881472.817481;3.5;1.6;-0.1;-2.5;0.27;109.64;1696.8;3185.0;10036.3;9762.9;-283.6;266.0;-192.2;329.6;0.72;2.02;-10.4;4.51;1.34;51.27
1753881472.822482;3.5;1.7;-0.1;-2.2;0.5;111.83;1510.6;3252.0;10051.7;9779.3;-306.9;246.7;-165.6;363.5;0.2;1.22;-9.65;5.7;-1.5;47.97
1753881472.827482;3.5;1.5;-0.1;-2.9;0.45;97.25;1703.0;3267.7;10054.9;9902.8;-292.8;278.3;-176.2;317.2;0.84;2.35;-10.67;7.16;-0.44;51.39
1753881472.832478;3.5;1.6;-0.1;-2.6;0.44;106.54;1673.0;3203.0;10050.0;9860.0;-294.0;291.0;-199.0;332.0;0.61;1.98;-10.55;5.05;-2.55;46.47
1753881472.837478;3.5;1.6;-0.1;-2.6;0.44;106.54;1673.0;3203.0;10050.0;9860.0;-294.0;291.0;-199.0;332.0;0.84;1.16;-11.69;2.18;-3.13;30.57
1753881472.842478;3.5;1.6;-0.1;-2.6;0.44;106.54;1673.0;3203.0;10050.0;9860.0;-294.0;291.0;-199.0;332.0;1.02;1.03;-11.33;-1.11;2.72;10.81
1753881472.847478;3.5;1.6;-0.1;-2.6;0.44;106.54;1673.0;3203.0;10050.0;9860.0;-294.0;291.0;-199.0;332.0;1.15;1.62;-11.06;-0.06;-1.52;40.39
1753881472.852478;3.5;1.6;-0.1;-2.6;0.44;106.54;1673.0;3203.0;10050.0;9860.0;-294.0;291.0;-199.0;332.0;0.78;1.36;-10.71;3.6;-1.19;38.66
1753881472.857478;3.5;1.6;-0.1;-2.6;0.44;106.54;1673.0;3203.0;10050.0;9860.0;-294.0;291.0;-199.0;332.0;0.58;1.27;-10.96;1.76;0.26;22.43
1753881472.862478;3.5;1.6;-0.1;-2.6;0.44;106.54;1673.0;3203.0;10050.0;9860.0;-294.0;291.0;-199.0;332.0;0.7;1.57;-11.04;0.16;-0.34;23.82
1753881472.867478;3.5;1.6;-0.1;-2.6;0.44;106.54;1673.0;3203.0;10050.0;9860.0;-294.0;291.0;-199.0;332.0;0.95;1.64;-10.85;0.9;-2.54;45.31
1753881472.872478;3.5;1.6;-0.1;-2.6;0.44;106.54;1673.0;3203.0;10050.0;9860.0;-294.0;291.0;-199.0;332.0;0.84;1.24;-11.06;1.64;2.91;21.61
1753881472.877478;3.5;1.6;-0.1;-2.6;0.44;106.54;1673.0;3203.0;10050.0;9860.0;-294.0;291.0;-199.0;332.0;0.76;1.62;-11.78;-0.29;1.8;23.98
1753881472.882478;3.5;1.6;-0.1;-2.6;0.44;106.54;1673.0;3203.0;10050.0;9860.0;-294.0;291.0;-199.0;332.0;1.14;1.52;-12.06;-0.15;-2.33;40.11
1753881472.887478;3.5;1.6;-0.1;-2.6;0.44;106.54;1673.0;3203.0;10050.0;9860.0;-294.0;291.0;-199.0;332.0;0.22;-0.12;-10.74;2.13;0.15;29.41
1753881472.892478;3.5;1.6;-0.1;-2.6;0.44;106.54;1673.0;3203.0;10050.0;9860.0;-294.0;291.0;-199.0;332.0;-0.09;0.51;-9.36;1.62;1.63;25.58
1753881472.897478;3.5;1.6;-0.1;-2.6;0.44;106.54;1673.0;3203.0;10050.0;9860.0;-294.0;291.0;-199.0;332.0;-0.1;0.95;-9.63;-0.48;0.16;33.36
1753881472.902478;3.5;1.6;-0.1;-2.6;0.44;106.54;1673.0;3203.0;10050.0;9860.0;-294.0;291.0;-199.0;332.0;-0.23;0.31;-10.32;0.22;-1.03;36.88
1753881472.907478;3.5;1.6;-0.1;-2.6;0.44;106.54;1673.0;3203.0;10050.0;9860.0;-294.0;291.0;-199.0;332.0;-0.24;-0.1;-10.86;0.91;1.25;23.33
1753881472.912478;3.5;1.6;-0.1;-2.6;0.44;106.54;1673.0;3203.0;10050.0;9860.0;-294.0;291.0;-199.0;332.0;0.05;0.3;-10.56;-2.22;0.32;31.98
1753881472.917478;3.5;1.6;-0.1;-2.6;0.44;106.54;1673.0;3203.0;10050.0;9860.0;-294.0;291.0;-199.0;332.0;0.17;0.35;-10.19;-4.9;0.41;34.94
1753881472.922478;3.5;1.6;-0.1;-2.6;0.44;106.54;1673.0;3203.0;10050.0;9860.0;-294.0;291.0;-199.0;332.0;-0.11;0.03;-10.2;-0.77;1.77;28.38
1753881472.927478;3.5;1.6;-0.1;-2.6;0.44;106.54;1673.0;3203.0;10050.0;9860.0;-294.0;291.0;-199.0;332.0;0.45;0.51;-10.38;0.64;-1.62;31.12
1753881472.932478;3.5;1.6;-0.1;-2.6;0.44;106.54;1673.0;3203.0;10050.0;9860.0;-294.0;291.0;-199.0;332.0;0.52;0.46;-10.43;0.48;-0.96;29.86
1753881472.937478;3.5;1.6;-0.1;-2.6;0.44;106.54;1673.0;3203.0;10050.0;9860.0;-294.0;291.0;-199.0;332.0;-0.03;0.25;-10.68;2.75;1.51;30.63
1753881472.942478;3.5;1.6;-0.1;-2.6;0.44;106.54;1673.0;3203.0;10050.0;9860.0;-294.0;291.0;-199.0;332.0;0.24;0.62;-11.16;5.74;-1.25;32.48
1753881472.947478;3.5;1.6;-0.1;-2.6;0.44;106.54;1673.0;3203.0;10050.0;9860.0;-294.0;291.0;-199.0;332.0;0.59;0.68;-11.07;3.25;-2.47;33.4
1753881472.952478;3.5;1.6;-0.1;-2.6;0.44;106.54;1673.0;3203.0;10050.0;9860.0;-294.0;291.0;-199.0;332.0;0.45;0.39;-10.57;0.31;0.19;28.48
1753881472.957478;3.5;1.6;-0.1;-2.6;0.44;106.54;1673.0;3203.0;10050.0;9860.0;-294.0;291.0;-199.0;332.0;0.09;0.48;-10.0;2.42;2.02;30.76
1753881472.962478;3.5;1.6;-0.1;-2.6;0.44;106.54;1673.0;3203.0;10050.0;9860.0;-294.0;291.0;-199.0;332.0;0.58;0.75;-10.06;2.46;-2.17;40.48
1753881472.967478;3.5;1.6;-0.1;-2.6;0.44;106.54;1673.0;3203.0;10050.0;9860.0;-294.0;291.0;-199.0;332.0;0.28;0.49;-10.81;1.59;-0.53;26.87
1753881472.972478;3.5;1.6;-0.1;-2.6;0.44;106.54;1673.0;3203.0;10050.0;9860.0;-294.0;291.0;-199.0;332.0;0.35;0.36;-10.85;-0.6;-0.12;30.73
1753881472.977478;3.5;1.6;-0.1;-2.6;0.44;106.54;1673.0;3203.0;10050.0;9860.0;-294.0;291.0;-199.0;332.0;0.68;0.49;-10.21;0.14;1.34;35.15
1753881472.982478;3.5;1.6;-0.1;-2.6;0.44;106.54;1673.0;3203.0;10050.0;9860.0;-294.0;291.0;-199.0;332.0;0.16;0.68;-10.03;2.12;1.7;36.66
1753881472.987478;3.5;1.6;-0.1;-2.6;0.44;106.54;1673.0;3203.0;10050.0;9860.0;-294.0;291.0;-199.0;332.0;-0.23;1.08;-9.42;2.07;1.58;33.17
1753881472.992478;3.5;1.6;-0.1;-2.6;0.44;106.54;1673.0;3203.0;10050.0;9860.0;-294.0;291.0;-199.0;332.0;0.33;1.25;-10.65;0.24;3.25;35.51
1753881472.997478;3.5;1.6;-0.1;-2.6;0.44;106.54;1673.0;3203.0;10050.0;9860.0;-294.0;291.0;-199.0;332.0;0.13;0.91;-10.1;5.38;2.64;37.0
1753881473.002478;3.5;1.6;-0.1;-2.6;0.44;106.54;1673.0;3203.0;10050.0;9860.0;-294.0;291.0;-199.0;332.0;-0.1;0.67;-9.75;2.23;3.22;30.57
1753881473.007478;3.5;1.6;-0.1;-2.6;0.44;106.54;1673.0;3203.0;10050.0;9860.0;-294.0;291.0;-199.0;332.0;0.02;0.93;-10.37;2.54;-1.51;34.53
1753881473.012478;3.5;1.6;-0.1;-2.6;0.44;106.54;1673.0;3203.0;10050.0;9860.0;-294.0;291.0;-199.0;332.0;-0.1;0.85;-10.05;2.25;0.23;36.84
1753881473.017479;3.5;1.6;-0.1;-2.6;0.44;106.54;1673.0;3203.0;10050.0;9860.0;-294.0;291.0;-199.0;332.0;-0.03;0.23;-10.45;0.59;-0.47;33.41
1753881473.022478;3.5;1.6;-0.1;-2.6;0.44;106.54;1673.0;3203.0;10050.0;9860.0;-294.0;291.0;-199.0;332.0;0.44;0.71;-9.96;1.15;0.22;32.82
1753881473.027478;3.5;1.6;-0.1;-2.6;0.44;106.54;1673.0;3203.0;10050.0;9860.0;-294.0;291.0;-199.0;332.0;0.48;0.86;-10.53;0.33;-1.99;36.85
1753881473.032478;3.5;1.6;-0.1;-2.6;0.44;106.54;1673.0;3203.0;10050.0;9860.0;-294.0;291.0;-199.0;332.0;0.03;0.62;-11.18;0.43;0.54;28.03
1753881473.037478;3.5;1.6;-0.1;-2.6;0.44;106.54;1673.0;3203.0;10050.0;9860.0;-294.0;291.0;-199.0;332.0;0.12;0.55;-10.56;0.17;1.83;31.41
1753881473.042478;3.5;1.6;-0.1;-2.6;0.44;106.54;1673.0;3203.0;10050.0;9860.0;-294.0;291.0;-199.0;332.0;0.18;1.08;-10.46;2.8;0.51;38.59
1753881473.047478;3.5;1.6;-0.1;-2.6;0.44;106.54;1673.0;3203.0;10050.0;9860.0;-294.0;291.0;-199.0;332.0;-0.21;0.85;-10.83;2.12;0.0;29.31
1753881473.052478;3.5;1.6;-0.1;-2.6;0.44;106.54;1673.0;3203.0;10050.0;9860.0;-294.0;291.0;-199.0;332.0;0.15;0.67;-10.81;-0.53;-0.23;27.59
1753881473.057478;3.5;1.6;-0.1;-2.6;0.44;106.54;1673.0;3203.0;10050.0;9860.0;-294.0;291.0;-199.0;332.0;0.18;0.78;-10.68;1.03;0.03;34.24
1753881473.062478;3.5;1.6;-0.1;-2.6;0.44;106.54;1673.0;3203.0;10050.0;9860.0;-294.0;291.0;-199.0;332.0;-0.33;0.85;-10.45;2.41;0.42;35.04
1753881473.067478;3.5;1.6;-0.1;-2.6;0.44;106.54;1673.0;3203.0;10050.0;9860.0;-294.0;291.0;-199.0;332.0;-0.07;0.7;-10.67;0.64;-0.28;28.55
1753881473.072478;3.5;1.6;-0.1;-2.6;0.44;106.54;1673.0;3203.0;10050.0;9860.0;-294.0;291.0;-199.0;332.0;0.17;0.85;-10.93;1.16;-1.32;32.12
1753881473.077478;3.5;1.6;-0.1;-2.6;0.44;106.54;1673.0;3203.0;10050.0;9860.0;-294.0;291.0;-199.0;332.0;-0.25;0.85;-10.82;1.64;-0.04;36.16
1753881473.082478;3.5;1.6;-0.1;-2.6;0.44;106.54;1673.0;3203.0;10050.0;9860.0;-294.0;291.0;-199.0;332.0;-0.29;0.66;-10.54;1.94;0.94;29.51
1753881473.087478;3.5;1.6;-0.1;-2.6;0.44;106.54;1673.0;3203.0;10050.0;9860.0;-294.0;291.0;-199.0;332.0;0.04;0.79;-10.69;0.93;-0.91;32.31
1753881473.092478;3.5;1.6;-0.1;-2.6;0.44;106.54;1673.0;3203.0;10050.0;9860.0;-294.0;291.0;-199.0;332.0;-0.1;0.79;-11.51;0.99;-2.75;35.09
1753881473.097478;3.5;1.6;-0.1;-2.6;0.44;106.54;1673.0;3203.0;10050.0;9860.0;-294.0;291.0;-199.0;332.0;-0.2;0.38;-10.84;2.51;0.32;30.5
1753881473.102478;3.5;1.6;-0.1;-2.6;0.44;106.54;1673.0;3203.0;10050.0;9860.0;-294.0;291.0;-199.0;332.0;-0.02;0.34;-9.93;1.25;1.74;33.54
1753881473.107478;3.5;1.6;-0.1;-2.6;0.44;106.54;1673.0;3203.0;10050.0;9860.0;-294.0;291.0;-199.0;332.0;-0.25;0.57;-10.29;0.33;0.69;33.5
1753881473.112478;3.5;1.6;-0.1;-2.6;0.44;106.54;1673.0;3203.0;10050.0;9860.0;-294.0;291.0;-199.0;332.0;-0.22;0.32;-10.71;0.19;-0.7;32.79
1753881473.117478;3.5;1.6;-0.1;-2.6;0.44;106.54;1673.0;3203.0;10050.0;9860.0;-294.0;291.0;-199.0;332.0;-0.11;0.24;-10.58;1.63;-0.22;31.21
1753881473.122478;3.5;1.6;-0.1;-2.6;0.44;106.54;1673.0;3203.0;10050.0;9860.0;-294.0;291.0;-199.0;332.0;-0.29;0.42;-10.24;0.7;0.03;36.67
1753881473.127478;3.5;1.6;-0.1;-2.6;0.44;106.54;1673.0;3203.0;10050.0;9860.0;-294.0;291.0;-199.0;332.0;-0.41;0.31;-10.39;1.19;0.24;33.73
1753881473.132478;3.5;1.6;-0.1;-2.6;0.44;106.54;1673.0;3203.0;10050.0;9860.0;-294.0;291.0;-199.0;332.0;-0.55;0.44;-10.81;-0.47;-0.65;33.11
1753881473.137478;3.5;1.6;-0.1;-2.6;0.44;106.54;1673.0;3203.0;10050.0;9860.0;-294.0;291.0;-199.0;332.0;-0.43;0.57;-10.5;2.01;0.18;32.7
1753881473.142478;3.5;1.6;-0.1;-2.6;0.44;106.54;1673.0;3203.0;10050.0;9860.0;-294.0;291.0;-199.0;332.0;-0.47;0.45;-10.62;1.93;-0.76;34.96
1753881473.147478;3.5;1.6;-0.1;-2.6;0.44;106.54;1673.0;3203.0;10050.0;9860.0;-294.0;291.0;-199.0;332.0;-0.5;0.06;-9.99;1.16;-0.66;27.24
1753881473.152478;3.5;1.6;-0.1;-2.6;0.44;106.54;1673.0;3203.0;10050.0;9860.0;-294.0;291.0;-199.0;332.0;-0.62;0.71;-10.4;1.18;0.02;36.79
1753881473.157478;3.5;1.6;-0.1;-2.6;0.44;106.54;1673.0;3203.0;10050.0;9860.0;-294.0;291.0;-199.0;332.0;-0.38;0.54;-10.88;1.51;0.23;28.34
1753881473.162479;3.5;1.6;-0.1;-2.6;0.44;106.54;1673.0;3203.0;10050.0;9860.0;-294.0;291.0;-199.0;332.0;-0.38;0.82;-10.24;1.97;-1.27;34.29
1753881473.167479;3.5;1.6;-0.1;-2.6;0.44;106.54;1673.0;3203.0;10050.0;9860.0;-294.0;291.0;-199.0;332.0;-0.36;0.65;-10.24;1.06;0.01;33.0
1753881473.172479;3.5;1.6;-0.1;-2.6;0.44;106.54;1673.0;3203.0;10050.0;9860.0;-294.0;291.0;-199.0;332.0;-0.22;1.03;-10.45;0.86;0.72;37.02
1753881473.177479;3.5;1.6;-0.1;-2.6;0.44;106.54;1673.0;3203.0;10050.0;9860.0;-294.0;291.0;-199.0;332.0;-0.59;1.14;-10.85;-0.55;-0.51;29.89
1753881473.182479;3.5;1.6;-0.1;-2.6;0.44;106.54;1673.0;3203.0;10050.0;9860.0;-294.0;291.0;-199.0;332.0;-0.6;1.27;-10.43;1.66;-0.04;29.15
1753881473.187479;3.5;1.6;-0.1;-2.6;0.44;106.54;1673.0;3203.0;10050.0;9860.0;-294.0;291.0;-199.0;332.0;-0.46;1.18;-10.91;1.26;-0.33;31.69
1753881473.192479;3.5;1.6;-0.1;-2.6;0.44;106.54;1673.0;3203.0;10050.0;9860.0;-294.0;291.0;-199.0;332.0;-0.68;1.21;-10.92;0.97;0.47;28.75
1753881473.19748;3.5;1.6;-0.1;-2.6;0.44;106.54;1673.0;3203.0;10050.0;9860.0;-294.0;291.0;-199.0;332.0;-0.88;1.3;-10.72;3.05;-0.61;27.83
1753881473.20248;3.5;1.6;-0.1;-2.6;0.44;106.54;1673.0;3203.0;10050.0;9860.0;-294.0;291.0;-199.0;332.0;-0.31;1.21;-11.01;0.62;-0.19;27.41
1753881473.207478;3.5;1.6;-0.1;-2.6;0.44;106.54;1673.0;3203.0;10050.0;9860.0;-294.0;291.0;-199.0;332.0;-0.5;1.23;-10.97;1.06;0.06;29.71
1753881473.212478;3.5;1.6;-0.1;-2.6;0.44;106.54;1673.0;3203.0;10050.0;9860.0;-294.0;291.0;-199.0;332.0;-0.03;1.18;-10.95;1.52;-0.75;34.79
1753881473.217478;3.5;1.6;-0.1;-2.6;0.44;106.54;1673.0;3203.0;10050.0;9860.0;-294.0;291.0;-199.0;332.0;-0.17;0.57;-10.55;-0.75;0.82;31.09
1753881473.222478;3.5;1.6;-0.1;-2.6;0.44;106.54;1673.0;3203.0;10050.0;9860.0;-294.0;291.0;-199.0;332.0;-0.35;1.02;-10.48;1.78;0.9;31.55
1753881473.227478;3.5;1.6;-0.1;-2.6;0.44;106.54;1673.0;3203.0;10050.0;9860.0;-294.0;291.0;-199.0;332.0;-0.31;1.06;-10.77;1.78;-0.12;32.96
1753881473.232478;3.5;1.6;-0.1;-2.6;0.44;106.54;1673.0;3203.0;10050.0;9860.0;-294.0;291.0;-199.0;332.0;-0.03;0.76;-10.85;0.9;1.13;30.94
1753881473.237478;3.5;1.6;-0.1;-2.6;0.44;106.54;1673.0;3203.0;10050.0;9860.0;-294.0;291.0;-199.0;332.0;-0.24;0.83;-10.96;1.18;2.52;28.64
1753881473.242478;3.5;1.6;-0.1;-2.6;0.44;106.54;1673.0;3203.0;10050.0;9860.0;-294.0;291.0;-199.0;332.0;-0.17;1.09;-10.57;2.49;-1.19;36.36
1753881473.247478;3.5;1.6;-0.1;-2.6;0.44;106.54;1673.0;3203.0;10050.0;9860.0;-294.0;291.0;-199.0;332.0;-0.08;0.95;-10.48;1.78;-1.35;30.05
1753881473.252478;3.5;1.6;-0.1;-2.6;0.44;106.54;1673.0;3203.0;10050.0;9860.0;-294.0;291.0;-199.0;332.0;-0.21;0.72;-10.51;1.36;0.81;29.72
1753881473.257478;3.5;1.6;-0.1;-2.6;0.44;106.54;1673.0;3203.0;10050.0;9860.0;-294.0;291.0;-199.0;332.0;-0.17;0.99;-10.5;2.73;0.97;35.3
1753881473.262478;3.5;1.6;-0.1;-2.6;0.44;106.54;1673.0;3203.0;10050.0;9860.0;-294.0;291.0;-199.0;332.0;-0.06;0.79;-10.74;1.91;-0.66;34.3
1753881473.267478;3.5;1.6;-0.1;-2.6;0.44;106.54;1673.0;3203.0;10050.0;9860.0;-294.0;291.0;-199.0;332.0;-0.25;0.55;-11.06;0.06;-0.55;29.15
1753881473.272478;3.5;1.6;-0.1;-2.6;0.44;106.54;1673.0;3203.0;10050.0;9860.0;-294.0;291.0;-199.0;332.0;-0.22;0.82;-10.83;0.89;1.02;32.21
1753881473.277478;3.5;1.6;-0.1;-2.6;0.44;106.54;1673.0;3203.0;10050.0;9860.0;-294.0;291.0;-199.0;332.0;0.05;0.37;-10.08;-1.68;0.17;36.7
1753881473.282478;3.5;1.6;-0.1;-2.6;0.44;106.54;1673.0;3203.0;10050.0;9860.0;-294.0;291.0;-199.0;332.0;-0.19;0.49;-10.45;-0.05;-1.77;31.99
1753881473.287478;3.5;1.6;-0.1;-2.6;0.44;106.54;1673.0;3203.0;10050.0;9860.0;-294.0;291.0;-199.0;332.0;-0.63;0.53;-10.99;0.67;-1.7;31.75
1753881473.292478;3.5;1.6;-0.1;-2.6;0.44;106.54;1673.0;3203.0;10050.0;9860.0;-294.0;291.0;-199.0;332.0;-0.14;0.51;-10.43;2.03;1.12;32.76
1753881473.297478;3.5;1.6;-0.1;-2.6;0.44;106.54;1673.0;3203.0;10050.0;9860.0;-294.0;291.0;-199.0;332.0;-0.4;0.28;-10.35;-0.02;2.95;34.16
1753881473.302478;3.5;1.6;-0.1;-2.6;0.44;106.54;1673.0;3203.0;10050.0;9860.0;-294.0;291.0;-199.0;332.0;-0.69;0.54;-10.83;1.13;0.99;30.92
1753881473.307478;3.5;1.6;-0.1;-2.6;0.44;106.54;1673.0;3203.0;10050.0;9860.0;-294.0;291.0;-199.0;332.0;-0.26;0.76;-10.88;1.56;-1.64;31.26
1753881473.312478;3.5;1.6;-0.1;-2.6;0.44;106.54;1673.0;3203.0;10050.0;9860.0;-294.0;291.0;-199.0;332.0;-0.21;0.66;-10.39;1.47;-0.78;31.67
1753881473.317478;3.5;1.6;-0.1;-2.6;0.44;106.54;1673.0;3203.0;10050.0;9860.0;-294.0;291.0;-199.0;332.0;-0.79;0.85;-10.04;1.44;0.84;35.28
1753881473.322478;3.5;1.6;-0.1;-2.6;0.44;106.54;1673.0;3203.0;10050.0;9860.0;-294.0;291.0;-199.0;332.0;-0.71;0.89;-10.22;1.15;0.84;31.08
1753881473.327478;3.5;1.6;-0.1;-2.6;0.43;108.84;1684.2;3190.6;10053.5;9809.7;-293.9;294.2;-201.3;330.6;-0.81;0.74;-10.54;1.9;2.93;31.43
1753881473.332478;3.4;1.7;-0.1;-2.7;0.46;101.57;1608.5;3196.6;10070.8;9821.5;-293.8;297.6;-197.8;333.6;-0.36;0.58;-10.78;-1.18;0.4;30.54
1753881473.337478;3.5;1.6;-0.1;-2.6;0.45;108.39;1655.9;3218.0;10049.2;9909.2;-293.3;297.4;-199.6;320.4;-0.29;0.92;-10.86;2.83;2.6;33.31
1753881473.342478;3.4;1.7;-0.1;-2.5;0.45;101.54;1578.0;3270.9;10056.1;9881.7;-293.7;327.3;-200.5;327.6;-0.26;0.81;-10.59;2.56;0.24;31.92
1753881473.347479;3.5;1.6;-0.1;-2.7;0.45;105.79;1642.0;3278.9;9985.5;9947.7;-293.8;294.0;-199.2;316.5;-0.44;0.99;-10.3;2.01;-0.09;29.08
1753881473.352479;3.4;1.8;-0.1;-2.8;0.45;117.08;1565.0;3283.1;9944.1;9945.4;-293.4;321.2;-203.9;314.3;-0.33;0.73;-10.09;3.03;2.32;30.88
1753881473.357479;3.4;1.8;-0.1;-2.7;0.48;120.66;1598.7;3285.2;10009.7;9945.1;-293.3;319.9;-201.9;293.7;0.15;0.8;-10.37;1.3;-0.51;28.27
1753881473.362479;3.4;1.8;-0.1;-2.7;0.47;112.38;1572.6;3287.0;9952.7;10063.4;-293.5;327.7;-203.3;301.0;-0.11;0.97;-10.11;0.22;-3.2;30.48
1753881473.367479;3.4;1.8;-0.1;-2.7;0.47;113.36;1601.6;3282.9;9948.3;10129.7;-293.5;324.2;-204.3;307.7;-0.39;0.86;-10.48;2.05;-0.72;37.66
1753881473.372479;3.3;1.8;-0.1;-2.6;0.48;122.2;1553.0;3262.6;9951.5;10092.0;-293.1;323.8;-205.8;306.1;-0.32;1.01;-10.36;-0.09;-2.59;35.13
1753881473.377479;3.4;1.9;-0.1;-2.9;0.49;119.1;1507.4;3301.0;9925.1;10118.3;-293.2;335.0;-206.9;300.3;-0.1;0.67;-10.2;1.35;-3.5;35.2
1753881473.38248;3.4;1.8;-0.1;-3.0;0.47;129.38;1514.7;3279.1;9890.4;10052.0;-293.0;338.7;-204.9;299.3;0.54;0.93;-10.65;0.68;-3.65;31.45
1753881473.387478;3.3;1.9;-0.1;-3.0;0.48;126.2;1510.0;3330.0;9896.0;10150.0;-293.0;331.0;-207.0;292.0;0.24;0.92;-10.66;2.43;-2.39;32.76
1753881473.392478;3.2;1.9;-0.1;-2.8;0.5;117.68;1511.1;3303.2;9818.9;10049.4;-303.4;323.9;-209.3;251.1;-0.07;1.02;-10.36;3.29;-2.81;35.98
1753881473.397478;3.3;1.9;-0.1;-2.8;0.37;125.55;1483.5;3304.1;9966.8;10205.9;-290.0;337.7;-203.3;337.7;0.02;0.24;-10.21;2.14;-2.06;33.59
1753881473.402478;3.4;2.0;-0.1;-3.0;0.53;123.25;1500.4;3264.6;9986.7;10169.2;-279.5;318.1;-208.7;344.5;0.47;1.43;-10.57;0.99;-2.5;35.5
1753881473.407478;3.3;2.0;-0.1;-2.8;0.64;122.6;1524.3;3299.0;9944.9;10195.7;-295.1;319.9;-206.3;269.2;-0.06;0.64;-11.01;1.73;-2.66;32.8
1753881473.412478;3.3;1.8;-0.1;-3.1;0.08;123.16;1520.1;3313.3;9904.6;10266.0;-284.4;324.8;-202.5;288.3;0.62;0.88;-11.05;3.59;-2.65;30.56
1753881473.417478;3.3;2.0;-0.1;-3.1;0.46;131.58;1470.6;3235.4;10021.9;10112.9;-268.8;312.3;-205.8;221.4;0.32;0.6;-10.43;3.85;-2.65;32.88
1753881473.422478;3.4;1.7;-0.1;-2.9;0.44;121.13;1537.7;3340.6;9938.2;10067.1;-285.5;346.9;-207.4;267.7;-0.14;1.0;-10.45;3.43;-1.29;36.11
1753881473.427478;3.4;2.0;-0.1;-3.2;0.35;135.8;1536.6;3285.8;9954.1;10204.5;-291.6;301.6;-206.9;298.5;0.54;1.02;-10.51;1.09;-1.62;33.45
1753881473.432479;3.3;1.7;-0.1;-2.8;0.33;129.77;1564.9;3281.3;9914.9;10092.5;-299.3;319.1;-201.6;278.9;0.43;1.28;-10.41;3.11;-1.57;33.82
1753881473.437479;3.2;2.0;-0.1;-2.7;0.21;133.77;1490.7;3261.1;10013.2;10137.2;-284.9;324.0;-203.7;259.3;-0.18;0.93;-10.04;2.15;-2.37;35.9
1753881473.442479;3.2;1.9;-0.1;-3.0;0.41;129.18;1568.9;3277.7;9986.2;10247.9;-290.2;303.6;-205.8;309.4;0.48;0.75;-11.41;2.6;-3.43;33.37
1753881473.447479;3.3;1.8;-0.1;-2.7;0.51;132.87;1524.0;3288.3;10002.0;10395.0;-275.2;300.9;-203.6;199.9;0.33;0.99;-10.79;1.44;-2.05;39.91
1753881473.452479;3.2;2.1;-0.1;-3.0;-0.1;139.99;1514.0;3177.5;9911.6;10150.4;-271.2;312.4;-202.8;257.7;-0.19;0.5;-10.67;1.57;-0.98;34.4
1753881473.457479;3.3;2.0;-0.1;-3.1;0.18;127.31;1522.2;3293.6;10028.8;10153.0;-285.6;332.5;-201.4;247.9;0.27;1.03;-11.14;3.2;-1.8;33.37
1753881473.462479;3.2;1.9;-0.1;-3.1;0.06;131.87;1571.9;3310.5;10023.6;10182.2;-270.4;304.5;-198.1;297.4;-0.01;0.38;-10.43;4.0;-2.72;35.26
1753881473.46748;3.3;2.0;-0.1;-2.7;-0.06;122.62;1534.3;3195.5;9996.5;10033.3;-279.4;309.7;-202.2;236.2;0.04;1.05;-11.01;1.43;-3.22;31.13
1753881473.47248;3.3;1.9;-0.1;-2.8;0.07;135.85;1582.9;3188.4;10114.8;10242.6;-271.3;311.9;-205.0;217.3;0.1;1.04;-10.73;2.65;-1.24;31.64
1753881473.47748;3.2;1.8;-0.1;-2.9;-0.06;123.31;1601.9;3253.0;9994.1;10075.4;-276.8;312.0;-198.8;286.3;-0.06;0.76;-11.02;0.62;-3.02;32.96
1753881473.48248;3.4;1.9;-0.1;-3.0;0.02;119.73;1567.0;3219.9;10082.7;10268.0;-286.6;313.8;-199.1;251.7;0.32;0.6;-11.11;2.75;-1.47;31.85
1753881473.48748;3.2;1.9;-0.1;-3.1;0.13;127.37;1601.9;3127.3;10108.7;10178.6;-277.9;306.6;-197.6;246.3;0.06;0.63;-11.08;1.72;-0.94;40.34
1753881473.49248;3.1;1.9;-0.1;-3.2;-0.13;134.04;1578.8;3172.1;10099.2;10208.7;-259.2;310.4;-196.4;229.1;-0.04;0.31;-10.92;0.48;-2.29;37.78
1753881473.49748;3.2;1.9;-0.1;-3.0;0.1;135.12;1565.1;3220.1;9999.4;10224.1;-271.0;301.5;-203.1;285.2;0.15;1.06;-10.48;2.77;-0.92;36.13
1753881473.50248;3.3;1.7;-0.1;-3.1;0.12;133.5;1582.4;3210.9;10035.7;10198.1;-266.8;307.9;-197.6;170.4;-0.24;0.67;-10.94;2.28;-1.42;36.28
1753881473.50748;3.3;2.1;-0.1;-3.1;0.01;143.56;1566.3;3188.6;10043.1;10237.3;-257.1;302.4;-198.9;230.4;-0.15;0.84;-10.72;2.96;-3.9;38.12
1753881473.51248;3.2;2.0;-0.1;-3.0;0.06;126.44;1636.5;3182.2;10044.5;10124.3;-263.0;295.3;-204.7;208.7;0.0;0.32;-10.81;1.66;-4.28;37.95
1753881473.51748;3.3;1.9;-0.1;-3.0;-0.15;133.39;1564.5;3197.4;10203.4;10103.9;-271.1;307.2;-198.3;166.7;0.42;0.84;-10.66;1.16;-2.88;32.09
1753881473.522481;3.2;1.8;-0.1;-3.1;-0.07;129.02;1560.4;3216.3;10154.1;9944.2;-258.9;289.8;-196.5;215.9;0.47;0.68;-10.82;1.46;-4.13;35.09
1753881473.527481;3.3;1.9;-0.1;-3.0;-0.05;134.89;1520.3;3205.8;10156.9;10414.2;-261.7;302.7;-198.5;235.5;0.05;0.83;-10.74;2.69;-3.54;40.93
1753881473.532481;3.2;2.1;-0.1;-3.0;-0.46;124.92;1597.1;3045.2;10125.0;10185.3;-251.5;286.9;-197.6;170.5;-0.29;0.85;-10.13;0.53;-0.74;33.19
1753881473.537481;3.1;2.0;-0.1;-3.2;-0.13;133.49;1587.0;3164.3;10139.0;10275.0;-255.6;295.7;-203.3;254.0;-0.54;0.66;-10.64;1.13;-1.1;34.5
1753881473.542481;3.3;2.0;-0.1;-2.9;-0.31;119.44;1587.0;3146.1;10154.6;10213.8;-275.1;291.9;-197.9;246.2;-0.41;0.73;-10.83;3.8;-1.56;33.24
1753881473.547481;3.3;1.9;-0.1;-3.2;0.15;134.22;1615.9;3069.8;10161.3;10318.0;-256.4;309.2;-196.3;170.5;-0.21;0.54;-10.32;3.41;-3.3;41.29
1753881473.552482;3.2;1.9;-0.1;-3.2;-0.3;117.81;1603.9;3156.6;10106.2;10058.2;-233.9;293.1;-194.2;199.9;-0.42;0.79;-11.17;1.13;0.87;38.82
1753881473.557482;3.3;1.8;-0.1;-2.7;-0.27;135.08;1666.2;3083.9;10229.7;10227.8;-247.1;281.9;-197.3;180.4;-0.49;0.43;-11.21;2.59;-1.73;32.64
1753881473.562482;3.2;2.1;-0.1;-3.1;0.06;130.0;1583.0;3061.8;10235.8;10074.7;-249.9;294.8;-194.9;191.2;-0.0;0.8;-10.47;2.48;-2.93;35.27
1753881473.567482;3.3;1.8;-0.1;-3.1;-0.01;131.18;1558.8;3084.6;10086.0;10202.6;-258.9;274.4;-196.8;160.5;-0.12;0.43;-10.94;2.51;-2.19;39.44
1753881473.572478;3.2;2.0;-0.1;-3.1;-0.26;133.31;1610.0;3066.0;10216.0;10150.0;-251.0;286.0;-194.0;177.0;-0.16;0.59;-10.83;1.95;-2.09;36.33
1753881473.577478;3.2;2.0;-0.1;-3.1;-0.26;133.31;1610.0;3066.0;10216.0;10150.0;-251.0;286.0;-194.0;177.0;-0.45;-0.11;-9.08;0.55;0.22;37.45
1753881473.582478;3.2;2.0;-0.1;-3.1;-0.26;133.31;1610.0;3066.0;10216.0;10150.0;-251.0;286.0;-194.0;177.0;-0.53;-0.08;-9.17;1.05;2.54;29.15
1753881473.587478;3.2;2.0;-0.1;-3.1;-0.26;133.31;1610.0;3066.0;10216.0;10150.0;-251.0;286.0;-194.0;177.0;-0.42;0.33;-10.24;0.46;1.13;31.47
1753881473.592478;3.2;2.0;-0.1;-3.1;-0.26;133.31;1610.0;3066.0;10216.0;10150.0;-251.0;286.0;-194.0;177.0;-0.3;0.56;-10.98;-1.9;-1.23;39.69
1753881473.597478;3.2;2.0;-0.1;-3.1;-0.26;133.31;1610.0;3066.0;10216.0;10150.0;-251.0;286.0;-194.0;177.0;-0.34;0.34;-10.98;-0.36;0.84;27.76
1753881473.602478;3.2;2.0;-0.1;-3.1;-0.26;133.31;1610.0;3066.0;10216.0;10150.0;-251.0;286.0;-194.0;177.0;-0.1;0.75;-10.48;1.57;0.63;31.02
1753881473.607478;3.2;2.0;-0.1;-3.1;-0.26;133.31;1610.0;3066.0;10216.0;10150.0;-251.0;286.0;-194.0;177.0;-0.17;0.92;-10.03;0.03;-0.12;39.92
1753881473.612478;3.2;2.0;-0.1;-3.1;-0.26;133.31;1610.0;3066.0;10216.0;10150.0;-251.0;286.0;-194.0;177.0;-0.3;0.49;-10.16;-0.2;1.24;31.37
1753881473.617478;3.2;2.0;-0.1;-3.1;-0.26;133.31;1610.0;3066.0;10216.0;10150.0;-251.0;286.0;-194.0;177.0;0.08;0.59;-10.16;0.35;0.45;27.01
1753881473.622478;3.2;2.0;-0.1;-3.1;-0.26;133.31;1610.0;3066.0;10216.0;10150.0;-251.0;286.0;-194.0;177.0;-0.33;0.8;-10.53;-1.1;-1.42;38.06
1753881473.627478;3.2;2.0;-0.1;-3.1;-0.26;133.31;1610.0;3066.0;10216.0;10150.0;-251.0;286.0;-194.0;177.0;-0.31;0.74;-10.51;1.14;0.62;36.17
1753881473.632478;3.2;2.0;-0.1;-3.1;-0.26;133.31;1610.0;3066.0;10216.0;10150.0;-251.0;286.0;-194.0;177.0;0.19;0.67;-10.5;1.03;2.69;26.84
1753881473.637478;3.2;2.0;-0.1;-3.1;-0.26;133.31;1610.0;3066.0;10216.0;10150.0;-251.0;286.0;-194.0;177.0;0.24;0.8;-10.12;-1.72;2.96;34.62
1753881473.642478;3.2;2.0;-0.1;-3.1;-0.26;133.31;1610.0;3066.0;10216.0;10150.0;-251.0;286.0;-194.0;177.0;-0.1;1.04;-10.33;2.22;2.8;35.97
1753881473.647478;3.2;2.0;-0.1;-3.1;-0.26;133.31;1610.0;3066.0;10216.0;10150.0;-251.0;286.0;-194.0;177.0;-0.14;0.93;-10.49;2.95;3.04;28.9
1753881473.652478;3.2;2.0;-0.1;-3.1;-0.26;133.31;1610.0;3066.0;10216.0;10150.0;-251.0;286.0;-194.0;177.0;0.29;1.08;-10.64;1.22;-0.02;34.35
1753881473.657478;3.2;2.0;-0.1;-3.0;-0.17;136.0;1602.8;3110.5;10287.8;10206.9;-246.6;286.1;-198.1;113.4;-0.13;1.24;-10.09;5.22;-0.77;43.85
1753881473.662478;3.2;2.0;-0.1;-3.1;-0.26;133.31;1610.0;3066.0;10216.0;10150.0;-251.0;286.0;-194.0;177.0;-0.19;1.02;-11.11;9.58;-0.77;37.65
1753881473.667478;3.2;2.0;-0.1;-3.1;-0.26;133.31;1610.0;3066.0;10216.0;10150.0;-251.0;286.0;-194.0;177.0;0.22;0.74;-10.6;1.49;-0.07;36.36
1753881473.672478;3.2;2.0;-0.1;-3.1;-0.26;133.31;1610.0;3066.0;10216.0;10150.0;-251.0;286.0;-194.0;177.0;-0.28;0.49;-10.36;1.83;3.03;30.76
1753881473.677478;3.2;2.0;-0.1;-3.1;-0.26;133.31;1610.0;3066.0;10216.0;10150.0;-251.0;286.0;-194.0;177.0;-0.51;0.54;-10.58;5.82;2.16;36.38
1753881473.682478;3.2;2.0;-0.1;-3.1;-0.26;133.31;1610.0;3066.0;10216.0;10150.0;-251.0;286.0;-194.0;177.0;0.04;0.45;-10.64;3.6;-0.48;44.14
1753881473.687478;3.2;2.0;-0.1;-3.1;-0.26;133.31;1610.0;3066.0;10216.0;10150.0;-251.0;286.0;-194.0;177.0;0.05;0.66;-11.8;2.14;-1.88;30.5
1753881473.692478;3.2;2.0;-0.1;-3.1;-0.26;133.31;1610.0;3066.0;10216.0;10150.0;-251.0;286.0;-194.0;177.0;0.11;0.73;-12.08;0.84;-2.41;32.06
1753881473.697478;3.2;2.0;-0.1;-3.1;-0.26;133.31;1610.0;3066.0;10216.0;10150.0;-251.0;286.0;-194.0;177.0;-0.29;0.54;-11.4;0.19;0.67;46.08
1753881473.702478;3.2;2.0;-0.1;-3.1;-0.26;133.31;1610.0;3066.0;10216.0;10150.0;-251.0;286.0;-194.0;177.0;-0.34;0.22;-10.65;1.58;5.18;31.44
1753881473.707478;3.2;2.0;-0.1;-3.1;-0.26;133.31;1610.0;3066.0;10216.0;10150.0;-251.0;286.0;-194.0;177.0;-0.1;0.23;-10.6;0.49;1.57;31.39
1753881473.712478;3.2;2.0;-0.1;-3.1;-0.26;133.31;1610.0;3066.0;10216.0;10150.0;-251.0;286.0;-194.0;177.0;-0.25;0.48;-10.85;-1.31;-2.86;42.85
1753881473.717478;3.2;2.0;-0.1;-3.1;-0.26;133.31;1610.0;3066.0;10216.0;10150.0;-251.0;286.0;-194.0;177.0;-0.43;0.33;-10.68;-1.46;0.45;34.29
1753881473.722478;3.2;2.0;-0.1;-3.1;-0.26;133.31;1610.0;3066.0;10216.0;10150.0;-251.0;286.0;-194.0;177.0;-0.47;0.86;-10.79;0.48;2.64;27.84
1753881473.727478;3.2;2.0;-0.1;-3.1;-0.26;133.31;1610.0;3066.0;10216.0;10150.0;-251.0;286.0;-194.0;177.0;-0.14;1.44;-11.41;0.01;-0.83;40.87
1753881473.732478;3.2;2.0;-0.1;-3.1;-0.26;133.31;1610.0;3066.0;10216.0;10150.0;-251.0;286.0;-194.0;177.0;-0.06;1.11;-11.33;-1.2;-0.84;36.04
1753881473.737478;3.2;2.0;-0.1;-3.1;-0.26;133.31;1610.0;3066.0;10216.0;10150.0;-251.0;286.0;-194.0;177.0;-0.41;1.01;-10.99;0.0;2.88;24.36
1753881473.742478;3.2;2.0;-0.1;-3.1;-0.26;133.31;1610.0;3066.0;10216.0;10150.0;-251.0;286.0;-194.0;177.0;-0.35;1.28;-9.72;1.4;-0.06;38.68
1753881473.747478;3.2;2.0;-0.1;-3.1;-0.26;133.31;1610.0;3066.0;10216.0;10150.0;-251.0;286.0;-194.0;177.0;-0.5;1.59;-10.59;2.95;-3.31;41.42
1753881473.752478;3.2;2.0;-0.1;-3.1;-0.26;133.31;1610.0;3066.0;10216.0;10150.0;-251.0;286.0;-194.0;177.0;-0.26;1.03;-11.09;0.01;0.27;24.43
1753881473.757478;3.2;2.0;-0.1;-3.1;-0.26;133.31;1610.0;3066.0;10216.0;10150.0;-251.0;286.0;-194.0;177.0;-0.19;1.55;-11.47;0.4;0.33;33.05
1753881473.762478;3.2;2.0;-0.1;-3.1;-0.26;133.31;1610.0;3066.0;10216.0;10150.0;-251.0;286.0;-194.0;177.0;-0.64;1.39;-11.1;0.76;-0.15;42.99
1753881473.767478;3.2;2.0;-0.1;-3.1;-0.26;133.31;1610.0;3066.0;10216.0;10150.0;-251.0;286.0;-194.0;177.0;-0.59;0.8;-10.58;2.0;3.07;28.06
1753881473.772478;3.2;2.0;-0.1;-3.1;-0.26;133.31;1610.0;3066.0;10216.0;10150.0;-251.0;286.0;-194.0;177.0;-0.22;0.93;-10.79;1.01;1.65;30.37
1753881473.777478;3.2;2.0;-0.1;-3.1;-0.26;133.31;1610.0;3066.0;10216.0;10150.0;-251.0;286.0;-194.0;177.0;-0.39;1.16;-11.1;0.47;-0.51;42.77
1753881473.782478;3.2;2.0;-0.1;-3.1;-0.26;133.31;1610.0;3066.0;10216.0;10150.0;-251.0;286.0;-194.0;177.0;-0.26;0.66;-10.75;0.39;0.53;32.77
1753881473.787478;3.2;2.0;-0.1;-3.1;-0.26;133.31;1610.0;3066.0;10216.0;10150.0;-251.0;286.0;-194.0;177.0;-0.23;0.73;-10.94;0.67;1.09;25.81
1753881473.792478;3.2;2.0;-0.1;-3.1;-0.26;133.31;1610.0;3066.0;10216.0;10150.0;-251.0;286.0;-194.0;177.0;-0.23;1.1;-10.99;0.67;-0.68;41.96
1753881473.797478;3.2;2.0;-0.1;-3.1;-0.26;133.31;1610.0;3066.0;10216.0;10150.0;-251.0;286.0;-194.0;177.0;-0.31;0.65;-11.01;0.99;0.88;35.38
1753881473.802478;3.2;2.0;-0.1;-3.1;-0.26;133.31;1610.0;3066.0;10216.0;10150.0;-251.0;286.0;-194.0;177.0;-0.29;0.15;-10.46;1.43;1.2;27.58
1753881473.807478;3.2;2.0;-0.1;-3.1;-0.26;133.31;1610.0;3066.0;10216.0;10150.0;-251.0;286.0;-194.0;177.0;-0.01;1.03;-10.86;2.32;-2.02;37.72
1753881473.812478;3.2;2.0;-0.1;-3.1;-0.26;133.31;1610.0;3066.0;10216.0;10150.0;-251.0;286.0;-194.0;177.0;0.22;0.7;-10.71;1.79;-1.55;39.39
1753881473.817478;3.2;2.0;-0.1;-3.1;-0.26;133.31;1610.0;3066.0;10216.0;10150.0;-251.0;286.0;-194.0;177.0;0.2;0.38;-10.72;0.28;1.42;28.15
1753881473.822478;3.2;2.0;-0.1;-3.1;-0.26;133.31;1610.0;3066.0;10216.0;10150.0;-251.0;286.0;-194.0;177.0;0.27;0.53;-10.53;-0.8;1.7;33.66
1753881473.827478;3.2;2.0;-0.1;-3.1;-0.26;133.31;1610.0;3066.0;10216.0;10150.0;-251.0;286.0;-194.0;177.0;0.03;0.76;-10.42;1.77;1.78;38.5
1753881473.832478;3.3;2.0;-0.1;-3.1;-0.24;136.07;1628.6;2998.4;10269.5;10159.3;-250.9;298.3;-246.5;173.0;0.03;1.03;-10.7;0.31;3.71;26.71
1753881473.837478;3.3;2.0;-0.1;-3.1;-0.26;137.78;1685.7;3011.9;10170.8;10155.2;-175.0;292.6;-183.1;177.6;0.31;0.62;-9.64;1.21;-0.36;38.62
1753881473.842478;3.2;1.9;-0.1;-3.0;-0.25;133.06;1690.2;3018.0;10121.4;10188.9;-267.0;300.3;-228.1;200.9;-0.35;0.45;-10.35;0.66;6.14;37.99
1753881473.847478;3.2;2.0;-0.1;-3.1;-0.31;132.27;1817.1;3089.3;10166.5;10157.2;-229.5;288.9;-163.4;183.9;-0.23;0.24;-10.35;1.83;0.62;32.32
1753881473.852478;3.2;2.0;-0.1;-3.0;-0.19;129.72;1507.3;3095.7;10171.3;10159.4;-344.0;322.4;-178.0;199.9;-0.03;0.9;-10.69;1.37;1.24;29.96
1753881473.857478;3.2;2.0;-0.1;-3.1;-0.03;136.19;1942.4;3053.6;10218.6;10162.8;-372.6;320.8;-152.9;196.5;-0.18;0.69;-10.75;1.17;1.69;37.59
1753881473.862479;3.1;2.0;-0.1;-3.0;-0.29;133.28;1649.3;3126.8;10256.1;10193.8;-329.8;314.4;-156.3;177.5;-0.13;1.57;-10.54;1.09;0.99;47.69
1753881473.867479;3.1;2.0;-0.1;-3.1;-0.23;138.12;1787.5;3111.1;10037.0;10223.7;-340.7;308.0;-203.2;191.4;0.23;0.5;-10.45;0.55;2.22;30.93
1753881473.872479;3.2;2.0;-0.1;-3.0;-0.05;141.03;1868.6;3131.0;10132.7;10149.4;-334.6;295.4;-125.2;213.9;-0.12;1.0;-10.89;0.8;0.21;40.36
1753881473.877479;3.1;2.0;-0.1;-3.0;-0.02;143.75;1869.4;3135.7;10081.4;10205.1;-347.8;304.4;-116.1;200.2;0.13;0.62;-10.84;0.32;2.01;43.69
1753881473.882479;3.2;2.0;-0.1;-3.0;-0.06;131.82;1824.0;3141.9;10021.8;10185.5;-426.6;298.1;-160.4;189.1;-0.06;0.75;-10.88;1.46;1.71;33.67
1753881473.887479;3.1;2.0;-0.1;-3.0;-0.05;143.93;1739.0;3169.2;10088.4;10200.8;-410.0;297.7;-103.6;197.2;-0.18;0.87;-10.1;2.24;1.24;28.25
1753881473.89248;3.1;2.0;-0.1;-3.0;-0.03;139.57;2091.6;3196.4;10099.2;10193.2;-349.7;318.3;-176.9;202.3;0.06;0.63;-10.1;0.46;2.93;33.74
1753881473.89748;3.1;2.0;-0.1;-3.0;-0.06;138.26;1982.7;3141.5;9954.0;10222.4;-382.4;318.1;-135.0;194.5;-0.19;1.03;-10.36;-0.1;2.06;41.29
1753881473.90248;3.2;2.0;-0.1;-3.0;0.12;143.86;1805.8;3248.3;10076.4;10181.7;-377.2;307.3;-132.6;204.8;-0.13;0.49;-10.17;1.4;-0.24;41.01
1753881473.90748;3.0;2.0;-0.1;-3.1;0.11;140.84;2028.7;3203.0;9989.3;10231.1;-398.0;331.8;-90.2;189.9;-0.45;0.31;-10.56;0.24;1.98;40.86
1753881473.91248;3.1;2.0;-0.1;-3.0;-0.17;142.76;1985.8;3268.2;9945.8;10224.2;-430.5;309.9;-111.4;193.5;-0.43;0.51;-10.6;0.53;6.6;32.38
1753881473.91748;3.0;2.1;-0.1;-3.0;0.14;141.1;1979.9;3232.8;9941.0;10227.2;-489.1;311.5;-105.3;203.3;-0.68;0.32;-10.82;1.22;5.35;30.46
1753881473.92248;3.1;2.1;-0.1;-2.9;0.38;146.15;1773.4;3313.2;9930.0;10262.5;-455.6;338.4;-108.1;227.4;-0.49;0.24;-10.7;0.84;0.63;34.46
1753881473.92748;3.1;2.0;-0.1;-2.9;0.5;142.98;1973.3;3241.7;9993.5;10222.6;-406.1;315.8;7.5;231.3;-0.24;1.05;-10.45;-0.83;2.31;27.26
1753881473.93248;3.0;2.1;-0.1;-2.9;0.31;147.31;2120.3;3236.2;9920.3;10243.1;-411.6;322.6;-106.4;227.3;-0.34;1.04;-10.65;0.72;1.84;30.31
1753881473.937478;3.0;2.1;-0.1;-2.9;0.26;146.01;2113.0;3276.0;9960.0;10243.0;-460.0;332.0;-75.0;221.0;-0.3;0.46;-10.56;-0.19;3.29;32.92
1753881473.942478;3.0;2.1;-0.1;-2.9;0.26;146.01;2113.0;3276.0;9960.0;10243.0;-460.0;332.0;-75.0;221.0;-0.01;1.04;-11.03;2.31;3.66;28.23
1753881473.947478;3.0;2.1;-0.1;-2.9;0.26;146.01;2113.0;3276.0;9960.0;10243.0;-460.0;332.0;-75.0;221.0;0.21;1.22;-11.51;-1.2;-0.03;37.56
1753881473.952478;3.0;2.1;-0.1;-2.9;0.26;146.01;2113.0;3276.0;9960.0;10243.0;-460.0;332.0;-75.0;221.0;-0.62;1.27;-11.88;0.01;-3.7;32.89
1753881473.957478;3.0;2.1;-0.1;-2.9;0.26;146.01;2113.0;3276.0;9960.0;10243.0;-460.0;332.0;-75.0;221.0;-0.4;0.89;-10.84;0.87;-3.83;31.99
1753881473.962478;3.0;2.1;-0.1;-2.9;0.26;146.01;2113.0;3276.0;9960.0;10243.0;-460.0;332.0;-75.0;221.0;0.31;0.74;-9.93;4.89;0.35;23.43
1753881473.967478;3.0;2.1;-0.1;-2.9;0.26;146.01;2113.0;3276.0;9960.0;10243.0;-460.0;332.0;-75.0;221.0;0.07;1.04;-9.91;2.53;1.79;31.67
1753881473.972478;3.0;2.1;-0.1;-2.9;0.26;146.01;2113.0;3276.0;9960.0;10243.0;-460.0;332.0;-75.0;221.0;0.12;0.89;-10.74;-5.24;-1.54;47.33
1753881473.977478;3.0;2.1;-0.1;-2.9;0.26;146.01;2113.0;3276.0;9960.0;10243.0;-460.0;332.0;-75.0;221.0;-0.31;0.68;-11.06;3.59;2.41;24.57
1753881473.982478;3.0;2.1;-0.1;-2.9;0.26;146.01;2113.0;3276.0;9960.0;10243.0;-460.0;332.0;-75.0;221.0;-0.32;0.82;-10.76;1.93;2.76;22.81
1753881473.987478;3.0;2.1;-0.1;-2.9;0.26;146.01;2113.0;3276.0;9960.0;10243.0;-460.0;332.0;-75.0;221.0;0.09;0.81;-9.9;-2.31;-1.59;45.96
1753881473.992478;3.0;2.1;-0.1;-2.9;0.26;146.01;2113.0;3276.0;9960.0;10243.0;-460.0;332.0;-75.0;221.0;0.55;0.68;-9.37;1.49;-1.01;38.57
1753881473.997478;3.0;2.1;-0.1;-2.9;0.26;146.01;2113.0;3276.0;9960.0;10243.0;-460.0;332.0;-75.0;221.0;0.28;0.26;-9.45;2.89;1.99;25.55
1753881474.002478;3.0;2.1;-0.1;-2.9;0.26;146.01;2113.0;3276.0;9960.0;10243.0;-460.0;332.0;-75.0;221.0;-0.07;0.46;-9.75;-1.38;-0.68;38.11
1753881474.007478;3.0;2.1;-0.1;-2.9;0.26;146.01;2113.0;3276.0;9960.0;10243.0;-460.0;332.0;-75.0;221.0;0.42;0.56;-9.37;0.26;-2.63;39.97
1753881474.012478;3.0;2.1;-0.1;-2.9;0.26;146.01;2113.0;3276.0;9960.0;10243.0;-460.0;332.0;-75.0;221.0;-0.26;0.82;-10.19;1.18;0.32;29.48
1753881474.017478;3.0;2.1;-0.1;-2.9;0.26;146.01;2113.0;3276.0;9960.0;10243.0;-460.0;332.0;-75.0;221.0;-0.37;1.12;-10.47;0.19;0.25;36.72
1753881474.022478;3.0;2.1;-0.1;-2.9;0.26;146.01;2113.0;3276.0;9960.0;10243.0;-460.0;332.0;-75.0;221.0;0.29;1.17;-10.23;4.66;1.2;34.99
1753881474.027478;3.0;2.1;-0.1;-2.9;0.26;146.01;2113.0;3276.0;9960.0;10243.0;-460.0;332.0;-75.0;221.0;-0.19;1.39;-10.1;0.59;3.09;33.49
1753881474.032478;3.0;2.1;-0.1;-2.9;0.26;146.01;2113.0;3276.0;9960.0;10243.0;-460.0;332.0;-75.0;221.0;-0.29;1.62;-10.58;-6.72;0.98;23.32
1753881474.037478;3.0;2.1;-0.1;-2.9;0.26;146.01;2113.0;3276.0;9960.0;10243.0;-460.0;332.0;-75.0;221.0;-0.05;1.79;-10.54;4.26;5.91;36.94
1753881474.042478;3.0;2.1;-0.1;-2.9;0.26;146.01;2113.0;3276.0;9960.0;10243.0;-460.0;332.0;-75.0;221.0;0.43;0.91;-9.9;0.37;1.89;24.63
1753881474.047478;3.0;2.1;-0.1;-2.9;0.26;146.01;2113.0;3276.0;9960.0;10243.0;-460.0;332.0;-75.0;221.0;-0.17;1.25;-9.8;5.69;-1.99;28.58
1753881474.052478;3.0;2.1;-0.1;-2.9;0.26;146.01;2113.0;3276.0;9960.0;10243.0;-460.0;332.0;-75.0;221.0;0.26;1.42;-9.98;2.84;1.87;22.93
1753881474.057479;3.0;2.1;-0.1;-2.9;0.26;146.01;2113.0;3276.0;9960.0;10243.0;-460.0;332.0;-75.0;221.0;0.14;1.09;-11.3;2.97;7.12;39.52
1753881474.062479;3.0;2.1;-0.1;-2.9;0.26;146.01;2113.0;3276.0;9960.0;10243.0;-460.0;332.0;-75.0;221.0;0.08;0.74;-10.11;5.01;0.7;39.24
1753881474.067479;3.0;2.1;-0.1;-2.9;0.26;146.01;2113.0;3276.0;9960.0;10243.0;-460.0;332.0;-75.0;221.0;-0.12;1.1;-10.45;1.18;6.61;48.44
1753881474.072479;3.0;2.1;-0.1;-2.9;0.26;146.01;2113.0;3276.0;9960.0;10243.0;-460.0;332.0;-75.0;221.0;0.02;1.0;-9.5;4.68;2.56;27.73
1753881474.077479;3.0;2.1;-0.1;-2.9;0.26;146.01;2113.0;3276.0;9960.0;10243.0;-460.0;332.0;-75.0;221.0;-0.05;1.41;-8.72;4.83;4.99;40.65
1753881474.082479;3.0;2.1;-0.1;-2.9;0.26;146.01;2113.0;3276.0;9960.0;10243.0;-460.0;332.0;-75.0;221.0;0.29;0.86;-10.37;2.33;3.98;27.66
1753881474.087479;3.0;2.1;-0.1;-2.9;0.26;146.01;2113.0;3276.0;9960.0;10243.0;-460.0;332.0;-75.0;221.0;0.43;1.18;-9.39;-0.67;0.04;32.15
1753881474.09248;3.0;2.1;-0.1;-2.9;0.26;146.01;2113.0;3276.0;9960.0;10243.0;-460.0;332.0;-75.0;221.0;0.32;0.23;-10.27;7.02;4.64;25.94
1753881474.09748;3.0;2.1;-0.1;-2.9;0.26;146.01;2113.0;3276.0;9960.0;10243.0;-460.0;332.0;-75.0;221.0;-0.13;0.92;-10.02;5.99;4.27;21.31
1753881474.10248;3.0;2.1;-0.1;-2.9;0.26;146.01;2113.0;3276.0;9960.0;10243.0;-460.0;332.0;-75.0;221.0;0.58;1.36;-9.6;5.35;2.56;22.46
1753881474.10748;3.0;2.1;-0.1;-2.9;0.26;146.01;2113.0;3276.0;9960.0;10243.0;-460.0;332.0;-75.0;221.0;-0.08;1.43;-9.4;7.66;3.11;31.61
1753881474.11248;3.0;2.1;-0.1;-2.9;0.26;146.01;2113.0;3276.0;9960.0;10243.0;-460.0;332.0;-75.0;221.0;0.32;0.7;-10.2;8.32;8.23;36.75
1753881474.11748;3.0;2.1;-0.1;-2.9;0.26;146.01;2113.0;3276.0;9960.0;10243.0;-460.0;332.0;-75.0;221.0;0.36;0.74;-9.88;2.3;10.87;36.45
1753881474.12248;3.0;2.1;-0.1;-2.9;0.26;146.01;2113.0;3276.0;9960.0;10243.0;-460.0;332.0;-75.0;221.0;0.34;0.63;-11.17;3.31;0.73;28.09
1753881474.12748;3.0;2.1;-0.1;-2.9;0.26;146.01;2113.0;3276.0;9960.0;10243.0;-460.0;332.0;-75.0;221.0;-0.13;1.03;-9.89;4.65;5.11;35.15
1753881474.132478;3.0;2.1;-0.1;-2.9;0.26;146.01;2113.0;3276.0;9960.0;10243.0;-460.0;332.0;-75.0;221.0;0.52;0.82;-9.7;7.1;6.07;32.16
1753881474.137478;3.0;2.1;-0.1;-2.9;0.26;146.01;2113.0;3276.0;9960.0;10243.0;-460.0;332.0;-75.0;221.0;0.99;0.42;-10.01;3.28;4.71;42.98
1753881474.142478;3.0;2.1;-0.1;-2.9;0.26;146.01;2113.0;3276.0;9960.0;10243.0;-460.0;332.0;-75.0;221.0;-0.15;0.03;-11.28;-4.1;0.93;30.63
1753881474.147478;3.0;2.1;-0.1;-2.9;0.26;146.01;2113.0;3276.0;9960.0;10243.0;-460.0;332.0;-75.0;221.0;0.0;0.72;-11.06;0.71;-4.11;29.08
1753881474.152478;3.0;2.1;-0.1;-2.9;0.26;146.01;2113.0;3276.0;9960.0;10243.0;-460.0;332.0;-75.0;221.0;-0.07;0.6;-10.52;2.67;0.2;36.9
1753881474.157478;3.0;2.1;-0.1;-2.9;0.26;146.01;2113.0;3276.0;9960.0;10243.0;-460.0;332.0;-75.0;221.0;-0.22;0.26;-10.42;0.93;3.2;41.29
1753881474.162478;3.0;2.1;-0.1;-2.9;0.26;146.01;2113.0;3276.0;9960.0;10243.0;-460.0;332.0;-75.0;221.0;0.08;0.26;-11.51;0.45;1.77;32.37
1753881474.167478;3.0;2.1;-0.1;-2.9;0.26;146.01;2113.0;3276.0;9960.0;10243.0;-460.0;332.0;-75.0;221.0;0.62;0.58;-11.13;1.65;-2.24;32.89
1753881474.172478;3.0;2.1;-0.1;-2.9;0.26;146.01;2113.0;3276.0;9960.0;10243.0;-460.0;332.0;-75.0;221.0;0.08;0.38;-10.45;-0.45;-1.44;36.14
1753881474.177478;3.0;2.1;-0.1;-2.9;0.26;146.01;2113.0;3276.0;9960.0;10243.0;-460.0;332.0;-75.0;221.0;-0.59;0.52;-10.47;-0.54;2.09;32.89
1753881474.182478;3.0;2.1;-0.1;-2.9;0.26;146.01;2113.0;3276.0;9960.0;10243.0;-460.0;332.0;-75.0;221.0;0.06;0.92;-10.95;0.57;-2.93;37.52
1753881474.187478;3.0;2.1;-0.1;-2.9;0.26;146.01;2113.0;3276.0;9960.0;10243.0;-460.0;332.0;-75.0;221.0;0.41;0.68;-11.7;1.54;-3.0;35.61
1753881474.192478;3.0;2.1;-0.1;-2.9;0.26;146.01;2113.0;3276.0;9960.0;10243.0;-460.0;332.0;-75.0;221.0;-0.25;0.88;-11.38;3.78;4.83;30.39
1753881474.197478;3.0;2.1;-0.1;-2.9;0.26;146.01;2113.0;3276.0;9960.0;10243.0;-460.0;332.0;-75.0;221.0;0.58;1.16;-9.87;1.36;3.88;35.79
1753881474.202478;3.0;2.1;-0.1;-2.9;0.26;146.01;2113.0;3276.0;9960.0;10243.0;-460.0;332.0;-75.0;221.0;0.4;0.8;-10.4;-0.28;-0.28;34.53
1753881474.207478;3.0;2.1;-0.1;-2.9;0.26;146.01;2113.0;3276.0;9960.0;10243.0;-460.0;332.0;-75.0;221.0;0.1;0.76;-11.55;0.12;-0.9;29.17
1753881474.212478;3.0;2.1;-0.1;-2.9;0.26;146.01;2113.0;3276.0;9960.0;10243.0;-460.0;332.0;-75.0;221.0;0.11;0.9;-11.6;1.7;0.28;34.01
1753881474.217478;3.0;2.1;-0.1;-2.9;0.26;146.01;2113.0;3276.0;9960.0;10243.0;-460.0;332.0;-75.0;221.0;0.12;1.06;-10.33;2.29;2.75;39.39
1753881474.222478;3.0;2.1;-0.1;-2.9;0.26;146.01;2113.0;3276.0;9960.0;10243.0;-460.0;332.0;-75.0;221.0;-0.16;0.77;-10.09;0.88;1.88;34.45
1753881474.227478;3.0;2.1;-0.1;-2.9;0.26;146.01;2113.0;3276.0;9960.0;10243.0;-460.0;332.0;-75.0;221.0;-0.26;0.74;-11.36;0.97;-0.58;30.09
1753881474.232478;3.0;2.1;-0.1;-2.9;-0.04;142.33;2100.4;3285.6;9981.5;10309.4;-479.3;340.4;-70.0;266.5;-0.03;0.7;-11.9;-1.59;-1.83;37.47
1753881474.237478;3.0;2.1;-0.1;-3.1;0.24;149.28;2146.7;3276.6;10062.5;9989.5;-405.2;327.4;-101.7;223.0;0.52;1.01;-11.63;0.56;2.84;31.1
1753881474.242478;3.0;2.1;-0.1;-2.7;0.47;146.84;2127.7;3287.9;10008.1;10383.3;-467.1;318.5;-89.3;191.7;-0.6;0.54;-11.55;4.15;0.09;26.73
1753881474.247478;3.0;2.1;-0.1;-3.0;0.6;148.69;1994.9;3279.0;9998.2;9866.7;-414.8;346.2;-84.0;251.9;-0.66;1.28;-10.96;-1.27;-0.56;32.9
1753881474.252478;3.0;2.1;-0.1;-3.2;0.85;151.97;2155.0;3282.2;9992.5;10377.6;-441.1;327.6;-93.0;271.5;0.25;0.24;-11.51;1.42;3.04;35.98
1753881474.257479;2.9;2.1;-0.1;-3.0;0.69;146.48;2101.1;3293.5;10010.7;9770.9;-424.7;345.8;-93.7;234.8;-0.15;0.64;-11.01;-3.16;2.52;33.65
1753881474.262479;3.0;2.1;-0.1;-3.1;0.51;151.93;2071.7;3293.3;9960.7;10177.9;-442.5;324.7;-119.7;257.4;0.41;0.49;-11.1;-0.93;-1.35;35.22
1753881474.267479;3.0;2.1;-0.1;-3.2;0.79;149.97;2054.3;3296.9;9999.3;9736.4;-455.3;314.5;-94.4;260.9;-0.44;1.13;-10.6;1.61;-3.93;31.69
1753881474.272479;2.9;2.1;-0.1;-3.1;0.64;151.97;2044.1;3281.9;10066.5;10009.0;-389.0;321.3;-115.6;284.4;-0.01;0.24;-11.29;2.12;-1.82;32.71
1753881474.277479;3.0;2.1;-0.1;-3.4;0.48;149.68;2027.1;3298.2;10039.0;9595.4;-390.5;309.2;-125.6;320.5;0.3;0.26;-11.23;-2.38;-1.52;29.93
1753881474.282479;3.0;2.2;-0.1;-3.2;0.94;147.55;1973.9;3301.4;10088.2;9569.0;-392.0;306.2;-87.5;270.3;-0.35;0.29;-11.37;2.45;0.13;37.61
1753881474.28748;2.9;2.1;-0.1;-3.3;0.64;159.66;2012.8;3306.5;10167.8;9698.2;-381.0;307.4;-118.1;305.8;0.22;0.44;-10.2;0.81;-3.22;35.94
1753881474.29248;3.0;2.1;-0.1;-3.1;0.68;150.16;1978.7;3301.2;10185.0;9763.3;-356.1;308.8;-154.4;250.0;0.59;0.34;-11.97;-1.4;-5.18;39.58
1753881474.29748;3.0;2.1;-0.1;-3.0;0.59;158.11;1978.1;3294.2;10150.0;9551.8;-387.1;311.2;-97.6;278.1;0.28;0.5;-11.27;-0.87;-3.57;34.73
1753881474.30248;3.0;2.1;-0.1;-3.4;0.86;156.61;2014.8;3307.5;10192.5;9716.8;-373.5;312.2;-118.0;306.0;0.2;0.03;-10.93;-0.27;-2.0;34.32
1753881474.30748;2.9;2.2;-0.1;-3.4;0.79;156.52;1960.4;3316.0;10124.7;9623.8;-323.9;300.5;-161.8;301.6;0.26;0.44;-8.86;1.4;8.1;41.15
1753881474.31248;2.9;2.2;-0.1;-3.2;0.65;165.24;1935.5;3311.9;10100.0;9758.7;-332.7;302.4;-136.5;277.7;0.44;0.02;-11.27;-0.5;0.46;31.31
1753881474.31748;2.9;2.2;-0.1;-3.6;0.95;152.92;1858.1;3308.5;10110.0;9479.2;-342.1;283.5;-138.3;308.1;0.71;-0.07;-10.91;1.03;0.19;39.02
1753881474.32248;2.8;2.2;-0.1;-3.5;1.23;160.99;1931.9;3317.8;10046.0;9560.0;-326.8;280.2;-157.1;289.8;0.45;-0.32;-10.45;-1.83;-1.02;33.01
1753881474.32748;2.8;2.1;-0.1;-3.7;1.01;158.03;1882.7;3318.6;10242.4;9701.1;-360.6;297.2;-119.0;322.3;0.43;0.11;-11.23;-1.08;1.49;35.31
1753881474.332478;2.8;2.2;-0.1;-3.5;1.0;159.63;1913.0;3313.0;10216.0;9463.0;-335.0;288.0;-154.0;328.0;0.15;0.2;-10.79;-1.4;0.25;37.07
1753881474.337478;2.8;2.2;-0.1;-3.5;1.0;159.63;1913.0;3313.0;10216.0;9463.0;-335.0;288.0;-154.0;328.0;-0.01;0.23;-11.5;-0.7;0.19;30.67
1753881474.342478;2.8;2.2;-0.1;-3.5;1.0;159.63;1913.0;3313.0;10216.0;9463.0;-335.0;288.0;-154.0;328.0;0.16;0.28;-10.95;-0.94;0.17;30.6
1753881474.347478;2.8;2.2;-0.1;-3.5;1.0;159.63;1913.0;3313.0;10216.0;9463.0;-335.0;288.0;-154.0;328.0;0.1;0.46;-10.27;-0.96;-0.26;39.4
1753881474.352478;2.8;2.2;-0.1;-3.5;1.0;159.63;1913.0;3313.0;10216.0;9463.0;-335.0;288.0;-154.0;328.0;0.0;0.13;-10.01;-1.92;1.12;32.49
1753881474.357478;2.8;2.2;-0.1;-3.5;1.0;159.63;1913.0;3313.0;10216.0;9463.0;-335.0;288.0;-154.0;328.0;0.03;0.18;-10.12;-3.4;1.61;28.61
1753881474.362478;2.8;2.2;-0.1;-3.5;1.0;159.63;1913.0;3313.0;10216.0;9463.0;-335.0;288.0;-154.0;328.0;-0.13;0.76;-10.73;-0.08;0.91;34.26
1753881474.367478;2.8;2.2;-0.1;-3.5;1.0;159.63;1913.0;3313.0;10216.0;9463.0;-335.0;288.0;-154.0;328.0;-0.21;0.71;-10.82;1.23;0.63;33.07
1753881474.372478;2.8;2.2;-0.1;-3.5;1.0;159.63;1913.0;3313.0;10216.0;9463.0;-335.0;288.0;-154.0;328.0;-0.33;0.8;-10.72;2.22;0.49;29.9
1753881474.377478;2.8;2.2;-0.1;-3.5;1.0;159.63;1913.0;3313.0;10216.0;9463.0;-335.0;288.0;-154.0;328.0;-0.58;1.26;-11.06;4.02;-0.34;32.21
1753881474.382478;2.8;2.2;-0.1;-3.5;1.0;159.63;1913.0;3313.0;10216.0;9463.0;-335.0;288.0;-154.0;328.0;-0.53;1.39;-11.14;4.11;-1.44;34.49
1753881474.387478;2.8;2.2;-0.1;-3.5;1.0;159.63;1913.0;3313.0;10216.0;9463.0;-335.0;288.0;-154.0;328.0;-0.35;1.21;-10.63;1.07;-0.02;29.52
1753881474.392478;2.8;2.2;-0.1;-3.5;1.0;159.63;1913.0;3313.0;10216.0;9463.0;-335.0;288.0;-154.0;328.0;-0.73;1.37;-10.38;0.87;2.0;31.05
1753881474.397478;2.8;2.2;-0.1;-3.5;1.0;159.63;1913.0;3313.0;10216.0;9463.0;-335.0;288.0;-154.0;328.0;-0.65;1.4;-10.55;1.8;0.39;35.33
1753881474.402478;2.8;2.2;-0.1;-3.5;1.0;159.63;1913.0;3313.0;10216.0;9463.0;-335.0;288.0;-154.0;328.0;-0.47;1.06;-11.02;1.46;-0.67;32.75
1753881474.407478;2.8;2.2;-0.1;-3.5;1.0;159.63;1913.0;3313.0;10216.0;9463.0;-335.0;288.0;-154.0;328.0;-0.65;1.36;-11.7;2.45;-0.12;28.13
1753881474.412478;2.8;2.2;-0.1;-3.5;1.0;159.63;1913.0;3313.0;10216.0;9463.0;-335.0;288.0;-154.0;328.0;-0.52;1.45;-11.6;0.0;-1.38;38.84
1753881474.417478;2.8;2.2;-0.1;-3.5;1.0;159.63;1913.0;3313.0;10216.0;9463.0;-335.0;288.0;-154.0;328.0;-0.48;0.69;-11.21;-0.36;-0.32;35.95
1753881474.422478;2.8;2.2;-0.1;-3.5;1.0;159.63;1913.0;3313.0;10216.0;9463.0;-335.0;288.0;-154.0;328.0;-0.69;0.41;-10.48;2.84;3.65;25.98
1753881474.427478;2.8;2.2;-0.1;-3.5;1.0;159.63;1913.0;3313.0;10216.0;9463.0;-335.0;288.0;-154.0;328.0;-0.9;0.76;-10.4;0.4;1.37;37.32
1753881474.432478;2.8;2.2;-0.1;-3.5;1.0;159.63;1913.0;3313.0;10216.0;9463.0;-335.0;288.0;-154.0;328.0;-0.63;0.5;-10.53;-0.61;-2.55;44.57
1753881474.437478;2.8;2.2;-0.1;-3.5;1.0;159.63;1913.0;3313.0;10216.0;9463.0;-335.0;288.0;-154.0;328.0;-1.01;-0.05;-11.05;-4.44;1.89;25.8
1753881474.442478;2.8;2.2;-0.1;-3.5;1.0;159.63;1913.0;3313.0;10216.0;9463.0;-335.0;288.0;-154.0;328.0;-0.9;0.53;-11.61;-3.41;-0.5;29.67
1753881474.447478;2.8;2.2;-0.1;-3.5;1.0;159.63;1913.0;3313.0;10216.0;9463.0;-335.0;288.0;-154.0;328.0;-0.82;0.63;-11.88;-3.87;-3.6;43.83
1753881474.452478;2.8;2.2;-0.1;-3.5;1.0;159.63;1913.0;3313.0;10216.0;9463.0;-335.0;288.0;-154.0;328.0;-1.35;0.23;-11.71;-4.61;-0.03;29.25
1753881474.457478;2.8;2.2;-0.1;-3.5;1.0;159.63;1913.0;3313.0;10216.0;9463.0;-335.0;288.0;-154.0;328.0;-1.21;0.55;-11.06;-0.7;0.73;25.39
1753881474.462478;2.8;2.2;-0.1;-3.5;1.0;159.63;1913.0;3313.0;10216.0;9463.0;-335.0;288.0;-154.0;328.0;-1.05;0.66;-10.15;0.75;-1.73;47.52
1753881474.467478;2.8;2.2;-0.1;-3.5;1.0;159.63;1913.0;3313.0;10216.0;9463.0;-335.0;288.0;-154.0;328.0;-1.23;0.71;-10.91;5.53;0.25;37.39
1753881474.472478;2.8;2.2;-0.1;-3.5;1.0;159.63;1913.0;3313.0;10216.0;9463.0;-335.0;288.0;-154.0;328.0;-0.82;0.68;-10.89;5.34;2.95;22.29
1753881474.477478;2.8;2.2;-0.1;-3.5;1.0;159.63;1913.0;3313.0;10216.0;9463.0;-335.0;288.0;-154.0;328.0;-0.5;1.02;-10.94;5.12;2.93;40.25
1753881474.482478;2.8;2.2;-0.1;-3.5;1.0;159.63;1913.0;3313.0;10216.0;9463.0;-335.0;288.0;-154.0;328.0;-0.97;0.85;-10.84;10.0;5.42;41.97
1753881474.487478;2.8;2.2;-0.1;-3.5;1.0;159.63;1913.0;3313.0;10216.0;9463.0;-335.0;288.0;-154.0;328.0;-0.85;0.8;-10.98;16.16;4.68;33.34
1753881474.492478;2.8;2.2;-0.1;-3.5;1.0;159.63;1913.0;3313.0;10216.0;9463.0;-335.0;288.0;-154.0;328.0;-0.61;1.91;-10.34;6.23;6.07;52.73
1753881474.497478;2.8;2.2;-0.1;-3.5;1.0;159.63;1913.0;3313.0;10216.0;9463.0;-335.0;288.0;-154.0;328.0;-0.42;1.26;-11.49;8.92;0.62;48.71
1753881474.502478;2.8;2.2;-0.1;-3.5;1.0;159.63;1913.0;3313.0;10216.0;9463.0;-335.0;288.0;-154.0;328.0;-0.38;0.66;-10.89;0.7;-2.3;31.59
1753881474.507478;2.8;2.2;-0.1;-3.5;1.0;159.63;1913.0;3313.0;10216.0;9463.0;-335.0;288.0;-154.0;328.0;-0.31;0.41;-10.88;6.97;0.01;31.41
1753881474.512478;2.8;2.2;-0.1;-3.5;1.0;159.63;1913.0;3313.0;10216.0;9463.0;-335.0;288.0;-154.0;328.0;0.13;0.14;-11.32;9.6;-1.56;45.08
1753881474.517478;2.8;2.2;-0.1;-3.5;1.0;159.63;1913.0;3313.0;10216.0;9463.0;-335.0;288.0;-154.0;328.0;-0.13;0.69;-10.63;1.49;-0.75;39.44
1753881474.522478;2.8;2.2;-0.1;-3.5;1.0;159.63;1913.0;3313.0;10216.0;9463.0;-335.0;288.0;-154.0;328.0;0.58;0.54;-9.69;1.43;-1.18;38.07
1753881474.527478;2.8;2.2;-0.1;-3.5;1.0;159.63;1913.0;3313.0;10216.0;9463.0;-335.0;288.0;-154.0;328.0;-0.34;0.79;-10.68;0.47;1.28;25.2
1753881474.532478;2.8;2.2;-0.1;-3.5;1.0;159.63;1913.0;3313.0;10216.0;9463.0;-335.0;288.0;-154.0;328.0;-0.37;0.98;-11.32;0.84;-1.29;34.83
1753881474.537478;2.8;2.2;-0.1;-3.5;1.0;159.63;1913.0;3313.0;10216.0;9463.0;-335.0;288.0;-154.0;328.0;0.48;0.78;-10.72;0.39;-0.86;37.2
1753881474.542478;2.8;2.2;-0.1;-3.5;1.0;159.63;1913.0;3313.0;10216.0;9463.0;-335.0;288.0;-154.0;328.0;0.08;0.78;-10.71;0.11;3.21;26.75
1753881474.547478;2.8;2.2;-0.1;-3.5;1.0;159.63;1913.0;3313.0;10216.0;9463.0;-335.0;288.0;-154.0;328.0;0.08;1.63;-9.93;0.71;1.72;33.64
1753881474.552478;2.8;2.2;-0.1;-3.5;1.0;159.63;1913.0;3313.0;10216.0;9463.0;-335.0;288.0;-154.0;328.0;0.97;1.34;-9.82;-0.03;-2.02;38.79
1753881474.557478;2.8;2.2;-0.1;-3.5;1.0;159.63;1913.0;3313.0;10216.0;9463.0;-335.0;288.0;-154.0;328.0;0.69;1.1;-10.45;0.83;1.42;26.44
1753881474.562478;2.8;2.2;-0.1;-3.5;1.0;159.63;1913.0;3313.0;10216.0;9463.0;-335.0;288.0;-154.0;328.0;0.07;1.51;-10.69;1.1;2.42;28.33
1753881474.567478;2.8;2.2;-0.1;-3.5;1.0;159.63;1913.0;3313.0;10216.0;9463.0;-335.0;288.0;-154.0;328.0;0.68;1.54;-10.3;-0.23;-0.98;39.2
1753881474.572478;2.8;2.2;-0.1;-3.5;1.0;159.63;1913.0;3313.0;10216.0;9463.0;-335.0;288.0;-154.0;328.0;0.48;0.99;-10.47;1.28;0.22;30.57
1753881474.577478;2.8;2.2;-0.1;-3.5;1.0;159.63;1913.0;3313.0;10216.0;9463.0;-335.0;288.0;-154.0;328.0;-0.3;1.09;-10.97;1.96;1.63;26.02
1753881474.582478;2.8;2.2;-0.1;-3.5;1.0;159.63;1913.0;3313.0;10216.0;9463.0;-335.0;288.0;-154.0;328.0;0.58;1.39;-10.04;-0.63;-0.85;39.62
1753881474.587478;2.8;2.2;-0.1;-3.5;1.0;159.63;1913.0;3313.0;10216.0;9463.0;-335.0;288.0;-154.0;328.0;0.61;0.98;-10.39;0.32;-0.28;30.63
1753881474.592478;2.8;2.2;-0.1;-3.5;1.0;159.63;1913.0;3313.0;10216.0;9463.0;-335.0;288.0;-154.0;328.0;0.02;0.98;-11.2;-0.01;0.73;25.32
1753881474.597478;2.8;2.2;-0.1;-3.5;1.0;159.63;1913.0;3313.0;10216.0;9463.0;-335.0;288.0;-154.0;328.0;-0.01;1.54;-11.31;1.44;0.77;35.33
1753881474.602478;2.8;2.2;-0.1;-3.5;1.0;159.63;1913.0;3313.0;10216.0;9463.0;-335.0;288.0;-154.0;328.0;0.04;1.24;-11.12;0.99;1.51;34.71
1753881474.607478;2.8;2.2;-0.1;-3.5;1.0;159.63;1913.0;3313.0;10216.0;9463.0;-335.0;288.0;-154.0;328.0;-0.22;1.18;-11.08;1.46;1.48;25.87
1753881474.612478;2.8;2.2;-0.1;-3.5;1.0;159.63;1913.0;3313.0;10216.0;9463.0;-335.0;288.0;-154.0;328.0;-0.15;1.34;-10.81;-0.28;0.61;32.34
1753881474.617478;2.8;2.2;-0.1;-3.5;1.0;159.63;1913.0;3313.0;10216.0;9463.0;-335.0;288.0;-154.0;328.0;0.24;1.36;-10.6;1.43;0.1;35.27
1753881474.622478;2.8;2.2;-0.1;-3.5;1.0;159.63;1913.0;3313.0;10216.0;9463.0;-335.0;288.0;-154.0;328.0;0.03;1.12;-10.95;1.8;0.32;29.28
1753881474.627478;2.8;2.2;-0.1;-3.5;1.0;159.63;1913.0;3313.0;10216.0;9463.0;-335.0;288.0;-154.0;328.0;-0.1;1.24;-11.28;-0.06;0.51;29.53
1753881474.632478;2.8;2.2;-0.1;-3.5;1.0;159.63;1913.0;3313.0;10216.0;9463.0;-335.0;288.0;-154.0;328.0;0.1;1.39;-10.97;0.77;0.36;35.87
1753881474.637478;2.8;2.2;-0.1;-3.5;1.0;159.63;1913.0;3313.0;10216.0;9463.0;-335.0;288.0;-154.0;328.0;-0.16;1.11;-11.02;0.9;1.41;30.53
1753881474.642478;2.8;2.2;-0.1;-3.5;1.0;159.63;1913.0;3313.0;10216.0;9463.0;-335.0;288.0;-154.0;328.0;-0.08;1.15;-10.66;-0.12;0.08;30.28
1753881474.647478;2.8;2.2;-0.1;-3.5;1.0;159.63;1913.0;3313.0;10216.0;9463.0;-335.0;288.0;-154.0;328.0;0.03;1.36;-10.65;0.95;-0.22;33.48
1753881474.652478;2.8;2.2;-0.1;-3.5;1.0;159.63;1913.0;3313.0;10216.0;9463.0;-335.0;288.0;-154.0;328.0;0.25;1.0;-10.83;1.75;-0.39;32.02
1753881474.657478;2.8;2.2;-0.1;-3.5;1.0;159.63;1913.0;3313.0;10216.0;9463.0;-335.0;288.0;-154.0;328.0;0.29;1.04;-10.91;0.09;0.57;30.56
1753881474.662478;2.8;2.2;-0.1;-3.5;1.0;159.63;1913.0;3313.0;10216.0;9463.0;-335.0;288.0;-154.0;328.0;0.05;1.11;-10.7;-0.73;0.42;32.02
1753881474.667478;2.8;2.2;-0.1;-3.5;1.0;159.63;1913.0;3313.0;10216.0;9463.0;-335.0;288.0;-154.0;328.0;0.22;1.26;-10.69;2.58;0.53;31.02
1753881474.672478;2.8;2.2;-0.1;-3.5;1.0;159.63;1913.0;3313.0;10216.0;9463.0;-335.0;288.0;-154.0;328.0;0.11;1.05;-10.61;1.71;1.74;29.93
1753881474.677478;2.8;2.2;-0.1;-3.5;1.0;159.63;1913.0;3313.0;10216.0;9463.0;-335.0;288.0;-154.0;328.0;-0.21;1.21;-10.76;0.46;1.21;32.57
1753881474.682478;2.8;2.2;-0.1;-3.5;1.0;159.63;1913.0;3313.0;10216.0;9463.0;-335.0;288.0;-154.0;328.0;-0.14;1.07;-10.55;-0.73;1.64;31.77
1753881474.687478;2.8;2.2;-0.1;-3.5;1.0;159.63;1913.0;3313.0;10216.0;9463.0;-335.0;288.0;-154.0;328.0;0.07;0.96;-10.93;2.01;1.61;33.08
1753881474.692478;2.8;2.2;-0.1;-3.5;1.0;159.63;1913.0;3313.0;10216.0;9463.0;-335.0;288.0;-154.0;328.0;-0.11;1.06;-10.41;0.02;0.19;34.06
1753881474.697478;2.8;2.2;-0.1;-3.5;1.0;159.63;1913.0;3313.0;10216.0;9463.0;-335.0;288.0;-154.0;328.0;-0.23;1.14;-10.72;0.52;0.32;34.96
1753881474.702478;2.8;2.2;-0.1;-3.5;1.0;159.63;1913.0;3313.0;10216.0;9463.0;-335.0;288.0;-154.0;328.0;-0.15;0.85;-10.79;1.51;0.19;32.86
1753881474.707478;2.8;2.2;-0.1;-3.5;1.0;159.63;1913.0;3313.0;10216.0;9463.0;-335.0;288.0;-154.0;328.0;-0.18;0.77;-11.09;1.13;0.47;27.07
1753881474.712478;2.8;2.2;-0.1;-3.3;1.01;157.0;1920.3;3311.4;10243.5;9449.9;-335.8;287.7;-153.4;324.9;-0.17;0.76;-11.24;1.19;1.17;28.37
1753881474.717478;2.8;2.2;-0.1;-3.7;0.96;160.63;1892.1;3322.4;10255.1;9628.2;-332.2;288.0;-154.6;319.7;0.43;0.86;-11.37;2.14;0.13;28.21
1753881474.722478;2.8;2.2;-0.1;-3.4;1.03;162.87;1906.2;3314.9;10134.0;9821.4;-337.9;287.8;-154.4;328.2;-0.03;0.96;-11.24;2.06;0.17;30.61
1753881474.727478;2.7;2.2;-0.1;-3.6;1.11;159.48;1873.6;3316.7;10232.0;9367.4;-330.9;288.1;-153.4;325.7;-0.18;0.94;-11.02;1.31;0.87;27.98
1753881474.732478;2.7;2.2;-0.1;-3.7;0.96;163.68;1883.0;3315.2;10117.4;9666.9;-334.3;287.9;-155.0;332.6;0.07;0.69;-10.95;0.8;0.57;31.25
1753881474.737479;2.8;2.2;-0.1;-3.6;0.87;159.09;1893.1;3307.5;10236.0;9546.5;-334.3;288.2;-154.5;338.9;-0.37;0.57;-11.09;1.49;0.23;29.55
1753881474.742479;2.8;2.2;-0.1;-3.5;0.88;165.0;1890.5;3313.2;10203.4;9448.9;-333.9;287.9;-152.7;295.2;-0.01;0.79;-11.34;2.53;0.15;27.45
1753881474.747479;2.8;2.2;-0.1;-3.7;1.01;165.48;1875.1;3312.6;10082.7;9697.9;-331.7;287.6;-152.8;292.5;-0.04;1.03;-11.28;1.39;0.2;29.77
1753881474.752479;2.8;2.2;-0.1;-3.6;0.97;165.49;1898.4;3308.6;10221.9;9564.8;-332.7;287.8;-154.7;303.6;0.27;0.59;-11.18;0.5;-0.53;31.73
1753881474.757479;2.8;2.2;-0.1;-3.5;0.86;166.5;1892.4;3303.5;10056.6;9435.3;-331.7;287.9;-154.7;321.8;-0.19;1.03;-11.11;1.69;-0.66;28.08
1753881474.762479;2.8;2.2;-0.1;-3.7;0.83;170.06;1896.8;3315.5;10104.0;9564.9;-328.2;287.7;-153.4;290.9;0.26;0.88;-11.22;0.98;1.15;30.78
1753881474.76748;2.7;2.2;-0.1;-3.6;1.02;159.99;1870.3;3303.8;10014.1;9521.1;-332.5;287.7;-153.0;312.2;-0.06;0.65;-11.01;1.31;-0.3;34.74
1753881474.77248;2.7;2.2;-0.1;-3.7;0.78;170.91;1878.0;3303.9;10104.9;9597.9;-332.2;287.9;-152.7;293.3;0.04;0.88;-10.91;-0.21;0.97;34.87
1753881474.77748;2.7;2.2;-0.1;-3.6;0.8;168.06;1916.6;3306.1;10035.0;9619.1;-332.3;287.2;-150.4;294.8;-0.18;1.06;-10.8;0.56;0.33;25.98
1753881474.78248;2.7;2.2;-0.1;-3.7;0.76;166.4;1885.7;3306.2;10082.1;9692.3;-327.8;287.6;-151.7;294.9;0.09;1.08;-11.16;0.51;-0.57;34.07
1753881474.78748;2.7;2.2;-0.1;-3.7;0.77;165.28;1846.0;3307.8;10039.7;9616.4;-330.1;287.2;-150.4;303.7;0.28;1.0;-11.36;1.94;0.3;30.22
1753881474.79248;2.7;2.2;-0.1;-3.9;0.73;167.1;1889.0;3300.7;10052.9;9735.8;-331.6;287.7;-152.4;297.2;0.12;1.15;-11.22;3.0;-0.29;35.17
1753881474.79748;2.6;2.2;-0.1;-4.0;0.7;167.63;1869.1;3308.0;9935.4;9473.4;-327.9;287.4;-149.8;303.9;-0.08;1.14;-11.22;1.47;-0.02;36.39
1753881474.80248;2.7;2.2;-0.1;-3.9;0.62;171.38;1865.8;3300.4;10051.5;9846.4;-333.0;287.6;-150.3;301.1;0.05;0.95;-10.9;1.78;0.08;33.16
1753881474.80748;2.6;2.2;-0.1;-3.7;0.71;167.21;1871.3;3301.6;9928.6;9682.4;-327.0;287.6;-151.9;295.4;-0.05;1.02;-11.26;2.01;0.02;31.82
1753881474.81248;2.6;2.2;-0.1;-3.9;0.7;165.95;1853.8;3294.0;9963.9;9777.4;-328.6;287.6;-149.2;280.2;0.18;1.01;-11.02;2.35;1.6;36.5
1753881474.81748;2.6;2.2;-0.1;-3.8;0.73;167.67;1861.4;3296.4;9915.8;9846.2;-329.3;287.5;-151.2;307.8;0.0;0.97;-10.77;0.6;0.31;32.19
1753881474.822481;2.5;2.2;-0.1;-3.7;0.63;170.97;1837.4;3301.3;10123.9;9790.7;-329.7;287.7;-151.0;283.5;0.04;0.86;-11.22;2.29;0.72;34.01
1753881474.827481;2.6;2.2;-0.1;-3.8;0.45;175.75;1843.6;3298.4;9982.3;9873.4;-325.3;287.0;-152.1;301.2;0.18;0.72;-11.23;1.27;-0.91;27.38
1753881474.832481;2.5;2.2;-0.1;-3.7;0.41;169.08;1817.1;3298.5;10015.9;9825.8;-326.0;287.6;-151.0;281.7;-0.02;1.13;-11.13;1.76;0.22;32.53
1753881474.837481;2.6;2.2;-0.1;-3.9;0.74;168.79;1830.6;3293.9;9827.3;10017.0;-327.2;287.0;-150.9;273.2;0.08;1.1;-11.05;0.85;0.03;37.16
1753881474.842481;2.6;2.2;-0.1;-3.9;0.72;166.92;1831.5;3294.0;9887.1;9827.7;-326.2;287.4;-148.6;293.1;0.07;1.34;-11.22;1.02;0.23;39.05
1753881474.847481;2.6;2.2;-0.1;-3.8;0.75;169.28;1811.0;3301.0;9890.1;9975.8;-330.0;287.1;-147.8;253.4;0.22;0.95;-11.23;0.3;-0.8;38.17
1753881474.852481;2.6;2.2;-0.1;-4.0;0.73;171.62;1810.6;3299.0;10018.4;9863.5;-326.0;286.9;-149.5;281.2;0.02;1.33;-10.88;-0.5;-0.67;36.51
1753881474.857482;2.6;2.2;-0.1;-3.9;0.62;169.69;1845.2;3296.2;9952.7;9846.1;-323.3;287.2;-150.5;270.0;0.22;1.19;-11.37;0.99;0.48;40.89
1753881474.862482;2.6;2.2;-0.1;-4.0;0.51;175.51;1856.4;3298.7;9851.9;9736.9;-326.8;287.2;-148.9;274.0;0.19;1.19;-11.12;0.78;-0.17;33.74
1753881474.867482;2.7;2.2;-0.1;-4.0;0.58;175.76;1827.0;3293.7;9716.2;9863.8;-324.9;286.8;-150.1;289.5;0.36;0.99;-10.97;0.57;-0.59;32.92
1753881474.872482;2.6;2.2;-0.1;-4.1;0.48;179.21;1833.7;3302.4;9739.9;10220.0;-321.8;287.0;-148.4;262.3;0.16;0.98;-11.12;1.45;0.06;36.9
1753881474.877482;2.6;2.2;-0.1;-4.3;0.48;173.63;1815.0;3299.1;9887.8;9832.5;-323.4;287.4;-150.1;249.5;0.43;1.14;-11.13;0.63;-0.27;37.7
1753881474.882478;2.6;2.2;-0.1;-4.0;0.55;175.32;1820.0;3293.0;9866.0;10013.0;-324.0;287.0;-149.0;272.0;0.24;1.16;-11.15;1.79;-0.09;37.58
1753881474.887478;2.6;2.2;-0.1;-4.0;0.55;175.32;1820.0;3293.0;9866.0;10013.0;-324.0;287.0;-149.0;272.0;-0.04;0.87;-11.14;2.05;-0.37;31.76
1753881474.892478;2.6;2.2;-0.1;-4.0;0.55;175.32;1820.0;3293.0;9866.0;10013.0;-324.0;287.0;-149.0;272.0;0.08;0.5;-10.5;0.89;0.34;24.29
1753881474.897478;2.6;2.2;-0.1;-4.0;0.55;175.32;1820.0;3293.0;9866.0;10013.0;-324.0;287.0;-149.0;272.0;0.18;0.87;-10.52;-1.03;-2.81;36.32
1753881474.902478;2.6;2.2;-0.1;-4.0;0.55;175.32;1820.0;3293.0;9866.0;10013.0;-324.0;287.0;-149.0;272.0;0.0;0.62;-10.87;0.16;-1.95;33.83
1753881474.907478;2.6;2.2;-0.1;-4.0;0.55;175.32;1820.0;3293.0;9866.0;10013.0;-324.0;287.0;-149.0;272.0;-0.1;0.51;-10.81;3.41;1.51;24.83
1753881474.912478;2.6;2.2;-0.1;-4.0;0.55;175.32;1820.0;3293.0;9866.0;10013.0;-324.0;287.0;-149.0;272.0;0.13;0.79;-10.54;1.45;1.89;31.34
1753881474.917478;2.6;2.2;-0.1;-4.0;0.55;175.32;1820.0;3293.0;9866.0;10013.0;-324.0;287.0;-149.0;272.0;0.09;0.65;-10.56;-0.3;0.24;36.44
1753881474.922478;2.6;2.2;-0.1;-4.0;0.55;175.32;1820.0;3293.0;9866.0;10013.0;-324.0;287.0;-149.0;272.0;-0.01;0.46;-10.71;2.14;0.28;26.5
1753881474.927478;2.6;2.2;-0.1;-4.0;0.55;175.32;1820.0;3293.0;9866.0;10013.0;-324.0;287.0;-149.0;272.0;0.24;0.88;-10.57;0.93;-0.29;27.35
1753881474.932478;2.7;2.2;-0.1;-4.0;0.44;236.32;1937.4;3323.0;9979.9;10449.4;-276.6;262.6;-148.1;253.6;0.47;1.0;-10.27;-1.88;-1.36;23.57
1753881474.937478;2.3;2.2;-0.1;-3.8;0.84;181.58;1779.5;3253.2;9802.4;10228.9;-331.0;281.6;-147.5;189.9;0.33;0.82;-10.55;1.18;-1.2;23.12
1753881474.942478;2.5;2.2;-0.1;-3.9;0.98;210.85;1646.6;3295.4;9385.0;10330.0;-304.2;304.7;-158.0;274.9;0.46;0.83;-10.62;1.36;-0.85;22.26
1753881474.947478;2.4;2.2;-0.1;-3.6;0.48;176.06;1848.1;3297.4;9705.7;9459.2;-272.8;270.4;-150.9;290.4;0.55;0.99;-10.79;-0.89;-0.2;31.31
1753881474.952479;2.6;2.3;-0.1;-3.8;0.39;121.54;1751.6;3307.9;9797.5;10275.6;-293.5;268.6;-149.3;205.5;0.07;0.53;-10.19;-0.24;-0.43;28.08
1753881474.957479;2.5;2.2;-0.1;-4.0;0.48;67.27;1820.0;3347.3;9831.7;9369.1;-296.7;270.7;-154.2;252.2;0.18;1.15;-10.2;0.23;0.22;33.67
1753881474.962479;2.6;2.2;-0.1;-3.6;1.24;17.64;1677.3;3319.5;9981.5;10227.8;-293.3;255.0;-143.0;267.3;-0.05;1.36;-10.4;-1.94;1.12;25.54
1753881474.967479;2.5;2.2;-0.1;-4.1;0.6;-31.66;1592.1;3310.3;9594.8;10248.6;-323.7;279.0;-151.5;241.1;0.33;0.41;-10.6;0.01;0.08;25.41
1753881474.972479;2.6;2.2;-0.1;-4.4;0.68;123.77;1612.9;3337.9;10230.3;10332.0;-233.3;288.5;-142.6;230.4;-0.16;0.81;-10.09;-0.06;2.49;29.65
1753881474.977479;2.4;2.2;-0.1;-3.9;0.94;31.53;1593.3;3332.3;9786.6;10381.2;-357.8;280.3;-145.6;232.6;0.31;0.75;-10.47;-0.85;0.54;30.22
1753881474.982479;2.6;2.2;-0.1;-4.1;0.88;0.21;1718.8;3348.3;9632.8;10350.6;-216.9;255.3;-148.8;241.4;-0.02;1.25;-10.64;0.22;2.72;29.07
1753881474.98748;2.4;2.2;-0.1;-3.7;1.1;-89.15;1545.6;3305.3;9673.0;9703.5;-251.4;251.1;-145.6;249.1;0.45;1.1;-10.6;0.97;-0.93;23.12
1753881474.99248;2.3;2.2;-0.1;-4.1;0.84;-15.84;1651.4;3332.5;9958.9;10120.8;-279.6;246.9;-149.3;223.4;-0.06;0.8;-10.64;-1.02;3.48;29.87
1753881474.99748;2.5;2.2;-0.1;-4.2;0.99;-35.38;1390.1;3300.6;9764.4;9563.0;-253.7;262.3;-148.1;261.6;0.0;0.69;-10.07;-2.87;0.03;27.79
1753881475.00248;2.5;2.2;-0.1;-4.0;1.21;-58.9;1668.2;3303.5;9600.0;9790.9;-222.4;260.8;-142.9;273.9;-0.16;1.12;-10.3;-2.33;3.04;31.64
1753881475.00748;2.6;2.2;-0.1;-4.2;0.65;65.43;1778.7;3398.9;10005.7;9729.0;-200.4;248.4;-145.1;208.2;-0.01;0.59;-10.1;0.1;1.79;27.43
1753881475.01248;2.4;2.2;-0.1;-4.2;0.78;-42.79;1531.3;3357.2;10443.2;10174.6;-231.8;215.4;-144.9;177.8;-0.06;1.18;-10.56;0.23;0.72;25.92
1753881475.01748;2.5;2.2;-0.1;-3.9;0.51;-175.47;1369.8;3362.7;9934.7;10263.1;-189.5;274.6;-140.7;194.8;-0.15;0.9;-10.25;-0.19;0.36;29.63
1753881475.02248;2.5;2.2;-0.1;-4.4;0.36;-85.33;1581.0;3367.0;9953.8;9766.3;-197.3;242.8;-140.6;243.2;-0.18;1.33;-10.38;0.06;0.17;28.76
1753881475.02748;2.4;2.2;-0.2;-4.0;0.52;-142.25;1393.3;3399.9;10200.2;10327.9;-199.2;242.6;-145.5;233.3;-0.15;0.71;-10.21;-0.14;1.89;28.32
1753881475.03248;2.6;2.2;-0.1;-4.7;0.79;-133.6;1431.1;3383.5;9848.6;9826.8;-190.2;228.8;-134.9;161.8;-0.03;0.71;-10.48;-1.12;0.7;21.97
1753881475.03748;2.5;2.2;-0.1;-4.0;1.04;-12.75;1265.5;3358.7;9929.9;10059.8;-216.6;213.3;-142.3;208.4;-0.47;0.95;-10.57;-1.4;0.28;26.98
1753881475.042481;2.6;2.2;-0.1;-3.7;0.63;-128.18;1363.9;3383.2;10255.2;10068.7;-146.6;224.1;-137.7;202.8;-0.54;1.08;-10.65;-1.64;1.39;26.97
1753881475.047481;2.7;2.2;-0.1;-4.4;1.26;-145.2;1395.2;3404.0;9952.8;10035.5;-142.2;221.5;-138.1;185.2;-0.15;0.88;-10.14;-0.27;-0.89;25.87
1753881475.052481;2.6;2.2;-0.1;-4.0;0.78;-83.15;1240.7;3350.2;10283.5;10245.1;-162.7;223.9;-140.3;173.8;-0.28;0.75;-10.12;-2.28;-0.54;24.14
1753881475.057481;2.5;2.2;-0.1;-3.9;0.87;-188.39;1368.2;3397.1;10083.5;10012.8;-135.4;216.1;-142.9;182.4;-0.13;1.09;-10.19;0.09;0.62;28.84
1753881475.062478;2.5;2.2;-0.1;-4.0;0.91;-177.87;1380.0;3393.0;10106.0;10033.0;-150.0;222.0;-137.0;184.0;-0.28;0.85;-10.25;-0.9;1.12;26.58
1753881475.067478;2.5;2.2;-0.1;-4.0;0.91;-177.87;1380.0;3393.0;10106.0;10033.0;-150.0;222.0;-137.0;184.0;-0.01;0.87;-10.47;-0.9;1.22;28.27
1753881475.072478;2.4;2.2;-0.2;-4.2;0.92;-134.62;1177.1;3390.5;10113.2;10006.6;-95.6;225.5;-143.1;169.6;-0.21;0.91;-10.81;0.54;1.6;25.64
1753881475.077478;2.5;2.2;-0.1;-4.0;0.91;-177.87;1380.0;3393.0;10106.0;10033.0;-150.0;222.0;-137.0;184.0;-0.55;0.83;-11.15;0.8;2.18;24.66
1753881475.082478;2.5;2.2;-0.1;-4.0;0.91;-177.87;1380.0;3393.0;10106.0;10033.0;-150.0;222.0;-137.0;184.0;-0.5;0.99;-11.18;0.23;-1.24;30.31
1753881475.087478;2.5;2.2;-0.1;-4.0;0.91;-177.87;1380.0;3393.0;10106.0;10033.0;-150.0;222.0;-137.0;184.0;0.13;1.01;-10.43;1.34;-0.38;29.0
1753881475.092478;2.5;2.2;-0.1;-4.0;0.91;-177.87;1380.0;3393.0;10106.0;10033.0;-150.0;222.0;-137.0;184.0;-0.29;1.17;-10.26;5.43;2.03;25.56
1753881475.097478;2.5;2.2;-0.1;-4.0;0.91;-177.87;1380.0;3393.0;10106.0;10033.0;-150.0;222.0;-137.0;184.0;-0.53;1.24;-10.76;4.94;-2.63;29.61
1753881475.102478;2.5;2.2;-0.1;-4.0;0.91;-177.87;1380.0;3393.0;10106.0;10033.0;-150.0;222.0;-137.0;184.0;-0.35;0.83;-10.55;1.59;-1.57;28.43
1753881475.107478;2.5;2.2;-0.1;-4.0;0.91;-177.87;1380.0;3393.0;10106.0;10033.0;-150.0;222.0;-137.0;184.0;-0.93;0.48;-10.5;1.35;3.56;24.58
1753881475.112478;2.5;2.2;-0.1;-4.0;0.91;-177.87;1380.0;3393.0;10106.0;10033.0;-150.0;222.0;-137.0;184.0;-1.06;0.71;-10.43;1.27;2.2;31.05
1753881475.117478;2.5;2.2;-0.1;-4.0;0.91;-177.87;1380.0;3393.0;10106.0;10033.0;-150.0;222.0;-137.0;184.0;-0.81;1.02;-10.55;2.13;-1.54;35.38
1753881475.122478;2.5;2.2;-0.1;-4.0;0.91;-177.87;1380.0;3393.0;10106.0;10033.0;-150.0;222.0;-137.0;184.0;-1.06;0.85;-10.93;2.69;0.22;24.39
1753881475.127478;2.5;2.2;-0.1;-4.0;0.91;-177.87;1380.0;3393.0;10106.0;10033.0;-150.0;222.0;-137.0;184.0;-0.85;0.88;-10.83;0.61;1.65;26.31
1753881475.132478;2.5;2.2;-0.1;-4.0;0.91;-177.87;1380.0;3393.0;10106.0;10033.0;-150.0;222.0;-137.0;184.0;0.14;0.81;-10.0;0.53;0.93;36.73
1753881475.137478;2.5;2.2;-0.1;-4.0;0.91;-177.87;1380.0;3393.0;10106.0;10033.0;-150.0;222.0;-137.0;184.0;-0.61;0.6;-10.64;1.23;1.28;30.54
1753881475.142478;2.5;2.2;-0.1;-4.0;0.91;-177.87;1380.0;3393.0;10106.0;10033.0;-150.0;222.0;-137.0;184.0;-1.17;0.54;-11.35;-0.23;-0.44;21.9
1753881475.147478;2.4;2.2;-0.1;-4.0;0.69;-208.96;1314.7;3356.0;10065.5;10061.2;-163.3;220.4;-131.1;232.2;-1.53;0.66;-11.37;0.19;-3.25;21.49
1753881475.152478;2.4;2.2;-0.1;-4.0;0.94;-178.63;1162.3;3313.8;10093.3;10039.2;-245.8;211.0;-123.8;211.7;-1.4;0.45;-11.38;2.04;-0.23;25.11
1753881475.157478;2.4;2.2;-0.1;-4.1;1.0;-360.66;1383.1;3445.1;10077.6;10049.3;-289.4;178.2;-146.4;160.0;-1.03;0.97;-12.12;1.67;-0.38;14.53
1753881475.162479;2.5;2.2;-0.1;-4.1;0.92;-52.81;1142.2;3321.6;10190.8;10016.8;-237.7;185.5;-127.4;171.1;-0.68;0.38;-10.92;0.34;-2.52;26.61
1753881475.167479;2.5;2.2;-0.1;-3.9;0.72;-148.37;1573.8;3333.7;10128.1;10035.7;-129.6;186.9;-129.3;138.3;-1.19;0.68;-11.02;-0.11;-0.23;25.53
1753881475.172479;2.4;2.2;-0.1;-3.9;0.91;-152.52;1664.5;3426.0;10171.4;9981.7;-165.2;208.3;-128.8;221.6;-0.91;0.68;-10.81;2.42;1.61;17.76
1753881475.177479;2.4;2.2;-0.1;-4.0;0.83;-158.32;1488.5;3333.4;10030.1;10013.0;-201.9;190.5;-127.1;129.0;-1.05;0.61;-10.07;-0.07;0.46;34.66
1753881475.182479;2.4;2.2;-0.1;-4.0;0.93;-188.3;2093.9;3332.2;10080.3;9990.0;-75.1;178.5;-128.1;192.1;-0.59;0.61;-10.65;1.83;2.73;22.56
1753881475.187479;2.4;2.2;-0.1;-3.9;0.53;-328.79;1477.8;3313.0;10214.5;10001.4;-170.3;158.6;-114.5;111.7;-0.85;0.51;-10.25;0.17;1.34;27.73
1753881475.192479;2.4;2.2;-0.1;-4.0;0.89;-223.07;1615.7;3301.4;10141.4;10012.4;-216.2;202.9;-115.9;184.7;-0.53;0.51;-9.93;-0.82;-1.2;20.65
1753881475.19748;2.3;2.2;-0.1;-3.9;0.84;-167.76;1668.1;3372.0;9977.0;9997.7;-139.0;190.9;-127.6;151.8;-0.24;0.56;-10.07;-1.2;-0.3;32.3
1753881475.20248;2.4;2.2;-0.1;-3.9;0.87;-358.88;1723.4;3336.4;10078.2;9995.1;-265.9;238.0;-115.5;163.6;-0.11;0.42;-10.73;-0.53;1.94;30.0
1753881475.20748;2.4;2.2;-0.1;-3.8;0.55;-97.22;1959.3;3382.1;10171.2;9979.6;-319.2;218.3;-89.7;182.0;-0.56;0.37;-10.03;-1.25;-1.64;33.6
1753881475.21248;2.4;2.2;-0.1;-4.0;0.7;-302.08;1822.0;3319.4;10256.0;9990.2;-305.3;200.2;-100.3;189.6;0.21;0.83;-10.91;0.09;0.14;26.94
1753881475.21748;2.4;2.2;-0.1;-3.9;0.72;-242.47;2013.4;3330.6;10074.2;9976.0;-325.3;200.4;-109.1;247.5;0.13;0.92;-10.34;-1.1;1.96;36.88
1753881475.22248;2.3;2.2;-0.1;-3.9;0.78;24.62;2029.4;3387.8;10085.9;10014.0;-233.1;190.4;-82.7;130.0;-0.02;0.45;-10.72;0.13;1.39;26.65
1753881475.22748;2.4;2.2;-0.1;-4.0;0.43;-115.99;1848.2;3283.2;9995.5;9990.1;-305.0;177.7;-93.4;168.1;0.09;0.03;-9.74;1.59;0.62;35.78
1753881475.23248;2.4;2.2;-0.1;-3.9;0.82;-163.04;2100.2;3302.6;10156.5;9956.1;-239.0;176.4;-94.4;159.2;-0.09;0.75;-9.8;1.62;1.9;30.53
1753881475.23748;2.3;2.2;-0.1;-3.9;0.65;-145.71;2161.8;3295.0;10127.5;9946.8;-197.8;197.7;-98.2;116.9;-0.03;0.66;-10.8;-1.69;1.54;30.28
1753881475.24248;2.2;2.2;-0.1;-3.8;0.75;-85.67;2221.4;3256.5;10009.8;9964.2;-294.1;181.7;-93.7;182.5;0.27;0.39;-9.36;-1.2;-0.81;23.37
1753881475.247478;2.3;2.2;-0.1;-3.8;0.65;-171.15;1986.0;3303.0;10106.0;9960.0;-281.0;181.0;-95.0;144.0;0.16;0.48;-9.75;0.08;0.99;31.92
1753881475.252478;2.3;2.2;-0.1;-3.8;0.65;-171.15;1986.0;3303.0;10106.0;9960.0;-281.0;181.0;-95.0;144.0;-0.65;0.54;-10.51;-1.35;4.12;28.25
1753881475.257478;2.3;2.2;-0.1;-3.8;0.65;-171.15;1986.0;3303.0;10106.0;9960.0;-281.0;181.0;-95.0;144.0;-0.45;0.76;-11.02;-1.07;1.08;32.26
1753881475.262478;2.3;2.2;-0.1;-3.9;0.83;-171.09;1975.3;3263.0;10130.7;9946.7;-310.7;178.8;-100.2;131.9;-0.56;0.62;-10.83;-2.08;4.06;21.2
1753881475.267478;2.3;2.2;-0.1;-4.0;0.68;-172.17;2104.0;3194.9;10137.9;9967.0;-219.5;190.7;-94.8;148.5;-1.18;1.05;-11.32;1.11;3.73;31.83
1753881475.272478;2.4;2.2;-0.1;-3.7;0.81;-174.09;2116.4;3296.7;9688.8;9989.0;-240.5;187.6;-70.4;119.2;-0.41;1.37;-11.54;-1.59;-0.6;29.04
1753881475.277479;2.4;2.2;-0.1;-3.8;0.59;-176.02;1555.8;3288.6;10150.6;9951.9;-245.4;190.5;-102.5;173.2;-0.13;0.67;-10.98;0.99;1.35;28.22
1753881475.282479;2.5;2.2;-0.1;-3.9;0.72;-169.25;1967.7;3294.5;10005.5;10030.3;-244.4;213.6;-116.7;155.3;-0.84;1.16;-10.69;0.43;-0.43;28.56
1753881475.287479;2.3;2.2;-0.1;-3.9;0.64;-166.41;2211.1;3305.8;10140.0;9951.2;-235.1;195.4;-99.8;168.8;-0.08;0.41;-11.45;1.48;0.39;23.75
1753881475.292479;2.3;2.2;-0.1;-3.8;0.72;-173.94;1736.0;3307.3;10100.2;10001.9;-242.5;238.8;-97.1;88.7;-0.45;1.11;-10.8;-0.05;2.28;33.4
1753881475.297479;2.3;2.2;-0.1;-3.7;0.35;-171.36;2036.4;3330.0;10015.9;9974.2;-277.0;188.7;-105.9;115.8;-0.37;0.63;-11.02;-0.98;2.89;26.84
1753881475.302479;2.2;2.2;-0.1;-3.8;0.61;-164.2;1878.0;3254.9;10080.0;9966.6;-283.3;260.2;-78.6;141.7;-0.21;1.14;-11.67;-1.55;-0.31;26.52
1753881475.30748;2.3;2.2;-0.1;-3.9;0.87;-173.4;1992.1;3269.0;9927.9;9965.9;-241.1;216.0;-80.7;134.5;-0.08;0.79;-10.89;0.23;1.78;30.66
1753881475.31248;2.3;2.2;-0.1;-3.7;0.56;-172.11;1662.3;3300.8;9917.4;9970.7;-275.9;245.0;-93.7;149.5;-0.36;0.64;-11.54;-1.61;0.19;28.6
1753881475.31748;2.4;2.2;-0.1;-3.9;0.5;-168.43;1825.0;3235.8;9870.5;10034.1;-275.6;220.5;-124.6;123.0;-0.28;1.01;-10.49;-1.96;2.32;33.42
1753881475.32248;2.3;2.2;-0.1;-3.8;0.45;-169.01;1977.1;3323.9;9747.2;9959.6;-205.5;273.8;-96.9;108.6;-0.52;1.12;-10.91;-1.58;-1.13;25.83
1753881475.32748;2.3;2.2;-0.1;-3.8;0.73;-175.08;1579.2;3345.6;9856.1;10027.9;-205.0;227.1;-102.4;123.2;0.25;1.04;-10.66;-4.16;-2.34;20.29
1753881475.33248;2.4;2.2;-0.1;-3.7;0.6;-169.05;1907.9;3266.0;10103.1;10012.6;-200.4;239.4;-76.5;129.3;0.14;0.92;-11.28;-0.42;1.82;17.39
1753881475.33748;2.4;2.2;-0.1;-3.8;0.54;-175.53;2510.6;3265.3;9835.9;10041.9;-272.1;174.1;-134.3;142.2;0.37;0.8;-11.55;-2.04;0.39;19.73
1753881475.34248;2.3;2.2;-0.1;-3.9;0.65;-173.19;2357.4;3218.4;10054.3;10066.0;-365.2;239.7;-111.2;172.2;-0.59;0.88;-11.14;-0.39;-0.61;27.25
1753881475.34748;2.2;2.2;-0.1;-4.0;0.59;-170.86;2008.3;3140.8;9896.0;9979.7;-255.2;284.7;-91.6;144.4;0.26;1.42;-10.98;2.02;2.05;26.88
1753881475.35248;2.4;2.2;-0.1;-3.8;0.6;-172.81;2048.0;3342.4;9872.6;9997.2;-264.9;216.7;-101.8;133.6;0.28;1.01;-11.01;-1.8;-1.06;17.46
1753881475.35748;2.3;2.2;-0.1;-3.8;0.78;-168.59;1858.9;3255.3;9818.8;9979.3;-239.5;260.8;-89.3;134.8;-0.34;0.86;-10.98;2.24;3.15;19.31
1753881475.362481;2.4;2.2;-0.1;-3.9;0.75;-175.3;2224.5;3202.3;9689.7;10002.9;-178.2;306.9;-124.0;125.8;0.1;1.23;-10.16;0.44;2.03;17.86
1753881475.367481;2.3;2.2;-0.1;-3.8;0.65;-168.43;1604.7;3249.3;9920.6;10016.9;-174.7;308.7;-117.4;127.4;1.02;1.22;-11.24;0.22;2.11;17.84
1753881475.372481;2.3;2.2;-0.1;-3.7;0.55;-169.03;1547.8;3201.0;9842.8;10023.8;-188.9;259.8;-135.4;128.5;-0.34;1.4;-11.13;1.34;2.96;25.45
1753881475.377481;2.3;2.2;-0.1;-4.0;0.53;-162.93;2320.1;3265.3;9632.7;9994.3;-270.1;260.8;-107.3;146.1;0.17;1.41;-11.27;-1.58;1.57;24.65
1753881475.382481;2.3;2.2;-0.1;-3.9;0.73;-174.32;1867.2;3200.1;9616.7;10026.9;-192.3;291.6;-77.5;115.6;0.56;1.38;-10.73;-0.52;-0.86;15.43
1753881475.387481;2.3;2.2;-0.1;-3.8;0.42;-164.61;1509.0;3167.6;9910.4;9998.4;-235.7;278.6;-105.3;156.6;-0.16;1.36;-10.78;3.14;3.54;19.45
1753881475.392481;2.2;2.2;-0.1;-3.7;0.76;-163.99;2083.5;3267.9;9639.9;10031.2;-197.8;303.5;-144.0;145.2;0.28;1.51;-10.93;2.13;2.36;25.87
1753881475.397482;2.3;2.2;-0.1;-3.8;0.73;-172.83;1614.0;3190.4;9576.8;10051.2;-95.3;234.5;-102.9;139.7;0.06;1.41;-11.44;1.74;-0.18;11.94
1753881475.402482;2.3;2.2;-0.1;-3.8;0.58;-166.86;1984.8;3219.0;9803.5;10059.1;-228.9;320.4;-133.1;86.0;0.3;1.6;-10.98;3.1;0.59;23.25
1753881475.407482;2.3;2.2;-0.1;-3.9;0.6;-170.56;2111.9;3235.0;9697.6;10051.2;-196.6;271.9;-102.9;127.8;-0.82;1.58;-11.43;0.16;5.8;19.49
1753881475.412482;2.2;2.2;-0.1;-3.9;0.58;-165.99;1776.0;3171.1;9682.2;10071.0;-84.3;345.4;-115.7;108.5;1.12;0.89;-10.76;1.71;3.25;8.06
1753881475.417482;2.2;2.2;-0.1;-3.8;0.76;-169.11;2592.2;3350.2;9748.2;10062.8;-250.0;307.2;-130.0;126.8;0.3;1.52;-10.65;-1.25;-0.7;13.48
1753881475.422482;2.3;2.2;-0.1;-3.7;0.71;-168.58;1865.4;3177.6;9679.7;10050.8;-205.4;339.2;-132.5;138.3;0.55;1.49;-10.79;1.35;2.17;11.13
1753881475.427482;2.3;2.2;-0.1;-3.7;0.5;-170.84;1962.3;3284.4;9555.4;10056.6;-187.3;326.5;-108.1;110.2;0.1;1.77;-10.31;1.5;-2.07;13.85
1753881475.432478;2.3;2.2;-0.1;-3.7;0.59;-167.69;1966.0;3240.0;9566.0;10043.0;-189.0;310.0;-113.0;125.0;0.26;1.51;-10.87;0.78;0.72;14.67
1753881475.437478;2.3;2.2;-0.1;-3.7;0.59;-167.69;1966.0;3240.0;9566.0;10043.0;-189.0;310.0;-113.0;125.0;0.3;1.51;-10.27;-1.58;0.25;18.69
1753881475.442478;2.3;2.2;-0.1;-3.7;0.59;-167.69;1966.0;3240.0;9566.0;10043.0;-189.0;310.0;-113.0;125.0;-0.12;1.51;-10.25;0.31;-0.05;15.57
1753881475.447478;2.3;2.2;-0.1;-3.7;0.59;-167.69;1966.0;3240.0;9566.0;10043.0;-189.0;310.0;-113.0;125.0;0.24;1.87;-10.79;2.14;-5.03;20.11
1753881475.452478;2.2;2.2;-0.1;-4.0;0.83;-173.05;1150.8;4513.8;9264.6;9638.3;-103.1;280.7;-150.8;154.3;0.07;2.47;-11.28;-0.99;-2.85;8.28
1753881475.457478;2.4;2.2;-0.1;-3.8;0.72;-173.05;3314.5;4044.1;9248.4;9941.4;-125.5;307.7;-101.3;159.3;-0.06;1.95;-10.85;1.91;-5.12;17.97
1753881475.462478;2.3;2.1;-0.1;-3.4;0.61;-175.28;3067.1;4140.2;8765.3;9748.4;-176.8;389.6;-129.9;239.8;0.11;1.01;-11.41;3.15;-3.78;12.16
1753881475.467478;2.3;2.2;-0.1;-3.9;0.75;-165.3;2131.1;4745.3;9538.0;9508.8;-248.4;284.9;-98.2;165.8;1.95;2.28;-10.48;1.52;-3.62;35.09
1753881475.472479;2.2;2.2;-0.1;-3.9;0.64;-165.16;3150.4;4017.9;10115.9;9940.6;-179.9;281.4;-81.0;195.9;0.28;1.32;-11.47;1.27;-6.79;15.6
1753881475.477479;2.4;2.2;-0.1;-4.0;0.76;-163.48;2871.5;2170.3;9073.2;10051.1;-213.8;277.5;-26.0;153.4;0.68;1.64;-10.85;2.09;-4.69;24.2
1753881475.482479;2.4;2.2;-0.2;-4.2;0.54;-166.54;1955.0;4055.0;9620.0;10240.8;-226.7;333.2;-99.4;123.7;0.54;1.38;-10.66;2.32;-6.64;25.02
1753881475.487479;2.3;2.2;-0.1;-3.9;0.98;-163.16;1585.5;4030.5;9537.0;10030.9;-132.1;258.9;-69.6;243.7;0.17;1.74;-10.54;1.15;-2.62;13.42
1753881475.492479;2.3;2.2;-0.1;-3.8;0.75;-166.66;1688.9;4563.0;8794.7;9944.6;-146.2;258.9;-98.1;188.9;-0.22;1.96;-11.04;-1.15;-3.24;6.85
1753881475.497479;2.2;2.2;-0.1;-3.6;0.85;-168.3;2857.5;4642.5;9388.8;9833.3;-209.7;239.8;-116.4;59.4;1.76;1.66;-11.41;-0.28;-3.9;15.35
1753881475.502479;2.3;2.2;-0.1;-4.0;0.76;-164.08;1083.5;5592.6;9084.8;9958.4;-157.7;250.6;-14.2;267.0;0.1;0.96;-10.7;0.34;-4.75;13.16
1753881475.50748;2.3;2.2;-0.1;-4.0;0.47;-159.21;4754.4;5529.7;9208.4;9536.1;-225.3;304.8;-63.9;276.4;0.71;0.99;-10.7;3.56;-4.05;15.48
1753881475.51248;2.0;2.2;-0.1;-4.3;0.65;-167.53;2248.1;5505.4;9066.7;9251.2;-219.7;270.8;-99.3;238.9;0.06;1.43;-11.13;-0.66;3.7;13.06
1753881475.51748;2.2;2.1;-0.1;-4.1;0.65;-160.71;3524.9;5174.4;9690.7;9628.0;-212.9;271.9;-66.3;288.0;0.65;0.56;-9.78;2.68;-8.14;13.33
1753881475.52248;2.2;2.2;-0.1;-4.5;0.56;-171.98;2825.1;3439.7;9659.0;9575.7;-204.1;354.7;-73.1;161.5;1.11;2.12;-10.76;-3.87;-5.49;22.44
1753881475.52748;2.1;2.2;-0.1;-4.2;0.74;-173.24;3164.2;6984.2;9250.7;9424.9;-163.9;213.9;-100.8;201.7;0.51;1.8;-11.2;1.98;-2.78;12.47
1753881475.53248;2.3;2.2;-0.1;-4.2;0.74;-170.97;2763.2;5622.5;8482.5;9171.7;-146.4;260.1;-18.5;197.8;0.67;1.62;-10.65;-0.61;-2.21;-5.72
1753881475.53748;2.3;2.2;-0.1;-4.1;0.86;-168.58;5182.8;5005.6;9064.4;9634.2;-168.0;252.9;-2.6;213.2;1.07;1.73;-11.95;-3.4;-4.2;16.73
1753881475.54248;2.3;2.2;-0.1;-5.0;0.81;-163.24;3330.1;5589.3;9142.3;9811.8;-142.4;306.0;-29.7;192.0;1.09;1.51;-11.59;-0.09;-1.11;0.97
1753881475.54748;2.2;2.2;-0.1;-4.3;0.58;-166.41;6689.3;6068.2;9259.3;9510.6;-131.0;286.7;-44.4;255.5;1.77;-0.11;-11.06;-4.15;-4.1;4.96
1753881475.55248;2.2;2.2;-0.1;-4.2;0.74;-161.45;3559.0;5464.1;8742.2;9206.1;-123.6;273.9;-51.5;325.5;0.99;1.36;-11.03;-3.01;-4.26;1.04
1753881475.55748;2.1;2.1;-0.1;-4.0;0.56;-163.04;4905.4;7025.2;8913.4;9079.7;-56.1;252.9;-75.4;268.3;1.3;1.54;-11.03;-0.11;-5.43;0.66
1753881475.562481;2.3;2.2;-0.1;-4.8;0.84;-165.08;3241.4;7000.6;8754.5;9450.9;-117.1;243.9;-44.1;362.1;-0.02;0.91;-11.06;-2.56;-5.78;17.96
1753881475.567481;2.3;2.1;-0.1;-4.8;0.76;-163.82;5316.4;5363.0;8794.3;9251.8;-67.0;272.6;40.7;383.8;0.79;1.21;-10.63;0.19;-5.32;-4.76
1753881475.572481;2.1;2.1;-0.1;-4.9;0.92;-162.02;3096.5;5450.6;9346.2;9456.7;-169.5;272.6;-47.0;308.4;1.19;1.13;-11.3;-0.51;-2.25;10.34
1753881475.577481;2.0;2.1;-0.1;-4.4;1.1;-166.05;5989.7;6645.1;8579.3;9301.3;-158.8;328.7;9.5;385.4;0.38;0.62;-11.29;-0.42;-0.48;20.96
1753881475.582481;2.3;2.1;-0.1;-4.0;0.85;-163.15;4960.5;5298.7;9160.8;9276.9;-149.1;279.4;-57.0;253.7;1.94;0.61;-11.25;-0.52;-5.27;-0.47
1753881475.587481;2.1;2.1;-0.1;-4.3;0.96;-169.03;3068.0;6720.5;8715.1;8844.6;-70.5;243.3;-27.5;275.0;0.41;0.7;-10.91;-2.95;0.39;4.74
1753881475.592481;2.2;2.2;-0.1;-4.5;0.77;-164.34;3766.0;6778.4;9327.3;9073.8;-141.5;269.8;-27.9;259.9;1.53;0.46;-11.1;-1.82;-4.93;8.45
1753881475.597482;2.3;2.1;-0.1;-4.5;0.74;-162.15;4229.2;8390.2;9003.3;8973.4;-202.4;226.1;43.3;320.2;1.85;1.02;-11.02;0.23;-4.98;6.19
1753881475.602482;2.3;2.1;-0.1;-4.6;0.9;-163.56;5198.9;5955.5;8415.7;8866.4;-86.3;250.5;-20.3;354.7;0.92;1.3;-11.35;3.35;-4.09;-0.04
1753881475.607482;2.4;2.1;-0.1;-4.3;0.88;-160.8;5762.7;7203.6;9003.8;9068.7;-172.5;308.9;3.9;349.4;1.06;0.95;-10.59;-3.53;-3.57;5.27
1753881475.612482;2.2;2.1;-0.1;-5.4;0.54;-175.09;5594.9;7489.3;8475.7;8994.7;-126.0;256.0;0.5;369.5;2.22;0.22;-11.46;2.37;-5.46;15.2
1753881475.617482;2.2;2.2;-0.1;-4.5;0.94;-167.37;5967.5;7988.7;8709.8;9261.7;-79.3;292.0;-8.3;356.6;1.66;0.59;-12.08;-3.97;-1.16;6.26
1753881475.622482;2.3;2.1;-0.1;-4.4;0.55;-165.88;5095.1;7354.4;9142.8;9150.0;-38.9;280.2;0.1;484.8;2.37;0.0;-12.01;-5.09;-3.95;-2.92
1753881475.627482;2.2;2.2;-0.1;-4.4;0.69;-160.16;6301.3;5006.3;8031.7;8655.3;-59.3;211.9;23.6;352.8;1.09;0.89;-11.79;0.1;-0.97;-3.97
1753881475.632478;2.2;2.1;-0.1;-4.8;0.84;-164.05;5500.0;7763.0;8493.0;8960.0;-98.0;271.0;7.0;399.0;1.26;0.43;-11.28;-2.14;-1.88;2.85
1753881475.637478;2.2;2.1;-0.1;-4.8;0.84;-164.05;5500.0;7763.0;8493.0;8960.0;-98.0;271.0;7.0;399.0;1.24;0.85;-10.72;-0.35;-0.35;5.34
1753881475.642478;2.2;2.1;-0.1;-4.2;1.1;-147.69;6478.8;9591.9;8877.1;8726.7;-261.1;182.4;3.9;529.8;1.66;1.04;-10.62;-2.85;1.32;4.91
1753881475.647478;2.2;2.2;-0.2;-4.9;0.93;-169.33;4814.9;6021.5;9127.6;8709.0;-123.0;343.5;-61.4;359.5;1.1;0.44;-10.8;0.48;-4.12;-15.33
1753881475.652478;2.1;2.1;-0.2;-4.8;0.9;-157.46;2456.0;9479.7;8208.0;8712.8;-165.8;150.9;22.9;353.6;1.44;1.03;-10.33;0.76;-0.63;6.09
1753881475.657478;2.2;2.2;-0.1;-4.7;0.79;-162.1;6226.8;7930.0;8219.9;8952.1;-24.2;262.1;-50.9;217.2;1.14;0.24;-11.09;-0.94;-0.09;16.64
1753881475.662478;2.2;2.1;-0.2;-4.1;1.37;-165.99;1997.8;10853.2;7853.0;8661.3;-109.2;200.8;11.4;357.7;1.37;0.98;-11.15;2.7;-3.77;14.08
1753881475.667478;2.3;2.2;-0.2;-4.9;2.1;-170.5;6035.6;8839.1;8572.7;8654.4;-146.4;240.9;-72.1;331.7;0.2;0.28;-9.92;1.06;-2.26;-1.67
1753881475.672478;2.1;2.1;-0.1;-5.0;1.03;-166.56;3949.4;7169.9;8960.7;9203.3;-158.6;184.4;-10.9;363.3;1.32;0.64;-11.32;-0.9;2.86;24.43
1753881475.677478;2.3;2.2;-0.1;-4.2;1.61;-162.84;5233.0;6595.0;8990.7;8273.2;-131.8;210.0;-2.5;242.5;0.8;1.18;-10.88;-0.66;3.46;4.53
1753881475.682479;2.0;2.1;-0.1;-4.9;1.76;-165.74;9015.7;8643.6;8669.6;8718.6;-53.0;136.4;-112.4;393.6;-0.35;0.83;-10.43;0.72;1.15;7.4
1753881475.687479;2.1;2.2;-0.1;-4.5;1.34;-166.36;6963.6;6955.6;8898.3;9599.4;-90.3;251.9;-52.4;328.6;0.77;1.28;-10.99;-1.99;4.62;-10.05
1753881475.692479;2.1;2.1;-0.1;-4.5;1.39;-152.32;7518.5;6696.8;8564.3;8606.2;-8.9;207.1;5.8;325.6;0.57;1.29;-10.32;0.86;-3.26;36.0
1753881475.697479;2.2;2.2;-0.1;-4.9;1.27;-157.34;5642.8;7259.8;7866.5;9363.1;-57.5;227.9;-60.1;283.1;1.69;0.77;-10.81;-0.09;1.58;5.81
1753881475.702479;2.0;2.2;-0.1;-4.9;1.16;-156.64;7425.6;5998.5;7953.9;9395.5;-51.2;176.7;-58.9;430.9;0.23;0.73;-10.65;-0.38;2.81;-5.24
1753881475.707479;2.2;2.2;-0.2;-4.7;1.4;-163.64;7950.1;10849.3;8345.5;8280.0;-212.3;152.8;-62.7;425.5;2.8;1.04;-10.56;-0.34;-0.74;-3.66
1753881475.712479;2.1;2.1;-0.2;-4.4;1.0;-149.62;1586.8;6382.0;8862.5;9476.6;-2.3;232.0;-126.7;355.7;0.37;0.73;-10.32;3.14;4.33;-23.82
1753881475.71748;2.1;2.1;-0.1;-4.8;1.77;-158.23;6314.2;8858.1;7206.3;8796.3;-33.0;220.3;-34.0;346.8;-0.03;0.44;-10.54;2.67;1.41;-11.57
1753881475.72248;2.1;2.1;-0.2;-4.6;1.15;-166.74;5167.1;7930.6;9482.9;8865.7;-87.1;296.3;-0.5;341.6;0.93;0.86;-10.4;-1.38;1.65;8.1
1753881475.72748;2.0;2.2;-0.2;-5.1;1.84;-162.57;8045.8;8469.2;8794.1;9220.6;-75.8;225.4;-42.4;473.3;0.1;0.5;-10.22;0.22;2.33;9.16
1753881475.73248;1.8;2.2;-0.2;-4.7;1.58;-162.27;11167.6;8718.6;8819.2;8559.0;-156.1;235.3;-105.4;306.2;-1.38;0.13;-10.11;-1.46;-0.16;-5.65
1753881475.73748;2.2;2.1;-0.1;-4.4;1.29;-165.95;5701.0;8731.4;9108.0;9121.9;-28.5;202.9;-69.5;332.6;1.11;0.38;-10.35;1.04;1.08;-9.04
1753881475.74248;2.2;2.1;-0.2;-4.5;1.09;-160.91;7022.8;8087.7;7900.8;8609.3;-212.2;203.7;-75.0;189.3;0.3;0.83;-10.4;-0.15;-0.11;-5.59
1753881475.74748;1.9;2.1;-0.2;-4.2;1.87;-165.8;4992.4;7223.5;7961.2;8932.2;-160.5;124.5;-69.0;319.1;0.01;1.17;-10.06;-0.22;2.21;9.57
1753881475.75248;2.0;2.1;-0.2;-4.2;1.66;-164.66;9847.3;8026.4;8136.4;9569.9;-68.8;171.6;-108.4;232.1;-0.43;0.42;-10.45;1.72;2.74;0.19
1753881475.75748;1.9;2.1;-0.2;-3.9;1.25;-164.4;8516.6;9927.1;8888.5;9315.6;-155.8;197.4;-81.2;158.8;-0.65;0.5;-10.7;2.55;0.19;-5.14
1753881475.76248;2.0;2.1;-0.2;-4.4;1.42;-176.02;9846.9;7676.1;8614.0;9516.3;-109.9;206.0;-102.1;258.1;-0.83;-0.01;-9.85;0.13;0.52;-0.43
1753881475.76748;2.2;2.1;-0.2;-4.2;2.47;-163.98;6008.0;10192.1;10091.1;9282.4;-61.2;141.2;-85.9;185.3;-0.26;0.62;-10.59;0.72;0.82;8.0
1753881475.772481;2.1;2.1;-0.2;-4.5;1.98;-171.01;5675.1;6660.2;9349.3;9439.6;-120.0;147.4;-50.4;350.3;-0.79;0.45;-10.13;-1.49;0.51;-1.63
1753881475.777481;2.1;2.1;-0.2;-4.8;1.64;-167.44;11274.3;7736.1;8559.8;9419.9;-139.1;152.2;-58.0;231.9;0.42;0.18;-10.6;4.53;1.17;-7.88
1753881475.782481;2.2;2.1;-0.2;-4.6;2.25;-168.55;6376.4;4360.9;7849.1;9691.7;-11.5;124.8;-32.5;111.8;-0.24;0.81;-10.17;4.15;-1.55;-5.59
1753881475.787481;2.1;2.1;-0.2;-4.6;1.5;-158.78;8648.4;8527.7;8951.3;9622.0;-138.2;108.6;-189.7;307.8;-1.71;0.59;-10.23;2.77;-2.79;-1.68
1753881475.792481;2.1;2.1;-0.2;-5.0;1.93;-153.51;7046.9;6050.9;8783.8;8647.5;-96.2;198.7;-59.8;118.9;-0.14;0.07;-10.25;0.54;-1.99;-21.48
1753881475.797481;2.1;2.1;-0.2;-4.2;1.71;-166.5;6594.6;9668.7;9099.8;9292.5;-55.5;98.7;-57.1;173.0;-0.97;-0.8;-10.53;1.2;2.35;7.26
1753881475.802482;2.1;2.1;-0.2;-4.1;2.34;-157.68;8179.9;6752.0;8821.4;9596.2;-140.5;55.7;-149.2;301.7;-1.0;0.14;-10.06;-0.19;4.59;-6.28
1753881475.807482;1.9;2.1;-0.2;-4.6;2.52;-162.5;8116.3;7764.9;8993.2;9276.0;-89.9;98.8;-34.3;205.4;0.16;0.0;-10.19;-0.04;4.84;1.46
1753881475.812482;2.0;2.1;-0.2;-4.1;2.25;-163.12;7953.3;10678.1;8390.2;8634.1;-14.5;117.2;-87.8;117.0;0.17;-0.18;-9.35;1.34;-0.63;-3.9
1753881475.817482;2.4;2.1;-0.2;-4.3;2.4;-154.28;8911.1;6623.9;9851.1;8806.3;-85.8;212.9;-107.3;175.8;0.86;0.62;-9.73;3.97;-0.06;0.29
1753881475.822478;2.0;2.1;-0.2;-4.3;2.15;-163.08;9033.0;9420.0;9080.0;9320.0;-61.0;113.0;-122.0;183.0;-0.6;0.26;-10.05;1.8;1.31;-3.3
1753881475.827478;2.0;2.1;-0.2;-4.3;2.15;-163.08;9033.0;9420.0;9080.0;9320.0;-61.0;113.0;-122.0;183.0;-0.38;0.79;-10.6;-1.25;-3.12;9.01
1753881475.832478;2.0;2.1;-0.2;-4.3;2.15;-163.08;9033.0;9420.0;9080.0;9320.0;-61.0;113.0;-122.0;183.0;-0.33;0.01;-10.42;-4.6;-1.41;3.28
1753881475.837478;2.0;2.1;-0.2;-4.3;2.15;-163.08;9033.0;9420.0;9080.0;9320.0;-61.0;113.0;-122.0;183.0;-0.75;0.02;-10.56;1.48;2.87;-10.78
1753881475.842478;2.0;2.1;-0.2;-4.3;2.15;-163.08;9033.0;9420.0;9080.0;9320.0;-61.0;113.0;-122.0;183.0;-0.65;0.72;-10.66;3.02;-1.81;7.57
1753881475.847478;2.0;2.1;-0.2;-4.3;2.15;-163.08;9033.0;9420.0;9080.0;9320.0;-61.0;113.0;-122.0;183.0;-0.63;0.57;-10.52;0.95;-1.49;8.75
1753881475.852478;2.0;2.1;-0.2;-4.3;2.15;-163.08;9033.0;9420.0;9080.0;9320.0;-61.0;113.0;-122.0;183.0;-0.66;0.17;-10.53;0.83;2.34;-8.01
1753881475.857478;2.0;2.1;-0.2;-4.3;2.15;-163.08;9033.0;9420.0;9080.0;9320.0;-61.0;113.0;-122.0;183.0;-0.95;0.8;-11.36;4.61;-0.09;-0.78
1753881475.862478;2.0;2.1;-0.2;-4.3;2.15;-163.08;9033.0;9420.0;9080.0;9320.0;-61.0;113.0;-122.0;183.0;-0.73;0.93;-11.31;2.82;-4.48;11.05
1753881475.867478;2.0;2.1;-0.2;-4.3;2.15;-163.08;9033.0;9420.0;9080.0;9320.0;-61.0;113.0;-122.0;183.0;-0.74;0.42;-10.86;0.54;-0.4;-4.39
1753881475.872478;2.0;2.1;-0.2;-4.3;2.15;-163.08;9033.0;9420.0;9080.0;9320.0;-61.0;113.0;-122.0;183.0;-1.02;0.72;-10.72;1.36;2.38;-5.01
1753881475.877478;2.0;2.1;-0.2;-4.3;2.15;-163.08;9033.0;9420.0;9080.0;9320.0;-61.0;113.0;-122.0;183.0;-0.77;1.01;-10.73;1.48;-1.53;12.55
1753881475.882478;2.0;2.1;-0.2;-4.3;2.15;-163.08;9033.0;9420.0;9080.0;9320.0;-61.0;113.0;-122.0;183.0;-0.61;0.8;-11.06;5.43;-1.99;-3.12
1753881475.887478;2.0;2.1;-0.2;-4.3;2.15;-163.08;9033.0;9420.0;9080.0;9320.0;-61.0;113.0;-122.0;183.0;-0.71;1.15;-11.56;3.71;-0.6;-5.56
1753881475.892478;2.0;2.1;-0.2;-4.3;2.15;-163.08;9033.0;9420.0;9080.0;9320.0;-61.0;113.0;-122.0;183.0;-0.29;1.18;-11.34;0.27;-1.93;8.75
1753881475.897478;2.0;2.1;-0.2;-4.4;1.95;-161.84;7798.7;6547.9;9201.8;9269.1;-53.7;13.5;-119.0;260.4;-0.5;0.69;-10.92;0.53;0.3;-6.7
1753881475.902478;2.0;2.1;-0.2;-4.4;3.16;-161.59;10080.3;6582.0;8992.4;9558.2;-49.3;199.9;-143.3;167.0;-1.34;1.4;-11.55;-4.11;-1.39;8.33
1753881475.907478;2.2;2.1;-0.2;-4.5;1.19;-164.05;6744.0;10353.5;8986.9;9862.2;-32.8;65.7;-77.1;174.1;-1.55;0.76;-11.57;-2.51;-0.03;-5.8
1753881475.912479;1.9;2.1;-0.2;-4.0;2.34;-162.85;6365.9;8123.8;8588.4;9105.4;11.1;-36.0;-142.5;169.4;-1.0;0.95;-11.21;-1.1;-3.65;1.19
1753881475.917479;2.1;2.1;-0.2;-4.0;1.82;-162.34;10591.0;5807.0;9200.5;9760.8;-135.8;93.4;-172.1;203.9;-0.32;2.57;-11.95;-3.58;-2.61;16.71
1753881475.922479;1.9;2.1;-0.2;-4.2;0.88;-164.34;10968.7;10604.7;8932.0;9644.8;-94.2;84.0;-113.5;252.0;-0.79;1.75;-11.32;-2.62;-2.0;11.82
1753881475.927479;2.0;2.1;-0.2;-3.7;2.03;-163.22;6792.9;10120.1;9093.6;9819.5;-102.8;47.9;-28.2;224.1;-0.57;0.86;-11.21;-0.81;-0.46;1.94
1753881475.932479;1.9;2.0;-0.2;-4.0;0.43;-165.31;9226.6;9642.2;8766.4;9288.0;-54.4;-91.6;-103.7;155.1;0.15;1.3;-11.82;-2.12;-1.83;6.85
1753881475.937479;1.9;2.1;-0.2;-3.7;2.88;-165.27;9569.5;9470.4;9381.5;9604.7;-45.6;148.3;-71.9;-13.3;-1.06;0.74;-11.45;-3.31;-4.87;-6.03
1753881475.942479;1.9;2.1;-0.2;-3.6;2.02;-161.43;10850.8;7489.9;9092.1;9504.0;-20.2;98.4;3.2;172.2;-1.13;0.3;-11.31;-0.4;-1.5;26.42
1753881475.94748;1.9;2.1;-0.2;-3.3;0.61;-161.97;10242.7;9641.8;8824.9;9432.2;-103.9;187.8;-16.8;189.1;-1.38;1.41;-11.68;-6.75;-5.07;6.93
1753881475.95248;2.0;2.1;-0.2;-3.9;1.22;-164.6;12054.4;10810.9;8797.3;9300.0;-106.4;201.9;-124.2;4.7;-0.95;0.41;-11.3;-5.24;-2.61;-7.17
1753881475.95748;2.0;2.1;-0.2;-3.7;1.45;-163.03;9781.9;7077.6;9079.9;8655.1;-64.7;43.7;-54.6;180.2;-0.3;1.21;-10.91;-3.88;-0.55;14.71
1753881475.96248;1.8;2.1;-0.2;-3.6;2.11;-161.64;12263.5;8915.0;8726.2;8830.3;-129.6;137.2;44.2;48.9;-0.7;1.76;-10.97;-3.54;-2.04;2.25
1753881475.96748;2.1;2.1;-0.2;-4.2;2.14;-160.75;10452.5;7532.1;8689.7;9399.0;-113.1;47.6;-37.8;150.6;-0.87;1.54;-10.86;-10.1;-5.31;9.22
1753881475.97248;1.9;2.1;-0.2;-3.6;1.71;-162.19;12255.1;10264.3;9392.6;9104.2;-118.8;70.2;-107.7;223.7;-0.96;0.93;-11.05;-7.87;-4.05;9.16
1753881475.97748;2.0;2.1;-0.2;-3.0;0.99;-162.99;6109.3;10504.2;9050.3;9691.1;-113.5;198.6;1.3;250.1;-0.36;0.33;-11.37;-1.07;-4.22;16.17
1753881475.98248;1.8;2.0;-0.2;-3.8;1.02;-163.77;9172.4;9279.1;9180.9;9061.4;5.3;85.4;-154.2;-64.5;-0.98;0.25;-10.77;-7.83;-0.51;15.77
1753881475.98748;2.0;2.0;-0.2;-3.6;1.34;-164.69;10024.9;9238.6;9033.6;9249.0;-129.7;147.3;-77.4;-35.8;-1.45;1.22;-11.22;-2.19;-0.87;11.66
1753881475.99248;1.7;2.1;-0.2;-3.3;-0.11;-162.05;9922.0;9310.1;8670.3;9183.3;-113.6;123.3;35.3;90.5;-1.96;-0.13;-10.7;-1.39;2.79;13.49
1753881475.997481;1.8;2.1;-0.2;-3.1;1.02;-162.16;6788.1;6706.1;9261.9;9186.0;-171.6;250.8;-21.5;152.9;-0.65;0.84;-10.85;-8.18;-3.58;14.92
1753881476.002478;1.9;2.0;-0.2;-3.3;0.63;-163.09;9273.0;9126.0;8943.0;9070.0;-107.0;82.0;5.0;83.0;-1.21;0.83;-10.9;-6.55;-2.58;6.55
1753881476.007478;1.7;2.0;-0.2;-3.6;0.1;-163.88;9881.5;9705.9;8644.5;9005.1;-133.4;-0.7;129.7;38.6;-1.56;0.8;-11.87;-9.4;-0.55;2.01
1753881476.012478;2.0;2.1;-0.2;-3.3;-0.34;-161.56;9559.9;9688.7;8900.9;9305.9;-144.1;130.2;17.1;74.0;-1.55;0.24;-11.04;-8.78;-2.7;7.12
1753881476.017478;1.8;2.1;-0.2;-3.2;0.61;-162.93;11355.8;7334.0;9108.7;9135.7;-133.9;103.1;-30.4;57.8;-1.84;0.32;-10.71;-5.83;-4.52;5.17
1753881476.022478;1.7;2.1;-0.2;-2.8;0.52;-162.47;7209.1;10052.2;9426.4;9513.2;-56.8;104.1;-89.1;51.3;0.05;0.95;-10.39;-5.41;-3.21;18.49
1753881476.027478;2.0;2.1;-0.2;-2.8;0.49;-165.26;6461.9;11423.1;9168.0;9601.1;-77.6;93.0;-66.4;66.2;-0.41;-0.4;-11.31;-6.37;-3.69;23.07
1753881476.032478;1.9;2.1;-0.2;-3.2;0.11;-163.39;7160.3;8260.1;8705.0;8696.1;-92.4;16.6;-5.0;46.1;0.28;0.39;-10.79;2.23;-2.57;17.18
1753881476.037479;1.9;2.0;-0.2;-3.4;0.32;-162.25;9189.7;10725.2;9023.4;8961.6;-2.6;109.1;-11.9;-106.2;-1.71;0.66;-10.41;-1.49;-2.33;-8.85
1753881476.042479;1.8;2.1;-0.2;-3.2;1.4;-164.67;9408.6;10865.0;9012.3;9072.8;-151.3;60.3;-22.8;-0.8;-1.02;1.0;-10.26;-4.77;-4.67;14.22
1753881476.047479;1.8;2.0;-0.2;-3.5;0.41;-163.09;9262.9;6669.7;9166.9;8861.6;-51.1;82.9;-29.5;221.7;-0.48;1.28;-10.56;-9.72;1.21;7.65
1753881476.052479;1.9;2.0;-0.2;-2.8;-0.11;-164.79;7766.5;9194.9;8866.5;9297.1;-18.8;61.8;61.5;164.4;-0.77;1.14;-11.0;-6.52;2.09;7.8
1753881476.057479;1.8;2.0;-0.2;-2.7;1.86;-165.36;7371.7;8257.7;9142.9;9081.1;-52.4;91.3;18.9;95.8;-1.35;1.62;-10.91;-5.82;-3.24;5.91
1753881476.062479;1.7;2.0;-0.2;-3.4;-0.06;-162.7;10791.9;8048.5;8959.1;9072.9;-94.0;-9.2;-35.5;121.6;-1.06;0.98;-10.31;-5.52;-3.01;13.6
1753881476.067479;1.7;1.9;-0.2;-3.3;0.8;-163.02;8489.6;7471.7;9113.9;8954.8;-37.0;116.5;40.2;105.7;-1.25;1.42;-10.48;-0.38;-3.0;9.75
1753881476.07248;1.7;2.1;-0.2;-2.7;-0.05;-163.61;5447.9;8154.7;9095.1;8977.3;-91.5;72.8;-5.8;34.2;-0.92;0.36;-10.3;1.83;-3.93;13.81
1753881476.07748;1.8;2.1;-0.2;-3.3;1.53;-162.26;9267.3;8478.9;9139.3;9118.4;12.2;-0.1;-0.3;128.3;-1.22;1.17;-10.37;-1.05;-5.83;-10.71
1753881476.08248;2.0;2.0;-0.2;-2.6;-0.75;-163.4;14230.5;8643.1;8903.6;9163.0;-67.1;205.8;43.1;-9.8;-1.88;1.4;-10.56;-2.88;-3.19;10.35
1753881476.08748;1.6;2.0;-0.2;-3.6;0.24;-163.52;10601.6;11052.2;9068.9;9224.2;-77.5;31.9;16.0;36.2;-0.84;1.07;-10.07;-6.29;-5.11;11.51
1753881476.09248;1.9;2.1;-0.2;-3.3;0.06;-163.09;6485.3;8439.4;8880.2;8960.5;-54.3;141.5;-72.4;158.5;-1.05;1.12;-9.98;-1.64;-7.45;25.21
1753881476.09748;2.1;2.0;-0.2;-2.9;-0.51;-163.31;10937.9;9911.1;9099.6;9171.3;-50.4;239.5;145.8;102.5;-0.3;0.7;-10.39;-0.98;-0.72;8.69
1753881476.10248;1.8;2.0;-0.2;-2.5;0.57;-164.55;11689.3;9342.8;9125.7;9041.6;-52.1;-41.3;-4.8;-113.2;-0.72;0.32;-10.41;-2.84;-3.52;16.98
1753881476.10748;1.6;2.0;-0.2;-3.3;0.33;-161.6;8082.7;7817.1;8850.9;8917.9;-4.9;112.4;77.5;-6.2;-0.76;0.97;-10.58;-5.44;-1.03;2.48
1753881476.11248;1.8;2.0;-0.2;-3.5;0.68;-162.4;8446.3;7902.4;9088.1;8958.5;-18.4;127.7;50.5;131.1;-0.47;1.9;-9.99;-2.41;-3.98;12.76
1753881476.11748;1.7;2.0;-0.2;-3.2;-0.48;-163.53;7891.4;8759.1;8785.6;9118.2;-40.1;-65.1;67.8;-22.4;-0.68;1.31;-10.41;-0.79;-2.03;8.3
1753881476.122481;1.8;2.1;-0.2;-2.8;-0.34;-162.92;10042.9;9011.1;9075.1;9205.2;-50.2;134.4;76.0;106.3;0.46;1.04;-10.48;1.52;-3.1;16.17
1753881476.127481;1.7;2.0;-0.2;-3.5;-0.31;-163.75;10675.0;8240.7;8939.6;8957.4;15.9;98.4;-17.2;33.2;-0.8;0.32;-10.59;-5.18;-4.07;2.39
1753881476.132481;1.8;2.1;-0.2;-3.5;2.04;-163.1;15119.4;7364.5;9377.5;9141.5;-11.0;-53.1;90.7;-117.4;0.31;1.18;-10.16;-2.98;0.25;8.71
1753881476.137481;1.6;2.0;-0.2;-3.4;0.04;-161.34;7719.6;8198.3;9108.6;8997.5;-79.4;91.8;0.6;110.5;-0.3;0.92;-10.13;-0.34;-5.6;14.6
1753881476.142481;1.7;1.9;-0.2;-3.5;-1.98;-162.45;7896.1;10562.2;9117.5;9062.0;-22.6;172.5;26.1;-49.8;-0.2;1.77;-10.47;0.32;-1.73;12.29
1753881476.147481;1.9;2.0;-0.2;-3.4;-0.04;-162.29;9861.9;5921.4;9089.7;9155.3;-37.6;167.4;10.3;-68.3;-0.68;0.9;-10.53;-1.34;-5.05;12.94
1753881476.152481;1.9;2.0;-0.2;-3.3;-1.05;-161.85;6774.3;9332.2;9416.5;9003.3;0.5;39.7;68.3;6.5;0.13;-0.28;-10.36;2.97;-3.61;23.91
1753881476.157482;1.8;2.1;-0.2;-3.4;0.48;-162.18;7580.3;7480.2;8790.6;9070.8;15.0;93.7;-44.2;7.5;-0.48;2.03;-10.46;-0.47;-3.11;1.3
1753881476.162482;1.9;2.0;-0.2;-3.8;-1.7;-162.34;9481.7;6573.3;8993.5;9012.4;0.6;114.3;-25.7;-30.6;0.82;1.08;-10.61;1.69;-5.39;13.88
1753881476.167482;1.9;2.0;-0.2;-3.9;0.47;-164.57;12884.3;9791.8;9192.7;9032.5;12.1;54.1;-4.9;3.3;0.71;0.64;-9.64;0.86;-0.44;10.11
1753881476.172482;1.8;2.0;-0.2;-2.9;-0.49;-163.69;8612.5;8142.4;9091.6;9376.7;9.5;40.8;60.9;23.6;-0.5;1.31;-9.53;-1.81;-2.74;6.98
1753881476.177482;1.8;1.9;-0.2;-3.1;-0.5;-164.19;7724.1;10131.7;9216.6;8847.4;11.8;77.7;-64.3;-65.5;-0.7;1.22;-10.27;1.86;-2.8;18.77
1753881476.182482;1.7;2.0;-0.2;-3.6;-0.36;-161.39;11115.2;8158.0;9184.8;9052.1;55.6;82.4;-33.2;-57.7;0.98;0.49;-9.95;5.1;-1.16;15.66
1753881476.187478;1.7;2.0;-0.2;-3.2;-0.33;-163.09;9210.0;8996.0;9126.0;9080.0;21.0;51.0;23.0;33.0;0.26;1.26;-10.03;1.06;-3.2;11.48
1753881476.192478;1.7;2.0;-0.2;-3.2;-0.33;-163.09;9210.0;8996.0;9126.0;9080.0;21.0;51.0;23.0;33.0;-0.62;1.02;-10.42;1.35;-2.0;2.23
1753881476.197478;1.7;2.0;-0.2;-3.2;-0.33;-163.09;9210.0;8996.0;9126.0;9080.0;21.0;51.0;23.0;33.0;-1.51;0.66;-10.47;-0.2;2.28;-8.3
1753881476.202478;1.7;2.0;-0.2;-3.2;-0.33;-163.09;9210.0;8996.0;9126.0;9080.0;21.0;51.0;23.0;33.0;-0.4;0.99;-10.17;-1.19;1.69;4.85
1753881476.207478;1.7;2.0;-0.2;-3.2;-0.33;-163.09;9210.0;8996.0;9126.0;9080.0;21.0;51.0;23.0;33.0;-0.7;0.51;-10.96;0.55;2.8;10.13
1753881476.212478;1.7;2.0;-0.2;-3.2;-0.33;-163.09;9210.0;8996.0;9126.0;9080.0;21.0;51.0;23.0;33.0;-1.35;0.04;-10.99;1.03;2.31;-5.08
1753881476.217478;1.7;2.0;-0.2;-3.2;-0.33;-163.09;9210.0;8996.0;9126.0;9080.0;21.0;51.0;23.0;33.0;-0.68;0.11;-10.44;-1.4;0.34;-0.54
1753881476.222478;1.7;2.0;-0.2;-3.2;-0.33;-163.09;9210.0;8996.0;9126.0;9080.0;21.0;51.0;23.0;33.0;0.03;-0.04;-9.94;-5.17;-0.67;11.87
1753881476.227478;1.7;2.0;-0.2;-3.2;-0.33;-163.09;9210.0;8996.0;9126.0;9080.0;21.0;51.0;23.0;33.0;-0.72;-0.63;-10.25;-4.16;3.95;0.19
1753881476.232478;1.7;2.0;-0.2;-3.2;-0.33;-163.09;9210.0;8996.0;9126.0;9080.0;21.0;51.0;23.0;33.0;-0.56;-0.31;-9.49;-3.28;7.0;-0.15
1753881476.237478;1.7;2.0;-0.2;-3.2;-0.33;-163.09;9210.0;8996.0;9126.0;9080.0;21.0;51.0;23.0;33.0;-0.27;-0.11;-8.58;-9.12;8.44;13.32
1753881476.242478;1.7;2.0;-0.2;-3.2;-0.33;-163.09;9210.0;8996.0;9126.0;9080.0;21.0;51.0;23.0;33.0;-0.62;-1.27;-8.27;-8.81;10.17;2.19
1753881476.247478;1.7;2.0;-0.2;-3.2;-0.33;-163.09;9210.0;8996.0;9126.0;9080.0;21.0;51.0;23.0;33.0;-0.63;-0.4;-11.29;1.99;1.39;5.43
1753881476.252478;1.7;2.0;-0.2;-3.5;-0.66;-163.09;9175.1;8802.6;9069.2;8998.6;75.8;82.2;141.7;35.2;-0.78;-0.63;-11.89;-5.21;0.81;-0.03
1753881476.257478;1.9;2.0;-0.2;-3.3;0.2;-163.09;9212.4;8766.9;9032.7;9029.1;67.8;50.2;108.2;1.7;-0.42;-0.03;-11.53;1.47;-3.18;10.47
1753881476.262478;1.7;2.0;-0.2;-2.7;-0.32;-163.09;9298.5;8879.2;9106.6;8999.2;-39.6;13.7;3.9;57.9;-1.05;0.42;-13.2;6.0;4.39;9.28
1753881476.267479;1.6;2.0;-0.2;-3.4;0.83;-163.08;9197.3;8988.6;9145.1;8945.6;0.5;95.7;55.5;-84.6;-0.23;-1.58;-10.95;5.21;9.39;-2.49
1753881476.272479;1.8;2.0;-0.2;-2.7;-0.27;-163.09;9319.4;9003.5;9127.4;8915.6;3.3;45.7;-72.9;84.4;-0.2;-0.56;-11.07;2.62;-0.33;2.37
1753881476.277479;1.8;2.1;-0.2;-2.6;-0.71;-163.09;9275.4;9061.1;9049.1;8909.0;18.2;3.1;-32.0;-19.2;0.56;-0.39;-12.1;3.49;0.59;7.34
1753881476.282479;1.8;2.0;-0.2;-2.8;0.3;-163.08;9234.4;9212.2;9084.5;9064.8;-3.0;13.6;149.6;-16.5;0.05;-0.91;-10.88;0.87;7.87;19.76
1753881476.287479;1.5;2.0;-0.2;-3.2;1.78;-163.08;9299.7;9011.3;9144.4;8921.9;-25.3;7.9;-50.0;66.6;-0.02;-0.41;-10.92;2.16;1.58;17.29
1753881476.292479;1.6;2.0;-0.2;-3.4;0.06;-163.08;9240.6;9067.9;9009.0;9138.4;7.7;61.4;4.8;147.4;-0.33;1.28;-10.48;5.59;7.31;2.12
1753881476.29748;1.5;2.0;-0.2;-3.3;-1.86;-163.08;9157.5;9134.5;9068.0;9044.0;-25.5;89.9;70.9;-18.3;-0.56;-0.01;-11.02;2.11;0.02;10.05
1753881476.30248;1.7;1.9;-0.2;-3.1;0.22;-163.09;9294.7;9127.7;8969.9;9054.0;-78.1;52.4;-182.6;58.7;0.08;0.22;-10.97;-0.94;-0.03;23.92
1753881476.30748;2.0;2.0;-0.2;-3.3;1.75;-163.08;9261.2;9305.6;9183.2;8909.7;18.9;35.2;71.4;144.4;-0.38;0.11;-11.51;-3.26;-0.85;11.59
1753881476.31248;1.8;2.0;-0.2;-3.5;0.51;-163.08;9174.9;9049.9;9067.9;8995.5;68.5;49.8;97.4;-3.6;0.23;1.39;-12.68;6.31;-0.48;24.52
1753881476.31748;1.6;2.0;-0.2;-3.3;0.73;-163.08;9233.0;9190.7;8985.3;8878.3;38.2;31.1;90.3;6.3;-0.39;0.91;-11.83;2.64;-4.89;11.46
1753881476.32248;1.7;2.0;-0.2;-2.0;0.18;-163.08;9385.2;8969.5;9108.0;9094.4;77.5;66.1;33.3;36.2;0.19;0.66;-12.21;4.74;-5.63;18.09
1753881476.32748;1.6;2.0;-0.2;-3.0;1.35;-163.09;9161.9;9144.4;9022.8;9139.2;-32.7;-4.3;39.6;-103.0;0.45;1.46;-11.69;5.67;-2.44;15.87
1753881476.33248;1.5;2.0;-0.2;-1.4;0.82;-163.08;9338.3;9375.4;8964.2;8841.8;43.0;-1.7;-36.3;-0.5;-0.34;1.12;-11.77;0.99;-5.4;11.32
1753881476.33748;1.5;2.0;-0.2;-3.4;0.55;-163.08;9415.3;9013.1;9108.4;9055.4;19.5;45.2;3.1;133.4;0.45;1.8;-11.38;-0.38;3.62;11.58
1753881476.34248;1.7;2.0;-0.2;-2.3;-1.4;-163.09;9253.1;9113.2;8967.3;9031.9;-58.2;44.3;-43.1;107.3;0.85;0.2;-11.51;-2.36;-0.12;34.43
1753881476.34748;1.9;1.8;-0.2;-3.4;-1.37;-163.08;9204.4;8922.9;8940.6;8803.0;-19.9;32.5;103.0;53.8;-0.33;1.01;-11.8;6.75;0.14;7.19
1753881476.352481;1.6;1.9;-0.2;-3.1;-0.74;-163.07;9308.9;8963.2;9027.5;9076.8;19.9;46.8;24.8;36.7;-0.06;0.09;-11.29;5.27;-0.94;15.32
1753881476.357481;1.6;2.0;-0.2;-2.7;-0.25;-163.08;9194.4;9185.9;9030.2;8983.1;31.2;8.9;4.9;14.2;-0.14;0.46;-11.83;1.02;-3.03;21.93
1753881476.362481;1.7;1.9;-0.2;-2.7;1.46;-163.09;9365.7;9639.6;8952.4;8782.0;-19.6;7.5;18.4;-11.5;0.04;0.04;-13.04;2.89;-0.66;23.53
1753881476.367478;1.6;2.0;-0.2;-2.5;0.04;-163.08;9263.0;9153.0;8953.0;8916.0;9.0;17.0;19.0;4.0;0.19;1.05;-12.09;3.47;-2.12;20.86
1753881476.372478;1.6;2.0;-0.2;-2.5;0.04;-163.08;9263.0;9153.0;8953.0;8916.0;9.0;17.0;19.0;4.0;-0.85;0.21;-11.4;2.76;2.92;-7.01
1753881476.377478;1.6;2.0;-0.2;-2.5;0.04;-163.08;9263.0;9153.0;8953.0;8916.0;9.0;17.0;19.0;4.0;-0.22;0.49;-10.47;-1.18;3.52;-14.09
1753881476.382478;1.6;2.0;-0.2;-2.5;0.04;-163.08;9263.0;9153.0;8953.0;8916.0;9.0;17.0;19.0;4.0;-0.14;0.88;-9.91;-2.48;-1.67;15.16
1753881476.387478;1.6;2.0;-0.2;-2.5;0.04;-163.08;9263.0;9153.0;8953.0;8916.0;9.0;17.0;19.0;4.0;-0.03;0.54;-10.85;5.79;-0.35;2.54
1753881476.392478;1.6;2.0;-0.2;-2.5;0.04;-163.08;9263.0;9153.0;8953.0;8916.0;9.0;17.0;19.0;4.0;-0.12;0.19;-12.51;5.75;-1.54;-10.78
1753881476.397478;1.6;2.0;-0.2;-2.5;0.04;-163.08;9263.0;9153.0;8953.0;8916.0;9.0;17.0;19.0;4.0;0.86;0.37;-11.65;-1.78;-4.75;5.17
1753881476.402478;1.6;2.0;-0.2;-2.5;0.04;-163.08;9263.0;9153.0;8953.0;8916.0;9.0;17.0;19.0;4.0;0.07;0.26;-9.87;-1.17;3.31;4.05
1753881476.407478;1.6;2.0;-0.2;-2.5;0.04;-163.08;9263.0;9153.0;8953.0;8916.0;9.0;17.0;19.0;4.0;-0.5;0.65;-8.86;0.65;6.53;-3.28
1753881476.412478;1.6;2.0;-0.2;-2.5;0.04;-163.08;9263.0;9153.0;8953.0;8916.0;9.0;17.0;19.0;4.0;0.01;1.24;-10.44;0.08;-0.03;4.37
1753881476.417478;1.6;2.0;-0.2;-2.5;0.04;-163.08;9263.0;9153.0;8953.0;8916.0;9.0;17.0;19.0;4.0;-0.04;0.2;-11.21;-0.71;-2.12;-1.21
1753881476.422478;1.6;2.0;-0.2;-2.5;0.04;-163.08;9263.0;9153.0;8953.0;8916.0;9.0;17.0;19.0;4.0;-0.01;-0.09;-10.67;1.12;1.37;-5.36
1753881476.427478;1.6;2.0;-0.2;-2.5;0.04;-163.08;9263.0;9153.0;8953.0;8916.0;9.0;17.0;19.0;4.0;0.54;0.68;-9.81;1.49;2.18;5.02
1753881476.432478;1.7;2.0;-0.2;-2.2;0.07;-163.07;9236.4;9185.9;8838.1;8826.1;8.6;25.7;2.6;11.7;0.81;1.42;-10.06;5.05;2.73;-6.61
1753881476.437478;1.4;1.9;-0.2;-2.3;0.23;-163.08;9232.2;9104.7;8949.1;9116.0;9.7;20.0;20.4;-2.0;0.15;0.61;-10.16;0.54;1.17;9.55
1753881476.442478;1.6;2.0;-0.2;-2.9;-0.22;-163.09;9259.4;9264.8;9010.7;8886.3;4.0;32.3;25.2;14.1;0.53;0.21;-8.97;-1.83;0.08;13.43
1753881476.447478;1.6;2.0;-0.2;-2.4;-0.22;-163.07;9278.9;9179.6;8881.3;8990.6;12.1;-7.5;22.4;2.9;0.03;0.08;-10.12;6.53;0.82;10.93
1753881476.452479;1.4;1.9;-0.2;-2.0;-0.07;-163.09;9239.0;9194.2;9119.1;9113.5;5.0;9.3;31.4;5.2;1.1;0.83;-9.78;3.34;2.88;-4.12
1753881476.457479;1.5;2.0;-0.2;-2.8;0.19;-163.09;9284.5;9287.1;9002.2;8768.7;16.1;21.7;23.9;20.0;0.47;0.25;-10.54;-3.53;5.48;-10.47
1753881476.462479;1.5;1.9;-0.2;-2.4;-0.26;-163.08;9269.4;9091.9;9086.5;9091.0;14.6;32.2;37.6;15.2;0.46;1.14;-7.13;2.47;0.01;-1.94
1753881476.467479;1.5;1.9;-0.2;-2.6;0.13;-163.09;9281.3;9214.4;9009.2;9000.8;1.5;21.6;31.8;3.9;0.46;0.28;-9.55;-3.7;6.2;-17.15
1753881476.472479;1.6;1.9;-0.2;-2.6;0.09;-163.09;9301.6;9175.1;9035.2;8908.5;13.9;27.3;34.0;20.5;0.75;0.34;-8.91;5.64;3.31;1.5
1753881476.477479;1.5;1.9;-0.2;-2.8;-0.1;-163.1;9246.8;9202.9;8905.1;9041.4;15.2;-18.1;22.6;-4.3;0.38;1.32;-10.49;-10.17;-0.07;3.42
1753881476.482479;1.5;1.9;-0.2;-2.3;0.08;-163.09;9264.9;9100.5;8956.7;9111.8;13.1;9.6;31.6;16.4;0.33;1.33;-9.92;9.33;5.11;-17.13
1753881476.48748;1.5;1.9;-0.2;-2.3;0.02;-163.09;9269.3;9173.4;8900.8;9034.9;-1.1;12.7;27.7;14.7;1.05;-0.38;-10.84;7.04;1.38;-7.89
1753881476.49248;1.4;1.9;-0.2;-2.7;0.19;-163.1;9277.1;9219.6;8982.0;9000.8;15.5;40.2;33.9;29.2;0.04;-0.21;-11.06;3.99;-1.1;10.02
1753881476.49748;1.4;1.9;-0.2;-2.6;-0.09;-163.1;9239.9;8948.8;8841.5;9175.3;7.0;8.3;47.3;-12.3;0.1;0.76;-9.1;0.57;1.39;-12.11
1753881476.50248;1.6;2.0;-0.2;-2.6;-0.27;-163.1;9275.4;8975.9;8879.7;9070.6;5.9;24.2;23.9;-0.7;0.43;-0.24;-11.12;0.37;0.57;-23.86
1753881476.50748;1.4;2.0;-0.2;-2.9;0.01;-163.09;9249.7;9109.1;9058.0;9004.4;7.0;-5.7;29.9;4.4;0.26;-0.28;-10.36;-0.19;-2.44;-10.2
1753881476.51248;1.6;2.0;-0.2;-3.0;-0.28;-163.08;9280.9;9178.6;8903.2;8886.7;5.0;22.4;48.4;-12.3;-0.44;-0.48;-14.41;4.97;8.83;-9.56
1753881476.51748;1.4;1.9;-0.2;-3.0;-0.23;-163.1;9275.8;9301.9;8841.9;9292.8;8.5;29.6;55.6;20.3;0.21;-0.29;-10.2;-1.85;3.13;-23.98
1753881476.52248;1.3;1.9;-0.2;-3.2;-0.07;-163.1;9254.7;9236.3;8955.4;9228.9;3.4;7.4;46.7;39.7;0.26;0.2;-10.77;2.51;-0.74;-0.03
1753881476.52748;1.4;1.9;-0.2;-2.2;-0.18;-163.09;9270.6;9103.6;8948.4;9067.0;10.5;32.3;40.2;14.2;-0.55;-0.24;-11.49;-0.44;0.27;-27.06
1753881476.53248;1.3;1.9;-0.2;-3.1;-0.33;-163.08;9263.2;9125.7;9000.9;9168.1;17.4;6.6;55.8;-8.4;-0.41;0.23;-10.04;-9.26;3.55;-18.87
1753881476.53748;1.4;1.9;-0.2;-2.5;0.17;-163.1;9284.2;9053.5;9080.7;9169.4;1.6;5.5;54.5;14.5;0.46;-0.6;-11.91;-4.16;4.06;-4.46
1753881476.542481;1.4;2.0;-0.2;-2.8;0.01;-163.1;9217.7;9111.7;8878.0;9154.3;10.3;-14.3;47.1;26.1;-0.72;0.32;-13.05;-5.22;-1.67;-12.23
1753881476.547481;1.5;1.9;-0.2;-2.5;0.0;-163.1;9314.8;9173.8;8947.3;9095.7;10.5;28.2;52.0;-0.5;-0.24;-1.26;-11.4;-1.23;-3.16;-31.24
1753881476.552478;1.4;1.9;-0.2;-2.8;-0.21;-163.1;9273.0;9180.0;8980.0;9236.0;11.0;10.0;54.0;8.0;-0.04;-0.31;-11.59;-3.05;-1.4;-18.01
1753881476.557478;1.4;1.9;-0.2;-2.8;-0.21;-163.1;9273.0;9180.0;8980.0;9236.0;11.0;10.0;54.0;8.0;1.13;0.35;-9.65;-3.15;0.83;0.77
1753881476.562478;1.4;1.9;-0.2;-2.8;-0.21;-163.1;9273.0;9180.0;8980.0;9236.0;11.0;10.0;54.0;8.0;-0.17;0.99;-9.62;4.37;1.85;17.43
1753881476.567478;1.4;1.9;-0.2;-2.8;-0.21;-163.1;9273.0;9180.0;8980.0;9236.0;11.0;10.0;54.0;8.0;0.2;-0.27;-10.5;1.43;3.18;-1.28
1753881476.572478;1.4;1.9;-0.2;-2.6;-0.44;-163.1;9297.8;9192.2;9057.2;9232.6;10.0;-1.7;44.3;10.5;0.25;-0.83;-12.13;-6.55;5.3;-4.2
1753881476.577478;1.4;1.9;-0.2;-2.8;-0.21;-163.1;9273.0;9180.0;8980.0;9236.0;11.0;10.0;54.0;8.0;0.66;0.37;-11.63;-1.33;-1.66;10.59
1753881476.582478;1.4;1.9;-0.2;-2.8;-0.21;-163.1;9273.0;9180.0;8980.0;9236.0;11.0;10.0;54.0;8.0;0.43;-0.15;-10.93;1.95;0.82;6.46
1753881476.587478;1.4;1.9;-0.2;-2.8;-0.21;-163.1;9273.0;9180.0;8980.0;9236.0;11.0;10.0;54.0;8.0;0.85;-0.37;-10.77;0.61;1.81;-6.5
1753881476.592478;1.4;1.9;-0.2;-2.8;-0.21;-163.1;9273.0;9180.0;8980.0;9236.0;11.0;10.0;54.0;8.0;0.92;0.19;-11.61;-1.3;-1.38;1.52
1753881476.597478;1.4;1.9;-0.2;-2.8;-0.21;-163.1;9273.0;9180.0;8980.0;9236.0;11.0;10.0;54.0;8.0;0.5;0.02;-10.31;-0.71;-0.22;11.36
1753881476.602478;1.4;1.9;-0.2;-2.8;-0.21;-163.1;9273.0;9180.0;8980.0;9236.0;11.0;10.0;54.0;8.0;0.67;-0.24;-9.54;1.28;4.34;-2.4
1753881476.607478;1.4;1.9;-0.2;-2.8;-0.21;-163.1;9273.0;9180.0;8980.0;9236.0;11.0;10.0;54.0;8.0;0.95;0.4;-10.44;0.24;2.18;-0.91
1753881476.612478;1.4;1.9;-0.2;-2.8;-0.21;-163.1;9273.0;9180.0;8980.0;9236.0;11.0;10.0;54.0;8.0;0.69;0.23;-11.54;-1.11;-1.35;8.56
1753881476.617478;1.4;1.9;-0.2;-2.8;-0.21;-163.1;9273.0;9180.0;8980.0;9236.0;11.0;10.0;54.0;8.0;1.0;-0.6;-11.28;-2.83;0.25;3.18
1753881476.622478;1.5;1.9;-0.2;-2.7;-0.02;-163.09;9278.0;9197.7;8965.0;9199.7;12.5;4.7;54.1;6.3;-0.86;-0.12;-11.79;-3.0;1.65;12.9
1753881476.627478;1.4;1.9;-0.2;-2.8;-0.21;-163.1;9273.0;9180.0;8980.0;9236.0;11.0;10.0;54.0;8.0;0.19;0.65;-10.04;-0.03;0.22;6.77
1753881476.632478;1.4;1.9;-0.2;-2.8;-0.21;-163.1;9273.0;9180.0;8980.0;9236.0;11.0;10.0;54.0;8.0;-0.14;0.29;-10.43;1.63;0.4;2.51
1753881476.637478;1.5;1.9;-0.2;-2.6;-0.26;-163.08;9275.8;9177.4;8955.2;9338.0;10.3;8.1;70.2;7.8;-0.13;1.01;-9.37;2.6;-0.76;1.59
1753881476.642478;1.4;1.9;-0.2;-2.9;-0.29;-163.08;9274.4;9180.5;8992.5;9279.0;10.1;8.1;35.0;8.8;-0.58;0.33;-11.07;1.94;-1.23;-8.84
1753881476.647478;1.5;1.9;-0.2;-2.9;-0.15;-163.09;9271.2;9166.1;8980.1;9232.7;11.1;7.2;61.2;7.1;0.14;-0.74;-10.92;-1.09;1.41;-1.45
1753881476.652479;1.4;1.9;-0.2;-2.9;-0.19;-163.11;9274.5;9183.6;8985.5;9389.1;12.0;14.5;46.8;10.4;0.39;0.63;-9.66;-0.39;3.22;5.19
1753881476.657479;1.4;1.9;-0.2;-2.6;-0.38;-163.1;9277.5;9169.9;8984.9;9138.9;12.7;10.7;68.5;10.4;0.67;-0.13;-10.28;0.98;2.31;-6.23
1753881476.662479;1.3;1.9;-0.2;-2.9;-0.34;-163.11;9271.6;9184.9;8997.5;9185.1;11.1;12.9;67.0;7.7;0.55;0.45;-9.25;-0.62;-0.25;-1.06
1753881476.667479;1.4;1.9;-0.2;-2.9;-0.16;-163.1;9274.8;9179.0;8981.7;9520.0;11.5;7.9;62.1;8.9;0.1;0.06;-10.77;-0.76;-0.58;3.22
1753881476.672479;1.4;1.9;-0.2;-2.7;-0.4;-163.1;9276.1;9168.0;8957.7;9395.6;10.8;14.6;62.5;9.9;-0.22;1.28;-10.21;2.19;2.4;13.77
1753881476.677479;1.3;1.9;-0.2;-2.8;-0.46;-163.11;9274.5;9184.3;8991.9;9443.2;11.7;6.0;46.1;10.0;0.06;-0.35;-9.8;-1.12;-0.96;-2.27
1753881476.68248;1.4;1.9;-0.2;-2.7;-0.02;-163.11;9268.3;9181.9;8989.1;9182.1;10.4;9.0;57.3;7.6;-0.58;0.52;-10.35;-0.97;0.62;6.9
1753881476.68748;1.4;1.9;-0.2;-2.7;-0.09;-163.08;9277.3;9192.0;8965.3;9148.3;11.4;13.9;51.6;8.2;-0.79;0.44;-10.5;0.11;0.24;7.46
1753881476.69248;1.4;1.9;-0.2;-2.8;-0.08;-163.1;9272.4;9179.2;8994.1;9092.6;10.4;7.5;86.4;9.3;0.16;-0.22;-10.26;1.58;0.85;0.35
1753881476.69748;1.4;1.9;-0.2;-2.8;-0.24;-163.1;9268.1;9164.2;8966.1;9109.3;10.6;10.7;59.9;8.1;0.07;0.61;-10.06;4.27;1.07;3.03
1753881476.70248;1.4;1.9;-0.2;-2.8;0.0;-163.11;9275.5;9176.1;8977.2;9197.6;11.8;9.5;49.1;7.6;-0.61;-0.24;-8.95;-0.94;0.06;-4.87
1753881476.70748;1.5;1.9;-0.2;-2.6;-0.21;-163.1;9276.3;9214.5;8976.9;9062.4;10.4;10.3;63.9;6.9;0.08;-0.1;-10.52;0.74;-1.42;-9.21
1753881476.71248;1.5;1.9;-0.2;-2.7;-0.34;-163.11;9271.1;9187.6;8988.9;9340.4;12.7;10.7;51.9;10.0;-0.25;0.41;-9.72;-0.66;-1.2;13.41
1753881476.71748;1.4;1.9;-0.2;-3.0;-0.29;-163.12;9262.6;9173.8;8979.3;9329.9;10.9;7.1;41.4;10.3;-0.27;-0.18;-11.27;-0.65;4.19;0.34
1753881476.72248;1.4;1.9;-0.2;-2.7;-0.09;-163.12;9275.5;9175.3;8978.5;9290.7;10.7;17.8;38.8;11.5;-0.03;0.16;-10.28;2.55;2.91;-0.01
1753881476.72748;1.4;1.9;-0.2;-2.9;0.03;-163.11;9273.0;9150.6;8987.0;9423.1;10.7;9.0;35.1;7.4;-0.83;-0.37;-10.62;5.25;3.51;-12.27
1753881476.732478;1.4;1.9;-0.2;-2.8;-0.21;-163.1;9273.0;9180.0;8980.0;9236.0;11.0;10.0;54.0;8.0;-0.37;0.02;-9.69;1.38;2.02;0.7
1753881476.737478;1.4;1.9;-0.2;-2.7;-0.22;-163.1;9302.0;9132.0;8963.4;9335.8;10.2;18.4;65.2;-5.1;0.03;0.38;-7.63;1.57;5.11;9.76
1753881476.742478;1.4;1.9;-0.2;-2.6;-0.21;-163.12;9257.8;9146.5;8936.8;9071.6;8.3;12.6;60.2;8.4;-0.49;-0.26;-9.27;0.54;0.74;-6.85
1753881476.747478;1.4;1.9;-0.2;-2.8;-0.35;-163.11;9267.9;9159.7;8994.8;9221.7;10.9;11.4;35.6;3.8;-0.13;0.6;-9.73;-0.26;2.86;9.75
1753881476.752478;1.2;1.9;-0.2;-2.7;-0.12;-163.08;9241.2;9126.9;8943.1;9322.8;12.8;5.7;63.7;11.3;-0.8;-0.38;-8.35;0.04;1.55;7.51
1753881476.757478;1.5;1.9;-0.2;-2.6;-0.32;-163.1;9301.4;9121.7;9051.2;9078.0;8.1;5.6;43.8;15.3;-0.12;0.38;-9.77;-0.16;0.23;0.4
1753881476.762478;1.4;1.9;-0.2;-2.7;-0.26;-163.1;9319.4;9172.8;8935.2;9288.5;10.6;17.5;60.8;14.9;0.21;0.64;-10.07;1.69;2.03;-10.15
1753881476.767479;1.4;1.9;-0.2;-2.7;-0.3;-163.1;9212.2;9105.3;9057.0;9339.4;9.3;19.4;50.5;19.0;-0.94;-0.01;-10.14;2.68;2.38;-7.89
1753881476.772479;1.3;1.9;-0.2;-2.6;-0.12;-163.11;9219.9;9174.5;9002.3;9358.9;11.9;18.7;37.0;23.2;-0.55;0.5;-10.21;-2.08;0.44;-7.18
1753881476.777479;1.5;1.9;-0.2;-2.7;-0.21;-163.09;9217.9;9070.2;9094.5;8999.2;4.5;29.7;40.4;3.5;0.23;0.77;-9.59;2.66;4.72;21.33
1753881476.782479;1.5;1.9;-0.2;-2.7;-0.2;-163.1;9248.8;9121.8;9038.1;9055.7;13.1;41.2;46.1;21.0;-1.17;-0.03;-9.13;1.77;-0.24;8.02
1753881476.787479;1.3;1.9;-0.2;-2.7;-0.18;-163.11;9273.4;9151.2;9093.7;9215.2;8.1;15.3;60.8;11.0;-0.06;-0.25;-8.92;2.32;-1.07;-0.36
1753881476.792479;1.3;1.9;-0.2;-2.6;-0.15;-163.12;9248.2;9135.2;9049.8;9292.2;0.9;11.5;27.7;22.4;1.17;0.26;-9.98;0.79;7.83;11.44
1753881476.79748;1.2;1.9;-0.2;-2.7;-0.23;-163.11;9230.1;9181.4;8957.2;9290.2;0.1;29.7;35.8;19.8;0.01;0.66;-10.1;-0.03;5.84;-8.68
1753881476.80248;1.2;1.9;-0.2;-2.8;-0.08;-163.1;9219.5;9083.9;8949.0;9352.5;6.3;8.1;48.9;13.9;-0.49;-0.02;-10.08;3.32;8.69;17.93
1753881476.80748;1.4;1.9;-0.2;-2.7;-0.36;-163.1;9191.5;9153.3;9148.1;9192.8;7.5;27.9;32.0;11.1;0.07;0.53;-8.43;4.28;9.39;15.48
1753881476.81248;1.3;1.9;-0.2;-2.5;-0.1;-163.1;9180.2;9105.8;8974.3;9374.9;6.9;26.3;29.7;18.9;0.27;-0.16;-10.01;-0.11;5.63;4.49
1753881476.81748;1.3;1.9;-0.2;-2.7;-0.33;-163.1;9226.5;9093.4;9076.0;9340.1;3.6;35.6;53.3;22.9;-0.76;0.08;-10.12;0.68;7.27;26.76
1753881476.82248;1.3;1.9;-0.2;-2.6;-0.19;-163.1;9265.7;9174.6;9147.6;9026.3;8.8;29.5;44.3;23.4;-0.3;0.8;-9.6;1.59;3.08;19.83
1753881476.82748;1.2;1.9;-0.2;-2.6;-0.38;-163.11;9202.3;9090.5;9029.7;9382.1;0.4;38.1;32.4;11.9;-0.06;0.51;-9.85;3.17;5.28;23.41
1753881476.83248;1.4;1.9;-0.2;-2.6;-0.24;-163.1;9241.1;9071.8;9091.0;9017.6;11.3;40.1;20.2;21.3;-0.26;-0.28;-8.99;3.52;5.89;7.06
1753881476.83748;1.4;1.8;-0.2;-2.5;-0.04;-163.11;9195.3;9117.6;9102.5;9224.0;-1.9;21.6;8.7;31.2;0.02;0.45;-9.78;-1.14;6.18;13.65
1753881476.84248;1.4;1.9;-0.2;-2.4;-0.2;-163.11;9219.8;9085.4;9217.0;9071.9;5.2;36.3;51.5;28.0;0.34;0.57;-10.04;1.51;5.09;7.7
1753881476.84748;1.3;1.9;-0.2;-2.7;-0.27;-163.11;9176.2;9034.5;9128.1;9284.1;-0.5;45.5;44.5;25.8;-0.79;1.54;-10.11;-1.54;5.45;8.34
1753881476.852481;1.4;1.8;-0.2;-2.6;-0.36;-163.11;9190.2;9142.4;9007.2;9236.5;6.4;36.6;32.8;26.8;-0.84;1.13;-10.82;0.6;3.32;4.15
1753881476.857481;1.2;1.8;-0.2;-2.6;-0.04;-163.11;9216.9;9067.0;9024.2;8994.7;2.2;49.1;42.1;22.9;0.49;0.92;-10.11;2.52;8.29;21.64
1753881476.862481;1.3;1.8;-0.2;-2.6;-0.12;-163.1;9177.4;9037.0;9122.2;9173.6;3.4;34.2;39.0;24.6;0.5;0.08;-10.6;4.24;7.04;4.72
1753881476.867481;1.2;1.8;-0.2;-2.5;-0.06;-163.1;9134.1;9077.3;9182.5;9187.0;3.2;52.8;20.2;14.9;-0.6;0.29;-10.44;0.27;8.19;6.45
1753881476.872481;1.4;1.8;-0.2;-2.5;-0.06;-163.12;9179.4;9050.0;9148.6;8936.8;3.0;43.5;45.6;17.0;0.41;0.86;-9.25;3.87;11.9;18.52
1753881476.877481;1.3;1.9;-0.2;-2.6;-0.12;-163.11;9222.7;9017.2;9093.1;9183.8;2.1;48.3;35.0;30.0;-0.02;0.11;-9.53;2.53;7.45;23.59
1753881476.882481;1.2;1.9;-0.2;-2.6;-0.2;-163.12;9170.7;9066.4;9233.5;8994.3;-2.7;67.5;30.8;29.3;0.06;0.76;-8.34;4.5;6.78;25.84
1753881476.887482;1.1;1.8;-0.2;-2.6;-0.03;-163.11;9132.0;9049.4;9144.7;9137.2;8.4;37.0;25.1;28.5;0.38;1.38;-10.63;1.48;8.75;1.18
1753881476.892482;1.3;1.9;-0.2;-2.6;-0.24;-163.11;9156.6;8968.5;9195.8;9367.9;0.2;42.0;18.1;25.2;-1.04;0.47;-9.61;3.74;6.45;2.11
1753881476.897482;1.3;1.8;-0.2;-2.7;-0.36;-163.12;9190.5;9035.3;9097.4;9040.0;-3.1;49.1;23.4;23.5;0.36;1.27;-8.82;4.39;6.87;21.42
1753881476.902482;1.1;1.9;-0.2;-2.5;-0.23;-163.11;9159.9;9038.3;9146.3;9231.6;0.8;28.4;40.6;35.3;-0.17;0.68;-8.01;2.16;7.84;-2.75
1753881476.907482;1.3;1.9;-0.2;-2.6;-0.13;-163.1;9122.5;9032.4;9242.6;9197.2;-8.4;34.5;27.5;31.7;0.25;0.79;-8.92;3.52;9.58;19.26
1753881476.912482;1.2;1.9;-0.2;-2.6;-0.08;-163.1;9150.3;9078.7;9238.2;9021.8;-8.7;39.6;52.2;36.2;-0.24;1.38;-9.78;4.61;10.18;10.74
1753881476.917482;1.2;1.8;-0.2;-2.6;-0.22;-163.11;9128.0;9015.3;9087.3;8987.8;-6.2;44.7;10.7;30.8;0.34;1.45;-10.86;2.7;10.39;26.82
1753881476.922482;1.2;1.9;-0.2;-2.7;-0.01;-163.11;9137.9;9038.7;9297.1;9033.2;-5.6;40.9;19.7;36.3;-0.42;0.81;-10.12;-1.68;4.32;23.25
1753881476.927482;1.1;1.9;-0.2;-2.4;-0.1;-163.11;9123.3;8988.8;9252.7;8933.5;-10.9;54.6;17.8;30.2;-0.31;0.22;-9.61;1.21;9.05;15.11
1753881476.932478;1.2;1.8;-0.2;-2.5;-0.18;-163.11;9136.0;9026.0;9226.0;9033.0;-5.0;53.0;22.0;35.0;0.04;0.82;-9.66;2.35;9.19;21.01
1753881476.937478;1.2;1.8;-0.2;-2.5;-0.18;-163.11;9136.0;9026.0;9226.0;9033.0;-5.0;53.0;22.0;35.0;-0.5;0.11;-12.21;2.31;8.66;-14.28
1753881476.942478;1.2;1.8;-0.2;-2.5;-0.18;-163.11;9136.0;9026.0;9226.0;9033.0;-5.0;53.0;22.0;35.0;0.07;0.24;-12.47;-4.43;-4.24;-9.47
1753881476.947478;1.2;1.8;-0.2;-2.5;-0.09;-163.11;9263.7;8997.7;9189.6;9025.5;2.7;52.0;17.3;20.6;-0.25;0.06;-11.95;-6.14;-8.32;-5.73
1753881476.952478;1.0;1.8;-0.2;-2.5;-0.1;-163.11;9031.8;9009.4;9342.9;9002.6;1.4;60.9;35.5;48.3;-0.42;0.41;-12.56;-5.85;-3.86;-19.11
1753881476.957478;1.2;1.8;-0.2;-2.7;-0.08;-163.11;9166.2;8989.3;9359.0;8970.0;4.3;54.8;20.5;44.4;0.09;0.56;-11.88;-6.3;-2.42;-21.33
1753881476.962478;1.1;1.9;-0.2;-2.5;-0.19;-163.11;9007.2;9016.7;9287.9;9054.6;-1.8;33.8;17.9;28.2;-0.33;0.31;-12.78;-4.07;-7.43;6.33
1753881476.967478;1.0;1.9;-0.2;-2.7;-0.27;-163.1;9050.7;8937.5;9366.0;8948.8;-5.0;53.4;8.0;47.6;-0.82;0.25;-12.23;-6.32;-7.55;-13.46
1753881476.972479;1.1;1.9;-0.2;-2.6;-0.13;-163.1;9184.0;9026.6;9176.8;9304.3;-4.7;39.4;27.3;48.1;-0.69;0.43;-13.31;-7.32;-5.58;-13.07
1753881476.977479;1.1;1.9;-0.2;-2.5;-0.04;-163.1;9166.2;9049.3;9320.8;8980.3;6.4;47.2;30.4;36.0;-0.28;0.34;-11.49;-5.01;-1.15;-15.55
1753881476.982479;1.1;1.8;-0.2;-2.5;-0.07;-163.11;9176.6;8926.8;9138.4;9072.8;1.0;99.3;35.9;29.0;0.52;1.03;-11.1;-0.44;-4.26;-22.77
1753881476.987479;1.2;1.9;-0.2;-2.5;0.02;-163.11;9049.7;9001.9;9119.7;9039.7;-5.0;52.7;48.4;19.8;-0.58;0.08;-11.14;-0.55;1.56;-24.35
1753881476.992479;1.1;1.9;-0.2;-2.6;-0.17;-163.1;9036.5;9016.3;8850.5;9094.8;3.9;66.0;27.3;31.7;0.09;0.53;-11.38;-3.51;-3.46;1.75
1753881476.997479;1.1;1.8;-0.2;-2.6;0.07;-163.1;9204.5;8968.8;9204.3;8959.3;6.1;87.0;29.1;22.3;-0.14;0.67;-11.84;-5.99;-4.47;-0.21
1753881477.002479;1.0;1.9;-0.2;-2.6;-0.19;-163.1;9082.2;9116.5;9129.0;9153.3;2.3;75.2;9.3;25.5;1.07;0.76;-11.7;-2.12;-6.04;-4.82
1753881477.00748;1.2;1.8;-0.2;-2.5;-0.07;-163.09;9042.0;8977.1;9037.6;9090.1;3.8;61.8;29.5;34.5;-0.3;0.51;-11.29;1.66;3.15;-10.56
1753881477.01248;1.1;1.8;-0.2;-2.6;-0.17;-163.12;9040.5;9084.7;9023.5;9047.0;13.9;55.8;43.9;29.2;0.26;0.66;-11.24;-2.25;-0.82;20.97
1753881477.01748;1.0;1.8;-0.2;-2.6;-0.01;-163.1;9204.9;8979.7;9065.9;9113.7;-2.2;92.9;36.2;30.5;-0.47;-0.18;-10.49;-0.93;-3.31;-28.34
1753881477.02248;1.2;1.8;-0.2;-2.5;0.12;-163.09;9028.0;8971.6;9111.1;8959.7;-1.6;47.9;28.6;34.4;0.54;0.56;-11.21;-6.89;-0.72;-7.51
1753881477.02748;1.0;1.8;-0.2;-2.7;-0.03;-163.1;8987.8;8941.9;9102.0;9017.7;-5.6;100.0;47.0;14.6;0.03;0.41;-10.28;0.77;-2.53;0.69
1753881477.03248;1.1;1.8;-0.2;-2.5;0.01;-163.11;9097.4;8943.9;8987.5;9056.8;19.1;55.6;39.7;36.8;0.11;-0.23;-12.63;-0.44;0.76;0.63
1753881477.03748;1.2;1.8;-0.2;-2.4;-0.13;-163.1;9090.3;9035.2;9081.1;8909.5;1.6;27.1;19.7;21.0;0.07;-0.2;-11.93;-3.36;-5.93;-5.18
1753881477.04248;1.1;1.8;-0.2;-2.7;-0.07;-163.1;9004.1;9068.8;8940.6;9032.3;1.7;78.2;28.9;31.2;0.14;-0.52;-11.36;-3.41;2.28;-24.04
1753881477.04748;1.2;1.9;-0.2;-2.5;-0.0;-163.1;9026.8;9094.8;9155.3;9052.5;3.6;83.3;40.1;27.4;-0.76;-0.05;-11.55;-1.18;-4.22;-0.1
1753881477.05248;1.2;1.9;-0.2;-2.6;0.14;-163.1;9068.2;8928.6;8825.2;9014.1;8.1;29.2;15.1;25.6;-0.76;0.5;-12.12;0.08;-2.69;-1.7
1753881477.05748;1.2;1.8;-0.2;-2.4;0.19;-163.08;9053.0;9039.8;8986.4;8970.1;8.2;74.6;31.2;29.4;-0.48;0.11;-11.79;-1.42;-4.45;-16.93
1753881477.062481;1.2;1.8;-0.2;-2.7;0.05;-163.09;9028.7;9119.7;9010.9;8933.2;7.0;48.3;34.0;-1.2;0.77;0.19;-11.08;-0.85;-0.17;-13.63
1753881477.067481;1.1;1.8;-0.2;-2.4;0.35;-163.08;9059.4;8918.1;8952.2;8868.1;16.4;48.5;24.6;27.4;-0.12;0.15;-11.14;-6.09;-4.27;5.22
1753881477.072481;1.1;1.8;-0.2;-2.5;0.01;-163.09;9192.1;9051.9;9091.7;8986.0;13.5;71.8;44.5;29.4;-0.86;-0.41;-8.69;-1.44;0.71;-5.13
1753881477.077481;1.0;1.8;-0.2;-2.6;0.33;-163.1;9024.9;9063.9;8934.9;8877.4;19.1;69.4;43.4;24.0;0.44;-0.06;-12.52;-0.45;-2.9;2.87
1753881477.082481;1.3;1.8;-0.2;-2.4;0.17;-163.09;8988.2;9043.0;9075.8;8949.0;27.9;69.9;35.4;21.4;-0.11;0.07;-9.81;-4.27;-3.96;14.2
1753881477.087481;1.0;1.8;-0.2;-2.6;0.25;-163.08;9012.8;8944.4;8930.0;9109.9;4.6;49.0;49.4;22.2;-0.67;0.61;-11.92;-1.0;0.49;-10.98
1753881477.092481;1.0;1.8;-0.2;-2.4;0.09;-163.09;8974.8;8953.6;8952.8;8825.6;29.8;34.7;22.8;30.6;0.06;-0.03;-10.44;1.41;2.05;13.26
1753881477.097482;1.1;1.8;-0.2;-2.7;0.25;-163.1;9001.9;8971.0;9164.8;8894.5;24.1;11.1;57.9;8.7;-0.42;0.32;-12.97;-2.79;-1.22;-23.34
1753881477.102482;0.9;1.8;-0.2;-2.2;0.44;-163.09;9026.9;8898.6;8911.6;8899.9;27.7;56.0;42.8;22.9;0.4;0.62;-9.48;3.74;-2.36;-7.85
1753881477.107482;1.1;1.8;-0.2;-2.5;0.23;-163.08;9038.3;8938.4;8944.1;9020.0;21.1;82.6;62.5;18.8;-0.16;0.95;-9.93;-2.21;2.67;11.24
1753881477.112482;1.0;1.8;-0.2;-2.7;0.33;-163.09;9160.3;9060.2;8874.1;8914.0;23.4;69.5;37.8;25.2;-0.31;0.1;-10.37;0.48;-8.12;-12.78
1753881477.117482;1.1;1.8;-0.2;-2.6;0.3;-163.07;9090.6;9055.5;8897.6;9074.7;17.6;62.8;37.3;11.0;-0.38;0.7;-10.56;2.37;-5.79;-3.87
1753881477.122482;1.1;1.8;-0.2;-2.2;0.13;-163.09;8899.9;8989.8;8763.8;9061.7;25.9;71.6;37.9;12.7;0.62;0.56;-10.57;1.91;5.6;-4.16
1753881477.127478;1.0;1.8;-0.2;-2.5;0.26;-163.08;8996.0;8970.0;8870.0;8970.0;22.0;80.0;47.0;19.0;-0.07;0.37;-10.97;0.6;-0.45;-3.72
1753881477.132478;0.9;1.8;-0.2;-2.5;0.24;-163.08;9011.8;8798.9;8896.6;9033.7;34.3;90.2;36.7;27.2;-0.18;1.22;-11.6;2.49;-7.7;-9.57
1753881477.137478;1.1;1.8;-0.2;-2.6;0.41;-163.08;8967.2;9018.9;8972.5;9231.8;15.0;57.9;60.5;30.1;-0.66;0.84;-11.3;-0.46;6.5;-12.66
1753881477.142478;1.0;1.8;-0.2;-2.5;0.24;-163.08;8901.9;9016.4;8931.0;8862.1;37.0;50.1;35.4;18.8;-0.91;0.49;-11.2;0.73;-1.11;-10.98
1753881477.147478;0.8;1.8;-0.2;-2.5;0.36;-163.09;8814.7;9084.7;8785.4;9106.4;32.4;56.1;31.2;23.5;0.55;0.54;-9.75;0.06;-3.4;6.28
1753881477.152478;0.9;1.8;-0.2;-2.5;0.26;-163.08;8935.8;9001.9;8725.9;9029.2;24.2;63.9;53.1;26.1;-0.24;0.29;-10.57;2.47;3.8;-2.06
1753881477.157478;0.8;1.8;-0.2;-2.6;0.35;-163.08;9177.6;9105.3;8925.8;9066.5;17.1;85.6;46.4;16.1;-0.02;1.1;-10.32;0.31;1.44;-6.87
1753881477.162479;1.0;1.8;-0.2;-2.5;0.09;-163.08;9104.5;9026.4;8931.8;8929.0;30.1;55.8;33.2;13.2;0.01;0.21;-10.82;3.22;2.63;-16.05
1753881477.167479;1.0;1.8;-0.2;-2.6;0.09;-163.08;9128.9;8945.8;8875.5;9103.4;40.2;42.5;21.0;25.4;-0.8;0.66;-11.64;0.35;0.9;-13.7
1753881477.172479;1.0;1.8;-0.2;-2.7;0.16;-163.07;9189.9;8908.2;8865.0;9126.0;21.5;66.5;40.4;22.0;0.19;1.56;-11.47;-0.55;-2.91;-17.1
1753881477.177479;0.9;1.8;-0.2;-2.5;0.12;-163.08;8936.9;8985.6;8989.4;8981.9;26.2;9.7;53.1;8.8;0.51;0.11;-11.3;2.71;3.38;-9.97
1753881477.182479;0.8;1.8;-0.2;-2.5;0.27;-163.08;8838.0;9042.6;9096.3;9153.9;20.4;97.2;44.0;33.2;0.19;0.49;-12.84;-0.42;-2.51;-3.65
1753881477.187479;0.8;1.8;-0.2;-2.7;0.1;-163.09;9136.4;9165.2;8879.5;8860.0;36.1;65.5;51.4;18.3;0.65;0.9;-11.3;2.61;6.5;-4.14
1753881477.192479;1.4;1.7;-0.2;-2.6;0.14;-163.09;8882.2;8984.8;8991.3;9018.0;20.7;65.9;35.4;17.8;0.99;0.36;-10.89;4.62;2.48;-13.07
1753881477.19748;1.0;1.8;-0.2;-2.7;0.09;-163.09;9011.2;9113.3;8843.5;9131.3;26.9;24.2;7.9;12.5;0.11;-0.02;-10.83;-1.58;5.3;-15.44
1753881477.20248;1.1;1.7;-0.2;-2.5;0.12;-163.09;9045.4;9049.5;8852.4;9099.3;37.0;40.7;16.2;27.4;0.03;0.41;-10.76;4.42;-1.44;-25.08
1753881477.20748;1.1;1.8;-0.2;-2.5;0.06;-163.09;8957.0;9110.8;9011.7;9071.2;16.6;51.7;17.6;41.9;-0.2;0.18;-11.99;0.27;-7.9;-14.54
1753881477.21248;0.8;1.8;-0.2;-2.7;0.07;-163.09;9166.8;9230.2;9178.2;8957.4;15.8;59.3;46.0;31.7;0.32;0.79;-11.12;5.68;5.83;-12.92
1753881477.21748;0.9;1.8;-0.2;-2.5;0.05;-163.08;9024.8;9053.4;8974.9;8978.9;34.0;34.8;35.4;14.9;-0.02;0.99;-11.03;3.7;3.58;-4.24
1753881477.22248;1.1;1.8;-0.2;-2.7;0.1;-163.08;9127.6;9039.9;8895.9;8849.2;18.7;58.9;29.9;20.8;0.74;-0.32;-11.32;3.74;2.07;-21.68
1753881477.22748;1.2;1.8;-0.2;-2.5;0.03;-163.08;9032.9;9174.4;9079.6;9208.7;36.9;52.9;38.4;12.2;0.09;0.37;-11.93;-1.15;4.03;-13.75
1753881477.23248;0.8;1.7;-0.2;-2.6;0.16;-163.09;9075.0;9252.5;8964.6;8991.3;24.1;-12.0;58.2;16.1;0.3;0.18;-9.12;-0.16;3.09;-21.7
1753881477.23748;1.0;1.7;-0.2;-2.6;0.0;-163.08;9063.0;9125.4;8938.8;9118.7;41.2;24.2;50.5;13.4;-0.38;0.21;-11.09;2.87;3.06;-22.48
1753881477.24248;1.3;1.7;-0.2;-2.5;0.08;-163.09;8950.3;9251.2;9032.9;9117.2;25.0;33.2;38.4;24.1;0.23;0.05;-10.44;-1.43;-0.01;-6.58
1753881477.247481;0.8;1.8;-0.2;-2.7;0.04;-163.09;8965.6;9142.0;8830.2;9070.0;33.7;0.6;32.6;24.6;-0.14;0.7;-9.96;3.19;6.24;-34.63
1753881477.252481;0.8;1.8;-0.2;-2.8;0.01;-163.1;8945.6;9127.4;9042.2;9017.4;30.3;45.3;46.8;26.9;-0.34;0.18;-10.76;1.0;2.76;-15.96
1753881477.257481;1.2;1.7;-0.2;-2.7;0.18;-163.09;8955.0;9080.6;8958.3;8981.7;17.5;-34.8;59.4;32.4;0.05;0.43;-11.74;3.47;7.82;-7.02
1753881477.262481;0.7;1.8;-0.2;-2.6;-0.21;-163.1;8905.1;9124.3;9111.7;9089.4;45.5;-10.2;12.8;41.3;-0.19;0.97;-10.84;3.83;1.78;-29.83
1753881477.267481;1.2;1.6;-0.2;-2.7;0.19;-163.08;9068.0;9360.1;9097.9;8964.0;23.5;-52.3;46.9;24.2;0.3;0.15;-11.02;-1.44;5.0;-13.19
1753881477.272481;0.8;1.8;-0.2;-2.8;-0.12;-163.08;9083.1;9214.3;9019.9;9277.7;41.6;-4.7;44.5;25.2;-0.34;0.37;-12.55;5.32;1.11;-11.24
1753881477.277481;0.8;1.8;-0.2;-2.7;-0.03;-163.09;8928.7;9237.1;9057.9;9087.7;45.4;65.3;42.5;42.1;0.07;0.46;-11.51;3.94;0.3;-14.93
1753881477.282482;0.8;1.7;-0.2;-2.7;0.05;-163.09;8864.2;9222.7;9023.5;8958.1;27.6;21.3;35.3;24.4;-0.38;1.04;-10.61;6.63;4.31;-21.9
1753881477.287482;0.8;1.8;-0.2;-2.7;-0.06;-163.09;9011.0;9248.7;8986.0;9083.3;30.0;-41.1;21.1;1.7;0.23;0.62;-11.31;1.42;1.73;-33.69
1753881477.292482;0.9;1.7;-0.2;-2.6;0.02;-163.1;9014.3;9243.1;8870.3;9086.7;42.1;2.8;34.7;-0.8;0.22;0.55;-11.79;-0.94;4.18;-20.97
1753881477.297482;1.0;1.7;-0.2;-2.8;-0.13;-163.09;8856.6;9301.3;9136.6;8836.0;29.4;8.5;34.1;16.5;-1.2;0.19;-10.87;6.15;3.99;-25.92
1753881477.302482;0.7;1.8;-0.2;-2.7;-0.05;-163.09;8773.4;9331.6;9019.2;9034.2;39.6;-6.1;18.9;18.7;0.0;0.45;-10.38;9.0;1.05;-6.18
1753881477.307482;0.8;1.7;-0.2;-2.8;-0.21;-163.09;8773.3;9426.4;9241.5;8981.7;52.0;-2.4;29.0;9.5;0.0;0.87;-10.47;4.56;3.12;-23.95
1753881477.312478;0.9;1.7;-0.2;-2.8;-0.12;-163.09;8960.0;9290.0;9090.0;9033.0;34.0;-14.0;31.0;20.0;-0.25;0.63;-10.9;3.7;4.82;-17.83
1753881477.317478;0.9;1.7;-0.2;-2.8;-0.12;-163.09;8960.0;9290.0;9090.0;9033.0;34.0;-14.0;31.0;20.0;-0.04;0.81;-11.07;0.6;-1.16;6.37
1753881477.322478;0.9;1.7;-0.2;-2.8;-0.12;-163.09;8960.0;9290.0;9090.0;9033.0;34.0;-14.0;31.0;20.0;-0.43;0.71;-11.58;-0.09;-1.2;11.7
1753881477.327478;0.9;1.7;-0.2;-2.8;-0.12;-163.09;8960.0;9290.0;9090.0;9033.0;34.0;-14.0;31.0;20.0;-0.19;0.4;-9.87;2.89;3.67;-7.41
1753881477.332478;0.9;1.7;-0.2;-2.8;-0.12;-163.09;8960.0;9290.0;9090.0;9033.0;34.0;-14.0;31.0;20.0;-0.27;1.24;-9.22;3.15;2.12;-3.88
1753881477.337478;0.9;1.7;-0.2;-2.8;-0.12;-163.09;8960.0;9290.0;9090.0;9033.0;34.0;-14.0;31.0;20.0;-0.67;1.25;-10.47;-1.48;-4.39;14.45
1753881477.342478;0.9;1.7;-0.2;-2.8;-0.12;-163.09;8960.0;9290.0;9090.0;9033.0;34.0;-14.0;31.0;20.0;-0.38;0.02;-11.54;-7.14;-4.69;-3.29
1753881477.347478;0.9;1.7;-0.2;-2.8;-0.12;-163.09;8960.0;9290.0;9090.0;9033.0;34.0;-14.0;31.0;20.0;0.35;-0.06;-11.13;-1.93;-1.74;-19.5
1753881477.352478;0.9;1.7;-0.2;-2.8;-0.12;-163.09;8960.0;9290.0;9090.0;9033.0;34.0;-14.0;31.0;20.0;-0.16;1.12;-10.37;0.01;-0.99;11.49
1753881477.357478;0.9;1.7;-0.2;-2.8;-0.12;-163.09;8960.0;9290.0;9090.0;9033.0;34.0;-14.0;31.0;20.0;-1.21;0.47;-10.32;-1.28;1.37;20.23
1753881477.362478;0.9;1.7;-0.2;-2.8;-0.12;-163.09;8960.0;9290.0;9090.0;9033.0;34.0;-14.0;31.0;20.0;-0.49;0.08;-10.6;1.88;3.4;-15.17
1753881477.367478;0.9;1.7;-0.2;-2.8;-0.12;-163.09;8960.0;9290.0;9090.0;9033.0;34.0;-14.0;31.0;20.0;-0.03;0.65;-10.62;0.82;-0.66;-4.25
1753881477.372478;0.9;1.7;-0.2;-2.8;-0.12;-163.09;8960.0;9290.0;9090.0;9033.0;34.0;-14.0;31.0;20.0;-0.6;0.58;-10.34;0.85;-2.53;19.98
1753881477.377478;0.9;1.7;-0.2;-2.8;-0.12;-163.09;8960.0;9290.0;9090.0;9033.0;34.0;-14.0;31.0;20.0;-0.21;0.22;-10.14;3.12;1.93;-2.94
1753881477.382478;0.9;1.7;-0.2;-2.8;-0.12;-163.09;8960.0;9290.0;9090.0;9033.0;34.0;-14.0;31.0;20.0;-0.2;0.43;-10.59;0.05;3.22;-11.83
1753881477.387478;0.9;1.7;-0.2;-2.8;-0.12;-163.09;8960.0;9290.0;9090.0;9033.0;34.0;-14.0;31.0;20.0;-0.37;0.73;-10.6;-1.62;-0.24;13.11
1753881477.392478;0.9;1.7;-0.2;-2.8;-0.12;-163.09;8960.0;9290.0;9090.0;9033.0;34.0;-14.0;31.0;20.0;-0.61;0.44;-10.62;2.15;1.15;3.76
1753881477.397478;0.9;1.7;-0.2;-2.8;-0.12;-163.09;8960.0;9290.0;9090.0;9033.0;34.0;-14.0;31.0;20.0;-0.38;1.05;-10.16;2.82;2.78;-13.87
1753881477.402478;0.9;1.7;-0.2;-2.8;-0.12;-163.09;8960.0;9290.0;9090.0;9033.0;34.0;-14.0;31.0;20.0;-0.72;1.54;-9.92;-1.28;-0.13;9.33
1753881477.407478;0.9;1.7;-0.2;-2.8;-0.12;-163.09;8960.0;9290.0;9090.0;9033.0;34.0;-14.0;31.0;20.0;-0.4;0.21;-11.17;-7.2;-2.83;14.32
1753881477.412478;0.9;1.7;-0.2;-2.8;-0.12;-163.09;8960.0;9290.0;9090.0;9033.0;34.0;-14.0;31.0;20.0;0.2;-0.27;-11.05;-4.78;2.73;-19.76
1753881477.417478;0.9;1.7;-0.2;-2.8;-0.12;-163.09;8960.0;9290.0;9090.0;9033.0;34.0;-14.0;31.0;20.0;-0.27;1.03;-10.23;0.36;2.49;-5.56
1753881477.422478;0.9;1.7;-0.2;-2.8;-0.12;-163.09;8960.0;9290.0;9090.0;9033.0;34.0;-14.0;31.0;20.0;-0.87;1.36;-10.51;1.68;-4.4;25.75
1753881477.427478;0.9;1.7;-0.2;-2.8;-0.12;-163.09;8960.0;9290.0;9090.0;9033.0;34.0;-14.0;31.0;20.0;-0.6;0.4;-10.94;2.14;-0.88;-4.13
1753881477.432478;0.9;1.7;-0.2;-2.8;-0.12;-163.09;8960.0;9290.0;9090.0;9033.0;34.0;-14.0;31.0;20.0;-0.67;0.78;-10.89;4.0;3.7;-21.79
1753881477.437478;0.9;1.7;-0.2;-2.8;-0.12;-163.09;8960.0;9290.0;9090.0;9033.0;34.0;-14.0;31.0;20.0;-1.23;1.78;-10.83;3.58;-1.73;21.26
1753881477.442478;0.9;1.7;-0.2;-2.8;-0.12;-163.09;8960.0;9290.0;9090.0;9033.0;34.0;-14.0;31.0;20.0;-1.25;0.87;-10.88;1.96;0.07;8.47
1753881477.447478;0.9;1.7;-0.2;-2.8;-0.12;-163.09;8960.0;9290.0;9090.0;9033.0;34.0;-14.0;31.0;20.0;-0.67;0.46;-10.5;2.43;4.17;-26.02
1753881477.452478;0.9;1.7;-0.2;-2.8;-0.12;-163.09;8960.0;9290.0;9090.0;9033.0;34.0;-14.0;31.0;20.0;-1.04;1.33;-10.46;1.83;-1.17;8.26
1753881477.457478;0.9;1.7;-0.2;-2.8;-0.12;-163.09;8960.0;9290.0;9090.0;9033.0;34.0;-14.0;31.0;20.0;-1.08;1.05;-10.62;1.83;-1.56;18.29
1753881477.462478;0.9;1.7;-0.2;-2.8;-0.12;-163.09;8960.0;9290.0;9090.0;9033.0;34.0;-14.0;31.0;20.0;-0.99;0.83;-9.7;5.3;8.57;-21.58
1753881477.467478;0.9;1.7;-0.2;-2.8;-0.12;-163.09;8960.0;9290.0;9090.0;9033.0;34.0;-14.0;31.0;20.0;-0.96;1.98;-10.45;0.54;4.1;-4.92
1753881477.472478;0.9;1.7;-0.2;-2.8;-0.12;-163.09;8960.0;9290.0;9090.0;9033.0;34.0;-14.0;31.0;20.0;-1.03;1.02;-11.69;-7.59;-5.46;21.74
1753881477.477478;0.9;1.7;-0.2;-2.8;-0.12;-163.09;8960.0;9290.0;9090.0;9033.0;34.0;-14.0;31.0;20.0;-1.33;-0.03;-11.7;-0.01;3.23;-26.04
1753881477.482478;0.9;1.7;-0.2;-2.8;-0.12;-163.09;8960.0;9290.0;9090.0;9033.0;34.0;-14.0;31.0;20.0;-0.86;1.15;-10.78;2.0;0.96;-11.69
1753881477.487478;0.9;1.7;-0.2;-2.8;-0.12;-163.09;8960.0;9290.0;9090.0;9033.0;34.0;-14.0;31.0;20.0;-0.77;1.68;-10.36;0.4;-6.0;32.24
1753881477.492478;0.9;1.7;-0.2;-2.8;-0.12;-163.09;8960.0;9290.0;9090.0;9033.0;34.0;-14.0;31.0;20.0;-0.51;-0.17;-9.69;-1.7;2.53;-7.39
1753881477.497478;0.9;1.7;-0.2;-2.8;-0.12;-163.09;8960.0;9290.0;9090.0;9033.0;34.0;-14.0;31.0;20.0;-0.15;0.1;-9.15;-1.5;6.5;-27.4
1753881477.502478;0.9;1.7;-0.2;-2.8;-0.12;-163.09;8960.0;9290.0;9090.0;9033.0;34.0;-14.0;31.0;20.0;-0.46;1.66;-10.13;-0.55;-5.7;28.64
1753881477.507478;0.9;1.7;-0.2;-2.8;-0.12;-163.09;8960.0;9290.0;9090.0;9033.0;34.0;-14.0;31.0;20.0;-0.39;0.62;-11.09;0.99;-5.37;11.46
1753881477.512478;0.9;1.7;-0.2;-2.8;-0.12;-163.09;8960.0;9290.0;9090.0;9033.0;34.0;-14.0;31.0;20.0;-0.09;-0.44;-10.64;0.77;4.32;-27.84
1753881477.517478;0.9;1.7;-0.2;-2.8;-0.14;-163.09;8957.8;9319.0;9107.8;9019.7;37.5;-48.2;44.2;21.6;0.12;-0.31;-11.1;-0.9;3.34;-17.81
1753881477.522478;0.8;1.8;-0.2;-2.8;0.02;-163.09;8969.5;9279.7;9091.5;9036.6;24.0;10.5;39.3;21.2;0.09;-0.28;-11.06;3.39;14.65;-23.63
1753881477.527478;0.9;1.8;-0.2;-2.7;-0.42;-163.09;8991.5;9316.2;9094.3;9041.8;36.9;-16.9;31.5;20.8;-0.25;-0.05;-10.6;-3.26;2.16;-12.71
1753881477.532478;0.9;1.8;-0.2;-2.7;-0.17;-163.09;8942.4;9300.7;9095.8;9029.9;31.7;-11.8;17.4;25.5;-0.42;0.14;-10.83;-1.72;14.62;-2.38
1753881477.537478;0.7;1.7;-0.2;-2.7;-0.23;-163.09;8955.8;9329.8;9082.6;9030.2;28.2;3.8;31.0;20.6;-0.76;-1.04;-10.89;-1.6;0.41;-9.84
1753881477.542478;0.8;1.7;-0.2;-2.8;0.02;-163.09;8979.5;9341.8;9069.8;9028.8;28.4;10.9;29.6;20.1;-0.49;-1.53;-11.29;0.07;14.12;-13.23
1753881477.547478;0.7;1.7;-0.2;-2.8;-0.27;-163.09;8983.1;9200.4;9061.0;9030.8;39.2;3.4;29.2;21.8;-0.49;-1.81;-10.67;0.63;4.95;-22.48
1753881477.552478;0.8;1.7;-0.2;-2.7;-0.36;-163.09;8962.9;9258.5;9036.5;9054.6;34.0;-7.0;31.1;20.3;-0.68;-0.69;-11.32;-1.86;6.39;-21.78
1753881477.557479;0.6;1.7;-0.2;-2.7;-0.44;-163.09;8965.1;9235.9;9069.8;9053.0;26.0;29.9;35.5;23.9;-0.46;-0.44;-11.39;1.04;1.29;-23.76
1753881477.562479;0.8;1.7;-0.2;-2.7;-0.53;-163.1;8983.1;9228.4;9053.8;9058.3;20.9;3.2;44.9;20.8;0.3;-0.18;-11.15;1.19;6.62;-43.83
1753881477.567479;0.7;1.7;-0.2;-2.7;-0.06;-163.09;8974.6;9246.2;9079.9;9054.9;28.9;15.9;32.8;25.7;0.36;0.09;-12.5;-0.98;8.42;-25.7
1753881477.572479;0.7;1.7;-0.2;-2.7;-0.29;-163.09;8996.1;9213.7;9067.9;9067.6;22.6;15.3;40.8;22.7;-0.74;0.24;-10.57;1.44;-3.41;39.27
1753881477.577479;0.7;1.7;-0.2;-2.7;-0.44;-163.09;9006.5;9204.4;9067.3;9063.0;27.0;-13.3;44.2;24.7;0.1;-1.53;-10.51;-0.09;7.49;-20.53
1753881477.582479;0.7;1.7;-0.2;-2.7;-0.36;-163.09;8984.1;9258.6;9076.6;9055.4;30.6;-8.4;49.4;23.2;-0.81;-0.25;-10.01;-1.3;2.51;-26.18
1753881477.587479;0.7;1.7;-0.2;-2.7;-0.25;-163.1;8990.2;9314.0;9072.0;9054.4;33.7;26.4;43.0;25.8;-0.36;0.16;-9.78;-3.6;6.08;-44.03
1753881477.59248;0.8;1.7;-0.2;-2.7;-0.27;-163.1;8976.9;9221.6;9078.3;9047.8;28.7;17.9;43.7;25.5;0.08;-0.21;-10.95;-6.11;17.76;-11.16
1753881477.59748;0.8;1.7;-0.2;-2.7;-0.45;-163.1;8987.8;9122.9;9068.4;9045.9;24.7;16.2;57.8;23.2;-0.25;-0.23;-11.85;-4.24;0.82;-47.79
1753881477.60248;0.8;1.7;-0.2;-2.7;-0.52;-163.09;8994.9;9204.0;9045.9;9076.8;24.3;50.0;38.7;22.0;-0.24;-0.4;-10.9;-4.18;-2.76;28.5
1753881477.60748;0.7;1.7;-0.2;-2.7;-0.66;-163.09;8973.7;9154.7;9064.0;9076.2;27.5;12.0;61.1;25.6;0.73;0.23;-10.58;-5.85;-2.95;-29.92
1753881477.61248;0.6;1.7;-0.2;-2.7;-0.6;-163.1;8991.6;9182.0;9066.2;9060.2;27.8;13.8;49.3;21.9;0.06;1.16;-12.02;-2.96;0.22;7.59
1753881477.61748;0.7;1.7;-0.2;-2.7;-0.35;-163.1;9013.9;9086.9;9062.1;9058.6;22.7;41.0;56.0;26.0;0.36;-0.02;-10.27;3.07;0.65;-12.84
1753881477.62248;0.6;1.7;-0.2;-2.7;-0.53;-163.09;8992.6;9236.3;9030.5;9061.6;26.7;10.5;50.7;24.8;-0.01;0.75;-9.89;-3.52;-2.16;-2.81
1753881477.62748;0.7;1.7;-0.2;-2.7;-0.66;-163.09;9003.7;9128.8;9025.5;9056.2;25.0;48.7;67.5;23.6;0.39;0.17;-12.15;-1.1;-1.52;-0.02
1753881477.63248;0.6;1.7;-0.2;-2.7;-0.69;-163.1;9000.3;9123.4;9030.9;9054.4;24.5;50.9;61.1;27.6;-0.21;-1.18;-9.77;-5.99;6.25;-15.83
1753881477.63748;0.7;1.7;-0.2;-2.7;-0.68;-163.1;9003.0;9180.5;9037.3;9087.0;24.8;35.7;65.9;26.3;-0.26;0.69;-11.05;-0.97;-3.02;14.81
1753881477.64248;0.7;1.7;-0.2;-2.7;-0.65;-163.1;8984.8;9089.2;9050.0;9067.8;20.7;34.2;52.5;25.0;-0.55;-0.25;-10.48;-0.4;-1.44;13.4
1753881477.647481;0.6;1.6;-0.2;-2.7;-0.77;-163.1;9014.9;9098.3;9071.9;9097.4;25.3;18.8;63.3;26.0;0.78;0.5;-10.01;-5.27;8.36;19.1
1753881477.652481;0.6;1.7;-0.2;-2.7;-0.95;-163.1;9026.0;9155.1;9049.6;9074.8;10.7;43.6;68.8;28.7;0.48;0.23;-9.84;-1.49;2.8;-39.53
1753881477.657481;0.6;1.6;-0.2;-2.7;-0.44;-163.1;8999.9;9135.1;9040.9;9063.1;17.3;36.1;72.3;26.9;-0.21;0.15;-10.4;2.74;-3.83;-5.46
1753881477.662481;0.6;1.6;-0.2;-2.7;-0.59;-163.1;9027.8;9088.5;9049.3;9078.8;12.6;12.5;57.0;27.3;-0.18;0.64;-10.52;-1.79;-3.55;-2.92
1753881477.667481;0.6;1.7;-0.2;-2.7;-0.72;-163.1;9007.4;9125.0;9053.3;9086.8;7.1;60.7;76.3;25.7;0.4;-0.12;-10.52;-0.76;-5.05;9.74
1753881477.672481;0.6;1.7;-0.2;-2.7;-0.82;-163.1;9027.0;9145.1;9044.7;9052.0;21.0;47.9;68.6;25.2;-0.18;1.11;-10.5;-2.03;3.07;-26.08
1753881477.677478;0.6;1.7;-0.2;-2.7;-0.82;-163.1;9016.0;9100.0;9026.0;9090.0;16.0;47.0;68.0;28.0;0.0;0.28;-10.23;-4.24;-0.8;9.43
1753881477.682478;0.6;1.7;-0.2;-2.7;-0.82;-163.1;9016.0;9100.0;9026.0;9090.0;16.0;47.0;68.0;28.0;-0.29;0.63;-11.62;5.13;1.03;-13.87
1753881477.687478;0.6;1.7;-0.2;-2.7;-0.82;-163.1;9016.0;9100.0;9026.0;9090.0;16.0;47.0;68.0;28.0;0.2;0.99;-12.24;3.95;-5.45;9.38
1753881477.692478;0.6;1.7;-0.2;-2.7;-0.82;-163.1;9016.0;9100.0;9026.0;9090.0;16.0;47.0;68.0;28.0;0.03;0.6;-11.53;-1.14;0.93;2.39
1753881477.697478;0.6;1.7;-0.2;-2.7;-0.82;-163.1;9016.0;9100.0;9026.0;9090.0;16.0;47.0;68.0;28.0;-0.01;0.58;-10.71;0.58;5.05;-6.85
1753881477.702478;0.6;1.7;-0.2;-2.7;-0.82;-163.1;9016.0;9100.0;9026.0;9090.0;16.0;47.0;68.0;28.0;0.17;1.95;-9.44;2.05;0.78;2.75
1753881477.707478;0.6;1.7;-0.2;-2.7;-0.82;-163.1;9016.0;9100.0;9026.0;9090.0;16.0;47.0;68.0;28.0;0.36;1.42;-9.75;1.24;-2.36;6.14
1753881477.712478;0.6;1.7;-0.2;-2.7;-0.82;-163.1;9016.0;9100.0;9026.0;9090.0;16.0;47.0;68.0;28.0;0.04;0.61;-10.74;1.1;0.74;-10.38
1753881477.717478;0.6;1.7;-0.2;-2.7;-0.82;-163.1;9016.0;9100.0;9026.0;9090.0;16.0;47.0;68.0;28.0;-0.23;0.62;-10.06;-0.58;2.25;-0.26
1753881477.722478;0.6;1.7;-0.2;-2.7;-0.82;-163.1;9016.0;9100.0;9026.0;9090.0;16.0;47.0;68.0;28.0;-0.21;1.04;-8.89;-1.13;1.7;10.62
1753881477.727478;0.6;1.7;-0.2;-2.7;-0.82;-163.1;9016.0;9100.0;9026.0;9090.0;16.0;47.0;68.0;28.0;-0.19;0.73;-9.9;0.93;3.5;-8.65
1753881477.732478;0.6;1.7;-0.2;-2.7;-0.82;-163.1;9016.0;9100.0;9026.0;9090.0;16.0;47.0;68.0;28.0;-0.67;1.2;-11.36;2.25;-0.64;-4.74
1753881477.737478;0.6;1.7;-0.2;-2.7;-0.82;-163.1;9016.0;9100.0;9026.0;9090.0;16.0;47.0;68.0;28.0;-0.22;1.01;-9.9;-0.86;-3.19;11.71
1753881477.742478;0.6;1.7;-0.2;-2.7;-0.82;-163.1;9016.0;9100.0;9026.0;9090.0;16.0;47.0;68.0;28.0;-0.97;0.3;-9.59;-0.87;2.78;-1.89
1753881477.747478;0.6;1.7;-0.2;-2.7;-0.82;-163.1;9016.0;9100.0;9026.0;9090.0;16.0;47.0;68.0;28.0;-0.65;0.55;-10.63;0.99;2.76;-10.74
1753881477.752478;0.6;1.7;-0.2;-2.7;-0.82;-163.1;9016.0;9100.0;9026.0;9090.0;16.0;47.0;68.0;28.0;-0.32;0.89;-11.13;0.06;-1.09;9.36
1753881477.757478;0.6;1.7;-0.2;-2.7;-0.82;-163.1;9016.0;9100.0;9026.0;9090.0;16.0;47.0;68.0;28.0;-0.35;0.69;-10.92;0.5;0.05;4.6
1753881477.762478;0.6;1.7;-0.2;-2.7;-0.82;-163.1;9016.0;9100.0;9026.0;9090.0;16.0;47.0;68.0;28.0;-0.32;0.45;-10.65;1.83;1.86;-7.6
1753881477.767478;0.6;1.7;-0.2;-2.7;-0.82;-163.1;9016.0;9100.0;9026.0;9090.0;16.0;47.0;68.0;28.0;-0.15;0.88;-10.65;-0.1;-1.42;5.72
1753881477.772478;0.6;1.7;-0.2;-2.7;-0.82;-163.1;9016.0;9100.0;9026.0;9090.0;16.0;47.0;68.0;28.0;-0.25;0.77;-10.98;2.34;0.0;3.42
1753881477.777478;0.6;1.7;-0.2;-2.7;-0.82;-163.1;9016.0;9100.0;9026.0;9090.0;16.0;47.0;68.0;28.0;-0.35;0.49;-11.22;2.54;1.89;-5.09
1753881477.782478;0.6;1.7;-0.2;-2.7;-0.82;-163.1;9016.0;9100.0;9026.0;9090.0;16.0;47.0;68.0;28.0;0.0;0.79;-10.68;-1.26;1.0;1.73
1753881477.787478;0.6;1.7;-0.2;-2.7;-0.82;-163.1;9016.0;9100.0;9026.0;9090.0;16.0;47.0;68.0;28.0;-0.25;0.55;-10.24;-0.01;1.51;3.97
1753881477.792478;0.6;1.7;-0.2;-2.7;-0.82;-163.1;9016.0;9100.0;9026.0;9090.0;16.0;47.0;68.0;28.0;-0.48;0.5;-10.73;2.72;2.6;-1.45
1753881477.797478;0.6;1.7;-0.2;-2.7;-0.82;-163.1;9016.0;9100.0;9026.0;9090.0;16.0;47.0;68.0;28.0;0.11;1.12;-11.25;3.3;-1.03;-0.23
1753881477.802478;0.6;1.7;-0.2;-2.7;-0.82;-163.1;9016.0;9100.0;9026.0;9090.0;16.0;47.0;68.0;28.0;0.06;0.94;-11.31;-3.22;-3.15;7.2
1753881477.807478;0.6;1.7;-0.2;-2.7;-0.82;-163.1;9016.0;9100.0;9026.0;9090.0;16.0;47.0;68.0;28.0;-0.28;0.25;-11.18;-2.58;0.77;-3.81
1753881477.812478;0.6;1.7;-0.2;-2.7;-0.82;-163.1;9016.0;9100.0;9026.0;9090.0;16.0;47.0;68.0;28.0;-0.65;0.32;-11.19;-0.98;3.14;-5.53
1753881477.817478;0.6;1.7;-0.2;-2.7;-0.82;-163.1;9016.0;9100.0;9026.0;9090.0;16.0;47.0;68.0;28.0;-0.46;0.87;-10.91;0.17;-0.06;9.46
1753881477.822478;0.6;1.7;-0.2;-2.7;-0.82;-163.1;9016.0;9100.0;9026.0;9090.0;16.0;47.0;68.0;28.0;-0.2;0.54;-10.83;0.32;-0.7;6.09
1753881477.827478;0.6;1.7;-0.2;-2.7;-0.82;-163.1;9016.0;9100.0;9026.0;9090.0;16.0;47.0;68.0;28.0;-0.3;0.22;-10.93;0.22;2.18;-10.03
1753881477.832478;0.6;1.7;-0.2;-2.7;-0.82;-163.1;9016.0;9100.0;9026.0;9090.0;16.0;47.0;68.0;28.0;-0.08;0.79;-10.94;0.36;-1.96;7.04
1753881477.837478;0.6;1.7;-0.2;-2.7;-0.82;-163.1;9016.0;9100.0;9026.0;9090.0;16.0;47.0;68.0;28.0;-0.04;0.85;-11.2;1.31;-4.15;10.55
1753881477.842478;0.6;1.7;-0.2;-2.7;-0.82;-163.1;9016.0;9100.0;9026.0;9090.0;16.0;47.0;68.0;28.0;-0.15;0.27;-11.06;2.41;1.81;-9.98
1753881477.847478;0.6;1.7;-0.2;-2.7;-0.82;-163.1;9016.0;9100.0;9026.0;9090.0;16.0;47.0;68.0;28.0;0.14;0.72;-9.96;2.87;0.83;-8.44
1753881477.852478;0.6;1.7;-0.2;-2.7;-0.82;-163.1;9016.0;9100.0;9026.0;9090.0;16.0;47.0;68.0;28.0;-0.1;0.75;-10.69;0.31;1.77;-5.09
1753881477.857478;0.6;1.7;-0.2;-2.7;-0.82;-163.1;9016.0;9100.0;9026.0;9090.0;16.0;47.0;68.0;28.0;-0.15;0.27;-10.47;1.69;0.51;2.22
1753881477.862478;0.6;1.7;-0.2;-2.7;-0.82;-163.1;9016.0;9100.0;9026.0;9090.0;16.0;47.0;68.0;28.0;-0.16;0.6;-10.96;3.75;1.15;-12.22
1753881477.867478;0.6;1.7;-0.2;-2.7;-0.82;-163.1;9016.0;9100.0;9026.0;9090.0;16.0;47.0;68.0;28.0;0.29;0.91;-10.78;1.5;-2.55;7.84
1753881477.872478;0.6;1.7;-0.2;-2.7;-0.82;-163.1;9016.0;9100.0;9026.0;9090.0;16.0;47.0;68.0;28.0;0.17;0.33;-10.92;-1.41;-2.08;13.53
1753881477.877478;0.6;1.7;-0.2;-2.7;-0.82;-163.1;9016.0;9100.0;9026.0;9090.0;16.0;47.0;68.0;28.0;-0.34;0.01;-11.32;0.25;2.79;-13.16
1753881477.882478;0.6;1.7;-0.2;-2.7;-0.82;-163.1;9016.0;9100.0;9026.0;9090.0;16.0;47.0;68.0;28.0;-0.03;0.54;-10.61;1.15;2.65;-5.87
1753881477.887478;0.6;1.7;-0.2;-2.7;-0.82;-163.1;9016.0;9100.0;9026.0;9090.0;16.0;47.0;68.0;28.0;0.08;0.51;-10.18;-1.76;-2.09;20.26
1753881477.892478;0.6;1.7;-0.2;-2.7;-0.82;-163.1;9016.0;9100.0;9026.0;9090.0;16.0;47.0;68.0;28.0;-0.47;0.12;-10.74;0.25;0.19;-0.42
1753881477.897478;0.6;1.7;-0.2;-2.7;-0.82;-163.1;9016.0;9100.0;9026.0;9090.0;16.0;47.0;68.0;28.0;-0.17;0.24;-10.82;0.45;2.39;-12.93
1753881477.902478;0.6;1.7;-0.2;-2.7;-0.82;-163.1;9016.0;9100.0;9026.0;9090.0;16.0;47.0;68.0;28.0;0.24;0.73;-10.63;0.24;-0.64;13.77
1753881477.907478;0.6;1.7;-0.2;-2.7;-0.82;-163.1;9016.0;9100.0;9026.0;9090.0;16.0;47.0;68.0;28.0;-0.38;0.23;-10.72;1.69;1.44;6.31
1753881477.912478;0.6;1.7;-0.2;-2.7;-0.82;-163.1;9016.0;9100.0;9026.0;9090.0;16.0;47.0;68.0;28.0;-0.3;0.18;-10.3;0.09;3.21;-11.87
1753881477.917478;0.6;1.7;-0.2;-2.7;-0.82;-163.1;9016.0;9100.0;9026.0;9090.0;16.0;47.0;68.0;28.0;-0.13;0.57;-10.07;-0.74;-1.05;8.01
1753881477.922478;0.6;1.7;-0.2;-2.7;-0.82;-163.1;9016.0;9100.0;9026.0;9090.0;16.0;47.0;68.0;28.0;-0.32;0.32;-10.33;1.47;-0.93;9.14
1753881477.927478;0.6;1.7;-0.2;-2.7;-0.82;-163.1;9016.0;9100.0;9026.0;9090.0;16.0;47.0;68.0;28.0;-0.49;0.18;-10.27;0.38;3.6;-7.75
1753881477.932478;0.6;1.7;-0.2;-2.7;-0.82;-163.1;9016.0;9100.0;9026.0;9090.0;16.0;47.0;68.0;28.0;-0.23;0.97;-10.19;-0.86;0.86;0.92
1753881477.937478;0.6;1.7;-0.2;-2.7;-0.82;-163.1;9016.0;9100.0;9026.0;9090.0;16.0;47.0;68.0;28.0;-0.2;0.73;-11.36;-5.33;-3.25;13.29
1753881477.942478;0.6;1.7;-0.2;-2.7;-0.82;-163.1;9016.0;9100.0;9026.0;9090.0;16.0;47.0;68.0;28.0;-0.33;0.01;-11.57;-0.82;0.65;-9.67
1753881477.947478;0.6;1.7;-0.2;-2.7;-0.82;-163.1;9016.0;9100.0;9026.0;9090.0;16.0;47.0;68.0;28.0;-0.27;0.47;-10.77;0.83;1.67;-5.39
1753881477.952478;0.6;1.7;-0.2;-2.7;-0.82;-163.1;9016.0;9100.0;9026.0;9090.0;16.0;47.0;68.0;28.0;-0.11;1.15;-10.56;0.4;-3.07;18.26
1753881477.957478;0.6;1.7;-0.2;-2.7;-0.82;-163.1;9016.0;9100.0;9026.0;9090.0;16.0;47.0;68.0;28.0;0.08;0.34;-10.73;0.45;-1.06;0.9
1753881477.962478;0.6;1.7;-0.2;-2.7;-0.82;-163.1;9016.0;9100.0;9026.0;9090.0;16.0;47.0;68.0;28.0;-0.23;0.35;-10.98;0.82;4.07;-16.37
1753881477.967478;0.6;1.7;-0.2;-2.7;-0.82;-163.1;9016.0;9100.0;9026.0;9090.0;16.0;47.0;68.0;28.0;-0.17;1.13;-10.9;2.51;-1.42;12.77
1753881477.972478;0.6;1.7;-0.2;-2.7;-0.82;-163.1;9016.0;9100.0;9026.0;9090.0;16.0;47.0;68.0;28.0;-0.23;0.61;-11.06;2.3;-1.54;8.17
1753881477.977478;0.6;1.7;-0.2;-2.7;-0.82;-163.1;9016.0;9100.0;9026.0;9090.0;16.0;47.0;68.0;28.0;-0.23;-0.01;-10.97;1.12;3.29;-17.13
1753881477.982478;0.6;1.7;-0.2;-2.7;-0.82;-163.1;9016.0;9100.0;9026.0;9090.0;16.0;47.0;68.0;28.0;-0.07;0.84;-10.57;1.31;2.8;1.2
1753881477.987478;0.6;1.7;-0.2;-2.7;-0.82;-163.1;9016.0;9100.0;9026.0;9090.0;16.0;47.0;68.0;28.0;0.08;1.08;-10.21;7.11;0.96;16.54
1753881477.992478;0.6;1.7;-0.2;-2.7;-0.82;-163.1;9016.0;9100.0;9026.0;9090.0;16.0;47.0;68.0;28.0;-0.13;0.75;-9.6;7.75;4.05;-4.62
1753881477.997478;0.7;1.7;-0.2;-2.7;-0.82;-163.1;9031.1;9097.7;9047.2;9053.2;17.6;46.2;81.7;26.1;-0.03;1.33;-9.49;3.98;2.34;-11.69
1753881478.002478;0.6;1.7;-0.2;-2.7;-0.82;-163.1;9052.3;9106.7;9071.3;9080.2;17.2;44.7;67.4;11.8;-0.18;0.66;-9.76;6.41;2.76;0.21
1753881478.007478;0.6;1.6;-0.2;-2.7;-0.82;-163.1;8953.7;9106.9;9006.6;9080.0;16.7;39.3;79.3;31.6;-0.13;0.89;-10.42;6.07;0.11;1.96
1753881478.012478;0.5;1.6;-0.2;-2.8;-0.82;-163.1;8989.2;9114.8;9048.9;9104.9;16.5;48.6;37.9;12.2;0.09;0.71;-9.99;3.24;0.34;0.31
1753881478.017478;0.4;1.6;-0.2;-2.8;-0.82;-163.1;8956.2;9111.3;9044.2;9140.5;18.0;38.4;42.0;11.2;-0.23;1.13;-9.58;4.21;1.32;8.72
1753881478.022478;0.3;1.6;-0.2;-2.8;-0.82;-163.1;8965.6;9103.1;9070.9;9279.8;19.6;41.1;38.2;4.3;-0.35;0.99;-10.14;5.72;0.49;-13.3
1753881478.027479;0.4;1.6;-0.1;-2.8;-0.82;-163.1;8928.7;9106.1;9080.8;9295.5;19.1;31.2;45.2;0.7;-0.42;0.18;-9.9;6.63;1.72;29.67
1753881478.032479;0.3;1.6;-0.2;-2.8;-0.82;-163.1;8924.1;9107.2;9104.0;9226.1;19.7;31.2;30.5;-5.9;-0.51;0.17;-9.64;7.92;3.99;16.9
1753881478.037479;0.4;1.6;-0.2;-2.8;-0.82;-163.1;8939.9;9111.5;9070.8;9405.7;21.5;28.0;19.6;-3.8;-0.4;0.27;-9.27;5.08;-5.36;-14.34
1753881478.042478;0.2;1.6;-0.2;-2.8;-0.82;-163.1;8923.0;9116.0;9090.0;9373.0;20.0;25.0;22.0;-18.0;-0.44;0.35;-10.45;3.08;-0.51;7.24
1753881478.047478;0.2;1.6;-0.2;-2.8;-0.82;-163.1;8923.0;9116.0;9090.0;9373.0;20.0;25.0;22.0;-18.0;0.05;0.66;-11.17;-2.44;-4.0;9.88
1753881478.052478;0.2;1.6;-0.2;-2.8;-0.82;-163.1;8923.0;9116.0;9090.0;9373.0;20.0;25.0;22.0;-18.0;-0.61;1.53;-10.35;2.15;3.86;-10.6
1753881478.057478;0.2;1.6;-0.2;-2.8;-0.82;-163.1;8923.0;9116.0;9090.0;9373.0;20.0;25.0;22.0;-18.0;-0.22;1.67;-10.06;3.65;3.45;-3.09
1753881478.062478;0.4;1.5;-0.2;-2.8;-0.86;-163.1;8982.6;9154.8;9128.3;9471.1;18.6;23.1;-10.4;24.2;-0.11;2.11;-9.86;2.49;2.17;-7.78
1753881478.067478;0.5;1.6;-0.2;-2.8;-0.83;-163.1;9125.8;9103.3;9038.5;9348.8;27.8;45.9;8.3;-24.0;0.24;2.55;-10.22;5.19;8.96;-16.78
1753881478.072478;0.1;1.5;-0.1;-2.8;-0.82;-163.1;9090.5;9138.1;9048.8;9415.0;29.2;22.3;22.1;-19.1;-0.24;0.98;-8.93;1.35;5.96;-8.27
1753881478.077478;0.1;1.5;-0.2;-2.7;-0.83;-163.1;8678.2;9113.4;9154.5;9308.7;12.4;31.8;19.8;-20.7;-0.65;1.2;-10.35;-2.83;2.5;-26.06
1753881478.082478;0.3;1.6;-0.2;-2.8;-0.84;-163.1;9082.4;9107.8;9093.8;9411.6;23.2;1.1;10.2;-29.5;-0.09;0.38;-10.04;3.99;1.07;-32.11
1753881478.087479;0.6;1.6;-0.2;-2.8;-0.83;-163.1;9125.4;9082.7;9170.9;9142.5;20.7;15.0;38.7;-15.9;0.01;1.53;-10.49;4.84;5.09;-14.47
1753881478.092479;0.5;1.6;-0.1;-2.8;-0.84;-163.1;9151.2;9119.1;9111.0;9643.2;21.3;30.2;2.6;-0.8;0.18;1.6;-9.66;2.74;6.21;-3.16
1753881478.097479;0.3;1.6;-0.2;-2.8;-0.86;-163.1;9072.4;9048.8;9143.2;9424.3;22.0;40.7;19.5;5.3;-0.18;1.16;-9.92;5.08;5.97;4.5
1753881478.102479;0.2;1.5;-0.1;-2.8;-0.82;-163.1;8476.6;9119.2;9120.1;9248.1;21.3;43.0;65.7;9.5;-0.23;1.14;-10.04;5.19;2.33;-15.97
1753881478.107479;0.3;1.6;-0.1;-2.9;-0.84;-163.1;9184.7;9037.4;9046.2;9470.2;27.3;33.4;30.5;34.9;0.23;0.82;-10.0;8.24;0.45;-7.93
1753881478.112479;0.4;1.6;-0.1;-2.7;-0.87;-163.1;9348.9;9071.2;9148.9;9378.7;26.0;26.5;38.8;15.0;-0.02;1.59;-10.41;0.12;2.22;-10.13
1753881478.117479;-0.1;1.6;-0.1;-2.9;-0.83;-163.1;8965.8;9064.8;9077.9;9127.5;29.5;37.1;31.6;-12.2;0.2;1.33;-10.24;2.18;-0.08;-16.23
1753881478.12248;0.4;1.5;-0.2;-2.8;-0.87;-163.1;9331.2;9091.2;9131.5;9081.7;28.2;11.7;42.4;15.2;-0.09;1.83;-9.88;0.93;3.57;-19.03
1753881478.12748;0.5;1.6;-0.1;-2.8;-0.86;-163.1;8849.9;9067.2;9065.0;9335.4;25.8;12.9;15.2;22.8;-0.0;1.79;-10.01;3.41;-2.11;-34.62
1753881478.13248;0.1;1.6;-0.1;-2.9;-0.85;-163.1;9260.2;9050.9;9142.7;8883.3;27.9;19.1;-33.5;-21.7;-0.25;0.95;-9.9;6.41;4.41;-17.61
1753881478.13748;-0.0;1.5;-0.1;-2.9;-0.85;-163.1;9131.7;9057.1;9184.6;9180.7;23.3;24.3;37.2;47.9;0.14;1.12;-9.46;4.02;-1.66;-11.57
1753881478.14248;0.2;1.6;-0.1;-2.9;-0.85;-163.1;9606.3;9041.7;9128.3;9196.6;27.8;16.5;33.9;17.3;0.11;0.91;-10.02;5.03;3.52;0.53
1753881478.14748;0.3;1.6;-0.2;-2.8;-0.83;-163.1;9255.0;9042.2;9203.6;9393.8;28.3;14.0;38.0;29.5;-0.07;1.75;-10.4;2.07;-1.0;-8.46
1753881478.15248;0.1;1.6;-0.1;-2.8;-0.82;-163.1;9526.5;9074.4;9115.4;9181.6;28.3;26.0;23.5;14.8;-0.04;1.1;-10.52;8.35;-1.05;-21.13
1753881478.15748;0.4;1.6;-0.2;-2.8;-0.88;-163.1;9328.3;9044.5;9212.9;9131.3;29.2;-6.4;26.4;2.5;-0.0;1.36;-11.09;5.79;0.92;-7.93
1753881478.16248;0.4;1.6;-0.2;-2.8;-0.89;-163.1;9489.3;9063.1;9146.5;9136.5;29.3;39.3;9.1;34.5;0.57;1.83;-10.58;9.81;3.13;-12.34
1753881478.16748;0.3;1.6;-0.2;-2.8;-0.91;-163.1;9482.3;9076.2;9200.0;8926.6;31.8;6.4;20.4;12.4;-0.07;1.52;-10.84;9.16;-3.18;8.93
1753881478.17248;0.0;1.5;-0.1;-2.9;-0.86;-163.1;9318.6;9097.5;9142.6;9098.4;27.4;23.8;8.8;12.5;0.54;0.95;-9.31;9.6;-0.22;-12.81
1753881478.177481;0.2;1.5;-0.2;-2.8;-0.84;-163.1;9499.1;9047.6;9176.2;9218.2;37.6;16.5;32.7;34.6;0.51;0.91;-9.93;4.21;-6.31;14.61
1753881478.182481;0.3;1.5;-0.2;-2.8;-0.89;-163.1;9397.8;9075.9;9182.9;9119.9;36.0;29.8;38.1;36.7;0.55;1.64;-10.09;5.31;1.15;-0.96
1753881478.187481;-0.0;1.5;-0.1;-2.9;-0.85;-163.1;9484.3;9014.2;9151.9;9073.7;30.7;32.1;22.3;-11.7;0.23;1.05;-10.43;7.52;1.78;-15.52
1753881478.192481;0.1;1.6;-0.1;-2.8;-0.88;-163.1;9614.5;9049.9;9191.2;9190.7;33.6;18.6;25.9;23.2;0.24;1.2;-10.08;3.95;-0.4;4.13
1753881478.197481;0.1;1.5;-0.1;-2.8;-0.89;-163.1;9380.4;9068.0;9174.7;8970.1;27.8;8.4;28.6;33.8;0.04;1.9;-10.12;5.88;-6.09;-15.75
1753881478.202481;0.1;1.6;-0.1;-2.9;-0.88;-163.1;9557.4;9047.1;9201.0;8881.5;25.7;30.6;9.6;4.5;0.05;1.21;-11.35;0.44;0.92;-9.53
1753881478.207482;0.1;1.6;-0.1;-2.8;-0.87;-163.1;9642.3;8990.6;9239.2;8876.6;28.1;29.9;-27.5;28.0;0.51;1.45;-10.74;4.4;0.1;-41.2
1753881478.212482;0.2;1.5;-0.1;-2.9;-0.9;-163.1;9774.3;9026.4;9181.3;8823.0;34.7;40.8;30.8;67.8;0.51;1.78;-10.48;2.81;-2.82;3.06
1753881478.217482;0.2;1.5;-0.1;-2.8;-0.88;-163.1;9569.3;8988.2;9124.8;9026.9;35.8;5.1;15.8;-0.9;0.55;1.6;-10.19;9.02;4.27;-22.87
1753881478.222482;0.4;1.6;-0.1;-2.9;-0.91;-163.1;9577.4;8952.4;9213.9;9013.6;34.4;21.1;25.3;58.5;0.89;1.82;-9.22;6.16;-1.07;-14.44
1753881478.227482;0.5;1.6;-0.1;-2.9;-0.9;-163.1;9880.1;9001.1;9210.9;8958.0;39.4;11.0;33.3;59.6;0.36;2.22;-10.72;6.98;-4.88;-21.98
1753881478.232478;0.2;1.5;-0.1;-2.9;-0.9;-163.1;9750.0;9006.0;9173.0;8933.0;35.0;15.0;22.0;33.0;0.41;1.17;-10.78;4.11;-2.28;-21.0
1753881478.237478;0.2;1.5;-0.1;-2.9;-0.9;-163.1;9750.0;9006.0;9173.0;8933.0;35.0;15.0;22.0;33.0;0.2;0.82;-9.22;7.57;5.31;-29.51
1753881478.242478;0.2;1.5;-0.1;-2.9;-0.9;-163.1;9750.0;9006.0;9173.0;8933.0;35.0;15.0;22.0;33.0;-1.04;1.23;-8.73;6.3;-1.65;4.11
1753881478.247478;0.2;1.5;-0.1;-2.9;-0.9;-163.1;9750.0;9006.0;9173.0;8933.0;35.0;15.0;22.0;33.0;-0.41;0.56;-9.67;1.68;-7.62;-19.38
1753881478.252478;0.2;1.5;-0.1;-2.9;-0.9;-163.1;9750.0;9006.0;9173.0;8933.0;35.0;15.0;22.0;33.0;0.22;0.31;-10.16;-4.41;-1.17;-42.48
1753881478.257478;0.2;1.5;-0.1;-2.9;-0.9;-163.1;9750.0;9006.0;9173.0;8933.0;35.0;15.0;22.0;33.0;-1.17;1.12;-11.57;-5.95;-2.36;9.38
1753881478.262478;0.2;1.5;-0.1;-2.9;-0.9;-163.1;9750.0;9006.0;9173.0;8933.0;35.0;15.0;22.0;33.0;-1.82;0.39;-12.68;2.36;5.85;-20.69
1753881478.267478;0.2;1.5;-0.1;-2.9;-0.9;-163.1;9750.0;9006.0;9173.0;8933.0;35.0;15.0;22.0;33.0;-1.56;0.37;-11.41;2.31;7.43;-40.23
1753881478.272478;0.2;1.5;-0.1;-2.9;-0.9;-163.1;9750.0;9006.0;9173.0;8933.0;35.0;15.0;22.0;33.0;-1.5;1.15;-9.29;-5.52;2.81;1.12
1753881478.277478;0.2;1.5;-0.1;-2.9;-0.9;-163.1;9750.0;9006.0;9173.0;8933.0;35.0;15.0;22.0;33.0;-1.01;1.08;-9.27;-1.36;-3.72;2.96
1753881478.282478;0.2;1.5;-0.1;-2.9;-0.9;-163.1;9750.0;9006.0;9173.0;8933.0;35.0;15.0;22.0;33.0;-0.87;0.11;-10.13;5.48;0.04;-42.13
1753881478.287478;0.2;1.5;-0.1;-2.9;-0.9;-163.1;9750.0;9006.0;9173.0;8933.0;35.0;15.0;22.0;33.0;-3.19;0.81;-10.62;2.11;3.75;-22.19
1753881478.292478;0.2;1.5;-0.1;-2.9;-0.9;-163.1;9750.0;9006.0;9173.0;8933.0;35.0;15.0;22.0;33.0;-1.48;1.1;-10.49;-2.5;-4.26;9.51
1753881478.297478;0.2;1.5;-0.1;-2.9;-0.9;-163.1;9750.0;9006.0;9173.0;8933.0;35.0;15.0;22.0;33.0;-0.57;-0.35;-11.01;1.48;1.73;-35.14
1753881478.302478;0.2;1.5;-0.1;-2.9;-0.9;-163.1;9750.0;9006.0;9173.0;8933.0;35.0;15.0;22.0;33.0;-2.12;0.63;-10.51;-0.89;1.51;-29.57
1753881478.307478;0.2;1.5;-0.1;-2.9;-0.9;-163.1;9750.0;9006.0;9173.0;8933.0;35.0;15.0;22.0;33.0;-1.53;1.19;-9.78;-3.16;-3.95;-6.86
1753881478.312478;0.2;1.5;-0.1;-2.9;-0.9;-163.1;9750.0;9006.0;9173.0;8933.0;35.0;15.0;22.0;33.0;-0.28;0.37;-9.24;0.47;-0.51;-17.19
1753881478.317478;0.2;1.5;-0.1;-2.9;-0.9;-163.1;9750.0;9006.0;9173.0;8933.0;35.0;15.0;22.0;33.0;-0.83;0.52;-9.37;0.82;4.94;-30.84
1753881478.322478;0.2;1.5;-0.1;-2.9;-0.9;-163.1;9750.0;9006.0;9173.0;8933.0;35.0;15.0;22.0;33.0;-0.25;1.0;-9.37;-1.92;-2.21;-17.13
1753881478.327478;0.2;1.5;-0.1;-2.9;-0.9;-163.1;9750.0;9006.0;9173.0;8933.0;35.0;15.0;22.0;33.0;-1.16;0.85;-10.76;-0.29;-1.27;-14.45
1753881478.332478;0.2;1.5;-0.1;-2.9;-0.9;-163.1;9750.0;9006.0;9173.0;8933.0;35.0;15.0;22.0;33.0;-0.8;0.64;-10.52;-0.52;-0.13;-4.14
1753881478.337478;0.2;1.5;-0.1;-2.9;-0.9;-163.1;9750.0;9006.0;9173.0;8933.0;35.0;15.0;22.0;33.0;0.05;0.92;-11.77;-0.06;2.36;-21.15
1753881478.342478;0.2;1.5;-0.1;-2.9;-0.9;-163.1;9750.0;9006.0;9173.0;8933.0;35.0;15.0;22.0;33.0;-0.7;0.48;-8.5;-3.43;2.77;-14.68
1753881478.347478;0.2;1.5;-0.1;-2.9;-0.9;-163.1;9750.0;9006.0;9173.0;8933.0;35.0;15.0;22.0;33.0;-1.87;0.68;-11.84;0.0;0.05;-13.72
1753881478.352478;0.2;1.5;-0.1;-2.9;-0.9;-163.1;9750.0;9006.0;9173.0;8933.0;35.0;15.0;22.0;33.0;-1.67;0.63;-9.84;-5.37;1.05;-16.97
1753881478.357478;0.2;1.5;-0.1;-2.9;-0.9;-163.1;9750.0;9006.0;9173.0;8933.0;35.0;15.0;22.0;33.0;-0.38;1.61;-10.92;-4.31;-2.31;-29.03
1753881478.362479;0.2;1.5;-0.1;-2.9;-0.9;-163.1;9750.0;9006.0;9173.0;8933.0;35.0;15.0;22.0;33.0;-0.64;0.88;-11.6;-0.41;-1.42;-16.29
1753881478.367479;0.2;1.5;-0.1;-2.9;-0.9;-163.1;9750.0;9006.0;9173.0;8933.0;35.0;15.0;22.0;33.0;-0.98;-0.41;-10.32;-3.63;-2.79;-19.73
1753881478.372479;0.2;1.5;-0.1;-2.9;-0.9;-163.1;9750.0;9006.0;9173.0;8933.0;35.0;15.0;22.0;33.0;0.53;0.02;-11.32;0.06;4.32;-19.84
1753881478.377479;0.2;1.5;-0.1;-2.9;-0.9;-163.1;9750.0;9006.0;9173.0;8933.0;35.0;15.0;22.0;33.0;-2.63;-0.17;-12.36;2.03;-3.06;2.71
1753881478.382479;0.2;1.5;-0.1;-2.9;-0.9;-163.1;9750.0;9006.0;9173.0;8933.0;35.0;15.0;22.0;33.0;-0.61;0.68;-11.73;-1.67;5.94;8.03
1753881478.387479;0.2;1.5;-0.1;-2.9;-0.9;-163.1;9750.0;9006.0;9173.0;8933.0;35.0;15.0;22.0;33.0;-0.6;0.5;-10.73;1.21;-7.34;-46.77
1753881478.39248;0.2;1.5;-0.1;-2.9;-0.9;-163.1;9750.0;9006.0;9173.0;8933.0;35.0;15.0;22.0;33.0;-2.77;-0.04;-9.88;5.16;3.0;-29.74
1753881478.39748;0.2;1.5;-0.1;-2.9;-0.9;-163.1;9750.0;9006.0;9173.0;8933.0;35.0;15.0;22.0;33.0;-0.84;0.37;-9.67;-4.82;-6.45;-41.24
1753881478.40248;0.2;1.5;-0.1;-2.9;-0.9;-163.1;9750.0;9006.0;9173.0;8933.0;35.0;15.0;22.0;33.0;-0.83;0.05;-10.97;2.27;4.81;-33.21
1753881478.40748;0.2;1.5;-0.1;-2.9;-0.9;-163.1;9750.0;9006.0;9173.0;8933.0;35.0;15.0;22.0;33.0;-0.37;0.98;-11.77;-6.16;3.69;-6.29
1753881478.41248;0.2;1.5;-0.1;-2.9;-0.9;-163.1;9750.0;9006.0;9173.0;8933.0;35.0;15.0;22.0;33.0;-1.91;-0.38;-11.85;-8.43;-2.84;-45.75
1753881478.41748;0.2;1.5;-0.1;-2.9;-0.9;-163.1;9750.0;9006.0;9173.0;8933.0;35.0;15.0;22.0;33.0;-0.36;0.65;-11.53;-0.29;-0.96;-27.08
1753881478.42248;0.2;1.5;-0.1;-2.9;-0.9;-163.1;9750.0;9006.0;9173.0;8933.0;35.0;15.0;22.0;33.0;-1.57;0.34;-11.16;-11.07;0.1;-29.97
1753881478.42748;0.2;1.5;-0.1;-2.9;-0.9;-163.1;9750.0;9006.0;9173.0;8933.0;35.0;15.0;22.0;33.0;-2.01;0.36;-11.84;-5.91;-3.32;-35.87
1753881478.432478;0.2;1.5;-0.1;-2.9;-0.9;-163.1;9750.0;9006.0;9173.0;8933.0;35.0;15.0;22.0;33.0;-1.43;0.27;-10.99;-2.64;0.8;-36.22
1753881478.437478;0.2;1.5;-0.1;-2.9;-0.9;-163.1;9750.0;9006.0;9173.0;8933.0;35.0;15.0;22.0;33.0;-0.57;0.78;-10.28;-0.8;-1.54;-13.78
1753881478.442478;0.2;1.5;-0.1;-2.9;-0.9;-163.1;9750.0;9006.0;9173.0;8933.0;35.0;15.0;22.0;33.0;-1.39;0.38;-10.42;0.34;0.68;-24.39
1753881478.447478;0.2;1.5;-0.1;-2.9;-0.9;-163.1;9750.0;9006.0;9173.0;8933.0;35.0;15.0;22.0;33.0;-1.03;-0.05;-10.64;-1.09;2.5;-39.23
1753881478.452478;0.2;1.6;-0.1;-2.9;-0.67;-163.51;9780.4;8711.0;9356.6;10564.7;40.7;15.8;21.1;32.7;-0.89;-0.83;-10.78;1.9;5.42;-53.25
1753881478.457478;0.2;1.6;-0.2;-2.9;-1.2;-168.22;9757.7;9324.7;8790.2;10093.1;32.7;11.9;22.6;33.0;-0.47;-0.46;-11.71;-2.29;0.09;-50.37
1753881478.462478;0.3;1.5;-0.2;-2.9;-1.28;-162.02;9772.7;9134.6;7527.3;10078.7;38.5;18.8;25.6;32.9;-1.82;-0.12;-9.46;0.22;-0.34;-20.65
1753881478.467478;0.1;1.5;-0.1;-2.8;-1.47;-164.7;9834.9;8991.1;7157.5;5634.3;42.5;22.1;22.8;33.4;-2.61;0.21;-10.95;0.15;2.75;-15.35
1753881478.472479;0.2;1.5;-0.1;-2.9;-0.79;-160.12;9765.8;9177.6;8212.7;9914.5;26.3;17.6;25.3;33.2;-0.17;0.03;-8.84;-2.49;4.72;-17.05
1753881478.477479;0.1;1.5;-0.1;-2.8;-0.77;-165.6;9773.7;9207.6;9183.4;8527.3;63.6;15.6;24.1;33.0;-0.91;0.37;-11.65;1.56;-2.7;-25.28
1753881478.482479;0.1;1.5;-0.1;-2.9;-1.57;-165.9;9824.6;9349.0;6785.0;8565.9;58.2;18.9;26.3;32.9;0.62;0.07;-10.32;-3.48;4.98;-25.0
1753881478.487479;0.1;1.5;-0.1;-2.9;-2.66;-166.05;9828.9;9325.6;7823.2;9778.0;27.8;25.6;25.4;33.0;-0.81;0.88;-12.56;-3.76;-1.82;-53.64
1753881478.492479;0.2;1.5;-0.1;-2.8;-2.09;-166.22;9822.6;9052.3;6893.0;6705.3;46.6;23.2;25.0;33.0;-0.31;0.41;-10.59;-3.53;-0.93;-39.85
1753881478.497479;0.1;1.5;-0.1;-2.8;-2.48;-166.4;9783.4;8905.3;8496.9;8098.9;55.3;26.9;23.6;32.9;0.44;0.38;-10.09;-8.61;9.19;-37.81
1753881478.502479;0.1;1.5;-0.1;-2.8;-2.64;-165.63;9756.5;9069.7;6025.3;8419.8;46.1;23.2;28.2;33.9;0.06;-0.61;-9.28;-0.73;-0.61;-55.94
1753881478.50748;0.1;1.5;-0.1;-2.9;-2.97;-165.43;9766.4;9471.9;7087.3;7581.6;46.3;21.3;23.5;33.2;0.22;0.33;-10.84;-2.3;1.08;-34.18
1753881478.51248;0.1;1.5;-0.1;-2.8;-1.59;-166.57;9784.0;9318.7;6566.2;5235.2;50.7;19.4;23.9;33.7;0.8;-0.0;-10.06;-3.06;0.54;-43.02
1753881478.51748;0.0;1.5;-0.1;-2.7;-1.28;-165.96;9785.7;9502.5;8437.0;5697.9;60.0;27.1;29.0;33.1;-0.07;-0.85;-11.49;-0.6;-0.77;-17.58
1753881478.52248;0.0;1.5;-0.1;-2.8;-2.0;-166.53;9781.7;9397.4;6734.8;7907.8;51.8;24.5;29.1;33.9;0.65;-1.17;-11.36;-0.93;5.56;-9.97
1753881478.52748;0.2;1.5;-0.1;-2.8;-1.9;-165.36;9812.4;9278.7;6260.4;5647.4;57.7;25.5;23.6;34.7;-0.72;-0.55;-11.03;2.85;10.59;-21.03
1753881478.53248;-0.0;1.5;-0.1;-2.8;-2.32;-167.51;9806.8;9767.9;6022.7;6429.7;52.2;23.1;25.3;34.0;0.01;-0.43;-12.57;2.49;-1.09;-58.72
1753881478.53748;-0.1;1.5;-0.1;-2.8;-2.28;-166.88;9799.9;9532.6;6187.3;5182.3;61.2;25.9;22.6;32.9;-0.15;-0.73;-11.03;-5.67;0.73;-26.15
1753881478.54248;0.0;1.5;-0.1;-2.7;-2.89;-166.36;9762.6;9188.0;8534.6;6821.0;74.4;31.0;23.5;34.5;0.89;-0.32;-11.42;-1.01;2.68;-36.39
1753881478.54748;0.0;1.5;-0.1;-2.8;-1.77;-167.33;9795.5;9482.8;3958.9;6432.1;66.4;30.8;27.4;34.1;0.25;-0.46;-9.8;-5.56;4.49;-17.97
1753881478.55248;-0.1;1.5;-0.1;-2.8;-2.54;-168.69;9827.3;9465.6;5021.3;5665.0;58.2;30.3;30.4;33.7;-0.81;-0.58;-10.37;0.59;1.08;-35.93
1753881478.55748;0.1;1.5;-0.1;-2.8;-3.91;-170.1;9773.3;9323.5;5469.6;5479.3;60.0;31.0;27.2;34.9;0.09;0.13;-11.65;0.13;0.98;-32.05
1753881478.562481;0.0;1.5;-0.1;-2.7;-2.6;-168.09;9817.0;9861.6;5126.8;5732.3;62.8;32.9;28.8;34.2;0.17;-0.43;-10.23;2.69;-0.37;-14.71
1753881478.567481;0.1;1.5;-0.1;-2.8;-3.18;-169.74;9823.5;9685.7;4368.9;5679.8;63.1;21.1;30.1;34.1;1.15;-0.07;-11.66;3.99;2.39;-3.18
1753881478.572481;0.1;1.5;-0.1;-2.7;-2.11;-169.51;9777.9;9421.2;4426.7;4552.5;75.2;35.8;34.7;34.9;-0.6;-0.09;-13.12;-1.36;1.87;-25.96
1753881478.577481;-0.2;1.5;-0.1;-2.7;-2.69;-169.45;9826.9;9744.5;4250.0;3745.4;66.5;30.9;26.8;34.3;-1.68;0.4;-10.99;-4.99;-1.14;-22.95
1753881478.582481;-0.0;1.5;-0.1;-2.7;-2.53;-166.89;9834.0;9806.9;5205.0;5461.0;70.1;35.5;28.0;34.8;0.36;0.06;-11.94;1.66;3.72;-5.07
1753881478.587481;-0.1;1.5;-0.1;-2.7;-2.72;-168.73;9822.9;9615.5;4702.5;5076.0;74.6;38.3;28.6;34.7;-0.37;0.16;-11.77;-5.05;4.87;-57.02
1753881478.592481;-0.1;1.5;-0.1;-2.7;-2.89;-168.32;9820.4;9856.8;5276.0;2976.9;63.1;28.7;34.5;34.7;0.8;-0.39;-10.72;-3.09;6.6;-32.73
1753881478.597482;-0.1;1.5;-0.1;-2.7;-2.1;-167.72;9829.9;10016.0;4757.7;3202.0;86.5;39.0;28.8;35.0;0.96;0.58;-12.27;-1.66;2.62;-46.25
1753881478.602482;-0.0;1.5;-0.1;-2.8;-3.37;-169.22;9889.2;9796.4;3033.2;4311.4;62.0;33.8;31.9;35.9;0.21;0.47;-12.11;0.41;8.8;-11.38
1753881478.607482;-0.1;1.5;-0.1;-2.8;-3.01;-166.7;9837.6;9978.8;2534.1;2251.1;53.2;31.4;31.5;34.9;2.12;-0.02;-10.99;0.83;4.28;-5.09
1753881478.612482;-0.2;1.5;-0.1;-2.7;-3.33;-171.57;9853.6;9704.5;4057.8;5374.1;71.1;24.2;28.4;35.1;0.75;-0.44;-11.25;0.57;3.52;-11.88
1753881478.617482;-0.1;1.5;-0.1;-2.7;-4.1;-169.38;9855.8;9703.0;3738.4;4081.4;64.5;40.5;30.1;35.2;2.15;0.2;-10.98;-1.03;3.02;18.57
1753881478.622478;-0.1;1.5;-0.1;-2.7;-3.33;-170.83;9876.0;9903.0;4080.0;4100.0;77.0;36.0;32.0;35.0;0.71;-0.09;-11.2;-0.15;2.51;-18.77
1753881478.627478;-0.1;1.5;-0.1;-2.7;-3.33;-170.83;9876.0;9903.0;4080.0;4100.0;77.0;36.0;32.0;35.0;0.09;-0.08;-11.55;1.56;4.24;-39.26
1753881478.632478;-0.1;1.5;-0.1;-2.7;-3.33;-170.83;9876.0;9903.0;4080.0;4100.0;77.0;36.0;32.0;35.0;0.36;0.26;-10.98;-1.1;0.8;-27.01
1753881478.637478;-0.1;1.5;-0.1;-2.7;-3.33;-170.83;9876.0;9903.0;4080.0;4100.0;77.0;36.0;32.0;35.0;0.71;0.17;-10.51;-1.79;-1.93;-16.98
1753881478.642478;-0.1;1.5;-0.1;-2.7;-3.33;-170.83;9876.0;9903.0;4080.0;4100.0;77.0;36.0;32.0;35.0;-0.09;0.22;-10.77;0.4;2.52;-30.46
1753881478.647478;-0.1;1.5;-0.1;-2.7;-3.33;-170.83;9876.0;9903.0;4080.0;4100.0;77.0;36.0;32.0;35.0;-0.15;0.37;-11.02;1.57;1.66;-28.32
1753881478.652478;-0.1;1.5;-0.1;-2.7;-3.33;-170.83;9876.0;9903.0;4080.0;4100.0;77.0;36.0;32.0;35.0;0.0;0.19;-11.53;-0.5;-3.19;-20.38
1753881478.657478;-0.1;1.5;-0.1;-2.7;-3.33;-170.83;9876.0;9903.0;4080.0;4100.0;77.0;36.0;32.0;35.0;-0.49;0.2;-11.53;-0.35;0.32;-34.3
1753881478.662478;-0.1;1.5;-0.1;-2.7;-3.33;-170.83;9876.0;9903.0;4080.0;4100.0;77.0;36.0;32.0;35.0;-0.59;0.97;-10.84;0.47;2.39;-31.58
1753881478.667478;-0.1;1.5;-0.1;-2.7;-3.33;-170.83;9876.0;9903.0;4080.0;4100.0;77.0;36.0;32.0;35.0;-0.27;1.02;-10.92;-0.01;-1.53;-14.86
1753881478.672478;-0.1;1.5;-0.1;-2.7;-3.33;-170.83;9876.0;9903.0;4080.0;4100.0;77.0;36.0;32.0;35.0;-0.37;0.16;-12.08;-2.59;-0.11;-34.18
1753881478.677478;-0.1;1.4;-0.1;-2.8;-1.06;-170.32;10006.4;10648.9;3357.5;1865.5;73.4;49.0;9.9;46.2;-0.78;0.9;-12.38;-2.5;-0.99;-34.48
1753881478.682478;0.0;1.5;-0.1;-2.6;-1.18;-176.22;9876.2;9353.0;4228.1;5970.5;68.6;48.2;45.8;32.7;-0.74;-0.37;-11.34;-0.59;1.44;-39.35
1753881478.687478;-0.1;1.4;-0.1;-2.5;-3.59;-166.68;10089.0;9828.5;3043.4;2914.5;83.4;23.5;-84.3;11.6;0.25;0.06;-11.31;-3.17;0.52;-30.46
1753881478.692478;-0.4;1.4;-0.1;-2.6;-3.23;-174.05;9913.4;9976.7;8757.4;4714.4;95.6;43.8;-37.8;62.4;-0.77;-0.49;-12.14;-1.3;1.02;-34.66
1753881478.697478;-0.3;1.5;-0.1;-2.4;-1.36;-166.13;9975.6;9764.6;-1883.3;2767.2;63.4;11.9;-8.3;-5.7;-1.78;0.42;-9.45;0.93;-2.12;-42.83
1753881478.702479;-0.3;1.5;-0.1;-2.6;-1.92;-171.95;9954.5;9981.5;4630.0;4825.9;28.4;14.2;-24.1;-0.4;-0.11;0.31;-11.14;0.13;0.62;-20.73
1753881478.707479;-0.1;1.5;-0.1;-2.3;-1.99;-173.79;9875.7;10251.9;2124.4;4733.7;51.3;-0.7;29.8;-5.2;-0.56;-0.14;-10.12;-2.51;1.15;-35.68
1753881478.712479;-0.1;1.5;-0.1;-2.3;-4.23;-172.37;9932.8;10434.7;6737.8;-1903.8;60.8;27.2;-13.4;44.1;-2.63;0.12;-13.01;0.09;2.32;-33.75
1753881478.717479;-0.2;1.5;-0.1;-2.6;-3.29;-166.85;9846.8;9593.3;1141.5;2595.7;38.8;-35.1;-106.7;27.9;0.32;0.23;-10.66;-2.27;3.77;-14.81
1753881478.722479;-0.2;1.5;-0.1;-2.5;-1.11;-173.61;9797.3;9898.5;1097.7;4373.3;72.9;29.0;-127.3;8.6;-0.7;-0.03;-11.34;-1.24;0.08;-30.04
1753881478.727479;-0.2;1.5;-0.1;-2.5;-1.28;-167.97;10084.3;10261.7;-1818.7;3552.5;47.8;12.4;-88.3;-14.1;0.05;-0.5;-10.56;-0.7;0.36;-28.33
1753881478.732479;-0.2;1.4;-0.1;-2.2;-2.61;-181.3;10119.4;9886.5;3249.4;5465.1;25.0;-37.1;-32.2;7.4;-1.45;0.2;-10.88;-1.43;2.92;-24.81
1753881478.73748;-0.3;1.4;-0.1;-2.2;-1.26;-177.73;10012.7;10057.1;226.9;4857.2;36.7;9.1;-126.1;-9.4;-1.22;0.6;-11.39;-0.86;0.79;-49.79
1753881478.74248;-0.2;1.4;-0.1;-2.5;-1.45;-178.98;10124.9;10423.8;8731.4;8792.5;57.2;-19.9;-168.0;-9.8;-0.99;1.02;-11.8;-0.18;2.12;-31.36
1753881478.74748;-0.2;1.5;-0.1;-2.4;-4.04;-172.81;9957.7;9759.9;-1100.1;3372.4;40.1;15.7;-33.3;-2.4;-0.93;1.08;-10.8;1.62;-1.03;-42.98
1753881478.75248;-0.1;1.4;-0.1;-2.4;-3.3;-171.12;9949.8;9540.3;4001.8;455.9;43.6;-22.5;-227.8;-0.1;-1.69;-0.35;-10.79;-0.93;7.63;-34.64
1753881478.75748;-0.1;1.4;-0.1;-2.0;-2.96;-175.54;10209.6;10496.1;-71.9;947.8;36.1;-8.7;-129.9;5.0;-1.15;0.34;-11.03;1.14;2.91;-35.08
1753881478.76248;-0.3;1.5;-0.1;-2.5;-3.86;-173.32;10114.2;9551.7;2445.7;3208.1;11.5;-66.9;-66.1;-5.8;-1.34;-0.09;-10.2;-0.75;0.23;-28.97
1753881478.76748;-0.3;1.5;-0.1;-2.3;-2.25;-168.74;10035.1;10053.1;2383.0;3492.2;26.5;-32.4;-154.2;-9.4;-1.11;0.09;-11.65;-0.32;3.17;-50.82
1753881478.77248;-0.3;1.5;-0.1;-2.5;-3.84;-174.91;10230.6;9876.4;5052.0;-214.5;33.3;-62.6;-146.1;-24.6;-0.89;-0.43;-10.69;-1.4;-2.3;-31.21
1753881478.77748;-0.2;1.5;-0.1;-1.9;-4.87;-171.8;10119.0;10546.8;6220.6;5854.2;11.6;-41.1;-171.0;-28.0;-2.16;-0.37;-10.82;-0.47;-0.21;-22.68
1753881478.78248;-0.4;1.4;-0.1;-2.4;-2.86;-176.93;10131.4;10731.9;6116.8;6253.4;-35.7;-63.1;-213.9;-27.5;-1.47;-0.33;-11.61;0.1;2.3;-45.47
1753881478.78748;-0.2;1.5;-0.1;-2.5;-3.62;-168.99;10164.8;10421.6;4395.7;-67.8;-12.7;-38.6;-187.2;-22.8;-1.4;0.18;-10.31;1.15;4.03;-42.89
1753881478.792481;0.0;1.4;-0.1;-2.0;-0.87;-179.61;10255.8;9919.2;5894.6;4745.4;55.8;-35.8;-209.7;-58.5;-1.33;-0.38;-9.72;1.2;4.62;-27.56
1753881478.797481;-0.0;1.4;-0.1;-2.5;-0.21;-178.45;10115.1;10243.7;4211.5;2742.7;26.2;-29.0;-164.3;-39.3;-1.53;0.38;-9.74;1.41;4.64;-41.21
1753881478.802478;-0.2;1.4;-0.1;-2.1;-2.07;-175.6;10160.0;10170.0;2993.0;2753.0;-2.0;-56.0;-226.0;-44.0;-1.69;-0.07;-10.36;1.32;2.7;-37.35
1753881478.807478;-0.2;1.4;-0.1;-2.1;-2.07;-175.6;10160.0;10170.0;2993.0;2753.0;-2.0;-56.0;-226.0;-44.0;-1.68;0.01;-10.14;0.97;2.7;-40.05
1753881478.812478;-0.2;1.4;-0.1;-2.1;-2.07;-175.6;10160.0;10170.0;2993.0;2753.0;-2.0;-56.0;-226.0;-44.0;-1.15;0.19;-10.11;-0.94;-0.7;-20.42
1753881478.817478;-0.2;1.4;-0.1;-2.1;-2.07;-175.6;10160.0;10170.0;2993.0;2753.0;-2.0;-56.0;-226.0;-44.0;-1.1;0.23;-10.43;1.67;0.91;-30.41
1753881478.822478;-0.2;1.4;-0.1;-2.1;-2.07;-175.6;10160.0;10170.0;2993.0;2753.0;-2.0;-56.0;-226.0;-44.0;-1.63;0.49;-10.76;1.69;1.89;-40.42
1753881478.827478;-0.2;1.4;-0.1;-2.1;-2.07;-175.6;10160.0;10170.0;2993.0;2753.0;-2.0;-56.0;-226.0;-44.0;-0.97;0.27;-10.86;-0.96;-1.89;-31.32
1753881478.832478;-0.2;1.4;-0.1;-2.1;-2.07;-175.6;10160.0;10170.0;2993.0;2753.0;-2.0;-56.0;-226.0;-44.0;-0.82;0.05;-10.41;0.38;-0.1;-27.36
1753881478.837478;-0.2;1.4;-0.1;-2.1;-2.07;-175.6;10160.0;10170.0;2993.0;2753.0;-2.0;-56.0;-226.0;-44.0;-1.12;0.22;-10.21;1.11;4.35;-33.82
1753881478.842478;-0.2;1.4;-0.1;-2.1;-2.07;-175.6;10160.0;10170.0;2993.0;2753.0;-2.0;-56.0;-226.0;-44.0;-0.38;0.59;-10.59;-1.35;-0.2;-22.56
1753881478.847478;-0.2;1.4;-0.1;-2.1;-2.07;-175.6;10160.0;10170.0;2993.0;2753.0;-2.0;-56.0;-226.0;-44.0;-0.07;-0.06;-11.21;-4.24;-0.54;-38.0
1753881478.852478;-0.2;1.4;-0.1;-2.1;-2.07;-175.6;10160.0;10170.0;2993.0;2753.0;-2.0;-56.0;-226.0;-44.0;-0.72;-0.32;-11.08;-3.51;2.69;-42.18
1753881478.857478;-0.2;1.5;-0.1;-2.7;-1.81;-172.57;10083.3;10342.1;3558.2;1932.6;7.0;1.7;-173.5;-92.2;0.16;-0.18;-10.54;-6.47;3.55;-49.73
1753881478.862478;-0.2;1.5;-0.1;-2.0;-1.83;-106.38;10182.6;10289.2;2631.1;3152.4;35.8;-30.9;-394.3;-27.2;-0.49;0.04;-11.62;-4.77;6.6;-51.07
1753881478.867478;-0.3;1.5;-0.1;-1.4;-2.74;-182.09;10362.0;10103.6;1821.6;3219.4;79.8;-75.6;-199.3;-40.4;-1.92;0.03;-10.98;-2.03;0.87;-27.85
1753881478.872478;-0.2;1.4;-0.1;-1.9;-1.7;-108.38;10090.9;10349.0;3217.8;2808.6;-43.2;-112.2;-349.5;-23.5;-0.57;-0.22;-10.47;-0.21;-1.34;-41.54
1753881478.877478;-0.1;1.4;-0.1;-2.6;-1.84;-100.21;10218.8;9893.6;2336.4;4101.4;-26.0;1.3;-153.9;-96.4;0.39;-0.03;-11.6;-0.15;1.74;-25.09
1753881478.882479;-0.4;1.4;-0.1;-1.3;-2.15;-40.43;9855.8;10066.4;2629.7;2502.5;-10.7;11.2;-211.4;-59.9;-1.27;0.16;-10.65;-0.58;1.18;-28.33
1753881478.887479;-0.1;1.4;-0.1;-2.0;-2.37;-18.12;9963.5;10170.5;3275.2;2804.2;12.8;-149.8;-49.5;-48.5;-1.31;0.74;-11.29;-3.99;2.77;-29.34
1753881478.892479;-0.2;1.5;-0.1;-2.7;-1.62;-294.39;10067.0;10134.0;2121.8;2601.0;104.5;-108.2;-274.4;-0.2;0.61;0.15;-10.73;0.3;2.63;-26.34
1753881478.897479;-0.3;1.4;-0.1;-2.2;-1.83;-100.3;10060.0;9889.1;2434.2;3289.6;35.5;32.9;-121.4;-44.2;0.9;0.48;-9.88;6.58;0.83;-36.2
1753881478.902479;-0.3;1.5;-0.1;-1.9;-2.99;-23.0;10027.0;10201.9;2185.0;3740.8;34.3;20.9;-295.5;-23.1;0.53;0.03;-10.2;4.74;-0.16;-37.98
1753881478.907479;-0.2;1.4;-0.1;-2.0;-0.96;9.61;10250.7;9964.4;2420.4;3140.6;31.9;-49.2;90.2;37.0;-1.35;-0.05;-9.83;3.7;3.34;-37.13
1753881478.91248;-0.2;1.4;-0.1;-1.6;-2.0;-44.31;10104.1;9858.6;2434.8;2591.8;3.3;6.6;31.0;47.4;-0.13;0.37;-11.09;5.12;2.83;-27.95
1753881478.91748;-0.3;1.4;-0.1;-1.9;-2.84;50.56;9941.5;10116.2;3232.0;2298.0;57.8;29.5;-258.7;-53.2;-0.67;-0.26;-9.9;8.23;2.1;-20.01
1753881478.92248;-0.3;1.4;-0.1;-1.8;-2.53;-57.67;10192.1;9889.2;2197.2;2615.9;50.0;-14.1;50.0;37.9;0.4;0.3;-10.87;3.71;1.64;-39.11
1753881478.92748;-0.3;1.4;-0.1;-1.5;-2.3;36.27;10143.8;9932.8;2770.8;2341.3;7.3;-53.8;-190.9;25.8;-0.38;0.01;-10.9;7.08;4.34;-24.06
1753881478.93248;-0.3;1.5;-0.1;-1.6;-2.88;152.19;9869.3;10019.1;2073.3;2795.0;-18.1;-69.1;162.5;-59.7;-0.51;1.06;-11.16;9.52;1.71;-20.71
1753881478.93748;-0.3;1.4;-0.1;-1.9;-1.39;227.7;9959.3;10155.6;3428.7;2129.0;-8.4;-13.1;-7.5;-63.3;-0.68;0.29;-10.79;0.07;-0.61;-22.61
1753881478.94248;-0.3;1.5;-0.1;-1.2;-2.65;-42.18;10249.4;9821.5;2276.5;2840.2;58.8;-63.3;75.7;42.7;-0.85;0.56;-10.86;3.33;4.91;-30.11
1753881478.94748;-0.3;1.4;-0.1;-2.0;-3.21;42.75;10319.0;10321.5;2951.9;2278.1;92.2;-19.8;-44.0;-48.5;0.29;0.78;-10.25;4.49;-1.21;-13.9
1753881478.95248;-0.3;1.4;-0.1;-1.7;-3.09;222.64;9980.0;9893.3;2871.8;2228.6;19.2;-69.3;65.6;-8.0;-1.1;0.7;-10.53;3.22;7.57;-28.68
1753881478.95748;-0.3;1.5;-0.1;-1.4;-2.43;109.85;10054.8;9992.9;3931.5;1959.0;75.5;5.2;112.1;119.5;0.87;1.08;-9.51;7.77;1.52;-31.42
1753881478.96248;-0.4;1.5;-0.1;-1.4;-2.97;3.74;10113.5;9951.5;2815.6;3221.2;27.1;-13.1;-31.6;28.3;0.24;0.43;-10.68;6.95;3.41;-20.03
1753881478.967481;-0.3;1.5;-0.1;-2.3;-2.25;190.85;10097.5;9761.6;2215.6;2286.9;-60.8;35.2;221.3;28.0;0.03;0.59;-10.79;5.25;3.35;-5.71
1753881478.972481;-0.4;1.5;-0.1;-1.3;-3.1;300.8;9929.0;10094.9;3349.7;2008.7;34.6;-6.9;209.1;93.7;0.94;0.6;-10.66;4.34;6.48;-9.63
1753881478.977481;-0.3;1.5;-0.1;-1.4;-2.08;185.85;10036.9;9690.2;2469.4;2632.9;63.6;77.1;-71.5;7.8;0.8;1.08;-10.91;13.45;-0.61;-17.85
1753881478.982481;-0.3;1.5;-0.1;-1.4;-2.26;197.19;9835.6;9930.7;2172.4;2156.9;71.1;20.0;-5.2;-12.3;0.45;1.22;-10.26;15.82;4.66;-22.25
1753881478.987478;-0.3;1.4;-0.1;-1.4;-2.69;177.48;9960.0;9886.0;2543.0;2600.0;54.0;13.0;28.0;30.0;0.38;1.25;-10.35;10.58;2.04;-12.9
1753881478.992478;-0.3;1.4;-0.1;-1.4;-2.69;177.48;9960.0;9886.0;2543.0;2600.0;54.0;13.0;28.0;30.0;0.53;0.4;-9.68;5.12;2.86;-19.27
1753881478.997478;-0.3;1.4;-0.1;-1.4;-2.69;177.48;9960.0;9886.0;2543.0;2600.0;54.0;13.0;28.0;30.0;0.97;-0.47;-10.64;-2.17;1.89;-54.36
1753881479.002478;-0.3;1.4;-0.1;-1.4;-2.69;177.48;9960.0;9886.0;2543.0;2600.0;54.0;13.0;28.0;30.0;0.81;0.29;-10.82;-3.17;-1.05;-29.28
1753881479.007478;-0.3;1.4;-0.1;-1.4;-2.69;177.48;9960.0;9886.0;2543.0;2600.0;54.0;13.0;28.0;30.0;1.11;-0.49;-11.73;-11.43;-6.83;-9.27
1753881479.012478;-0.3;1.4;-0.1;-1.4;-2.69;177.48;9960.0;9886.0;2543.0;2600.0;54.0;13.0;28.0;30.0;0.75;-1.94;-12.94;-9.23;-0.63;-55.48
1753881479.017478;-0.3;1.4;-0.1;-1.4;-2.69;177.48;9960.0;9886.0;2543.0;2600.0;54.0;13.0;28.0;30.0;0.81;-1.19;-12.1;-4.52;0.3;-47.02
1753881479.022478;-0.3;1.4;-0.1;-1.4;-2.69;177.48;9960.0;9886.0;2543.0;2600.0;54.0;13.0;28.0;30.0;0.71;-0.37;-10.7;0.9;-1.88;-5.34
1753881479.027478;-0.3;1.4;-0.1;-1.4;-2.69;177.48;9960.0;9886.0;2543.0;2600.0;54.0;13.0;28.0;30.0;0.3;-0.39;-9.84;5.26;3.44;-23.77
1753881479.032478;-0.3;1.4;-0.1;-1.4;-2.69;177.48;9960.0;9886.0;2543.0;2600.0;54.0;13.0;28.0;30.0;0.63;0.1;-10.26;2.5;5.9;-54.17
1753881479.037478;-0.3;1.4;-0.1;-1.4;-2.69;177.48;9960.0;9886.0;2543.0;2600.0;54.0;13.0;28.0;30.0;0.88;0.33;-10.94;4.73;-1.54;-18.31
1753881479.042478;-0.3;1.4;-0.1;-1.4;-2.69;177.48;9960.0;9886.0;2543.0;2600.0;54.0;13.0;28.0;30.0;0.93;-0.63;-11.38;6.85;1.95;-25.39
1753881479.047478;-0.3;1.4;-0.1;-1.4;-2.69;177.48;9960.0;9886.0;2543.0;2600.0;54.0;13.0;28.0;30.0;0.51;-0.46;-11.2;7.9;7.72;-48.42
1753881479.052478;-0.3;1.4;-0.1;-1.4;-2.69;177.48;9960.0;9886.0;2543.0;2600.0;54.0;13.0;28.0;30.0;0.38;-0.17;-11.29;-12.75;-5.82;-8.59
1753881479.057478;-0.3;1.4;-0.1;-1.4;-2.69;177.48;9960.0;9886.0;2543.0;2600.0;54.0;13.0;28.0;30.0;0.77;-1.11;-12.08;-8.36;-5.23;-46.17
1753881479.062478;-0.3;1.4;-0.1;-1.4;-2.69;177.48;9960.0;9886.0;2543.0;2600.0;54.0;13.0;28.0;30.0;0.12;-0.45;-10.35;0.47;3.76;-49.03
1753881479.067478;-0.3;1.4;-0.1;-1.4;-2.69;177.48;9960.0;9886.0;2543.0;2600.0;54.0;13.0;28.0;30.0;-0.08;1.31;-9.13;0.71;1.66;-15.53
1753881479.072478;-0.3;1.4;-0.1;-1.4;-2.69;177.48;9960.0;9886.0;2543.0;2600.0;54.0;13.0;28.0;30.0;0.19;0.64;-10.16;2.15;-2.05;-20.01
1753881479.077478;-0.3;1.4;-0.1;-1.0;-1.9;93.06;9999.6;9926.8;2669.6;2552.5;19.1;17.8;17.7;36.5;-0.68;0.69;-10.88;2.91;-2.37;-1.84
1753881479.082478;-0.3;1.5;-0.1;-1.5;-2.86;130.23;10080.4;9850.3;2538.8;2595.8;63.8;38.6;-39.6;43.4;1.1;-0.29;-11.03;-2.86;5.76;-40.72
1753881479.087478;-0.3;1.5;-0.1;-1.1;-2.04;196.65;9995.1;9918.3;2217.5;2442.9;44.0;-13.5;-46.6;49.5;0.32;1.6;-11.07;4.33;3.74;-25.03
1753881479.092478;-0.3;1.5;-0.1;-1.4;-2.68;283.15;9991.7;9897.1;2406.6;2475.8;41.7;-2.9;38.0;13.0;-0.23;0.82;-10.75;5.31;0.27;-13.07
1753881479.097479;-0.4;1.5;-0.1;-1.6;-1.58;126.48;10002.6;9926.1;2759.1;2535.8;36.0;28.0;-41.8;40.7;0.24;1.22;-8.27;4.2;2.87;-19.62
1753881479.102479;-0.3;1.5;-0.1;-1.2;-1.89;221.56;9977.6;9959.5;2335.3;2446.4;53.7;-3.7;82.1;4.3;-0.06;0.87;-11.72;-2.31;0.33;-26.03
1753881479.107479;-0.3;1.5;-0.1;-1.0;-2.63;259.31;10062.2;9974.3;2327.2;2553.5;29.1;14.7;19.1;7.9;-0.12;1.37;-10.29;1.47;-0.19;-9.58
1753881479.112479;-0.4;1.5;-0.1;-0.6;-1.76;-55.46;10122.0;9955.9;2561.1;2604.2;38.6;-10.1;57.5;-4.1;-0.17;2.1;-10.36;0.53;1.97;-43.26
1753881479.117479;-0.4;1.5;-0.1;-1.5;-1.74;302.32;10075.1;9821.9;2448.3;2442.9;34.3;27.0;18.2;28.1;0.54;0.72;-7.88;8.74;1.02;10.08
1753881479.122479;-0.4;1.5;-0.1;-0.9;-2.28;161.14;10040.9;9884.5;2460.5;2447.6;34.8;24.7;103.3;8.7;0.73;0.26;-10.65;5.03;-1.69;-41.6
1753881479.127479;-0.4;1.4;-0.1;-1.2;-1.37;281.71;10049.6;9891.5;2675.8;2328.2;30.9;4.7;31.9;5.5;-0.81;-0.89;-10.87;6.23;3.86;-35.05
1753881479.13248;-0.3;1.5;-0.1;-0.7;-1.6;90.57;10067.9;9905.8;2433.2;2503.8;45.0;-13.0;79.8;33.8;0.17;-0.19;-9.47;1.93;-3.25;-29.0
1753881479.13748;-0.4;1.5;-0.1;-0.8;-1.46;385.41;10179.1;10008.6;2229.6;2412.1;19.7;18.6;14.7;5.0;-0.42;-1.13;-10.55;5.76;2.16;-30.21
1753881479.14248;-0.5;1.5;-0.1;-1.2;-1.48;161.1;10048.6;9864.8;2371.4;2389.4;35.0;25.3;-22.9;-1.0;-0.77;-0.23;-11.01;2.66;-0.5;-15.26
1753881479.14748;-0.4;1.5;-0.1;-0.8;-1.6;241.89;10049.8;9822.0;2110.3;2357.3;15.8;-5.6;34.8;20.6;-0.54;-1.11;-11.17;6.39;1.56;-46.69
1753881479.15248;-0.5;1.5;-0.1;-1.0;-2.04;86.46;10122.6;9888.1;2353.1;2311.8;31.4;45.9;98.8;-2.9;0.19;-0.28;-9.67;-1.38;-1.64;-19.21
1753881479.15748;-0.4;1.5;-0.1;-0.7;-1.33;185.74;10120.6;9937.5;2184.5;2322.8;42.3;9.1;-10.7;44.5;0.44;1.13;-10.02;3.8;0.39;-13.81
1753881479.16248;-0.4;1.5;-0.1;-0.9;-1.82;8.49;10181.4;9899.1;2405.4;2468.2;32.4;35.1;69.5;-6.0;-1.0;1.93;-9.88;3.74;4.01;-31.32
1753881479.167478;-0.4;1.5;-0.1;-0.7;-1.24;170.45;10160.0;9886.0;2233.0;2323.0;18.0;16.0;17.0;11.0;-0.32;0.61;-10.58;3.67;0.74;-17.46
1753881479.172478;-0.4;1.5;-0.1;-0.7;-1.24;170.45;10160.0;9886.0;2233.0;2323.0;18.0;16.0;17.0;11.0;-0.03;-0.61;-11.32;2.76;1.47;-37.73
1753881479.177478;-0.4;1.5;-0.1;-0.6;-0.3;170.0;10226.5;9886.0;2051.9;2367.0;2.4;15.0;13.2;14.4;-0.31;-1.21;-10.97;3.99;4.33;-18.29
1753881479.182478;-0.4;1.5;-0.1;-0.7;-1.24;170.45;10160.0;9886.0;2233.0;2323.0;18.0;16.0;17.0;11.0;-0.25;0.78;-10.92;1.57;-1.62;-19.23
1753881479.187478;-0.4;1.5;-0.1;-0.7;-1.24;170.45;10160.0;9886.0;2233.0;2323.0;18.0;16.0;17.0;11.0;-0.05;-0.22;-11.13;2.76;-0.25;-36.67
1753881479.192478;-0.4;1.5;-0.1;-0.7;-1.24;170.45;10160.0;9886.0;2233.0;2323.0;18.0;16.0;17.0;11.0;-0.44;-0.47;-11.55;0.24;0.54;-38.79
1753881479.197478;-0.4;1.5;-0.1;-0.7;-1.24;170.45;10160.0;9886.0;2233.0;2323.0;18.0;16.0;17.0;11.0;-0.41;-0.07;-10.96;-0.52;1.46;-30.97
1753881479.202478;-0.4;1.5;-0.1;-0.7;-1.24;170.45;10160.0;9886.0;2233.0;2323.0;18.0;16.0;17.0;11.0;-0.12;0.53;-9.33;1.73;0.61;-12.19
1753881479.207478;-0.4;1.5;-0.1;-0.7;-1.24;170.45;10160.0;9886.0;2233.0;2323.0;18.0;16.0;17.0;11.0;-0.54;-0.09;-10.2;-1.6;2.18;-37.99
1753881479.212478;-0.4;1.5;-0.1;-0.7;-1.24;170.45;10160.0;9886.0;2233.0;2323.0;18.0;16.0;17.0;11.0;-0.33;-0.29;-11.27;-1.28;0.93;-46.15
1753881479.217478;-0.4;1.5;-0.1;-0.7;-1.24;170.45;10160.0;9886.0;2233.0;2323.0;18.0;16.0;17.0;11.0;0.31;-0.02;-11.16;-1.65;-0.48;-21.57
1753881479.222478;-0.4;1.5;-0.1;-0.7;-1.24;170.45;10160.0;9886.0;2233.0;2323.0;18.0;16.0;17.0;11.0;-0.04;-0.35;-10.71;1.62;3.69;-28.9
1753881479.227478;-0.4;1.5;-0.1;-0.7;-1.24;170.45;10160.0;9886.0;2233.0;2323.0;18.0;16.0;17.0;11.0;-0.38;0.6;-10.65;4.5;3.12;-29.09
1753881479.232478;-0.3;1.5;-0.1;-0.8;-1.72;171.47;9941.0;9876.8;2442.9;2303.7;8.8;25.5;3.8;21.3;0.06;0.86;-11.09;2.45;2.38;-50.87
1753881479.237478;-0.4;1.5;-0.1;-0.7;-1.35;168.52;10175.1;9889.7;2167.4;2006.9;49.0;18.5;12.3;8.3;-1.29;0.1;-9.71;13.24;5.19;-24.0
1753881479.242478;-0.4;1.5;-0.1;-0.3;-1.5;171.42;10033.9;9902.9;2259.1;2251.2;0.6;10.7;-4.8;16.4;-0.12;-0.5;-11.43;3.43;0.2;-34.32
1753881479.247478;-0.5;1.5;-0.1;-0.6;-0.55;179.04;9986.3;9878.1;2111.2;2235.8;22.5;4.2;3.3;28.8;-0.6;0.87;-9.57;1.84;6.19;-14.23
1753881479.252478;-0.5;1.5;-0.1;-1.4;-1.33;164.02;10187.5;9853.9;2503.2;2466.3;51.7;2.8;23.8;15.2;-0.67;-1.24;-9.77;2.19;0.09;-29.03
1753881479.257479;-0.5;1.5;-0.1;-0.3;-0.97;168.61;9946.5;9907.5;2338.8;2388.1;54.5;1.7;-14.4;4.3;-0.35;0.07;-10.55;8.4;5.53;-28.19
1753881479.262479;-0.5;1.5;-0.1;-0.7;0.02;169.68;10148.8;9900.0;2365.3;1977.2;48.2;3.9;4.4;22.7;-0.4;0.64;-10.96;10.6;3.37;-11.07
1753881479.267479;-0.5;1.5;-0.1;-0.6;-0.03;164.82;10209.4;9897.8;2249.4;2817.5;41.8;2.2;14.5;-1.6;-0.22;0.88;-11.14;7.9;6.05;-27.61
1753881479.272479;-0.5;1.5;-0.1;-1.1;-1.52;169.92;9994.3;9922.4;2498.3;2326.2;50.3;-6.7;-29.9;36.4;-1.18;0.9;-10.44;3.65;1.7;-38.58
1753881479.277479;-0.5;1.5;-0.1;-1.0;-1.51;165.23;10021.6;9903.0;2485.0;2168.1;26.9;0.0;-3.1;17.7;-0.79;-0.46;-9.66;10.79;0.58;-17.91
1753881479.282479;-0.5;1.5;-0.1;-0.5;-0.8;176.22;10197.7;9934.0;2074.1;2163.7;34.8;6.5;-14.6;25.8;0.02;0.68;-10.56;13.77;8.56;-37.27
1753881479.28748;-0.4;1.5;-0.1;-0.4;-0.68;165.47;10049.0;9953.5;2539.6;2455.1;86.4;8.5;-13.1;37.2;-0.27;-0.18;-10.93;4.58;-0.61;-29.02
1753881479.29248;-0.5;1.5;-0.1;-0.7;-0.7;157.38;9986.9;9918.7;2276.8;2397.9;69.3;-1.7;-34.6;30.9;-0.21;0.23;-10.67;5.96;11.7;-48.73
1753881479.29748;-0.5;1.5;-0.1;-1.0;-1.57;169.56;9968.3;9914.8;2288.4;2187.0;95.8;-15.3;-35.5;48.2;-0.33;0.02;-10.17;0.56;1.07;-31.75
1753881479.30248;-0.5;1.5;-0.1;-0.6;-2.75;172.28;10033.1;9928.6;2281.4;2716.9;72.7;-12.0;-14.1;13.5;-0.24;0.84;-9.76;-1.48;6.27;-41.03
1753881479.30748;-0.5;1.5;-0.1;-0.9;-1.07;166.63;9916.0;9937.6;2451.8;2341.2;59.3;-21.0;4.2;40.9;0.24;0.4;-10.91;4.21;4.26;-32.35
1753881479.31248;-0.4;1.5;-0.1;-0.5;-0.59;167.34;9990.2;9932.2;2364.2;2240.8;56.5;-25.0;-27.5;29.6;0.19;-0.25;-11.14;0.95;-0.81;-51.29
1753881479.31748;-0.5;1.5;-0.1;-1.2;-0.81;167.81;10168.9;9951.8;2305.6;2385.2;73.7;-9.6;-23.8;32.6;-0.25;-0.52;-10.49;6.9;6.08;-38.34
1753881479.32248;-0.4;1.5;-0.1;-0.7;-0.79;163.41;10109.0;9965.5;2416.3;2150.8;46.9;-18.4;-57.8;31.5;0.15;-0.05;-10.18;-0.76;0.79;-25.78
1753881479.32748;-0.5;1.5;-0.1;-0.5;-1.43;161.71;9845.0;9938.5;2323.7;2614.2;33.7;-2.7;-48.7;33.1;0.3;0.17;-10.42;2.45;-3.94;-37.05
1753881479.33248;-0.4;1.5;-0.1;-0.5;-2.28;164.55;9996.6;9967.5;2539.1;2473.9;58.5;-5.5;-28.0;35.5;0.42;0.21;-10.78;-10.79;-2.48;-37.67
1753881479.33748;-0.4;1.5;-0.1;-0.5;-1.28;157.46;9951.0;9958.2;2590.2;2468.9;69.7;-20.4;-11.0;36.5;0.05;-1.0;-10.48;5.95;1.23;-25.47
1753881479.342481;-0.5;1.5;-0.1;-1.1;-0.5;159.57;9877.0;9937.5;2585.7;2445.6;38.7;-17.6;-42.6;35.2;0.0;0.12;-9.97;-0.66;0.87;-39.16
1753881479.347481;-0.5;1.5;-0.1;-0.4;-0.33;159.86;9925.6;9974.5;2542.5;2143.6;133.9;-15.5;-39.3;24.4;-0.0;-0.57;-10.47;7.08;4.09;-30.06
1753881479.352478;-0.5;1.5;-0.1;-0.6;-1.0;164.9;9903.0;9960.0;2553.0;2416.0;99.0;-22.0;-43.0;43.0;0.02;-0.67;-10.1;1.83;1.54;-35.82
1753881479.357478;-0.5;1.5;-0.1;-0.6;-1.0;164.9;9903.0;9960.0;2553.0;2416.0;99.0;-22.0;-43.0;43.0;0.31;-0.11;-10.3;0.48;0.62;-27.09
1753881479.362478;-0.5;1.5;-0.1;-0.6;-1.0;164.9;9903.0;9960.0;2553.0;2416.0;99.0;-22.0;-43.0;43.0;-0.26;-0.14;-10.79;2.89;2.34;-32.53
1753881479.367478;-0.5;1.5;-0.1;-0.6;-1.0;164.9;9903.0;9960.0;2553.0;2416.0;99.0;-22.0;-43.0;43.0;0.02;-0.27;-11.05;0.61;1.31;-35.4
1753881479.372478;-0.6;1.5;-0.1;-0.5;-1.09;167.07;9958.6;9957.1;2590.2;2332.6;90.6;-27.5;-79.7;37.7;-0.08;-1.22;-11.31;1.67;0.44;-33.38
1753881479.377478;-0.5;1.5;-0.1;-0.6;-1.0;164.9;9903.0;9960.0;2553.0;2416.0;99.0;-22.0;-43.0;43.0;0.06;-0.13;-10.79;0.61;0.12;-28.14
1753881479.382478;-0.5;1.5;-0.1;-0.6;-1.0;164.9;9903.0;9960.0;2553.0;2416.0;99.0;-22.0;-43.0;43.0;-0.17;0.44;-9.56;3.72;3.79;-29.07
1753881479.387478;-0.5;1.5;-0.1;-0.6;-1.0;164.9;9903.0;9960.0;2553.0;2416.0;99.0;-22.0;-43.0;43.0;-0.2;0.57;-9.8;3.42;3.63;-35.37
1753881479.392478;-0.5;1.5;-0.1;-0.6;-1.0;164.9;9903.0;9960.0;2553.0;2416.0;99.0;-22.0;-43.0;43.0;0.39;0.58;-10.59;3.08;-0.76;-30.6
1753881479.397478;-0.5;1.5;-0.1;-0.6;-1.0;164.9;9903.0;9960.0;2553.0;2416.0;99.0;-22.0;-43.0;43.0;-0.06;-0.04;-10.78;0.99;3.13;-33.98
1753881479.402478;-0.5;1.5;-0.1;-0.6;-1.0;164.9;9903.0;9960.0;2553.0;2416.0;99.0;-22.0;-43.0;43.0;-0.13;0.07;-10.69;-1.34;3.76;-26.02
1753881479.407478;-0.5;1.5;-0.1;-0.6;-1.0;164.9;9903.0;9960.0;2553.0;2416.0;99.0;-22.0;-43.0;43.0;-0.78;0.43;-11.48;4.89;5.14;-30.64
1753881479.412478;-0.5;1.5;-0.1;-0.6;-1.0;164.9;9903.0;9960.0;2553.0;2416.0;99.0;-22.0;-43.0;43.0;-0.09;0.31;-11.1;8.5;1.28;-38.63
1753881479.417478;-0.5;1.5;-0.1;-0.6;-1.0;164.9;9903.0;9960.0;2553.0;2416.0;99.0;-22.0;-43.0;43.0;0.24;0.5;-10.39;8.91;0.06;-31.44
1753881479.422478;-0.5;1.5;-0.1;-0.6;-1.0;164.9;9903.0;9960.0;2553.0;2416.0;99.0;-22.0;-43.0;43.0;-0.97;0.24;-9.46;1.01;7.3;-28.5
1753881479.427478;-0.5;1.5;-0.1;-0.8;-1.18;163.51;9737.0;9914.0;2495.2;2371.7;144.6;-39.2;-34.6;13.7;-1.44;0.57;-10.63;2.09;7.9;-30.71
1753881479.432478;-0.6;1.5;-0.1;-0.7;-0.87;168.0;9913.8;9966.1;2506.9;2389.8;106.7;-16.3;-70.4;38.8;-1.15;1.04;-9.59;0.7;7.31;-38.83
1753881479.437478;-0.6;1.5;-0.1;-0.8;-1.04;163.67;10096.0;9922.8;2561.6;2473.1;128.4;13.0;-26.2;24.4;-1.21;0.41;-10.0;-5.79;9.49;-29.49
1753881479.442478;-0.5;1.5;-0.1;-0.6;-0.82;167.49;9767.3;9963.2;2657.0;2537.6;97.2;-13.2;39.8;38.8;-1.06;-0.09;-9.77;0.92;6.28;-32.34
1753881479.447478;-0.5;1.5;-0.1;-0.6;-1.13;162.36;9795.0;9917.5;2443.7;2453.1;65.8;-16.4;-20.3;23.0;-1.32;0.3;-10.19;-5.72;2.27;-33.29
1753881479.452479;-0.6;1.5;-0.1;-0.5;-0.92;162.43;10022.0;9927.6;2741.9;2369.4;95.4;4.1;-0.2;55.3;-0.52;-0.22;-9.86;2.61;6.88;-31.93
1753881479.457479;-0.5;1.5;-0.1;-0.6;-0.81;170.38;10192.7;9911.9;2382.2;2461.4;55.6;-32.7;-50.5;44.7;-0.6;-0.22;-10.63;-7.24;7.52;-24.45
1753881479.462479;-0.6;1.5;-0.1;-0.6;-0.89;162.66;9999.6;9944.7;2610.9;2456.8;130.9;18.8;-22.7;5.9;-0.58;0.63;-10.45;-5.7;9.03;-27.57
1753881479.467479;-0.6;1.5;-0.1;-0.6;-0.86;157.94;9886.0;9910.2;2362.0;2473.0;89.0;-6.1;-16.8;19.9;-1.46;-0.08;-12.03;-8.21;7.84;-25.25
1753881479.472479;-0.5;1.5;-0.1;-0.5;-0.79;163.34;10019.8;9923.6;2513.8;2492.4;130.5;16.7;-19.8;45.2;-0.88;0.33;-10.27;-3.96;10.55;-27.17
1753881479.477479;-0.6;1.5;-0.1;-0.4;-0.94;160.02;9961.2;9977.1;2478.6;2373.6;71.5;-19.2;-7.2;39.9;-0.97;0.55;-11.57;-3.2;11.81;-25.55
1753881479.482479;-0.6;1.5;-0.1;-0.5;-1.06;165.61;9922.9;9897.6;2626.0;2510.2;115.7;26.9;-9.1;22.3;-1.02;0.03;-10.89;-5.21;9.87;-26.5
1753881479.48748;-0.5;1.5;-0.1;-0.5;-0.67;159.33;9904.7;9898.6;2378.9;2539.8;143.1;-4.4;-7.2;54.1;-1.14;-0.24;-11.37;-10.54;9.99;-32.69
1753881479.49248;-0.6;1.5;-0.1;-0.4;-0.77;160.72;9805.1;9947.1;2657.5;2533.7;71.8;-3.5;13.6;37.1;-0.57;0.35;-10.94;-2.39;6.36;-35.09
1753881479.49748;-0.5;1.5;-0.1;-0.5;-0.81;167.37;10091.3;9902.8;2491.0;2492.6;130.8;-7.0;6.9;44.6;-0.75;0.66;-12.15;0.45;12.01;-28.47
1753881479.50248;-0.5;1.5;-0.1;-0.4;-0.88;160.92;9959.5;9902.7;2573.9;2476.2;113.8;1.3;-14.8;42.4;-1.19;0.97;-11.1;-9.88;15.82;-30.43
1753881479.50748;-0.6;1.5;-0.1;-0.4;-0.63;161.82;9846.4;9887.8;2547.7;2546.4;97.7;6.0;14.7;13.9;-0.95;0.93;-11.36;1.6;10.62;-30.38
1753881479.51248;-0.6;1.5;-0.1;-0.3;-0.74;161.3;9903.6;9863.8;2355.3;2532.2;92.9;-3.9;12.2;35.0;-1.2;1.11;-11.92;-1.76;9.59;-26.04
1753881479.51748;-0.5;1.5;-0.1;-0.4;-0.52;164.06;9787.7;9897.4;2476.0;2559.6;48.0;-2.3;29.1;38.0;-0.84;0.6;-12.27;-9.38;14.35;-40.13
1753881479.52248;-0.6;1.5;-0.1;-0.4;-0.73;160.52;10018.2;9873.2;2267.9;2570.2;125.0;-10.1;68.3;53.4;-0.81;0.62;-11.63;-10.33;12.53;-20.73
1753881479.52748;-0.6;1.5;-0.1;-0.2;-0.35;160.68;9817.3;9956.7;2187.2;2456.4;124.5;2.9;16.1;29.7;-1.34;1.26;-12.95;-12.56;12.54;-30.42
1753881479.532478;-0.6;1.5;-0.1;-0.3;-0.64;161.62;9960.0;9876.0;2396.0;2543.0;89.0;13.0;29.0;34.0;-0.77;0.6;-12.22;-6.56;10.67;-30.77
1753881479.537478;-0.6;1.5;-0.1;-0.3;-0.64;161.62;9960.0;9876.0;2396.0;2543.0;89.0;13.0;29.0;34.0;1.58;1.2;-10.62;-2.64;0.17;-34.62
1753881479.542478;-0.6;1.5;-0.1;-0.3;-0.64;161.62;9960.0;9876.0;2396.0;2543.0;89.0;13.0;29.0;34.0;1.72;1.17;-9.49;2.24;0.06;-35.77
1753881479.547478;-0.6;1.5;-0.1;-0.3;-0.64;161.62;9960.0;9876.0;2396.0;2543.0;89.0;13.0;29.0;34.0;-0.49;1.64;-9.86;3.7;5.85;-37.5
1753881479.552478;-0.6;1.5;-0.1;-0.3;-0.64;161.62;9960.0;9876.0;2396.0;2543.0;89.0;13.0;29.0;34.0;0.57;2.17;-10.17;2.18;-7.29;-16.15
1753881479.557478;-0.6;1.5;-0.1;-0.3;-0.64;161.62;9960.0;9876.0;2396.0;2543.0;89.0;13.0;29.0;34.0;0.93;1.37;-10.88;0.0;-2.54;-33.58
1753881479.562478;-0.6;1.5;-0.1;-0.3;-0.64;161.62;9960.0;9876.0;2396.0;2543.0;89.0;13.0;29.0;34.0;-0.27;0.78;-11.83;-1.0;5.47;-34.38
1753881479.567478;-0.6;1.5;-0.1;-0.3;-0.64;161.62;9960.0;9876.0;2396.0;2543.0;89.0;13.0;29.0;34.0;-0.1;1.29;-13.01;-1.73;4.16;-25.34
1753881479.572478;-0.6;1.5;-0.1;-0.3;-0.64;161.62;9960.0;9876.0;2396.0;2543.0;89.0;13.0;29.0;34.0;0.56;0.1;-11.38;-3.54;1.53;-39.53
1753881479.577478;-0.6;1.5;-0.1;-0.3;-0.64;161.62;9960.0;9876.0;2396.0;2543.0;89.0;13.0;29.0;34.0;-1.4;-0.79;-10.77;-4.91;-0.02;-30.28
1753881479.582478;-0.6;1.5;-0.1;-0.3;-0.64;161.62;9960.0;9876.0;2396.0;2543.0;89.0;13.0;29.0;34.0;-0.64;-0.37;-10.29;-0.65;0.86;-28.22
1753881479.587478;-0.6;1.5;-0.1;-0.3;-0.64;161.62;9960.0;9876.0;2396.0;2543.0;89.0;13.0;29.0;34.0;1.44;0.17;-8.67;5.21;1.51;-22.07
1753881479.592478;-0.6;1.5;-0.1;-0.3;-0.64;161.62;9960.0;9876.0;2396.0;2543.0;89.0;13.0;29.0;34.0;-0.26;-0.34;-9.53;3.74;1.19;-26.28
1753881479.597478;-0.6;1.5;-0.1;-0.3;-0.64;161.62;9960.0;9876.0;2396.0;2543.0;89.0;13.0;29.0;34.0;-0.9;-0.64;-11.31;-0.82;3.36;-38.47
1753881479.602478;-0.6;1.5;-0.1;-0.3;-0.64;161.62;9960.0;9876.0;2396.0;2543.0;89.0;13.0;29.0;34.0;1.18;-0.98;-11.58;-1.38;0.68;-32.85
1753881479.607478;-0.7;1.5;-0.1;-0.3;-0.71;160.39;9797.6;9898.7;2451.3;2557.6;80.2;-13.8;43.0;32.4;1.3;-0.3;-10.79;-4.13;-5.16;-26.81
1753881479.612478;-0.6;1.5;-0.1;-0.5;-0.45;158.74;9963.8;9878.6;2434.2;2499.6;79.7;1.1;9.5;32.5;1.28;-1.28;-10.38;0.32;6.75;-34.3
1753881479.617478;-0.6;1.5;-0.1;-0.6;-0.44;158.51;9933.8;9917.2;2325.5;2542.0;89.4;19.5;64.0;41.3;-0.44;-0.87;-12.6;-1.73;4.46;-28.18
1753881479.622478;-0.6;1.5;-0.1;-0.4;-0.87;161.84;10088.9;9908.1;2307.1;2623.8;80.6;13.5;17.6;38.5;1.08;-0.31;-11.44;6.77;0.45;-31.78
1753881479.627478;-0.6;1.5;-0.1;-0.4;-0.59;160.84;10135.1;9913.4;2391.6;2449.7;97.7;4.8;17.0;43.0;-0.09;-0.89;-10.79;2.99;0.67;-32.68
1753881479.632479;-0.6;1.5;-0.1;-0.4;-0.98;161.78;10010.0;9896.0;2471.5;2480.3;82.5;10.9;32.9;33.1;-0.71;-1.04;-12.86;-0.56;1.11;-33.57
1753881479.637479;-0.7;1.5;-0.1;-0.7;-0.5;160.34;9957.9;9838.7;2399.1;2445.7;80.0;8.0;26.8;42.7;0.59;-0.43;-12.77;-1.09;1.45;-37.44
1753881479.642479;-0.6;1.5;-0.1;-0.3;-0.4;154.79;10076.3;9984.8;2434.6;2471.2;93.7;-18.1;-14.6;46.3;1.12;-0.45;-12.11;-5.3;1.27;-27.88
1753881479.647479;-0.6;1.5;-0.1;-0.6;-0.71;154.54;10061.5;9936.4;2403.5;2437.1;79.1;2.2;35.7;38.5;0.64;-1.09;-13.44;-0.23;0.53;-23.96
1753881479.652479;-0.6;1.5;-0.1;-0.3;-0.59;157.08;10006.2;9971.0;2432.5;2420.6;83.9;16.6;26.6;43.6;0.14;0.98;-12.58;-3.57;3.79;-34.67
1753881479.657479;-0.6;1.5;-0.1;-0.4;-0.65;161.79;10028.3;9931.1;2419.3;2504.4;79.6;-25.0;31.5;39.9;0.68;-0.21;-12.99;-0.43;3.6;-35.7
1753881479.66248;-0.6;1.5;-0.1;-0.4;-0.16;157.56;10018.4;9975.2;2403.1;2379.3;73.5;-11.7;-22.4;51.9;0.27;-1.57;-11.48;4.88;2.03;-33.24
1753881479.66748;-0.7;1.5;-0.1;-0.3;-0.41;159.71;10013.7;9944.7;2430.3;2480.1;77.7;-17.0;-24.0;42.3;1.1;0.59;-10.64;-0.72;4.76;-32.79
1753881479.67248;-0.6;1.5;-0.1;-0.4;-0.33;158.13;10058.5;10026.4;2361.7;2431.5;78.6;2.9;-42.9;59.1;-1.46;-0.09;-11.71;8.67;2.18;-38.63
1753881479.67748;-0.6;1.5;-0.1;-0.6;-0.34;159.81;10065.1;9951.5;2547.9;2495.6;87.2;8.8;3.9;46.4;0.49;-0.21;-11.22;1.63;6.79;-35.4
1753881479.68248;-0.6;1.5;-0.1;-0.2;-0.27;158.14;10061.2;10007.3;2405.2;2415.9;82.9;-8.7;28.2;48.7;0.07;-0.57;-10.83;-4.97;2.96;-49.11
1753881479.68748;-0.7;1.5;-0.1;-0.5;0.22;158.29;10069.2;9986.6;2570.8;2470.2;78.4;-8.3;-40.7;55.4;0.05;-1.37;-11.04;1.36;6.45;-22.81
1753881479.69248;-0.7;1.5;-0.1;-0.3;0.28;154.81;10067.6;10001.7;2453.2;2481.8;71.7;-2.5;-6.9;57.4;0.31;-1.5;-10.57;-1.41;4.49;-34.2
1753881479.69748;-0.7;1.5;-0.1;-0.5;-0.09;155.05;10147.2;9943.4;2513.7;2474.6;66.6;-24.7;30.0;45.7;0.5;0.28;-11.87;2.38;2.65;-42.38
1753881479.70248;-0.7;1.5;-0.1;-0.5;-0.07;159.1;10128.3;9985.4;2449.8;2555.7;72.7;-22.1;23.3;58.3;0.78;-1.57;-10.44;2.85;-5.36;-31.55
1753881479.70748;-0.7;1.5;-0.1;-0.5;0.03;152.15;10096.1;9958.5;2383.1;2547.4;75.1;-11.3;-24.6;55.4;-0.34;-0.68;-11.9;4.73;3.85;-34.92
1753881479.71248;-0.7;1.6;-0.1;-0.3;-0.12;152.29;10166.7;10013.9;2437.2;2423.3;58.3;-7.2;-7.2;53.7;0.74;-0.62;-11.95;10.53;-2.73;-38.58
1753881479.717481;-0.7;1.6;-0.1;-0.6;0.14;154.22;10069.8;10031.5;2396.4;2276.4;71.8;-18.4;-1.5;62.8;1.27;-0.15;-11.01;3.48;-0.68;-31.22
1753881479.722481;-0.7;1.5;-0.1;-0.4;-0.24;156.3;10154.0;10045.3;2474.4;2456.2;87.2;-20.4;-26.1;49.4;-0.71;-0.86;-14.26;1.4;-2.62;-33.61
1753881479.727481;-0.7;1.5;-0.1;-0.5;-0.15;153.64;10159.7;9988.9;2476.6;2441.3;74.3;2.5;-44.7;59.3;-1.22;-0.59;-12.75;0.21;3.88;-21.82
1753881479.732478;-0.7;1.5;-0.1;-0.5;0.03;154.64;10150.0;10050.0;2443.0;2416.0;69.0;-18.0;-17.0;58.0;-0.24;-0.23;-11.53;0.45;1.58;-33.15
1753881479.737478;-0.7;1.5;-0.1;-0.5;0.03;154.64;10150.0;10050.0;2443.0;2416.0;69.0;-18.0;-17.0;58.0;-0.13;0.19;-10.71;-0.42;-0.96;-18.3
1753881479.742478;-0.7;1.5;-0.1;-0.5;0.03;154.64;10150.0;10050.0;2443.0;2416.0;69.0;-18.0;-17.0;58.0;-0.05;0.18;-9.14;0.11;1.37;-32.21
1753881479.747478;-0.7;1.5;-0.1;-0.5;0.03;154.64;10150.0;10050.0;2443.0;2416.0;69.0;-18.0;-17.0;58.0;-0.4;-0.19;-10.13;-2.25;2.71;-41.26
1753881479.752478;-0.7;1.5;-0.1;-0.5;0.03;154.64;10150.0;10050.0;2443.0;2416.0;69.0;-18.0;-17.0;58.0;0.13;0.02;-11.16;-1.57;-1.67;-23.64
1753881479.757478;-0.7;1.5;-0.1;-0.5;0.03;154.64;10150.0;10050.0;2443.0;2416.0;69.0;-18.0;-17.0;58.0;0.06;-0.27;-11.36;-0.28;0.48;-33.05
1753881479.762478;-0.7;1.5;-0.1;-0.5;0.03;154.64;10150.0;10050.0;2443.0;2416.0;69.0;-18.0;-17.0;58.0;-0.63;0.02;-11.08;-0.03;4.1;-36.49
1753881479.767478;-0.7;1.5;-0.1;-0.5;0.03;154.64;10150.0;10050.0;2443.0;2416.0;69.0;-18.0;-17.0;58.0;-0.06;0.34;-10.58;0.15;0.19;-27.52
1753881479.772478;-0.7;1.5;-0.1;-0.5;0.03;154.64;10150.0;10050.0;2443.0;2416.0;69.0;-18.0;-17.0;58.0;0.18;-0.04;-10.61;-0.54;-1.25;-28.7
1753881479.777478;-0.7;1.6;-0.1;-0.4;-0.52;154.46;10166.0;10086.6;2469.8;2404.5;71.8;26.2;-28.4;61.8;1.38;0.24;-10.96;-5.67;-1.25;-32.43
1753881479.782478;-0.8;1.6;-0.1;-0.4;0.54;156.33;10026.8;10161.2;2426.9;2328.9;67.5;9.8;-53.5;58.3;-0.04;-0.19;-10.69;-1.4;-4.25;-36.96
1753881479.787478;-0.7;1.6;-0.1;-0.5;-0.36;153.88;10167.9;10043.8;2350.9;2406.3;62.8;23.6;-39.2;69.4;0.03;-1.81;-10.68;-2.68;-5.44;-32.31
1753881479.792478;-0.7;1.6;-0.1;-0.5;0.15;152.26;10060.1;10053.3;2487.7;2446.1;89.0;1.5;-31.3;46.8;0.32;-0.78;-10.86;-0.55;-2.6;-12.73
1753881479.797478;-0.6;1.5;-0.1;-0.4;0.05;153.42;10017.8;9832.4;2455.1;2459.5;68.7;-70.9;-18.8;58.3;-0.38;-0.53;-9.41;-1.77;-1.26;-30.8
1753881479.802478;-0.7;1.6;-0.1;-0.5;0.14;157.96;10260.6;9909.9;2455.4;2555.2;69.6;-47.2;-11.6;58.7;0.33;0.85;-9.78;-1.26;-1.36;-33.82
1753881479.807478;-0.6;1.6;-0.1;-0.5;0.01;158.91;10069.1;10195.8;2429.9;2414.7;73.9;-42.9;-26.6;22.3;0.6;-0.7;-9.68;-1.15;0.49;-37.71
1753881479.812478;-0.7;1.6;-0.1;-0.4;-0.27;143.32;10285.4;9927.1;2524.9;2333.4;70.5;-19.5;30.8;41.6;-0.0;-0.28;-10.11;-5.64;0.17;-25.58
1753881479.817479;-0.7;1.5;-0.1;-0.4;0.57;152.19;9895.7;10275.9;2477.2;2431.3;72.4;5.1;-48.8;25.1;-0.86;0.29;-11.61;1.49;-1.92;-38.62
1753881479.822479;-0.7;1.6;-0.1;-0.4;0.05;154.61;10127.3;10150.9;2506.3;2412.0;87.3;-45.4;4.0;46.0;0.29;1.4;-9.47;-2.88;-0.16;-32.66
1753881479.827479;-0.6;1.6;-0.1;-0.4;-0.04;152.28;10095.4;10132.6;2427.7;2488.4;100.4;-54.0;-4.9;25.5;-1.11;0.06;-10.62;0.91;5.11;-15.73
1753881479.832479;-0.7;1.6;-0.1;-0.4;-0.35;155.08;10154.5;10114.2;2550.3;2426.9;78.7;-33.5;-29.8;42.3;-0.35;-1.1;-11.05;0.67;-1.34;-37.21
1753881479.837479;-0.7;1.6;-0.1;-0.4;0.06;146.79;10073.4;10033.0;2464.3;2442.8;77.5;-23.9;-17.0;54.3;-0.8;0.89;-10.16;-2.32;-0.35;-25.17
1753881479.842479;-0.8;1.5;-0.1;-0.3;-0.27;148.97;10065.4;10050.9;2444.1;2475.2;92.6;-53.7;22.2;39.2;0.32;1.1;-9.82;-4.17;-0.8;-18.13
1753881479.847479;-0.7;1.6;-0.1;-0.3;-0.07;147.32;10103.3;10024.8;2491.5;2510.9;58.2;-88.4;-11.0;27.0;0.14;1.09;-9.57;-5.7;1.1;-39.97
1753881479.85248;-0.7;1.6;-0.1;-0.5;-0.18;159.86;9994.5;10121.1;2495.7;2439.7;79.5;-17.4;10.4;49.6;-1.57;0.27;-9.71;-3.08;-1.19;-31.67
1753881479.85748;-0.8;1.6;-0.1;-0.2;0.18;153.75;10060.3;10239.1;2447.3;2481.0;93.9;-23.9;10.5;54.1;0.65;0.25;-8.61;-5.54;0.59;-36.22
1753881479.86248;-0.8;1.6;-0.1;-0.4;0.4;154.55;10181.6;10007.9;2526.8;2406.1;56.2;-20.4;-24.5;36.2;0.63;0.25;-8.35;-2.27;-2.08;-39.74
1753881479.86748;-0.8;1.6;-0.1;-0.2;-0.02;152.74;10043.2;10240.9;2553.9;2514.7;89.6;-45.8;-12.6;35.3;-0.85;0.77;-10.17;1.73;-0.43;-34.14
1753881479.87248;-0.8;1.6;-0.1;-0.3;0.14;155.26;10032.8;10079.6;2535.7;2504.7;79.9;-34.9;-17.7;24.0;0.68;0.22;-10.29;-0.13;-0.18;-31.61
1753881479.87748;-0.6;1.6;-0.1;-0.2;0.17;150.27;9888.5;10030.1;2528.9;2545.1;63.9;-48.9;26.8;50.0;-0.21;-0.58;-9.58;-3.42;-0.61;-41.84
1753881479.88248;-0.8;1.6;-0.1;-0.2;0.58;146.33;10130.1;10226.3;2478.6;2601.6;71.2;-31.6;-7.8;26.0;-0.45;-0.09;-9.19;-5.3;1.41;-31.87
1753881479.88748;-0.8;1.6;-0.1;-0.3;0.32;150.43;9819.1;10304.8;2447.7;2445.7;78.8;-86.6;30.1;27.8;0.04;0.22;-9.1;-4.06;4.49;-32.63
1753881479.89248;-0.8;1.6;-0.1;-0.2;-0.52;147.38;9933.5;10108.6;2534.4;2429.5;69.3;-62.2;20.0;12.2;-0.7;0.39;-9.04;-8.44;3.58;-24.67
1753881479.89748;-0.7;1.6;-0.1;-0.4;-0.3;155.12;9938.9;10218.1;2575.7;2617.7;63.5;-44.8;-34.5;22.4;1.54;-0.53;-10.55;-9.6;0.97;-39.64
1753881479.90248;-0.8;1.6;-0.1;-0.2;0.62;146.51;9856.4;10024.7;2546.0;2463.8;77.7;-39.8;11.0;33.5;0.29;0.09;-8.41;-4.22;1.59;-33.43
1753881479.907481;-0.7;1.6;-0.1;-0.1;0.29;150.02;9958.5;10088.8;2502.6;2574.8;65.7;-72.4;-8.6;30.1;-0.02;0.76;-10.44;-7.25;0.24;-27.85
1753881479.912481;-0.8;1.6;-0.1;-0.3;-0.09;151.63;9992.8;10229.0;2593.4;2571.5;92.6;-44.6;3.1;17.5;-1.0;0.21;-10.35;-7.85;-2.55;-28.35
1753881479.917481;-0.7;1.6;-0.1;-0.2;0.17;146.54;9895.9;10348.4;2666.5;2546.5;73.4;-63.0;32.7;31.2;-1.28;0.45;-9.54;-2.53;4.24;-32.19
1753881479.922481;-0.8;1.6;-0.1;-0.2;-0.06;151.22;9940.8;10287.8;2564.3;2579.3;88.9;-33.9;73.4;8.2;-0.45;1.48;-10.19;-5.18;-1.51;-23.09
1753881479.927478;-0.8;1.6;-0.1;-0.2;0.13;148.43;9903.0;10196.0;2580.0;2570.0;83.0;-51.0;20.0;18.0;-0.38;0.51;-9.5;-5.36;1.72;-31.09
1753881479.932478;-0.8;1.6;-0.1;-0.2;0.13;148.43;9903.0;10196.0;2580.0;2570.0;83.0;-51.0;20.0;18.0;0.64;0.19;-10.41;0.72;-0.79;-36.72
1753881479.937478;-0.8;1.6;-0.1;-0.2;0.13;148.43;9903.0;10196.0;2580.0;2570.0;83.0;-51.0;20.0;18.0;0.47;-0.33;-11.3;2.53;0.96;-38.9
1753881479.942478;-0.8;1.6;-0.1;-0.2;0.13;148.43;9903.0;10196.0;2580.0;2570.0;83.0;-51.0;20.0;18.0;-0.14;-0.43;-11.03;-3.01;1.37;-28.68
1753881479.947478;-0.8;1.6;-0.1;-0.2;0.13;148.43;9903.0;10196.0;2580.0;2570.0;83.0;-51.0;20.0;18.0;0.33;0.3;-10.38;-0.8;1.89;-27.35
1753881479.952478;-0.8;1.6;-0.1;-0.2;0.13;148.43;9903.0;10196.0;2580.0;2570.0;83.0;-51.0;20.0;18.0;0.08;-0.03;-10.12;3.2;5.17;-33.79
1753881479.957478;-0.8;1.6;-0.1;-0.2;0.13;148.43;9903.0;10196.0;2580.0;2570.0;83.0;-51.0;20.0;18.0;-0.12;-0.24;-10.5;0.03;0.83;-28.03
1753881479.962478;-0.8;1.6;-0.1;-0.2;0.13;148.43;9903.0;10196.0;2580.0;2570.0;83.0;-51.0;20.0;18.0;-0.11;-0.46;-10.96;-2.2;0.92;-31.58
1753881479.967478;-0.8;1.6;-0.1;-0.2;0.13;148.43;9903.0;10196.0;2580.0;2570.0;83.0;-51.0;20.0;18.0;-0.33;-0.71;-11.08;-0.33;3.95;-36.16
1753881479.972478;-0.8;1.6;-0.1;-0.2;0.13;148.43;9903.0;10196.0;2580.0;2570.0;83.0;-51.0;20.0;18.0;-0.05;-0.56;-11.09;0.4;0.28;-24.86
1753881479.977478;-0.8;1.6;-0.1;-0.2;0.13;148.43;9903.0;10196.0;2580.0;2570.0;83.0;-51.0;20.0;18.0;-0.12;-0.67;-11.66;0.15;0.38;-33.4
1753881479.982478;-0.8;1.6;-0.1;-0.2;0.13;148.43;9903.0;10196.0;2580.0;2570.0;83.0;-51.0;20.0;18.0;0.14;-0.31;-10.64;-5.03;-3.04;-26.26
1753881479.987478;-0.8;1.6;-0.1;-0.2;0.13;148.43;9903.0;10196.0;2580.0;2570.0;83.0;-51.0;20.0;18.0;-0.37;-0.1;-10.87;-8.94;-7.67;-20.78
1753881479.992478;-0.8;1.6;-0.1;-0.2;0.13;148.43;9903.0;10196.0;2580.0;2570.0;83.0;-51.0;20.0;18.0;-0.57;-0.25;-10.71;0.1;1.7;-34.92
1753881479.997478;-0.8;1.6;-0.1;-0.2;0.13;148.43;9903.0;10196.0;2580.0;2570.0;83.0;-51.0;20.0;18.0;-1.02;0.2;-11.38;3.31;9.01;-39.49
1753881480.002478;-0.8;1.6;-0.1;-0.2;0.13;148.43;9903.0;10196.0;2580.0;2570.0;83.0;-51.0;20.0;18.0;-0.32;0.29;-11.59;-2.19;0.94;-14.59
1753881480.007478;-0.8;1.6;-0.1;-0.2;0.13;148.43;9903.0;10196.0;2580.0;2570.0;83.0;-51.0;20.0;18.0;0.24;0.24;-11.99;0.45;-0.6;-29.61
1753881480.012478;-0.8;1.6;-0.1;-0.2;0.13;148.43;9903.0;10196.0;2580.0;2570.0;83.0;-51.0;20.0;18.0;-0.06;0.16;-11.04;1.37;3.21;-48.08
1753881480.017478;-0.8;1.6;-0.1;-0.2;0.13;148.43;9903.0;10196.0;2580.0;2570.0;83.0;-51.0;20.0;18.0;0.21;0.97;-9.74;-0.55;0.39;-22.13
1753881480.022478;-0.8;1.6;-0.1;-0.2;0.13;148.43;9903.0;10196.0;2580.0;2570.0;83.0;-51.0;20.0;18.0;0.53;1.16;-10.0;1.53;-0.93;-20.35
1753881480.027478;-0.8;1.6;-0.1;-0.2;0.13;148.43;9903.0;10196.0;2580.0;2570.0;83.0;-51.0;20.0;18.0;-0.3;0.71;-11.13;1.56;3.87;-49.37
1753881480.032478;-0.8;1.6;-0.1;-0.2;0.13;148.43;9903.0;10196.0;2580.0;2570.0;83.0;-51.0;20.0;18.0;-0.56;0.26;-10.53;0.73;3.35;-41.82
1753881480.037478;-0.8;1.6;-0.1;-0.2;0.13;148.43;9903.0;10196.0;2580.0;2570.0;83.0;-51.0;20.0;18.0;-0.44;1.24;-11.79;4.1;8.41;-36.28
1753881480.042478;-0.8;1.6;-0.1;-0.2;0.13;148.43;9903.0;10196.0;2580.0;2570.0;83.0;-51.0;20.0;18.0;-0.31;0.11;-11.67;0.62;2.64;-27.44
1753881480.047478;-0.8;1.6;-0.1;-0.2;0.13;148.43;9903.0;10196.0;2580.0;2570.0;83.0;-51.0;20.0;18.0;0.51;0.77;-11.56;-1.44;6.15;-43.85
1753881480.052478;-0.8;1.6;-0.1;-0.2;0.13;148.43;9903.0;10196.0;2580.0;2570.0;83.0;-51.0;20.0;18.0;-0.51;0.27;-11.19;2.84;-0.69;-48.52
1753881480.057479;-0.8;1.6;-0.1;-0.2;0.13;148.43;9903.0;10196.0;2580.0;2570.0;83.0;-51.0;20.0;18.0;-0.19;0.09;-11.43;2.73;-0.23;-38.47
1753881480.062479;-0.8;1.6;-0.1;-0.2;0.13;148.43;9903.0;10196.0;2580.0;2570.0;83.0;-51.0;20.0;18.0;-0.12;-0.34;-11.6;2.0;2.75;-47.16
1753881480.067479;-0.8;1.6;-0.1;-0.2;0.13;148.43;9903.0;10196.0;2580.0;2570.0;83.0;-51.0;20.0;18.0;-0.22;0.14;-10.68;4.23;5.56;-67.2
1753881480.072479;-0.8;1.6;-0.1;-0.2;0.13;148.43;9903.0;10196.0;2580.0;2570.0;83.0;-51.0;20.0;18.0;-0.71;0.44;-11.19;3.56;2.96;-62.53
1753881480.077479;-0.8;1.6;-0.1;-0.2;0.13;148.43;9903.0;10196.0;2580.0;2570.0;83.0;-51.0;20.0;18.0;-0.35;0.66;-10.89;3.03;2.56;-52.55
1753881480.082479;-0.8;1.6;-0.1;-0.2;0.13;148.43;9903.0;10196.0;2580.0;2570.0;83.0;-51.0;20.0;18.0;0.31;-0.12;-10.93;1.93;3.52;-51.9
1753881480.087479;-0.8;1.6;-0.1;-0.2;0.13;148.43;9903.0;10196.0;2580.0;2570.0;83.0;-51.0;20.0;18.0;-0.44;-0.27;-11.36;0.88;4.68;-54.96
1753881480.09248;-0.8;1.6;-0.1;-0.2;0.13;148.43;9903.0;10196.0;2580.0;2570.0;83.0;-51.0;20.0;18.0;-0.26;-0.42;-11.03;-1.43;0.78;-56.12
1753881480.09748;-0.8;1.6;-0.1;-0.2;0.13;148.43;9903.0;10196.0;2580.0;2570.0;83.0;-51.0;20.0;18.0;-1.02;0.22;-11.53;4.27;3.36;-55.49
1753881480.10248;-0.8;1.6;-0.1;-0.2;0.13;148.43;9903.0;10196.0;2580.0;2570.0;83.0;-51.0;20.0;18.0;-0.47;-0.79;-10.43;3.4;8.58;-46.83
1753881480.10748;-0.8;1.6;-0.1;-0.2;0.13;148.43;9903.0;10196.0;2580.0;2570.0;83.0;-51.0;20.0;18.0;-0.33;-0.06;-11.35;1.61;-1.66;-69.75
1753881480.112478;-0.8;1.6;-0.1;-0.2;0.13;148.43;9903.0;10196.0;2580.0;2570.0;83.0;-51.0;20.0;18.0;-0.37;-0.3;-11.23;0.57;3.42;-51.48
1753881480.117478;-0.8;1.6;-0.1;-0.2;0.13;148.43;9903.0;10196.0;2580.0;2570.0;83.0;-51.0;20.0;18.0;0.08;0.0;-10.86;-2.61;-1.83;-15.2
1753881480.122478;-0.8;1.6;-0.1;-0.2;0.13;148.43;9903.0;10196.0;2580.0;2570.0;83.0;-51.0;20.0;18.0;-0.31;-0.47;-10.75;-1.5;1.38;-26.77
1753881480.127478;-0.8;1.6;-0.1;-0.2;0.13;148.43;9903.0;10196.0;2580.0;2570.0;83.0;-51.0;20.0;18.0;-0.23;-0.02;-10.76;1.54;2.18;-39.37
1753881480.132478;-0.8;1.6;-0.1;-0.2;0.13;148.43;9903.0;10196.0;2580.0;2570.0;83.0;-51.0;20.0;18.0;0.06;0.0;-10.71;-0.61;-0.28;-29.51
1753881480.137478;-0.8;1.6;-0.1;-0.2;0.13;148.43;9903.0;10196.0;2580.0;2570.0;83.0;-51.0;20.0;18.0;-0.1;-0.16;-10.38;-0.67;0.69;-22.56
1753881480.142478;-0.8;1.6;-0.1;-0.2;0.13;148.43;9903.0;10196.0;2580.0;2570.0;83.0;-51.0;20.0;18.0;-0.27;0.11;-10.43;0.65;2.58;-36.94
1753881480.147478;-0.8;1.6;-0.1;-0.2;0.13;148.43;9903.0;10196.0;2580.0;2570.0;83.0;-51.0;20.0;18.0;-0.25;0.58;-10.83;1.01;-1.28;-35.43
1753881480.152478;-0.8;1.6;-0.1;-0.2;0.13;148.43;9903.0;10196.0;2580.0;2570.0;83.0;-51.0;20.0;18.0;-0.11;0.14;-11.03;-0.12;-1.17;-24.44
1753881480.157478;-0.8;1.6;-0.1;-0.2;0.13;148.43;9903.0;10196.0;2580.0;2570.0;83.0;-51.0;20.0;18.0;-0.7;-0.39;-11.04;-0.89;7.39;-35.71
1753881480.162478;-0.8;1.6;-0.1;-0.2;0.13;148.43;9903.0;10196.0;2580.0;2570.0;83.0;-51.0;20.0;18.0;-0.17;0.82;-9.89;-0.02;3.79;-20.58
1753881480.167478;-0.8;1.6;-0.1;-0.2;0.13;148.43;9903.0;10196.0;2580.0;2570.0;83.0;-51.0;20.0;18.0;0.38;0.32;-10.65;-1.71;-2.43;-26.34
1753881480.172478;-0.8;1.6;-0.1;-0.2;0.13;148.43;9903.0;10196.0;2580.0;2570.0;83.0;-51.0;20.0;18.0;-0.22;-0.48;-11.64;0.89;-2.02;-49.02
1753881480.177478;-0.8;1.6;-0.1;-0.2;0.13;148.43;9903.0;10196.0;2580.0;2570.0;83.0;-51.0;20.0;18.0;0.3;-0.07;-10.7;-0.01;-4.19;-29.33
1753881480.182478;-0.8;1.6;-0.1;-0.2;0.13;148.43;9903.0;10196.0;2580.0;2570.0;83.0;-51.0;20.0;18.0;-0.08;0.23;-9.79;-2.05;1.83;-24.46
1753881480.187478;-0.8;1.6;-0.1;-0.2;0.13;148.43;9903.0;10196.0;2580.0;2570.0;83.0;-51.0;20.0;18.0;-0.15;-0.28;-9.91;-3.99;4.4;-29.12
1753881480.192478;-0.8;1.6;-0.1;-0.2;0.13;148.43;9903.0;10196.0;2580.0;2570.0;83.0;-51.0;20.0;18.0;0.43;-0.85;-11.47;1.53;1.77;-34.49
1753881480.197478;-0.8;1.6;-0.1;-0.2;0.13;148.43;9903.0;10196.0;2580.0;2570.0;83.0;-51.0;20.0;18.0;0.69;-0.6;-10.77;-0.02;1.83;-29.34
1753881480.202478;-0.8;1.6;-0.1;-0.2;0.13;148.43;9903.0;10196.0;2580.0;2570.0;83.0;-51.0;20.0;18.0;0.45;-0.97;-9.81;-0.22;2.88;-34.82
1753881480.207478;-0.8;1.6;-0.1;-0.2;0.13;148.43;9903.0;10196.0;2580.0;2570.0;83.0;-51.0;20.0;18.0;0.26;-0.91;-10.14;3.21;0.83;-29.9
1753881480.212478;-0.8;1.6;-0.1;-0.2;0.13;148.43;9903.0;10196.0;2580.0;2570.0;83.0;-51.0;20.0;18.0;0.9;-0.82;-10.84;-0.43;-5.07;-16.47
1753881480.217478;-0.8;1.6;-0.1;-0.2;0.13;148.43;9903.0;10196.0;2580.0;2570.0;83.0;-51.0;20.0;18.0;0.78;-1.82;-11.16;-3.02;-0.63;-55.73
1753881480.222478;-0.8;1.6;-0.1;-0.2;0.13;148.43;9903.0;10196.0;2580.0;2570.0;83.0;-51.0;20.0;18.0;0.58;-0.4;-9.31;1.06;3.75;-32.53
1753881480.227478;-0.8;1.6;-0.1;-0.2;0.13;148.43;9903.0;10196.0;2580.0;2570.0;83.0;-51.0;20.0;18.0;0.99;0.38;-9.1;1.31;0.12;-6.05
1753881480.232478;-0.8;1.6;-0.1;-0.2;0.13;148.43;9903.0;10196.0;2580.0;2570.0;83.0;-51.0;20.0;18.0;0.16;-0.31;-11.05;4.85;3.9;-41.55
1753881480.237478;-0.8;1.6;-0.1;-0.2;0.13;148.43;9903.0;10196.0;2580.0;2570.0;83.0;-51.0;20.0;18.0;0.96;-0.65;-11.02;5.93;4.7;-54.39
1753881480.242478;-0.8;1.6;-0.1;-0.2;0.13;148.43;9903.0;10196.0;2580.0;2570.0;83.0;-51.0;20.0;18.0;1.19;0.67;-9.7;7.3;1.19;-16.28
1753881480.247478;-0.8;1.6;-0.1;-0.2;0.13;148.43;9903.0;10196.0;2580.0;2570.0;83.0;-51.0;20.0;18.0;0.94;0.53;-9.27;-4.05;-3.76;12.65
1753881480.252478;-0.8;1.6;-0.1;-0.2;0.13;148.43;9903.0;10196.0;2580.0;2570.0;83.0;-51.0;20.0;18.0;0.68;-0.45;-11.68;-5.53;-2.01;-53.91
1753881480.257478;-0.8;1.6;-0.1;-0.2;0.13;148.43;9903.0;10196.0;2580.0;2570.0;83.0;-51.0;20.0;18.0;-0.77;-0.98;-12.81;-7.3;8.08;-66.65
1753881480.262478;-0.8;1.6;-0.1;-0.2;0.13;148.43;9903.0;10196.0;2580.0;2570.0;83.0;-51.0;20.0;18.0;-0.15;-0.97;-12.27;-2.54;2.29;-51.87
1753881480.267478;-0.8;1.6;-0.1;-0.2;0.13;148.43;9903.0;10196.0;2580.0;2570.0;83.0;-51.0;20.0;18.0;-0.47;0.54;-13.12;2.17;5.24;-104.39
1753881480.272478;-0.8;1.6;-0.1;-0.2;0.13;148.43;9903.0;10196.0;2580.0;2570.0;83.0;-51.0;20.0;18.0;-0.65;-1.27;-9.86;-5.54;13.26;-35.31
1753881480.277479;-0.8;1.6;-0.1;-0.2;0.13;148.43;9903.0;10196.0;2580.0;2570.0;83.0;-51.0;20.0;18.0;-0.42;0.18;-12.41;-0.87;0.4;-45.61
1753881480.282479;-0.8;1.6;-0.1;-0.2;0.13;148.43;9903.0;10196.0;2580.0;2570.0;83.0;-51.0;20.0;18.0;-0.66;-0.11;-13.0;-1.05;4.85;-49.42
1753881480.287479;-0.8;1.6;-0.1;-0.2;0.13;148.43;9903.0;10196.0;2580.0;2570.0;83.0;-51.0;20.0;18.0;-1.16;-0.0;-12.64;-7.17;7.97;-39.44
1753881480.292478;-0.8;1.6;-0.1;-0.2;0.13;148.43;9903.0;10196.0;2580.0;2570.0;83.0;-51.0;20.0;18.0;-0.35;0.32;-11.66;3.26;5.08;-36.64
1753881480.297478;-0.8;1.6;-0.1;-0.2;0.13;148.43;9903.0;10196.0;2580.0;2570.0;83.0;-51.0;20.0;18.0;-0.06;-0.13;-12.5;2.4;-1.57;-15.96
1753881480.302478;-0.8;1.6;-0.1;-0.2;0.13;148.43;9903.0;10196.0;2580.0;2570.0;83.0;-51.0;20.0;18.0;-0.53;-0.44;-11.12;-2.92;2.47;-39.19
1753881480.307478;-0.8;1.6;-0.1;-0.2;0.13;148.43;9903.0;10196.0;2580.0;2570.0;83.0;-51.0;20.0;18.0;-0.26;0.82;-8.57;0.19;2.66;-36.86
1753881480.312478;-0.8;1.6;-0.1;-0.2;0.13;148.43;9903.0;10196.0;2580.0;2570.0;83.0;-51.0;20.0;18.0;1.39;1.97;-7.95;3.32;0.09;-21.21
1753881480.317478;-0.8;1.6;-0.1;-0.2;0.13;148.43;9903.0;10196.0;2580.0;2570.0;83.0;-51.0;20.0;18.0;0.97;0.4;-9.53;0.76;1.68;-30.8
1753881480.322478;-0.8;1.6;-0.1;-0.2;0.13;148.43;9903.0;10196.0;2580.0;2570.0;83.0;-51.0;20.0;18.0;-0.9;0.5;-10.96;-0.36;3.02;-42.79
1753881480.327478;-0.8;1.6;-0.1;-0.2;0.13;148.43;9903.0;10196.0;2580.0;2570.0;83.0;-51.0;20.0;18.0;0.68;0.6;-11.14;0.81;-1.54;-31.99
1753881480.332478;-0.8;1.6;-0.1;-0.2;0.13;148.43;9903.0;10196.0;2580.0;2570.0;83.0;-51.0;20.0;18.0;1.13;0.68;-10.89;3.3;-3.75;-25.01
1753881480.337478;-0.8;1.6;-0.1;-0.2;0.13;148.43;9903.0;10196.0;2580.0;2570.0;83.0;-51.0;20.0;18.0;0.21;0.09;-10.9;0.64;3.99;-44.83
1753881480.342478;-0.8;1.6;-0.1;-0.2;0.13;148.43;9903.0;10196.0;2580.0;2570.0;83.0;-51.0;20.0;18.0;0.76;0.65;-9.64;-2.32;2.17;-23.01
1753881480.347478;-0.8;1.6;-0.1;-0.2;0.13;148.43;9903.0;10196.0;2580.0;2570.0;83.0;-51.0;20.0;18.0;0.44;0.36;-10.72;-2.53;-2.46;-18.72
1753881480.352478;-0.8;1.6;-0.1;-0.2;0.13;148.43;9903.0;10196.0;2580.0;2570.0;83.0;-51.0;20.0;18.0;-0.23;-0.85;-11.87;-2.79;3.47;-59.09
1753881480.357478;-0.8;1.6;-0.1;-0.2;0.13;148.43;9903.0;10196.0;2580.0;2570.0;83.0;-51.0;20.0;18.0;0.48;0.52;-11.02;0.09;0.77;-31.43
1753881480.362478;-0.8;1.6;-0.1;-0.2;0.13;148.43;9903.0;10196.0;2580.0;2570.0;83.0;-51.0;20.0;18.0;0.19;0.6;-10.5;1.76;0.39;-10.58
1753881480.367478;-0.8;1.6;-0.1;-0.2;0.13;148.43;9903.0;10196.0;2580.0;2570.0;83.0;-51.0;20.0;18.0;-0.02;-0.16;-10.27;0.96;4.35;-35.81
1753881480.372478;-0.8;1.6;-0.1;-0.2;0.13;148.43;9903.0;10196.0;2580.0;2570.0;83.0;-51.0;20.0;18.0;-0.36;-0.11;-10.1;0.22;6.24;-43.75
1753881480.377478;-0.8;1.6;-0.1;-0.2;0.13;148.43;9903.0;10196.0;2580.0;2570.0;83.0;-51.0;20.0;18.0;0.33;0.7;-9.87;2.18;0.55;-12.11
1753881480.382478;-0.8;1.6;-0.1;-0.2;0.13;148.43;9903.0;10196.0;2580.0;2570.0;83.0;-51.0;20.0;18.0;0.07;0.23;-10.58;1.88;1.63;-27.73
1753881480.387478;-0.8;1.6;-0.1;-0.2;0.13;148.43;9903.0;10196.0;2580.0;2570.0;83.0;-51.0;20.0;18.0;-0.45;-0.23;-11.35;1.84;4.38;-51.01
1753881480.392478;-0.8;1.6;-0.1;-0.2;0.13;148.43;9903.0;10196.0;2580.0;2570.0;83.0;-51.0;20.0;18.0;0.58;0.55;-10.8;1.22;-3.76;-17.8
1753881480.397478;-0.8;1.6;-0.1;-0.2;0.13;148.43;9903.0;10196.0;2580.0;2570.0;83.0;-51.0;20.0;18.0;0.41;0.0;-10.67;2.56;0.0;-26.76
1753881480.402478;-0.8;1.6;-0.1;-0.2;0.13;148.43;9903.0;10196.0;2580.0;2570.0;83.0;-51.0;20.0;18.0;0.05;0.01;-7.87;-1.15;10.07;-36.24
1753881480.407478;-0.8;1.6;-0.1;-0.2;0.13;148.43;9903.0;10196.0;2580.0;2570.0;83.0;-51.0;20.0;18.0;-0.28;1.36;-9.48;-5.25;1.42;-12.27
1753881480.412478;-0.8;1.6;-0.1;-0.2;0.13;148.43;9903.0;10196.0;2580.0;2570.0;83.0;-51.0;20.0;18.0;-1.35;0.39;-12.42;-2.19;-0.28;-34.98
1753881480.417478;-0.8;1.6;-0.1;-0.2;0.13;148.43;9903.0;10196.0;2580.0;2570.0;83.0;-51.0;20.0;18.0;-0.58;-0.08;-11.85;0.8;3.14;-52.42
1753881480.422478;-0.8;1.6;-0.1;-0.2;0.13;148.43;9903.0;10196.0;2580.0;2570.0;83.0;-51.0;20.0;18.0;0.2;0.85;-10.95;-2.38;-1.35;-16.68
1753881480.427478;-0.8;1.5;-0.1;-0.2;0.14;152.46;9969.4;10200.4;2693.9;2585.2;118.2;-58.9;-15.2;18.2;0.92;0.26;-11.21;-2.44;-6.09;-13.25
1753881480.432478;-0.9;1.7;-0.1;-0.2;0.24;143.74;9804.3;10196.6;2668.5;2581.8;82.5;-49.5;7.9;17.7;0.01;0.53;-11.85;-1.69;-2.78;-14.5
1753881480.437478;-0.9;1.6;-0.1;-0.5;0.28;137.28;9690.9;10191.4;2745.2;2596.5;168.1;-18.6;4.6;18.4;1.04;1.02;-11.71;-3.33;-8.76;-8.14
1753881480.442478;-0.8;1.6;-0.1;-0.4;0.16;143.35;9654.9;10190.9;2765.5;2626.2;155.6;-14.0;-0.2;23.2;0.14;0.89;-10.78;2.66;3.55;-21.51
1753881480.447478;-0.8;1.7;-0.1;-0.4;0.45;139.71;9337.6;10192.0;2738.5;2594.4;120.3;-28.3;-21.6;21.1;0.72;0.53;-10.93;-3.47;3.92;-28.9
1753881480.452479;-0.9;1.6;-0.1;-0.6;0.35;135.52;9244.7;10176.1;2624.2;2614.8;169.8;-8.9;-13.6;20.9;0.43;-0.11;-9.86;-1.58;0.64;-23.15
1753881480.457479;-1.0;1.7;-0.1;-0.7;0.51;133.17;9550.9;10158.2;2705.3;2616.7;158.7;-16.5;-88.2;22.2;-0.18;0.38;-11.01;-0.67;2.47;2.81
1753881480.462479;-1.0;1.7;-0.1;-0.6;0.44;134.15;9463.1;10175.5;2933.9;2632.5;147.4;2.5;-27.6;23.7;-0.01;0.31;-11.37;-1.47;4.71;-36.15
1753881480.467479;-0.9;1.7;-0.1;-0.7;0.53;133.02;9146.6;10169.2;2896.6;2598.6;182.2;-18.7;-50.7;24.5;-0.22;-0.04;-12.01;-1.04;-0.46;-32.43
1753881480.472479;-1.0;1.7;-0.1;-0.5;0.56;129.98;9482.6;10166.0;2825.3;2612.9;199.7;21.4;-43.9;23.5;-0.25;-0.05;-11.04;-2.46;2.67;-57.56
1753881480.477479;-1.1;1.9;-0.1;-0.8;0.59;127.46;9449.9;10166.0;2889.2;2612.3;165.3;5.3;-70.2;23.3;-0.01;0.72;-11.65;-1.06;-0.03;-19.38
1753881480.482478;-1.0;1.8;-0.1;-0.7;0.62;128.83;9180.0;10160.0;2890.0;2626.0;221.0;14.0;-62.0;24.0;0.05;0.12;-11.76;-0.45;4.5;-48.02
1753881480.487478;-1.0;1.8;-0.1;-0.7;0.62;128.83;9180.0;10160.0;2890.0;2626.0;221.0;14.0;-62.0;24.0;0.72;0.99;-11.61;0.32;-0.22;-29.28
1753881480.492478;-1.0;1.8;-0.1;-0.7;0.62;128.83;9180.0;10160.0;2890.0;2626.0;221.0;14.0;-62.0;24.0;0.6;0.52;-10.86;-0.74;-1.57;-26.45
1753881480.497478;-1.0;1.8;-0.1;-0.7;0.62;128.83;9180.0;10160.0;2890.0;2626.0;221.0;14.0;-62.0;24.0;-0.41;-0.36;-10.91;0.39;3.29;-45.33
1753881480.502478;-1.0;1.8;-0.1;-0.7;0.62;128.83;9180.0;10160.0;2890.0;2626.0;221.0;14.0;-62.0;24.0;0.98;0.25;-9.76;0.84;0.35;-34.01
1753881480.507478;-1.0;1.8;-0.1;-0.7;0.62;128.83;9180.0;10160.0;2890.0;2626.0;221.0;14.0;-62.0;24.0;1.01;-0.25;-10.21;-0.06;-2.53;-27.33
1753881480.512478;-1.0;1.8;-0.1;-0.7;0.62;128.83;9180.0;10160.0;2890.0;2626.0;221.0;14.0;-62.0;24.0;0.27;-1.06;-11.12;-1.13;-3.41;-34.4
1753881480.517478;-1.0;1.8;-0.1;-0.7;0.62;128.83;9180.0;10160.0;2890.0;2626.0;221.0;14.0;-62.0;24.0;0.57;-0.87;-11.19;0.24;0.24;-48.67
1753881480.522478;-1.0;1.8;-0.1;-0.7;0.62;128.83;9180.0;10160.0;2890.0;2626.0;221.0;14.0;-62.0;24.0;0.87;-0.07;-10.02;-1.74;-0.22;-22.18
1753881480.527478;-1.0;1.8;-0.1;-0.7;0.62;128.83;9180.0;10160.0;2890.0;2626.0;221.0;14.0;-62.0;24.0;0.0;-0.39;-10.23;-2.59;-0.61;-10.29
1753881480.532478;-1.0;1.8;-0.1;-0.7;0.62;128.83;9180.0;10160.0;2890.0;2626.0;221.0;14.0;-62.0;24.0;-0.7;-1.17;-11.05;3.49;6.53;-56.7
1753881480.537478;-1.0;1.8;-0.1;-0.7;0.62;128.83;9180.0;10160.0;2890.0;2626.0;221.0;14.0;-62.0;24.0;0.24;-0.34;-10.84;-0.64;2.75;-35.03
1753881480.542478;-1.0;1.8;-0.1;-0.7;0.62;128.83;9180.0;10160.0;2890.0;2626.0;221.0;14.0;-62.0;24.0;0.24;-0.56;-10.66;-3.24;-2.81;-7.49
1753881480.547478;-1.0;1.8;-0.1;-0.7;0.62;128.83;9180.0;10160.0;2890.0;2626.0;221.0;14.0;-62.0;24.0;-0.26;-0.85;-10.39;1.51;3.34;-37.91
1753881480.552478;-1.0;1.8;-0.1;-0.7;0.62;128.83;9180.0;10160.0;2890.0;2626.0;221.0;14.0;-62.0;24.0;0.2;-0.51;-10.06;1.2;5.11;-49.91
1753881480.557478;-1.0;1.8;-0.1;-0.7;0.62;128.83;9180.0;10160.0;2890.0;2626.0;221.0;14.0;-62.0;24.0;-0.45;0.17;-10.18;-1.22;1.06;-16.67
1753881480.562478;-1.0;1.8;-0.1;-0.7;0.62;128.83;9180.0;10160.0;2890.0;2626.0;221.0;14.0;-62.0;24.0;-0.77;0.12;-10.59;1.21;2.52;-26.82
1753881480.567478;-1.0;1.8;-0.1;-0.7;0.62;128.83;9180.0;10160.0;2890.0;2626.0;221.0;14.0;-62.0;24.0;-0.68;-0.17;-10.94;-0.85;4.42;-58.74
1753881480.572478;-1.0;1.8;-0.1;-0.7;0.62;128.83;9180.0;10160.0;2890.0;2626.0;221.0;14.0;-62.0;24.0;-0.67;0.78;-10.88;-0.32;-1.91;-25.71
1753881480.577478;-1.0;1.8;-0.1;-0.7;0.62;128.83;9180.0;10160.0;2890.0;2626.0;221.0;14.0;-62.0;24.0;-1.02;0.02;-11.08;-0.16;-2.34;-26.27
1753881480.582478;-1.0;1.8;-0.1;-0.7;0.62;128.83;9180.0;10160.0;2890.0;2626.0;221.0;14.0;-62.0;24.0;-0.77;-0.15;-10.02;-0.57;3.21;-47.83
1753881480.587478;-1.0;1.8;-0.1;-0.7;0.62;128.83;9180.0;10160.0;2890.0;2626.0;221.0;14.0;-62.0;24.0;-0.19;0.72;-9.86;-3.2;0.45;-27.5
1753881480.592478;-1.0;1.8;-0.1;-0.7;0.62;128.83;9180.0;10160.0;2890.0;2626.0;221.0;14.0;-62.0;24.0;-0.86;0.55;-11.19;1.83;1.22;-27.26
1753881480.597478;-1.0;1.8;-0.1;-0.7;0.62;128.83;9180.0;10160.0;2890.0;2626.0;221.0;14.0;-62.0;24.0;-1.36;0.12;-11.67;5.83;4.04;-41.26
1753881480.602478;-1.0;1.8;-0.1;-0.7;0.62;128.83;9180.0;10160.0;2890.0;2626.0;221.0;14.0;-62.0;24.0;-1.08;0.31;-12.03;0.13;1.57;-36.43
1753881480.607478;-1.0;1.8;-0.1;-0.7;0.62;128.83;9180.0;10160.0;2890.0;2626.0;221.0;14.0;-62.0;24.0;-0.91;0.62;-11.46;-0.42;-0.83;-23.97
1753881480.612478;-1.0;1.8;-0.1;-0.7;0.62;128.83;9180.0;10160.0;2890.0;2626.0;221.0;14.0;-62.0;24.0;-0.76;-0.34;-10.84;1.48;4.21;-38.84
1753881480.617478;-1.0;1.8;-0.1;-0.7;0.62;128.83;9180.0;10160.0;2890.0;2626.0;221.0;14.0;-62.0;24.0;-0.73;-0.23;-10.08;0.52;5.24;-35.72
1753881480.622478;-1.0;1.8;-0.1;-0.7;0.62;128.83;9180.0;10160.0;2890.0;2626.0;221.0;14.0;-62.0;24.0;-0.39;0.44;-10.0;-2.65;1.15;-22.75
1753881480.627478;-1.0;1.8;-0.1;-0.7;0.62;128.83;9180.0;10160.0;2890.0;2626.0;221.0;14.0;-62.0;24.0;0.0;-0.65;-10.95;-2.84;-1.74;-28.74
1753881480.632478;-1.0;1.8;-0.1;-0.7;0.62;128.83;9180.0;10160.0;2890.0;2626.0;221.0;14.0;-62.0;24.0;0.04;-1.21;-12.52;-3.57;-5.28;-26.81
1753881480.637478;-1.0;1.8;-0.1;-0.7;0.62;128.83;9180.0;10160.0;2890.0;2626.0;221.0;14.0;-62.0;24.0;-0.17;-1.31;-13.13;-0.79;-0.66;-40.86
1753881480.642478;-1.0;1.8;-0.1;-0.7;0.62;128.83;9180.0;10160.0;2890.0;2626.0;221.0;14.0;-62.0;24.0;0.08;-1.05;-12.16;4.53;-3.29;-19.53
1753881480.647478;-1.0;1.8;-0.1;-0.7;0.62;128.83;9180.0;10160.0;2890.0;2626.0;221.0;14.0;-62.0;24.0;0.0;-1.34;-11.36;4.9;-3.95;-15.5
1753881480.652478;-1.0;1.8;-0.1;-0.7;0.62;128.83;9180.0;10160.0;2890.0;2626.0;221.0;14.0;-62.0;24.0;0.2;-1.54;-10.7;5.71;-0.84;-33.03
1753881480.657478;-1.0;1.8;-0.1;-0.7;0.62;128.83;9180.0;10160.0;2890.0;2626.0;221.0;14.0;-62.0;24.0;0.42;-1.27;-9.6;7.05;-0.09;-27.2
1753881480.662478;-1.0;1.8;-0.1;-0.7;0.62;128.83;9180.0;10160.0;2890.0;2626.0;221.0;14.0;-62.0;24.0;0.41;-1.7;-9.76;-2.18;-4.84;-2.23
1753881480.667478;-1.0;1.8;-0.1;-0.7;0.62;128.83;9180.0;10160.0;2890.0;2626.0;221.0;14.0;-62.0;24.0;0.78;-1.97;-12.33;-6.98;-10.1;-26.7
1753881480.672478;-1.0;1.8;-0.1;-0.7;0.62;128.83;9180.0;10160.0;2890.0;2626.0;221.0;14.0;-62.0;24.0;0.3;-1.9;-12.74;0.62;0.17;-44.18
1753881480.677478;-1.0;1.8;-0.1;-0.7;0.62;128.83;9180.0;10160.0;2890.0;2626.0;221.0;14.0;-62.0;24.0;0.54;-0.8;-12.73;5.86;-5.43;1.87
1753881480.682478;-1.0;1.8;-0.1;-0.7;0.62;128.83;9180.0;10160.0;2890.0;2626.0;221.0;14.0;-62.0;24.0;0.33;-0.49;-12.99;-0.02;-7.0;-12.47
1753881480.687478;-1.0;1.8;-0.1;-0.7;0.62;128.83;9180.0;10160.0;2890.0;2626.0;221.0;14.0;-62.0;24.0;-0.18;0.1;-11.36;1.31;-1.3;-43.11
1753881480.692478;-1.0;1.8;-0.1;-0.7;0.62;128.83;9180.0;10160.0;2890.0;2626.0;221.0;14.0;-62.0;24.0;0.05;1.37;-9.85;7.32;-0.28;-15.99
1753881480.697478;-1.0;1.8;-0.1;-0.7;0.62;128.83;9180.0;10160.0;2890.0;2626.0;221.0;14.0;-62.0;24.0;0.65;1.31;-8.98;8.18;-6.34;8.39
1753881480.702478;-1.0;1.8;-0.1;-0.7;0.62;128.83;9180.0;10160.0;2890.0;2626.0;221.0;14.0;-62.0;24.0;-0.3;0.49;-9.18;-1.13;6.63;-42.46
1753881480.707478;-1.0;1.8;-0.1;-0.7;0.62;128.83;9180.0;10160.0;2890.0;2626.0;221.0;14.0;-62.0;24.0;-0.05;1.18;-9.76;-5.82;2.25;-39.21
1753881480.712478;-1.0;1.8;-0.1;-0.7;0.62;128.83;9180.0;10160.0;2890.0;2626.0;221.0;14.0;-62.0;24.0;1.91;1.7;-10.67;-4.38;-12.03;3.19
1753881480.717478;-1.0;1.8;-0.1;-0.7;0.62;128.83;9180.0;10160.0;2890.0;2626.0;221.0;14.0;-62.0;24.0;-0.24;1.44;-12.58;-1.98;4.27;-28.82
1753881480.722478;-1.0;1.8;-0.1;-0.7;0.62;128.83;9180.0;10160.0;2890.0;2626.0;221.0;14.0;-62.0;24.0;-0.8;2.02;-11.41;1.63;7.71;-48.22
1753881480.727478;-1.0;1.8;-0.1;-0.7;0.62;128.83;9180.0;10160.0;2890.0;2626.0;221.0;14.0;-62.0;24.0;1.36;2.83;-10.66;0.03;-4.51;-14.8
1753881480.732478;-1.0;1.8;-0.1;-0.7;0.62;128.83;9180.0;10160.0;2890.0;2626.0;221.0;14.0;-62.0;24.0;0.53;2.14;-9.61;4.09;-0.51;-15.06
1753881480.737478;-1.0;1.8;-0.1;-0.7;0.62;128.83;9180.0;10160.0;2890.0;2626.0;221.0;14.0;-62.0;24.0;-0.67;2.03;-8.06;6.08;10.24;-45.95
1753881480.742478;-1.0;1.8;-0.1;-0.7;0.62;128.83;9180.0;10160.0;2890.0;2626.0;221.0;14.0;-62.0;24.0;1.34;2.58;-7.25;-1.03;1.83;-28.8
1753881480.747478;-1.0;1.8;-0.1;-0.7;0.62;128.83;9180.0;10160.0;2890.0;2626.0;221.0;14.0;-62.0;24.0;1.32;1.8;-8.38;-3.64;0.74;-21.43
1753881480.752478;-1.0;1.8;-0.1;-0.7;0.62;128.83;9180.0;10160.0;2890.0;2626.0;221.0;14.0;-62.0;24.0;0.05;1.18;-9.65;1.03;3.92;-50.59
1753881480.757478;-1.0;1.8;-0.1;-0.7;0.62;128.83;9180.0;10160.0;2890.0;2626.0;221.0;14.0;-62.0;24.0;1.21;2.73;-10.01;3.39;1.77;-33.73
1753881480.762478;-1.0;1.8;-0.1;-0.7;0.62;128.83;9180.0;10160.0;2890.0;2626.0;221.0;14.0;-62.0;24.0;0.53;0.79;-10.82;3.96;-7.51;-84.27
1753881480.767478;-1.0;1.8;-0.1;-0.7;0.62;128.83;9180.0;10160.0;2890.0;2626.0;221.0;14.0;-62.0;24.0;-0.95;1.88;-12.51;1.92;-3.04;-38.17
1753881480.772478;-1.0;1.8;-0.1;-0.7;0.62;128.83;9180.0;10160.0;2890.0;2626.0;221.0;14.0;-62.0;24.0;0.91;2.14;-11.76;3.62;-1.56;-51.71
1753881480.777478;-1.0;1.8;-0.1;-0.7;0.62;128.83;9180.0;10160.0;2890.0;2626.0;221.0;14.0;-62.0;24.0;1.27;2.58;-10.71;7.49;-5.46;-23.42
1753881480.782478;-1.0;1.8;-0.1;-0.7;0.62;128.83;9180.0;10160.0;2890.0;2626.0;221.0;14.0;-62.0;24.0;0.25;1.61;-10.65;10.32;-6.13;-34.34
1753881480.787478;-1.0;1.8;-0.1;-0.7;0.62;128.83;9180.0;10160.0;2890.0;2626.0;221.0;14.0;-62.0;24.0;0.29;1.15;-10.86;9.52;-3.15;-39.96
1753881480.792478;-1.0;1.8;-0.1;-0.7;0.62;128.83;9180.0;10160.0;2890.0;2626.0;221.0;14.0;-62.0;24.0;1.54;1.36;-10.58;5.61;-4.16;-30.96
1753881480.797478;-1.0;1.8;-0.1;-0.7;0.62;128.83;9180.0;10160.0;2890.0;2626.0;221.0;14.0;-62.0;24.0;0.16;0.86;-10.67;-0.61;1.89;-31.67
1753881480.802478;-1.0;1.8;-0.1;-0.7;0.62;128.83;9180.0;10160.0;2890.0;2626.0;221.0;14.0;-62.0;24.0;-0.26;0.01;-10.51;-9.8;10.0;-37.86
1753881480.807478;-1.0;1.8;-0.1;-0.7;0.62;128.83;9180.0;10160.0;2890.0;2626.0;221.0;14.0;-62.0;24.0;0.18;0.49;-10.31;-6.8;10.32;-40.13
1753881480.812478;-1.0;1.8;-0.1;-0.7;0.62;128.83;9180.0;10160.0;2890.0;2626.0;221.0;14.0;-62.0;24.0;0.09;0.1;-10.06;-5.72;8.51;-25.54
1753881480.817478;-1.0;1.8;-0.1;-0.7;0.62;128.83;9180.0;10160.0;2890.0;2626.0;221.0;14.0;-62.0;24.0;0.11;-0.49;-9.72;-5.3;7.65;-31.73
1753881480.822478;-1.0;1.8;-0.1;-0.7;0.62;128.83;9180.0;10160.0;2890.0;2626.0;221.0;14.0;-62.0;24.0;0.03;-0.25;-8.81;-6.04;5.12;-33.63
1753881480.827478;-1.0;1.8;-0.1;-0.7;0.62;128.83;9180.0;10160.0;2890.0;2626.0;221.0;14.0;-62.0;24.0;-0.12;-0.23;-9.25;-6.15;3.59;-36.04
1753881480.832478;-1.0;1.8;-0.1;-0.7;0.62;128.83;9180.0;10160.0;2890.0;2626.0;221.0;14.0;-62.0;24.0;0.02;-0.63;-9.55;-1.35;1.93;-31.31
1753881480.837478;-1.0;1.8;-0.1;-0.7;0.62;128.83;9180.0;10160.0;2890.0;2626.0;221.0;14.0;-62.0;24.0;-0.2;-0.52;-10.05;2.1;0.65;-33.12
1753881480.842478;-1.0;1.8;-0.1;-0.7;0.62;128.83;9180.0;10160.0;2890.0;2626.0;221.0;14.0;-62.0;24.0;-0.31;-0.38;-10.29;2.9;0.83;-33.56
1753881480.847478;-1.0;1.8;-0.1;-0.7;0.62;128.83;9180.0;10160.0;2890.0;2626.0;221.0;14.0;-62.0;24.0;-0.33;-0.29;-10.48;2.58;-0.32;-29.83
1753881480.852478;-1.0;1.8;-0.1;-0.7;0.62;128.83;9180.0;10160.0;2890.0;2626.0;221.0;14.0;-62.0;24.0;-0.4;-0.22;-11.19;2.15;0.15;-35.11
1753881480.857478;-1.0;1.8;-0.1;-0.7;0.62;128.83;9180.0;10160.0;2890.0;2626.0;221.0;14.0;-62.0;24.0;0.06;1.22;-11.52;5.47;-0.67;-28.88
1753881480.862478;-1.0;1.8;-0.1;-0.7;0.62;128.83;9180.0;10160.0;2890.0;2626.0;221.0;14.0;-62.0;24.0;0.18;0.44;-11.8;5.92;-2.02;-33.78
1753881480.867478;-1.0;1.8;-0.1;-0.7;0.62;128.83;9180.0;10160.0;2890.0;2626.0;221.0;14.0;-62.0;24.0;0.51;0.27;-12.46;7.44;-4.18;-30.01
1753881480.872478;-1.0;1.8;-0.1;-0.7;0.62;128.83;9180.0;10160.0;2890.0;2626.0;221.0;14.0;-62.0;24.0;-0.02;0.31;-12.81;7.01;-3.16;-35.82
1753881480.877478;-1.0;1.8;-0.1;-0.7;0.62;128.83;9180.0;10160.0;2890.0;2626.0;221.0;14.0;-62.0;24.0;-0.3;0.56;-12.53;8.06;-5.14;-34.97
1753881480.882478;-1.0;1.8;-0.1;-0.7;0.62;128.83;9180.0;10160.0;2890.0;2626.0;221.0;14.0;-62.0;24.0;0.43;0.64;-11.63;5.32;-9.98;-24.25
1753881480.887478;-1.0;1.8;-0.1;-0.7;0.62;128.83;9180.0;10160.0;2890.0;2626.0;221.0;14.0;-62.0;24.0;0.1;0.12;-11.25;3.44;-5.66;-39.99
1753881480.892478;-1.0;1.8;-0.1;-0.7;0.62;128.83;9180.0;10160.0;2890.0;2626.0;221.0;14.0;-62.0;24.0;-0.38;0.21;-10.49;3.15;-0.36;-37.07
1753881480.897478;-1.0;1.8;-0.1;-0.7;0.62;128.83;9180.0;10160.0;2890.0;2626.0;221.0;14.0;-62.0;24.0;-0.24;0.38;-10.06;1.15;1.46;-22.89
1753881480.902478;-1.0;1.8;-0.1;-0.7;0.62;128.83;9180.0;10160.0;2890.0;2626.0;221.0;14.0;-62.0;24.0;-0.07;0.12;-10.21;-2.09;2.31;-30.6
1753881480.907478;-1.0;1.8;-0.1;-0.7;0.62;128.83;9180.0;10160.0;2890.0;2626.0;221.0;14.0;-62.0;24.0;-0.49;-0.06;-10.51;-3.46;6.8;-45.4
1753881480.912478;-1.0;1.8;-0.1;-0.7;0.62;128.83;9180.0;10160.0;2890.0;2626.0;221.0;14.0;-62.0;24.0;-0.22;0.16;-10.01;-3.58;4.73;-27.66
1753881480.917478;-1.0;1.8;-0.1;-0.7;0.62;128.83;9180.0;10160.0;2890.0;2626.0;221.0;14.0;-62.0;24.0;-0.21;0.07;-9.73;-2.95;4.63;-24.39
1753881480.922478;-1.0;1.8;-0.1;-0.7;0.62;128.83;9180.0;10160.0;2890.0;2626.0;221.0;14.0;-62.0;24.0;-0.91;-0.29;-9.91;-2.88;7.3;-42.79
1753881480.927478;-1.0;1.8;-0.1;-0.7;0.62;128.83;9180.0;10160.0;2890.0;2626.0;221.0;14.0;-62.0;24.0;-0.62;0.13;-8.19;3.43;0.34;-32.91
1753881480.932478;-1.0;1.8;-0.1;-0.7;0.62;128.83;9180.0;10160.0;2890.0;2626.0;221.0;14.0;-62.0;24.0;-0.06;0.14;-9.27;1.37;0.28;-24.91
1753881480.937478;-1.0;1.8;-0.1;-0.7;0.62;128.83;9180.0;10160.0;2890.0;2626.0;221.0;14.0;-62.0;24.0;-0.59;-0.17;-9.43;-0.62;-1.59;-31.57
1753881480.942478;-1.0;1.8;-0.1;-0.7;0.62;128.83;9180.0;10160.0;2890.0;2626.0;221.0;14.0;-62.0;24.0;-0.79;-0.13;-10.38;0.13;-2.92;-41.81
1753881480.947478;-1.0;1.8;-0.1;-0.7;0.62;128.83;9180.0;10160.0;2890.0;2626.0;221.0;14.0;-62.0;24.0;-0.7;0.12;-11.36;6.21;-4.38;-30.69
1753881480.952478;-1.0;1.8;-0.1;-0.7;0.62;128.83;9180.0;10160.0;2890.0;2626.0;221.0;14.0;-62.0;24.0;-0.3;0.09;-11.93;10.71;-5.43;-27.44
1753881480.957478;-1.0;1.8;-0.1;-0.7;0.62;128.83;9180.0;10160.0;2890.0;2626.0;221.0;14.0;-62.0;24.0;-0.52;0.22;-12.26;10.31;-4.36;-35.31
1753881480.962478;-1.0;1.8;-0.1;-0.7;0.62;128.83;9180.0;10160.0;2890.0;2626.0;221.0;14.0;-62.0;24.0;-0.23;0.4;-11.71;4.7;-1.7;-37.39
1753881480.967478;-1.0;1.8;-0.1;-0.7;0.62;128.83;9180.0;10160.0;2890.0;2626.0;221.0;14.0;-62.0;24.0;-0.42;0.28;-11.16;-1.32;2.42;-26.56
1753881480.972478;-1.0;1.8;-0.1;-0.7;0.62;128.83;9180.0;10160.0;2890.0;2626.0;221.0;14.0;-62.0;24.0;-1.31;0.14;-10.95;-4.11;8.74;-31.41
1753881480.977478;-1.0;1.8;-0.1;-0.7;0.62;128.83;9180.0;10160.0;2890.0;2626.0;221.0;14.0;-62.0;24.0;-1.12;0.26;-10.19;-6.82;9.98;-43.24
1753881480.982478;-1.0;1.8;-0.1;-0.7;0.62;128.83;9180.0;10160.0;2890.0;2626.0;221.0;14.0;-62.0;24.0;-1.1;0.21;-9.81;-6.04;6.31;-29.79
1753881480.987478;-1.0;1.8;-0.1;-0.7;0.62;128.83;9180.0;10160.0;2890.0;2626.0;221.0;14.0;-62.0;24.0;-1.47;-0.02;-9.87;-3.64;5.65;-26.65
1753881480.992478;-1.0;1.8;-0.1;-0.7;0.62;128.83;9180.0;10160.0;2890.0;2626.0;221.0;14.0;-62.0;24.0;-1.42;0.04;-9.57;-2.15;5.54;-34.86
1753881480.997478;-1.0;1.8;-0.1;-0.7;0.62;128.83;9180.0;10160.0;2890.0;2626.0;221.0;14.0;-62.0;24.0;-1.2;0.1;-10.41;-5.89;0.04;-28.33
1753881481.002478;-1.0;1.8;-0.1;-0.7;0.62;128.83;9180.0;10160.0;2890.0;2626.0;221.0;14.0;-62.0;24.0;-1.09;-0.37;-10.98;-2.13;-1.86;-27.86
1753881481.007478;-1.0;1.8;-0.1;-0.7;0.62;128.83;9180.0;10160.0;2890.0;2626.0;221.0;14.0;-62.0;24.0;-1.33;-0.68;-11.36;3.54;-0.89;-32.55
1753881481.012478;-1.0;1.8;-0.1;-0.7;0.62;128.83;9180.0;10160.0;2890.0;2626.0;221.0;14.0;-62.0;24.0;-1.49;-0.29;-11.32;6.27;-1.64;-28.76
1753881481.017478;-1.0;1.8;-0.1;-0.7;0.62;128.83;9180.0;10160.0;2890.0;2626.0;221.0;14.0;-62.0;24.0;-1.05;0.03;-11.28;6.69;-4.69;-19.37
1753881481.022478;-1.0;1.8;-0.1;-0.7;0.62;128.83;9180.0;10160.0;2890.0;2626.0;221.0;14.0;-62.0;24.0;-1.17;-0.37;-11.64;5.01;-2.07;-27.19
1753881481.027478;-1.0;1.8;-0.1;-0.7;0.62;128.83;9180.0;10160.0;2890.0;2626.0;221.0;14.0;-62.0;24.0;-0.83;-0.35;-11.49;4.14;-1.52;-29.8
1753881481.032478;-1.0;1.8;-0.1;-0.7;0.62;128.83;9180.0;10160.0;2890.0;2626.0;221.0;14.0;-62.0;24.0;-0.43;-0.12;-11.47;4.79;-3.62;-27.93
1753881481.037478;-1.0;1.8;-0.1;-0.7;0.62;128.83;9180.0;10160.0;2890.0;2626.0;221.0;14.0;-62.0;24.0;-0.43;-0.15;-11.31;0.54;0.16;-27.42
1753881481.042478;-1.0;1.8;-0.1;-0.7;0.62;128.83;9180.0;10160.0;2890.0;2626.0;221.0;14.0;-62.0;24.0;-0.43;0.15;-11.51;-0.96;4.35;-26.93
1753881481.047478;-1.0;1.8;-0.1;-0.7;0.62;128.83;9180.0;10160.0;2890.0;2626.0;221.0;14.0;-62.0;24.0;-0.65;0.31;-11.88;-1.28;4.5;-29.07
1753881481.052478;-1.0;1.8;-0.1;-0.7;0.62;128.83;9180.0;10160.0;2890.0;2626.0;221.0;14.0;-62.0;24.0;-0.46;0.49;-10.25;-0.62;3.76;-32.02
1753881481.057478;-1.0;1.8;-0.1;-0.7;0.62;128.83;9180.0;10160.0;2890.0;2626.0;221.0;14.0;-62.0;24.0;-0.22;0.61;-9.15;-0.06;1.99;-28.52
1753881481.062478;-1.0;1.8;-0.1;-0.7;0.62;128.83;9180.0;10160.0;2890.0;2626.0;221.0;14.0;-62.0;24.0;-0.38;0.63;-9.31;-4.73;-0.09;-20.82
1753881481.067478;-1.0;1.8;-0.1;-0.7;0.62;128.83;9180.0;10160.0;2890.0;2626.0;221.0;14.0;-62.0;24.0;-0.55;-0.17;-9.7;-10.35;4.02;-36.11
1753881481.072478;-1.0;1.8;-0.1;-0.7;0.62;128.83;9180.0;10160.0;2890.0;2626.0;221.0;14.0;-62.0;24.0;-1.16;-0.1;-10.14;-6.63;9.94;-40.52
1753881481.077478;-1.1;1.9;-0.1;-0.6;0.29;132.2;9291.3;10177.6;2922.7;2542.3;196.4;14.3;-68.9;22.6;-1.49;-0.23;-9.37;-5.91;7.31;-40.85
1753881481.082478;-1.0;1.7;-0.1;-0.8;0.28;128.68;9590.6;10138.2;2990.4;2615.1;230.0;13.7;-56.1;21.7;-1.39;0.32;-10.35;1.14;7.03;-35.4
1753881481.087478;-1.0;1.9;-0.1;-0.5;0.15;131.62;9143.2;10156.2;2903.4;2541.2;141.6;13.8;-55.9;22.8;-0.8;-0.17;-11.41;0.78;7.67;-34.99
1753881481.092478;-1.0;1.9;-0.1;-1.1;0.44;126.03;9427.2;10142.1;2755.8;2683.5;167.8;13.9;-38.2;24.6;-1.59;0.15;-11.72;-0.42;6.16;-48.61
1753881481.097479;-1.1;2.0;-0.1;-0.9;0.81;125.2;9101.6;10154.3;2710.7;2598.0;136.6;14.0;-56.6;22.4;-1.32;-0.24;-9.01;1.03;7.54;-46.01
1753881481.102479;-1.1;1.9;-0.1;-0.8;0.72;130.71;9501.5;10166.7;2834.8;2548.1;131.8;13.1;-61.0;24.3;-1.45;-0.02;-10.75;0.36;9.96;-45.01
1753881481.107479;-1.1;1.9;-0.1;-1.0;0.77;117.98;9423.1;10131.8;2697.4;2589.3;267.8;13.5;-53.8;26.4;-0.78;-0.06;-9.76;-2.43;11.45;-36.69
1753881481.112479;-1.1;2.0;-0.1;-0.8;0.7;118.59;9483.7;10142.2;2831.6;2550.3;208.5;14.1;-45.3;26.8;-0.97;0.28;-10.96;-3.8;2.99;-38.23
1753881481.117479;-1.1;2.0;-0.1;-1.0;0.77;119.51;9666.6;10137.4;2929.6;2595.0;98.3;13.1;-59.5;26.8;-0.6;-0.1;-10.56;-0.11;11.83;-47.04
1753881481.122479;-1.1;2.0;-0.1;-0.9;-0.39;124.12;9521.7;10135.8;2679.0;2570.0;178.8;13.0;-34.2;25.0;-0.75;-0.83;-10.03;2.47;16.21;-48.82
1753881481.127479;-1.2;2.0;-0.1;-1.0;-0.02;117.54;9542.7;10102.8;2729.9;2572.6;169.6;13.5;-35.7;26.2;-0.51;0.54;-10.15;-7.65;17.62;-41.08
1753881481.13248;-1.1;1.9;-0.1;-1.0;0.24;115.37;9205.6;10095.5;2884.8;2551.7;121.4;13.9;-49.7;26.6;-1.04;0.02;-10.98;-0.34;10.81;-40.48
1753881481.13748;-1.1;2.0;-0.1;-1.2;-0.37;114.02;9514.2;10142.0;2749.5;2575.1;148.7;12.9;-51.2;25.8;-0.56;-0.13;-10.82;3.93;9.61;-42.89
1753881481.14248;-1.1;1.9;-0.1;-1.0;-0.36;106.51;9648.7;10129.0;2729.4;2541.5;182.7;12.0;-50.9;26.0;-0.63;0.1;-13.06;-3.21;3.22;-39.38
1753881481.14748;-1.2;2.1;-0.1;-1.0;0.36;118.36;9435.9;10098.7;2754.6;2504.3;69.0;13.8;-44.1;28.6;-0.57;0.04;-10.07;-1.75;9.51;-33.45
1753881481.15248;-1.1;2.0;-0.1;-1.2;-0.4;108.77;9597.1;10112.5;2584.0;2539.3;87.5;12.7;-38.4;25.3;-1.28;0.29;-10.45;-5.67;1.07;-34.43
1753881481.15748;-1.1;2.1;-0.1;-1.3;-0.07;109.68;9981.9;10123.9;2813.6;2491.5;51.9;12.7;-41.3;25.1;-1.22;0.57;-9.89;0.25;4.68;-49.46
1753881481.16248;-1.2;2.0;-0.1;-1.1;-0.09;113.34;9483.1;10115.9;2644.3;2516.4;89.9;13.9;-32.1;27.1;-1.11;0.23;-11.59;5.32;2.06;-37.61
1753881481.16748;-1.2;2.2;-0.1;-1.3;-0.3;112.17;9790.7;10100.4;2738.6;2534.3;114.2;12.2;-45.6;28.3;-0.64;0.15;-10.77;6.79;2.36;-39.37
1753881481.17248;-1.2;2.1;-0.1;-1.1;0.05;108.9;9784.1;10110.4;2589.1;2503.9;76.9;11.9;-44.0;29.0;0.12;-0.44;-10.83;3.82;4.77;-50.25
1753881481.17748;-1.2;2.1;-0.1;-1.1;-0.19;110.78;9641.5;10108.6;2757.3;2518.2;107.7;12.3;-46.9;27.4;-0.93;0.4;-11.59;2.44;-3.49;-38.86
1753881481.18248;-1.3;2.1;-0.1;-1.1;-0.21;118.13;9988.9;10091.2;2708.1;2570.1;58.3;11.8;-30.1;27.9;-0.4;0.23;-10.93;-1.12;5.97;-40.81
1753881481.187481;-1.2;2.0;-0.1;-1.3;-0.98;112.2;9555.1;10066.6;2585.2;2518.6;85.2;13.0;-34.4;27.3;0.18;0.37;-10.84;-3.39;0.28;-50.46
1753881481.192481;-1.2;2.0;-0.1;-1.1;-0.56;108.62;10201.5;10086.5;2652.0;2516.6;42.1;12.6;-30.1;27.1;-0.45;0.19;-10.17;6.85;-1.52;-35.86
1753881481.197481;-1.2;2.0;-0.1;-1.4;-0.71;110.97;10036.9;10092.9;2672.9;2484.6;63.4;12.1;-31.5;26.8;-1.03;-0.25;-10.8;-1.25;8.04;-46.32
1753881481.202481;-1.2;2.3;-0.1;-1.2;-0.5;104.43;10080.7;10096.1;2608.5;2575.9;30.9;11.0;-26.1;28.3;-0.55;0.18;-11.94;-1.19;1.35;-41.0
1753881481.207481;-1.2;2.1;-0.1;-1.2;-1.22;110.79;10393.2;10059.2;2545.4;2485.4;36.1;12.2;-32.0;28.5;-0.5;-0.7;-11.08;-1.88;-5.36;-39.58
1753881481.212478;-1.2;2.2;-0.1;-1.3;-0.79;105.12;10060.0;10086.0;2590.0;2470.0;14.0;12.0;-30.0;29.0;-0.36;0.16;-10.98;4.15;1.12;-39.33
1753881481.217478;-1.2;2.2;-0.1;-1.3;-0.79;105.12;10060.0;10086.0;2590.0;2470.0;14.0;12.0;-30.0;29.0;-0.2;0.48;-10.05;-2.12;2.69;-18.94
1753881481.222478;-1.2;2.2;-0.1;-1.3;-0.79;105.12;10060.0;10086.0;2590.0;2470.0;14.0;12.0;-30.0;29.0;-0.3;-0.11;-9.7;-5.73;7.53;-26.53
1753881481.227478;-1.2;2.2;-0.1;-1.3;-0.79;105.12;10060.0;10086.0;2590.0;2470.0;14.0;12.0;-30.0;29.0;-0.65;-0.57;-9.76;-5.5;10.06;-42.1
1753881481.232478;-1.2;2.2;-0.1;-1.3;-0.79;105.12;10060.0;10086.0;2590.0;2470.0;14.0;12.0;-30.0;29.0;-0.1;-0.25;-9.69;-5.88;5.83;-21.09
1753881481.237478;-1.3;2.1;-0.1;-1.2;-0.29;104.41;10020.4;9760.2;2087.1;2481.6;-25.4;29.9;-25.7;29.3;-0.17;-0.66;-10.33;3.45;10.61;-7.36
1753881481.242478;-1.2;2.5;-0.1;-0.9;-1.12;108.74;9749.7;9877.6;2907.7;2548.5;165.3;27.4;-77.9;34.0;-0.52;-1.09;-9.9;-7.31;5.26;-30.37
1753881481.247478;-1.3;2.3;-0.1;-1.0;-0.84;107.19;9958.9;9976.8;2609.9;2574.6;-155.1;18.8;-3.1;27.8;0.24;0.1;-11.11;5.02;6.59;-18.61
1753881481.252478;-1.3;2.0;-0.1;-1.3;-0.63;117.91;9353.8;9898.7;2874.6;2580.7;-7.9;18.0;-28.1;24.8;0.32;-0.97;-11.01;-5.81;13.78;-22.8
1753881481.257478;-1.2;2.1;-0.1;-1.4;-1.24;94.86;9682.3;9567.6;2904.9;2765.8;-2.9;9.5;-18.3;30.4;-0.25;0.31;-8.47;-10.01;10.77;-7.81
1753881481.262478;-1.1;2.0;-0.1;-1.6;-0.2;104.0;10148.5;10183.7;2608.4;2724.9;-166.1;21.6;-3.3;26.3;-0.42;-1.0;-10.94;0.95;4.87;-8.08
1753881481.267479;-1.3;2.2;-0.1;-1.5;-0.54;105.43;9729.3;9966.7;3483.6;2699.7;-269.8;36.3;-63.6;29.2;0.08;0.12;-9.43;-0.17;-1.95;-26.59
1753881481.272479;-1.3;2.0;-0.1;-1.0;-0.07;102.37;10578.4;9694.5;2987.7;2767.8;125.1;43.3;41.5;25.4;0.27;-0.46;-10.23;1.02;-0.23;-19.46
1753881481.277479;-1.4;2.3;-0.1;-1.0;-1.48;94.75;10239.5;9886.9;2463.1;2502.6;121.7;53.9;2.8;19.4;-0.63;0.49;-10.02;-0.74;-0.84;-19.77
1753881481.282479;-1.1;2.4;-0.1;-1.3;-0.42;103.37;9839.9;9283.2;2956.2;2316.4;31.7;69.6;44.8;28.6;-0.22;0.21;-9.99;3.75;1.51;-25.81
1753881481.287479;-1.0;2.1;-0.1;-1.0;-0.27;119.0;10273.2;9369.3;3486.3;2905.6;50.0;35.9;6.3;24.9;0.5;-0.42;-11.33;0.26;2.15;-17.2
1753881481.292479;-1.3;2.5;-0.1;-0.6;-1.18;114.3;10477.5;9618.2;2658.8;2811.7;151.7;53.1;3.8;24.4;-0.19;-0.89;-10.0;-6.31;2.78;-19.48
1753881481.29748;-1.4;2.2;-0.1;-1.1;-0.36;112.09;9770.1;9417.6;3650.5;2948.7;16.8;40.9;8.4;17.6;-0.86;-0.11;-10.58;6.21;-2.04;-15.78
1753881481.30248;-1.1;2.4;-0.1;-1.6;-1.64;87.71;9244.2;9739.5;3242.9;2716.4;207.5;51.1;14.3;26.0;-0.3;-0.38;-10.66;-2.48;-1.03;-23.08
1753881481.30748;-1.1;2.2;-0.1;-0.5;-0.29;109.39;9748.1;9559.4;3170.1;3079.1;-72.1;35.6;-14.1;17.2;0.35;-1.4;-11.17;5.49;-0.54;-1.89
1753881481.31248;-1.3;2.0;-0.1;-1.1;-1.21;101.34;8977.1;9846.0;3856.6;2778.5;152.1;62.8;-3.5;17.4;-0.45;-0.31;-11.88;-4.02;11.6;-12.69
1753881481.31748;-1.3;2.0;-0.1;-1.2;-1.15;95.11;9928.1;9478.9;3748.2;2769.7;-222.0;43.4;-13.3;15.1;-0.43;0.39;-11.03;-4.3;-0.05;-1.85
1753881481.32248;-1.2;1.9;-0.1;-0.9;-0.22;112.74;9859.5;9110.9;3844.8;2912.0;-26.6;67.6;31.5;25.8;0.37;-0.31;-12.44;-1.05;-0.66;-26.96
1753881481.32748;-1.3;2.1;-0.1;-1.1;-0.85;94.45;9391.8;9290.8;3427.3;2908.7;-43.1;62.4;40.9;13.7;-0.06;-0.49;-11.45;-5.8;-2.5;-5.48
1753881481.33248;-1.4;1.8;-0.1;-1.2;-0.38;96.8;10105.2;9601.4;2969.7;2724.6;76.4;37.5;38.5;19.7;-0.64;-0.5;-12.81;2.2;-0.1;-5.8
1753881481.33748;-1.2;2.4;-0.1;-1.0;-0.36;86.24;10185.6;9350.1;3985.1;2726.3;61.3;48.5;5.8;12.7;-0.02;-0.96;-11.07;0.9;1.85;-13.86
1753881481.34248;-1.3;2.2;-0.1;-1.1;-0.39;115.16;9810.6;9162.4;4222.1;3044.1;192.7;66.1;-1.5;18.3;0.49;-0.78;-11.02;15.91;-4.53;-25.53
1753881481.34748;-1.3;2.2;-0.1;-1.5;-0.27;99.04;9342.9;9233.8;3783.4;3144.2;-1.5;64.1;9.7;16.5;-0.11;-0.34;-10.13;7.29;1.44;-9.65
1753881481.352481;-1.2;2.2;-0.1;-0.8;-0.47;112.9;9989.3;9384.9;4116.2;2917.6;-108.2;65.8;37.1;15.5;0.55;-0.89;-12.88;5.71;-7.11;-6.92
1753881481.357481;-1.1;2.2;-0.1;-0.9;0.21;106.99;9610.6;9594.7;4121.2;2959.5;-7.0;83.2;47.0;18.2;-0.55;-0.48;-12.25;1.13;4.61;-14.17
1753881481.362481;-1.1;2.5;-0.1;-0.8;-0.74;121.53;9865.2;9502.6;4119.1;3044.0;-29.1;76.2;35.5;11.1;-0.71;-0.15;-11.86;11.32;-9.23;-16.65
1753881481.367481;-1.2;2.3;-0.1;-0.9;-0.03;108.05;10058.6;9373.9;4278.0;3070.2;-3.2;81.0;26.8;19.2;-0.85;-1.11;-12.38;-2.65;-9.02;-16.44
1753881481.372481;-1.4;2.1;-0.1;-0.9;-0.9;79.44;10232.6;8900.1;4454.1;3144.1;34.5;100.3;66.1;12.9;-0.72;-0.96;-11.92;3.36;-2.72;-19.57
1753881481.377481;-1.2;2.4;-0.1;-1.0;-0.01;90.0;9833.9;8893.9;4362.1;3000.3;110.1;67.2;52.8;15.3;0.15;-0.56;-11.28;15.55;-2.76;-20.91
1753881481.382481;-1.2;2.4;-0.1;-1.1;-0.02;124.25;9945.8;8865.1;4251.0;3058.6;-22.5;64.8;23.5;12.3;-0.22;-1.35;-13.37;13.73;-0.47;-16.9
1753881481.387482;-1.2;2.4;-0.1;-0.8;0.32;83.12;9334.5;9244.7;4158.2;3263.0;-46.4;100.2;47.3;10.0;-0.59;-0.73;-12.12;14.26;-8.97;-0.56
1753881481.392478;-1.2;2.3;-0.1;-0.9;-0.42;100.15;9593.0;9090.0;4356.0;3193.0;-13.0;94.0;57.0;12.0;-0.18;-0.62;-12.39;8.81;-5.83;-7.35
1753881481.397478;-1.2;2.3;-0.1;-0.9;-0.42;100.15;9593.0;9090.0;4356.0;3193.0;-13.0;94.0;57.0;12.0;-0.22;-1.06;-11.37;7.4;-3.47;-12.04
1753881481.402478;-1.2;2.3;-0.1;-0.9;-0.42;100.15;9593.0;9090.0;4356.0;3193.0;-13.0;94.0;57.0;12.0;0.21;-1.16;-10.61;7.01;-5.72;0.28
1753881481.407478;-1.2;2.3;-0.1;-0.9;-0.42;100.15;9593.0;9090.0;4356.0;3193.0;-13.0;94.0;57.0;12.0;0.46;-1.63;-11.15;7.37;-6.75;-1.9
1753881481.412478;-1.2;2.3;-0.1;-0.9;-0.42;100.15;9593.0;9090.0;4356.0;3193.0;-13.0;94.0;57.0;12.0;0.21;-1.56;-11.51;10.26;-5.07;-8.45
1753881481.417478;-1.2;2.3;-0.1;-0.9;-0.42;100.15;9593.0;9090.0;4356.0;3193.0;-13.0;94.0;57.0;12.0;0.58;-1.35;-12.03;11.64;-9.26;6.22
1753881481.422478;-1.2;2.3;-0.1;-0.9;-0.42;100.15;9593.0;9090.0;4356.0;3193.0;-13.0;94.0;57.0;12.0;0.54;-1.57;-12.49;11.06;-8.67;0.21
1753881481.427478;-1.2;2.3;-0.1;-0.9;-0.42;100.15;9593.0;9090.0;4356.0;3193.0;-13.0;94.0;57.0;12.0;0.43;-0.95;-11.45;11.83;-6.95;-7.12
1753881481.432478;-1.2;2.3;-0.1;-0.9;-0.42;100.15;9593.0;9090.0;4356.0;3193.0;-13.0;94.0;57.0;12.0;0.89;-0.44;-10.55;10.77;-10.86;5.37
1753881481.437478;-1.2;2.3;-0.1;-0.9;-0.42;100.15;9593.0;9090.0;4356.0;3193.0;-13.0;94.0;57.0;12.0;0.47;-0.38;-10.12;7.53;-6.21;4.59
1753881481.442478;-1.4;2.5;-0.1;-0.5;-0.33;96.45;9251.5;8725.3;4158.9;3733.3;-98.2;55.8;67.4;14.1;-0.22;0.21;-10.39;11.42;3.73;17.45
1753881481.447478;-1.2;2.3;-0.1;-0.7;-0.19;110.34;9285.2;8720.8;4073.5;3180.0;-31.6;86.3;97.2;14.9;0.2;-0.38;-8.33;-15.64;12.37;8.26
1753881481.452478;-1.2;2.3;-0.1;-0.9;-0.42;100.15;9593.0;9090.0;4356.0;3193.0;-13.0;94.0;57.0;12.0;0.35;-1.03;-10.17;-13.66;2.2;3.12
1753881481.457478;-1.2;2.3;-0.1;-0.9;-0.42;100.15;9593.0;9090.0;4356.0;3193.0;-13.0;94.0;57.0;12.0;-0.23;-1.45;-10.82;-13.11;4.61;-10.18
1753881481.462478;-1.2;2.3;-0.1;-0.9;-0.42;100.15;9593.0;9090.0;4356.0;3193.0;-13.0;94.0;57.0;12.0;0.21;-0.74;-9.93;-10.77;-0.41;10.86
1753881481.467478;-1.2;2.3;-0.1;-0.9;-0.42;100.15;9593.0;9090.0;4356.0;3193.0;-13.0;94.0;57.0;12.0;0.23;-0.82;-9.4;-12.76;-0.96;12.66
1753881481.472478;-1.2;2.3;-0.1;-0.9;-0.42;100.15;9593.0;9090.0;4356.0;3193.0;-13.0;94.0;57.0;12.0;-0.5;-1.32;-8.86;-15.02;0.6;-7.01
1753881481.477478;-1.2;2.3;-0.1;-0.9;-0.42;100.15;9593.0;9090.0;4356.0;3193.0;-13.0;94.0;57.0;12.0;-0.03;-0.89;-7.52;-16.06;-1.84;8.3
1753881481.482478;-1.2;2.3;-0.1;-0.9;-0.42;100.15;9593.0;9090.0;4356.0;3193.0;-13.0;94.0;57.0;12.0;-0.31;-0.59;-6.43;-0.87;7.99;11.33
1753881481.487478;-1.2;2.3;-0.1;-0.9;-0.42;100.15;9593.0;9090.0;4356.0;3193.0;-13.0;94.0;57.0;12.0;-1.35;-0.63;-8.17;-1.52;13.95;-7.01
1753881481.492478;-1.2;2.3;-0.1;-0.9;-0.42;100.15;9593.0;9090.0;4356.0;3193.0;-13.0;94.0;57.0;12.0;0.35;-0.43;-10.47;-8.6;4.21;-2.17
1753881481.497478;-1.2;2.3;-0.1;-0.9;-0.42;100.15;9593.0;9090.0;4356.0;3193.0;-13.0;94.0;57.0;12.0;0.62;0.02;-11.13;-1.96;7.27;0.55
1753881481.502478;-1.2;2.3;-0.1;-0.9;-0.42;100.15;9593.0;9090.0;4356.0;3193.0;-13.0;94.0;57.0;12.0;-0.08;0.62;-11.65;0.44;10.37;-11.42
1753881481.507478;-1.2;2.3;-0.1;-0.9;-0.42;100.15;9593.0;9090.0;4356.0;3193.0;-13.0;94.0;57.0;12.0;0.77;1.27;-10.63;-0.24;5.03;-6.5
1753881481.512478;-1.2;2.3;-0.1;-0.9;-0.42;100.15;9593.0;9090.0;4356.0;3193.0;-13.0;94.0;57.0;12.0;0.99;1.89;-9.89;-0.2;4.63;5.68
1753881481.517478;-1.2;2.3;-0.1;-0.9;-0.42;100.15;9593.0;9090.0;4356.0;3193.0;-13.0;94.0;57.0;12.0;-0.39;1.8;-10.9;4.65;5.85;-28.08
1753881481.522478;-1.2;2.3;-0.1;-0.9;-0.42;100.15;9593.0;9090.0;4356.0;3193.0;-13.0;94.0;57.0;12.0;0.04;2.6;-12.07;-0.1;-9.76;9.08
1753881481.527478;-1.2;2.3;-0.1;-0.9;-0.42;100.15;9593.0;9090.0;4356.0;3193.0;-13.0;94.0;57.0;12.0;1.45;2.07;-12.46;-3.08;-14.61;-16.78
1753881481.532478;-1.2;2.3;-0.1;-0.9;-0.42;100.15;9593.0;9090.0;4356.0;3193.0;-13.0;94.0;57.0;12.0;-0.11;2.81;-13.18;6.73;-3.93;-48.95
1753881481.537478;-1.2;2.3;-0.1;-0.9;-0.42;100.15;9593.0;9090.0;4356.0;3193.0;-13.0;94.0;57.0;12.0;1.13;3.5;-12.66;15.04;-13.64;8.51
1753881481.542478;-1.2;2.3;-0.1;-0.9;-0.42;100.15;9593.0;9090.0;4356.0;3193.0;-13.0;94.0;57.0;12.0;3.14;3.9;-11.14;11.55;-12.77;11.54
1753881481.547478;-1.2;2.3;-0.1;-0.9;-0.42;100.15;9593.0;9090.0;4356.0;3193.0;-13.0;94.0;57.0;12.0;-0.35;2.71;-9.91;-0.86;10.2;-36.28
1753881481.552478;-1.2;2.3;-0.1;-0.9;-0.42;100.15;9593.0;9090.0;4356.0;3193.0;-13.0;94.0;57.0;12.0;-0.06;2.47;-9.18;-4.97;11.87;-21.19
1753881481.557478;-1.2;2.3;-0.1;-0.9;-0.42;100.15;9593.0;9090.0;4356.0;3193.0;-13.0;94.0;57.0;12.0;1.81;2.98;-8.43;-3.04;1.82;28.35
1753881481.562478;-1.2;2.3;-0.1;-0.9;-0.42;100.15;9593.0;9090.0;4356.0;3193.0;-13.0;94.0;57.0;12.0;-0.28;1.62;-9.59;-5.88;14.65;-24.42
1753881481.567478;-1.2;2.3;-0.1;-0.9;-0.42;100.15;9593.0;9090.0;4356.0;3193.0;-13.0;94.0;57.0;12.0;-0.04;1.61;-10.2;-0.08;12.98;-32.3
1753881481.572478;-1.2;2.3;-0.1;-0.9;-0.42;100.15;9593.0;9090.0;4356.0;3193.0;-13.0;94.0;57.0;12.0;-0.9;2.82;-12.48;-6.55;8.77;-20.17
1753881481.577478;-1.2;2.3;-0.1;-0.9;-0.42;100.15;9593.0;9090.0;4356.0;3193.0;-13.0;94.0;57.0;12.0;1.02;1.06;-10.57;5.73;-4.47;1.29
1753881481.582478;-1.2;2.3;-0.1;-0.9;-0.42;100.15;9593.0;9090.0;4356.0;3193.0;-13.0;94.0;57.0;12.0;-0.37;0.98;-10.54;2.92;1.61;-36.67
1753881481.587478;-1.2;2.3;-0.1;-0.9;-0.42;100.15;9593.0;9090.0;4356.0;3193.0;-13.0;94.0;57.0;12.0;2.45;0.23;-10.09;4.57;-7.92;3.6
1753881481.592478;-1.2;2.3;-0.1;-0.9;-0.42;100.15;9593.0;9090.0;4356.0;3193.0;-13.0;94.0;57.0;12.0;1.41;-0.42;-11.48;6.57;-7.76;26.0
1753881481.597478;-1.2;2.3;-0.1;-0.9;-0.42;100.15;9593.0;9090.0;4356.0;3193.0;-13.0;94.0;57.0;12.0;-0.57;-1.81;-11.97;4.67;1.37;-22.27
1753881481.602478;-1.2;2.3;-0.1;-0.9;-0.42;100.15;9593.0;9090.0;4356.0;3193.0;-13.0;94.0;57.0;12.0;2.27;-0.48;-11.15;0.28;-7.43;-8.09
1753881481.607478;-1.2;2.3;-0.1;-0.9;-0.42;100.15;9593.0;9090.0;4356.0;3193.0;-13.0;94.0;57.0;12.0;2.28;0.24;-11.52;-4.14;-11.26;32.13
1753881481.612478;-1.2;2.3;-0.1;-0.9;-0.42;100.15;9593.0;9090.0;4356.0;3193.0;-13.0;94.0;57.0;12.0;-0.45;-1.41;-11.2;-0.64;12.47;-7.95
1753881481.617478;-1.2;2.3;-0.1;-1.1;-0.36;100.15;10324.0;9288.9;4724.3;3775.2;8.8;87.3;54.9;154.5;-1.21;0.72;-10.71;-3.83;10.6;36.29
1753881481.622478;-1.2;2.3;-0.1;-1.1;-0.3;98.35;8892.2;9244.3;6325.4;3126.2;-5.0;112.4;56.0;362.4;-1.56;-0.91;-10.26;-9.1;16.52;17.1
1753881481.627478;-1.3;2.3;-0.1;-0.8;-0.44;99.39;10141.9;9409.3;6236.7;3626.2;-19.4;85.6;50.2;-563.7;-1.2;-0.46;-9.74;-5.14;12.25;19.93
1753881481.632478;-1.2;2.3;-0.1;-0.9;-0.45;99.37;5750.9;9077.5;3568.5;1043.4;-14.0;113.3;52.5;135.9;-2.14;2.25;-10.97;0.39;19.5;-37.31
1753881481.637478;-1.3;2.3;-0.1;-1.7;-0.3;96.8;9906.0;8924.3;5203.5;3007.0;-1.6;91.4;49.8;-174.3;0.52;0.06;-10.38;-0.83;3.97;9.75
1753881481.642479;-1.3;2.3;-0.1;-1.3;-0.46;98.77;8118.1;9264.3;5816.4;1415.0;-16.3;82.2;59.1;-191.3;0.62;1.73;-9.3;-1.74;19.93;-9.61
1753881481.647479;-1.3;2.3;-0.1;-1.3;-0.24;96.97;8374.5;9157.9;5617.7;3058.8;-62.8;98.4;48.2;-59.0;1.31;0.02;-12.94;2.03;2.04;24.79
1753881481.652479;-1.3;2.4;-0.1;-0.9;-0.36;99.52;9316.2;9210.9;6506.8;2461.9;-26.0;111.9;46.2;-109.5;-1.92;2.14;-11.05;-2.31;6.17;-29.41
1753881481.657479;-1.3;2.3;-0.1;-1.5;-0.39;97.97;6503.2;9015.9;5418.5;2934.6;-44.8;84.6;55.3;-238.4;-0.94;0.33;-11.83;-8.13;2.75;-65.0
1753881481.662479;-1.3;2.4;-0.1;-1.6;-0.25;96.67;6095.0;9289.0;9003.2;569.5;-71.8;70.0;50.4;-495.4;-1.88;-0.46;-12.43;0.62;-8.14;-28.28
1753881481.667479;-1.3;2.3;-0.1;-1.3;-0.32;96.54;5663.1;9364.8;6488.2;857.2;-26.1;89.5;54.0;-337.3;-1.7;-1.38;-11.24;4.44;16.04;-18.41
1753881481.67248;-1.3;2.3;-0.1;-1.5;0.01;97.04;6728.3;9175.6;7815.5;1740.1;-55.6;60.4;42.4;-437.2;0.83;-3.09;-12.43;-5.27;21.12;-23.41
1753881481.67748;-1.3;2.4;-0.1;-1.6;-0.17;95.17;5348.3;9669.3;6529.5;-863.8;-59.5;51.1;48.8;-551.3;-0.45;0.66;-12.67;1.61;-6.07;3.38
1753881481.68248;-1.3;2.4;-0.1;-1.5;-0.19;99.83;6368.2;9291.5;5905.3;836.7;-70.8;65.0;47.5;-50.6;-0.12;-2.8;-12.93;3.92;1.9;0.2
1753881481.68748;-1.3;2.4;-0.1;-1.4;-0.09;96.88;4750.3;9074.4;6644.4;-1294.5;-92.5;22.0;38.0;-412.1;0.89;0.62;-10.97;-6.52;2.96;11.88
1753881481.69248;-1.3;2.4;-0.1;-1.6;-0.21;95.4;5091.4;9651.7;6688.4;-67.5;-56.8;63.3;36.5;-679.8;-0.7;-0.51;-9.05;12.23;-11.28;-45.81
1753881481.69748;-1.3;2.4;-0.1;-1.7;0.1;99.09;6161.8;9782.4;8243.6;-1179.5;-101.0;48.4;41.0;-326.8;0.85;-0.95;-12.59;3.27;8.25;24.76
1753881481.70248;-1.4;2.4;-0.1;-2.3;0.02;95.28;7095.3;9669.5;7349.2;506.0;-76.8;45.8;39.9;-363.3;0.96;-0.25;-13.35;6.95;1.13;-6.67
1753881481.70748;-1.3;2.4;-0.1;-1.7;-0.08;96.69;1982.7;9655.7;8964.8;-2695.3;-52.5;35.1;32.7;-478.7;-0.05;0.76;-12.34;-2.22;-11.55;4.83
1753881481.71248;-1.3;2.4;-0.1;-1.9;-0.03;95.86;5361.1;9620.0;8957.9;794.3;-109.2;61.7;44.9;-618.9;-0.92;0.2;-13.85;-1.16;2.51;-32.53
1753881481.71748;-1.3;2.4;-0.1;-1.8;0.12;93.6;6710.7;9933.2;8968.4;-2778.3;-76.7;66.1;38.8;-609.9;1.93;3.82;-10.12;6.94;4.7;-24.04
1753881481.72248;-1.4;2.4;-0.1;-2.0;-0.02;94.94;1437.5;9386.6;8364.3;-2053.2;-106.9;15.8;41.3;-473.8;-0.9;1.33;-11.12;-8.75;-18.58;11.23
1753881481.727481;-1.4;2.4;-0.1;-1.8;0.06;92.32;2185.7;9802.4;6501.6;-2915.3;-102.0;26.4;43.4;-336.1;-1.68;1.24;-14.21;-0.92;-10.42;-22.99
1753881481.732481;-1.4;2.4;-0.1;-2.3;-0.0;94.47;1383.6;9919.5;9155.5;162.6;-101.1;1.2;44.9;-725.4;1.47;-0.12;-13.21;-0.95;-8.84;-26.72
1753881481.737481;-1.3;2.4;-0.1;-2.5;-0.04;94.27;3825.1;10065.0;8137.4;-3536.9;-59.4;23.5;40.7;-852.4;-1.13;1.77;-12.04;-3.23;6.96;22.2
1753881481.742481;-1.4;2.4;-0.1;-1.8;0.03;92.09;885.4;10078.8;10204.2;-2354.2;-125.7;26.5;33.6;-234.6;-4.01;-0.43;-13.33;8.65;-4.6;1.02
1753881481.747481;-1.4;2.5;-0.1;-1.8;-0.18;91.57;434.9;9917.2;7105.5;-2893.9;-120.6;12.0;37.6;-530.1;0.59;-1.29;-10.29;-9.83;1.08;6.7
1753881481.752481;-1.4;2.5;-0.1;-2.0;0.11;93.93;293.2;9721.7;10102.3;-4003.1;-93.5;4.6;27.6;-638.8;1.29;0.21;-12.2;0.57;-2.81;20.95
1753881481.757478;-1.4;2.5;-0.1;-2.1;0.12;92.99;1766.0;9896.0;9950.0;-3030.0;-117.0;14.0;36.0;-792.0;-0.95;1.36;-12.15;-0.52;-4.42;-2.04
1753881481.762478;-1.4;2.5;-0.1;-2.1;0.12;92.99;1766.0;9896.0;9950.0;-3030.0;-117.0;14.0;36.0;-792.0;-1.29;0.69;-11.85;2.88;-5.03;12.62
1753881481.767478;-1.4;2.5;-0.1;-2.1;0.12;92.99;1766.0;9896.0;9950.0;-3030.0;-117.0;14.0;36.0;-792.0;-2.25;1.17;-11.53;5.72;4.57;-6.96
1753881481.772478;-1.4;2.5;-0.1;-2.1;0.12;92.99;1766.0;9896.0;9950.0;-3030.0;-117.0;14.0;36.0;-792.0;-2.06;1.96;-11.28;1.65;-0.37;-1.6
1753881481.777478;-1.4;2.5;-0.1;-2.1;0.12;92.99;1766.0;9896.0;9950.0;-3030.0;-117.0;14.0;36.0;-792.0;-1.33;1.33;-11.36;-5.3;-4.86;13.9
1753881481.782478;-1.4;2.5;-0.1;-2.1;0.12;92.99;1766.0;9896.0;9950.0;-3030.0;-117.0;14.0;36.0;-792.0;-1.37;-0.21;-9.87;-6.85;5.88;-2.29
1753881481.787478;-1.4;2.5;-0.1;-2.1;0.12;92.99;1766.0;9896.0;9950.0;-3030.0;-117.0;14.0;36.0;-792.0;-1.26;0.63;-10.2;3.79;12.12;-22.3
1753881481.792478;-1.4;2.5;-0.1;-2.1;0.12;92.99;1766.0;9896.0;9950.0;-3030.0;-117.0;14.0;36.0;-792.0;-1.79;1.45;-12.33;3.76;-4.74;21.16
1753881481.797478;-1.4;2.5;-0.1;-2.1;0.12;92.99;1766.0;9896.0;9950.0;-3030.0;-117.0;14.0;36.0;-792.0;-0.61;0.31;-12.38;2.52;-3.6;8.07
1753881481.802478;-1.4;2.5;-0.1;-2.1;0.12;92.99;1766.0;9896.0;9950.0;-3030.0;-117.0;14.0;36.0;-792.0;-1.5;0.69;-12.19;4.98;9.46;-28.66
1753881481.807478;-1.4;2.5;-0.1;-2.1;0.12;92.99;1766.0;9896.0;9950.0;-3030.0;-117.0;14.0;36.0;-792.0;-1.55;2.09;-10.98;5.6;-0.18;7.36
1753881481.812478;-1.4;2.5;-0.1;-2.1;0.12;92.99;1766.0;9896.0;9950.0;-3030.0;-117.0;14.0;36.0;-792.0;-1.16;0.77;-9.93;-10.43;-10.42;44.48
1753881481.817478;-1.4;2.5;-0.1;-2.1;0.12;92.99;1766.0;9896.0;9950.0;-3030.0;-117.0;14.0;36.0;-792.0;-1.19;-1.02;-11.06;-2.54;-0.88;-47.43
1753881481.822478;-1.4;2.5;-0.1;-2.1;0.12;92.99;1766.0;9896.0;9950.0;-3030.0;-117.0;14.0;36.0;-792.0;0.54;-0.88;-9.54;7.43;4.21;-21.9
1753881481.827478;-1.4;2.5;-0.1;-2.1;0.12;92.99;1766.0;9896.0;9950.0;-3030.0;-117.0;14.0;36.0;-792.0;0.13;0.21;-9.58;3.4;-5.37;59.12
1753881481.832478;-1.4;2.5;-0.1;-2.1;0.12;92.99;1766.0;9896.0;9950.0;-3030.0;-117.0;14.0;36.0;-792.0;-2.03;-1.23;-11.98;1.47;3.99;-7.5
1753881481.837478;-1.4;2.5;-0.1;-2.1;0.12;92.99;1766.0;9896.0;9950.0;-3030.0;-117.0;14.0;36.0;-792.0;-0.77;-0.63;-13.16;6.46;4.21;-43.88
1753881481.842478;-1.4;2.5;-0.1;-2.1;0.12;92.99;1766.0;9896.0;9950.0;-3030.0;-117.0;14.0;36.0;-792.0;-1.37;0.74;-11.86;7.53;-5.72;29.25
1753881481.847478;-1.4;2.5;-0.1;-2.1;0.12;92.99;1766.0;9896.0;9950.0;-3030.0;-117.0;14.0;36.0;-792.0;-2.51;-1.13;-9.11;2.57;-1.84;25.47
1753881481.852478;-1.4;2.5;-0.1;-2.1;0.12;92.99;1766.0;9896.0;9950.0;-3030.0;-117.0;14.0;36.0;-792.0;-2.28;-1.87;-9.11;-2.64;7.09;-31.54
1753881481.857478;-1.4;2.5;-0.1;-2.1;0.12;92.99;1766.0;9896.0;9950.0;-3030.0;-117.0;14.0;36.0;-792.0;-2.0;-0.74;-9.97;2.74;7.69;-8.87
1753881481.862478;-1.4;2.5;-0.1;-2.1;0.12;92.99;1766.0;9896.0;9950.0;-3030.0;-117.0;14.0;36.0;-792.0;-2.22;0.57;-12.08;14.06;-5.09;24.94
1753881481.867478;-1.4;2.5;-0.1;-2.1;0.12;92.99;1766.0;9896.0;9950.0;-3030.0;-117.0;14.0;36.0;-792.0;-2.18;0.27;-12.64;9.14;-9.07;9.4
1753881481.872478;-1.4;2.5;-0.1;-2.1;0.12;92.99;1766.0;9896.0;9950.0;-3030.0;-117.0;14.0;36.0;-792.0;-2.86;0.47;-11.45;-0.99;4.15;-19.92
1753881481.877478;-1.4;2.5;-0.1;-2.1;0.12;92.99;1766.0;9896.0;9950.0;-3030.0;-117.0;14.0;36.0;-792.0;-2.34;0.2;-11.82;-11.57;0.1;11.68
1753881481.882478;-1.4;2.5;-0.1;-2.1;0.12;92.99;1766.0;9896.0;9950.0;-3030.0;-117.0;14.0;36.0;-792.0;-3.3;-1.12;-12.1;-11.52;4.53;1.23
1753881481.887478;-1.4;2.5;-0.1;-2.1;0.12;92.99;1766.0;9896.0;9950.0;-3030.0;-117.0;14.0;36.0;-792.0;-2.47;1.5;-10.97;4.57;2.28;-10.56
1753881481.892478;-1.4;2.5;-0.1;-2.1;0.12;92.99;1766.0;9896.0;9950.0;-3030.0;-117.0;14.0;36.0;-792.0;-3.17;2.77;-11.46;5.45;-6.55;16.07
1753881481.897478;-1.4;2.5;-0.1;-2.1;0.12;92.99;1766.0;9896.0;9950.0;-3030.0;-117.0;14.0;36.0;-792.0;-3.21;0.75;-11.82;-2.82;-0.81;10.08
1753881481.902478;-1.4;2.5;-0.1;-2.1;0.12;92.99;1766.0;9896.0;9950.0;-3030.0;-117.0;14.0;36.0;-792.0;-2.84;0.65;-11.04;-3.22;13.09;-27.78
1753881481.907478;-1.4;2.5;-0.1;-2.1;0.12;92.99;1766.0;9896.0;9950.0;-3030.0;-117.0;14.0;36.0;-792.0;-3.24;3.11;-12.2;6.93;1.43;-0.39
1753881481.912478;-1.4;2.5;-0.1;-2.1;0.12;92.99;1766.0;9896.0;9950.0;-3030.0;-117.0;14.0;36.0;-792.0;-1.81;2.87;-12.41;5.4;-13.16;39.29
1753881481.917478;-1.4;2.5;-0.1;-2.1;0.12;92.99;1766.0;9896.0;9950.0;-3030.0;-117.0;14.0;36.0;-792.0;-2.83;-0.57;-10.64;1.0;3.84;-26.42
1753881481.922478;-1.4;2.5;-0.1;-2.1;0.12;92.99;1766.0;9896.0;9950.0;-3030.0;-117.0;14.0;36.0;-792.0;-3.02;0.54;-8.91;4.64;8.02;-29.25
1753881481.927478;-1.4;2.5;-0.1;-2.1;0.12;92.99;1766.0;9896.0;9950.0;-3030.0;-117.0;14.0;36.0;-792.0;-0.7;3.17;-9.7;7.62;-8.97;38.01
1753881481.932478;-1.4;2.5;-0.1;-2.1;0.12;92.99;1766.0;9896.0;9950.0;-3030.0;-117.0;14.0;36.0;-792.0;-2.2;2.27;-11.15;1.01;-3.83;9.29
1753881481.937478;-1.4;2.5;-0.1;-2.1;0.12;92.99;1766.0;9896.0;9950.0;-3030.0;-117.0;14.0;36.0;-792.0;-1.93;1.38;-11.3;-2.82;6.07;-41.32
1753881481.942478;-1.4;2.5;-0.1;-2.1;0.12;92.99;1766.0;9896.0;9950.0;-3030.0;-117.0;14.0;36.0;-792.0;-0.59;1.18;-10.2;-3.41;-3.18;3.35
1753881481.947478;-1.4;2.5;-0.1;-2.1;0.12;92.99;1766.0;9896.0;9950.0;-3030.0;-117.0;14.0;36.0;-792.0;-0.69;1.03;-9.17;2.33;-2.98;28.75
1753881481.952478;-1.4;2.5;-0.1;-2.1;0.12;92.99;1766.0;9896.0;9950.0;-3030.0;-117.0;14.0;36.0;-792.0;-1.03;0.74;-9.9;2.38;6.85;-21.49
1753881481.957478;-1.4;2.5;-0.1;-2.1;0.12;92.99;1766.0;9896.0;9950.0;-3030.0;-117.0;14.0;36.0;-792.0;-0.25;1.74;-11.0;-1.84;4.09;-18.34
1753881481.962478;-1.4;2.5;-0.1;-2.1;0.12;92.99;1766.0;9896.0;9950.0;-3030.0;-117.0;14.0;36.0;-792.0;-0.78;1.45;-10.29;-0.12;-4.96;26.95
1753881481.967478;-1.4;2.5;-0.1;-2.1;0.12;92.99;1766.0;9896.0;9950.0;-3030.0;-117.0;14.0;36.0;-792.0;-2.3;0.52;-9.81;5.16;3.76;-10.9
1753881481.972478;-1.4;2.5;-0.1;-2.1;0.12;92.99;1766.0;9896.0;9950.0;-3030.0;-117.0;14.0;36.0;-792.0;-1.08;2.34;-10.26;4.83;2.17;-15.62
1753881481.977478;-1.3;2.5;-0.1;-2.6;-0.43;92.58;-1755.7;9901.8;9947.9;-3800.6;-134.5;16.6;24.9;-714.1;-0.67;2.03;-11.83;4.81;8.12;-52.95
1753881481.982478;-1.4;2.5;-0.1;-2.6;1.5;93.11;1433.5;9879.6;9941.9;-3542.1;-122.4;13.0;30.1;-623.8;0.2;2.66;-10.23;3.47;-4.62;8.61
1753881481.987478;-1.4;2.5;-0.1;-2.2;-0.39;94.27;3712.1;9916.0;9944.7;-3200.9;-118.5;11.7;54.2;-767.6;-0.24;0.94;-10.87;0.26;-1.75;-20.64
1753881481.992478;-1.4;2.5;-0.1;-2.1;-0.05;91.34;1906.6;9866.1;9948.0;-5214.0;-126.8;11.4;41.0;-900.2;0.61;2.83;-9.67;7.63;-0.16;-27.32
1753881481.997478;-1.4;2.5;-0.1;-2.5;-0.85;92.55;339.3;9910.0;9951.1;-4936.3;-145.4;10.8;22.7;-731.3;-1.8;2.49;-11.07;1.24;9.22;40.31
1753881482.002478;-1.5;2.5;-0.1;-2.2;0.56;92.28;2202.2;9872.0;9944.1;-4881.3;-128.0;11.7;28.2;-794.4;-0.68;1.67;-11.13;-2.67;13.35;29.41
1753881482.007479;-1.4;2.5;-0.1;-2.2;-0.25;92.78;-1469.8;9902.6;9950.0;-3768.9;-124.6;11.9;56.4;-614.8;-0.89;3.71;-11.38;-8.78;4.87;-20.93
1753881482.012479;-1.4;2.5;-0.1;-2.3;-0.96;92.08;2008.0;9824.1;9941.5;-2412.2;-111.6;13.0;54.7;-766.8;0.89;2.1;-9.08;4.84;9.3;-54.56
1753881482.017479;-1.4;2.5;-0.1;-2.5;-0.18;91.42;-956.0;9916.1;9951.2;-5432.3;-116.4;10.7;61.8;-554.3;-2.09;1.97;-12.16;1.97;3.7;-33.23
1753881482.022479;-1.4;2.5;-0.1;-2.4;0.92;91.7;-269.9;9863.2;9944.8;-4558.0;-151.1;11.7;36.7;-776.4;-1.55;1.67;-11.08;-3.09;-2.91;-20.47
1753881482.027479;-1.5;2.5;-0.1;-2.5;-0.8;91.3;826.0;9866.8;9936.0;-3901.5;-140.5;12.4;46.3;-742.3;-2.49;2.45;-11.85;2.68;8.29;-20.86
1753881482.032479;-1.5;2.5;-0.1;-2.6;-1.13;90.26;3036.1;9846.3;9944.0;-4607.2;-144.4;11.4;39.5;-669.0;-1.82;2.27;-10.96;-4.51;1.03;-28.38
1753881482.03748;-1.5;2.5;-0.1;-2.0;-0.95;91.1;-1089.0;9832.6;9939.0;-5757.5;-153.7;8.2;68.1;-526.6;-0.59;2.23;-10.78;-0.21;5.57;-36.46
1753881482.04248;-1.4;2.5;-0.1;-2.9;-2.59;92.04;-2807.4;9842.5;9931.3;-4154.8;-143.7;11.7;86.5;-638.7;-0.92;2.49;-11.98;0.79;8.88;-31.24
1753881482.04748;-1.4;2.5;-0.1;-2.2;-1.43;91.82;-1250.3;9885.8;9941.6;-6145.7;-150.5;13.7;79.6;-571.2;-0.15;2.24;-10.33;0.28;8.22;-44.19
1753881482.05248;-1.5;2.5;-0.1;-2.8;-0.93;89.84;-855.7;9880.0;9941.5;-4870.0;-140.9;8.8;76.4;-468.5;0.12;1.17;-9.92;-2.9;4.17;13.23
1753881482.05748;-1.4;2.5;-0.1;-2.7;-1.53;91.4;-3262.3;9812.7;9943.8;-6046.8;-164.0;12.2;70.9;-600.1;-3.01;1.11;-10.91;-2.04;4.36;0.78
1753881482.06248;-1.4;2.5;-0.1;-2.7;-1.88;90.77;-2057.1;9843.5;9934.4;-3551.8;-148.8;10.9;83.7;-567.7;-2.27;-1.1;-11.28;2.07;8.36;-28.55
1753881482.06748;-1.5;2.5;-0.1;-2.7;-1.57;91.07;-2708.7;9790.9;9944.1;-6828.0;-148.2;7.3;94.7;-684.2;-0.08;1.08;-11.98;5.3;2.66;-24.13
1753881482.07248;-1.5;2.5;-0.1;-3.0;-2.6;90.2;-1306.3;9802.8;9938.5;-7421.4;-190.2;8.4;85.7;-438.4;-2.26;3.55;-11.91;-2.15;5.78;-69.29
1753881482.07748;-1.5;2.5;-0.1;-2.3;-3.02;89.61;-1828.1;9816.5;9936.3;-5523.7;-165.7;7.3;106.9;-557.7;-1.49;1.47;-9.59;-4.6;5.49;-9.23
1753881482.08248;-1.5;2.5;-0.1;-2.7;-0.98;90.03;-1997.7;9771.6;9937.1;-6715.9;-140.7;9.6;78.3;-382.9;1.06;0.24;-10.24;2.07;5.88;-36.19
1753881482.08748;-1.5;2.5;-0.1;-2.7;-1.79;90.19;-6019.1;9758.7;9940.2;-6767.3;-147.2;9.0;71.9;-506.5;-1.1;2.53;-11.74;-1.64;19.52;-11.11
1753881482.092481;-1.5;2.5;-0.1;-3.2;-2.82;90.69;-4644.3;9795.2;9928.1;-5208.0;-162.6;9.6;88.8;-517.9;-3.62;1.3;-10.35;0.34;14.84;-0.18
1753881482.097481;-1.5;2.5;-0.1;-2.6;-3.61;91.11;-3042.3;9816.1;9936.3;-7116.2;-180.7;11.0;90.5;-610.8;-2.09;-0.75;-11.34;5.83;1.02;-79.73
1753881482.102481;-1.5;2.5;-0.1;-2.7;-2.17;90.83;-3367.4;9831.5;9931.4;-7233.6;-181.4;8.5;84.5;-495.8;-1.08;-0.08;-10.14;-4.54;19.12;-26.99
1753881482.107481;-1.5;2.5;-0.1;-2.7;-2.47;92.01;-7091.4;9786.7;9931.7;-5738.3;-196.7;7.1;84.2;-553.4;-1.74;0.86;-13.08;-0.07;6.22;-42.93
1753881482.112481;-1.6;2.5;-0.1;-2.8;-3.61;89.82;-4414.7;9754.7;9935.4;-5898.9;-151.1;6.5;119.3;-542.5;0.65;-0.22;-11.56;5.32;4.49;-32.66
1753881482.117481;-1.6;2.5;-0.1;-3.0;-2.21;89.04;-8317.7;9796.0;9937.6;-7924.8;-198.4;8.1;126.4;-551.9;-2.62;1.45;-10.5;5.44;12.53;-5.55
1753881482.122481;-1.6;2.5;-0.1;-3.1;-3.0;90.92;-4574.7;9845.5;9934.8;-6731.2;-181.2;7.7;111.2;-378.9;-2.67;-0.72;-11.45;-5.14;11.19;-1.18
1753881482.127482;-1.6;2.5;-0.1;-2.8;-3.77;89.46;-6369.6;9801.9;9930.5;-7440.7;-189.9;5.3;125.7;-499.6;-1.07;1.22;-10.99;-7.52;7.67;-32.82
1753881482.132478;-1.6;2.5;-0.1;-3.1;-3.39;89.22;-5243.0;9793.0;9933.0;-7770.0;-183.0;7.0;113.0;-391.0;-1.7;0.8;-11.64;-4.79;6.6;-15.87
1753881482.137478;-1.6;2.5;-0.1;-3.1;-3.39;89.22;-5243.0;9793.0;9933.0;-7770.0;-183.0;7.0;113.0;-391.0;-0.98;1.9;-12.45;15.8;-5.36;4.77
1753881482.142478;-1.6;2.5;-0.1;-3.1;-3.39;89.22;-5243.0;9793.0;9933.0;-7770.0;-183.0;7.0;113.0;-391.0;-2.08;0.71;-11.45;-3.16;-5.0;20.65
1753881482.147478;-1.6;2.5;-0.1;-3.1;-3.39;89.22;-5243.0;9793.0;9933.0;-7770.0;-183.0;7.0;113.0;-391.0;-2.67;-0.01;-10.9;-14.09;8.24;-18.94
1753881482.152478;-1.6;2.5;-0.1;-3.1;-3.39;89.22;-5243.0;9793.0;9933.0;-7770.0;-183.0;7.0;113.0;-391.0;-2.92;0.0;-10.16;0.97;14.09;-36.0
1753881482.157478;-1.6;2.5;-0.1;-3.1;-3.39;89.22;-5243.0;9793.0;9933.0;-7770.0;-183.0;7.0;113.0;-391.0;-0.92;1.48;-11.11;5.46;-12.61;48.31
1753881482.162478;-1.6;2.5;-0.1;-3.1;-3.39;89.22;-5243.0;9793.0;9933.0;-7770.0;-183.0;7.0;113.0;-391.0;-2.66;-0.51;-10.74;-0.83;-4.29;23.99
1753881482.167478;-1.6;2.5;-0.1;-3.1;-3.39;89.22;-5243.0;9793.0;9933.0;-7770.0;-183.0;7.0;113.0;-391.0;-2.06;-1.2;-12.93;13.14;7.42;-64.16
1753881482.172478;-1.6;2.5;-0.1;-3.1;-3.39;89.22;-5243.0;9793.0;9933.0;-7770.0;-183.0;7.0;113.0;-391.0;0.36;-0.79;-12.17;-3.36;-4.02;18.98
1753881482.177478;-1.6;2.5;-0.1;-3.1;-3.39;89.22;-5243.0;9793.0;9933.0;-7770.0;-183.0;7.0;113.0;-391.0;-0.6;-0.87;-11.8;-5.92;-0.58;33.17
1753881482.182478;-1.6;2.5;-0.1;-3.1;-3.39;89.22;-5243.0;9793.0;9933.0;-7770.0;-183.0;7.0;113.0;-391.0;-0.35;-1.61;-11.22;6.18;6.46;-41.35
1753881482.187478;-1.6;2.5;-0.1;-3.1;-3.39;89.22;-5243.0;9793.0;9933.0;-7770.0;-183.0;7.0;113.0;-391.0;0.47;-0.19;-13.52;5.12;-6.21;6.95
1753881482.192478;-1.6;2.5;-0.1;-3.1;-3.39;89.22;-5243.0;9793.0;9933.0;-7770.0;-183.0;7.0;113.0;-391.0;-0.02;-2.31;-10.41;-13.48;-6.63;36.52
1753881482.197478;-1.6;2.5;-0.1;-3.1;-3.39;89.22;-5243.0;9793.0;9933.0;-7770.0;-183.0;7.0;113.0;-391.0;-0.77;-1.71;-9.39;-1.2;11.98;-36.9
1753881482.202478;-1.6;2.5;-0.1;-3.1;-3.39;89.22;-5243.0;9793.0;9933.0;-7770.0;-183.0;7.0;113.0;-391.0;-0.77;-0.16;-12.07;6.46;4.49;-4.85
1753881482.207478;-1.6;2.5;-0.1;-3.1;-3.39;89.22;-5243.0;9793.0;9933.0;-7770.0;-183.0;7.0;113.0;-391.0;0.98;-0.32;-12.85;-5.08;-8.27;39.3
1753881482.212478;-1.6;2.5;-0.1;-3.1;-3.39;89.22;-5243.0;9793.0;9933.0;-7770.0;-183.0;7.0;113.0;-391.0;-0.32;-2.42;-11.58;3.97;1.81;-27.17
1753881482.217478;-1.5;2.5;-0.1;-2.8;-5.08;89.74;-3728.2;9731.7;9921.5;-8103.8;-174.7;0.3;89.3;-278.8;0.59;-1.38;-10.68;-1.05;1.41;-49.65
1753881482.222478;-1.7;2.5;-0.1;-3.2;-4.38;90.19;-3634.0;9644.3;9864.9;-9942.3;-173.0;-15.9;130.7;-496.4;-1.64;-1.63;-9.2;4.58;-5.55;-53.83
1753881482.227478;-1.6;2.5;-0.1;-3.0;-2.71;89.19;-5344.7;9811.2;9934.1;-7244.7;-175.6;-8.2;94.6;-470.4;-1.94;-2.37;-9.47;-6.99;-4.68;-23.55
1753881482.232478;-1.7;2.5;-0.1;-2.7;-3.03;89.6;-10166.8;9794.2;9684.6;-6500.8;-197.6;6.1;52.1;-253.1;-1.66;-2.2;-12.46;16.24;7.17;-47.77
1753881482.237478;-1.6;2.5;-0.1;-2.8;-1.83;89.7;-1231.8;9807.8;9799.1;-8446.0;-222.6;2.8;53.9;-398.1;-1.3;-2.21;-9.41;2.63;3.17;-15.09
1753881482.242478;-1.7;2.5;-0.1;-2.6;-4.36;90.86;-1504.8;9761.4;9890.3;-9720.7;-197.4;2.1;155.9;-125.1;1.99;-1.32;-10.97;0.42;11.18;3.01
1753881482.247479;-1.6;2.5;-0.1;-2.6;-1.77;89.42;-6608.9;9660.3;9667.5;-8711.7;-187.4;-18.9;61.8;-308.5;-1.14;-3.65;-10.61;-7.12;3.28;-20.67
1753881482.252479;-1.6;2.5;-0.1;-2.8;-3.0;89.58;-8427.7;9647.8;9633.5;-11828.0;-176.6;12.3;66.5;-416.5;0.91;-1.1;-11.05;-14.57;-1.25;40.24
1753881482.257479;-1.7;2.6;-0.1;-2.8;-4.01;88.74;-4759.0;9889.2;9560.8;-8503.6;-217.9;-15.2;46.5;-432.6;0.2;-0.22;-12.52;5.88;6.38;0.78
1753881482.262479;-1.6;2.5;-0.1;-3.1;-2.19;89.84;-6548.4;9551.2;9567.4;-12463.1;-191.2;-25.3;80.3;-396.5;-0.36;-2.39;-11.02;-9.21;4.32;-50.1
1753881482.267479;-1.6;2.6;-0.1;-2.5;-1.54;90.31;-4971.5;9366.2;9391.3;-10489.7;-160.1;-14.2;51.1;-245.0;-0.21;-2.49;-11.06;8.61;-12.81;-25.76
1753881482.272479;-1.7;2.5;-0.1;-3.0;-4.31;89.68;-3434.5;9502.8;9539.9;-7531.5;-191.7;-35.3;10.1;-265.2;-0.3;-2.84;-9.01;6.94;8.61;-8.52
1753881482.27748;-1.7;2.5;-0.1;-2.9;-1.77;87.57;-8759.3;9626.7;9893.3;-7965.4;-186.2;-28.7;66.7;-337.7;0.01;-0.73;-10.17;11.52;-2.69;16.14
1753881482.28248;-1.5;2.5;-0.1;-3.2;-4.41;87.72;-6564.7;9327.1;9504.5;-9990.5;-206.2;-22.4;115.5;-292.9;-0.55;-1.9;-8.29;-3.09;-5.33;-5.9
1753881482.28748;-1.6;2.5;-0.1;-2.5;-3.82;87.26;-8334.3;9443.6;9388.5;-11401.9;-204.5;-21.3;64.5;-400.0;-0.83;-0.94;-11.4;11.41;-0.88;31.68
1753881482.29248;-1.6;2.5;-0.1;-2.4;-2.39;88.46;-11769.0;9290.2;9277.9;-10011.5;-207.8;-25.4;87.0;-376.9;-0.1;-0.16;-10.53;1.14;-0.53;-47.19
1753881482.29748;-1.9;2.6;-0.1;-2.5;-3.5;88.95;-4444.6;9441.0;9367.5;-8766.0;-208.8;-14.6;84.9;-327.9;0.06;-1.36;-9.62;7.83;8.6;-10.83
1753881482.30248;-1.6;2.5;-0.1;-2.5;-4.91;87.53;-7615.7;9311.6;9300.8;-7212.3;-178.2;-31.4;-3.2;-171.5;1.41;-1.67;-11.51;16.19;8.2;-15.95
1753881482.30748;-1.7;2.5;-0.1;-2.9;-3.92;87.73;-4090.5;9335.0;9484.1;-8135.4;-172.0;-45.1;86.0;-543.5;1.1;3.37;-10.54;19.46;10.51;-13.66
1753881482.31248;-1.7;2.6;-0.1;-2.9;-2.07;86.63;-10871.9;9497.5;9314.6;-9028.6;-192.8;-34.4;63.8;-391.5;-1.11;1.27;-8.17;-2.35;11.25;37.96
1753881482.31748;-1.7;2.5;-0.1;-2.4;-2.88;88.99;-8606.4;9109.7;9019.7;-9692.0;-209.2;-22.5;18.4;-151.3;-2.29;4.41;-8.58;7.34;-0.16;46.91
1753881482.32248;-1.7;2.6;-0.1;-3.1;-3.19;88.35;-10573.5;9110.1;9228.9;-9277.4;-211.0;-24.8;35.7;-506.3;-0.16;2.75;-6.72;-3.01;-8.36;0.19
1753881482.32748;-1.6;2.5;-0.1;-2.1;-3.23;87.79;-14150.9;9274.0;8943.6;-7527.7;-216.8;-45.7;41.2;-128.5;0.64;0.75;-6.71;-0.84;10.3;-6.62
1753881482.332478;-1.7;2.5;-0.1;-2.5;-3.69;88.41;-8486.0;9153.0;9116.0;-8713.0;-197.0;-39.0;34.0;-278.0;0.2;1.27;-8.83;2.95;-1.62;22.53
1753881482.337478;-1.7;2.5;-0.1;-2.5;-3.69;88.41;-8486.0;9153.0;9116.0;-8713.0;-197.0;-39.0;34.0;-278.0;1.02;-0.03;-9.9;-0.28;-1.05;8.92
1753881482.342478;-1.7;2.5;-0.1;-2.5;-3.69;88.41;-8486.0;9153.0;9116.0;-8713.0;-197.0;-39.0;34.0;-278.0;-0.61;-1.05;-11.8;-6.08;7.75;-23.56
1753881482.347478;-1.7;2.5;-0.1;-2.5;-3.69;88.41;-8486.0;9153.0;9116.0;-8713.0;-197.0;-39.0;34.0;-278.0;-0.12;0.91;-12.46;1.09;1.17;0.78
1753881482.352478;-1.7;2.5;-0.1;-2.5;-3.69;88.41;-8486.0;9153.0;9116.0;-8713.0;-197.0;-39.0;34.0;-278.0;-0.33;0.17;-12.99;2.56;-2.51;24.06
1753881482.357478;-1.7;2.5;-0.1;-2.5;-3.69;88.41;-8486.0;9153.0;9116.0;-8713.0;-197.0;-39.0;34.0;-278.0;0.04;-1.46;-12.18;0.0;0.93;-15.92
1753881482.362478;-1.7;2.5;-0.1;-2.5;-3.69;88.41;-8486.0;9153.0;9116.0;-8713.0;-197.0;-39.0;34.0;-278.0;0.13;-0.4;-10.4;1.53;6.34;-13.55
1753881482.367478;-1.7;2.5;-0.1;-2.5;-3.69;88.41;-8486.0;9153.0;9116.0;-8713.0;-197.0;-39.0;34.0;-278.0;1.47;0.59;-8.21;3.17;-2.79;30.22
1753881482.372478;-1.7;2.5;-0.1;-2.5;-3.69;88.41;-8486.0;9153.0;9116.0;-8713.0;-197.0;-39.0;34.0;-278.0;1.01;-0.75;-9.96;2.31;0.02;11.62
1753881482.377478;-1.7;2.5;-0.1;-2.5;-3.69;88.41;-8486.0;9153.0;9116.0;-8713.0;-197.0;-39.0;34.0;-278.0;0.64;-1.2;-12.28;3.47;9.7;-41.47
1753881482.382478;-1.7;2.5;-0.1;-2.5;-3.69;88.41;-8486.0;9153.0;9116.0;-8713.0;-197.0;-39.0;34.0;-278.0;1.05;-0.37;-11.79;-7.29;7.2;15.56
1753881482.387478;-1.7;2.5;-0.1;-2.5;-3.69;88.41;-8486.0;9153.0;9116.0;-8713.0;-197.0;-39.0;34.0;-278.0;1.95;-1.45;-12.65;-2.28;-2.57;29.54
1753881482.392478;-1.7;2.5;-0.1;-2.5;-3.69;88.41;-8486.0;9153.0;9116.0;-8713.0;-197.0;-39.0;34.0;-278.0;1.09;-1.55;-11.93;4.37;3.47;-31.31
1753881482.397478;-1.7;2.5;-0.1;-2.5;-3.69;88.41;-8486.0;9153.0;9116.0;-8713.0;-197.0;-39.0;34.0;-278.0;0.86;-0.25;-10.32;-2.98;2.44;-17.19
1753881482.402478;-1.7;2.5;-0.1;-2.5;-3.69;88.41;-8486.0;9153.0;9116.0;-8713.0;-197.0;-39.0;34.0;-278.0;2.2;-0.43;-8.8;2.67;-11.76;20.85
1753881482.407478;-1.7;2.5;-0.1;-2.5;-3.69;88.41;-8486.0;9153.0;9116.0;-8713.0;-197.0;-39.0;34.0;-278.0;2.36;-0.73;-7.93;3.75;-6.6;3.3
1753881482.412478;-1.7;2.6;-0.1;-2.4;-3.44;88.02;-10339.0;8868.0;9360.7;-8344.8;-187.0;-3.7;68.1;-248.3;3.3;-1.43;-7.81;1.72;-16.03;-20.2
1753881482.417478;-1.7;2.6;-0.1;-2.3;-3.67;88.55;-7113.0;9397.1;9076.4;-8573.5;-142.1;-30.8;59.0;-314.8;1.53;-0.73;-7.69;-0.67;-8.1;-13.96
1753881482.422478;-1.8;2.6;-0.1;-2.8;-3.84;88.59;-8464.0;9592.9;8597.4;-9560.7;-169.4;-46.1;39.8;-288.7;2.95;0.58;-7.91;-5.04;-5.53;0.08
1753881482.427478;-1.8;2.5;-0.1;-1.5;-2.82;88.2;-8515.2;9224.4;8466.6;-8816.5;-176.1;-85.6;10.7;-123.6;1.0;0.34;-9.18;10.92;-10.0;52.88
1753881482.432478;-1.8;2.6;-0.1;-1.7;-2.98;88.56;-10615.4;9613.7;9307.0;-8582.2;-206.1;-44.7;37.1;-282.4;2.07;-1.26;-9.57;-1.07;-9.39;-16.2
1753881482.437478;-1.7;2.5;-0.1;-2.4;-3.58;88.02;-9138.9;8991.7;9178.8;-9010.9;-114.4;-36.5;58.1;-181.6;0.74;-0.05;-8.99;1.39;-0.51;16.3
1753881482.442478;-1.8;2.6;-0.1;-2.2;-2.02;88.27;-10118.8;9142.7;9594.4;-9327.2;-127.4;2.6;25.3;-297.6;2.82;0.47;-8.94;4.5;-4.1;-9.16
1753881482.447478;-1.8;2.6;-0.1;-2.2;-2.28;88.66;-9647.7;9387.2;8981.3;-9048.2;-143.7;-42.6;21.4;-172.6;2.38;-0.49;-11.18;6.91;-13.25;7.44
1753881482.452479;-1.7;2.5;-0.1;-2.4;-2.56;88.88;-8382.5;9188.1;9000.0;-9689.5;-126.1;5.2;44.1;-245.6;1.62;-0.68;-7.17;3.65;4.25;34.33
1753881482.457479;-1.7;2.5;-0.1;-1.9;-2.19;88.45;-7764.4;9047.8;9332.3;-8846.0;-146.7;2.6;43.6;-284.6;0.87;0.74;-11.0;6.45;-6.8;-6.26
1753881482.462479;-1.6;2.5;-0.1;-1.4;-2.65;88.67;-8820.8;9032.9;9519.0;-9137.9;-181.8;-26.2;60.8;-140.7;2.36;-0.69;-10.37;3.01;-3.09;-6.07
1753881482.467479;-1.8;2.5;-0.1;-2.1;-2.34;88.1;-8464.0;9126.8;8681.2;-8707.3;-129.7;-35.0;32.2;-164.5;1.13;-0.83;-8.86;-6.4;-8.01;-21.74
1753881482.472479;-1.9;2.5;-0.1;-1.0;-2.82;88.78;-8095.7;9241.1;9351.4;-9036.7;-114.7;35.9;72.4;-111.7;0.68;0.25;-9.48;0.19;-4.15;15.85
1753881482.477479;-1.9;2.6;-0.1;-1.6;-2.46;88.14;-10299.9;8892.6;8982.6;-8980.7;-67.3;-21.4;62.0;-165.9;-0.14;-0.41;-8.97;-1.12;-14.95;9.49
1753881482.482479;-1.8;2.5;-0.1;-1.7;-1.54;88.06;-8030.5;9276.7;9377.7;-9096.2;-81.6;-5.4;59.0;-166.8;1.69;0.47;-8.46;-1.34;5.36;-0.83
1753881482.48748;-1.8;2.5;-0.1;-1.4;-2.16;88.05;-7710.1;8915.7;9108.8;-8880.2;-75.8;27.1;19.3;-130.2;0.98;0.52;-8.37;-5.11;-2.78;-0.65
1753881482.49248;-1.7;2.5;-0.1;-0.7;-1.93;88.14;-7482.2;9190.8;8985.9;-8036.3;-116.6;12.8;58.3;-7.4;0.68;0.88;-10.22;-3.14;10.0;-12.78
1753881482.49748;-1.9;2.5;-0.1;-1.7;-2.28;88.5;-9573.8;9307.8;9331.0;-9073.0;-71.5;-5.5;58.1;-104.2;1.22;0.26;-10.08;-2.08;-6.4;35.72
1753881482.50248;-1.9;2.6;-0.1;-0.8;-2.24;88.17;-8922.5;9053.2;9796.8;-9197.8;-72.4;7.8;-16.9;-84.6;0.88;0.81;-12.82;-6.18;-7.38;-5.43
1753881482.50748;-1.9;2.6;-0.1;-1.9;-1.28;88.16;-9093.8;8996.4;9679.2;-9469.8;-22.8;26.8;36.0;23.8;0.95;-0.69;-12.82;-8.71;-1.9;23.71
1753881482.51248;-1.8;2.5;-0.1;-1.9;-1.84;88.54;-6166.9;9094.0;9022.5;-8959.8;-61.4;33.3;87.6;-109.6;-0.18;0.3;-11.18;4.63;-2.43;-54.08
1753881482.517478;-1.9;2.6;-0.1;-1.2;-1.53;88.39;-8990.0;9263.0;9246.0;-9126.0;-38.0;17.0;29.0;-9.0;0.03;0.41;-10.57;-3.87;-1.28;0.41
1753881482.522478;-1.9;2.6;-0.1;-1.2;-1.53;88.39;-8990.0;9263.0;9246.0;-9126.0;-38.0;17.0;29.0;-9.0;0.61;0.31;-11.07;-2.32;-3.15;1.96
1753881482.527478;-1.9;2.6;-0.1;-1.2;-1.53;88.39;-8990.0;9263.0;9246.0;-9126.0;-38.0;17.0;29.0;-9.0;0.05;0.51;-11.25;0.4;-0.19;-3.87
1753881482.532478;-1.9;2.6;-0.1;-1.2;-1.53;88.39;-8990.0;9263.0;9246.0;-9126.0;-38.0;17.0;29.0;-9.0;0.28;0.2;-10.2;0.31;-1.59;8.0
1753881482.537478;-1.9;2.6;-0.1;-1.2;-1.53;88.39;-8990.0;9263.0;9246.0;-9126.0;-38.0;17.0;29.0;-9.0;0.47;0.56;-9.22;-0.69;4.91;4.87
1753881482.542478;-1.9;2.6;-0.1;-1.2;-1.53;88.39;-8990.0;9263.0;9246.0;-9126.0;-38.0;17.0;29.0;-9.0;0.12;0.36;-10.03;0.04;5.72;-6.69
1753881482.547478;-1.9;2.5;-0.1;-0.5;-1.3;88.38;-8978.3;9244.6;9294.1;-8992.8;-162.7;-24.9;31.7;61.9;-1.01;1.1;-10.61;-1.32;9.92;-14.43
1753881482.552478;-1.9;2.6;-0.1;-1.2;-2.1;88.38;-9120.4;9214.6;9091.8;-9230.5;-15.8;21.4;36.9;-96.3;1.62;0.25;-9.16;1.66;3.03;-17.46
1753881482.557478;-2.0;2.6;-0.1;-1.6;-2.1;88.38;-8957.6;9149.2;9315.0;-9196.8;-146.5;-42.7;24.4;242.1;0.48;0.52;-10.82;3.14;-10.45;28.55
1753881482.562478;-1.8;2.5;-0.1;0.8;-1.49;88.37;-8529.9;9215.0;9264.6;-9051.4;78.3;31.1;18.3;-234.4;1.57;-0.02;-11.27;0.29;-2.67;-11.71
1753881482.567479;-2.1;2.5;-0.1;-2.7;-2.26;88.39;-9104.7;9284.4;9397.5;-8810.7;-159.6;50.1;26.9;78.1;0.65;0.1;-8.77;-0.43;3.12;-14.57
1753881482.572479;-2.1;2.5;-0.1;-1.2;-1.92;88.38;-8479.7;9212.6;9256.2;-9126.6;-62.6;-7.2;27.2;203.6;0.04;-0.81;-13.68;-1.98;10.19;-0.54
1753881482.577479;-2.0;2.6;-0.1;-1.0;-0.45;88.39;-8877.0;9250.9;9185.0;-9141.2;-42.7;17.2;32.0;27.8;-0.11;-0.43;-7.56;-0.71;2.62;-10.93
1753881482.582479;-1.8;2.6;-0.1;-1.0;-1.65;88.39;-9131.9;9292.0;9183.8;-9049.7;114.4;-15.5;30.3;-31.6;1.16;-1.12;-9.87;0.88;-1.84;4.78
1753881482.587479;-2.1;2.6;-0.1;-0.1;-1.35;88.39;-9110.7;9201.5;9250.2;-9121.3;-96.8;-18.1;26.6;133.6;-0.37;1.69;-8.79;1.03;9.86;0.29
1753881482.592479;-2.0;2.6;-0.1;-0.5;-0.62;88.4;-9196.0;9182.4;9421.1;-9257.6;-46.4;-4.3;26.9;8.0;0.33;0.26;-11.29;0.99;0.96;-22.41
1753881482.597479;-1.9;2.6;-0.1;-1.2;-0.29;88.38;-9217.4;9239.5;9230.3;-8991.9;-252.9;4.3;24.1;-68.9;0.4;0.79;-12.11;-4.23;6.19;-5.97
1753881482.60248;-1.9;2.6;-0.1;-0.6;1.65;88.4;-9211.2;9168.3;9298.7;-9114.2;88.5;13.8;27.7;-5.2;-0.03;-0.67;-10.55;5.5;5.32;-41.35
1753881482.60748;-2.0;2.6;-0.1;-1.4;0.22;88.38;-8981.2;9155.5;9181.5;-9233.4;-33.3;48.9;28.6;-87.9;1.23;-1.13;-11.35;0.18;1.67;5.96
1753881482.61248;-2.1;2.6;-0.1;-1.5;-1.23;88.41;-8806.5;9148.3;9326.0;-8950.8;14.6;18.2;27.4;-14.6;1.07;0.41;-7.97;-3.27;7.69;20.64
1753881482.61748;-1.9;2.6;-0.2;-1.4;-0.65;88.38;-9407.6;9180.5;9338.6;-8817.6;37.3;44.6;17.4;67.9;0.46;0.61;-9.88;-0.95;1.65;-7.72
1753881482.62248;-1.8;2.6;-0.1;-1.9;-1.09;88.4;-8897.3;9219.1;9284.0;-9019.0;0.6;35.3;12.6;66.3;0.35;-0.1;-8.37;-0.41;4.04;-17.36
1753881482.62748;-2.0;2.6;-0.1;-0.4;-0.43;88.4;-8793.4;9065.5;9297.3;-8985.1;48.3;23.4;22.9;101.8;1.75;0.32;-7.31;0.83;2.28;-8.02
1753881482.63248;-1.9;2.6;-0.1;-2.5;-2.58;88.39;-9124.9;9162.4;9235.1;-9371.5;-1.4;51.3;16.5;3.8;0.2;0.14;-10.95;2.43;8.16;-68.19
1753881482.63748;-1.9;2.6;-0.1;-1.2;0.67;88.39;-8906.8;9133.7;9157.6;-8970.4;38.1;-3.3;19.8;100.9;0.16;-0.26;-8.49;-1.48;-2.78;-10.31
1753881482.64248;-2.0;2.6;-0.1;0.1;-0.05;88.39;-8859.0;9080.0;9362.5;-9114.6;-58.9;46.1;17.4;108.6;-0.76;1.08;-10.92;-0.8;0.2;-23.8
1753881482.64748;-1.9;2.6;-0.1;-1.5;-1.43;88.4;-9258.7;9171.1;9280.9;-9083.6;-3.7;49.0;17.8;-15.6;0.7;-0.6;-7.56;-3.91;0.69;-23.21
1753881482.65248;-2.0;2.6;-0.1;-1.5;-2.02;88.39;-8535.3;9101.6;9424.1;-8817.8;71.6;11.0;26.6;-127.7;0.25;-0.82;-11.88;-0.93;9.53;-14.73
1753881482.657481;-2.0;2.6;-0.1;-0.4;-1.55;88.4;-8983.0;9128.6;9328.1;-9423.5;-119.6;23.9;15.2;70.7;1.33;-0.11;-9.06;-1.54;-2.14;6.09
1753881482.662481;-1.9;2.6;-0.1;-1.3;-0.98;88.4;-8858.6;9062.0;9203.0;-9241.6;-170.2;-3.5;19.0;152.4;0.92;0.55;-9.22;1.59;1.71;-16.13
1753881482.667481;-1.9;2.6;-0.1;0.4;-1.2;88.4;-9225.8;9182.6;9196.5;-8819.8;-50.7;55.9;13.8;18.1;-0.57;-1.04;-12.2;-2.62;-0.92;-10.73
1753881482.672481;-1.9;2.6;-0.1;-1.8;0.85;88.4;-9087.6;9051.2;9261.0;-9224.4;17.0;10.4;14.6;86.4;0.8;-0.44;-12.44;0.71;1.61;-4.04
1753881482.677481;-2.1;2.6;-0.2;-1.5;-0.35;88.38;-8895.0;9191.6;9298.7;-8845.9;-111.1;62.1;9.5;19.0;0.92;0.04;-10.48;2.84;-9.78;-18.56
1753881482.682481;-2.1;2.6;-0.1;-2.7;0.29;88.39;-9228.9;9052.0;9234.8;-9151.1;-187.7;53.1;15.3;73.4;-1.94;-0.27;-10.47;-3.48;-0.13;-22.5
1753881482.687482;-2.0;2.6;-0.1;-0.1;-0.34;88.38;-9292.0;9083.4;9323.3;-9306.6;3.3;17.2;20.5;-201.8;-0.1;0.17;-11.8;-1.05;-2.93;-2.67
1753881482.692482;-2.0;2.6;-0.1;0.5;-0.87;88.38;-9266.1;9048.2;9303.4;-8958.4;-30.9;1.4;12.9;-28.0;0.32;-0.47;-9.69;0.65;-6.63;30.11
1753881482.697482;-2.1;2.6;-0.1;-1.2;-0.17;88.39;-9162.7;9025.2;9202.9;-8814.4;32.8;35.8;15.5;138.9;1.24;-0.92;-10.64;-0.81;1.76;-2.89
1753881482.702478;-2.0;2.6;-0.1;-1.2;-0.94;88.39;-9026.0;9080.0;9290.0;-9106.0;-63.0;36.0;14.0;-30.0;0.53;-0.34;-9.9;-0.96;-1.45;-8.81
1753881482.707478;-2.0;2.6;-0.1;-1.2;-0.94;88.39;-9026.0;9080.0;9290.0;-9106.0;-63.0;36.0;14.0;-30.0;0.11;-0.11;-9.68;2.53;5.89;-12.1
1753881482.712478;-2.0;2.6;-0.1;-1.2;-0.94;88.39;-9026.0;9080.0;9290.0;-9106.0;-63.0;36.0;14.0;-30.0;0.01;-0.62;-11.13;-3.7;-3.58;21.98
1753881482.717478;-2.0;2.6;-0.1;-1.2;-0.94;88.39;-9026.0;9080.0;9290.0;-9106.0;-63.0;36.0;14.0;-30.0;0.99;-0.81;-10.81;-5.63;-1.77;0.25
1753881482.722478;-2.0;2.6;-0.1;-1.2;-0.94;88.39;-9026.0;9080.0;9290.0;-9106.0;-63.0;36.0;14.0;-30.0;0.33;-0.73;-11.04;2.81;2.54;-16.36
1753881482.727478;-2.0;2.6;-0.1;-1.2;-0.94;88.39;-9026.0;9080.0;9290.0;-9106.0;-63.0;36.0;14.0;-30.0;-0.35;-0.17;-11.45;9.2;-1.01;5.5
1753881482.732478;-2.0;2.6;-0.1;-1.2;-0.94;88.39;-9026.0;9080.0;9290.0;-9106.0;-63.0;36.0;14.0;-30.0;0.83;-0.81;-11.05;-0.01;-5.31;18.21
1753881482.737478;-2.0;2.6;-0.1;-1.2;-0.94;88.39;-9026.0;9080.0;9290.0;-9106.0;-63.0;36.0;14.0;-30.0;1.01;-1.42;-10.31;-1.77;1.62;-13.33
1753881482.742478;-2.0;2.6;-0.1;-1.2;-0.94;88.39;-9026.0;9080.0;9290.0;-9106.0;-63.0;36.0;14.0;-30.0;0.15;-0.17;-10.29;2.77;6.86;-1.9
1753881482.747478;-2.0;2.6;-0.1;-1.2;-0.94;88.39;-9026.0;9080.0;9290.0;-9106.0;-63.0;36.0;14.0;-30.0;0.97;-0.24;-9.42;0.45;1.61;21.24
1753881482.752478;-2.0;2.6;-0.1;-1.2;-0.94;88.39;-9026.0;9080.0;9290.0;-9106.0;-63.0;36.0;14.0;-30.0;1.15;-1.01;-10.16;-1.18;-1.04;-3.69
1753881482.757478;-2.0;2.6;-0.1;-1.2;-0.94;88.39;-9026.0;9080.0;9290.0;-9106.0;-63.0;36.0;14.0;-30.0;-0.85;-0.56;-11.5;2.29;-0.89;-19.69
1753881482.762478;-2.0;2.6;-0.1;-1.2;-0.94;88.39;-9026.0;9080.0;9290.0;-9106.0;-63.0;36.0;14.0;-30.0;0.25;-0.02;-11.5;2.45;-4.19;8.53
1753881482.767478;-2.0;2.6;-0.1;-1.2;-0.94;88.39;-9026.0;9080.0;9290.0;-9106.0;-63.0;36.0;14.0;-30.0;1.17;-0.15;-9.12;-1.54;-0.87;15.56
1753881482.772478;-2.0;2.6;-0.1;-1.2;-0.94;88.39;-9026.0;9080.0;9290.0;-9106.0;-63.0;36.0;14.0;-30.0;-0.7;0.35;-9.68;-0.12;6.55;-12.32
1753881482.777478;-2.0;2.6;-0.1;-1.2;-0.94;88.39;-9026.0;9080.0;9290.0;-9106.0;-63.0;36.0;14.0;-30.0;-0.42;1.01;-10.84;0.31;-3.39;4.73
1753881482.782478;-2.0;2.6;-0.1;-1.2;-0.94;88.39;-9026.0;9080.0;9290.0;-9106.0;-63.0;36.0;14.0;-30.0;0.88;-0.15;-10.85;-0.51;-4.79;-0.04
1753881482.787478;-2.0;2.6;-0.1;-1.2;-0.94;88.39;-9026.0;9080.0;9290.0;-9106.0;-63.0;36.0;14.0;-30.0;-0.41;-0.25;-10.69;-0.06;2.56;-7.31
1753881482.792478;-2.0;2.6;-0.1;-1.2;-0.94;88.39;-9026.0;9080.0;9290.0;-9106.0;-63.0;36.0;14.0;-30.0;-0.88;1.03;-10.95;1.94;1.25;5.7
1753881482.797478;-2.0;2.6;-0.1;-1.2;-0.94;88.39;-9026.0;9080.0;9290.0;-9106.0;-63.0;36.0;14.0;-30.0;0.66;0.6;-10.93;0.32;-4.36;14.19
1753881482.802478;-2.0;2.6;-0.1;-1.2;-0.94;88.39;-9026.0;9080.0;9290.0;-9106.0;-63.0;36.0;14.0;-30.0;-0.17;-0.4;-10.95;-2.08;2.09;-15.28
1753881482.807478;-2.0;2.6;-0.1;-1.2;-0.94;88.39;-9026.0;9080.0;9290.0;-9106.0;-63.0;36.0;14.0;-30.0;-0.99;0.49;-9.89;0.4;4.31;-2.75
1753881482.812478;-2.0;2.6;-0.1;-1.2;-0.94;88.39;-9026.0;9080.0;9290.0;-9106.0;-63.0;36.0;14.0;-30.0;0.05;1.02;-9.48;2.33;-0.76;17.38
1753881482.817478;-2.0;2.6;-0.1;-1.2;-0.94;88.39;-9026.0;9080.0;9290.0;-9106.0;-63.0;36.0;14.0;-30.0;-0.06;0.15;-10.59;2.3;1.86;-5.92
1753881482.822478;-2.0;2.6;-0.1;-1.2;-0.94;88.39;-9026.0;9080.0;9290.0;-9106.0;-63.0;36.0;14.0;-30.0;-1.0;0.14;-11.88;3.62;2.47;-9.37
1753881482.827478;-2.0;2.6;-0.1;-1.2;-0.94;88.39;-9026.0;9080.0;9290.0;-9106.0;-63.0;36.0;14.0;-30.0;0.11;0.36;-9.85;5.53;-0.54;10.41
1753881482.832478;-2.0;2.6;-0.1;-1.2;-0.94;88.39;-9026.0;9080.0;9290.0;-9106.0;-63.0;36.0;14.0;-30.0;0.33;-0.34;-8.32;-0.45;-1.26;13.95
1753881482.837478;-2.0;2.6;-0.1;-1.2;-0.94;88.39;-9026.0;9080.0;9290.0;-9106.0;-63.0;36.0;14.0;-30.0;-0.69;-0.5;-10.84;-6.4;-0.99;-15.51
1753881482.842478;-2.0;2.6;-0.1;-1.2;-0.94;88.39;-9026.0;9080.0;9290.0;-9106.0;-63.0;36.0;14.0;-30.0;-0.38;-0.14;-11.57;-2.78;-3.65;-4.84
1753881482.847478;-2.0;2.6;-0.1;-1.2;-0.94;88.39;-9026.0;9080.0;9290.0;-9106.0;-63.0;36.0;14.0;-30.0;-0.45;-0.28;-10.91;-0.05;-0.79;9.89
1753881482.852478;-2.0;2.6;-0.1;-1.2;-0.94;88.39;-9026.0;9080.0;9290.0;-9106.0;-63.0;36.0;14.0;-30.0;-0.66;-0.59;-9.69;1.73;2.38;-0.88
1753881482.857478;-2.0;2.6;-0.1;-1.2;-0.94;88.39;-9026.0;9080.0;9290.0;-9106.0;-63.0;36.0;14.0;-30.0;-0.35;0.32;-9.36;5.53;3.17;-2.41
1753881482.862478;-2.0;2.6;-0.1;-1.2;-0.94;88.39;-9026.0;9080.0;9290.0;-9106.0;-63.0;36.0;14.0;-30.0;0.12;0.0;-9.53;3.14;-0.35;15.41
1753881482.867478;-2.0;2.6;-0.1;-1.2;-0.94;88.39;-9026.0;9080.0;9290.0;-9106.0;-63.0;36.0;14.0;-30.0;0.52;-1.1;-10.99;-2.88;-0.33;-3.64
1753881482.872478;-2.0;2.6;-0.1;-1.2;-0.94;88.39;-9026.0;9080.0;9290.0;-9106.0;-63.0;36.0;14.0;-30.0;0.56;-0.85;-10.55;-1.27;6.66;-16.87
1753881482.877478;-2.0;2.6;-0.1;-1.2;-0.94;88.39;-9026.0;9080.0;9290.0;-9106.0;-63.0;36.0;14.0;-30.0;0.58;0.24;-11.03;4.79;2.57;12.03
1753881482.882478;-2.0;2.6;-0.1;-1.2;-0.94;88.39;-9026.0;9080.0;9290.0;-9106.0;-63.0;36.0;14.0;-30.0;0.85;-0.29;-11.61;3.21;-0.03;9.58
1753881482.887478;-2.0;2.6;-0.1;-1.2;-0.94;88.39;-9026.0;9080.0;9290.0;-9106.0;-63.0;36.0;14.0;-30.0;0.89;-0.25;-11.66;1.0;1.27;-16.6
1753881482.892478;-2.0;2.6;-0.1;-1.2;-0.94;88.39;-9026.0;9080.0;9290.0;-9106.0;-63.0;36.0;14.0;-30.0;0.91;0.8;-9.28;3.91;-0.59;0.6
1753881482.897478;-2.0;2.6;-0.1;-1.2;-0.94;88.39;-9026.0;9080.0;9290.0;-9106.0;-63.0;36.0;14.0;-30.0;1.44;0.76;-9.22;4.33;-2.28;16.15
1753881482.902478;-2.0;2.6;-0.1;-1.2;-0.94;88.39;-9026.0;9080.0;9290.0;-9106.0;-63.0;36.0;14.0;-30.0;1.54;-0.03;-10.87;1.06;4.55;-11.35
1753881482.907478;-2.0;2.6;-0.1;-1.2;-0.94;88.39;-9026.0;9080.0;9290.0;-9106.0;-63.0;36.0;14.0;-30.0;1.21;0.17;-13.18;-2.73;-2.05;-0.35
1753881482.912478;-2.0;2.6;-0.1;-1.2;-0.94;88.39;-9026.0;9080.0;9290.0;-9106.0;-63.0;36.0;14.0;-30.0;1.47;-0.35;-13.54;-5.05;-5.82;1.55
1753881482.917478;-2.0;2.6;-0.1;-1.2;-0.94;88.39;-9026.0;9080.0;9290.0;-9106.0;-63.0;36.0;14.0;-30.0;1.46;-0.43;-12.46;-1.04;-0.74;-7.21
1753881482.922478;-2.0;2.6;-0.1;-1.2;-0.94;88.39;-9026.0;9080.0;9290.0;-9106.0;-63.0;36.0;14.0;-30.0;0.65;0.67;-9.84;3.31;3.83;2.57
1753881482.927478;-2.0;2.6;-0.1;-1.2;-0.94;88.39;-9026.0;9080.0;9290.0;-9106.0;-63.0;36.0;14.0;-30.0;1.04;1.12;-9.61;4.98;0.41;14.7
1753881482.932478;-2.1;2.6;-0.1;-1.1;-0.64;88.39;-9080.8;9080.0;9170.3;-9101.9;-68.4;36.5;13.2;-30.3;1.61;1.35;-8.54;2.02;0.67;26.68
1753881482.937478;-2.0;2.6;-0.1;-1.1;-0.85;88.39;-8815.8;9080.0;9307.1;-9110.5;-69.3;38.7;29.1;-30.4;1.04;1.93;-11.09;2.6;7.14;30.32
1753881482.942478;-2.1;2.6;-0.1;-0.9;-0.28;88.39;-8954.6;9080.0;9199.6;-9101.5;-72.9;39.7;28.7;-32.7;0.01;0.43;-9.16;7.61;1.41;0.78
1753881482.947478;-2.0;2.6;-0.1;-0.8;-0.6;88.39;-9059.5;9080.0;9322.9;-9115.3;-54.6;38.0;28.6;-30.9;1.32;1.37;-8.99;6.7;3.73;11.07
1753881482.952479;-2.2;2.6;-0.1;-0.7;-0.16;88.39;-9089.6;9080.0;9128.0;-9113.6;-60.9;41.2;15.8;-32.8;0.75;1.64;-10.3;10.56;-0.76;-5.68
1753881482.957479;-2.2;2.6;-0.1;-1.2;-0.38;88.39;-9078.9;9080.0;9145.9;-9083.7;-93.1;39.3;16.5;-33.3;0.4;1.16;-9.87;10.07;-0.75;26.04
1753881482.962479;-2.1;2.6;-0.1;-1.0;0.0;88.39;-8809.9;9080.0;9018.1;-9133.0;-72.8;38.2;25.8;-28.8;0.62;0.9;-10.96;4.02;3.83;9.11
1753881482.967479;-2.1;2.6;-0.1;-0.1;-0.09;88.4;-8960.3;9080.0;9180.5;-9085.6;-81.4;36.5;27.8;-31.2;1.55;0.92;-10.12;-0.91;0.01;11.26
1753881482.972479;-2.2;2.6;-0.1;-0.5;-0.08;88.39;-8938.1;9080.0;9095.1;-9119.4;-71.3;41.5;5.7;-31.0;-0.15;0.79;-8.14;-0.21;-2.02;26.62
1753881482.977479;-2.2;2.6;-0.1;-0.6;0.04;88.39;-8950.4;9080.0;9130.3;-9131.2;-104.2;39.8;29.6;-34.2;1.03;2.15;-9.09;-3.43;2.82;12.87
1753881482.982479;-2.2;2.6;-0.1;-0.6;-0.69;88.4;-9002.7;9080.0;9214.8;-9145.0;-88.9;46.9;25.0;-31.8;-0.63;1.82;-7.75;-1.25;4.42;2.03
1753881482.98748;-2.2;2.6;-0.1;-0.8;0.06;88.39;-8914.6;9080.0;9143.1;-9144.5;-104.6;40.8;42.6;-31.5;1.09;1.2;-7.99;-2.7;1.4;22.62
1753881482.99248;-2.2;2.6;-0.1;-0.6;-0.39;88.39;-8853.0;9080.0;9077.2;-9125.2;-87.5;44.8;59.6;-32.3;0.0;1.27;-8.71;2.98;-1.49;23.89
1753881482.99748;-2.1;2.6;-0.1;-0.7;0.03;88.4;-8792.5;9080.0;9205.0;-9128.9;-57.9;44.6;37.4;-32.9;2.25;1.7;-11.24;1.44;-1.69;10.16
1753881483.00248;-2.2;2.6;-0.1;-0.4;-0.74;88.4;-8875.5;9080.0;9065.9;-9154.6;-110.0;47.4;62.9;-33.9;0.03;2.27;-10.29;3.51;-1.14;17.54
1753881483.00748;-2.1;2.6;-0.1;-0.7;-0.44;88.39;-8910.9;9080.0;8903.3;-9162.0;-95.9;46.3;30.6;-33.9;0.39;2.16;-9.71;2.56;-1.98;36.9
1753881483.01248;-2.3;2.6;-0.1;-0.6;0.3;88.4;-8835.2;9080.0;9074.6;-9161.6;-79.6;41.6;57.6;-34.9;0.09;1.89;-9.43;0.07;2.38;13.13
1753881483.01748;-2.3;2.6;-0.1;-0.5;0.47;88.4;-8947.8;9080.0;9062.8;-9147.0;-102.2;40.4;52.8;-32.9;0.35;1.92;-11.87;-1.72;-2.75;20.64
1753881483.02248;-2.3;2.6;-0.1;-0.7;0.99;88.39;-8817.8;9080.0;9078.3;-9149.7;-108.3;47.7;45.4;-33.9;-0.25;2.33;-11.1;1.87;1.88;20.56
1753881483.02748;-2.3;2.6;-0.1;-0.0;0.33;88.4;-8621.4;9080.0;9061.1;-9138.1;-112.3;44.9;74.8;-36.6;-0.9;1.75;-11.04;0.24;-0.68;16.36
1753881483.03248;-2.2;2.6;-0.1;-0.3;0.04;88.4;-8723.1;9080.0;9039.4;-9214.5;-128.0;46.1;51.7;-32.3;-0.16;2.36;-10.58;4.97;-2.43;23.49
1753881483.03748;-2.3;2.6;-0.1;0.1;0.84;88.4;-8676.3;9080.0;8992.1;-9130.8;-105.0;43.5;56.6;-34.2;1.52;2.91;-9.99;-0.2;-3.43;27.16
1753881483.042481;-2.3;2.6;-0.1;-0.1;1.31;88.4;-8746.5;9080.0;8952.4;-9184.1;-92.4;39.5;43.8;-33.9;0.26;2.64;-11.42;-0.17;-2.89;22.8
1753881483.047481;-2.3;2.6;-0.1;-0.0;0.63;88.39;-8551.6;9080.0;8911.2;-9157.1;-99.3;42.9;71.6;-36.7;0.02;1.97;-10.94;-2.9;-0.72;25.56
1753881483.052481;-2.4;2.6;-0.1;0.3;0.79;88.4;-8720.1;9080.0;9046.8;-9175.1;-119.1;49.9;60.1;-35.4;0.2;2.52;-11.2;-2.38;-0.53;42.61
1753881483.057481;-2.2;2.6;-0.1;-0.1;0.74;88.4;-8636.3;9080.0;8978.4;-9179.9;-153.0;47.9;69.6;-37.2;-0.13;2.72;-10.07;3.45;0.1;19.48
1753881483.062481;-2.3;2.6;-0.1;0.1;0.7;88.4;-8678.9;9080.0;9009.8;-9199.9;-119.5;49.6;66.2;-36.7;-1.64;2.51;-9.21;4.39;-3.05;25.51
1753881483.067478;-2.4;2.6;-0.1;-0.1;0.93;88.4;-8670.0;9080.0;8923.0;-9190.0;-127.0;50.0;67.0;-36.0;0.05;2.05;-11.25;-1.51;-0.89;20.5
1753881483.072478;-2.4;2.6;-0.1;-0.1;0.93;88.4;-8670.0;9080.0;8923.0;-9190.0;-127.0;50.0;67.0;-36.0;-2.23;1.71;-12.92;1.65;3.52;-0.74
1753881483.077478;-2.5;2.6;-0.2;-0.5;-0.37;88.4;-8533.0;9080.0;8924.9;-9182.1;-121.9;41.4;66.5;-35.2;-0.34;3.24;-12.02;0.65;7.38;-10.0
1753881483.082478;-2.4;2.6;-0.1;-0.1;0.93;88.4;-8670.0;9080.0;8923.0;-9190.0;-127.0;50.0;67.0;-36.0;0.27;1.62;-11.29;1.39;5.81;5.61
1753881483.087478;-2.4;2.6;-0.1;-0.1;0.93;88.4;-8670.0;9080.0;8923.0;-9190.0;-127.0;50.0;67.0;-36.0;-1.28;1.4;-11.49;5.27;3.99;12.13
1753881483.092478;-2.4;2.6;-0.1;-0.1;0.93;88.4;-8670.0;9080.0;8923.0;-9190.0;-127.0;50.0;67.0;-36.0;-0.13;1.72;-12.39;-0.41;1.22;-17.28
1753881483.097478;-2.4;2.6;-0.1;-0.1;0.93;88.4;-8670.0;9080.0;8923.0;-9190.0;-127.0;50.0;67.0;-36.0;1.84;0.97;-9.86;-2.97;-3.13;-2.79
1753881483.102478;-2.4;2.6;-0.1;-0.1;0.93;88.4;-8670.0;9080.0;8923.0;-9190.0;-127.0;50.0;67.0;-36.0;-0.9;1.11;-10.8;-0.51;-2.45;17.38
1753881483.107478;-2.4;2.6;-0.1;-0.1;0.93;88.4;-8670.0;9080.0;8923.0;-9190.0;-127.0;50.0;67.0;-36.0;-1.4;0.33;-10.94;3.31;0.12;-7.07
1753881483.112478;-2.4;2.6;-0.1;-0.1;0.93;88.4;-8670.0;9080.0;8923.0;-9190.0;-127.0;50.0;67.0;-36.0;0.48;0.83;-10.92;-2.42;-0.08;-7.25
1753881483.117478;-2.4;2.6;-0.1;-0.1;0.93;88.4;-8670.0;9080.0;8923.0;-9190.0;-127.0;50.0;67.0;-36.0;-0.12;1.53;-11.03;-0.07;-4.49;5.18
1753881483.122478;-2.4;2.6;-0.1;-0.1;0.93;88.4;-8670.0;9080.0;8923.0;-9190.0;-127.0;50.0;67.0;-36.0;-0.83;1.02;-10.46;5.45;3.08;8.76
1753881483.127478;-2.4;2.6;-0.1;-0.1;0.93;88.4;-8670.0;9080.0;8923.0;-9190.0;-127.0;50.0;67.0;-36.0;0.27;0.56;-9.9;5.62;3.14;-7.84
1753881483.132478;-2.4;2.6;-0.1;-0.1;0.93;88.4;-8670.0;9080.0;8923.0;-9190.0;-127.0;50.0;67.0;-36.0;-0.44;1.02;-11.84;-1.24;0.14;-3.53
1753881483.137478;-2.4;2.6;-0.1;-0.1;0.93;88.4;-8670.0;9080.0;8923.0;-9190.0;-127.0;50.0;67.0;-36.0;-1.12;0.73;-12.15;-4.11;0.32;5.73
1753881483.142478;-2.4;2.6;-0.1;-0.1;0.93;88.4;-8670.0;9080.0;8923.0;-9190.0;-127.0;50.0;67.0;-36.0;-0.26;-0.09;-11.15;1.51;2.19;-6.49
1753881483.147478;-2.4;2.6;-0.1;-0.1;0.93;88.4;-8670.0;9080.0;8923.0;-9190.0;-127.0;50.0;67.0;-36.0;-0.48;1.32;-9.76;9.27;3.4;-1.83
1753881483.152478;-2.4;2.6;-0.1;-0.1;0.93;88.4;-8670.0;9080.0;8923.0;-9190.0;-127.0;50.0;67.0;-36.0;-0.81;1.2;-10.59;0.16;-1.49;9.62
1753881483.157478;-2.4;2.6;-0.1;-0.1;0.93;88.4;-8670.0;9080.0;8923.0;-9190.0;-127.0;50.0;67.0;-36.0;-1.35;0.94;-11.8;1.6;4.13;-16.6
1753881483.162478;-2.4;2.6;-0.1;-0.1;0.93;88.4;-8670.0;9080.0;8923.0;-9190.0;-127.0;50.0;67.0;-36.0;-0.78;1.19;-11.68;0.0;-2.16;-7.59
1753881483.167478;-2.4;2.6;-0.1;-0.1;0.93;88.4;-8670.0;9080.0;8923.0;-9190.0;-127.0;50.0;67.0;-36.0;-0.25;1.45;-10.75;-4.25;-4.85;5.25
1753881483.172478;-2.4;2.6;-0.1;-0.1;0.93;88.4;-8670.0;9080.0;8923.0;-9190.0;-127.0;50.0;67.0;-36.0;-1.94;0.79;-11.83;-2.36;0.8;-19.82
1753881483.177478;-2.4;2.6;-0.1;-0.1;0.93;88.4;-8670.0;9080.0;8923.0;-9190.0;-127.0;50.0;67.0;-36.0;-1.04;1.15;-11.2;7.45;6.26;-20.35
1753881483.182478;-2.4;2.6;-0.1;-0.1;0.93;88.4;-8670.0;9080.0;8923.0;-9190.0;-127.0;50.0;67.0;-36.0;0.69;2.0;-9.86;2.85;-5.7;20.49
1753881483.187478;-2.4;2.6;-0.1;-0.1;0.93;88.4;-8670.0;9080.0;8923.0;-9190.0;-127.0;50.0;67.0;-36.0;-0.86;1.1;-10.53;-0.86;-0.8;-21.68
1753881483.192478;-2.4;2.6;-0.1;-0.1;0.93;88.4;-8670.0;9080.0;8923.0;-9190.0;-127.0;50.0;67.0;-36.0;-0.67;1.15;-11.63;-0.38;-0.57;-38.69
1753881483.197478;-2.4;2.6;-0.1;-0.1;0.93;88.4;-8670.0;9080.0;8923.0;-9190.0;-127.0;50.0;67.0;-36.0;1.03;1.53;-8.91;-3.79;-1.78;9.59
1753881483.202478;-2.4;2.6;-0.1;-0.1;0.93;88.4;-8670.0;9080.0;8923.0;-9190.0;-127.0;50.0;67.0;-36.0;0.66;1.16;-9.79;5.14;2.89;9.17
1753881483.207478;-2.4;2.6;-0.1;-0.1;0.93;88.4;-8670.0;9080.0;8923.0;-9190.0;-127.0;50.0;67.0;-36.0;-0.9;0.53;-11.85;5.84;8.38;-41.42
1753881483.212478;-2.4;2.6;-0.1;-0.1;0.93;88.4;-8670.0;9080.0;8923.0;-9190.0;-127.0;50.0;67.0;-36.0;1.16;0.78;-10.97;-0.54;-3.34;-18.98
1753881483.217478;-2.4;2.6;-0.1;-0.1;0.93;88.4;-8670.0;9080.0;8923.0;-9190.0;-127.0;50.0;67.0;-36.0;1.52;0.84;-9.71;-3.91;-8.49;9.31
1753881483.222478;-2.4;2.6;-0.1;-0.1;0.93;88.4;-8670.0;9080.0;8923.0;-9190.0;-127.0;50.0;67.0;-36.0;0.34;-0.14;-9.64;3.37;2.05;-29.89
1753881483.227478;-2.4;2.6;-0.1;-0.1;0.93;88.4;-8670.0;9080.0;8923.0;-9190.0;-127.0;50.0;67.0;-36.0;1.74;-0.05;-8.45;2.49;-1.22;-17.86
1753881483.232478;-2.4;2.6;-0.1;-0.1;0.93;88.4;-8670.0;9080.0;8923.0;-9190.0;-127.0;50.0;67.0;-36.0;1.52;-0.68;-9.42;-5.08;-0.1;-6.58
1753881483.237478;-2.4;2.6;-0.1;-0.1;0.93;88.4;-8670.0;9080.0;8923.0;-9190.0;-127.0;50.0;67.0;-36.0;1.34;-0.16;-9.24;-4.01;-0.14;-37.43
1753881483.242478;-2.4;2.6;-0.1;-0.1;0.93;88.4;-8670.0;9080.0;8923.0;-9190.0;-127.0;50.0;67.0;-36.0;1.63;-0.67;-9.79;-6.14;0.48;-17.85
1753881483.247478;-2.4;2.6;-0.1;-0.1;0.93;88.4;-8670.0;9080.0;8923.0;-9190.0;-127.0;50.0;67.0;-36.0;1.78;0.72;-11.22;-3.8;-2.92;-0.51
1753881483.252478;-2.4;2.6;-0.1;-0.1;0.93;88.4;-8670.0;9080.0;8923.0;-9190.0;-127.0;50.0;67.0;-36.0;-0.23;-0.16;-10.97;-5.43;1.39;-11.52
1753881483.257478;-2.4;2.6;-0.1;-0.1;0.93;88.4;-8670.0;9080.0;8923.0;-9190.0;-127.0;50.0;67.0;-36.0;-0.64;-0.52;-10.28;0.58;5.8;-22.88
1753881483.262478;-2.4;2.6;-0.1;-0.1;0.93;88.4;-8670.0;9080.0;8923.0;-9190.0;-127.0;50.0;67.0;-36.0;1.38;0.58;-8.35;6.98;-3.89;4.3
1753881483.267478;-2.3;2.6;-0.2;-0.2;0.53;88.55;-9258.7;9141.9;8387.3;-9162.0;-73.3;51.8;71.8;-27.8;-0.25;-1.04;-9.29;8.78;-2.01;14.46
1753881483.272478;-2.4;2.6;-0.2;-0.3;0.9;88.31;-8946.2;9391.8;8810.8;-8959.6;-164.8;58.9;63.9;-27.1;-0.18;0.44;-7.69;3.71;-8.9;-21.41
1753881483.277478;-2.4;2.6;-0.1;-0.2;1.12;87.28;-8519.6;9233.4;7804.3;-9059.7;-66.6;46.2;59.1;-34.3;1.62;0.96;-8.47;5.86;-5.96;9.71
1753881483.282478;-2.3;2.6;-0.2;-0.1;0.99;87.65;-8262.5;9085.5;8516.4;-9523.9;-30.0;38.4;62.8;-19.5;0.1;0.48;-8.51;9.78;-2.34;35.37
1753881483.287478;-2.3;2.6;-0.1;-0.2;1.03;88.36;-8583.3;9065.1;8748.1;-9189.1;-5.3;47.4;68.0;-41.5;0.39;-0.93;-5.87;7.58;7.51;11.27
1753881483.292478;-2.4;2.6;-0.1;-0.1;1.04;87.48;-8583.5;9333.5;8536.7;-9497.6;-106.6;45.5;51.0;-24.4;2.89;0.3;-10.04;11.12;-7.11;-9.82
1753881483.297478;-2.3;2.6;-0.2;-0.1;0.91;88.04;-8120.2;9259.7;7999.0;-9546.9;-58.1;54.1;65.9;-54.3;0.62;1.71;-8.2;2.87;-5.31;-28.63
1753881483.302478;-2.4;2.6;-0.2;-0.0;1.05;88.36;-8819.3;9475.7;8578.8;-9348.4;8.6;48.8;66.2;9.6;1.67;0.3;-8.9;5.09;2.14;6.42
1753881483.307479;-2.5;2.6;-0.1;-0.5;1.1;87.68;-7803.5;9495.6;8579.5;-9386.0;1.9;40.5;66.1;-10.0;2.68;1.73;-8.0;-1.5;1.55;-12.14
1753881483.312479;-2.5;2.6;-0.2;-0.1;0.93;87.87;-8089.1;9134.4;8087.7;-9576.1;-65.3;45.9;61.5;3.6;1.19;-0.08;-9.93;14.06;-0.76;11.1
1753881483.317479;-2.4;2.6;-0.1;-0.9;1.12;87.29;-7736.9;9136.1;8156.4;-9377.9;-15.7;47.5;70.2;21.5;0.75;1.62;-6.89;4.28;1.39;8.97
1753881483.322479;-2.5;2.6;-0.2;-0.3;1.11;88.04;-7352.9;9639.1;8606.0;-9681.7;54.3;50.1;66.5;2.4;0.21;0.6;-9.82;-2.73;-5.1;-22.39
1753881483.327479;-2.5;2.6;-0.1;-0.6;1.15;87.82;-8016.5;9348.3;8110.1;-9293.9;-72.6;45.7;59.1;3.8;-0.11;-1.46;-9.12;-6.45;6.47;-8.83
1753881483.332479;-2.4;2.6;-0.2;-0.4;1.27;87.57;-7845.2;9498.6;8302.1;-9610.8;-25.4;38.0;65.5;2.0;0.32;0.49;-9.7;0.25;-2.09;11.34
1753881483.337479;-2.5;2.6;-0.2;-0.5;1.32;88.26;-7390.9;9160.8;7862.9;-9936.2;-95.3;37.3;57.1;4.2;-1.78;1.25;-8.42;0.01;-12.95;7.49
1753881483.34248;-2.5;2.6;-0.2;-0.7;1.27;87.39;-7911.8;9553.7;8107.6;-10107.8;30.7;34.7;60.2;-33.8;0.62;-0.58;-10.98;0.43;-2.85;-30.58
1753881483.34748;-2.5;2.6;-0.2;-0.4;1.26;86.86;-5453.3;9630.6;7680.5;-9575.4;121.7;20.7;58.9;67.5;1.76;-0.72;-9.45;-0.06;1.51;8.54
1753881483.35248;-2.4;2.6;-0.2;-0.3;1.11;87.91;-6576.6;9212.1;8475.0;-9870.9;27.0;31.8;58.9;7.3;2.08;-0.5;-10.61;-0.14;-5.54;-4.61
1753881483.35748;-2.5;2.6;-0.2;-0.6;1.15;86.78;-6487.5;9362.5;8117.5;-9693.5;-14.0;28.8;58.9;39.7;0.02;-0.82;-10.11;3.22;3.22;-23.91
1753881483.36248;-2.5;2.6;-0.2;-0.4;1.19;88.06;-8386.7;9784.1;7927.3;-9942.8;56.0;34.7;61.0;41.6;0.05;0.27;-11.34;-1.63;-6.06;0.06
1753881483.36748;-2.5;2.6;-0.2;-0.6;1.33;86.5;-6291.8;9547.3;7699.6;-9502.1;-49.8;29.8;57.1;5.4;1.07;-0.29;-9.87;2.83;4.74;-18.2
1753881483.37248;-2.5;2.6;-0.2;-0.2;1.39;87.12;-6555.3;9771.8;8024.8;-9682.0;49.6;35.3;57.1;39.1;0.43;0.13;-10.14;1.13;0.58;-41.47
1753881483.37748;-2.5;2.6;-0.2;-0.6;1.22;87.17;-6564.4;9896.0;7428.6;-10181.0;29.2;23.2;61.0;19.2;0.3;0.01;-11.24;1.99;2.35;-23.74
1753881483.38248;-2.5;2.6;-0.2;-0.6;1.3;85.99;-6958.6;9811.3;7900.5;-9958.6;-41.2;38.5;57.5;34.0;-0.11;-0.16;-9.81;-2.88;-3.76;-50.03
1753881483.38748;-2.6;2.6;-0.2;-0.9;1.39;86.75;-6626.2;9684.2;7226.1;-9997.6;62.4;36.8;55.5;37.2;-0.11;-0.87;-9.52;-2.42;6.45;-5.51
1753881483.39248;-2.5;2.6;-0.2;-0.8;1.4;86.4;-8024.0;9820.0;7581.5;-10024.8;70.2;43.3;56.2;63.0;-1.72;0.14;-8.76;-4.81;3.08;-36.05
1753881483.397481;-2.6;2.6;-0.2;-0.5;1.43;86.29;-6784.9;9499.5;8173.2;-9873.1;161.4;32.5;52.8;88.1;0.77;-0.23;-10.06;-2.02;3.66;-31.89
1753881483.402481;-2.6;2.6;-0.2;-0.4;1.39;86.14;-5043.2;9906.6;7399.7;-9635.7;103.2;26.0;59.1;58.8;0.85;0.29;-11.44;1.1;4.05;-34.67
1753881483.407481;-2.5;2.6;-0.2;-0.7;1.36;86.19;-6105.0;9588.0;7501.2;-9598.2;182.2;22.7;53.2;42.4;0.15;-1.04;-11.58;2.29;3.2;-1.18
1753881483.412481;-2.5;2.6;-0.2;-1.1;1.42;85.95;-6121.0;9545.2;7067.2;-9654.2;96.0;19.4;55.7;53.9;2.21;-1.31;-10.41;-1.65;-1.72;-23.74
1753881483.417481;-2.6;2.6;-0.2;-0.7;1.39;86.2;-6123.1;9629.3;7706.6;-10082.8;199.4;25.0;51.7;79.7;1.01;1.0;-9.57;2.61;-0.62;-37.84
1753881483.422481;-2.6;2.6;-0.2;-1.1;1.45;86.06;-5502.9;9753.4;7172.5;-10288.2;27.7;12.2;49.7;7.8;1.6;0.51;-11.58;-7.63;-4.0;-16.67
1753881483.427482;-2.6;2.6;-0.2;-0.9;1.3;85.18;-6232.4;9820.7;7641.1;-10195.0;220.2;32.5;61.6;38.5;1.13;-0.54;-10.01;-8.11;1.33;-41.1
1753881483.432478;-2.6;2.6;-0.2;-1.0;1.41;86.04;-5866.0;9960.0;7140.0;-10086.0;160.0;23.0;54.0;71.0;-0.15;-0.59;-11.67;-3.89;3.62;-27.95
1753881483.437478;-2.6;2.6;-0.2;-1.0;1.41;86.04;-5866.0;9960.0;7140.0;-10086.0;160.0;23.0;54.0;71.0;0.36;-1.63;-10.44;-23.76;-8.79;21.18
1753881483.442478;-2.6;2.6;-0.2;-1.0;1.41;86.04;-5866.0;9960.0;7140.0;-10086.0;160.0;23.0;54.0;71.0;1.46;-2.13;-10.13;-9.57;-2.15;-46.03
1753881483.447478;-2.7;2.6;-0.2;-1.1;1.7;85.84;-1904.1;10134.4;6438.2;-9852.0;184.4;-23.1;50.9;37.7;1.73;-3.7;-8.96;-3.56;0.79;-36.04
1753881483.452478;-2.7;2.6;-0.2;-0.8;1.99;87.49;-4032.5;10001.6;6170.6;-9923.0;122.1;32.6;69.2;-4.8;0.15;-2.24;-9.87;-4.51;-6.19;-65.46
1753881483.457478;-2.5;2.6;-0.2;-0.7;1.54;85.79;-5950.2;9931.0;5329.0;-9965.7;105.6;13.1;45.4;87.5;3.28;-1.56;-11.74;-2.96;-3.01;-39.65
1753881483.462478;-2.5;2.6;-0.2;-0.8;1.8;85.43;-5498.1;10198.2;6322.4;-10183.9;95.0;-1.1;54.3;-2.5;1.83;-1.33;-10.43;-6.54;-0.15;-69.37
1753881483.467478;-2.7;2.6;-0.2;-1.1;1.36;85.36;-5359.4;10038.5;6672.7;-10263.4;39.3;8.0;64.7;94.4;2.24;-1.38;-9.47;-13.78;0.58;-35.7
1753881483.472479;-2.6;2.6;-0.2;-0.7;1.61;86.57;-5421.6;10699.8;8243.8;-9349.7;212.5;27.4;63.8;-37.8;1.04;-1.72;-10.84;-11.1;-2.28;-32.46
1753881483.477479;-2.5;2.6;-0.2;-1.2;1.21;83.94;-3663.9;10363.1;7038.3;-9907.6;75.7;-11.3;39.6;2.9;1.6;-2.28;-10.27;-1.45;-7.95;-6.56
1753881483.482479;-2.5;2.6;-0.2;-0.9;1.12;85.31;-5812.6;9881.4;7043.7;-10227.2;90.0;-31.5;68.4;-26.2;-0.93;-0.87;-9.63;-15.7;-0.31;-35.12
1753881483.487479;-2.6;2.6;-0.2;-0.8;1.87;86.58;-5897.3;9876.1;6644.7;-10458.6;134.7;45.3;38.1;-63.6;0.15;-1.35;-10.53;-3.54;-2.12;-44.34
1753881483.492479;-2.5;2.6;-0.2;-0.7;1.38;82.68;-4843.6;9798.7;6858.0;-9770.4;18.3;14.0;11.6;81.1;1.3;-1.95;-11.93;-11.49;-7.23;-27.94
1753881483.497479;-2.7;2.6;-0.2;-1.1;1.26;87.52;-5163.6;9878.4;5415.7;-9604.6;307.1;16.8;60.6;-12.5;1.75;-1.5;-11.69;-7.76;5.59;-19.43
1753881483.502479;-2.6;2.6;-0.2;-0.8;1.79;86.11;-3881.0;9933.4;4010.8;-9883.7;52.6;-3.5;24.1;17.9;1.93;-0.33;-9.48;-5.65;-1.94;-46.07
1753881483.50748;-2.4;2.6;-0.2;-0.7;1.28;84.3;-805.2;9619.0;6179.3;-9306.8;104.2;17.2;29.0;-26.8;0.25;-0.02;-11.0;-13.28;1.74;-48.84
1753881483.51248;-2.7;2.6;-0.2;-0.4;1.95;83.3;-4865.9;9827.3;7292.0;-10285.6;74.2;-13.5;29.3;-10.3;1.71;-2.15;-10.25;-5.97;0.14;-46.78
1753881483.51748;-2.5;2.6;-0.2;-0.6;1.97;85.57;-6450.6;9503.4;4998.6;-9805.9;260.4;-11.8;43.3;13.8;1.7;-1.07;-9.25;-13.53;0.01;-33.28
1753881483.52248;-2.6;2.6;-0.2;-0.9;2.45;84.99;-3027.0;9129.1;7655.1;-9846.0;86.0;-22.9;36.4;10.5;2.4;0.06;-11.35;-3.76;2.23;-25.58
1753881483.52748;-2.6;2.6;-0.2;-0.4;1.22;84.76;-5481.3;9756.1;4430.1;-10070.4;238.9;-1.3;14.7;4.5;1.26;-0.97;-10.94;-11.25;-7.2;-26.37
1753881483.53248;-2.8;2.6;-0.2;-0.6;1.43;80.81;-4893.1;9731.0;3857.2;-9609.7;-57.9;-32.1;17.3;50.4;1.85;-1.47;-11.91;-5.55;3.81;-6.87
1753881483.53748;-2.7;2.6;-0.2;-0.8;1.75;84.71;-4805.5;9479.7;5294.5;-10571.3;298.4;-17.8;55.8;-52.0;1.2;-0.11;-10.37;-0.59;1.39;-6.93
1753881483.54248;-2.4;2.6;-0.2;-0.7;2.41;85.9;-2643.7;10175.8;7078.1;-9650.9;156.3;-29.6;36.2;-7.7;-0.75;-0.37;-10.45;-4.58;-4.62;-17.07
1753881483.54748;-2.6;2.6;-0.2;0.3;1.79;82.12;-4084.6;9253.5;5803.6;-9801.7;198.1;-25.9;33.9;-30.7;0.33;-1.45;-8.64;-18.99;-6.19;-8.31
1753881483.55248;-2.6;2.6;-0.2;-0.6;2.26;81.64;-4596.2;10171.5;3543.1;-10586.6;235.9;7.6;28.4;-89.5;1.17;-0.5;-10.69;-16.17;-6.8;-36.72
1753881483.55748;-2.8;2.6;-0.2;-0.5;1.66;80.63;-5049.2;10212.9;3655.2;-10535.8;105.5;-25.5;37.6;9.5;1.76;-1.36;-10.36;8.94;-1.14;-24.31
1753881483.562481;-2.7;2.6;-0.2;-0.2;2.33;85.73;-5380.2;9987.7;5437.3;-9989.7;129.5;-54.4;27.8;-39.1;-1.96;-2.56;-10.64;-0.2;-1.44;-16.69
1753881483.567481;-2.6;2.6;-0.2;-0.5;2.16;82.23;-1652.2;10290.7;4929.2;-10188.7;207.1;6.7;15.9;7.6;2.24;-1.13;-8.64;-13.71;3.05;-16.03
1753881483.572481;-2.7;2.6;-0.2;-0.7;2.09;85.07;-3405.1;10027.2;5869.1;-9644.6;137.1;-14.4;31.0;-134.9;1.68;0.57;-11.71;4.1;6.3;-24.12
1753881483.577481;-2.7;2.6;-0.2;-0.6;1.67;82.71;-4924.3;10380.2;5175.8;-10319.1;205.6;-49.0;16.8;-77.0;-0.29;-0.2;-8.32;-20.22;-1.38;-14.91
1753881483.582481;-2.5;2.6;-0.2;-0.4;1.68;79.58;-4100.7;9900.3;6123.7;-10696.3;-9.7;-12.4;16.4;-61.5;0.62;1.68;-9.03;-8.51;-5.65;-35.38
1753881483.587481;-2.7;2.6;-0.2;-0.5;1.79;80.53;-1899.0;9263.7;4057.2;-9851.3;165.1;-62.7;43.9;-71.2;-0.97;0.92;-7.86;10.05;-15.25;-37.75
1753881483.592481;-3.0;2.6;-0.2;-0.2;2.11;81.14;-6924.3;10074.8;5183.3;-9760.1;204.3;-23.3;11.9;-47.2;-0.7;-0.04;-10.96;-11.72;4.26;7.06
1753881483.597482;-2.7;2.6;-0.2;-0.1;2.45;83.73;-2254.2;10906.9;3496.2;-10156.4;63.3;-46.3;18.8;-132.7;1.69;-0.55;-9.39;-7.37;-13.73;-6.78
1753881483.602482;-2.6;2.6;-0.2;0.3;2.25;81.33;-5194.1;10150.7;4617.0;-9727.9;26.3;-41.6;-14.3;-130.5;2.2;1.07;-9.36;-5.13;-3.95;-14.1
1753881483.607482;-2.8;2.6;-0.2;0.3;2.27;81.57;-1011.6;9737.8;5493.5;-9970.0;-35.9;-76.5;44.6;-42.8;1.47;1.11;-9.12;-4.98;2.24;-7.89
1753881483.612482;-2.9;2.6;-0.2;-0.3;1.8;83.3;-2187.5;9662.4;4742.8;-10253.1;314.2;-34.7;17.7;-86.3;-0.23;0.46;-9.17;-6.07;2.23;-60.31
1753881483.617482;-2.7;2.6;-0.2;-0.1;2.38;79.98;-2546.1;10072.6;6794.3;-10553.5;209.6;-49.2;26.5;-192.2;1.06;1.91;-7.42;11.5;-5.71;7.07
1753881483.622482;-3.0;2.6;-0.2;0.4;2.19;81.01;-4243.4;9336.2;4247.9;-10095.9;103.7;-75.6;22.5;-76.2;-0.93;1.2;-9.64;1.16;-4.89;-27.81
1753881483.627482;-2.8;2.6;-0.2;0.4;2.03;86.47;742.0;9869.0;5215.9;-10278.0;129.2;-31.9;16.7;-130.6;-0.13;0.57;-8.68;0.82;-6.58;-1.34
1753881483.632478;-2.8;2.6;-0.2;0.0;2.23;82.11;-2956.0;9950.0;4796.0;-9960.0;162.0;-54.0;16.0;-121.0;0.57;0.77;-9.24;-2.39;-3.02;-13.03
1753881483.637478;-2.8;2.6;-0.2;0.0;2.23;82.11;-2956.0;9950.0;4796.0;-9960.0;162.0;-54.0;16.0;-121.0;-0.37;-0.41;-11.6;-2.34;-2.92;-28.77
1753881483.642478;-2.8;2.6;-0.2;0.0;2.23;82.11;-2956.0;9950.0;4796.0;-9960.0;162.0;-54.0;16.0;-121.0;0.14;-1.1;-12.03;-1.28;3.07;-43.19
1753881483.647478;-2.8;2.6;-0.2;0.0;2.23;82.11;-2956.0;9950.0;4796.0;-9960.0;162.0;-54.0;16.0;-121.0;0.5;0.12;-11.46;2.81;2.26;-19.79
1753881483.652478;-2.8;2.6;-0.2;0.0;2.23;82.11;-2956.0;9950.0;4796.0;-9960.0;162.0;-54.0;16.0;-121.0;0.24;0.21;-10.62;3.65;-1.43;-9.0
1753881483.657478;-2.8;2.6;-0.2;0.0;2.23;82.11;-2956.0;9950.0;4796.0;-9960.0;162.0;-54.0;16.0;-121.0;0.0;-0.76;-10.71;1.86;1.6;-37.47
1753881483.662478;-2.8;2.6;-0.2;0.0;2.23;82.11;-2956.0;9950.0;4796.0;-9960.0;162.0;-54.0;16.0;-121.0;0.78;0.13;-10.35;3.29;3.07;-33.1
1753881483.667478;-2.8;2.6;-0.2;0.0;2.23;82.11;-2956.0;9950.0;4796.0;-9960.0;162.0;-54.0;16.0;-121.0;0.67;0.75;-10.46;2.09;-0.94;-9.39
1753881483.672478;-2.8;2.6;-0.2;0.0;2.23;82.11;-2956.0;9950.0;4796.0;-9960.0;162.0;-54.0;16.0;-121.0;0.18;-0.38;-11.11;1.13;2.1;-32.98
1753881483.677478;-2.8;2.6;-0.2;0.0;2.23;82.11;-2956.0;9950.0;4796.0;-9960.0;162.0;-54.0;16.0;-121.0;0.68;-0.05;-11.13;1.42;2.67;-37.36
1753881483.682478;-2.8;2.6;-0.2;0.0;2.23;82.11;-2956.0;9950.0;4796.0;-9960.0;162.0;-54.0;16.0;-121.0;0.93;0.35;-10.78;0.12;-1.03;-16.47
1753881483.687478;-2.8;2.6;-0.2;0.0;2.23;82.11;-2956.0;9950.0;4796.0;-9960.0;162.0;-54.0;16.0;-121.0;0.62;0.15;-10.0;1.97;-0.16;-18.73
1753881483.692478;-2.8;2.6;-0.2;0.0;2.23;82.11;-2956.0;9950.0;4796.0;-9960.0;162.0;-54.0;16.0;-121.0;0.86;-0.11;-9.82;-4.05;0.94;-32.7
1753881483.697478;-2.8;2.6;-0.2;0.0;2.23;82.11;-2956.0;9950.0;4796.0;-9960.0;162.0;-54.0;16.0;-121.0;0.98;0.57;-11.1;-4.84;-2.1;-28.31
1753881483.702478;-2.8;2.6;-0.2;0.0;2.23;82.11;-2956.0;9950.0;4796.0;-9960.0;162.0;-54.0;16.0;-121.0;0.3;-0.13;-11.92;-3.04;-0.82;-25.99
1753881483.707478;-2.8;2.6;-0.2;0.0;2.23;82.11;-2956.0;9950.0;4796.0;-9960.0;162.0;-54.0;16.0;-121.0;-0.14;-0.01;-11.61;3.99;4.18;-32.76
1753881483.712478;-2.8;2.6;-0.2;0.0;2.23;82.11;-2956.0;9950.0;4796.0;-9960.0;162.0;-54.0;16.0;-121.0;0.69;0.93;-10.41;2.83;-0.04;-11.06
1753881483.717478;-2.8;2.6;-0.2;0.0;2.23;82.11;-2956.0;9950.0;4796.0;-9960.0;162.0;-54.0;16.0;-121.0;0.65;0.26;-10.36;0.13;-1.95;-22.94
1753881483.722478;-2.8;2.6;-0.2;0.0;2.23;82.11;-2956.0;9950.0;4796.0;-9960.0;162.0;-54.0;16.0;-121.0;-0.01;-0.32;-10.3;0.8;3.16;-38.87
1753881483.727478;-2.8;2.6;-0.2;0.0;2.23;82.11;-2956.0;9950.0;4796.0;-9960.0;162.0;-54.0;16.0;-121.0;-0.12;0.58;-9.96;1.09;3.85;-20.66
1753881483.732478;-2.8;2.6;-0.2;0.0;2.23;82.11;-2956.0;9950.0;4796.0;-9960.0;162.0;-54.0;16.0;-121.0;0.31;0.82;-10.9;0.95;-0.8;-15.7
1753881483.737478;-2.8;2.6;-0.2;0.0;2.23;82.11;-2956.0;9950.0;4796.0;-9960.0;162.0;-54.0;16.0;-121.0;0.21;-0.04;-11.61;0.24;0.32;-36.82
1753881483.742478;-2.8;2.6;-0.2;0.0;2.23;82.11;-2956.0;9950.0;4796.0;-9960.0;162.0;-54.0;16.0;-121.0;0.0;0.0;-11.07;2.26;1.3;-31.6
1753881483.747478;-2.8;2.6;-0.2;0.0;2.23;82.11;-2956.0;9950.0;4796.0;-9960.0;162.0;-54.0;16.0;-121.0;0.55;0.84;-8.95;1.96;0.55;-10.29
1753881483.752478;-2.8;2.6;-0.2;0.0;2.23;82.11;-2956.0;9950.0;4796.0;-9960.0;162.0;-54.0;16.0;-121.0;0.79;0.18;-8.13;-0.87;0.14;-21.02
1753881483.757478;-2.8;2.6;-0.2;0.0;2.23;82.11;-2956.0;9950.0;4796.0;-9960.0;162.0;-54.0;16.0;-121.0;0.44;0.11;-10.18;-1.8;-1.22;-37.56
1753881483.762478;-2.8;2.6;-0.2;0.0;2.23;82.11;-2956.0;9950.0;4796.0;-9960.0;162.0;-54.0;16.0;-121.0;0.8;0.26;-10.63;0.0;-0.74;-28.19
1753881483.767478;-2.8;2.6;-0.2;0.0;2.23;82.11;-2956.0;9950.0;4796.0;-9960.0;162.0;-54.0;16.0;-121.0;0.65;0.0;-10.21;0.93;0.48;-14.32
1753881483.772478;-2.8;2.6;-0.2;0.0;2.23;82.11;-2956.0;9950.0;4796.0;-9960.0;162.0;-54.0;16.0;-121.0;0.42;0.29;-10.44;1.05;0.69;-28.29
1753881483.777478;-2.8;2.6;-0.2;0.0;2.23;82.11;-2956.0;9950.0;4796.0;-9960.0;162.0;-54.0;16.0;-121.0;0.08;0.71;-10.72;0.32;-0.9;-29.68
1753881483.782478;-2.8;2.6;-0.2;0.0;2.23;82.11;-2956.0;9950.0;4796.0;-9960.0;162.0;-54.0;16.0;-121.0;0.72;0.63;-9.95;1.83;0.42;-21.3
1753881483.787478;-2.8;2.6;-0.2;0.0;2.23;82.11;-2956.0;9950.0;4796.0;-9960.0;162.0;-54.0;16.0;-121.0;-0.01;0.93;-10.22;2.85;3.65;-25.91
1753881483.792478;-2.8;2.6;-0.2;0.0;2.23;82.11;-2956.0;9950.0;4796.0;-9960.0;162.0;-54.0;16.0;-121.0;-0.17;1.33;-10.5;-1.69;2.16;-29.74
1753881483.797478;-2.8;2.6;-0.2;0.0;2.23;82.11;-2956.0;9950.0;4796.0;-9960.0;162.0;-54.0;16.0;-121.0;0.43;1.24;-10.72;-2.12;2.57;-30.93
1753881483.802478;-2.8;2.6;-0.2;0.0;2.23;82.11;-2956.0;9950.0;4796.0;-9960.0;162.0;-54.0;16.0;-121.0;0.76;1.02;-11.13;2.18;0.9;-27.28
1753881483.807478;-2.8;2.6;-0.2;0.0;2.23;82.11;-2956.0;9950.0;4796.0;-9960.0;162.0;-54.0;16.0;-121.0;0.21;1.51;-11.39;2.73;0.52;-23.62
1753881483.812478;-2.8;2.6;-0.2;0.0;2.23;82.11;-2956.0;9950.0;4796.0;-9960.0;162.0;-54.0;16.0;-121.0;0.88;1.23;-9.7;-2.72;-0.12;-22.73
1753881483.817478;-2.8;2.6;-0.2;0.0;2.23;82.11;-2956.0;9950.0;4796.0;-9960.0;162.0;-54.0;16.0;-121.0;0.82;0.66;-10.71;-1.72;1.26;-35.88
1753881483.822478;-2.8;2.6;-0.2;0.0;2.23;82.11;-2956.0;9950.0;4796.0;-9960.0;162.0;-54.0;16.0;-121.0;0.41;0.7;-11.96;-0.33;-0.24;-25.39
1753881483.827478;-2.8;2.6;-0.2;0.0;2.23;82.11;-2956.0;9950.0;4796.0;-9960.0;162.0;-54.0;16.0;-121.0;0.13;0.62;-10.99;-0.8;0.52;-22.36
1753881483.832478;-2.8;2.6;-0.2;0.0;2.23;82.11;-2956.0;9950.0;4796.0;-9960.0;162.0;-54.0;16.0;-121.0;0.76;0.36;-10.1;-0.03;1.71;-29.66
1753881483.837478;-2.8;2.6;-0.2;0.0;2.23;82.11;-2956.0;9950.0;4796.0;-9960.0;162.0;-54.0;16.0;-121.0;0.37;0.29;-11.3;4.0;-2.01;-20.85
1753881483.842478;-2.8;2.6;-0.2;-0.4;2.2;84.95;-2895.4;9990.0;4672.0;-9980.9;198.8;-103.2;-31.2;-116.8;0.09;0.97;-11.26;2.56;-0.49;-16.19
1753881483.847478;-2.7;2.6;-0.2;0.1;2.27;80.34;-2777.0;9950.0;4752.8;-9987.6;148.1;-45.4;170.6;-107.6;0.17;0.37;-10.22;5.41;-1.37;-25.54
1753881483.852478;-2.8;2.6;-0.2;-0.0;2.17;81.57;-2936.3;9972.0;5056.7;-9963.5;143.9;-33.5;149.9;-192.0;0.21;-0.1;-11.59;1.96;-1.18;-28.97
1753881483.857478;-2.8;2.6;-0.2;-0.1;2.34;82.73;-2657.0;9940.7;4995.5;-9969.4;173.0;-72.6;31.6;-123.7;0.7;0.41;-10.33;5.97;-1.81;-26.89
1753881483.862478;-2.9;2.6;-0.2;0.4;2.05;85.67;-2874.7;9983.5;5047.2;-9927.2;158.9;-22.6;34.1;-159.4;-0.48;-0.48;-11.04;0.82;-0.54;-19.8
1753881483.867478;-2.8;2.6;-0.2;-0.1;2.16;79.04;-3152.5;9917.9;4813.9;-9954.5;186.2;-5.1;183.4;-171.3;0.78;-0.08;-11.38;6.92;-2.58;-20.86
1753881483.872479;-2.9;2.6;-0.2;-0.3;2.17;77.02;-2827.1;9975.1;5372.6;-10018.4;172.5;-66.3;126.3;-200.3;0.63;0.43;-11.94;-0.15;-3.79;-30.82
1753881483.877479;-2.9;2.6;-0.2;0.0;1.88;74.61;-2840.1;9974.6;5059.6;-9938.8;180.0;-63.2;30.4;-132.8;0.5;0.12;-11.37;2.79;-0.88;-28.74
1753881483.882479;-2.9;2.7;-0.2;-0.4;2.11;79.14;-2658.9;9993.7;4996.1;-9990.8;191.0;-70.7;135.9;-167.6;0.34;0.95;-12.2;2.85;-2.57;-22.66
1753881483.887479;-2.9;2.6;-0.2;-0.3;2.13;76.93;-2551.5;9994.7;5454.4;-9974.0;190.0;-59.3;52.0;-172.8;0.4;0.13;-9.14;2.22;-1.42;-29.04
1753881483.892479;-2.8;2.7;-0.2;-0.1;2.25;77.13;-2944.4;10033.3;4955.0;-10016.9;181.0;-60.8;85.9;-137.0;0.42;-0.15;-8.95;6.5;-1.7;-8.81
1753881483.897479;-2.8;2.6;-0.2;-0.2;1.78;79.66;-2633.8;9954.5;4964.2;-9992.0;154.8;-121.0;154.8;-223.1;0.14;0.15;-9.6;3.9;-1.52;-19.26
1753881483.90248;-2.9;2.6;-0.2;-0.1;2.13;79.12;-2547.6;9983.1;5328.5;-10020.0;220.4;-101.2;172.5;-125.0;1.29;0.41;-10.53;5.1;-0.76;-32.32
1753881483.90748;-2.9;2.6;-0.2;-0.6;1.95;78.38;-2546.4;9972.7;5233.2;-9996.2;197.0;-101.8;75.0;-165.1;0.97;0.37;-10.8;5.59;-1.72;-16.81
1753881483.91248;-2.8;2.6;-0.2;-0.5;1.99;76.0;-2721.3;9967.2;5406.6;-9990.0;176.6;-89.8;83.9;-194.2;0.23;-0.04;-11.25;4.35;-1.48;-25.32
1753881483.91748;-2.8;2.7;-0.2;0.0;2.01;77.16;-2695.5;9985.8;5309.4;-9993.3;223.4;-124.7;34.4;-159.8;0.73;0.18;-11.15;0.33;-1.41;-15.84
1753881483.92248;-2.9;2.6;-0.2;-0.4;1.92;76.23;-2937.8;9993.7;5265.2;-10030.5;195.0;-88.9;215.1;-181.5;1.23;-0.57;-10.47;6.98;-2.07;-35.45
1753881483.92748;-2.9;2.7;-0.2;-0.6;2.06;78.38;-2729.4;10020.7;5318.2;-10025.0;220.3;-118.5;137.2;-148.2;0.03;-0.1;-10.29;1.56;-0.6;-25.83
1753881483.93248;-2.9;2.6;-0.2;-0.5;1.81;76.29;-2695.2;10023.7;5351.4;-10025.0;244.1;-110.0;99.5;-194.9;0.35;-0.35;-11.04;6.72;-1.04;-28.78
1753881483.93748;-2.9;2.6;-0.2;-0.5;1.98;75.27;-2632.3;10015.4;5655.1;-10008.8;220.9;-83.7;57.0;-108.1;0.79;-0.05;-9.22;4.92;-2.31;-22.22
1753881483.94248;-2.9;2.7;-0.2;-0.2;1.76;73.49;-2474.4;9996.0;5268.7;-10033.1;208.6;-99.5;225.3;-162.0;0.53;-0.3;-10.38;3.8;-0.91;-26.43
1753881483.94748;-2.9;2.7;-0.2;-0.3;1.84;78.41;-2923.1;10013.7;5157.5;-10033.2;221.3;-107.1;190.0;-215.5;0.54;0.19;-10.47;3.98;-1.17;-29.38
1753881483.95248;-2.9;2.6;-0.2;-0.7;1.99;73.65;-2628.3;10022.5;5493.6;-10027.2;221.8;-119.0;280.7;-196.2;1.04;-0.36;-12.05;5.4;-1.88;-12.43
1753881483.957481;-2.9;2.6;-0.2;-0.1;1.79;76.2;-2451.6;10035.8;5211.2;-10035.1;227.0;-103.4;266.4;-253.2;0.7;0.25;-9.13;3.85;-2.61;-25.5
1753881483.962481;-2.9;2.7;-0.2;-0.6;1.56;74.77;-2669.3;9988.3;5732.6;-10024.3;256.2;-113.5;225.2;-189.5;1.32;-0.28;-10.46;3.25;-1.36;-25.46
1753881483.967481;-2.9;2.7;-0.2;-1.0;1.72;73.41;-2414.4;10039.1;5409.7;-10030.4;220.9;-96.9;212.3;-218.9;0.52;-0.53;-8.7;10.4;-1.35;-31.3
1753881483.972481;-2.9;2.7;-0.2;-0.6;1.72;73.55;-2437.8;10013.9;5739.7;-10056.9;222.0;-119.6;65.6;-197.1;1.16;-0.98;-9.78;4.82;-0.62;-28.09
1753881483.977481;-2.9;2.7;-0.2;-0.6;1.83;73.44;-2628.2;10042.3;5364.0;-10030.4;236.0;-181.9;319.1;-232.0;1.09;-0.71;-9.6;0.94;-0.76;-35.49
1753881483.982481;-2.9;2.6;-0.2;-0.5;1.65;72.59;-2374.7;10047.1;5533.5;-10061.5;235.3;-162.9;163.4;-199.5;0.16;-0.36;-11.11;-1.64;2.02;-31.91
1753881483.987481;-2.9;2.6;-0.2;-0.7;1.57;71.82;-2468.8;10049.6;5578.3;-10048.2;213.5;-158.0;194.1;-247.7;0.88;-0.57;-10.97;2.91;-0.35;-22.61
1753881483.992482;-3.0;2.7;-0.2;-0.9;1.47;72.15;-2389.4;10019.9;5744.9;-10091.5;246.9;-142.9;203.4;-213.7;1.08;-0.6;-9.87;3.47;1.06;-31.76
1753881483.997482;-3.0;2.7;-0.2;-0.5;1.84;71.3;-2603.1;10033.4;5756.1;-10072.7;217.9;-159.1;266.5;-233.5;1.32;0.46;-9.83;2.32;-0.16;-29.1
1753881484.002482;-3.0;2.7;-0.2;-0.7;1.82;70.48;-2324.1;10072.8;5814.1;-10003.5;271.2;-168.9;287.7;-227.4;1.26;-0.32;-9.15;1.75;1.1;-32.77
1753881484.007482;-3.0;2.7;-0.2;-1.1;1.53;75.28;-2057.8;10064.8;5884.5;-10066.9;262.1;-182.6;217.2;-216.9;1.15;0.7;-9.47;1.94;-1.47;-35.61
1753881484.012478;-3.0;2.7;-0.2;-0.8;1.55;71.9;-2343.0;10050.0;5703.0;-10076.0;254.0;-171.0;284.0;-231.0;1.11;-0.38;-9.87;4.15;0.26;-31.36
1753881484.017478;-3.0;2.7;-0.2;-0.8;1.55;71.9;-2343.0;10050.0;5703.0;-10076.0;254.0;-171.0;284.0;-231.0;1.1;0.4;-10.23;2.89;-1.38;-26.0
1753881484.022478;-3.0;2.7;-0.2;-0.8;1.55;71.9;-2343.0;10050.0;5703.0;-10076.0;254.0;-171.0;284.0;-231.0;0.93;0.06;-10.21;1.35;0.05;-9.2
1753881484.027478;-3.0;2.7;-0.2;-0.8;1.55;71.9;-2343.0;10050.0;5703.0;-10076.0;254.0;-171.0;284.0;-231.0;0.62;-0.24;-10.85;2.28;4.39;-36.14
1753881484.032478;-3.0;2.7;-0.2;-0.8;1.55;71.9;-2343.0;10050.0;5703.0;-10076.0;254.0;-171.0;284.0;-231.0;0.63;0.47;-11.11;1.54;1.34;-27.03
1753881484.037478;-3.0;2.7;-0.2;-0.8;1.55;71.9;-2343.0;10050.0;5703.0;-10076.0;254.0;-171.0;284.0;-231.0;0.29;0.45;-11.1;-1.37;-1.77;-11.23
1753881484.042478;-3.0;2.7;-0.2;-0.8;1.55;71.9;-2343.0;10050.0;5703.0;-10076.0;254.0;-171.0;284.0;-231.0;0.2;-0.5;-9.51;-1.71;6.94;-30.16
1753881484.047478;-3.0;2.7;-0.2;-0.6;1.52;80.01;-3266.2;10155.9;6185.6;-9843.6;173.4;-228.1;95.2;-81.9;0.65;-1.19;-8.98;0.12;6.65;-38.57
1753881484.052478;-3.1;2.7;-0.2;-0.6;1.24;75.95;-2259.0;9938.7;6015.6;-9940.0;261.7;-151.9;294.1;-250.6;0.63;-0.53;-8.54;-1.28;6.43;-27.31
1753881484.057478;-2.9;2.6;-0.2;-0.1;1.82;75.11;-2142.8;10016.0;4974.9;-10111.1;275.7;-253.3;144.9;-267.1;-0.23;-0.87;-8.85;-1.21;5.96;-25.67
1753881484.062478;-2.9;2.6;-0.2;-0.8;2.04;73.7;-3533.5;10083.0;6282.9;-9658.7;151.5;-64.7;478.3;-163.1;0.29;-0.33;-10.29;-2.11;8.03;-27.45
1753881484.067479;-2.9;2.7;-0.2;-0.8;1.26;71.47;-3420.3;9928.4;5901.2;-10166.8;257.3;-152.8;481.9;-181.2;-0.85;-1.78;-9.4;-1.6;9.0;-29.8
1753881484.072479;-2.8;2.7;-0.2;-1.1;1.61;70.32;-2822.5;10149.4;5823.9;-9136.9;161.4;-104.9;462.5;-194.5;-0.05;-2.14;-9.59;-4.01;8.62;-20.19
1753881484.077479;-3.0;2.6;-0.2;-0.9;1.07;69.73;-3049.9;9701.6;6978.2;-10389.6;176.9;-85.8;420.3;-216.2;-0.51;-0.75;-9.1;-4.6;12.99;-27.27
1753881484.082479;-3.1;2.7;-0.2;-0.7;1.25;74.36;-2748.5;9986.8;6086.2;-9810.8;300.5;-44.4;315.1;-234.2;0.08;-0.91;-10.0;1.55;8.85;-27.43
1753881484.087479;-3.0;2.7;-0.2;-1.2;2.11;82.61;-3619.5;10012.2;5585.3;-9205.0;108.1;-52.1;386.9;-180.6;0.43;-0.96;-9.5;-0.4;7.82;-29.04
1753881484.092479;-3.2;2.7;-0.2;-1.2;1.49;64.24;-2972.4;9905.0;6853.0;-10067.8;211.9;-179.3;337.9;-115.0;-0.64;-0.42;-10.23;-5.18;12.12;-19.21
1753881484.097479;-3.1;2.7;-0.2;-1.0;1.91;62.18;-3479.8;10018.6;5569.1;-9619.5;277.0;-114.9;442.0;-207.2;-1.08;-0.5;-9.63;-1.72;9.19;-26.45
1753881484.10248;-2.8;2.7;-0.2;-0.7;1.24;70.23;-3229.4;9962.1;6164.8;-9715.2;136.6;4.6;118.7;-171.0;-0.4;-0.87;-8.74;-1.78;10.77;-27.84
1753881484.10748;-3.2;2.7;-0.2;-0.5;1.47;66.19;-2875.4;9954.5;6955.7;-9173.1;66.0;-223.9;338.6;-131.8;-0.58;-1.2;-8.36;-6.69;11.31;-25.35
1753881484.11248;-3.0;2.8;-0.2;-1.2;1.77;83.8;-3859.1;9846.2;5164.0;-9382.3;148.1;-86.5;125.0;-143.5;-0.77;-0.45;-9.5;-4.64;7.99;-28.8
1753881484.11748;-3.0;2.8;-0.2;-0.4;1.2;62.33;-4149.7;9895.7;6184.3;-9425.7;70.6;-109.4;370.7;-49.9;-0.56;-1.67;-10.1;-6.42;14.69;-36.25
1753881484.12248;-2.9;2.7;-0.2;-1.5;1.37;78.19;-3735.5;9834.1;8587.8;-9045.6;143.3;-162.2;311.8;-149.7;0.01;-1.11;-9.02;0.19;15.62;-18.44
1753881484.12748;-2.9;2.7;-0.2;-1.0;1.16;56.56;-3068.6;9903.6;5983.3;-9033.6;96.1;-142.1;190.8;-79.1;-0.92;-0.55;-8.4;-1.83;11.27;-27.56
1753881484.13248;-3.0;2.7;-0.2;-1.2;1.09;71.15;-3428.0;9694.2;7133.0;-8763.0;99.8;-40.8;315.8;-151.1;-0.32;0.27;-9.29;-4.65;14.6;-3.32
1753881484.13748;-3.2;2.7;-0.2;-0.5;0.79;74.98;-3430.5;9797.4;7227.4;-8971.3;154.0;-25.0;443.6;-35.5;-0.42;-2.08;-8.35;-4.49;4.42;-19.54
1753881484.14248;-3.1;2.6;-0.2;-1.2;1.41;56.55;-5490.3;9743.1;7036.7;-9407.5;65.9;-44.5;597.3;-153.9;-1.03;-2.06;-9.1;-4.39;8.74;-14.88
1753881484.14748;-3.0;2.7;-0.2;-0.3;0.78;64.95;-4377.7;9715.6;6748.1;-8620.1;64.5;-41.0;217.1;-179.3;-0.05;-1.06;-9.68;-9.37;13.44;-26.69
1753881484.15248;-3.0;2.7;-0.2;-0.1;0.89;68.06;-3443.8;9821.2;5816.4;-8765.3;241.3;7.0;291.3;-86.5;-1.06;-1.53;-8.57;-4.92;10.86;-30.35
1753881484.157481;-3.2;2.7;-0.2;-1.6;1.79;68.12;-5128.3;9740.0;6872.0;-9002.6;60.9;41.2;492.3;-117.8;-0.09;-1.43;-8.49;-7.62;9.96;-17.63
1753881484.162481;-3.1;2.7;-0.2;-1.0;1.09;62.56;-5111.1;9857.5;7116.2;-8364.9;170.8;-157.9;285.7;-169.9;-0.58;-1.25;-10.01;-6.51;11.87;-17.31
1753881484.167481;-3.1;2.7;-0.2;-0.8;1.0;70.53;-4921.6;9794.9;6477.1;-8829.0;171.2;-59.1;623.0;-110.4;-0.41;-0.28;-7.36;-6.11;12.55;-15.08
1753881484.172481;-2.9;2.8;-0.2;-0.6;1.29;70.78;-4155.1;9556.6;8139.0;-9037.7;34.0;-111.8;537.2;-160.5;-0.47;-2.07;-8.38;-3.73;13.74;-27.3
1753881484.177481;-3.1;2.7;-0.2;-1.4;1.52;61.5;-5507.6;9700.8;6710.7;-8180.0;104.8;-51.2;296.7;-32.3;-0.48;-2.48;-7.91;-6.53;14.38;-16.57
1753881484.182481;-3.1;2.7;-0.2;-1.1;1.3;64.05;-5306.9;9604.9;7244.9;-9265.5;43.2;2.4;587.7;-75.9;-1.09;-1.89;-8.44;-5.58;7.24;-23.03
1753881484.187482;-3.2;2.7;-0.2;-1.6;1.31;70.62;-4447.7;9644.8;5913.6;-8115.3;135.4;-90.2;494.0;-136.2;-1.34;-2.5;-8.18;-5.45;15.57;-31.04
1753881484.192478;-3.1;2.7;-0.2;-1.0;1.31;66.87;-4950.0;9630.0;7333.0;-8523.0;51.0;-5.0;405.0;-71.0;-0.72;-1.33;-8.73;-6.21;12.79;-21.4
1753881484.197478;-3.1;2.7;-0.2;-1.0;1.31;66.87;-4950.0;9630.0;7333.0;-8523.0;51.0;-5.0;405.0;-71.0;0.02;2.54;-11.13;34.14;4.05;-26.56
1753881484.202478;-3.1;2.7;-0.2;-1.0;1.31;66.87;-4950.0;9630.0;7333.0;-8523.0;51.0;-5.0;405.0;-71.0;-0.12;0.88;-12.82;4.94;-13.85;99.93
1753881484.207478;-3.1;2.7;-0.2;-1.0;1.31;66.87;-4950.0;9630.0;7333.0;-8523.0;51.0;-5.0;405.0;-71.0;-1.99;-0.44;-12.53;-5.47;2.22;-7.19
1753881484.212478;-3.1;2.7;-0.2;-1.0;1.31;66.87;-4950.0;9630.0;7333.0;-8523.0;51.0;-5.0;405.0;-71.0;0.34;-1.45;-10.82;0.07;8.42;-103.63
1753881484.217478;-3.1;2.7;-0.2;-1.0;1.31;66.87;-4950.0;9630.0;7333.0;-8523.0;51.0;-5.0;405.0;-71.0;0.8;-0.65;-9.54;-5.78;-5.92;15.1
1753881484.222478;-3.1;2.7;-0.2;-1.0;1.31;66.87;-4950.0;9630.0;7333.0;-8523.0;51.0;-5.0;405.0;-71.0;-1.55;-0.35;-6.96;-1.29;-7.45;86.59
1753881484.227478;-3.1;2.7;-0.2;-1.0;1.31;66.87;-4950.0;9630.0;7333.0;-8523.0;51.0;-5.0;405.0;-71.0;-0.64;-0.58;-5.13;3.69;2.66;-48.05
1753881484.232478;-3.1;2.7;-0.2;-1.0;1.31;66.87;-4950.0;9630.0;7333.0;-8523.0;51.0;-5.0;405.0;-71.0;-0.63;1.13;-5.24;10.11;9.7;-28.27
1753881484.237478;-3.1;2.7;-0.2;-1.0;1.31;66.87;-4950.0;9630.0;7333.0;-8523.0;51.0;-5.0;405.0;-71.0;-2.21;1.64;-6.86;6.59;-0.08;52.58
1753881484.242478;-3.1;2.7;-0.2;-1.0;1.31;66.87;-4950.0;9630.0;7333.0;-8523.0;51.0;-5.0;405.0;-71.0;-0.07;-0.36;-9.71;-6.86;-2.28;11.51
1753881484.247478;-3.1;2.7;-0.2;-1.0;1.31;66.87;-4950.0;9630.0;7333.0;-8523.0;51.0;-5.0;405.0;-71.0;0.31;-0.79;-11.76;-8.94;-5.0;-52.43
1753881484.252478;-3.1;2.7;-0.2;-1.0;1.31;66.87;-4950.0;9630.0;7333.0;-8523.0;51.0;-5.0;405.0;-71.0;-0.15;-3.51;-8.23;-8.73;-8.14;-11.26
1753881484.257478;-3.1;2.7;-0.2;-1.0;1.31;66.87;-4950.0;9630.0;7333.0;-8523.0;51.0;-5.0;405.0;-71.0;-0.21;-1.25;-4.75;-1.11;-6.08;65.11
1753881484.262478;-3.1;2.7;-0.2;-1.0;1.31;66.87;-4950.0;9630.0;7333.0;-8523.0;51.0;-5.0;405.0;-71.0;0.24;-0.49;-4.14;12.58;13.19;-35.42
1753881484.267478;-3.1;2.7;-0.2;-1.0;1.31;66.87;-4950.0;9630.0;7333.0;-8523.0;51.0;-5.0;405.0;-71.0;-2.03;1.85;-5.11;16.56;16.3;-23.59
1753881484.272478;-3.1;2.7;-0.2;-1.0;1.31;66.87;-4950.0;9630.0;7333.0;-8523.0;51.0;-5.0;405.0;-71.0;-2.49;2.38;-6.55;16.54;-0.54;65.62
1753881484.277478;-3.1;2.7;-0.2;-1.0;1.31;66.87;-4950.0;9630.0;7333.0;-8523.0;51.0;-5.0;405.0;-71.0;-0.74;-0.28;-9.76;4.95;-0.31;-3.13
1753881484.282478;-3.1;2.7;-0.2;-1.0;1.31;66.87;-4950.0;9630.0;7333.0;-8523.0;51.0;-5.0;405.0;-71.0;-1.65;0.86;-13.19;-8.14;4.21;-47.38
1753881484.287478;-3.1;2.7;-0.2;-1.0;1.31;66.87;-4950.0;9630.0;7333.0;-8523.0;51.0;-5.0;405.0;-71.0;-0.86;1.74;-13.71;-2.97;-6.14;16.09
1753881484.292478;-3.1;2.7;-0.2;-1.0;1.31;66.87;-4950.0;9630.0;7333.0;-8523.0;51.0;-5.0;405.0;-71.0;-0.08;1.11;-13.39;1.6;-3.05;27.41
1753881484.297478;-3.1;2.7;-0.2;-1.0;1.31;66.87;-4950.0;9630.0;7333.0;-8523.0;51.0;-5.0;405.0;-71.0;-0.91;1.76;-10.68;-2.7;6.72;-32.56
1753881484.302478;-3.1;2.7;-0.2;-1.0;1.31;66.87;-4950.0;9630.0;7333.0;-8523.0;51.0;-5.0;405.0;-71.0;-0.9;3.67;-9.24;-2.6;2.84;-17.02
1753881484.307478;-3.1;2.8;-0.2;-1.1;1.56;66.83;-4859.6;9698.0;7081.4;-8281.7;48.5;-5.2;279.5;-86.9;-1.19;6.33;-3.43;5.05;11.24;46.08
1753881484.312478;-3.1;2.7;-0.2;-1.1;0.95;66.66;-5894.7;9642.6;7506.0;-8757.5;13.5;52.3;468.7;-71.1;-1.58;4.5;-9.27;-10.49;6.92;-137.33
1753881484.317478;-3.1;2.8;-0.2;-1.1;1.42;66.69;-5753.2;9686.6;7647.1;-8121.1;-64.1;115.9;371.6;-81.2;-0.43;0.11;-12.03;-5.57;9.57;-65.9
1753881484.322478;-3.1;2.7;-0.2;-1.0;0.89;66.68;-5398.8;9712.5;8550.8;-7845.1;-47.5;-12.0;373.6;-94.6;-0.63;1.79;-12.66;-15.34;0.23;50.11
1753881484.327479;-3.2;2.8;-0.2;-0.8;0.97;66.78;-5155.2;9698.2;7478.6;-7975.0;25.0;24.4;318.4;-85.2;-0.48;3.61;-11.75;-9.46;0.15;91.86
1753881484.332479;-3.1;2.8;-0.2;-0.9;0.79;66.71;-5218.1;9725.6;9301.7;-8090.0;-12.0;84.1;284.2;-105.4;-3.25;2.9;-7.93;-3.42;9.61;-62.93
1753881484.337479;-3.2;2.8;-0.2;-1.1;0.57;66.52;-6268.0;9770.7;9737.2;-7479.9;-52.6;21.4;168.4;-96.7;-0.86;2.66;-12.65;8.76;7.01;35.64
1753881484.342479;-3.2;2.8;-0.2;-0.9;1.02;66.25;-6155.8;9763.4;8816.8;-8199.2;41.0;76.3;163.1;-105.4;-1.94;1.8;-5.83;-0.17;4.45;-9.1
1753881484.347479;-3.2;2.8;-0.2;-0.8;0.76;66.41;-5356.1;9697.7;11133.9;-8155.9;-29.3;62.5;133.8;-92.8;-1.98;0.94;-6.96;-4.9;-7.49;-10.21
1753881484.352479;-3.2;2.8;-0.2;-0.8;0.5;66.51;-7008.3;9709.8;9048.4;-7802.5;-37.9;102.8;189.0;-86.7;-1.55;1.36;-6.8;4.78;-8.53;15.62
1753881484.357479;-3.2;2.8;-0.2;-0.7;0.02;66.22;-6170.2;9827.4;9359.8;-7694.5;-59.4;124.7;138.2;-84.5;-1.73;2.14;-12.51;4.97;5.28;-44.84
1753881484.36248;-3.2;2.8;-0.2;-0.7;0.43;66.34;-7299.1;9819.1;10887.3;-7671.5;-40.0;98.6;79.7;-104.1;-0.43;4.03;-5.34;13.97;0.76;-46.99
1753881484.36748;-3.2;2.8;-0.2;-0.8;0.14;66.34;-6927.9;9735.8;10013.0;-7786.6;-28.1;86.4;232.6;-129.6;-0.39;0.4;-11.48;8.02;13.98;38.39
1753881484.37248;-3.2;2.8;-0.2;-0.7;0.34;66.05;-6367.1;9823.5;9492.4;-7172.2;-80.6;159.9;119.3;-106.6;1.29;3.32;-12.14;-5.79;-0.97;-1.23
1753881484.377478;-3.2;2.8;-0.2;-0.7;0.17;66.2;-7176.0;9830.0;10196.0;-7140.0;-98.0;137.0;109.0;-117.0;-1.05;1.31;-9.95;4.02;2.41;9.1
1753881484.382478;-3.2;2.8;-0.2;-0.7;0.17;66.2;-7176.0;9830.0;10196.0;-7140.0;-98.0;137.0;109.0;-117.0;-0.86;0.84;-10.65;-0.24;2.04;-12.34
1753881484.387478;-3.2;2.8;-0.2;-0.7;0.17;66.2;-7176.0;9830.0;10196.0;-7140.0;-98.0;137.0;109.0;-117.0;-0.45;1.63;-11.69;-4.04;-2.67;0.09
1753881484.392478;-3.2;2.8;-0.2;-0.7;0.17;66.2;-7176.0;9830.0;10196.0;-7140.0;-98.0;137.0;109.0;-117.0;-0.41;1.13;-11.68;-1.13;-0.97;8.97
1753881484.397478;-3.2;2.8;-0.2;-0.7;0.17;66.2;-7176.0;9830.0;10196.0;-7140.0;-98.0;137.0;109.0;-117.0;-0.69;0.68;-11.34;-1.67;3.69;-7.02
1753881484.402478;-3.2;2.8;-0.2;-0.7;0.17;66.2;-7176.0;9830.0;10196.0;-7140.0;-98.0;137.0;109.0;-117.0;0.18;1.42;-10.76;-3.74;-1.25;-0.4
1753881484.407478;-3.2;2.8;-0.2;-0.7;0.17;66.2;-7176.0;9830.0;10196.0;-7140.0;-98.0;137.0;109.0;-117.0;-0.36;1.35;-11.01;-0.96;-3.29;6.82
1753881484.412478;-3.2;2.8;-0.2;-0.7;0.17;66.2;-7176.0;9830.0;10196.0;-7140.0;-98.0;137.0;109.0;-117.0;-0.02;0.59;-11.1;0.52;-0.45;-0.49
1753881484.417478;-3.2;2.8;-0.2;-0.7;0.17;66.2;-7176.0;9830.0;10196.0;-7140.0;-98.0;137.0;109.0;-117.0;0.27;1.06;-10.94;0.6;1.08;-3.15
1753881484.422478;-3.2;2.8;-0.2;-0.7;0.17;66.2;-7176.0;9830.0;10196.0;-7140.0;-98.0;137.0;109.0;-117.0;0.44;0.79;-10.56;-0.58;-1.9;8.67
1753881484.427478;-3.2;2.8;-0.2;-0.7;0.17;66.2;-7176.0;9830.0;10196.0;-7140.0;-98.0;137.0;109.0;-117.0;0.43;-0.06;-11.24;1.35;0.0;-0.26
1753881484.432478;-3.2;2.8;-0.2;-1.0;0.19;66.46;-7604.2;10027.5;9140.5;-7534.0;-117.1;138.4;-45.9;-45.4;0.53;-1.09;-10.08;8.36;3.77;-5.39
1753881484.437478;-3.2;2.8;-0.2;-0.7;1.43;66.47;-10571.0;9904.0;7193.4;-6570.3;-73.8;24.7;230.1;-52.2;0.84;-0.15;-14.47;-13.35;-2.39;-1.49
1753881484.442478;-3.3;2.8;-0.2;-0.5;0.17;66.12;-7081.1;10255.1;9253.6;-8012.6;-223.5;177.9;53.3;-130.1;0.12;-1.53;-13.94;-12.57;7.78;23.52
1753881484.447478;-3.2;2.8;-0.2;-0.9;0.34;67.12;-9365.4;9041.2;10538.9;-7965.9;39.3;12.1;75.8;-51.3;-0.59;-0.89;-11.97;6.38;4.93;4.49
1753881484.452479;-3.1;2.7;-0.2;-0.8;-0.4;66.8;-7912.5;8826.3;10622.3;-5752.9;-199.8;223.4;117.3;-164.3;-1.2;-0.25;-12.45;0.13;6.42;-10.57
1753881484.457479;-3.2;2.8;-0.2;-0.8;-1.16;65.94;-9839.9;9004.2;11060.1;-7728.8;-78.3;74.6;42.9;-87.1;0.54;-2.39;-11.52;1.65;-2.68;-21.95
1753881484.462479;-3.2;2.8;-0.2;-1.1;0.12;66.48;-8466.0;9142.9;9754.7;-6982.0;-137.5;-86.7;291.3;-67.6;-0.61;-1.43;-10.68;0.54;1.45;-1.51
1753881484.467479;-3.3;2.9;-0.2;-0.8;-0.5;65.71;-7456.2;9339.1;10143.0;-5860.0;-99.1;89.8;151.8;-102.3;-0.16;-1.21;-12.94;-3.26;-2.52;-8.34
1753881484.472479;-3.4;2.9;-0.2;-0.8;1.06;67.01;-8888.4;9173.3;10596.1;-6973.6;-73.2;140.3;129.7;25.5;-0.9;-0.51;-8.72;0.36;-0.99;55.47
1753881484.477479;-3.1;2.8;-0.2;-1.1;-0.59;66.67;-5191.6;8967.9;10483.8;-5438.1;-260.9;46.2;355.2;14.4;-0.52;-1.34;-11.97;12.14;-3.9;18.95
1753881484.482479;-3.3;2.9;-0.2;-1.2;-0.15;66.34;-8030.0;8963.9;7415.8;-7221.1;-260.0;126.0;167.2;18.7;-0.52;0.83;-10.54;3.61;2.82;15.98
1753881484.48748;-3.1;2.9;-0.2;-0.9;0.02;66.05;-7422.9;9029.0;8887.5;-5305.6;-72.4;135.0;-122.9;-96.1;-1.83;-0.08;-10.82;-6.93;-2.51;43.35
1753881484.49248;-3.3;2.8;-0.2;-0.4;0.69;66.69;-9633.6;9158.3;11262.0;-6528.1;-151.7;49.6;-134.3;0.7;0.01;-1.64;-12.97;9.15;9.61;-15.99
1753881484.49748;-3.3;3.0;-0.2;-1.3;2.0;66.22;-8660.0;8902.5;9655.0;-6308.8;-129.1;9.0;93.4;74.4;-0.1;-1.18;-15.12;-1.26;-0.9;-40.82
1753881484.50248;-3.3;2.8;-0.2;-1.0;0.22;66.55;-7917.6;8807.1;11353.4;-6583.3;-288.7;-46.7;-49.5;114.9;-0.47;0.59;-10.8;7.43;1.38;32.93
1753881484.50748;-3.2;2.8;-0.2;-0.8;0.96;66.04;-7579.5;8281.9;9359.7;-4562.9;-229.8;85.0;-212.5;-24.4;0.06;0.95;-14.46;1.33;4.48;49.54
1753881484.51248;-3.2;2.9;-0.2;-0.9;0.37;66.7;-8513.2;8417.1;10902.5;-6977.3;-151.2;70.1;15.5;14.2;-0.16;-0.02;-10.52;1.32;2.04;-12.89
1753881484.51748;-3.2;2.8;-0.2;-0.5;0.31;66.68;-6728.7;8873.8;11834.4;-6564.5;-106.7;77.5;-10.8;-18.4;-1.5;-0.33;-9.0;-6.08;5.66;-10.98
1753881484.52248;-3.4;2.9;-0.2;-1.4;0.2;66.21;-10540.8;8665.4;11667.1;-5285.9;-352.8;-39.8;-3.2;91.0;-0.92;-1.84;-9.4;-1.94;-1.54;-25.96
1753881484.52748;-3.3;2.9;-0.2;-1.6;0.53;66.39;-7804.5;9485.2;10525.2;-5416.1;-319.7;67.1;14.4;72.5;1.28;-0.51;-8.92;-6.06;2.53;11.65
1753881484.53248;-3.4;2.8;-0.2;-1.3;-0.15;66.92;-9220.0;8167.6;9734.9;-4710.2;-69.7;48.0;-183.5;16.9;0.4;-1.17;-10.44;4.82;-1.25;-5.47
1753881484.53748;-3.4;2.9;-0.2;-1.1;0.64;66.4;-10261.9;8382.7;12502.7;-6928.0;-240.8;-4.8;-191.4;81.2;-1.13;0.27;-7.93;-3.01;7.72;29.48
1753881484.542481;-3.3;2.9;-0.2;-1.3;0.77;66.4;-6812.6;8074.3;10711.2;-5584.0;-196.0;37.7;-97.1;124.6;-1.14;-1.34;-9.29;1.67;-1.16;28.73
1753881484.547481;-3.2;2.8;-0.2;-1.2;0.27;67.11;-9232.9;8412.4;8974.5;-6306.3;-262.6;-113.9;-300.8;176.8;-0.55;-1.77;-10.32;-0.84;-4.44;36.93
1753881484.552481;-3.3;2.9;-0.2;-1.5;-0.26;66.61;-9878.2;8020.9;9849.6;-5274.5;-120.1;-76.8;2.0;82.7;-0.62;-2.69;-8.27;4.9;2.5;57.76
1753881484.557478;-3.3;2.9;-0.2;-1.3;0.76;66.69;-8996.0;8156.0;10270.0;-5740.0;-219.0;-25.0;-48.0;132.0;-0.61;-1.58;-10.22;-1.06;0.11;24.7
1753881484.562478;-3.3;2.9;-0.2;-1.3;0.76;66.69;-8996.0;8156.0;10270.0;-5740.0;-219.0;-25.0;-48.0;132.0;-0.6;-1.5;-9.69;2.36;1.8;11.4
1753881484.567478;-3.3;2.9;-0.2;-1.3;0.76;66.69;-8996.0;8156.0;10270.0;-5740.0;-219.0;-25.0;-48.0;132.0;-0.46;-1.47;-8.93;1.93;0.1;22.75
1753881484.572478;-3.3;2.9;-0.2;-1.3;0.76;66.69;-8996.0;8156.0;10270.0;-5740.0;-219.0;-25.0;-48.0;132.0;-0.81;-1.79;-9.35;1.64;-0.44;31.18
1753881484.577478;-3.3;2.9;-0.2;-1.3;0.76;66.69;-8996.0;8156.0;10270.0;-5740.0;-219.0;-25.0;-48.0;132.0;-1.26;-2.19;-9.85;-2.22;2.0;17.1
1753881484.582478;-3.3;2.9;-0.2;-1.3;0.76;66.69;-8996.0;8156.0;10270.0;-5740.0;-219.0;-25.0;-48.0;132.0;-0.96;-1.48;-10.28;0.58;0.8;16.86
1753881484.587478;-3.3;2.9;-0.2;-1.3;0.76;66.69;-8996.0;8156.0;10270.0;-5740.0;-219.0;-25.0;-48.0;132.0;-0.78;-1.86;-10.54;-1.65;0.0;25.39
1753881484.592478;-3.3;2.9;-0.2;-1.3;0.76;66.69;-8996.0;8156.0;10270.0;-5740.0;-219.0;-25.0;-48.0;132.0;-0.82;-1.92;-10.09;-1.94;1.83;24.08
1753881484.597478;-3.3;2.9;-0.2;-1.3;0.76;66.69;-8996.0;8156.0;10270.0;-5740.0;-219.0;-25.0;-48.0;132.0;-0.37;-1.52;-9.38;-0.95;1.03;22.75
1753881484.602478;-3.3;2.9;-0.2;-1.3;0.76;66.69;-8996.0;8156.0;10270.0;-5740.0;-219.0;-25.0;-48.0;132.0;-0.5;-1.35;-9.49;0.61;-0.7;25.95
1753881484.607478;-3.3;2.9;-0.2;-1.3;0.76;66.69;-8996.0;8156.0;10270.0;-5740.0;-219.0;-25.0;-48.0;132.0;-0.76;-1.84;-9.73;-2.15;0.44;25.8
1753881484.612478;-3.3;2.9;-0.2;-1.3;0.76;66.69;-8996.0;8156.0;10270.0;-5740.0;-219.0;-25.0;-48.0;132.0;-0.76;-1.59;-10.13;1.24;1.31;21.22
1753881484.617478;-3.3;2.9;-0.2;-1.3;0.76;66.69;-8996.0;8156.0;10270.0;-5740.0;-219.0;-25.0;-48.0;132.0;-0.86;-1.36;-10.58;1.24;-1.76;31.85
1753881484.622478;-3.3;2.9;-0.2;-1.3;0.76;66.69;-8996.0;8156.0;10270.0;-5740.0;-219.0;-25.0;-48.0;132.0;-0.94;-1.67;-10.97;0.96;-1.35;26.79
1753881484.627478;-3.3;2.9;-0.2;-1.3;0.76;66.69;-8996.0;8156.0;10270.0;-5740.0;-219.0;-25.0;-48.0;132.0;-0.5;-1.93;-10.53;0.25;-1.34;25.23
1753881484.632478;-3.3;2.9;-0.2;-1.3;0.76;66.69;-8996.0;8156.0;10270.0;-5740.0;-219.0;-25.0;-48.0;132.0;-0.08;-1.41;-10.06;0.1;-0.21;30.46
1753881484.637478;-3.3;2.9;-0.2;-1.3;0.76;66.69;-8996.0;8156.0;10270.0;-5740.0;-219.0;-25.0;-48.0;132.0;-0.07;-1.37;-9.87;0.54;-0.26;32.32
1753881484.642478;-3.3;2.9;-0.2;-1.3;0.76;66.69;-8996.0;8156.0;10270.0;-5740.0;-219.0;-25.0;-48.0;132.0;-0.25;-1.32;-10.32;2.48;2.05;23.75
1753881484.647478;-3.3;2.9;-0.2;-1.3;0.76;66.69;-8996.0;8156.0;10270.0;-5740.0;-219.0;-25.0;-48.0;132.0;-0.39;-1.46;-11.02;-0.99;2.17;27.12
1753881484.652478;-3.3;2.9;-0.2;-1.3;0.76;66.69;-8996.0;8156.0;10270.0;-5740.0;-219.0;-25.0;-48.0;132.0;-0.6;-1.46;-11.34;-2.64;-1.09;34.89
1753881484.657478;-3.3;2.9;-0.2;-1.3;0.76;66.69;-8996.0;8156.0;10270.0;-5740.0;-219.0;-25.0;-48.0;132.0;-0.51;-1.52;-11.08;-0.04;-0.85;28.08
1753881484.662478;-3.3;2.9;-0.2;-1.3;0.76;66.69;-8996.0;8156.0;10270.0;-5740.0;-219.0;-25.0;-48.0;132.0;-0.45;-1.21;-10.8;2.44;1.04;26.23
1753881484.667478;-3.3;2.9;-0.2;-1.3;0.76;66.69;-8996.0;8156.0;10270.0;-5740.0;-219.0;-25.0;-48.0;132.0;-0.62;-1.28;-10.55;0.09;0.38;35.19
1753881484.672478;-3.4;2.9;-0.2;-0.7;0.53;67.09;-9086.2;8769.0;10341.2;-4520.1;-227.1;-71.8;-66.5;132.3;-0.7;-1.61;-11.86;-0.1;1.07;43.54
1753881484.677478;-3.3;2.9;-0.2;-1.3;1.07;67.37;-9528.0;6877.4;10256.2;-4896.3;-219.3;-29.1;-70.5;153.0;-1.06;-1.62;-10.17;-1.75;1.69;40.73
1753881484.682478;-3.4;2.9;-0.2;-0.5;0.61;68.68;-9542.6;6565.6;10195.9;-6634.8;-205.9;1.9;-50.9;137.2;-0.48;-1.25;-9.82;1.61;-0.1;36.68
1753881484.687478;-3.3;2.9;-0.2;-1.3;1.41;69.7;-9441.0;6447.7;10250.6;-6346.8;-199.9;-8.9;-87.0;112.6;-0.58;-0.69;-10.37;1.42;-1.14;33.9
1753881484.692479;-3.4;2.9;-0.2;0.1;0.06;67.65;-9314.2;7479.6;10236.2;-5364.7;-189.8;46.0;-66.5;156.6;-0.44;-1.46;-9.93;0.22;1.74;28.72
1753881484.697479;-3.4;2.9;-0.2;-0.1;0.28;70.1;-9515.5;6928.5;10241.0;-5848.2;-204.6;25.6;-154.0;145.7;-1.04;-0.98;-10.66;-0.98;0.64;39.82
1753881484.702479;-3.4;2.9;-0.2;0.3;0.26;69.31;-9128.9;6040.5;10108.1;-4925.4;-157.7;54.9;-184.7;192.5;-0.16;-1.2;-10.83;0.62;-1.11;41.49
1753881484.707479;-3.4;2.9;-0.2;-0.4;0.58;69.21;-9136.1;5834.1;10220.8;-3378.4;-177.9;76.1;-70.4;199.0;-0.77;-1.22;-9.82;-0.36;-2.29;29.64
1753881484.712479;-3.4;2.9;-0.2;1.5;-0.52;68.77;-9673.4;5260.3;10171.8;-4063.8;-174.9;53.9;-113.9;233.2;-0.11;-0.94;-11.63;1.14;0.86;31.97
1753881484.717479;-3.4;2.9;-0.2;0.2;0.25;69.75;-9480.2;4877.5;10131.5;-1868.0;-169.1;79.3;-181.3;235.8;-1.07;-0.87;-10.29;-1.2;-0.53;38.34
1753881484.722479;-3.5;2.9;-0.2;2.0;-0.08;69.02;-9781.3;5196.1;10178.4;-1953.4;-139.0;6.1;-188.6;213.9;-1.28;-1.35;-10.52;-3.72;2.22;32.97
1753881484.72748;-3.5;2.9;-0.2;0.6;0.44;71.92;-10020.3;4526.8;10173.0;-2686.3;-137.0;89.2;-146.7;230.4;-0.51;-0.96;-10.51;-0.22;0.98;39.58
1753881484.73248;-3.5;2.9;-0.2;1.9;-0.23;70.92;-10252.7;5218.3;10186.4;-1088.4;-159.3;83.3;-232.6;175.5;-0.53;-1.43;-9.29;-2.79;1.73;40.24
1753881484.73748;-3.4;3.0;-0.2;0.7;-0.03;70.73;-9762.2;4536.1;10184.3;-3614.0;-158.6;78.2;-203.9;227.6;-0.48;-1.4;-9.71;0.3;1.02;21.6
1753881484.742478;-3.5;3.0;-0.2;1.9;-0.48;71.49;-10113.0;3973.0;10133.0;-1170.0;-137.0;113.0;-213.0;231.0;-0.5;-0.94;-10.51;-0.91;0.54;34.3
1753881484.747478;-3.5;3.0;-0.2;1.9;-0.48;71.49;-10113.0;3973.0;10133.0;-1170.0;-137.0;113.0;-213.0;231.0;-0.39;-0.71;-10.48;-0.98;-0.33;36.65
1753881484.752478;-3.5;3.0;-0.2;1.9;-0.48;71.49;-10113.0;3973.0;10133.0;-1170.0;-137.0;113.0;-213.0;231.0;-0.39;-0.58;-10.69;0.61;-0.91;37.44
1753881484.757478;-3.5;3.0;-0.2;1.9;-0.48;71.49;-10113.0;3973.0;10133.0;-1170.0;-137.0;113.0;-213.0;231.0;0.08;-0.65;-10.47;0.57;1.97;30.58
1753881484.762478;-3.5;3.0;-0.2;1.9;-0.48;71.49;-10113.0;3973.0;10133.0;-1170.0;-137.0;113.0;-213.0;231.0;-0.1;-0.52;-10.3;0.04;4.24;31.97
1753881484.767478;-3.5;3.0;-0.2;1.9;-0.48;71.49;-10113.0;3973.0;10133.0;-1170.0;-137.0;113.0;-213.0;231.0;-0.05;-0.4;-10.69;-3.66;1.67;36.5
1753881484.772478;-3.5;3.0;-0.2;1.9;-0.48;71.49;-10113.0;3973.0;10133.0;-1170.0;-137.0;113.0;-213.0;231.0;0.24;-0.39;-11.24;-2.41;-1.27;29.02
1753881484.777478;-3.5;3.0;-0.2;5.7;-0.86;69.99;-10159.2;3876.5;10035.9;-5580.9;-97.9;171.9;-304.2;331.3;0.48;1.0;-12.15;-2.01;1.89;27.7
1753881484.782478;-3.4;3.0;-0.2;1.9;0.83;68.37;-9476.0;5395.8;10151.4;2437.9;-81.2;34.7;-71.7;251.6;0.04;-0.83;-10.79;-4.49;0.93;23.37
1753881484.787478;-3.4;2.9;-0.2;1.3;-0.2;68.12;-10435.1;4628.9;10122.3;-25.6;-77.9;128.1;-78.7;208.9;-0.23;0.46;-11.74;-1.43;-2.1;26.75
1753881484.792478;-3.5;3.0;-0.2;4.0;-0.62;70.43;-10220.8;5077.1;10080.5;-745.4;-135.4;76.8;-144.0;289.7;0.37;-0.04;-10.61;-3.65;-2.1;25.78
1753881484.797478;-3.5;2.9;-0.2;0.8;-0.95;72.08;-9752.8;2107.4;10047.3;451.2;-192.6;43.6;-282.8;203.3;-0.21;-0.13;-11.22;-0.89;0.09;33.0
1753881484.802478;-3.5;3.0;-0.2;2.3;-0.42;72.24;-9844.3;3753.5;10077.3;-1121.8;-157.1;67.8;-267.9;292.9;0.14;-0.82;-12.08;-0.22;-0.51;30.14
1753881484.807478;-3.5;3.0;-0.2;0.9;0.32;69.15;-10307.5;3878.5;10349.4;-148.5;-158.3;89.5;-149.3;186.7;0.36;-0.61;-10.99;-1.74;-1.07;28.24
1753881484.812478;-3.4;2.9;-0.2;2.7;1.38;69.35;-9846.6;2871.6;10235.0;-4494.0;-163.2;136.9;-195.0;259.2;-0.12;-0.15;-10.94;-0.35;3.0;20.97
1753881484.817479;-3.4;3.0;-0.2;2.0;0.57;66.59;-9736.8;4939.0;10207.8;-3825.0;-83.0;31.5;-282.1;167.1;-0.06;0.25;-11.52;-2.78;-2.34;34.92
1753881484.822479;-3.5;3.0;-0.2;4.1;-0.95;70.23;-9769.9;2986.6;9998.3;-2385.5;-88.7;171.2;-189.6;303.9;0.39;-0.33;-10.5;-2.65;-1.62;31.04
1753881484.827479;-3.4;3.0;-0.2;3.0;-1.07;70.64;-10320.3;4093.9;10117.2;-137.7;-164.2;84.0;-53.1;152.2;0.0;-1.2;-11.18;-3.51;-0.97;27.49
1753881484.832479;-3.4;3.0;-0.2;0.4;-1.17;73.74;-10206.1;1269.0;10064.6;-2213.2;-158.2;240.9;-47.5;233.8;0.01;0.0;-11.08;-2.33;0.08;28.42
1753881484.837479;-3.5;2.9;-0.2;2.0;-1.17;72.53;-10399.7;6061.7;9998.7;4482.5;-114.3;142.1;-101.2;236.0;0.33;-0.72;-11.35;-4.45;-0.36;32.22
1753881484.842479;-3.5;3.0;-0.2;2.2;-0.35;72.96;-9460.0;6219.2;10178.0;-1256.2;-168.0;34.1;-271.4;157.3;0.15;-1.07;-10.68;-0.67;2.09;26.04
1753881484.847479;-3.6;2.9;-0.2;0.6;0.26;66.84;-10222.6;4703.3;10048.7;-61.4;-169.3;115.0;-227.1;150.1;-0.72;-1.35;-10.74;-0.85;-1.2;9.01
1753881484.85248;-3.4;2.9;-0.2;3.6;-0.46;68.5;-9835.3;6156.0;10101.5;-2795.4;-192.1;-6.4;-225.0;273.7;0.25;-1.53;-11.39;-3.71;-1.68;25.13
1753881484.85748;-3.4;3.0;-0.2;0.5;-1.02;67.83;-9599.7;4244.3;10066.5;-159.9;-59.6;71.0;-292.3;190.3;0.19;-0.35;-10.85;0.43;2.52;19.99
1753881484.86248;-3.6;2.9;-0.2;-1.9;-0.92;73.27;-9872.4;5605.4;10110.3;141.9;-158.3;127.8;-153.3;260.3;-0.45;0.46;-11.08;-2.58;4.31;17.86
1753881484.86748;-3.5;3.0;-0.2;1.6;-0.72;74.94;-8756.6;3892.8;10166.5;-2025.9;-187.6;167.2;-145.7;166.8;-0.31;-0.88;-10.71;-1.81;2.99;25.62
1753881484.87248;-3.5;2.9;-0.2;2.4;-0.86;70.48;-9703.2;4780.0;10003.6;-3362.3;-115.6;159.4;-195.3;159.9;-0.23;0.22;-11.49;-3.2;0.01;21.84
1753881484.87748;-3.3;3.0;-0.2;1.9;-0.78;72.23;-9774.1;6042.7;10063.1;-1504.6;-69.3;80.6;-199.3;277.9;0.03;-0.47;-10.67;0.44;-0.29;14.43
1753881484.88248;-3.5;2.9;-0.2;3.3;-0.57;71.71;-9928.6;4306.0;10194.9;-3667.2;-269.1;31.5;-161.0;242.8;-0.41;0.55;-11.41;-0.98;3.31;17.48
1753881484.88748;-3.5;3.0;-0.2;2.1;-0.84;67.74;-9657.9;1825.8;10015.1;-4378.0;-161.5;76.3;-267.8;253.9;-0.67;-1.52;-10.59;-1.98;3.89;15.52
1753881484.89248;-3.5;3.0;-0.2;0.8;0.35;67.53;-10097.1;7147.9;10007.4;365.8;-203.8;88.5;-139.9;290.8;-0.66;-0.76;-11.13;-3.66;1.64;17.52
1753881484.89748;-3.5;3.0;-0.2;3.0;0.21;72.37;-9230.5;4050.2;10001.6;334.2;-187.5;135.0;-261.5;199.5;-0.43;-0.46;-10.69;1.05;-2.14;25.19
1753881484.90248;-3.4;3.0;-0.2;1.5;-1.07;71.07;-10334.7;-1907.4;10175.2;83.7;-161.4;98.0;-189.9;273.9;-0.42;-0.33;-10.71;-4.03;2.49;22.51
1753881484.907481;-3.5;2.9;-0.2;1.0;0.35;72.01;-9414.8;3267.7;10139.1;2300.1;-123.6;221.4;-324.7;119.0;0.26;-0.76;-10.2;0.03;5.22;23.11
1753881484.912481;-3.3;3.0;-0.2;3.0;-0.57;71.63;-10979.0;2062.2;10171.6;-2247.5;-104.3;93.3;-237.4;244.7;-0.41;-0.9;-10.66;-2.07;2.43;21.34
1753881484.917481;-3.4;3.0;-0.2;-0.8;-0.06;68.6;-10162.1;4899.4;10217.1;-3510.5;-145.7;99.1;-232.8;128.6;-0.87;-0.14;-11.12;1.35;3.28;17.97
1753881484.922481;-3.6;2.9;-0.2;3.1;0.06;68.11;-9177.5;2239.9;10133.3;-3932.4;-114.5;114.4;-306.2;271.2;-0.01;-1.99;-10.65;1.52;4.3;26.26
1753881484.927481;-3.5;2.9;-0.2;2.0;-1.4;73.59;-9559.1;3534.3;10084.0;-560.9;-128.5;18.5;-260.9;240.8;-0.42;-0.12;-10.97;2.28;3.03;16.39
1753881484.932478;-3.5;3.0;-0.2;1.9;-0.48;71.49;-10113.0;3973.0;10133.0;-1170.0;-137.0;113.0;-213.0;231.0;-0.38;-0.59;-10.79;-0.31;3.15;20.24
1753881484.937478;-3.5;3.0;-0.2;1.9;-0.48;71.49;-10113.0;3973.0;10133.0;-1170.0;-137.0;113.0;-213.0;231.0;0.05;-0.06;-11.49;-3.88;-5.21;33.92
1753881484.942478;-3.5;3.0;-0.2;1.9;-0.48;71.49;-10113.0;3973.0;10133.0;-1170.0;-137.0;113.0;-213.0;231.0;0.66;0.22;-11.47;2.68;-5.11;42.93
1753881484.947478;-3.5;3.0;-0.2;1.9;-0.48;71.49;-10113.0;3973.0;10133.0;-1170.0;-137.0;113.0;-213.0;231.0;-0.71;-0.52;-10.23;6.66;4.39;20.63
1753881484.952478;-3.5;3.0;-0.2;1.9;-0.48;71.49;-10113.0;3973.0;10133.0;-1170.0;-137.0;113.0;-213.0;231.0;-1.31;0.04;-10.41;-3.63;2.39;39.39
1753881484.957478;-3.5;3.0;-0.2;1.9;-0.48;71.49;-10113.0;3973.0;10133.0;-1170.0;-137.0;113.0;-213.0;231.0;-0.41;0.37;-11.94;-0.9;-2.89;44.41
1753881484.962478;-3.5;3.0;-0.2;1.9;-0.48;71.49;-10113.0;3973.0;10133.0;-1170.0;-137.0;113.0;-213.0;231.0;-0.25;-0.62;-11.97;2.56;0.95;18.9
1753881484.967478;-3.5;3.0;-0.2;1.9;-0.48;71.49;-10113.0;3973.0;10133.0;-1170.0;-137.0;113.0;-213.0;231.0;-0.67;-0.17;-11.31;-0.7;1.94;28.16
1753881484.972478;-3.5;3.0;-0.2;1.9;-0.48;71.49;-10113.0;3973.0;10133.0;-1170.0;-137.0;113.0;-213.0;231.0;-0.07;0.65;-10.54;-1.69;-2.53;49.47
1753881484.977478;-3.5;3.0;-0.2;1.9;-0.48;71.49;-10113.0;3973.0;10133.0;-1170.0;-137.0;113.0;-213.0;231.0;-0.33;0.16;-10.89;1.58;0.32;32.44
1753881484.982478;-3.5;3.0;-0.2;1.9;-0.48;71.49;-10113.0;3973.0;10133.0;-1170.0;-137.0;113.0;-213.0;231.0;-0.82;-0.14;-11.59;1.06;1.12;24.11
1753881484.987478;-3.5;3.0;-0.2;1.9;-0.48;71.49;-10113.0;3973.0;10133.0;-1170.0;-137.0;113.0;-213.0;231.0;-0.4;0.7;-11.06;-0.9;-1.97;43.0
1753881484.992478;-3.5;3.0;-0.2;1.9;-0.48;71.49;-10113.0;3973.0;10133.0;-1170.0;-137.0;113.0;-213.0;231.0;-0.75;0.4;-10.82;0.64;0.28;36.65
1753881484.997478;-3.5;3.0;-0.2;1.9;-0.48;71.49;-10113.0;3973.0;10133.0;-1170.0;-137.0;113.0;-213.0;231.0;-1.47;-0.11;-10.7;0.78;5.18;25.72
1753881485.002478;-3.5;3.0;-0.2;1.9;-0.48;71.49;-10113.0;3973.0;10133.0;-1170.0;-137.0;113.0;-213.0;231.0;-0.48;0.21;-11.16;3.03;2.25;34.82
1753881485.007478;-3.5;3.0;-0.2;1.9;-0.48;71.49;-10113.0;3973.0;10133.0;-1170.0;-137.0;113.0;-213.0;231.0;0.47;0.24;-11.27;-0.06;-4.88;36.88
1753881485.012478;-3.5;3.0;-0.2;1.4;-0.39;74.91;-10164.6;4076.7;10120.9;-1169.4;-176.5;125.5;-216.2;181.9;0.61;-0.25;-11.73;2.5;-8.74;39.46
1753881485.017478;-3.5;3.0;-0.2;1.9;-0.52;73.76;-10068.3;4098.4;10145.0;-1163.1;-153.0;115.4;-217.0;190.3;0.45;0.04;-11.38;0.18;-4.85;44.54
1753881485.022478;-3.5;3.0;-0.2;1.9;-0.58;71.61;-10222.6;4138.8;10139.6;-1170.6;-147.8;136.8;-208.9;264.5;0.35;0.46;-11.03;2.5;-9.28;43.16
1753881485.027479;-3.5;3.0;-0.2;1.5;-0.26;72.16;-10150.5;4166.8;10128.7;-1161.0;-160.8;121.6;-219.3;202.9;0.09;-0.38;-10.56;-1.08;-3.41;55.79
1753881485.032479;-3.5;3.0;-0.2;1.7;-0.62;70.89;-10186.6;4001.0;10136.9;-1148.8;-200.1;120.0;-209.2;172.3;-0.31;0.52;-11.33;-2.14;-6.35;33.3
1753881485.037479;-3.5;3.0;-0.2;2.1;-0.46;74.5;-10157.3;4073.5;10151.9;-1178.0;-123.6;133.2;-214.3;198.4;0.44;0.97;-10.44;1.13;-2.51;27.4
1753881485.042479;-3.6;3.0;-0.2;1.7;-0.69;74.85;-10205.6;3950.5;10142.5;-1166.9;-186.9;132.0;-215.8;183.1;0.62;-0.11;-11.55;0.81;-0.18;38.07
1753881485.047479;-3.6;3.0;-0.2;1.6;-0.69;71.59;-10210.4;4102.9;10154.6;-1152.7;-169.1;139.4;-221.3;192.0;0.18;0.32;-10.73;2.86;-0.82;31.53
1753881485.052479;-3.5;3.0;-0.2;1.6;-1.04;76.81;-10334.7;3978.2;10144.2;-1155.5;-189.4;151.1;-221.4;236.9;0.88;0.09;-10.7;0.97;-0.29;28.19
1753881485.05748;-3.6;3.0;-0.2;1.6;-1.17;76.72;-10241.0;4214.2;10132.8;-1152.2;-158.3;169.9;-233.5;202.2;0.19;-0.11;-11.04;0.67;-3.2;38.28
1753881485.06248;-3.6;3.0;-0.2;1.6;-0.66;74.52;-10237.1;3940.0;10165.4;-1132.6;-221.2;153.2;-221.1;164.5;0.09;0.76;-11.22;0.37;-0.97;38.44
1753881485.06748;-3.5;3.0;-0.2;1.6;-0.58;76.3;-10210.1;4179.4;10150.9;-1141.2;-205.1;173.7;-221.1;182.5;0.48;0.31;-11.85;-1.02;1.12;43.27
1753881485.07248;-3.5;3.0;-0.2;1.4;-0.97;77.8;-10276.5;4221.2;10157.2;-1137.9;-220.6;177.2;-225.6;193.8;-0.03;-0.11;-11.93;3.44;2.97;44.5
1753881485.07748;-3.6;3.0;-0.2;1.5;-1.25;77.65;-10239.9;4112.2;10152.0;-1143.7;-250.4;170.7;-228.6;192.2;0.44;-0.53;-11.42;-3.65;-3.13;58.22
1753881485.08248;-3.6;3.0;-0.2;1.4;-0.71;78.48;-10405.0;4206.5;10156.2;-1120.4;-237.4;137.7;-219.3;144.3;0.56;0.78;-11.35;-1.32;-3.85;32.3
1753881485.08748;-3.6;3.0;-0.2;1.5;-0.97;73.86;-10397.4;4089.0;10140.1;-1088.6;-172.1;184.7;-225.9;184.6;0.7;-0.12;-11.34;1.15;-3.08;38.75
1753881485.09248;-3.6;3.0;-0.2;1.3;-0.87;76.0;-10342.0;4427.0;10175.0;-1107.2;-214.4;162.1;-228.5;145.5;1.02;-1.24;-11.09;-0.98;-1.61;45.2
1753881485.09748;-3.6;3.0;-0.2;1.4;-1.45;80.19;-10381.4;4317.1;10164.4;-1118.5;-213.1;139.9;-226.2;132.3;0.25;0.31;-11.13;0.61;-3.77;44.22
1753881485.10248;-3.6;3.0;-0.2;1.5;-1.22;77.07;-10334.6;4320.5;10163.6;-1142.0;-224.2;173.7;-231.1;134.1;0.03;0.45;-10.52;0.46;1.84;44.15
1753881485.10748;-3.5;3.0;-0.2;1.2;-1.25;77.94;-10267.4;4244.4;10162.0;-1123.6;-227.4;176.6;-230.7;138.5;0.88;0.68;-10.39;1.31;-3.94;56.62
1753881485.112481;-3.6;3.0;-0.2;1.1;-1.35;78.98;-10391.8;4229.9;10176.8;-1124.6;-250.5;182.5;-226.8;177.2;-0.53;-0.31;-11.56;1.79;1.49;45.18
1753881485.117481;-3.6;3.0;-0.2;0.9;-1.13;81.74;-10293.5;4385.6;10165.3;-1145.2;-237.6;147.5;-235.3;147.6;0.38;0.15;-10.89;-3.95;0.55;41.15
1753881485.122481;-3.6;3.0;-0.2;1.1;-0.99;79.68;-10260.8;4350.7;10179.7;-1093.4;-273.4;170.7;-230.3;169.8;0.1;-0.34;-12.08;1.76;-4.07;42.25
1753881485.127481;-3.6;3.0;-0.2;1.1;-1.2;77.94;-10546.1;4272.6;10186.9;-1101.8;-287.6;194.4;-245.0;148.2;0.17;0.17;-11.12;1.28;-0.03;52.47
1753881485.132478;-3.6;3.0;-0.2;1.1;-1.34;80.63;-10400.0;4346.0;10180.0;-1106.0;-252.0;193.0;-241.0;137.0;0.18;0.11;-11.22;-1.58;-0.12;42.35
1753881485.137478;-3.6;3.0;-0.2;1.1;-1.34;80.63;-10400.0;4346.0;10180.0;-1106.0;-252.0;193.0;-241.0;137.0;0.0;-0.06;-11.63;3.38;-0.78;33.24
1753881485.142478;-3.6;3.0;-0.2;1.1;-1.34;80.63;-10400.0;4346.0;10180.0;-1106.0;-252.0;193.0;-241.0;137.0;0.38;-0.66;-11.05;1.52;-0.34;18.98
1753881485.147478;-3.6;3.0;-0.2;1.1;-1.34;80.63;-10400.0;4346.0;10180.0;-1106.0;-252.0;193.0;-241.0;137.0;-0.14;-0.35;-10.46;-2.03;-0.34;28.61
1753881485.152478;-3.6;3.0;-0.2;1.1;-1.34;80.63;-10400.0;4346.0;10180.0;-1106.0;-252.0;193.0;-241.0;137.0;-0.45;0.31;-10.73;0.33;-0.7;40.97
1753881485.157478;-3.6;3.0;-0.2;1.1;-1.34;80.63;-10400.0;4346.0;10180.0;-1106.0;-252.0;193.0;-241.0;137.0;-0.28;0.03;-10.29;1.69;1.28;22.71
1753881485.162478;-3.6;3.0;-0.2;1.1;-1.34;80.63;-10400.0;4346.0;10180.0;-1106.0;-252.0;193.0;-241.0;137.0;-1.24;0.6;-11.56;0.32;1.57;18.21
1753881485.167478;-3.6;3.0;-0.2;1.1;-1.34;80.63;-10400.0;4346.0;10180.0;-1106.0;-252.0;193.0;-241.0;137.0;-1.31;1.26;-11.9;0.28;-2.67;38.84
1753881485.172478;-3.7;3.1;-0.2;1.0;-1.7;81.52;-10315.9;4357.3;10016.4;-1140.4;-220.0;178.5;-177.0;62.2;-2.0;0.99;-11.94;2.27;0.38;39.57
1753881485.177478;-3.5;3.0;-0.2;0.6;-1.93;83.07;-10445.7;4306.1;10318.9;-1349.4;-131.9;143.5;-236.5;211.3;-0.63;0.6;-11.37;4.35;1.9;40.24
1753881485.182478;-3.7;3.1;-0.2;0.6;-2.1;78.75;-10235.2;3861.0;10098.1;-781.1;-187.9;185.8;-225.9;122.9;-1.61;1.19;-11.98;-0.52;0.86;26.92
1753881485.187478;-3.5;3.0;-0.2;0.8;-1.41;78.12;-10378.6;3929.2;10258.2;-1235.1;-186.4;176.0;-208.2;62.9;-0.4;0.68;-11.88;0.03;-4.04;35.83
1753881485.192479;-3.7;3.0;-0.2;0.8;-1.78;88.66;-10354.6;4213.9;10165.4;-1179.7;-290.1;230.1;-198.3;87.3;-0.52;0.19;-11.56;2.67;1.37;54.78
1753881485.197479;-3.6;3.1;-0.2;0.7;-1.88;86.0;-10603.8;4722.2;10172.1;-1585.3;-243.5;246.5;-236.6;142.1;-0.25;1.84;-11.32;1.7;-5.85;40.7
1753881485.202479;-3.5;3.0;-0.2;0.8;-1.02;73.64;-10190.3;4781.0;10166.3;-1795.2;-226.4;144.9;-271.7;140.6;-0.04;1.53;-12.14;1.6;-0.01;46.76
1753881485.207479;-3.7;3.1;-0.2;0.9;-1.97;83.5;-10553.4;4626.4;10042.4;-1889.6;-176.1;251.6;-176.8;220.9;-1.72;1.07;-11.48;0.02;0.51;38.94
1753881485.212479;-3.6;3.1;-0.2;1.2;-0.66;80.68;-10417.1;4821.3;10155.9;-1061.3;-81.4;163.1;-144.6;132.5;-1.49;0.84;-11.75;-1.15;-2.43;29.78
1753881485.217479;-3.7;3.1;-0.2;0.8;-0.64;84.28;-10626.2;4463.5;10111.6;-1519.0;-270.9;213.7;-168.8;170.7;-0.96;1.15;-10.64;0.71;-2.7;35.06
1753881485.222479;-3.7;3.1;-0.2;1.3;-0.99;82.08;-10610.9;5178.1;10109.5;-1325.8;-176.9;93.0;-160.9;-61.2;-0.74;0.74;-11.56;0.36;-5.6;29.89
1753881485.22748;-3.7;3.0;-0.2;0.4;-1.34;77.99;-10189.2;4688.2;10084.8;-1916.8;-207.0;258.3;-232.9;33.6;-1.15;1.18;-12.1;0.57;-1.19;33.0
1753881485.23248;-3.5;3.0;-0.2;0.4;-1.7;93.11;-10555.1;4812.8;10083.5;-1929.8;-80.7;169.1;-167.1;93.3;-0.41;1.01;-10.63;0.44;0.14;37.95
1753881485.23748;-3.9;3.0;-0.2;0.3;-1.68;89.15;-10594.7;4621.1;10033.5;-1871.3;-256.6;160.1;-205.6;129.9;-0.31;0.08;-11.48;-1.2;-1.22;27.48
1753881485.24248;-3.6;3.0;-0.2;0.5;-2.43;88.99;-10289.8;5066.6;10014.8;-1671.7;-323.9;145.6;-164.4;79.2;0.3;0.79;-11.69;1.88;-5.03;23.69
1753881485.24748;-3.8;2.9;-0.2;0.6;-1.8;82.46;-10115.4;4396.8;10053.4;-1684.2;-196.9;268.3;-209.3;185.7;-1.32;1.01;-11.28;0.72;-3.37;39.08
1753881485.25248;-3.8;3.0;-0.2;0.8;-0.1;91.12;-10498.8;4777.9;9947.3;-1610.1;-151.0;234.4;-162.0;71.3;-0.26;0.98;-11.33;-0.99;-1.49;36.57
1753881485.25748;-3.7;3.1;-0.2;0.6;-1.03;89.25;-10406.9;4915.9;9943.1;-1846.3;-303.9;134.8;-132.8;201.7;-0.45;0.65;-11.58;2.02;-6.01;31.37
1753881485.26248;-3.7;3.1;-0.2;1.0;-1.12;81.28;-10308.4;4760.6;10074.2;-1332.9;-256.6;230.0;-188.9;-76.4;-0.89;0.89;-10.96;1.72;-3.5;31.13
1753881485.26748;-3.6;3.0;-0.2;0.3;-1.58;82.0;-10395.8;5601.2;10058.4;-2341.1;-277.2;171.7;-219.9;49.2;-1.56;0.43;-10.69;0.32;-2.84;44.69
1753881485.27248;-3.6;3.0;-0.2;0.5;-1.29;84.68;-10504.4;4957.6;10002.9;-1777.7;-331.9;187.2;-106.7;-72.5;-0.95;0.81;-11.18;0.14;-3.71;42.55
1753881485.27748;-3.6;3.1;-0.2;0.6;-1.33;84.06;-10369.1;4619.2;9940.9;-2200.3;-275.6;224.9;-128.4;135.6;-0.38;0.12;-10.49;-0.65;-6.05;35.71
1753881485.282481;-3.6;3.1;-0.2;0.3;-1.22;79.84;-10372.3;4884.7;9889.2;-1926.2;-189.7;209.2;-98.3;202.6;-1.02;0.9;-10.13;-0.69;-2.3;59.73
1753881485.287481;-3.7;3.1;-0.2;0.5;-1.8;83.69;-10727.7;5278.7;9953.6;-1979.4;-238.3;128.3;-114.9;-24.3;-0.09;1.63;-10.67;0.97;-3.59;46.6
1753881485.292481;-3.8;3.0;-0.2;-0.4;-0.51;86.11;-10267.1;5093.4;9960.7;-2195.1;-361.5;162.6;-151.0;88.3;0.01;0.8;-11.35;1.48;1.89;16.81
1753881485.297481;-3.7;3.0;-0.2;-0.1;-0.55;85.19;-10463.3;5335.6;9930.2;-2212.4;-187.4;146.5;-125.9;84.4;-1.06;0.22;-10.73;-3.71;-1.78;26.74
1753881485.302481;-3.9;3.0;-0.2;0.4;-1.38;91.89;-10603.9;5237.6;10015.0;-2702.0;-363.5;112.1;-91.2;-0.9;-1.18;1.31;-11.6;-1.34;-2.66;24.33
1753881485.307481;-3.7;3.0;-0.2;-0.2;-1.34;81.3;-10553.4;5257.9;10066.5;-2161.8;-340.6;146.1;-63.3;2.9;0.59;0.9;-11.25;0.99;-3.98;31.39
1753881485.312482;-3.6;3.1;-0.2;-0.3;-1.16;88.09;-10514.6;4957.7;9963.3;-2037.7;-316.0;154.5;-66.2;12.3;0.58;0.42;-10.98;-2.11;-1.61;15.84
1753881485.317478;-3.7;3.0;-0.2;0.1;-1.23;86.92;-10426.0;5316.0;9903.0;-2296.0;-248.0;178.0;-104.0;25.0;-0.08;0.53;-10.93;-0.99;-2.11;31.79
1753881485.322478;-3.7;3.0;-0.2;0.1;-1.23;86.92;-10426.0;5316.0;9903.0;-2296.0;-248.0;178.0;-104.0;25.0;-0.4;0.41;-11.01;4.22;3.05;12.03
1753881485.327478;-3.7;3.0;-0.2;0.1;-1.23;86.92;-10426.0;5316.0;9903.0;-2296.0;-248.0;178.0;-104.0;25.0;-0.24;0.93;-10.18;1.03;0.36;33.15
1753881485.332478;-3.5;3.0;-0.2;-1.0;-0.18;85.12;-11125.8;4216.3;9582.8;-2118.0;-273.9;154.7;-138.2;131.2;-0.68;0.39;-10.05;4.41;2.71;11.66
1753881485.337478;-3.8;3.1;-0.2;0.3;-0.73;81.94;-10341.4;6324.5;10047.8;-1664.6;-220.8;230.0;-108.9;-3.0;0.37;1.14;-10.57;-0.06;-0.31;26.29
1753881485.342478;-3.6;3.1;-0.2;-0.2;-1.68;99.79;-10410.3;4809.9;9842.4;-1798.5;-193.7;256.7;-174.5;162.6;0.54;0.68;-9.86;2.84;1.2;27.76
1753881485.347478;-3.8;3.1;-0.2;0.4;-1.39;91.92;-10517.9;8313.5;9775.4;-4030.6;-333.1;224.6;-7.8;5.4;-0.19;0.59;-11.29;0.6;1.99;35.39
1753881485.352478;-3.9;3.0;-0.2;1.1;-2.14;86.14;-8487.3;4145.0;9784.3;-2108.9;-253.8;227.0;-147.6;60.9;0.46;0.98;-9.9;1.68;0.53;56.05
1753881485.357478;-3.9;3.1;-0.2;0.6;-0.65;87.7;-9924.4;4759.6;9949.1;-1385.6;-248.7;259.5;-130.9;16.2;0.12;0.9;-10.34;-3.29;1.51;23.56
1753881485.362479;-3.6;3.1;-0.2;-1.1;-1.04;83.82;-9218.1;5481.3;9796.6;-2108.1;-259.3;256.3;-82.1;87.1;-0.12;0.71;-11.68;-0.97;1.14;23.82
1753881485.367479;-3.7;3.0;-0.2;-0.9;-1.53;92.42;-9314.2;7457.3;9851.0;-4557.7;-243.7;140.1;4.7;-13.5;0.03;1.29;-11.32;5.93;3.96;46.35
1753881485.372479;-3.8;3.0;-0.2;-0.4;0.08;94.04;-10324.9;7449.5;9938.3;-3096.2;-125.8;214.1;-77.7;-24.2;0.2;0.3;-10.97;1.33;0.3;14.95
1753881485.377479;-3.7;3.1;-0.2;0.3;-2.04;80.12;-10828.5;5288.4;9775.3;-3072.6;-332.3;217.4;-54.3;36.5;0.76;0.66;-11.51;-2.63;-0.17;52.63
1753881485.382479;-3.9;3.0;-0.2;-0.5;-1.78;83.95;-10194.3;6115.9;9898.4;-1471.2;-109.9;287.6;-68.9;70.3;-0.45;1.12;-10.92;1.36;-0.53;3.83
1753881485.387479;-3.8;3.0;-0.2;-1.0;-1.66;93.04;-9379.3;6812.4;9886.0;-4369.0;-235.9;236.7;-29.7;139.9;-0.28;1.31;-11.12;4.1;1.22;22.38
1753881485.39248;-3.8;3.0;-0.2;-2.5;-0.75;83.1;-10038.3;6826.8;9827.0;-3306.2;-215.3;292.0;-73.7;20.0;-0.66;0.99;-11.2;-1.82;-0.37;53.27
1753881485.39748;-3.9;3.1;-0.2;-1.9;-1.48;92.43;-10224.2;7171.3;9763.2;-2747.1;-148.0;234.5;-205.5;46.2;0.62;1.27;-11.29;-1.65;1.01;4.67
1753881485.40248;-3.7;3.1;-0.2;-0.9;-1.06;84.19;-9670.1;7602.9;9948.8;-3608.5;-177.9;175.6;-40.1;-53.2;-0.13;1.24;-11.34;-4.83;1.26;40.2
1753881485.40748;-3.7;3.1;-0.2;0.3;-1.17;90.46;-10032.5;7217.5;9951.2;-2464.0;-294.2;139.0;-3.2;227.0;-1.57;0.75;-10.31;-1.13;0.41;31.44
1753881485.41248;-3.7;3.1;-0.2;0.4;-1.67;100.11;-9179.1;6108.0;9980.7;-3846.7;-239.1;289.7;-142.8;-23.1;-0.37;0.87;-11.5;-0.8;-0.11;3.88
1753881485.41748;-3.9;3.0;-0.2;-0.4;-2.01;90.18;-8928.4;7175.7;9986.8;-2784.6;-186.6;239.6;-149.5;-22.6;0.62;1.02;-11.39;-3.85;-1.41;25.67
1753881485.42248;-4.1;3.1;-0.2;-0.9;-0.85;101.18;-9831.8;7113.5;9948.9;-5870.4;-190.7;315.2;-43.6;27.9;0.31;0.84;-10.65;0.01;1.73;1.12
1753881485.42748;-3.8;3.1;-0.2;0.2;-1.33;89.28;-8382.3;7276.6;10006.7;-4396.5;-266.5;246.4;51.6;-65.7;0.01;0.8;-11.08;-0.16;-1.66;0.34
1753881485.43248;-3.9;3.1;-0.2;-1.6;-1.24;79.14;-8498.1;8097.4;9960.4;-3752.0;-152.5;195.6;9.7;-79.2;-0.01;-0.02;-10.75;-3.37;-0.16;0.47
1753881485.43748;-3.7;3.1;-0.2;-1.1;-1.8;87.81;-9130.6;8416.6;9888.2;-2953.3;-159.4;316.3;78.2;-79.9;0.42;0.12;-11.48;-3.01;0.49;-11.12
1753881485.44248;-3.7;3.0;-0.2;-0.6;-1.35;90.8;-9613.5;7150.7;9824.5;-4023.1;-195.8;221.7;-63.2;86.5;-0.3;1.63;-11.75;-2.31;0.34;19.7
1753881485.447481;-3.7;3.0;-0.2;-1.8;-0.88;99.4;-8992.7;5938.2;9921.0;-3141.0;-241.0;261.6;-75.6;-25.5;0.43;1.56;-11.43;-3.76;-2.53;5.48
1753881485.452481;-3.8;3.0;-0.2;-0.1;-1.0;80.25;-8309.8;7291.6;9925.4;-4350.7;-230.9;361.2;9.1;57.9;-0.03;1.29;-11.4;-5.36;0.25;-4.02
1753881485.457481;-3.9;3.0;-0.2;-1.7;-1.72;90.54;-8299.4;6451.6;9891.6;-5199.7;-308.0;369.8;-195.2;39.7;-0.63;1.49;-11.07;-1.88;-2.08;22.49
1753881485.462481;-4.0;3.1;-0.2;-1.5;-1.14;96.19;-7969.2;6798.6;9877.8;-4961.4;-282.5;362.7;-7.2;299.2;-0.62;1.14;-10.74;-3.29;-0.02;-13.72
1753881485.467481;-3.9;3.0;-0.2;-2.1;-1.06;86.86;-8829.8;7729.8;10006.2;-6149.4;-316.5;304.8;45.8;114.2;-0.87;0.0;-11.88;-1.62;0.72;-2.08
1753881485.472481;-3.6;3.1;-0.2;-1.9;-0.98;106.97;-7473.1;8251.0;10009.1;-3340.3;-191.9;199.5;-34.0;12.9;-0.11;1.54;-11.63;-1.66;3.6;8.0
1753881485.477481;-3.9;3.1;-0.2;-0.2;-1.67;98.36;-7383.8;6968.5;9935.0;-3478.6;-309.3;302.8;-40.5;-87.0;0.65;0.77;-12.55;-0.13;-3.27;-21.92
1753881485.482482;-3.8;3.1;-0.2;-3.4;-1.2;91.04;-7078.0;7239.1;9853.1;-4336.5;-146.4;229.2;50.7;-32.9;0.95;1.18;-11.78;-2.35;2.84;-9.26
1753881485.487482;-3.8;3.0;-0.2;-4.1;-1.87;93.74;-8621.4;8468.6;9883.0;-3994.9;-191.4;269.8;-35.0;74.9;0.29;0.92;-11.1;-3.94;0.97;-8.96
1753881485.492482;-3.8;3.0;-0.2;-1.4;-1.12;97.4;-6535.6;8235.0;9767.1;-5950.1;-361.7;301.7;-167.9;-96.1;0.27;1.85;-11.08;-8.82;-1.96;-27.11
1753881485.497482;-3.6;3.0;-0.2;-2.3;-1.09;100.74;-6882.4;6685.3;9915.0;-4953.0;-124.8;282.8;-23.0;69.1;-1.15;0.72;-11.48;-1.43;-1.33;-11.95
1753881485.502478;-3.9;3.1;-0.2;-2.0;-1.54;91.56;-7680.0;7873.0;9896.0;-4823.0;-196.0;319.0;-23.0;-4.0;-0.05;0.96;-11.95;-4.61;-0.43;-12.58
1753881485.507478;-3.9;3.1;-0.2;-5.2;-1.14;85.9;-6365.2;5894.5;9842.4;-3430.7;-283.6;266.2;-159.5;-164.1;0.52;0.34;-11.67;-6.85;-2.56;-12.64
1753881485.512478;-3.8;3.1;-0.2;0.9;-1.97;78.89;-8848.3;10209.1;10088.9;-5555.5;-218.9;378.1;10.6;-49.6;-0.12;0.71;-11.88;-4.58;-3.04;-13.75
1753881485.517478;-3.9;3.1;-0.2;-0.0;-1.7;73.18;-7784.6;6946.7;9912.1;-4241.1;-170.1;320.9;171.5;68.5;-0.41;1.58;-11.55;-4.62;1.67;-2.73
1753881485.522478;-3.7;3.0;-0.2;-0.4;-1.6;91.95;-6411.8;6785.3;9673.6;-6647.6;-148.8;292.3;105.1;-103.3;-0.17;0.94;-11.88;-3.11;-0.62;-5.1
1753881485.527478;-3.8;3.0;-0.2;-3.8;-1.7;87.06;-5432.1;7820.0;9813.3;-4491.1;-176.9;293.5;28.3;-40.8;-0.61;-0.06;-12.45;-3.02;0.7;-21.38
1753881485.532478;-4.0;3.1;-0.2;-2.9;-1.61;93.05;-5993.7;7554.7;9697.2;-2894.7;-234.6;405.6;-58.8;4.1;0.34;0.87;-12.21;-2.61;1.35;33.46
1753881485.537479;-3.9;3.1;-0.2;-3.2;-1.27;83.87;-6218.8;10411.4;10000.8;-3848.0;-171.8;318.3;56.1;-40.8;-0.51;1.42;-12.36;-3.99;-0.57;4.26
1753881485.542479;-3.8;3.1;-0.2;-2.8;-1.5;86.08;-5532.1;10467.3;9709.6;-2174.8;-153.1;181.0;26.4;47.2;0.07;0.38;-11.3;-0.06;3.27;-3.99
1753881485.547479;-3.9;3.0;-0.2;-3.5;-1.65;100.67;-7498.5;7613.4;10021.1;-7100.5;-150.4;142.6;200.1;198.0;-0.06;0.89;-12.35;-4.95;1.36;2.04
1753881485.552479;-3.7;3.1;-0.2;-2.7;-1.97;88.98;-6547.3;8655.8;9604.3;-7286.4;-201.3;203.1;13.1;25.5;0.3;1.39;-12.25;-4.05;1.1;-6.16
1753881485.557479;-3.8;3.0;-0.2;-4.6;-1.44;81.78;-6258.9;9245.8;9737.2;-1641.3;-255.1;279.1;173.4;-33.8;0.35;0.53;-11.45;-1.25;-0.28;-27.68
1753881485.562479;-4.0;3.1;-0.2;-3.6;-1.05;93.61;-6110.7;13778.7;9948.5;-4899.2;-263.1;155.1;42.6;-157.9;-0.1;1.14;-11.17;-3.54;-0.41;4.43
1753881485.567479;-4.1;3.1;-0.2;-2.2;-1.47;94.25;-6838.7;5793.2;9963.1;-5232.9;-172.8;154.9;22.8;-153.1;0.25;0.95;-10.79;-5.71;-3.23;-23.78
1753881485.57248;-3.8;3.0;-0.2;-3.0;-0.87;94.63;-6861.5;8345.2;9699.0;-7359.9;-286.6;215.7;228.1;-109.2;-0.35;0.88;-10.91;-5.41;-2.45;11.38
1753881485.57748;-3.9;3.0;-0.2;-3.7;-1.32;92.31;-6378.0;8015.7;9924.9;-5038.2;-200.3;341.3;-80.8;-261.6;-0.02;1.18;-11.78;0.89;4.87;-22.2
1753881485.58248;-3.6;3.1;-0.2;-0.9;-0.33;94.19;-5577.2;8779.4;9919.6;-8425.7;-178.0;290.1;190.2;78.5;0.34;0.37;-11.0;0.89;-1.0;-1.97
1753881485.58748;-4.3;3.0;-0.2;-2.0;-0.66;82.82;-6323.8;8133.8;9881.9;-5353.0;-306.7;294.5;96.6;-73.8;0.18;0.78;-11.78;1.41;-1.42;27.62
1753881485.59248;-4.0;3.1;-0.2;-4.2;-1.38;82.88;-5980.2;9204.4;9677.0;-6091.6;-186.2;98.6;-106.7;-133.9;-0.47;0.64;-10.43;-2.78;0.23;0.21
1753881485.59748;-4.1;3.0;-0.2;-1.4;-0.47;96.49;-6274.1;7470.9;10010.3;-5484.8;-290.5;199.8;-34.7;80.3;0.19;0.76;-11.31;-2.75;2.48;-46.73
1753881485.60248;-4.3;3.1;-0.2;-2.7;-1.33;95.92;-6293.6;9957.6;9803.1;-5251.5;-220.2;123.1;105.9;-171.8;0.87;1.1;-11.31;0.39;2.6;-51.85
1753881485.60748;-3.8;3.0;-0.2;-2.3;-1.04;99.47;-6503.5;8872.4;9949.5;-6842.8;-258.9;232.1;74.9;-42.5;-0.08;1.21;-10.05;-2.54;1.76;-10.21
1753881485.61248;-3.9;3.1;-0.2;-6.4;-0.68;92.27;-6943.3;10468.4;9533.9;-3802.8;-207.4;64.4;63.9;-62.6;0.19;1.01;-10.62;-0.86;-0.3;-13.92
1753881485.61748;-3.7;3.1;-0.2;-1.9;-1.23;81.66;-7493.9;8187.9;9665.1;-5441.4;-316.7;264.9;45.7;-131.1;0.18;1.03;-11.04;2.14;0.23;-0.46
1753881485.622481;-3.9;3.1;-0.2;-3.0;-0.67;83.65;-7276.2;7277.1;9655.7;-5706.0;-295.7;56.4;28.8;-242.5;-0.65;1.78;-11.51;0.03;-3.24;-8.15
1753881485.627481;-4.0;3.1;-0.2;-3.0;-0.86;93.85;-6830.8;9303.6;9892.2;-5557.9;-328.5;152.5;58.6;-33.2;-1.15;0.55;-11.51;-0.66;7.25;10.62
1753881485.632481;-4.3;3.1;-0.2;-2.0;-0.62;99.21;-7716.6;10535.8;9716.5;-8991.0;-224.3;172.9;32.5;-18.2;0.25;1.21;-11.34;-1.83;0.56;-16.01
1753881485.637481;-4.0;3.1;-0.2;-3.2;-0.27;85.85;-9118.4;8558.5;9846.3;-6074.4;-263.8;37.9;76.8;-22.0;-0.7;0.92;-9.93;2.94;0.61;10.32
1753881485.642481;-4.1;3.0;-0.2;-3.1;-1.28;85.67;-7379.8;8128.8;9282.9;-7306.1;-321.8;179.9;84.2;-144.5;0.25;0.58;-10.88;3.24;-0.51;-1.43
1753881485.647481;-3.8;3.0;-0.2;-3.8;-1.36;82.31;-6885.0;9137.0;9629.2;-9731.1;-258.3;47.2;315.3;-201.8;-0.02;0.03;-9.49;1.31;3.48;2.48
1753881485.652481;-4.1;3.1;-0.2;-6.2;-1.35;94.62;-7004.3;10556.7;9664.6;-5946.8;-275.6;19.4;256.9;-19.8;-0.2;0.81;-10.32;-2.08;2.65;-13.76
1753881485.657482;-3.9;3.1;-0.2;-3.9;-0.65;79.31;-5938.0;8039.1;9450.1;-7371.4;-289.8;87.2;-80.3;-163.2;-1.48;0.98;-10.51;1.57;1.37;-19.38
1753881485.662482;-3.8;3.1;-0.2;-5.0;-1.44;99.99;-6371.7;5308.3;9547.2;-5865.9;-395.2;132.1;502.0;-250.4;-1.07;0.06;-10.95;1.17;-0.73;-0.53
1753881485.667482;-3.9;3.0;-0.2;-4.2;-0.15;88.28;-7735.4;11754.1;9498.1;-6790.6;-221.4;45.9;-81.2;-138.7;-0.53;1.1;-9.41;2.65;1.9;3.56
1753881485.672482;-4.2;3.1;-0.2;-4.4;-0.71;93.34;-7453.6;11053.1;9056.0;-8601.2;-260.9;64.8;180.7;-52.1;-0.39;-0.19;-10.68;2.75;-0.25;-1.58
1753881485.677482;-3.8;3.1;-0.2;-4.7;-1.12;82.04;-7123.8;12437.7;9473.5;-8053.3;-212.8;42.9;341.3;-170.8;-1.2;0.55;-10.22;-2.33;4.98;-20.86
1753881485.682478;-4.0;3.1;-0.2;-3.6;-0.78;92.18;-6846.0;10106.0;9610.0;-7186.0;-280.0;66.0;169.0;-137.0;-0.44;0.82;-10.34;2.32;1.48;-5.34
1753881485.687478;-4.0;3.1;-0.2;-3.6;-0.78;92.18;-6846.0;10106.0;9610.0;-7186.0;-280.0;66.0;169.0;-137.0;0.75;1.06;-9.96;1.36;-0.69;10.81
1753881485.692478;-4.0;3.1;-0.2;-3.6;-0.78;92.18;-6846.0;10106.0;9610.0;-7186.0;-280.0;66.0;169.0;-137.0;1.11;0.96;-10.66;0.52;-0.2;-3.16
1753881485.697478;-4.0;3.1;-0.2;-3.6;-0.78;92.18;-6846.0;10106.0;9610.0;-7186.0;-280.0;66.0;169.0;-137.0;0.13;0.53;-10.77;-0.29;0.97;-5.72
1753881485.702478;-4.0;3.1;-0.2;-3.6;-0.78;92.18;-6846.0;10106.0;9610.0;-7186.0;-280.0;66.0;169.0;-137.0;0.58;0.8;-10.41;0.48;-2.14;12.0
1753881485.707478;-4.0;3.1;-0.2;-3.6;-0.78;92.18;-6846.0;10106.0;9610.0;-7186.0;-280.0;66.0;169.0;-137.0;0.98;0.55;-9.73;0.48;1.13;-1.87
1753881485.712478;-4.0;3.1;-0.2;-3.6;-0.78;92.18;-6846.0;10106.0;9610.0;-7186.0;-280.0;66.0;169.0;-137.0;0.26;1.04;-10.61;-1.37;1.54;-3.61
1753881485.717478;-4.0;3.1;-0.2;-3.6;-0.78;92.18;-6846.0;10106.0;9610.0;-7186.0;-280.0;66.0;169.0;-137.0;0.3;0.26;-9.58;-2.45;7.49;2.15
1753881485.722478;-4.0;3.1;-0.2;-3.6;-0.78;92.18;-6846.0;10106.0;9610.0;-7186.0;-280.0;66.0;169.0;-137.0;-0.64;0.04;-11.0;-2.17;10.72;-3.9
1753881485.727478;-4.0;3.1;-0.2;-3.6;-0.78;92.18;-6846.0;10106.0;9610.0;-7186.0;-280.0;66.0;169.0;-137.0;-0.06;-0.93;-10.54;-7.33;3.16;-4.26
1753881485.732478;-4.0;3.1;-0.2;-3.6;-0.78;92.18;-6846.0;10106.0;9610.0;-7186.0;-280.0;66.0;169.0;-137.0;-0.96;0.18;-10.74;4.26;0.67;-6.15
1753881485.737478;-4.0;3.1;-0.2;-3.6;-0.78;92.18;-6846.0;10106.0;9610.0;-7186.0;-280.0;66.0;169.0;-137.0;-0.53;0.74;-10.46;6.27;-8.83;17.5
1753881485.742478;-4.0;3.1;-0.2;-3.6;-0.78;92.18;-6846.0;10106.0;9610.0;-7186.0;-280.0;66.0;169.0;-137.0;1.17;0.0;-9.55;-0.66;-7.76;-4.23
1753881485.747478;-4.0;3.1;-0.2;-5.0;-0.96;92.11;-6599.3;12351.1;9453.9;-7462.6;-327.5;140.1;153.6;-8.2;0.55;-0.12;-10.01;1.1;-8.12;14.35
1753881485.752478;-4.1;3.1;-0.2;-1.9;0.01;94.35;-10021.1;8678.6;9297.7;-7729.1;-247.9;87.9;170.2;-243.0;1.67;0.03;-9.31;6.37;-8.45;-4.27
1753881485.757478;-4.0;3.1;-0.2;-5.3;0.16;89.75;-7075.2;10602.2;9241.3;-8378.0;-253.5;169.3;-112.9;-108.5;0.31;0.84;-9.57;1.19;-4.96;-9.3
1753881485.762478;-3.9;3.1;-0.2;-3.5;0.07;82.88;-7799.0;8803.1;9791.8;-6493.9;-213.0;18.4;28.8;-54.8;1.73;0.56;-10.41;2.73;-2.16;-12.72
1753881485.767478;-4.1;3.1;-0.2;-2.1;-0.62;93.12;-6779.6;12822.5;9945.2;-7656.5;-185.2;194.7;286.5;214.7;1.6;-0.32;-10.2;0.93;-2.75;-5.92
1753881485.772478;-4.2;3.1;-0.2;-2.1;-0.07;87.09;-4304.6;11257.4;10030.2;-4814.7;-323.0;45.8;351.3;21.9;0.69;-0.45;-9.24;2.41;-14.21;-4.14
1753881485.777479;-4.0;3.1;-0.2;-1.3;-0.4;87.36;-5696.4;9807.3;9805.4;-6275.7;-215.3;104.1;-27.5;-107.3;1.12;1.32;-9.73;-1.84;1.58;-19.73
1753881485.782479;-4.3;3.1;-0.2;0.3;-0.67;94.39;-4320.4;12285.1;9923.8;-7676.0;-308.9;-15.7;28.0;-186.2;0.6;0.25;-10.25;1.73;2.9;-11.38
1753881485.787479;-4.2;3.1;-0.2;-3.1;-0.51;91.6;-3659.7;6338.0;9666.1;-1042.8;-224.4;136.8;376.4;-226.7;1.96;0.74;-10.21;-5.95;-3.15;-36.0
1753881485.792479;-4.1;3.1;-0.2;-4.6;0.44;95.04;-7743.4;9614.9;9261.9;-3261.3;-212.8;158.6;247.4;-135.2;1.25;-0.96;-11.62;-4.38;-0.88;-7.13
1753881485.797479;-4.0;3.1;-0.2;-3.3;-0.56;91.2;-6114.9;8987.9;9421.4;-8435.0;-230.1;65.9;-21.2;-64.7;1.75;0.21;-8.65;-0.37;1.93;24.13
1753881485.802479;-4.0;3.1;-0.2;-3.7;0.77;93.2;-5604.2;13960.3;9938.9;-6322.0;-273.0;-2.3;-41.7;-116.9;-0.54;0.65;-9.35;4.26;-4.3;-9.75
1753881485.80748;-4.0;3.1;-0.2;-5.6;0.53;93.16;-8742.6;11073.3;10236.8;-6383.0;-216.4;85.1;7.9;64.6;0.3;0.23;-10.13;1.58;-0.82;-24.32
1753881485.81248;-4.2;3.1;-0.2;0.1;-0.09;93.78;-9032.4;8315.8;10189.6;-8980.9;-171.3;66.6;234.9;-213.8;0.56;-0.22;-10.01;1.83;0.7;-12.55
1753881485.81748;-4.2;3.0;-0.2;-3.3;0.38;90.84;-8097.4;10436.5;10060.8;-4440.0;-101.6;111.8;-10.5;-337.3;0.71;1.59;-10.98;-6.56;-2.67;-7.06
1753881485.82248;-4.4;3.1;-0.2;-3.0;0.49;91.3;-8381.4;8740.3;10202.8;-7800.2;-151.9;146.2;177.1;-168.2;0.77;0.54;-10.36;-3.01;3.33;37.57
1753881485.82748;-4.2;3.0;-0.2;-5.1;-0.74;94.88;-6375.5;11556.1;9333.0;-5580.4;-92.7;53.6;-161.9;26.0;1.11;0.87;-9.13;4.49;-1.76;2.79
1753881485.83248;-4.0;3.1;-0.2;-5.4;-0.61;90.49;-8253.2;6517.8;10343.5;-5002.0;-88.2;94.4;70.7;-93.1;0.63;-0.15;-9.56;3.54;2.52;-0.14
1753881485.83748;-4.0;3.1;-0.2;-1.6;-0.28;89.07;-6912.6;7265.5;9864.2;-12245.0;-130.0;-8.7;146.7;-160.0;-0.53;0.59;-9.9;1.86;4.75;19.55
1753881485.84248;-4.2;3.0;-0.2;-1.8;0.59;86.13;-4815.1;14018.4;10174.3;-7504.3;-96.7;118.9;437.6;-194.2;-0.16;0.64;-9.13;-3.23;0.43;19.84
1753881485.84748;-3.9;3.1;-0.2;-5.1;0.87;90.08;-6380.9;12319.2;10342.1;-8939.2;-119.4;-118.8;250.0;-36.8;-1.51;1.94;-10.15;0.52;4.15;-16.5
1753881485.85248;-4.2;3.1;-0.2;-4.2;0.32;81.42;-10130.5;10535.5;10054.2;-13956.5;-184.9;-18.6;304.5;-268.0;-0.32;0.97;-9.17;-2.17;-6.08;-13.06
1753881485.85748;-3.9;3.1;-0.2;-0.4;0.27;91.62;-5989.8;12297.1;9991.9;-4734.1;-63.0;135.9;-97.8;-215.8;0.37;1.48;-10.26;-3.84;2.07;0.95
1753881485.862481;-4.0;3.1;-0.2;-2.8;0.02;102.58;-6151.0;11940.5;9943.8;-4453.3;-208.3;-53.3;111.2;-123.2;-0.76;1.82;-10.84;4.77;9.42;-27.98
1753881485.867478;-4.2;3.1;-0.2;-3.0;0.58;92.17;-7533.0;10050.0;10143.0;-7486.0;-96.0;48.0;49.0;-80.0;-0.29;1.24;-10.41;0.68;3.8;2.7
1753881485.872478;-4.2;3.1;-0.2;-3.0;0.58;92.17;-7533.0;10050.0;10143.0;-7486.0;-96.0;48.0;49.0;-80.0;-0.28;0.35;-12.12;0.59;-1.11;11.2
1753881485.877478;-4.2;3.1;-0.2;-3.0;0.58;92.17;-7533.0;10050.0;10143.0;-7486.0;-96.0;48.0;49.0;-80.0;0.77;-0.49;-12.96;1.61;1.31;-15.6
1753881485.882478;-4.2;3.1;-0.2;-3.0;0.58;92.17;-7533.0;10050.0;10143.0;-7486.0;-96.0;48.0;49.0;-80.0;0.47;0.92;-12.23;2.17;-1.28;2.76
1753881485.887478;-4.2;3.1;-0.2;-1.9;0.99;93.22;-6434.4;11417.6;9859.8;-6871.9;-131.4;86.9;61.2;-70.5;0.77;0.27;-10.31;6.79;2.07;-9.51
1753881485.892478;-4.2;3.1;-0.2;-3.0;0.58;92.17;-7533.0;10050.0;10143.0;-7486.0;-96.0;48.0;49.0;-80.0;0.19;-0.08;-8.89;3.45;2.14;1.22
1753881485.897478;-4.2;3.1;-0.2;-3.0;0.58;92.17;-7533.0;10050.0;10143.0;-7486.0;-96.0;48.0;49.0;-80.0;1.11;0.5;-9.67;-4.81;-0.36;1.67
1753881485.902478;-4.2;3.1;-0.2;-3.0;0.58;92.17;-7533.0;10050.0;10143.0;-7486.0;-96.0;48.0;49.0;-80.0;0.51;0.52;-11.08;-0.21;-1.6;-2.7
1753881485.907478;-4.2;3.1;-0.2;-3.0;0.58;92.17;-7533.0;10050.0;10143.0;-7486.0;-96.0;48.0;49.0;-80.0;-0.45;-0.38;-12.66;-2.13;-0.75;2.41
1753881485.912478;-4.2;3.1;-0.2;-3.0;0.58;92.17;-7533.0;10050.0;10143.0;-7486.0;-96.0;48.0;49.0;-80.0;-0.22;-0.22;-12.5;0.29;-0.75;0.53
1753881485.917478;-4.2;3.1;-0.2;-3.0;0.58;92.17;-7533.0;10050.0;10143.0;-7486.0;-96.0;48.0;49.0;-80.0;-0.64;0.37;-11.46;4.64;1.14;4.44
1753881485.922478;-4.2;3.1;-0.2;-3.0;0.58;92.17;-7533.0;10050.0;10143.0;-7486.0;-96.0;48.0;49.0;-80.0;0.04;-0.22;-10.29;4.98;0.35;5.3
1753881485.927478;-4.2;3.1;-0.2;-3.0;0.58;92.17;-7533.0;10050.0;10143.0;-7486.0;-96.0;48.0;49.0;-80.0;-0.01;-0.59;-9.61;1.15;-1.28;-0.57
1753881485.932478;-4.2;3.1;-0.2;-3.0;0.58;92.17;-7533.0;10050.0;10143.0;-7486.0;-96.0;48.0;49.0;-80.0;-0.78;0.33;-10.38;1.15;1.44;-1.31
1753881485.937478;-4.2;3.1;-0.2;-3.0;0.58;92.17;-7533.0;10050.0;10143.0;-7486.0;-96.0;48.0;49.0;-80.0;-1.23;0.32;-11.62;2.51;0.01;4.85
1753881485.942478;-4.2;3.1;-0.2;-3.0;0.58;92.17;-7533.0;10050.0;10143.0;-7486.0;-96.0;48.0;49.0;-80.0;-0.43;-0.15;-11.92;1.44;-0.19;0.17
1753881485.947478;-4.2;3.1;-0.2;-3.0;0.58;92.17;-7533.0;10050.0;10143.0;-7486.0;-96.0;48.0;49.0;-80.0;-0.42;0.06;-11.55;2.11;2.73;-8.12
1753881485.952478;-4.2;3.1;-0.2;-3.0;0.58;92.17;-7533.0;10050.0;10143.0;-7486.0;-96.0;48.0;49.0;-80.0;-0.67;1.01;-10.61;3.91;-0.66;8.53
1753881485.957478;-4.2;3.1;-0.2;-3.3;-0.1;92.17;-7297.1;10052.3;10001.9;-7474.3;-80.1;49.0;53.3;-97.7;-0.87;0.94;-9.29;0.54;-5.98;9.36
1753881485.962478;-4.1;3.1;-0.2;-2.8;0.56;92.16;-7390.9;10048.5;10007.7;-7493.3;-136.8;39.0;113.7;-69.4;-0.15;-0.25;-12.08;7.88;2.12;11.04
1753881485.967478;-4.3;3.1;-0.2;-2.8;0.51;92.17;-7532.9;10081.4;10168.7;-7350.7;-132.2;48.0;24.7;-54.5;-0.3;1.0;-11.74;2.24;0.54;-5.75
1753881485.972478;-4.2;3.1;-0.2;-2.7;0.51;92.18;-7392.4;10091.9;9927.4;-7481.7;-44.2;43.1;37.1;-55.3;0.03;1.28;-10.28;3.01;1.48;9.23
1753881485.977478;-4.2;3.1;-0.2;-2.7;0.17;92.18;-7722.9;10054.0;9950.7;-7637.9;15.7;55.4;47.7;-28.8;-0.16;0.36;-8.3;3.73;-1.13;-7.41
1753881485.982478;-4.1;3.1;-0.2;-2.5;0.08;92.17;-7588.5;10089.3;9962.7;-7512.1;-55.8;42.2;57.5;-102.1;-0.28;0.37;-10.11;2.76;-1.17;-1.13
1753881485.987479;-4.2;3.1;-0.2;-2.2;0.18;92.18;-7445.3;10117.9;9653.1;-7478.8;21.0;54.9;-32.0;-116.3;-0.7;0.07;-10.94;1.54;0.87;3.95
1753881485.992479;-4.3;3.1;-0.2;-2.4;0.47;92.18;-7534.4;10128.4;10193.8;-7546.6;-155.6;55.3;63.4;-68.7;-0.14;0.16;-10.31;5.76;-3.12;8.91
1753881485.997479;-4.2;3.1;-0.2;-2.0;0.51;92.18;-7533.1;10061.0;9998.1;-7462.5;72.1;53.9;43.7;-37.5;-0.65;0.13;-9.88;-5.46;2.48;7.09
1753881486.002479;-4.2;3.1;-0.2;-2.0;0.47;92.18;-7532.3;10128.4;10138.2;-7518.4;-31.7;60.0;71.4;-42.9;-0.23;0.42;-9.63;-1.18;-1.89;-2.4
1753881486.007479;-4.3;3.1;-0.2;-2.7;-0.25;92.18;-7560.8;10110.5;9758.0;-7644.3;-101.5;49.4;79.5;-51.4;-0.33;0.48;-8.34;-1.29;2.25;-2.29
1753881486.012479;-4.2;3.1;-0.2;-2.7;0.02;92.18;-7373.0;10140.4;9754.4;-7531.5;-101.4;48.9;45.3;-31.6;-0.11;-0.36;-8.15;-2.51;-1.26;6.58
1753881486.01748;-4.3;3.1;-0.2;-2.0;0.13;92.18;-7747.0;10086.5;9953.2;-7385.9;-146.3;53.3;13.0;-40.3;-0.99;0.25;-10.98;4.67;0.59;-8.27
1753881486.02248;-4.3;3.1;-0.2;-2.1;0.53;92.18;-7232.3;10117.7;9898.4;-7294.3;-148.9;55.9;65.3;-58.8;-0.07;0.1;-9.74;-2.42;1.13;-9.81
1753881486.02748;-4.2;3.1;-0.2;-2.1;0.09;92.19;-7583.9;10120.6;9999.5;-7407.2;32.7;58.9;98.0;-53.5;-1.31;-0.66;-9.72;-0.78;-3.64;-11.8
1753881486.03248;-4.2;3.1;-0.2;-1.7;0.09;92.2;-7349.6;10095.7;9800.9;-7551.2;22.0;60.3;87.6;-43.1;-0.33;0.83;-9.35;5.53;-0.71;-17.08
1753881486.03748;-4.3;3.1;-0.2;-2.2;0.97;92.19;-7652.3;10113.0;10217.3;-7462.7;1.2;53.6;44.5;-78.9;-0.33;0.59;-9.34;1.33;-3.34;4.6
1753881486.04248;-4.3;3.1;-0.2;-2.4;0.3;92.19;-7567.3;10153.7;10053.2;-7554.8;-50.9;50.5;107.8;-59.7;-0.22;-0.45;-9.52;2.95;2.32;-12.34
1753881486.047478;-4.3;3.1;-0.2;-2.0;0.11;92.19;-7653.0;10150.0;9933.0;-7440.0;-47.0;57.0;64.0;-45.0;-0.64;-0.44;-10.17;0.33;-0.16;-7.43
1753881486.052478;-4.3;3.1;-0.2;-2.0;0.11;92.19;-7653.0;10150.0;9933.0;-7440.0;-47.0;57.0;64.0;-45.0;-0.52;0.44;-9.39;0.14;-0.38;20.27
1753881486.057478;-4.3;3.1;-0.2;-2.0;0.11;92.19;-7653.0;10150.0;9933.0;-7440.0;-47.0;57.0;64.0;-45.0;0.1;-0.32;-9.49;-0.32;2.78;-2.97
1753881486.062478;-4.3;3.1;-0.2;-2.0;0.11;92.19;-7653.0;10150.0;9933.0;-7440.0;-47.0;57.0;64.0;-45.0;-0.09;-0.09;-10.46;1.6;3.01;-10.94
1753881486.067478;-4.3;3.1;-0.2;-2.0;0.11;92.19;-7653.0;10150.0;9933.0;-7440.0;-47.0;57.0;64.0;-45.0;0.14;0.06;-11.34;1.37;-1.77;11.14
1753881486.072478;-4.3;3.1;-0.2;-2.0;0.11;92.19;-7653.0;10150.0;9933.0;-7440.0;-47.0;57.0;64.0;-45.0;0.01;0.18;-11.22;0.96;0.7;4.04
1753881486.077478;-4.3;3.1;-0.2;-2.0;0.11;92.19;-7653.0;10150.0;9933.0;-7440.0;-47.0;57.0;64.0;-45.0;0.81;0.79;-8.89;1.68;2.83;-11.61
1753881486.082478;-4.3;3.1;-0.2;-2.0;0.11;92.19;-7653.0;10150.0;9933.0;-7440.0;-47.0;57.0;64.0;-45.0;-0.07;1.51;-10.02;1.73;-1.39;7.49
1753881486.087478;-4.3;3.1;-0.2;-2.0;0.11;92.19;-7653.0;10150.0;9933.0;-7440.0;-47.0;57.0;64.0;-45.0;0.37;0.47;-10.75;-1.4;-2.21;10.13
1753881486.092478;-4.3;3.1;-0.2;-2.0;0.11;92.19;-7653.0;10150.0;9933.0;-7440.0;-47.0;57.0;64.0;-45.0;0.21;-0.09;-11.21;-0.15;3.11;-17.91
1753881486.097478;-4.3;3.1;-0.2;-2.0;0.11;92.19;-7653.0;10150.0;9933.0;-7440.0;-47.0;57.0;64.0;-45.0;0.08;1.05;-11.29;0.99;0.53;3.35
1753881486.102478;-4.3;3.1;-0.2;-2.0;0.11;92.19;-7653.0;10150.0;9933.0;-7440.0;-47.0;57.0;64.0;-45.0;0.44;1.0;-11.18;0.76;-2.44;12.03
1753881486.107478;-4.3;3.1;-0.2;-2.0;0.11;92.19;-7653.0;10150.0;9933.0;-7440.0;-47.0;57.0;64.0;-45.0;0.83;0.05;-11.49;-0.45;1.42;-12.12
1753881486.112478;-4.3;3.1;-0.2;-2.0;0.11;92.19;-7653.0;10150.0;9933.0;-7440.0;-47.0;57.0;64.0;-45.0;0.54;0.81;-11.28;1.11;0.92;-3.45
1753881486.117478;-4.3;3.1;-0.2;-2.0;0.11;92.19;-7653.0;10150.0;9933.0;-7440.0;-47.0;57.0;64.0;-45.0;0.51;1.02;-10.35;1.37;-1.19;15.27
1753881486.122478;-4.3;3.1;-0.2;-2.0;0.11;92.19;-7653.0;10150.0;9933.0;-7440.0;-47.0;57.0;64.0;-45.0;0.24;0.0;-10.55;0.42;1.32;-2.28
1753881486.127478;-4.3;3.1;-0.2;-2.0;0.11;92.19;-7653.0;10150.0;9933.0;-7440.0;-47.0;57.0;64.0;-45.0;-0.09;-0.26;-11.0;-1.81;3.19;-14.43
1753881486.132478;-4.3;3.1;-0.2;-2.0;0.11;92.19;-7653.0;10150.0;9933.0;-7440.0;-47.0;57.0;64.0;-45.0;-0.14;0.33;-11.14;-1.17;-1.22;12.9
1753881486.137478;-4.3;3.1;-0.2;-2.0;0.11;92.19;-7653.0;10150.0;9933.0;-7440.0;-47.0;57.0;64.0;-45.0;0.11;-0.23;-10.65;0.45;0.99;5.14
1753881486.142478;-4.3;3.1;-0.2;-2.0;0.11;92.19;-7653.0;10150.0;9933.0;-7440.0;-47.0;57.0;64.0;-45.0;0.18;-0.05;-10.83;-1.2;2.9;-7.13
1753881486.147478;-4.3;3.1;-0.2;-2.0;0.11;92.19;-7653.0;10150.0;9933.0;-7440.0;-47.0;57.0;64.0;-45.0;0.3;0.51;-10.89;0.86;-1.27;6.08
1753881486.152478;-4.3;3.1;-0.2;-2.0;0.11;92.19;-7653.0;10150.0;9933.0;-7440.0;-47.0;57.0;64.0;-45.0;-0.15;0.24;-10.98;1.93;0.32;3.23
1753881486.157478;-4.3;3.1;-0.2;-2.0;0.11;92.19;-7653.0;10150.0;9933.0;-7440.0;-47.0;57.0;64.0;-45.0;0.09;-0.13;-10.81;-1.15;1.48;-5.95
1753881486.162478;-4.3;3.1;-0.2;-2.0;0.11;92.19;-7653.0;10150.0;9933.0;-7440.0;-47.0;57.0;64.0;-45.0;0.23;0.57;-10.67;-1.44;0.7;0.41
1753881486.167478;-4.3;3.1;-0.2;-2.0;0.11;92.19;-7653.0;10150.0;9933.0;-7440.0;-47.0;57.0;64.0;-45.0;-0.09;0.17;-10.31;-7.07;0.96;10.58
1753881486.172478;-4.3;3.1;-0.2;-2.0;0.11;92.19;-7653.0;10150.0;9933.0;-7440.0;-47.0;57.0;64.0;-45.0;-0.85;-1.19;-9.46;-3.93;8.02;-19.42
1753881486.177478;-4.3;3.1;-0.2;-2.0;0.11;92.19;-7653.0;10150.0;9933.0;-7440.0;-47.0;57.0;64.0;-45.0;0.1;0.46;-10.67;13.96;-6.63;14.08
1753881486.182478;-4.3;3.1;-0.2;-2.0;0.11;92.19;-7653.0;10150.0;9933.0;-7440.0;-47.0;57.0;64.0;-45.0;0.41;-0.51;-10.13;-5.85;-4.36;15.99
1753881486.187478;-4.3;3.1;-0.2;-2.0;0.11;92.19;-7653.0;10150.0;9933.0;-7440.0;-47.0;57.0;64.0;-45.0;-0.09;-1.8;-9.9;-6.88;8.53;-27.16
1753881486.192478;-4.3;3.1;-0.2;-2.0;0.11;92.19;-7653.0;10150.0;9933.0;-7440.0;-47.0;57.0;64.0;-45.0;-0.07;-0.7;-10.2;4.46;4.48;-8.88
1753881486.197478;-4.3;3.1;-0.2;-2.0;0.11;92.19;-7653.0;10150.0;9933.0;-7440.0;-47.0;57.0;64.0;-45.0;1.09;0.06;-9.26;1.3;-8.33;43.69
1753881486.202478;-4.3;3.1;-0.2;-2.0;0.11;92.19;-7653.0;10150.0;9933.0;-7440.0;-47.0;57.0;64.0;-45.0;0.92;-1.49;-9.48;-1.75;0.37;-8.75
1753881486.207478;-4.3;3.1;-0.2;-2.0;0.11;92.19;-7653.0;10150.0;9933.0;-7440.0;-47.0;57.0;64.0;-45.0;0.71;-2.14;-9.93;-0.44;6.96;-40.03
1753881486.212478;-4.3;3.1;-0.2;-2.0;0.11;92.19;-7653.0;10150.0;9933.0;-7440.0;-47.0;57.0;64.0;-45.0;1.02;-0.74;-9.65;0.9;-6.01;38.1
1753881486.217478;-4.3;3.1;-0.2;-2.0;0.11;92.19;-7653.0;10150.0;9933.0;-7440.0;-47.0;57.0;64.0;-45.0;0.32;-1.85;-10.11;-0.56;0.06;5.9
1753881486.222478;-4.3;3.1;-0.2;-2.0;0.11;92.19;-7653.0;10150.0;9933.0;-7440.0;-47.0;57.0;64.0;-45.0;0.53;-2.15;-10.46;0.45;5.74;-28.99
1753881486.227478;-4.3;3.1;-0.2;-2.0;0.11;92.19;-7653.0;10150.0;9933.0;-7440.0;-47.0;57.0;64.0;-45.0;1.38;-0.45;-10.94;1.19;-0.75;11.47
1753881486.232478;-4.3;3.1;-0.2;-2.0;0.11;92.19;-7653.0;10150.0;9933.0;-7440.0;-47.0;57.0;64.0;-45.0;0.82;-1.11;-9.27;3.11;-3.7;23.96
1753881486.237478;-4.3;3.1;-0.2;-2.0;0.11;92.19;-7653.0;10150.0;9933.0;-7440.0;-47.0;57.0;64.0;-45.0;0.1;-0.65;-9.98;0.76;4.77;-18.7
1753881486.242478;-4.3;3.1;-0.2;-2.0;0.11;92.19;-7653.0;10150.0;9933.0;-7440.0;-47.0;57.0;64.0;-45.0;0.54;0.58;-10.63;0.09;2.83;-15.37
1753881486.247478;-4.3;3.1;-0.2;-2.0;0.11;92.19;-7653.0;10150.0;9933.0;-7440.0;-47.0;57.0;64.0;-45.0;0.89;0.35;-10.58;-0.18;-5.91;30.24
1753881486.252478;-4.3;3.1;-0.2;-2.0;0.11;92.19;-7653.0;10150.0;9933.0;-7440.0;-47.0;57.0;64.0;-45.0;-0.6;-1.09;-10.9;1.81;1.69;-13.8
1753881486.257478;-4.3;3.1;-0.2;-2.0;0.11;92.19;-7653.0;10150.0;9933.0;-7440.0;-47.0;57.0;64.0;-45.0;-0.49;0.31;-10.05;0.89;3.71;-14.67
1753881486.262478;-4.3;3.1;-0.2;-2.0;0.11;92.19;-7653.0;10150.0;9933.0;-7440.0;-47.0;57.0;64.0;-45.0;0.09;1.28;-9.46;1.18;-3.58;22.54
1753881486.267478;-4.3;3.1;-0.2;-2.0;0.11;92.19;-7653.0;10150.0;9933.0;-7440.0;-47.0;57.0;64.0;-45.0;-0.71;-0.41;-10.61;0.11;-0.4;2.77
1753881486.272478;-4.3;3.1;-0.2;-2.0;0.11;92.19;-7653.0;10150.0;9933.0;-7440.0;-47.0;57.0;64.0;-45.0;-0.56;0.15;-10.48;1.35;7.62;-27.79
1753881486.277478;-4.3;3.1;-0.2;-2.0;0.11;92.19;-7653.0;10150.0;9933.0;-7440.0;-47.0;57.0;64.0;-45.0;-0.09;1.49;-10.32;-0.61;0.65;13.01
1753881486.282478;-4.3;3.1;-0.2;-2.0;0.11;92.19;-7653.0;10150.0;9933.0;-7440.0;-47.0;57.0;64.0;-45.0;-0.22;0.83;-10.61;-0.36;-1.05;17.22
1753881486.287478;-4.3;3.1;-0.2;-2.0;0.11;92.19;-7653.0;10150.0;9933.0;-7440.0;-47.0;57.0;64.0;-45.0;-0.96;-0.37;-10.49;-0.78;5.89;-22.62
1753881486.292478;-4.3;3.1;-0.2;-2.0;0.11;92.19;-7653.0;10150.0;9933.0;-7440.0;-47.0;57.0;64.0;-45.0;-0.17;1.32;-9.89;3.34;3.56;-1.66
1753881486.297478;-4.3;3.1;-0.2;-2.0;0.11;92.19;-7653.0;10150.0;9933.0;-7440.0;-47.0;57.0;64.0;-45.0;0.07;1.66;-9.49;7.27;-0.61;26.24
1753881486.302478;-4.3;3.1;-0.2;-2.0;0.11;92.19;-7653.0;10150.0;9933.0;-7440.0;-47.0;57.0;64.0;-45.0;-0.46;-0.17;-10.73;-0.44;2.36;-5.29
1753881486.307478;-4.3;3.1;-0.2;-2.0;0.11;92.19;-7653.0;10150.0;9933.0;-7440.0;-47.0;57.0;64.0;-45.0;-0.12;0.37;-11.44;2.7;2.33;-20.85
1753881486.312478;-4.3;3.1;-0.2;-2.0;0.11;92.19;-7653.0;10150.0;9933.0;-7440.0;-47.0;57.0;64.0;-45.0;0.5;0.89;-10.77;2.28;-3.66;19.42
1753881486.317478;-4.3;3.1;-0.2;-2.0;0.11;92.19;-7653.0;10150.0;9933.0;-7440.0;-47.0;57.0;64.0;-45.0;0.08;-0.06;-10.12;2.02;1.07;5.94
1753881486.322478;-4.3;3.1;-0.2;-2.0;0.11;92.19;-7653.0;10150.0;9933.0;-7440.0;-47.0;57.0;64.0;-45.0;-0.19;0.06;-10.0;-3.19;1.54;-5.76
1753881486.327478;-4.3;3.1;-0.2;-2.0;0.11;92.19;-7653.0;10150.0;9933.0;-7440.0;-47.0;57.0;64.0;-45.0;1.0;0.33;-10.83;-6.56;-8.34;3.38
1753881486.332478;-4.3;3.1;-0.2;-2.0;0.11;92.19;-7653.0;10150.0;9933.0;-7440.0;-47.0;57.0;64.0;-45.0;1.08;1.0;-10.49;-7.15;-15.5;-22.12
1753881486.337478;-4.3;3.1;-0.2;-2.0;0.11;92.19;-7653.0;10150.0;9933.0;-7440.0;-47.0;57.0;64.0;-45.0;0.32;0.95;-11.43;-4.84;-4.18;-21.3
1753881486.342478;-4.3;3.1;-0.2;-2.0;0.11;92.19;-7653.0;10150.0;9933.0;-7440.0;-47.0;57.0;64.0;-45.0;1.52;0.35;-9.81;-7.0;-3.79;-45.03
1753881486.347478;-4.3;3.1;-0.2;-2.0;0.11;92.19;-7653.0;10150.0;9933.0;-7440.0;-47.0;57.0;64.0;-45.0;1.52;-0.58;-9.7;-6.67;-2.52;0.33
1753881486.352478;-4.3;3.1;-0.2;-2.0;0.11;92.19;-7653.0;10150.0;9933.0;-7440.0;-47.0;57.0;64.0;-45.0;1.41;-0.53;-10.1;-7.33;-1.64;-28.66
1753881486.357478;-4.3;3.1;-0.2;-2.0;0.11;92.19;-7653.0;10150.0;9933.0;-7440.0;-47.0;57.0;64.0;-45.0;2.42;0.01;-11.63;-1.23;-7.41;2.46
1753881486.362479;-4.3;3.1;-0.2;-2.0;0.11;92.19;-7653.0;10150.0;9933.0;-7440.0;-47.0;57.0;64.0;-45.0;0.65;-0.04;-9.76;-3.52;-7.38;-43.22
1753881486.367479;-4.3;3.1;-0.2;-2.0;0.11;92.19;-7653.0;10150.0;9933.0;-7440.0;-47.0;57.0;64.0;-45.0;-0.23;2.08;-9.59;-7.38;0.13;20.74
1753881486.372479;-4.3;3.1;-0.2;-2.0;0.11;92.19;-7653.0;10150.0;9933.0;-7440.0;-47.0;57.0;64.0;-45.0;0.95;0.78;-9.06;1.56;2.72;20.3
1753881486.377479;-4.3;3.1;-0.2;-2.0;0.11;92.19;-7653.0;10150.0;9933.0;-7440.0;-47.0;57.0;64.0;-45.0;0.32;-0.69;-10.49;1.68;-3.09;-20.29
1753881486.382479;-4.3;3.1;-0.2;-2.0;0.11;92.19;-7653.0;10150.0;9933.0;-7440.0;-47.0;57.0;64.0;-45.0;1.34;-0.19;-9.07;-0.79;-2.41;-7.97
1753881486.387479;-4.3;3.1;-0.2;-2.0;0.11;92.19;-7653.0;10150.0;9933.0;-7440.0;-47.0;57.0;64.0;-45.0;0.99;0.86;-9.07;1.72;-1.67;-31.86
1753881486.39248;-4.3;3.1;-0.2;-2.0;0.11;92.19;-7653.0;10150.0;9933.0;-7440.0;-47.0;57.0;64.0;-45.0;0.66;-1.09;-10.26;-0.86;-2.48;8.74
1753881486.39748;-4.3;3.1;-0.2;-2.0;0.11;92.19;-7653.0;10150.0;9933.0;-7440.0;-47.0;57.0;64.0;-45.0;0.79;0.04;-9.04;4.66;3.55;-18.2
1753881486.40248;-4.3;3.1;-0.2;-2.0;0.11;92.19;-7653.0;10150.0;9933.0;-7440.0;-47.0;57.0;64.0;-45.0;0.13;-0.36;-8.88;0.89;-5.97;6.49
1753881486.40748;-4.3;3.1;-0.2;-2.0;0.11;92.19;-7653.0;10150.0;9933.0;-7440.0;-47.0;57.0;64.0;-45.0;1.81;-0.42;-9.3;0.88;-0.68;2.25
1753881486.41248;-4.3;3.1;-0.2;-2.0;0.11;92.19;-7653.0;10150.0;9933.0;-7440.0;-47.0;57.0;64.0;-45.0;0.2;-0.3;-9.26;3.53;0.73;9.34
1753881486.41748;-4.3;3.1;-0.2;-2.0;0.11;92.19;-7653.0;10150.0;9933.0;-7440.0;-47.0;57.0;64.0;-45.0;1.37;-0.38;-9.04;2.89;0.72;-29.75
1753881486.42248;-4.3;3.1;-0.2;-2.0;0.11;92.19;-7653.0;10150.0;9933.0;-7440.0;-47.0;57.0;64.0;-45.0;0.48;-0.21;-9.78;0.47;13.34;-6.28
1753881486.42748;-4.3;3.1;-0.2;-2.0;0.11;92.19;-7653.0;10150.0;9933.0;-7440.0;-47.0;57.0;64.0;-45.0;0.52;-0.35;-9.39;3.66;11.74;-18.47
1753881486.432478;-4.3;3.1;-0.2;-2.0;0.11;92.19;-7653.0;10150.0;9933.0;-7440.0;-47.0;57.0;64.0;-45.0;0.82;-0.47;-8.6;3.52;4.18;-20.83
1753881486.437478;-4.3;3.1;-0.2;-2.0;0.11;92.19;-7653.0;10150.0;9933.0;-7440.0;-47.0;57.0;64.0;-45.0;-0.03;1.01;-7.87;11.82;-2.52;28.45
1753881486.442478;-4.3;3.1;-0.2;-2.0;0.11;92.19;-7653.0;10150.0;9933.0;-7440.0;-47.0;57.0;64.0;-45.0;-0.62;-0.64;-9.67;-6.68;-7.18;39.78
1753881486.447478;-4.3;3.1;-0.2;-2.0;0.11;92.19;-7653.0;10150.0;9933.0;-7440.0;-47.0;57.0;64.0;-45.0;0.18;-1.32;-9.81;-1.46;0.35;-54.45
1753881486.452478;-4.3;3.1;-0.2;-2.0;0.11;92.19;-7653.0;10150.0;9933.0;-7440.0;-47.0;57.0;64.0;-45.0;-0.5;-0.64;-9.75;1.06;7.27;-6.93
1753881486.457478;-4.3;3.1;-0.2;-2.0;0.11;92.19;-7653.0;10150.0;9933.0;-7440.0;-47.0;57.0;64.0;-45.0;-1.65;-0.67;-10.5;0.41;2.38;47.18
1753881486.462478;-4.3;3.1;-0.2;-2.0;0.11;92.19;-7653.0;10150.0;9933.0;-7440.0;-47.0;57.0;64.0;-45.0;-0.79;-0.27;-11.5;2.66;3.13;-6.63
1753881486.467478;-4.3;3.1;-0.2;-2.0;0.11;92.19;-7653.0;10150.0;9933.0;-7440.0;-47.0;57.0;64.0;-45.0;0.18;0.47;-10.2;4.99;1.43;-27.42
1753881486.472478;-4.3;3.1;-0.2;-2.0;0.11;92.19;-7653.0;10150.0;9933.0;-7440.0;-47.0;57.0;64.0;-45.0;-0.91;0.55;-8.76;1.7;-3.68;21.04
1753881486.477478;-4.2;3.1;-0.2;-2.2;0.14;92.19;-7703.3;10185.0;9928.8;-7453.0;-62.7;55.6;55.1;-50.2;-1.86;1.33;-8.71;3.09;-13.86;11.56
1753881486.482478;-4.2;3.1;-0.2;-2.3;0.16;92.19;-7532.1;10129.7;9918.6;-7512.1;-30.0;58.1;61.7;-38.0;-0.36;-0.47;-8.02;0.91;-7.78;-32.49
1753881486.487478;-4.6;3.1;-0.2;-2.4;0.22;92.19;-7500.6;10024.5;9931.1;-7428.1;-34.6;58.6;65.7;-46.5;0.09;0.31;-8.64;-8.08;4.47;22.83
1753881486.492478;-4.4;3.1;-0.2;-2.1;0.23;92.19;-7703.2;10126.6;9935.1;-7454.1;-55.2;57.2;61.4;-53.0;-0.62;1.66;-10.64;5.81;-9.56;16.49
1753881486.497478;-4.3;3.1;-0.2;-1.8;0.04;92.19;-7357.6;10123.9;9918.4;-7462.9;-66.9;56.0;68.0;-46.7;-0.75;0.07;-10.18;2.76;1.37;0.53
1753881486.502478;-4.4;3.1;-0.2;-1.3;0.23;92.19;-7683.0;10174.0;9923.4;-7452.2;-59.8;57.7;67.5;-72.4;-1.13;0.6;-9.0;-3.24;-2.57;23.75
1753881486.507479;-4.4;3.1;-0.2;-1.3;0.05;92.19;-7568.1;10044.0;9939.4;-7455.5;-49.3;57.8;64.9;-69.5;0.33;-0.1;-8.06;6.51;-1.34;-12.33
1753881486.512479;-4.4;3.1;-0.2;-1.4;0.12;92.19;-7603.2;10058.9;9919.0;-7465.5;-15.5;57.2;69.3;-76.3;-2.83;1.19;-9.38;-1.37;-5.78;37.0
1753881486.517479;-4.5;3.1;-0.2;-1.6;0.2;92.19;-7601.0;10092.1;9923.3;-7488.4;-51.8;59.1;65.3;-83.7;-0.81;1.86;-7.84;2.07;0.77;-1.17
1753881486.522479;-4.6;3.1;-0.2;-1.9;0.39;92.19;-7442.3;10097.3;9927.8;-7460.2;-83.0;59.4;71.0;-58.6;-1.2;0.48;-7.17;-4.04;-4.1;28.71
1753881486.527479;-4.4;3.1;-0.2;-1.8;0.27;92.19;-7595.4;9994.1;9914.7;-7500.8;-60.7;56.9;70.2;-74.3;-0.74;0.1;-8.31;-1.77;0.88;-27.64
1753881486.532479;-4.6;3.1;-0.2;-1.3;0.24;92.19;-7533.9;10095.2;9918.0;-7472.0;-81.5;57.7;70.2;-49.3;-0.98;1.67;-8.39;0.93;-0.94;-4.96
1753881486.53748;-4.5;3.1;-0.2;-1.1;0.2;92.19;-7574.7;10022.5;9921.2;-7507.7;-87.7;56.6;67.8;-65.5;-1.64;0.06;-9.69;-5.87;-9.29;2.97
1753881486.54248;-4.5;3.1;-0.2;-1.4;0.46;92.19;-7530.3;10060.9;9914.1;-7531.3;-81.9;58.4;72.5;-77.7;-0.61;0.66;-8.92;4.95;-6.4;54.91
1753881486.54748;-4.6;3.1;-0.2;-0.6;0.21;92.19;-7460.4;10102.4;9914.0;-7497.3;-76.4;60.6;69.3;-70.1;-2.27;0.86;-8.02;7.79;-6.71;12.63
1753881486.55248;-4.5;3.1;-0.2;-0.8;0.19;92.19;-7471.5;10078.0;9909.7;-7496.8;-47.4;57.2;77.6;-78.3;0.23;0.92;-8.72;-0.45;-1.24;68.7
1753881486.55748;-4.5;3.1;-0.2;-1.0;0.46;92.19;-7288.4;10045.2;9919.8;-7499.6;-108.9;59.4;81.7;-83.1;-0.97;0.97;-10.08;6.18;-1.73;-5.89
1753881486.56248;-4.6;3.1;-0.2;-1.0;0.18;92.19;-7322.6;10022.7;9913.3;-7513.3;-104.0;59.9;73.6;-81.4;-2.26;2.26;-7.79;-1.8;2.8;49.55
1753881486.56748;-4.7;3.1;-0.2;-0.1;0.28;92.19;-7208.1;9969.7;9904.1;-7494.6;-93.5;58.8;73.3;-78.6;-0.95;0.56;-8.9;4.73;-8.32;43.34
1753881486.57248;-4.7;3.1;-0.2;-0.7;0.33;92.19;-7409.7;9978.9;9914.2;-7505.6;-100.8;61.2;71.1;-101.3;-0.57;0.55;-9.09;4.88;0.22;-14.42
1753881486.57748;-4.8;3.1;-0.2;-0.5;0.27;92.19;-7434.2;10024.9;9917.8;-7497.9;-119.5;61.1;74.7;-118.6;-1.04;2.64;-7.86;5.99;-11.99;62.14
1753881486.58248;-4.7;3.1;-0.2;-0.1;0.15;92.19;-7350.2;10035.7;9920.5;-7516.7;-130.2;59.6;80.1;-66.1;-0.79;2.11;-9.58;0.74;-8.39;42.48
1753881486.58748;-4.6;3.1;-0.2;-0.6;0.4;92.19;-7291.5;10032.2;9897.1;-7523.3;-121.0;60.4;78.6;-106.2;-0.49;1.37;-8.59;4.85;-8.15;42.43
1753881486.592481;-4.7;3.1;-0.2;-0.5;0.4;92.19;-7385.3;10092.3;9917.9;-7540.7;-137.5;61.5;72.9;-73.7;-0.29;1.83;-8.84;3.87;-6.11;1.88
1753881486.597481;-4.7;3.1;-0.2;-0.2;0.48;92.19;-7278.5;10018.2;9921.0;-7578.0;-88.9;60.6;82.1;-100.2;-0.77;0.46;-7.48;10.4;-1.36;32.27
1753881486.602481;-4.5;3.1;-0.2;-0.2;0.4;92.19;-7327.7;10049.2;9922.5;-7545.2;-150.1;61.4;78.8;-64.1;0.03;0.55;-6.31;2.15;-6.05;45.38
1753881486.607481;-4.5;3.2;-0.2;-0.7;0.53;92.19;-7253.5;10007.2;9904.6;-7529.8;-162.1;63.1;80.2;-112.9;-1.12;1.18;-9.3;-2.76;-4.51;47.23
1753881486.612481;-4.5;3.2;-0.2;-1.1;0.47;92.19;-7147.4;10016.9;9904.3;-7556.8;-126.9;62.2;78.4;-84.8;-1.07;-0.79;-8.82;6.65;-1.5;7.41
1753881486.617481;-4.7;3.2;-0.2;0.3;0.47;92.19;-6995.6;9976.2;9907.2;-7577.7;-120.2;63.1;81.8;-96.0;-0.39;1.2;-8.41;1.58;0.52;-2.34
1753881486.622481;-4.7;3.1;-0.2;-0.3;0.42;92.19;-7188.8;9912.8;9902.3;-7584.2;-141.7;60.0;79.4;-130.3;-0.71;1.04;-8.06;4.4;-4.87;-13.44
1753881486.627478;-4.7;3.2;-0.2;-0.3;0.48;92.19;-7213.0;9960.0;9903.0;-7550.0;-141.0;62.0;80.0;-113.0;-0.85;0.87;-8.4;2.32;-1.33;14.46
1753881486.632478;-4.7;3.2;-0.2;-0.3;0.48;92.19;-7213.0;9960.0;9903.0;-7550.0;-141.0;62.0;80.0;-113.0;-0.9;0.47;-9.2;0.32;0.64;-2.56
1753881486.637478;-4.7;3.2;-0.2;-0.3;0.48;92.19;-7213.0;9960.0;9903.0;-7550.0;-141.0;62.0;80.0;-113.0;-0.57;1.29;-10.48;0.67;-2.63;1.45
1753881486.642478;-4.7;3.2;-0.2;-0.3;0.48;92.19;-7213.0;9960.0;9903.0;-7550.0;-141.0;62.0;80.0;-113.0;-0.65;0.53;-11.64;4.42;-0.8;-1.38
1753881486.647478;-4.7;3.2;-0.2;-0.3;0.48;92.19;-7213.0;9960.0;9903.0;-7550.0;-141.0;62.0;80.0;-113.0;-1.27;-0.14;-11.1;-0.3;1.49;4.3
1753881486.652478;-4.7;3.2;-0.2;-0.3;0.48;92.19;-7213.0;9960.0;9903.0;-7550.0;-141.0;62.0;80.0;-113.0;-1.1;1.05;-10.39;1.29;1.14;-0.74
1753881486.657478;-4.7;3.2;-0.2;-0.3;0.48;92.19;-7213.0;9960.0;9903.0;-7550.0;-141.0;62.0;80.0;-113.0;-0.87;1.13;-11.18;2.31;-0.46;-4.96
1753881486.662478;-4.7;3.2;-0.2;-0.3;0.48;92.19;-7213.0;9960.0;9903.0;-7550.0;-141.0;62.0;80.0;-113.0;-0.46;0.9;-11.47;1.01;-1.39;4.79
1753881486.667478;-4.7;3.2;-0.2;-0.3;0.48;92.19;-7213.0;9960.0;9903.0;-7550.0;-141.0;62.0;80.0;-113.0;-0.93;0.69;-10.81;1.85;3.31;-3.2
1753881486.672478;-4.7;3.2;-0.2;-0.3;0.48;92.19;-7213.0;9960.0;9903.0;-7550.0;-141.0;62.0;80.0;-113.0;-0.68;1.73;-9.23;1.66;-1.73;9.85
1753881486.677478;-4.7;3.2;-0.2;-0.3;0.48;92.19;-7213.0;9960.0;9903.0;-7550.0;-141.0;62.0;80.0;-113.0;-1.26;0.46;-10.42;-5.67;-3.69;3.03
1753881486.682478;-4.7;3.2;-0.2;-0.3;0.48;92.19;-7213.0;9960.0;9903.0;-7550.0;-141.0;62.0;80.0;-113.0;-1.12;-0.48;-11.57;-5.16;2.02;-16.78
1753881486.687478;-4.7;3.2;-0.2;-0.3;0.48;92.19;-7213.0;9960.0;9903.0;-7550.0;-141.0;62.0;80.0;-113.0;-0.59;0.55;-10.65;0.0;0.34;5.73
1753881486.692478;-4.7;3.2;-0.2;-0.3;0.48;92.19;-7213.0;9960.0;9903.0;-7550.0;-141.0;62.0;80.0;-113.0;-1.35;0.67;-10.23;-0.22;-0.01;16.44
1753881486.697478;-4.7;3.2;-0.2;-0.3;0.48;92.19;-7213.0;9960.0;9903.0;-7550.0;-141.0;62.0;80.0;-113.0;-1.33;0.55;-10.37;3.05;1.8;-2.28
1753881486.702478;-4.7;3.2;-0.2;-0.3;0.48;92.19;-7213.0;9960.0;9903.0;-7550.0;-141.0;62.0;80.0;-113.0;-0.45;0.42;-10.17;2.25;1.72;-5.73
1753881486.707478;-4.7;3.2;-0.2;-0.3;0.48;92.19;-7213.0;9960.0;9903.0;-7550.0;-141.0;62.0;80.0;-113.0;-0.2;0.49;-10.63;-6.14;-4.94;20.99
1753881486.712478;-4.7;3.2;-0.2;-0.3;0.48;92.19;-7213.0;9960.0;9903.0;-7550.0;-141.0;62.0;80.0;-113.0;-0.91;-0.51;-12.01;-7.04;-2.58;-13.17
1753881486.717478;-4.7;3.2;-0.2;-0.3;0.48;92.19;-7213.0;9960.0;9903.0;-7550.0;-141.0;62.0;80.0;-113.0;-0.6;-0.48;-11.46;2.04;-1.2;-16.99
1753881486.722478;-4.7;3.2;-0.2;-0.3;0.48;92.19;-7213.0;9960.0;9903.0;-7550.0;-141.0;62.0;80.0;-113.0;-0.07;0.6;-10.74;6.85;-4.6;24.94
1753881486.727478;-4.7;3.2;-0.2;-0.3;0.48;92.19;-7213.0;9960.0;9903.0;-7550.0;-141.0;62.0;80.0;-113.0;-1.1;0.2;-10.07;9.32;4.52;5.13
1753881486.732478;-4.7;3.2;-0.2;-0.3;0.48;92.19;-7213.0;9960.0;9903.0;-7550.0;-141.0;62.0;80.0;-113.0;-0.56;0.29;-7.76;-1.17;6.79;-1.25
1753881486.737478;-4.7;3.2;-0.2;-0.3;0.48;92.19;-7213.0;9960.0;9903.0;-7550.0;-141.0;62.0;80.0;-113.0;0.27;0.67;-10.64;-6.9;-7.16;8.03
1753881486.742478;-4.7;3.2;-0.2;-0.3;0.48;92.19;-7213.0;9960.0;9903.0;-7550.0;-141.0;62.0;80.0;-113.0;-0.52;-0.15;-12.88;-3.41;-5.27;1.45
1753881486.747478;-4.7;3.2;-0.2;-0.3;0.48;92.19;-7213.0;9960.0;9903.0;-7550.0;-141.0;62.0;80.0;-113.0;-0.44;-0.3;-12.59;1.41;3.76;-15.89
1753881486.752478;-4.7;3.2;-0.2;-0.3;0.48;92.19;-7213.0;9960.0;9903.0;-7550.0;-141.0;62.0;80.0;-113.0;-0.33;0.48;-11.79;4.04;-0.51;16.65
1753881486.757478;-4.7;3.2;-0.2;-0.3;0.48;92.19;-7213.0;9960.0;9903.0;-7550.0;-141.0;62.0;80.0;-113.0;-0.82;0.58;-11.14;1.99;-2.28;18.59
1753881486.762478;-4.7;3.2;-0.2;-0.3;0.48;92.19;-7213.0;9960.0;9903.0;-7550.0;-141.0;62.0;80.0;-113.0;-1.18;-0.33;-9.6;1.68;6.05;-18.42
1753881486.767478;-4.7;3.2;-0.2;-0.3;0.48;92.19;-7213.0;9960.0;9903.0;-7550.0;-141.0;62.0;80.0;-113.0;-0.33;1.34;-8.08;1.35;2.93;3.68
1753881486.772478;-4.7;3.2;-0.2;-0.3;0.48;92.19;-7213.0;9960.0;9903.0;-7550.0;-141.0;62.0;80.0;-113.0;-0.4;1.58;-9.78;1.96;0.86;20.02
1753881486.777478;-4.7;3.2;-0.2;-0.3;0.48;92.19;-7213.0;9960.0;9903.0;-7550.0;-141.0;62.0;80.0;-113.0;-0.83;0.32;-11.96;3.06;5.53;-13.56
1753881486.782478;-4.7;3.2;-0.2;-0.3;0.48;92.19;-7213.0;9960.0;9903.0;-7550.0;-141.0;62.0;80.0;-113.0;0.56;0.71;-12.8;2.77;0.33;-7.93
1753881486.787478;-4.7;3.2;-0.2;-0.3;0.48;92.19;-7213.0;9960.0;9903.0;-7550.0;-141.0;62.0;80.0;-113.0;0.38;1.75;-13.36;2.41;-2.38;10.65
1753881486.792478;-4.7;3.2;-0.2;-0.3;0.48;92.19;-7213.0;9960.0;9903.0;-7550.0;-141.0;62.0;80.0;-113.0;-0.42;1.64;-9.85;1.51;0.86;1.69
1753881486.797478;-4.7;3.2;-0.2;-0.3;0.48;92.19;-7213.0;9960.0;9903.0;-7550.0;-141.0;62.0;80.0;-113.0;0.1;1.09;-9.64;-5.45;-0.38;-6.41
1753881486.802478;-4.7;3.2;-0.2;-0.3;0.48;92.19;-7213.0;9960.0;9903.0;-7550.0;-141.0;62.0;80.0;-113.0;0.65;0.77;-10.89;-5.55;-1.44;-3.54
1753881486.807478;-4.7;3.2;-0.2;-0.3;0.48;92.19;-7213.0;9960.0;9903.0;-7550.0;-141.0;62.0;80.0;-113.0;0.58;1.9;-9.39;-2.77;-0.28;9.03
1753881486.812478;-4.7;3.2;-0.2;-0.3;0.48;92.19;-7213.0;9960.0;9903.0;-7550.0;-141.0;62.0;80.0;-113.0;0.94;0.97;-11.15;4.39;-1.57;4.66
1753881486.817478;-4.7;3.2;-0.2;-0.3;0.48;92.19;-7213.0;9960.0;9903.0;-7550.0;-141.0;62.0;80.0;-113.0;0.78;1.67;-11.82;2.6;-0.64;6.32
1753881486.822478;-4.7;3.2;-0.2;-0.3;0.48;92.19;-7213.0;9960.0;9903.0;-7550.0;-141.0;62.0;80.0;-113.0;0.43;0.48;-11.8;2.77;2.45;-11.31
1753881486.827478;-4.7;3.2;-0.2;-0.3;0.48;92.19;-7213.0;9960.0;9903.0;-7550.0;-141.0;62.0;80.0;-113.0;0.71;0.39;-11.36;4.46;0.5;4.93
1753881486.832478;-4.6;3.2;-0.2;-0.1;0.43;92.19;-7265.9;9931.2;9959.9;-7534.9;-133.3;64.4;77.8;-104.0;0.93;-0.21;-8.67;-0.26;1.77;7.26
1753881486.837478;-4.7;3.2;-0.2;-0.4;0.43;92.19;-7270.6;9958.1;9964.6;-7546.2;-156.3;63.9;97.9;-92.1;1.71;-0.36;-12.56;2.49;2.57;9.51
1753881486.842478;-4.7;3.2;-0.2;-0.1;0.72;92.19;-7126.4;9925.0;9957.1;-7544.2;-114.7;56.6;71.7;-120.4;0.72;0.25;-11.78;-2.46;-2.37;-17.01
1753881486.847478;-4.7;3.1;-0.2;-0.2;0.27;92.19;-7309.0;9963.8;9876.6;-7556.4;-126.6;59.4;97.6;-102.2;-0.95;0.64;-12.07;0.97;0.37;11.31
1753881486.852478;-4.8;3.2;-0.2;-0.3;0.42;92.19;-7087.8;10026.0;9888.2;-7541.7;-128.2;55.7;54.4;-109.6;0.86;-0.09;-13.02;11.63;0.8;8.32
1753881486.857478;-4.8;3.2;-0.2;-0.8;0.56;92.19;-7207.6;9980.8;9925.2;-7550.5;-130.3;61.0;71.3;-93.5;0.81;-0.23;-11.97;5.32;0.14;20.44
1753881486.862479;-4.7;3.1;-0.2;-0.9;0.42;92.19;-7176.6;9990.0;9963.9;-7558.8;-145.9;52.6;61.5;-96.8;0.42;0.69;-10.18;-0.82;-2.02;1.75
1753881486.867479;-4.9;3.2;-0.2;-1.0;0.33;92.19;-7283.4;10019.3;10000.0;-7563.1;-97.2;60.8;64.8;-97.4;0.69;1.0;-12.12;6.27;0.36;-3.29
1753881486.872479;-4.9;3.1;-0.2;-0.5;0.47;92.19;-7231.8;9981.3;10025.3;-7559.6;-149.6;64.2;53.4;-90.7;0.33;1.87;-13.45;3.97;-3.78;-13.76
1753881486.877479;-5.0;3.1;-0.2;-0.4;0.29;92.19;-7255.8;10014.2;9947.9;-7562.7;-101.9;60.5;38.6;-93.9;0.22;1.54;-10.4;3.47;-1.25;16.04
1753881486.882479;-4.8;3.2;-0.2;-1.0;0.06;92.19;-7212.1;10071.2;9952.9;-7569.7;-138.6;60.1;62.9;-84.6;0.57;1.51;-8.74;3.99;1.42;0.4
1753881486.887479;-4.8;3.2;-0.2;-0.3;0.04;92.19;-7343.0;10030.2;10016.0;-7555.2;-110.4;51.2;59.4;-98.4;-1.01;0.55;-10.19;9.39;3.05;15.32
1753881486.89248;-4.9;3.2;-0.2;-0.6;0.1;92.19;-7269.1;10032.0;10000.2;-7572.6;-129.5;50.6;61.0;-78.1;0.13;0.25;-11.33;3.1;2.15;-4.41
1753881486.89748;-4.8;3.2;-0.2;-1.0;0.36;92.19;-7311.1;10070.7;9952.1;-7559.2;-118.5;55.9;64.9;-78.0;0.43;1.43;-10.06;0.96;4.28;7.99
1753881486.90248;-4.9;3.2;-0.2;-0.6;0.05;92.19;-7335.4;10075.7;9910.3;-7589.8;-115.1;50.6;44.5;-96.4;-0.39;0.89;-12.56;-2.31;1.63;-13.79
1753881486.90748;-4.9;3.2;-0.2;-1.0;0.08;92.19;-7384.3;10063.2;10047.2;-7570.6;-117.6;52.7;53.9;-85.8;-0.05;0.25;-9.58;-1.97;4.29;19.6
1753881486.91248;-4.8;3.2;-0.2;-0.6;-0.02;92.19;-7281.6;10081.4;9939.3;-7576.7;-113.5;49.2;34.3;-88.8;-1.48;1.46;-12.38;-1.24;-1.59;-5.46
1753881486.91748;-4.8;3.2;-0.2;-0.8;-0.3;92.19;-7419.4;10065.0;10027.0;-7579.7;-115.5;55.4;57.5;-60.1;-1.16;2.06;-10.87;-2.59;7.53;13.36
1753881486.92248;-5.0;3.2;-0.2;-0.4;-0.22;92.19;-7411.2;10038.1;10099.2;-7590.1;-96.8;52.6;23.9;-86.1;-0.91;1.28;-14.03;5.55;-1.19;-7.83
1753881486.92748;-4.9;3.2;-0.2;-1.1;-0.12;92.19;-7270.6;9986.4;10121.9;-7588.7;-121.5;44.0;68.8;-73.2;-0.12;0.85;-11.65;-2.24;1.88;13.03
1753881486.93248;-5.0;3.2;-0.2;-0.5;0.01;92.19;-7433.9;10033.3;10038.2;-7563.8;-94.3;48.6;52.4;-79.6;-0.64;0.74;-14.15;3.99;0.16;-18.79
1753881486.93748;-4.9;3.2;-0.2;-0.9;-0.22;92.19;-7515.1;10069.7;9965.6;-7592.0;-99.3;59.8;40.9;-96.0;-0.31;0.67;-8.11;0.16;-7.45;-5.19
1753881486.94248;-4.9;3.2;-0.2;-1.1;-0.09;92.19;-7421.5;10093.8;10075.0;-7595.9;-91.6;44.0;55.1;-64.4;-2.73;1.85;-11.63;5.24;0.04;-8.52
1753881486.947481;-4.9;3.2;-0.2;-1.0;0.05;92.19;-7437.8;10111.1;10070.5;-7586.7;-75.8;48.0;37.3;-68.8;-1.46;1.56;-12.97;4.24;-1.78;-4.82
1753881486.952481;-4.9;3.2;-0.2;-1.1;-0.27;92.19;-7389.4;10037.4;9993.7;-7593.5;-95.7;49.2;46.3;-87.6;-2.31;1.16;-12.89;-2.1;-5.6;5.53
1753881486.957481;-5.0;3.2;-0.2;-1.0;0.14;92.19;-7551.2;10088.7;10160.6;-7584.9;-70.0;50.0;13.3;-83.0;-1.17;1.05;-13.8;-1.09;1.6;-11.04
1753881486.962481;-5.0;3.2;-0.2;-0.8;-0.03;92.19;-7529.5;10093.4;10111.9;-7588.0;-92.7;49.8;29.6;-80.2;-2.19;2.25;-9.83;1.01;0.38;14.7
1753881486.967481;-5.0;3.2;-0.2;-1.3;-0.3;92.19;-7507.4;10110.0;10163.6;-7597.8;-81.0;35.5;25.4;-74.2;-0.79;1.97;-13.68;4.12;-1.73;-7.19
1753881486.972481;-5.0;3.2;-0.2;-1.3;0.01;92.19;-7361.7;10135.5;9936.2;-7583.1;-95.1;47.5;35.7;-65.6;-1.88;1.56;-14.09;4.51;-5.4;-2.71
1753881486.977481;-5.2;3.2;-0.2;-1.2;-0.3;92.19;-7541.7;10125.2;10117.9;-7601.3;-90.5;46.3;34.3;-47.8;-1.27;2.37;-11.03;2.71;-5.39;-7.58
1753881486.982482;-4.9;3.2;-0.2;-1.3;-0.57;92.19;-7443.4;10115.6;10240.0;-7593.8;-90.4;48.0;34.5;-81.5;-1.2;1.97;-14.07;0.06;1.53;13.22
1753881486.987482;-5.0;3.2;-0.2;-1.1;-0.28;92.19;-7616.3;10071.6;10273.9;-7597.5;-79.1;40.8;19.1;-74.1;-1.14;2.36;-15.58;-2.16;-1.35;-15.52
1753881486.992478;-5.0;3.2;-0.2;-1.3;-0.27;92.19;-7513.0;10143.0;10143.0;-7596.0;-80.0;44.0;19.0;-65.0;-1.57;1.57;-12.5;0.03;-0.38;-2.2
1753881486.997478;-5.0;3.2;-0.2;-1.3;-0.27;92.19;-7513.0;10143.0;10143.0;-7596.0;-80.0;44.0;19.0;-65.0;-1.54;1.17;-11.32;2.97;0.09;3.46
1753881487.002478;-5.0;3.2;-0.2;-1.3;-0.27;92.19;-7513.0;10143.0;10143.0;-7596.0;-80.0;44.0;19.0;-65.0;-1.58;1.58;-10.53;5.46;2.1;7.66
1753881487.007478;-5.0;3.2;-0.2;-1.3;-0.27;92.19;-7513.0;10143.0;10143.0;-7596.0;-80.0;44.0;19.0;-65.0;-1.72;0.98;-10.22;-10.18;5.63;-6.18
1753881487.012478;-5.0;3.2;-0.2;-1.3;-0.27;92.19;-7513.0;10143.0;10143.0;-7596.0;-80.0;44.0;19.0;-65.0;-2.76;1.16;-10.74;-0.62;8.64;-19.27
1753881487.017478;-5.0;3.2;-0.2;-1.3;-0.27;92.19;-7513.0;10143.0;10143.0;-7596.0;-80.0;44.0;19.0;-65.0;-1.92;1.29;-11.69;8.99;-4.2;35.68
1753881487.022478;-5.0;3.2;-0.2;-1.3;-0.27;92.19;-7513.0;10143.0;10143.0;-7596.0;-80.0;44.0;19.0;-65.0;-0.4;0.06;-11.6;-0.46;-3.69;-10.23
1753881487.027478;-5.0;3.2;-0.2;-1.3;-0.27;92.19;-7513.0;10143.0;10143.0;-7596.0;-80.0;44.0;19.0;-65.0;-1.87;0.64;-11.59;-0.63;10.94;-27.33
1753881487.032478;-5.0;3.2;-0.2;-1.3;-0.27;92.19;-7513.0;10143.0;10143.0;-7596.0;-80.0;44.0;19.0;-65.0;-1.9;1.52;-11.72;0.06;1.04;21.4
1753881487.037478;-5.0;3.2;-0.2;-1.3;-0.27;92.19;-7513.0;10143.0;10143.0;-7596.0;-80.0;44.0;19.0;-65.0;-0.03;0.44;-9.89;-1.22;-9.8;24.36
1753881487.042478;-5.0;3.2;-0.2;-1.3;-0.27;92.19;-7513.0;10143.0;10143.0;-7596.0;-80.0;44.0;19.0;-65.0;-0.45;-0.9;-10.24;-4.28;4.99;-40.21
1753881487.047478;-5.0;3.2;-0.2;-1.3;-0.27;92.19;-7513.0;10143.0;10143.0;-7596.0;-80.0;44.0;19.0;-65.0;-0.69;0.09;-9.68;1.87;8.17;-8.9
1753881487.052478;-5.0;3.2;-0.2;-1.3;-0.27;92.19;-7513.0;10143.0;10143.0;-7596.0;-80.0;44.0;19.0;-65.0;0.63;0.91;-9.7;2.83;-6.27;48.64
1753881487.057478;-5.0;3.2;-0.2;-1.3;-0.27;92.19;-7513.0;10143.0;10143.0;-7596.0;-80.0;44.0;19.0;-65.0;-0.34;-1.01;-10.91;-3.35;1.02;-28.25
1753881487.062478;-5.0;3.2;-0.2;-1.3;-0.27;92.19;-7513.0;10143.0;10143.0;-7596.0;-80.0;44.0;19.0;-65.0;0.16;0.16;-10.29;-0.98;1.34;-29.25
1753881487.067478;-5.0;3.2;-0.2;-1.7;-0.56;92.12;-7089.0;10186.8;9989.0;-7536.0;-97.7;42.1;15.6;-105.2;-0.62;-0.14;-11.34;-3.85;5.41;-30.1
1753881487.072478;-4.8;3.2;-0.2;-1.0;-0.47;92.1;-7123.8;10137.8;10087.7;-7370.7;-101.4;42.8;45.4;-66.3;0.62;0.53;-9.46;-2.14;6.71;-79.17
1753881487.077478;-5.0;3.2;-0.2;-0.6;-0.38;92.13;-7742.3;10069.1;10116.4;-7989.0;-46.0;28.3;14.6;-69.5;-0.22;1.16;-10.1;-4.58;-5.57;-51.16
1753881487.082478;-4.9;3.2;-0.2;-1.2;-0.12;92.05;-7016.3;10031.3;9611.1;-7395.3;-48.3;22.8;27.8;-80.7;0.59;-0.21;-10.6;2.81;4.9;-26.89
1753881487.087479;-5.0;3.2;-0.2;-0.6;-0.44;92.16;-7273.0;9984.1;9821.7;-8034.7;-75.8;38.8;112.3;-75.2;2.24;0.46;-10.17;3.91;-0.3;-54.42
1753881487.092479;-5.1;3.2;-0.2;-1.9;-0.26;91.98;-6709.0;10169.2;10029.6;-8176.7;-86.7;56.4;6.4;-91.2;0.81;0.37;-10.23;-4.63;0.1;-28.35
1753881487.097479;-5.0;3.2;-0.2;-1.3;-0.71;92.16;-7435.6;10144.9;9869.5;-7978.5;-63.7;20.5;55.2;-90.5;1.3;0.28;-10.82;0.58;1.79;13.98
1753881487.102479;-4.9;3.2;-0.2;-1.2;-1.17;92.04;-7360.6;10259.4;9711.7;-8539.4;-92.5;14.9;3.5;-83.5;1.8;-1.07;-11.21;-11.7;-3.74;10.83
1753881487.107479;-5.1;3.2;-0.2;-1.5;-0.18;91.9;-6713.2;10043.0;9460.3;-8019.1;-31.4;35.9;47.8;-80.0;-0.59;0.06;-11.63;-2.43;1.97;-6.14
1753881487.112479;-4.9;3.2;-0.2;-1.9;-0.15;91.96;-6790.1;10219.1;9358.1;-7892.4;-63.6;35.7;18.5;-89.8;-1.16;1.24;-10.42;-1.28;-0.45;-46.72
1753881487.117479;-5.1;3.2;-0.2;-1.6;-0.59;92.09;-7189.5;10026.3;9800.5;-8089.8;-54.9;9.5;18.6;-82.9;1.2;0.04;-11.8;1.67;0.86;15.68
1753881487.12248;-5.3;3.2;-0.2;-1.6;-0.09;92.08;-7519.5;10176.1;9756.6;-8132.6;-85.9;23.4;31.4;-86.4;0.55;0.85;-10.91;-0.53;9.47;-24.06
1753881487.12748;-5.2;3.2;-0.2;-1.3;-0.15;91.99;-6337.7;10105.4;9652.5;-8648.4;-41.9;12.4;23.1;-91.1;0.85;1.99;-11.05;2.44;7.85;-17.36
1753881487.13248;-4.9;3.2;-0.2;-1.3;-1.08;92.05;-7178.8;10124.9;9670.3;-8465.8;-36.3;22.5;48.8;-93.9;-1.59;0.42;-10.06;-3.71;5.53;-31.52
1753881487.13748;-5.2;3.2;-0.2;-1.0;0.08;91.88;-6682.7;10192.4;9681.3;-8094.0;-42.5;14.1;27.2;-109.3;0.19;0.18;-10.73;-3.57;-9.52;3.42
1753881487.14248;-5.0;3.2;-0.2;-1.4;-0.67;91.81;-6365.0;10152.2;9622.3;-8483.2;-80.8;16.5;43.4;-82.9;0.02;0.33;-10.11;-4.04;0.39;-27.5
1753881487.14748;-5.3;3.2;-0.2;-0.8;-0.84;91.79;-6274.9;10055.9;9191.2;-7930.7;-25.2;29.4;33.0;-105.2;-1.11;1.44;-9.92;4.96;-0.01;6.78
1753881487.15248;-5.1;3.2;-0.2;-1.3;-0.62;91.87;-6966.0;10221.1;9503.3;-8519.2;-12.5;10.8;70.1;-133.4;1.26;0.79;-10.91;-1.32;-1.47;-0.23
1753881487.15748;-5.1;3.2;-0.2;-1.1;-0.72;91.75;-5841.6;10237.5;9257.0;-9164.5;-37.3;4.8;58.5;-92.3;-0.3;0.22;-9.77;10.27;2.22;-8.04
1753881487.16248;-5.4;3.2;-0.2;-1.7;-0.59;91.92;-6235.2;10238.9;9385.3;-8261.9;10.4;18.7;58.5;-134.6;0.08;1.14;-11.22;0.81;-1.77;-16.16
1753881487.16748;-5.0;3.2;-0.2;-1.0;-0.3;91.8;-6034.2;10209.6;9154.3;-8883.6;-70.7;14.8;36.9;-89.8;0.14;-0.2;-12.1;-0.25;4.78;33.59
1753881487.17248;-5.2;3.2;-0.2;-1.4;0.05;91.78;-6326.9;10203.0;9337.5;-8774.8;-10.6;-0.9;26.0;-100.5;-0.12;0.25;-9.52;3.54;-6.37;-48.05
1753881487.177478;-5.2;3.2;-0.2;-1.6;-0.57;91.75;-6333.0;10180.0;9200.0;-8786.0;-24.0;2.0;67.0;-103.0;-0.19;0.82;-11.13;1.06;2.83;-13.16
1753881487.182478;-5.2;3.2;-0.2;-1.6;-0.57;91.75;-6333.0;10180.0;9200.0;-8786.0;-24.0;2.0;67.0;-103.0;0.04;1.12;-11.41;1.55;0.54;0.72
1753881487.187478;-5.2;3.2;-0.2;-1.6;-0.57;91.75;-6333.0;10180.0;9200.0;-8786.0;-24.0;2.0;67.0;-103.0;-1.14;0.56;-12.09;0.67;-3.46;-4.8
1753881487.192478;-5.2;3.2;-0.2;-1.6;-0.57;91.75;-6333.0;10180.0;9200.0;-8786.0;-24.0;2.0;67.0;-103.0;-0.69;0.71;-11.05;2.22;-2.12;-12.42
1753881487.197478;-5.2;3.2;-0.2;-1.6;-0.57;91.75;-6333.0;10180.0;9200.0;-8786.0;-24.0;2.0;67.0;-103.0;-0.37;0.92;-10.39;2.62;0.92;-5.1
1753881487.202478;-5.2;3.2;-0.2;-1.6;-0.57;91.75;-6333.0;10180.0;9200.0;-8786.0;-24.0;2.0;67.0;-103.0;-0.8;0.75;-11.31;3.45;1.22;1.12
1753881487.207478;-5.2;3.2;-0.2;-1.6;-0.57;91.75;-6333.0;10180.0;9200.0;-8786.0;-24.0;2.0;67.0;-103.0;-0.33;0.45;-12.27;-0.74;0.44;-10.04
1753881487.212478;-5.2;3.2;-0.2;-1.6;-0.57;91.75;-6333.0;10180.0;9200.0;-8786.0;-24.0;2.0;67.0;-103.0;-0.06;0.84;-11.25;-5.05;2.28;-12.52
1753881487.217478;-5.2;3.2;-0.2;-1.6;-0.57;91.75;-6333.0;10180.0;9200.0;-8786.0;-24.0;2.0;67.0;-103.0;-0.29;0.84;-10.81;-3.41;0.54;-6.47
1753881487.222478;-5.2;3.2;-0.2;-1.6;-0.57;91.75;-6333.0;10180.0;9200.0;-8786.0;-24.0;2.0;67.0;-103.0;-0.35;0.82;-10.72;2.53;0.48;-6.5
1753881487.227478;-5.2;3.2;-0.2;-1.6;-0.57;91.75;-6333.0;10180.0;9200.0;-8786.0;-24.0;2.0;67.0;-103.0;-0.32;0.97;-10.89;0.49;-1.91;-5.55
1753881487.232478;-5.2;3.2;-0.2;-1.6;-0.57;91.75;-6333.0;10180.0;9200.0;-8786.0;-24.0;2.0;67.0;-103.0;-0.78;1.05;-11.74;0.19;-0.83;-13.93
1753881487.237478;-5.2;3.2;-0.2;-1.6;-0.57;91.75;-6333.0;10180.0;9200.0;-8786.0;-24.0;2.0;67.0;-103.0;-0.46;1.19;-12.02;2.07;-1.22;-8.0
1753881487.242478;-5.2;3.2;-0.2;-1.3;-0.26;93.35;-6219.4;10056.6;9945.4;-7913.2;10.9;-52.4;50.0;-173.4;-0.18;1.72;-12.97;-0.6;4.56;-5.37
1753881487.247478;-5.2;3.2;-0.2;-1.9;-0.54;91.84;-7065.5;10038.6;8820.6;-8981.0;-77.7;19.8;98.1;-88.0;0.39;1.74;-10.35;2.78;1.27;-51.09
1753881487.252478;-5.1;3.2;-0.2;-1.2;-0.64;90.82;-7155.8;10300.7;8710.9;-8146.6;-8.2;-23.0;50.6;-201.1;-0.21;0.8;-11.45;2.87;2.61;-21.0
1753881487.257478;-5.3;3.2;-0.2;-1.6;-0.45;90.88;-5334.8;10111.6;9837.5;-9074.7;10.7;-53.3;59.3;-102.8;-0.09;0.73;-12.3;6.11;0.25;1.7
1753881487.262478;-5.3;3.2;-0.2;-1.9;-0.55;91.14;-5406.0;10231.6;8974.0;-8793.9;7.7;-61.2;86.5;-133.2;-0.7;0.68;-12.16;0.33;-11.55;-30.44
1753881487.267479;-5.0;3.2;-0.2;-1.7;-0.63;91.07;-6445.6;10122.7;9150.4;-8196.5;104.6;-5.7;101.2;-125.8;-0.47;0.98;-10.46;2.5;-3.14;-34.11
1753881487.272479;-5.4;3.2;-0.2;-1.8;-0.88;90.76;-3891.9;10025.8;8652.2;-9303.1;16.0;26.7;53.6;-76.8;0.6;0.83;-10.82;3.39;0.49;-7.65
1753881487.277479;-5.3;3.2;-0.2;-1.8;-0.34;91.02;-4369.0;10055.5;8238.3;-9264.8;213.8;-49.8;136.7;-127.6;-0.42;-0.02;-11.12;1.52;-5.6;-19.98
1753881487.282479;-5.2;3.2;-0.2;-1.7;-0.34;90.84;-4923.5;9956.7;7238.7;-9082.8;67.5;-115.2;51.9;-145.7;0.1;-0.87;-10.88;4.74;3.49;-15.74
1753881487.287479;-5.2;3.2;-0.2;-1.7;-0.55;91.46;-6499.0;10088.1;8670.8;-9627.9;56.6;-16.5;104.8;-148.6;-0.03;0.16;-10.84;-6.03;-7.7;-7.42
1753881487.292479;-5.1;3.2;-0.2;-2.0;-0.55;91.53;-6892.2;10000.0;7695.9;-9849.2;-42.5;-128.2;85.5;-87.3;0.33;0.09;-11.14;2.48;3.28;-26.35
1753881487.29748;-5.2;3.2;-0.2;-1.7;-0.72;90.31;-4905.1;9959.0;8323.8;-8965.0;40.6;-72.4;59.8;-161.6;-0.49;0.13;-9.68;-1.45;-8.42;3.41
1753881487.30248;-5.4;3.2;-0.2;-2.0;-0.87;91.93;-5389.4;9963.5;8842.8;-8594.9;71.3;-47.2;80.2;-201.2;-0.81;0.85;-9.97;0.98;-7.5;0.83
1753881487.30748;-5.3;3.2;-0.2;-1.8;-0.65;90.38;-3995.3;9820.5;7608.9;-10000.2;114.3;-123.2;138.4;-171.2;-0.58;-0.0;-10.96;1.71;1.41;-10.78
1753881487.31248;-5.3;3.2;-0.2;-1.6;-0.55;90.65;-5013.7;9804.6;7706.2;-9362.9;112.6;-94.8;83.8;-204.6;0.11;0.37;-11.87;3.91;2.32;9.87
1753881487.31748;-5.2;3.2;-0.2;-1.8;-0.43;91.53;-5891.1;10041.8;8040.3;-9375.8;32.8;-65.6;144.3;-168.2;-0.1;-0.85;-10.78;3.83;6.2;19.94
1753881487.32248;-5.3;3.2;-0.2;-2.1;-0.54;90.45;-4654.3;9783.8;8845.0;-9556.0;214.2;-105.4;104.3;-213.3;-0.81;-0.68;-11.46;-0.02;3.13;-1.36
1753881487.32748;-5.3;3.2;-0.2;-1.8;-0.94;90.15;-4643.9;9818.2;7141.0;-9984.7;191.0;-190.4;130.2;-182.4;-0.01;0.16;-10.65;0.85;-2.34;0.43
1753881487.33248;-5.2;3.2;-0.2;-1.8;-0.67;90.48;-5581.9;9815.0;7045.0;-9419.3;124.7;-129.7;126.5;-168.3;-0.91;0.52;-9.87;-0.33;0.91;-5.48
1753881487.33748;-5.3;3.2;-0.2;-2.1;-0.51;88.74;-3020.9;9813.8;6731.7;-9480.7;81.1;-54.6;91.7;-196.5;-0.47;0.11;-9.52;-4.95;0.72;-6.57
1753881487.34248;-5.4;3.2;-0.2;-2.0;-0.73;88.43;-4103.3;9902.9;8299.9;-10343.8;89.1;-81.1;128.1;-184.4;-0.48;-1.71;-10.85;1.36;-4.52;27.79
1753881487.34748;-5.3;3.2;-0.2;-2.4;-0.72;90.37;-5249.4;9907.9;8021.8;-10529.2;241.7;-171.8;137.6;-200.8;-0.41;-0.96;-10.36;2.65;2.67;-0.75
1753881487.352481;-5.3;3.2;-0.2;-2.0;-0.61;90.27;-4663.9;9869.3;7295.3;-11444.6;232.1;-194.1;93.8;-170.1;0.31;0.44;-10.42;1.02;2.49;-14.72
1753881487.357478;-5.3;3.2;-0.2;-2.2;-0.66;89.47;-4283.0;9766.0;7276.0;-9960.0;174.0;-166.0;144.0;-204.0;-0.33;-1.04;-10.37;1.19;0.7;-8.58
1753881487.362478;-5.3;3.2;-0.2;-2.2;-0.66;89.47;-4283.0;9766.0;7276.0;-9960.0;174.0;-166.0;144.0;-204.0;-1.2;-1.15;-10.3;2.01;4.05;-23.59
1753881487.367478;-5.3;3.2;-0.2;-2.2;-0.66;89.47;-4283.0;9766.0;7276.0;-9960.0;174.0;-166.0;144.0;-204.0;-0.48;-0.91;-10.88;1.15;-1.04;-20.04
1753881487.372478;-5.3;3.2;-0.2;-2.2;-0.66;89.47;-4283.0;9766.0;7276.0;-9960.0;174.0;-166.0;144.0;-204.0;0.23;-1.07;-10.64;2.73;-2.84;-13.24
1753881487.377478;-5.3;3.2;-0.2;-2.2;-0.66;89.47;-4283.0;9766.0;7276.0;-9960.0;174.0;-166.0;144.0;-204.0;0.0;0.24;-12.14;26.9;-6.85;-10.81
1753881487.382478;-5.3;3.2;-0.2;-2.2;-0.66;89.47;-4283.0;9766.0;7276.0;-9960.0;174.0;-166.0;144.0;-204.0;2.13;0.18;-12.47;18.99;-12.92;14.22
1753881487.387478;-5.3;3.2;-0.2;-2.2;-0.66;89.47;-4283.0;9766.0;7276.0;-9960.0;174.0;-166.0;144.0;-204.0;3.02;-2.27;-11.23;-10.86;-2.47;-36.09
1753881487.392478;-5.3;3.2;-0.2;-2.2;-0.66;89.47;-4283.0;9766.0;7276.0;-9960.0;174.0;-166.0;144.0;-204.0;1.17;-2.19;-11.7;-9.24;8.9;-49.19
1753881487.397478;-5.3;3.2;-0.2;-2.2;-0.66;89.47;-4283.0;9766.0;7276.0;-9960.0;174.0;-166.0;144.0;-204.0;2.22;-0.81;-10.48;-8.97;-2.49;19.5
1753881487.402478;-5.3;3.2;-0.2;-2.2;-0.66;89.47;-4283.0;9766.0;7276.0;-9960.0;174.0;-166.0;144.0;-204.0;2.54;-0.93;-8.07;-6.53;1.77;6.36
1753881487.407478;-5.3;3.2;-0.2;-2.5;0.05;88.03;-5352.3;9581.6;6966.4;-10071.7;181.4;-22.8;104.9;-180.5;1.67;0.13;-6.9;-14.63;8.96;0.32
1753881487.412478;-5.2;3.2;-0.2;-3.3;-0.35;91.95;-3990.0;9987.2;8309.7;-9694.8;243.8;-210.3;137.0;-210.6;3.9;-0.55;-9.23;1.73;0.87;-0.39
1753881487.417478;-5.4;3.2;-0.2;-2.2;-0.71;87.56;-3760.4;9975.1;7739.1;-11213.4;190.5;-137.2;177.3;-209.5;2.26;-1.75;-8.94;-12.57;6.34;4.9
1753881487.422478;-5.3;3.2;-0.2;-1.6;-1.65;89.31;-3109.9;9504.8;7457.4;-10143.3;200.9;-75.7;250.6;-257.4;0.77;1.72;-8.41;-12.14;3.51;-12.1
1753881487.427478;-5.2;3.2;-0.2;-1.7;-0.45;89.77;-4218.6;9663.1;7734.6;-10480.3;267.1;-219.4;249.8;-225.0;1.34;-2.61;-8.24;13.42;3.78;-15.17
1753881487.432479;-5.3;3.2;-0.2;-2.0;0.02;88.49;-5223.2;9756.2;7165.9;-9239.8;282.8;-61.4;174.6;-150.6;2.19;-0.5;-7.8;-0.64;7.68;31.93
1753881487.437479;-5.3;3.2;-0.2;-2.6;0.03;88.61;-4168.4;9286.1;6968.8;-10901.7;203.7;-72.5;247.9;-157.8;-0.09;0.99;-8.42;12.1;2.5;1.5
1753881487.442479;-5.4;3.2;-0.2;-2.1;0.59;87.25;-3412.2;9533.5;8066.2;-9170.6;25.2;-178.3;272.1;-142.9;2.16;-2.35;-8.64;-11.42;9.01;-31.92
1753881487.447479;-5.4;3.2;-0.2;-1.7;0.33;88.97;-2830.4;9608.3;8844.8;-9706.7;193.7;-56.1;261.5;-232.5;2.17;-2.32;-6.7;1.77;-0.41;-1.73
1753881487.452479;-5.2;3.2;-0.2;-2.1;-0.56;87.88;-4433.0;9671.4;7820.3;-9496.4;173.3;-142.0;127.7;-300.5;2.09;-0.24;-9.53;-5.58;7.75;-5.38
1753881487.457479;-5.3;3.2;-0.2;-2.2;-0.15;85.06;-4351.7;10096.0;6512.8;-10902.3;111.7;-130.0;300.9;-155.4;0.56;-1.23;-7.92;12.2;-0.12;-6.14
1753881487.462479;-5.2;3.2;-0.2;-1.7;0.21;87.67;-5965.0;9484.3;7466.7;-9366.1;-69.4;-168.1;238.7;-135.7;0.86;-0.26;-8.89;-13.61;6.42;-42.91
1753881487.46748;-5.5;3.2;-0.2;-1.7;-0.6;86.77;-3969.3;10092.7;7851.3;-9369.3;83.4;-48.3;148.9;-277.4;4.03;-0.8;-7.63;2.8;3.17;-16.17
1753881487.47248;-5.4;3.2;-0.2;-1.9;0.73;88.15;-4843.6;9873.8;7718.0;-10471.0;193.6;9.5;270.8;-178.9;2.39;0.15;-10.03;-20.79;6.03;-9.48
1753881487.47748;-5.4;3.2;-0.2;-2.0;1.66;90.9;-2903.7;9944.4;6248.0;-10812.6;105.0;-102.2;211.9;-198.3;0.44;-1.82;-8.65;-1.64;8.84;-19.69
1753881487.48248;-5.4;3.2;-0.2;-1.7;-0.12;86.16;-6211.5;9815.4;5582.9;-9704.7;55.9;-130.1;261.4;-191.6;0.83;-1.11;-10.0;-16.08;1.39;-31.05
1753881487.48748;-5.3;3.2;-0.2;-0.7;0.14;87.62;-3303.1;10078.0;6832.6;-10876.5;-14.6;-205.6;360.0;-225.4;3.31;-1.23;-7.77;-3.13;9.71;10.19
1753881487.49248;-5.5;3.2;-0.2;-1.4;0.57;84.99;-2998.7;9818.9;8542.6;-10186.2;156.7;-85.4;295.9;-84.2;-0.21;-0.99;-9.4;4.32;2.44;-10.2
1753881487.49748;-5.5;3.2;-0.2;-1.5;0.47;85.65;-4197.5;9972.8;7583.2;-9920.0;181.8;-183.9;260.2;-205.1;-0.01;3.42;-10.18;-8.3;9.37;-34.64
1753881487.50248;-5.5;3.2;-0.2;-1.7;1.08;86.38;-5188.0;9741.3;7243.4;-9573.7;89.8;22.4;267.5;-190.9;-0.38;-1.09;-10.31;-0.72;2.95;-58.72
1753881487.50748;-5.4;3.2;-0.2;-2.1;0.23;89.56;-5711.3;9684.8;6406.9;-10067.2;188.4;-50.7;289.5;-253.3;-0.14;-0.06;-10.14;7.24;-0.01;-72.23
1753881487.51248;-5.4;3.2;-0.2;-1.3;1.77;86.73;-4579.1;10368.8;7070.6;-10096.9;86.8;-29.9;275.6;-100.2;1.29;-0.8;-10.46;-5.41;3.38;-39.77
1753881487.51748;-5.5;3.2;-0.2;-1.9;0.77;86.88;-6342.5;9969.7;7731.3;-11019.3;-32.7;5.2;315.3;-234.2;-1.68;-1.24;-9.66;12.13;7.63;-48.97
1753881487.522481;-5.4;3.2;-0.2;-1.4;1.21;86.7;-4164.5;10107.7;7943.2;-10390.7;-53.3;-137.2;338.0;-160.1;-1.42;0.42;-8.56;0.39;4.75;-1.94
1753881487.527481;-5.7;3.2;-0.2;-1.0;1.9;86.16;-4203.3;9750.7;6581.5;-10437.8;30.8;-43.8;217.5;-206.3;0.15;1.66;-9.58;10.61;11.72;-42.17
1753881487.532481;-5.5;3.2;-0.2;-1.6;1.18;85.29;-4284.0;9817.9;7536.6;-9089.1;238.1;-110.0;237.0;-280.4;-0.52;-1.48;-10.84;1.59;6.87;-20.62
1753881487.537481;-5.3;3.2;-0.2;-1.2;1.81;84.95;-3009.0;9924.9;8472.4;-11771.8;256.1;-110.3;255.8;-139.2;-0.54;0.77;-10.86;-7.97;3.5;-57.06
1753881487.542478;-5.5;3.2;-0.2;-1.0;1.81;86.11;-4373.0;9996.0;7030.0;-10106.0;91.0;-74.0;326.0;-205.0;-0.75;0.22;-10.28;1.77;5.19;-39.39
1753881487.547478;-5.5;3.2;-0.2;-1.0;1.81;86.11;-4373.0;9996.0;7030.0;-10106.0;91.0;-74.0;326.0;-205.0;-0.23;1.34;-9.73;1.61;-2.21;3.37
1753881487.552478;-5.5;3.2;-0.2;-1.0;1.81;86.11;-4373.0;9996.0;7030.0;-10106.0;91.0;-74.0;326.0;-205.0;-0.48;0.34;-10.88;-0.35;-2.03;-3.83
1753881487.557478;-5.5;3.2;-0.2;-1.0;1.81;86.11;-4373.0;9996.0;7030.0;-10106.0;91.0;-74.0;326.0;-205.0;-1.14;-0.58;-11.8;2.38;6.83;-53.2
1753881487.562478;-5.5;3.2;-0.2;-1.0;1.81;86.11;-4373.0;9996.0;7030.0;-10106.0;91.0;-74.0;326.0;-205.0;-0.27;1.1;-10.83;1.0;-3.5;-0.92
1753881487.567478;-5.5;3.2;-0.2;-1.0;1.81;86.11;-4373.0;9996.0;7030.0;-10106.0;91.0;-74.0;326.0;-205.0;-0.59;0.67;-10.43;-3.25;-3.6;3.0
1753881487.572478;-5.4;3.3;-0.2;-1.7;1.78;86.01;-3246.3;9755.1;9108.2;-10421.0;118.7;-53.2;401.2;-196.5;0.75;0.74;-9.31;0.42;-4.28;-26.95
1753881487.577478;-5.6;3.3;-0.2;-0.1;2.6;82.12;-4046.3;9951.3;7427.3;-10353.4;95.9;-23.2;315.6;-169.8;1.04;1.09;-10.15;7.63;-7.72;-1.39
1753881487.582478;-5.5;3.2;-0.2;-1.6;-0.65;90.0;-4797.1;10223.1;6326.2;-9652.0;66.9;-66.9;220.8;-185.8;1.64;-0.0;-9.83;-1.07;-5.12;-12.91
1753881487.587478;-5.5;3.2;-0.2;-0.5;0.97;83.4;-3472.5;9805.6;5925.3;-9540.7;14.0;-105.4;521.9;-145.5;-2.11;-0.9;-11.68;0.34;4.37;-0.85
1753881487.592478;-5.5;3.2;-0.2;-1.0;3.62;90.37;-5194.5;10110.9;6473.3;-10200.4;62.1;55.4;347.2;-201.6;2.19;0.02;-10.11;7.26;3.99;10.88
1753881487.597479;-5.5;3.2;-0.2;-1.7;0.62;84.76;-3130.0;9874.7;7036.3;-9917.7;5.0;34.0;242.5;-226.7;0.09;1.29;-10.93;-6.69;-4.68;-20.05
1753881487.602479;-5.5;3.2;-0.2;-0.9;1.2;87.78;-4427.7;10235.9;8125.9;-10019.1;114.8;-95.9;397.2;-230.4;0.56;1.79;-10.69;16.45;-15.09;-6.87
1753881487.607479;-5.3;3.2;-0.2;-0.8;1.37;86.27;-4636.7;10092.0;6722.6;-9627.2;79.6;-277.9;411.7;-280.7;-1.34;1.09;-11.14;-15.79;-6.71;-23.62
1753881487.612479;-5.5;3.2;-0.2;-1.3;1.68;82.96;-4000.2;10214.6;6301.8;-9410.4;-1.9;-85.3;418.2;-182.6;-2.4;0.37;-9.48;5.85;-5.23;-26.3
1753881487.617479;-5.6;3.2;-0.2;-1.4;2.73;86.79;-4005.7;10190.6;6999.6;-9935.6;96.9;-91.4;527.4;-209.6;-0.89;0.42;-12.69;-4.61;-7.36;9.77
1753881487.622479;-5.4;3.3;-0.2;-2.0;-0.59;84.1;-4854.2;10074.1;5609.9;-9780.8;159.0;-198.3;316.2;-228.8;-0.92;1.95;-11.18;-4.43;-7.14;22.86
1753881487.627479;-5.4;3.2;-0.2;-0.5;1.15;88.75;-4079.9;10006.2;7363.4;-10615.6;129.2;47.1;115.9;-257.8;-1.94;1.67;-9.66;0.55;2.14;-16.39
1753881487.63248;-5.5;3.2;-0.2;-1.9;0.01;84.25;-3746.7;10207.7;5666.7;-10269.5;224.8;-135.6;310.6;-164.7;1.95;0.07;-11.28;5.32;2.24;-17.84
1753881487.63748;-5.6;3.3;-0.2;-0.9;0.43;84.42;-4579.5;9941.0;8458.5;-9851.4;25.5;-113.6;333.5;-256.6;-0.12;0.25;-11.46;-4.9;-1.5;6.56
1753881487.64248;-5.4;3.2;-0.2;-0.6;1.03;86.17;-4235.5;9831.1;6965.1;-10148.8;207.2;-10.1;298.6;-205.3;1.56;-0.05;-11.11;1.34;3.84;-6.39
1753881487.64748;-5.3;3.3;-0.2;-0.8;1.74;85.87;-4841.6;9935.1;6986.0;-9626.8;26.4;-89.8;175.7;-246.5;1.06;-0.34;-10.59;0.21;4.07;-21.42
1753881487.65248;-5.4;3.2;-0.2;-0.7;-1.57;87.81;-4638.1;10166.6;7472.8;-9689.3;133.2;-85.0;318.5;-169.1;0.35;1.79;-10.89;4.33;-0.44;14.6
1753881487.65748;-5.5;3.2;-0.2;-1.3;2.47;84.41;-3212.7;9809.7;7360.9;-10165.0;42.9;-24.1;286.9;-287.7;-0.82;0.83;-9.0;-10.57;2.23;-9.14
1753881487.66248;-5.4;3.2;-0.2;-1.5;1.91;84.23;-4242.2;10145.5;7880.3;-9786.5;84.6;-52.1;134.8;-260.5;-2.69;-1.9;-11.29;-2.84;-2.81;-13.12
1753881487.66748;-5.4;3.2;-0.2;-1.2;0.23;83.08;-4234.6;10280.9;8241.0;-9254.6;239.3;-148.6;168.1;-184.9;-0.42;-1.19;-8.97;1.69;0.76;-36.66
1753881487.67248;-5.4;3.2;-0.2;-1.2;1.2;84.26;-2504.1;9876.8;6491.1;-10974.3;106.3;-82.5;169.3;-189.3;-3.37;0.47;-10.61;-7.11;-6.36;-18.68
1753881487.67748;-5.5;3.3;-0.2;-0.1;0.74;83.78;-3397.3;10067.7;6428.4;-9961.8;139.5;-143.8;200.1;-258.1;0.13;-2.33;-12.24;-10.91;1.77;-7.2
1753881487.68248;-5.5;3.2;-0.2;-0.7;3.94;86.62;-3913.8;10041.6;6938.5;-9436.1;89.8;-147.3;329.2;-236.2;-1.17;0.87;-11.47;-5.58;1.19;-55.05
1753881487.687481;-5.5;3.3;-0.2;-0.5;2.37;88.7;-5348.3;9991.1;7447.8;-9747.6;178.4;-70.4;335.9;-170.8;2.01;-1.87;-9.81;6.07;-4.3;-12.04
