Timestamp;Fix;Latitude;Longitude;Altitude;GeoidSeparation;Satellites;HDOP;Heading
1753876242.76;2.0;49.20420333;18.75503632;387.2908;42.1353;16.0;0.8;121.003
1753876242.77;2.0;49.20420333;18.75503632;387.291;42.1353;16.0;0.8;121.0
1753876242.78;2.0;49.20420333;18.75503632;387.2911;42.1353;16.0;0.8;121.044
1753876242.79;2.0;49.20420332;18.75503632;387.2911;42.1353;16.0;0.8;121.099
1753876242.8;2.0;49.20420332;18.75503632;387.2904;42.1353;16.0;0.8;121.144
1753876242.81;2.0;49.20420332;18.75503632;387.29;42.1353;16.0;0.8;121.155
1753876242.82;2.0;49.20420332;18.75503632;387.2905;42.1353;16.0;0.8;121.153
1753876242.83;2.0;49.20420332;18.75503632;387.2909;42.1353;16.0;0.8;121.174
1753876242.84;2.0;49.20420332;18.75503632;387.2907;42.1353;16.0;0.8;121.212
1753876242.85;2.0;49.20420332;18.75503632;387.2908;42.1353;16.0;0.8;121.207
1753876242.86;2.0;49.20420332;18.75503632;387.2917;42.1353;16.0;0.8;121.287
1753876242.87;2.0;49.20420332;18.75503632;387.2917;42.1353;16.0;0.8;121.259
1753876242.88;2.0;49.20420332;18.75503632;387.2913;42.1353;16.0;0.8;121.238
1753876242.89;2.0;49.20420332;18.75503633;387.2912;42.1353;16.0;0.8;121.197
1753876242.9;2.0;49.20420332;18.75503633;387.2916;42.1353;16.0;0.8;121.196
1753876242.91;2.0;49.20420332;18.75503633;387.2916;42.1353;16.0;0.8;121.21
1753876242.92;2.0;49.20420332;18.75503633;387.2909;42.1353;16.0;0.8;121.291
1753876242.93;2.0;49.20420332;18.75503634;387.2908;42.1353;16.0;0.8;121.339
1753876242.94;2.0;49.20420332;18.75503634;387.291;42.1353;16.0;0.8;121.331
1753876242.95;2.0;49.20420332;18.75503634;387.2911;42.1353;16.0;0.8;121.352
1753876242.96;2.0;49.20420332;18.75503635;387.291;42.1353;16.0;0.8;121.418
1753876242.97;2.0;49.20420331;18.75503634;387.2913;42.1353;16.0;0.8;121.49
1753876242.98;2.0;49.20420331;18.75503634;387.2908;42.1353;16.0;0.8;121.463
1753876242.99;2.0;49.20420331;18.75503634;387.2908;42.1353;16.0;0.8;121.462
1753876243.0;2.0;49.20420331;18.75503634;387.2909;42.1353;16.0;0.8;121.412
1753876243.01;2.0;49.20420331;18.75503635;387.2913;42.1353;16.0;0.8;121.366
1753876243.02;2.0;49.20420331;18.75503635;387.2919;42.1353;16.0;0.8;121.367
1753876243.03;2.0;49.20420331;18.75503635;387.2921;42.1353;16.0;0.8;121.343
1753876243.04;2.0;49.20420331;18.75503635;387.2924;42.1353;16.0;0.8;121.294
1753876243.05;2.0;49.2042033;18.75503635;387.2926;42.1353;16.0;0.8;121.239
1753876243.06;2.0;49.2042033;18.75503635;387.2923;42.1353;16.0;0.8;121.156
1753876243.07;2.0;49.20420331;18.75503635;387.2926;42.1353;16.0;0.8;121.091
1753876243.08;2.0;49.20420331;18.75503635;387.2927;42.1353;16.0;0.8;121.089
1753876243.09;2.0;49.20420331;18.75503635;387.293;42.1353;16.0;0.8;121.085
1753876243.1;2.0;49.20420331;18.75503635;387.2923;42.1353;16.0;0.8;121.151
1753876243.11;2.0;49.20420331;18.75503635;387.2922;42.1353;16.0;0.8;121.19
1753876243.12;2.0;49.20420331;18.75503635;387.292;42.1353;16.0;0.8;121.213
1753876243.13;2.0;49.2042033;18.75503635;387.2921;42.1353;16.0;0.8;121.227
1753876243.14;2.0;49.2042033;18.75503636;387.2919;42.1353;16.0;0.8;121.215
1753876243.15;2.0;49.2042033;18.75503636;387.2923;42.1353;16.0;0.8;121.291
1753876243.16;2.0;49.2042033;18.75503636;387.2924;42.1353;16.0;0.8;121.292
1753876243.17;2.0;49.20420329;18.75503636;387.2924;42.1353;16.0;0.8;121.278
1753876243.18;2.0;49.20420329;18.75503635;387.2922;42.1353;16.0;0.8;121.231
1753876243.19;2.0;49.20420329;18.75503636;387.2924;42.1353;16.0;0.8;121.224
1753876243.2;2.0;49.2042033;18.75503636;387.2923;42.1353;16.0;0.8;121.252
1753876243.21;2.0;49.2042033;18.75503636;387.2918;42.1353;16.0;0.8;121.303
1753876243.22;2.0;49.2042033;18.75503636;387.2921;42.1353;16.0;0.8;121.332
1753876243.23;2.0;49.2042033;18.75503636;387.2924;42.1353;16.0;0.8;121.354
1753876243.24;2.0;49.2042033;18.75503636;387.2922;42.1353;16.0;0.8;121.355
1753876243.25;2.0;49.20420329;18.75503636;387.2921;42.1353;16.0;0.8;121.332
1753876243.26;2.0;49.20420329;18.75503636;387.2929;42.1353;16.0;0.8;121.309
1753876243.27;2.0;49.20420329;18.75503636;387.2936;42.1353;16.0;0.8;121.29
1753876243.28;2.0;49.2042033;18.75503636;387.2941;42.1353;16.0;0.8;121.401
1753876243.29;2.0;49.2042033;18.75503636;387.2943;42.1353;16.0;0.8;121.464
1753876243.3;2.0;49.2042033;18.75503636;387.2946;42.1353;16.0;0.8;121.544
1753876243.31;2.0;49.20420329;18.75503636;387.2948;42.1353;16.0;0.8;121.524
1753876243.32;2.0;49.20420329;18.75503636;387.2947;42.1353;16.0;0.8;121.517
1753876243.33;2.0;49.2042033;18.75503637;387.2948;42.1353;16.0;0.8;121.548
1753876243.34;2.0;49.20420329;18.75503637;387.2953;42.1353;16.0;0.8;121.667
1753876243.35;2.0;49.20420329;18.75503637;387.2957;42.1353;16.0;0.8;121.64
1753876243.36;2.0;49.20420329;18.75503637;387.2961;42.1353;16.0;0.8;121.597
1753876243.37;2.0;49.20420329;18.75503637;387.2966;42.1353;16.0;0.8;121.549
1753876243.38;2.0;49.20420328;18.75503637;387.2967;42.1353;16.0;0.8;121.444
1753876243.39;2.0;49.20420328;18.75503637;387.2967;42.1353;16.0;0.8;121.4
1753876243.4;2.0;49.20420328;18.75503637;387.2971;42.1353;16.0;0.8;121.353
1753876243.41;2.0;49.20420328;18.75503637;387.2972;42.1353;16.0;0.8;121.253
1753876243.42;2.0;49.20420328;18.75503637;387.2968;42.1353;16.0;0.8;121.22
1753876243.43;2.0;49.20420328;18.75503638;387.2967;42.1353;16.0;0.8;121.188
1753876243.44;2.0;49.20420328;18.75503638;387.2971;42.1353;16.0;0.8;121.212
1753876243.45;2.0;49.20420328;18.75503638;387.2979;42.1353;16.0;0.8;121.143
1753876243.46;2.0;49.20420328;18.75503639;387.2985;42.1353;16.0;0.8;121.055
1753876243.47;2.0;49.20420328;18.75503639;387.2992;42.1353;16.0;0.8;120.98
1753876243.48;2.0;49.20420328;18.75503639;387.2997;42.1353;16.0;0.8;120.964
1753876243.49;2.0;49.20420328;18.75503639;387.3001;42.1353;16.0;0.8;120.955
1753876243.5;2.0;49.20420328;18.75503639;387.3001;42.1353;16.0;0.8;120.952
1753876243.51;2.0;49.20420328;18.7550364;387.2998;42.1353;16.0;0.8;121.014
1753876243.52;2.0;49.20420328;18.7550364;387.2996;42.1353;16.0;0.8;121.065
1753876243.53;2.0;49.20420327;18.7550364;387.2993;42.1353;16.0;0.8;121.115
1753876243.54;2.0;49.20420327;18.75503641;387.2993;42.1353;16.0;0.8;121.082
1753876243.55;2.0;49.20420327;18.7550364;387.2992;42.1353;16.0;0.8;121.068
1753876243.56;2.0;49.20420327;18.7550364;387.2994;42.1353;16.0;0.8;121.051
1753876243.57;2.0;49.20420327;18.7550364;387.2995;42.1353;16.0;0.8;121.049
1753876243.58;2.0;49.20420327;18.7550364;387.2993;42.1353;16.0;0.8;121.07
1753876243.59;2.0;49.20420327;18.7550364;387.2998;42.1353;16.0;0.8;121.115
1753876243.6;2.0;49.20420327;18.7550364;387.3002;42.1353;16.0;0.8;121.117
1753876243.61;2.0;49.20420327;18.7550364;387.3004;42.1353;16.0;0.8;121.13
1753876243.62;2.0;49.20420327;18.7550364;387.3004;42.1353;16.0;0.8;121.066
1753876243.63;2.0;49.20420326;18.7550364;387.3002;42.1353;16.0;0.8;121.038
1753876243.64;2.0;49.20420326;18.7550364;387.2999;42.1353;16.0;0.8;121.047
1753876243.65;2.0;49.20420326;18.7550364;387.3005;42.1353;16.0;0.8;121.049
1753876243.66;2.0;49.20420325;18.7550364;387.3006;42.1353;16.0;0.8;121.046
1753876243.67;2.0;49.20420325;18.75503641;387.3007;42.1353;16.0;0.8;121.051
1753876243.68;2.0;49.20420325;18.75503641;387.3009;42.1353;16.0;0.8;121.144
1753876243.69;2.0;49.20420325;18.75503641;387.3016;42.1353;16.0;0.8;121.194
1753876243.7;2.0;49.20420325;18.75503641;387.3017;42.1353;16.0;0.8;121.172
1753876243.71;2.0;49.20420324;18.75503641;387.3018;42.1353;16.0;0.8;121.237
1753876243.72;2.0;49.20420324;18.75503642;387.3018;42.1353;16.0;0.8;121.19
1753876243.73;2.0;49.20420324;18.75503642;387.3018;42.1353;16.0;0.8;121.158
1753876243.74;2.0;49.20420323;18.75503643;387.3021;42.1353;16.0;0.8;121.158
1753876243.75;2.0;49.20420323;18.75503643;387.3026;42.1353;16.0;0.8;121.225
1753876243.76;2.0;49.20420323;18.75503643;387.3031;42.1353;16.0;0.8;121.228
1753876243.77;2.0;49.20420323;18.75503643;387.3032;42.1353;16.0;0.8;121.196
1753876243.78;2.0;49.20420323;18.75503643;387.3034;42.1353;16.0;0.8;121.11
1753876243.79;2.0;49.20420323;18.75503643;387.3044;42.1353;16.0;0.8;121.073
1753876243.8;2.0;49.20420322;18.75503643;387.3052;42.1353;16.0;0.8;121.041
1753876243.81;2.0;49.20420322;18.75503643;387.3051;42.1353;16.0;0.8;121.061
1753876243.82;2.0;49.20420322;18.75503643;387.3055;42.1353;16.0;0.8;121.114
1753876243.83;2.0;49.20420322;18.75503644;387.3053;42.1353;16.0;0.8;121.128
1753876243.84;2.0;49.20420322;18.75503644;387.3053;42.1353;16.0;0.8;121.245
1753876243.85;2.0;49.20420322;18.75503643;387.3047;42.1353;16.0;0.8;121.278
1753876243.86;2.0;49.20420322;18.75503643;387.3043;42.1353;16.0;0.8;121.212
1753876243.87;2.0;49.20420322;18.75503644;387.3037;42.1353;16.0;0.8;121.161
1753876243.88;2.0;49.20420322;18.75503644;387.304;42.1353;16.0;0.8;121.169
1753876243.89;2.0;49.20420321;18.75503644;387.3046;42.1353;16.0;0.8;121.173
1753876243.9;2.0;49.20420321;18.75503644;387.3049;42.1353;16.0;0.8;121.145
1753876243.91;2.0;49.20420321;18.75503644;387.305;42.1353;16.0;0.8;121.167
1753876243.92;2.0;49.20420321;18.75503644;387.3053;42.1353;16.0;0.8;121.167
1753876243.93;2.0;49.20420321;18.75503644;387.3056;42.1353;16.0;0.8;121.128
1753876243.94;2.0;49.20420321;18.75503644;387.3061;42.1353;16.0;0.8;121.188
1753876243.95;2.0;49.20420321;18.75503644;387.3072;42.1353;16.0;0.8;121.228
1753876243.96;2.0;49.20420321;18.75503644;387.3075;42.1353;16.0;0.8;121.175
1753876243.97;2.0;49.20420321;18.75503644;387.3077;42.1353;16.0;0.8;121.161
1753876243.98;2.0;49.2042032;18.75503643;387.3078;42.1353;16.0;0.8;121.122
1753876243.99;2.0;49.2042032;18.75503643;387.3076;42.1353;16.0;0.8;121.046
1753876244.0;2.0;49.2042032;18.75503643;387.3076;42.1353;16.0;0.8;121.063
1753876244.01;2.0;49.20420319;18.75503643;387.3073;42.1353;16.0;0.8;121.062
1753876244.02;2.0;49.2042032;18.75503643;387.3075;42.1353;16.0;0.8;121.085
1753876244.03;2.0;49.2042032;18.75503643;387.3074;42.1353;16.0;0.8;121.115
1753876244.04;2.0;49.2042032;18.75503642;387.3075;42.1353;16.0;0.8;121.187
1753876244.05;2.0;49.2042032;18.75503642;387.3074;42.1353;16.0;0.8;121.161
1753876244.06;2.0;49.20420319;18.75503641;387.3069;42.1353;16.0;0.8;121.127
1753876244.07;2.0;49.20420319;18.75503641;387.3068;42.1353;16.0;0.8;121.13
1753876244.08;2.0;49.20420319;18.75503641;387.3072;42.1353;16.0;0.8;121.135
1753876244.09;2.0;49.20420318;18.75503641;387.3075;42.1353;16.0;0.8;121.128
1753876244.1;2.0;49.20420318;18.75503641;387.3077;42.1353;16.0;0.8;121.172
1753876244.11;2.0;49.20420318;18.75503641;387.3077;42.1353;16.0;0.8;121.201
1753876244.12;2.0;49.20420318;18.75503641;387.3076;42.1353;16.0;0.8;121.244
1753876244.13;2.0;49.20420318;18.75503641;387.3074;42.1353;16.0;0.8;121.233
1753876244.14;2.0;49.20420318;18.75503641;387.3074;42.1353;16.0;0.8;121.301
1753876244.15;2.0;49.20420318;18.7550364;387.3076;42.1353;16.0;0.8;121.355
1753876244.16;2.0;49.20420319;18.75503641;387.3079;42.1353;16.0;0.8;121.415
1753876244.17;2.0;49.20420319;18.7550364;387.308;42.1353;16.0;0.8;121.438
1753876244.18;2.0;49.20420319;18.7550364;387.3086;42.1353;16.0;0.8;121.372
1753876244.19;2.0;49.20420319;18.7550364;387.309;42.1353;16.0;0.8;121.369
1753876244.2;2.0;49.20420319;18.7550364;387.3089;42.1353;16.0;0.8;121.392
1753876244.21;2.0;49.20420319;18.7550364;387.309;42.1353;16.0;0.8;121.373
1753876244.22;2.0;49.20420319;18.7550364;387.3089;42.1353;16.0;0.8;121.367
1753876244.23;2.0;49.20420319;18.75503639;387.3091;42.1353;16.0;0.8;121.364
1753876244.24;2.0;49.20420319;18.75503639;387.3088;42.1353;16.0;0.8;121.291
1753876244.25;2.0;49.20420319;18.75503639;387.3088;42.1353;16.0;0.8;121.252
1753876244.26;2.0;49.20420319;18.75503639;387.3083;42.1353;16.0;0.8;121.199
1753876244.27;2.0;49.2042032;18.75503639;387.3078;42.1353;16.0;0.8;121.188
1753876244.28;2.0;49.2042032;18.75503639;387.3078;42.1353;16.0;0.8;121.221
1753876244.29;2.0;49.2042032;18.75503639;387.3082;42.1353;16.0;0.8;121.266
1753876244.3;2.0;49.2042032;18.75503639;387.3082;42.1353;16.0;0.8;121.252
1753876244.31;2.0;49.2042032;18.75503638;387.3082;42.1353;16.0;0.8;121.305
1753876244.32;2.0;49.2042032;18.75503638;387.3085;42.1353;16.0;0.8;121.341
1753876244.33;2.0;49.2042032;18.75503638;387.3085;42.1353;16.0;0.8;121.33
1753876244.34;2.0;49.20420319;18.75503637;387.3087;42.1353;16.0;0.8;121.293
1753876244.35;2.0;49.20420319;18.75503637;387.3094;42.1353;16.0;0.8;121.24
1753876244.36;2.0;49.20420319;18.75503637;387.3095;42.1353;16.0;0.8;121.208
1753876244.37;2.0;49.20420318;18.75503637;387.3087;42.1353;16.0;0.8;121.21
1753876244.38;2.0;49.20420318;18.75503637;387.3078;42.1353;16.0;0.8;121.195
1753876244.39;2.0;49.20420318;18.75503637;387.3074;42.1353;16.0;0.8;121.164
1753876244.4;2.0;49.20420318;18.75503638;387.3076;42.1353;16.0;0.8;121.215
1753876244.41;2.0;49.20420317;18.75503637;387.3081;42.1353;16.0;0.8;121.192
1753876244.42;2.0;49.20420317;18.75503637;387.309;42.1353;16.0;0.8;121.146
1753876244.43;2.0;49.20420318;18.75503637;387.3091;42.1353;16.0;0.8;121.124
1753876244.44;2.0;49.20420318;18.75503637;387.3087;42.1353;16.0;0.8;121.184
1753876244.45;2.0;49.20420318;18.75503637;387.3085;42.1353;16.0;0.8;121.172
1753876244.46;2.0;49.20420317;18.75503637;387.3083;42.1353;16.0;0.8;121.13
1753876244.47;2.0;49.20420317;18.75503637;387.3081;42.1353;16.0;0.8;121.111
1753876244.48;2.0;49.20420316;18.75503637;387.3084;42.1353;16.0;0.8;121.078
1753876244.49;2.0;49.20420316;18.75503637;387.3091;42.1353;16.0;0.8;121.065
1753876244.5;2.0;49.20420316;18.75503636;387.3093;42.1353;16.0;0.8;120.951
1753876244.51;2.0;49.20420316;18.75503636;387.3092;42.1353;16.0;0.8;120.935
1753876244.52;2.0;49.20420316;18.75503636;387.3085;42.1353;16.0;0.8;120.913
1753876244.53;2.0;49.20420317;18.75503635;387.3073;42.1353;16.0;0.8;120.944
1753876244.54;2.0;49.20420317;18.75503635;387.3069;42.1353;16.0;0.8;121.016
1753876244.55;2.0;49.20420317;18.75503635;387.3067;42.1353;16.0;0.8;121.038
1753876244.56;2.0;49.20420317;18.75503635;387.3068;42.1353;16.0;0.8;121.081
1753876244.57;2.0;49.20420317;18.75503635;387.3072;42.1353;16.0;0.8;121.112
1753876244.58;2.0;49.20420316;18.75503635;387.3075;42.1353;16.0;0.8;121.132
1753876244.59;2.0;49.20420316;18.75503635;387.3083;42.1353;16.0;0.8;121.196
1753876244.6;2.0;49.20420316;18.75503635;387.3086;42.1353;16.0;0.8;121.19
1753876244.61;2.0;49.20420316;18.75503635;387.3085;42.1353;16.0;0.8;121.128
1753876244.62;2.0;49.20420316;18.75503636;387.3086;42.1353;16.0;0.8;121.059
1753876244.63;2.0;49.20420316;18.75503636;387.3093;42.1353;16.0;0.8;121.016
1753876244.64;2.0;49.20420316;18.75503636;387.3095;42.1353;16.0;0.8;120.943
1753876244.65;2.0;49.20420316;18.75503636;387.3097;42.1353;16.0;0.8;120.874
1753876244.66;2.0;49.20420316;18.75503636;387.3099;42.1353;16.0;0.8;120.895
1753876244.67;2.0;49.20420316;18.75503636;387.3106;42.1353;16.0;0.8;120.917
1753876244.68;2.0;49.20420316;18.75503636;387.3114;42.1353;16.0;0.8;120.92
1753876244.69;2.0;49.20420316;18.75503636;387.3116;42.1353;16.0;0.8;120.923
1753876244.7;2.0;49.20420316;18.75503636;387.3118;42.1353;16.0;0.8;120.892
1753876244.71;2.0;49.20420315;18.75503636;387.3119;42.1353;16.0;0.8;120.879
1753876244.72;2.0;49.20420315;18.75503636;387.3117;42.1353;16.0;0.8;120.867
1753876244.73;2.0;49.20420315;18.75503636;387.3116;42.1353;16.0;0.8;120.834
1753876244.74;2.0;49.20420314;18.75503636;387.312;42.1353;16.0;0.8;120.843
1753876244.75;2.0;49.20420314;18.75503636;387.3127;42.1353;16.0;0.8;120.896
1753876244.76;2.0;49.20420314;18.75503636;387.3127;42.1353;16.0;0.8;120.949
1753876244.77;2.0;49.20420314;18.75503636;387.312;42.1353;16.0;0.8;121.041
1753876244.78;2.0;49.20420314;18.75503636;387.3118;42.1353;16.0;0.8;121.071
1753876244.79;2.0;49.20420314;18.75503635;387.3114;42.1353;16.0;0.8;121.071
1753876244.8;2.0;49.20420313;18.75503636;387.3111;42.1353;16.0;0.8;121.109
1753876244.81;2.0;49.20420313;18.75503636;387.3114;42.1353;16.0;0.8;121.102
1753876244.82;2.0;49.20420312;18.75503636;387.311;42.1353;16.0;0.8;121.121
1753876244.83;2.0;49.20420312;18.75503637;387.3111;42.1353;16.0;0.8;121.113
1753876244.84;2.0;49.20420312;18.75503637;387.3115;42.1353;16.0;0.8;121.092
1753876244.85;2.0;49.20420312;18.75503637;387.3115;42.1353;16.0;0.8;121.119
1753876244.86;2.0;49.20420312;18.75503637;387.3117;42.1353;16.0;0.8;121.181
1753876244.87;2.0;49.20420311;18.75503637;387.3116;42.1353;16.0;0.8;121.173
1753876244.88;2.0;49.20420311;18.75503637;387.3116;42.1353;16.0;0.8;121.198
1753876244.89;2.0;49.20420311;18.75503637;387.3113;42.1353;16.0;0.8;121.225
1753876244.9;2.0;49.20420311;18.75503637;387.311;42.1353;16.0;0.8;121.29
1753876244.91;2.0;49.20420311;18.75503637;387.3113;42.1353;16.0;0.8;121.293
1753876244.92;2.0;49.20420311;18.75503637;387.3114;42.1353;16.0;0.8;121.259
1753876244.93;2.0;49.20420311;18.75503637;387.312;42.1353;16.0;0.8;121.255
1753876244.94;2.0;49.20420311;18.75503638;387.3119;42.1353;16.0;0.8;121.246
1753876244.95;2.0;49.2042031;18.75503638;387.3116;42.1353;16.0;0.8;121.221
1753876244.96;2.0;49.2042031;18.75503638;387.3115;42.1353;16.0;0.8;121.183
1753876244.97;2.0;49.2042031;18.75503639;387.312;42.1353;16.0;0.8;121.123
1753876244.98;2.0;49.20420309;18.75503639;387.3127;42.1353;16.0;0.8;121.102
1753876244.99;2.0;49.20420309;18.75503639;387.3132;42.1353;16.0;0.8;121.067
1753876245.0;2.0;49.20420309;18.75503639;387.3134;42.1353;16.0;0.8;121.084
1753876245.01;2.0;49.20420309;18.75503638;387.3135;42.1353;16.0;0.8;121.079
1753876245.02;2.0;49.20420309;18.75503638;387.3139;42.1353;16.0;0.8;121.018
1753876245.03;2.0;49.20420309;18.75503638;387.314;42.1353;16.0;0.8;120.968
1753876245.04;2.0;49.20420309;18.75503638;387.314;42.1353;16.0;0.8;120.993
1753876245.05;2.0;49.20420309;18.75503638;387.3143;42.1353;16.0;0.8;120.997
1753876245.06;2.0;49.20420309;18.75503638;387.3146;42.1353;16.0;0.8;120.988
1753876245.07;2.0;49.20420308;18.75503638;387.3149;42.1353;16.0;0.8;120.991
1753876245.08;2.0;49.20420309;18.75503638;387.3149;42.1353;16.0;0.8;121.02
1753876245.09;2.0;49.20420308;18.75503638;387.3143;42.1353;16.0;0.8;121.032
1753876245.1;2.0;49.20420307;18.75503638;387.3138;42.1353;16.0;0.8;121.016
1753876245.11;2.0;49.20420307;18.75503638;387.3138;42.1353;16.0;0.8;120.949
1753876245.12;2.0;49.20420307;18.75503638;387.3139;42.1353;16.0;0.8;120.891
1753876245.13;2.0;49.20420307;18.75503638;387.3135;42.1353;16.0;0.8;120.901
1753876245.14;2.0;49.20420307;18.75503638;387.3123;42.1353;16.0;0.8;120.9
1753876245.15;2.0;49.20420307;18.75503639;387.3117;42.1353;16.0;0.8;120.958
1753876245.16;2.0;49.20420307;18.75503639;387.3119;42.1353;16.0;0.8;120.993
1753876245.17;2.0;49.20420307;18.7550364;387.3121;42.1353;16.0;0.8;121.008
1753876245.18;2.0;49.20420306;18.7550364;387.312;42.1353;16.0;0.8;120.999
1753876245.19;2.0;49.20420306;18.7550364;387.3112;42.1353;16.0;0.8;121.017
1753876245.2;2.0;49.20420306;18.7550364;387.3113;42.1353;16.0;0.8;120.974
1753876245.21;2.0;49.20420306;18.7550364;387.3115;42.1353;16.0;0.8;120.973
1753876245.22;2.0;49.20420306;18.7550364;387.3112;42.1353;16.0;0.8;120.976
1753876245.23;2.0;49.20420306;18.7550364;387.3117;42.1353;16.0;0.8;121.052
1753876245.24;2.0;49.20420306;18.7550364;387.3124;42.1353;16.0;0.8;121.101
1753876245.25;2.0;49.20420306;18.75503641;387.3135;42.1353;16.0;0.8;121.075
1753876245.26;2.0;49.20420306;18.75503641;387.314;42.1353;16.0;0.8;121.039
1753876245.27;2.0;49.20420306;18.75503641;387.3141;42.1353;16.0;0.8;121.075
1753876245.28;2.0;49.20420306;18.75503641;387.3143;42.1353;16.0;0.8;121.053
1753876245.29;2.0;49.20420306;18.75503641;387.315;42.1353;16.0;0.8;121.065
1753876245.3;2.0;49.20420306;18.75503641;387.315;42.1353;16.0;0.8;121.023
1753876245.31;2.0;49.20420306;18.75503641;387.3148;42.1353;16.0;0.8;121.055
1753876245.32;2.0;49.20420306;18.75503641;387.315;42.1353;16.0;0.8;121.074
1753876245.33;2.0;49.20420307;18.7550364;387.3147;42.1353;16.0;0.8;121.14
1753876245.34;2.0;49.20420307;18.7550364;387.3149;42.1353;16.0;0.8;121.115
1753876245.35;2.0;49.20420307;18.7550364;387.3154;42.1353;16.0;0.8;121.137
1753876245.36;2.0;49.20420307;18.7550364;387.3158;42.1353;16.0;0.8;121.205
1753876245.37;2.0;49.20420307;18.7550364;387.3159;42.1353;16.0;0.8;121.238
1753876245.38;2.0;49.20420307;18.7550364;387.3157;42.1353;16.0;0.8;121.176
1753876245.39;2.0;49.20420307;18.7550364;387.3156;42.1353;16.0;0.8;121.073
1753876245.4;2.0;49.20420307;18.7550364;387.3161;42.1353;16.0;0.8;121.01
1753876245.41;2.0;49.20420307;18.7550364;387.3167;42.1353;16.0;0.8;120.938
1753876245.42;2.0;49.20420307;18.7550364;387.317;42.1353;16.0;0.8;120.843
1753876245.43;2.0;49.20420307;18.7550364;387.3174;42.1353;16.0;0.8;120.807
1753876245.44;2.0;49.20420307;18.7550364;387.3169;42.1353;16.0;0.8;120.849
1753876245.45;2.0;49.20420307;18.7550364;387.3165;42.1353;16.0;0.8;120.893
1753876245.46;2.0;49.20420307;18.7550364;387.3166;42.1353;16.0;0.8;120.916
1753876245.47;2.0;49.20420307;18.7550364;387.3166;42.1353;16.0;0.8;120.901
1753876245.48;2.0;49.20420307;18.75503639;387.3161;42.1353;16.0;0.8;120.868
1753876245.49;2.0;49.20420306;18.75503639;387.316;42.1353;16.0;0.8;120.836
1753876245.5;2.0;49.20420306;18.75503639;387.316;42.1353;16.0;0.8;120.855
1753876245.51;2.0;49.20420306;18.75503639;387.3164;42.1353;16.0;0.8;120.889
1753876245.52;2.0;49.20420307;18.75503639;387.3162;42.1353;16.0;0.8;120.96
1753876245.53;2.0;49.20420307;18.75503639;387.3161;42.1353;16.0;0.8;120.948
1753876245.54;2.0;49.20420307;18.75503639;387.316;42.1353;16.0;0.8;120.874
1753876245.55;2.0;49.20420307;18.75503639;387.316;42.1353;16.0;0.8;120.868
1753876245.56;2.0;49.20420307;18.75503639;387.3165;42.1353;16.0;0.8;120.888
1753876245.57;2.0;49.20420307;18.75503639;387.3166;42.1353;16.0;0.8;120.842
1753876245.58;2.0;49.20420307;18.75503639;387.3167;42.1353;16.0;0.8;120.83
1753876245.59;2.0;49.20420307;18.75503639;387.3172;42.1353;16.0;0.8;120.84
1753876245.6;2.0;49.20420307;18.75503639;387.3174;42.1353;16.0;0.8;120.87
1753876245.61;2.0;49.20420307;18.75503639;387.3176;42.1353;16.0;0.8;120.889
1753876245.62;2.0;49.20420307;18.75503639;387.3174;42.1353;16.0;0.8;120.902
1753876245.63;2.0;49.20420307;18.75503639;387.3169;42.1353;16.0;0.8;120.921
1753876245.64;2.0;49.20420307;18.75503638;387.317;42.1353;16.0;0.8;120.929
1753876245.65;2.0;49.20420307;18.75503638;387.3178;42.1353;16.0;0.8;120.94
1753876245.66;2.0;49.20420307;18.75503638;387.3186;42.1353;16.0;0.8;120.883
1753876245.67;2.0;49.20420307;18.75503638;387.3189;42.1353;16.0;0.8;120.888
1753876245.68;2.0;49.20420307;18.75503638;387.319;42.1353;16.0;0.8;120.933
1753876245.69;2.0;49.20420307;18.75503638;387.3184;42.1353;16.0;0.8;120.929
1753876245.7;2.0;49.20420307;18.75503638;387.3184;42.1353;16.0;0.8;120.922
1753876245.71;2.0;49.20420307;18.75503638;387.3189;42.1353;16.0;0.8;120.911
1753876245.72;2.0;49.20420307;18.75503637;387.3189;42.1353;16.0;0.8;120.933
1753876245.73;2.0;49.20420308;18.75503637;387.3193;42.1353;16.0;0.8;120.947
1753876245.74;2.0;49.20420308;18.75503637;387.3196;42.1353;16.0;0.8;120.921
1753876245.75;2.0;49.20420308;18.75503637;387.3195;42.1353;16.0;0.8;120.996
1753876245.76;2.0;49.20420308;18.75503638;387.3193;42.1353;16.0;0.8;121.049
1753876245.77;2.0;49.20420308;18.75503638;387.3194;42.1353;16.0;0.8;121.07
1753876245.78;2.0;49.20420308;18.75503638;387.3199;42.1353;16.0;0.8;121.068
1753876245.79;2.0;49.20420308;18.75503638;387.3197;42.1353;16.0;0.8;121.054
1753876245.8;2.0;49.20420307;18.75503638;387.3194;42.1353;16.0;0.8;121.053
1753876245.81;2.0;49.20420307;18.75503638;387.3194;42.1353;16.0;0.8;121.067
1753876245.82;2.0;49.20420308;18.75503637;387.3193;42.1353;16.0;0.8;121.027
1753876245.83;2.0;49.20420308;18.75503637;387.3202;42.1353;16.0;0.8;121.026
1753876245.84;2.0;49.20420308;18.75503637;387.3208;42.1353;16.0;0.8;120.957
1753876245.85;2.0;49.20420308;18.75503637;387.3202;42.1353;16.0;0.8;120.931
1753876245.86;2.0;49.20420308;18.75503637;387.3199;42.1353;16.0;0.8;120.893
1753876245.87;2.0;49.20420309;18.75503636;387.32;42.1353;16.0;0.8;120.861
1753876245.88;2.0;49.20420309;18.75503636;387.3204;42.1353;16.0;0.8;120.848
1753876245.89;2.0;49.20420308;18.75503636;387.3206;42.1353;16.0;0.8;120.838
1753876245.9;2.0;49.20420309;18.75503635;387.3202;42.1353;16.0;0.8;120.865
1753876245.91;2.0;49.20420309;18.75503635;387.32;42.1353;16.0;0.8;120.907
1753876245.92;2.0;49.20420309;18.75503634;387.3201;42.1353;16.0;0.8;120.864
1753876245.93;2.0;49.20420309;18.75503634;387.3203;42.1353;16.0;0.8;120.87
1753876245.94;2.0;49.20420309;18.75503634;387.3201;42.1353;16.0;0.8;120.908
1753876245.95;2.0;49.20420309;18.75503634;387.3196;42.1353;16.0;0.8;120.91
1753876245.96;2.0;49.20420308;18.75503634;387.3189;42.1353;16.0;0.8;120.936
1753876245.97;2.0;49.20420308;18.75503634;387.3183;42.1353;16.0;0.8;121.003
1753876245.98;2.0;49.20420308;18.75503635;387.3186;42.1353;16.0;0.8;120.989
1753876245.99;2.0;49.20420308;18.75503635;387.319;42.1353;16.0;0.8;121.008
1753876246.0;2.0;49.20420307;18.75503635;387.3197;42.1353;16.0;0.8;121.031
1753876246.01;2.0;49.20420307;18.75503635;387.3201;42.1353;16.0;0.8;120.978
1753876246.02;2.0;49.20420307;18.75503635;387.3201;42.1353;16.0;0.8;121.031
1753876246.03;2.0;49.20420306;18.75503635;387.3204;42.1353;16.0;0.8;120.992
1753876246.04;2.0;49.20420307;18.75503634;387.3211;42.1353;16.0;0.8;120.993
1753876246.05;2.0;49.20420307;18.75503634;387.322;42.1353;16.0;0.8;121.002
1753876246.06;2.0;49.20420308;18.75503633;387.3224;42.1353;16.0;0.8;121.0
1753876246.07;2.0;49.20420309;18.75503633;387.323;42.1353;16.0;0.8;121.049
1753876246.08;2.0;49.20420309;18.75503634;387.3234;42.1353;16.0;0.8;121.101
1753876246.09;2.0;49.20420309;18.75503634;387.3238;42.1353;16.0;0.8;121.119
1753876246.1;2.0;49.20420309;18.75503634;387.324;42.1353;16.0;0.8;121.123
1753876246.11;2.0;49.20420308;18.75503633;387.3242;42.1353;16.0;0.8;121.068
1753876246.12;2.0;49.20420308;18.75503633;387.3242;42.1353;16.0;0.8;120.963
1753876246.13;2.0;49.20420308;18.75503633;387.3241;42.1353;16.0;0.8;120.931
1753876246.14;2.0;49.20420308;18.75503633;387.3243;42.1353;16.0;0.8;120.943
1753876246.15;2.0;49.20420308;18.75503633;387.3247;42.1353;16.0;0.8;120.897
1753876246.16;2.0;49.20420308;18.75503633;387.3245;42.1353;16.0;0.8;120.883
1753876246.17;2.0;49.20420307;18.75503634;387.3244;42.1353;16.0;0.8;120.869
1753876246.18;2.0;49.20420307;18.75503633;387.3243;42.1353;16.0;0.8;120.876
1753876246.19;2.0;49.20420307;18.75503633;387.3239;42.1353;16.0;0.8;120.936
1753876246.2;2.0;49.20420307;18.75503633;387.3237;42.1353;16.0;0.8;120.991
1753876246.21;2.0;49.20420307;18.75503634;387.324;42.1353;16.0;0.8;120.977
1753876246.22;2.0;49.20420307;18.75503634;387.3245;42.1353;16.0;0.8;121.072
1753876246.23;2.0;49.20420307;18.75503634;387.3245;42.1353;16.0;0.8;121.119
1753876246.24;2.0;49.20420307;18.75503633;387.3251;42.1353;16.0;0.8;121.221
1753876246.25;2.0;49.20420307;18.75503633;387.3255;42.1353;16.0;0.8;121.221
1753876246.26;2.0;49.20420307;18.75503633;387.3252;42.1353;16.0;0.8;121.238
1753876246.27;2.0;49.20420307;18.75503632;387.3244;42.1353;16.0;0.8;121.259
1753876246.28;2.0;49.20420308;18.75503632;387.3242;42.1353;16.0;0.8;121.236
1753876246.29;2.0;49.20420308;18.75503632;387.3243;42.1353;16.0;0.8;121.282
1753876246.3;2.0;49.20420308;18.75503632;387.3234;42.1353;16.0;0.8;121.354
1753876246.31;2.0;49.20420307;18.75503632;387.3231;42.1353;16.0;0.8;121.407
1753876246.32;2.0;49.20420307;18.75503632;387.3236;42.1353;16.0;0.8;121.408
1753876246.33;2.0;49.20420306;18.75503632;387.3233;42.1353;16.0;0.8;121.383
1753876246.34;2.0;49.20420306;18.75503632;387.3232;42.1353;16.0;0.8;121.359
1753876246.35;2.0;49.20420306;18.75503632;387.3233;42.1353;16.0;0.8;121.315
1753876246.36;2.0;49.20420306;18.75503632;387.3229;42.1353;16.0;0.8;121.319
1753876246.37;2.0;49.20420306;18.75503632;387.3233;42.1353;16.0;0.8;121.307
1753876246.38;2.0;49.20420306;18.75503632;387.3241;42.1353;16.0;0.8;121.322
1753876246.39;2.0;49.20420306;18.75503631;387.3244;42.1353;16.0;0.8;121.239
1753876246.4;2.0;49.20420306;18.75503631;387.3252;42.1353;16.0;0.8;121.159
1753876246.41;2.0;49.20420307;18.7550363;387.326;42.1353;16.0;0.8;121.147
1753876246.42;2.0;49.20420307;18.7550363;387.3266;42.1353;16.0;0.8;121.163
1753876246.43;2.0;49.20420307;18.7550363;387.3268;42.1353;16.0;0.8;121.105
1753876246.44;2.0;49.20420307;18.7550363;387.3268;42.1353;16.0;0.8;121.028
1753876246.45;2.0;49.20420307;18.7550363;387.3268;42.1353;16.0;0.8;121.064
1753876246.46;2.0;49.20420307;18.7550363;387.3267;42.1353;16.0;0.8;121.097
1753876246.47;2.0;49.20420306;18.75503629;387.3272;42.1353;16.0;0.8;121.108
1753876246.48;2.0;49.20420306;18.75503629;387.3272;42.1353;16.0;0.8;121.064
1753876246.49;2.0;49.20420306;18.75503629;387.3271;42.1353;16.0;0.8;121.036
1753876246.5;2.0;49.20420306;18.75503629;387.3266;42.1353;16.0;0.8;121.09
1753876246.51;2.0;49.20420306;18.75503629;387.3261;42.1353;16.0;0.8;121.138
1753876246.52;2.0;49.20420306;18.75503629;387.3256;42.1353;16.0;0.8;121.124
1753876246.53;2.0;49.20420306;18.75503628;387.326;42.1353;16.0;0.8;121.122
1753876246.54;2.0;49.20420306;18.75503628;387.3266;42.1353;16.0;0.8;121.087
1753876246.55;2.0;49.20420306;18.75503628;387.3266;42.1353;16.0;0.8;121.07
1753876246.56;2.0;49.20420305;18.75503628;387.3261;42.1353;16.0;0.8;121.045
1753876246.57;2.0;49.20420305;18.75503628;387.3257;42.1353;16.0;0.8;121.022
1753876246.58;2.0;49.20420305;18.75503629;387.3257;42.1353;17.0;0.7;120.982
1753876246.59;2.0;49.20420304;18.75503629;387.3258;42.1353;17.0;0.7;120.985
1753876246.6;2.0;49.20420304;18.75503629;387.3254;42.1353;17.0;0.7;120.99
1753876246.61;2.0;49.20420304;18.7550363;387.3249;42.1353;17.0;0.7;121.021
1753876246.62;2.0;49.20420304;18.7550363;387.3252;42.1353;17.0;0.7;121.088
1753876246.63;2.0;49.20420303;18.7550363;387.3252;42.1353;17.0;0.7;121.135
1753876246.64;2.0;49.20420303;18.7550363;387.3247;42.1353;17.0;0.7;121.183
1753876246.65;2.0;49.20420303;18.75503629;387.3248;42.1353;17.0;0.7;121.214
1753876246.66;2.0;49.20420303;18.75503629;387.325;42.1353;17.0;0.7;121.195
1753876246.67;2.0;49.20420303;18.75503629;387.3262;42.1353;17.0;0.7;121.207
1753876246.68;2.0;49.20420303;18.75503629;387.3269;42.1353;17.0;0.7;121.218
1753876246.69;2.0;49.20420303;18.75503628;387.3276;42.1353;17.0;0.7;121.283
1753876246.7;2.0;49.20420303;18.75503628;387.3277;42.1353;17.0;0.7;121.305
1753876246.71;2.0;49.20420302;18.75503628;387.3285;42.1353;17.0;0.7;121.291
1753876246.72;2.0;49.20420302;18.75503628;387.3293;42.1353;17.0;0.7;121.287
1753876246.73;2.0;49.20420302;18.75503628;387.3295;42.1353;17.0;0.7;121.279
1753876246.74;2.0;49.20420302;18.75503628;387.3296;42.1353;17.0;0.7;121.26
1753876246.75;2.0;49.20420302;18.75503628;387.3295;42.1353;17.0;0.7;121.216
1753876246.76;2.0;49.20420302;18.75503628;387.3294;42.1353;17.0;0.7;121.207
1753876246.77;2.0;49.20420302;18.75503628;387.33;42.1353;17.0;0.7;121.21
1753876246.78;2.0;49.20420302;18.75503628;387.3306;42.1353;17.0;0.7;121.174
1753876246.79;2.0;49.20420302;18.75503628;387.3312;42.1353;17.0;0.7;121.102
1753876246.8;2.0;49.20420301;18.75503628;387.3315;42.1353;17.0;0.7;121.11
1753876246.81;2.0;49.20420301;18.75503628;387.3316;42.1353;17.0;0.7;121.072
1753876246.82;2.0;49.20420301;18.75503628;387.3313;42.1353;17.0;0.7;120.991
1753876246.83;2.0;49.20420301;18.75503628;387.3311;42.1353;17.0;0.7;120.968
1753876246.84;2.0;49.20420301;18.75503628;387.3312;42.1353;17.0;0.7;120.961
1753876246.85;2.0;49.20420301;18.75503628;387.3311;42.1353;17.0;0.7;121.005
1753876246.86;2.0;49.20420301;18.75503628;387.3311;42.1353;17.0;0.7;121.032
1753876246.87;2.0;49.20420301;18.75503628;387.3317;42.1353;17.0;0.7;121.005
1753876246.88;2.0;49.20420301;18.75503628;387.332;42.1353;17.0;0.7;120.996
1753876246.89;2.0;49.204203;18.75503628;387.3322;42.1353;17.0;0.7;121.025
1753876246.9;2.0;49.20420301;18.75503628;387.3319;42.1353;17.0;0.7;121.033
1753876246.91;2.0;49.204203;18.75503627;387.3322;42.1353;17.0;0.7;121.044
1753876246.92;2.0;49.204203;18.75503627;387.3323;42.1353;17.0;0.7;121.085
1753876246.93;2.0;49.204203;18.75503627;387.3321;42.1353;17.0;0.7;121.104
1753876246.94;2.0;49.204203;18.75503627;387.3325;42.1353;17.0;0.7;121.096
1753876246.95;2.0;49.204203;18.75503628;387.3323;42.1353;17.0;0.7;121.075
1753876246.96;2.0;49.20420299;18.75503628;387.3321;42.1353;17.0;0.7;121.115
1753876246.97;2.0;49.20420299;18.75503628;387.3315;42.1353;17.0;0.7;121.147
1753876246.98;2.0;49.20420299;18.75503627;387.3316;42.1353;17.0;0.7;121.14
1753876246.99;2.0;49.20420299;18.75503627;387.3314;42.1353;17.0;0.7;121.11
1753876247.0;2.0;49.20420298;18.75503627;387.3317;42.1353;17.0;0.7;121.118
1753876247.01;2.0;49.20420298;18.75503627;387.3317;42.1353;17.0;0.7;121.116
1753876247.02;2.0;49.20420298;18.75503627;387.332;42.1353;17.0;0.7;121.148
1753876247.03;2.0;49.20420298;18.75503627;387.3326;42.1353;16.0;0.8;121.133
1753876247.04;2.0;49.20420299;18.75503627;387.3333;42.1353;16.0;0.8;121.176
1753876247.05;2.0;49.20420299;18.75503627;387.3338;42.1353;16.0;0.8;121.147
1753876247.06;2.0;49.20420298;18.75503627;387.3345;42.1353;16.0;0.8;121.189
1753876247.07;2.0;49.20420298;18.75503627;387.3353;42.1353;16.0;0.8;121.199
1753876247.08;2.0;49.20420298;18.75503627;387.3355;42.1353;16.0;0.8;121.186
1753876247.09;2.0;49.20420298;18.75503626;387.3357;42.1353;16.0;0.8;121.177
1753876247.1;2.0;49.20420298;18.75503626;387.3352;42.1353;16.0;0.8;121.086
1753876247.11;2.0;49.20420298;18.75503626;387.3347;42.1353;16.0;0.8;121.015
1753876247.12;2.0;49.20420298;18.75503626;387.3346;42.1353;16.0;0.8;120.945
1753876247.13;2.0;49.20420298;18.75503626;387.3344;42.1353;16.0;0.8;120.865
1753876247.14;2.0;49.20420297;18.75503626;387.3346;42.1353;16.0;0.8;120.816
1753876247.15;2.0;49.20420297;18.75503626;387.3345;42.1353;16.0;0.8;120.865
1753876247.16;2.0;49.20420297;18.75503627;387.3346;42.1353;16.0;0.8;120.906
1753876247.17;2.0;49.20420297;18.75503627;387.335;42.1353;16.0;0.8;120.933
1753876247.18;2.0;49.20420297;18.75503627;387.3348;42.1353;16.0;0.8;120.888
1753876247.19;2.0;49.20420297;18.75503627;387.3353;42.1353;16.0;0.8;120.927
1753876247.2;2.0;49.20420297;18.75503626;387.3351;42.1353;16.0;0.8;120.964
1753876247.21;2.0;49.20420297;18.75503626;387.3348;42.1353;16.0;0.8;120.976
1753876247.22;2.0;49.20420297;18.75503627;387.3347;42.1353;16.0;0.8;120.972
1753876247.23;2.0;49.20420297;18.75503626;387.3345;42.1353;16.0;0.8;120.963
1753876247.24;2.0;49.20420297;18.75503626;387.3337;42.1353;16.0;0.8;120.968
1753876247.25;2.0;49.20420297;18.75503625;387.3332;42.1353;16.0;0.8;120.998
1753876247.26;2.0;49.20420297;18.75503625;387.3332;42.1353;16.0;0.8;121.031
1753876247.27;2.0;49.20420297;18.75503625;387.3328;42.1353;16.0;0.8;121.046
1753876247.28;2.0;49.20420297;18.75503625;387.3324;42.1353;16.0;0.8;121.007
1753876247.29;2.0;49.20420297;18.75503625;387.3321;42.1353;16.0;0.8;121.039
1753876247.3;2.0;49.20420297;18.75503625;387.3321;42.1353;16.0;0.8;121.121
1753876247.31;2.0;49.20420298;18.75503625;387.3321;42.1353;16.0;0.8;121.188
1753876247.32;2.0;49.20420297;18.75503625;387.3325;42.1353;16.0;0.8;121.196
1753876247.33;2.0;49.20420297;18.75503626;387.3327;42.1353;16.0;0.8;121.169
1753876247.34;2.0;49.20420297;18.75503626;387.3326;42.1353;16.0;0.8;121.266
1753876247.35;2.0;49.20420297;18.75503626;387.3325;42.1353;16.0;0.8;121.334
1753876247.36;2.0;49.20420298;18.75503626;387.3321;42.1353;16.0;0.8;121.364
1753876247.37;2.0;49.20420298;18.75503626;387.3318;42.1353;16.0;0.8;121.39
1753876247.38;2.0;49.20420298;18.75503625;387.3319;42.1353;16.0;0.8;121.382
1753876247.39;2.0;49.20420298;18.75503624;387.3318;42.1353;16.0;0.8;121.324
1753876247.4;2.0;49.20420298;18.75503624;387.3323;42.1353;16.0;0.8;121.248
1753876247.41;2.0;49.20420298;18.75503624;387.3322;42.1353;16.0;0.8;121.214
1753876247.42;2.0;49.20420298;18.75503624;387.3314;42.1353;16.0;0.8;121.197
1753876247.43;2.0;49.20420298;18.75503624;387.3318;42.1353;16.0;0.8;121.159
1753876247.44;2.0;49.20420298;18.75503624;387.3326;42.1353;16.0;0.8;121.146
1753876247.45;2.0;49.20420297;18.75503624;387.3327;42.1353;16.0;0.8;121.134
1753876247.46;2.0;49.20420297;18.75503624;387.3334;42.1353;16.0;0.8;121.12
1753876247.47;2.0;49.20420297;18.75503624;387.3339;42.1353;16.0;0.8;121.17
1753876247.48;2.0;49.20420297;18.75503624;387.3346;42.1353;16.0;0.8;121.202
1753876247.49;2.0;49.20420297;18.75503623;387.3344;42.1353;16.0;0.8;121.19
1753876247.5;2.0;49.20420297;18.75503624;387.3343;42.1353;16.0;0.8;121.156
1753876247.51;2.0;49.20420298;18.75503624;387.3344;42.1353;16.0;0.8;121.157
1753876247.52;2.0;49.20420298;18.75503624;387.3341;42.1353;16.0;0.8;121.2
1753876247.53;2.0;49.20420298;18.75503624;387.3335;42.1353;16.0;0.8;121.264
1753876247.54;2.0;49.20420298;18.75503624;387.3331;42.1353;16.0;0.8;121.291
1753876247.55;2.0;49.20420297;18.75503624;387.3326;42.1353;16.0;0.8;121.299
1753876247.56;2.0;49.20420297;18.75503624;387.3319;42.1353;16.0;0.8;121.342
1753876247.57;2.0;49.20420297;18.75503624;387.3319;42.1353;16.0;0.8;121.358
1753876247.58;2.0;49.20420297;18.75503623;387.3316;42.1353;17.0;0.7;121.359
1753876247.59;2.0;49.20420297;18.75503623;387.3318;42.1353;17.0;0.7;121.386
1753876247.6;2.0;49.20420297;18.75503623;387.3325;42.1353;17.0;0.7;121.4
1753876247.61;2.0;49.20420297;18.75503623;387.3335;42.1353;17.0;0.7;121.408
1753876247.62;2.0;49.20420297;18.75503623;387.3341;42.1353;17.0;0.7;121.343
1753876247.63;2.0;49.20420297;18.75503623;387.3343;42.1353;17.0;0.7;121.259
1753876247.64;2.0;49.20420296;18.75503623;387.3346;42.1353;17.0;0.7;121.184
1753876247.65;2.0;49.20420296;18.75503623;387.3343;42.1353;17.0;0.7;121.157
1753876247.66;2.0;49.20420296;18.75503624;387.3348;42.1353;17.0;0.7;121.17
1753876247.67;2.0;49.20420296;18.75503624;387.3355;42.1353;17.0;0.7;121.245
1753876247.68;2.0;49.20420296;18.75503623;387.3356;42.1353;17.0;0.7;121.24
1753876247.69;2.0;49.20420296;18.75503624;387.3354;42.1353;17.0;0.7;121.243
1753876247.7;2.0;49.20420295;18.75503624;387.3356;42.1353;17.0;0.7;121.245
1753876247.71;2.0;49.20420295;18.75503623;387.3355;42.1353;17.0;0.7;121.169
1753876247.72;2.0;49.20420295;18.75503623;387.3357;42.1353;17.0;0.7;121.167
1753876247.73;2.0;49.20420295;18.75503623;387.3358;42.1353;17.0;0.7;121.173
1753876247.74;2.0;49.20420296;18.75503623;387.3366;42.1353;17.0;0.7;121.173
1753876247.75;2.0;49.20420296;18.75503623;387.3374;42.1353;17.0;0.7;121.198
1753876247.76;2.0;49.20420296;18.75503622;387.3377;42.1353;17.0;0.7;121.222
1753876247.77;2.0;49.20420296;18.75503622;387.3377;42.1353;17.0;0.7;121.235
1753876247.78;2.0;49.20420295;18.75503622;387.338;42.1353;17.0;0.7;121.281
1753876247.79;2.0;49.20420295;18.75503622;387.3384;42.1353;17.0;0.7;121.239
1753876247.8;2.0;49.20420295;18.75503622;387.3394;42.1353;17.0;0.7;121.182
1753876247.81;2.0;49.20420295;18.75503622;387.3403;42.1353;17.0;0.7;121.127
1753876247.82;2.0;49.20420295;18.75503622;387.3404;42.1353;17.0;0.7;121.139
1753876247.83;2.0;49.20420295;18.75503622;387.3409;42.1353;17.0;0.7;121.154
1753876247.84;2.0;49.20420295;18.75503622;387.3413;42.1353;17.0;0.7;121.166
1753876247.85;2.0;49.20420295;18.75503622;387.3419;42.1353;17.0;0.7;121.202
1753876247.86;2.0;49.20420294;18.75503622;387.3424;42.1353;17.0;0.7;121.223
1753876247.87;2.0;49.20420294;18.75503622;387.3428;42.1353;17.0;0.7;121.218
1753876247.88;2.0;49.20420294;18.75503622;387.3436;42.1353;17.0;0.7;121.194
1753876247.89;2.0;49.20420294;18.75503622;387.3434;42.1353;17.0;0.7;121.161
1753876247.9;2.0;49.20420294;18.75503622;387.3437;42.1353;17.0;0.7;121.196
1753876247.91;2.0;49.20420294;18.75503623;387.3438;42.1353;17.0;0.7;121.213
1753876247.92;2.0;49.20420293;18.75503622;387.3438;42.1353;17.0;0.7;121.204
1753876247.93;2.0;49.20420293;18.75503622;387.3437;42.1353;17.0;0.7;121.165
1753876247.94;2.0;49.20420294;18.75503622;387.3436;42.1353;17.0;0.7;121.084
1753876247.95;2.0;49.20420294;18.75503622;387.344;42.1353;17.0;0.7;121.052
1753876247.96;2.0;49.20420294;18.75503622;387.3443;42.1353;17.0;0.7;121.018
1753876247.97;2.0;49.20420294;18.75503622;387.3452;42.1353;17.0;0.7;121.032
1753876247.98;2.0;49.20420294;18.75503622;387.3462;42.1353;17.0;0.7;121.066
1753876247.99;2.0;49.20420294;18.75503622;387.3469;42.1353;17.0;0.7;121.075
1753876248.0;2.0;49.20420294;18.75503622;387.3469;42.1353;17.0;0.7;121.042
1753876248.01;2.0;49.20420294;18.75503622;387.3468;42.1353;17.0;0.7;121.108
1753876248.02;2.0;49.20420293;18.75503622;387.347;42.1353;17.0;0.7;121.176
1753876248.03;2.0;49.20420293;18.75503622;387.3469;42.1353;17.0;0.7;121.136
1753876248.04;2.0;49.20420293;18.75503622;387.3467;42.1353;17.0;0.7;121.15
1753876248.05;2.0;49.20420293;18.75503622;387.3464;42.1353;17.0;0.7;121.13
1753876248.06;2.0;49.20420293;18.75503622;387.3464;42.1353;17.0;0.7;121.106
1753876248.07;2.0;49.20420293;18.75503622;387.3462;42.1353;17.0;0.7;121.039
1753876248.08;2.0;49.20420293;18.75503622;387.346;42.1353;17.0;0.7;121.039
1753876248.09;2.0;49.20420293;18.75503622;387.3456;42.1353;17.0;0.7;121.031
1753876248.1;2.0;49.20420293;18.75503621;387.3454;42.1353;17.0;0.7;121.094
1753876248.11;2.0;49.20420293;18.75503622;387.3455;42.1353;17.0;0.7;121.123
1753876248.12;2.0;49.20420293;18.75503621;387.3458;42.1353;17.0;0.7;121.134
1753876248.13;2.0;49.20420293;18.75503621;387.3465;42.1353;17.0;0.7;121.074
1753876248.14;2.0;49.20420293;18.75503621;387.3466;42.1353;17.0;0.7;121.079
1753876248.15;2.0;49.20420294;18.75503621;387.3469;42.1353;17.0;0.7;121.106
1753876248.16;2.0;49.20420294;18.75503621;387.3467;42.1353;17.0;0.7;121.058
1753876248.17;2.0;49.20420294;18.75503621;387.3469;42.1353;17.0;0.7;121.106
1753876248.18;2.0;49.20420293;18.75503621;387.3474;42.1353;17.0;0.7;121.134
1753876248.19;2.0;49.20420293;18.75503621;387.3474;42.1353;17.0;0.7;121.179
1753876248.2;2.0;49.20420293;18.75503621;387.3478;42.1353;17.0;0.7;121.224
1753876248.21;2.0;49.20420293;18.75503621;387.3482;42.1353;17.0;0.7;121.209
1753876248.22;2.0;49.20420293;18.75503621;387.3479;42.1353;17.0;0.7;121.207
1753876248.23;2.0;49.20420293;18.75503621;387.3478;42.1353;17.0;0.7;121.231
1753876248.24;2.0;49.20420293;18.75503621;387.3478;42.1353;17.0;0.7;121.244
1753876248.25;2.0;49.20420293;18.75503621;387.3483;42.1353;17.0;0.7;121.255
1753876248.26;2.0;49.20420293;18.75503621;387.3488;42.1353;17.0;0.7;121.212
1753876248.27;2.0;49.20420294;18.75503621;387.349;42.1353;17.0;0.7;121.197
1753876248.28;2.0;49.20420294;18.75503621;387.3486;42.1353;17.0;0.7;121.18
1753876248.29;2.0;49.20420294;18.75503621;387.3489;42.1353;17.0;0.7;121.169
1753876248.3;2.0;49.20420294;18.75503621;387.3492;42.1353;17.0;0.7;121.19
1753876248.31;2.0;49.20420294;18.75503621;387.3496;42.1353;17.0;0.7;121.149
1753876248.32;2.0;49.20420294;18.75503621;387.3495;42.1353;17.0;0.7;121.148
1753876248.33;2.0;49.20420294;18.7550362;387.3491;42.1353;17.0;0.7;121.167
1753876248.34;2.0;49.20420294;18.7550362;387.349;42.1353;17.0;0.7;121.164
1753876248.35;2.0;49.20420294;18.7550362;387.3489;42.1353;17.0;0.7;121.097
1753876248.36;2.0;49.20420294;18.7550362;387.3488;42.1353;17.0;0.7;120.993
1753876248.37;2.0;49.20420293;18.7550362;387.3492;42.1353;17.0;0.7;120.965
1753876248.38;2.0;49.20420293;18.7550362;387.3491;42.1353;17.0;0.7;120.943
1753876248.39;2.0;49.20420293;18.75503619;387.3491;42.1353;17.0;0.7;120.946
1753876248.4;2.0;49.20420293;18.75503619;387.349;42.1353;17.0;0.7;120.947
1753876248.41;2.0;49.20420293;18.75503618;387.3491;42.1353;17.0;0.7;121.03
1753876248.42;2.0;49.20420293;18.75503618;387.3495;42.1353;17.0;0.7;121.026
1753876248.43;2.0;49.20420294;18.75503618;387.35;42.1353;17.0;0.7;121.004
1753876248.44;2.0;49.20420294;18.75503617;387.3504;42.1353;17.0;0.7;121.012
1753876248.45;2.0;49.20420294;18.75503616;387.3505;42.1353;17.0;0.7;121.034
1753876248.46;2.0;49.20420294;18.75503615;387.3513;42.1353;17.0;0.7;121.119
1753876248.47;2.0;49.20420295;18.75503614;387.3519;42.1353;17.0;0.7;121.147
1753876248.48;2.0;49.20420295;18.75503613;387.3516;42.1353;17.0;0.7;121.169
1753876248.49;2.0;49.20420296;18.75503612;387.3515;42.1353;17.0;0.7;121.196
1753876248.5;2.0;49.20420296;18.75503611;387.3518;42.1353;17.0;0.7;121.189
1753876248.51;2.0;49.20420297;18.7550361;387.3521;42.1353;17.0;0.7;121.124
1753876248.52;2.0;49.20420297;18.75503609;387.3522;42.1353;17.0;0.7;121.115
1753876248.53;2.0;49.20420298;18.75503608;387.3522;42.1353;17.0;0.7;121.114
1753876248.54;2.0;49.20420298;18.75503607;387.3522;42.1353;17.0;0.7;121.04
1753876248.55;2.0;49.20420299;18.75503606;387.3514;42.1353;17.0;0.7;121.021
1753876248.56;2.0;49.204203;18.75503606;387.3514;42.1353;17.0;0.7;121.022
1753876248.57;2.0;49.204203;18.75503605;387.3509;42.1353;17.0;0.7;120.99
1753876248.58;2.0;49.20420301;18.75503604;387.351;42.1353;17.0;0.7;120.968
1753876248.59;2.0;49.20420301;18.75503603;387.3511;42.1353;17.0;0.7;120.965
1753876248.6;2.0;49.20420301;18.75503602;387.3515;42.1353;17.0;0.7;120.977
1753876248.61;2.0;49.20420302;18.75503602;387.3526;42.1353;17.0;0.7;121.072
1753876248.62;2.0;49.20420302;18.75503601;387.3539;42.1353;17.0;0.7;121.164
1753876248.63;2.0;49.20420303;18.755036;387.3542;42.1353;17.0;0.7;121.186
1753876248.64;2.0;49.20420303;18.75503599;387.354;42.1353;17.0;0.7;121.166
1753876248.65;2.0;49.20420303;18.75503598;387.3543;42.1353;17.0;0.7;121.131
1753876248.66;2.0;49.20420304;18.75503598;387.355;42.1353;17.0;0.7;121.085
1753876248.67;2.0;49.20420303;18.75503598;387.3547;42.1353;17.0;0.7;121.086
1753876248.68;2.0;49.20420303;18.75503597;387.3546;42.1353;17.0;0.7;121.04
1753876248.69;2.0;49.20420303;18.75503596;387.3545;42.1353;17.0;0.7;120.994
1753876248.7;2.0;49.20420304;18.75503596;387.3543;42.1353;17.0;0.7;120.992
1753876248.71;2.0;49.20420304;18.75503595;387.3543;42.1353;17.0;0.7;121.013
1753876248.72;2.0;49.20420304;18.75503594;387.355;42.1353;17.0;0.7;120.987
1753876248.73;2.0;49.20420305;18.75503593;387.3555;42.1353;17.0;0.7;121.007
1753876248.74;2.0;49.20420305;18.75503592;387.3549;42.1353;17.0;0.7;121.05
1753876248.75;2.0;49.20420306;18.75503591;387.3546;42.1353;17.0;0.7;121.119
1753876248.76;2.0;49.20420306;18.7550359;387.3548;42.1353;17.0;0.7;121.198
1753876248.77;2.0;49.20420307;18.75503589;387.3552;42.1353;17.0;0.7;121.187
1753876248.78;2.0;49.20420307;18.75503587;387.3555;42.1353;17.0;0.7;121.154
1753876248.79;2.0;49.20420308;18.75503585;387.3559;42.1353;17.0;0.7;121.131
1753876248.8;2.0;49.20420308;18.75503584;387.3559;42.1353;17.0;0.7;121.114
1753876248.81;2.0;49.20420308;18.75503582;387.3563;42.1353;17.0;0.7;121.113
1753876248.82;2.0;49.20420308;18.7550358;387.3563;42.1353;17.0;0.7;121.128
1753876248.83;2.0;49.20420309;18.75503576;387.3567;42.1353;17.0;0.7;121.032
1753876248.84;2.0;49.20420309;18.75503573;387.3576;42.1353;17.0;0.7;120.937
1753876248.85;2.0;49.2042031;18.75503571;387.3581;42.1353;17.0;0.7;120.877
1753876248.86;2.0;49.20420311;18.75503568;387.3588;42.1353;17.0;0.7;120.824
1753876248.87;2.0;49.20420312;18.75503565;387.3593;42.1353;17.0;0.7;120.75
1753876248.88;2.0;49.20420313;18.75503563;387.3595;42.1353;17.0;0.7;120.741
1753876248.89;2.0;49.20420315;18.7550356;387.3596;42.1353;17.0;0.7;120.753
1753876248.9;2.0;49.20420316;18.75503557;387.3595;42.1353;17.0;0.7;120.778
1753876248.91;2.0;49.20420317;18.75503555;387.36;42.1353;17.0;0.7;120.818
1753876248.92;2.0;49.20420318;18.75503552;387.3606;42.1353;17.0;0.7;120.81
1753876248.93;2.0;49.20420319;18.7550355;387.3612;42.1353;17.0;0.7;120.798
1753876248.94;2.0;49.2042032;18.75503547;387.3611;42.1353;17.0;0.7;120.758
1753876248.95;2.0;49.20420321;18.75503546;387.3613;42.1353;17.0;0.7;120.818
1753876248.96;2.0;49.20420322;18.75503544;387.3615;42.1353;17.0;0.7;120.848
1753876248.97;2.0;49.20420323;18.75503542;387.3617;42.1353;17.0;0.7;120.884
1753876248.98;2.0;49.20420323;18.7550354;387.3616;42.1353;17.0;0.7;120.88
1753876248.99;2.0;49.20420324;18.75503538;387.3617;42.1353;17.0;0.7;120.868
1753876249.0;2.0;49.20420325;18.75503537;387.3622;42.1353;17.0;0.7;120.859
1753876249.01;2.0;49.20420326;18.75503535;387.3626;42.1353;17.0;0.7;120.859
1753876249.02;2.0;49.20420327;18.75503533;387.363;42.1353;17.0;0.7;120.793
1753876249.03;2.0;49.20420327;18.75503532;387.3625;42.1353;17.0;0.7;120.691
1753876249.04;2.0;49.20420328;18.7550353;387.3617;42.1353;17.0;0.7;120.675
1753876249.05;2.0;49.20420329;18.75503529;387.3614;42.1353;17.0;0.7;120.692
1753876249.06;2.0;49.20420331;18.75503528;387.3613;42.1353;17.0;0.7;120.727
1753876249.07;2.0;49.20420331;18.75503527;387.3614;42.1353;17.0;0.7;120.76
1753876249.08;2.0;49.20420332;18.75503526;387.3614;42.1353;17.0;0.7;120.749
1753876249.09;2.0;49.20420332;18.75503524;387.361;42.1353;17.0;0.7;120.772
1753876249.1;2.0;49.20420333;18.75503523;387.3609;42.1353;17.0;0.7;120.784
1753876249.11;2.0;49.20420334;18.75503521;387.3613;42.1353;17.0;0.7;120.799
1753876249.12;2.0;49.20420335;18.75503519;387.3617;42.1353;17.0;0.7;120.794
1753876249.13;2.0;49.20420335;18.75503517;387.3623;42.1353;17.0;0.7;120.769
1753876249.14;2.0;49.20420336;18.75503514;387.3633;42.1353;17.0;0.7;120.727
1753876249.15;2.0;49.20420337;18.75503511;387.3637;42.1353;17.0;0.7;120.729
1753876249.16;2.0;49.20420338;18.75503508;387.364;42.1353;17.0;0.7;120.747
1753876249.17;2.0;49.20420339;18.75503506;387.3643;42.1353;17.0;0.7;120.79
1753876249.18;2.0;49.2042034;18.75503503;387.3649;42.1353;17.0;0.7;120.873
1753876249.19;2.0;49.20420341;18.755035;387.3656;42.1353;17.0;0.7;120.839
1753876249.2;2.0;49.20420342;18.75503498;387.3663;42.1353;17.0;0.7;120.786
1753876249.21;2.0;49.20420342;18.75503496;387.3668;42.1353;17.0;0.7;120.771
1753876249.22;2.0;49.20420343;18.75503494;387.3672;42.1353;17.0;0.7;120.775
1753876249.23;2.0;49.20420344;18.75503491;387.3683;42.1353;17.0;0.7;120.729
1753876249.24;2.0;49.20420345;18.75503488;387.369;42.1353;17.0;0.7;120.72
1753876249.25;2.0;49.20420346;18.75503486;387.3689;42.1353;17.0;0.7;120.727
1753876249.26;2.0;49.20420347;18.75503482;387.3691;42.1353;17.0;0.7;120.728
1753876249.27;2.0;49.20420348;18.75503479;387.3698;42.1353;17.0;0.7;120.717
1753876249.28;2.0;49.20420349;18.75503476;387.3709;42.1353;17.0;0.7;120.686
1753876249.29;2.0;49.2042035;18.75503473;387.3717;42.1353;17.0;0.7;120.72
1753876249.3;2.0;49.20420352;18.75503469;387.3723;42.1353;17.0;0.7;120.757
1753876249.31;2.0;49.20420353;18.75503465;387.372;42.1353;17.0;0.7;120.786
1753876249.32;2.0;49.20420354;18.75503462;387.3723;42.1353;17.0;0.7;120.835
1753876249.33;2.0;49.20420355;18.75503458;387.3728;42.1353;17.0;0.7;120.821
1753876249.34;2.0;49.20420356;18.75503455;387.3733;42.1353;17.0;0.7;120.854
1753876249.35;2.0;49.20420358;18.75503451;387.3732;42.1353;17.0;0.7;120.911
1753876249.36;2.0;49.20420359;18.75503447;387.3731;42.1353;17.0;0.7;120.953
1753876249.37;2.0;49.20420361;18.75503444;387.3736;42.1353;17.0;0.7;120.983
1753876249.38;2.0;49.20420362;18.75503441;387.374;42.1353;17.0;0.7;120.953
1753876249.39;2.0;49.20420364;18.75503437;387.3745;42.1353;17.0;0.7;120.953
1753876249.4;2.0;49.20420366;18.75503434;387.3754;42.1353;17.0;0.7;120.941
1753876249.41;2.0;49.20420367;18.75503431;387.3761;42.1353;17.0;0.7;120.914
1753876249.42;2.0;49.20420368;18.75503427;387.3764;42.1353;17.0;0.7;120.914
1753876249.43;2.0;49.2042037;18.75503425;387.3773;42.1353;17.0;0.7;120.898
1753876249.44;2.0;49.20420371;18.75503422;387.3779;42.1353;17.0;0.7;120.887
1753876249.45;2.0;49.20420373;18.75503418;387.3781;42.1353;17.0;0.7;120.848
1753876249.46;2.0;49.20420374;18.75503415;387.3784;42.1353;17.0;0.7;120.784
1753876249.47;2.0;49.20420375;18.75503413;387.3791;42.1353;17.0;0.7;120.753
1753876249.48;2.0;49.20420376;18.7550341;387.3798;42.1353;17.0;0.7;120.816
1753876249.49;2.0;49.20420377;18.75503407;387.3804;42.1353;17.0;0.7;120.87
1753876249.5;2.0;49.20420377;18.75503404;387.3811;42.1353;17.0;0.7;120.889
1753876249.51;2.0;49.20420378;18.75503401;387.3821;42.1353;17.0;0.7;120.879
1753876249.52;2.0;49.20420379;18.75503399;387.3826;42.1353;17.0;0.7;120.86
1753876249.53;2.0;49.2042038;18.75503396;387.3832;42.1353;17.0;0.7;120.804
1753876249.54;2.0;49.20420381;18.75503393;387.3833;42.1353;17.0;0.7;120.824
1753876249.55;2.0;49.20420381;18.7550339;387.3835;42.1353;17.0;0.7;120.866
1753876249.56;2.0;49.20420383;18.75503387;387.3833;42.1353;17.0;0.7;120.897
1753876249.57;2.0;49.20420384;18.75503384;387.3829;42.1353;17.0;0.7;120.907
1753876249.58;2.0;49.20420385;18.7550338;387.3828;42.1353;17.0;0.7;120.943
1753876249.59;2.0;49.20420387;18.75503378;387.3837;42.1353;17.0;0.7;120.956
1753876249.6;2.0;49.20420388;18.75503375;387.385;42.1353;17.0;0.7;121.009
1753876249.61;2.0;49.20420389;18.75503372;387.3861;42.1353;17.0;0.7;121.072
1753876249.62;2.0;49.20420391;18.75503369;387.3867;42.1353;17.0;0.7;121.107
1753876249.63;2.0;49.20420392;18.75503366;387.3873;42.1353;17.0;0.7;121.14
1753876249.64;2.0;49.20420394;18.75503363;387.3876;42.1353;17.0;0.7;121.124
1753876249.65;2.0;49.20420395;18.7550336;387.3884;42.1353;16.0;0.8;121.1
1753876249.66;2.0;49.20420396;18.75503357;387.3891;42.1353;16.0;0.8;121.031
1753876249.67;2.0;49.20420398;18.75503354;387.39;42.1353;16.0;0.8;121.006
1753876249.68;2.0;49.20420399;18.7550335;387.391;42.1353;16.0;0.8;120.992
1753876249.69;2.0;49.20420401;18.75503347;387.3916;42.1353;16.0;0.8;120.953
1753876249.7;2.0;49.20420402;18.75503344;387.393;42.1353;16.0;0.8;120.905
1753876249.71;2.0;49.20420403;18.7550334;387.3944;42.1353;16.0;0.8;120.869
1753876249.72;2.0;49.20420405;18.75503336;387.3951;42.1353;16.0;0.8;120.817
1753876249.73;2.0;49.20420406;18.75503333;387.3956;42.1353;16.0;0.8;120.754
1753876249.74;2.0;49.20420408;18.75503329;387.3957;42.1353;16.0;0.8;120.707
1753876249.75;2.0;49.20420409;18.75503326;387.3963;42.1353;16.0;0.8;120.672
1753876249.76;2.0;49.20420411;18.75503322;387.3972;42.1353;16.0;0.8;120.717
1753876249.77;2.0;49.20420412;18.75503318;387.3987;42.1353;16.0;0.8;120.753
1753876249.78;2.0;49.20420413;18.75503315;387.4001;42.1353;16.0;0.8;120.746
1753876249.79;2.0;49.20420415;18.75503311;387.4013;42.1353;16.0;0.8;120.789
1753876249.8;2.0;49.20420416;18.75503307;387.4011;42.1353;16.0;0.8;120.79
1753876249.81;2.0;49.20420418;18.75503302;387.401;42.1353;16.0;0.8;120.76
1753876249.82;2.0;49.2042042;18.75503298;387.4013;42.1353;16.0;0.8;120.761
1753876249.83;2.0;49.20420421;18.75503294;387.4018;42.1353;16.0;0.8;120.783
1753876249.84;2.0;49.20420422;18.75503291;387.4025;42.1353;16.0;0.8;120.739
1753876249.85;2.0;49.20420423;18.75503287;387.4031;42.1353;16.0;0.8;120.725
1753876249.86;2.0;49.20420424;18.75503283;387.4032;42.1353;16.0;0.8;120.733
1753876249.87;2.0;49.20420426;18.7550328;387.4034;42.1353;16.0;0.8;120.741
1753876249.88;2.0;49.20420427;18.75503276;387.4035;42.1353;16.0;0.8;120.732
1753876249.89;2.0;49.20420428;18.75503272;387.4042;42.1353;16.0;0.8;120.706
1753876249.9;2.0;49.2042043;18.75503268;387.4052;42.1353;16.0;0.8;120.684
1753876249.91;2.0;49.20420431;18.75503265;387.4066;42.1353;16.0;0.8;120.673
1753876249.92;2.0;49.20420433;18.75503262;387.4077;42.1353;16.0;0.8;120.693
1753876249.93;2.0;49.20420434;18.75503258;387.409;42.1353;16.0;0.8;120.688
1753876249.94;2.0;49.20420436;18.75503255;387.4095;42.1353;16.0;0.8;120.67
1753876249.95;2.0;49.20420437;18.75503251;387.4104;42.1353;16.0;0.8;120.674
1753876249.96;2.0;49.20420438;18.75503248;387.4114;42.1353;16.0;0.8;120.683
1753876249.97;2.0;49.20420439;18.75503245;387.4117;42.1353;16.0;0.8;120.686
1753876249.98;2.0;49.2042044;18.75503242;387.4125;42.1353;16.0;0.8;120.703
1753876249.99;2.0;49.20420441;18.75503239;387.4129;42.1353;16.0;0.8;120.716
1753876250.0;2.0;49.20420443;18.75503236;387.4132;42.1353;16.0;0.8;120.725
1753876250.01;2.0;49.20420444;18.75503232;387.4135;42.1353;16.0;0.8;120.762
1753876250.02;2.0;49.20420445;18.75503228;387.4141;42.1353;16.0;0.8;120.717
1753876250.03;2.0;49.20420447;18.75503224;387.4148;42.1353;16.0;0.8;120.738
1753876250.04;2.0;49.20420448;18.7550322;387.4155;42.1353;16.0;0.8;120.765
1753876250.05;2.0;49.20420449;18.75503217;387.4166;42.1353;16.0;0.8;120.765
1753876250.06;2.0;49.20420451;18.75503214;387.4176;42.1353;16.0;0.8;120.753
1753876250.07;2.0;49.20420452;18.7550321;387.4184;42.1353;16.0;0.8;120.759
1753876250.08;2.0;49.20420453;18.75503207;387.4193;42.1353;17.0;0.7;120.808
1753876250.09;2.0;49.20420455;18.75503203;387.4199;42.1353;17.0;0.7;120.816
1753876250.1;2.0;49.20420456;18.75503199;387.4206;42.1353;17.0;0.7;120.852
1753876250.11;2.0;49.20420457;18.75503196;387.4216;42.1353;17.0;0.7;120.838
1753876250.12;2.0;49.20420458;18.75503192;387.4224;42.1353;17.0;0.7;120.756
1753876250.13;2.0;49.20420459;18.75503188;387.4228;42.1353;17.0;0.7;120.687
1753876250.14;2.0;49.2042046;18.75503185;387.4234;42.1353;17.0;0.7;120.74
1753876250.15;2.0;49.20420461;18.75503181;387.4237;42.1353;17.0;0.7;120.761
1753876250.16;2.0;49.20420462;18.75503178;387.4244;42.1353;17.0;0.7;120.798
1753876250.17;2.0;49.20420463;18.75503174;387.4254;42.1353;17.0;0.7;120.872
1753876250.18;2.0;49.20420464;18.75503171;387.426;42.1353;17.0;0.7;120.936
1753876250.19;2.0;49.20420464;18.75503168;387.4265;42.1353;17.0;0.7;120.99
1753876250.2;2.0;49.20420465;18.75503165;387.4266;42.1353;17.0;0.7;120.988
1753876250.21;2.0;49.20420466;18.75503161;387.4272;42.1353;17.0;0.7;120.956
1753876250.22;2.0;49.20420466;18.75503158;387.4281;42.1353;17.0;0.7;120.933
1753876250.23;2.0;49.20420467;18.75503156;387.4292;42.1353;17.0;0.7;120.927
1753876250.24;2.0;49.20420468;18.75503153;387.4306;42.1353;17.0;0.7;120.974
1753876250.25;2.0;49.20420469;18.7550315;387.4316;42.1353;17.0;0.7;120.979
1753876250.26;2.0;49.2042047;18.75503146;387.4318;42.1353;17.0;0.7;120.976
1753876250.27;2.0;49.20420471;18.75503142;387.4316;42.1353;17.0;0.7;120.994
1753876250.28;2.0;49.20420472;18.75503139;387.432;42.1353;17.0;0.7;121.003
1753876250.29;2.0;49.20420473;18.75503136;387.4328;42.1353;17.0;0.7;121.014
1753876250.3;2.0;49.20420475;18.75503133;387.4338;42.1353;17.0;0.7;120.988
1753876250.31;2.0;49.20420476;18.7550313;387.4347;42.1353;17.0;0.7;120.988
1753876250.32;2.0;49.20420477;18.75503127;387.4355;42.1353;17.0;0.7;121.012
1753876250.33;2.0;49.20420478;18.75503123;387.4357;42.1353;17.0;0.7;121.084
1753876250.34;2.0;49.20420479;18.7550312;387.436;42.1353;17.0;0.7;121.154
1753876250.35;2.0;49.2042048;18.75503117;387.4361;42.1353;17.0;0.7;121.181
1753876250.36;2.0;49.20420481;18.75503113;387.4363;42.1353;17.0;0.7;121.216
1753876250.37;2.0;49.20420482;18.7550311;387.4369;42.1353;17.0;0.7;121.205
1753876250.38;2.0;49.20420483;18.75503106;387.4374;42.1353;17.0;0.7;121.167
1753876250.39;2.0;49.20420484;18.75503103;387.4373;42.1353;17.0;0.7;121.155
1753876250.4;2.0;49.20420485;18.755031;387.4378;42.1353;17.0;0.7;121.154
1753876250.41;2.0;49.20420486;18.75503096;387.4384;42.1353;17.0;0.7;121.17
1753876250.42;2.0;49.20420487;18.75503093;387.4391;42.1353;17.0;0.7;121.174
1753876250.43;2.0;49.20420488;18.75503089;387.44;42.1353;17.0;0.7;121.183
1753876250.44;2.0;49.20420489;18.75503086;387.4417;42.1353;17.0;0.7;121.14
1753876250.45;2.0;49.2042049;18.75503083;387.4437;42.1353;17.0;0.7;121.091
1753876250.46;2.0;49.20420491;18.75503079;387.4452;42.1353;17.0;0.7;121.032
1753876250.47;2.0;49.20420492;18.75503076;387.4465;42.1353;17.0;0.7;121.02
1753876250.48;2.0;49.20420493;18.75503072;387.4472;42.1353;17.0;0.7;121.021
1753876250.49;2.0;49.20420494;18.75503069;387.448;42.1353;17.0;0.7;121.012
1753876250.5;2.0;49.20420495;18.75503065;387.4482;42.1353;17.0;0.7;120.925
1753876250.51;2.0;49.20420497;18.75503062;387.4487;42.1353;17.0;0.7;120.913
1753876250.52;2.0;49.20420498;18.75503059;387.4494;42.1353;17.0;0.7;120.939
1753876250.53;2.0;49.20420499;18.75503056;387.45;42.1353;17.0;0.7;120.9
1753876250.54;2.0;49.20420499;18.75503053;387.4502;42.1353;17.0;0.7;120.831
1753876250.55;2.0;49.204205;18.7550305;387.4502;42.1353;17.0;0.7;120.795
1753876250.56;2.0;49.20420502;18.75503047;387.4509;42.1353;17.0;0.7;120.795
1753876250.57;2.0;49.20420503;18.75503044;387.4516;42.1353;17.0;0.7;120.782
1753876250.58;2.0;49.20420504;18.75503042;387.4524;42.1353;17.0;0.7;120.756
1753876250.59;2.0;49.20420505;18.75503039;387.4529;42.1353;17.0;0.7;120.692
1753876250.6;2.0;49.20420506;18.75503036;387.4527;42.1353;17.0;0.7;120.651
1753876250.61;2.0;49.20420506;18.75503034;387.4524;42.1353;17.0;0.7;120.654
1753876250.62;2.0;49.20420507;18.75503031;387.4526;42.1353;17.0;0.7;120.652
1753876250.63;2.0;49.20420507;18.7550303;387.4528;42.1353;17.0;0.7;120.639
1753876250.64;2.0;49.20420508;18.75503028;387.4536;42.1353;17.0;0.7;120.64
1753876250.65;2.0;49.20420508;18.75503026;387.4544;42.1353;17.0;0.7;120.658
1753876250.66;2.0;49.20420507;18.75503024;387.4548;42.1353;17.0;0.7;120.7
1753876250.67;2.0;49.20420507;18.75503023;387.4552;42.1353;17.0;0.7;120.749
1753876250.68;2.0;49.20420506;18.75503022;387.4557;42.1353;17.0;0.7;120.778
1753876250.69;2.0;49.20420506;18.75503021;387.4563;42.1353;17.0;0.7;120.773
1753876250.7;2.0;49.20420505;18.7550302;387.4567;42.1353;17.0;0.7;120.759
1753876250.71;2.0;49.20420504;18.75503019;387.4572;42.1353;17.0;0.7;120.784
1753876250.72;2.0;49.20420503;18.75503019;387.4578;42.1353;17.0;0.7;120.767
1753876250.73;2.0;49.20420503;18.75503019;387.4582;42.1353;17.0;0.7;120.743
1753876250.74;2.0;49.20420502;18.75503018;387.4585;42.1353;17.0;0.7;120.757
1753876250.75;2.0;49.20420501;18.75503018;387.4593;42.1353;17.0;0.7;120.817
1753876250.76;2.0;49.204205;18.75503018;387.4598;42.1353;17.0;0.7;120.872
1753876250.77;2.0;49.204205;18.75503018;387.4612;42.1353;17.0;0.7;120.961
1753876250.78;2.0;49.20420499;18.75503018;387.462;42.1353;17.0;0.7;120.992
1753876250.79;2.0;49.20420498;18.75503017;387.4626;42.1353;17.0;0.7;120.968
1753876250.8;2.0;49.20420498;18.75503017;387.4634;42.1353;17.0;0.7;120.938
1753876250.81;2.0;49.20420497;18.75503017;387.4638;42.1353;17.0;0.7;120.915
1753876250.82;2.0;49.20420497;18.75503017;387.4641;42.1353;17.0;0.7;120.861
1753876250.83;2.0;49.20420496;18.75503016;387.4644;42.1353;17.0;0.7;120.872
1753876250.84;2.0;49.20420496;18.75503016;387.4645;42.1353;17.0;0.7;120.83
1753876250.85;2.0;49.20420496;18.75503015;387.4648;42.1353;17.0;0.7;120.791
1753876250.86;2.0;49.20420496;18.75503015;387.4654;42.1353;17.0;0.7;120.823
1753876250.87;2.0;49.20420496;18.75503014;387.4668;42.1353;17.0;0.7;120.837
1753876250.88;2.0;49.20420496;18.75503013;387.4675;42.1353;17.0;0.7;120.799
1753876250.89;2.0;49.20420497;18.75503013;387.4678;42.1353;17.0;0.7;120.813
1753876250.9;2.0;49.20420497;18.75503012;387.4682;42.1353;17.0;0.7;120.877
1753876250.91;2.0;49.20420498;18.7550301;387.4685;42.1353;17.0;0.7;120.931
1753876250.92;2.0;49.20420499;18.7550301;387.469;42.1353;17.0;0.7;121.026
1753876250.93;2.0;49.20420499;18.75503009;387.4696;42.1353;17.0;0.7;121.056
1753876250.94;2.0;49.204205;18.75503008;387.4699;42.1353;17.0;0.7;121.086
1753876250.95;2.0;49.20420501;18.75503006;387.4711;42.1353;17.0;0.7;121.112
1753876250.96;2.0;49.20420501;18.75503005;387.4719;42.1353;17.0;0.7;121.073
1753876250.97;2.0;49.20420502;18.75503003;387.4724;42.1353;17.0;0.7;121.009
1753876250.98;2.0;49.20420503;18.75503002;387.4726;42.1353;17.0;0.7;120.98
1753876250.99;2.0;49.20420503;18.75503001;387.4731;42.1353;17.0;0.7;121.014
1753876251.0;2.0;49.20420504;18.75503;387.4736;42.1353;17.0;0.7;121.063
1753876251.01;2.0;49.20420505;18.75502998;387.4739;42.1353;17.0;0.7;121.129
1753876251.02;2.0;49.20420506;18.75502997;387.475;42.1353;17.0;0.7;121.198
1753876251.03;2.0;49.20420507;18.75502995;387.4755;42.1353;17.0;0.7;121.18
1753876251.04;2.0;49.20420509;18.75502994;387.4762;42.1353;17.0;0.7;121.213
1753876251.05;2.0;49.2042051;18.75502992;387.4766;42.1353;17.0;0.7;121.255
1753876251.06;2.0;49.20420512;18.7550299;387.4771;42.1353;17.0;0.7;121.286
1753876251.07;2.0;49.20420514;18.75502988;387.4778;42.1353;17.0;0.7;121.263
1753876251.08;2.0;49.20420516;18.75502985;387.4786;42.1353;17.0;0.7;121.279
1753876251.09;2.0;49.20420519;18.75502983;387.4789;42.1353;17.0;0.7;121.282
1753876251.1;2.0;49.20420521;18.75502981;387.4794;42.1353;17.0;0.7;121.235
1753876251.11;2.0;49.20420524;18.75502979;387.4801;42.1353;17.0;0.7;121.114
1753876251.12;2.0;49.20420527;18.75502976;387.4806;42.1353;17.0;0.7;121.007
1753876251.13;2.0;49.2042053;18.75502975;387.4811;42.1353;17.0;0.7;120.994
1753876251.14;2.0;49.20420533;18.75502973;387.4816;42.1353;17.0;0.7;120.999
1753876251.15;2.0;49.20420536;18.7550297;387.4818;42.1353;17.0;0.7;121.04
1753876251.16;2.0;49.2042054;18.75502968;387.4823;42.1353;17.0;0.7;121.04
1753876251.17;2.0;49.20420543;18.75502966;387.483;42.1353;17.0;0.7;121.045
1753876251.18;2.0;49.20420547;18.75502964;387.484;42.1353;17.0;0.7;121.056
1753876251.19;2.0;49.2042055;18.75502961;387.4846;42.1353;17.0;0.7;121.087
1753876251.2;2.0;49.20420554;18.75502959;387.485;42.1353;17.0;0.7;121.105
1753876251.21;2.0;49.20420558;18.75502956;387.4858;42.1353;17.0;0.7;121.074
1753876251.22;2.0;49.20420561;18.75502954;387.4867;42.1353;17.0;0.7;121.001
1753876251.23;2.0;49.20420564;18.75502952;387.4869;42.1353;17.0;0.7;120.951
1753876251.24;2.0;49.20420567;18.7550295;387.4868;42.1353;17.0;0.7;120.9
1753876251.25;2.0;49.2042057;18.75502949;387.487;42.1353;17.0;0.7;120.855
1753876251.26;2.0;49.20420573;18.75502947;387.4876;42.1353;17.0;0.7;120.841
1753876251.27;2.0;49.20420576;18.75502945;387.4876;42.1353;17.0;0.7;120.809
1753876251.28;2.0;49.20420579;18.75502943;387.4874;42.1353;17.0;0.7;120.779
1753876251.29;2.0;49.20420582;18.75502941;387.4877;42.1353;17.0;0.7;120.715
1753876251.3;2.0;49.20420584;18.7550294;387.4888;42.1353;17.0;0.7;120.691
1753876251.31;2.0;49.20420587;18.75502938;387.4899;42.1353;17.0;0.7;120.665
1753876251.32;2.0;49.2042059;18.75502937;387.4906;42.1353;17.0;0.7;120.666
1753876251.33;2.0;49.20420592;18.75502936;387.4911;42.1353;17.0;0.7;120.648
1753876251.34;2.0;49.20420595;18.75502935;387.4917;42.1353;17.0;0.7;120.641
1753876251.35;2.0;49.20420598;18.75502934;387.492;42.1353;17.0;0.7;120.609
1753876251.36;2.0;49.204206;18.75502933;387.4923;42.1353;17.0;0.7;120.603
1753876251.37;2.0;49.20420602;18.75502932;387.4925;42.1353;17.0;0.7;120.639
1753876251.38;2.0;49.20420605;18.75502932;387.4925;42.1353;17.0;0.7;120.689
1753876251.39;2.0;49.20420607;18.75502931;387.4924;42.1353;17.0;0.7;120.674
1753876251.4;2.0;49.20420609;18.7550293;387.4925;42.1353;17.0;0.7;120.604
1753876251.41;2.0;49.20420611;18.75502929;387.4923;42.1353;17.0;0.7;120.56
1753876251.42;2.0;49.20420613;18.75502929;387.4923;42.1353;17.0;0.7;120.604
1753876251.43;2.0;49.20420616;18.75502928;387.4925;42.1353;17.0;0.7;120.653
1753876251.44;2.0;49.20420619;18.75502927;387.4932;42.1353;17.0;0.7;120.676
1753876251.45;2.0;49.20420622;18.75502927;387.494;42.1353;17.0;0.7;120.731
1753876251.46;2.0;49.20420624;18.75502926;387.4954;42.1353;17.0;0.7;120.736
1753876251.47;2.0;49.20420626;18.75502926;387.496;42.1353;17.0;0.7;120.67
1753876251.48;2.0;49.20420628;18.75502925;387.4963;42.1353;17.0;0.7;120.679
1753876251.49;2.0;49.20420631;18.75502924;387.4971;42.1353;17.0;0.7;120.709
1753876251.5;2.0;49.20420633;18.75502923;387.4979;42.1353;17.0;0.7;120.702
1753876251.51;2.0;49.20420635;18.75502923;387.4981;42.1353;17.0;0.7;120.67
1753876251.52;2.0;49.20420638;18.75502922;387.4985;42.1353;17.0;0.7;120.661
1753876251.53;2.0;49.2042064;18.75502922;387.4987;42.1353;17.0;0.7;120.615
1753876251.54;2.0;49.20420643;18.75502921;387.4995;42.1353;17.0;0.7;120.569
1753876251.55;2.0;49.20420645;18.75502921;387.5006;42.1353;17.0;0.7;120.485
1753876251.56;2.0;49.20420649;18.7550292;387.5015;42.1353;17.0;0.7;120.477
1753876251.57;2.0;49.20420652;18.7550292;387.5025;42.1353;17.0;0.7;120.511
1753876251.58;2.0;49.20420655;18.75502919;387.503;42.1353;17.0;0.7;120.539
1753876251.59;2.0;49.20420658;18.75502919;387.5039;42.1353;17.0;0.7;120.585
1753876251.6;2.0;49.2042066;18.75502919;387.505;42.1353;17.0;0.7;120.588
1753876251.61;2.0;49.20420663;18.7550292;387.5063;42.1353;17.0;0.7;120.632
1753876251.62;2.0;49.20420665;18.75502921;387.5072;42.1353;17.0;0.7;120.659
1753876251.63;2.0;49.20420667;18.75502923;387.5079;42.1353;17.0;0.7;120.73
1753876251.64;2.0;49.20420669;18.75502924;387.5088;42.1353;17.0;0.7;120.802
1753876251.65;2.0;49.20420671;18.75502927;387.5097;42.1353;17.0;0.7;120.892
1753876251.66;2.0;49.20420672;18.75502929;387.5106;42.1353;17.0;0.7;120.908
1753876251.67;2.0;49.20420674;18.75502931;387.5116;42.1353;17.0;0.7;120.942
1753876251.68;2.0;49.20420676;18.75502933;387.5122;42.1353;17.0;0.7;120.98
1753876251.69;2.0;49.20420678;18.75502935;387.5122;42.1353;17.0;0.7;121.012
1753876251.7;2.0;49.2042068;18.75502936;387.5123;42.1353;17.0;0.7;121.057
1753876251.71;2.0;49.20420682;18.75502939;387.5127;42.1353;17.0;0.7;121.157
1753876251.72;2.0;49.20420684;18.75502941;387.5131;42.1353;17.0;0.7;121.242
1753876251.73;2.0;49.20420686;18.75502943;387.5133;42.1353;17.0;0.7;121.316
1753876251.74;2.0;49.20420688;18.75502945;387.5139;42.1353;17.0;0.7;121.365
1753876251.75;2.0;49.2042069;18.75502947;387.5145;42.1353;17.0;0.7;121.408
1753876251.76;2.0;49.20420692;18.75502949;387.5148;42.1353;17.0;0.7;121.395
1753876251.77;2.0;49.20420693;18.75502951;387.5151;42.1353;17.0;0.7;121.37
1753876251.78;2.0;49.20420695;18.75502953;387.5157;42.1353;17.0;0.7;121.319
1753876251.79;2.0;49.20420697;18.75502954;387.5155;42.1353;17.0;0.7;121.302
1753876251.8;2.0;49.20420699;18.75502956;387.515;42.1353;17.0;0.7;121.288
1753876251.81;2.0;49.20420701;18.75502957;387.5148;42.1353;17.0;0.7;121.304
1753876251.82;2.0;49.20420703;18.75502959;387.515;42.1353;17.0;0.7;121.332
1753876251.83;2.0;49.20420705;18.75502962;387.5156;42.1353;17.0;0.7;121.341
1753876251.84;2.0;49.20420706;18.75502964;387.5158;42.1353;17.0;0.7;121.346
1753876251.85;2.0;49.20420708;18.75502967;387.5161;42.1353;17.0;0.7;121.322
1753876251.86;2.0;49.20420709;18.75502969;387.5164;42.1353;17.0;0.7;121.256
1753876251.87;2.0;49.20420711;18.75502971;387.5165;42.1353;17.0;0.7;121.185
1753876251.88;2.0;49.20420713;18.75502974;387.5161;42.1353;17.0;0.7;121.198
1753876251.89;2.0;49.20420714;18.75502976;387.516;42.1353;17.0;0.7;121.296
1753876251.9;2.0;49.20420716;18.75502978;387.5159;42.1353;17.0;0.7;121.411
1753876251.91;2.0;49.20420718;18.7550298;387.5161;42.1353;17.0;0.7;121.531
1753876251.92;2.0;49.2042072;18.75502982;387.5166;42.1353;17.0;0.7;121.641
1753876251.93;2.0;49.20420722;18.75502984;387.5176;42.1353;17.0;0.7;121.683
1753876251.94;2.0;49.20420724;18.75502986;387.5185;42.1353;17.0;0.7;121.666
1753876251.95;2.0;49.20420726;18.75502987;387.5189;42.1353;17.0;0.7;121.647
1753876251.96;2.0;49.20420727;18.75502988;387.5201;42.1353;17.0;0.7;121.608
1753876251.97;2.0;49.20420729;18.75502989;387.521;42.1353;17.0;0.7;121.612
1753876251.98;2.0;49.2042073;18.7550299;387.5217;42.1353;17.0;0.7;121.608
1753876251.99;2.0;49.20420732;18.7550299;387.5227;42.1353;17.0;0.7;121.582
1753876252.0;2.0;49.20420733;18.75502991;387.5233;42.1353;17.0;0.7;121.577
1753876252.01;2.0;49.20420735;18.75502991;387.5247;42.1353;17.0;0.7;121.602
1753876252.02;2.0;49.20420736;18.75502991;387.5258;42.1353;17.0;0.7;121.595
1753876252.03;2.0;49.20420737;18.75502991;387.5265;42.1353;17.0;0.7;121.581
1753876252.04;2.0;49.20420739;18.7550299;387.5269;42.1353;17.0;0.7;121.547
1753876252.05;2.0;49.2042074;18.75502989;387.5279;42.1353;17.0;0.7;121.529
1753876252.06;2.0;49.20420742;18.75502988;387.5284;42.1353;17.0;0.7;121.581
1753876252.07;2.0;49.20420743;18.75502986;387.5287;42.1353;17.0;0.7;121.591
1753876252.08;2.0;49.20420746;18.75502983;387.528;42.1353;17.0;0.7;121.646
1753876252.09;2.0;49.20420747;18.75502979;387.5272;42.1353;17.0;0.7;121.667
1753876252.1;2.0;49.20420749;18.75502975;387.527;42.1353;17.0;0.7;121.671
1753876252.11;2.0;49.20420751;18.75502971;387.5272;42.1353;17.0;0.7;121.584
1753876252.12;2.0;49.20420753;18.75502967;387.5276;42.1353;17.0;0.7;121.554
1753876252.13;2.0;49.20420755;18.75502964;387.5283;42.1353;17.0;0.7;121.52
1753876252.14;2.0;49.20420756;18.75502961;387.5291;42.1353;17.0;0.7;121.513
1753876252.15;2.0;49.20420758;18.75502957;387.5296;42.1353;17.0;0.7;121.451
1753876252.16;2.0;49.2042076;18.75502953;387.5301;42.1353;17.0;0.7;121.411
1753876252.17;2.0;49.20420762;18.75502949;387.5307;42.1353;17.0;0.7;121.424
1753876252.18;2.0;49.20420764;18.75502945;387.5317;42.1353;17.0;0.7;121.396
1753876252.19;2.0;49.20420765;18.75502942;387.5323;42.1353;17.0;0.7;121.388
1753876252.2;2.0;49.20420768;18.75502938;387.5326;42.1353;17.0;0.7;121.357
1753876252.21;2.0;49.2042077;18.75502935;387.5332;42.1353;17.0;0.7;121.288
1753876252.22;2.0;49.20420772;18.75502931;387.5335;42.1353;17.0;0.7;121.257
1753876252.23;2.0;49.20420773;18.75502927;387.5334;42.1353;17.0;0.7;121.259
1753876252.24;2.0;49.20420775;18.75502925;387.5336;42.1353;17.0;0.7;121.272
1753876252.25;2.0;49.20420776;18.75502922;387.5341;42.1353;17.0;0.7;121.221
1753876252.26;2.0;49.20420778;18.75502919;387.5342;42.1353;17.0;0.7;121.116
1753876252.27;2.0;49.2042078;18.75502917;387.5341;42.1353;17.0;0.7;121.077
1753876252.28;2.0;49.20420782;18.75502915;387.5341;42.1353;17.0;0.7;121.186
1753876252.29;2.0;49.20420784;18.75502913;387.5346;42.1353;17.0;0.7;121.224
1753876252.3;2.0;49.20420786;18.7550291;387.5353;42.1353;17.0;0.7;121.256
1753876252.31;2.0;49.20420787;18.75502909;387.5356;42.1353;17.0;0.7;121.24
1753876252.32;2.0;49.20420789;18.75502907;387.536;42.1353;17.0;0.7;121.269
1753876252.33;2.0;49.20420791;18.75502905;387.5367;42.1353;17.0;0.7;121.315
1753876252.34;2.0;49.20420794;18.75502903;387.5368;42.1353;17.0;0.7;121.273
1753876252.35;2.0;49.20420796;18.75502902;387.5371;42.1353;17.0;0.7;121.208
1753876252.36;2.0;49.20420798;18.755029;387.5367;42.1353;17.0;0.7;121.155
1753876252.37;2.0;49.204208;18.75502899;387.5366;42.1353;17.0;0.7;121.146
1753876252.38;2.0;49.20420802;18.75502898;387.5367;42.1353;17.0;0.7;121.174
1753876252.39;2.0;49.20420804;18.75502896;387.5368;42.1353;17.0;0.7;121.164
1753876252.4;2.0;49.20420806;18.75502895;387.5375;42.1353;17.0;0.7;121.163
1753876252.41;2.0;49.20420808;18.75502893;387.5385;42.1353;17.0;0.7;121.161
1753876252.42;2.0;49.2042081;18.75502892;387.5395;42.1353;17.0;0.7;121.142
1753876252.43;2.0;49.20420813;18.75502891;387.5406;42.1353;17.0;0.7;121.084
1753876252.44;2.0;49.20420815;18.75502889;387.5415;42.1353;17.0;0.7;121.107
1753876252.45;2.0;49.20420817;18.75502887;387.5416;42.1353;17.0;0.7;121.13
1753876252.46;2.0;49.20420819;18.75502885;387.5416;42.1353;17.0;0.7;121.091
1753876252.47;2.0;49.20420822;18.75502884;387.5419;42.1353;17.0;0.7;121.104
1753876252.48;2.0;49.20420825;18.75502882;387.5423;42.1353;17.0;0.7;121.136
1753876252.49;2.0;49.20420827;18.7550288;387.5426;42.1353;17.0;0.7;121.106
1753876252.5;2.0;49.2042083;18.75502878;387.5433;42.1353;17.0;0.7;121.083
1753876252.51;2.0;49.20420832;18.75502876;387.544;42.1353;17.0;0.7;121.072
1753876252.52;2.0;49.20420834;18.75502873;387.5444;42.1353;17.0;0.7;121.035
1753876252.53;2.0;49.20420837;18.75502871;387.5453;42.1353;17.0;0.7;121.028
1753876252.54;2.0;49.2042084;18.75502868;387.546;42.1353;17.0;0.7;121.02
1753876252.55;2.0;49.20420842;18.75502866;387.5466;42.1353;17.0;0.7;120.971
1753876252.56;2.0;49.20420844;18.75502863;387.547;42.1353;17.0;0.7;120.967
1753876252.57;2.0;49.20420846;18.75502861;387.5474;42.1353;17.0;0.7;120.953
1753876252.58;2.0;49.20420849;18.75502859;387.5479;42.1353;17.0;0.7;120.912
1753876252.59;2.0;49.20420851;18.75502857;387.5482;42.1353;17.0;0.7;120.923
1753876252.6;2.0;49.20420853;18.75502855;387.5483;42.1353;17.0;0.7;120.933
1753876252.61;2.0;49.20420855;18.75502854;387.5489;42.1353;17.0;0.7;120.909
1753876252.62;2.0;49.20420857;18.75502852;387.5496;42.1353;17.0;0.7;120.868
1753876252.63;2.0;49.20420859;18.75502851;387.55;42.1353;17.0;0.7;120.821
1753876252.64;2.0;49.20420861;18.7550285;387.5505;42.1353;17.0;0.7;120.766
1753876252.65;2.0;49.20420863;18.75502849;387.5509;42.1353;17.0;0.7;120.778
1753876252.66;2.0;49.20420864;18.75502847;387.5515;42.1353;17.0;0.7;120.845
1753876252.67;2.0;49.20420866;18.75502846;387.5522;42.1353;17.0;0.7;120.875
1753876252.68;2.0;49.20420867;18.75502846;387.5523;42.1353;17.0;0.7;120.884
1753876252.69;2.0;49.20420869;18.75502844;387.5525;42.1353;17.0;0.7;120.908
1753876252.7;2.0;49.20420871;18.75502843;387.5528;42.1353;17.0;0.7;120.912
1753876252.71;2.0;49.20420872;18.75502842;387.5534;42.1353;17.0;0.7;120.926
1753876252.72;2.0;49.20420873;18.75502841;387.5539;42.1353;17.0;0.7;120.904
1753876252.73;2.0;49.20420874;18.75502839;387.5542;42.1353;17.0;0.7;120.858
1753876252.74;2.0;49.20420875;18.75502838;387.5543;42.1353;17.0;0.7;120.873
1753876252.75;2.0;49.20420875;18.75502837;387.5543;42.1353;17.0;0.7;120.885
1753876252.76;2.0;49.20420875;18.75502836;387.5544;42.1353;17.0;0.7;120.894
1753876252.77;2.0;49.20420876;18.75502836;387.554;42.1353;17.0;0.7;120.89
1753876252.78;2.0;49.20420875;18.75502835;387.5535;42.1353;17.0;0.7;120.973
1753876252.79;2.0;49.20420875;18.75502834;387.553;42.1353;17.0;0.7;120.995
1753876252.8;2.0;49.20420874;18.75502834;387.5526;42.1353;17.0;0.7;120.933
1753876252.81;2.0;49.20420873;18.75502834;387.5526;42.1353;17.0;0.7;120.858
1753876252.82;2.0;49.20420873;18.75502833;387.5536;42.1353;17.0;0.7;120.763
1753876252.83;2.0;49.20420872;18.75502833;387.5539;42.1353;17.0;0.7;120.697
1753876252.84;2.0;49.2042087;18.75502833;387.5544;42.1353;17.0;0.7;120.641
1753876252.85;2.0;49.20420869;18.75502833;387.5544;42.1353;17.0;0.7;120.615
1753876252.86;2.0;49.20420868;18.75502833;387.5548;42.1353;17.0;0.7;120.612
1753876252.87;2.0;49.20420867;18.75502833;387.5553;42.1353;17.0;0.7;120.626
1753876252.88;2.0;49.20420865;18.75502833;387.5552;42.1353;17.0;0.7;120.597
1753876252.89;2.0;49.20420863;18.75502833;387.5557;42.1353;17.0;0.7;120.576
1753876252.9;2.0;49.20420862;18.75502833;387.5562;42.1353;17.0;0.7;120.552
1753876252.91;2.0;49.2042086;18.75502833;387.557;42.1353;17.0;0.7;120.524
1753876252.92;2.0;49.20420859;18.75502832;387.5576;42.1353;17.0;0.7;120.563
1753876252.93;2.0;49.20420858;18.75502831;387.5577;42.1353;17.0;0.7;120.587
1753876252.94;2.0;49.20420857;18.75502831;387.5578;42.1353;17.0;0.7;120.588
1753876252.95;2.0;49.20420857;18.75502829;387.5578;42.1353;17.0;0.7;120.644
1753876252.96;2.0;49.20420858;18.75502828;387.5579;42.1353;17.0;0.7;120.693
1753876252.97;2.0;49.20420858;18.75502827;387.5581;42.1353;17.0;0.7;120.663
1753876252.98;2.0;49.2042086;18.75502825;387.558;42.1353;17.0;0.7;120.699
1753876252.99;2.0;49.20420861;18.75502823;387.5581;42.1353;17.0;0.7;120.774
1753876253.0;2.0;49.20420863;18.75502822;387.558;42.1353;17.0;0.7;120.856
1753876253.01;2.0;49.20420879;18.75502817;387.5568;42.1353;17.0;0.7;120.907
1753876253.02;2.0;49.20420885;18.75502813;387.5605;42.1353;17.0;0.7;121.118
1753876253.03;2.0;49.20420884;18.75502812;387.5599;42.1353;17.0;0.7;121.23
1753876253.04;2.0;49.20420887;18.7550281;387.5581;42.1353;17.0;0.7;120.992
1753876253.05;2.0;49.20420888;18.75502809;387.5588;42.1353;17.0;0.7;121.066
1753876253.06;2.0;49.2042089;18.75502806;387.5583;42.1353;17.0;0.7;121.177
1753876253.07;2.0;49.20420891;18.75502804;387.559;42.1353;17.0;0.7;121.015
1753876253.08;2.0;49.20420893;18.75502803;387.5605;42.1353;17.0;0.7;121.311
1753876253.09;2.0;49.20420895;18.755028;387.5609;42.1353;17.0;0.7;121.461
1753876253.1;2.0;49.20420896;18.75502797;387.5621;42.1353;17.0;0.7;121.624
1753876253.11;2.0;49.20420897;18.75502795;387.5618;42.1353;17.0;0.7;121.685
1753876253.12;2.0;49.20420898;18.75502792;387.5606;42.1353;17.0;0.7;121.154
1753876253.13;2.0;49.204209;18.75502788;387.5601;42.1353;17.0;0.7;121.17
1753876253.14;2.0;49.20420902;18.75502785;387.5592;42.1353;17.0;0.7;121.092
1753876253.15;2.0;49.20420902;18.75502783;387.5604;42.1353;17.0;0.7;121.024
1753876253.16;2.0;49.20420904;18.75502779;387.5624;42.1353;17.0;0.7;121.005
1753876253.17;2.0;49.20420904;18.75502776;387.5627;42.1353;17.0;0.7;121.009
1753876253.18;2.0;49.20420904;18.75502774;387.5628;42.1353;17.0;0.7;120.864
1753876253.19;2.0;49.2042091;18.75502769;387.5612;42.1353;17.0;0.7;120.854
1753876253.2;2.0;49.20420911;18.75502768;387.5626;42.1353;17.0;0.7;121.009
1753876253.21;2.0;49.20420912;18.75502764;387.565;42.1353;17.0;0.7;121.17
1753876253.22;2.0;49.20420915;18.75502761;387.5626;42.1353;17.0;0.7;121.222
1753876253.23;2.0;49.20420917;18.75502758;387.5623;42.1353;17.0;0.7;121.469
1753876253.24;2.0;49.20420921;18.75502755;387.561;42.1353;17.0;0.7;121.349
1753876253.25;2.0;49.20420925;18.75502748;387.5617;42.1353;17.0;0.7;121.383
1753876253.26;2.0;49.20420928;18.75502745;387.5615;42.1353;17.0;0.7;121.172
1753876253.27;2.0;49.2042093;18.75502741;387.5594;42.1353;17.0;0.7;121.307
1753876253.28;2.0;49.20420934;18.75502737;387.5579;42.1353;17.0;0.7;121.467
1753876253.29;2.0;49.20420936;18.75502733;387.5577;42.1353;17.0;0.7;121.332
1753876253.3;2.0;49.20420942;18.75502727;387.5607;42.1353;17.0;0.7;121.299
1753876253.31;2.0;49.20420945;18.7550272;387.5607;42.1353;17.0;0.7;121.154
1753876253.32;2.0;49.20420948;18.75502716;387.5605;42.1353;17.0;0.7;121.394
1753876253.33;2.0;49.20420951;18.75502712;387.5603;42.1353;17.0;0.7;121.552
1753876253.34;2.0;49.20420956;18.75502708;387.5602;42.1353;17.0;0.7;121.598
1753876253.35;2.0;49.2042096;18.75502704;387.5622;42.1353;17.0;0.7;121.708
1753876253.36;2.0;49.20420963;18.75502698;387.5602;42.1353;17.0;0.7;121.779
1753876253.37;2.0;49.20420967;18.75502691;387.5588;42.1353;17.0;0.7;121.794
1753876253.38;2.0;49.20420971;18.75502686;387.5595;42.1353;17.0;0.7;121.984
1753876253.39;2.0;49.20420974;18.75502683;387.5602;42.1353;17.0;0.7;121.706
1753876253.4;2.0;49.20420977;18.75502678;387.5604;42.1353;17.0;0.7;121.81
1753876253.41;2.0;49.2042098;18.75502673;387.5626;42.1353;17.0;0.7;121.937
1753876253.42;2.0;49.20420982;18.75502668;387.5631;42.1353;17.0;0.7;121.964
1753876253.43;2.0;49.20420986;18.75502663;387.5649;42.1353;17.0;0.7;121.968
1753876253.44;2.0;49.20420992;18.75502655;387.5642;42.1353;17.0;0.7;122.002
1753876253.45;2.0;49.20420994;18.75502647;387.5623;42.1353;17.0;0.7;121.981
1753876253.46;2.0;49.20420997;18.7550264;387.5592;42.1353;17.0;0.7;121.678
1753876253.47;2.0;49.20421001;18.75502633;387.5615;42.1353;17.0;0.7;121.959
1753876253.48;2.0;49.20421003;18.75502627;387.5636;42.1353;17.0;0.7;121.989
1753876253.49;2.0;49.20421006;18.7550262;387.5652;42.1353;17.0;0.7;121.788
1753876253.5;2.0;49.2042101;18.7550261;387.5619;42.1353;17.0;0.7;121.859
1753876253.51;2.0;49.20421012;18.75502602;387.563;42.1353;17.0;0.7;122.186
1753876253.52;2.0;49.20421015;18.75502593;387.5609;42.1353;17.0;0.7;122.334
1753876253.53;2.0;49.20421019;18.75502585;387.5606;42.1353;17.0;0.7;122.288
1753876253.54;2.0;49.20421022;18.75502578;387.5561;42.1353;17.0;0.7;122.136
1753876253.55;2.0;49.20421025;18.75502569;387.5582;42.1353;17.0;0.7;122.166
1753876253.56;2.0;49.20421028;18.75502562;387.5626;42.1353;17.0;0.7;121.986
1753876253.57;2.0;49.20421031;18.75502553;387.5635;42.1353;17.0;0.7;122.046
1753876253.58;2.0;49.20421034;18.75502544;387.5634;42.1353;17.0;0.7;121.908
1753876253.59;2.0;49.20421036;18.75502536;387.5631;42.1353;17.0;0.7;121.713
1753876253.6;2.0;49.20421039;18.75502528;387.5631;42.1353;17.0;0.7;121.447
1753876253.61;2.0;49.20421043;18.7550252;387.5646;42.1353;17.0;0.7;121.572
1753876253.62;2.0;49.20421044;18.75502515;387.5644;42.1353;17.0;0.7;121.69
1753876253.63;2.0;49.20421047;18.75502506;387.5639;42.1353;17.0;0.7;121.599
1753876253.64;2.0;49.2042105;18.75502498;387.5639;42.1353;17.0;0.7;121.581
1753876253.65;2.0;49.20421052;18.75502493;387.5633;42.1353;16.0;0.8;121.281
1753876253.66;2.0;49.20421053;18.75502487;387.5613;42.1353;16.0;0.8;121.36
1753876253.67;2.0;49.20421054;18.75502481;387.5646;42.1353;16.0;0.8;121.452
1753876253.68;2.0;49.20421056;18.75502475;387.5636;42.1353;16.0;0.8;121.413
1753876253.69;2.0;49.20421059;18.75502469;387.5649;42.1353;16.0;0.8;121.517
1753876253.7;2.0;49.20421063;18.75502462;387.5629;42.1353;16.0;0.8;121.749
1753876253.71;2.0;49.20421064;18.75502454;387.5639;42.1353;16.0;0.8;121.772
1753876253.72;2.0;49.20421065;18.75502448;387.566;42.1353;16.0;0.8;121.614
1753876253.73;2.0;49.20421068;18.75502441;387.5663;42.1353;16.0;0.8;121.339
1753876253.74;2.0;49.2042107;18.75502432;387.5642;42.1353;16.0;0.8;121.169
1753876253.75;2.0;49.20421073;18.75502423;387.5602;42.1353;16.0;0.8;121.003
1753876253.76;2.0;49.20421075;18.75502414;387.5589;42.1353;16.0;0.8;121.169
1753876253.77;2.0;49.20421077;18.75502405;387.5564;42.1353;16.0;0.8;121.192
1753876253.78;2.0;49.20421078;18.755024;387.5575;42.1353;16.0;0.8;121.253
1753876253.79;2.0;49.2042108;18.75502392;387.5584;42.1353;16.0;0.8;121.092
1753876253.8;2.0;49.20421083;18.75502385;387.5589;42.1353;16.0;0.8;121.157
1753876253.81;2.0;49.20421085;18.75502377;387.5561;42.1353;16.0;0.8;121.29
1753876253.82;2.0;49.20421088;18.75502369;387.5542;42.1353;16.0;0.8;121.28
1753876253.83;2.0;49.20421088;18.75502362;387.5573;42.1353;16.0;0.8;121.242
1753876253.84;2.0;49.2042109;18.75502355;387.5554;42.1353;16.0;0.8;121.06
1753876253.85;2.0;49.20421093;18.75502349;387.5534;42.1353;16.0;0.8;121.069
1753876253.86;2.0;49.20421096;18.75502341;387.5528;42.1353;16.0;0.8;121.162
1753876253.87;2.0;49.20421098;18.75502333;387.5547;42.1353;16.0;0.8;121.258
1753876253.88;2.0;49.20421101;18.75502326;387.5569;42.1353;16.0;0.8;121.463
1753876253.89;2.0;49.20421103;18.75502317;387.5565;42.1353;16.0;0.8;121.627
1753876253.9;2.0;49.20421102;18.75502311;387.5558;42.1353;16.0;0.8;121.31
1753876253.91;2.0;49.20421106;18.75502301;387.5547;42.1353;16.0;0.8;121.308
1753876253.92;2.0;49.20421109;18.75502296;387.554;42.1353;16.0;0.8;121.116
1753876253.93;2.0;49.20421111;18.75502288;387.5532;42.1353;16.0;0.8;121.193
1753876253.94;2.0;49.20421112;18.7550228;387.5525;42.1353;16.0;0.8;121.054
1753876253.95;2.0;49.20421114;18.75502273;387.553;42.1353;16.0;0.8;121.044
1753876253.96;2.0;49.20421117;18.75502265;387.5527;42.1353;16.0;0.8;121.114
1753876253.97;2.0;49.20421119;18.75502257;387.5525;42.1353;16.0;0.8;121.249
1753876253.98;2.0;49.20421121;18.75502251;387.5525;42.1353;16.0;0.8;121.179
1753876253.99;2.0;49.20421123;18.75502244;387.5509;42.1353;16.0;0.8;121.399
1753876254.0;2.0;49.20421127;18.75502235;387.5498;42.1353;16.0;0.8;121.175
1753876254.01;2.0;49.20421128;18.75502228;387.5499;42.1353;16.0;0.8;121.106
1753876254.02;2.0;49.20421131;18.75502221;387.552;42.1353;16.0;0.8;121.035
1753876254.03;2.0;49.20421134;18.75502213;387.5505;42.1353;16.0;0.8;121.017
1753876254.04;2.0;49.20421137;18.75502206;387.5466;42.1353;16.0;0.8;121.081
1753876254.05;2.0;49.20421138;18.75502198;387.5452;42.1353;16.0;0.8;121.171
1753876254.06;2.0;49.20421141;18.7550219;387.5461;42.1353;16.0;0.8;121.079
1753876254.07;2.0;49.20421143;18.75502184;387.5447;42.1353;16.0;0.8;121.216
1753876254.08;2.0;49.20421146;18.75502176;387.5451;42.1353;17.0;0.7;121.264
1753876254.09;2.0;49.20421149;18.75502169;387.5459;42.1353;17.0;0.7;121.256
1753876254.1;2.0;49.20421151;18.7550216;387.5457;42.1353;17.0;0.7;121.203
1753876254.11;2.0;49.20421153;18.75502153;387.5466;42.1353;17.0;0.7;120.831
1753876254.12;2.0;49.20421158;18.75502144;387.5465;42.1353;17.0;0.7;120.697
1753876254.13;2.0;49.20421161;18.75502134;387.5478;42.1353;17.0;0.7;121.023
1753876254.14;2.0;49.20421166;18.75502126;387.5454;42.1353;17.0;0.7;120.912
1753876254.15;2.0;49.20421168;18.75502117;387.5435;42.1353;17.0;0.7;120.855
1753876254.16;2.0;49.20421171;18.7550211;387.5438;42.1353;17.0;0.7;121.224
1753876254.17;2.0;49.20421175;18.755021;387.5439;42.1353;17.0;0.7;121.299
1753876254.18;2.0;49.20421179;18.75502092;387.5442;42.1353;17.0;0.7;121.412
1753876254.19;2.0;49.20421184;18.75502083;387.5431;42.1353;17.0;0.7;121.162
1753876254.2;2.0;49.20421187;18.75502073;387.5413;42.1353;17.0;0.7;121.282
1753876254.21;2.0;49.2042119;18.75502066;387.5412;42.1353;17.0;0.7;121.11
1753876254.22;2.0;49.20421194;18.75502058;387.5377;42.1353;17.0;0.7;121.044
1753876254.23;2.0;49.20421196;18.7550205;387.537;42.1353;17.0;0.7;121.185
1753876254.24;2.0;49.20421202;18.75502041;387.5397;42.1353;17.0;0.7;121.125
1753876254.25;2.0;49.20421206;18.75502033;387.5387;42.1353;17.0;0.7;121.036
1753876254.26;2.0;49.20421207;18.75502027;387.5397;42.1353;17.0;0.7;120.959
1753876254.27;2.0;49.20421212;18.75502021;387.5375;42.1353;17.0;0.7;121.084
1753876254.28;2.0;49.20421217;18.75502011;387.5376;42.1353;17.0;0.7;121.024
1753876254.29;2.0;49.2042122;18.75502001;387.5379;42.1353;17.0;0.7;121.089
1753876254.3;2.0;49.20421224;18.75501994;387.5367;42.1353;17.0;0.7;120.997
1753876254.31;2.0;49.20421228;18.75501986;387.5357;42.1353;17.0;0.7;121.1
1753876254.32;2.0;49.20421232;18.75501975;387.5343;42.1353;17.0;0.7;121.307
1753876254.33;2.0;49.20421236;18.75501966;387.5327;42.1353;17.0;0.7;121.193
1753876254.34;2.0;49.2042124;18.75501957;387.5333;42.1353;17.0;0.7;120.972
1753876254.35;2.0;49.20421245;18.75501949;387.5318;42.1353;17.0;0.7;121.083
1753876254.36;2.0;49.20421249;18.7550194;387.5317;42.1353;17.0;0.7;120.978
1753876254.37;2.0;49.20421252;18.7550193;387.5297;42.1353;17.0;0.7;120.859
1753876254.38;2.0;49.20421256;18.75501922;387.5265;42.1353;17.0;0.7;120.785
1753876254.39;2.0;49.20421261;18.75501913;387.5262;42.1353;17.0;0.7;121.159
1753876254.4;2.0;49.20421264;18.75501904;387.5251;42.1353;17.0;0.7;121.395
1753876254.41;2.0;49.20421268;18.75501898;387.5218;42.1353;17.0;0.7;121.303
1753876254.42;2.0;49.2042127;18.75501891;387.5218;42.1353;17.0;0.7;121.443
1753876254.43;2.0;49.20421273;18.75501883;387.5228;42.1353;17.0;0.7;121.414
1753876254.44;2.0;49.20421279;18.75501874;387.5227;42.1353;17.0;0.7;121.589
1753876254.45;2.0;49.20421282;18.75501866;387.523;42.1353;17.0;0.7;121.763
1753876254.46;2.0;49.20421286;18.75501859;387.5216;42.1353;17.0;0.7;121.809
1753876254.47;2.0;49.20421289;18.75501851;387.5232;42.1353;17.0;0.7;121.822
1753876254.48;2.0;49.20421294;18.75501842;387.5216;42.1353;17.0;0.7;121.438
1753876254.49;2.0;49.20421299;18.75501832;387.5189;42.1353;17.0;0.7;121.305
1753876254.5;2.0;49.20421302;18.75501824;387.5177;42.1353;17.0;0.7;121.407
1753876254.51;2.0;49.20421304;18.75501816;387.5153;42.1353;17.0;0.7;121.503
1753876254.52;2.0;49.20421309;18.75501808;387.5157;42.1353;17.0;0.7;121.528
1753876254.53;2.0;49.20421312;18.75501798;387.5159;42.1353;17.0;0.7;121.479
1753876254.54;2.0;49.20421316;18.75501788;387.5151;42.1353;17.0;0.7;121.444
1753876254.55;2.0;49.20421321;18.75501779;387.515;42.1353;17.0;0.7;121.263
1753876254.56;2.0;49.20421324;18.75501769;387.5135;42.1353;17.0;0.7;121.359
1753876254.57;2.0;49.20421328;18.75501763;387.5129;42.1353;17.0;0.7;121.451
1753876254.58;2.0;49.20421331;18.75501755;387.5123;42.1353;17.0;0.7;121.466
1753876254.59;2.0;49.20421334;18.75501747;387.5112;42.1353;17.0;0.7;121.57
1753876254.6;2.0;49.20421338;18.75501738;387.5114;42.1353;17.0;0.7;121.455
1753876254.61;2.0;49.2042134;18.75501731;387.5136;42.1353;17.0;0.7;121.241
1753876254.62;2.0;49.20421343;18.75501725;387.5146;42.1353;17.0;0.7;121.407
1753876254.63;2.0;49.20421347;18.75501715;387.5141;42.1353;17.0;0.7;121.308
1753876254.64;2.0;49.2042135;18.75501704;387.5143;42.1353;17.0;0.7;121.354
1753876254.65;2.0;49.20421354;18.75501696;387.5125;42.1353;17.0;0.7;121.191
1753876254.66;2.0;49.20421358;18.75501689;387.5147;42.1353;17.0;0.7;121.097
1753876254.67;2.0;49.20421362;18.75501681;387.5145;42.1353;17.0;0.7;121.198
1753876254.68;2.0;49.20421365;18.75501672;387.5131;42.1353;17.0;0.7;120.943
1753876254.69;2.0;49.20421367;18.75501666;387.5131;42.1353;17.0;0.7;121.111
1753876254.7;2.0;49.20421371;18.75501657;387.513;42.1353;17.0;0.7;121.086
1753876254.71;2.0;49.20421374;18.75501647;387.5108;42.1353;17.0;0.7;121.021
1753876254.72;2.0;49.20421377;18.75501641;387.5109;42.1353;17.0;0.7;121.23
1753876254.73;2.0;49.2042138;18.75501632;387.5094;42.1353;17.0;0.7;121.035
1753876254.74;2.0;49.20421384;18.75501625;387.5081;42.1353;17.0;0.7;120.95
1753876254.75;2.0;49.20421387;18.75501616;387.5072;42.1353;17.0;0.7;121.097
1753876254.76;2.0;49.2042139;18.75501609;387.5065;42.1353;17.0;0.7;121.087
1753876254.77;2.0;49.20421394;18.755016;387.5079;42.1353;17.0;0.7;120.932
1753876254.78;2.0;49.20421397;18.75501591;387.51;42.1353;17.0;0.7;121.176
1753876254.79;2.0;49.20421399;18.75501584;387.509;42.1353;17.0;0.7;120.863
1753876254.8;2.0;49.20421403;18.75501577;387.5079;42.1353;17.0;0.7;120.681
1753876254.81;2.0;49.20421407;18.75501566;387.5055;42.1353;17.0;0.7;120.821
1753876254.82;2.0;49.2042141;18.75501559;387.5036;42.1353;17.0;0.7;120.949
1753876254.83;2.0;49.20421413;18.75501553;387.5041;42.1353;17.0;0.7;121.104
1753876254.84;2.0;49.20421417;18.75501543;387.5069;42.1353;17.0;0.7;121.254
1753876254.85;2.0;49.20421422;18.75501534;387.5068;42.1353;17.0;0.7;121.237
1753876254.86;2.0;49.20421424;18.75501525;387.5067;42.1353;17.0;0.7;121.41
1753876254.87;2.0;49.20421428;18.75501516;387.5047;42.1353;17.0;0.7;121.629
1753876254.88;2.0;49.20421433;18.75501507;387.5048;42.1353;17.0;0.7;121.785
1753876254.89;2.0;49.20421435;18.75501499;387.5021;42.1353;17.0;0.7;121.83
1753876254.9;2.0;49.20421437;18.75501492;387.5016;42.1353;17.0;0.7;121.747
1753876254.91;2.0;49.20421441;18.75501484;387.5003;42.1353;17.0;0.7;121.365
1753876254.92;2.0;49.20421444;18.75501474;387.5016;42.1353;17.0;0.7;121.227
1753876254.93;2.0;49.20421448;18.75501464;387.5023;42.1353;17.0;0.7;121.176
1753876254.94;2.0;49.2042145;18.75501456;387.4991;42.1353;17.0;0.7;120.877
1753876254.95;2.0;49.20421452;18.75501449;387.4995;42.1353;17.0;0.7;120.783
1753876254.96;2.0;49.20421456;18.75501441;387.5028;42.1353;17.0;0.7;120.975
1753876254.97;2.0;49.20421459;18.75501431;387.5011;42.1353;17.0;0.7;121.042
1753876254.98;2.0;49.20421463;18.75501423;387.5033;42.1353;17.0;0.7;121.154
1753876254.99;2.0;49.20421465;18.75501412;387.5037;42.1353;17.0;0.7;121.156
1753876255.0;2.0;49.20421469;18.75501406;387.5012;42.1353;17.0;0.7;121.009
1753876255.01;2.0;49.20421473;18.75501397;387.5005;42.1353;17.0;0.7;121.1
1753876255.02;2.0;49.20421476;18.75501388;387.5004;42.1353;17.0;0.7;121.073
1753876255.03;2.0;49.20421479;18.7550138;387.5004;42.1353;17.0;0.7;121.112
1753876255.04;2.0;49.20421482;18.75501371;387.5003;42.1353;17.0;0.7;121.14
1753876255.05;2.0;49.20421486;18.75501363;387.5002;42.1353;17.0;0.7;121.202
1753876255.06;2.0;49.20421489;18.75501354;387.5004;42.1353;17.0;0.7;121.244
1753876255.07;2.0;49.20421493;18.75501346;387.5008;42.1353;17.0;0.7;121.306
1753876255.08;2.0;49.20421496;18.75501337;387.5007;42.1353;17.0;0.7;121.373
1753876255.09;2.0;49.204215;18.75501329;387.5007;42.1353;17.0;0.7;121.478
1753876255.1;2.0;49.20421504;18.7550132;387.5006;42.1353;17.0;0.7;121.535
1753876255.11;2.0;49.20421507;18.75501311;387.5008;42.1353;17.0;0.7;121.523
1753876255.12;2.0;49.2042151;18.75501302;387.5013;42.1353;17.0;0.7;121.456
1753876255.13;2.0;49.20421513;18.75501294;387.5015;42.1353;17.0;0.7;121.375
1753876255.14;2.0;49.20421517;18.75501285;387.5014;42.1353;17.0;0.7;121.31
1753876255.15;2.0;49.2042152;18.75501276;387.5016;42.1353;17.0;0.7;121.235
1753876255.16;2.0;49.20421523;18.75501267;387.5021;42.1353;17.0;0.7;121.154
1753876255.17;2.0;49.20421526;18.75501258;387.5028;42.1353;17.0;0.7;121.153
1753876255.18;2.0;49.2042153;18.7550125;387.5034;42.1353;17.0;0.7;121.202
1753876255.19;2.0;49.20421534;18.75501241;387.5038;42.1353;17.0;0.7;121.246
1753876255.2;2.0;49.20421537;18.75501232;387.5037;42.1353;17.0;0.7;121.314
1753876255.21;2.0;49.2042154;18.75501223;387.5036;42.1353;17.0;0.7;121.35
1753876255.22;2.0;49.20421543;18.75501214;387.5033;42.1353;17.0;0.7;121.33
1753876255.23;2.0;49.20421546;18.75501205;387.503;42.1353;17.0;0.7;121.281
1753876255.24;2.0;49.2042155;18.75501197;387.5031;42.1353;17.0;0.7;121.288
1753876255.25;2.0;49.20421553;18.75501188;387.5028;42.1353;17.0;0.7;121.327
1753876255.26;2.0;49.20421557;18.75501179;387.5022;42.1353;17.0;0.7;121.372
1753876255.27;2.0;49.20421561;18.75501171;387.5016;42.1353;17.0;0.7;121.399
1753876255.28;2.0;49.20421564;18.75501162;387.5012;42.1353;17.0;0.7;121.382
1753876255.29;2.0;49.20421567;18.75501154;387.5013;42.1353;17.0;0.7;121.387
1753876255.3;2.0;49.20421571;18.75501146;387.5012;42.1353;17.0;0.7;121.408
1753876255.31;2.0;49.20421574;18.75501137;387.5009;42.1353;17.0;0.7;121.365
1753876255.32;2.0;49.20421578;18.75501128;387.5003;42.1353;17.0;0.7;121.266
1753876255.33;2.0;49.20421582;18.75501119;387.4995;42.1353;17.0;0.7;121.177
1753876255.34;2.0;49.20421585;18.75501111;387.4989;42.1353;17.0;0.7;121.116
1753876255.35;2.0;49.20421589;18.75501102;387.4987;42.1353;17.0;0.7;121.127
1753876255.36;2.0;49.20421592;18.75501093;387.4985;42.1353;17.0;0.7;121.161
1753876255.37;2.0;49.20421595;18.75501083;387.4981;42.1353;17.0;0.7;121.203
1753876255.38;2.0;49.20421599;18.75501074;387.4976;42.1353;17.0;0.7;121.178
1753876255.39;2.0;49.20421603;18.75501064;387.4973;42.1353;17.0;0.7;121.152
1753876255.4;2.0;49.20421606;18.75501054;387.4972;42.1353;17.0;0.7;121.149
1753876255.41;2.0;49.2042161;18.75501045;387.4972;42.1353;17.0;0.7;121.113
1753876255.42;2.0;49.20421613;18.75501036;387.4972;42.1353;17.0;0.7;121.063
1753876255.43;2.0;49.20421617;18.75501028;387.4971;42.1353;17.0;0.7;121.014
1753876255.44;2.0;49.20421621;18.7550102;387.497;42.1353;17.0;0.7;120.985
1753876255.45;2.0;49.20421624;18.75501012;387.4974;42.1353;17.0;0.7;120.977
1753876255.46;2.0;49.20421628;18.75501003;387.4977;42.1353;17.0;0.7;121.043
1753876255.47;2.0;49.20421631;18.75500995;387.498;42.1353;17.0;0.7;121.137
1753876255.48;2.0;49.20421634;18.75500987;387.4986;42.1353;17.0;0.7;121.186
1753876255.49;2.0;49.20421638;18.75500979;387.4986;42.1353;17.0;0.7;121.261
1753876255.5;2.0;49.20421641;18.75500971;387.4984;42.1353;17.0;0.7;121.359
1753876255.51;2.0;49.20421644;18.75500964;387.4987;42.1353;17.0;0.7;121.507
1753876255.52;2.0;49.20421647;18.75500956;387.4989;42.1353;17.0;0.7;121.58
1753876255.53;2.0;49.20421651;18.75500947;387.4989;42.1353;17.0;0.7;121.664
1753876255.54;2.0;49.20421655;18.75500939;387.4986;42.1353;17.0;0.7;121.761
1753876255.55;2.0;49.20421658;18.7550093;387.4977;42.1353;17.0;0.7;121.796
1753876255.56;2.0;49.20421661;18.75500922;387.4967;42.1353;17.0;0.7;121.834
1753876255.57;2.0;49.20421664;18.75500914;387.4958;42.1353;17.0;0.7;121.823
1753876255.58;2.0;49.20421666;18.75500906;387.495;42.1353;17.0;0.7;121.765
1753876255.59;2.0;49.20421668;18.75500898;387.4939;42.1353;17.0;0.7;121.664
1753876255.6;2.0;49.2042167;18.75500891;387.493;42.1353;17.0;0.7;121.627
1753876255.61;2.0;49.20421671;18.75500884;387.4917;42.1353;17.0;0.7;121.605
1753876255.62;2.0;49.20421673;18.75500877;387.491;42.1353;17.0;0.7;121.55
1753876255.63;2.0;49.20421674;18.75500871;387.4906;42.1353;17.0;0.7;121.439
1753876255.64;2.0;49.20421676;18.75500866;387.4909;42.1353;17.0;0.7;121.33
1753876255.65;2.0;49.20421676;18.7550086;387.4912;42.1353;17.0;0.7;121.227
1753876255.66;2.0;49.20421677;18.75500856;387.4915;42.1353;17.0;0.7;121.142
1753876255.67;2.0;49.20421678;18.75500852;387.4916;42.1353;17.0;0.7;121.152
1753876255.68;2.0;49.20421679;18.75500848;387.4915;42.1353;17.0;0.7;121.176
1753876255.69;2.0;49.2042168;18.75500845;387.4909;42.1353;17.0;0.7;121.179
1753876255.7;2.0;49.20421681;18.75500842;387.4907;42.1353;17.0;0.7;121.165
1753876255.71;2.0;49.20421681;18.7550084;387.4907;42.1353;17.0;0.7;121.195
1753876255.72;2.0;49.20421682;18.75500837;387.4905;42.1353;17.0;0.7;121.211
1753876255.73;2.0;49.20421682;18.75500835;387.4897;42.1353;17.0;0.7;121.222
1753876255.74;2.0;49.20421682;18.75500833;387.4894;42.1353;17.0;0.7;121.255
1753876255.75;2.0;49.20421682;18.75500831;387.4895;42.1353;17.0;0.7;121.248
1753876255.76;2.0;49.20421683;18.75500829;387.4893;42.1353;17.0;0.7;121.248
1753876255.77;2.0;49.20421683;18.75500828;387.4896;42.1353;17.0;0.7;121.304
1753876255.78;2.0;49.20421683;18.75500826;387.4896;42.1353;17.0;0.7;121.288
1753876255.79;2.0;49.20421683;18.75500824;387.4893;42.1353;17.0;0.7;121.321
1753876255.8;2.0;49.20421683;18.75500822;387.489;42.1353;17.0;0.7;121.339
1753876255.81;2.0;49.20421684;18.75500819;387.4889;42.1353;17.0;0.7;121.347
1753876255.82;2.0;49.20421684;18.75500817;387.4892;42.1353;17.0;0.7;121.355
1753876255.83;2.0;49.20421685;18.75500814;387.4899;42.1353;17.0;0.7;121.439
1753876255.84;2.0;49.20421685;18.7550081;387.4904;42.1353;17.0;0.7;121.561
1753876255.85;2.0;49.20421686;18.75500807;387.4903;42.1353;17.0;0.7;121.627
1753876255.86;2.0;49.20421687;18.75500802;387.4902;42.1353;17.0;0.7;121.582
1753876255.87;2.0;49.20421689;18.75500797;387.4904;42.1353;17.0;0.7;121.508
1753876255.88;2.0;49.2042169;18.75500791;387.4905;42.1353;17.0;0.7;121.494
1753876255.89;2.0;49.20421692;18.75500785;387.491;42.1353;17.0;0.7;121.504
1753876255.9;2.0;49.20421693;18.75500777;387.4914;42.1353;17.0;0.7;121.476
1753876255.91;2.0;49.20421695;18.7550077;387.4918;42.1353;17.0;0.7;121.445
1753876255.92;2.0;49.20421698;18.75500761;387.4914;42.1353;17.0;0.7;121.457
1753876255.93;2.0;49.204217;18.75500752;387.4911;42.1353;17.0;0.7;121.493
1753876255.94;2.0;49.20421703;18.75500743;387.4908;42.1353;17.0;0.7;121.497
1753876255.95;2.0;49.20421705;18.75500734;387.4905;42.1353;17.0;0.7;121.514
1753876255.96;2.0;49.20421708;18.75500724;387.4899;42.1353;17.0;0.7;121.595
1753876255.97;2.0;49.2042171;18.75500715;387.4886;42.1353;17.0;0.7;121.649
1753876255.98;2.0;49.20421713;18.75500704;387.4876;42.1353;17.0;0.7;121.656
1753876255.99;2.0;49.20421716;18.75500694;387.4866;42.1353;17.0;0.7;121.599
1753876256.0;2.0;49.20421719;18.75500683;387.4861;42.1353;17.0;0.7;121.527
1753876256.01;2.0;49.20421723;18.75500672;387.4852;42.1353;17.0;0.7;121.532
1753876256.02;2.0;49.20421726;18.75500661;387.484;42.1353;17.0;0.7;121.6
1753876256.03;2.0;49.2042173;18.75500651;387.4831;42.1353;17.0;0.7;121.678
1753876256.04;2.0;49.20421733;18.7550064;387.4829;42.1353;17.0;0.7;121.732
1753876256.05;2.0;49.20421737;18.75500629;387.4833;42.1353;17.0;0.7;121.794
1753876256.06;2.0;49.20421741;18.75500618;387.4835;42.1353;17.0;0.7;121.796
1753876256.07;2.0;49.20421744;18.75500608;387.4836;42.1353;17.0;0.7;121.736
1753876256.08;2.0;49.20421748;18.75500598;387.4835;42.1353;17.0;0.7;121.701
1753876256.09;2.0;49.20421752;18.75500588;387.4839;42.1353;17.0;0.7;121.772
1753876256.1;2.0;49.20421757;18.75500578;387.4837;42.1353;17.0;0.7;121.85
1753876256.11;2.0;49.20421761;18.75500568;387.4835;42.1353;17.0;0.7;121.924
1753876256.12;2.0;49.20421765;18.75500558;387.4841;42.1353;17.0;0.7;121.987
1753876256.13;2.0;49.2042177;18.75500548;387.485;42.1353;17.0;0.7;121.976
1753876256.14;2.0;49.20421774;18.75500539;387.4856;42.1353;17.0;0.7;121.969
1753876256.15;2.0;49.20421779;18.75500529;387.4861;42.1353;17.0;0.7;121.963
1753876256.16;2.0;49.20421784;18.75500519;387.4863;42.1353;17.0;0.7;121.99
1753876256.17;2.0;49.20421788;18.7550051;387.4864;42.1353;17.0;0.7;122.004
1753876256.18;2.0;49.20421793;18.75500501;387.4864;42.1353;17.0;0.7;121.989
1753876256.19;2.0;49.20421798;18.75500491;387.4869;42.1353;17.0;0.7;122.002
1753876256.2;2.0;49.20421803;18.75500482;387.4874;42.1353;17.0;0.7;122.041
1753876256.21;2.0;49.20421807;18.75500472;387.4873;42.1353;17.0;0.7;122.068
1753876256.22;2.0;49.20421812;18.75500463;387.487;42.1353;17.0;0.7;122.047
1753876256.23;2.0;49.20421817;18.75500454;387.487;42.1353;17.0;0.7;122.047
1753876256.24;2.0;49.20421821;18.75500445;387.4864;42.1353;17.0;0.7;122.052
1753876256.25;2.0;49.20421826;18.75500435;387.4855;42.1353;17.0;0.7;122.048
1753876256.26;2.0;49.20421831;18.75500426;387.4849;42.1353;17.0;0.7;122.026
1753876256.27;2.0;49.20421836;18.75500416;387.4846;42.1353;17.0;0.7;122.016
1753876256.28;2.0;49.2042184;18.75500408;387.4846;42.1353;17.0;0.7;122.014
1753876256.29;2.0;49.20421844;18.75500399;387.4847;42.1353;17.0;0.7;122.033
1753876256.3;2.0;49.20421848;18.7550039;387.4844;42.1353;17.0;0.7;122.08
1753876256.31;2.0;49.20421852;18.75500381;387.4843;42.1353;17.0;0.7;122.101
1753876256.32;2.0;49.20421856;18.75500373;387.4847;42.1353;17.0;0.7;122.041
1753876256.33;2.0;49.20421861;18.75500363;387.485;42.1353;17.0;0.7;121.938
1753876256.34;2.0;49.20421864;18.75500354;387.4853;42.1353;17.0;0.7;121.855
1753876256.35;2.0;49.20421868;18.75500344;387.4854;42.1353;17.0;0.7;121.729
1753876256.36;2.0;49.20421872;18.75500335;387.4856;42.1353;17.0;0.7;121.604
1753876256.37;2.0;49.20421876;18.75500325;387.4859;42.1353;17.0;0.7;121.494
1753876256.38;2.0;49.20421879;18.75500316;387.4863;42.1353;17.0;0.7;121.419
1753876256.39;2.0;49.20421883;18.75500306;387.4868;42.1353;17.0;0.7;121.403
1753876256.4;2.0;49.20421887;18.75500297;387.4878;42.1353;17.0;0.7;121.391
1753876256.41;2.0;49.20421891;18.75500287;387.4891;42.1353;17.0;0.7;121.364
1753876256.42;2.0;49.20421895;18.75500278;387.4898;42.1353;17.0;0.7;121.342
1753876256.43;2.0;49.20421899;18.75500268;387.4904;42.1353;17.0;0.7;121.312
1753876256.44;2.0;49.20421904;18.75500258;387.4909;42.1353;17.0;0.7;121.316
1753876256.45;2.0;49.20421908;18.75500249;387.4915;42.1353;17.0;0.7;121.332
1753876256.46;2.0;49.20421912;18.75500239;387.4922;42.1353;17.0;0.7;121.336
1753876256.47;2.0;49.20421916;18.7550023;387.4935;42.1353;17.0;0.7;121.369
1753876256.48;2.0;49.20421921;18.75500221;387.4941;42.1353;17.0;0.7;121.316
1753876256.49;2.0;49.20421925;18.75500212;387.494;42.1353;17.0;0.7;121.262
1753876256.5;2.0;49.2042193;18.75500202;387.494;42.1353;17.0;0.7;121.273
1753876256.51;2.0;49.20421934;18.75500193;387.4934;42.1353;17.0;0.7;121.311
1753876256.52;2.0;49.20421939;18.75500184;387.4923;42.1353;17.0;0.7;121.409
1753876256.53;2.0;49.20421943;18.75500174;387.4917;42.1353;17.0;0.7;121.509
1753876256.54;2.0;49.20421948;18.75500165;387.4911;42.1353;17.0;0.7;121.574
1753876256.55;2.0;49.20421953;18.75500155;387.4909;42.1353;17.0;0.7;121.603
1753876256.56;2.0;49.20421958;18.75500145;387.4906;42.1353;17.0;0.7;121.622
1753876256.57;2.0;49.20421963;18.75500136;387.4897;42.1353;17.0;0.7;121.615
1753876256.58;2.0;49.20421967;18.75500127;387.4884;42.1353;17.0;0.7;121.608
1753876256.59;2.0;49.20421971;18.75500118;387.4877;42.1353;17.0;0.7;121.597
1753876256.6;2.0;49.20421975;18.75500109;387.487;42.1353;17.0;0.7;121.527
1753876256.61;2.0;49.20421978;18.75500102;387.4859;42.1353;17.0;0.7;121.441
1753876256.62;2.0;49.20421981;18.75500095;387.4848;42.1353;17.0;0.7;121.381
1753876256.63;2.0;49.20421983;18.75500088;387.4841;42.1353;17.0;0.7;121.333
1753876256.64;2.0;49.20421986;18.7550008;387.4835;42.1353;17.0;0.7;121.308
1753876256.65;2.0;49.20421989;18.75500073;387.483;42.1353;17.0;0.7;121.321
1753876256.66;2.0;49.20421993;18.75500066;387.4827;42.1353;17.0;0.7;121.339
1753876256.67;2.0;49.20421996;18.75500058;387.4825;42.1353;17.0;0.7;121.348
1753876256.68;2.0;49.20421999;18.75500051;387.4824;42.1353;17.0;0.7;121.352
1753876256.69;2.0;49.20422002;18.75500044;387.4824;42.1353;17.0;0.7;121.387
1753876256.7;2.0;49.20422004;18.75500038;387.4829;42.1353;17.0;0.7;121.467
1753876256.71;2.0;49.20422008;18.75500031;387.4833;42.1353;17.0;0.7;121.589
1753876256.72;2.0;49.2042201;18.75500024;387.4838;42.1353;17.0;0.7;121.633
1753876256.73;2.0;49.20422013;18.75500016;387.4847;42.1353;17.0;0.7;121.623
1753876256.74;2.0;49.20422016;18.7550001;387.4852;42.1353;17.0;0.7;121.608
1753876256.75;2.0;49.20422018;18.75500003;387.4857;42.1353;17.0;0.7;121.597
1753876256.76;2.0;49.2042202;18.75499996;387.4862;42.1353;17.0;0.7;121.548
1753876256.77;2.0;49.20422023;18.75499989;387.4861;42.1353;17.0;0.7;121.528
1753876256.78;2.0;49.20422025;18.75499982;387.4864;42.1353;17.0;0.7;121.536
1753876256.79;2.0;49.20422027;18.75499976;387.4868;42.1353;17.0;0.7;121.466
1753876256.8;2.0;49.2042203;18.7549997;387.4871;42.1353;17.0;0.7;121.364
1753876256.81;2.0;49.20422032;18.75499964;387.4872;42.1353;17.0;0.7;121.259
1753876256.82;2.0;49.20422034;18.75499958;387.487;42.1353;17.0;0.7;121.229
1753876256.83;2.0;49.20422036;18.75499952;387.4869;42.1353;17.0;0.7;121.206
1753876256.84;2.0;49.20422038;18.75499947;387.487;42.1353;17.0;0.7;121.217
1753876256.85;2.0;49.2042204;18.75499942;387.4874;42.1353;17.0;0.7;121.247
1753876256.86;2.0;49.20422042;18.75499936;387.4873;42.1353;17.0;0.7;121.235
1753876256.87;2.0;49.20422044;18.75499932;387.4872;42.1353;17.0;0.7;121.175
1753876256.88;2.0;49.20422045;18.75499929;387.487;42.1353;17.0;0.7;121.134
1753876256.89;2.0;49.20422046;18.75499925;387.4869;42.1353;17.0;0.7;121.082
1753876256.9;2.0;49.20422048;18.75499922;387.487;42.1353;17.0;0.7;121.028
1753876256.91;2.0;49.20422049;18.75499919;387.4873;42.1353;17.0;0.7;120.963
1753876256.92;2.0;49.2042205;18.75499916;387.488;42.1353;17.0;0.7;120.946
1753876256.93;2.0;49.20422052;18.75499913;387.4885;42.1353;17.0;0.7;120.998
1753876256.94;2.0;49.20422052;18.75499911;387.4882;42.1353;17.0;0.7;121.088
1753876256.95;2.0;49.20422053;18.75499909;387.4877;42.1353;17.0;0.7;121.106
1753876256.96;2.0;49.20422054;18.75499907;387.4875;42.1353;17.0;0.7;121.112
1753876256.97;2.0;49.20422055;18.75499905;387.4874;42.1353;17.0;0.7;121.122
1753876256.98;2.0;49.20422056;18.75499904;387.4875;42.1353;17.0;0.7;121.16
1753876256.99;2.0;49.20422057;18.75499903;387.4869;42.1353;17.0;0.7;121.24
1753876257.0;2.0;49.20422058;18.75499902;387.4865;42.1353;17.0;0.7;121.309
1753876257.01;2.0;49.20422058;18.75499902;387.4859;42.1353;17.0;0.7;121.291
1753876257.02;2.0;49.20422058;18.75499901;387.4854;42.1353;17.0;0.7;121.35
1753876257.03;2.0;49.20422059;18.75499901;387.4853;42.1353;17.0;0.7;121.405
1753876257.04;2.0;49.20422059;18.75499902;387.4855;42.1353;17.0;0.7;121.425
1753876257.05;2.0;49.20422059;18.75499902;387.4853;42.1353;17.0;0.7;121.444
1753876257.06;2.0;49.20422059;18.75499902;387.4844;42.1353;17.0;0.7;121.503
1753876257.07;2.0;49.20422058;18.75499903;387.4836;42.1353;17.0;0.7;121.594
1753876257.08;2.0;49.20422058;18.75499904;387.4834;42.1353;17.0;0.7;121.634
1753876257.09;2.0;49.20422058;18.75499905;387.4835;42.1353;17.0;0.7;121.657
1753876257.1;2.0;49.20422057;18.75499906;387.4837;42.1353;17.0;0.7;121.613
1753876257.11;2.0;49.20422057;18.75499908;387.483;42.1353;17.0;0.7;121.605
1753876257.12;2.0;49.20422056;18.7549991;387.4816;42.1353;17.0;0.7;121.643
1753876257.13;2.0;49.20422055;18.75499913;387.4814;42.1353;17.0;0.7;121.64
1753876257.14;2.0;49.20422054;18.75499915;387.4814;42.1353;17.0;0.7;121.605
1753876257.15;2.0;49.20422053;18.75499917;387.4812;42.1353;17.0;0.7;121.626
1753876257.16;2.0;49.20422052;18.75499919;387.4811;42.1353;17.0;0.7;121.621
1753876257.17;2.0;49.20422051;18.75499922;387.4811;42.1353;17.0;0.7;121.603
1753876257.18;2.0;49.20422049;18.75499925;387.4803;42.1353;17.0;0.7;121.645
1753876257.19;2.0;49.20422048;18.75499927;387.4799;42.1353;17.0;0.7;121.637
1753876257.2;2.0;49.20422046;18.7549993;387.4794;42.1353;17.0;0.7;121.598
1753876257.21;2.0;49.20422045;18.75499933;387.4793;42.1353;17.0;0.7;121.562
1753876257.22;2.0;49.20422044;18.75499935;387.4796;42.1353;17.0;0.7;121.56
1753876257.23;2.0;49.20422044;18.75499939;387.4801;42.1353;17.0;0.7;121.538
1753876257.24;2.0;49.20422043;18.75499942;387.4806;42.1353;17.0;0.7;121.566
1753876257.25;2.0;49.20422043;18.75499944;387.4809;42.1353;17.0;0.7;121.624
1753876257.26;2.0;49.20422042;18.75499946;387.4806;42.1353;17.0;0.7;121.716
1753876257.27;2.0;49.20422041;18.75499947;387.4797;42.1353;17.0;0.7;121.814
1753876257.28;2.0;49.2042204;18.75499949;387.4793;42.1353;17.0;0.7;121.83
1753876257.29;2.0;49.2042204;18.75499951;387.479;42.1353;17.0;0.7;121.895
1753876257.3;2.0;49.20422039;18.75499952;387.4788;42.1353;17.0;0.7;121.93
1753876257.31;2.0;49.20422039;18.75499953;387.4784;42.1353;17.0;0.7;121.871
1753876257.32;2.0;49.20422038;18.75499954;387.478;42.1353;17.0;0.7;121.866
1753876257.33;2.0;49.20422038;18.75499954;387.4774;42.1353;17.0;0.7;121.861
1753876257.34;2.0;49.20422037;18.75499953;387.4772;42.1353;17.0;0.7;121.881
1753876257.35;2.0;49.20422038;18.75499952;387.4768;42.1353;17.0;0.7;121.909
1753876257.36;2.0;49.20422038;18.75499951;387.4776;42.1353;17.0;0.7;121.873
1753876257.37;2.0;49.20422039;18.75499948;387.4777;42.1353;17.0;0.7;121.748
1753876257.38;2.0;49.2042204;18.75499946;387.4771;42.1353;17.0;0.7;121.725
1753876257.39;2.0;49.20422042;18.75499943;387.4766;42.1353;17.0;0.7;121.76
1753876257.4;2.0;49.20422043;18.75499939;387.4765;42.1353;17.0;0.7;121.82
1753876257.41;2.0;49.20422045;18.75499935;387.4758;42.1353;17.0;0.7;121.842
1753876257.42;2.0;49.20422047;18.75499931;387.4746;42.1353;17.0;0.7;121.823
1753876257.43;2.0;49.2042205;18.75499927;387.4739;42.1353;17.0;0.7;121.886
1753876257.44;2.0;49.20422052;18.75499924;387.4734;42.1353;17.0;0.7;121.948
1753876257.45;2.0;49.20422054;18.7549992;387.4732;42.1353;17.0;0.7;121.915
1753876257.46;2.0;49.20422056;18.75499916;387.4724;42.1353;17.0;0.7;121.876
1753876257.47;2.0;49.20422059;18.75499912;387.4713;42.1353;17.0;0.7;121.892
1753876257.48;2.0;49.20422061;18.75499908;387.4711;42.1353;17.0;0.7;121.911
1753876257.49;2.0;49.20422062;18.75499904;387.4709;42.1353;17.0;0.7;121.826
1753876257.5;2.0;49.20422064;18.75499901;387.471;42.1353;17.0;0.7;121.737
1753876257.51;2.0;49.20422065;18.75499897;387.4711;42.1353;17.0;0.7;121.644
1753876257.52;2.0;49.20422066;18.75499895;387.4713;42.1353;17.0;0.7;121.599
1753876257.53;2.0;49.20422068;18.75499892;387.471;42.1353;17.0;0.7;121.58
1753876257.54;2.0;49.20422069;18.75499889;387.4704;42.1353;17.0;0.7;121.618
1753876257.55;2.0;49.2042207;18.75499887;387.4699;42.1353;17.0;0.7;121.642
1753876257.56;2.0;49.20422071;18.75499885;387.4703;42.1353;17.0;0.7;121.622
1753876257.57;2.0;49.20422072;18.75499883;387.4705;42.1353;17.0;0.7;121.571
1753876257.58;2.0;49.20422073;18.75499881;387.4706;42.1353;17.0;0.7;121.567
1753876257.59;2.0;49.20422075;18.75499879;387.4707;42.1353;17.0;0.7;121.555
1753876257.6;2.0;49.20422076;18.75499876;387.471;42.1353;17.0;0.7;121.463
1753876257.61;2.0;49.20422077;18.75499874;387.4707;42.1353;17.0;0.7;121.387
1753876257.62;2.0;49.20422078;18.75499871;387.47;42.1353;17.0;0.7;121.317
1753876257.63;2.0;49.20422079;18.75499869;387.4692;42.1353;17.0;0.7;121.326
1753876257.64;2.0;49.20422081;18.75499866;387.4688;42.1353;17.0;0.7;121.323
1753876257.65;2.0;49.20422083;18.75499863;387.4682;42.1353;17.0;0.7;121.313
1753876257.66;2.0;49.20422084;18.75499861;387.4671;42.1353;17.0;0.7;121.297
1753876257.67;2.0;49.20422086;18.75499857;387.4662;42.1353;17.0;0.7;121.354
1753876257.68;2.0;49.20422088;18.75499854;387.4656;42.1353;17.0;0.7;121.382
1753876257.69;2.0;49.2042209;18.75499851;387.4649;42.1353;17.0;0.7;121.387
1753876257.7;2.0;49.20422092;18.75499848;387.4646;42.1353;17.0;0.7;121.341
1753876257.71;2.0;49.20422094;18.75499844;387.4648;42.1353;17.0;0.7;121.3
1753876257.72;2.0;49.20422095;18.75499841;387.4647;42.1353;17.0;0.7;121.266
1753876257.73;2.0;49.20422097;18.75499838;387.4646;42.1353;17.0;0.7;121.296
1753876257.74;2.0;49.20422099;18.75499835;387.4644;42.1353;17.0;0.7;121.302
1753876257.75;2.0;49.20422101;18.75499831;387.464;42.1353;17.0;0.7;121.275
1753876257.76;2.0;49.20422103;18.75499827;387.4639;42.1353;17.0;0.7;121.267
1753876257.77;2.0;49.20422104;18.75499823;387.4627;42.1353;17.0;0.7;121.269
1753876257.78;2.0;49.20422106;18.75499819;387.4611;42.1353;17.0;0.7;121.273
1753876257.79;2.0;49.20422108;18.75499814;387.4601;42.1353;17.0;0.7;121.286
1753876257.8;2.0;49.20422111;18.7549981;387.4594;42.1353;17.0;0.7;121.324
1753876257.81;2.0;49.20422113;18.75499805;387.4586;42.1353;17.0;0.7;121.305
1753876257.82;2.0;49.20422115;18.754998;387.4581;42.1353;17.0;0.7;121.307
1753876257.83;2.0;49.20422118;18.75499795;387.4581;42.1353;17.0;0.7;121.344
1753876257.84;2.0;49.2042212;18.75499791;387.4579;42.1353;17.0;0.7;121.335
1753876257.85;2.0;49.20422123;18.75499786;387.4578;42.1353;17.0;0.7;121.334
1753876257.86;2.0;49.20422125;18.75499781;387.4576;42.1353;17.0;0.7;121.342
1753876257.87;2.0;49.20422128;18.75499776;387.4572;42.1353;17.0;0.7;121.353
1753876257.88;2.0;49.2042213;18.75499771;387.4568;42.1353;17.0;0.7;121.399
1753876257.89;2.0;49.20422133;18.75499766;387.4568;42.1353;17.0;0.7;121.469
1753876257.9;2.0;49.20422135;18.75499761;387.4567;42.1353;17.0;0.7;121.551
1753876257.91;2.0;49.20422138;18.75499757;387.4574;42.1353;17.0;0.7;121.66
1753876257.92;2.0;49.2042214;18.75499752;387.458;42.1353;17.0;0.7;121.71
1753876257.93;2.0;49.20422143;18.75499747;387.4574;42.1353;17.0;0.7;121.732
1753876257.94;2.0;49.20422146;18.75499743;387.4568;42.1353;17.0;0.7;121.752
1753876257.95;2.0;49.20422148;18.75499738;387.4564;42.1353;17.0;0.7;121.778
1753876257.96;2.0;49.20422151;18.75499734;387.4561;42.1353;17.0;0.7;121.821
1753876257.97;2.0;49.20422154;18.75499729;387.4555;42.1353;17.0;0.7;121.783
1753876257.98;2.0;49.20422156;18.75499725;387.4552;42.1353;17.0;0.7;121.775
1753876257.99;2.0;49.20422159;18.75499721;387.4547;42.1353;17.0;0.7;121.758
1753876258.0;2.0;49.20422161;18.75499717;387.4539;42.1353;17.0;0.7;121.725
1753876258.01;2.0;49.20422164;18.75499713;387.4531;42.1353;17.0;0.7;121.73
1753876258.02;2.0;49.20422166;18.7549971;387.4524;42.1353;17.0;0.7;121.735
1753876258.03;2.0;49.20422168;18.75499706;387.452;42.1353;17.0;0.7;121.727
1753876258.04;2.0;49.2042217;18.75499703;387.452;42.1353;17.0;0.7;121.729
1753876258.05;2.0;49.20422172;18.75499699;387.4513;42.1353;17.0;0.7;121.683
1753876258.06;2.0;49.20422174;18.75499695;387.4504;42.1353;17.0;0.7;121.683
1753876258.07;2.0;49.20422175;18.75499692;387.4499;42.1353;17.0;0.7;121.717
1753876258.08;2.0;49.20422177;18.75499688;387.449;42.1353;17.0;0.7;121.727
1753876258.09;2.0;49.20422179;18.75499685;387.4478;42.1353;17.0;0.7;121.728
1753876258.1;2.0;49.2042218;18.75499682;387.4469;42.1353;17.0;0.7;121.757
1753876258.11;2.0;49.20422182;18.75499678;387.4463;42.1353;17.0;0.7;121.799
1753876258.12;2.0;49.20422184;18.75499674;387.4457;42.1353;17.0;0.7;121.807
1753876258.13;2.0;49.20422186;18.75499672;387.445;42.1353;17.0;0.7;121.805
1753876258.14;2.0;49.20422187;18.75499669;387.4441;42.1353;17.0;0.7;121.778
1753876258.15;2.0;49.20422189;18.75499666;387.4435;42.1353;17.0;0.7;121.749
1753876258.16;2.0;49.2042219;18.75499664;387.4429;42.1353;17.0;0.7;121.689
1753876258.17;2.0;49.20422191;18.75499662;387.4422;42.1353;17.0;0.7;121.588
1753876258.18;2.0;49.20422192;18.75499661;387.4416;42.1353;17.0;0.7;121.524
1753876258.19;2.0;49.20422193;18.7549966;387.4415;42.1353;17.0;0.7;121.524
1753876258.2;2.0;49.20422193;18.75499659;387.4414;42.1353;17.0;0.7;121.489
1753876258.21;2.0;49.20422194;18.75499659;387.4412;42.1353;17.0;0.7;121.459
1753876258.22;2.0;49.20422195;18.7549966;387.4414;42.1353;17.0;0.7;121.479
1753876258.23;2.0;49.20422195;18.7549966;387.4413;42.1353;17.0;0.7;121.547
1753876258.24;2.0;49.20422195;18.75499661;387.4409;42.1353;17.0;0.7;121.586
1753876258.25;2.0;49.20422195;18.75499662;387.4412;42.1353;17.0;0.7;121.601
1753876258.26;2.0;49.20422195;18.75499663;387.4417;42.1353;17.0;0.7;121.505
1753876258.27;2.0;49.20422196;18.75499664;387.4411;42.1353;17.0;0.7;121.471
1753876258.28;2.0;49.20422196;18.75499665;387.4402;42.1353;17.0;0.7;121.413
1753876258.29;2.0;49.20422196;18.75499666;387.4397;42.1353;17.0;0.7;121.377
1753876258.3;2.0;49.20422196;18.75499668;387.44;42.1353;17.0;0.7;121.391
1753876258.31;2.0;49.20422196;18.75499669;387.4404;42.1353;17.0;0.7;121.369
1753876258.32;2.0;49.20422196;18.7549967;387.4402;42.1353;17.0;0.7;121.364
1753876258.33;2.0;49.20422197;18.75499671;387.4397;42.1353;17.0;0.7;121.395
1753876258.34;2.0;49.20422197;18.75499672;387.439;42.1353;17.0;0.7;121.398
1753876258.35;2.0;49.20422197;18.75499673;387.4388;42.1353;17.0;0.7;121.351
1753876258.36;2.0;49.20422198;18.75499673;387.439;42.1353;17.0;0.7;121.403
1753876258.37;2.0;49.20422198;18.75499674;387.4389;42.1353;17.0;0.7;121.468
1753876258.38;2.0;49.20422198;18.75499674;387.4378;42.1353;17.0;0.7;121.529
1753876258.39;2.0;49.20422199;18.75499673;387.4373;42.1353;17.0;0.7;121.581
1753876258.4;2.0;49.20422199;18.75499673;387.4375;42.1353;17.0;0.7;121.641
1753876258.41;2.0;49.204222;18.75499672;387.437;42.1353;17.0;0.7;121.71
1753876258.42;2.0;49.20422201;18.75499671;387.4364;42.1353;17.0;0.7;121.765
1753876258.43;2.0;49.20422202;18.7549967;387.4363;42.1353;17.0;0.7;121.787
1753876258.44;2.0;49.20422203;18.75499668;387.4365;42.1353;17.0;0.7;121.795
1753876258.45;2.0;49.20422204;18.75499667;387.4371;42.1353;17.0;0.7;121.781
1753876258.46;2.0;49.20422204;18.75499666;387.4373;42.1353;17.0;0.7;121.743
1753876258.47;2.0;49.20422205;18.75499664;387.4372;42.1353;17.0;0.7;121.749
1753876258.48;2.0;49.20422206;18.75499663;387.437;42.1353;17.0;0.7;121.766
1753876258.49;2.0;49.20422207;18.7549966;387.4362;42.1353;17.0;0.7;121.785
1753876258.5;2.0;49.20422208;18.75499659;387.4358;42.1353;17.0;0.7;121.749
1753876258.51;2.0;49.20422209;18.75499657;387.4346;42.1353;17.0;0.7;121.705
1753876258.52;2.0;49.2042221;18.75499656;387.4347;42.1353;17.0;0.7;121.643
1753876258.53;2.0;49.20422211;18.75499655;387.434;42.1353;17.0;0.7;121.6
1753876258.54;2.0;49.20422212;18.75499654;387.4336;42.1353;17.0;0.7;121.602
1753876258.55;2.0;49.20422213;18.75499652;387.4336;42.1353;17.0;0.7;121.646
1753876258.56;2.0;49.20422214;18.7549965;387.4331;42.1353;17.0;0.7;121.61
1753876258.57;2.0;49.20422215;18.75499648;387.4327;42.1353;17.0;0.7;121.607
1753876258.58;2.0;49.20422216;18.75499647;387.4326;42.1353;17.0;0.7;121.592
1753876258.59;2.0;49.20422216;18.75499647;387.4323;42.1353;17.0;0.7;121.518
1753876258.6;2.0;49.20422217;18.75499646;387.4318;42.1353;17.0;0.7;121.477
1753876258.61;2.0;49.20422217;18.75499646;387.4311;42.1353;17.0;0.7;121.568
1753876258.62;2.0;49.20422217;18.75499646;387.4304;42.1353;17.0;0.7;121.643
1753876258.63;2.0;49.20422217;18.75499646;387.4297;42.1353;17.0;0.7;121.651
1753876258.64;2.0;49.20422216;18.75499646;387.4298;42.1353;17.0;0.7;121.625
1753876258.65;2.0;49.20422216;18.75499646;387.4305;42.1353;17.0;0.7;121.586
1753876258.66;2.0;49.20422216;18.75499646;387.4308;42.1353;17.0;0.7;121.543
1753876258.67;2.0;49.20422215;18.75499646;387.4307;42.1353;17.0;0.7;121.535
1753876258.68;2.0;49.20422214;18.75499646;387.4302;42.1353;17.0;0.7;121.53
1753876258.69;2.0;49.20422214;18.75499646;387.4301;42.1353;17.0;0.7;121.507
1753876258.7;2.0;49.20422213;18.75499646;387.4301;42.1353;17.0;0.7;121.443
1753876258.71;2.0;49.20422212;18.75499646;387.4297;42.1353;17.0;0.7;121.405
1753876258.72;2.0;49.2042221;18.75499646;387.4299;42.1353;17.0;0.7;121.441
1753876258.73;2.0;49.20422208;18.75499646;387.4298;42.1353;17.0;0.7;121.495
1753876258.74;2.0;49.20422207;18.75499646;387.4295;42.1353;17.0;0.7;121.458
1753876258.75;2.0;49.20422205;18.75499645;387.4293;42.1353;17.0;0.7;121.397
1753876258.76;2.0;49.20422204;18.75499644;387.4286;42.1353;17.0;0.7;121.383
1753876258.77;2.0;49.20422201;18.75499643;387.4283;42.1353;17.0;0.7;121.406
1753876258.78;2.0;49.20422199;18.75499643;387.4283;42.1353;17.0;0.7;121.42
1753876258.79;2.0;49.20422197;18.75499641;387.4289;42.1353;17.0;0.7;121.335
1753876258.8;2.0;49.20422194;18.7549964;387.4292;42.1353;17.0;0.7;121.176
1753876258.81;2.0;49.20422191;18.75499638;387.4293;42.1353;17.0;0.7;121.04
1753876258.82;2.0;49.20422189;18.75499636;387.429;42.1353;17.0;0.7;120.949
1753876258.83;2.0;49.20422186;18.75499634;387.4293;42.1353;17.0;0.7;120.904
1753876258.84;2.0;49.20422183;18.75499632;387.4298;42.1353;17.0;0.7;120.912
1753876258.85;2.0;49.2042218;18.75499629;387.4304;42.1353;17.0;0.7;120.844
1753876258.86;2.0;49.20422175;18.75499626;387.4305;42.1353;17.0;0.7;120.742
1753876258.87;2.0;49.20422171;18.75499624;387.4306;42.1353;17.0;0.7;120.633
1753876258.88;2.0;49.20422167;18.75499621;387.43;42.1353;17.0;0.7;120.584
1753876258.89;2.0;49.20422163;18.75499618;387.4298;42.1353;17.0;0.7;120.606
1753876258.9;2.0;49.20422159;18.75499614;387.4295;42.1353;17.0;0.7;120.63
1753876258.91;2.0;49.20422155;18.75499611;387.4291;42.1353;17.0;0.7;120.717
1753876258.92;2.0;49.20422151;18.75499608;387.4281;42.1353;17.0;0.7;120.811
1753876258.93;2.0;49.20422147;18.75499604;387.4268;42.1353;17.0;0.7;120.946
1753876258.94;2.0;49.20422142;18.75499601;387.4259;42.1353;17.0;0.7;121.066
1753876258.95;2.0;49.20422137;18.75499597;387.4245;42.1353;17.0;0.7;121.12
1753876258.96;2.0;49.20422132;18.75499593;387.4231;42.1353;17.0;0.7;121.199
1753876258.97;2.0;49.20422127;18.75499589;387.4224;42.1353;17.0;0.7;121.308
1753876258.98;2.0;49.20422121;18.75499584;387.4218;42.1353;17.0;0.7;121.37
1753876258.99;2.0;49.20422116;18.7549958;387.421;42.1353;17.0;0.7;121.432
1753876259.0;2.0;49.20422111;18.75499575;387.4205;42.1353;17.0;0.7;121.481
1753876259.01;2.0;49.20422106;18.7549957;387.4198;42.1353;17.0;0.7;121.548
1753876259.02;2.0;49.204221;18.75499565;387.4194;42.1353;17.0;0.7;121.57
1753876259.03;2.0;49.20422095;18.7549956;387.4191;42.1353;17.0;0.7;121.599
1753876259.04;2.0;49.20422089;18.75499555;387.419;42.1353;17.0;0.7;121.591
1753876259.05;2.0;49.20422084;18.7549955;387.4187;42.1353;17.0;0.7;121.646
1753876259.06;2.0;49.20422079;18.75499545;387.4185;42.1353;17.0;0.7;121.652
1753876259.07;2.0;49.20422073;18.75499539;387.4184;42.1353;17.0;0.7;121.67
1753876259.08;2.0;49.20422067;18.75499533;387.4181;42.1353;17.0;0.7;121.671
1753876259.09;2.0;49.20422061;18.75499528;387.4179;42.1353;17.0;0.7;121.651
1753876259.1;2.0;49.20422055;18.75499523;387.4179;42.1353;17.0;0.7;121.645
1753876259.11;2.0;49.20422049;18.75499518;387.4176;42.1353;17.0;0.7;121.671
1753876259.12;2.0;49.20422042;18.75499512;387.4174;42.1353;17.0;0.7;121.747
1753876259.13;2.0;49.20422035;18.75499506;387.4174;42.1353;17.0;0.7;121.798
1753876259.14;2.0;49.20422028;18.75499501;387.4171;42.1353;17.0;0.7;121.794
1753876259.15;2.0;49.20422021;18.75499496;387.4179;42.1353;17.0;0.7;121.751
1753876259.16;2.0;49.20422014;18.75499491;387.4191;42.1353;17.0;0.7;121.666
1753876259.17;2.0;49.20422007;18.75499487;387.4205;42.1353;17.0;0.7;121.569
1753876259.18;2.0;49.20422;18.75499482;387.4217;42.1353;17.0;0.7;121.561
1753876259.19;2.0;49.20421993;18.75499478;387.4225;42.1353;17.0;0.7;121.594
1753876259.2;2.0;49.20421985;18.75499474;387.4225;42.1353;17.0;0.7;121.629
1753876259.21;2.0;49.20421978;18.7549947;387.4222;42.1353;17.0;0.7;121.657
1753876259.22;2.0;49.20421971;18.75499466;387.4218;42.1353;17.0;0.7;121.696
1753876259.23;2.0;49.20421963;18.75499462;387.4217;42.1353;17.0;0.7;121.743
1753876259.24;2.0;49.20421955;18.75499458;387.4213;42.1353;17.0;0.7;121.806
1753876259.25;2.0;49.20421947;18.75499455;387.4211;42.1353;17.0;0.7;121.904
1753876259.26;2.0;49.2042194;18.75499451;387.4208;42.1353;17.0;0.7;121.941
1753876259.27;2.0;49.20421932;18.75499446;387.4201;42.1353;17.0;0.7;121.923
1753876259.28;2.0;49.20421923;18.75499442;387.4197;42.1353;17.0;0.7;121.812
1753876259.29;2.0;49.20421915;18.75499438;387.4198;42.1353;17.0;0.7;121.646
1753876259.3;2.0;49.20421908;18.75499434;387.4198;42.1353;17.0;0.7;121.445
1753876259.31;2.0;49.204219;18.7549943;387.4199;42.1353;17.0;0.7;121.365
1753876259.32;2.0;49.20421892;18.75499425;387.4199;42.1353;17.0;0.7;121.276
1753876259.33;2.0;49.20421884;18.75499421;387.4199;42.1353;17.0;0.7;121.184
1753876259.34;2.0;49.20421877;18.75499418;387.4199;42.1353;17.0;0.7;121.113
1753876259.35;2.0;49.20421869;18.75499414;387.4195;42.1353;17.0;0.7;121.1
1753876259.36;2.0;49.20421861;18.75499411;387.4189;42.1353;17.0;0.7;121.187
1753876259.37;2.0;49.20421854;18.75499408;387.418;42.1353;17.0;0.7;121.205
1753876259.38;2.0;49.20421846;18.75499404;387.4169;42.1353;17.0;0.7;121.234
1753876259.39;2.0;49.20421838;18.754994;387.4158;42.1353;17.0;0.7;121.237
1753876259.4;2.0;49.20421831;18.75499396;387.4151;42.1353;17.0;0.7;121.217
1753876259.41;2.0;49.20421823;18.75499392;387.4148;42.1353;17.0;0.7;121.193
1753876259.42;2.0;49.20421816;18.75499388;387.415;42.1353;17.0;0.7;121.168
1753876259.43;2.0;49.20421809;18.75499384;387.4155;42.1353;17.0;0.7;121.122
1753876259.44;2.0;49.20421802;18.7549938;387.4157;42.1353;16.0;0.8;121.054
1753876259.45;2.0;49.20421795;18.75499376;387.4159;42.1353;16.0;0.8;121.046
1753876259.46;2.0;49.20421788;18.75499372;387.4164;42.1353;16.0;0.8;121.109
1753876259.47;2.0;49.20421781;18.75499368;387.4168;42.1353;16.0;0.8;121.19
1753876259.48;2.0;49.20421775;18.75499363;387.4166;42.1353;16.0;0.8;121.311
1753876259.49;2.0;49.20421768;18.75499359;387.4162;42.1353;16.0;0.8;121.454
1753876259.5;2.0;49.20421762;18.75499355;387.4157;42.1353;16.0;0.8;121.573
1753876259.51;2.0;49.20421755;18.7549935;387.4155;42.1353;16.0;0.8;121.656
1753876259.52;2.0;49.20421749;18.75499346;387.4152;42.1353;16.0;0.8;121.649
1753876259.53;2.0;49.20421741;18.75499341;387.4147;42.1353;16.0;0.8;121.602
1753876259.54;2.0;49.20421734;18.75499337;387.4142;42.1353;16.0;0.8;121.497
1753876259.55;2.0;49.20421727;18.75499332;387.4138;42.1353;16.0;0.8;121.377
1753876259.56;2.0;49.20421719;18.75499328;387.4131;42.1353;16.0;0.8;121.299
1753876259.57;2.0;49.20421712;18.75499323;387.4127;42.1353;16.0;0.8;121.235
1753876259.58;2.0;49.20421705;18.75499319;387.4123;42.1353;17.0;0.7;121.198
1753876259.59;2.0;49.20421698;18.75499314;387.4124;42.1353;17.0;0.7;121.156
1753876259.6;2.0;49.20421691;18.7549931;387.4123;42.1353;17.0;0.7;121.163
1753876259.61;2.0;49.20421684;18.75499306;387.4125;42.1353;17.0;0.7;121.229
1753876259.62;2.0;49.20421676;18.75499302;387.4125;42.1353;17.0;0.7;121.271
1753876259.63;2.0;49.20421669;18.75499297;387.4118;42.1353;17.0;0.7;121.35
1753876259.64;2.0;49.20421662;18.75499293;387.4115;42.1353;17.0;0.7;121.559
1753876259.65;2.0;49.20421655;18.75499288;387.4115;42.1353;17.0;0.7;121.757
1753876259.66;2.0;49.20421649;18.75499283;387.4114;42.1353;17.0;0.7;121.836
1753876259.67;2.0;49.20421641;18.75499278;387.4116;42.1353;17.0;0.7;121.87
1753876259.68;2.0;49.20421634;18.75499273;387.4115;42.1353;17.0;0.7;121.894
1753876259.69;2.0;49.20421628;18.75499268;387.4106;42.1353;17.0;0.7;121.894
1753876259.7;2.0;49.2042162;18.75499262;387.4098;42.1353;17.0;0.7;121.899
1753876259.71;2.0;49.20421614;18.75499257;387.4091;42.1353;17.0;0.7;121.904
1753876259.72;2.0;49.20421607;18.75499251;387.4088;42.1353;17.0;0.7;121.911
1753876259.73;2.0;49.204216;18.75499246;387.4083;42.1353;17.0;0.7;121.835
1753876259.74;2.0;49.20421593;18.75499242;387.4081;42.1353;17.0;0.7;121.748
1753876259.75;2.0;49.20421586;18.75499237;387.4078;42.1353;17.0;0.7;121.672
1753876259.76;2.0;49.20421578;18.75499232;387.4073;42.1353;17.0;0.7;121.658
1753876259.77;2.0;49.20421571;18.75499227;387.4067;42.1353;17.0;0.7;121.699
1753876259.78;2.0;49.20421563;18.75499222;387.407;42.1353;17.0;0.7;121.716
1753876259.79;2.0;49.20421556;18.75499217;387.4077;42.1353;17.0;0.7;121.693
1753876259.8;2.0;49.20421549;18.75499212;387.4084;42.1353;17.0;0.7;121.589
1753876259.81;2.0;49.20421541;18.75499206;387.4094;42.1353;17.0;0.7;121.478
1753876259.82;2.0;49.20421533;18.75499201;387.4102;42.1353;17.0;0.7;121.367
1753876259.83;2.0;49.20421526;18.75499196;387.4111;42.1353;17.0;0.7;121.26
1753876259.84;2.0;49.20421519;18.7549919;387.4112;42.1353;17.0;0.7;121.153
1753876259.85;2.0;49.20421512;18.75499185;387.4114;42.1353;17.0;0.7;121.103
1753876259.86;2.0;49.20421506;18.7549918;387.4115;42.1353;17.0;0.7;121.097
1753876259.87;2.0;49.20421499;18.75499175;387.4115;42.1353;17.0;0.7;121.148
1753876259.88;2.0;49.20421493;18.75499171;387.4116;42.1353;17.0;0.7;121.248
1753876259.89;2.0;49.20421486;18.75499166;387.4117;42.1353;17.0;0.7;121.305
1753876259.9;2.0;49.20421479;18.75499161;387.412;42.1353;17.0;0.7;121.316
1753876259.91;2.0;49.20421473;18.75499157;387.4117;42.1353;17.0;0.7;121.298
1753876259.92;2.0;49.20421466;18.75499152;387.4116;42.1353;17.0;0.7;121.274
1753876259.93;2.0;49.20421459;18.75499148;387.4118;42.1353;17.0;0.7;121.27
1753876259.94;2.0;49.20421451;18.75499143;387.4123;42.1353;17.0;0.7;121.246
1753876259.95;2.0;49.20421444;18.75499138;387.4126;42.1353;17.0;0.7;121.195
1753876259.96;2.0;49.20421437;18.75499133;387.4126;42.1353;17.0;0.7;121.085
1753876259.97;2.0;49.2042143;18.75499128;387.4126;42.1353;17.0;0.7;121.031
1753876259.98;2.0;49.20421423;18.75499123;387.4124;42.1353;17.0;0.7;121.045
1753876259.99;2.0;49.20421416;18.75499118;387.4122;42.1353;17.0;0.7;121.089
1753876260.0;2.0;49.20421409;18.75499113;387.412;42.1353;17.0;0.7;121.132
1753876260.01;2.0;49.20421402;18.75499109;387.4124;42.1353;17.0;0.7;121.143
1753876260.02;2.0;49.20421396;18.75499103;387.4132;42.1353;17.0;0.7;121.133
1753876260.03;2.0;49.20421389;18.75499099;387.4137;42.1353;17.0;0.7;121.148
1753876260.04;2.0;49.20421382;18.75499094;387.4144;42.1353;17.0;0.7;121.173
1753876260.05;2.0;49.20421375;18.75499089;387.4147;42.1353;17.0;0.7;121.186
1753876260.06;2.0;49.20421368;18.75499084;387.4144;42.1353;17.0;0.7;121.171
1753876260.07;2.0;49.20421361;18.75499079;387.4139;42.1353;17.0;0.7;121.19
1753876260.08;2.0;49.20421354;18.75499073;387.4137;42.1353;17.0;0.7;121.242
1753876260.09;2.0;49.20421348;18.75499067;387.4138;42.1353;17.0;0.7;121.278
1753876260.1;2.0;49.20421341;18.75499061;387.4139;42.1353;17.0;0.7;121.307
1753876260.11;2.0;49.20421335;18.75499055;387.4144;42.1353;17.0;0.7;121.353
1753876260.12;2.0;49.20421328;18.75499049;387.4156;42.1353;17.0;0.7;121.431
1753876260.13;2.0;49.20421321;18.75499043;387.4171;42.1353;17.0;0.7;121.485
1753876260.14;2.0;49.20421314;18.75499037;387.4184;42.1353;17.0;0.7;121.434
1753876260.15;2.0;49.20421308;18.75499031;387.4194;42.1353;17.0;0.7;121.41
1753876260.16;2.0;49.20421302;18.75499025;387.4199;42.1353;17.0;0.7;121.416
1753876260.17;2.0;49.20421295;18.75499019;387.4198;42.1353;17.0;0.7;121.426
1753876260.18;2.0;49.20421288;18.75499013;387.4202;42.1353;17.0;0.7;121.479
1753876260.19;2.0;49.20421281;18.75499007;387.4208;42.1353;17.0;0.7;121.518
1753876260.2;2.0;49.20421274;18.75499001;387.4211;42.1353;17.0;0.7;121.52
1753876260.21;2.0;49.20421268;18.75498995;387.4214;42.1353;17.0;0.7;121.52
1753876260.22;2.0;49.20421262;18.75498989;387.4212;42.1353;17.0;0.7;121.548
1753876260.23;2.0;49.20421256;18.75498983;387.4207;42.1353;17.0;0.7;121.616
1753876260.24;2.0;49.2042125;18.75498976;387.4198;42.1353;17.0;0.7;121.645
1753876260.25;2.0;49.20421243;18.7549897;387.4194;42.1353;17.0;0.7;121.677
1753876260.26;2.0;49.20421236;18.75498964;387.4189;42.1353;17.0;0.7;121.645
1753876260.27;2.0;49.2042123;18.75498958;387.4185;42.1353;17.0;0.7;121.648
1753876260.28;2.0;49.20421223;18.75498952;387.4186;42.1353;17.0;0.7;121.674
1753876260.29;2.0;49.20421217;18.75498946;387.4193;42.1353;17.0;0.7;121.694
1753876260.3;2.0;49.2042121;18.7549894;387.4196;42.1353;17.0;0.7;121.676
1753876260.31;2.0;49.20421204;18.75498934;387.4201;42.1353;17.0;0.7;121.61
1753876260.32;2.0;49.20421198;18.75498928;387.4204;42.1353;17.0;0.7;121.58
1753876260.33;2.0;49.20421192;18.75498922;387.4206;42.1353;17.0;0.7;121.643
1753876260.34;2.0;49.20421185;18.75498917;387.4216;42.1353;17.0;0.7;121.755
1753876260.35;2.0;49.20421179;18.75498912;387.4224;42.1353;17.0;0.7;121.84
1753876260.36;2.0;49.20421172;18.75498906;387.423;42.1353;17.0;0.7;121.918
1753876260.37;2.0;49.20421166;18.754989;387.4242;42.1353;17.0;0.7;121.91
1753876260.38;2.0;49.2042116;18.75498894;387.4253;42.1353;17.0;0.7;121.92
1753876260.39;2.0;49.20421155;18.75498888;387.4259;42.1353;17.0;0.7;121.958
1753876260.4;2.0;49.20421149;18.75498883;387.4269;42.1353;17.0;0.7;122.009
1753876260.41;2.0;49.20421142;18.75498877;387.4276;42.1353;17.0;0.7;122.044
1753876260.42;2.0;49.20421136;18.75498871;387.4284;42.1353;17.0;0.7;122.02
1753876260.43;2.0;49.2042113;18.75498865;387.4291;42.1353;17.0;0.7;121.946
1753876260.44;2.0;49.20421124;18.75498858;387.4293;42.1353;17.0;0.7;121.897
1753876260.45;2.0;49.20421118;18.75498852;387.4298;42.1353;17.0;0.7;121.88
1753876260.46;2.0;49.20421113;18.75498846;387.4304;42.1353;17.0;0.7;121.869
1753876260.47;2.0;49.20421107;18.7549884;387.4311;42.1353;17.0;0.7;121.854
1753876260.48;2.0;49.204211;18.75498834;387.4314;42.1353;17.0;0.7;121.899
1753876260.49;2.0;49.20421094;18.75498828;387.4321;42.1353;17.0;0.7;121.941
1753876260.5;2.0;49.20421088;18.75498822;387.4327;42.1353;17.0;0.7;121.969
1753876260.51;2.0;49.20421081;18.75498816;387.4332;42.1353;17.0;0.7;121.964
1753876260.52;2.0;49.20421075;18.75498811;387.4338;42.1353;17.0;0.7;121.909
1753876260.53;2.0;49.20421068;18.75498805;387.4342;42.1353;17.0;0.7;121.857
1753876260.54;2.0;49.20421062;18.75498799;387.4349;42.1353;17.0;0.7;121.815
1753876260.55;2.0;49.20421055;18.75498793;387.4353;42.1353;17.0;0.7;121.782
1753876260.56;2.0;49.20421048;18.75498787;387.4355;42.1353;17.0;0.7;121.728
1753876260.57;2.0;49.20421041;18.75498781;387.4356;42.1353;17.0;0.7;121.683
1753876260.58;2.0;49.20421035;18.75498775;387.4353;42.1353;17.0;0.7;121.603
1753876260.59;2.0;49.20421028;18.75498769;387.4344;42.1353;17.0;0.7;121.553
1753876260.6;2.0;49.20421022;18.75498764;387.4332;42.1353;17.0;0.7;121.543
1753876260.61;2.0;49.20421015;18.75498758;387.4328;42.1353;17.0;0.7;121.522
1753876260.62;2.0;49.20421009;18.75498753;387.4325;42.1353;17.0;0.7;121.524
1753876260.63;2.0;49.20421003;18.75498747;387.4321;42.1353;17.0;0.7;121.567
1753876260.64;2.0;49.20420997;18.75498742;387.4313;42.1353;17.0;0.7;121.633
1753876260.65;2.0;49.20420991;18.75498736;387.4305;42.1353;17.0;0.7;121.712
1753876260.66;2.0;49.20420985;18.7549873;387.4295;42.1353;17.0;0.7;121.75
1753876260.67;2.0;49.20420979;18.75498724;387.4292;42.1353;17.0;0.7;121.763
1753876260.68;2.0;49.20420973;18.75498719;387.4293;42.1353;17.0;0.7;121.746
1753876260.69;2.0;49.20420968;18.75498714;387.4296;42.1353;17.0;0.7;121.789
1753876260.7;2.0;49.20420961;18.75498709;387.43;42.1353;17.0;0.7;121.812
1753876260.71;2.0;49.20420955;18.75498704;387.4303;42.1353;17.0;0.7;121.838
1753876260.72;2.0;49.20420948;18.75498699;387.4306;42.1353;17.0;0.7;121.811
1753876260.73;2.0;49.20420942;18.75498693;387.431;42.1353;17.0;0.7;121.754
1753876260.74;2.0;49.20420936;18.75498688;387.4312;42.1353;17.0;0.7;121.639
1753876260.75;2.0;49.20420929;18.75498682;387.4315;42.1353;17.0;0.7;121.54
1753876260.76;2.0;49.20420923;18.75498677;387.4321;42.1353;17.0;0.7;121.43
1753876260.77;2.0;49.20420917;18.75498672;387.4324;42.1353;17.0;0.7;121.351
1753876260.78;2.0;49.20420911;18.75498667;387.4322;42.1353;17.0;0.7;121.304
1753876260.79;2.0;49.20420905;18.75498662;387.4316;42.1353;17.0;0.7;121.299
1753876260.8;2.0;49.20420899;18.75498656;387.4311;42.1353;17.0;0.7;121.304
1753876260.81;2.0;49.20420893;18.75498651;387.4313;42.1353;17.0;0.7;121.32
1753876260.82;2.0;49.20420888;18.75498646;387.4315;42.1353;17.0;0.7;121.352
1753876260.83;2.0;49.20420882;18.7549864;387.4318;42.1353;17.0;0.7;121.378
1753876260.84;2.0;49.20420876;18.75498635;387.4325;42.1353;17.0;0.7;121.407
1753876260.85;2.0;49.20420869;18.7549863;387.4331;42.1353;17.0;0.7;121.432
1753876260.86;2.0;49.20420863;18.75498625;387.4334;42.1353;17.0;0.7;121.432
1753876260.87;2.0;49.20420857;18.7549862;387.4338;42.1353;17.0;0.7;121.463
1753876260.88;2.0;49.2042085;18.75498615;387.4342;42.1353;17.0;0.7;121.409
1753876260.89;2.0;49.20420844;18.7549861;387.4346;42.1353;17.0;0.7;121.327
1753876260.9;2.0;49.20420838;18.75498605;387.4346;42.1353;17.0;0.7;121.284
1753876260.91;2.0;49.20420832;18.754986;387.4351;42.1353;17.0;0.7;121.284
1753876260.92;2.0;49.20420826;18.75498595;387.4358;42.1353;17.0;0.7;121.303
1753876260.93;2.0;49.2042082;18.7549859;387.4361;42.1353;17.0;0.7;121.292
1753876260.94;2.0;49.20420814;18.75498584;387.4361;42.1353;17.0;0.7;121.339
1753876260.95;2.0;49.20420808;18.75498579;387.4357;42.1353;17.0;0.7;121.339
1753876260.96;2.0;49.20420801;18.75498574;387.4361;42.1353;17.0;0.7;121.332
1753876260.97;2.0;49.20420796;18.75498569;387.4363;42.1353;17.0;0.7;121.343
1753876260.98;2.0;49.2042079;18.75498564;387.4363;42.1353;17.0;0.7;121.404
1753876260.99;2.0;49.20420784;18.75498558;387.4364;42.1353;17.0;0.7;121.447
1753876261.0;2.0;49.20420779;18.75498553;387.4367;42.1353;17.0;0.7;121.478
1753876261.01;2.0;49.20420773;18.75498548;387.4369;42.1353;17.0;0.7;121.452
1753876261.02;2.0;49.20420768;18.75498543;387.4371;42.1353;17.0;0.7;121.449
1753876261.03;2.0;49.20420762;18.75498537;387.4374;42.1353;17.0;0.7;121.423
1753876261.04;2.0;49.20420757;18.75498532;387.4375;42.1353;17.0;0.7;121.388
1753876261.05;2.0;49.20420752;18.75498526;387.4374;42.1353;17.0;0.7;121.389
1753876261.06;2.0;49.20420746;18.75498521;387.4377;42.1353;17.0;0.7;121.46
1753876261.07;2.0;49.2042074;18.75498515;387.4379;42.1353;17.0;0.7;121.519
1753876261.08;2.0;49.20420734;18.7549851;387.4382;42.1353;17.0;0.7;121.565
1753876261.09;2.0;49.20420728;18.75498505;387.4389;42.1353;17.0;0.7;121.604
1753876261.1;2.0;49.20420722;18.754985;387.4395;42.1353;17.0;0.7;121.637
1753876261.11;2.0;49.20420716;18.75498496;387.4401;42.1353;17.0;0.7;121.693
1753876261.12;2.0;49.20420711;18.75498491;387.44;42.1353;17.0;0.7;121.718
1753876261.13;2.0;49.20420705;18.75498487;387.4401;42.1353;17.0;0.7;121.725
1753876261.14;2.0;49.20420699;18.75498482;387.4407;42.1353;17.0;0.7;121.699
1753876261.15;2.0;49.20420694;18.75498477;387.4414;42.1353;17.0;0.7;121.679
1753876261.16;2.0;49.20420688;18.75498472;387.4419;42.1353;17.0;0.7;121.645
1753876261.17;2.0;49.20420683;18.75498469;387.4424;42.1353;17.0;0.7;121.6
1753876261.18;2.0;49.20420678;18.75498464;387.443;42.1353;17.0;0.7;121.58
1753876261.19;2.0;49.20420672;18.75498459;387.4436;42.1353;17.0;0.7;121.565
1753876261.2;2.0;49.20420667;18.75498455;387.444;42.1353;17.0;0.7;121.545
1753876261.21;2.0;49.20420661;18.75498451;387.4445;42.1353;17.0;0.7;121.525
1753876261.22;2.0;49.20420656;18.75498447;387.4448;42.1353;17.0;0.7;121.545
1753876261.23;2.0;49.2042065;18.75498443;387.4454;42.1353;17.0;0.7;121.603
1753876261.24;2.0;49.20420645;18.75498439;387.4458;42.1353;17.0;0.7;121.647
1753876261.25;2.0;49.20420639;18.75498435;387.446;42.1353;17.0;0.7;121.694
1753876261.26;2.0;49.20420634;18.75498431;387.4461;42.1353;17.0;0.7;121.77
1753876261.27;2.0;49.20420629;18.75498426;387.4464;42.1353;17.0;0.7;121.88
1753876261.28;2.0;49.20420624;18.75498422;387.4466;42.1353;17.0;0.7;121.974
1753876261.29;2.0;49.20420619;18.75498418;387.4468;42.1353;17.0;0.7;122.069
1753876261.3;2.0;49.20420614;18.75498415;387.4477;42.1353;17.0;0.7;122.169
1753876261.31;2.0;49.20420608;18.75498411;387.4486;42.1353;17.0;0.7;122.184
1753876261.32;2.0;49.20420603;18.75498408;387.4491;42.1353;17.0;0.7;122.165
1753876261.33;2.0;49.20420598;18.75498405;387.4489;42.1353;17.0;0.7;122.193
1753876261.34;2.0;49.20420592;18.75498402;387.4486;42.1353;17.0;0.7;122.19
1753876261.35;2.0;49.20420587;18.75498398;387.4484;42.1353;17.0;0.7;122.195
1753876261.36;2.0;49.20420582;18.75498395;387.4486;42.1353;17.0;0.7;122.227
1753876261.37;2.0;49.20420576;18.75498392;387.4489;42.1353;17.0;0.7;122.261
1753876261.38;2.0;49.2042057;18.75498389;387.449;42.1353;17.0;0.7;122.278
1753876261.39;2.0;49.20420565;18.75498385;387.4492;42.1353;17.0;0.7;122.263
1753876261.4;2.0;49.20420559;18.75498381;387.4495;42.1353;17.0;0.7;122.216
1753876261.41;2.0;49.20420553;18.75498378;387.4496;42.1353;17.0;0.7;122.148
1753876261.42;2.0;49.20420547;18.75498375;387.4496;42.1353;17.0;0.7;122.104
1753876261.43;2.0;49.20420542;18.75498372;387.4496;42.1353;17.0;0.7;122.116
1753876261.44;2.0;49.20420536;18.75498368;387.4494;42.1353;17.0;0.7;122.158
1753876261.45;2.0;49.20420531;18.75498364;387.4494;42.1353;17.0;0.7;122.18
1753876261.46;2.0;49.20420525;18.7549836;387.449;42.1353;17.0;0.7;122.155
1753876261.47;2.0;49.2042052;18.75498356;387.4491;42.1353;17.0;0.7;122.111
1753876261.48;2.0;49.20420515;18.75498352;387.4498;42.1353;17.0;0.7;122.026
1753876261.49;2.0;49.2042051;18.75498348;387.45;42.1353;17.0;0.7;121.971
1753876261.5;2.0;49.20420505;18.75498344;387.4499;42.1353;17.0;0.7;121.99
1753876261.51;2.0;49.204205;18.7549834;387.4501;42.1353;17.0;0.7;122.079
1753876261.52;2.0;49.20420495;18.75498335;387.45;42.1353;17.0;0.7;122.146
1753876261.53;2.0;49.20420489;18.7549833;387.4496;42.1353;17.0;0.7;122.173
1753876261.54;2.0;49.20420484;18.75498326;387.4491;42.1353;17.0;0.7;122.185
1753876261.55;2.0;49.20420479;18.75498321;387.449;42.1353;17.0;0.7;122.2
1753876261.56;2.0;49.20420473;18.75498316;387.449;42.1353;17.0;0.7;122.204
1753876261.57;2.0;49.20420467;18.75498312;387.4486;42.1353;17.0;0.7;122.257
1753876261.58;2.0;49.20420462;18.75498307;387.448;42.1353;17.0;0.7;122.243
1753876261.59;2.0;49.20420456;18.75498303;387.4478;42.1353;17.0;0.7;122.232
1753876261.6;2.0;49.20420451;18.75498298;387.4475;42.1353;17.0;0.7;122.226
1753876261.61;2.0;49.20420445;18.75498293;387.4471;42.1353;17.0;0.7;122.202
1753876261.62;2.0;49.2042044;18.75498289;387.4469;42.1353;17.0;0.7;122.231
1753876261.63;2.0;49.20420434;18.75498285;387.4475;42.1353;17.0;0.7;122.28
1753876261.64;2.0;49.20420428;18.7549828;387.4486;42.1353;16.0;0.8;122.31
1753876261.65;2.0;49.20420422;18.75498276;387.45;42.1353;16.0;0.8;122.315
1753876261.66;2.0;49.20420417;18.75498271;387.4512;42.1353;16.0;0.8;122.328
1753876261.67;2.0;49.20420411;18.75498266;387.4526;42.1353;16.0;0.8;122.348
1753876261.68;2.0;49.20420405;18.75498261;387.4534;42.1353;16.0;0.8;122.348
1753876261.69;2.0;49.20420399;18.75498256;387.4538;42.1353;16.0;0.8;122.323
1753876261.7;2.0;49.20420393;18.75498251;387.454;42.1353;16.0;0.8;122.282
1753876261.71;2.0;49.20420386;18.75498246;387.4538;42.1353;16.0;0.8;122.203
1753876261.72;2.0;49.2042038;18.7549824;387.4532;42.1353;16.0;0.8;122.123
1753876261.73;2.0;49.20420374;18.75498235;387.4525;42.1353;16.0;0.8;122.088
1753876261.74;2.0;49.20420368;18.7549823;387.4518;42.1353;16.0;0.8;122.07
1753876261.75;2.0;49.20420361;18.75498224;387.4505;42.1353;16.0;0.8;122.054
1753876261.76;2.0;49.20420354;18.75498218;387.4496;42.1353;16.0;0.8;122.015
1753876261.77;2.0;49.20420347;18.75498212;387.449;42.1353;16.0;0.8;121.943
1753876261.78;2.0;49.20420341;18.75498207;387.449;42.1353;16.0;0.8;121.935
1753876261.79;2.0;49.20420335;18.75498201;387.4491;42.1353;16.0;0.8;121.979
1753876261.8;2.0;49.20420329;18.75498196;387.4493;42.1353;16.0;0.8;121.983
1753876261.81;2.0;49.20420323;18.75498191;387.4486;42.1353;16.0;0.8;121.927
1753876261.82;2.0;49.20420317;18.75498185;387.4481;42.1353;16.0;0.8;121.869
1753876261.83;2.0;49.20420311;18.7549818;387.4478;42.1353;16.0;0.8;121.88
1753876261.84;2.0;49.20420304;18.75498176;387.4477;42.1353;16.0;0.8;121.861
1753876261.85;2.0;49.20420298;18.75498171;387.4477;42.1353;16.0;0.8;121.812
1753876261.86;2.0;49.20420292;18.75498166;387.4475;42.1353;16.0;0.8;121.782
1753876261.87;2.0;49.20420286;18.75498161;387.4471;42.1353;16.0;0.8;121.778
1753876261.88;2.0;49.2042028;18.75498157;387.4461;42.1353;16.0;0.8;121.767
1753876261.89;2.0;49.20420274;18.75498152;387.4457;42.1353;16.0;0.8;121.797
1753876261.9;2.0;49.20420268;18.75498148;387.4453;42.1353;16.0;0.8;121.863
1753876261.91;2.0;49.20420263;18.75498143;387.4449;42.1353;16.0;0.8;121.908
1753876261.92;2.0;49.20420257;18.75498138;387.4444;42.1353;16.0;0.8;121.951
1753876261.93;2.0;49.20420251;18.75498133;387.4443;42.1353;16.0;0.8;121.901
1753876261.94;2.0;49.20420246;18.75498129;387.4448;42.1353;16.0;0.8;121.803
1753876261.95;2.0;49.2042024;18.75498125;387.4456;42.1353;16.0;0.8;121.73
1753876261.96;2.0;49.20420235;18.75498121;387.4463;42.1353;16.0;0.8;121.727
1753876261.97;2.0;49.20420229;18.75498117;387.4465;42.1353;16.0;0.8;121.738
1753876261.98;2.0;49.20420223;18.75498113;387.4469;42.1353;16.0;0.8;121.744
1753876261.99;2.0;49.20420218;18.75498108;387.4478;42.1353;16.0;0.8;121.71
1753876262.0;2.0;49.20420212;18.75498104;387.4487;42.1353;16.0;0.8;121.685
1753876262.01;2.0;49.20420206;18.754981;387.4497;42.1353;16.0;0.8;121.696
1753876262.02;2.0;49.20420201;18.75498096;387.4497;42.1353;16.0;0.8;121.779
1753876262.03;2.0;49.20420196;18.75498091;387.4499;42.1353;16.0;0.8;121.869
1753876262.04;2.0;49.2042019;18.75498087;387.4506;42.1353;16.0;0.8;121.952
1753876262.05;2.0;49.20420185;18.75498082;387.451;42.1353;16.0;0.8;122.018
1753876262.06;2.0;49.20420179;18.75498077;387.451;42.1353;16.0;0.8;122.093
1753876262.07;2.0;49.20420173;18.75498073;387.4509;42.1353;16.0;0.8;122.072
1753876262.08;2.0;49.20420168;18.75498067;387.4504;42.1353;17.0;0.7;122.023
1753876262.09;2.0;49.20420162;18.75498063;387.4502;42.1353;17.0;0.7;121.971
1753876262.1;2.0;49.20420156;18.75498058;387.45;42.1353;17.0;0.7;121.923
1753876262.11;2.0;49.20420151;18.75498053;387.4504;42.1353;17.0;0.7;121.87
1753876262.12;2.0;49.20420145;18.75498049;387.4501;42.1353;17.0;0.7;121.848
1753876262.13;2.0;49.20420139;18.75498044;387.4497;42.1353;17.0;0.7;121.805
1753876262.14;2.0;49.20420133;18.75498039;387.4493;42.1353;17.0;0.7;121.806
1753876262.15;2.0;49.20420127;18.75498034;387.4497;42.1353;17.0;0.7;121.92
1753876262.16;2.0;49.2042012;18.75498029;387.4504;42.1353;17.0;0.7;121.991
1753876262.17;2.0;49.20420114;18.75498025;387.4508;42.1353;17.0;0.7;121.998
1753876262.18;2.0;49.20420107;18.7549802;387.4507;42.1353;17.0;0.7;121.946
1753876262.19;2.0;49.20420101;18.75498015;387.4506;42.1353;17.0;0.7;121.946
1753876262.2;2.0;49.20420094;18.75498011;387.4508;42.1353;17.0;0.7;122.002
1753876262.21;2.0;49.20420087;18.75498007;387.4512;42.1353;17.0;0.7;122.009
1753876262.22;2.0;49.2042008;18.75498002;387.4515;42.1353;17.0;0.7;121.983
1753876262.23;2.0;49.20420074;18.75497998;387.4517;42.1353;17.0;0.7;121.941
1753876262.24;2.0;49.20420067;18.75497994;387.4518;42.1353;17.0;0.7;121.897
1753876262.25;2.0;49.20420061;18.75497991;387.4514;42.1353;17.0;0.7;121.889
1753876262.26;2.0;49.20420054;18.75497988;387.4506;42.1353;17.0;0.7;121.885
1753876262.27;2.0;49.20420048;18.75497985;387.4495;42.1353;17.0;0.7;121.889
1753876262.28;2.0;49.20420042;18.75497982;387.4488;42.1353;17.0;0.7;121.86
1753876262.29;2.0;49.20420036;18.7549798;387.4483;42.1353;17.0;0.7;121.83
1753876262.3;2.0;49.20420031;18.75497977;387.4477;42.1353;17.0;0.7;121.817
1753876262.31;2.0;49.20420026;18.75497975;387.4469;42.1353;17.0;0.7;121.83
1753876262.32;2.0;49.20420021;18.75497974;387.4465;42.1353;17.0;0.7;121.868
1753876262.33;2.0;49.20420016;18.75497973;387.4467;42.1353;17.0;0.7;121.922
1753876262.34;2.0;49.20420012;18.75497972;387.4467;42.1353;17.0;0.7;121.991
1753876262.35;2.0;49.20420008;18.75497971;387.4467;42.1353;17.0;0.7;122.017
1753876262.36;2.0;49.20420004;18.75497971;387.4473;42.1353;17.0;0.7;121.972
1753876262.37;2.0;49.20419999;18.75497971;387.4481;42.1353;17.0;0.7;121.884
1753876262.38;2.0;49.20419995;18.75497971;387.4486;42.1353;17.0;0.7;121.76
1753876262.39;2.0;49.20419991;18.75497971;387.4491;42.1353;17.0;0.7;121.738
1753876262.4;2.0;49.20419988;18.75497971;387.4494;42.1353;17.0;0.7;121.729
1753876262.41;2.0;49.20419984;18.75497972;387.4496;42.1353;17.0;0.7;121.764
1753876262.42;2.0;49.20419981;18.75497972;387.45;42.1353;17.0;0.7;121.792
1753876262.43;2.0;49.20419978;18.75497972;387.4504;42.1353;17.0;0.7;121.767
1753876262.44;2.0;49.20419975;18.75497973;387.4508;42.1353;17.0;0.7;121.708
1753876262.45;2.0;49.20419973;18.75497973;387.4513;42.1353;17.0;0.7;121.671
1753876262.46;2.0;49.20419971;18.75497974;387.4516;42.1353;17.0;0.7;121.654
1753876262.47;2.0;49.20419969;18.75497974;387.4515;42.1353;17.0;0.7;121.639
1753876262.48;2.0;49.20419967;18.75497975;387.4519;42.1353;17.0;0.7;121.575
1753876262.49;2.0;49.20419966;18.75497975;387.4528;42.1353;17.0;0.7;121.523
1753876262.5;2.0;49.20419965;18.75497976;387.4536;42.1353;17.0;0.7;121.452
1753876262.51;2.0;49.20419963;18.75497977;387.4542;42.1353;17.0;0.7;121.35
1753876262.52;2.0;49.20419963;18.75497978;387.4541;42.1353;17.0;0.7;121.286
1753876262.53;2.0;49.20419962;18.75497979;387.4539;42.1353;17.0;0.7;121.315
1753876262.54;2.0;49.20419961;18.75497981;387.4539;42.1353;17.0;0.7;121.339
1753876262.55;2.0;49.20419961;18.75497982;387.4537;42.1353;17.0;0.7;121.284
1753876262.56;2.0;49.20419961;18.75497983;387.4534;42.1353;17.0;0.7;121.21
1753876262.57;2.0;49.20419961;18.75497985;387.4532;42.1353;17.0;0.7;121.141
1753876262.58;2.0;49.20419961;18.75497985;387.4532;42.1353;17.0;0.7;121.143
1753876262.59;2.0;49.20419961;18.75497985;387.4535;42.1353;17.0;0.7;121.155
1753876262.6;2.0;49.20419962;18.75497986;387.4535;42.1353;17.0;0.7;121.139
1753876262.61;2.0;49.20419963;18.75497986;387.4539;42.1353;17.0;0.7;121.107
1753876262.62;2.0;49.20419964;18.75497987;387.4543;42.1353;17.0;0.7;121.081
1753876262.63;2.0;49.20419965;18.75497988;387.4548;42.1353;17.0;0.7;121.102
1753876262.64;2.0;49.20419967;18.75497989;387.4551;42.1353;17.0;0.7;121.095
1753876262.65;2.0;49.20419968;18.75497991;387.4553;42.1353;17.0;0.7;121.127
1753876262.66;2.0;49.2041997;18.75497992;387.4557;42.1353;17.0;0.7;121.186
1753876262.67;2.0;49.20419972;18.75497994;387.4565;42.1353;17.0;0.7;121.221
1753876262.68;2.0;49.20419973;18.75497996;387.4569;42.1353;17.0;0.7;121.207
1753876262.69;2.0;49.20419974;18.75497998;387.4564;42.1353;17.0;0.7;121.192
1753876262.7;2.0;49.20419975;18.75497999;387.4561;42.1353;17.0;0.7;121.147
1753876262.71;2.0;49.20419976;18.75498001;387.4569;42.1353;17.0;0.7;121.144
1753876262.72;2.0;49.20419978;18.75498003;387.4585;42.1353;17.0;0.7;121.192
1753876262.73;2.0;49.20419979;18.75498004;387.4591;42.1353;17.0;0.7;121.23
1753876262.74;2.0;49.2041998;18.75498005;387.4596;42.1353;17.0;0.7;121.244
1753876262.75;2.0;49.20419981;18.75498007;387.4602;42.1353;17.0;0.7;121.254
1753876262.76;2.0;49.20419982;18.75498007;387.4607;42.1353;17.0;0.7;121.238
1753876262.77;2.0;49.20419983;18.75498008;387.4609;42.1353;17.0;0.7;121.231
1753876262.78;2.0;49.20419984;18.75498009;387.4613;42.1353;17.0;0.7;121.25
1753876262.79;2.0;49.20419985;18.7549801;387.4621;42.1353;17.0;0.7;121.278
1753876262.8;2.0;49.20419985;18.75498011;387.463;42.1353;17.0;0.7;121.271
1753876262.81;2.0;49.20419986;18.75498012;387.4637;42.1353;17.0;0.7;121.236
1753876262.82;2.0;49.20419986;18.75498013;387.4642;42.1353;17.0;0.7;121.212
1753876262.83;2.0;49.20419986;18.75498014;387.4642;42.1353;17.0;0.7;121.189
1753876262.84;2.0;49.20419986;18.75498015;387.4645;42.1353;17.0;0.7;121.146
1753876262.85;2.0;49.20419986;18.75498015;387.4646;42.1353;17.0;0.7;121.179
1753876262.86;2.0;49.20419987;18.75498016;387.4649;42.1353;17.0;0.7;121.273
1753876262.87;2.0;49.20419987;18.75498016;387.4653;42.1353;17.0;0.7;121.325
1753876262.88;2.0;49.20419986;18.75498018;387.4664;42.1353;17.0;0.7;121.339
1753876262.89;2.0;49.20419986;18.75498019;387.4668;42.1353;17.0;0.7;121.346
1753876262.9;2.0;49.20419986;18.75498019;387.4668;42.1353;17.0;0.7;121.277
1753876262.91;2.0;49.20419986;18.7549802;387.4665;42.1353;17.0;0.7;121.259
1753876262.92;2.0;49.20419986;18.75498021;387.4671;42.1353;17.0;0.7;121.288
1753876262.93;2.0;49.20419986;18.75498021;387.4677;42.1353;17.0;0.7;121.293
1753876262.94;2.0;49.20419985;18.75498022;387.4683;42.1353;17.0;0.7;121.321
1753876262.95;2.0;49.20419985;18.75498022;387.4687;42.1353;17.0;0.7;121.321
1753876262.96;2.0;49.20419985;18.75498023;387.4691;42.1353;17.0;0.7;121.36
1753876262.97;2.0;49.20419986;18.75498023;387.4696;42.1353;17.0;0.7;121.356
1753876262.98;2.0;49.20419986;18.75498023;387.4708;42.1353;17.0;0.7;121.328
1753876262.99;2.0;49.20419986;18.75498023;387.4718;42.1353;17.0;0.7;121.286
1753876263.0;2.0;49.20419986;18.75498023;387.4724;42.1353;17.0;0.7;121.262
1753876263.01;2.0;49.20419986;18.75498022;387.4727;42.1353;17.0;0.7;121.289
1753876263.02;2.0;49.20419987;18.75498021;387.4734;42.1353;17.0;0.7;121.343
1753876263.03;2.0;49.20419988;18.7549802;387.474;42.1353;17.0;0.7;121.375
1753876263.04;2.0;49.20419989;18.7549802;387.4744;42.1353;17.0;0.7;121.413
1753876263.05;2.0;49.2041999;18.75498018;387.4747;42.1353;17.0;0.7;121.423
1753876263.06;2.0;49.20419991;18.75498016;387.4748;42.1353;17.0;0.7;121.478
1753876263.07;2.0;49.20419992;18.75498014;387.4747;42.1353;17.0;0.7;121.598
1753876263.08;2.0;49.20419994;18.75498011;387.4748;42.1353;17.0;0.7;121.657
1753876263.09;2.0;49.20419995;18.75498008;387.4752;42.1353;17.0;0.7;121.659
1753876263.1;2.0;49.20419996;18.75498005;387.4754;42.1353;17.0;0.7;121.565
1753876263.11;2.0;49.20419998;18.75498001;387.4753;42.1353;17.0;0.7;121.577
1753876263.12;2.0;49.2042;18.75497997;387.4755;42.1353;17.0;0.7;121.667
1753876263.13;2.0;49.20420002;18.75497993;387.4754;42.1353;17.0;0.7;121.834
1753876263.14;2.0;49.20420003;18.75497988;387.4751;42.1353;17.0;0.7;121.963
1753876263.15;2.0;49.20420005;18.75497984;387.4751;42.1353;17.0;0.7;122.081
1753876263.16;2.0;49.20420006;18.75497979;387.4747;42.1353;17.0;0.7;122.152
1753876263.17;2.0;49.20420008;18.75497973;387.4746;42.1353;17.0;0.7;122.196
1753876263.18;2.0;49.20420009;18.75497968;387.4746;42.1353;17.0;0.7;122.239
1753876263.19;2.0;49.20420011;18.75497961;387.4742;42.1353;17.0;0.7;122.269
1753876263.2;2.0;49.20420013;18.75497954;387.4735;42.1353;17.0;0.7;122.295
1753876263.21;2.0;49.20420015;18.75497947;387.4727;42.1353;17.0;0.7;122.337
1753876263.22;2.0;49.20420017;18.7549794;387.4717;42.1353;17.0;0.7;122.397
1753876263.23;2.0;49.20420018;18.75497933;387.4709;42.1353;17.0;0.7;122.43
1753876263.24;2.0;49.2042002;18.75497925;387.4702;42.1353;17.0;0.7;122.468
1753876263.25;2.0;49.20420022;18.75497918;387.4695;42.1353;17.0;0.7;122.519
1753876263.26;2.0;49.20420024;18.75497911;387.4693;42.1353;17.0;0.7;122.529
1753876263.27;2.0;49.20420025;18.75497903;387.4688;42.1353;17.0;0.7;122.507
1753876263.28;2.0;49.20420027;18.75497895;387.4684;42.1353;17.0;0.7;122.514
1753876263.29;2.0;49.20420028;18.75497887;387.468;42.1353;17.0;0.7;122.532
1753876263.3;2.0;49.2042003;18.7549788;387.4678;42.1353;17.0;0.7;122.644
1753876263.31;2.0;49.20420031;18.75497872;387.4678;42.1353;17.0;0.7;122.729
1753876263.32;2.0;49.20420033;18.75497864;387.4676;42.1353;17.0;0.7;122.825
1753876263.33;2.0;49.20420034;18.75497856;387.4675;42.1353;17.0;0.7;122.928
1753876263.34;2.0;49.20420036;18.75497848;387.4673;42.1353;17.0;0.7;123.021
1753876263.35;2.0;49.20420036;18.7549784;387.4675;42.1353;17.0;0.7;123.139
1753876263.36;2.0;49.20420037;18.75497832;387.4675;42.1353;17.0;0.7;123.201
1753876263.37;2.0;49.20420038;18.75497823;387.4676;42.1353;17.0;0.7;123.231
1753876263.38;2.0;49.20420039;18.75497815;387.4677;42.1353;17.0;0.7;123.243
1753876263.39;2.0;49.2042004;18.75497806;387.4673;42.1353;17.0;0.7;123.265
1753876263.4;2.0;49.20420042;18.75497796;387.4671;42.1353;17.0;0.7;123.347
1753876263.41;2.0;49.20420044;18.75497787;387.4668;42.1353;17.0;0.7;123.418
1753876263.42;2.0;49.20420046;18.75497777;387.4665;42.1353;17.0;0.7;123.497
1753876263.43;2.0;49.20420048;18.75497768;387.4662;42.1353;17.0;0.7;123.606
1753876263.44;2.0;49.2042005;18.75497759;387.4663;42.1353;17.0;0.7;123.713
1753876263.45;2.0;49.20420052;18.7549775;387.4668;42.1353;17.0;0.7;123.77
1753876263.46;2.0;49.20420054;18.75497741;387.467;42.1353;17.0;0.7;123.861
1753876263.47;2.0;49.20420057;18.75497732;387.4671;42.1353;17.0;0.7;123.966
1753876263.48;2.0;49.2042006;18.75497724;387.4671;42.1353;17.0;0.7;124.066
1753876263.49;2.0;49.20420062;18.75497715;387.4672;42.1353;17.0;0.7;124.206
1753876263.5;2.0;49.20420065;18.75497706;387.4669;42.1353;17.0;0.7;124.334
1753876263.51;2.0;49.20420068;18.75497698;387.4665;42.1353;17.0;0.7;124.466
1753876263.52;2.0;49.20420071;18.7549769;387.4662;42.1353;17.0;0.7;124.604
1753876263.53;2.0;49.20420074;18.75497682;387.4655;42.1353;17.0;0.7;124.779
1753876263.54;2.0;49.20420076;18.75497675;387.4646;42.1353;17.0;0.7;124.951
1753876263.55;2.0;49.20420079;18.75497667;387.4637;42.1353;17.0;0.7;125.099
1753876263.56;2.0;49.20420082;18.75497659;387.4631;42.1353;17.0;0.7;125.185
1753876263.57;2.0;49.20420085;18.75497651;387.4622;42.1353;17.0;0.7;125.221
1753876263.58;2.0;49.20420088;18.75497643;387.4621;42.1353;17.0;0.7;125.219
1753876263.59;2.0;49.20420091;18.75497635;387.4622;42.1353;17.0;0.7;125.179
1753876263.6;2.0;49.20420094;18.75497626;387.4622;42.1353;17.0;0.7;125.157
1753876263.61;2.0;49.20420097;18.75497619;387.4621;42.1353;17.0;0.7;125.175
1753876263.62;2.0;49.20420101;18.75497611;387.4622;42.1353;17.0;0.7;125.223
1753876263.63;2.0;49.20420105;18.75497603;387.4625;42.1353;17.0;0.7;125.291
1753876263.64;2.0;49.20420108;18.75497595;387.4629;42.1353;17.0;0.7;125.387
1753876263.65;2.0;49.20420112;18.75497588;387.4635;42.1353;17.0;0.7;125.535
1753876263.66;2.0;49.20420115;18.75497581;387.4643;42.1353;17.0;0.7;125.649
1753876263.67;2.0;49.20420119;18.75497574;387.4649;42.1353;17.0;0.7;125.724
1753876263.68;2.0;49.20420122;18.75497568;387.4652;42.1353;17.0;0.7;125.727
1753876263.69;2.0;49.20420125;18.75497561;387.4655;42.1353;17.0;0.7;125.783
1753876263.7;2.0;49.20420127;18.75497555;387.4661;42.1353;17.0;0.7;125.895
1753876263.71;2.0;49.2042013;18.75497549;387.4671;42.1353;17.0;0.7;126.025
1753876263.72;2.0;49.20420134;18.75497543;387.4676;42.1353;17.0;0.7;126.161
1753876263.73;2.0;49.20420137;18.75497537;387.468;42.1353;17.0;0.7;126.294
1753876263.74;2.0;49.20420141;18.75497531;387.4681;42.1353;17.0;0.7;126.421
1753876263.75;2.0;49.20420145;18.75497526;387.4685;42.1353;17.0;0.7;126.545
1753876263.76;2.0;49.20420148;18.7549752;387.4693;42.1353;17.0;0.7;126.639
1753876263.77;2.0;49.20420152;18.75497515;387.4705;42.1353;17.0;0.7;126.686
1753876263.78;2.0;49.20420155;18.75497509;387.4713;42.1353;17.0;0.7;126.651
1753876263.79;2.0;49.20420159;18.75497502;387.4717;42.1353;17.0;0.7;126.606
1753876263.8;2.0;49.20420163;18.75497496;387.4726;42.1353;17.0;0.7;126.625
1753876263.81;2.0;49.20420166;18.75497489;387.4728;42.1353;17.0;0.7;126.62
1753876263.82;2.0;49.2042017;18.75497483;387.473;42.1353;17.0;0.7;126.656
1753876263.83;2.0;49.20420174;18.75497476;387.4731;42.1353;17.0;0.7;126.737
1753876263.84;2.0;49.20420178;18.75497469;387.4737;42.1353;17.0;0.7;126.823
1753876263.85;2.0;49.20420182;18.75497463;387.474;42.1353;17.0;0.7;126.889
1753876263.86;2.0;49.20420187;18.75497457;387.4738;42.1353;17.0;0.7;126.95
1753876263.87;2.0;49.20420191;18.75497451;387.4735;42.1353;17.0;0.7;127.078
1753876263.88;2.0;49.20420196;18.75497445;387.4733;42.1353;17.0;0.7;127.226
1753876263.89;2.0;49.204202;18.75497439;387.4734;42.1353;17.0;0.7;127.336
1753876263.9;2.0;49.20420205;18.75497432;387.4737;42.1353;17.0;0.7;127.46
1753876263.91;2.0;49.20420209;18.75497426;387.474;42.1353;17.0;0.7;127.613
1753876263.92;2.0;49.20420214;18.7549742;387.4745;42.1353;17.0;0.7;127.763
1753876263.93;2.0;49.20420218;18.75497414;387.4751;42.1353;17.0;0.7;127.933
1753876263.94;2.0;49.20420222;18.75497408;387.4755;42.1353;17.0;0.7;128.087
1753876263.95;2.0;49.20420226;18.75497402;387.4757;42.1353;17.0;0.7;128.209
1753876263.96;2.0;49.2042023;18.75497396;387.4759;42.1353;17.0;0.7;128.375
1753876263.97;2.0;49.20420234;18.7549739;387.4762;42.1353;17.0;0.7;128.522
1753876263.98;2.0;49.20420238;18.75497385;387.4765;42.1353;17.0;0.7;128.643
1753876263.99;2.0;49.20420242;18.75497379;387.477;42.1353;17.0;0.7;128.822
1753876264.0;2.0;49.20420245;18.75497373;387.4771;42.1353;17.0;0.7;128.974
1753876264.01;2.0;49.20420249;18.75497367;387.477;42.1353;17.0;0.7;129.064
1753876264.02;2.0;49.20420253;18.75497362;387.4769;42.1353;17.0;0.7;129.164
1753876264.03;2.0;49.20420257;18.75497356;387.4771;42.1353;17.0;0.7;129.263
1753876264.04;2.0;49.20420262;18.75497351;387.4781;42.1353;17.0;0.7;129.32
1753876264.05;2.0;49.20420266;18.75497345;387.4787;42.1353;17.0;0.7;129.365
1753876264.06;2.0;49.20420271;18.7549734;387.4792;42.1353;17.0;0.7;129.4
1753876264.07;2.0;49.20420276;18.75497333;387.4797;42.1353;17.0;0.7;129.424
1753876264.08;2.0;49.20420281;18.75497326;387.4799;42.1353;17.0;0.7;129.437
1753876264.09;2.0;49.20420287;18.75497319;387.48;42.1353;17.0;0.7;129.517
1753876264.1;2.0;49.20420292;18.75497311;387.4796;42.1353;17.0;0.7;129.671
1753876264.11;2.0;49.20420298;18.75497304;387.4792;42.1353;17.0;0.7;129.81
1753876264.12;2.0;49.20420303;18.75497297;387.4785;42.1353;17.0;0.7;129.906
1753876264.13;2.0;49.20420308;18.7549729;387.4772;42.1353;17.0;0.7;129.955
1753876264.14;2.0;49.20420312;18.75497283;387.476;42.1353;17.0;0.7;129.997
1753876264.15;2.0;49.20420317;18.75497277;387.4751;42.1353;17.0;0.7;130.086
1753876264.16;2.0;49.20420322;18.7549727;387.4744;42.1353;17.0;0.7;130.175
1753876264.17;2.0;49.20420326;18.75497264;387.4735;42.1353;17.0;0.7;130.223
1753876264.18;2.0;49.2042033;18.75497258;387.4729;42.1353;17.0;0.7;130.243
1753876264.19;2.0;49.20420334;18.75497251;387.4727;42.1353;17.0;0.7;130.296
1753876264.2;2.0;49.20420338;18.75497246;387.4725;42.1353;17.0;0.7;130.321
1753876264.21;2.0;49.20420342;18.7549724;387.4714;42.1353;17.0;0.7;130.385
1753876264.22;2.0;49.20420347;18.75497233;387.4709;42.1353;17.0;0.7;130.444
1753876264.23;2.0;49.20420351;18.75497227;387.4705;42.1353;17.0;0.7;130.483
1753876264.24;2.0;49.20420355;18.75497221;387.4704;42.1353;17.0;0.7;130.529
1753876264.25;2.0;49.20420359;18.75497216;387.4706;42.1353;17.0;0.7;130.559
1753876264.26;2.0;49.20420363;18.7549721;387.4705;42.1353;17.0;0.7;130.559
1753876264.27;2.0;49.20420368;18.75497204;387.4704;42.1353;17.0;0.7;130.564
1753876264.28;2.0;49.20420373;18.75497198;387.4703;42.1353;17.0;0.7;130.63
1753876264.29;2.0;49.20420378;18.75497192;387.47;42.1353;17.0;0.7;130.784
1753876264.3;2.0;49.20420382;18.75497187;387.4696;42.1353;17.0;0.7;130.972
1753876264.31;2.0;49.20420387;18.75497181;387.4692;42.1353;17.0;0.7;131.202
1753876264.32;2.0;49.20420392;18.75497175;387.4689;42.1353;17.0;0.7;131.398
1753876264.33;2.0;49.20420396;18.7549717;387.4685;42.1353;17.0;0.7;131.556
1753876264.34;2.0;49.20420401;18.75497165;387.4678;42.1353;17.0;0.7;131.704
1753876264.35;2.0;49.20420405;18.75497159;387.4675;42.1353;17.0;0.7;131.856
1753876264.36;2.0;49.2042041;18.75497153;387.4671;42.1353;17.0;0.7;132.006
1753876264.37;2.0;49.20420415;18.75497147;387.4668;42.1353;17.0;0.7;132.191
1753876264.38;2.0;49.2042042;18.75497141;387.4662;42.1353;17.0;0.7;132.336
1753876264.39;2.0;49.20420425;18.75497135;387.4655;42.1353;17.0;0.7;132.511
1753876264.4;2.0;49.2042043;18.75497128;387.4647;42.1353;17.0;0.7;132.673
1753876264.41;2.0;49.20420435;18.75497122;387.4633;42.1353;17.0;0.7;132.84
1753876264.42;2.0;49.2042044;18.75497117;387.4618;42.1353;17.0;0.7;133.017
1753876264.43;2.0;49.20420444;18.75497111;387.4608;42.1353;17.0;0.7;133.177
1753876264.44;2.0;49.20420449;18.75497105;387.4597;42.1353;17.0;0.7;133.262
1753876264.45;2.0;49.20420454;18.75497099;387.4585;42.1353;17.0;0.7;133.325
1753876264.46;2.0;49.20420458;18.75497093;387.4578;42.1353;17.0;0.7;133.422
1753876264.47;2.0;49.20420463;18.75497087;387.4575;42.1353;17.0;0.7;133.52
1753876264.48;2.0;49.20420468;18.75497082;387.4577;42.1353;17.0;0.7;133.548
1753876264.49;2.0;49.20420473;18.75497076;387.4578;42.1353;17.0;0.7;133.583
1753876264.5;2.0;49.20420478;18.7549707;387.458;42.1353;17.0;0.7;133.651
1753876264.51;2.0;49.20420483;18.75497064;387.458;42.1353;17.0;0.7;133.708
1753876264.52;2.0;49.20420488;18.75497058;387.4577;42.1353;17.0;0.7;133.723
1753876264.53;2.0;49.20420492;18.75497052;387.4572;42.1353;17.0;0.7;133.766
1753876264.54;2.0;49.20420497;18.75497046;387.4566;42.1353;17.0;0.7;133.761
1753876264.55;2.0;49.20420502;18.75497039;387.4561;42.1353;17.0;0.7;133.759
1753876264.56;2.0;49.20420506;18.75497033;387.4556;42.1353;17.0;0.7;133.765
1753876264.57;2.0;49.20420511;18.75497027;387.4552;42.1353;17.0;0.7;133.774
1753876264.58;2.0;49.20420516;18.7549702;387.4557;42.1353;17.0;0.7;133.84
1753876264.59;2.0;49.20420522;18.75497014;387.4565;42.1353;17.0;0.7;133.923
1753876264.6;2.0;49.20420528;18.75497008;387.4569;42.1353;17.0;0.7;133.984
1753876264.61;2.0;49.20420533;18.75497001;387.4573;42.1353;17.0;0.7;134.047
1753876264.62;2.0;49.20420539;18.75496994;387.458;42.1353;17.0;0.7;134.136
1753876264.63;2.0;49.20420546;18.75496987;387.4583;42.1353;17.0;0.7;134.275
1753876264.64;2.0;49.20420552;18.7549698;387.4583;42.1353;17.0;0.7;134.46
1753876264.65;2.0;49.20420558;18.75496973;387.4579;42.1353;17.0;0.7;134.64
1753876264.66;2.0;49.20420564;18.75496964;387.457;42.1353;17.0;0.7;134.799
1753876264.67;2.0;49.20420569;18.75496956;387.456;42.1353;17.0;0.7;134.948
1753876264.68;2.0;49.20420575;18.75496948;387.4548;42.1353;17.0;0.7;135.035
1753876264.69;2.0;49.20420581;18.7549694;387.4543;42.1353;17.0;0.7;135.085
1753876264.7;2.0;49.20420587;18.75496932;387.4538;42.1353;17.0;0.7;135.137
1753876264.71;2.0;49.20420593;18.75496924;387.453;42.1353;17.0;0.7;135.243
1753876264.72;2.0;49.20420599;18.75496916;387.4524;42.1353;17.0;0.7;135.39
1753876264.73;2.0;49.20420604;18.75496908;387.452;42.1353;17.0;0.7;135.509
1753876264.74;2.0;49.2042061;18.754969;387.4515;42.1353;17.0;0.7;135.597
1753876264.75;2.0;49.20420616;18.75496891;387.4513;42.1353;17.0;0.7;135.657
1753876264.76;2.0;49.20420621;18.75496883;387.4512;42.1353;17.0;0.7;135.716
1753876264.77;2.0;49.20420627;18.75496874;387.4509;42.1353;17.0;0.7;135.792
1753876264.78;2.0;49.20420633;18.75496865;387.4507;42.1353;17.0;0.7;135.843
1753876264.79;2.0;49.20420638;18.75496857;387.4508;42.1353;17.0;0.7;135.893
1753876264.8;2.0;49.20420644;18.75496849;387.4511;42.1353;17.0;0.7;135.921
1753876264.81;2.0;49.2042065;18.75496841;387.4513;42.1353;17.0;0.7;135.987
1753876264.82;2.0;49.20420654;18.75496834;387.452;42.1353;17.0;0.7;136.092
1753876264.83;2.0;49.2042066;18.75496827;387.4517;42.1353;17.0;0.7;136.176
1753876264.84;2.0;49.20420665;18.7549682;387.4515;42.1353;17.0;0.7;136.212
1753876264.85;2.0;49.2042067;18.75496813;387.4516;42.1353;17.0;0.7;136.25
1753876264.86;2.0;49.20420674;18.75496807;387.4511;42.1353;17.0;0.7;136.286
1753876264.87;2.0;49.20420678;18.75496801;387.4505;42.1353;17.0;0.7;136.322
1753876264.88;2.0;49.20420682;18.75496796;387.4504;42.1353;17.0;0.7;136.343
1753876264.89;2.0;49.20420686;18.75496791;387.4504;42.1353;17.0;0.7;136.339
1753876264.9;2.0;49.20420688;18.75496787;387.4503;42.1353;17.0;0.7;136.326
1753876264.91;2.0;49.20420692;18.75496782;387.4501;42.1353;17.0;0.7;136.283
1753876264.92;2.0;49.20420695;18.75496778;387.45;42.1353;17.0;0.7;136.236
1753876264.93;2.0;49.20420698;18.75496774;387.4493;42.1353;17.0;0.7;136.175
1753876264.94;2.0;49.20420701;18.7549677;387.4485;42.1353;17.0;0.7;136.148
1753876264.95;2.0;49.20420704;18.75496766;387.4481;42.1353;17.0;0.7;136.069
1753876264.96;2.0;49.20420706;18.75496762;387.4475;42.1353;17.0;0.7;135.957
1753876264.97;2.0;49.20420709;18.75496757;387.4473;42.1353;17.0;0.7;135.836
1753876264.98;2.0;49.20420711;18.75496753;387.4469;42.1353;17.0;0.7;135.659
1753876264.99;2.0;49.20420713;18.75496749;387.4459;42.1353;17.0;0.7;135.456
1753876265.0;2.0;49.20420716;18.75496745;387.4445;42.1353;17.0;0.7;135.21
1753876265.01;2.0;49.20420718;18.75496741;387.4438;42.1353;17.0;0.7;135.008
1753876265.02;2.0;49.2042072;18.75496737;387.4433;42.1353;17.0;0.7;134.833
1753876265.03;2.0;49.20420722;18.75496733;387.4426;42.1353;17.0;0.7;134.606
1753876265.04;2.0;49.20420724;18.75496729;387.4418;42.1353;17.0;0.7;134.348
1753876265.05;2.0;49.20420726;18.75496725;387.4417;42.1353;17.0;0.7;134.118
1753876265.06;2.0;49.20420728;18.7549672;387.4419;42.1353;17.0;0.7;133.877
1753876265.07;2.0;49.2042073;18.75496717;387.4415;42.1353;17.0;0.7;133.61
1753876265.08;2.0;49.20420731;18.75496713;387.4408;42.1353;17.0;0.7;133.381
1753876265.09;2.0;49.20420733;18.75496708;387.4404;42.1353;17.0;0.7;133.129
1753876265.1;2.0;49.20420734;18.75496705;387.4406;42.1353;17.0;0.7;132.837
1753876265.11;2.0;49.20420735;18.75496701;387.4406;42.1353;17.0;0.7;132.532
1753876265.12;2.0;49.20420736;18.75496698;387.4402;42.1353;17.0;0.7;132.232
1753876265.13;2.0;49.20420737;18.75496695;387.4394;42.1353;17.0;0.7;131.953
1753876265.14;2.0;49.20420737;18.75496692;387.4387;42.1353;17.0;0.7;131.677
1753876265.15;2.0;49.20420738;18.7549669;387.4384;42.1353;17.0;0.7;131.395
1753876265.16;2.0;49.20420738;18.75496687;387.4385;42.1353;17.0;0.7;131.054
1753876265.17;2.0;49.20420738;18.75496685;387.4383;42.1353;17.0;0.7;130.698
1753876265.18;2.0;49.20420739;18.75496683;387.4381;42.1353;17.0;0.7;130.35
1753876265.19;2.0;49.20420739;18.7549668;387.4378;42.1353;17.0;0.7;130.055
1753876265.2;2.0;49.20420739;18.75496678;387.4376;42.1353;17.0;0.7;129.737
1753876265.21;2.0;49.20420739;18.75496676;387.4375;42.1353;17.0;0.7;129.388
1753876265.22;2.0;49.20420739;18.75496674;387.4374;42.1353;17.0;0.7;129.054
1753876265.23;2.0;49.20420739;18.75496672;387.4375;42.1353;17.0;0.7;128.756
1753876265.24;2.0;49.20420739;18.75496671;387.4377;42.1353;17.0;0.7;128.409
1753876265.25;2.0;49.20420738;18.75496669;387.4375;42.1353;17.0;0.7;128.102
1753876265.26;2.0;49.20420737;18.75496668;387.4369;42.1353;17.0;0.7;127.826
1753876265.27;2.0;49.20420736;18.75496666;387.4359;42.1353;17.0;0.7;127.482
1753876265.28;2.0;49.20420736;18.75496664;387.4349;42.1353;17.0;0.7;127.098
1753876265.29;2.0;49.20420734;18.75496663;387.4346;42.1353;17.0;0.7;126.685
1753876265.3;2.0;49.20420733;18.75496662;387.4345;42.1353;17.0;0.7;126.204
1753876265.31;2.0;49.20420732;18.7549666;387.4342;42.1353;17.0;0.7;125.764
1753876265.32;2.0;49.2042073;18.75496659;387.4337;42.1353;17.0;0.7;125.319
1753876265.33;2.0;49.20420729;18.75496658;387.433;42.1353;17.0;0.7;124.869
1753876265.34;2.0;49.20420727;18.75496658;387.4325;42.1353;17.0;0.7;124.475
1753876265.35;2.0;49.20420725;18.75496657;387.4325;42.1353;17.0;0.7;123.993
1753876265.36;2.0;49.20420723;18.75496656;387.4326;42.1353;17.0;0.7;123.449
1753876265.37;2.0;49.20420721;18.75496655;387.4325;42.1353;17.0;0.7;122.949
1753876265.38;2.0;49.2042072;18.75496655;387.4323;42.1353;17.0;0.7;122.485
1753876265.39;2.0;49.20420718;18.75496655;387.4322;42.1353;17.0;0.7;122.006
1753876265.4;2.0;49.20420716;18.75496655;387.4315;42.1353;17.0;0.7;121.54
1753876265.41;2.0;49.20420714;18.75496655;387.4312;42.1353;17.0;0.7;121.021
1753876265.42;2.0;49.20420712;18.75496656;387.4308;42.1353;17.0;0.7;120.472
1753876265.43;2.0;49.20420709;18.75496656;387.4307;42.1353;17.0;0.7;119.942
1753876265.44;2.0;49.20420707;18.75496657;387.4301;42.1353;17.0;0.7;119.315
1753876265.45;2.0;49.20420705;18.75496657;387.4296;42.1353;17.0;0.7;118.676
1753876265.46;2.0;49.20420703;18.75496659;387.429;42.1353;17.0;0.7;118.071
1753876265.47;2.0;49.204207;18.7549666;387.4289;42.1353;17.0;0.7;117.478
1753876265.48;2.0;49.20420698;18.75496662;387.4288;42.1353;17.0;0.7;116.837
1753876265.49;2.0;49.20420695;18.75496663;387.4283;42.1353;17.0;0.7;116.24
1753876265.5;2.0;49.20420693;18.75496666;387.4275;42.1353;17.0;0.7;115.623
1753876265.51;2.0;49.2042069;18.75496668;387.4269;42.1353;17.0;0.7;114.992
1753876265.52;2.0;49.20420687;18.7549667;387.4262;42.1353;17.0;0.7;114.374
1753876265.53;2.0;49.20420684;18.75496673;387.4258;42.1353;17.0;0.7;113.772
1753876265.54;2.0;49.20420681;18.75496676;387.4253;42.1353;17.0;0.7;113.156
1753876265.55;2.0;49.20420679;18.75496678;387.4245;42.1353;17.0;0.7;112.523
1753876265.56;2.0;49.20420677;18.75496681;387.4236;42.1353;17.0;0.7;111.901
1753876265.57;2.0;49.20420674;18.75496684;387.4229;42.1353;17.0;0.7;111.333
1753876265.58;2.0;49.20420671;18.75496688;387.4222;42.1353;17.0;0.7;110.742
1753876265.59;2.0;49.20420669;18.75496691;387.4215;42.1353;17.0;0.7;110.133
1753876265.6;2.0;49.20420666;18.75496694;387.4211;42.1353;17.0;0.7;109.518
1753876265.61;2.0;49.20420664;18.75496697;387.4213;42.1353;17.0;0.7;108.9
1753876265.62;2.0;49.20420661;18.754967;387.4215;42.1353;17.0;0.7;108.299
1753876265.63;2.0;49.20420659;18.75496703;387.421;42.1353;17.0;0.7;107.777
1753876265.64;2.0;49.20420657;18.75496706;387.4204;42.1353;17.0;0.7;107.296
1753876265.65;2.0;49.20420655;18.7549671;387.4198;42.1353;17.0;0.7;106.848
1753876265.66;2.0;49.20420653;18.75496713;387.4192;42.1353;17.0;0.7;106.368
1753876265.67;2.0;49.20420651;18.75496716;387.4185;42.1353;17.0;0.7;105.904
1753876265.68;2.0;49.20420648;18.7549672;387.4182;42.1353;17.0;0.7;105.461
1753876265.69;2.0;49.20420646;18.75496723;387.4174;42.1353;17.0;0.7;104.951
1753876265.7;2.0;49.20420644;18.75496726;387.4167;42.1353;17.0;0.7;104.479
1753876265.71;2.0;49.20420643;18.75496729;387.4162;42.1353;17.0;0.7;104.001
1753876265.72;2.0;49.20420641;18.75496731;387.4163;42.1353;17.0;0.7;103.453
1753876265.73;2.0;49.20420639;18.75496734;387.4168;42.1353;17.0;0.7;102.878
1753876265.74;2.0;49.20420637;18.75496737;387.4174;42.1353;17.0;0.7;102.26
1753876265.75;2.0;49.20420635;18.7549674;387.4174;42.1353;17.0;0.7;101.692
1753876265.76;2.0;49.20420633;18.75496743;387.4172;42.1353;17.0;0.7;101.138
1753876265.77;2.0;49.20420631;18.75496745;387.4172;42.1353;17.0;0.7;100.629
1753876265.78;2.0;49.20420629;18.75496748;387.4174;42.1353;17.0;0.7;100.097
1753876265.79;2.0;49.20420628;18.7549675;387.4173;42.1353;17.0;0.7;99.495
1753876265.8;2.0;49.20420626;18.75496753;387.4175;42.1353;17.0;0.7;98.856
1753876265.81;2.0;49.20420625;18.75496756;387.4172;42.1353;17.0;0.7;98.24
1753876265.82;2.0;49.20420624;18.75496759;387.4168;42.1353;17.0;0.7;97.648
1753876265.83;2.0;49.20420623;18.75496761;387.4166;42.1353;17.0;0.7;97.146
1753876265.84;2.0;49.20420621;18.75496764;387.4163;42.1353;17.0;0.7;96.64
1753876265.85;2.0;49.2042062;18.75496766;387.416;42.1353;17.0;0.7;96.113
1753876265.86;2.0;49.20420618;18.75496768;387.4157;42.1353;17.0;0.7;95.516
1753876265.87;2.0;49.20420617;18.75496771;387.4155;42.1353;17.0;0.7;94.906
1753876265.88;2.0;49.20420616;18.75496773;387.4155;42.1353;17.0;0.7;94.296
1753876265.89;2.0;49.20420616;18.75496774;387.4152;42.1353;17.0;0.7;93.704
1753876265.9;2.0;49.20420614;18.75496776;387.4151;42.1353;17.0;0.7;93.163
1753876265.91;2.0;49.20420613;18.75496779;387.4151;42.1353;17.0;0.7;92.671
1753876265.92;2.0;49.20420612;18.7549678;387.415;42.1353;17.0;0.7;92.165
1753876265.93;2.0;49.20420612;18.75496782;387.4147;42.1353;17.0;0.7;91.633
1753876265.94;2.0;49.20420612;18.75496784;387.4143;42.1353;17.0;0.7;91.091
1753876265.95;2.0;49.20420611;18.75496785;387.4136;42.1353;17.0;0.7;90.593
1753876265.96;2.0;49.20420611;18.75496787;387.4129;42.1353;17.0;0.7;90.254
1753876265.97;2.0;49.20420611;18.75496788;387.412;42.1353;17.0;0.7;90.004
1753876265.98;2.0;49.20420612;18.7549679;387.4109;42.1353;17.0;0.7;89.649
1753876265.99;2.0;49.20420612;18.75496791;387.4101;42.1353;17.0;0.7;89.334
1753876266.0;2.0;49.20420613;18.75496792;387.4097;42.1353;17.0;0.7;89.068
1753876266.01;2.0;49.20420613;18.75496793;387.4096;42.1353;17.0;0.7;88.828
1753876266.02;2.0;49.20420614;18.75496794;387.4098;42.1353;17.0;0.7;88.594
1753876266.03;2.0;49.20420614;18.75496794;387.4093;42.1353;17.0;0.7;88.386
1753876266.04;2.0;49.20420615;18.75496795;387.409;42.1353;17.0;0.7;88.265
1753876266.05;2.0;49.20420617;18.75496796;387.4078;42.1353;17.0;0.7;88.149
1753876266.06;2.0;49.20420617;18.75496796;387.4069;42.1353;17.0;0.7;88.039
1753876266.07;2.0;49.20420618;18.75496797;387.4056;42.1353;17.0;0.7;87.984
1753876266.08;2.0;49.20420619;18.75496797;387.4044;42.1353;17.0;0.7;87.977
1753876266.09;2.0;49.2042062;18.75496797;387.4043;42.1353;17.0;0.7;88.046
1753876266.1;2.0;49.20420622;18.75496797;387.4037;42.1353;17.0;0.7;88.179
1753876266.11;2.0;49.20420623;18.75496797;387.4031;42.1353;17.0;0.7;88.194
1753876266.12;2.0;49.20420625;18.75496797;387.4026;42.1353;17.0;0.7;88.269
1753876266.13;2.0;49.20420626;18.75496797;387.4015;42.1353;17.0;0.7;88.368
1753876266.14;2.0;49.20420628;18.75496796;387.4009;42.1353;17.0;0.7;88.452
1753876266.15;2.0;49.2042063;18.75496794;387.401;42.1353;17.0;0.7;88.549
1753876266.16;2.0;49.20420632;18.75496793;387.4011;42.1353;17.0;0.7;88.741
1753876266.17;2.0;49.20420633;18.75496792;387.4019;42.1353;17.0;0.7;88.94
1753876266.18;2.0;49.20420635;18.7549679;387.4029;42.1353;17.0;0.7;89.049
1753876266.19;2.0;49.20420637;18.75496788;387.4034;42.1353;17.0;0.7;89.138
1753876266.2;2.0;49.20420639;18.75496786;387.4039;42.1353;17.0;0.7;89.293
1753876266.21;2.0;49.2042064;18.75496784;387.404;42.1353;17.0;0.7;89.451
1753876266.22;2.0;49.20420642;18.75496782;387.404;42.1353;17.0;0.7;89.574
1753876266.23;2.0;49.20420644;18.7549678;387.4043;42.1353;17.0;0.7;89.662
1753876266.24;2.0;49.20420645;18.75496778;387.4042;42.1353;17.0;0.7;89.662
1753876266.25;2.0;49.20420646;18.75496776;387.4038;42.1353;17.0;0.7;89.716
1753876266.26;2.0;49.20420647;18.75496774;387.4038;42.1353;17.0;0.7;89.791
1753876266.27;2.0;49.20420649;18.75496773;387.4041;42.1353;17.0;0.7;89.782
1753876266.28;2.0;49.2042065;18.75496771;387.4042;42.1353;17.0;0.7;89.748
1753876266.29;2.0;49.20420651;18.75496769;387.4042;42.1353;17.0;0.7;89.758
1753876266.3;2.0;49.20420652;18.75496767;387.4044;42.1353;17.0;0.7;89.729
1753876266.31;2.0;49.20420653;18.75496766;387.4047;42.1353;17.0;0.7;89.748
1753876266.32;2.0;49.20420654;18.75496764;387.4046;42.1353;17.0;0.7;89.771
1753876266.33;2.0;49.20420655;18.75496762;387.4037;42.1353;17.0;0.7;89.776
1753876266.34;2.0;49.20420655;18.75496761;387.4033;42.1353;17.0;0.7;89.783
1753876266.35;2.0;49.20420656;18.75496758;387.403;42.1353;17.0;0.7;89.749
1753876266.36;2.0;49.20420656;18.75496756;387.4029;42.1353;17.0;0.7;89.669
1753876266.37;2.0;49.20420657;18.75496754;387.4025;42.1353;17.0;0.7;89.653
1753876266.38;2.0;49.20420658;18.75496753;387.4017;42.1353;17.0;0.7;89.642
1753876266.39;2.0;49.20420659;18.75496751;387.4015;42.1353;17.0;0.7;89.619
1753876266.4;2.0;49.20420659;18.75496749;387.4018;42.1353;17.0;0.7;89.609
1753876266.41;2.0;49.2042066;18.75496747;387.4019;42.1353;17.0;0.7;89.618
1753876266.42;2.0;49.20420661;18.75496745;387.402;42.1353;17.0;0.7;89.637
1753876266.43;2.0;49.20420662;18.75496743;387.4019;42.1353;17.0;0.7;89.663
1753876266.44;2.0;49.20420662;18.75496741;387.4017;42.1353;17.0;0.7;89.702
1753876266.45;2.0;49.20420663;18.7549674;387.402;42.1353;17.0;0.7;89.693
1753876266.46;2.0;49.20420664;18.75496738;387.4019;42.1353;17.0;0.7;89.626
1753876266.47;2.0;49.20420664;18.75496736;387.402;42.1353;17.0;0.7;89.58
1753876266.48;2.0;49.20420665;18.75496734;387.4015;42.1353;17.0;0.7;89.567
1753876266.49;2.0;49.20420666;18.75496732;387.4011;42.1353;17.0;0.7;89.607
1753876266.5;2.0;49.20420667;18.7549673;387.4008;42.1353;17.0;0.7;89.605
1753876266.51;2.0;49.20420668;18.75496728;387.4008;42.1353;17.0;0.7;89.59
1753876266.52;2.0;49.20420668;18.75496726;387.4019;42.1353;17.0;0.7;89.572
1753876266.53;2.0;49.20420669;18.75496724;387.4027;42.1353;17.0;0.7;89.535
1753876266.54;2.0;49.2042067;18.75496721;387.4023;42.1353;17.0;0.7;89.52
1753876266.55;2.0;49.20420671;18.75496718;387.4015;42.1353;17.0;0.7;89.57
1753876266.56;2.0;49.20420672;18.75496716;387.4012;42.1353;17.0;0.7;89.599
1753876266.57;2.0;49.20420673;18.75496713;387.4018;42.1353;17.0;0.7;89.698
1753876266.58;2.0;49.20420673;18.75496712;387.4016;42.1353;17.0;0.7;89.793
1753876266.59;2.0;49.20420674;18.75496711;387.4015;42.1353;17.0;0.7;90.015
1753876266.6;2.0;49.20420674;18.7549671;387.4023;42.1353;17.0;0.7;90.158
1753876266.61;2.0;49.20420675;18.75496709;387.4023;42.1353;17.0;0.7;90.284
1753876266.62;2.0;49.20420676;18.75496707;387.4023;42.1353;17.0;0.7;90.469
1753876266.63;2.0;49.20420677;18.75496705;387.4019;42.1353;17.0;0.7;90.732
1753876266.64;2.0;49.20420678;18.75496703;387.4014;42.1353;17.0;0.7;91.054
1753876266.65;2.0;49.20420678;18.754967;387.4022;42.1353;17.0;0.7;91.41
1753876266.66;2.0;49.2042068;18.75496698;387.4034;42.1353;17.0;0.7;91.731
1753876266.67;2.0;49.20420682;18.75496695;387.4043;42.1353;17.0;0.7;92.1
1753876266.68;2.0;49.20420684;18.75496692;387.4053;42.1353;17.0;0.7;92.503
1753876266.69;2.0;49.20420685;18.75496689;387.4067;42.1353;17.0;0.7;92.953
1753876266.7;2.0;49.20420687;18.75496686;387.4079;42.1353;17.0;0.7;93.293
1753876266.71;2.0;49.20420689;18.75496683;387.4083;42.1353;17.0;0.7;93.782
1753876266.72;2.0;49.20420691;18.7549668;387.4086;42.1353;17.0;0.7;94.418
1753876266.73;2.0;49.20420693;18.75496677;387.4093;42.1353;17.0;0.7;95.041
1753876266.74;2.0;49.20420695;18.75496675;387.4103;42.1353;17.0;0.7;95.575
1753876266.75;2.0;49.20420697;18.75496671;387.4113;42.1353;17.0;0.7;96.138
1753876266.76;2.0;49.204207;18.75496668;387.4117;42.1353;17.0;0.7;96.758
1753876266.77;2.0;49.20420703;18.75496665;387.4121;42.1353;17.0;0.7;97.429
1753876266.78;2.0;49.20420706;18.75496662;387.4128;42.1353;17.0;0.7;98.123
1753876266.79;2.0;49.20420709;18.75496658;387.4134;42.1353;17.0;0.7;98.8
1753876266.8;2.0;49.20420712;18.75496654;387.4141;42.1353;17.0;0.7;99.444
1753876266.81;2.0;49.20420715;18.7549665;387.4147;42.1353;17.0;0.7;100.051
1753876266.82;2.0;49.20420719;18.75496646;387.4149;42.1353;17.0;0.7;100.619
1753876266.83;2.0;49.20420723;18.75496642;387.415;42.1353;17.0;0.7;101.253
1753876266.84;2.0;49.20420727;18.75496638;387.4154;42.1353;17.0;0.7;101.9
1753876266.85;2.0;49.2042073;18.75496634;387.4157;42.1353;17.0;0.7;102.577
1753876266.86;2.0;49.20420734;18.75496631;387.4161;42.1353;17.0;0.7;103.306
1753876266.87;2.0;49.20420738;18.75496627;387.4166;42.1353;17.0;0.7;104.028
1753876266.88;2.0;49.20420741;18.75496623;387.4163;42.1353;17.0;0.7;104.664
1753876266.89;2.0;49.20420745;18.75496619;387.4166;42.1353;17.0;0.7;105.307
1753876266.9;2.0;49.20420749;18.75496616;387.4173;42.1353;17.0;0.7;105.9
1753876266.91;2.0;49.20420753;18.75496612;387.4177;42.1353;17.0;0.7;106.48
1753876266.92;2.0;49.20420756;18.75496609;387.418;42.1353;17.0;0.7;107.014
1753876266.93;2.0;49.2042076;18.75496606;387.4179;42.1353;17.0;0.7;107.546
1753876266.94;2.0;49.20420763;18.75496603;387.4189;42.1353;17.0;0.7;108.032
1753876266.95;2.0;49.20420766;18.75496602;387.4202;42.1353;17.0;0.7;108.531
1753876266.96;2.0;49.20420769;18.75496599;387.4209;42.1353;17.0;0.7;109.029
1753876266.97;2.0;49.20420773;18.75496597;387.4219;42.1353;17.0;0.7;109.506
1753876266.98;2.0;49.20420776;18.75496595;387.4229;42.1353;17.0;0.7;109.961
1753876266.99;2.0;49.20420779;18.75496594;387.4235;42.1353;17.0;0.7;110.43
1753876267.0;2.0;49.20420782;18.75496593;387.4241;42.1353;17.0;0.7;110.944
1753876267.01;2.0;49.20420784;18.75496591;387.4248;42.1353;17.0;0.7;111.513
1753876267.02;2.0;49.20420787;18.7549659;387.4258;42.1353;17.0;0.7;112.049
1753876267.03;2.0;49.20420791;18.75496588;387.4269;42.1353;17.0;0.7;112.558
1753876267.04;2.0;49.20420794;18.75496587;387.4278;42.1353;17.0;0.7;113.096
1753876267.05;2.0;49.20420797;18.75496586;387.4285;42.1353;17.0;0.7;113.679
1753876267.06;2.0;49.204208;18.75496585;387.4293;42.1353;17.0;0.7;114.277
1753876267.07;2.0;49.20420803;18.75496585;387.4309;42.1353;17.0;0.7;114.868
1753876267.08;2.0;49.20420806;18.75496584;387.4325;42.1353;17.0;0.7;115.474
1753876267.09;2.0;49.20420809;18.75496583;387.4333;42.1353;17.0;0.7;116.06
1753876267.1;2.0;49.20420813;18.75496583;387.4331;42.1353;17.0;0.7;116.568
1753876267.11;2.0;49.20420816;18.75496582;387.433;42.1353;17.0;0.7;117.084
1753876267.12;2.0;49.20420819;18.75496581;387.433;42.1353;17.0;0.7;117.647
1753876267.13;2.0;49.20420821;18.75496582;387.4324;42.1353;17.0;0.7;118.181
1753876267.14;2.0;49.20420824;18.75496582;387.4322;42.1353;17.0;0.7;118.75
1753876267.15;2.0;49.20420827;18.75496582;387.4317;42.1353;17.0;0.7;119.338
1753876267.16;2.0;49.2042083;18.75496582;387.4312;42.1353;17.0;0.7;119.917
1753876267.17;2.0;49.20420833;18.75496582;387.4312;42.1353;17.0;0.7;120.524
1753876267.18;2.0;49.20420835;18.75496582;387.4313;42.1353;17.0;0.7;121.078
1753876267.19;2.0;49.20420838;18.75496583;387.4313;42.1353;17.0;0.7;121.577
1753876267.2;2.0;49.2042084;18.75496583;387.4315;42.1353;17.0;0.7;121.987
1753876267.21;2.0;49.20420842;18.75496584;387.4316;42.1353;17.0;0.7;122.377
1753876267.22;2.0;49.20420845;18.75496584;387.431;42.1353;17.0;0.7;122.797
1753876267.23;2.0;49.20420847;18.75496585;387.4298;42.1353;17.0;0.7;123.256
1753876267.24;2.0;49.20420849;18.75496585;387.4292;42.1353;17.0;0.7;123.695
1753876267.25;2.0;49.20420851;18.75496586;387.4289;42.1353;17.0;0.7;124.041
1753876267.26;2.0;49.20420853;18.75496586;387.4288;42.1353;17.0;0.7;124.378
1753876267.27;2.0;49.20420854;18.75496586;387.4287;42.1353;17.0;0.7;124.719
1753876267.28;2.0;49.20420856;18.75496586;387.4284;42.1353;17.0;0.7;124.96
1753876267.29;2.0;49.20420857;18.75496586;387.4278;42.1353;17.0;0.7;125.197
1753876267.3;2.0;49.20420859;18.75496587;387.4275;42.1353;17.0;0.7;125.411
1753876267.31;2.0;49.20420859;18.75496587;387.4275;42.1353;17.0;0.7;125.54
1753876267.32;2.0;49.2042086;18.75496588;387.427;42.1353;17.0;0.7;125.679
1753876267.33;2.0;49.20420861;18.75496589;387.426;42.1353;17.0;0.7;125.791
1753876267.34;2.0;49.20420861;18.75496589;387.4253;42.1353;17.0;0.7;125.916
1753876267.35;2.0;49.20420862;18.7549659;387.4252;42.1353;17.0;0.7;126.08
1753876267.36;2.0;49.20420862;18.75496591;387.425;42.1353;17.0;0.7;126.178
1753876267.37;2.0;49.20420862;18.75496591;387.4249;42.1353;17.0;0.7;126.213
1753876267.38;2.0;49.20420863;18.75496592;387.4243;42.1353;17.0;0.7;126.244
1753876267.39;2.0;49.20420863;18.75496593;387.4242;42.1353;17.0;0.7;126.277
1753876267.4;2.0;49.20420863;18.75496593;387.4238;42.1353;17.0;0.7;126.28
1753876267.41;2.0;49.20420863;18.75496594;387.4236;42.1353;17.0;0.7;126.303
1753876267.42;2.0;49.20420863;18.75496594;387.4233;42.1353;17.0;0.7;126.291
1753876267.43;2.0;49.20420863;18.75496595;387.4233;42.1353;17.0;0.7;126.277
1753876267.44;2.0;49.20420862;18.75496596;387.4234;42.1353;17.0;0.7;126.207
1753876267.45;2.0;49.20420862;18.75496596;387.4234;42.1353;17.0;0.7;126.167
1753876267.46;2.0;49.20420861;18.75496596;387.4237;42.1353;17.0;0.7;126.138
1753876267.47;2.0;49.2042086;18.75496597;387.4238;42.1353;17.0;0.7;126.076
1753876267.48;2.0;49.20420859;18.75496598;387.4233;42.1353;17.0;0.7;126.032
1753876267.49;2.0;49.20420858;18.75496598;387.4228;42.1353;17.0;0.7;125.974
1753876267.5;2.0;49.20420858;18.75496598;387.4222;42.1353;17.0;0.7;125.827
1753876267.51;2.0;49.20420857;18.75496598;387.4223;42.1353;17.0;0.7;125.672
1753876267.52;2.0;49.20420857;18.75496598;387.4224;42.1353;17.0;0.7;125.538
1753876267.53;2.0;49.20420856;18.75496598;387.4226;42.1353;17.0;0.7;125.456
1753876267.54;2.0;49.20420856;18.75496597;387.4225;42.1353;17.0;0.7;125.407
1753876267.55;2.0;49.20420856;18.75496597;387.4221;42.1353;17.0;0.7;125.339
1753876267.56;2.0;49.20420856;18.75496597;387.422;42.1353;17.0;0.7;125.277
1753876267.57;2.0;49.20420855;18.75496598;387.4217;42.1353;17.0;0.7;125.182
1753876267.58;2.0;49.20420855;18.75496598;387.4214;42.1353;17.0;0.7;125.161
1753876267.59;2.0;49.20420855;18.75496598;387.4214;42.1353;17.0;0.7;125.137
1753876267.6;2.0;49.20420854;18.75496598;387.4211;42.1353;17.0;0.7;125.071
1753876267.61;2.0;49.20420854;18.75496598;387.421;42.1353;17.0;0.7;125.039
1753876267.62;2.0;49.20420854;18.75496598;387.421;42.1353;17.0;0.7;125.042
1753876267.63;2.0;49.20420854;18.75496598;387.4205;42.1353;17.0;0.7;125.024
1753876267.64;2.0;49.20420854;18.75496598;387.42;42.1353;17.0;0.7;124.995
1753876267.65;2.0;49.20420855;18.75496597;387.4193;42.1353;17.0;0.7;124.968
1753876267.66;2.0;49.20420855;18.75496597;387.4191;42.1353;17.0;0.7;125.014
1753876267.67;2.0;49.20420856;18.75496596;387.4186;42.1353;17.0;0.7;125.084
1753876267.68;2.0;49.20420856;18.75496595;387.4184;42.1353;17.0;0.7;125.111
1753876267.69;2.0;49.20420857;18.75496594;387.4182;42.1353;17.0;0.7;125.095
1753876267.7;2.0;49.20420858;18.75496593;387.4184;42.1353;17.0;0.7;125.097
1753876267.71;2.0;49.20420859;18.75496591;387.4183;42.1353;17.0;0.7;125.14
1753876267.72;2.0;49.2042086;18.7549659;387.4179;42.1353;17.0;0.7;125.187
1753876267.73;2.0;49.20420861;18.75496589;387.4176;42.1353;17.0;0.7;125.269
1753876267.74;2.0;49.20420862;18.75496587;387.4174;42.1353;17.0;0.7;125.36
1753876267.75;2.0;49.20420863;18.75496586;387.4173;42.1353;17.0;0.7;125.476
1753876267.76;2.0;49.20420864;18.75496584;387.4168;42.1353;17.0;0.7;125.497
1753876267.77;2.0;49.20420865;18.75496581;387.4161;42.1353;17.0;0.7;125.545
1753876267.78;2.0;49.20420866;18.7549658;387.4161;42.1353;17.0;0.7;125.586
1753876267.79;2.0;49.20420867;18.75496578;387.4163;42.1353;17.0;0.7;125.636
1753876267.8;2.0;49.20420868;18.75496576;387.4155;42.1353;17.0;0.7;125.722
1753876267.81;2.0;49.20420869;18.75496574;387.415;42.1353;17.0;0.7;125.798
1753876267.82;2.0;49.2042087;18.75496572;387.4148;42.1353;17.0;0.7;125.893
1753876267.83;2.0;49.20420872;18.7549657;387.4145;42.1353;17.0;0.7;125.928
1753876267.84;2.0;49.20420873;18.75496568;387.4142;42.1353;17.0;0.7;125.932
1753876267.85;2.0;49.20420874;18.75496566;387.4139;42.1353;17.0;0.7;125.975
1753876267.86;2.0;49.20420875;18.75496564;387.4135;42.1353;17.0;0.7;125.958
1753876267.87;2.0;49.20420876;18.75496562;387.4139;42.1353;17.0;0.7;125.942
1753876267.88;2.0;49.20420877;18.7549656;387.414;42.1353;17.0;0.7;125.933
1753876267.89;2.0;49.20420878;18.75496558;387.4142;42.1353;17.0;0.7;125.998
1753876267.9;2.0;49.20420879;18.75496556;387.4143;42.1353;17.0;0.7;126.078
1753876267.91;2.0;49.2042088;18.75496554;387.4145;42.1353;17.0;0.7;126.068
1753876267.92;2.0;49.2042088;18.75496552;387.4146;42.1353;17.0;0.7;126.066
1753876267.93;2.0;49.20420881;18.7549655;387.4145;42.1353;17.0;0.7;126.072
1753876267.94;2.0;49.20420882;18.75496547;387.4139;42.1353;17.0;0.7;126.01
1753876267.95;2.0;49.20420883;18.75496545;387.4135;42.1353;17.0;0.7;125.938
1753876267.96;2.0;49.20420884;18.75496543;387.413;42.1353;17.0;0.7;125.908
1753876267.97;2.0;49.20420885;18.75496542;387.4131;42.1353;17.0;0.7;125.874
1753876267.98;2.0;49.20420886;18.7549654;387.4132;42.1353;17.0;0.7;125.824
1753876267.99;2.0;49.20420887;18.75496538;387.4132;42.1353;17.0;0.7;125.797
1753876268.0;2.0;49.20420888;18.75496536;387.4128;42.1353;17.0;0.7;125.741
1753876268.01;2.0;49.20420889;18.75496534;387.4126;42.1353;17.0;0.7;125.775
1753876268.02;2.0;49.2042089;18.75496532;387.4122;42.1353;17.0;0.7;125.771
1753876268.03;2.0;49.20420891;18.7549653;387.4118;42.1353;17.0;0.7;125.71
1753876268.04;2.0;49.20420892;18.75496528;387.4111;42.1353;17.0;0.7;125.723
1753876268.05;2.0;49.20420893;18.75496525;387.4114;42.1353;17.0;0.7;125.814
1753876268.06;2.0;49.20420894;18.75496522;387.4117;42.1353;17.0;0.7;125.805
1753876268.07;2.0;49.20420895;18.75496519;387.4117;42.1353;17.0;0.7;125.801
1753876268.08;2.0;49.20420897;18.75496516;387.4112;42.1353;17.0;0.7;125.784
1753876268.09;2.0;49.20420899;18.75496513;387.4107;42.1353;17.0;0.7;125.872
1753876268.1;2.0;49.20420901;18.75496508;387.41;42.1353;17.0;0.7;125.949
1753876268.11;2.0;49.20420902;18.75496504;387.4095;42.1353;17.0;0.7;126.031
1753876268.12;2.0;49.20420904;18.754965;387.4094;42.1353;17.0;0.7;126.079
1753876268.13;2.0;49.20420906;18.75496495;387.4092;42.1353;17.0;0.7;126.088
1753876268.14;2.0;49.20420908;18.75496488;387.4088;42.1353;17.0;0.7;126.055
1753876268.15;2.0;49.2042091;18.75496482;387.4089;42.1353;17.0;0.7;126.05
1753876268.16;2.0;49.20420913;18.75496476;387.4086;42.1353;17.0;0.7;126.087
1753876268.17;2.0;49.20420915;18.75496469;387.4081;42.1353;17.0;0.7;126.086
1753876268.18;2.0;49.20420918;18.75496462;387.4082;42.1353;17.0;0.7;126.035
1753876268.19;2.0;49.20420921;18.75496455;387.4087;42.1353;17.0;0.7;125.998
1753876268.2;2.0;49.20420924;18.75496448;387.4084;42.1353;17.0;0.7;125.928
1753876268.21;2.0;49.20420926;18.7549644;387.4076;42.1353;17.0;0.7;125.891
1753876268.22;2.0;49.20420929;18.75496431;387.4073;42.1353;17.0;0.7;125.893
1753876268.23;2.0;49.20420932;18.75496423;387.407;42.1353;17.0;0.7;125.891
1753876268.24;2.0;49.20420935;18.75496415;387.4065;42.1353;17.0;0.7;125.895
1753876268.25;2.0;49.20420938;18.75496406;387.4059;42.1353;17.0;0.7;125.923
1753876268.26;2.0;49.20420941;18.75496397;387.4051;42.1353;17.0;0.7;125.994
1753876268.27;2.0;49.20420944;18.75496389;387.4041;42.1353;17.0;0.7;126.087
1753876268.28;2.0;49.20420947;18.7549638;387.4031;42.1353;17.0;0.7;126.139
1753876268.29;2.0;49.2042095;18.75496372;387.4024;42.1353;17.0;0.7;126.174
1753876268.3;2.0;49.20420953;18.75496364;387.4019;42.1353;17.0;0.7;126.197
1753876268.31;2.0;49.20420956;18.75496356;387.4016;42.1353;17.0;0.7;126.2
1753876268.32;2.0;49.20420959;18.75496348;387.4018;42.1353;17.0;0.7;126.229
1753876268.33;2.0;49.20420962;18.75496341;387.4023;42.1353;17.0;0.7;126.279
1753876268.34;2.0;49.20420964;18.75496334;387.4031;42.1353;17.0;0.7;126.296
1753876268.35;2.0;49.20420967;18.75496327;387.4032;42.1353;17.0;0.7;126.302
1753876268.36;2.0;49.20420969;18.75496321;387.4029;42.1353;17.0;0.7;126.319
1753876268.37;2.0;49.20420971;18.75496314;387.403;42.1353;17.0;0.7;126.322
1753876268.38;2.0;49.20420973;18.75496307;387.4034;42.1353;17.0;0.7;126.292
1753876268.39;2.0;49.20420975;18.75496302;387.4036;42.1353;17.0;0.7;126.262
1753876268.4;2.0;49.20420977;18.75496296;387.4031;42.1353;17.0;0.7;126.264
1753876268.41;2.0;49.20420979;18.7549629;387.4023;42.1353;17.0;0.7;126.256
1753876268.42;2.0;49.20420982;18.75496285;387.4023;42.1353;17.0;0.7;126.279
1753876268.43;2.0;49.20420984;18.75496279;387.4023;42.1353;17.0;0.7;126.303
1753876268.44;2.0;49.20420986;18.75496273;387.4026;42.1353;17.0;0.7;126.332
1753876268.45;2.0;49.20420987;18.75496268;387.4031;42.1353;17.0;0.7;126.371
1753876268.46;2.0;49.2042099;18.75496262;387.4037;42.1353;17.0;0.7;126.368
1753876268.47;2.0;49.20420992;18.75496257;387.4038;42.1353;17.0;0.7;126.337
1753876268.48;2.0;49.20420993;18.75496251;387.4034;42.1353;17.0;0.7;126.352
1753876268.49;2.0;49.20420995;18.75496245;387.4027;42.1353;17.0;0.7;126.361
1753876268.5;2.0;49.20420997;18.75496239;387.402;42.1353;17.0;0.7;126.32
1753876268.51;2.0;49.20420998;18.75496233;387.4016;42.1353;17.0;0.7;126.271
1753876268.52;2.0;49.20420999;18.75496227;387.401;42.1353;17.0;0.7;126.224
1753876268.53;2.0;49.20421001;18.75496221;387.4003;42.1353;17.0;0.7;126.201
1753876268.54;2.0;49.20421003;18.75496214;387.399;42.1353;17.0;0.7;126.224
1753876268.55;2.0;49.20421004;18.75496207;387.3972;42.1353;17.0;0.7;126.214
1753876268.56;2.0;49.20421006;18.75496199;387.3957;42.1353;17.0;0.7;126.221
1753876268.57;2.0;49.20421007;18.75496193;387.3945;42.1353;17.0;0.7;126.268
1753876268.58;2.0;49.20421009;18.75496186;387.3933;42.1353;17.0;0.7;126.307
1753876268.59;2.0;49.20421011;18.75496179;387.3922;42.1353;17.0;0.7;126.403
1753876268.6;2.0;49.20421013;18.75496172;387.3913;42.1353;17.0;0.7;126.48
1753876268.61;2.0;49.20421015;18.75496165;387.3904;42.1353;17.0;0.7;126.521
1753876268.62;2.0;49.20421018;18.75496157;387.3896;42.1353;17.0;0.7;126.526
1753876268.63;2.0;49.20421021;18.7549615;387.3886;42.1353;17.0;0.7;126.532
1753876268.64;2.0;49.20421023;18.75496142;387.3883;42.1353;17.0;0.7;126.525
1753876268.65;2.0;49.20421027;18.75496134;387.3886;42.1353;17.0;0.7;126.546
1753876268.66;2.0;49.2042103;18.75496126;387.3894;42.1353;17.0;0.7;126.556
1753876268.67;2.0;49.20421033;18.75496119;387.3901;42.1353;17.0;0.7;126.533
1753876268.68;2.0;49.20421036;18.75496111;387.3906;42.1353;17.0;0.7;126.487
1753876268.69;2.0;49.2042104;18.75496104;387.3912;42.1353;17.0;0.7;126.411
1753876268.7;2.0;49.20421044;18.75496096;387.3914;42.1353;17.0;0.7;126.343
1753876268.71;2.0;49.20421048;18.75496089;387.3914;42.1353;17.0;0.7;126.302
1753876268.72;2.0;49.20421052;18.75496082;387.3919;42.1353;17.0;0.7;126.279
1753876268.73;2.0;49.20421056;18.75496074;387.3925;42.1353;17.0;0.7;126.255
1753876268.74;2.0;49.2042106;18.75496067;387.3927;42.1353;17.0;0.7;126.2
1753876268.75;2.0;49.20421064;18.7549606;387.3927;42.1353;17.0;0.7;126.154
1753876268.76;2.0;49.20421068;18.75496053;387.3924;42.1353;17.0;0.7;126.19
1753876268.77;2.0;49.20421073;18.75496045;387.3921;42.1353;17.0;0.7;126.226
1753876268.78;2.0;49.20421077;18.75496039;387.3915;42.1353;17.0;0.7;126.293
1753876268.79;2.0;49.20421081;18.75496032;387.391;42.1353;17.0;0.7;126.438
1753876268.8;2.0;49.20421084;18.75496025;387.3908;42.1353;17.0;0.7;126.576
1753876268.81;2.0;49.20421088;18.75496018;387.391;42.1353;17.0;0.7;126.618
1753876268.82;2.0;49.20421091;18.75496012;387.3914;42.1353;17.0;0.7;126.671
1753876268.83;2.0;49.20421095;18.75496006;387.3921;42.1353;17.0;0.7;126.729
1753876268.84;2.0;49.20421098;18.75496;387.3923;42.1353;17.0;0.7;126.778
1753876268.85;2.0;49.20421101;18.75495993;387.3924;42.1353;17.0;0.7;126.798
1753876268.86;2.0;49.20421105;18.75495987;387.3929;42.1353;17.0;0.7;126.758
1753876268.87;2.0;49.20421108;18.7549598;387.3935;42.1353;17.0;0.7;126.722
1753876268.88;2.0;49.20421111;18.75495974;387.3939;42.1353;17.0;0.7;126.704
1753876268.89;2.0;49.20421115;18.75495967;387.3942;42.1353;17.0;0.7;126.66
1753876268.9;2.0;49.20421119;18.7549596;387.3944;42.1353;17.0;0.7;126.6
1753876268.91;2.0;49.20421123;18.75495953;387.3945;42.1353;17.0;0.7;126.57
1753876268.92;2.0;49.20421126;18.75495946;387.3941;42.1353;17.0;0.7;126.563
1753876268.93;2.0;49.2042113;18.75495938;387.3935;42.1353;17.0;0.7;126.582
1753876268.94;2.0;49.20421133;18.7549593;387.3934;42.1353;17.0;0.7;126.568
1753876268.95;2.0;49.20421136;18.75495923;387.3935;42.1353;17.0;0.7;126.52
1753876268.96;2.0;49.2042114;18.75495915;387.3933;42.1353;17.0;0.7;126.489
1753876268.97;2.0;49.20421142;18.75495908;387.3932;42.1353;17.0;0.7;126.454
1753876268.98;2.0;49.20421145;18.75495901;387.3937;42.1353;17.0;0.7;126.425
1753876268.99;2.0;49.20421148;18.75495894;387.394;42.1353;17.0;0.7;126.398
1753876269.0;2.0;49.20421151;18.75495887;387.3945;42.1353;17.0;0.7;126.365
1753876269.01;2.0;49.20421154;18.75495881;387.3953;42.1353;17.0;0.7;126.323
1753876269.02;2.0;49.20421157;18.75495874;387.3955;42.1353;17.0;0.7;126.27
1753876269.03;2.0;49.20421161;18.75495867;387.3953;42.1353;17.0;0.7;126.261
1753876269.04;2.0;49.20421164;18.7549586;387.3952;42.1353;17.0;0.7;126.272
1753876269.05;2.0;49.20421167;18.75495854;387.3952;42.1353;17.0;0.7;126.329
1753876269.06;2.0;49.2042117;18.75495847;387.3946;42.1353;17.0;0.7;126.407
1753876269.07;2.0;49.20421173;18.75495839;387.3939;42.1353;17.0;0.7;126.527
1753876269.08;2.0;49.20421176;18.75495832;387.394;42.1353;17.0;0.7;126.595
1753876269.09;2.0;49.20421179;18.75495824;387.3939;42.1353;17.0;0.7;126.642
1753876269.1;2.0;49.20421182;18.75495817;387.3938;42.1353;17.0;0.7;126.675
1753876269.11;2.0;49.20421185;18.75495809;387.3938;42.1353;17.0;0.7;126.702
1753876269.12;2.0;49.20421187;18.75495801;387.3933;42.1353;17.0;0.7;126.711
1753876269.13;2.0;49.2042119;18.75495794;387.3927;42.1353;17.0;0.7;126.739
1753876269.14;2.0;49.20421193;18.75495786;387.3922;42.1353;17.0;0.7;126.803
1753876269.15;2.0;49.20421195;18.75495778;387.3921;42.1353;17.0;0.7;126.854
1753876269.16;2.0;49.20421198;18.75495771;387.3921;42.1353;17.0;0.7;126.86
1753876269.17;2.0;49.20421201;18.75495763;387.3924;42.1353;17.0;0.7;126.794
1753876269.18;2.0;49.20421204;18.75495756;387.3926;42.1353;17.0;0.7;126.746
1753876269.19;2.0;49.20421207;18.75495749;387.3931;42.1353;17.0;0.7;126.728
1753876269.2;2.0;49.20421209;18.75495742;387.3936;42.1353;17.0;0.7;126.698
1753876269.21;2.0;49.20421212;18.75495735;387.3936;42.1353;17.0;0.7;126.695
1753876269.22;2.0;49.20421215;18.75495728;387.3933;42.1353;17.0;0.7;126.638
1753876269.23;2.0;49.20421217;18.75495722;387.3931;42.1353;17.0;0.7;126.599
1753876269.24;2.0;49.2042122;18.75495715;387.3928;42.1353;17.0;0.7;126.548
1753876269.25;2.0;49.20421223;18.75495708;387.3926;42.1353;17.0;0.7;126.561
1753876269.26;2.0;49.20421226;18.75495701;387.3923;42.1353;17.0;0.7;126.581
1753876269.27;2.0;49.20421228;18.75495694;387.3924;42.1353;17.0;0.7;126.612
1753876269.28;2.0;49.20421231;18.75495687;387.3919;42.1353;17.0;0.7;126.632
1753876269.29;2.0;49.20421235;18.75495679;387.3916;42.1353;17.0;0.7;126.622
1753876269.3;2.0;49.20421238;18.75495672;387.3912;42.1353;17.0;0.7;126.634
1753876269.31;2.0;49.20421242;18.75495665;387.3914;42.1353;17.0;0.7;126.637
1753876269.32;2.0;49.20421245;18.75495657;387.3919;42.1353;17.0;0.7;126.581
1753876269.33;2.0;49.20421248;18.7549565;387.3927;42.1353;17.0;0.7;126.526
1753876269.34;2.0;49.20421252;18.75495643;387.3935;42.1353;17.0;0.7;126.526
1753876269.35;2.0;49.20421254;18.75495636;387.3941;42.1353;17.0;0.7;126.552
1753876269.36;2.0;49.20421257;18.75495629;387.3943;42.1353;17.0;0.7;126.6
1753876269.37;2.0;49.20421261;18.75495622;387.3934;42.1353;17.0;0.7;126.627
1753876269.38;2.0;49.20421263;18.75495615;387.3924;42.1353;17.0;0.7;126.646
1753876269.39;2.0;49.20421267;18.75495607;387.3915;42.1353;17.0;0.7;126.663
1753876269.4;2.0;49.20421269;18.754956;387.3907;42.1353;17.0;0.7;126.653
1753876269.41;2.0;49.20421272;18.75495593;387.3899;42.1353;17.0;0.7;126.656
1753876269.42;2.0;49.20421275;18.75495585;387.3888;42.1353;17.0;0.7;126.656
1753876269.43;2.0;49.20421278;18.75495578;387.3882;42.1353;17.0;0.7;126.688
1753876269.44;2.0;49.2042128;18.75495571;387.3878;42.1353;17.0;0.7;126.75
1753876269.45;2.0;49.20421283;18.75495564;387.3878;42.1353;17.0;0.7;126.745
1753876269.46;2.0;49.20421286;18.75495556;387.3876;42.1353;17.0;0.7;126.746
1753876269.47;2.0;49.20421289;18.75495549;387.3871;42.1353;17.0;0.7;126.752
1753876269.48;2.0;49.20421292;18.75495542;387.3873;42.1353;17.0;0.7;126.786
1753876269.49;2.0;49.20421295;18.75495535;387.3872;42.1353;17.0;0.7;126.818
1753876269.5;2.0;49.20421297;18.75495529;387.3866;42.1353;17.0;0.7;126.841
1753876269.51;2.0;49.204213;18.75495522;387.3864;42.1353;17.0;0.7;126.872
1753876269.52;2.0;49.20421302;18.75495516;387.3865;42.1353;17.0;0.7;126.914
1753876269.53;2.0;49.20421305;18.75495509;387.387;42.1353;17.0;0.7;126.915
1753876269.54;2.0;49.20421308;18.75495503;387.3877;42.1353;17.0;0.7;126.941
1753876269.55;2.0;49.20421311;18.75495496;387.3881;42.1353;17.0;0.7;126.976
1753876269.56;2.0;49.20421314;18.75495489;387.3888;42.1353;17.0;0.7;126.991
1753876269.57;2.0;49.20421317;18.75495482;387.3889;42.1353;17.0;0.7;127.011
1753876269.58;2.0;49.2042132;18.75495474;387.3888;42.1353;17.0;0.7;127.049
1753876269.59;2.0;49.20421323;18.75495467;387.3884;42.1353;17.0;0.7;127.081
1753876269.6;2.0;49.20421327;18.75495459;387.3884;42.1353;17.0;0.7;127.062
1753876269.61;2.0;49.20421331;18.75495451;387.3886;42.1353;17.0;0.7;127.039
1753876269.62;2.0;49.20421334;18.75495443;387.389;42.1353;17.0;0.7;127.023
1753876269.63;2.0;49.20421338;18.75495435;387.3891;42.1353;17.0;0.7;127.008
1753876269.64;2.0;49.20421341;18.75495427;387.389;42.1353;17.0;0.7;126.956
1753876269.65;2.0;49.20421344;18.75495418;387.389;42.1353;17.0;0.7;126.884
1753876269.66;2.0;49.20421347;18.75495411;387.3892;42.1353;17.0;0.7;126.856
1753876269.67;2.0;49.20421351;18.75495403;387.3895;42.1353;17.0;0.7;126.85
1753876269.68;2.0;49.20421354;18.75495395;387.3892;42.1353;17.0;0.7;126.842
1753876269.69;2.0;49.20421358;18.75495387;387.3888;42.1353;17.0;0.7;126.761
1753876269.7;2.0;49.20421362;18.75495379;387.3886;42.1353;17.0;0.7;126.734
1753876269.71;2.0;49.20421365;18.75495371;387.3891;42.1353;17.0;0.7;126.749
1753876269.72;2.0;49.20421368;18.75495363;387.3901;42.1353;17.0;0.7;126.783
1753876269.73;2.0;49.20421372;18.75495356;387.3916;42.1353;17.0;0.7;126.75
1753876269.74;2.0;49.20421375;18.75495348;387.3927;42.1353;17.0;0.7;126.672
1753876269.75;2.0;49.20421378;18.75495341;387.3932;42.1353;17.0;0.7;126.587
1753876269.76;2.0;49.20421381;18.75495333;387.3933;42.1353;17.0;0.7;126.501
1753876269.77;2.0;49.20421383;18.75495326;387.3934;42.1353;17.0;0.7;126.397
1753876269.78;2.0;49.20421385;18.75495318;387.3933;42.1353;17.0;0.7;126.232
1753876269.79;2.0;49.20421387;18.75495311;387.3928;42.1353;17.0;0.7;126.042
1753876269.8;2.0;49.20421389;18.75495303;387.3921;42.1353;17.0;0.7;125.915
1753876269.81;2.0;49.20421391;18.75495295;387.3919;42.1353;17.0;0.7;125.815
1753876269.82;2.0;49.20421393;18.75495288;387.3916;42.1353;17.0;0.7;125.701
1753876269.83;2.0;49.20421395;18.7549528;387.3915;42.1353;17.0;0.7;125.634
1753876269.84;2.0;49.20421397;18.75495272;387.3913;42.1353;17.0;0.7;125.548
1753876269.85;2.0;49.204214;18.75495263;387.3909;42.1353;17.0;0.7;125.508
1753876269.86;2.0;49.20421403;18.75495255;387.3904;42.1353;17.0;0.7;125.479
1753876269.87;2.0;49.20421405;18.75495247;387.3894;42.1353;17.0;0.7;125.447
1753876269.88;2.0;49.20421408;18.75495239;387.3888;42.1353;17.0;0.7;125.418
1753876269.89;2.0;49.20421411;18.75495231;387.3892;42.1353;17.0;0.7;125.411
1753876269.9;2.0;49.20421415;18.75495223;387.3894;42.1353;17.0;0.7;125.408
1753876269.91;2.0;49.20421418;18.75495214;387.3895;42.1353;17.0;0.7;125.386
1753876269.92;2.0;49.20421422;18.75495206;387.39;42.1353;17.0;0.7;125.421
1753876269.93;2.0;49.20421426;18.75495198;387.391;42.1353;17.0;0.7;125.445
1753876269.94;2.0;49.20421429;18.75495189;387.3915;42.1353;17.0;0.7;125.447
1753876269.95;2.0;49.20421433;18.7549518;387.3915;42.1353;17.0;0.7;125.444
1753876269.96;2.0;49.20421437;18.75495171;387.391;42.1353;17.0;0.7;125.464
1753876269.97;2.0;49.20421441;18.75495162;387.3907;42.1353;17.0;0.7;125.512
1753876269.98;2.0;49.20421445;18.75495153;387.3901;42.1353;17.0;0.7;125.582
1753876269.99;2.0;49.20421449;18.75495143;387.389;42.1353;17.0;0.7;125.694
1753876270.0;2.0;49.20421453;18.75495134;387.3878;42.1353;17.0;0.7;125.748
1753876270.01;2.0;49.20421457;18.75495125;387.3866;42.1353;17.0;0.7;125.794
1753876270.02;2.0;49.20421461;18.75495115;387.3843;42.1353;17.0;0.7;125.844
1753876270.03;2.0;49.20421464;18.75495105;387.3819;42.1353;17.0;0.7;125.927
1753876270.04;2.0;49.20421468;18.75495096;387.3802;42.1353;17.0;0.7;126.051
1753876270.05;2.0;49.20421471;18.75495087;387.379;42.1353;17.0;0.7;126.147
1753876270.06;2.0;49.20421474;18.75495078;387.3781;42.1353;17.0;0.7;126.191
1753876270.07;2.0;49.20421477;18.7549507;387.378;42.1353;17.0;0.7;126.245
1753876270.08;2.0;49.2042148;18.75495061;387.3774;42.1353;17.0;0.7;126.282
1753876270.09;2.0;49.20421483;18.75495053;387.3774;42.1353;17.0;0.7;126.269
1753876270.1;2.0;49.20421486;18.75495044;387.3773;42.1353;17.0;0.7;126.221
1753876270.11;2.0;49.2042149;18.75495035;387.3775;42.1353;17.0;0.7;126.155
1753876270.12;2.0;49.20421493;18.75495026;387.3778;42.1353;17.0;0.7;126.1
1753876270.13;2.0;49.20421496;18.75495017;387.3781;42.1353;17.0;0.7;126.044
1753876270.14;2.0;49.20421499;18.75495008;387.3788;42.1353;17.0;0.7;125.982
1753876270.15;2.0;49.20421502;18.75494999;387.3794;42.1353;17.0;0.7;125.91
1753876270.16;2.0;49.20421505;18.7549499;387.3795;42.1353;17.0;0.7;125.864
1753876270.17;2.0;49.20421509;18.75494981;387.3798;42.1353;17.0;0.7;125.824
1753876270.18;2.0;49.20421512;18.75494972;387.3799;42.1353;17.0;0.7;125.794
1753876270.19;2.0;49.20421515;18.75494963;387.3799;42.1353;17.0;0.7;125.768
1753876270.2;2.0;49.20421519;18.75494954;387.3804;42.1353;17.0;0.7;125.717
1753876270.21;2.0;49.20421522;18.75494945;387.3808;42.1353;17.0;0.7;125.705
1753876270.22;2.0;49.20421526;18.75494937;387.381;42.1353;17.0;0.7;125.757
1753876270.23;2.0;49.20421529;18.75494929;387.3813;42.1353;17.0;0.7;125.833
1753876270.24;2.0;49.20421532;18.7549492;387.3826;42.1353;17.0;0.7;125.877
1753876270.25;2.0;49.20421535;18.75494912;387.384;42.1353;17.0;0.7;125.841
1753876270.26;2.0;49.20421537;18.75494904;387.3852;42.1353;17.0;0.7;125.812
1753876270.27;2.0;49.2042154;18.75494896;387.3864;42.1353;17.0;0.7;125.777
1753876270.28;2.0;49.20421544;18.75494888;387.3875;42.1353;17.0;0.7;125.765
1753876270.29;2.0;49.20421547;18.7549488;387.3881;42.1353;17.0;0.7;125.769
1753876270.3;2.0;49.2042155;18.75494872;387.3877;42.1353;17.0;0.7;125.796
1753876270.31;2.0;49.20421553;18.75494864;387.3874;42.1353;17.0;0.7;125.864
1753876270.32;2.0;49.20421556;18.75494855;387.3873;42.1353;17.0;0.7;125.868
1753876270.33;2.0;49.20421559;18.75494847;387.387;42.1353;17.0;0.7;125.841
1753876270.34;2.0;49.20421563;18.75494838;387.3865;42.1353;17.0;0.7;125.812
1753876270.35;2.0;49.20421566;18.7549483;387.3862;42.1353;17.0;0.7;125.787
1753876270.36;2.0;49.20421569;18.75494822;387.3856;42.1353;17.0;0.7;125.836
1753876270.37;2.0;49.20421572;18.75494813;387.3846;42.1353;17.0;0.7;125.901
1753876270.38;2.0;49.20421575;18.75494805;387.3836;42.1353;17.0;0.7;125.946
1753876270.39;2.0;49.20421577;18.75494797;387.3824;42.1353;17.0;0.7;125.96
1753876270.4;2.0;49.2042158;18.75494788;387.3819;42.1353;17.0;0.7;125.945
1753876270.41;2.0;49.20421583;18.75494779;387.3815;42.1353;17.0;0.7;125.88
1753876270.42;2.0;49.20421586;18.75494771;387.3802;42.1353;17.0;0.7;125.837
1753876270.43;2.0;49.20421588;18.75494763;387.3791;42.1353;17.0;0.7;125.863
1753876270.44;2.0;49.20421591;18.75494755;387.3789;42.1353;17.0;0.7;125.853
1753876270.45;2.0;49.20421594;18.75494746;387.3791;42.1353;17.0;0.7;125.779
1753876270.46;2.0;49.20421597;18.75494738;387.3795;42.1353;17.0;0.7;125.745
1753876270.47;2.0;49.204216;18.7549473;387.3796;42.1353;17.0;0.7;125.757
1753876270.48;2.0;49.20421603;18.75494721;387.3796;42.1353;17.0;0.7;125.765
1753876270.49;2.0;49.20421606;18.75494713;387.3798;42.1353;17.0;0.7;125.718
1753876270.5;2.0;49.2042161;18.75494704;387.3804;42.1353;17.0;0.7;125.686
1753876270.51;2.0;49.20421613;18.75494696;387.381;42.1353;17.0;0.7;125.644
1753876270.52;2.0;49.20421616;18.75494687;387.3816;42.1353;17.0;0.7;125.57
1753876270.53;2.0;49.20421619;18.75494678;387.3818;42.1353;17.0;0.7;125.511
1753876270.54;2.0;49.20421622;18.7549467;387.3821;42.1353;17.0;0.7;125.511
1753876270.55;2.0;49.20421625;18.75494661;387.3819;42.1353;17.0;0.7;125.509
1753876270.56;2.0;49.20421628;18.75494653;387.3815;42.1353;17.0;0.7;125.527
1753876270.57;2.0;49.20421631;18.75494644;387.3813;42.1353;17.0;0.7;125.487
1753876270.58;2.0;49.20421633;18.75494636;387.3816;42.1353;17.0;0.7;125.427
1753876270.59;2.0;49.20421637;18.75494628;387.3816;42.1353;17.0;0.7;125.418
1753876270.6;2.0;49.2042164;18.7549462;387.3815;42.1353;17.0;0.7;125.394
1753876270.61;2.0;49.20421643;18.75494611;387.3814;42.1353;17.0;0.7;125.346
1753876270.62;2.0;49.20421647;18.75494603;387.3818;42.1353;17.0;0.7;125.344
1753876270.63;2.0;49.20421651;18.75494595;387.3824;42.1353;17.0;0.7;125.343
1753876270.64;2.0;49.20421654;18.75494587;387.383;42.1353;17.0;0.7;125.327
1753876270.65;2.0;49.20421658;18.75494579;387.3836;42.1353;17.0;0.7;125.339
1753876270.66;2.0;49.20421661;18.75494571;387.3839;42.1353;17.0;0.7;125.331
1753876270.67;2.0;49.20421665;18.75494562;387.3838;42.1353;17.0;0.7;125.244
1753876270.68;2.0;49.20421668;18.75494554;387.3838;42.1353;17.0;0.7;125.159
1753876270.69;2.0;49.20421672;18.75494546;387.3834;42.1353;17.0;0.7;125.126
1753876270.7;2.0;49.20421675;18.75494538;387.3826;42.1353;17.0;0.7;125.117
1753876270.71;2.0;49.20421678;18.75494531;387.3815;42.1353;17.0;0.7;125.095
1753876270.72;2.0;49.20421681;18.75494524;387.3807;42.1353;17.0;0.7;125.092
1753876270.73;2.0;49.20421685;18.75494516;387.3805;42.1353;17.0;0.7;125.121
1753876270.74;2.0;49.20421688;18.75494509;387.3801;42.1353;17.0;0.7;125.152
1753876270.75;2.0;49.20421691;18.75494502;387.3797;42.1353;17.0;0.7;125.16
1753876270.76;2.0;49.20421694;18.75494495;387.3787;42.1353;17.0;0.7;125.212
1753876270.77;2.0;49.20421697;18.75494487;387.3767;42.1353;17.0;0.7;125.311
1753876270.78;2.0;49.204217;18.7549448;387.3754;42.1353;17.0;0.7;125.414
1753876270.79;2.0;49.20421702;18.75494472;387.3742;42.1353;17.0;0.7;125.463
1753876270.8;2.0;49.20421705;18.75494465;387.3736;42.1353;17.0;0.7;125.538
1753876270.81;2.0;49.20421708;18.75494457;387.3729;42.1353;17.0;0.7;125.597
1753876270.82;2.0;49.2042171;18.75494448;387.3727;42.1353;17.0;0.7;125.67
1753876270.83;2.0;49.20421713;18.7549444;387.3725;42.1353;17.0;0.7;125.697
1753876270.84;2.0;49.20421716;18.75494431;387.3722;42.1353;17.0;0.7;125.698
1753876270.85;2.0;49.2042172;18.75494423;387.3721;42.1353;17.0;0.7;125.678
1753876270.86;2.0;49.20421724;18.75494414;387.3723;42.1353;17.0;0.7;125.665
1753876270.87;2.0;49.20421727;18.75494405;387.372;42.1353;17.0;0.7;125.654
1753876270.88;2.0;49.2042173;18.75494396;387.3713;42.1353;17.0;0.7;125.64
1753876270.89;2.0;49.20421734;18.75494387;387.3713;42.1353;17.0;0.7;125.604
1753876270.9;2.0;49.20421737;18.75494378;387.372;42.1353;17.0;0.7;125.539
1753876270.91;2.0;49.20421741;18.7549437;387.3727;42.1353;17.0;0.7;125.479
1753876270.92;2.0;49.20421744;18.75494361;387.3725;42.1353;17.0;0.7;125.404
1753876270.93;2.0;49.20421747;18.75494353;387.3724;42.1353;17.0;0.7;125.346
1753876270.94;2.0;49.2042175;18.75494345;387.3726;42.1353;17.0;0.7;125.289
1753876270.95;2.0;49.20421753;18.75494337;387.3732;42.1353;17.0;0.7;125.287
1753876270.96;2.0;49.20421756;18.75494329;387.3741;42.1353;17.0;0.7;125.333
1753876270.97;2.0;49.20421759;18.75494321;387.3746;42.1353;17.0;0.7;125.312
1753876270.98;2.0;49.20421761;18.75494313;387.375;42.1353;17.0;0.7;125.258
1753876270.99;2.0;49.20421765;18.75494305;387.3758;42.1353;17.0;0.7;125.205
1753876271.0;2.0;49.20421768;18.75494298;387.3765;42.1353;17.0;0.7;125.208
1753876271.01;2.0;49.20421771;18.7549429;387.3768;42.1353;17.0;0.7;125.206
1753876271.02;2.0;49.20421774;18.75494282;387.3769;42.1353;17.0;0.7;125.186
1753876271.03;2.0;49.20421778;18.75494274;387.3767;42.1353;17.0;0.7;125.187
1753876271.04;2.0;49.20421782;18.75494266;387.3768;42.1353;17.0;0.7;125.283
1753876271.05;2.0;49.20421786;18.75494258;387.3771;42.1353;17.0;0.7;125.401
1753876271.06;2.0;49.20421789;18.75494249;387.3775;42.1353;17.0;0.7;125.478
1753876271.07;2.0;49.20421793;18.75494241;387.3773;42.1353;17.0;0.7;125.509
1753876271.08;2.0;49.20421797;18.75494233;387.3769;42.1353;17.0;0.7;125.526
1753876271.09;2.0;49.204218;18.75494225;387.3765;42.1353;17.0;0.7;125.547
1753876271.1;2.0;49.20421803;18.75494218;387.3766;42.1353;17.0;0.7;125.577
1753876271.11;2.0;49.20421806;18.75494211;387.3768;42.1353;17.0;0.7;125.561
1753876271.12;2.0;49.2042181;18.75494204;387.3769;42.1353;17.0;0.7;125.533
1753876271.13;2.0;49.20421812;18.75494197;387.3769;42.1353;17.0;0.7;125.53
1753876271.14;2.0;49.20421815;18.7549419;387.3766;42.1353;17.0;0.7;125.533
1753876271.15;2.0;49.20421818;18.75494184;387.3768;42.1353;17.0;0.7;125.553
1753876271.16;2.0;49.2042182;18.75494177;387.3776;42.1353;17.0;0.7;125.495
1753876271.17;2.0;49.20421822;18.75494171;387.3783;42.1353;17.0;0.7;125.389
1753876271.18;2.0;49.20421824;18.75494164;387.3792;42.1353;17.0;0.7;125.274
1753876271.19;2.0;49.20421827;18.75494156;387.3797;42.1353;17.0;0.7;125.176
1753876271.2;2.0;49.2042183;18.75494149;387.38;42.1353;17.0;0.7;125.126
1753876271.21;2.0;49.20421834;18.75494141;387.3798;42.1353;17.0;0.7;125.129
1753876271.22;2.0;49.20421837;18.75494134;387.3798;42.1353;17.0;0.7;125.164
1753876271.23;2.0;49.2042184;18.75494126;387.38;42.1353;17.0;0.7;125.174
1753876271.24;2.0;49.20421844;18.75494119;387.3798;42.1353;17.0;0.7;125.185
1753876271.25;2.0;49.20421847;18.75494111;387.3801;42.1353;17.0;0.7;125.197
1753876271.26;2.0;49.20421851;18.75494104;387.3806;42.1353;17.0;0.7;125.213
1753876271.27;2.0;49.20421855;18.75494096;387.3811;42.1353;17.0;0.7;125.177
1753876271.28;2.0;49.20421857;18.75494089;387.3816;42.1353;17.0;0.7;125.144
1753876271.29;2.0;49.20421861;18.75494082;387.3819;42.1353;17.0;0.7;125.091
1753876271.3;2.0;49.20421864;18.75494075;387.3823;42.1353;17.0;0.7;125.047
1753876271.31;2.0;49.20421867;18.75494068;387.3835;42.1353;17.0;0.7;124.992
1753876271.32;2.0;49.2042187;18.75494061;387.3845;42.1353;17.0;0.7;124.952
1753876271.33;2.0;49.20421872;18.75494055;387.3853;42.1353;17.0;0.7;124.908
1753876271.34;2.0;49.20421875;18.75494048;387.386;42.1353;17.0;0.7;124.866
1753876271.35;2.0;49.20421878;18.75494042;387.387;42.1353;17.0;0.7;124.86
1753876271.36;2.0;49.2042188;18.75494035;387.3876;42.1353;17.0;0.7;124.871
1753876271.37;2.0;49.20421883;18.7549403;387.388;42.1353;17.0;0.7;124.878
1753876271.38;2.0;49.20421885;18.75494023;387.3886;42.1353;17.0;0.7;124.862
1753876271.39;2.0;49.20421888;18.75494016;387.3894;42.1353;17.0;0.7;124.816
1753876271.4;2.0;49.20421891;18.75494009;387.3901;42.1353;17.0;0.7;124.784
1753876271.41;2.0;49.20421894;18.75494001;387.3907;42.1353;17.0;0.7;124.808
1753876271.42;2.0;49.20421897;18.75493994;387.3915;42.1353;17.0;0.7;124.814
1753876271.43;2.0;49.204219;18.75493987;387.3923;42.1353;17.0;0.7;124.874
1753876271.44;2.0;49.20421904;18.75493979;387.3934;42.1353;17.0;0.7;124.904
1753876271.45;2.0;49.20421907;18.75493972;387.3942;42.1353;17.0;0.7;124.886
1753876271.46;2.0;49.20421911;18.75493965;387.3948;42.1353;17.0;0.7;124.937
1753876271.47;2.0;49.20421914;18.75493958;387.3952;42.1353;17.0;0.7;125.022
1753876271.48;2.0;49.20421916;18.75493951;387.3954;42.1353;17.0;0.7;125.056
1753876271.49;2.0;49.20421919;18.75493944;387.3953;42.1353;17.0;0.7;125.053
1753876271.5;2.0;49.20421922;18.75493938;387.395;42.1353;17.0;0.7;125.074
1753876271.51;2.0;49.20421924;18.75493931;387.3951;42.1353;17.0;0.7;125.16
1753876271.52;2.0;49.20421926;18.75493925;387.3954;42.1353;17.0;0.7;125.267
1753876271.53;2.0;49.20421929;18.75493919;387.3955;42.1353;17.0;0.7;125.386
1753876271.54;2.0;49.20421932;18.75493912;387.3956;42.1353;17.0;0.7;125.477
1753876271.55;2.0;49.20421935;18.75493906;387.3956;42.1353;17.0;0.7;125.528
1753876271.56;2.0;49.20421938;18.75493899;387.3954;42.1353;17.0;0.7;125.552
1753876271.57;2.0;49.2042194;18.75493893;387.3953;42.1353;17.0;0.7;125.561
1753876271.58;2.0;49.20421942;18.75493887;387.3949;42.1353;17.0;0.7;125.592
1753876271.59;2.0;49.20421945;18.75493881;387.3946;42.1353;17.0;0.7;125.629
1753876271.6;2.0;49.20421948;18.75493874;387.3942;42.1353;17.0;0.7;125.596
1753876271.61;2.0;49.20421951;18.75493867;387.3937;42.1353;17.0;0.7;125.542
1753876271.62;2.0;49.20421954;18.7549386;387.3934;42.1353;17.0;0.7;125.484
1753876271.63;2.0;49.20421958;18.75493854;387.3931;42.1353;17.0;0.7;125.457
1753876271.64;2.0;49.20421961;18.75493847;387.3931;42.1353;17.0;0.7;125.47
1753876271.65;2.0;49.20421964;18.75493841;387.3927;42.1353;17.0;0.7;125.424
1753876271.66;2.0;49.20421967;18.75493834;387.3928;42.1353;17.0;0.7;125.385
1753876271.67;2.0;49.2042197;18.75493828;387.3929;42.1353;17.0;0.7;125.301
1753876271.68;2.0;49.20421974;18.75493821;387.3925;42.1353;17.0;0.7;125.239
1753876271.69;2.0;49.20421977;18.75493814;387.3921;42.1353;17.0;0.7;125.205
1753876271.7;2.0;49.2042198;18.75493808;387.3923;42.1353;17.0;0.7;125.185
1753876271.71;2.0;49.20421984;18.75493801;387.3927;42.1353;17.0;0.7;125.139
1753876271.72;2.0;49.20421987;18.75493795;387.3927;42.1353;17.0;0.7;125.154
1753876271.73;2.0;49.2042199;18.75493789;387.3926;42.1353;17.0;0.7;125.182
1753876271.74;2.0;49.20421993;18.75493783;387.3933;42.1353;17.0;0.7;125.207
1753876271.75;2.0;49.20421996;18.75493776;387.3935;42.1353;17.0;0.7;125.217
1753876271.76;2.0;49.20421999;18.7549377;387.3941;42.1353;17.0;0.7;125.25
1753876271.77;2.0;49.20422002;18.75493764;387.3946;42.1353;17.0;0.7;125.282
1753876271.78;2.0;49.20422006;18.75493757;387.3948;42.1353;17.0;0.7;125.297
1753876271.79;2.0;49.20422009;18.7549375;387.3949;42.1353;17.0;0.7;125.294
1753876271.8;2.0;49.20422011;18.75493744;387.395;42.1353;17.0;0.7;125.322
1753876271.81;2.0;49.20422015;18.75493737;387.395;42.1353;17.0;0.7;125.347
1753876271.82;2.0;49.20422018;18.75493731;387.395;42.1353;17.0;0.7;125.415
1753876271.83;2.0;49.20422021;18.75493724;387.3944;42.1353;17.0;0.7;125.486
1753876271.84;2.0;49.20422024;18.75493717;387.3938;42.1353;17.0;0.7;125.534
1753876271.85;2.0;49.20422027;18.7549371;387.3935;42.1353;17.0;0.7;125.579
1753876271.86;2.0;49.20422029;18.75493704;387.3933;42.1353;17.0;0.7;125.612
1753876271.87;2.0;49.20422032;18.75493698;387.393;42.1353;17.0;0.7;125.596
1753876271.88;2.0;49.20422034;18.75493692;387.3925;42.1353;17.0;0.7;125.546
1753876271.89;2.0;49.20422036;18.75493686;387.3916;42.1353;17.0;0.7;125.543
1753876271.9;2.0;49.20422038;18.7549368;387.3909;42.1353;17.0;0.7;125.566
1753876271.91;2.0;49.2042204;18.75493675;387.3905;42.1353;17.0;0.7;125.599
1753876271.92;2.0;49.20422043;18.7549367;387.3897;42.1353;17.0;0.7;125.599
1753876271.93;2.0;49.20422045;18.75493664;387.3891;42.1353;17.0;0.7;125.578
1753876271.94;2.0;49.20422047;18.75493658;387.3882;42.1353;17.0;0.7;125.593
1753876271.95;2.0;49.20422051;18.75493652;387.3877;42.1353;17.0;0.7;125.609
1753876271.96;2.0;49.20422054;18.75493645;387.387;42.1353;17.0;0.7;125.588
1753876271.97;2.0;49.20422056;18.7549364;387.3865;42.1353;17.0;0.7;125.531
1753876271.98;2.0;49.20422059;18.75493634;387.386;42.1353;17.0;0.7;125.48
1753876271.99;2.0;49.20422061;18.75493628;387.3861;42.1353;17.0;0.7;125.42
1753876272.0;2.0;49.20422064;18.75493623;387.3863;42.1353;17.0;0.7;125.361
1753876272.01;2.0;49.20422067;18.75493616;387.3863;42.1353;17.0;0.7;125.304
1753876272.02;2.0;49.2042207;18.7549361;387.3863;42.1353;17.0;0.7;125.241
1753876272.03;2.0;49.20422073;18.75493603;387.3859;42.1353;17.0;0.7;125.176
1753876272.04;2.0;49.20422076;18.75493597;387.3855;42.1353;17.0;0.7;125.152
1753876272.05;2.0;49.20422078;18.75493591;387.3852;42.1353;17.0;0.7;125.076
1753876272.06;2.0;49.20422081;18.75493585;387.3845;42.1353;17.0;0.7;124.977
1753876272.07;2.0;49.20422084;18.75493579;387.3841;42.1353;17.0;0.7;124.945
1753876272.08;2.0;49.20422087;18.75493573;387.3841;42.1353;17.0;0.7;124.941
1753876272.09;2.0;49.2042209;18.75493567;387.3836;42.1353;17.0;0.7;124.92
1753876272.1;2.0;49.20422093;18.7549356;387.3829;42.1353;17.0;0.7;124.918
1753876272.11;2.0;49.20422095;18.75493554;387.3824;42.1353;17.0;0.7;124.909
1753876272.12;2.0;49.20422098;18.75493548;387.3827;42.1353;17.0;0.7;124.942
1753876272.13;2.0;49.20422101;18.75493542;387.3824;42.1353;17.0;0.7;124.941
