Timestamp;Fix;Latitude;Longitude;Altitude;GeoidSeparation;Satellites;HDOP;Heading
1753873616.37;2.0;49.20402918;18.75513028;389.0792;42.1352;24.0;0.6;284.79
1753873616.38;2.0;49.20402918;18.75513028;389.0789;42.1352;24.0;0.6;284.774
1753873616.39;2.0;49.20402918;18.75513029;389.079;42.1352;24.0;0.6;284.749
1753873616.4;2.0;49.20402918;18.75513029;389.0794;42.1352;24.0;0.6;284.772
1753873616.41;2.0;49.20402918;18.7551303;389.0798;42.1352;24.0;0.6;284.822
1753873616.42;2.0;49.20402918;18.7551303;389.0796;42.1352;24.0;0.6;284.849
1753873616.43;2.0;49.20402918;18.75513031;389.0795;42.1352;24.0;0.6;284.797
1753873616.44;2.0;49.20402918;18.75513031;389.079;42.1352;24.0;0.6;284.777
1753873616.45;2.0;49.20402918;18.75513031;389.0788;42.1352;24.0;0.6;284.722
1753873616.46;2.0;49.20402918;18.75513031;389.0789;42.1352;24.0;0.6;284.709
1753873616.47;2.0;49.20402917;18.75513032;389.0788;42.1352;24.0;0.6;284.724
1753873616.48;2.0;49.20402917;18.75513033;389.0788;42.1352;24.0;0.6;284.677
1753873616.49;2.0;49.20402917;18.75513033;389.0786;42.1352;24.0;0.6;284.691
1753873616.5;2.0;49.20402917;18.75513033;389.0788;42.1352;24.0;0.6;284.817
1753873616.51;2.0;49.20402917;18.75513033;389.0785;42.1352;24.0;0.6;284.856
1753873616.52;2.0;49.20402917;18.75513033;389.078;42.1352;24.0;0.6;284.864
1753873616.53;2.0;49.20402917;18.75513033;389.0776;42.1352;24.0;0.6;284.848
1753873616.54;2.0;49.20402916;18.75513033;389.0776;42.1352;24.0;0.6;284.827
1753873616.55;2.0;49.20402916;18.75513034;389.0772;42.1352;24.0;0.6;284.771
1753873616.56;2.0;49.20402916;18.75513034;389.0772;42.1352;24.0;0.6;284.764
1753873616.57;2.0;49.20402915;18.75513034;389.077;42.1352;24.0;0.6;284.76
1753873616.58;2.0;49.20402915;18.75513035;389.0767;42.1352;24.0;0.6;284.786
1753873616.59;2.0;49.20402915;18.75513035;389.0766;42.1352;24.0;0.6;284.777
1753873616.6;2.0;49.20402915;18.75513036;389.0769;42.1352;24.0;0.6;284.733
1753873616.61;2.0;49.20402915;18.75513036;389.0773;42.1352;24.0;0.6;284.713
1753873616.62;2.0;49.20402915;18.75513036;389.0776;42.1352;24.0;0.6;284.692
1753873616.63;2.0;49.20402915;18.75513037;389.0775;42.1352;24.0;0.6;284.685
1753873616.64;2.0;49.20402915;18.75513038;389.0771;42.1352;24.0;0.6;284.71
1753873616.65;2.0;49.20402914;18.75513038;389.0772;42.1352;24.0;0.6;284.746
1753873616.66;2.0;49.20402914;18.75513039;389.0772;42.1352;24.0;0.6;284.721
1753873616.67;2.0;49.20402914;18.75513039;389.0771;42.1352;24.0;0.6;284.68
1753873616.68;2.0;49.20402914;18.7551304;389.0771;42.1352;24.0;0.6;284.711
1753873616.69;2.0;49.20402914;18.7551304;389.0769;42.1352;24.0;0.6;284.667
1753873616.7;2.0;49.20402914;18.75513041;389.077;42.1352;24.0;0.6;284.643
1753873616.71;2.0;49.20402913;18.75513041;389.0772;42.1352;24.0;0.6;284.654
1753873616.72;2.0;49.20402913;18.75513041;389.0774;42.1352;24.0;0.6;284.711
1753873616.73;2.0;49.20402913;18.75513042;389.0776;42.1352;24.0;0.6;284.721
1753873616.74;2.0;49.20402913;18.75513042;389.0772;42.1352;24.0;0.6;284.688
1753873616.75;2.0;49.20402913;18.75513043;389.0771;42.1352;24.0;0.6;284.705
1753873616.76;2.0;49.20402912;18.75513043;389.0776;42.1352;24.0;0.6;284.732
1753873616.77;2.0;49.20402912;18.75513044;389.0779;42.1352;24.0;0.6;284.772
1753873616.78;2.0;49.20402912;18.75513044;389.0785;42.1352;24.0;0.6;284.752
1753873616.79;2.0;49.20402912;18.75513045;389.0787;42.1352;24.0;0.6;284.771
1753873616.8;2.0;49.20402911;18.75513045;389.0787;42.1352;24.0;0.6;284.806
1753873616.81;2.0;49.20402911;18.75513045;389.0789;42.1352;24.0;0.6;284.854
1753873616.82;2.0;49.20402911;18.75513045;389.0786;42.1352;24.0;0.6;284.843
1753873616.83;2.0;49.20402911;18.75513046;389.0779;42.1352;24.0;0.6;284.852
1753873616.84;2.0;49.20402911;18.75513047;389.0777;42.1352;24.0;0.6;284.865
1753873616.85;2.0;49.20402911;18.75513047;389.0777;42.1352;24.0;0.6;284.89
1753873616.86;2.0;49.20402911;18.75513048;389.0777;42.1352;24.0;0.6;284.888
1753873616.87;2.0;49.20402911;18.75513048;389.0774;42.1352;24.0;0.6;284.893
1753873616.88;2.0;49.20402911;18.75513049;389.0769;42.1352;24.0;0.6;284.876
1753873616.89;2.0;49.2040291;18.7551305;389.0774;42.1352;24.0;0.6;284.832
1753873616.9;2.0;49.2040291;18.75513051;389.0778;42.1352;24.0;0.6;284.789
1753873616.91;2.0;49.2040291;18.75513051;389.0783;42.1352;24.0;0.6;284.763
1753873616.92;2.0;49.2040291;18.75513052;389.0786;42.1352;24.0;0.6;284.771
1753873616.93;2.0;49.2040291;18.75513052;389.0786;42.1352;24.0;0.6;284.818
1753873616.94;2.0;49.2040291;18.75513052;389.0788;42.1352;24.0;0.6;284.825
1753873616.95;2.0;49.2040291;18.75513052;389.0789;42.1352;24.0;0.6;284.844
1753873616.96;2.0;49.2040291;18.75513053;389.079;42.1352;24.0;0.6;284.849
1753873616.97;2.0;49.2040291;18.75513053;389.0791;42.1352;24.0;0.6;284.822
1753873616.98;2.0;49.20402909;18.75513054;389.079;42.1352;24.0;0.6;284.763
1753873616.99;2.0;49.20402909;18.75513055;389.0783;42.1352;24.0;0.6;284.752
1753873617.0;2.0;49.20402909;18.75513056;389.0775;42.1352;24.0;0.6;284.777
1753873617.01;2.0;49.20402909;18.75513056;389.0771;42.1352;24.0;0.6;284.77
1753873617.02;2.0;49.20402909;18.75513057;389.0772;42.1352;24.0;0.6;284.768
1753873617.03;2.0;49.20402909;18.75513057;389.0771;42.1352;24.0;0.6;284.76
1753873617.04;2.0;49.20402909;18.75513058;389.0778;42.1352;24.0;0.6;284.717
1753873617.05;2.0;49.20402909;18.75513058;389.0782;42.1352;24.0;0.6;284.684
1753873617.06;2.0;49.20402909;18.75513058;389.0782;42.1352;24.0;0.6;284.629
1753873617.07;2.0;49.20402909;18.75513058;389.0782;42.1352;24.0;0.6;284.597
1753873617.08;2.0;49.20402909;18.75513059;389.0784;42.1352;24.0;0.6;284.589
1753873617.09;2.0;49.20402909;18.75513059;389.079;42.1352;24.0;0.6;284.611
1753873617.1;2.0;49.20402908;18.7551306;389.0791;42.1352;24.0;0.6;284.668
1753873617.11;2.0;49.20402909;18.7551306;389.0796;42.1352;24.0;0.6;284.647
1753873617.12;2.0;49.20402909;18.7551306;389.08;42.1352;24.0;0.6;284.592
1753873617.13;2.0;49.20402909;18.75513061;389.0798;42.1352;24.0;0.6;284.571
1753873617.14;2.0;49.20402909;18.75513061;389.0798;42.1352;24.0;0.6;284.581
1753873617.15;2.0;49.20402908;18.75513061;389.08;42.1352;24.0;0.6;284.603
1753873617.16;2.0;49.20402908;18.75513061;389.0803;42.1352;24.0;0.6;284.653
1753873617.17;2.0;49.20402907;18.75513062;389.0803;42.1352;24.0;0.6;284.685
1753873617.18;2.0;49.20402907;18.75513062;389.0805;42.1352;24.0;0.6;284.722
1753873617.19;2.0;49.20402907;18.75513062;389.0803;42.1352;24.0;0.6;284.801
1753873617.2;2.0;49.20402907;18.75513062;389.0798;42.1352;24.0;0.6;284.849
1753873617.21;2.0;49.20402907;18.75513063;389.0796;42.1352;24.0;0.6;284.874
1753873617.22;2.0;49.20402907;18.75513063;389.0794;42.1352;24.0;0.6;284.852
1753873617.23;2.0;49.20402907;18.75513063;389.0796;42.1352;24.0;0.6;284.802
1753873617.24;2.0;49.20402907;18.75513063;389.08;42.1352;24.0;0.6;284.816
1753873617.25;2.0;49.20402907;18.75513063;389.0802;42.1352;24.0;0.6;284.851
1753873617.26;2.0;49.20402907;18.75513063;389.0804;42.1352;24.0;0.6;284.881
1753873617.27;2.0;49.20402907;18.75513063;389.0812;42.1352;24.0;0.6;284.923
1753873617.28;2.0;49.20402907;18.75513064;389.0815;42.1352;24.0;0.6;284.903
1753873617.29;2.0;49.20402907;18.75513064;389.0815;42.1352;24.0;0.6;284.885
1753873617.3;2.0;49.20402907;18.75513065;389.0816;42.1352;24.0;0.6;284.866
1753873617.31;2.0;49.20402907;18.75513065;389.0815;42.1352;24.0;0.6;284.857
1753873617.32;2.0;49.20402907;18.75513065;389.0816;42.1352;24.0;0.6;284.844
1753873617.33;2.0;49.20402907;18.75513065;389.0816;42.1352;24.0;0.6;284.871
1753873617.34;2.0;49.20402907;18.75513065;389.0814;42.1352;24.0;0.6;284.85
1753873617.35;2.0;49.20402906;18.75513065;389.0815;42.1352;24.0;0.6;284.813
1753873617.36;2.0;49.20402906;18.75513066;389.082;42.1352;24.0;0.6;284.83
1753873617.37;2.0;49.20402906;18.75513066;389.0829;42.1352;24.0;0.6;284.858
1753873617.38;2.0;49.20402906;18.75513066;389.0832;42.1352;24.0;0.6;284.841
1753873617.39;2.0;49.20402906;18.75513067;389.083;42.1352;24.0;0.6;284.799
1753873617.4;2.0;49.20402906;18.75513068;389.0827;42.1352;24.0;0.6;284.773
1753873617.41;2.0;49.20402906;18.75513068;389.0828;42.1352;24.0;0.6;284.776
1753873617.42;2.0;49.20402905;18.75513068;389.0831;42.1352;24.0;0.6;284.735
1753873617.43;2.0;49.20402905;18.75513069;389.0838;42.1352;24.0;0.6;284.713
1753873617.44;2.0;49.20402905;18.75513069;389.0845;42.1352;24.0;0.6;284.69
1753873617.45;2.0;49.20402905;18.75513069;389.0854;42.1352;24.0;0.6;284.719
1753873617.46;2.0;49.20402905;18.75513069;389.0858;42.1352;24.0;0.6;284.723
1753873617.47;2.0;49.20402905;18.75513069;389.0864;42.1352;24.0;0.6;284.765
1753873617.48;2.0;49.20402905;18.75513069;389.0869;42.1352;24.0;0.6;284.786
1753873617.49;2.0;49.20402905;18.75513069;389.0869;42.1352;24.0;0.6;284.757
1753873617.5;2.0;49.20402905;18.75513069;389.0865;42.1352;24.0;0.6;284.714
1753873617.51;2.0;49.20402905;18.75513069;389.0865;42.1352;24.0;0.6;284.706
1753873617.52;2.0;49.20402905;18.7551307;389.0871;42.1352;24.0;0.6;284.659
1753873617.53;2.0;49.20402905;18.7551307;389.0876;42.1352;24.0;0.6;284.7
1753873617.54;2.0;49.20402904;18.7551307;389.0882;42.1352;24.0;0.6;284.733
1753873617.55;2.0;49.20402904;18.7551307;389.0886;42.1352;24.0;0.6;284.771
1753873617.56;2.0;49.20402904;18.7551307;389.0888;42.1352;24.0;0.6;284.802
1753873617.57;2.0;49.20402904;18.75513071;389.0892;42.1352;24.0;0.6;284.773
1753873617.58;2.0;49.20402904;18.75513071;389.0893;42.1352;24.0;0.6;284.754
1753873617.59;2.0;49.20402904;18.75513072;389.0896;42.1352;24.0;0.6;284.767
1753873617.6;2.0;49.20402904;18.75513072;389.0901;42.1352;24.0;0.6;284.775
1753873617.61;2.0;49.20402904;18.75513073;389.0901;42.1352;24.0;0.6;284.783
1753873617.62;2.0;49.20402904;18.75513073;389.0901;42.1352;24.0;0.6;284.755
1753873617.63;2.0;49.20402904;18.75513073;389.0902;42.1352;24.0;0.6;284.74
1753873617.64;2.0;49.20402904;18.75513074;389.0909;42.1352;24.0;0.6;284.72
1753873617.65;2.0;49.20402904;18.75513074;389.0916;42.1352;24.0;0.6;284.729
1753873617.66;2.0;49.20402903;18.75513074;389.0915;42.1352;24.0;0.6;284.727
1753873617.67;2.0;49.20402903;18.75513074;389.0915;42.1352;24.0;0.6;284.759
1753873617.68;2.0;49.20402903;18.75513075;389.0918;42.1352;24.0;0.6;284.724
1753873617.69;2.0;49.20402903;18.75513074;389.0923;42.1352;24.0;0.6;284.693
1753873617.7;2.0;49.20402903;18.75513074;389.093;42.1352;24.0;0.6;284.63
1753873617.71;2.0;49.20402903;18.75513074;389.0932;42.1352;24.0;0.6;284.619
1753873617.72;2.0;49.20402903;18.75513075;389.0929;42.1352;24.0;0.6;284.695
1753873617.73;2.0;49.20402903;18.75513075;389.0933;42.1352;24.0;0.6;284.696
1753873617.74;2.0;49.20402903;18.75513075;389.0936;42.1352;24.0;0.6;284.698
1753873617.75;2.0;49.20402903;18.75513075;389.0938;42.1352;24.0;0.6;284.682
1753873617.76;2.0;49.20402902;18.75513075;389.0944;42.1352;24.0;0.6;284.711
1753873617.77;2.0;49.20402902;18.75513075;389.0949;42.1352;24.0;0.6;284.74
1753873617.78;2.0;49.20402902;18.75513075;389.0957;42.1352;24.0;0.6;284.746
1753873617.79;2.0;49.20402902;18.75513075;389.097;42.1352;24.0;0.6;284.723
1753873617.8;2.0;49.20402903;18.75513075;389.0977;42.1352;24.0;0.6;284.705
1753873617.81;2.0;49.20402902;18.75513075;389.0979;42.1352;24.0;0.6;284.675
1753873617.82;2.0;49.20402902;18.75513076;389.0979;42.1352;24.0;0.6;284.689
1753873617.83;2.0;49.20402902;18.75513077;389.0979;42.1352;24.0;0.6;284.771
1753873617.84;2.0;49.20402902;18.75513077;389.0981;42.1352;24.0;0.6;284.78
1753873617.85;2.0;49.20402902;18.75513078;389.0983;42.1352;24.0;0.6;284.776
1753873617.86;2.0;49.20402902;18.75513078;389.0983;42.1352;24.0;0.6;284.754
1753873617.87;2.0;49.20402902;18.75513078;389.0984;42.1352;24.0;0.6;284.674
1753873617.88;2.0;49.20402901;18.75513078;389.099;42.1352;24.0;0.6;284.702
1753873617.89;2.0;49.20402901;18.75513078;389.0997;42.1352;24.0;0.6;284.727
1753873617.9;2.0;49.20402901;18.75513079;389.1001;42.1352;24.0;0.6;284.717
1753873617.91;2.0;49.204029;18.75513079;389.1005;42.1352;24.0;0.6;284.762
1753873617.92;2.0;49.204029;18.7551308;389.101;42.1352;24.0;0.6;284.771
1753873617.93;2.0;49.204029;18.7551308;389.1016;42.1352;24.0;0.6;284.748
1753873617.94;2.0;49.204029;18.7551308;389.1018;42.1352;24.0;0.6;284.727
1753873617.95;2.0;49.204029;18.7551308;389.1022;42.1352;24.0;0.6;284.698
1753873617.96;2.0;49.204029;18.7551308;389.1025;42.1352;24.0;0.6;284.698
1753873617.97;2.0;49.204029;18.7551308;389.1024;42.1352;24.0;0.6;284.766
1753873617.98;2.0;49.204029;18.75513081;389.1027;42.1352;24.0;0.6;284.763
1753873617.99;2.0;49.204029;18.75513081;389.103;42.1352;24.0;0.6;284.751
1753873618.0;2.0;49.204029;18.75513081;389.1033;42.1352;24.0;0.6;284.739
1753873618.01;2.0;49.204029;18.75513081;389.1031;42.1352;24.0;0.6;284.711
1753873618.02;2.0;49.204029;18.75513082;389.1033;42.1352;24.0;0.6;284.694
1753873618.03;2.0;49.204029;18.75513082;389.1037;42.1352;24.0;0.6;284.722
1753873618.04;2.0;49.204029;18.75513082;389.1043;42.1352;24.0;0.6;284.755
1753873618.05;2.0;49.204029;18.75513082;389.1048;42.1352;24.0;0.6;284.712
1753873618.06;2.0;49.20402899;18.75513083;389.1049;42.1352;24.0;0.6;284.737
1753873618.07;2.0;49.20402899;18.75513083;389.1055;42.1352;24.0;0.6;284.747
1753873618.08;2.0;49.20402899;18.75513083;389.1062;42.1352;24.0;0.6;284.783
1753873618.09;2.0;49.20402899;18.75513083;389.1067;42.1352;24.0;0.6;284.741
1753873618.1;2.0;49.20402899;18.75513083;389.1071;42.1352;24.0;0.6;284.698
1753873618.11;2.0;49.20402899;18.75513083;389.107;42.1352;24.0;0.6;284.702
1753873618.12;2.0;49.20402899;18.75513083;389.1073;42.1352;24.0;0.6;284.72
1753873618.13;2.0;49.20402899;18.75513084;389.107;42.1352;24.0;0.6;284.738
1753873618.14;2.0;49.20402899;18.75513084;389.107;42.1352;24.0;0.6;284.708
1753873618.15;2.0;49.20402899;18.75513084;389.1075;42.1352;24.0;0.6;284.683
1753873618.16;2.0;49.204029;18.75513084;389.1078;42.1352;24.0;0.6;284.715
1753873618.17;2.0;49.20402899;18.75513084;389.1083;42.1352;24.0;0.6;284.753
1753873618.18;2.0;49.20402899;18.75513085;389.109;42.1352;24.0;0.6;284.788
1753873618.19;2.0;49.20402899;18.75513085;389.1094;42.1352;24.0;0.6;284.762
1753873618.2;2.0;49.20402899;18.75513085;389.1092;42.1352;24.0;0.6;284.729
1753873618.21;2.0;49.204029;18.75513085;389.1095;42.1352;24.0;0.6;284.705
1753873618.22;2.0;49.204029;18.75513085;389.11;42.1352;24.0;0.6;284.706
1753873618.23;2.0;49.20402899;18.75513085;389.1106;42.1352;24.0;0.6;284.697
1753873618.24;2.0;49.20402899;18.75513085;389.1108;42.1352;24.0;0.6;284.673
1753873618.25;2.0;49.20402899;18.75513086;389.1109;42.1352;24.0;0.6;284.633
1753873618.26;2.0;49.20402899;18.75513086;389.1109;42.1352;24.0;0.6;284.628
1753873618.27;2.0;49.20402899;18.75513086;389.1111;42.1352;24.0;0.6;284.628
1753873618.28;2.0;49.20402899;18.75513086;389.1115;42.1352;24.0;0.6;284.671
1753873618.29;2.0;49.20402899;18.75513087;389.1122;42.1352;24.0;0.6;284.703
1753873618.3;2.0;49.20402899;18.75513087;389.113;42.1352;24.0;0.6;284.737
1753873618.31;2.0;49.20402899;18.75513087;389.1134;42.1352;24.0;0.6;284.757
1753873618.32;2.0;49.20402898;18.75513087;389.1136;42.1352;24.0;0.6;284.755
1753873618.33;2.0;49.20402898;18.75513087;389.1139;42.1352;24.0;0.6;284.734
1753873618.34;2.0;49.20402898;18.75513087;389.1146;42.1352;24.0;0.6;284.752
1753873618.35;2.0;49.20402898;18.75513087;389.1148;42.1352;24.0;0.6;284.82
1753873618.36;2.0;49.20402898;18.75513087;389.1144;42.1352;24.0;0.6;284.812
1753873618.37;2.0;49.20402898;18.75513086;389.1144;42.1352;24.0;0.6;284.817
1753873618.38;2.0;49.20402899;18.75513087;389.1142;42.1352;24.0;0.6;284.844
1753873618.39;2.0;49.20402898;18.75513087;389.1148;42.1352;24.0;0.6;284.776
1753873618.4;2.0;49.20402898;18.75513087;389.1156;42.1352;24.0;0.6;284.758
1753873618.41;2.0;49.20402898;18.75513087;389.1158;42.1352;24.0;0.6;284.729
1753873618.42;2.0;49.20402898;18.75513087;389.1162;42.1352;24.0;0.6;284.697
1753873618.43;2.0;49.20402898;18.75513088;389.1164;42.1352;24.0;0.6;284.698
1753873618.44;2.0;49.20402898;18.75513089;389.1167;42.1352;24.0;0.6;284.667
1753873618.45;2.0;49.20402898;18.75513089;389.1168;42.1352;24.0;0.6;284.674
1753873618.46;2.0;49.20402898;18.75513089;389.1168;42.1352;24.0;0.6;284.651
1753873618.47;2.0;49.20402898;18.75513089;389.117;42.1352;24.0;0.6;284.648
1753873618.48;2.0;49.20402898;18.75513089;389.1175;42.1352;24.0;0.6;284.578
1753873618.49;2.0;49.20402898;18.7551309;389.1181;42.1352;24.0;0.6;284.549
1753873618.5;2.0;49.20402898;18.7551309;389.1182;42.1352;24.0;0.6;284.535
1753873618.51;2.0;49.20402898;18.7551309;389.119;42.1352;24.0;0.6;284.534
1753873618.52;2.0;49.20402898;18.7551309;389.1193;42.1352;24.0;0.6;284.575
1753873618.53;2.0;49.20402898;18.75513091;389.1196;42.1352;24.0;0.6;284.565
1753873618.54;2.0;49.20402898;18.7551309;389.1202;42.1352;24.0;0.6;284.549
1753873618.55;2.0;49.20402898;18.75513091;389.1206;42.1352;24.0;0.6;284.545
1753873618.56;2.0;49.20402898;18.7551309;389.121;42.1352;24.0;0.6;284.566
1753873618.57;2.0;49.20402898;18.7551309;389.1205;42.1352;24.0;0.6;284.556
1753873618.58;2.0;49.20402898;18.7551309;389.1209;42.1352;24.0;0.6;284.583
1753873618.59;2.0;49.20402898;18.7551309;389.1217;42.1352;24.0;0.6;284.581
1753873618.6;2.0;49.20402897;18.7551309;389.1223;42.1352;24.0;0.6;284.651
1753873618.61;2.0;49.20402897;18.7551309;389.1225;42.1352;24.0;0.6;284.7
1753873618.62;2.0;49.20402897;18.75513091;389.1229;42.1352;24.0;0.6;284.744
1753873618.63;2.0;49.20402897;18.75513091;389.1234;42.1352;24.0;0.6;284.684
1753873618.64;2.0;49.20402897;18.75513092;389.1238;42.1352;24.0;0.6;284.739
1753873618.65;2.0;49.20402897;18.75513092;389.1246;42.1352;24.0;0.6;284.729
1753873618.66;2.0;49.20402897;18.75513092;389.1251;42.1352;24.0;0.6;284.692
1753873618.67;2.0;49.20402898;18.75513092;389.1251;42.1352;24.0;0.6;284.734
1753873618.68;2.0;49.20402898;18.75513092;389.1255;42.1352;24.0;0.6;284.703
1753873618.69;2.0;49.20402898;18.75513092;389.1257;42.1352;24.0;0.6;284.687
1753873618.7;2.0;49.20402898;18.75513092;389.1257;42.1352;24.0;0.6;284.677
1753873618.71;2.0;49.20402898;18.75513092;389.1258;42.1352;24.0;0.6;284.703
1753873618.72;2.0;49.20402898;18.75513092;389.1262;42.1352;24.0;0.6;284.755
1753873618.73;2.0;49.20402898;18.75513092;389.1264;42.1352;24.0;0.6;284.785
1753873618.74;2.0;49.20402898;18.75513092;389.1264;42.1352;24.0;0.6;284.793
1753873618.75;2.0;49.20402898;18.75513092;389.1269;42.1352;24.0;0.6;284.8
1753873618.76;2.0;49.20402898;18.75513092;389.1273;42.1352;24.0;0.6;284.779
1753873618.77;2.0;49.20402898;18.75513093;389.1279;42.1352;24.0;0.6;284.767
1753873618.78;2.0;49.20402898;18.75513093;389.1284;42.1352;24.0;0.6;284.78
1753873618.79;2.0;49.20402898;18.75513094;389.129;42.1352;24.0;0.6;284.742
1753873618.8;2.0;49.20402898;18.75513094;389.1292;42.1352;24.0;0.6;284.736
1753873618.81;2.0;49.20402898;18.75513093;389.1294;42.1352;24.0;0.6;284.707
1753873618.82;2.0;49.20402898;18.75513093;389.1297;42.1352;24.0;0.6;284.783
1753873618.83;2.0;49.20402898;18.75513094;389.1297;42.1352;24.0;0.6;284.905
1753873618.84;2.0;49.20402898;18.75513094;389.1294;42.1352;24.0;0.6;284.945
1753873618.85;2.0;49.20402897;18.75513094;389.1297;42.1352;24.0;0.6;284.93
1753873618.86;2.0;49.20402897;18.75513095;389.1301;42.1352;24.0;0.6;284.924
1753873618.87;2.0;49.20402897;18.75513095;389.1302;42.1352;24.0;0.6;284.885
1753873618.88;2.0;49.20402897;18.75513095;389.1302;42.1352;24.0;0.6;284.84
1753873618.89;2.0;49.20402897;18.75513096;389.1302;42.1352;24.0;0.6;284.807
1753873618.9;2.0;49.20402897;18.75513096;389.1305;42.1352;24.0;0.6;284.787
1753873618.91;2.0;49.20402897;18.75513096;389.1309;42.1352;24.0;0.6;284.801
1753873618.92;2.0;49.20402896;18.75513096;389.1313;42.1352;24.0;0.6;284.801
1753873618.93;2.0;49.20402897;18.75513097;389.1319;42.1352;24.0;0.6;284.785
1753873618.94;2.0;49.20402897;18.75513097;389.1324;42.1352;24.0;0.6;284.76
1753873618.95;2.0;49.20402897;18.75513097;389.1326;42.1352;24.0;0.6;284.715
1753873618.96;2.0;49.20402897;18.75513097;389.1328;42.1352;24.0;0.6;284.713
1753873618.97;2.0;49.20402897;18.75513097;389.1331;42.1352;24.0;0.6;284.69
1753873618.98;2.0;49.20402897;18.75513098;389.1334;42.1352;24.0;0.6;284.744
1753873618.99;2.0;49.20402897;18.75513098;389.1339;42.1352;24.0;0.6;284.774
1753873619.0;2.0;49.20402897;18.75513097;389.1345;42.1352;24.0;0.6;284.799
1753873619.01;2.0;49.20402897;18.75513097;389.1351;42.1352;24.0;0.6;284.821
1753873619.02;2.0;49.20402897;18.75513097;389.1355;42.1352;24.0;0.6;284.864
1753873619.03;2.0;49.20402897;18.75513098;389.1357;42.1352;24.0;0.6;284.84
1753873619.04;2.0;49.20402897;18.75513098;389.1359;42.1352;24.0;0.6;284.797
1753873619.05;2.0;49.20402897;18.75513098;389.1357;42.1352;24.0;0.6;284.794
1753873619.06;2.0;49.20402897;18.75513099;389.136;42.1352;24.0;0.6;284.816
1753873619.07;2.0;49.20402897;18.75513099;389.1366;42.1352;24.0;0.6;284.857
1753873619.08;2.0;49.20402897;18.75513099;389.1379;42.1352;24.0;0.6;284.849
1753873619.09;2.0;49.20402896;18.75513099;389.1388;42.1352;24.0;0.6;284.791
1753873619.1;2.0;49.20402896;18.75513099;389.1387;42.1352;24.0;0.6;284.796
1753873619.11;2.0;49.20402896;18.75513099;389.1392;42.1352;24.0;0.6;284.788
1753873619.12;2.0;49.20402896;18.75513099;389.1394;42.1352;24.0;0.6;284.773
1753873619.13;2.0;49.20402896;18.75513099;389.1398;42.1352;24.0;0.6;284.771
1753873619.14;2.0;49.20402896;18.755131;389.1404;42.1352;24.0;0.6;284.741
1753873619.15;2.0;49.20402896;18.755131;389.1408;42.1352;24.0;0.6;284.665
1753873619.16;2.0;49.20402896;18.755131;389.1409;42.1352;24.0;0.6;284.668
1753873619.17;2.0;49.20402896;18.755131;389.1408;42.1352;24.0;0.6;284.701
1753873619.18;2.0;49.20402896;18.75513101;389.1409;42.1352;24.0;0.6;284.741
1753873619.19;2.0;49.20402896;18.75513101;389.1413;42.1352;24.0;0.6;284.688
1753873619.2;2.0;49.20402896;18.75513101;389.1423;42.1352;24.0;0.6;284.69
1753873619.21;2.0;49.20402896;18.75513101;389.1427;42.1352;24.0;0.6;284.694
1753873619.22;2.0;49.20402895;18.75513102;389.1433;42.1352;24.0;0.6;284.677
1753873619.23;2.0;49.20402895;18.75513102;389.1439;42.1352;24.0;0.6;284.697
1753873619.24;2.0;49.20402895;18.75513103;389.1442;42.1352;24.0;0.6;284.671
1753873619.25;2.0;49.20402895;18.75513103;389.1442;42.1352;24.0;0.6;284.644
1753873619.26;2.0;49.20402895;18.75513104;389.1437;42.1352;24.0;0.6;284.62
1753873619.27;2.0;49.20402895;18.75513104;389.1437;42.1352;24.0;0.6;284.604
1753873619.28;2.0;49.20402895;18.75513104;389.1437;42.1352;24.0;0.6;284.628
1753873619.29;2.0;49.20402895;18.75513104;389.1438;42.1352;24.0;0.6;284.632
1753873619.3;2.0;49.20402895;18.75513105;389.1444;42.1352;24.0;0.6;284.622
1753873619.31;2.0;49.20402895;18.75513105;389.1444;42.1352;24.0;0.6;284.607
1753873619.32;2.0;49.20402895;18.75513105;389.1445;42.1352;24.0;0.6;284.653
1753873619.33;2.0;49.20402895;18.75513105;389.1448;42.1352;24.0;0.6;284.695
1753873619.34;2.0;49.20402894;18.75513105;389.1452;42.1352;24.0;0.6;284.682
1753873619.35;2.0;49.20402894;18.75513105;389.1454;42.1352;24.0;0.6;284.706
1753873619.36;2.0;49.20402893;18.75513106;389.1456;42.1352;24.0;0.6;284.76
1753873619.37;2.0;49.20402893;18.75513106;389.1458;42.1352;24.0;0.6;284.802
1753873619.38;2.0;49.20402893;18.75513107;389.146;42.1352;24.0;0.6;284.791
1753873619.39;2.0;49.20402893;18.75513107;389.1464;42.1352;24.0;0.6;284.755
1753873619.4;2.0;49.20402893;18.75513107;389.1468;42.1352;24.0;0.6;284.743
1753873619.41;2.0;49.20402893;18.75513107;389.1475;42.1352;24.0;0.6;284.745
1753873619.42;2.0;49.20402893;18.75513107;389.1481;42.1352;24.0;0.6;284.731
1753873619.43;2.0;49.20402893;18.75513107;389.1488;42.1352;24.0;0.6;284.711
1753873619.44;2.0;49.20402893;18.75513107;389.1488;42.1352;24.0;0.6;284.726
1753873619.45;2.0;49.20402893;18.75513107;389.1493;42.1352;24.0;0.6;284.685
1753873619.46;2.0;49.20402893;18.75513107;389.1496;42.1352;24.0;0.6;284.699
1753873619.47;2.0;49.20402893;18.75513107;389.1499;42.1352;24.0;0.6;284.694
1753873619.48;2.0;49.20402893;18.75513107;389.1504;42.1352;24.0;0.6;284.717
1753873619.49;2.0;49.20402893;18.75513107;389.1508;42.1352;24.0;0.6;284.801
1753873619.5;2.0;49.20402893;18.75513107;389.1517;42.1352;24.0;0.6;284.877
1753873619.51;2.0;49.20402893;18.75513107;389.1519;42.1352;24.0;0.6;284.875
1753873619.52;2.0;49.20402893;18.75513108;389.1523;42.1352;24.0;0.6;284.846
1753873619.53;2.0;49.20402893;18.75513108;389.1529;42.1352;24.0;0.6;284.838
1753873619.54;2.0;49.20402892;18.75513108;389.1538;42.1352;24.0;0.6;284.838
1753873619.55;2.0;49.20402892;18.75513109;389.1543;42.1352;24.0;0.6;284.833
1753873619.56;2.0;49.20402892;18.75513109;389.155;42.1352;25.0;0.6;284.821
1753873619.57;2.0;49.20402892;18.75513109;389.1552;42.1352;25.0;0.6;284.811
1753873619.58;2.0;49.20402891;18.75513109;389.155;42.1352;25.0;0.6;284.842
1753873619.59;2.0;49.20402891;18.75513109;389.1555;42.1352;25.0;0.6;284.866
1753873619.6;2.0;49.20402891;18.7551311;389.1557;42.1352;25.0;0.6;284.922
1753873619.61;2.0;49.20402891;18.7551311;389.1559;42.1352;25.0;0.6;284.935
1753873619.62;2.0;49.20402891;18.75513111;389.1566;42.1352;25.0;0.6;284.936
1753873619.63;2.0;49.20402891;18.75513112;389.1571;42.1352;25.0;0.6;284.949
1753873619.64;2.0;49.20402891;18.75513112;389.1574;42.1352;25.0;0.6;284.899
1753873619.65;2.0;49.20402891;18.75513112;389.1576;42.1352;25.0;0.6;284.829
1753873619.66;2.0;49.20402891;18.75513112;389.1582;42.1352;25.0;0.6;284.82
1753873619.67;2.0;49.20402891;18.75513113;389.1588;42.1352;25.0;0.6;284.811
1753873619.68;2.0;49.20402891;18.75513113;389.1596;42.1352;25.0;0.6;284.739
1753873619.69;2.0;49.20402891;18.75513113;389.1601;42.1352;25.0;0.6;284.647
1753873619.7;2.0;49.2040289;18.75513113;389.161;42.1352;25.0;0.6;284.635
1753873619.71;2.0;49.2040289;18.75513113;389.1617;42.1352;25.0;0.6;284.661
1753873619.72;2.0;49.2040289;18.75513114;389.1624;42.1352;25.0;0.6;284.638
1753873619.73;2.0;49.2040289;18.75513114;389.1633;42.1352;25.0;0.6;284.634
1753873619.74;2.0;49.2040289;18.75513114;389.1641;42.1352;25.0;0.6;284.688
1753873619.75;2.0;49.2040289;18.75513115;389.1646;42.1352;25.0;0.6;284.721
1753873619.76;2.0;49.2040289;18.75513114;389.165;42.1352;25.0;0.6;284.635
1753873619.77;2.0;49.2040289;18.75513114;389.1654;42.1352;25.0;0.6;284.642
1753873619.78;2.0;49.2040289;18.75513114;389.1654;42.1352;25.0;0.6;284.671
1753873619.79;2.0;49.2040289;18.75513114;389.1659;42.1352;25.0;0.6;284.66
1753873619.8;2.0;49.2040289;18.75513114;389.1667;42.1352;25.0;0.6;284.685
1753873619.81;2.0;49.2040289;18.75513114;389.1671;42.1352;25.0;0.6;284.72
1753873619.82;2.0;49.2040289;18.75513114;389.1676;42.1352;25.0;0.6;284.747
1753873619.83;2.0;49.2040289;18.75513115;389.1681;42.1352;25.0;0.6;284.753
1753873619.84;2.0;49.2040289;18.75513115;389.1682;42.1352;25.0;0.6;284.718
1753873619.85;2.0;49.20402889;18.75513116;389.1687;42.1352;25.0;0.6;284.689
1753873619.86;2.0;49.20402889;18.75513116;389.1693;42.1352;25.0;0.6;284.712
1753873619.87;2.0;49.20402889;18.75513116;389.1694;42.1352;25.0;0.6;284.743
1753873619.88;2.0;49.20402888;18.75513116;389.1695;42.1352;25.0;0.6;284.708
1753873619.89;2.0;49.20402888;18.75513116;389.1695;42.1352;25.0;0.6;284.717
1753873619.9;2.0;49.20402888;18.75513117;389.1695;42.1352;25.0;0.6;284.709
1753873619.91;2.0;49.20402888;18.75513117;389.1694;42.1352;25.0;0.6;284.655
1753873619.92;2.0;49.20402888;18.75513117;389.1698;42.1352;25.0;0.6;284.69
1753873619.93;2.0;49.20402888;18.75513118;389.1707;42.1352;25.0;0.6;284.709
1753873619.94;2.0;49.20402888;18.75513118;389.1713;42.1352;25.0;0.6;284.798
1753873619.95;2.0;49.20402887;18.75513119;389.172;42.1352;25.0;0.6;284.8
1753873619.96;2.0;49.20402887;18.75513119;389.1731;42.1352;25.0;0.6;284.731
1753873619.97;2.0;49.20402888;18.75513119;389.1735;42.1352;25.0;0.6;284.695
1753873619.98;2.0;49.20402888;18.75513119;389.1739;42.1352;25.0;0.6;284.668
1753873619.99;2.0;49.20402888;18.75513119;389.1743;42.1352;25.0;0.6;284.708
1753873620.0;2.0;49.20402887;18.75513119;389.175;42.1352;25.0;0.6;284.719
1753873620.01;2.0;49.20402887;18.75513119;389.1759;42.1352;25.0;0.6;284.777
1753873620.02;2.0;49.20402887;18.75513119;389.1765;42.1352;25.0;0.6;284.778
1753873620.03;2.0;49.20402887;18.75513119;389.1769;42.1352;25.0;0.6;284.693
1753873620.04;2.0;49.20402887;18.75513119;389.1777;42.1352;25.0;0.6;284.668
1753873620.05;2.0;49.20402887;18.7551312;389.1784;42.1352;25.0;0.6;284.658
1753873620.06;2.0;49.20402887;18.7551312;389.1784;42.1352;25.0;0.6;284.654
1753873620.07;2.0;49.20402887;18.75513121;389.1788;42.1352;25.0;0.6;284.659
1753873620.08;2.0;49.20402887;18.75513121;389.1789;42.1352;25.0;0.6;284.656
1753873620.09;2.0;49.20402887;18.75513121;389.1784;42.1352;25.0;0.6;284.664
1753873620.1;2.0;49.20402887;18.75513122;389.1787;42.1352;25.0;0.6;284.686
1753873620.11;2.0;49.20402886;18.75513122;389.1794;42.1352;25.0;0.6;284.661
1753873620.12;2.0;49.20402886;18.75513123;389.1799;42.1352;25.0;0.6;284.68
1753873620.13;2.0;49.20402886;18.75513123;389.1799;42.1352;25.0;0.6;284.659
1753873620.14;2.0;49.20402886;18.75513123;389.1804;42.1352;25.0;0.6;284.609
1753873620.15;2.0;49.20402886;18.75513123;389.1806;42.1352;25.0;0.6;284.659
1753873620.16;2.0;49.20402886;18.75513123;389.1808;42.1352;25.0;0.6;284.698
1753873620.17;2.0;49.20402886;18.75513123;389.1809;42.1352;25.0;0.6;284.736
1753873620.18;2.0;49.20402886;18.75513123;389.1815;42.1352;25.0;0.6;284.748
1753873620.19;2.0;49.20402886;18.75513123;389.1817;42.1352;25.0;0.6;284.76
1753873620.2;2.0;49.20402886;18.75513123;389.182;42.1352;25.0;0.6;284.855
1753873620.21;2.0;49.20402886;18.75513123;389.1824;42.1352;25.0;0.6;284.874
1753873620.22;2.0;49.20402886;18.75513124;389.182;42.1352;25.0;0.6;284.873
1753873620.23;2.0;49.20402886;18.75513124;389.1817;42.1352;25.0;0.6;284.825
1753873620.24;2.0;49.20402886;18.75513124;389.1819;42.1352;25.0;0.6;284.762
1753873620.25;2.0;49.20402886;18.75513125;389.1819;42.1352;25.0;0.6;284.785
1753873620.26;2.0;49.20402886;18.75513125;389.1823;42.1352;25.0;0.6;284.808
1753873620.27;2.0;49.20402886;18.75513125;389.1826;42.1352;25.0;0.6;284.828
1753873620.28;2.0;49.20402886;18.75513126;389.1826;42.1352;25.0;0.6;284.883
1753873620.29;2.0;49.20402886;18.75513126;389.1828;42.1352;25.0;0.6;284.886
1753873620.3;2.0;49.20402886;18.75513126;389.183;42.1352;25.0;0.6;284.858
1753873620.31;2.0;49.20402886;18.75513126;389.1835;42.1352;25.0;0.6;284.843
1753873620.32;2.0;49.20402885;18.75513126;389.1839;42.1352;25.0;0.6;284.831
1753873620.33;2.0;49.20402885;18.75513127;389.1841;42.1352;25.0;0.6;284.855
1753873620.34;2.0;49.20402885;18.75513127;389.1838;42.1352;25.0;0.6;284.861
1753873620.35;2.0;49.20402885;18.75513128;389.1839;42.1352;25.0;0.6;284.877
1753873620.36;2.0;49.20402885;18.75513128;389.1847;42.1352;25.0;0.6;284.891
1753873620.37;2.0;49.20402885;18.75513128;389.1853;42.1352;25.0;0.6;284.881
1753873620.38;2.0;49.20402885;18.75513128;389.1859;42.1352;25.0;0.6;284.884
1753873620.39;2.0;49.20402885;18.75513129;389.1859;42.1352;25.0;0.6;284.907
1753873620.4;2.0;49.20402885;18.75513129;389.1862;42.1352;25.0;0.6;284.914
1753873620.41;2.0;49.20402885;18.75513129;389.1866;42.1352;25.0;0.6;284.926
1753873620.42;2.0;49.20402885;18.75513129;389.1871;42.1352;25.0;0.6;284.87
1753873620.43;2.0;49.20402885;18.75513129;389.1873;42.1352;25.0;0.6;284.873
1753873620.44;2.0;49.20402885;18.75513129;389.1877;42.1352;25.0;0.6;284.856
1753873620.45;2.0;49.20402885;18.7551313;389.1877;42.1352;25.0;0.6;284.809
1753873620.46;2.0;49.20402885;18.7551313;389.1882;42.1352;25.0;0.6;284.735
1753873620.47;2.0;49.20402884;18.7551313;389.1883;42.1352;25.0;0.6;284.755
1753873620.48;2.0;49.20402884;18.7551313;389.1877;42.1352;25.0;0.6;284.742
1753873620.49;2.0;49.20402884;18.75513131;389.1877;42.1352;25.0;0.6;284.748
1753873620.5;2.0;49.20402884;18.75513131;389.1877;42.1352;25.0;0.6;284.763
1753873620.51;2.0;49.20402884;18.75513131;389.1878;42.1352;25.0;0.6;284.754
1753873620.52;2.0;49.20402884;18.75513132;389.1882;42.1352;25.0;0.6;284.746
1753873620.53;2.0;49.20402884;18.75513132;389.1888;42.1352;25.0;0.6;284.749
1753873620.54;2.0;49.20402884;18.75513132;389.1893;42.1352;25.0;0.6;284.774
1753873620.55;2.0;49.20402884;18.75513132;389.1894;42.1352;25.0;0.6;284.793
1753873620.56;2.0;49.20402884;18.75513133;389.1893;42.1352;25.0;0.6;284.79
1753873620.57;2.0;49.20402884;18.75513133;389.1893;42.1352;25.0;0.6;284.795
1753873620.58;2.0;49.20402884;18.75513133;389.1892;42.1352;25.0;0.6;284.781
1753873620.59;2.0;49.20402884;18.75513134;389.1893;42.1352;25.0;0.6;284.774
1753873620.6;2.0;49.20402884;18.75513134;389.1895;42.1352;25.0;0.6;284.791
1753873620.61;2.0;49.20402884;18.75513134;389.1895;42.1352;25.0;0.6;284.762
1753873620.62;2.0;49.20402884;18.75513135;389.1891;42.1352;25.0;0.6;284.809
1753873620.63;2.0;49.20402883;18.75513135;389.1895;42.1352;25.0;0.6;284.831
1753873620.64;2.0;49.20402883;18.75513137;389.1896;42.1352;25.0;0.6;284.786
1753873620.65;2.0;49.20402883;18.75513137;389.1895;42.1352;25.0;0.6;284.741
1753873620.66;2.0;49.20402883;18.75513137;389.1894;42.1352;25.0;0.6;284.692
1753873620.67;2.0;49.20402883;18.75513137;389.1893;42.1352;25.0;0.6;284.651
1753873620.68;2.0;49.20402883;18.75513138;389.1894;42.1352;25.0;0.6;284.614
1753873620.69;2.0;49.20402883;18.75513138;389.1894;42.1352;25.0;0.6;284.617
1753873620.7;2.0;49.20402883;18.75513138;389.1895;42.1352;25.0;0.6;284.683
1753873620.71;2.0;49.20402883;18.75513138;389.1902;42.1352;25.0;0.6;284.736
1753873620.72;2.0;49.20402883;18.75513138;389.1907;42.1352;25.0;0.6;284.8
1753873620.73;2.0;49.20402883;18.75513138;389.1907;42.1352;25.0;0.6;284.81
1753873620.74;2.0;49.20402883;18.75513139;389.1902;42.1352;25.0;0.6;284.791
1753873620.75;2.0;49.20402884;18.75513139;389.1899;42.1352;25.0;0.6;284.778
1753873620.76;2.0;49.20402884;18.75513139;389.1899;42.1352;25.0;0.6;284.765
1753873620.77;2.0;49.20402883;18.75513139;389.1903;42.1352;25.0;0.6;284.77
1753873620.78;2.0;49.20402883;18.75513139;389.1913;42.1352;25.0;0.6;284.805
1753873620.79;2.0;49.20402884;18.75513139;389.1919;42.1352;25.0;0.6;284.81
1753873620.8;2.0;49.20402884;18.75513139;389.1925;42.1352;25.0;0.6;284.83
1753873620.81;2.0;49.20402884;18.7551314;389.1932;42.1352;25.0;0.6;284.821
1753873620.82;2.0;49.20402884;18.7551314;389.1934;42.1352;25.0;0.6;284.823
1753873620.83;2.0;49.20402884;18.7551314;389.1937;42.1352;25.0;0.6;284.846
1753873620.84;2.0;49.20402884;18.75513141;389.1939;42.1352;25.0;0.6;284.902
1753873620.85;2.0;49.20402884;18.75513141;389.1944;42.1352;25.0;0.6;284.964
1753873620.86;2.0;49.20402884;18.75513141;389.1941;42.1352;25.0;0.6;285.003
1753873620.87;2.0;49.20402884;18.75513141;389.1942;42.1352;25.0;0.6;284.973
1753873620.88;2.0;49.20402884;18.75513141;389.1942;42.1352;25.0;0.6;284.96
1753873620.89;2.0;49.20402884;18.75513141;389.1942;42.1352;25.0;0.6;284.985
1753873620.9;2.0;49.20402884;18.75513142;389.1942;42.1352;25.0;0.6;284.945
1753873620.91;2.0;49.20402884;18.75513142;389.194;42.1352;25.0;0.6;284.909
1753873620.92;2.0;49.20402884;18.75513143;389.1941;42.1352;25.0;0.6;284.918
1753873620.93;2.0;49.20402884;18.75513144;389.194;42.1352;25.0;0.6;284.938
1753873620.94;2.0;49.20402884;18.75513144;389.1938;42.1352;25.0;0.6;284.923
1753873620.95;2.0;49.20402884;18.75513144;389.1939;42.1352;25.0;0.6;284.906
1753873620.96;2.0;49.20402884;18.75513144;389.1945;42.1352;25.0;0.6;284.884
1753873620.97;2.0;49.20402884;18.75513145;389.195;42.1352;25.0;0.6;284.838
1753873620.98;2.0;49.20402884;18.75513145;389.195;42.1352;25.0;0.6;284.845
1753873620.99;2.0;49.20402884;18.75513146;389.1951;42.1352;25.0;0.6;284.864
1753873621.0;2.0;49.20402884;18.75513146;389.1958;42.1352;25.0;0.6;284.862
1753873621.01;2.0;49.20402884;18.75513146;389.1964;42.1352;25.0;0.6;284.841
1753873621.02;2.0;49.20402884;18.75513146;389.1973;42.1352;25.0;0.6;284.797
1753873621.03;2.0;49.20402884;18.75513147;389.1978;42.1352;25.0;0.6;284.832
1753873621.04;2.0;49.20402884;18.75513147;389.1981;42.1352;25.0;0.6;284.805
1753873621.05;2.0;49.20402884;18.75513148;389.1983;42.1352;25.0;0.6;284.748
1753873621.06;2.0;49.20402884;18.75513148;389.1988;42.1352;25.0;0.6;284.761
1753873621.07;2.0;49.20402884;18.75513148;389.1984;42.1352;25.0;0.6;284.765
1753873621.08;2.0;49.20402883;18.75513148;389.1984;42.1352;25.0;0.6;284.814
1753873621.09;2.0;49.20402883;18.75513148;389.1982;42.1352;25.0;0.6;284.9
1753873621.1;2.0;49.20402883;18.75513148;389.1982;42.1352;25.0;0.6;284.911
1753873621.11;2.0;49.20402883;18.75513148;389.1981;42.1352;25.0;0.6;284.904
1753873621.12;2.0;49.20402883;18.75513149;389.198;42.1352;25.0;0.6;284.882
1753873621.13;2.0;49.20402883;18.75513149;389.1974;42.1352;25.0;0.6;284.875
1753873621.14;2.0;49.20402883;18.75513149;389.1973;42.1352;25.0;0.6;284.883
1753873621.15;2.0;49.20402883;18.75513148;389.1978;42.1352;25.0;0.6;284.937
1753873621.16;2.0;49.20402882;18.75513149;389.1982;42.1352;25.0;0.6;285.005
1753873621.17;2.0;49.20402882;18.75513149;389.1985;42.1352;25.0;0.6;285.039
1753873621.18;2.0;49.20402883;18.7551315;389.1987;42.1352;25.0;0.6;285.02
1753873621.19;2.0;49.20402883;18.75513151;389.1989;42.1352;25.0;0.6;285.011
1753873621.2;2.0;49.20402883;18.75513151;389.1989;42.1352;25.0;0.6;284.932
1753873621.21;2.0;49.20402883;18.75513151;389.1991;42.1352;25.0;0.6;284.879
1753873621.22;2.0;49.20402882;18.75513151;389.1999;42.1352;25.0;0.6;284.886
1753873621.23;2.0;49.20402882;18.75513151;389.2004;42.1352;25.0;0.6;284.937
1753873621.24;2.0;49.20402882;18.75513151;389.2004;42.1352;25.0;0.6;284.94
1753873621.25;2.0;49.20402882;18.75513152;389.2006;42.1352;25.0;0.6;284.932
1753873621.26;2.0;49.20402883;18.75513152;389.2011;42.1352;25.0;0.6;284.916
1753873621.27;2.0;49.20402883;18.75513153;389.2017;42.1352;25.0;0.6;284.876
1753873621.28;2.0;49.20402882;18.75513153;389.2021;42.1352;25.0;0.6;284.808
1753873621.29;2.0;49.20402883;18.75513153;389.2025;42.1352;25.0;0.6;284.801
1753873621.3;2.0;49.20402883;18.75513153;389.2024;42.1352;25.0;0.6;284.824
1753873621.31;2.0;49.20402883;18.75513154;389.2022;42.1352;25.0;0.6;284.857
1753873621.32;2.0;49.20402883;18.75513154;389.2021;42.1352;25.0;0.6;284.905
1753873621.33;2.0;49.20402883;18.75513154;389.2017;42.1352;25.0;0.6;284.962
1753873621.34;2.0;49.20402883;18.75513154;389.2018;42.1352;25.0;0.6;285.003
1753873621.35;2.0;49.20402883;18.75513154;389.2022;42.1352;25.0;0.6;285.024
1753873621.36;2.0;49.20402883;18.75513154;389.2025;42.1352;25.0;0.6;285.019
1753873621.37;2.0;49.20402883;18.75513155;389.2023;42.1352;25.0;0.6;285.005
1753873621.38;2.0;49.20402883;18.75513155;389.2026;42.1352;25.0;0.6;284.956
1753873621.39;2.0;49.20402883;18.75513155;389.2024;42.1352;25.0;0.6;284.94
1753873621.4;2.0;49.20402883;18.75513155;389.2023;42.1352;25.0;0.6;284.893
1753873621.41;2.0;49.20402882;18.75513155;389.202;42.1352;25.0;0.6;284.906
1753873621.42;2.0;49.20402882;18.75513156;389.202;42.1352;25.0;0.6;284.931
1753873621.43;2.0;49.20402882;18.75513156;389.2022;42.1352;25.0;0.6;284.935
1753873621.44;2.0;49.20402882;18.75513156;389.2024;42.1352;25.0;0.6;284.931
1753873621.45;2.0;49.20402882;18.75513157;389.2024;42.1352;25.0;0.6;284.973
1753873621.46;2.0;49.20402882;18.75513157;389.2021;42.1352;25.0;0.6;284.976
1753873621.47;2.0;49.20402882;18.75513157;389.2024;42.1352;25.0;0.6;284.948
1753873621.48;2.0;49.20402882;18.75513157;389.2025;42.1352;25.0;0.6;284.925
1753873621.49;2.0;49.20402882;18.75513157;389.2031;42.1352;25.0;0.6;284.888
1753873621.5;2.0;49.20402882;18.75513157;389.2037;42.1352;25.0;0.6;284.866
1753873621.51;2.0;49.20402882;18.75513157;389.204;42.1352;25.0;0.6;284.911
1753873621.52;2.0;49.20402882;18.75513158;389.2041;42.1352;25.0;0.6;284.891
1753873621.53;2.0;49.20402881;18.75513158;389.2044;42.1352;25.0;0.6;284.886
1753873621.54;2.0;49.20402881;18.75513158;389.2048;42.1352;25.0;0.6;284.901
1753873621.55;2.0;49.20402881;18.75513159;389.2051;42.1352;25.0;0.6;284.934
1753873621.56;2.0;49.20402881;18.75513159;389.2056;42.1352;25.0;0.6;284.946
1753873621.57;2.0;49.20402881;18.75513159;389.2058;42.1352;25.0;0.6;285.046
1753873621.58;2.0;49.20402881;18.7551316;389.2055;42.1352;25.0;0.6;285.085
1753873621.59;2.0;49.20402881;18.7551316;389.2051;42.1352;25.0;0.6;285.096
1753873621.6;2.0;49.20402882;18.7551316;389.2053;42.1352;25.0;0.6;285.099
1753873621.61;2.0;49.20402882;18.7551316;389.2055;42.1352;25.0;0.6;285.133
1753873621.62;2.0;49.20402882;18.7551316;389.2058;42.1352;25.0;0.6;285.174
1753873621.63;2.0;49.20402882;18.7551316;389.206;42.1352;25.0;0.6;285.194
1753873621.64;2.0;49.20402882;18.75513161;389.2055;42.1352;25.0;0.6;285.165
1753873621.65;2.0;49.20402882;18.75513161;389.2054;42.1352;25.0;0.6;285.155
1753873621.66;2.0;49.20402882;18.75513161;389.2054;42.1352;25.0;0.6;285.172
1753873621.67;2.0;49.20402882;18.75513161;389.2053;42.1352;25.0;0.6;285.113
1753873621.68;2.0;49.20402882;18.75513162;389.2053;42.1352;25.0;0.6;285.079
1753873621.69;2.0;49.20402882;18.75513162;389.2051;42.1352;25.0;0.6;285.077
1753873621.7;2.0;49.20402882;18.75513162;389.2049;42.1352;25.0;0.6;285.052
1753873621.71;2.0;49.20402882;18.75513162;389.205;42.1352;25.0;0.6;284.963
1753873621.72;2.0;49.20402882;18.75513163;389.205;42.1352;25.0;0.6;284.933
1753873621.73;2.0;49.20402882;18.75513163;389.2051;42.1352;25.0;0.6;284.922
1753873621.74;2.0;49.20402882;18.75513163;389.2051;42.1352;25.0;0.6;284.94
1753873621.75;2.0;49.20402882;18.75513163;389.2056;42.1352;25.0;0.6;284.925
1753873621.76;2.0;49.20402882;18.75513163;389.2059;42.1352;25.0;0.6;284.923
1753873621.77;2.0;49.20402882;18.75513163;389.2061;42.1352;25.0;0.6;284.919
1753873621.78;2.0;49.20402882;18.75513163;389.2065;42.1352;25.0;0.6;284.918
1753873621.79;2.0;49.20402882;18.75513163;389.2071;42.1352;25.0;0.6;284.955
1753873621.8;2.0;49.20402882;18.75513163;389.2072;42.1352;25.0;0.6;284.965
1753873621.81;2.0;49.20402882;18.75513163;389.2076;42.1352;25.0;0.6;285.018
1753873621.82;2.0;49.20402882;18.75513163;389.2075;42.1352;25.0;0.6;284.999
1753873621.83;2.0;49.20402882;18.75513163;389.2073;42.1352;25.0;0.6;285.001
1753873621.84;2.0;49.20402882;18.75513163;389.2072;42.1352;25.0;0.6;285.036
1753873621.85;2.0;49.20402882;18.75513163;389.2076;42.1352;25.0;0.6;285.043
1753873621.86;2.0;49.20402882;18.75513164;389.2077;42.1352;25.0;0.6;285.034
1753873621.87;2.0;49.20402882;18.75513164;389.2076;42.1352;25.0;0.6;284.984
1753873621.88;2.0;49.20402882;18.75513164;389.2077;42.1352;25.0;0.6;284.895
1753873621.89;2.0;49.20402882;18.75513165;389.2078;42.1352;25.0;0.6;284.896
1753873621.9;2.0;49.20402881;18.75513165;389.2079;42.1352;25.0;0.6;284.904
1753873621.91;2.0;49.20402881;18.75513166;389.2076;42.1352;25.0;0.6;284.934
1753873621.92;2.0;49.20402881;18.75513166;389.2078;42.1352;25.0;0.6;284.94
1753873621.93;2.0;49.20402881;18.75513166;389.2079;42.1352;25.0;0.6;284.93
1753873621.94;2.0;49.20402882;18.75513166;389.208;42.1352;25.0;0.6;284.911
1753873621.95;2.0;49.20402882;18.75513166;389.2083;42.1352;25.0;0.6;284.919
1753873621.96;2.0;49.20402882;18.75513166;389.2081;42.1352;25.0;0.6;284.883
1753873621.97;2.0;49.20402882;18.75513167;389.2078;42.1352;25.0;0.6;284.86
1753873621.98;2.0;49.20402882;18.75513168;389.2075;42.1352;25.0;0.6;284.859
1753873621.99;2.0;49.20402882;18.75513168;389.2074;42.1352;25.0;0.6;284.849
1753873622.0;2.0;49.20402882;18.75513168;389.2077;42.1352;25.0;0.6;284.869
1753873622.01;2.0;49.20402882;18.75513169;389.208;42.1352;25.0;0.6;284.879
1753873622.02;2.0;49.20402882;18.75513169;389.2081;42.1352;25.0;0.6;284.822
1753873622.03;2.0;49.20402882;18.75513169;389.2078;42.1352;25.0;0.6;284.839
1753873622.04;2.0;49.20402882;18.75513168;389.2077;42.1352;25.0;0.6;284.895
1753873622.05;2.0;49.20402882;18.75513168;389.2076;42.1352;25.0;0.6;284.916
1753873622.06;2.0;49.20402882;18.75513169;389.2074;42.1352;25.0;0.6;284.897
1753873622.07;2.0;49.20402882;18.75513169;389.2068;42.1352;25.0;0.6;284.97
1753873622.08;2.0;49.20402882;18.75513169;389.2062;42.1352;25.0;0.6;285.01
1753873622.09;2.0;49.20402882;18.75513169;389.2056;42.1352;25.0;0.6;284.963
1753873622.1;2.0;49.20402882;18.75513169;389.2055;42.1352;25.0;0.6;284.934
1753873622.11;2.0;49.20402882;18.75513169;389.2055;42.1352;24.0;0.6;284.945
1753873622.12;2.0;49.20402882;18.7551317;389.206;42.1352;24.0;0.6;284.938
1753873622.13;2.0;49.20402882;18.7551317;389.2062;42.1352;24.0;0.6;284.992
1753873622.14;2.0;49.20402882;18.7551317;389.2063;42.1352;24.0;0.6;285.005
1753873622.15;2.0;49.20402881;18.75513171;389.2061;42.1352;24.0;0.6;285.019
1753873622.16;2.0;49.20402881;18.75513171;389.2063;42.1352;24.0;0.6;285.026
1753873622.17;2.0;49.20402881;18.75513171;389.2066;42.1352;24.0;0.6;285.011
1753873622.18;2.0;49.20402881;18.75513171;389.2065;42.1352;24.0;0.6;285.024
1753873622.19;2.0;49.20402881;18.75513171;389.2065;42.1352;24.0;0.6;284.977
1753873622.2;2.0;49.20402881;18.75513172;389.2068;42.1352;24.0;0.6;284.952
1753873622.21;2.0;49.20402881;18.75513172;389.2068;42.1352;24.0;0.6;284.954
1753873622.22;2.0;49.20402881;18.75513173;389.2068;42.1352;24.0;0.6;284.938
1753873622.23;2.0;49.20402881;18.75513173;389.2064;42.1352;24.0;0.6;284.923
1753873622.24;2.0;49.20402881;18.75513173;389.2063;42.1352;24.0;0.6;284.89
1753873622.25;2.0;49.20402881;18.75513174;389.2065;42.1352;24.0;0.6;284.875
1753873622.26;2.0;49.20402881;18.75513174;389.2063;42.1352;24.0;0.6;284.835
1753873622.27;2.0;49.20402881;18.75513174;389.2061;42.1352;24.0;0.6;284.899
1753873622.28;2.0;49.20402881;18.75513174;389.206;42.1352;24.0;0.6;284.972
1753873622.29;2.0;49.20402881;18.75513174;389.2058;42.1352;24.0;0.6;285.073
1753873622.3;2.0;49.20402881;18.75513175;389.2062;42.1352;24.0;0.6;285.039
1753873622.31;2.0;49.20402881;18.75513175;389.2059;42.1352;24.0;0.6;284.987
1753873622.32;2.0;49.20402881;18.75513175;389.2053;42.1352;24.0;0.6;285.025
1753873622.33;2.0;49.20402881;18.75513175;389.2053;42.1352;24.0;0.6;285.033
1753873622.34;2.0;49.20402881;18.75513175;389.206;42.1352;24.0;0.6;285.003
1753873622.35;2.0;49.20402881;18.75513175;389.2062;42.1352;24.0;0.6;284.998
1753873622.36;2.0;49.20402881;18.75513176;389.2062;42.1352;24.0;0.6;285.046
1753873622.37;2.0;49.20402881;18.75513177;389.2062;42.1352;24.0;0.6;285.092
1753873622.38;2.0;49.20402881;18.75513177;389.2061;42.1352;24.0;0.6;285.084
1753873622.39;2.0;49.20402881;18.75513178;389.2056;42.1352;24.0;0.6;285.11
1753873622.4;2.0;49.20402881;18.75513178;389.2052;42.1352;24.0;0.6;285.123
1753873622.41;2.0;49.20402881;18.75513178;389.2048;42.1352;24.0;0.6;285.086
1753873622.42;2.0;49.20402881;18.75513178;389.2044;42.1352;24.0;0.6;285.097
1753873622.43;2.0;49.20402881;18.75513179;389.2047;42.1352;24.0;0.6;285.064
1753873622.44;2.0;49.20402881;18.75513179;389.2052;42.1352;24.0;0.6;284.971
1753873622.45;2.0;49.20402881;18.75513179;389.2052;42.1352;24.0;0.6;284.958
1753873622.46;2.0;49.20402881;18.7551318;389.2052;42.1352;24.0;0.6;284.943
1753873622.47;2.0;49.20402881;18.7551318;389.2051;42.1352;24.0;0.6;284.949
1753873622.48;2.0;49.20402881;18.7551318;389.2049;42.1352;24.0;0.6;284.937
1753873622.49;2.0;49.20402881;18.75513181;389.2047;42.1352;24.0;0.6;284.952
1753873622.5;2.0;49.20402881;18.75513181;389.204;42.1352;24.0;0.6;284.96
1753873622.51;2.0;49.20402881;18.75513181;389.2041;42.1352;24.0;0.6;284.928
1753873622.52;2.0;49.20402881;18.75513182;389.2044;42.1352;24.0;0.6;284.934
1753873622.53;2.0;49.20402881;18.75513182;389.2044;42.1352;24.0;0.6;284.936
1753873622.54;2.0;49.20402881;18.75513183;389.2043;42.1352;24.0;0.6;284.925
1753873622.55;2.0;49.20402881;18.75513183;389.2042;42.1352;24.0;0.6;284.919
1753873622.56;2.0;49.20402881;18.75513184;389.2045;42.1352;24.0;0.6;284.994
1753873622.57;2.0;49.20402881;18.75513184;389.2041;42.1352;24.0;0.6;284.987
1753873622.58;2.0;49.20402881;18.75513185;389.2041;42.1352;24.0;0.6;284.952
1753873622.59;2.0;49.20402881;18.75513185;389.2036;42.1352;24.0;0.6;284.895
1753873622.6;2.0;49.20402881;18.75513185;389.2029;42.1352;24.0;0.6;284.878
1753873622.61;2.0;49.20402881;18.75513186;389.2028;42.1352;24.0;0.6;284.851
1753873622.62;2.0;49.20402881;18.75513186;389.2027;42.1352;24.0;0.6;284.874
1753873622.63;2.0;49.20402881;18.75513186;389.2027;42.1352;24.0;0.6;284.862
1753873622.64;2.0;49.20402881;18.75513186;389.2028;42.1352;24.0;0.6;284.924
1753873622.65;2.0;49.20402881;18.75513186;389.203;42.1352;24.0;0.6;284.946
1753873622.66;2.0;49.20402881;18.75513186;389.2031;42.1352;24.0;0.6;284.991
1753873622.67;2.0;49.2040288;18.75513187;389.203;42.1352;24.0;0.6;284.95
1753873622.68;2.0;49.20402881;18.75513187;389.2032;42.1352;24.0;0.6;285.001
1753873622.69;2.0;49.20402881;18.75513187;389.2032;42.1352;24.0;0.6;285.034
1753873622.7;2.0;49.20402881;18.75513188;389.2034;42.1352;24.0;0.6;285.088
1753873622.71;2.0;49.20402881;18.75513188;389.2034;42.1352;24.0;0.6;285.061
1753873622.72;2.0;49.20402881;18.75513188;389.2032;42.1352;24.0;0.6;285.069
1753873622.73;2.0;49.20402881;18.75513189;389.203;42.1352;24.0;0.6;285.066
1753873622.74;2.0;49.20402881;18.75513189;389.2024;42.1352;24.0;0.6;285.081
1753873622.75;2.0;49.20402881;18.7551319;389.2023;42.1352;24.0;0.6;285.092
1753873622.76;2.0;49.20402881;18.7551319;389.202;42.1352;24.0;0.6;285.108
1753873622.77;2.0;49.20402881;18.7551319;389.2019;42.1352;24.0;0.6;285.072
1753873622.78;2.0;49.20402881;18.7551319;389.2019;42.1352;24.0;0.6;285.094
1753873622.79;2.0;49.20402881;18.7551319;389.2023;42.1352;24.0;0.6;285.105
1753873622.8;2.0;49.20402881;18.75513191;389.2032;42.1352;24.0;0.6;285.058
1753873622.81;2.0;49.20402881;18.75513191;389.2037;42.1352;24.0;0.6;285.027
1753873622.82;2.0;49.20402881;18.75513192;389.2039;42.1352;24.0;0.6;285.038
1753873622.83;2.0;49.20402881;18.75513193;389.2036;42.1352;24.0;0.6;285.069
1753873622.84;2.0;49.20402881;18.75513193;389.2039;42.1352;24.0;0.6;285.002
1753873622.85;2.0;49.20402882;18.75513193;389.2034;42.1352;24.0;0.6;284.96
1753873622.86;2.0;49.20402882;18.75513194;389.2027;42.1352;24.0;0.6;284.889
1753873622.87;2.0;49.20402882;18.75513194;389.2026;42.1352;24.0;0.6;284.836
1753873622.88;2.0;49.20402883;18.75513195;389.2029;42.1352;24.0;0.6;284.834
1753873622.89;2.0;49.20402883;18.75513195;389.2026;42.1352;24.0;0.6;284.846
1753873622.9;2.0;49.20402883;18.75513196;389.2024;42.1352;24.0;0.6;284.895
1753873622.91;2.0;49.20402883;18.75513196;389.2026;42.1352;24.0;0.6;284.879
1753873622.92;2.0;49.20402883;18.75513196;389.2027;42.1352;24.0;0.6;284.917
1753873622.93;2.0;49.20402882;18.75513197;389.2025;42.1352;24.0;0.6;284.962
1753873622.94;2.0;49.20402882;18.75513197;389.2023;42.1352;24.0;0.6;284.986
1753873622.95;2.0;49.20402882;18.75513197;389.2024;42.1352;24.0;0.6;284.997
1753873622.96;2.0;49.20402882;18.75513198;389.202;42.1352;24.0;0.6;285.006
1753873622.97;2.0;49.20402882;18.75513198;389.2017;42.1352;24.0;0.6;285.012
1753873622.98;2.0;49.20402882;18.75513198;389.2019;42.1352;24.0;0.6;285.062
1753873622.99;2.0;49.20402882;18.75513198;389.2022;42.1352;24.0;0.6;285.063
1753873623.0;2.0;49.20402882;18.75513198;389.2019;42.1352;24.0;0.6;285.075
1753873623.01;2.0;49.20402882;18.75513199;389.2017;42.1352;24.0;0.6;285.065
1753873623.02;2.0;49.20402882;18.75513199;389.2011;42.1352;24.0;0.6;285.032
1753873623.03;2.0;49.20402882;18.755132;389.2007;42.1352;24.0;0.6;285.0
1753873623.04;2.0;49.20402882;18.755132;389.2008;42.1352;24.0;0.6;284.977
1753873623.05;2.0;49.20402882;18.755132;389.2008;42.1352;24.0;0.6;285.0
1753873623.06;2.0;49.20402882;18.755132;389.2007;42.1352;24.0;0.6;285.014
1753873623.07;2.0;49.20402881;18.75513201;389.2004;42.1352;24.0;0.6;285.041
1753873623.08;2.0;49.20402882;18.75513201;389.2;42.1352;24.0;0.6;285.019
1753873623.09;2.0;49.20402882;18.75513201;389.2004;42.1352;24.0;0.6;284.962
1753873623.1;2.0;49.20402882;18.75513201;389.2005;42.1352;24.0;0.6;284.915
1753873623.11;2.0;49.20402882;18.75513201;389.2006;42.1352;24.0;0.6;284.895
1753873623.12;2.0;49.20402882;18.75513202;389.2004;42.1352;24.0;0.6;284.934
1753873623.13;2.0;49.20402882;18.75513202;389.2007;42.1352;24.0;0.6;284.963
1753873623.14;2.0;49.20402883;18.75513202;389.2007;42.1352;24.0;0.6;284.959
1753873623.15;2.0;49.20402883;18.75513203;389.2006;42.1352;24.0;0.6;284.978
1753873623.16;2.0;49.20402883;18.75513203;389.2005;42.1352;24.0;0.6;284.954
1753873623.17;2.0;49.20402883;18.75513204;389.2001;42.1352;24.0;0.6;284.925
1753873623.18;2.0;49.20402883;18.75513205;389.1998;42.1352;24.0;0.6;284.95
1753873623.19;2.0;49.20402884;18.75513205;389.1998;42.1352;24.0;0.6;284.944
1753873623.2;2.0;49.20402884;18.75513205;389.2001;42.1352;24.0;0.6;284.946
1753873623.21;2.0;49.20402884;18.75513206;389.1999;42.1352;24.0;0.6;284.932
1753873623.22;2.0;49.20402884;18.75513206;389.1997;42.1352;24.0;0.6;284.952
1753873623.23;2.0;49.20402885;18.75513206;389.199;42.1352;24.0;0.6;285.024
1753873623.24;2.0;49.20402884;18.75513206;389.1992;42.1352;24.0;0.6;285.043
1753873623.25;2.0;49.20402885;18.75513207;389.199;42.1352;24.0;0.6;285.025
1753873623.26;2.0;49.20402885;18.75513207;389.199;42.1352;24.0;0.6;284.974
1753873623.27;2.0;49.20402885;18.75513207;389.1987;42.1352;24.0;0.6;284.969
1753873623.28;2.0;49.20402885;18.75513208;389.1986;42.1352;24.0;0.6;284.973
1753873623.29;2.0;49.20402885;18.75513209;389.1991;42.1352;24.0;0.6;284.974
1753873623.3;2.0;49.20402885;18.7551321;389.1994;42.1352;24.0;0.6;284.913
1753873623.31;2.0;49.20402885;18.7551321;389.1991;42.1352;24.0;0.6;284.919
1753873623.32;2.0;49.20402885;18.75513211;389.1988;42.1352;24.0;0.6;284.944
1753873623.33;2.0;49.20402885;18.75513211;389.1988;42.1352;24.0;0.6;284.982
1753873623.34;2.0;49.20402885;18.75513212;389.1987;42.1352;24.0;0.6;285.002
1753873623.35;2.0;49.20402885;18.75513212;389.199;42.1352;24.0;0.6;284.974
1753873623.36;2.0;49.20402886;18.75513213;389.1991;42.1352;24.0;0.6;284.942
1753873623.37;2.0;49.20402886;18.75513213;389.1991;42.1352;24.0;0.6;284.867
1753873623.38;2.0;49.20402886;18.75513214;389.1995;42.1352;24.0;0.6;284.853
1753873623.39;2.0;49.20402885;18.75513214;389.1999;42.1352;24.0;0.6;284.86
1753873623.4;2.0;49.20402885;18.75513215;389.1996;42.1352;24.0;0.6;284.872
1753873623.41;2.0;49.20402885;18.75513215;389.1997;42.1352;24.0;0.6;284.869
1753873623.42;2.0;49.20402886;18.75513216;389.2002;42.1352;24.0;0.6;284.905
1753873623.43;2.0;49.20402886;18.75513216;389.2004;42.1352;24.0;0.6;284.976
1753873623.44;2.0;49.20402886;18.75513216;389.2005;42.1352;24.0;0.6;284.979
1753873623.45;2.0;49.20402886;18.75513216;389.2004;42.1352;24.0;0.6;284.992
1753873623.46;2.0;49.20402886;18.75513217;389.1999;42.1352;24.0;0.6;284.966
1753873623.47;2.0;49.20402886;18.75513217;389.1995;42.1352;24.0;0.6;284.963
1753873623.48;2.0;49.20402886;18.75513218;389.1991;42.1352;24.0;0.6;284.998
1753873623.49;2.0;49.20402886;18.75513218;389.1987;42.1352;24.0;0.6;285.019
1753873623.5;2.0;49.20402886;18.75513219;389.1987;42.1352;24.0;0.6;285.018
1753873623.51;2.0;49.20402886;18.75513219;389.1985;42.1352;24.0;0.6;285.037
1753873623.52;2.0;49.20402887;18.7551322;389.1984;42.1352;24.0;0.6;285.044
1753873623.53;2.0;49.20402887;18.7551322;389.1982;42.1352;24.0;0.6;285.018
1753873623.54;2.0;49.20402887;18.7551322;389.1979;42.1352;24.0;0.6;285.025
1753873623.55;2.0;49.20402887;18.75513221;389.1984;42.1352;24.0;0.6;284.99
1753873623.56;2.0;49.20402887;18.75513221;389.1988;42.1352;24.0;0.6;284.961
1753873623.57;2.0;49.20402887;18.75513221;389.1986;42.1352;24.0;0.6;284.98
1753873623.58;2.0;49.20402888;18.75513222;389.1985;42.1352;24.0;0.6;284.951
1753873623.59;2.0;49.20402888;18.75513222;389.1983;42.1352;24.0;0.6;284.874
1753873623.6;2.0;49.20402888;18.75513223;389.1978;42.1352;24.0;0.6;284.884
1753873623.61;2.0;49.20402888;18.75513224;389.1969;42.1352;24.0;0.6;284.93
1753873623.62;2.0;49.20402888;18.75513224;389.1967;42.1352;24.0;0.6;284.931
1753873623.63;2.0;49.20402888;18.75513224;389.1971;42.1352;24.0;0.6;284.936
1753873623.64;2.0;49.20402888;18.75513224;389.1973;42.1352;24.0;0.6;284.952
1753873623.65;2.0;49.20402888;18.75513225;389.1972;42.1352;24.0;0.6;284.996
1753873623.66;2.0;49.20402888;18.75513225;389.1967;42.1352;24.0;0.6;284.996
1753873623.67;2.0;49.20402888;18.75513225;389.1961;42.1352;24.0;0.6;284.973
1753873623.68;2.0;49.20402888;18.75513226;389.196;42.1352;24.0;0.6;284.984
1753873623.69;2.0;49.20402888;18.75513227;389.1958;42.1352;24.0;0.6;284.951
1753873623.7;2.0;49.20402888;18.75513227;389.1956;42.1352;24.0;0.6;284.957
1753873623.71;2.0;49.20402889;18.75513227;389.1952;42.1352;24.0;0.6;284.958
1753873623.72;2.0;49.20402889;18.75513228;389.1945;42.1352;24.0;0.6;284.97
1753873623.73;2.0;49.20402889;18.75513228;389.1942;42.1352;24.0;0.6;285.004
1753873623.74;2.0;49.20402889;18.75513229;389.1943;42.1352;24.0;0.6;285.005
1753873623.75;2.0;49.2040289;18.75513229;389.1945;42.1352;24.0;0.6;284.996
1753873623.76;2.0;49.2040289;18.75513229;389.1948;42.1352;24.0;0.6;284.971
1753873623.77;2.0;49.2040289;18.7551323;389.1947;42.1352;24.0;0.6;284.969
1753873623.78;2.0;49.2040289;18.75513231;389.1946;42.1352;24.0;0.6;284.981
1753873623.79;2.0;49.20402889;18.75513231;389.1946;42.1352;24.0;0.6;285.017
1753873623.8;2.0;49.2040289;18.75513232;389.1943;42.1352;24.0;0.6;284.973
1753873623.81;2.0;49.2040289;18.75513233;389.1937;42.1352;24.0;0.6;284.916
1753873623.82;2.0;49.20402889;18.75513233;389.1933;42.1352;24.0;0.6;284.925
1753873623.83;2.0;49.20402889;18.75513233;389.1932;42.1352;24.0;0.6;284.957
1753873623.84;2.0;49.2040289;18.75513234;389.1933;42.1352;24.0;0.6;284.901
1753873623.85;2.0;49.20402889;18.75513234;389.1935;42.1352;24.0;0.6;284.882
1753873623.86;2.0;49.20402889;18.75513235;389.1935;42.1352;24.0;0.6;284.895
1753873623.87;2.0;49.20402889;18.75513235;389.1936;42.1352;24.0;0.6;284.93
1753873623.88;2.0;49.20402889;18.75513236;389.1938;42.1352;24.0;0.6;284.942
1753873623.89;2.0;49.20402889;18.75513237;389.1938;42.1352;24.0;0.6;284.926
1753873623.9;2.0;49.20402889;18.75513237;389.1935;42.1352;24.0;0.6;284.939
1753873623.91;2.0;49.20402889;18.75513238;389.1927;42.1352;24.0;0.6;284.915
1753873623.92;2.0;49.20402889;18.75513238;389.1922;42.1352;24.0;0.6;284.869
1753873623.93;2.0;49.2040289;18.75513238;389.1919;42.1352;24.0;0.6;284.904
1753873623.94;2.0;49.2040289;18.75513238;389.1921;42.1352;24.0;0.6;284.904
1753873623.95;2.0;49.2040289;18.75513239;389.1919;42.1352;24.0;0.6;284.931
1753873623.96;2.0;49.2040289;18.7551324;389.1913;42.1352;24.0;0.6;284.924
1753873623.97;2.0;49.2040289;18.7551324;389.1912;42.1352;24.0;0.6;284.972
1753873623.98;2.0;49.2040289;18.75513241;389.1911;42.1352;24.0;0.6;284.97
1753873623.99;2.0;49.2040289;18.75513241;389.1907;42.1352;24.0;0.6;284.943
1753873624.0;2.0;49.2040289;18.75513242;389.1905;42.1352;24.0;0.6;284.897
1753873624.01;2.0;49.2040289;18.75513242;389.1902;42.1352;24.0;0.6;284.892
1753873624.02;2.0;49.2040289;18.75513243;389.1904;42.1352;24.0;0.6;284.888
1753873624.03;2.0;49.2040289;18.75513243;389.1906;42.1352;24.0;0.6;284.89
1753873624.04;2.0;49.2040289;18.75513243;389.19;42.1352;24.0;0.6;284.961
1753873624.05;2.0;49.20402891;18.75513243;389.1904;42.1352;24.0;0.6;284.985
1753873624.06;2.0;49.20402891;18.75513244;389.1903;42.1352;24.0;0.6;284.954
1753873624.07;2.0;49.20402891;18.75513244;389.1897;42.1352;24.0;0.6;284.985
1753873624.08;2.0;49.20402891;18.75513244;389.1891;42.1352;24.0;0.6;285.038
1753873624.09;2.0;49.20402891;18.75513245;389.1887;42.1352;24.0;0.6;285.075
1753873624.1;2.0;49.20402891;18.75513245;389.1892;42.1352;24.0;0.6;285.075
1753873624.11;2.0;49.20402891;18.75513246;389.1897;42.1352;24.0;0.6;285.046
1753873624.12;2.0;49.20402891;18.75513246;389.1897;42.1352;24.0;0.6;285.019
1753873624.13;2.0;49.20402891;18.75513246;389.1892;42.1352;24.0;0.6;285.004
1753873624.14;2.0;49.20402891;18.75513247;389.1891;42.1352;24.0;0.6;284.997
1753873624.15;2.0;49.20402891;18.75513247;389.1888;42.1352;24.0;0.6;284.99
1753873624.16;2.0;49.20402892;18.75513248;389.1885;42.1352;24.0;0.6;284.976
1753873624.17;2.0;49.20402892;18.75513249;389.1886;42.1352;24.0;0.6;284.954
1753873624.18;2.0;49.20402892;18.7551325;389.1886;42.1352;24.0;0.6;284.941
1753873624.19;2.0;49.20402892;18.75513251;389.1884;42.1352;24.0;0.6;284.929
1753873624.2;2.0;49.20402892;18.75513251;389.1879;42.1352;24.0;0.6;284.967
1753873624.21;2.0;49.20402892;18.75513252;389.1877;42.1352;24.0;0.6;284.949
1753873624.22;2.0;49.20402892;18.75513253;389.1877;42.1352;24.0;0.6;284.894
1753873624.23;2.0;49.20402892;18.75513253;389.1874;42.1352;24.0;0.6;284.865
1753873624.24;2.0;49.20402892;18.75513254;389.1869;42.1352;24.0;0.6;284.852
1753873624.25;2.0;49.20402892;18.75513254;389.1863;42.1352;24.0;0.6;284.886
1753873624.26;2.0;49.20402893;18.75513255;389.1863;42.1352;24.0;0.6;284.926
1753873624.27;2.0;49.20402893;18.75513256;389.1861;42.1352;24.0;0.6;284.887
1753873624.28;2.0;49.20402893;18.75513257;389.1854;42.1352;24.0;0.6;284.87
1753873624.29;2.0;49.20402893;18.75513258;389.1848;42.1352;24.0;0.6;284.871
1753873624.3;2.0;49.20402893;18.75513258;389.1842;42.1352;24.0;0.6;284.847
1753873624.31;2.0;49.20402893;18.75513259;389.1838;42.1352;24.0;0.6;284.836
1753873624.32;2.0;49.20402893;18.7551326;389.1836;42.1352;24.0;0.6;284.854
1753873624.33;2.0;49.20402893;18.75513261;389.1837;42.1352;24.0;0.6;284.934
1753873624.34;2.0;49.20402893;18.75513261;389.1834;42.1352;24.0;0.6;284.991
1753873624.35;2.0;49.20402894;18.75513262;389.183;42.1352;24.0;0.6;285.005
1753873624.36;2.0;49.20402894;18.75513262;389.183;42.1352;24.0;0.6;285.01
1753873624.37;2.0;49.20402894;18.75513263;389.1832;42.1352;24.0;0.6;284.974
1753873624.38;2.0;49.20402894;18.75513263;389.183;42.1352;24.0;0.6;284.925
1753873624.39;2.0;49.20402894;18.75513264;389.183;42.1352;24.0;0.6;284.926
1753873624.4;2.0;49.20402894;18.75513264;389.1829;42.1352;24.0;0.6;284.876
1753873624.41;2.0;49.20402894;18.75513264;389.1826;42.1352;24.0;0.6;284.877
1753873624.42;2.0;49.20402894;18.75513265;389.1823;42.1352;24.0;0.6;284.879
1753873624.43;2.0;49.20402894;18.75513266;389.182;42.1352;24.0;0.6;284.905
1753873624.44;2.0;49.20402894;18.75513267;389.1818;42.1352;24.0;0.6;284.931
1753873624.45;2.0;49.20402894;18.75513267;389.1814;42.1352;24.0;0.6;284.973
1753873624.46;2.0;49.20402894;18.75513268;389.1812;42.1352;24.0;0.6;284.988
1753873624.47;2.0;49.20402893;18.75513268;389.1812;42.1352;24.0;0.6;284.978
1753873624.48;2.0;49.20402893;18.75513268;389.1819;42.1352;24.0;0.6;284.965
1753873624.49;2.0;49.20402893;18.75513268;389.182;42.1352;24.0;0.6;284.931
1753873624.5;2.0;49.20402893;18.75513268;389.1811;42.1352;24.0;0.6;284.926
1753873624.51;2.0;49.20402893;18.75513269;389.1805;42.1352;24.0;0.6;284.897
1753873624.52;2.0;49.20402892;18.75513269;389.1802;42.1352;24.0;0.6;284.877
1753873624.53;2.0;49.20402892;18.7551327;389.1798;42.1352;24.0;0.6;284.849
1753873624.54;2.0;49.20402891;18.7551327;389.1792;42.1352;24.0;0.6;284.79
1753873624.55;2.0;49.2040289;18.7551327;389.1792;42.1352;24.0;0.6;284.8
1753873624.56;2.0;49.20402889;18.7551327;389.1793;42.1352;24.0;0.6;284.866
1753873624.57;2.0;49.20402888;18.7551327;389.1792;42.1352;24.0;0.6;284.862
1753873624.58;2.0;49.20402886;18.7551327;389.1795;42.1352;24.0;0.6;284.854
1753873624.59;2.0;49.20402885;18.7551327;389.1791;42.1352;24.0;0.6;284.827
1753873624.6;2.0;49.20402883;18.7551327;389.1789;42.1352;24.0;0.6;284.805
1753873624.61;2.0;49.20402882;18.7551327;389.1785;42.1352;24.0;0.6;284.833
1753873624.62;2.0;49.2040288;18.7551327;389.1782;42.1352;24.0;0.6;284.889
1753873624.63;2.0;49.20402879;18.7551327;389.1777;42.1352;24.0;0.6;284.915
1753873624.64;2.0;49.20402877;18.7551327;389.1773;42.1352;24.0;0.6;284.901
1753873624.65;2.0;49.20402876;18.7551327;389.1774;42.1352;24.0;0.6;284.915
1753873624.66;2.0;49.20402875;18.7551327;389.1775;42.1352;24.0;0.6;284.886
1753873624.67;2.0;49.20402874;18.7551327;389.1775;42.1352;24.0;0.6;284.849
1753873624.68;2.0;49.20402872;18.7551327;389.1768;42.1352;24.0;0.6;284.877
1753873624.69;2.0;49.20402871;18.7551327;389.1765;42.1352;24.0;0.6;284.919
1753873624.7;2.0;49.2040287;18.7551327;389.1762;42.1352;24.0;0.6;284.907
1753873624.71;2.0;49.20402869;18.7551327;389.1757;42.1352;24.0;0.6;284.899
1753873624.72;2.0;49.20402868;18.75513271;389.1754;42.1352;24.0;0.6;284.89
1753873624.73;2.0;49.20402867;18.75513271;389.1751;42.1352;24.0;0.6;284.871
1753873624.74;2.0;49.20402866;18.75513272;389.174;42.1352;24.0;0.6;284.911
1753873624.75;2.0;49.20402865;18.75513272;389.1733;42.1352;24.0;0.6;284.954
1753873624.76;2.0;49.20402864;18.75513273;389.1723;42.1352;24.0;0.6;284.986
1753873624.77;2.0;49.20402863;18.75513273;389.1713;42.1352;24.0;0.6;285.022
1753873624.78;2.0;49.20402863;18.75513274;389.1703;42.1352;24.0;0.6;285.018
1753873624.79;2.0;49.20402862;18.75513274;389.1695;42.1352;24.0;0.6;285.016
1753873624.8;2.0;49.20402861;18.75513274;389.1693;42.1352;24.0;0.6;285.024
1753873624.81;2.0;49.20402861;18.75513274;389.1689;42.1352;24.0;0.6;285.068
1753873624.82;2.0;49.20402861;18.75513274;389.1684;42.1352;24.0;0.6;285.069
1753873624.83;2.0;49.20402861;18.75513275;389.1681;42.1352;24.0;0.6;285.092
1753873624.84;2.0;49.2040286;18.75513275;389.1678;42.1352;24.0;0.6;285.072
1753873624.85;2.0;49.2040286;18.75513275;389.1676;42.1352;24.0;0.6;284.998
1753873624.86;2.0;49.2040286;18.75513275;389.1677;42.1352;24.0;0.6;284.977
1753873624.87;2.0;49.20402859;18.75513276;389.1671;42.1352;24.0;0.6;284.988
1753873624.88;2.0;49.20402859;18.75513276;389.1666;42.1352;24.0;0.6;284.97
1753873624.89;2.0;49.20402859;18.75513276;389.1663;42.1352;24.0;0.6;284.905
1753873624.9;2.0;49.20402859;18.75513275;389.1662;42.1352;24.0;0.6;284.914
1753873624.91;2.0;49.20402859;18.75513276;389.1662;42.1352;24.0;0.6;284.918
1753873624.92;2.0;49.20402859;18.75513276;389.166;42.1352;24.0;0.6;284.904
1753873624.93;2.0;49.20402859;18.75513276;389.1661;42.1352;24.0;0.6;284.886
1753873624.94;2.0;49.20402859;18.75513277;389.1659;42.1352;24.0;0.6;284.811
1753873624.95;2.0;49.20402859;18.75513277;389.1655;42.1352;24.0;0.6;284.756
1753873624.96;2.0;49.20402859;18.75513278;389.1654;42.1352;24.0;0.6;284.688
1753873624.97;2.0;49.20402859;18.75513278;389.1653;42.1352;24.0;0.6;284.678
1753873624.98;2.0;49.20402859;18.75513279;389.1655;42.1352;24.0;0.6;284.677
1753873624.99;2.0;49.20402858;18.75513278;389.1657;42.1352;24.0;0.6;284.666
1753873625.0;2.0;49.20402857;18.75513278;389.1653;42.1352;24.0;0.6;284.681
1753873625.01;2.0;49.20402857;18.75513278;389.1652;42.1352;24.0;0.6;284.726
1753873625.02;2.0;49.20402856;18.75513278;389.1647;42.1352;24.0;0.6;284.686
1753873625.03;2.0;49.20402855;18.75513278;389.1642;42.1352;24.0;0.6;284.661
1753873625.04;2.0;49.20402854;18.75513278;389.1632;42.1352;24.0;0.6;284.677
1753873625.05;2.0;49.20402852;18.75513278;389.162;42.1352;24.0;0.6;284.681
1753873625.06;2.0;49.20402851;18.75513278;389.1613;42.1352;24.0;0.6;284.701
1753873625.07;2.0;49.2040285;18.75513277;389.1609;42.1352;24.0;0.6;284.653
1753873625.08;2.0;49.20402848;18.75513277;389.1609;42.1352;24.0;0.6;284.696
1753873625.09;2.0;49.20402847;18.75513276;389.1606;42.1352;24.0;0.6;284.719
1753873625.1;2.0;49.20402845;18.75513275;389.1603;42.1352;24.0;0.6;284.721
1753873625.11;2.0;49.20402843;18.75513275;389.1601;42.1352;24.0;0.6;284.738
1753873625.12;2.0;49.20402842;18.75513274;389.1597;42.1352;24.0;0.6;284.732
1753873625.13;2.0;49.2040284;18.75513273;389.1597;42.1352;24.0;0.6;284.698
1753873625.14;2.0;49.20402839;18.75513273;389.1596;42.1352;24.0;0.6;284.689
1753873625.15;2.0;49.20402836;18.75513273;389.1595;42.1352;24.0;0.6;284.666
1753873625.16;2.0;49.20402835;18.75513272;389.1594;42.1352;24.0;0.6;284.65
1753873625.17;2.0;49.20402833;18.75513272;389.1591;42.1352;24.0;0.6;284.657
1753873625.18;2.0;49.20402832;18.75513272;389.1585;42.1352;24.0;0.6;284.618
1753873625.19;2.0;49.20402831;18.75513272;389.158;42.1352;24.0;0.6;284.587
1753873625.2;2.0;49.20402829;18.75513272;389.1576;42.1352;24.0;0.6;284.623
1753873625.21;2.0;49.20402828;18.75513272;389.1574;42.1352;24.0;0.6;284.621
1753873625.22;2.0;49.20402827;18.75513273;389.1569;42.1352;24.0;0.6;284.635
1753873625.23;2.0;49.20402825;18.75513273;389.1565;42.1352;24.0;0.6;284.672
1753873625.24;2.0;49.20402824;18.75513273;389.156;42.1352;24.0;0.6;284.646
1753873625.25;2.0;49.20402823;18.75513274;389.1558;42.1352;24.0;0.6;284.654
1753873625.26;2.0;49.20402821;18.75513274;389.1557;42.1352;24.0;0.6;284.684
1753873625.27;2.0;49.2040282;18.75513275;389.1553;42.1352;24.0;0.6;284.731
1753873625.28;2.0;49.20402819;18.75513275;389.1546;42.1352;24.0;0.6;284.766
1753873625.29;2.0;49.20402818;18.75513275;389.1544;42.1352;24.0;0.6;284.799
1753873625.3;2.0;49.20402817;18.75513275;389.1541;42.1352;24.0;0.6;284.854
1753873625.31;2.0;49.20402816;18.75513275;389.1537;42.1352;24.0;0.6;284.893
1753873625.32;2.0;49.20402815;18.75513275;389.153;42.1352;24.0;0.6;284.95
1753873625.33;2.0;49.20402814;18.75513275;389.153;42.1352;24.0;0.6;284.932
1753873625.34;2.0;49.20402813;18.75513276;389.1529;42.1352;24.0;0.6;284.932
1753873625.35;2.0;49.20402813;18.75513276;389.1525;42.1352;24.0;0.6;284.914
1753873625.36;2.0;49.20402812;18.75513276;389.152;42.1352;24.0;0.6;284.867
1753873625.37;2.0;49.20402811;18.75513276;389.1516;42.1352;24.0;0.6;284.849
1753873625.38;2.0;49.20402811;18.75513276;389.1515;42.1352;24.0;0.6;284.868
1753873625.39;2.0;49.20402811;18.75513276;389.1511;42.1352;24.0;0.6;284.895
1753873625.4;2.0;49.2040281;18.75513276;389.1506;42.1352;24.0;0.6;284.895
1753873625.41;2.0;49.2040281;18.75513276;389.1502;42.1352;24.0;0.6;284.849
1753873625.42;2.0;49.20402809;18.75513276;389.1494;42.1352;24.0;0.6;284.831
1753873625.43;2.0;49.20402809;18.75513276;389.1488;42.1352;24.0;0.6;284.831
1753873625.44;2.0;49.20402809;18.75513277;389.1478;42.1352;24.0;0.6;284.844
1753873625.45;2.0;49.20402808;18.75513278;389.1473;42.1352;24.0;0.6;284.852
1753873625.46;2.0;49.20402808;18.75513278;389.1464;42.1352;24.0;0.6;284.867
1753873625.47;2.0;49.20402807;18.75513279;389.1453;42.1352;24.0;0.6;284.922
1753873625.48;2.0;49.20402807;18.75513279;389.1444;42.1352;24.0;0.6;284.965
1753873625.49;2.0;49.20402806;18.75513279;389.1438;42.1352;24.0;0.6;285.024
1753873625.5;2.0;49.20402805;18.7551328;389.1432;42.1352;24.0;0.6;285.072
1753873625.51;2.0;49.20402804;18.7551328;389.1426;42.1352;24.0;0.6;285.039
1753873625.52;2.0;49.20402804;18.7551328;389.1422;42.1352;24.0;0.6;285.032
1753873625.53;2.0;49.20402803;18.75513281;389.1425;42.1352;24.0;0.6;285.008
1753873625.54;2.0;49.20402802;18.75513281;389.1422;42.1352;24.0;0.6;284.995
1753873625.55;2.0;49.20402801;18.75513281;389.1414;42.1352;24.0;0.6;285.013
1753873625.56;2.0;49.204028;18.75513281;389.1408;42.1352;24.0;0.6;285.009
1753873625.57;2.0;49.20402799;18.75513282;389.1401;42.1352;24.0;0.6;284.953
1753873625.58;2.0;49.20402799;18.75513282;389.1394;42.1352;24.0;0.6;284.902
1753873625.59;2.0;49.20402798;18.75513282;389.1395;42.1352;24.0;0.6;284.857
1753873625.6;2.0;49.20402798;18.75513282;389.1393;42.1352;24.0;0.6;284.864
1753873625.61;2.0;49.20402797;18.75513282;389.139;42.1352;24.0;0.6;284.844
1753873625.62;2.0;49.20402797;18.75513283;389.1387;42.1352;24.0;0.6;284.818
1753873625.63;2.0;49.20402796;18.75513283;389.1382;42.1352;24.0;0.6;284.791
1753873625.64;2.0;49.20402796;18.75513284;389.1378;42.1352;24.0;0.6;284.715
1753873625.65;2.0;49.20402795;18.75513284;389.1369;42.1352;24.0;0.6;284.646
1753873625.66;2.0;49.20402795;18.75513285;389.1359;42.1352;24.0;0.6;284.645
1753873625.67;2.0;49.20402795;18.75513285;389.1349;42.1352;24.0;0.6;284.609
1753873625.68;2.0;49.20402794;18.75513285;389.1344;42.1352;24.0;0.6;284.577
1753873625.69;2.0;49.20402794;18.75513286;389.1339;42.1352;24.0;0.6;284.559
1753873625.7;2.0;49.20402793;18.75513287;389.1331;42.1352;24.0;0.6;284.505
1753873625.71;2.0;49.20402793;18.75513287;389.1323;42.1352;24.0;0.6;284.444
1753873625.72;2.0;49.20402792;18.75513288;389.1318;42.1352;24.0;0.6;284.45
1753873625.73;2.0;49.20402791;18.75513288;389.1314;42.1352;24.0;0.6;284.445
1753873625.74;2.0;49.2040279;18.75513289;389.1309;42.1352;24.0;0.6;284.452
1753873625.75;2.0;49.2040279;18.7551329;389.1306;42.1352;24.0;0.6;284.435
1753873625.76;2.0;49.2040279;18.7551329;389.1298;42.1352;24.0;0.6;284.422
1753873625.77;2.0;49.20402789;18.75513291;389.1293;42.1352;24.0;0.6;284.393
1753873625.78;2.0;49.20402789;18.75513291;389.1291;42.1352;24.0;0.6;284.369
1753873625.79;2.0;49.20402789;18.75513291;389.1294;42.1352;24.0;0.6;284.35
1753873625.8;2.0;49.20402788;18.75513292;389.1297;42.1352;24.0;0.6;284.374
1753873625.81;2.0;49.20402788;18.75513292;389.1296;42.1352;24.0;0.6;284.417
1753873625.82;2.0;49.20402788;18.75513293;389.129;42.1352;24.0;0.6;284.425
1753873625.83;2.0;49.20402787;18.75513293;389.1287;42.1352;24.0;0.6;284.464
1753873625.84;2.0;49.20402787;18.75513294;389.1279;42.1352;24.0;0.6;284.515
1753873625.85;2.0;49.20402786;18.75513294;389.1274;42.1352;24.0;0.6;284.472
1753873625.86;2.0;49.20402786;18.75513294;389.1277;42.1352;24.0;0.6;284.376
1753873625.87;2.0;49.20402786;18.75513295;389.1277;42.1352;24.0;0.6;284.315
1753873625.88;2.0;49.20402785;18.75513295;389.1273;42.1352;24.0;0.6;284.288
1753873625.89;2.0;49.20402785;18.75513296;389.1266;42.1352;24.0;0.6;284.274
1753873625.9;2.0;49.20402784;18.75513296;389.1262;42.1352;24.0;0.6;284.226
1753873625.91;2.0;49.20402784;18.75513297;389.1262;42.1352;24.0;0.6;284.21
1753873625.92;2.0;49.20402783;18.75513297;389.1263;42.1352;24.0;0.6;284.222
1753873625.93;2.0;49.20402783;18.75513298;389.1258;42.1352;24.0;0.6;284.258
1753873625.94;2.0;49.20402782;18.75513299;389.1254;42.1352;24.0;0.6;284.279
1753873625.95;2.0;49.20402781;18.755133;389.1252;42.1352;24.0;0.6;284.292
1753873625.96;2.0;49.2040278;18.75513301;389.1249;42.1352;24.0;0.6;284.353
1753873625.97;2.0;49.2040278;18.75513302;389.1246;42.1352;24.0;0.6;284.428
1753873625.98;2.0;49.20402779;18.75513303;389.1247;42.1352;24.0;0.6;284.518
1753873625.99;2.0;49.20402778;18.75513303;389.1249;42.1352;24.0;0.6;284.539
1753873626.0;2.0;49.20402778;18.75513304;389.1248;42.1352;24.0;0.6;284.588
1753873626.01;2.0;49.20402777;18.75513305;389.1245;42.1352;24.0;0.6;284.605
1753873626.02;2.0;49.20402777;18.75513305;389.1238;42.1352;24.0;0.6;284.625
1753873626.03;2.0;49.20402776;18.75513306;389.1234;42.1352;24.0;0.6;284.642
1753873626.04;2.0;49.20402775;18.75513306;389.1234;42.1352;24.0;0.6;284.644
1753873626.05;2.0;49.20402775;18.75513307;389.1233;42.1352;24.0;0.6;284.654
1753873626.06;2.0;49.20402774;18.75513307;389.123;42.1352;24.0;0.6;284.672
1753873626.07;2.0;49.20402773;18.75513306;389.1234;42.1352;24.0;0.6;284.667
1753873626.08;2.0;49.20402772;18.75513305;389.1239;42.1352;24.0;0.6;284.664
1753873626.09;2.0;49.2040277;18.75513304;389.1239;42.1352;24.0;0.6;284.689
1753873626.1;2.0;49.20402768;18.75513303;389.124;42.1352;25.0;0.6;284.743
1753873626.11;2.0;49.20402767;18.75513303;389.1242;42.1352;25.0;0.6;284.75
1753873626.12;2.0;49.20402766;18.75513302;389.1247;42.1352;25.0;0.6;284.735
1753873626.13;2.0;49.20402764;18.75513302;389.1248;42.1352;25.0;0.6;284.682
1753873626.14;2.0;49.20402763;18.75513302;389.1249;42.1352;25.0;0.6;284.634
1753873626.15;2.0;49.20402762;18.75513302;389.1249;42.1352;25.0;0.6;284.605
1753873626.16;2.0;49.2040276;18.75513301;389.1249;42.1352;25.0;0.6;284.651
1753873626.17;2.0;49.20402759;18.75513302;389.1243;42.1352;25.0;0.6;284.688
1753873626.18;2.0;49.20402758;18.75513302;389.124;42.1352;25.0;0.6;284.715
1753873626.19;2.0;49.20402757;18.75513302;389.1237;42.1352;25.0;0.6;284.736
1753873626.2;2.0;49.20402756;18.75513303;389.1232;42.1352;25.0;0.6;284.795
1753873626.21;2.0;49.20402754;18.75513303;389.1222;42.1352;25.0;0.6;284.822
1753873626.22;2.0;49.20402753;18.75513303;389.1218;42.1352;25.0;0.6;284.81
1753873626.23;2.0;49.20402752;18.75513304;389.1215;42.1352;25.0;0.6;284.861
1753873626.24;2.0;49.20402751;18.75513304;389.1215;42.1352;25.0;0.6;284.857
1753873626.25;2.0;49.2040275;18.75513305;389.1213;42.1352;25.0;0.6;284.874
1753873626.26;2.0;49.20402749;18.75513306;389.1207;42.1352;25.0;0.6;284.849
1753873626.27;2.0;49.20402748;18.75513306;389.1203;42.1352;25.0;0.6;284.85
1753873626.28;2.0;49.20402748;18.75513307;389.1199;42.1352;25.0;0.6;284.836
1753873626.29;2.0;49.20402747;18.75513307;389.1197;42.1352;25.0;0.6;284.789
1753873626.3;2.0;49.20402747;18.75513308;389.119;42.1352;25.0;0.6;284.767
1753873626.31;2.0;49.20402747;18.75513309;389.1185;42.1352;25.0;0.6;284.745
1753873626.32;2.0;49.20402746;18.7551331;389.1182;42.1352;25.0;0.6;284.778
1753873626.33;2.0;49.20402746;18.75513311;389.118;42.1352;25.0;0.6;284.831
1753873626.34;2.0;49.20402745;18.75513312;389.1174;42.1352;25.0;0.6;284.857
1753873626.35;2.0;49.20402745;18.75513312;389.1164;42.1352;25.0;0.6;284.881
1753873626.36;2.0;49.20402744;18.75513313;389.1152;42.1352;25.0;0.6;284.881
1753873626.37;2.0;49.20402744;18.75513314;389.1142;42.1352;25.0;0.6;284.938
1753873626.38;2.0;49.20402743;18.75513315;389.1134;42.1352;25.0;0.6;284.98
1753873626.39;2.0;49.20402742;18.75513316;389.1126;42.1352;25.0;0.6;285.012
1753873626.4;2.0;49.20402742;18.75513317;389.1117;42.1352;25.0;0.6;285.025
1753873626.41;2.0;49.20402741;18.75513318;389.1109;42.1352;25.0;0.6;284.943
1753873626.42;2.0;49.2040274;18.7551332;389.1103;42.1352;25.0;0.6;284.906
1753873626.43;2.0;49.2040274;18.75513321;389.1095;42.1352;25.0;0.6;284.89
1753873626.44;2.0;49.20402739;18.75513323;389.1083;42.1352;25.0;0.6;284.877
1753873626.45;2.0;49.20402738;18.75513325;389.1065;42.1352;25.0;0.6;284.885
1753873626.46;2.0;49.20402737;18.75513327;389.1055;42.1352;25.0;0.6;284.921
1753873626.47;2.0;49.20402736;18.75513329;389.1045;42.1352;25.0;0.6;284.919
1753873626.48;2.0;49.20402735;18.7551333;389.1036;42.1352;25.0;0.6;284.918
1753873626.49;2.0;49.20402734;18.75513332;389.1022;42.1352;25.0;0.6;284.875
1753873626.5;2.0;49.20402733;18.75513334;389.1011;42.1352;25.0;0.6;284.798
1753873626.51;2.0;49.20402732;18.75513336;389.1005;42.1352;25.0;0.6;284.8
1753873626.52;2.0;49.20402731;18.75513338;389.0996;42.1352;25.0;0.6;284.817
1753873626.53;2.0;49.2040273;18.75513339;389.0987;42.1352;25.0;0.6;284.775
1753873626.54;2.0;49.2040273;18.75513341;389.0974;42.1352;25.0;0.6;284.762
1753873626.55;2.0;49.20402729;18.75513342;389.0971;42.1352;25.0;0.6;284.749
1753873626.56;2.0;49.20402729;18.75513344;389.0969;42.1352;25.0;0.6;284.75
1753873626.57;2.0;49.20402728;18.75513346;389.0964;42.1352;25.0;0.6;284.732
1753873626.58;2.0;49.20402728;18.75513347;389.0957;42.1352;25.0;0.6;284.722
1753873626.59;2.0;49.20402727;18.75513349;389.0953;42.1352;25.0;0.6;284.722
1753873626.6;2.0;49.20402726;18.7551335;389.0949;42.1352;25.0;0.6;284.736
1753873626.61;2.0;49.20402726;18.75513351;389.0942;42.1352;25.0;0.6;284.75
1753873626.62;2.0;49.20402725;18.75513352;389.0934;42.1352;25.0;0.6;284.752
1753873626.63;2.0;49.20402724;18.75513353;389.0927;42.1352;25.0;0.6;284.74
1753873626.64;2.0;49.20402724;18.75513355;389.0915;42.1352;25.0;0.6;284.713
1753873626.65;2.0;49.20402723;18.75513357;389.0905;42.1352;25.0;0.6;284.649
1753873626.66;2.0;49.20402722;18.75513359;389.0891;42.1352;25.0;0.6;284.636
1753873626.67;2.0;49.20402722;18.75513361;389.0879;42.1352;25.0;0.6;284.636
1753873626.68;2.0;49.20402721;18.75513363;389.0869;42.1352;25.0;0.6;284.653
1753873626.69;2.0;49.2040272;18.75513365;389.0862;42.1352;25.0;0.6;284.644
1753873626.7;2.0;49.20402719;18.75513366;389.086;42.1352;25.0;0.6;284.621
1753873626.71;2.0;49.20402718;18.75513368;389.0853;42.1352;25.0;0.6;284.672
1753873626.72;2.0;49.20402717;18.75513369;389.0847;42.1352;25.0;0.6;284.677
1753873626.73;2.0;49.20402715;18.75513371;389.0845;42.1352;25.0;0.6;284.654
1753873626.74;2.0;49.20402714;18.75513372;389.0842;42.1352;25.0;0.6;284.638
1753873626.75;2.0;49.20402713;18.75513374;389.0839;42.1352;25.0;0.6;284.526
1753873626.76;2.0;49.20402712;18.75513375;389.0838;42.1352;25.0;0.6;284.445
1753873626.77;2.0;49.2040271;18.75513376;389.0838;42.1352;25.0;0.6;284.425
1753873626.78;2.0;49.20402709;18.75513377;389.0837;42.1352;25.0;0.6;284.446
1753873626.79;2.0;49.20402708;18.75513378;389.0832;42.1352;25.0;0.6;284.497
1753873626.8;2.0;49.20402706;18.75513379;389.0831;42.1352;25.0;0.6;284.519
1753873626.81;2.0;49.20402705;18.7551338;389.0833;42.1352;25.0;0.6;284.549
1753873626.82;2.0;49.20402704;18.75513382;389.0829;42.1352;25.0;0.6;284.625
1753873626.83;2.0;49.20402703;18.75513383;389.0827;42.1352;25.0;0.6;284.672
1753873626.84;2.0;49.20402702;18.75513385;389.0824;42.1352;25.0;0.6;284.654
1753873626.85;2.0;49.204027;18.75513386;389.0825;42.1352;25.0;0.6;284.609
1753873626.86;2.0;49.20402699;18.75513388;389.0826;42.1352;25.0;0.6;284.636
1753873626.87;2.0;49.20402697;18.7551339;389.0821;42.1352;25.0;0.6;284.645
1753873626.88;2.0;49.20402696;18.75513392;389.0823;42.1352;25.0;0.6;284.607
1753873626.89;2.0;49.20402695;18.75513394;389.0825;42.1352;25.0;0.6;284.625
1753873626.9;2.0;49.20402693;18.75513396;389.0825;42.1352;25.0;0.6;284.608
1753873626.91;2.0;49.20402691;18.75513399;389.0823;42.1352;25.0;0.6;284.616
1753873626.92;2.0;49.20402689;18.75513401;389.0824;42.1352;25.0;0.6;284.652
1753873626.93;2.0;49.20402687;18.75513403;389.0828;42.1352;25.0;0.6;284.704
1753873626.94;2.0;49.20402685;18.75513406;389.0824;42.1352;25.0;0.6;284.707
1753873626.95;2.0;49.20402683;18.75513409;389.0823;42.1352;25.0;0.6;284.699
1753873626.96;2.0;49.20402681;18.75513412;389.0818;42.1352;25.0;0.6;284.689
1753873626.97;2.0;49.20402679;18.75513415;389.081;42.1352;25.0;0.6;284.719
1753873626.98;2.0;49.20402677;18.75513418;389.0805;42.1352;25.0;0.6;284.717
1753873626.99;2.0;49.20402675;18.7551342;389.0801;42.1352;25.0;0.6;284.739
1753873627.0;2.0;49.20402673;18.75513423;389.0799;42.1352;25.0;0.6;284.779
1753873627.01;2.0;49.20402671;18.75513426;389.0793;42.1352;25.0;0.6;284.786
1753873627.02;2.0;49.20402669;18.75513428;389.0785;42.1352;25.0;0.6;284.715
1753873627.03;2.0;49.20402667;18.75513431;389.078;42.1352;25.0;0.6;284.656
1753873627.04;2.0;49.20402665;18.75513433;389.078;42.1352;25.0;0.6;284.658
1753873627.05;2.0;49.20402662;18.75513436;389.078;42.1352;25.0;0.6;284.655
1753873627.06;2.0;49.2040266;18.75513438;389.0781;42.1352;25.0;0.6;284.665
1753873627.07;2.0;49.20402658;18.75513441;389.0775;42.1352;25.0;0.6;284.68
1753873627.08;2.0;49.20402655;18.75513444;389.0771;42.1352;25.0;0.6;284.664
1753873627.09;2.0;49.20402653;18.75513447;389.077;42.1352;24.0;0.6;284.593
1753873627.1;2.0;49.20402652;18.75513449;389.0766;42.1352;24.0;0.6;284.532
1753873627.11;2.0;49.2040265;18.75513451;389.0764;42.1352;24.0;0.6;284.489
1753873627.12;2.0;49.20402647;18.75513453;389.0762;42.1352;24.0;0.6;284.455
1753873627.13;2.0;49.20402645;18.75513456;389.0759;42.1352;24.0;0.6;284.463
1753873627.14;2.0;49.20402644;18.75513458;389.0755;42.1352;24.0;0.6;284.491
1753873627.15;2.0;49.20402642;18.7551346;389.0751;42.1352;24.0;0.6;284.543
1753873627.16;2.0;49.2040264;18.75513462;389.0749;42.1352;24.0;0.6;284.542
1753873627.17;2.0;49.20402638;18.75513464;389.0749;42.1352;24.0;0.6;284.562
1753873627.18;2.0;49.20402636;18.75513467;389.0746;42.1352;24.0;0.6;284.589
1753873627.19;2.0;49.20402634;18.75513469;389.0746;42.1352;24.0;0.6;284.603
1753873627.2;2.0;49.20402633;18.75513471;389.0748;42.1352;24.0;0.6;284.596
1753873627.21;2.0;49.20402631;18.75513472;389.0747;42.1352;24.0;0.6;284.535
1753873627.22;2.0;49.20402629;18.75513474;389.0747;42.1352;24.0;0.6;284.526
1753873627.23;2.0;49.20402628;18.75513476;389.0745;42.1352;24.0;0.6;284.513
1753873627.24;2.0;49.20402626;18.75513477;389.074;42.1352;24.0;0.6;284.532
1753873627.25;2.0;49.20402625;18.75513479;389.0741;42.1352;24.0;0.6;284.56
1753873627.26;2.0;49.20402624;18.75513481;389.0745;42.1352;24.0;0.6;284.567
1753873627.27;2.0;49.20402623;18.75513482;389.0749;42.1352;24.0;0.6;284.582
1753873627.28;2.0;49.20402621;18.75513483;389.0748;42.1352;24.0;0.6;284.591
1753873627.29;2.0;49.2040262;18.75513485;389.0747;42.1352;24.0;0.6;284.548
1753873627.3;2.0;49.20402619;18.75513487;389.0745;42.1352;24.0;0.6;284.512
1753873627.31;2.0;49.20402618;18.75513488;389.0741;42.1352;24.0;0.6;284.486
1753873627.32;2.0;49.20402617;18.7551349;389.0744;42.1352;24.0;0.6;284.462
1753873627.33;2.0;49.20402616;18.75513491;389.0746;42.1352;24.0;0.6;284.457
1753873627.34;2.0;49.20402615;18.75513492;389.0748;42.1352;24.0;0.6;284.458
1753873627.35;2.0;49.20402614;18.75513494;389.0749;42.1352;24.0;0.6;284.453
1753873627.36;2.0;49.20402613;18.75513495;389.0745;42.1352;24.0;0.6;284.411
1753873627.37;2.0;49.20402612;18.75513496;389.0744;42.1352;24.0;0.6;284.383
1753873627.38;2.0;49.20402611;18.75513498;389.0748;42.1352;24.0;0.6;284.387
1753873627.39;2.0;49.2040261;18.75513499;389.0756;42.1352;24.0;0.6;284.37
1753873627.4;2.0;49.20402609;18.755135;389.076;42.1352;24.0;0.6;284.361
1753873627.41;2.0;49.20402608;18.75513502;389.0759;42.1352;24.0;0.6;284.411
1753873627.42;2.0;49.20402607;18.75513503;389.0758;42.1352;24.0;0.6;284.466
1753873627.43;2.0;49.20402606;18.75513504;389.0758;42.1352;24.0;0.6;284.475
1753873627.44;2.0;49.20402605;18.75513506;389.0752;42.1352;24.0;0.6;284.507
1753873627.45;2.0;49.20402604;18.75513508;389.0745;42.1352;24.0;0.6;284.557
1753873627.46;2.0;49.20402603;18.75513509;389.0741;42.1352;24.0;0.6;284.566
1753873627.47;2.0;49.20402602;18.75513511;389.0736;42.1352;24.0;0.6;284.498
1753873627.48;2.0;49.20402601;18.75513512;389.0728;42.1352;24.0;0.6;284.475
1753873627.49;2.0;49.204026;18.75513514;389.0729;42.1352;24.0;0.6;284.499
1753873627.5;2.0;49.20402598;18.75513515;389.0734;42.1352;24.0;0.6;284.508
1753873627.51;2.0;49.20402597;18.75513517;389.0729;42.1352;24.0;0.6;284.491
1753873627.52;2.0;49.20402596;18.75513518;389.0724;42.1352;24.0;0.6;284.488
1753873627.53;2.0;49.20402595;18.7551352;389.0719;42.1352;24.0;0.6;284.473
1753873627.54;2.0;49.20402594;18.75513522;389.0714;42.1352;24.0;0.6;284.499
1753873627.55;2.0;49.20402593;18.75513523;389.0714;42.1352;24.0;0.6;284.493
1753873627.56;2.0;49.20402592;18.75513525;389.0711;42.1352;24.0;0.6;284.475
1753873627.57;2.0;49.20402591;18.75513526;389.0706;42.1352;24.0;0.6;284.457
1753873627.58;2.0;49.2040259;18.75513528;389.07;42.1352;24.0;0.6;284.466
1753873627.59;2.0;49.20402589;18.7551353;389.0697;42.1352;24.0;0.6;284.513
1753873627.6;2.0;49.20402588;18.75513531;389.0692;42.1352;24.0;0.6;284.535
1753873627.61;2.0;49.20402586;18.75513533;389.069;42.1352;24.0;0.6;284.567
1753873627.62;2.0;49.20402585;18.75513534;389.069;42.1352;24.0;0.6;284.592
1753873627.63;2.0;49.20402584;18.75513535;389.0695;42.1352;24.0;0.6;284.647
1753873627.64;2.0;49.20402582;18.75513536;389.0697;42.1352;24.0;0.6;284.629
1753873627.65;2.0;49.20402581;18.75513536;389.0694;42.1352;24.0;0.6;284.597
1753873627.66;2.0;49.20402579;18.75513537;389.0689;42.1352;24.0;0.6;284.587
1753873627.67;2.0;49.20402578;18.75513538;389.0687;42.1352;24.0;0.6;284.63
1753873627.68;2.0;49.20402577;18.7551354;389.0683;42.1352;24.0;0.6;284.678
1753873627.69;2.0;49.20402575;18.75513542;389.0683;42.1352;24.0;0.6;284.637
1753873627.7;2.0;49.20402574;18.75513543;389.0682;42.1352;24.0;0.6;284.567
1753873627.71;2.0;49.20402572;18.75513544;389.0681;42.1352;24.0;0.6;284.55
1753873627.72;2.0;49.2040257;18.75513546;389.0678;42.1352;24.0;0.6;284.544
1753873627.73;2.0;49.20402569;18.75513547;389.0675;42.1352;24.0;0.6;284.504
1753873627.74;2.0;49.20402567;18.75513549;389.0672;42.1352;24.0;0.6;284.484
1753873627.75;2.0;49.20402566;18.7551355;389.067;42.1352;24.0;0.6;284.454
1753873627.76;2.0;49.20402564;18.75513551;389.0669;42.1352;24.0;0.6;284.478
1753873627.77;2.0;49.20402562;18.75513551;389.0669;42.1352;24.0;0.6;284.514
1753873627.78;2.0;49.20402559;18.75513552;389.0672;42.1352;24.0;0.6;284.569
1753873627.79;2.0;49.20402558;18.75513553;389.0667;42.1352;24.0;0.6;284.599
1753873627.8;2.0;49.20402556;18.75513554;389.0662;42.1352;24.0;0.6;284.643
1753873627.81;2.0;49.20402553;18.75513556;389.0657;42.1352;24.0;0.6;284.694
1753873627.82;2.0;49.20402552;18.75513558;389.0654;42.1352;24.0;0.6;284.762
1753873627.83;2.0;49.2040255;18.75513559;389.0651;42.1352;24.0;0.6;284.771
1753873627.84;2.0;49.20402548;18.75513561;389.0646;42.1352;24.0;0.6;284.751
1753873627.85;2.0;49.20402546;18.75513562;389.0642;42.1352;24.0;0.6;284.719
1753873627.86;2.0;49.20402544;18.75513563;389.0642;42.1352;24.0;0.6;284.713
1753873627.87;2.0;49.20402542;18.75513565;389.0639;42.1352;24.0;0.6;284.746
1753873627.88;2.0;49.2040254;18.75513566;389.0632;42.1352;24.0;0.6;284.759
1753873627.89;2.0;49.20402538;18.75513567;389.0626;42.1352;24.0;0.6;284.733
1753873627.9;2.0;49.20402536;18.75513568;389.0623;42.1352;24.0;0.6;284.709
1753873627.91;2.0;49.20402534;18.75513569;389.0621;42.1352;24.0;0.6;284.73
1753873627.92;2.0;49.20402533;18.7551357;389.0621;42.1352;24.0;0.6;284.737
1753873627.93;2.0;49.20402531;18.75513571;389.0623;42.1352;24.0;0.6;284.788
1753873627.94;2.0;49.20402529;18.75513572;389.0626;42.1352;24.0;0.6;284.819
1753873627.95;2.0;49.20402527;18.75513573;389.0626;42.1352;24.0;0.6;284.865
1753873627.96;2.0;49.20402525;18.75513575;389.0623;42.1352;24.0;0.6;284.882
1753873627.97;2.0;49.20402524;18.75513576;389.0617;42.1352;24.0;0.6;284.856
1753873627.98;2.0;49.20402522;18.75513577;389.0608;42.1352;24.0;0.6;284.838
1753873627.99;2.0;49.2040252;18.75513579;389.0601;42.1352;24.0;0.6;284.835
1753873628.0;2.0;49.20402518;18.7551358;389.0599;42.1352;24.0;0.6;284.878
1753873628.01;2.0;49.20402517;18.75513581;389.0601;42.1352;24.0;0.6;284.914
1753873628.02;2.0;49.20402515;18.75513582;389.0597;42.1352;24.0;0.6;284.923
1753873628.03;2.0;49.20402514;18.75513584;389.059;42.1352;24.0;0.6;284.935
1753873628.04;2.0;49.20402512;18.75513585;389.0586;42.1352;24.0;0.6;284.922
1753873628.05;2.0;49.2040251;18.75513586;389.0588;42.1352;24.0;0.6;284.927
1753873628.06;2.0;49.20402509;18.75513587;389.0589;42.1352;24.0;0.6;284.902
1753873628.07;2.0;49.20402507;18.75513589;389.0587;42.1352;24.0;0.6;284.871
1753873628.08;2.0;49.20402506;18.7551359;389.0583;42.1352;24.0;0.6;284.881
1753873628.09;2.0;49.20402504;18.75513592;389.0579;42.1352;24.0;0.6;284.83
1753873628.1;2.0;49.20402502;18.75513593;389.0577;42.1352;24.0;0.6;284.788
1753873628.11;2.0;49.204025;18.75513594;389.0573;42.1352;24.0;0.6;284.814
1753873628.12;2.0;49.20402498;18.75513595;389.0568;42.1352;24.0;0.6;284.821
1753873628.13;2.0;49.20402496;18.75513596;389.0563;42.1352;24.0;0.6;284.876
1753873628.14;2.0;49.20402494;18.75513598;389.0559;42.1352;24.0;0.6;284.939
1753873628.15;2.0;49.20402492;18.75513599;389.0557;42.1352;24.0;0.6;285.001
1753873628.16;2.0;49.2040249;18.75513601;389.0556;42.1352;24.0;0.6;285.003
1753873628.17;2.0;49.20402488;18.75513602;389.0553;42.1352;24.0;0.6;284.991
1753873628.18;2.0;49.20402486;18.75513604;389.0551;42.1352;24.0;0.6;284.968
1753873628.19;2.0;49.20402484;18.75513606;389.0548;42.1352;24.0;0.6;284.925
1753873628.2;2.0;49.20402482;18.75513607;389.0546;42.1352;24.0;0.6;284.942
1753873628.21;2.0;49.2040248;18.75513609;389.0543;42.1352;24.0;0.6;284.996
1753873628.22;2.0;49.20402478;18.7551361;389.0538;42.1352;24.0;0.6;285.023
1753873628.23;2.0;49.20402476;18.75513612;389.0533;42.1352;24.0;0.6;284.991
1753873628.24;2.0;49.20402474;18.75513614;389.0534;42.1352;24.0;0.6;285.011
1753873628.25;2.0;49.20402472;18.75513616;389.0537;42.1352;24.0;0.6;285.008
1753873628.26;2.0;49.20402469;18.75513619;389.0535;42.1352;24.0;0.6;284.98
1753873628.27;2.0;49.20402467;18.7551362;389.0534;42.1352;24.0;0.6;284.934
1753873628.28;2.0;49.20402465;18.75513622;389.053;42.1352;24.0;0.6;284.873
1753873628.29;2.0;49.20402463;18.75513624;389.0523;42.1352;24.0;0.6;284.872
1753873628.3;2.0;49.20402461;18.75513626;389.0515;42.1352;24.0;0.6;284.869
1753873628.31;2.0;49.20402458;18.75513627;389.0512;42.1352;24.0;0.6;284.86
1753873628.32;2.0;49.20402456;18.75513629;389.051;42.1352;24.0;0.6;284.815
1753873628.33;2.0;49.20402454;18.7551363;389.0509;42.1352;24.0;0.6;284.773
1753873628.34;2.0;49.20402452;18.75513632;389.0502;42.1352;24.0;0.6;284.83
1753873628.35;2.0;49.2040245;18.75513634;389.0494;42.1352;24.0;0.6;284.812
1753873628.36;2.0;49.20402447;18.75513636;389.049;42.1352;24.0;0.6;284.746
1753873628.37;2.0;49.20402445;18.75513637;389.0489;42.1352;24.0;0.6;284.715
1753873628.38;2.0;49.20402444;18.75513639;389.0485;42.1352;24.0;0.6;284.715
1753873628.39;2.0;49.20402441;18.7551364;389.0485;42.1352;24.0;0.6;284.671
1753873628.4;2.0;49.20402439;18.75513642;389.0486;42.1352;24.0;0.6;284.641
1753873628.41;2.0;49.20402437;18.75513643;389.0487;42.1352;24.0;0.6;284.612
1753873628.42;2.0;49.20402435;18.75513645;389.0486;42.1352;24.0;0.6;284.552
1753873628.43;2.0;49.20402432;18.75513646;389.0486;42.1352;24.0;0.6;284.519
1753873628.44;2.0;49.2040243;18.75513647;389.0487;42.1352;24.0;0.6;284.533
1753873628.45;2.0;49.20402428;18.75513649;389.0482;42.1352;24.0;0.6;284.542
1753873628.46;2.0;49.20402426;18.7551365;389.0478;42.1352;24.0;0.6;284.592
1753873628.47;2.0;49.20402423;18.75513652;389.0476;42.1352;24.0;0.6;284.585
1753873628.48;2.0;49.20402421;18.75513653;389.0473;42.1352;24.0;0.6;284.596
1753873628.49;2.0;49.20402419;18.75513654;389.0471;42.1352;24.0;0.6;284.593
1753873628.5;2.0;49.20402417;18.75513655;389.0467;42.1352;24.0;0.6;284.621
1753873628.51;2.0;49.20402414;18.75513657;389.0461;42.1352;24.0;0.6;284.676
1753873628.52;2.0;49.20402412;18.75513659;389.0451;42.1352;24.0;0.6;284.734
1753873628.53;2.0;49.2040241;18.75513661;389.044;42.1352;24.0;0.6;284.728
1753873628.54;2.0;49.20402408;18.75513662;389.0436;42.1352;24.0;0.6;284.745
1753873628.55;2.0;49.20402406;18.75513663;389.0434;42.1352;24.0;0.6;284.755
1753873628.56;2.0;49.20402404;18.75513662;389.0434;42.1352;24.0;0.6;284.802
1753873628.57;2.0;49.20402402;18.75513662;389.0432;42.1352;24.0;0.6;284.839
1753873628.58;2.0;49.204024;18.75513662;389.043;42.1352;24.0;0.6;284.831
1753873628.59;2.0;49.20402399;18.75513661;389.0429;42.1352;24.0;0.6;284.807
1753873628.6;2.0;49.20402397;18.75513661;389.0426;42.1352;24.0;0.6;284.771
1753873628.61;2.0;49.20402395;18.75513661;389.0422;42.1352;24.0;0.6;284.723
1753873628.62;2.0;49.20402393;18.75513661;389.042;42.1352;24.0;0.6;284.712
1753873628.63;2.0;49.20402391;18.75513662;389.042;42.1352;24.0;0.6;284.683
1753873628.64;2.0;49.20402389;18.75513662;389.0421;42.1352;24.0;0.6;284.677
1753873628.65;2.0;49.20402387;18.75513662;389.0417;42.1352;24.0;0.6;284.719
1753873628.66;2.0;49.20402385;18.75513663;389.042;42.1352;24.0;0.6;284.774
1753873628.67;2.0;49.20402383;18.75513664;389.0417;42.1352;24.0;0.6;284.796
1753873628.68;2.0;49.20402381;18.75513665;389.0416;42.1352;24.0;0.6;284.808
1753873628.69;2.0;49.20402378;18.75513665;389.0417;42.1352;24.0;0.6;284.82
1753873628.7;2.0;49.20402376;18.75513666;389.0414;42.1352;24.0;0.6;284.826
1753873628.71;2.0;49.20402374;18.75513666;389.0411;42.1352;24.0;0.6;284.775
1753873628.72;2.0;49.20402371;18.75513667;389.0409;42.1352;24.0;0.6;284.779
1753873628.73;2.0;49.20402369;18.75513667;389.0408;42.1352;24.0;0.6;284.854
1753873628.74;2.0;49.20402367;18.75513668;389.0409;42.1352;24.0;0.6;284.885
1753873628.75;2.0;49.20402365;18.7551367;389.0411;42.1352;24.0;0.6;284.845
1753873628.76;2.0;49.20402363;18.75513671;389.0407;42.1352;24.0;0.6;284.816
1753873628.77;2.0;49.20402361;18.75513672;389.0406;42.1352;24.0;0.6;284.791
1753873628.78;2.0;49.20402358;18.75513674;389.0408;42.1352;24.0;0.6;284.748
1753873628.79;2.0;49.20402355;18.75513676;389.0408;42.1352;24.0;0.6;284.693
1753873628.8;2.0;49.20402353;18.75513678;389.0403;42.1352;24.0;0.6;284.705
1753873628.81;2.0;49.2040235;18.75513679;389.0396;42.1352;24.0;0.6;284.782
1753873628.82;2.0;49.20402348;18.75513681;389.0392;42.1352;24.0;0.6;284.786
1753873628.83;2.0;49.20402345;18.75513683;389.0393;42.1352;24.0;0.6;284.757
1753873628.84;2.0;49.20402343;18.75513684;389.0399;42.1352;24.0;0.6;284.706
1753873628.85;2.0;49.2040234;18.75513686;389.0398;42.1352;24.0;0.6;284.707
1753873628.86;2.0;49.20402337;18.75513689;389.0394;42.1352;24.0;0.6;284.745
1753873628.87;2.0;49.20402335;18.75513691;389.039;42.1352;24.0;0.6;284.758
1753873628.88;2.0;49.20402333;18.75513693;389.0385;42.1352;24.0;0.6;284.755
1753873628.89;2.0;49.2040233;18.75513696;389.0382;42.1352;24.0;0.6;284.75
1753873628.9;2.0;49.20402328;18.75513698;389.0383;42.1352;24.0;0.6;284.805
1753873628.91;2.0;49.20402326;18.755137;389.0383;42.1352;24.0;0.6;284.84
1753873628.92;2.0;49.20402323;18.75513702;389.0384;42.1352;24.0;0.6;284.824
1753873628.93;2.0;49.2040232;18.75513704;389.039;42.1352;24.0;0.6;284.763
1753873628.94;2.0;49.20402317;18.75513706;389.0393;42.1352;24.0;0.6;284.718
1753873628.95;2.0;49.20402314;18.75513708;389.0396;42.1352;24.0;0.6;284.7
1753873628.96;2.0;49.20402311;18.75513709;389.0399;42.1352;24.0;0.6;284.725
1753873628.97;2.0;49.20402308;18.7551371;389.0404;42.1352;24.0;0.6;284.759
1753873628.98;2.0;49.20402306;18.75513711;389.0407;42.1352;24.0;0.6;284.803
1753873628.99;2.0;49.20402303;18.75513713;389.0408;42.1352;24.0;0.6;284.81
1753873629.0;2.0;49.204023;18.75513715;389.0402;42.1352;24.0;0.6;284.807
1753873629.01;2.0;49.20402297;18.75513717;389.0396;42.1352;24.0;0.6;284.816
1753873629.02;2.0;49.20402294;18.75513719;389.0392;42.1352;24.0;0.6;284.829
1753873629.03;2.0;49.20402292;18.75513722;389.0391;42.1352;24.0;0.6;284.831
1753873629.04;2.0;49.20402289;18.75513723;389.0398;42.1352;24.0;0.6;284.855
1753873629.05;2.0;49.20402286;18.75513725;389.0398;42.1352;24.0;0.6;284.87
1753873629.06;2.0;49.20402283;18.75513726;389.0397;42.1352;24.0;0.6;284.869
1753873629.07;2.0;49.2040228;18.75513728;389.0392;42.1352;24.0;0.6;284.896
1753873629.08;2.0;49.20402277;18.7551373;389.0384;42.1352;24.0;0.6;284.927
1753873629.09;2.0;49.20402275;18.75513732;389.0382;42.1352;24.0;0.6;284.934
1753873629.1;2.0;49.20402272;18.75513734;389.0386;42.1352;24.0;0.6;284.978
1753873629.11;2.0;49.20402268;18.75513735;389.0385;42.1352;24.0;0.6;285.038
1753873629.12;2.0;49.20402266;18.75513738;389.0379;42.1352;24.0;0.6;285.027
1753873629.13;2.0;49.20402263;18.7551374;389.0369;42.1352;24.0;0.6;285.003
1753873629.14;2.0;49.2040226;18.75513742;389.0368;42.1352;24.0;0.6;285.0
1753873629.15;2.0;49.20402258;18.75513745;389.0366;42.1352;24.0;0.6;285.021
1753873629.16;2.0;49.20402255;18.75513747;389.0363;42.1352;24.0;0.6;285.03
1753873629.17;2.0;49.20402253;18.75513749;389.0359;42.1352;24.0;0.6;285.059
1753873629.18;2.0;49.20402251;18.75513752;389.0354;42.1352;24.0;0.6;285.051
1753873629.19;2.0;49.20402249;18.75513753;389.035;42.1352;24.0;0.6;284.968
1753873629.2;2.0;49.20402246;18.75513755;389.0347;42.1352;24.0;0.6;284.941
1753873629.21;2.0;49.20402244;18.75513757;389.0342;42.1352;24.0;0.6;284.985
1753873629.22;2.0;49.20402241;18.75513758;389.0334;42.1352;24.0;0.6;285.015
1753873629.23;2.0;49.20402239;18.7551376;389.0327;42.1352;24.0;0.6;285.044
1753873629.24;2.0;49.20402237;18.75513762;389.032;42.1352;24.0;0.6;285.098
1753873629.25;2.0;49.20402235;18.75513764;389.0311;42.1352;24.0;0.6;285.129
1753873629.26;2.0;49.20402232;18.75513766;389.0303;42.1352;24.0;0.6;285.102
1753873629.27;2.0;49.2040223;18.75513768;389.0292;42.1352;24.0;0.6;285.119
1753873629.28;2.0;49.20402228;18.75513769;389.0286;42.1352;24.0;0.6;285.145
1753873629.29;2.0;49.20402226;18.7551377;389.0281;42.1352;24.0;0.6;285.184
1753873629.3;2.0;49.20402224;18.75513772;389.0277;42.1352;24.0;0.6;285.189
1753873629.31;2.0;49.20402222;18.75513773;389.0272;42.1352;24.0;0.6;285.127
1753873629.32;2.0;49.2040222;18.75513775;389.0264;42.1352;24.0;0.6;285.112
1753873629.33;2.0;49.20402218;18.75513777;389.0255;42.1352;24.0;0.6;285.076
1753873629.34;2.0;49.20402215;18.75513779;389.0248;42.1352;24.0;0.6;285.039
1753873629.35;2.0;49.20402213;18.7551378;389.0243;42.1352;24.0;0.6;285.08
1753873629.36;2.0;49.20402211;18.75513781;389.0237;42.1352;24.0;0.6;285.129
1753873629.37;2.0;49.20402209;18.75513782;389.0235;42.1352;24.0;0.6;285.1
1753873629.38;2.0;49.20402207;18.75513784;389.023;42.1352;24.0;0.6;285.083
1753873629.39;2.0;49.20402205;18.75513786;389.0228;42.1352;24.0;0.6;285.106
1753873629.4;2.0;49.20402202;18.75513788;389.0225;42.1352;24.0;0.6;285.194
1753873629.41;2.0;49.204022;18.7551379;389.0221;42.1352;24.0;0.6;285.213
1753873629.42;2.0;49.20402198;18.75513792;389.0214;42.1352;24.0;0.6;285.211
1753873629.43;2.0;49.20402196;18.75513794;389.0206;42.1352;24.0;0.6;285.16
1753873629.44;2.0;49.20402194;18.75513795;389.0201;42.1352;24.0;0.6;285.093
1753873629.45;2.0;49.20402192;18.75513797;389.0207;42.1352;24.0;0.6;285.024
1753873629.46;2.0;49.20402189;18.75513799;389.0208;42.1352;24.0;0.6;284.971
1753873629.47;2.0;49.20402188;18.75513801;389.0204;42.1352;24.0;0.6;284.919
1753873629.48;2.0;49.20402186;18.75513803;389.0203;42.1352;24.0;0.6;284.889
1753873629.49;2.0;49.20402183;18.75513804;389.0204;42.1352;24.0;0.6;284.885
1753873629.5;2.0;49.20402182;18.75513805;389.0206;42.1352;24.0;0.6;284.906
1753873629.51;2.0;49.2040218;18.75513807;389.0209;42.1352;24.0;0.6;284.858
1753873629.52;2.0;49.20402177;18.75513809;389.0209;42.1352;24.0;0.6;284.843
1753873629.53;2.0;49.20402175;18.7551381;389.0209;42.1352;24.0;0.6;284.847
1753873629.54;2.0;49.20402173;18.75513812;389.0206;42.1352;24.0;0.6;284.815
1753873629.55;2.0;49.2040217;18.75513814;389.02;42.1352;24.0;0.6;284.821
1753873629.56;2.0;49.20402168;18.75513816;389.0196;42.1352;24.0;0.6;284.857
1753873629.57;2.0;49.20402166;18.75513815;389.0198;42.1352;24.0;0.6;284.885
1753873629.58;2.0;49.20402164;18.75513814;389.0201;42.1352;25.0;0.6;284.905
1753873629.59;2.0;49.20402163;18.75513814;389.0198;42.1352;25.0;0.6;284.962
1753873629.6;2.0;49.20402161;18.75513814;389.0196;42.1352;25.0;0.6;285.028
1753873629.61;2.0;49.20402159;18.75513814;389.0195;42.1352;25.0;0.6;285.055
1753873629.62;2.0;49.20402157;18.75513814;389.0193;42.1352;25.0;0.6;285.017
1753873629.63;2.0;49.20402155;18.75513814;389.0192;42.1352;25.0;0.6;285.051
1753873629.64;2.0;49.20402154;18.75513814;389.0187;42.1352;25.0;0.6;285.09
1753873629.65;2.0;49.20402152;18.75513815;389.018;42.1352;25.0;0.6;285.105
1753873629.66;2.0;49.2040215;18.75513815;389.0179;42.1352;25.0;0.6;285.051
1753873629.67;2.0;49.20402148;18.75513815;389.0182;42.1352;25.0;0.6;285.016
1753873629.68;2.0;49.20402146;18.75513815;389.0184;42.1352;25.0;0.6;285.033
1753873629.69;2.0;49.20402144;18.75513816;389.0181;42.1352;25.0;0.6;285.032
1753873629.7;2.0;49.20402142;18.75513816;389.0176;42.1352;25.0;0.6;285.078
1753873629.71;2.0;49.2040214;18.75513816;389.0176;42.1352;25.0;0.6;285.127
1753873629.72;2.0;49.20402138;18.75513817;389.018;42.1352;25.0;0.6;285.126
1753873629.73;2.0;49.20402137;18.75513817;389.0185;42.1352;25.0;0.6;285.117
1753873629.74;2.0;49.20402135;18.75513818;389.0187;42.1352;25.0;0.6;285.132
1753873629.75;2.0;49.20402133;18.75513819;389.0189;42.1352;25.0;0.6;285.143
1753873629.76;2.0;49.20402131;18.75513821;389.0188;42.1352;25.0;0.6;285.131
1753873629.77;2.0;49.20402129;18.75513822;389.0188;42.1352;25.0;0.6;285.093
1753873629.78;2.0;49.20402127;18.75513824;389.0183;42.1352;25.0;0.6;285.046
1753873629.79;2.0;49.20402125;18.75513825;389.0176;42.1352;25.0;0.6;285.045
1753873629.8;2.0;49.20402122;18.75513827;389.0167;42.1352;25.0;0.6;285.142
1753873629.81;2.0;49.2040212;18.75513829;389.0165;42.1352;25.0;0.6;285.21
1753873629.82;2.0;49.20402118;18.75513831;389.0162;42.1352;25.0;0.6;285.255
1753873629.83;2.0;49.20402115;18.75513833;389.0162;42.1352;25.0;0.6;285.289
1753873629.84;2.0;49.20402114;18.75513835;389.0159;42.1352;25.0;0.6;285.326
1753873629.85;2.0;49.20402112;18.75513837;389.0154;42.1352;25.0;0.6;285.318
1753873629.86;2.0;49.2040211;18.7551384;389.0152;42.1352;25.0;0.6;285.325
1753873629.87;2.0;49.20402107;18.75513843;389.015;42.1352;25.0;0.6;285.305
1753873629.88;2.0;49.20402106;18.75513846;389.0148;42.1352;25.0;0.6;285.283
1753873629.89;2.0;49.20402104;18.75513849;389.0142;42.1352;25.0;0.6;285.247
1753873629.9;2.0;49.20402102;18.75513852;389.0136;42.1352;25.0;0.6;285.211
1753873629.91;2.0;49.204021;18.75513855;389.013;42.1352;25.0;0.6;285.151
1753873629.92;2.0;49.20402098;18.75513859;389.0121;42.1352;25.0;0.6;285.095
1753873629.93;2.0;49.20402096;18.75513861;389.011;42.1352;25.0;0.6;285.061
1753873629.94;2.0;49.20402094;18.75513864;389.0103;42.1352;25.0;0.6;285.066
1753873629.95;2.0;49.20402092;18.75513867;389.0098;42.1352;25.0;0.6;285.08
1753873629.96;2.0;49.20402089;18.75513869;389.0094;42.1352;25.0;0.6;285.127
1753873629.97;2.0;49.20402087;18.75513872;389.0092;42.1352;25.0;0.6;285.153
1753873629.98;2.0;49.20402085;18.75513875;389.0093;42.1352;25.0;0.6;285.186
1753873629.99;2.0;49.20402083;18.75513877;389.0091;42.1352;25.0;0.6;285.248
1753873630.0;2.0;49.2040208;18.7551388;389.009;42.1352;25.0;0.6;285.314
1753873630.01;2.0;49.20402078;18.75513883;389.0087;42.1352;25.0;0.6;285.332
1753873630.02;2.0;49.20402076;18.75513886;389.0084;42.1352;25.0;0.6;285.379
1753873630.03;2.0;49.20402074;18.75513889;389.0084;42.1352;25.0;0.6;285.362
1753873630.04;2.0;49.20402072;18.75513892;389.0087;42.1352;25.0;0.6;285.364
1753873630.05;2.0;49.2040207;18.75513895;389.0086;42.1352;25.0;0.6;285.301
1753873630.06;2.0;49.20402067;18.75513898;389.0086;42.1352;25.0;0.6;285.255
1753873630.07;2.0;49.20402065;18.755139;389.0084;42.1352;25.0;0.6;285.274
1753873630.08;2.0;49.20402063;18.75513902;389.0078;42.1352;25.0;0.6;285.287
1753873630.09;2.0;49.20402061;18.75513905;389.0073;42.1352;25.0;0.6;285.303
1753873630.1;2.0;49.20402059;18.75513907;389.0066;42.1352;25.0;0.6;285.265
1753873630.11;2.0;49.20402057;18.7551391;389.0058;42.1352;25.0;0.6;285.211
1753873630.12;2.0;49.20402054;18.75513913;389.0047;42.1352;25.0;0.6;285.188
1753873630.13;2.0;49.20402052;18.75513916;389.0036;42.1352;25.0;0.6;285.192
1753873630.14;2.0;49.2040205;18.75513919;389.0027;42.1352;25.0;0.6;285.239
1753873630.15;2.0;49.20402048;18.75513922;389.0022;42.1352;25.0;0.6;285.264
1753873630.16;2.0;49.20402046;18.75513924;389.0018;42.1352;25.0;0.6;285.239
1753873630.17;2.0;49.20402044;18.75513927;389.0012;42.1352;25.0;0.6;285.226
1753873630.18;2.0;49.20402042;18.75513931;389.0001;42.1352;25.0;0.6;285.185
1753873630.19;2.0;49.20402039;18.75513933;388.9989;42.1352;25.0;0.6;285.166
1753873630.2;2.0;49.20402037;18.75513936;388.998;42.1352;25.0;0.6;285.232
1753873630.21;2.0;49.20402035;18.75513938;388.9973;42.1352;25.0;0.6;285.223
1753873630.22;2.0;49.20402033;18.7551394;388.9967;42.1352;25.0;0.6;285.212
1753873630.23;2.0;49.2040203;18.75513942;388.9959;42.1352;25.0;0.6;285.209
1753873630.24;2.0;49.20402028;18.75513944;388.995;42.1352;25.0;0.6;285.178
1753873630.25;2.0;49.20402026;18.75513946;388.994;42.1352;25.0;0.6;285.151
1753873630.26;2.0;49.20402024;18.75513949;388.9934;42.1352;25.0;0.6;285.086
1753873630.27;2.0;49.20402021;18.75513951;388.9928;42.1352;25.0;0.6;285.077
1753873630.28;2.0;49.20402019;18.75513953;388.9926;42.1352;25.0;0.6;285.102
1753873630.29;2.0;49.20402017;18.75513955;388.9922;42.1352;25.0;0.6;285.096
1753873630.3;2.0;49.20402015;18.75513958;388.9917;42.1352;25.0;0.6;285.054
1753873630.31;2.0;49.20402013;18.75513959;388.991;42.1352;25.0;0.6;284.989
1753873630.32;2.0;49.2040201;18.75513961;388.9903;42.1352;25.0;0.6;284.99
1753873630.33;2.0;49.20402008;18.75513963;388.9892;42.1352;25.0;0.6;285.024
1753873630.34;2.0;49.20402006;18.75513965;388.988;42.1352;25.0;0.6;285.035
1753873630.35;2.0;49.20402003;18.75513967;388.9865;42.1352;25.0;0.6;285.042
1753873630.36;2.0;49.20402001;18.75513969;388.9857;42.1352;25.0;0.6;285.069
1753873630.37;2.0;49.20401999;18.75513971;388.9856;42.1352;25.0;0.6;285.117
1753873630.38;2.0;49.20401997;18.75513973;388.9859;42.1352;25.0;0.6;285.143
1753873630.39;2.0;49.20401994;18.75513974;388.9862;42.1352;25.0;0.6;285.158
1753873630.4;2.0;49.20401992;18.75513976;388.9864;42.1352;25.0;0.6;285.153
1753873630.41;2.0;49.2040199;18.75513978;388.9869;42.1352;25.0;0.6;285.132
1753873630.42;2.0;49.20401987;18.7551398;388.9872;42.1352;25.0;0.6;285.164
1753873630.43;2.0;49.20401985;18.75513981;388.9869;42.1352;25.0;0.6;285.175
1753873630.44;2.0;49.20401983;18.75513982;388.9871;42.1352;25.0;0.6;285.147
1753873630.45;2.0;49.2040198;18.75513984;388.9868;42.1352;25.0;0.6;285.079
1753873630.46;2.0;49.20401978;18.75513985;388.9865;42.1352;25.0;0.6;285.031
1753873630.47;2.0;49.20401975;18.75513988;388.986;42.1352;25.0;0.6;285.049
1753873630.48;2.0;49.20401973;18.75513989;388.9859;42.1352;25.0;0.6;285.072
1753873630.49;2.0;49.2040197;18.75513991;388.9857;42.1352;25.0;0.6;285.15
1753873630.5;2.0;49.20401967;18.75513993;388.9852;42.1352;25.0;0.6;285.229
1753873630.51;2.0;49.20401965;18.75513995;388.9849;42.1352;25.0;0.6;285.187
1753873630.52;2.0;49.20401963;18.75513997;388.9847;42.1352;25.0;0.6;285.157
1753873630.53;2.0;49.2040196;18.75513999;388.9844;42.1352;25.0;0.6;285.158
1753873630.54;2.0;49.20401958;18.75514;388.984;42.1352;25.0;0.6;285.158
1753873630.55;2.0;49.20401956;18.75514002;388.9835;42.1352;25.0;0.6;285.126
1753873630.56;2.0;49.20401953;18.75514005;388.9832;42.1352;25.0;0.6;285.096
1753873630.57;2.0;49.20401951;18.75514006;388.9831;42.1352;25.0;0.6;285.084
1753873630.58;2.0;49.20401949;18.75514005;388.9831;42.1352;25.0;0.6;285.082
1753873630.59;2.0;49.20401947;18.75514004;388.9832;42.1352;25.0;0.6;285.124
1753873630.6;2.0;49.20401946;18.75514004;388.9833;42.1352;25.0;0.6;285.142
1753873630.61;2.0;49.20401944;18.75514004;388.9832;42.1352;25.0;0.6;285.156
1753873630.62;2.0;49.20401942;18.75514004;388.9829;42.1352;25.0;0.6;285.143
1753873630.63;2.0;49.2040194;18.75514004;388.9828;42.1352;25.0;0.6;285.126
1753873630.64;2.0;49.20401938;18.75514004;388.9831;42.1352;25.0;0.6;285.092
1753873630.65;2.0;49.20401937;18.75514004;388.983;42.1352;25.0;0.6;285.053
1753873630.66;2.0;49.20401934;18.75514004;388.983;42.1352;25.0;0.6;285.026
1753873630.67;2.0;49.20401932;18.75514004;388.9832;42.1352;25.0;0.6;284.992
1753873630.68;2.0;49.2040193;18.75514004;388.9835;42.1352;25.0;0.6;284.959
1753873630.69;2.0;49.20401928;18.75514005;388.9835;42.1352;25.0;0.6;284.925
1753873630.7;2.0;49.20401926;18.75514005;388.9834;42.1352;25.0;0.6;284.919
1753873630.71;2.0;49.20401923;18.75514006;388.9836;42.1352;25.0;0.6;284.896
1753873630.72;2.0;49.20401921;18.75514007;388.9835;42.1352;25.0;0.6;284.901
1753873630.73;2.0;49.20401919;18.75514008;388.9833;42.1352;25.0;0.6;284.902
1753873630.74;2.0;49.20401916;18.75514009;388.9832;42.1352;25.0;0.6;284.864
1753873630.75;2.0;49.20401914;18.7551401;388.9828;42.1352;25.0;0.6;284.844
1753873630.76;2.0;49.20401912;18.75514011;388.9828;42.1352;25.0;0.6;284.815
1753873630.77;2.0;49.20401909;18.75514012;388.983;42.1352;25.0;0.6;284.818
1753873630.78;2.0;49.20401907;18.75514013;388.983;42.1352;25.0;0.6;284.865
1753873630.79;2.0;49.20401904;18.75514014;388.9832;42.1352;25.0;0.6;284.909
1753873630.8;2.0;49.20401902;18.75514015;388.9832;42.1352;25.0;0.6;284.995
1753873630.81;2.0;49.20401899;18.75514015;388.9827;42.1352;25.0;0.6;285.08
1753873630.82;2.0;49.20401897;18.75514016;388.9822;42.1352;25.0;0.6;285.117
1753873630.83;2.0;49.20401894;18.75514017;388.9819;42.1352;25.0;0.6;285.144
1753873630.84;2.0;49.20401892;18.75514018;388.9815;42.1352;25.0;0.6;285.191
1753873630.85;2.0;49.20401889;18.75514019;388.9811;42.1352;25.0;0.6;285.205
1753873630.86;2.0;49.20401887;18.75514021;388.9809;42.1352;25.0;0.6;285.203
1753873630.87;2.0;49.20401884;18.75514022;388.9805;42.1352;25.0;0.6;285.202
1753873630.88;2.0;49.20401882;18.75514023;388.9801;42.1352;25.0;0.6;285.159
1753873630.89;2.0;49.20401879;18.75514024;388.9798;42.1352;25.0;0.6;285.153
1753873630.9;2.0;49.20401877;18.75514025;388.9792;42.1352;25.0;0.6;285.077
1753873630.91;2.0;49.20401875;18.75514025;388.9788;42.1352;25.0;0.6;285.013
1753873630.92;2.0;49.20401872;18.75514026;388.9785;42.1352;25.0;0.6;285.011
1753873630.93;2.0;49.2040187;18.75514027;388.978;42.1352;25.0;0.6;285.013
1753873630.94;2.0;49.20401868;18.75514027;388.978;42.1352;25.0;0.6;285.003
1753873630.95;2.0;49.20401865;18.75514028;388.9778;42.1352;25.0;0.6;285.002
1753873630.96;2.0;49.20401863;18.75514029;388.9772;42.1352;25.0;0.6;285.046
1753873630.97;2.0;49.20401861;18.7551403;388.977;42.1352;25.0;0.6;285.0
1753873630.98;2.0;49.20401859;18.75514031;388.9765;42.1352;25.0;0.6;284.985
1753873630.99;2.0;49.20401857;18.75514031;388.9756;42.1352;25.0;0.6;284.961
1753873631.0;2.0;49.20401854;18.75514032;388.9749;42.1352;25.0;0.6;284.989
1753873631.01;2.0;49.20401852;18.75514033;388.9746;42.1352;25.0;0.6;284.987
1753873631.02;2.0;49.2040185;18.75514034;388.9738;42.1352;25.0;0.6;284.995
1753873631.03;2.0;49.20401848;18.75514034;388.9736;42.1352;25.0;0.6;285.02
1753873631.04;2.0;49.20401846;18.75514035;388.9732;42.1352;25.0;0.6;285.04
1753873631.05;2.0;49.20401843;18.75514036;388.9725;42.1352;25.0;0.6;285.047
1753873631.06;2.0;49.20401841;18.75514037;388.9719;42.1352;25.0;0.6;285.112
1753873631.07;2.0;49.20401839;18.75514038;388.9716;42.1352;25.0;0.6;285.137
1753873631.08;2.0;49.20401837;18.75514039;388.9714;42.1352;25.0;0.6;285.171
1753873631.09;2.0;49.20401834;18.75514039;388.971;42.1352;25.0;0.6;285.166
1753873631.1;2.0;49.20401832;18.7551404;388.9701;42.1352;25.0;0.6;285.227
1753873631.11;2.0;49.2040183;18.75514039;388.9697;42.1352;25.0;0.6;285.23
1753873631.12;2.0;49.20401828;18.75514037;388.9693;42.1352;25.0;0.6;285.211
1753873631.13;2.0;49.20401826;18.75514037;388.9691;42.1352;25.0;0.6;285.216
1753873631.14;2.0;49.20401824;18.75514036;388.9684;42.1352;25.0;0.6;285.212
1753873631.15;2.0;49.20401822;18.75514036;388.968;42.1352;25.0;0.6;285.213
1753873631.16;2.0;49.2040182;18.75514035;388.9674;42.1352;25.0;0.6;285.193
1753873631.17;2.0;49.20401818;18.75514035;388.9667;42.1352;25.0;0.6;285.269
1753873631.18;2.0;49.20401815;18.75514034;388.9662;42.1352;25.0;0.6;285.327
1753873631.19;2.0;49.20401813;18.75514033;388.9658;42.1352;25.0;0.6;285.334
1753873631.2;2.0;49.20401811;18.75514032;388.9654;42.1352;25.0;0.6;285.321
1753873631.21;2.0;49.20401808;18.75514032;388.965;42.1352;25.0;0.6;285.265
1753873631.22;2.0;49.20401806;18.75514031;388.9644;42.1352;25.0;0.6;285.213
1753873631.23;2.0;49.20401803;18.75514031;388.9633;42.1352;25.0;0.6;285.226
1753873631.24;2.0;49.20401801;18.75514031;388.9622;42.1352;25.0;0.6;285.233
1753873631.25;2.0;49.20401798;18.7551403;388.9613;42.1352;25.0;0.6;285.218
1753873631.26;2.0;49.20401796;18.7551403;388.9607;42.1352;25.0;0.6;285.206
1753873631.27;2.0;49.20401794;18.75514029;388.9602;42.1352;25.0;0.6;285.21
1753873631.28;2.0;49.20401791;18.75514028;388.9601;42.1352;25.0;0.6;285.21
1753873631.29;2.0;49.20401789;18.75514027;388.9601;42.1352;25.0;0.6;285.209
1753873631.3;2.0;49.20401787;18.75514026;388.9604;42.1352;25.0;0.6;285.178
1753873631.31;2.0;49.20401785;18.75514025;388.9605;42.1352;25.0;0.6;285.174
1753873631.32;2.0;49.20401782;18.75514024;388.9603;42.1352;25.0;0.6;285.194
1753873631.33;2.0;49.2040178;18.75514023;388.9599;42.1352;25.0;0.6;285.183
1753873631.34;2.0;49.20401778;18.75514023;388.9597;42.1352;25.0;0.6;285.183
1753873631.35;2.0;49.20401776;18.75514022;388.9593;42.1352;25.0;0.6;285.191
1753873631.36;2.0;49.20401774;18.75514021;388.9592;42.1352;25.0;0.6;285.132
1753873631.37;2.0;49.20401771;18.7551402;388.9597;42.1352;25.0;0.6;285.082
1753873631.38;2.0;49.20401769;18.75514019;388.9601;42.1352;25.0;0.6;285.105
1753873631.39;2.0;49.20401767;18.75514019;388.9602;42.1352;25.0;0.6;285.11
1753873631.4;2.0;49.20401765;18.75514018;388.9603;42.1352;25.0;0.6;285.162
1753873631.41;2.0;49.20401763;18.75514017;388.9606;42.1352;25.0;0.6;285.164
1753873631.42;2.0;49.20401761;18.75514017;388.9609;42.1352;25.0;0.6;285.058
1753873631.43;2.0;49.20401758;18.75514016;388.9612;42.1352;25.0;0.6;285.009
1753873631.44;2.0;49.20401756;18.75514015;388.9614;42.1352;25.0;0.6;284.996
1753873631.45;2.0;49.20401754;18.75514014;388.9618;42.1352;25.0;0.6;285.002
1753873631.46;2.0;49.20401752;18.75514013;388.962;42.1352;25.0;0.6;284.969
1753873631.47;2.0;49.2040175;18.75514012;388.9614;42.1352;25.0;0.6;284.905
1753873631.48;2.0;49.20401748;18.75514012;388.9607;42.1352;25.0;0.6;284.835
1753873631.49;2.0;49.20401745;18.75514011;388.9606;42.1352;25.0;0.6;284.823
1753873631.5;2.0;49.20401743;18.75514011;388.9608;42.1352;25.0;0.6;284.81
1753873631.51;2.0;49.20401741;18.7551401;388.9608;42.1352;25.0;0.6;284.765
1753873631.52;2.0;49.20401739;18.75514009;388.9607;42.1352;25.0;0.6;284.781
1753873631.53;2.0;49.20401736;18.75514009;388.9607;42.1352;25.0;0.6;284.785
1753873631.54;2.0;49.20401734;18.75514008;388.9608;42.1352;25.0;0.6;284.785
1753873631.55;2.0;49.20401732;18.75514007;388.9607;42.1352;25.0;0.6;284.804
1753873631.56;2.0;49.20401729;18.75514006;388.9605;42.1352;25.0;0.6;284.785
1753873631.57;2.0;49.20401727;18.75514006;388.9603;42.1352;25.0;0.6;284.738
1753873631.58;2.0;49.20401725;18.75514005;388.96;42.1352;25.0;0.6;284.704
1753873631.59;2.0;49.20401722;18.75514005;388.9596;42.1352;25.0;0.6;284.708
1753873631.6;2.0;49.2040172;18.75514004;388.9598;42.1352;25.0;0.6;284.697
1753873631.61;2.0;49.20401718;18.75514003;388.96;42.1352;25.0;0.6;284.662
1753873631.62;2.0;49.20401715;18.75514002;388.96;42.1352;25.0;0.6;284.664
1753873631.63;2.0;49.20401713;18.75514001;388.9598;42.1352;25.0;0.6;284.711
1753873631.64;2.0;49.2040171;18.75514;388.9599;42.1352;25.0;0.6;284.741
1753873631.65;2.0;49.20401708;18.75513999;388.9602;42.1352;25.0;0.6;284.749
1753873631.66;2.0;49.20401706;18.75513998;388.9604;42.1352;25.0;0.6;284.783
1753873631.67;2.0;49.20401703;18.75513996;388.9604;42.1352;25.0;0.6;284.826
1753873631.68;2.0;49.20401701;18.75513995;388.9596;42.1352;25.0;0.6;284.842
1753873631.69;2.0;49.20401699;18.75513994;388.9596;42.1352;25.0;0.6;284.86
1753873631.7;2.0;49.20401697;18.75513992;388.9592;42.1352;25.0;0.6;284.842
1753873631.71;2.0;49.20401695;18.7551399;388.9582;42.1352;25.0;0.6;284.845
1753873631.72;2.0;49.20401693;18.75513989;388.9576;42.1352;25.0;0.6;284.875
1753873631.73;2.0;49.20401691;18.75513987;388.9575;42.1352;25.0;0.6;284.886
1753873631.74;2.0;49.20401689;18.75513986;388.9569;42.1352;25.0;0.6;284.867
1753873631.75;2.0;49.20401687;18.75513984;388.9565;42.1352;25.0;0.6;284.812
1753873631.76;2.0;49.20401685;18.75513982;388.9565;42.1352;25.0;0.6;284.76
1753873631.77;2.0;49.20401682;18.7551398;388.9564;42.1352;25.0;0.6;284.752
1753873631.78;2.0;49.2040168;18.75513978;388.9561;42.1352;25.0;0.6;284.813
1753873631.79;2.0;49.20401678;18.75513976;388.9563;42.1352;25.0;0.6;284.842
1753873631.8;2.0;49.20401675;18.75513974;388.9568;42.1352;25.0;0.6;284.821
1753873631.81;2.0;49.20401674;18.75513972;388.9571;42.1352;25.0;0.6;284.766
1753873631.82;2.0;49.20401672;18.75513971;388.957;42.1352;25.0;0.6;284.78
1753873631.83;2.0;49.20401669;18.75513969;388.957;42.1352;25.0;0.6;284.768
1753873631.84;2.0;49.20401667;18.75513967;388.9567;42.1352;25.0;0.6;284.775
1753873631.85;2.0;49.20401665;18.75513965;388.9564;42.1352;25.0;0.6;284.813
1753873631.86;2.0;49.20401663;18.75513963;388.9562;42.1352;25.0;0.6;284.879
1753873631.87;2.0;49.20401661;18.75513961;388.9556;42.1352;25.0;0.6;284.87
1753873631.88;2.0;49.20401658;18.75513959;388.9551;42.1352;25.0;0.6;284.864
1753873631.89;2.0;49.20401656;18.75513957;388.9542;42.1352;25.0;0.6;284.849
1753873631.9;2.0;49.20401654;18.75513955;388.9537;42.1352;25.0;0.6;284.843
1753873631.91;2.0;49.20401651;18.75513953;388.9528;42.1352;25.0;0.6;284.93
1753873631.92;2.0;49.20401649;18.75513951;388.952;42.1352;25.0;0.6;284.968
1753873631.93;2.0;49.20401647;18.75513949;388.9515;42.1352;25.0;0.6;284.951
1753873631.94;2.0;49.20401645;18.75513948;388.9511;42.1352;25.0;0.6;284.936
1753873631.95;2.0;49.20401643;18.75513946;388.9507;42.1352;25.0;0.6;284.908
1753873631.96;2.0;49.20401641;18.75513944;388.9501;42.1352;25.0;0.6;284.9
1753873631.97;2.0;49.20401639;18.75513942;388.9496;42.1352;25.0;0.6;284.88
1753873631.98;2.0;49.20401637;18.7551394;388.9498;42.1352;25.0;0.6;284.866
1753873631.99;2.0;49.20401635;18.75513938;388.9499;42.1352;25.0;0.6;284.851
1753873632.0;2.0;49.20401632;18.75513936;388.9497;42.1352;25.0;0.6;284.844
1753873632.01;2.0;49.20401631;18.75513934;388.9496;42.1352;25.0;0.6;284.803
1753873632.02;2.0;49.20401628;18.75513932;388.9496;42.1352;25.0;0.6;284.76
1753873632.03;2.0;49.20401626;18.75513929;388.95;42.1352;25.0;0.6;284.79
1753873632.04;2.0;49.20401624;18.75513927;388.9499;42.1352;25.0;0.6;284.821
1753873632.05;2.0;49.20401622;18.75513924;388.9496;42.1352;25.0;0.6;284.891
1753873632.06;2.0;49.20401619;18.75513923;388.9496;42.1352;25.0;0.6;284.95
1753873632.07;2.0;49.20401617;18.7551392;388.9493;42.1352;25.0;0.6;284.976
1753873632.08;2.0;49.20401615;18.75513918;388.9489;42.1352;25.0;0.6;285.006
1753873632.09;2.0;49.20401613;18.75513916;388.9488;42.1352;25.0;0.6;285.03
1753873632.1;2.0;49.20401611;18.75513914;388.9488;42.1352;24.0;0.6;284.982
1753873632.11;2.0;49.20401609;18.75513912;388.949;42.1352;24.0;0.6;284.986
1753873632.12;2.0;49.20401606;18.7551391;388.949;42.1352;24.0;0.6;285.017
1753873632.13;2.0;49.20401604;18.75513908;388.9489;42.1352;24.0;0.6;285.066
1753873632.14;2.0;49.20401602;18.75513907;388.9488;42.1352;24.0;0.6;285.091
1753873632.15;2.0;49.204016;18.75513906;388.9487;42.1352;24.0;0.6;285.101
1753873632.16;2.0;49.20401597;18.75513905;388.9483;42.1352;24.0;0.6;285.095
1753873632.17;2.0;49.20401595;18.75513904;388.9485;42.1352;24.0;0.6;285.08
1753873632.18;2.0;49.20401593;18.75513904;388.9485;42.1352;24.0;0.6;285.075
1753873632.19;2.0;49.20401591;18.75513905;388.9482;42.1352;24.0;0.6;285.064
1753873632.2;2.0;49.20401589;18.75513905;388.9479;42.1352;24.0;0.6;285.06
1753873632.21;2.0;49.20401586;18.75513905;388.9476;42.1352;24.0;0.6;285.064
1753873632.22;2.0;49.20401584;18.75513906;388.9468;42.1352;24.0;0.6;285.074
1753873632.23;2.0;49.20401581;18.75513906;388.9462;42.1352;24.0;0.6;285.085
1753873632.24;2.0;49.20401579;18.75513906;388.9451;42.1352;24.0;0.6;285.106
1753873632.25;2.0;49.20401576;18.75513906;388.9443;42.1352;24.0;0.6;285.111
1753873632.26;2.0;49.20401573;18.75513906;388.9436;42.1352;24.0;0.6;285.07
1753873632.27;2.0;49.20401571;18.75513907;388.9429;42.1352;24.0;0.6;285.083
1753873632.28;2.0;49.20401568;18.75513907;388.9419;42.1352;24.0;0.6;285.099
1753873632.29;2.0;49.20401566;18.75513908;388.9416;42.1352;24.0;0.6;285.145
1753873632.3;2.0;49.20401563;18.75513908;388.9412;42.1352;24.0;0.6;285.201
1753873632.31;2.0;49.20401561;18.75513909;388.9407;42.1352;24.0;0.6;285.25
1753873632.32;2.0;49.20401558;18.7551391;388.9396;42.1352;24.0;0.6;285.308
1753873632.33;2.0;49.20401556;18.7551391;388.9387;42.1352;24.0;0.6;285.358
1753873632.34;2.0;49.20401553;18.75513911;388.9376;42.1352;24.0;0.6;285.374
1753873632.35;2.0;49.20401551;18.75513911;388.9368;42.1352;24.0;0.6;285.371
1753873632.36;2.0;49.20401548;18.75513912;388.9359;42.1352;24.0;0.6;285.275
1753873632.37;2.0;49.20401546;18.75513912;388.9352;42.1352;24.0;0.6;285.234
1753873632.38;2.0;49.20401544;18.75513912;388.9345;42.1352;24.0;0.6;285.185
1753873632.39;2.0;49.20401541;18.75513912;388.9339;42.1352;24.0;0.6;285.157
1753873632.4;2.0;49.20401539;18.75513913;388.9335;42.1352;24.0;0.6;285.104
1753873632.41;2.0;49.20401536;18.75513913;388.933;42.1352;24.0;0.6;285.096
1753873632.42;2.0;49.20401534;18.75513913;388.9331;42.1352;24.0;0.6;285.075
1753873632.43;2.0;49.20401532;18.75513913;388.9332;42.1352;24.0;0.6;285.07
1753873632.44;2.0;49.20401529;18.75513914;388.9327;42.1352;24.0;0.6;285.035
1753873632.45;2.0;49.20401527;18.75513914;388.9327;42.1352;24.0;0.6;284.956
1753873632.46;2.0;49.20401525;18.75513915;388.9323;42.1352;24.0;0.6;284.905
1753873632.47;2.0;49.20401522;18.75513915;388.9317;42.1352;24.0;0.6;284.917
1753873632.48;2.0;49.20401519;18.75513915;388.9309;42.1352;24.0;0.6;284.944
1753873632.49;2.0;49.20401517;18.75513915;388.9305;42.1352;24.0;0.6;284.9
1753873632.5;2.0;49.20401514;18.75513915;388.9299;42.1352;24.0;0.6;284.854
1753873632.51;2.0;49.20401512;18.75513916;388.9293;42.1352;24.0;0.6;284.9
1753873632.52;2.0;49.20401509;18.75513916;388.9289;42.1352;24.0;0.6;284.987
1753873632.53;2.0;49.20401507;18.75513916;388.9283;42.1352;24.0;0.6;285.072
1753873632.54;2.0;49.20401504;18.75513917;388.9274;42.1352;24.0;0.6;285.068
1753873632.55;2.0;49.20401502;18.75513917;388.9267;42.1352;24.0;0.6;285.044
1753873632.56;2.0;49.204015;18.75513917;388.9259;42.1352;24.0;0.6;285.018
1753873632.57;2.0;49.20401498;18.75513918;388.9252;42.1352;24.0;0.6;284.992
1753873632.58;2.0;49.20401495;18.75513918;388.9251;42.1352;24.0;0.6;284.97
1753873632.59;2.0;49.20401493;18.75513918;388.9254;42.1352;24.0;0.6;284.963
1753873632.6;2.0;49.20401491;18.75513918;388.9248;42.1352;24.0;0.6;285.005
1753873632.61;2.0;49.20401489;18.75513918;388.9238;42.1352;24.0;0.6;284.946
1753873632.62;2.0;49.20401487;18.75513919;388.9231;42.1352;24.0;0.6;284.873
1753873632.63;2.0;49.20401485;18.75513919;388.9224;42.1352;24.0;0.6;284.835
1753873632.64;2.0;49.20401482;18.75513919;388.9219;42.1352;24.0;0.6;284.816
1753873632.65;2.0;49.2040148;18.7551392;388.9217;42.1352;24.0;0.6;284.833
1753873632.66;2.0;49.20401478;18.7551392;388.9217;42.1352;24.0;0.6;284.824
1753873632.67;2.0;49.20401475;18.7551392;388.9213;42.1352;24.0;0.6;284.786
1753873632.68;2.0;49.20401473;18.7551392;388.9204;42.1352;24.0;0.6;284.81
1753873632.69;2.0;49.2040147;18.75513921;388.9198;42.1352;24.0;0.6;284.811
1753873632.7;2.0;49.20401468;18.75513922;388.9188;42.1352;24.0;0.6;284.777
1753873632.71;2.0;49.20401465;18.75513922;388.918;42.1352;24.0;0.6;284.734
1753873632.72;2.0;49.20401462;18.75513923;388.9176;42.1352;24.0;0.6;284.751
1753873632.73;2.0;49.20401459;18.75513924;388.9172;42.1352;24.0;0.6;284.723
1753873632.74;2.0;49.20401456;18.75513924;388.9169;42.1352;24.0;0.6;284.677
1753873632.75;2.0;49.20401453;18.75513924;388.9166;42.1352;24.0;0.6;284.7
1753873632.76;2.0;49.2040145;18.75513925;388.9161;42.1352;24.0;0.6;284.695
1753873632.77;2.0;49.20401447;18.75513926;388.9157;42.1352;24.0;0.6;284.709
1753873632.78;2.0;49.20401444;18.75513926;388.9155;42.1352;24.0;0.6;284.693
1753873632.79;2.0;49.20401441;18.75513926;388.9158;42.1352;24.0;0.6;284.596
1753873632.8;2.0;49.20401439;18.75513926;388.9155;42.1352;24.0;0.6;284.63
1753873632.81;2.0;49.20401436;18.75513925;388.915;42.1352;24.0;0.6;284.73
1753873632.82;2.0;49.20401433;18.75513925;388.915;42.1352;24.0;0.6;284.757
1753873632.83;2.0;49.2040143;18.75513925;388.9149;42.1352;24.0;0.6;284.806
1753873632.84;2.0;49.20401427;18.75513926;388.9145;42.1352;24.0;0.6;284.835
1753873632.85;2.0;49.20401424;18.75513926;388.9145;42.1352;24.0;0.6;284.843
1753873632.86;2.0;49.20401421;18.75513926;388.9139;42.1352;24.0;0.6;284.872
1753873632.87;2.0;49.20401418;18.75513926;388.9132;42.1352;24.0;0.6;284.874
1753873632.88;2.0;49.20401416;18.75513927;388.913;42.1352;24.0;0.6;284.875
1753873632.89;2.0;49.20401413;18.75513927;388.9128;42.1352;24.0;0.6;284.877
1753873632.9;2.0;49.2040141;18.75513928;388.9124;42.1352;24.0;0.6;284.878
1753873632.91;2.0;49.20401408;18.75513928;388.9118;42.1352;24.0;0.6;284.833
1753873632.92;2.0;49.20401405;18.75513928;388.9115;42.1352;24.0;0.6;284.774
1753873632.93;2.0;49.20401402;18.75513929;388.911;42.1352;24.0;0.6;284.748
1753873632.94;2.0;49.20401399;18.75513928;388.9104;42.1352;24.0;0.6;284.782
1753873632.95;2.0;49.20401396;18.75513928;388.9096;42.1352;24.0;0.6;284.819
1753873632.96;2.0;49.20401393;18.75513928;388.9086;42.1352;24.0;0.6;284.867
1753873632.97;2.0;49.2040139;18.75513928;388.9079;42.1352;24.0;0.6;284.93
1753873632.98;2.0;49.20401387;18.75513929;388.9076;42.1352;24.0;0.6;285.038
1753873632.99;2.0;49.20401384;18.75513929;388.9073;42.1352;24.0;0.6;285.095
1753873633.0;2.0;49.20401381;18.75513929;388.9069;42.1352;24.0;0.6;285.095
1753873633.01;2.0;49.20401378;18.7551393;388.9059;42.1352;24.0;0.6;285.115
1753873633.02;2.0;49.20401375;18.7551393;388.9051;42.1352;24.0;0.6;285.077
1753873633.03;2.0;49.20401372;18.7551393;388.9043;42.1352;24.0;0.6;285.035
1753873633.04;2.0;49.20401369;18.75513929;388.9037;42.1352;24.0;0.6;285.075
1753873633.05;2.0;49.20401367;18.75513929;388.9031;42.1352;24.0;0.6;285.134
1753873633.06;2.0;49.20401364;18.7551393;388.902;42.1352;24.0;0.6;285.092
1753873633.07;2.0;49.20401362;18.7551393;388.901;42.1352;24.0;0.6;285.026
1753873633.08;2.0;49.20401359;18.7551393;388.9003;42.1352;24.0;0.6;285.033
1753873633.09;2.0;49.20401356;18.7551393;388.8994;42.1352;24.0;0.6;285.025
1753873633.1;2.0;49.20401354;18.75513931;388.8985;42.1352;24.0;0.6;285.017
1753873633.11;2.0;49.20401351;18.75513931;388.8976;42.1352;24.0;0.6;284.962
1753873633.12;2.0;49.20401348;18.75513931;388.8964;42.1352;24.0;0.6;284.926
1753873633.13;2.0;49.20401346;18.75513931;388.8954;42.1352;24.0;0.6;284.888
1753873633.14;2.0;49.20401343;18.75513931;388.895;42.1352;24.0;0.6;284.886
1753873633.15;2.0;49.2040134;18.75513931;388.8946;42.1352;24.0;0.6;284.916
1753873633.16;2.0;49.20401338;18.75513931;388.8944;42.1352;24.0;0.6;284.926
1753873633.17;2.0;49.20401335;18.75513932;388.8938;42.1352;24.0;0.6;284.916
1753873633.18;2.0;49.20401332;18.75513932;388.8934;42.1352;24.0;0.6;284.942
1753873633.19;2.0;49.20401329;18.75513931;388.8935;42.1352;24.0;0.6;284.952
1753873633.2;2.0;49.20401326;18.75513931;388.8937;42.1352;24.0;0.6;284.982
1753873633.21;2.0;49.20401323;18.7551393;388.8937;42.1352;24.0;0.6;284.957
1753873633.22;2.0;49.20401321;18.75513931;388.893;42.1352;24.0;0.6;284.965
1753873633.23;2.0;49.20401318;18.75513931;388.8921;42.1352;24.0;0.6;284.949
1753873633.24;2.0;49.20401315;18.7551393;388.8917;42.1352;24.0;0.6;284.919
1753873633.25;2.0;49.20401313;18.7551393;388.8912;42.1352;24.0;0.6;284.944
1753873633.26;2.0;49.2040131;18.75513929;388.8906;42.1352;24.0;0.6;284.976
1753873633.27;2.0;49.20401307;18.75513929;388.8901;42.1352;24.0;0.6;284.99
1753873633.28;2.0;49.20401304;18.75513929;388.8896;42.1352;24.0;0.6;284.978
1753873633.29;2.0;49.20401301;18.75513929;388.8889;42.1352;24.0;0.6;284.995
1753873633.3;2.0;49.20401298;18.75513929;388.8885;42.1352;24.0;0.6;285.001
1753873633.31;2.0;49.20401296;18.75513929;388.888;42.1352;24.0;0.6;285.057
1753873633.32;2.0;49.20401293;18.75513929;388.8874;42.1352;24.0;0.6;285.09
1753873633.33;2.0;49.2040129;18.75513929;388.887;42.1352;24.0;0.6;285.101
1753873633.34;2.0;49.20401288;18.75513929;388.8869;42.1352;24.0;0.6;285.108
1753873633.35;2.0;49.20401285;18.75513928;388.8868;42.1352;24.0;0.6;285.081
1753873633.36;2.0;49.20401282;18.75513928;388.8865;42.1352;24.0;0.6;285.047
1753873633.37;2.0;49.20401279;18.75513928;388.8858;42.1352;24.0;0.6;285.038
1753873633.38;2.0;49.20401276;18.75513928;388.8853;42.1352;24.0;0.6;285.09
1753873633.39;2.0;49.20401273;18.75513928;388.8851;42.1352;24.0;0.6;285.105
1753873633.4;2.0;49.2040127;18.75513928;388.8851;42.1352;24.0;0.6;285.13
1753873633.41;2.0;49.20401267;18.75513928;388.885;42.1352;24.0;0.6;285.142
1753873633.42;2.0;49.20401264;18.75513928;388.8843;42.1352;24.0;0.6;285.104
1753873633.43;2.0;49.20401262;18.75513928;388.8836;42.1352;24.0;0.6;285.119
1753873633.44;2.0;49.20401259;18.75513928;388.8827;42.1352;24.0;0.6;285.143
1753873633.45;2.0;49.20401256;18.75513927;388.8829;42.1352;24.0;0.6;285.207
1753873633.46;2.0;49.20401254;18.75513928;388.8825;42.1352;24.0;0.6;285.232
1753873633.47;2.0;49.20401251;18.75513927;388.8818;42.1352;24.0;0.6;285.28
1753873633.48;2.0;49.20401248;18.75513927;388.8815;42.1352;24.0;0.6;285.3
1753873633.49;2.0;49.20401246;18.75513927;388.8814;42.1352;24.0;0.6;285.354
1753873633.5;2.0;49.20401243;18.75513926;388.8816;42.1352;24.0;0.6;285.399
1753873633.51;2.0;49.2040124;18.75513926;388.8821;42.1352;24.0;0.6;285.432
1753873633.52;2.0;49.20401237;18.75513925;388.8824;42.1352;24.0;0.6;285.465
1753873633.53;2.0;49.20401234;18.75513924;388.8819;42.1352;24.0;0.6;285.512
1753873633.54;2.0;49.20401231;18.75513923;388.8818;42.1352;24.0;0.6;285.575
1753873633.55;2.0;49.20401228;18.75513923;388.8815;42.1352;24.0;0.6;285.632
1753873633.56;2.0;49.20401225;18.75513923;388.8806;42.1352;24.0;0.6;285.675
1753873633.57;2.0;49.20401223;18.75513922;388.8803;42.1352;24.0;0.6;285.716
1753873633.58;2.0;49.20401221;18.75513921;388.8803;42.1352;25.0;0.6;285.75
1753873633.59;2.0;49.20401219;18.7551392;388.8801;42.1352;25.0;0.6;285.736
1753873633.6;2.0;49.20401216;18.75513919;388.8795;42.1352;25.0;0.6;285.702
1753873633.61;2.0;49.20401214;18.75513918;388.8792;42.1352;25.0;0.6;285.713
1753873633.62;2.0;49.20401212;18.75513917;388.8789;42.1352;25.0;0.6;285.747
1753873633.63;2.0;49.20401209;18.75513916;388.8784;42.1352;25.0;0.6;285.744
1753873633.64;2.0;49.20401207;18.75513915;388.878;42.1352;25.0;0.6;285.743
1753873633.65;2.0;49.20401205;18.75513914;388.8781;42.1352;25.0;0.6;285.748
1753873633.66;2.0;49.20401203;18.75513913;388.878;42.1352;25.0;0.6;285.762
1753873633.67;2.0;49.204012;18.75513912;388.8777;42.1352;25.0;0.6;285.827
1753873633.68;2.0;49.20401198;18.75513911;388.8773;42.1352;25.0;0.6;285.778
1753873633.69;2.0;49.20401194;18.75513911;388.8771;42.1352;25.0;0.6;285.783
1753873633.7;2.0;49.20401192;18.75513909;388.8771;42.1352;25.0;0.6;285.822
1753873633.71;2.0;49.20401189;18.75513907;388.8767;42.1352;25.0;0.6;285.885
1753873633.72;2.0;49.20401186;18.75513906;388.8761;42.1352;25.0;0.6;285.857
1753873633.73;2.0;49.20401184;18.75513905;388.8758;42.1352;25.0;0.6;285.758
1753873633.74;2.0;49.20401181;18.75513904;388.876;42.1352;25.0;0.6;285.73
1753873633.75;2.0;49.20401177;18.75513903;388.8761;42.1352;25.0;0.6;285.754
1753873633.76;2.0;49.20401174;18.75513901;388.8762;42.1352;25.0;0.6;285.771
1753873633.77;2.0;49.20401171;18.755139;388.8761;42.1352;25.0;0.6;285.727
1753873633.78;2.0;49.20401168;18.75513899;388.8753;42.1352;25.0;0.6;285.632
1753873633.79;2.0;49.20401166;18.75513898;388.8744;42.1352;25.0;0.6;285.603
1753873633.8;2.0;49.20401162;18.75513897;388.874;42.1352;25.0;0.6;285.601
1753873633.81;2.0;49.20401159;18.75513896;388.874;42.1352;25.0;0.6;285.563
1753873633.82;2.0;49.20401156;18.75513895;388.8743;42.1352;25.0;0.6;285.527
1753873633.83;2.0;49.20401153;18.75513894;388.8743;42.1352;25.0;0.6;285.491
1753873633.84;2.0;49.2040115;18.75513893;388.874;42.1352;25.0;0.6;285.516
1753873633.85;2.0;49.20401146;18.75513893;388.8732;42.1352;25.0;0.6;285.575
1753873633.86;2.0;49.20401143;18.75513892;388.872;42.1352;25.0;0.6;285.626
1753873633.87;2.0;49.2040114;18.75513891;388.8708;42.1352;25.0;0.6;285.635
1753873633.88;2.0;49.20401136;18.7551389;388.8702;42.1352;25.0;0.6;285.613
1753873633.89;2.0;49.20401133;18.75513889;388.8699;42.1352;25.0;0.6;285.57
1753873633.9;2.0;49.2040113;18.75513888;388.8699;42.1352;25.0;0.6;285.591
1753873633.91;2.0;49.20401126;18.75513887;388.8694;42.1352;25.0;0.6;285.581
1753873633.92;2.0;49.20401123;18.75513885;388.8687;42.1352;25.0;0.6;285.56
1753873633.93;2.0;49.2040112;18.75513884;388.8682;42.1352;25.0;0.6;285.558
1753873633.94;2.0;49.20401116;18.75513882;388.8679;42.1352;25.0;0.6;285.536
1753873633.95;2.0;49.20401113;18.75513881;388.8677;42.1352;25.0;0.6;285.497
1753873633.96;2.0;49.2040111;18.7551388;388.8673;42.1352;25.0;0.6;285.466
1753873633.97;2.0;49.20401107;18.75513879;388.867;42.1352;25.0;0.6;285.439
1753873633.98;2.0;49.20401104;18.75513878;388.8663;42.1352;25.0;0.6;285.407
1753873633.99;2.0;49.204011;18.75513877;388.8653;42.1352;25.0;0.6;285.428
1753873634.0;2.0;49.20401097;18.75513875;388.8652;42.1352;25.0;0.6;285.493
1753873634.01;2.0;49.20401094;18.75513874;388.8644;42.1352;25.0;0.6;285.556
1753873634.02;2.0;49.20401091;18.75513873;388.8632;42.1352;25.0;0.6;285.54
1753873634.03;2.0;49.20401088;18.75513872;388.8622;42.1352;25.0;0.6;285.542
1753873634.04;2.0;49.20401085;18.75513871;388.8613;42.1352;25.0;0.6;285.563
1753873634.05;2.0;49.20401081;18.75513869;388.861;42.1352;25.0;0.6;285.62
1753873634.06;2.0;49.20401078;18.75513868;388.8611;42.1352;25.0;0.6;285.662
1753873634.07;2.0;49.20401075;18.75513867;388.8612;42.1352;25.0;0.6;285.632
1753873634.08;2.0;49.20401072;18.75513866;388.861;42.1352;25.0;0.6;285.56
1753873634.09;2.0;49.20401069;18.75513866;388.8611;42.1352;25.0;0.6;285.524
1753873634.1;2.0;49.20401065;18.75513865;388.8611;42.1352;25.0;0.6;285.491
1753873634.11;2.0;49.20401062;18.75513864;388.861;42.1352;25.0;0.6;285.513
1753873634.12;2.0;49.20401059;18.75513864;388.8609;42.1352;25.0;0.6;285.539
1753873634.13;2.0;49.20401055;18.75513864;388.8608;42.1352;25.0;0.6;285.536
1753873634.14;2.0;49.20401052;18.75513864;388.8608;42.1352;25.0;0.6;285.606
1753873634.15;2.0;49.20401049;18.75513863;388.8609;42.1352;25.0;0.6;285.631
1753873634.16;2.0;49.20401046;18.75513863;388.8613;42.1352;25.0;0.6;285.607
1753873634.17;2.0;49.20401043;18.75513863;388.8611;42.1352;25.0;0.6;285.595
1753873634.18;2.0;49.2040104;18.75513862;388.8611;42.1352;25.0;0.6;285.568
1753873634.19;2.0;49.20401037;18.75513862;388.8614;42.1352;25.0;0.6;285.565
1753873634.2;2.0;49.20401034;18.75513861;388.8611;42.1352;25.0;0.6;285.59
1753873634.21;2.0;49.20401031;18.75513861;388.8612;42.1352;25.0;0.6;285.608
1753873634.22;2.0;49.20401028;18.75513861;388.8617;42.1352;25.0;0.6;285.623
1753873634.23;2.0;49.20401025;18.7551386;388.8625;42.1352;25.0;0.6;285.666
1753873634.24;2.0;49.20401022;18.7551386;388.8633;42.1352;25.0;0.6;285.724
1753873634.25;2.0;49.20401019;18.75513861;388.8634;42.1352;25.0;0.6;285.788
1753873634.26;2.0;49.20401016;18.75513861;388.8627;42.1352;25.0;0.6;285.76
1753873634.27;2.0;49.20401013;18.7551386;388.862;42.1352;25.0;0.6;285.717
1753873634.28;2.0;49.20401011;18.7551386;388.862;42.1352;25.0;0.6;285.742
1753873634.29;2.0;49.20401008;18.7551386;388.8619;42.1352;25.0;0.6;285.83
1753873634.3;2.0;49.20401005;18.7551386;388.8618;42.1352;25.0;0.6;285.855
1753873634.31;2.0;49.20401002;18.7551386;388.8616;42.1352;25.0;0.6;285.846
1753873634.32;2.0;49.20400999;18.7551386;388.8614;42.1352;25.0;0.6;285.802
1753873634.33;2.0;49.20400997;18.7551386;388.8617;42.1352;25.0;0.6;285.74
1753873634.34;2.0;49.20400994;18.7551386;388.8621;42.1352;25.0;0.6;285.713
1753873634.35;2.0;49.20400991;18.7551386;388.8621;42.1352;25.0;0.6;285.722
1753873634.36;2.0;49.20400988;18.75513859;388.862;42.1352;25.0;0.6;285.782
1753873634.37;2.0;49.20400985;18.75513859;388.8621;42.1352;25.0;0.6;285.844
1753873634.38;2.0;49.20400982;18.75513859;388.8622;42.1352;25.0;0.6;285.911
1753873634.39;2.0;49.20400979;18.75513859;388.8622;42.1352;25.0;0.6;285.9
1753873634.4;2.0;49.20400976;18.75513858;388.8621;42.1352;25.0;0.6;285.911
1753873634.41;2.0;49.20400972;18.75513858;388.8622;42.1352;25.0;0.6;285.941
1753873634.42;2.0;49.20400969;18.75513858;388.8623;42.1352;25.0;0.6;285.94
1753873634.43;2.0;49.20400966;18.75513858;388.8621;42.1352;25.0;0.6;285.924
1753873634.44;2.0;49.20400963;18.75513858;388.8621;42.1352;25.0;0.6;285.868
1753873634.45;2.0;49.2040096;18.75513857;388.862;42.1352;25.0;0.6;285.831
1753873634.46;2.0;49.20400957;18.75513858;388.8616;42.1352;25.0;0.6;285.828
1753873634.47;2.0;49.20400954;18.75513858;388.8614;42.1352;25.0;0.6;285.798
1753873634.48;2.0;49.20400951;18.75513858;388.861;42.1352;25.0;0.6;285.75
1753873634.49;2.0;49.20400948;18.75513858;388.861;42.1352;25.0;0.6;285.71
1753873634.5;2.0;49.20400945;18.75513857;388.8606;42.1352;25.0;0.6;285.736
1753873634.51;2.0;49.20400942;18.75513858;388.8601;42.1352;25.0;0.6;285.76
1753873634.52;2.0;49.20400938;18.75513857;388.8599;42.1352;25.0;0.6;285.782
1753873634.53;2.0;49.20400935;18.75513856;388.8598;42.1352;25.0;0.6;285.814
1753873634.54;2.0;49.20400932;18.75513856;388.8599;42.1352;25.0;0.6;285.83
1753873634.55;2.0;49.20400929;18.75513855;388.86;42.1352;25.0;0.6;285.806
1753873634.56;2.0;49.20400927;18.75513855;388.8596;42.1352;25.0;0.6;285.833
1753873634.57;2.0;49.20400924;18.75513855;388.8594;42.1352;25.0;0.6;285.844
1753873634.58;2.0;49.20400921;18.75513855;388.8595;42.1352;25.0;0.6;285.775
1753873634.59;2.0;49.20400919;18.75513855;388.8595;42.1352;25.0;0.6;285.678
1753873634.6;2.0;49.20400916;18.75513855;388.8593;42.1352;25.0;0.6;285.581
1753873634.61;2.0;49.20400913;18.75513854;388.859;42.1352;25.0;0.6;285.528
1753873634.62;2.0;49.2040091;18.75513854;388.8585;42.1352;25.0;0.6;285.484
1753873634.63;2.0;49.20400908;18.75513854;388.8578;42.1352;25.0;0.6;285.448
1753873634.64;2.0;49.20400904;18.75513853;388.8571;42.1352;25.0;0.6;285.415
1753873634.65;2.0;49.20400901;18.75513852;388.8567;42.1352;25.0;0.6;285.392
1753873634.66;2.0;49.20400899;18.75513851;388.8564;42.1352;25.0;0.6;285.409
1753873634.67;2.0;49.20400896;18.75513851;388.8557;42.1352;25.0;0.6;285.435
1753873634.68;2.0;49.20400893;18.75513849;388.8552;42.1352;25.0;0.6;285.434
1753873634.69;2.0;49.2040089;18.75513849;388.8549;42.1352;25.0;0.6;285.461
1753873634.7;2.0;49.20400887;18.75513848;388.8539;42.1352;25.0;0.6;285.482
1753873634.71;2.0;49.20400884;18.75513847;388.8531;42.1352;25.0;0.6;285.461
1753873634.72;2.0;49.20400881;18.75513846;388.8525;42.1352;25.0;0.6;285.43
1753873634.73;2.0;49.20400878;18.75513846;388.8515;42.1352;25.0;0.6;285.375
1753873634.74;2.0;49.20400875;18.75513845;388.8506;42.1352;25.0;0.6;285.411
1753873634.75;2.0;49.20400872;18.75513844;388.8501;42.1352;25.0;0.6;285.406
1753873634.76;2.0;49.20400869;18.75513843;388.8497;42.1352;25.0;0.6;285.395
1753873634.77;2.0;49.20400866;18.75513842;388.8497;42.1352;25.0;0.6;285.354
1753873634.78;2.0;49.20400863;18.75513841;388.8494;42.1352;25.0;0.6;285.262
1753873634.79;2.0;49.2040086;18.75513839;388.8488;42.1352;25.0;0.6;285.278
1753873634.8;2.0;49.20400858;18.75513838;388.8482;42.1352;25.0;0.6;285.325
1753873634.81;2.0;49.20400855;18.75513837;388.8476;42.1352;25.0;0.6;285.3
1753873634.82;2.0;49.20400851;18.75513835;388.8469;42.1352;25.0;0.6;285.343
1753873634.83;2.0;49.20400848;18.75513834;388.8463;42.1352;25.0;0.6;285.381
1753873634.84;2.0;49.20400845;18.75513834;388.8462;42.1352;25.0;0.6;285.394
1753873634.85;2.0;49.20400842;18.75513832;388.8459;42.1352;25.0;0.6;285.419
1753873634.86;2.0;49.20400839;18.75513831;388.8453;42.1352;25.0;0.6;285.428
1753873634.87;2.0;49.20400836;18.7551383;388.8444;42.1352;25.0;0.6;285.457
1753873634.88;2.0;49.20400833;18.75513829;388.8436;42.1352;25.0;0.6;285.469
1753873634.89;2.0;49.2040083;18.75513828;388.8432;42.1352;25.0;0.6;285.509
1753873634.9;2.0;49.20400827;18.75513826;388.8428;42.1352;25.0;0.6;285.556
1753873634.91;2.0;49.20400824;18.75513825;388.8425;42.1352;25.0;0.6;285.616
1753873634.92;2.0;49.20400822;18.75513824;388.8421;42.1352;25.0;0.6;285.657
1753873634.93;2.0;49.20400818;18.75513823;388.8416;42.1352;25.0;0.6;285.649
1753873634.94;2.0;49.20400815;18.75513822;388.8412;42.1352;25.0;0.6;285.649
1753873634.95;2.0;49.20400812;18.75513821;388.8408;42.1352;25.0;0.6;285.674
1753873634.96;2.0;49.20400809;18.75513819;388.8403;42.1352;25.0;0.6;285.727
1753873634.97;2.0;49.20400806;18.75513818;388.8399;42.1352;25.0;0.6;285.758
1753873634.98;2.0;49.20400803;18.75513817;388.8394;42.1352;25.0;0.6;285.721
1753873634.99;2.0;49.204008;18.75513816;388.8388;42.1352;25.0;0.6;285.682
1753873635.0;2.0;49.20400797;18.75513815;388.8385;42.1352;25.0;0.6;285.721
1753873635.01;2.0;49.20400794;18.75513814;388.838;42.1352;25.0;0.6;285.748
1753873635.02;2.0;49.20400791;18.75513814;388.8373;42.1352;25.0;0.6;285.755
1753873635.03;2.0;49.20400788;18.75513813;388.8363;42.1352;25.0;0.6;285.779
1753873635.04;2.0;49.20400785;18.75513812;388.835;42.1352;25.0;0.6;285.766
1753873635.05;2.0;49.20400782;18.75513812;388.8342;42.1352;25.0;0.6;285.764
1753873635.06;2.0;49.20400779;18.75513811;388.833;42.1352;25.0;0.6;285.751
1753873635.07;2.0;49.20400776;18.7551381;388.8322;42.1352;25.0;0.6;285.731
1753873635.08;2.0;49.20400774;18.75513809;388.8324;42.1352;25.0;0.6;285.745
1753873635.09;2.0;49.20400773;18.75513808;388.8328;42.1352;25.0;0.6;285.763
1753873635.1;2.0;49.20400771;18.75513807;388.833;42.1352;25.0;0.6;285.74
1753873635.11;2.0;49.20400769;18.75513807;388.8334;42.1352;24.0;0.6;285.685
1753873635.12;2.0;49.20400767;18.75513806;388.8337;42.1352;24.0;0.6;285.655
1753873635.13;2.0;49.20400765;18.75513806;388.8337;42.1352;24.0;0.6;285.655
1753873635.14;2.0;49.20400764;18.75513805;388.8333;42.1352;24.0;0.6;285.686
1753873635.15;2.0;49.20400762;18.75513805;388.8331;42.1352;24.0;0.6;285.717
1753873635.16;2.0;49.2040076;18.75513804;388.8332;42.1352;24.0;0.6;285.699
1753873635.17;2.0;49.20400758;18.75513804;388.8331;42.1352;24.0;0.6;285.671
1753873635.18;2.0;49.20400756;18.75513803;388.8324;42.1352;24.0;0.6;285.68
1753873635.19;2.0;49.20400754;18.75513803;388.8314;42.1352;24.0;0.6;285.654
1753873635.2;2.0;49.20400752;18.75513802;388.8301;42.1352;24.0;0.6;285.647
1753873635.21;2.0;49.2040075;18.75513801;388.8295;42.1352;24.0;0.6;285.543
1753873635.22;2.0;49.20400748;18.75513799;388.8293;42.1352;24.0;0.6;285.468
1753873635.23;2.0;49.20400746;18.75513798;388.8291;42.1352;24.0;0.6;285.452
1753873635.24;2.0;49.20400744;18.75513796;388.8285;42.1352;24.0;0.6;285.461
1753873635.25;2.0;49.20400742;18.75513795;388.8278;42.1352;24.0;0.6;285.419
1753873635.26;2.0;49.2040074;18.75513793;388.8272;42.1352;24.0;0.6;285.428
1753873635.27;2.0;49.20400738;18.75513792;388.8266;42.1352;24.0;0.6;285.431
1753873635.28;2.0;49.20400736;18.7551379;388.8263;42.1352;24.0;0.6;285.343
1753873635.29;2.0;49.20400733;18.75513788;388.8256;42.1352;24.0;0.6;285.325
1753873635.3;2.0;49.20400731;18.75513786;388.8252;42.1352;24.0;0.6;285.306
1753873635.31;2.0;49.20400729;18.75513785;388.825;42.1352;24.0;0.6;285.361
1753873635.32;2.0;49.20400726;18.75513784;388.8242;42.1352;24.0;0.6;285.394
1753873635.33;2.0;49.20400724;18.75513783;388.8236;42.1352;24.0;0.6;285.44
1753873635.34;2.0;49.20400721;18.75513782;388.8231;42.1352;24.0;0.6;285.497
1753873635.35;2.0;49.20400719;18.75513781;388.8225;42.1352;24.0;0.6;285.498
1753873635.36;2.0;49.20400716;18.75513779;388.8214;42.1352;24.0;0.6;285.464
1753873635.37;2.0;49.20400713;18.75513778;388.8203;42.1352;24.0;0.6;285.463
1753873635.38;2.0;49.20400711;18.75513777;388.8197;42.1352;24.0;0.6;285.515
1753873635.39;2.0;49.20400709;18.75513775;388.8191;42.1352;24.0;0.6;285.587
1753873635.4;2.0;49.20400706;18.75513774;388.8185;42.1352;24.0;0.6;285.601
1753873635.41;2.0;49.20400704;18.75513774;388.8172;42.1352;24.0;0.6;285.552
1753873635.42;2.0;49.20400702;18.75513773;388.8167;42.1352;24.0;0.6;285.481
1753873635.43;2.0;49.20400699;18.75513772;388.8166;42.1352;24.0;0.6;285.426
1753873635.44;2.0;49.20400697;18.75513771;388.816;42.1352;24.0;0.6;285.402
1753873635.45;2.0;49.20400694;18.7551377;388.8154;42.1352;24.0;0.6;285.362
1753873635.46;2.0;49.20400692;18.75513769;388.8149;42.1352;24.0;0.6;285.356
1753873635.47;2.0;49.2040069;18.75513768;388.8143;42.1352;24.0;0.6;285.375
1753873635.48;2.0;49.20400687;18.75513766;388.8137;42.1352;24.0;0.6;285.41
1753873635.49;2.0;49.20400685;18.75513766;388.813;42.1352;24.0;0.6;285.431
1753873635.5;2.0;49.20400683;18.75513764;388.8125;42.1352;24.0;0.6;285.429
1753873635.51;2.0;49.20400681;18.75513763;388.8117;42.1352;24.0;0.6;285.431
1753873635.52;2.0;49.20400679;18.75513762;388.8108;42.1352;24.0;0.6;285.46
1753873635.53;2.0;49.20400677;18.75513761;388.8102;42.1352;24.0;0.6;285.468
1753873635.54;2.0;49.20400675;18.7551376;388.8104;42.1352;24.0;0.6;285.508
1753873635.55;2.0;49.20400672;18.75513758;388.8104;42.1352;24.0;0.6;285.545
1753873635.56;2.0;49.2040067;18.75513756;388.8103;42.1352;24.0;0.6;285.562
1753873635.57;2.0;49.20400668;18.75513755;388.8099;42.1352;24.0;0.6;285.587
1753873635.58;2.0;49.20400666;18.75513753;388.8094;42.1352;24.0;0.6;285.589
1753873635.59;2.0;49.20400663;18.75513752;388.8086;42.1352;24.0;0.6;285.592
1753873635.6;2.0;49.20400661;18.7551375;388.8075;42.1352;24.0;0.6;285.582
1753873635.61;2.0;49.2040066;18.75513749;388.8071;42.1352;24.0;0.6;285.536
1753873635.62;2.0;49.20400658;18.75513748;388.8071;42.1352;25.0;0.6;285.542
1753873635.63;2.0;49.20400656;18.75513747;388.8072;42.1352;25.0;0.6;285.583
1753873635.64;2.0;49.20400654;18.75513746;388.8072;42.1352;25.0;0.6;285.56
1753873635.65;2.0;49.20400652;18.75513745;388.8067;42.1352;25.0;0.6;285.546
1753873635.66;2.0;49.20400651;18.75513744;388.8065;42.1352;25.0;0.6;285.519
1753873635.67;2.0;49.20400649;18.75513742;388.8063;42.1352;25.0;0.6;285.488
1753873635.68;2.0;49.20400647;18.7551374;388.8061;42.1352;25.0;0.6;285.471
1753873635.69;2.0;49.20400645;18.75513738;388.8055;42.1352;25.0;0.6;285.498
1753873635.7;2.0;49.20400643;18.75513737;388.8043;42.1352;25.0;0.6;285.521
1753873635.71;2.0;49.20400642;18.75513735;388.8029;42.1352;25.0;0.6;285.497
1753873635.72;2.0;49.2040064;18.75513733;388.8021;42.1352;25.0;0.6;285.476
1753873635.73;2.0;49.20400638;18.75513731;388.8016;42.1352;25.0;0.6;285.48
1753873635.74;2.0;49.20400636;18.75513729;388.8009;42.1352;25.0;0.6;285.505
1753873635.75;2.0;49.20400634;18.75513726;388.8002;42.1352;25.0;0.6;285.513
1753873635.76;2.0;49.20400632;18.75513724;388.7995;42.1352;25.0;0.6;285.481
1753873635.77;2.0;49.20400631;18.75513722;388.7984;42.1352;25.0;0.6;285.411
1753873635.78;2.0;49.20400629;18.75513719;388.7974;42.1352;25.0;0.6;285.363
1753873635.79;2.0;49.20400627;18.75513717;388.7964;42.1352;25.0;0.6;285.366
1753873635.8;2.0;49.20400626;18.75513714;388.7953;42.1352;25.0;0.6;285.386
1753873635.81;2.0;49.20400624;18.75513712;388.7947;42.1352;25.0;0.6;285.432
1753873635.82;2.0;49.20400622;18.75513708;388.7943;42.1352;25.0;0.6;285.469
1753873635.83;2.0;49.20400621;18.75513705;388.7935;42.1352;25.0;0.6;285.45
1753873635.84;2.0;49.20400619;18.75513702;388.7931;42.1352;25.0;0.6;285.427
1753873635.85;2.0;49.20400618;18.75513699;388.7926;42.1352;25.0;0.6;285.424
1753873635.86;2.0;49.20400617;18.75513695;388.792;42.1352;25.0;0.6;285.455
1753873635.87;2.0;49.20400615;18.75513691;388.7917;42.1352;25.0;0.6;285.479
1753873635.88;2.0;49.20400614;18.75513688;388.7911;42.1352;25.0;0.6;285.494
1753873635.89;2.0;49.20400613;18.75513684;388.7908;42.1352;25.0;0.6;285.459
1753873635.9;2.0;49.20400612;18.75513681;388.7905;42.1352;25.0;0.6;285.406
1753873635.91;2.0;49.20400611;18.75513678;388.7903;42.1352;25.0;0.6;285.37
1753873635.92;2.0;49.20400609;18.75513674;388.7898;42.1352;25.0;0.6;285.399
1753873635.93;2.0;49.20400608;18.75513671;388.7893;42.1352;25.0;0.6;285.44
1753873635.94;2.0;49.20400606;18.75513667;388.7892;42.1352;25.0;0.6;285.501
1753873635.95;2.0;49.20400605;18.75513664;388.7884;42.1352;25.0;0.6;285.526
1753873635.96;2.0;49.20400603;18.75513661;388.7875;42.1352;25.0;0.6;285.481
1753873635.97;2.0;49.20400601;18.75513658;388.7866;42.1352;25.0;0.6;285.463
1753873635.98;2.0;49.204006;18.75513655;388.7856;42.1352;25.0;0.6;285.468
1753873635.99;2.0;49.20400598;18.75513653;388.785;42.1352;25.0;0.6;285.453
1753873636.0;2.0;49.20400597;18.75513649;388.7844;42.1352;25.0;0.6;285.459
1753873636.01;2.0;49.20400595;18.75513646;388.784;42.1352;25.0;0.6;285.42
1753873636.02;2.0;49.20400593;18.75513642;388.7837;42.1352;25.0;0.6;285.391
1753873636.03;2.0;49.20400591;18.75513639;388.7837;42.1352;25.0;0.6;285.381
1753873636.04;2.0;49.2040059;18.75513636;388.7831;42.1352;25.0;0.6;285.414
1753873636.05;2.0;49.20400588;18.75513632;388.7825;42.1352;25.0;0.6;285.433
1753873636.06;2.0;49.20400587;18.75513629;388.7822;42.1352;25.0;0.6;285.383
1753873636.07;2.0;49.20400585;18.75513625;388.7821;42.1352;25.0;0.6;285.319
1753873636.08;2.0;49.20400584;18.75513622;388.7818;42.1352;25.0;0.6;285.314
1753873636.09;2.0;49.20400582;18.75513619;388.7811;42.1352;25.0;0.6;285.361
1753873636.1;2.0;49.20400581;18.75513615;388.7807;42.1352;24.0;0.6;285.348
1753873636.11;2.0;49.20400579;18.75513612;388.7806;42.1352;24.0;0.6;285.299
1753873636.12;2.0;49.20400578;18.75513608;388.7807;42.1352;24.0;0.6;285.307
1753873636.13;2.0;49.20400576;18.75513605;388.7805;42.1352;24.0;0.6;285.289
1753873636.14;2.0;49.20400575;18.75513601;388.7806;42.1352;24.0;0.6;285.264
1753873636.15;2.0;49.20400574;18.75513598;388.7806;42.1352;24.0;0.6;285.205
1753873636.16;2.0;49.20400573;18.75513595;388.7806;42.1352;24.0;0.6;285.164
1753873636.17;2.0;49.20400571;18.75513591;388.7805;42.1352;24.0;0.6;285.171
1753873636.18;2.0;49.2040057;18.75513588;388.7805;42.1352;24.0;0.6;285.208
1753873636.19;2.0;49.20400568;18.75513585;388.7811;42.1352;24.0;0.6;285.206
1753873636.2;2.0;49.20400566;18.75513581;388.7813;42.1352;24.0;0.6;285.242
1753873636.21;2.0;49.20400565;18.75513578;388.7816;42.1352;24.0;0.6;285.319
1753873636.22;2.0;49.20400563;18.75513575;388.7822;42.1352;24.0;0.6;285.36
1753873636.23;2.0;49.20400562;18.75513572;388.7822;42.1352;24.0;0.6;285.381
1753873636.24;2.0;49.2040056;18.75513569;388.7824;42.1352;24.0;0.6;285.398
1753873636.25;2.0;49.20400558;18.75513566;388.7828;42.1352;24.0;0.6;285.392
1753873636.26;2.0;49.20400557;18.75513563;388.7828;42.1352;24.0;0.6;285.344
1753873636.27;2.0;49.20400556;18.7551356;388.7826;42.1352;24.0;0.6;285.33
1753873636.28;2.0;49.20400554;18.75513558;388.7826;42.1352;24.0;0.6;285.354
1753873636.29;2.0;49.20400552;18.75513555;388.7829;42.1352;24.0;0.6;285.362
1753873636.3;2.0;49.20400551;18.75513551;388.7834;42.1352;24.0;0.6;285.336
1753873636.31;2.0;49.2040055;18.75513549;388.7839;42.1352;24.0;0.6;285.259
1753873636.32;2.0;49.20400549;18.75513546;388.7841;42.1352;24.0;0.6;285.179
1753873636.33;2.0;49.20400547;18.75513543;388.7842;42.1352;24.0;0.6;285.148
1753873636.34;2.0;49.20400546;18.7551354;388.7845;42.1352;24.0;0.6;285.127
1753873636.35;2.0;49.20400544;18.75513537;388.7855;42.1352;24.0;0.6;285.178
1753873636.36;2.0;49.20400543;18.75513534;388.7866;42.1352;24.0;0.6;285.205
1753873636.37;2.0;49.20400542;18.75513531;388.7874;42.1352;24.0;0.6;285.182
1753873636.38;2.0;49.20400541;18.75513529;388.7883;42.1352;24.0;0.6;285.167
1753873636.39;2.0;49.2040054;18.75513526;388.7885;42.1352;24.0;0.6;285.201
1753873636.4;2.0;49.20400539;18.75513523;388.7879;42.1352;24.0;0.6;285.243
1753873636.41;2.0;49.20400538;18.7551352;388.7874;42.1352;24.0;0.6;285.253
1753873636.42;2.0;49.20400537;18.75513517;388.7871;42.1352;24.0;0.6;285.253
1753873636.43;2.0;49.20400536;18.75513514;388.7873;42.1352;24.0;0.6;285.23
1753873636.44;2.0;49.20400534;18.75513511;388.788;42.1352;24.0;0.6;285.239
1753873636.45;2.0;49.20400533;18.75513508;388.7883;42.1352;24.0;0.6;285.26
1753873636.46;2.0;49.20400532;18.75513505;388.7885;42.1352;24.0;0.6;285.3
1753873636.47;2.0;49.20400531;18.75513502;388.7884;42.1352;24.0;0.6;285.34
1753873636.48;2.0;49.20400531;18.75513499;388.7881;42.1352;24.0;0.6;285.332
1753873636.49;2.0;49.2040053;18.75513496;388.7877;42.1352;24.0;0.6;285.308
1753873636.5;2.0;49.20400529;18.75513493;388.7871;42.1352;24.0;0.6;285.283
1753873636.51;2.0;49.20400529;18.75513489;388.7867;42.1352;24.0;0.6;285.237
1753873636.52;2.0;49.20400528;18.75513486;388.7865;42.1352;24.0;0.6;285.186
1753873636.53;2.0;49.20400527;18.75513483;388.787;42.1352;24.0;0.6;285.164
1753873636.54;2.0;49.20400526;18.75513481;388.7871;42.1352;24.0;0.6;285.177
1753873636.55;2.0;49.20400525;18.75513478;388.7869;42.1352;24.0;0.6;285.18
1753873636.56;2.0;49.20400524;18.75513475;388.7866;42.1352;24.0;0.6;285.164
1753873636.57;2.0;49.20400522;18.75513472;388.7869;42.1352;24.0;0.6;285.199
1753873636.58;2.0;49.20400521;18.75513469;388.7873;42.1352;24.0;0.6;285.223
1753873636.59;2.0;49.20400521;18.75513466;388.7869;42.1352;24.0;0.6;285.222
1753873636.6;2.0;49.2040052;18.75513464;388.787;42.1352;24.0;0.6;285.211
1753873636.61;2.0;49.20400518;18.75513461;388.7877;42.1352;24.0;0.6;285.225
1753873636.62;2.0;49.20400517;18.75513458;388.7878;42.1352;24.0;0.6;285.199
1753873636.63;2.0;49.20400516;18.75513456;388.7882;42.1352;24.0;0.6;285.121
1753873636.64;2.0;49.20400515;18.75513453;388.7883;42.1352;24.0;0.6;285.095
1753873636.65;2.0;49.20400514;18.75513451;388.788;42.1352;24.0;0.6;285.089
1753873636.66;2.0;49.20400513;18.75513447;388.7878;42.1352;24.0;0.6;285.063
1753873636.67;2.0;49.20400512;18.75513445;388.7882;42.1352;24.0;0.6;285.067
1753873636.68;2.0;49.20400511;18.75513442;388.7892;42.1352;24.0;0.6;285.049
1753873636.69;2.0;49.2040051;18.7551344;388.7894;42.1352;24.0;0.6;285.001
1753873636.7;2.0;49.20400509;18.75513436;388.7896;42.1352;24.0;0.6;284.946
1753873636.71;2.0;49.20400508;18.75513434;388.7895;42.1352;24.0;0.6;284.923
1753873636.72;2.0;49.20400507;18.75513431;388.7898;42.1352;24.0;0.6;284.882
1753873636.73;2.0;49.20400506;18.75513428;388.7902;42.1352;24.0;0.6;284.824
1753873636.74;2.0;49.20400505;18.75513426;388.7905;42.1352;24.0;0.6;284.816
1753873636.75;2.0;49.20400504;18.75513423;388.7907;42.1352;24.0;0.6;284.831
1753873636.76;2.0;49.20400504;18.7551342;388.7906;42.1352;24.0;0.6;284.837
1753873636.77;2.0;49.20400503;18.75513417;388.7907;42.1352;24.0;0.6;284.778
1753873636.78;2.0;49.20400502;18.75513414;388.7911;42.1352;24.0;0.6;284.729
1753873636.79;2.0;49.20400501;18.75513411;388.7916;42.1352;24.0;0.6;284.656
1753873636.8;2.0;49.204005;18.75513408;388.7928;42.1352;24.0;0.6;284.633
1753873636.81;2.0;49.20400499;18.75513405;388.7934;42.1352;24.0;0.6;284.628
1753873636.82;2.0;49.20400498;18.75513402;388.7937;42.1352;24.0;0.6;284.625
1753873636.83;2.0;49.20400497;18.75513399;388.7941;42.1352;24.0;0.6;284.69
1753873636.84;2.0;49.20400496;18.75513396;388.7948;42.1352;24.0;0.6;284.742
1753873636.85;2.0;49.20400495;18.75513393;388.7951;42.1352;24.0;0.6;284.804
1753873636.86;2.0;49.20400494;18.75513391;388.7953;42.1352;24.0;0.6;284.83
1753873636.87;2.0;49.20400493;18.75513388;388.7956;42.1352;24.0;0.6;284.737
1753873636.88;2.0;49.20400492;18.75513385;388.7962;42.1352;24.0;0.6;284.72
1753873636.89;2.0;49.20400491;18.75513382;388.7965;42.1352;24.0;0.6;284.73
1753873636.9;2.0;49.2040049;18.75513379;388.7963;42.1352;24.0;0.6;284.714
1753873636.91;2.0;49.20400489;18.75513377;388.796;42.1352;24.0;0.6;284.655
1753873636.92;2.0;49.20400488;18.75513373;388.7963;42.1352;24.0;0.6;284.666
1753873636.93;2.0;49.20400487;18.7551337;388.7969;42.1352;24.0;0.6;284.762
1753873636.94;2.0;49.20400486;18.75513367;388.7976;42.1352;24.0;0.6;284.788
1753873636.95;2.0;49.20400485;18.75513365;388.798;42.1352;24.0;0.6;284.74
1753873636.96;2.0;49.20400484;18.75513361;388.7983;42.1352;24.0;0.6;284.687
1753873636.97;2.0;49.20400483;18.75513358;388.7985;42.1352;24.0;0.6;284.657
1753873636.98;2.0;49.20400481;18.75513355;388.7988;42.1352;24.0;0.6;284.691
1753873636.99;2.0;49.20400481;18.75513352;388.7991;42.1352;24.0;0.6;284.729
1753873637.0;2.0;49.2040048;18.75513349;388.7988;42.1352;24.0;0.6;284.713
1753873637.01;2.0;49.20400478;18.75513346;388.7988;42.1352;24.0;0.6;284.731
1753873637.02;2.0;49.20400477;18.75513343;388.799;42.1352;24.0;0.6;284.806
1753873637.03;2.0;49.20400476;18.7551334;388.7991;42.1352;24.0;0.6;284.822
1753873637.04;2.0;49.20400475;18.75513338;388.7988;42.1352;24.0;0.6;284.816
1753873637.05;2.0;49.20400474;18.75513336;388.7982;42.1352;24.0;0.6;284.828
1753873637.06;2.0;49.20400472;18.75513333;388.7981;42.1352;24.0;0.6;284.875
1753873637.07;2.0;49.20400471;18.7551333;388.798;42.1352;24.0;0.6;284.871
1753873637.08;2.0;49.2040047;18.75513328;388.7976;42.1352;24.0;0.6;284.907
1753873637.09;2.0;49.20400469;18.75513325;388.7972;42.1352;24.0;0.6;284.977
1753873637.1;2.0;49.20400468;18.75513322;388.7969;42.1352;24.0;0.6;285.007
1753873637.11;2.0;49.20400467;18.7551332;388.7966;42.1352;24.0;0.6;284.988
1753873637.12;2.0;49.20400466;18.75513317;388.7965;42.1352;24.0;0.6;285.023
1753873637.13;2.0;49.20400464;18.75513314;388.7965;42.1352;24.0;0.6;285.039
1753873637.14;2.0;49.20400463;18.75513312;388.7967;42.1352;24.0;0.6;285.028
1753873637.15;2.0;49.20400462;18.75513309;388.7972;42.1352;24.0;0.6;285.072
1753873637.16;2.0;49.2040046;18.75513306;388.7979;42.1352;24.0;0.6;285.087
1753873637.17;2.0;49.20400459;18.75513302;388.7987;42.1352;24.0;0.6;285.096
1753873637.18;2.0;49.20400457;18.75513299;388.7998;42.1352;24.0;0.6;285.121
1753873637.19;2.0;49.20400456;18.75513296;388.8003;42.1352;24.0;0.6;285.139
1753873637.2;2.0;49.20400454;18.75513293;388.8008;42.1352;24.0;0.6;285.153
1753873637.21;2.0;49.20400453;18.75513289;388.801;42.1352;24.0;0.6;285.128
1753873637.22;2.0;49.20400452;18.75513286;388.8017;42.1352;24.0;0.6;285.05
1753873637.23;2.0;49.2040045;18.75513284;388.8023;42.1352;24.0;0.6;284.987
1753873637.24;2.0;49.20400449;18.7551328;388.8026;42.1352;24.0;0.6;284.969
1753873637.25;2.0;49.20400447;18.75513277;388.8026;42.1352;24.0;0.6;285.017
1753873637.26;2.0;49.20400445;18.75513275;388.8027;42.1352;24.0;0.6;285.045
1753873637.27;2.0;49.20400444;18.75513272;388.8025;42.1352;24.0;0.6;284.999
1753873637.28;2.0;49.20400442;18.75513269;388.8024;42.1352;24.0;0.6;285.005
1753873637.29;2.0;49.2040044;18.75513266;388.8026;42.1352;24.0;0.6;285.005
1753873637.3;2.0;49.20400437;18.75513263;388.8033;42.1352;24.0;0.6;285.021
1753873637.31;2.0;49.20400435;18.75513259;388.804;42.1352;24.0;0.6;285.035
1753873637.32;2.0;49.20400433;18.75513256;388.8047;42.1352;24.0;0.6;285.032
1753873637.33;2.0;49.2040043;18.75513253;388.8051;42.1352;24.0;0.6;285.058
1753873637.34;2.0;49.20400428;18.7551325;388.806;42.1352;24.0;0.6;285.077
1753873637.35;2.0;49.20400426;18.75513247;388.8067;42.1352;24.0;0.6;285.039
1753873637.36;2.0;49.20400423;18.75513244;388.8072;42.1352;24.0;0.6;285.024
1753873637.37;2.0;49.20400421;18.75513239;388.8076;42.1352;24.0;0.6;285.028
1753873637.38;2.0;49.2040042;18.75513236;388.8083;42.1352;24.0;0.6;285.041
1753873637.39;2.0;49.20400418;18.75513233;388.8089;42.1352;24.0;0.6;285.033
1753873637.4;2.0;49.20400415;18.7551323;388.8094;42.1352;24.0;0.6;285.016
1753873637.41;2.0;49.20400413;18.75513227;388.8101;42.1352;24.0;0.6;285.047
1753873637.42;2.0;49.20400411;18.75513223;388.8108;42.1352;24.0;0.6;285.09
1753873637.43;2.0;49.2040041;18.7551322;388.8118;42.1352;24.0;0.6;285.079
1753873637.44;2.0;49.20400407;18.75513216;388.8127;42.1352;24.0;0.6;285.043
1753873637.45;2.0;49.20400405;18.75513212;388.8136;42.1352;24.0;0.6;285.056
1753873637.46;2.0;49.20400403;18.75513209;388.8143;42.1352;24.0;0.6;285.103
1753873637.47;2.0;49.20400401;18.75513206;388.8147;42.1352;24.0;0.6;285.124
1753873637.48;2.0;49.20400399;18.75513203;388.8149;42.1352;24.0;0.6;285.11
1753873637.49;2.0;49.20400397;18.75513199;388.8153;42.1352;24.0;0.6;285.135
1753873637.5;2.0;49.20400394;18.75513196;388.8161;42.1352;24.0;0.6;285.169
1753873637.51;2.0;49.20400392;18.75513193;388.8171;42.1352;24.0;0.6;285.258
1753873637.52;2.0;49.2040039;18.7551319;388.818;42.1352;24.0;0.6;285.323
1753873637.53;2.0;49.20400388;18.75513186;388.8189;42.1352;24.0;0.6;285.353
1753873637.54;2.0;49.20400386;18.75513183;388.8191;42.1352;24.0;0.6;285.441
1753873637.55;2.0;49.20400383;18.75513179;388.8198;42.1352;24.0;0.6;285.471
1753873637.56;2.0;49.20400381;18.75513175;388.8205;42.1352;24.0;0.6;285.436
1753873637.57;2.0;49.20400379;18.75513175;388.8201;42.1352;24.0;0.6;285.446
1753873637.58;2.0;49.20400377;18.75513174;388.8196;42.1352;24.0;0.6;285.428
1753873637.59;2.0;49.20400376;18.75513174;388.8191;42.1352;24.0;0.6;285.406
1753873637.6;2.0;49.20400373;18.75513173;388.8191;42.1352;24.0;0.6;285.395
1753873637.61;2.0;49.20400371;18.75513172;388.8186;42.1352;24.0;0.6;285.484
1753873637.62;2.0;49.2040037;18.75513171;388.8183;42.1352;24.0;0.6;285.539
1753873637.63;2.0;49.20400368;18.7551317;388.8181;42.1352;24.0;0.6;285.543
1753873637.64;2.0;49.20400366;18.75513169;388.8179;42.1352;24.0;0.6;285.581
1753873637.65;2.0;49.20400364;18.75513168;388.8173;42.1352;24.0;0.6;285.633
1753873637.66;2.0;49.20400362;18.75513168;388.8168;42.1352;24.0;0.6;285.654
1753873637.67;2.0;49.20400361;18.75513167;388.8163;42.1352;24.0;0.6;285.661
1753873637.68;2.0;49.20400359;18.75513165;388.8166;42.1352;24.0;0.6;285.673
1753873637.69;2.0;49.20400357;18.75513164;388.8169;42.1352;24.0;0.6;285.681
1753873637.7;2.0;49.20400355;18.75513163;388.8172;42.1352;24.0;0.6;285.668
1753873637.71;2.0;49.20400353;18.75513161;388.8175;42.1352;24.0;0.6;285.715
1753873637.72;2.0;49.20400352;18.7551316;388.8177;42.1352;24.0;0.6;285.771
1753873637.73;2.0;49.2040035;18.75513158;388.8174;42.1352;24.0;0.6;285.807
1753873637.74;2.0;49.20400348;18.75513156;388.8175;42.1352;24.0;0.6;285.806
1753873637.75;2.0;49.20400346;18.75513155;388.818;42.1352;24.0;0.6;285.789
1753873637.76;2.0;49.20400344;18.75513152;388.8187;42.1352;24.0;0.6;285.789
1753873637.77;2.0;49.20400342;18.75513151;388.8195;42.1352;24.0;0.6;285.813
1753873637.78;2.0;49.2040034;18.75513148;388.8204;42.1352;24.0;0.6;285.808
1753873637.79;2.0;49.20400338;18.75513146;388.8208;42.1352;24.0;0.6;285.786
1753873637.8;2.0;49.20400336;18.75513144;388.8213;42.1352;24.0;0.6;285.78
1753873637.81;2.0;49.20400334;18.7551314;388.8226;42.1352;24.0;0.6;285.803
1753873637.82;2.0;49.20400333;18.75513137;388.8232;42.1352;24.0;0.6;285.869
1753873637.83;2.0;49.20400331;18.75513134;388.8234;42.1352;24.0;0.6;285.903
1753873637.84;2.0;49.20400328;18.75513131;388.8242;42.1352;24.0;0.6;285.864
1753873637.85;2.0;49.20400326;18.75513128;388.825;42.1352;24.0;0.6;285.819
1753873637.86;2.0;49.20400324;18.75513125;388.8264;42.1352;24.0;0.6;285.672
1753873637.87;2.0;49.20400322;18.75513122;388.8273;42.1352;24.0;0.6;285.595
1753873637.88;2.0;49.2040032;18.75513119;388.8275;42.1352;24.0;0.6;285.591
1753873637.89;2.0;49.20400317;18.75513116;388.8279;42.1352;24.0;0.6;285.659
1753873637.9;2.0;49.20400315;18.75513113;388.8281;42.1352;24.0;0.6;285.682
1753873637.91;2.0;49.20400313;18.7551311;388.8281;42.1352;24.0;0.6;285.695
1753873637.92;2.0;49.20400311;18.75513107;388.8284;42.1352;24.0;0.6;285.676
1753873637.93;2.0;49.20400309;18.75513104;388.8285;42.1352;24.0;0.6;285.683
1753873637.94;2.0;49.20400307;18.75513101;388.8292;42.1352;24.0;0.6;285.694
1753873637.95;2.0;49.20400305;18.75513099;388.8293;42.1352;24.0;0.6;285.722
1753873637.96;2.0;49.20400303;18.75513095;388.8299;42.1352;24.0;0.6;285.73
1753873637.97;2.0;49.20400301;18.75513092;388.8308;42.1352;24.0;0.6;285.711
1753873637.98;2.0;49.20400299;18.75513089;388.8314;42.1352;24.0;0.6;285.671
1753873637.99;2.0;49.20400296;18.75513086;388.8321;42.1352;24.0;0.6;285.68
1753873638.0;2.0;49.20400294;18.75513082;388.8327;42.1352;24.0;0.6;285.665
1753873638.01;2.0;49.20400292;18.75513079;388.8328;42.1352;24.0;0.6;285.675
1753873638.02;2.0;49.2040029;18.75513076;388.8329;42.1352;24.0;0.6;285.686
1753873638.03;2.0;49.20400288;18.75513073;388.8338;42.1352;24.0;0.6;285.629
1753873638.04;2.0;49.20400286;18.75513069;388.835;42.1352;24.0;0.6;285.584
1753873638.05;2.0;49.20400284;18.75513065;388.8353;42.1352;24.0;0.6;285.586
1753873638.06;2.0;49.20400282;18.75513062;388.8355;42.1352;24.0;0.6;285.591
1753873638.07;2.0;49.2040028;18.75513059;388.836;42.1352;24.0;0.6;285.619
1753873638.08;2.0;49.20400278;18.75513055;388.8368;42.1352;24.0;0.6;285.671
1753873638.09;2.0;49.20400276;18.75513052;388.8384;42.1352;24.0;0.6;285.716
1753873638.1;2.0;49.20400273;18.75513048;388.8396;42.1352;24.0;0.6;285.733
1753873638.11;2.0;49.20400271;18.75513044;388.8406;42.1352;24.0;0.6;285.74
1753873638.12;2.0;49.2040027;18.75513044;388.8407;42.1352;24.0;0.6;285.703
1753873638.13;2.0;49.20400268;18.75513043;388.841;42.1352;24.0;0.6;285.71
1753873638.14;2.0;49.20400266;18.75513041;388.8414;42.1352;24.0;0.6;285.711
1753873638.15;2.0;49.20400264;18.75513041;388.8416;42.1352;24.0;0.6;285.731
1753873638.16;2.0;49.20400262;18.7551304;388.8416;42.1352;24.0;0.6;285.728
1753873638.17;2.0;49.2040026;18.75513039;388.8414;42.1352;24.0;0.6;285.79
1753873638.18;2.0;49.20400258;18.75513038;388.8411;42.1352;24.0;0.6;285.835
1753873638.19;2.0;49.20400256;18.75513038;388.8405;42.1352;24.0;0.6;285.818
1753873638.2;2.0;49.20400254;18.75513038;388.84;42.1352;24.0;0.6;285.792
1753873638.21;2.0;49.20400252;18.75513037;388.8396;42.1352;24.0;0.6;285.793
1753873638.22;2.0;49.2040025;18.75513036;388.8389;42.1352;24.0;0.6;285.829
1753873638.23;2.0;49.20400248;18.75513035;388.8381;42.1352;24.0;0.6;285.864
1753873638.24;2.0;49.20400247;18.75513034;388.838;42.1352;24.0;0.6;285.83
1753873638.25;2.0;49.20400245;18.75513032;388.8384;42.1352;24.0;0.6;285.795
1753873638.26;2.0;49.20400243;18.7551303;388.8385;42.1352;24.0;0.6;285.756
1753873638.27;2.0;49.20400241;18.75513028;388.8388;42.1352;24.0;0.6;285.737
1753873638.28;2.0;49.20400239;18.75513026;388.8396;42.1352;24.0;0.6;285.709
1753873638.29;2.0;49.20400236;18.75513024;388.8404;42.1352;24.0;0.6;285.75
1753873638.3;2.0;49.20400234;18.75513021;388.841;42.1352;24.0;0.6;285.777
1753873638.31;2.0;49.20400232;18.75513019;388.8413;42.1352;24.0;0.6;285.715
1753873638.32;2.0;49.2040023;18.75513017;388.842;42.1352;24.0;0.6;285.686
1753873638.33;2.0;49.20400227;18.75513014;388.8426;42.1352;24.0;0.6;285.728
1753873638.34;2.0;49.20400225;18.75513011;388.8429;42.1352;24.0;0.6;285.756
1753873638.35;2.0;49.20400223;18.75513008;388.8431;42.1352;24.0;0.6;285.754
1753873638.36;2.0;49.20400221;18.75513005;388.8435;42.1352;24.0;0.6;285.772
1753873638.37;2.0;49.20400219;18.75513002;388.844;42.1352;24.0;0.6;285.752
1753873638.38;2.0;49.20400216;18.75512999;388.8443;42.1352;24.0;0.6;285.754
1753873638.39;2.0;49.20400214;18.75512995;388.8451;42.1352;24.0;0.6;285.731
1753873638.4;2.0;49.20400212;18.75512992;388.8458;42.1352;24.0;0.6;285.739
1753873638.41;2.0;49.2040021;18.75512988;388.8464;42.1352;24.0;0.6;285.767
1753873638.42;2.0;49.20400208;18.75512985;388.8474;42.1352;24.0;0.6;285.717
1753873638.43;2.0;49.20400205;18.7551298;388.8487;42.1352;24.0;0.6;285.643
1753873638.44;2.0;49.20400203;18.75512976;388.8501;42.1352;24.0;0.6;285.634
1753873638.45;2.0;49.20400201;18.75512972;388.8514;42.1352;24.0;0.6;285.664
1753873638.46;2.0;49.20400198;18.75512968;388.8524;42.1352;24.0;0.6;285.72
1753873638.47;2.0;49.20400196;18.75512965;388.8535;42.1352;24.0;0.6;285.777
1753873638.48;2.0;49.20400194;18.75512961;388.8546;42.1352;24.0;0.6;285.816
1753873638.49;2.0;49.20400191;18.75512957;388.8557;42.1352;24.0;0.6;285.825
1753873638.5;2.0;49.20400188;18.75512954;388.856;42.1352;24.0;0.6;285.815
1753873638.51;2.0;49.20400186;18.7551295;388.8568;42.1352;24.0;0.6;285.865
1753873638.52;2.0;49.20400184;18.75512946;388.8576;42.1352;24.0;0.6;285.898
1753873638.53;2.0;49.20400181;18.75512942;388.8589;42.1352;24.0;0.6;285.897
1753873638.54;2.0;49.20400179;18.75512939;388.8595;42.1352;24.0;0.6;285.889
1753873638.55;2.0;49.20400177;18.75512936;388.8599;42.1352;24.0;0.6;285.803
1753873638.56;2.0;49.20400174;18.75512932;388.8607;42.1352;24.0;0.6;285.703
1753873638.57;2.0;49.20400172;18.75512928;388.8613;42.1352;24.0;0.6;285.677
1753873638.58;2.0;49.2040017;18.75512925;388.8611;42.1352;24.0;0.6;285.713
1753873638.59;2.0;49.20400168;18.75512921;388.8615;42.1352;24.0;0.6;285.708
1753873638.6;2.0;49.20400165;18.75512917;388.8628;42.1352;24.0;0.6;285.684
1753873638.61;2.0;49.20400163;18.75512913;388.864;42.1352;25.0;0.6;285.667
1753873638.62;2.0;49.20400161;18.75512909;388.8648;42.1352;25.0;0.6;285.671
1753873638.63;2.0;49.20400158;18.75512906;388.8656;42.1352;25.0;0.6;285.669
1753873638.64;2.0;49.20400156;18.75512902;388.8663;42.1352;25.0;0.6;285.638
1753873638.65;2.0;49.20400154;18.75512899;388.8665;42.1352;25.0;0.6;285.667
1753873638.66;2.0;49.20400151;18.75512894;388.8674;42.1352;25.0;0.6;285.727
1753873638.67;2.0;49.20400149;18.75512891;388.868;42.1352;25.0;0.6;285.757
1753873638.68;2.0;49.20400147;18.75512888;388.8684;42.1352;25.0;0.6;285.809
1753873638.69;2.0;49.20400145;18.75512884;388.8687;42.1352;25.0;0.6;285.822
1753873638.7;2.0;49.20400142;18.7551288;388.8697;42.1352;25.0;0.6;285.854
1753873638.71;2.0;49.2040014;18.75512877;388.8706;42.1352;25.0;0.6;285.822
1753873638.72;2.0;49.20400138;18.75512874;388.8715;42.1352;25.0;0.6;285.775
1753873638.73;2.0;49.20400136;18.7551287;388.8718;42.1352;25.0;0.6;285.755
1753873638.74;2.0;49.20400134;18.75512867;388.8718;42.1352;25.0;0.6;285.74
1753873638.75;2.0;49.20400133;18.75512863;388.872;42.1352;25.0;0.6;285.759
1753873638.76;2.0;49.20400131;18.7551286;388.8725;42.1352;25.0;0.6;285.78
1753873638.77;2.0;49.20400129;18.75512857;388.8736;42.1352;25.0;0.6;285.758
1753873638.78;2.0;49.20400127;18.75512853;388.874;42.1352;25.0;0.6;285.73
1753873638.79;2.0;49.20400126;18.7551285;388.8745;42.1352;25.0;0.6;285.727
1753873638.8;2.0;49.20400124;18.75512846;388.8755;42.1352;25.0;0.6;285.721
1753873638.81;2.0;49.20400122;18.75512842;388.8766;42.1352;25.0;0.6;285.689
1753873638.82;2.0;49.20400121;18.75512839;388.8772;42.1352;25.0;0.6;285.672
1753873638.83;2.0;49.20400119;18.75512836;388.8775;42.1352;25.0;0.6;285.576
1753873638.84;2.0;49.20400118;18.75512832;388.8779;42.1352;25.0;0.6;285.551
1753873638.85;2.0;49.20400116;18.75512829;388.8784;42.1352;25.0;0.6;285.518
1753873638.86;2.0;49.20400115;18.75512825;388.8791;42.1352;25.0;0.6;285.446
1753873638.87;2.0;49.20400113;18.75512821;388.8803;42.1352;25.0;0.6;285.381
1753873638.88;2.0;49.20400111;18.75512817;388.8814;42.1352;25.0;0.6;285.334
1753873638.89;2.0;49.2040011;18.75512814;388.8823;42.1352;25.0;0.6;285.299
1753873638.9;2.0;49.20400108;18.75512811;388.8828;42.1352;25.0;0.6;285.245
1753873638.91;2.0;49.20400106;18.75512807;388.8836;42.1352;25.0;0.6;285.239
1753873638.92;2.0;49.20400105;18.75512803;388.8838;42.1352;25.0;0.6;285.191
1753873638.93;2.0;49.20400103;18.755128;388.884;42.1352;25.0;0.6;285.134
1753873638.94;2.0;49.20400102;18.75512797;388.8843;42.1352;25.0;0.6;285.112
1753873638.95;2.0;49.204001;18.75512794;388.8852;42.1352;25.0;0.6;285.133
1753873638.96;2.0;49.20400098;18.7551279;388.8859;42.1352;25.0;0.6;285.14
1753873638.97;2.0;49.20400097;18.75512787;388.886;42.1352;25.0;0.6;285.077
1753873638.98;2.0;49.20400096;18.75512785;388.8857;42.1352;25.0;0.6;285.06
1753873638.99;2.0;49.20400094;18.75512782;388.8856;42.1352;25.0;0.6;285.062
1753873639.0;2.0;49.20400093;18.75512778;388.8863;42.1352;25.0;0.6;285.125
1753873639.01;2.0;49.20400091;18.75512775;388.8869;42.1352;25.0;0.6;285.172
1753873639.02;2.0;49.20400089;18.75512772;388.8874;42.1352;25.0;0.6;285.21
1753873639.03;2.0;49.20400088;18.75512769;388.8877;42.1352;25.0;0.6;285.212
1753873639.04;2.0;49.20400087;18.75512767;388.8876;42.1352;25.0;0.6;285.176
1753873639.05;2.0;49.20400085;18.75512763;388.8879;42.1352;25.0;0.6;285.146
1753873639.06;2.0;49.20400084;18.7551276;388.8875;42.1352;25.0;0.6;285.187
1753873639.07;2.0;49.20400083;18.75512756;388.8877;42.1352;24.0;0.6;285.209
1753873639.08;2.0;49.20400081;18.75512753;388.8883;42.1352;24.0;0.6;285.176
1753873639.09;2.0;49.20400079;18.75512749;388.889;42.1352;24.0;0.6;285.21
1753873639.1;2.0;49.20400078;18.75512746;388.8894;42.1352;24.0;0.6;285.265
1753873639.11;2.0;49.20400076;18.75512743;388.8893;42.1352;24.0;0.6;285.311
1753873639.12;2.0;49.20400075;18.75512739;388.8886;42.1352;24.0;0.6;285.355
1753873639.13;2.0;49.20400073;18.75512736;388.8887;42.1352;24.0;0.6;285.395
1753873639.14;2.0;49.20400071;18.75512733;388.8893;42.1352;24.0;0.6;285.399
1753873639.15;2.0;49.2040007;18.7551273;388.89;42.1352;24.0;0.6;285.421
1753873639.16;2.0;49.20400069;18.75512726;388.8906;42.1352;24.0;0.6;285.378
1753873639.17;2.0;49.20400068;18.75512723;388.8904;42.1352;24.0;0.6;285.378
1753873639.18;2.0;49.20400066;18.7551272;388.89;42.1352;24.0;0.6;285.345
1753873639.19;2.0;49.20400065;18.75512717;388.8898;42.1352;24.0;0.6;285.362
1753873639.2;2.0;49.20400064;18.75512713;388.8906;42.1352;24.0;0.6;285.398
1753873639.21;2.0;49.20400062;18.7551271;388.8908;42.1352;24.0;0.6;285.404
1753873639.22;2.0;49.20400061;18.75512707;388.8904;42.1352;24.0;0.6;285.392
1753873639.23;2.0;49.2040006;18.75512704;388.8902;42.1352;24.0;0.6;285.441
1753873639.24;2.0;49.2040006;18.75512701;388.8898;42.1352;24.0;0.6;285.546
1753873639.25;2.0;49.20400059;18.75512698;388.8897;42.1352;24.0;0.6;285.618
1753873639.26;2.0;49.20400058;18.75512696;388.8899;42.1352;24.0;0.6;285.638
1753873639.27;2.0;49.20400057;18.75512693;388.8901;42.1352;24.0;0.6;285.641
1753873639.28;2.0;49.20400056;18.7551269;388.8906;42.1352;24.0;0.6;285.654
1753873639.29;2.0;49.20400055;18.75512687;388.8911;42.1352;24.0;0.6;285.676
1753873639.3;2.0;49.20400054;18.75512684;388.8918;42.1352;24.0;0.6;285.682
1753873639.31;2.0;49.20400053;18.75512681;388.8924;42.1352;24.0;0.6;285.698
1753873639.32;2.0;49.20400053;18.75512678;388.8927;42.1352;24.0;0.6;285.733
1753873639.33;2.0;49.20400052;18.75512675;388.8933;42.1352;24.0;0.6;285.798
1753873639.34;2.0;49.20400051;18.75512673;388.8935;42.1352;24.0;0.6;285.843
1753873639.35;2.0;49.2040005;18.7551267;388.8936;42.1352;24.0;0.6;285.874
1753873639.36;2.0;49.2040005;18.75512667;388.894;42.1352;24.0;0.6;285.857
1753873639.37;2.0;49.20400049;18.75512664;388.8944;42.1352;24.0;0.6;285.796
1753873639.38;2.0;49.20400048;18.75512662;388.8945;42.1352;24.0;0.6;285.741
1753873639.39;2.0;49.20400048;18.75512659;388.8946;42.1352;24.0;0.6;285.767
1753873639.4;2.0;49.20400047;18.75512657;388.8954;42.1352;24.0;0.6;285.775
1753873639.41;2.0;49.20400046;18.75512653;388.8963;42.1352;24.0;0.6;285.769
1753873639.42;2.0;49.20400045;18.7551265;388.897;42.1352;24.0;0.6;285.758
1753873639.43;2.0;49.20400045;18.75512648;388.8972;42.1352;24.0;0.6;285.741
1753873639.44;2.0;49.20400044;18.75512645;388.8977;42.1352;24.0;0.6;285.708
1753873639.45;2.0;49.20400043;18.75512643;388.8975;42.1352;24.0;0.6;285.665
1753873639.46;2.0;49.20400042;18.7551264;388.8974;42.1352;24.0;0.6;285.585
1753873639.47;2.0;49.20400042;18.75512638;388.8977;42.1352;24.0;0.6;285.562
1753873639.48;2.0;49.20400041;18.75512636;388.8982;42.1352;24.0;0.6;285.501
1753873639.49;2.0;49.20400041;18.75512634;388.8985;42.1352;24.0;0.6;285.493
1753873639.5;2.0;49.2040004;18.75512631;388.8994;42.1352;24.0;0.6;285.442
1753873639.51;2.0;49.20400039;18.75512628;388.8996;42.1352;24.0;0.6;285.411
1753873639.52;2.0;49.20400038;18.75512626;388.9001;42.1352;24.0;0.6;285.389
1753873639.53;2.0;49.20400038;18.75512623;388.901;42.1352;24.0;0.6;285.336
1753873639.54;2.0;49.20400037;18.7551262;388.9012;42.1352;24.0;0.6;285.305
1753873639.55;2.0;49.20400037;18.75512619;388.9012;42.1352;24.0;0.6;285.299
1753873639.56;2.0;49.20400036;18.75512616;388.9014;42.1352;24.0;0.6;285.311
1753873639.57;2.0;49.20400035;18.75512614;388.9019;42.1352;24.0;0.6;285.302
1753873639.58;2.0;49.20400035;18.75512611;388.9025;42.1352;24.0;0.6;285.244
1753873639.59;2.0;49.20400034;18.75512608;388.9029;42.1352;24.0;0.6;285.292
1753873639.6;2.0;49.20400034;18.75512606;388.9032;42.1352;24.0;0.6;285.316
1753873639.61;2.0;49.20400034;18.75512603;388.9033;42.1352;24.0;0.6;285.358
1753873639.62;2.0;49.20400033;18.755126;388.9038;42.1352;24.0;0.6;285.316
1753873639.63;2.0;49.20400032;18.75512598;388.9043;42.1352;24.0;0.6;285.263
1753873639.64;2.0;49.20400032;18.75512595;388.9041;42.1352;24.0;0.6;285.288
1753873639.65;2.0;49.20400031;18.75512593;388.904;42.1352;24.0;0.6;285.322
1753873639.66;2.0;49.20400031;18.7551259;388.9046;42.1352;24.0;0.6;285.323
1753873639.67;2.0;49.20400031;18.75512588;388.9054;42.1352;24.0;0.6;285.309
1753873639.68;2.0;49.2040003;18.75512584;388.906;42.1352;24.0;0.6;285.279
1753873639.69;2.0;49.20400029;18.75512582;388.9064;42.1352;24.0;0.6;285.217
1753873639.7;2.0;49.20400029;18.75512579;388.9068;42.1352;24.0;0.6;285.172
1753873639.71;2.0;49.20400028;18.75512576;388.9073;42.1352;24.0;0.6;285.143
1753873639.72;2.0;49.20400027;18.75512574;388.9072;42.1352;24.0;0.6;285.204
1753873639.73;2.0;49.20400027;18.75512572;388.9068;42.1352;24.0;0.6;285.249
1753873639.74;2.0;49.20400026;18.75512569;388.9063;42.1352;24.0;0.6;285.302
1753873639.75;2.0;49.20400026;18.75512567;388.9059;42.1352;24.0;0.6;285.349
1753873639.76;2.0;49.20400025;18.75512564;388.9056;42.1352;24.0;0.6;285.453
1753873639.77;2.0;49.20400025;18.75512562;388.9057;42.1352;24.0;0.6;285.541
1753873639.78;2.0;49.20400025;18.7551256;388.9062;42.1352;24.0;0.6;285.598
1753873639.79;2.0;49.20400024;18.75512558;388.9062;42.1352;24.0;0.6;285.606
1753873639.8;2.0;49.20400024;18.75512556;388.906;42.1352;24.0;0.6;285.582
1753873639.81;2.0;49.20400023;18.75512553;388.906;42.1352;24.0;0.6;285.595
1753873639.82;2.0;49.20400023;18.75512551;388.9058;42.1352;24.0;0.6;285.619
1753873639.83;2.0;49.20400023;18.7551255;388.9053;42.1352;24.0;0.6;285.624
1753873639.84;2.0;49.20400022;18.75512548;388.9048;42.1352;24.0;0.6;285.682
1753873639.85;2.0;49.20400022;18.75512546;388.9042;42.1352;24.0;0.6;285.693
1753873639.86;2.0;49.20400022;18.75512545;388.9036;42.1352;24.0;0.6;285.682
1753873639.87;2.0;49.20400022;18.75512543;388.9035;42.1352;24.0;0.6;285.589
1753873639.88;2.0;49.20400021;18.75512541;388.9033;42.1352;24.0;0.6;285.562
1753873639.89;2.0;49.20400021;18.75512539;388.903;42.1352;24.0;0.6;285.612
1753873639.9;2.0;49.20400021;18.75512537;388.9021;42.1352;24.0;0.6;285.61
1753873639.91;2.0;49.2040002;18.75512535;388.9019;42.1352;24.0;0.6;285.573
1753873639.92;2.0;49.2040002;18.75512533;388.9018;42.1352;24.0;0.6;285.56
1753873639.93;2.0;49.2040002;18.75512531;388.9013;42.1352;24.0;0.6;285.556
1753873639.94;2.0;49.20400019;18.75512529;388.9011;42.1352;24.0;0.6;285.594
1753873639.95;2.0;49.20400019;18.75512526;388.9016;42.1352;24.0;0.6;285.625
1753873639.96;2.0;49.20400019;18.75512524;388.9015;42.1352;24.0;0.6;285.624
1753873639.97;2.0;49.20400018;18.75512523;388.9012;42.1352;24.0;0.6;285.626
1753873639.98;2.0;49.20400018;18.7551252;388.9012;42.1352;24.0;0.6;285.613
1753873639.99;2.0;49.20400017;18.75512518;388.9016;42.1352;24.0;0.6;285.596
1753873640.0;2.0;49.20400017;18.75512516;388.9015;42.1352;24.0;0.6;285.539
1753873640.01;2.0;49.20400017;18.75512514;388.901;42.1352;24.0;0.6;285.5
1753873640.02;2.0;49.20400016;18.75512512;388.9003;42.1352;24.0;0.6;285.508
1753873640.03;2.0;49.20400016;18.75512511;388.9004;42.1352;24.0;0.6;285.565
1753873640.04;2.0;49.20400016;18.75512509;388.9009;42.1352;24.0;0.6;285.63
1753873640.05;2.0;49.20400015;18.75512507;388.9015;42.1352;24.0;0.6;285.599
1753873640.06;2.0;49.20400014;18.75512504;388.9017;42.1352;24.0;0.6;285.587
1753873640.07;2.0;49.20400014;18.75512502;388.9018;42.1352;24.0;0.6;285.593
1753873640.08;2.0;49.20400014;18.755125;388.9021;42.1352;24.0;0.6;285.639
1753873640.09;2.0;49.20400013;18.75512498;388.9023;42.1352;24.0;0.6;285.673
1753873640.1;2.0;49.20400013;18.75512497;388.9025;42.1352;24.0;0.6;285.647
1753873640.11;2.0;49.20400013;18.75512495;388.9019;42.1352;24.0;0.6;285.611
1753873640.12;2.0;49.20400013;18.75512494;388.902;42.1352;24.0;0.6;285.568
1753873640.13;2.0;49.20400013;18.75512492;388.9023;42.1352;24.0;0.6;285.55
1753873640.14;2.0;49.20400012;18.7551249;388.9023;42.1352;24.0;0.6;285.539
1753873640.15;2.0;49.20400011;18.75512488;388.9027;42.1352;24.0;0.6;285.519
1753873640.16;2.0;49.20400011;18.75512487;388.9028;42.1352;24.0;0.6;285.529
1753873640.17;2.0;49.2040001;18.75512485;388.9026;42.1352;24.0;0.6;285.518
1753873640.18;2.0;49.2040001;18.75512483;388.9027;42.1352;24.0;0.6;285.471
1753873640.19;2.0;49.20400009;18.75512482;388.903;42.1352;24.0;0.6;285.488
1753873640.2;2.0;49.20400009;18.7551248;388.9034;42.1352;24.0;0.6;285.498
1753873640.21;2.0;49.20400009;18.75512478;388.904;42.1352;24.0;0.6;285.519
1753873640.22;2.0;49.20400009;18.75512476;388.9042;42.1352;24.0;0.6;285.515
1753873640.23;2.0;49.20400009;18.75512474;388.9047;42.1352;24.0;0.6;285.523
1753873640.24;2.0;49.20400008;18.75512473;388.9049;42.1352;24.0;0.6;285.547
1753873640.25;2.0;49.20400008;18.75512471;388.9051;42.1352;24.0;0.6;285.568
1753873640.26;2.0;49.20400008;18.75512469;388.9055;42.1352;24.0;0.6;285.552
1753873640.27;2.0;49.20400007;18.75512467;388.9063;42.1352;24.0;0.6;285.513
1753873640.28;2.0;49.20400007;18.75512466;388.9063;42.1352;24.0;0.6;285.491
1753873640.29;2.0;49.20400007;18.75512465;388.9054;42.1352;24.0;0.6;285.507
1753873640.3;2.0;49.20400007;18.75512463;388.9049;42.1352;24.0;0.6;285.544
1753873640.31;2.0;49.20400007;18.75512462;388.905;42.1352;24.0;0.6;285.573
1753873640.32;2.0;49.20400006;18.7551246;388.9054;42.1352;24.0;0.6;285.575
1753873640.33;2.0;49.20400006;18.75512458;388.9056;42.1352;24.0;0.6;285.564
1753873640.34;2.0;49.20400005;18.75512456;388.9057;42.1352;24.0;0.6;285.562
1753873640.35;2.0;49.20400005;18.75512455;388.9063;42.1352;24.0;0.6;285.545
1753873640.36;2.0;49.20400005;18.75512453;388.9059;42.1352;24.0;0.6;285.538
1753873640.37;2.0;49.20400005;18.75512451;388.906;42.1352;24.0;0.6;285.509
1753873640.38;2.0;49.20400005;18.7551245;388.9062;42.1352;24.0;0.6;285.478
1753873640.39;2.0;49.20400005;18.75512448;388.907;42.1352;24.0;0.6;285.464
1753873640.4;2.0;49.20400004;18.75512447;388.9075;42.1352;24.0;0.6;285.432
1753873640.41;2.0;49.20400003;18.75512445;388.9079;42.1352;24.0;0.6;285.414
1753873640.42;2.0;49.20400003;18.75512444;388.908;42.1352;24.0;0.6;285.392
1753873640.43;2.0;49.20400003;18.75512442;388.9083;42.1352;24.0;0.6;285.357
1753873640.44;2.0;49.20400003;18.75512441;388.9087;42.1352;24.0;0.6;285.338
1753873640.45;2.0;49.20400003;18.75512439;388.9092;42.1352;24.0;0.6;285.25
1753873640.46;2.0;49.20400003;18.75512437;388.9093;42.1352;24.0;0.6;285.14
1753873640.47;2.0;49.20400003;18.75512435;388.9095;42.1352;24.0;0.6;285.104
1753873640.48;2.0;49.20400003;18.75512434;388.91;42.1352;24.0;0.6;285.09
1753873640.49;2.0;49.20400002;18.75512433;388.9105;42.1352;24.0;0.6;285.102
1753873640.5;2.0;49.20400002;18.75512431;388.9108;42.1352;24.0;0.6;285.115
1753873640.51;2.0;49.20400002;18.7551243;388.9107;42.1352;24.0;0.6;285.145
1753873640.52;2.0;49.20400002;18.75512428;388.9107;42.1352;24.0;0.6;285.145
1753873640.53;2.0;49.20400002;18.75512427;388.9105;42.1352;24.0;0.6;285.126
1753873640.54;2.0;49.20400001;18.75512426;388.9104;42.1352;24.0;0.6;285.104
1753873640.55;2.0;49.20400001;18.75512424;388.9103;42.1352;24.0;0.6;285.065
1753873640.56;2.0;49.20399999;18.75512423;388.9104;42.1352;24.0;0.6;285.079
1753873640.57;2.0;49.20399998;18.75512423;388.9106;42.1352;24.0;0.6;285.06
1753873640.58;2.0;49.20399996;18.75512422;388.9105;42.1352;24.0;0.6;285.032
1753873640.59;2.0;49.20399994;18.75512422;388.9108;42.1352;24.0;0.6;285.043
1753873640.6;2.0;49.20399992;18.75512421;388.9109;42.1352;24.0;0.6;285.13
1753873640.61;2.0;49.20399991;18.7551242;388.9112;42.1352;24.0;0.6;285.133
1753873640.62;2.0;49.20399989;18.7551242;388.9117;42.1352;24.0;0.6;285.089
1753873640.63;2.0;49.20399987;18.75512419;388.9122;42.1352;24.0;0.6;285.058
1753873640.64;2.0;49.20399986;18.75512418;388.9124;42.1352;25.0;0.6;285.012
1753873640.65;2.0;49.20399984;18.75512417;388.9117;42.1352;25.0;0.6;285.001
1753873640.66;2.0;49.20399983;18.75512417;388.9112;42.1352;25.0;0.6;284.962
1753873640.67;2.0;49.20399982;18.75512417;388.9108;42.1352;25.0;0.6;284.871
1753873640.68;2.0;49.2039998;18.75512416;388.911;42.1352;25.0;0.6;284.875
1753873640.69;2.0;49.20399979;18.75512415;388.9114;42.1352;25.0;0.6;284.836
1753873640.7;2.0;49.20399978;18.75512414;388.9119;42.1352;25.0;0.6;284.842
1753873640.71;2.0;49.20399976;18.75512413;388.9118;42.1352;25.0;0.6;284.776
1753873640.72;2.0;49.20399976;18.75512412;388.9116;42.1352;25.0;0.6;284.738
1753873640.73;2.0;49.20399975;18.75512411;388.9115;42.1352;25.0;0.6;284.674
1753873640.74;2.0;49.20399973;18.7551241;388.9116;42.1352;25.0;0.6;284.682
1753873640.75;2.0;49.20399973;18.75512409;388.9114;42.1352;25.0;0.6;284.694
1753873640.76;2.0;49.20399972;18.75512408;388.9114;42.1352;25.0;0.6;284.724
1753873640.77;2.0;49.20399971;18.75512407;388.9113;42.1352;25.0;0.6;284.75
1753873640.78;2.0;49.2039997;18.75512406;388.9114;42.1352;25.0;0.6;284.818
1753873640.79;2.0;49.20399969;18.75512405;388.9114;42.1352;25.0;0.6;284.867
1753873640.8;2.0;49.20399968;18.75512404;388.9119;42.1352;25.0;0.6;284.89
1753873640.81;2.0;49.20399967;18.75512402;388.9126;42.1352;25.0;0.6;284.897
1753873640.82;2.0;49.20399967;18.75512401;388.9132;42.1352;25.0;0.6;284.861
1753873640.83;2.0;49.20399966;18.75512399;388.914;42.1352;25.0;0.6;284.784
1753873640.84;2.0;49.20399965;18.75512398;388.9146;42.1352;25.0;0.6;284.779
1753873640.85;2.0;49.20399965;18.75512397;388.915;42.1352;25.0;0.6;284.841
1753873640.86;2.0;49.20399964;18.75512395;388.9151;42.1352;25.0;0.6;284.877
1753873640.87;2.0;49.20399964;18.75512394;388.9152;42.1352;25.0;0.6;284.849
1753873640.88;2.0;49.20399964;18.75512392;388.9156;42.1352;25.0;0.6;284.797
1753873640.89;2.0;49.20399963;18.7551239;388.9161;42.1352;25.0;0.6;284.809
1753873640.9;2.0;49.20399963;18.75512388;388.9167;42.1352;25.0;0.6;284.911
1753873640.91;2.0;49.20399963;18.75512386;388.9172;42.1352;25.0;0.6;284.987
1753873640.92;2.0;49.20399963;18.75512384;388.918;42.1352;25.0;0.6;285.092
1753873640.93;2.0;49.20399963;18.75512382;388.9191;42.1352;25.0;0.6;285.096
1753873640.94;2.0;49.20399963;18.7551238;388.92;42.1352;25.0;0.6;285.101
1753873640.95;2.0;49.20399963;18.75512378;388.9207;42.1352;25.0;0.6;285.138
1753873640.96;2.0;49.20399963;18.75512376;388.9213;42.1352;25.0;0.6;285.123
1753873640.97;2.0;49.20399963;18.75512374;388.9221;42.1352;25.0;0.6;285.098
1753873640.98;2.0;49.20399963;18.75512372;388.9229;42.1352;25.0;0.6;285.125
1753873640.99;2.0;49.20399963;18.75512369;388.9242;42.1352;25.0;0.6;285.152
1753873641.0;2.0;49.20399963;18.75512367;388.9253;42.1352;25.0;0.6;285.134
1753873641.01;2.0;49.20399964;18.75512365;388.9263;42.1352;25.0;0.6;285.116
1753873641.02;2.0;49.20399964;18.75512362;388.9269;42.1352;25.0;0.6;285.111
1753873641.03;2.0;49.20399964;18.75512361;388.9275;42.1352;25.0;0.6;285.09
1753873641.04;2.0;49.20399964;18.75512359;388.9279;42.1352;25.0;0.6;285.061
1753873641.05;2.0;49.20399965;18.75512357;388.9283;42.1352;25.0;0.6;285.036
1753873641.06;2.0;49.20399965;18.75512355;388.929;42.1352;25.0;0.6;285.031
1753873641.07;2.0;49.20399965;18.75512353;388.9299;42.1352;25.0;0.6;285.061
1753873641.08;2.0;49.20399965;18.75512351;388.9309;42.1352;25.0;0.6;285.098
1753873641.09;2.0;49.20399965;18.75512349;388.9323;42.1352;25.0;0.6;285.11
1753873641.1;2.0;49.20399966;18.75512347;388.9333;42.1352;25.0;0.6;285.126
1753873641.11;2.0;49.20399966;18.75512345;388.9339;42.1352;25.0;0.6;285.155
1753873641.12;2.0;49.20399966;18.75512344;388.9347;42.1352;24.0;0.6;285.221
1753873641.13;2.0;49.20399967;18.75512342;388.9352;42.1352;24.0;0.6;285.231
1753873641.14;2.0;49.20399967;18.75512339;388.9364;42.1352;24.0;0.6;285.2
1753873641.15;2.0;49.20399967;18.75512338;388.9372;42.1352;24.0;0.6;285.137
1753873641.16;2.0;49.20399968;18.75512336;388.9377;42.1352;24.0;0.6;285.134
1753873641.17;2.0;49.20399968;18.75512334;388.9388;42.1352;24.0;0.6;285.199
1753873641.18;2.0;49.20399968;18.75512332;388.9398;42.1352;24.0;0.6;285.191
1753873641.19;2.0;49.20399968;18.75512331;388.9407;42.1352;24.0;0.6;285.138
1753873641.2;2.0;49.20399968;18.75512329;388.9416;42.1352;24.0;0.6;285.084
1753873641.21;2.0;49.20399969;18.75512328;388.9425;42.1352;24.0;0.6;285.062
1753873641.22;2.0;49.20399969;18.75512326;388.9437;42.1352;24.0;0.6;285.071
1753873641.23;2.0;49.20399969;18.75512324;388.9443;42.1352;24.0;0.6;285.012
1753873641.24;2.0;49.2039997;18.75512322;388.9447;42.1352;24.0;0.6;285.008
1753873641.25;2.0;49.2039997;18.75512321;388.9449;42.1352;24.0;0.6;285.008
1753873641.26;2.0;49.2039997;18.7551232;388.9456;42.1352;24.0;0.6;284.982
1753873641.27;2.0;49.2039997;18.75512319;388.946;42.1352;24.0;0.6;285.023
1753873641.28;2.0;49.2039997;18.75512318;388.9466;42.1352;24.0;0.6;285.094
1753873641.29;2.0;49.2039997;18.75512317;388.9473;42.1352;24.0;0.6;285.079
1753873641.3;2.0;49.2039997;18.75512315;388.9479;42.1352;24.0;0.6;285.1
1753873641.31;2.0;49.2039997;18.75512314;388.948;42.1352;24.0;0.6;285.128
1753873641.32;2.0;49.2039997;18.75512313;388.9484;42.1352;24.0;0.6;285.133
1753873641.33;2.0;49.2039997;18.75512311;388.9491;42.1352;24.0;0.6;285.159
1753873641.34;2.0;49.2039997;18.7551231;388.9499;42.1352;24.0;0.6;285.154
1753873641.35;2.0;49.2039997;18.75512309;388.9503;42.1352;24.0;0.6;285.116
1753873641.36;2.0;49.2039997;18.75512308;388.9506;42.1352;24.0;0.6;285.125
1753873641.37;2.0;49.2039997;18.75512306;388.9505;42.1352;24.0;0.6;285.139
1753873641.38;2.0;49.20399969;18.75512305;388.9506;42.1352;24.0;0.6;285.139
1753873641.39;2.0;49.2039997;18.75512304;388.9507;42.1352;24.0;0.6;285.129
1753873641.4;2.0;49.2039997;18.75512303;388.9509;42.1352;24.0;0.6;285.068
1753873641.41;2.0;49.2039997;18.75512302;388.9511;42.1352;24.0;0.6;284.995
1753873641.42;2.0;49.20399969;18.755123;388.9511;42.1352;24.0;0.6;285.02
1753873641.43;2.0;49.20399969;18.75512298;388.9519;42.1352;24.0;0.6;285.074
1753873641.44;2.0;49.20399968;18.75512297;388.9528;42.1352;24.0;0.6;285.134
1753873641.45;2.0;49.20399968;18.75512295;388.9535;42.1352;24.0;0.6;285.208
1753873641.46;2.0;49.20399968;18.75512294;388.9542;42.1352;24.0;0.6;285.21
1753873641.47;2.0;49.20399968;18.75512293;388.9551;42.1352;24.0;0.6;285.175
1753873641.48;2.0;49.20399968;18.75512291;388.9562;42.1352;24.0;0.6;285.204
1753873641.49;2.0;49.20399968;18.7551229;388.9569;42.1352;24.0;0.6;285.2
1753873641.5;2.0;49.20399968;18.75512288;388.9575;42.1352;24.0;0.6;285.158
1753873641.51;2.0;49.20399968;18.75512287;388.9577;42.1352;24.0;0.6;285.17
1753873641.52;2.0;49.20399968;18.75512286;388.9582;42.1352;24.0;0.6;285.192
1753873641.53;2.0;49.20399968;18.75512285;388.9587;42.1352;24.0;0.6;285.187
1753873641.54;2.0;49.20399968;18.75512284;388.9594;42.1352;24.0;0.6;285.196
1753873641.55;2.0;49.20399967;18.75512283;388.9606;42.1352;24.0;0.6;285.15
1753873641.56;2.0;49.20399966;18.75512282;388.9615;42.1352;24.0;0.6;285.152
1753873641.57;2.0;49.20399966;18.75512281;388.9623;42.1352;24.0;0.6;285.16
1753873641.58;2.0;49.20399966;18.75512279;388.9633;42.1352;24.0;0.6;285.157
1753873641.59;2.0;49.20399965;18.75512278;388.9641;42.1352;24.0;0.6;285.219
1753873641.6;2.0;49.20399965;18.75512277;388.9644;42.1352;24.0;0.6;285.221
1753873641.61;2.0;49.20399965;18.75512275;388.9645;42.1352;24.0;0.6;285.186
1753873641.62;2.0;49.20399963;18.75512275;388.9641;42.1352;24.0;0.6;285.118
1753873641.63;2.0;49.20399961;18.75512275;388.9642;42.1352;25.0;0.6;285.095
1753873641.64;2.0;49.20399959;18.75512274;388.9642;42.1352;25.0;0.6;285.067
1753873641.65;2.0;49.20399958;18.75512273;388.964;42.1352;25.0;0.6;285.062
1753873641.66;2.0;49.20399956;18.75512272;388.9645;42.1352;25.0;0.6;285.073
1753873641.67;2.0;49.20399954;18.75512271;388.965;42.1352;25.0;0.6;285.079
1753873641.68;2.0;49.20399953;18.75512271;388.9645;42.1352;25.0;0.6;285.052
1753873641.69;2.0;49.20399951;18.7551227;388.964;42.1352;25.0;0.6;285.027
1753873641.7;2.0;49.2039995;18.75512269;388.9637;42.1352;25.0;0.6;284.992
1753873641.71;2.0;49.20399948;18.75512268;388.9641;42.1352;25.0;0.6;284.949
1753873641.72;2.0;49.20399947;18.75512267;388.9647;42.1352;25.0;0.6;284.98
1753873641.73;2.0;49.20399946;18.75512265;388.965;42.1352;25.0;0.6;285.033
1753873641.74;2.0;49.20399945;18.75512264;388.965;42.1352;25.0;0.6;285.086
1753873641.75;2.0;49.20399944;18.75512262;388.965;42.1352;25.0;0.6;285.104
1753873641.76;2.0;49.20399943;18.75512261;388.9654;42.1352;25.0;0.6;285.114
1753873641.77;2.0;49.20399942;18.75512259;388.9655;42.1352;25.0;0.6;285.162
1753873641.78;2.0;49.20399941;18.75512258;388.966;42.1352;25.0;0.6;285.218
1753873641.79;2.0;49.2039994;18.75512256;388.9665;42.1352;25.0;0.6;285.226
1753873641.8;2.0;49.2039994;18.75512254;388.9664;42.1352;25.0;0.6;285.259
1753873641.81;2.0;49.20399939;18.75512253;388.9666;42.1352;25.0;0.6;285.279
1753873641.82;2.0;49.20399939;18.75512251;388.967;42.1352;25.0;0.6;285.267
1753873641.83;2.0;49.20399939;18.7551225;388.9671;42.1352;25.0;0.6;285.285
1753873641.84;2.0;49.20399938;18.75512248;388.9675;42.1352;25.0;0.6;285.337
1753873641.85;2.0;49.20399938;18.75512246;388.9681;42.1352;25.0;0.6;285.39
1753873641.86;2.0;49.20399938;18.75512245;388.9679;42.1352;25.0;0.6;285.458
1753873641.87;2.0;49.20399937;18.75512243;388.9679;42.1352;25.0;0.6;285.509
1753873641.88;2.0;49.20399937;18.75512242;388.9685;42.1352;25.0;0.6;285.547
1753873641.89;2.0;49.20399937;18.7551224;388.9691;42.1352;25.0;0.6;285.536
1753873641.9;2.0;49.20399937;18.75512239;388.9695;42.1352;25.0;0.6;285.515
1753873641.91;2.0;49.20399937;18.75512237;388.9701;42.1352;25.0;0.6;285.518
1753873641.92;2.0;49.20399937;18.75512236;388.9708;42.1352;25.0;0.6;285.483
1753873641.93;2.0;49.20399938;18.75512234;388.9715;42.1352;25.0;0.6;285.468
1753873641.94;2.0;49.20399938;18.75512233;388.9722;42.1352;25.0;0.6;285.449
1753873641.95;2.0;49.20399938;18.75512232;388.9723;42.1352;25.0;0.6;285.442
1753873641.96;2.0;49.20399938;18.75512231;388.9723;42.1352;25.0;0.6;285.409
1753873641.97;2.0;49.20399939;18.75512229;388.9723;42.1352;25.0;0.6;285.372
1753873641.98;2.0;49.20399939;18.75512228;388.9723;42.1352;25.0;0.6;285.367
1753873641.99;2.0;49.20399939;18.75512227;388.9726;42.1352;25.0;0.6;285.363
1753873642.0;2.0;49.2039994;18.75512226;388.9728;42.1352;25.0;0.6;285.38
1753873642.01;2.0;49.2039994;18.75512224;388.9738;42.1352;25.0;0.6;285.376
1753873642.02;2.0;49.2039994;18.75512223;388.9747;42.1352;25.0;0.6;285.407
1753873642.03;2.0;49.2039994;18.75512221;388.9758;42.1352;25.0;0.6;285.489
1753873642.04;2.0;49.2039994;18.75512219;388.9769;42.1352;25.0;0.6;285.55
1753873642.05;2.0;49.2039994;18.75512217;388.9777;42.1352;25.0;0.6;285.582
1753873642.06;2.0;49.2039994;18.75512215;388.9789;42.1352;25.0;0.6;285.59
1753873642.07;2.0;49.2039994;18.75512214;388.9801;42.1352;24.0;0.7;285.612
1753873642.08;2.0;49.2039994;18.75512212;388.9815;42.1352;24.0;0.7;285.615
1753873642.09;2.0;49.2039994;18.7551221;388.983;42.1352;24.0;0.7;285.658
1753873642.1;2.0;49.20399941;18.75512208;388.984;42.1352;24.0;0.7;285.683
1753873642.11;2.0;49.20399941;18.75512207;388.9846;42.1352;24.0;0.7;285.634
1753873642.12;2.0;49.20399941;18.75512205;388.9848;42.1352;24.0;0.7;285.623
1753873642.13;2.0;49.20399941;18.75512204;388.9849;42.1352;24.0;0.7;285.621
1753873642.14;2.0;49.20399941;18.75512203;388.9855;42.1352;24.0;0.7;285.584
1753873642.15;2.0;49.20399941;18.75512202;388.9859;42.1352;24.0;0.7;285.54
1753873642.16;2.0;49.20399941;18.75512201;388.9864;42.1352;24.0;0.7;285.552
1753873642.17;2.0;49.20399941;18.755122;388.9874;42.1352;24.0;0.7;285.533
1753873642.18;2.0;49.20399941;18.75512198;388.9886;42.1352;24.0;0.7;285.518
1753873642.19;2.0;49.20399941;18.75512197;388.9895;42.1352;24.0;0.7;285.483
1753873642.2;2.0;49.20399941;18.75512195;388.9898;42.1352;24.0;0.7;285.455
1753873642.21;2.0;49.2039994;18.75512194;388.9898;42.1352;24.0;0.7;285.471
1753873642.22;2.0;49.2039994;18.75512193;388.9904;42.1352;24.0;0.7;285.525
1753873642.23;2.0;49.2039994;18.75512191;388.9916;42.1352;24.0;0.7;285.592
1753873642.24;2.0;49.2039994;18.75512189;388.9922;42.1352;24.0;0.7;285.639
1753873642.25;2.0;49.2039994;18.75512188;388.9929;42.1352;24.0;0.7;285.671
1753873642.26;2.0;49.20399939;18.75512186;388.9935;42.1352;24.0;0.7;285.679
1753873642.27;2.0;49.20399939;18.75512185;388.9936;42.1352;24.0;0.7;285.613
1753873642.28;2.0;49.20399939;18.75512183;388.994;42.1352;24.0;0.7;285.62
1753873642.29;2.0;49.20399939;18.75512181;388.9943;42.1352;24.0;0.7;285.693
1753873642.3;2.0;49.20399939;18.75512179;388.9947;42.1352;24.0;0.7;285.75
1753873642.31;2.0;49.20399938;18.75512177;388.9953;42.1352;24.0;0.7;285.757
1753873642.32;2.0;49.20399938;18.75512176;388.9957;42.1352;24.0;0.7;285.691
1753873642.33;2.0;49.20399938;18.75512175;388.9959;42.1352;24.0;0.7;285.63
1753873642.34;2.0;49.20399938;18.75512173;388.9954;42.1352;24.0;0.7;285.592
1753873642.35;2.0;49.20399937;18.75512171;388.9954;42.1352;24.0;0.7;285.604
1753873642.36;2.0;49.20399937;18.75512169;388.996;42.1352;24.0;0.7;285.641
1753873642.37;2.0;49.20399936;18.75512168;388.9963;42.1352;24.0;0.7;285.696
1753873642.38;2.0;49.20399936;18.75512166;388.9967;42.1352;24.0;0.7;285.726
1753873642.39;2.0;49.20399936;18.75512164;388.9972;42.1352;24.0;0.7;285.72
1753873642.4;2.0;49.20399935;18.75512162;388.9982;42.1352;24.0;0.7;285.742
1753873642.41;2.0;49.20399934;18.7551216;388.9987;42.1352;24.0;0.7;285.783
1753873642.42;2.0;49.20399934;18.75512158;388.9989;42.1352;24.0;0.7;285.741
1753873642.43;2.0;49.20399933;18.75512156;388.9987;42.1352;24.0;0.7;285.74
1753873642.44;2.0;49.20399933;18.75512155;388.9984;42.1352;24.0;0.7;285.761
1753873642.45;2.0;49.20399933;18.75512153;388.9989;42.1352;24.0;0.7;285.767
1753873642.46;2.0;49.20399933;18.75512151;388.9999;42.1352;24.0;0.7;285.75
1753873642.47;2.0;49.20399932;18.7551215;389.0007;42.1352;24.0;0.7;285.704
1753873642.48;2.0;49.20399932;18.75512149;389.0013;42.1352;24.0;0.7;285.718
1753873642.49;2.0;49.20399931;18.75512147;389.0015;42.1352;24.0;0.7;285.733
1753873642.5;2.0;49.20399931;18.75512146;389.0015;42.1352;24.0;0.7;285.758
1753873642.51;2.0;49.2039993;18.75512145;389.0018;42.1352;24.0;0.7;285.76
1753873642.52;2.0;49.2039993;18.75512143;389.0029;42.1352;24.0;0.7;285.767
1753873642.53;2.0;49.20399929;18.75512141;389.0038;42.1352;24.0;0.7;285.775
1753873642.54;2.0;49.20399929;18.75512139;389.0043;42.1352;24.0;0.7;285.804
1753873642.55;2.0;49.20399928;18.75512138;389.0051;42.1352;24.0;0.7;285.85
1753873642.56;2.0;49.20399928;18.75512136;389.0056;42.1352;24.0;0.7;285.891
1753873642.57;2.0;49.20399926;18.75512134;389.0057;42.1352;24.0;0.7;285.874
1753873642.58;2.0;49.20399924;18.75512133;389.006;42.1352;24.0;0.7;285.856
1753873642.59;2.0;49.20399922;18.75512132;389.0066;42.1352;24.0;0.7;285.846
1753873642.6;2.0;49.2039992;18.75512131;389.007;42.1352;24.0;0.7;285.89
1753873642.61;2.0;49.20399918;18.7551213;389.0069;42.1352;25.0;0.6;285.894
1753873642.62;2.0;49.20399917;18.7551213;389.0066;42.1352;25.0;0.6;285.86
1753873642.63;2.0;49.20399915;18.75512129;389.0063;42.1352;25.0;0.6;285.862
1753873642.64;2.0;49.20399913;18.75512128;389.0063;42.1352;25.0;0.6;285.886
1753873642.65;2.0;49.20399912;18.75512127;389.0067;42.1352;25.0;0.6;285.933
1753873642.66;2.0;49.2039991;18.75512126;389.0075;42.1352;25.0;0.6;285.955
1753873642.67;2.0;49.20399909;18.75512125;389.0079;42.1352;25.0;0.6;285.955
1753873642.68;2.0;49.20399907;18.75512123;389.0079;42.1352;25.0;0.6;285.978
1753873642.69;2.0;49.20399906;18.75512122;389.0083;42.1352;25.0;0.6;285.988
1753873642.7;2.0;49.20399905;18.75512121;389.0092;42.1352;25.0;0.6;285.979
1753873642.71;2.0;49.20399904;18.7551212;389.0095;42.1352;25.0;0.6;286.019
1753873642.72;2.0;49.20399903;18.75512119;389.0091;42.1352;25.0;0.6;286.025
1753873642.73;2.0;49.20399902;18.75512117;389.0098;42.1352;25.0;0.6;286.008
1753873642.74;2.0;49.20399901;18.75512116;389.0103;42.1352;25.0;0.6;286.008
1753873642.75;2.0;49.20399901;18.75512115;389.0102;42.1352;25.0;0.6;285.98
1753873642.76;2.0;49.203999;18.75512113;389.0104;42.1352;25.0;0.6;285.953
1753873642.77;2.0;49.203999;18.75512112;389.0102;42.1352;25.0;0.6;285.96
1753873642.78;2.0;49.20399899;18.75512111;389.0102;42.1352;25.0;0.6;285.976
1753873642.79;2.0;49.20399899;18.7551211;389.0108;42.1352;25.0;0.6;286.0
1753873642.8;2.0;49.20399899;18.75512108;389.0116;42.1352;25.0;0.6;286.046
1753873642.81;2.0;49.20399899;18.75512107;389.0117;42.1352;25.0;0.6;285.99
1753873642.82;2.0;49.20399899;18.75512106;389.012;42.1352;25.0;0.6;285.924
1753873642.83;2.0;49.20399898;18.75512104;389.0125;42.1352;25.0;0.6;285.881
1753873642.84;2.0;49.20399898;18.75512102;389.0135;42.1352;25.0;0.6;285.927
1753873642.85;2.0;49.20399898;18.75512101;389.0138;42.1352;25.0;0.6;285.985
1753873642.86;2.0;49.20399898;18.75512099;389.014;42.1352;25.0;0.6;285.981
1753873642.87;2.0;49.20399899;18.75512098;389.014;42.1352;25.0;0.6;285.939
1753873642.88;2.0;49.20399899;18.75512096;389.0134;42.1352;25.0;0.6;285.965
1753873642.89;2.0;49.20399898;18.75512095;389.0134;42.1352;25.0;0.6;285.986
1753873642.9;2.0;49.20399898;18.75512093;389.0136;42.1352;25.0;0.6;285.99
1753873642.91;2.0;49.20399898;18.75512092;389.0138;42.1352;25.0;0.6;285.932
1753873642.92;2.0;49.20399899;18.75512091;389.0134;42.1352;25.0;0.6;285.901
1753873642.93;2.0;49.20399898;18.7551209;389.0129;42.1352;25.0;0.6;285.869
1753873642.94;2.0;49.20399898;18.75512088;389.0131;42.1352;25.0;0.6;285.871
1753873642.95;2.0;49.20399898;18.75512086;389.0132;42.1352;25.0;0.6;285.931
1753873642.96;2.0;49.20399899;18.75512085;389.0133;42.1352;25.0;0.6;285.884
1753873642.97;2.0;49.20399898;18.75512083;389.0135;42.1352;25.0;0.6;285.86
1753873642.98;2.0;49.20399898;18.75512083;389.0139;42.1352;25.0;0.6;285.887
1753873642.99;2.0;49.20399898;18.75512081;389.0144;42.1352;25.0;0.6;285.854
1753873643.0;2.0;49.20399898;18.75512079;389.0152;42.1352;25.0;0.6;285.836
1753873643.01;2.0;49.20399898;18.75512078;389.016;42.1352;25.0;0.6;285.883
1753873643.02;2.0;49.20399898;18.75512076;389.0167;42.1352;25.0;0.6;285.876
1753873643.03;2.0;49.20399898;18.75512074;389.017;42.1352;25.0;0.6;285.86
1753873643.04;2.0;49.20399899;18.75512072;389.0182;42.1352;25.0;0.6;285.844
1753873643.05;2.0;49.20399899;18.7551207;389.0193;42.1352;25.0;0.6;285.846
1753873643.06;2.0;49.20399899;18.75512069;389.0202;42.1352;25.0;0.6;285.821
1753873643.07;2.0;49.20399899;18.75512067;389.0204;42.1352;25.0;0.6;285.811
1753873643.08;2.0;49.20399898;18.75512065;389.0208;42.1352;25.0;0.7;285.801
1753873643.09;2.0;49.20399898;18.75512064;389.0211;42.1352;25.0;0.7;285.817
1753873643.1;2.0;49.20399898;18.75512062;389.0215;42.1352;25.0;0.7;285.827
1753873643.11;2.0;49.20399897;18.75512061;389.0218;42.1352;25.0;0.7;285.843
1753873643.12;2.0;49.20399896;18.7551206;389.0222;42.1352;25.0;0.7;285.838
1753873643.13;2.0;49.20399895;18.75512059;389.0226;42.1352;25.0;0.7;285.832
1753873643.14;2.0;49.20399894;18.75512059;389.0227;42.1352;25.0;0.7;285.853
1753873643.15;2.0;49.20399892;18.75512059;389.0238;42.1352;25.0;0.7;285.886
1753873643.16;2.0;49.20399891;18.75512058;389.0245;42.1352;25.0;0.7;285.882
1753873643.17;2.0;49.20399889;18.75512057;389.0249;42.1352;25.0;0.7;285.858
1753873643.18;2.0;49.20399888;18.75512057;389.0252;42.1352;25.0;0.7;285.862
1753873643.19;2.0;49.20399887;18.75512057;389.0253;42.1352;25.0;0.7;285.807
1753873643.2;2.0;49.20399885;18.75512056;389.0255;42.1352;25.0;0.7;285.729
1753873643.21;2.0;49.20399884;18.75512056;389.026;42.1352;25.0;0.7;285.757
1753873643.22;2.0;49.20399882;18.75512056;389.0268;42.1352;25.0;0.7;285.747
1753873643.23;2.0;49.2039988;18.75512055;389.0271;42.1352;25.0;0.7;285.749
1753873643.24;2.0;49.20399879;18.75512055;389.0274;42.1352;25.0;0.7;285.747
1753873643.25;2.0;49.20399878;18.75512054;389.0278;42.1352;25.0;0.7;285.732
1753873643.26;2.0;49.20399876;18.75512053;389.0281;42.1352;25.0;0.7;285.669
1753873643.27;2.0;49.20399875;18.75512053;389.0286;42.1352;25.0;0.7;285.609
1753873643.28;2.0;49.20399873;18.75512052;389.029;42.1352;25.0;0.7;285.655
1753873643.29;2.0;49.20399872;18.75512052;389.0291;42.1352;25.0;0.7;285.657
1753873643.3;2.0;49.2039987;18.75512052;389.0294;42.1352;25.0;0.7;285.652
1753873643.31;2.0;49.20399869;18.75512051;389.0299;42.1352;25.0;0.7;285.686
1753873643.32;2.0;49.20399868;18.7551205;389.0301;42.1352;25.0;0.7;285.704
1753873643.33;2.0;49.20399866;18.75512048;389.0305;42.1352;25.0;0.7;285.726
1753873643.34;2.0;49.20399865;18.75512047;389.0311;42.1352;25.0;0.7;285.732
1753873643.35;2.0;49.20399863;18.75512047;389.031;42.1352;25.0;0.7;285.728
1753873643.36;2.0;49.20399862;18.75512046;389.031;42.1352;25.0;0.7;285.719
1753873643.37;2.0;49.20399861;18.75512045;389.0317;42.1352;25.0;0.7;285.712
1753873643.38;2.0;49.2039986;18.75512044;389.032;42.1352;25.0;0.7;285.677
1753873643.39;2.0;49.20399858;18.75512043;389.0321;42.1352;25.0;0.7;285.711
1753873643.4;2.0;49.20399856;18.75512042;389.0321;42.1352;25.0;0.7;285.76
1753873643.41;2.0;49.20399855;18.75512041;389.0322;42.1352;25.0;0.7;285.756
1753873643.42;2.0;49.20399854;18.7551204;389.0325;42.1352;25.0;0.7;285.705
1753873643.43;2.0;49.20399852;18.75512039;389.0331;42.1352;25.0;0.7;285.701
1753873643.44;2.0;49.20399851;18.75512038;389.0338;42.1352;25.0;0.7;285.675
1753873643.45;2.0;49.2039985;18.75512037;389.034;42.1352;25.0;0.7;285.704
1753873643.46;2.0;49.20399848;18.75512037;389.0342;42.1352;25.0;0.7;285.736
1753873643.47;2.0;49.20399847;18.75512036;389.0344;42.1352;25.0;0.7;285.703
1753873643.48;2.0;49.20399846;18.75512035;389.0348;42.1352;25.0;0.7;285.676
1753873643.49;2.0;49.20399845;18.75512035;389.035;42.1352;25.0;0.7;285.626
1753873643.5;2.0;49.20399844;18.75512034;389.0352;42.1352;25.0;0.7;285.592
1753873643.51;2.0;49.20399842;18.75512034;389.0355;42.1352;25.0;0.7;285.649
1753873643.52;2.0;49.20399841;18.75512033;389.0357;42.1352;25.0;0.7;285.707
1753873643.53;2.0;49.20399839;18.75512032;389.0358;42.1352;25.0;0.7;285.646
1753873643.54;2.0;49.20399838;18.75512032;389.0361;42.1352;25.0;0.7;285.63
1753873643.55;2.0;49.20399837;18.75512031;389.0362;42.1352;25.0;0.7;285.602
1753873643.56;2.0;49.20399835;18.75512031;389.0365;42.1352;25.0;0.7;285.529
1753873643.57;2.0;49.20399834;18.7551203;389.037;42.1352;25.0;0.7;285.513
1753873643.58;2.0;49.20399832;18.7551203;389.0376;42.1352;24.0;0.7;285.514
1753873643.59;2.0;49.20399831;18.7551203;389.0378;42.1352;24.0;0.7;285.571
1753873643.6;2.0;49.20399829;18.7551203;389.0383;42.1352;24.0;0.7;285.626
1753873643.61;2.0;49.20399828;18.75512029;389.039;42.1352;24.0;0.7;285.65
1753873643.62;2.0;49.20399827;18.75512029;389.0394;42.1352;24.0;0.7;285.644
1753873643.63;2.0;49.20399825;18.75512028;389.0393;42.1352;24.0;0.7;285.618
1753873643.64;2.0;49.20399824;18.75512028;389.0387;42.1352;24.0;0.7;285.615
1753873643.65;2.0;49.20399823;18.75512027;389.0379;42.1352;24.0;0.7;285.602
1753873643.66;2.0;49.20399822;18.75512027;389.0377;42.1352;24.0;0.7;285.624
1753873643.67;2.0;49.20399821;18.75512027;389.0374;42.1352;24.0;0.7;285.635
1753873643.68;2.0;49.20399821;18.75512027;389.037;42.1352;24.0;0.7;285.674
1753873643.69;2.0;49.2039982;18.75512027;389.036;42.1352;24.0;0.7;285.657
1753873643.7;2.0;49.20399819;18.75512027;389.0348;42.1352;24.0;0.7;285.682
1753873643.71;2.0;49.20399818;18.75512027;389.0343;42.1352;24.0;0.7;285.684
1753873643.72;2.0;49.20399817;18.75512026;389.034;42.1352;24.0;0.7;285.71
1753873643.73;2.0;49.20399816;18.75512026;389.0338;42.1352;24.0;0.7;285.753
1753873643.74;2.0;49.20399815;18.75512025;389.034;42.1352;24.0;0.7;285.759
1753873643.75;2.0;49.20399814;18.75512024;389.0342;42.1352;24.0;0.7;285.768
1753873643.76;2.0;49.20399813;18.75512024;389.0338;42.1352;24.0;0.7;285.73
1753873643.77;2.0;49.20399812;18.75512024;389.0334;42.1352;24.0;0.7;285.734
1753873643.78;2.0;49.20399811;18.75512024;389.0329;42.1352;24.0;0.7;285.742
1753873643.79;2.0;49.2039981;18.75512023;389.0324;42.1352;24.0;0.7;285.757
1753873643.8;2.0;49.20399809;18.75512023;389.0315;42.1352;24.0;0.7;285.803
1753873643.81;2.0;49.20399808;18.75512022;389.0307;42.1352;24.0;0.7;285.839
1753873643.82;2.0;49.20399807;18.75512022;389.0305;42.1352;24.0;0.7;285.799
1753873643.83;2.0;49.20399807;18.75512021;389.0308;42.1352;24.0;0.7;285.75
1753873643.84;2.0;49.20399806;18.7551202;389.0307;42.1352;24.0;0.7;285.758
1753873643.85;2.0;49.20399805;18.75512019;389.0304;42.1352;24.0;0.7;285.806
1753873643.86;2.0;49.20399804;18.75512019;389.0294;42.1352;24.0;0.7;285.825
1753873643.87;2.0;49.20399804;18.7551202;389.0285;42.1352;24.0;0.7;285.801
1753873643.88;2.0;49.20399803;18.7551202;389.0278;42.1352;24.0;0.7;285.781
1753873643.89;2.0;49.20399802;18.75512019;389.0271;42.1352;24.0;0.7;285.805
1753873643.9;2.0;49.20399801;18.75512018;389.026;42.1352;24.0;0.7;285.851
1753873643.91;2.0;49.20399801;18.75512018;389.0252;42.1352;24.0;0.7;285.845
1753873643.92;2.0;49.203998;18.75512017;389.0246;42.1352;24.0;0.7;285.826
1753873643.93;2.0;49.20399799;18.75512017;389.0243;42.1352;24.0;0.7;285.798
1753873643.94;2.0;49.20399799;18.75512016;389.0242;42.1352;24.0;0.7;285.813
1753873643.95;2.0;49.20399798;18.75512016;389.0236;42.1352;24.0;0.7;285.787
1753873643.96;2.0;49.20399798;18.75512016;389.0228;42.1352;24.0;0.7;285.704
1753873643.97;2.0;49.20399797;18.75512016;389.0223;42.1352;24.0;0.7;285.635
1753873643.98;2.0;49.20399796;18.75512016;389.0211;42.1352;24.0;0.7;285.597
1753873643.99;2.0;49.20399796;18.75512016;389.0202;42.1352;24.0;0.7;285.566
1753873644.0;2.0;49.20399795;18.75512015;389.0196;42.1352;24.0;0.7;285.532
1753873644.01;2.0;49.20399795;18.75512015;389.019;42.1352;24.0;0.7;285.478
1753873644.02;2.0;49.20399795;18.75512014;389.0181;42.1352;24.0;0.7;285.387
1753873644.03;2.0;49.20399794;18.75512014;389.0177;42.1352;24.0;0.7;285.324
1753873644.04;2.0;49.20399793;18.75512014;389.0174;42.1352;24.0;0.7;285.313
1753873644.05;2.0;49.20399793;18.75512013;389.0169;42.1352;24.0;0.7;285.292
1753873644.06;2.0;49.20399792;18.75512012;389.0166;42.1352;24.0;0.7;285.297
1753873644.07;2.0;49.20399792;18.75512012;389.0158;42.1352;24.0;0.7;285.322
1753873644.08;2.0;49.20399791;18.75512011;389.015;42.1352;24.0;0.7;285.328
1753873644.09;2.0;49.2039979;18.75512011;389.0139;42.1352;24.0;0.7;285.429
1753873644.1;2.0;49.2039979;18.75512011;389.0127;42.1352;24.0;0.7;285.471
1753873644.11;2.0;49.20399789;18.75512011;389.0122;42.1352;24.0;0.7;285.463
1753873644.12;2.0;49.20399788;18.75512012;389.0115;42.1352;24.0;0.7;285.446
1753873644.13;2.0;49.20399787;18.75512012;389.0107;42.1352;24.0;0.7;285.424
1753873644.14;2.0;49.20399786;18.75512012;389.0101;42.1352;24.0;0.7;285.427
1753873644.15;2.0;49.20399785;18.75512012;389.0097;42.1352;24.0;0.7;285.427
1753873644.16;2.0;49.20399783;18.75512012;389.0094;42.1352;24.0;0.7;285.385
1753873644.17;2.0;49.20399782;18.75512012;389.009;42.1352;24.0;0.7;285.354
1753873644.18;2.0;49.20399781;18.75512013;389.0088;42.1352;24.0;0.7;285.243
1753873644.19;2.0;49.20399779;18.75512013;389.0083;42.1352;24.0;0.7;285.176
1753873644.2;2.0;49.20399777;18.75512014;389.0077;42.1352;24.0;0.7;285.174
1753873644.21;2.0;49.20399775;18.75512015;389.0072;42.1352;24.0;0.7;285.167
1753873644.22;2.0;49.20399773;18.75512016;389.0068;42.1352;24.0;0.7;285.192
1753873644.23;2.0;49.20399771;18.75512017;389.0064;42.1352;24.0;0.7;285.201
1753873644.24;2.0;49.20399769;18.75512018;389.0056;42.1352;24.0;0.7;285.259
1753873644.25;2.0;49.20399767;18.75512019;389.0051;42.1352;24.0;0.7;285.316
1753873644.26;2.0;49.20399765;18.75512021;389.0046;42.1352;24.0;0.7;285.36
1753873644.27;2.0;49.20399762;18.75512022;389.0039;42.1352;24.0;0.7;285.351
1753873644.28;2.0;49.2039976;18.75512023;389.0035;42.1352;24.0;0.7;285.393
1753873644.29;2.0;49.20399758;18.75512024;389.0028;42.1352;24.0;0.7;285.457
1753873644.3;2.0;49.20399756;18.75512026;389.0012;42.1352;24.0;0.7;285.487
1753873644.31;2.0;49.20399754;18.75512027;388.9997;42.1352;24.0;0.7;285.548
1753873644.32;2.0;49.20399752;18.75512028;388.9985;42.1352;24.0;0.7;285.581
1753873644.33;2.0;49.2039975;18.7551203;388.9968;42.1352;24.0;0.7;285.622
1753873644.34;2.0;49.20399748;18.75512032;388.9948;42.1352;24.0;0.7;285.644
1753873644.35;2.0;49.20399746;18.75512033;388.9936;42.1352;24.0;0.7;285.691
1753873644.36;2.0;49.20399744;18.75512033;388.9926;42.1352;24.0;0.7;285.758
1753873644.37;2.0;49.20399742;18.75512035;388.9919;42.1352;24.0;0.7;285.771
1753873644.38;2.0;49.2039974;18.75512036;388.9909;42.1352;24.0;0.7;285.783
1753873644.39;2.0;49.20399738;18.75512037;388.9899;42.1352;24.0;0.7;285.788
1753873644.4;2.0;49.20399736;18.75512038;388.9889;42.1352;24.0;0.7;285.799
1753873644.41;2.0;49.20399734;18.75512039;388.9874;42.1352;24.0;0.7;285.757
1753873644.42;2.0;49.20399733;18.7551204;388.9858;42.1352;24.0;0.7;285.734
1753873644.43;2.0;49.20399731;18.75512042;388.9846;42.1352;24.0;0.7;285.749
1753873644.44;2.0;49.20399729;18.75512043;388.9839;42.1352;24.0;0.7;285.789
1753873644.45;2.0;49.20399727;18.75512044;388.9832;42.1352;24.0;0.7;285.801
1753873644.46;2.0;49.20399725;18.75512044;388.9825;42.1352;24.0;0.7;285.845
1753873644.47;2.0;49.20399723;18.75512045;388.982;42.1352;24.0;0.7;285.849
1753873644.48;2.0;49.20399721;18.75512047;388.9811;42.1352;24.0;0.7;285.841
1753873644.49;2.0;49.20399719;18.75512048;388.9802;42.1352;24.0;0.7;285.904
1753873644.5;2.0;49.20399717;18.75512049;388.9796;42.1352;24.0;0.7;285.976
1753873644.51;2.0;49.20399715;18.7551205;388.9786;42.1352;24.0;0.7;286.039
1753873644.52;2.0;49.20399713;18.75512052;388.9776;42.1352;24.0;0.7;286.112
1753873644.53;2.0;49.2039971;18.75512053;388.9773;42.1352;24.0;0.7;286.117
1753873644.54;2.0;49.20399708;18.75512054;388.9774;42.1352;24.0;0.7;286.09
1753873644.55;2.0;49.20399706;18.75512055;388.9771;42.1352;24.0;0.7;286.05
1753873644.56;2.0;49.20399704;18.75512055;388.9772;42.1352;24.0;0.7;286.027
1753873644.57;2.0;49.20399701;18.75512054;388.9781;42.1352;24.0;0.7;286.008
1753873644.58;2.0;49.203997;18.75512053;388.9787;42.1352;24.0;0.7;285.99
1753873644.59;2.0;49.20399698;18.75512052;388.9788;42.1352;24.0;0.7;285.944
1753873644.6;2.0;49.20399696;18.75512052;388.9789;42.1352;24.0;0.7;285.837
1753873644.61;2.0;49.20399693;18.75512051;388.9794;42.1352;24.0;0.7;285.846
1753873644.62;2.0;49.20399691;18.75512051;388.9802;42.1352;24.0;0.7;285.853
1753873644.63;2.0;49.20399689;18.7551205;388.9803;42.1352;24.0;0.7;285.844
1753873644.64;2.0;49.20399688;18.75512051;388.9796;42.1352;24.0;0.7;285.799
1753873644.65;2.0;49.20399686;18.75512051;388.9786;42.1352;24.0;0.7;285.768
1753873644.66;2.0;49.20399685;18.75512052;388.9776;42.1352;24.0;0.7;285.741
1753873644.67;2.0;49.20399683;18.75512052;388.9769;42.1352;24.0;0.7;285.694
1753873644.68;2.0;49.20399681;18.75512052;388.9766;42.1352;24.0;0.7;285.692
1753873644.69;2.0;49.20399679;18.75512052;388.9763;42.1352;24.0;0.7;285.69
1753873644.7;2.0;49.20399678;18.75512053;388.9764;42.1352;24.0;0.7;285.71
1753873644.71;2.0;49.20399676;18.75512054;388.9764;42.1352;24.0;0.7;285.783
1753873644.72;2.0;49.20399674;18.75512055;388.9757;42.1352;24.0;0.7;285.835
1753873644.73;2.0;49.20399673;18.75512055;388.9753;42.1352;24.0;0.7;285.867
1753873644.74;2.0;49.20399671;18.75512056;388.9752;42.1352;24.0;0.7;285.862
1753873644.75;2.0;49.20399668;18.75512056;388.9746;42.1352;24.0;0.7;285.822
1753873644.76;2.0;49.20399666;18.75512057;388.974;42.1352;24.0;0.7;285.796
1753873644.77;2.0;49.20399664;18.75512058;388.9734;42.1352;24.0;0.7;285.774
1753873644.78;2.0;49.20399662;18.75512059;388.9725;42.1352;24.0;0.7;285.785
1753873644.79;2.0;49.2039966;18.75512061;388.9713;42.1352;24.0;0.7;285.793
1753873644.8;2.0;49.20399657;18.75512062;388.9707;42.1352;24.0;0.7;285.785
1753873644.81;2.0;49.20399655;18.75512064;388.9703;42.1352;24.0;0.7;285.771
1753873644.82;2.0;49.20399653;18.75512066;388.9697;42.1352;24.0;0.7;285.763
1753873644.83;2.0;49.2039965;18.75512067;388.9692;42.1352;24.0;0.7;285.751
1753873644.84;2.0;49.20399648;18.75512068;388.969;42.1352;24.0;0.7;285.799
1753873644.85;2.0;49.20399645;18.75512069;388.9686;42.1352;24.0;0.7;285.847
1753873644.86;2.0;49.20399643;18.75512071;388.968;42.1352;24.0;0.7;285.896
1753873644.87;2.0;49.2039964;18.75512073;388.9672;42.1352;24.0;0.7;285.922
1753873644.88;2.0;49.20399638;18.75512075;388.9663;42.1352;24.0;0.7;285.849
1753873644.89;2.0;49.20399635;18.75512077;388.9653;42.1352;24.0;0.7;285.805
1753873644.9;2.0;49.20399632;18.75512078;388.9646;42.1352;24.0;0.7;285.716
1753873644.91;2.0;49.2039963;18.75512081;388.9637;42.1352;24.0;0.7;285.626
1753873644.92;2.0;49.20399628;18.75512083;388.9628;42.1352;24.0;0.7;285.524
1753873644.93;2.0;49.20399625;18.75512085;388.9617;42.1352;24.0;0.7;285.512
1753873644.94;2.0;49.20399622;18.75512087;388.9607;42.1352;24.0;0.7;285.525
1753873644.95;2.0;49.20399619;18.7551209;388.9593;42.1352;24.0;0.7;285.495
1753873644.96;2.0;49.20399616;18.75512093;388.9579;42.1352;24.0;0.7;285.515
1753873644.97;2.0;49.20399613;18.75512095;388.9571;42.1352;24.0;0.7;285.544
1753873644.98;2.0;49.20399611;18.75512098;388.9563;42.1352;24.0;0.7;285.552
1753873644.99;2.0;49.20399608;18.755121;388.9558;42.1352;24.0;0.7;285.577
1753873645.0;2.0;49.20399605;18.75512102;388.9554;42.1352;24.0;0.7;285.591
1753873645.01;2.0;49.20399603;18.75512104;388.954;42.1352;24.0;0.7;285.59
1753873645.02;2.0;49.203996;18.75512107;388.9527;42.1352;24.0;0.7;285.64
1753873645.03;2.0;49.20399597;18.7551211;388.9511;42.1352;24.0;0.7;285.712
1753873645.04;2.0;49.20399594;18.75512112;388.9498;42.1352;24.0;0.7;285.731
1753873645.05;2.0;49.20399591;18.75512114;388.9494;42.1352;24.0;0.7;285.724
1753873645.06;2.0;49.20399589;18.75512117;388.9487;42.1352;24.0;0.7;285.78
1753873645.07;2.0;49.20399586;18.7551212;388.9478;42.1352;24.0;0.7;285.835
1753873645.08;2.0;49.20399584;18.75512122;388.9471;42.1352;25.0;0.7;285.862
1753873645.09;2.0;49.20399581;18.75512124;388.9465;42.1352;25.0;0.7;285.898
1753873645.1;2.0;49.20399578;18.75512127;388.9456;42.1352;25.0;0.7;285.898
1753873645.11;2.0;49.20399575;18.75512129;388.9444;42.1352;25.0;0.7;285.887
1753873645.12;2.0;49.20399572;18.75512131;388.9437;42.1352;25.0;0.7;285.934
1753873645.13;2.0;49.20399569;18.75512133;388.9434;42.1352;25.0;0.7;285.95
1753873645.14;2.0;49.20399566;18.75512134;388.943;42.1352;25.0;0.7;285.931
1753873645.15;2.0;49.20399563;18.75512137;388.9421;42.1352;25.0;0.7;285.982
1753873645.16;2.0;49.2039956;18.75512139;388.9411;42.1352;25.0;0.7;285.983
1753873645.17;2.0;49.20399557;18.75512141;388.9404;42.1352;25.0;0.7;286.003
1753873645.18;2.0;49.20399554;18.75512143;388.9397;42.1352;25.0;0.7;286.035
1753873645.19;2.0;49.20399552;18.75512145;388.939;42.1352;25.0;0.7;285.996
1753873645.2;2.0;49.20399549;18.75512146;388.9385;42.1352;25.0;0.7;285.942
1753873645.21;2.0;49.20399546;18.75512148;388.9378;42.1352;25.0;0.7;285.978
1753873645.22;2.0;49.20399543;18.7551215;388.937;42.1352;25.0;0.7;285.988
1753873645.23;2.0;49.2039954;18.75512152;388.9361;42.1352;25.0;0.7;285.99
1753873645.24;2.0;49.20399537;18.75512154;388.9352;42.1352;25.0;0.7;286.01
1753873645.25;2.0;49.20399535;18.75512156;388.9344;42.1352;25.0;0.7;286.031
1753873645.26;2.0;49.20399532;18.75512158;388.9339;42.1352;25.0;0.7;286.038
1753873645.27;2.0;49.20399529;18.75512161;388.9327;42.1352;25.0;0.7;286.03
1753873645.28;2.0;49.20399526;18.75512163;388.9312;42.1352;25.0;0.7;286.051
1753873645.29;2.0;49.20399523;18.75512165;388.9305;42.1352;25.0;0.7;286.107
1753873645.3;2.0;49.2039952;18.75512167;388.9304;42.1352;25.0;0.7;286.108
1753873645.31;2.0;49.20399517;18.75512168;388.9302;42.1352;25.0;0.7;286.048
1753873645.32;2.0;49.20399513;18.75512169;388.9296;42.1352;25.0;0.7;286.019
1753873645.33;2.0;49.2039951;18.75512171;388.929;42.1352;25.0;0.7;286.006
1753873645.34;2.0;49.20399507;18.75512173;388.9279;42.1352;25.0;0.7;286.025
1753873645.35;2.0;49.20399503;18.75512175;388.9266;42.1352;25.0;0.7;286.003
1753873645.36;2.0;49.203995;18.75512177;388.9255;42.1352;25.0;0.7;285.956
1753873645.37;2.0;49.20399497;18.75512179;388.9246;42.1352;25.0;0.7;285.872
1753873645.38;2.0;49.20399494;18.75512181;388.9234;42.1352;25.0;0.7;285.822
1753873645.39;2.0;49.20399491;18.75512182;388.9223;42.1352;25.0;0.7;285.874
1753873645.4;2.0;49.20399487;18.75512183;388.9221;42.1352;25.0;0.7;285.93
1753873645.41;2.0;49.20399484;18.75512185;388.9213;42.1352;25.0;0.7;285.99
1753873645.42;2.0;49.20399481;18.75512186;388.9199;42.1352;25.0;0.7;286.024
1753873645.43;2.0;49.20399478;18.75512188;388.9188;42.1352;25.0;0.7;285.993
1753873645.44;2.0;49.20399475;18.75512189;388.918;42.1352;25.0;0.7;285.973
1753873645.45;2.0;49.20399471;18.7551219;388.9177;42.1352;25.0;0.7;285.954
1753873645.46;2.0;49.20399468;18.75512192;388.9172;42.1352;25.0;0.7;285.909
1753873645.47;2.0;49.20399465;18.75512194;388.916;42.1352;25.0;0.7;285.893
1753873645.48;2.0;49.20399461;18.75512196;388.9149;42.1352;25.0;0.7;285.878
1753873645.49;2.0;49.20399458;18.75512198;388.9138;42.1352;25.0;0.7;285.878
1753873645.5;2.0;49.20399455;18.75512199;388.9133;42.1352;25.0;0.7;285.843
1753873645.51;2.0;49.20399452;18.75512201;388.9123;42.1352;25.0;0.7;285.835
1753873645.52;2.0;49.2039945;18.75512202;388.9111;42.1352;25.0;0.7;285.826
1753873645.53;2.0;49.20399447;18.75512204;388.9102;42.1352;25.0;0.7;285.801
1753873645.54;2.0;49.20399444;18.75512205;388.9095;42.1352;25.0;0.7;285.8
1753873645.55;2.0;49.20399441;18.75512206;388.9089;42.1352;25.0;0.7;285.832
1753873645.56;2.0;49.20399438;18.75512207;388.9081;42.1352;25.0;0.7;285.877
1753873645.57;2.0;49.20399435;18.75512209;388.9073;42.1352;25.0;0.7;285.926
1753873645.58;2.0;49.20399434;18.75512208;388.9072;42.1352;25.0;0.7;285.981
1753873645.59;2.0;49.20399432;18.75512207;388.9074;42.1352;24.0;0.7;286.011
1753873645.6;2.0;49.20399431;18.75512206;388.9076;42.1352;24.0;0.7;286.021
1753873645.61;2.0;49.2039943;18.75512205;388.9076;42.1352;24.0;0.7;286.061
1753873645.62;2.0;49.20399428;18.75512203;388.907;42.1352;24.0;0.7;286.136
1753873645.63;2.0;49.20399426;18.75512202;388.9071;42.1352;24.0;0.7;286.186
1753873645.64;2.0;49.20399425;18.75512201;388.9079;42.1352;24.0;0.7;286.098
1753873645.65;2.0;49.20399423;18.75512201;388.9079;42.1352;24.0;0.7;285.975
1753873645.66;2.0;49.20399422;18.75512201;388.9078;42.1352;24.0;0.7;285.914
1753873645.67;2.0;49.2039942;18.755122;388.9074;42.1352;24.0;0.7;285.907
1753873645.68;2.0;49.20399418;18.755122;388.9066;42.1352;24.0;0.7;285.92
1753873645.69;2.0;49.20399416;18.755122;388.9057;42.1352;24.0;0.7;285.873
1753873645.7;2.0;49.20399414;18.755122;388.9054;42.1352;24.0;0.7;285.815
1753873645.71;2.0;49.20399411;18.755122;388.9049;42.1352;24.0;0.7;285.822
1753873645.72;2.0;49.20399409;18.755122;388.9052;42.1352;24.0;0.7;285.788
1753873645.73;2.0;49.20399406;18.755122;388.9053;42.1352;24.0;0.7;285.678
1753873645.74;2.0;49.20399404;18.755122;388.9049;42.1352;24.0;0.7;285.592
1753873645.75;2.0;49.20399401;18.755122;388.9049;42.1352;24.0;0.7;285.55
1753873645.76;2.0;49.20399398;18.755122;388.9048;42.1352;24.0;0.7;285.572
1753873645.77;2.0;49.20399395;18.755122;388.9047;42.1352;24.0;0.7;285.581
1753873645.78;2.0;49.20399392;18.75512201;388.9043;42.1352;24.0;0.7;285.564
1753873645.79;2.0;49.2039939;18.75512201;388.9034;42.1352;24.0;0.7;285.535
1753873645.8;2.0;49.20399386;18.75512202;388.9023;42.1352;24.0;0.7;285.531
1753873645.81;2.0;49.20399383;18.75512202;388.9018;42.1352;24.0;0.7;285.538
1753873645.82;2.0;49.20399379;18.75512202;388.9015;42.1352;24.0;0.7;285.538
1753873645.83;2.0;49.20399376;18.75512202;388.9005;42.1352;24.0;0.7;285.54
1753873645.84;2.0;49.20399373;18.75512203;388.8994;42.1352;24.0;0.7;285.528
1753873645.85;2.0;49.2039937;18.75512203;388.8981;42.1352;24.0;0.7;285.506
1753873645.86;2.0;49.20399366;18.75512204;388.8972;42.1352;24.0;0.7;285.497
1753873645.87;2.0;49.20399363;18.75512204;388.8967;42.1352;24.0;0.7;285.512
1753873645.88;2.0;49.20399359;18.75512204;388.8963;42.1352;24.0;0.7;285.499
1753873645.89;2.0;49.20399356;18.75512205;388.8957;42.1352;24.0;0.7;285.476
1753873645.9;2.0;49.20399352;18.75512205;388.895;42.1352;24.0;0.7;285.39
1753873645.91;2.0;49.20399349;18.75512205;388.8941;42.1352;24.0;0.7;285.346
1753873645.92;2.0;49.20399345;18.75512205;388.8926;42.1352;24.0;0.7;285.32
1753873645.93;2.0;49.20399342;18.75512206;388.8911;42.1352;24.0;0.7;285.323
1753873645.94;2.0;49.20399338;18.75512206;388.8894;42.1352;24.0;0.7;285.34
1753873645.95;2.0;49.20399334;18.75512207;388.8876;42.1352;24.0;0.7;285.359
1753873645.96;2.0;49.2039933;18.75512208;388.8865;42.1352;24.0;0.7;285.407
1753873645.97;2.0;49.20399326;18.75512208;388.8856;42.1352;24.0;0.7;285.372
1753873645.98;2.0;49.20399322;18.75512209;388.8842;42.1352;24.0;0.7;285.363
1753873645.99;2.0;49.20399318;18.7551221;388.8823;42.1352;24.0;0.7;285.403
1753873646.0;2.0;49.20399315;18.75512211;388.8804;42.1352;24.0;0.7;285.421
1753873646.01;2.0;49.20399311;18.75512212;388.8785;42.1352;24.0;0.7;285.43
1753873646.02;2.0;49.20399307;18.75512212;388.8769;42.1352;24.0;0.7;285.452
1753873646.03;2.0;49.20399303;18.75512213;388.8757;42.1352;24.0;0.7;285.494
1753873646.04;2.0;49.20399299;18.75512213;388.8749;42.1352;24.0;0.7;285.544
1753873646.05;2.0;49.20399295;18.75512213;388.8742;42.1352;24.0;0.7;285.561
1753873646.06;2.0;49.20399291;18.75512214;388.8731;42.1352;24.0;0.7;285.597
1753873646.07;2.0;49.20399287;18.75512215;388.8714;42.1352;24.0;0.7;285.667
1753873646.08;2.0;49.20399283;18.75512215;388.87;42.1352;24.0;0.7;285.718
1753873646.09;2.0;49.20399282;18.75512215;388.8689;42.1352;24.0;0.7;285.786
1753873646.1;2.0;49.2039928;18.75512214;388.8687;42.1352;24.0;0.7;285.859
1753873646.11;2.0;49.20399278;18.75512213;388.8695;42.1352;25.0;0.7;285.887
1753873646.12;2.0;49.20399276;18.75512211;388.8701;42.1352;25.0;0.7;285.92
1753873646.13;2.0;49.20399274;18.75512211;388.8704;42.1352;25.0;0.7;285.987
1753873646.14;2.0;49.20399272;18.7551221;388.8701;42.1352;25.0;0.7;286.039
1753873646.15;2.0;49.2039927;18.7551221;388.8695;42.1352;25.0;0.7;286.018
1753873646.16;2.0;49.20399268;18.75512209;388.8691;42.1352;25.0;0.7;286.006
1753873646.17;2.0;49.20399266;18.75512208;388.8685;42.1352;25.0;0.7;285.988
1753873646.18;2.0;49.20399264;18.75512208;388.8679;42.1352;25.0;0.7;285.978
1753873646.19;2.0;49.20399262;18.75512207;388.8677;42.1352;25.0;0.7;285.971
1753873646.2;2.0;49.20399259;18.75512207;388.8679;42.1352;25.0;0.7;285.96
1753873646.21;2.0;49.20399257;18.75512207;388.8674;42.1352;25.0;0.7;286.043
1753873646.22;2.0;49.20399255;18.75512207;388.8664;42.1352;25.0;0.7;286.068
1753873646.23;2.0;49.20399253;18.75512207;388.8656;42.1352;25.0;0.7;286.011
1753873646.24;2.0;49.20399251;18.75512207;388.8651;42.1352;25.0;0.7;286.027
1753873646.25;2.0;49.20399248;18.75512207;388.865;42.1352;25.0;0.7;286.076
1753873646.26;2.0;49.20399245;18.75512207;388.8653;42.1352;25.0;0.7;286.156
1753873646.27;2.0;49.20399243;18.75512207;388.8655;42.1352;25.0;0.7;286.215
1753873646.28;2.0;49.2039924;18.75512207;388.8651;42.1352;25.0;0.7;286.189
1753873646.29;2.0;49.20399237;18.75512208;388.8647;42.1352;25.0;0.7;286.139
1753873646.3;2.0;49.20399235;18.75512208;388.864;42.1352;25.0;0.7;286.125
1753873646.31;2.0;49.20399232;18.75512207;388.8637;42.1352;25.0;0.7;286.119
1753873646.32;2.0;49.20399228;18.75512207;388.8639;42.1352;25.0;0.7;286.114
1753873646.33;2.0;49.20399225;18.75512207;388.8636;42.1352;25.0;0.7;286.136
1753873646.34;2.0;49.20399222;18.75512206;388.8631;42.1352;25.0;0.7;286.165
1753873646.35;2.0;49.20399219;18.75512206;388.8623;42.1352;25.0;0.7;286.138
1753873646.36;2.0;49.20399216;18.75512206;388.8614;42.1352;25.0;0.7;286.144
1753873646.37;2.0;49.20399212;18.75512206;388.8612;42.1352;25.0;0.7;286.192
1753873646.38;2.0;49.20399209;18.75512206;388.8604;42.1352;25.0;0.7;286.225
1753873646.39;2.0;49.20399206;18.75512207;388.8596;42.1352;25.0;0.7;286.278
1753873646.4;2.0;49.20399203;18.75512207;388.8587;42.1352;25.0;0.7;286.296
1753873646.41;2.0;49.203992;18.75512207;388.8583;42.1352;25.0;0.7;286.231
1753873646.42;2.0;49.20399196;18.75512206;388.8578;42.1352;25.0;0.7;286.231
1753873646.43;2.0;49.20399193;18.75512207;388.8568;42.1352;25.0;0.7;286.216
1753873646.44;2.0;49.20399189;18.75512206;388.8563;42.1352;25.0;0.7;286.243
1753873646.45;2.0;49.20399185;18.75512206;388.8557;42.1352;25.0;0.7;286.28
1753873646.46;2.0;49.20399181;18.75512207;388.8546;42.1352;25.0;0.7;286.329
1753873646.47;2.0;49.20399177;18.75512207;388.8532;42.1352;25.0;0.7;286.36
1753873646.48;2.0;49.20399174;18.75512208;388.8519;42.1352;25.0;0.7;286.328
1753873646.49;2.0;49.2039917;18.75512208;388.8505;42.1352;25.0;0.7;286.294
1753873646.5;2.0;49.20399166;18.75512208;388.8492;42.1352;25.0;0.7;286.252
1753873646.51;2.0;49.20399162;18.75512209;388.848;42.1352;25.0;0.7;286.216
1753873646.52;2.0;49.20399158;18.75512209;388.8468;42.1352;25.0;0.7;286.143
1753873646.53;2.0;49.20399155;18.7551221;388.8457;42.1352;25.0;0.7;286.088
1753873646.54;2.0;49.20399151;18.75512211;388.8452;42.1352;25.0;0.7;286.072
1753873646.55;2.0;49.20399147;18.75512211;388.8449;42.1352;25.0;0.7;286.024
1753873646.56;2.0;49.20399143;18.75512211;388.8444;42.1352;25.0;0.7;286.021
1753873646.57;2.0;49.20399139;18.75512211;388.8434;42.1352;25.0;0.7;285.994
1753873646.58;2.0;49.20399135;18.75512212;388.8421;42.1352;25.0;0.7;285.978
1753873646.59;2.0;49.20399131;18.75512212;388.8412;42.1352;25.0;0.7;285.99
1753873646.6;2.0;49.20399127;18.75512213;388.8399;42.1352;25.0;0.7;286.041
1753873646.61;2.0;49.20399123;18.75512214;388.839;42.1352;25.0;0.7;286.071
1753873646.62;2.0;49.2039912;18.75512214;388.8385;42.1352;25.0;0.7;286.033
1753873646.63;2.0;49.20399116;18.75512214;388.8382;42.1352;25.0;0.7;286.053
1753873646.64;2.0;49.20399112;18.75512214;388.8378;42.1352;25.0;0.7;286.049
1753873646.65;2.0;49.20399108;18.75512214;388.8373;42.1352;25.0;0.7;286.073
1753873646.66;2.0;49.20399104;18.75512213;388.8363;42.1352;25.0;0.7;286.115
1753873646.67;2.0;49.203991;18.75512213;388.8353;42.1352;25.0;0.7;286.118
1753873646.68;2.0;49.20399096;18.75512212;388.8346;42.1352;25.0;0.7;286.178
1753873646.69;2.0;49.20399093;18.75512212;388.8342;42.1352;25.0;0.7;286.214
1753873646.7;2.0;49.20399089;18.75512211;388.8339;42.1352;25.0;0.7;286.239
1753873646.71;2.0;49.20399085;18.75512211;388.8336;42.1352;25.0;0.7;286.208
1753873646.72;2.0;49.20399082;18.7551221;388.8328;42.1352;25.0;0.7;286.19
1753873646.73;2.0;49.20399078;18.7551221;388.8318;42.1352;25.0;0.7;286.182
1753873646.74;2.0;49.20399074;18.75512209;388.8314;42.1352;25.0;0.7;286.148
1753873646.75;2.0;49.2039907;18.75512208;388.8313;42.1352;25.0;0.7;286.149
1753873646.76;2.0;49.20399066;18.75512207;388.8309;42.1352;25.0;0.7;286.132
1753873646.77;2.0;49.20399063;18.75512206;388.8304;42.1352;25.0;0.7;286.113
1753873646.78;2.0;49.2039906;18.75512205;388.8304;42.1352;25.0;0.7;286.09
1753873646.79;2.0;49.20399056;18.75512204;388.8299;42.1352;25.0;0.7;286.022
1753873646.8;2.0;49.20399053;18.75512204;388.8286;42.1352;25.0;0.7;286.027
1753873646.81;2.0;49.2039905;18.75512203;388.8277;42.1352;25.0;0.7;285.988
1753873646.82;2.0;49.20399047;18.75512202;388.827;42.1352;25.0;0.7;285.96
1753873646.83;2.0;49.20399044;18.75512202;388.8261;42.1352;25.0;0.7;285.898
1753873646.84;2.0;49.2039904;18.75512201;388.8253;42.1352;25.0;0.7;285.856
1753873646.85;2.0;49.20399037;18.75512199;388.8241;42.1352;25.0;0.7;285.956
1753873646.86;2.0;49.20399034;18.75512199;388.823;42.1352;25.0;0.7;285.989
1753873646.87;2.0;49.20399031;18.75512198;388.8213;42.1352;25.0;0.7;285.993
1753873646.88;2.0;49.20399028;18.75512198;388.8204;42.1352;25.0;0.7;286.001
1753873646.89;2.0;49.20399025;18.75512197;388.8196;42.1352;25.0;0.7;285.968
1753873646.9;2.0;49.20399023;18.75512196;388.8187;42.1352;25.0;0.7;285.948
1753873646.91;2.0;49.2039902;18.75512194;388.8183;42.1352;25.0;0.7;285.941
1753873646.92;2.0;49.20399017;18.75512193;388.8177;42.1352;25.0;0.7;285.934
1753873646.93;2.0;49.20399014;18.75512192;388.8166;42.1352;25.0;0.7;285.937
1753873646.94;2.0;49.20399012;18.75512191;388.8154;42.1352;25.0;0.7;285.922
1753873646.95;2.0;49.20399009;18.75512189;388.8145;42.1352;25.0;0.7;285.935
1753873646.96;2.0;49.20399006;18.75512188;388.8138;42.1352;25.0;0.7;285.948
1753873646.97;2.0;49.20399003;18.75512187;388.8133;42.1352;25.0;0.7;285.975
1753873646.98;2.0;49.20399;18.75512185;388.813;42.1352;25.0;0.7;285.972
1753873646.99;2.0;49.20398997;18.75512184;388.8123;42.1352;25.0;0.7;285.958
1753873647.0;2.0;49.20398994;18.75512183;388.8116;42.1352;25.0;0.7;285.964
1753873647.01;2.0;49.20398991;18.75512181;388.8108;42.1352;25.0;0.7;285.955
1753873647.02;2.0;49.20398988;18.7551218;388.8098;42.1352;25.0;0.7;285.958
1753873647.03;2.0;49.20398986;18.75512179;388.8094;42.1352;25.0;0.7;285.95
1753873647.04;2.0;49.20398983;18.75512177;388.809;42.1352;25.0;0.7;285.915
1753873647.05;2.0;49.2039898;18.75512176;388.8087;42.1352;25.0;0.7;285.88
1753873647.06;2.0;49.20398978;18.75512174;388.8082;42.1352;25.0;0.7;285.794
1753873647.07;2.0;49.20398975;18.75512172;388.8079;42.1352;25.0;0.7;285.724
1753873647.08;2.0;49.20398972;18.75512171;388.8074;42.1352;25.0;0.7;285.684
1753873647.09;2.0;49.20398969;18.75512169;388.8068;42.1352;25.0;0.7;285.681
1753873647.1;2.0;49.20398967;18.75512169;388.8063;42.1352;24.0;0.8;285.667
1753873647.11;2.0;49.20398964;18.75512168;388.8056;42.1352;24.0;0.8;285.682
1753873647.12;2.0;49.20398962;18.75512168;388.8047;42.1352;24.0;0.8;285.626
1753873647.13;2.0;49.20398959;18.75512167;388.8042;42.1352;24.0;0.8;285.558
1753873647.14;2.0;49.20398956;18.75512166;388.8039;42.1352;24.0;0.8;285.553
1753873647.15;2.0;49.20398954;18.75512165;388.8033;42.1352;24.0;0.8;285.562
1753873647.16;2.0;49.20398951;18.75512164;388.8031;42.1352;24.0;0.8;285.538
1753873647.17;2.0;49.20398949;18.75512163;388.8028;42.1352;24.0;0.8;285.527
1753873647.18;2.0;49.20398946;18.75512162;388.8021;42.1352;24.0;0.8;285.508
1753873647.19;2.0;49.20398944;18.75512161;388.8013;42.1352;24.0;0.8;285.491
1753873647.2;2.0;49.20398942;18.7551216;388.8003;42.1352;24.0;0.8;285.467
1753873647.21;2.0;49.2039894;18.75512159;388.8;42.1352;24.0;0.8;285.42
1753873647.22;2.0;49.20398937;18.75512157;388.7999;42.1352;24.0;0.8;285.402
1753873647.23;2.0;49.20398935;18.75512156;388.799;42.1352;24.0;0.8;285.334
1753873647.24;2.0;49.20398933;18.75512154;388.7981;42.1352;24.0;0.8;285.337
1753873647.25;2.0;49.20398931;18.75512152;388.7976;42.1352;24.0;0.8;285.377
1753873647.26;2.0;49.20398929;18.7551215;388.7975;42.1352;24.0;0.8;285.373
1753873647.27;2.0;49.20398926;18.75512149;388.7971;42.1352;24.0;0.8;285.329
1753873647.28;2.0;49.20398924;18.75512146;388.7966;42.1352;24.0;0.8;285.332
1753873647.29;2.0;49.20398922;18.75512144;388.796;42.1352;24.0;0.8;285.361
1753873647.3;2.0;49.2039892;18.75512143;388.7953;42.1352;24.0;0.8;285.344
1753873647.31;2.0;49.20398918;18.7551214;388.795;42.1352;24.0;0.8;285.336
1753873647.32;2.0;49.20398916;18.75512138;388.7949;42.1352;24.0;0.8;285.312
1753873647.33;2.0;49.20398914;18.75512135;388.7948;42.1352;24.0;0.8;285.267
1753873647.34;2.0;49.20398911;18.75512133;388.7945;42.1352;24.0;0.8;285.225
1753873647.35;2.0;49.20398909;18.75512131;388.7944;42.1352;24.0;0.8;285.226
1753873647.36;2.0;49.20398907;18.75512129;388.7935;42.1352;24.0;0.8;285.224
1753873647.37;2.0;49.20398905;18.75512127;388.7927;42.1352;24.0;0.8;285.183
1753873647.38;2.0;49.20398903;18.75512126;388.7922;42.1352;24.0;0.8;285.204
1753873647.39;2.0;49.20398901;18.75512123;388.7919;42.1352;24.0;0.8;285.215
1753873647.4;2.0;49.20398899;18.75512121;388.7922;42.1352;24.0;0.8;285.227
1753873647.41;2.0;49.20398897;18.75512119;388.7923;42.1352;24.0;0.8;285.22
1753873647.42;2.0;49.20398895;18.75512117;388.7922;42.1352;24.0;0.8;285.256
1753873647.43;2.0;49.20398893;18.75512116;388.7917;42.1352;24.0;0.8;285.277
1753873647.44;2.0;49.20398891;18.75512113;388.7912;42.1352;24.0;0.8;285.306
1753873647.45;2.0;49.20398889;18.75512111;388.7907;42.1352;24.0;0.8;285.294
1753873647.46;2.0;49.20398887;18.75512109;388.7904;42.1352;24.0;0.8;285.3
1753873647.47;2.0;49.20398885;18.75512108;388.7903;42.1352;24.0;0.8;285.29
1753873647.48;2.0;49.20398883;18.75512106;388.7903;42.1352;24.0;0.8;285.285
1753873647.49;2.0;49.20398881;18.75512104;388.7898;42.1352;24.0;0.8;285.289
1753873647.5;2.0;49.20398879;18.75512102;388.7891;42.1352;24.0;0.8;285.319
1753873647.51;2.0;49.20398877;18.755121;388.7883;42.1352;24.0;0.8;285.414
1753873647.52;2.0;49.20398875;18.75512099;388.7877;42.1352;24.0;0.8;285.449
1753873647.53;2.0;49.20398872;18.75512097;388.7876;42.1352;24.0;0.8;285.432
1753873647.54;2.0;49.2039887;18.75512095;388.7873;42.1352;24.0;0.8;285.488
1753873647.55;2.0;49.20398868;18.75512093;388.7872;42.1352;24.0;0.8;285.604
1753873647.56;2.0;49.20398866;18.75512091;388.7865;42.1352;24.0;0.8;285.689
1753873647.57;2.0;49.20398863;18.75512089;388.7864;42.1352;24.0;0.8;285.734
1753873647.58;2.0;49.20398861;18.75512087;388.7863;42.1352;24.0;0.8;285.799
1753873647.59;2.0;49.20398858;18.75512085;388.7858;42.1352;24.0;0.8;285.886
1753873647.6;2.0;49.20398855;18.75512084;388.7851;42.1352;24.0;0.8;285.926
1753873647.61;2.0;49.20398853;18.75512082;388.7839;42.1352;24.0;0.8;285.991
1753873647.62;2.0;49.2039885;18.7551208;388.7829;42.1352;24.0;0.8;286.005
1753873647.63;2.0;49.20398848;18.75512079;388.7821;42.1352;24.0;0.8;286.036
1753873647.64;2.0;49.20398846;18.75512077;388.7814;42.1352;24.0;0.8;286.058
1753873647.65;2.0;49.20398844;18.75512075;388.7804;42.1352;24.0;0.8;286.066
1753873647.66;2.0;49.20398842;18.75512073;388.7793;42.1352;24.0;0.8;286.053
1753873647.67;2.0;49.2039884;18.75512072;388.7779;42.1352;24.0;0.8;286.032
1753873647.68;2.0;49.20398839;18.75512069;388.7764;42.1352;24.0;0.8;286.048
1753873647.69;2.0;49.20398837;18.75512067;388.7757;42.1352;24.0;0.8;286.057
1753873647.7;2.0;49.20398835;18.75512065;388.7755;42.1352;24.0;0.8;286.016
1753873647.71;2.0;49.20398834;18.75512063;388.7748;42.1352;24.0;0.8;285.952
1753873647.72;2.0;49.20398832;18.75512061;388.7743;42.1352;24.0;0.8;285.931
1753873647.73;2.0;49.2039883;18.75512059;388.7737;42.1352;24.0;0.8;285.937
1753873647.74;2.0;49.20398829;18.75512057;388.7727;42.1352;24.0;0.8;285.915
1753873647.75;2.0;49.20398827;18.75512054;388.7718;42.1352;24.0;0.8;285.875
1753873647.76;2.0;49.20398826;18.75512052;388.7713;42.1352;24.0;0.8;285.791
1753873647.77;2.0;49.20398824;18.7551205;388.7706;42.1352;24.0;0.8;285.729
1753873647.78;2.0;49.20398823;18.75512047;388.7701;42.1352;24.0;0.8;285.713
1753873647.79;2.0;49.20398821;18.75512045;388.7697;42.1352;24.0;0.8;285.764
1753873647.8;2.0;49.2039882;18.75512043;388.7695;42.1352;24.0;0.8;285.782
1753873647.81;2.0;49.20398818;18.7551204;388.7686;42.1352;24.0;0.8;285.754
1753873647.82;2.0;49.20398817;18.75512037;388.7679;42.1352;24.0;0.8;285.726
1753873647.83;2.0;49.20398815;18.75512035;388.7679;42.1352;24.0;0.8;285.668
1753873647.84;2.0;49.20398814;18.75512033;388.7672;42.1352;24.0;0.8;285.599
1753873647.85;2.0;49.20398813;18.7551203;388.7665;42.1352;24.0;0.8;285.549
1753873647.86;2.0;49.20398812;18.75512028;388.765;42.1352;24.0;0.8;285.49
1753873647.87;2.0;49.2039881;18.75512026;388.7637;42.1352;24.0;0.8;285.448
1753873647.88;2.0;49.20398808;18.75512024;388.7635;42.1352;24.0;0.8;285.467
1753873647.89;2.0;49.20398807;18.75512021;388.7633;42.1352;24.0;0.8;285.449
1753873647.9;2.0;49.20398805;18.75512018;388.7629;42.1352;24.0;0.8;285.431
1753873647.91;2.0;49.20398803;18.75512016;388.7621;42.1352;24.0;0.8;285.37
1753873647.92;2.0;49.20398802;18.75512013;388.7612;42.1352;24.0;0.8;285.31
1753873647.93;2.0;49.203988;18.75512011;388.7598;42.1352;24.0;0.8;285.343
1753873647.94;2.0;49.20398798;18.75512009;388.7592;42.1352;24.0;0.8;285.357
1753873647.95;2.0;49.20398797;18.75512006;388.7589;42.1352;24.0;0.8;285.356
1753873647.96;2.0;49.20398795;18.75512003;388.7586;42.1352;24.0;0.8;285.32
1753873647.97;2.0;49.20398793;18.75512001;388.7581;42.1352;24.0;0.8;285.264
1753873647.98;2.0;49.20398791;18.75511998;388.7574;42.1352;24.0;0.8;285.271
1753873647.99;2.0;49.20398788;18.75511996;388.7568;42.1352;24.0;0.8;285.314
1753873648.0;2.0;49.20398786;18.75511993;388.7566;42.1352;24.0;0.8;285.289
1753873648.01;2.0;49.20398784;18.7551199;388.7562;42.1352;24.0;0.8;285.334
1753873648.02;2.0;49.20398782;18.75511988;388.7559;42.1352;24.0;0.8;285.391
1753873648.03;2.0;49.2039878;18.75511985;388.7558;42.1352;24.0;0.8;285.399
1753873648.04;2.0;49.20398778;18.75511983;388.755;42.1352;24.0;0.8;285.414
1753873648.05;2.0;49.20398776;18.7551198;388.7546;42.1352;24.0;0.8;285.458
1753873648.06;2.0;49.20398774;18.75511977;388.7546;42.1352;24.0;0.8;285.508
1753873648.07;2.0;49.20398771;18.75511974;388.7544;42.1352;25.0;0.7;285.521
1753873648.08;2.0;49.20398769;18.75511972;388.7539;42.1352;25.0;0.7;285.567
1753873648.09;2.0;49.20398767;18.75511969;388.7532;42.1352;25.0;0.7;285.691
1753873648.1;2.0;49.20398765;18.75511967;388.7515;42.1352;25.0;0.7;285.739
1753873648.11;2.0;49.20398763;18.75511964;388.7499;42.1352;25.0;0.7;285.785
1753873648.12;2.0;49.2039876;18.75511961;388.749;42.1352;25.0;0.7;285.86
1753873648.13;2.0;49.20398758;18.75511959;388.7485;42.1352;25.0;0.7;285.905
1753873648.14;2.0;49.20398756;18.75511956;388.748;42.1352;25.0;0.7;285.908
1753873648.15;2.0;49.20398754;18.75511954;388.7472;42.1352;25.0;0.7;285.934
1753873648.16;2.0;49.20398752;18.75511952;388.7463;42.1352;25.0;0.7;285.964
1753873648.17;2.0;49.20398749;18.7551195;388.7457;42.1352;25.0;0.7;286.005
1753873648.18;2.0;49.20398747;18.75511948;388.7453;42.1352;25.0;0.7;285.979
1753873648.19;2.0;49.20398746;18.75511946;388.7443;42.1352;25.0;0.7;286.029
1753873648.2;2.0;49.20398744;18.75511944;388.7434;42.1352;25.0;0.7;286.086
1753873648.21;2.0;49.20398743;18.75511942;388.743;42.1352;25.0;0.7;286.144
1753873648.22;2.0;49.2039874;18.7551194;388.7428;42.1352;25.0;0.7;286.213
1753873648.23;2.0;49.20398739;18.75511937;388.7422;42.1352;25.0;0.7;286.19
1753873648.24;2.0;49.20398737;18.75511935;388.7415;42.1352;25.0;0.7;286.077
1753873648.25;2.0;49.20398735;18.75511932;388.741;42.1352;25.0;0.7;286.032
1753873648.26;2.0;49.20398733;18.7551193;388.7398;42.1352;25.0;0.7;286.024
1753873648.27;2.0;49.20398731;18.75511928;388.7385;42.1352;25.0;0.7;286.02
1753873648.28;2.0;49.20398729;18.75511927;388.7373;42.1352;25.0;0.7;285.985
1753873648.29;2.0;49.20398727;18.75511924;388.7361;42.1352;25.0;0.7;285.987
1753873648.3;2.0;49.20398725;18.75511923;388.7344;42.1352;25.0;0.7;286.01
1753873648.31;2.0;49.20398723;18.75511921;388.7327;42.1352;25.0;0.7;286.013
1753873648.32;2.0;49.20398721;18.75511919;388.7317;42.1352;25.0;0.7;285.986
1753873648.33;2.0;49.20398719;18.75511918;388.7308;42.1352;25.0;0.7;285.94
1753873648.34;2.0;49.20398717;18.75511916;388.7299;42.1352;25.0;0.7;285.885
1753873648.35;2.0;49.20398715;18.75511914;388.7291;42.1352;25.0;0.7;285.915
1753873648.36;2.0;49.20398713;18.75511912;388.7284;42.1352;25.0;0.7;285.895
1753873648.37;2.0;49.20398712;18.7551191;388.7274;42.1352;25.0;0.7;285.876
1753873648.38;2.0;49.20398709;18.75511908;388.7265;42.1352;25.0;0.7;285.817
1753873648.39;2.0;49.20398707;18.75511906;388.7245;42.1352;25.0;0.7;285.793
1753873648.4;2.0;49.20398705;18.75511904;388.7228;42.1352;25.0;0.7;285.779
1753873648.41;2.0;49.20398703;18.75511902;388.7213;42.1352;25.0;0.7;285.712
1753873648.42;2.0;49.20398701;18.755119;388.7198;42.1352;25.0;0.7;285.681
1753873648.43;2.0;49.20398699;18.75511897;388.7188;42.1352;25.0;0.7;285.721
1753873648.44;2.0;49.20398697;18.75511895;388.7177;42.1352;25.0;0.7;285.747
1753873648.45;2.0;49.20398695;18.75511893;388.7164;42.1352;25.0;0.7;285.731
1753873648.46;2.0;49.20398693;18.75511892;388.715;42.1352;25.0;0.7;285.727
1753873648.47;2.0;49.20398691;18.7551189;388.7138;42.1352;25.0;0.7;285.681
1753873648.48;2.0;49.20398689;18.75511889;388.7127;42.1352;25.0;0.7;285.604
1753873648.49;2.0;49.20398687;18.75511887;388.7111;42.1352;25.0;0.7;285.542
1753873648.5;2.0;49.20398685;18.75511885;388.7098;42.1352;25.0;0.7;285.513
1753873648.51;2.0;49.20398683;18.75511884;388.7086;42.1352;25.0;0.7;285.512
1753873648.52;2.0;49.20398681;18.75511881;388.7069;42.1352;25.0;0.7;285.543
1753873648.53;2.0;49.20398679;18.7551188;388.7049;42.1352;25.0;0.7;285.548
1753873648.54;2.0;49.20398677;18.75511877;388.7032;42.1352;25.0;0.7;285.552
1753873648.55;2.0;49.20398674;18.75511875;388.7022;42.1352;25.0;0.7;285.575
1753873648.56;2.0;49.20398673;18.75511873;388.701;42.1352;25.0;0.7;285.555
1753873648.57;2.0;49.20398671;18.75511873;388.7006;42.1352;25.0;0.7;285.552
1753873648.58;2.0;49.2039867;18.75511872;388.7008;42.1352;25.0;0.7;285.516
1753873648.59;2.0;49.20398668;18.75511872;388.7008;42.1352;25.0;0.7;285.534
1753873648.6;2.0;49.20398666;18.75511871;388.7007;42.1352;25.0;0.7;285.598
1753873648.61;2.0;49.20398664;18.7551187;388.7004;42.1352;25.0;0.7;285.675
1753873648.62;2.0;49.20398662;18.75511869;388.7002;42.1352;25.0;0.7;285.741
1753873648.63;2.0;49.2039866;18.75511868;388.6998;42.1352;24.0;0.7;285.768
1753873648.64;2.0;49.20398658;18.75511868;388.6993;42.1352;24.0;0.7;285.761
1753873648.65;2.0;49.20398656;18.75511867;388.6986;42.1352;24.0;0.7;285.743
1753873648.66;2.0;49.20398654;18.75511867;388.6983;42.1352;24.0;0.7;285.753
1753873648.67;2.0;49.20398651;18.75511866;388.6977;42.1352;24.0;0.7;285.769
1753873648.68;2.0;49.2039865;18.75511865;388.6972;42.1352;24.0;0.7;285.817
1753873648.69;2.0;49.20398648;18.75511864;388.6965;42.1352;24.0;0.7;285.902
1753873648.7;2.0;49.20398646;18.75511864;388.6952;42.1352;24.0;0.7;285.864
1753873648.71;2.0;49.20398643;18.75511863;388.6939;42.1352;24.0;0.7;285.835
1753873648.72;2.0;49.20398641;18.75511863;388.6924;42.1352;24.0;0.7;285.847
1753873648.73;2.0;49.20398639;18.75511862;388.6903;42.1352;24.0;0.7;285.829
1753873648.74;2.0;49.20398637;18.75511862;388.6887;42.1352;24.0;0.7;285.857
1753873648.75;2.0;49.20398635;18.7551186;388.6872;42.1352;24.0;0.7;285.904
1753873648.76;2.0;49.20398633;18.75511859;388.6861;42.1352;24.0;0.7;285.923
1753873648.77;2.0;49.2039863;18.75511857;388.6849;42.1352;24.0;0.7;285.89
1753873648.78;2.0;49.20398628;18.75511856;388.6833;42.1352;24.0;0.7;285.865
1753873648.79;2.0;49.20398626;18.75511855;388.6822;42.1352;24.0;0.7;285.849
1753873648.8;2.0;49.20398624;18.75511854;388.6814;42.1352;24.0;0.7;285.852
1753873648.81;2.0;49.20398621;18.75511852;388.6806;42.1352;24.0;0.7;285.865
1753873648.82;2.0;49.20398619;18.75511851;388.6798;42.1352;24.0;0.7;285.833
1753873648.83;2.0;49.20398617;18.7551185;388.6789;42.1352;24.0;0.7;285.802
1753873648.84;2.0;49.20398614;18.75511848;388.6782;42.1352;24.0;0.7;285.765
1753873648.85;2.0;49.20398612;18.75511846;388.6775;42.1352;24.0;0.7;285.747
1753873648.86;2.0;49.2039861;18.75511845;388.6764;42.1352;24.0;0.7;285.662
1753873648.87;2.0;49.20398608;18.75511844;388.6749;42.1352;24.0;0.7;285.609
1753873648.88;2.0;49.20398606;18.75511843;388.6738;42.1352;24.0;0.7;285.607
1753873648.89;2.0;49.20398604;18.75511843;388.6731;42.1352;24.0;0.7;285.575
1753873648.9;2.0;49.20398603;18.75511842;388.6723;42.1352;24.0;0.7;285.588
1753873648.91;2.0;49.20398601;18.75511841;388.6712;42.1352;24.0;0.7;285.546
1753873648.92;2.0;49.20398599;18.75511841;388.67;42.1352;24.0;0.7;285.536
1753873648.93;2.0;49.20398596;18.7551184;388.669;42.1352;24.0;0.7;285.524
1753873648.94;2.0;49.20398594;18.75511839;388.6682;42.1352;24.0;0.7;285.489
1753873648.95;2.0;49.20398592;18.75511838;388.6669;42.1352;24.0;0.7;285.462
1753873648.96;2.0;49.2039859;18.75511837;388.6656;42.1352;24.0;0.7;285.506
1753873648.97;2.0;49.20398587;18.75511836;388.6646;42.1352;24.0;0.7;285.583
1753873648.98;2.0;49.20398585;18.75511835;388.663;42.1352;24.0;0.7;285.634
1753873648.99;2.0;49.20398582;18.75511834;388.6617;42.1352;24.0;0.7;285.587
1753873649.0;2.0;49.2039858;18.75511834;388.6605;42.1352;24.0;0.7;285.567
1753873649.01;2.0;49.20398577;18.75511833;388.6597;42.1352;24.0;0.7;285.585
1753873649.02;2.0;49.20398575;18.75511832;388.6588;42.1352;24.0;0.7;285.572
1753873649.03;2.0;49.20398573;18.7551183;388.6581;42.1352;24.0;0.7;285.616
1753873649.04;2.0;49.2039857;18.75511829;388.6572;42.1352;24.0;0.7;285.631
1753873649.05;2.0;49.20398567;18.75511828;388.6562;42.1352;24.0;0.7;285.589
1753873649.06;2.0;49.20398565;18.75511827;388.655;42.1352;24.0;0.7;285.571
1753873649.07;2.0;49.20398563;18.75511826;388.6539;42.1352;24.0;0.7;285.591
1753873649.08;2.0;49.20398561;18.75511824;388.6528;42.1352;24.0;0.7;285.584
1753873649.09;2.0;49.20398558;18.75511823;388.6517;42.1352;24.0;0.7;285.529
1753873649.1;2.0;49.20398556;18.75511822;388.6508;42.1352;23.0;0.9;285.512
1753873649.11;2.0;49.20398554;18.75511821;388.6498;42.1352;23.0;0.9;285.552
1753873649.12;2.0;49.20398551;18.7551182;388.6491;42.1352;23.0;0.9;285.625
1753873649.13;2.0;49.20398549;18.75511819;388.6487;42.1352;23.0;0.9;285.709
1753873649.14;2.0;49.20398547;18.75511818;388.6482;42.1352;23.0;0.9;285.744
1753873649.15;2.0;49.20398545;18.75511817;388.6471;42.1352;23.0;0.9;285.746
1753873649.16;2.0;49.20398542;18.75511816;388.6462;42.1352;23.0;0.9;285.735
1753873649.17;2.0;49.2039854;18.75511815;388.6452;42.1352;23.0;0.9;285.719
1753873649.18;2.0;49.20398537;18.75511814;388.6443;42.1352;23.0;0.9;285.759
1753873649.19;2.0;49.20398535;18.75511813;388.643;42.1352;23.0;0.9;285.756
1753873649.2;2.0;49.20398532;18.75511811;388.6422;42.1352;23.0;0.9;285.765
1753873649.21;2.0;49.2039853;18.7551181;388.6414;42.1352;23.0;0.9;285.8
1753873649.22;2.0;49.20398528;18.75511809;388.6413;42.1352;23.0;0.9;285.802
1753873649.23;2.0;49.20398525;18.75511808;388.6407;42.1352;23.0;0.9;285.815
1753873649.24;2.0;49.20398523;18.75511807;388.6398;42.1352;23.0;0.9;285.8
1753873649.25;2.0;49.20398521;18.75511806;388.6389;42.1352;23.0;0.9;285.781
1753873649.26;2.0;49.20398518;18.75511805;388.638;42.1352;23.0;0.9;285.754
1753873649.27;2.0;49.20398516;18.75511803;388.637;42.1352;23.0;0.9;285.726
1753873649.28;2.0;49.20398514;18.75511802;388.6365;42.1352;23.0;0.9;285.647
1753873649.29;2.0;49.20398511;18.75511801;388.6362;42.1352;23.0;0.9;285.622
1753873649.3;2.0;49.20398508;18.755118;388.6359;42.1352;23.0;0.9;285.646
1753873649.31;2.0;49.20398506;18.75511799;388.635;42.1352;23.0;0.9;285.694
1753873649.32;2.0;49.20398504;18.75511798;388.6344;42.1352;23.0;0.9;285.706
1753873649.33;2.0;49.20398501;18.75511797;388.6341;42.1352;23.0;0.9;285.665
1753873649.34;2.0;49.20398499;18.75511795;388.6331;42.1352;23.0;0.9;285.652
1753873649.35;2.0;49.20398497;18.75511795;388.6315;42.1352;23.0;0.9;285.692
1753873649.36;2.0;49.20398494;18.75511794;388.6299;42.1352;23.0;0.9;285.735
1753873649.37;2.0;49.20398492;18.75511793;388.6289;42.1352;23.0;0.9;285.732
1753873649.38;2.0;49.20398489;18.75511792;388.6284;42.1352;23.0;0.9;285.746
1753873649.39;2.0;49.20398487;18.75511791;388.6281;42.1352;23.0;0.9;285.81
1753873649.4;2.0;49.20398485;18.7551179;388.6274;42.1352;23.0;0.9;285.862
1753873649.41;2.0;49.20398482;18.75511789;388.6264;42.1352;23.0;0.9;285.837
1753873649.42;2.0;49.20398479;18.75511787;388.626;42.1352;23.0;0.9;285.818
1753873649.43;2.0;49.20398477;18.75511786;388.6256;42.1352;23.0;0.9;285.802
1753873649.44;2.0;49.20398474;18.75511785;388.6248;42.1352;23.0;0.9;285.841
1753873649.45;2.0;49.20398471;18.75511784;388.6244;42.1352;23.0;0.9;285.898
1753873649.46;2.0;49.20398469;18.75511783;388.6243;42.1352;23.0;0.9;285.897
1753873649.47;2.0;49.20398466;18.75511782;388.6237;42.1352;23.0;0.9;285.897
1753873649.48;2.0;49.20398464;18.75511781;388.6229;42.1352;23.0;0.9;285.856
1753873649.49;2.0;49.20398462;18.7551178;388.6226;42.1352;23.0;0.9;285.777
1753873649.5;2.0;49.20398459;18.75511779;388.6221;42.1352;23.0;0.9;285.703
1753873649.51;2.0;49.20398457;18.75511778;388.6216;42.1352;23.0;0.9;285.665
1753873649.52;2.0;49.20398454;18.75511777;388.6212;42.1352;23.0;0.9;285.64
1753873649.53;2.0;49.20398452;18.75511776;388.6208;42.1352;23.0;0.9;285.67
1753873649.54;2.0;49.2039845;18.75511774;388.6201;42.1352;23.0;0.9;285.734
1753873649.55;2.0;49.20398447;18.75511773;388.6191;42.1352;23.0;0.9;285.761
1753873649.56;2.0;49.20398445;18.75511772;388.6176;42.1352;23.0;0.9;285.727
1753873649.57;2.0;49.20398442;18.75511771;388.6164;42.1352;23.0;0.9;285.731
1753873649.58;2.0;49.2039844;18.7551177;388.6158;42.1352;23.0;0.9;285.786
1753873649.59;2.0;49.20398437;18.75511768;388.6163;42.1352;23.0;0.9;285.801
1753873649.6;2.0;49.20398434;18.75511767;388.6169;42.1352;23.0;0.9;285.782
1753873649.61;2.0;49.20398431;18.75511766;388.6164;42.1352;23.0;0.9;285.743
1753873649.62;2.0;49.20398429;18.75511765;388.6156;42.1352;23.0;0.9;285.695
1753873649.63;2.0;49.20398427;18.75511764;388.6142;42.1352;23.0;0.9;285.689
1753873649.64;2.0;49.20398424;18.75511763;388.613;42.1352;23.0;0.9;285.694
1753873649.65;2.0;49.20398421;18.75511762;388.6126;42.1352;23.0;0.9;285.708
1753873649.66;2.0;49.20398419;18.75511761;388.6124;42.1352;23.0;0.9;285.72
1753873649.67;2.0;49.20398416;18.75511761;388.6116;42.1352;23.0;0.9;285.749
1753873649.68;2.0;49.20398413;18.75511761;388.6104;42.1352;23.0;0.9;285.756
1753873649.69;2.0;49.20398411;18.7551176;388.6092;42.1352;23.0;0.9;285.75
1753873649.7;2.0;49.20398408;18.7551176;388.6086;42.1352;23.0;0.9;285.721
1753873649.71;2.0;49.20398405;18.75511759;388.6084;42.1352;23.0;0.9;285.717
1753873649.72;2.0;49.20398402;18.75511759;388.6084;42.1352;23.0;0.9;285.76
1753873649.73;2.0;49.20398399;18.75511758;388.6082;42.1352;23.0;0.9;285.823
1753873649.74;2.0;49.20398396;18.75511757;388.6076;42.1352;23.0;0.9;285.841
1753873649.75;2.0;49.20398394;18.75511757;388.607;42.1352;23.0;0.9;285.817
1753873649.76;2.0;49.20398391;18.75511757;388.6064;42.1352;23.0;0.9;285.782
1753873649.77;2.0;49.20398389;18.75511756;388.6059;42.1352;23.0;0.9;285.743
1753873649.78;2.0;49.20398386;18.75511755;388.6056;42.1352;23.0;0.9;285.676
1753873649.79;2.0;49.20398384;18.75511754;388.6047;42.1352;23.0;0.9;285.613
1753873649.8;2.0;49.20398383;18.75511753;388.6035;42.1352;23.0;0.9;285.581
1753873649.81;2.0;49.20398381;18.75511753;388.6025;42.1352;23.0;0.9;285.554
1753873649.82;2.0;49.20398378;18.75511752;388.6013;42.1352;23.0;0.9;285.502
1753873649.83;2.0;49.20398376;18.75511751;388.6006;42.1352;23.0;0.9;285.476
1753873649.84;2.0;49.20398374;18.75511751;388.6002;42.1352;23.0;0.9;285.422
1753873649.85;2.0;49.20398371;18.7551175;388.5991;42.1352;23.0;0.9;285.396
1753873649.86;2.0;49.20398369;18.75511749;388.5983;42.1352;23.0;0.9;285.391
1753873649.87;2.0;49.20398366;18.75511748;388.5975;42.1352;23.0;0.9;285.367
1753873649.88;2.0;49.20398363;18.75511748;388.5966;42.1352;23.0;0.9;285.355
1753873649.89;2.0;49.2039836;18.75511747;388.5962;42.1352;23.0;0.9;285.419
1753873649.9;2.0;49.20398357;18.75511746;388.596;42.1352;23.0;0.9;285.453
1753873649.91;2.0;49.20398354;18.75511745;388.5954;42.1352;23.0;0.9;285.433
1753873649.92;2.0;49.20398351;18.75511744;388.5945;42.1352;23.0;0.9;285.421
1753873649.93;2.0;49.20398349;18.75511743;388.5938;42.1352;23.0;0.9;285.433
1753873649.94;2.0;49.20398345;18.75511743;388.5931;42.1352;23.0;0.9;285.42
1753873649.95;2.0;49.20398343;18.75511743;388.5915;42.1352;23.0;0.9;285.382
1753873649.96;2.0;49.2039834;18.75511743;388.5899;42.1352;23.0;0.9;285.329
1753873649.97;2.0;49.20398338;18.75511742;388.5888;42.1352;23.0;0.9;285.288
1753873649.98;2.0;49.20398335;18.75511742;388.5873;42.1352;23.0;0.9;285.197
1753873649.99;2.0;49.20398332;18.75511742;388.5867;42.1352;23.0;0.9;285.098
1753873650.0;2.0;49.2039833;18.75511741;388.5862;42.1352;23.0;0.9;285.046
1753873650.01;2.0;49.20398326;18.75511739;388.5858;42.1352;23.0;0.9;285.08
1753873650.02;2.0;49.20398324;18.75511738;388.5854;42.1352;23.0;0.9;285.124
1753873650.03;2.0;49.20398321;18.75511738;388.5847;42.1352;23.0;0.9;285.137
1753873650.04;2.0;49.20398318;18.75511737;388.584;42.1352;23.0;0.9;285.135
1753873650.05;2.0;49.20398316;18.75511736;388.5827;42.1352;23.0;0.9;285.105
1753873650.06;2.0;49.20398313;18.75511736;388.5815;42.1352;23.0;0.9;285.046
1753873650.07;2.0;49.2039831;18.75511735;388.5806;42.1352;23.0;0.9;285.024
1753873650.08;2.0;49.20398308;18.75511734;388.5799;42.1352;23.0;0.9;285.065
1753873650.09;2.0;49.20398305;18.75511733;388.5797;42.1352;23.0;0.9;285.112
1753873650.1;2.0;49.20398302;18.75511732;388.5796;42.1352;23.0;0.9;285.135
1753873650.11;2.0;49.20398299;18.7551173;388.5796;42.1352;23.0;0.9;285.241
1753873650.12;2.0;49.20398296;18.75511729;388.5793;42.1352;23.0;0.9;285.329
1753873650.13;2.0;49.20398293;18.75511729;388.5786;42.1352;23.0;0.9;285.361
1753873650.14;2.0;49.20398291;18.75511728;388.5779;42.1352;23.0;0.9;285.386
1753873650.15;2.0;49.20398288;18.75511728;388.5767;42.1352;23.0;0.9;285.37
1753873650.16;2.0;49.20398286;18.75511727;388.5754;42.1352;23.0;0.9;285.345
1753873650.17;2.0;49.20398283;18.75511727;388.575;42.1352;23.0;0.9;285.33
1753873650.18;2.0;49.20398281;18.75511726;388.5745;42.1352;23.0;0.9;285.263
1753873650.19;2.0;49.20398278;18.75511725;388.574;42.1352;23.0;0.9;285.192
1753873650.2;2.0;49.20398275;18.75511723;388.5737;42.1352;23.0;0.9;285.152
1753873650.21;2.0;49.20398272;18.75511722;388.5732;42.1352;23.0;0.9;285.169
1753873650.22;2.0;49.20398269;18.75511721;388.5729;42.1352;23.0;0.9;285.168
1753873650.23;2.0;49.20398266;18.7551172;388.5731;42.1352;23.0;0.9;285.165
1753873650.24;2.0;49.20398263;18.75511718;388.573;42.1352;23.0;0.9;285.15
1753873650.25;2.0;49.2039826;18.75511717;388.5737;42.1352;23.0;0.9;285.185
1753873650.26;2.0;49.20398257;18.75511716;388.5746;42.1352;23.0;0.9;285.234
1753873650.27;2.0;49.20398253;18.75511714;388.5752;42.1352;23.0;0.9;285.268
1753873650.28;2.0;49.2039825;18.75511712;388.5756;42.1352;23.0;0.9;285.343
1753873650.29;2.0;49.20398247;18.75511712;388.5761;42.1352;23.0;0.9;285.362
1753873650.3;2.0;49.20398244;18.75511711;388.5767;42.1352;23.0;0.9;285.318
1753873650.31;2.0;49.2039824;18.75511709;388.5774;42.1352;23.0;0.9;285.343
1753873650.32;2.0;49.20398237;18.75511707;388.5782;42.1352;23.0;0.9;285.363
1753873650.33;2.0;49.20398233;18.75511706;388.5787;42.1352;23.0;0.9;285.423
1753873650.34;2.0;49.2039823;18.75511705;388.5788;42.1352;23.0;0.9;285.449
1753873650.35;2.0;49.20398227;18.75511704;388.579;42.1352;23.0;0.9;285.472
1753873650.36;2.0;49.20398224;18.75511703;388.5794;42.1352;23.0;0.9;285.491
1753873650.37;2.0;49.20398221;18.75511702;388.5798;42.1352;23.0;0.9;285.474
1753873650.38;2.0;49.20398217;18.75511701;388.5798;42.1352;23.0;0.9;285.486
1753873650.39;2.0;49.20398214;18.75511699;388.5798;42.1352;23.0;0.9;285.563
1753873650.4;2.0;49.20398211;18.75511698;388.5799;42.1352;23.0;0.9;285.64
1753873650.41;2.0;49.20398208;18.75511697;388.5806;42.1352;23.0;0.9;285.66
1753873650.42;2.0;49.20398205;18.75511696;388.5812;42.1352;23.0;0.9;285.653
1753873650.43;2.0;49.20398202;18.75511695;388.5817;42.1352;23.0;0.9;285.698
1753873650.44;2.0;49.20398199;18.75511694;388.582;42.1352;23.0;0.9;285.67
1753873650.45;2.0;49.20398196;18.75511694;388.5825;42.1352;23.0;0.9;285.627
1753873650.46;2.0;49.20398193;18.75511692;388.583;42.1352;23.0;0.9;285.611
1753873650.47;2.0;49.2039819;18.7551169;388.5839;42.1352;23.0;0.9;285.623
1753873650.48;2.0;49.20398186;18.75511688;388.5846;42.1352;23.0;0.9;285.588
1753873650.49;2.0;49.20398183;18.75511687;388.5855;42.1352;23.0;0.9;285.577
1753873650.5;2.0;49.2039818;18.75511685;388.5855;42.1352;23.0;0.9;285.545
1753873650.51;2.0;49.20398177;18.75511684;388.5853;42.1352;23.0;0.9;285.543
1753873650.52;2.0;49.20398174;18.75511683;388.5853;42.1352;23.0;0.9;285.567
1753873650.53;2.0;49.20398171;18.75511681;388.5856;42.1352;23.0;0.9;285.557
1753873650.54;2.0;49.20398167;18.75511679;388.5869;42.1352;23.0;0.9;285.565
1753873650.55;2.0;49.20398164;18.75511677;388.588;42.1352;23.0;0.9;285.594
1753873650.56;2.0;49.2039816;18.75511675;388.5892;42.1352;23.0;0.9;285.646
1753873650.57;2.0;49.20398158;18.75511674;388.5896;42.1352;23.0;0.9;285.643
1753873650.58;2.0;49.20398156;18.75511674;388.5898;42.1352;23.0;0.9;285.662
1753873650.59;2.0;49.20398154;18.75511673;388.5904;42.1352;23.0;0.9;285.689
1753873650.6;2.0;49.20398152;18.75511672;388.5911;42.1352;23.0;0.9;285.748
1753873650.61;2.0;49.2039815;18.75511671;388.5911;42.1352;23.0;0.9;285.754
1753873650.62;2.0;49.20398147;18.75511671;388.591;42.1352;23.0;0.9;285.754
1753873650.63;2.0;49.20398145;18.7551167;388.5911;42.1352;23.0;0.9;285.72
1753873650.64;2.0;49.20398143;18.75511669;388.5913;42.1352;23.0;0.9;285.728
1753873650.65;2.0;49.20398141;18.75511668;388.5911;42.1352;23.0;0.9;285.723
1753873650.66;2.0;49.20398138;18.75511666;388.5905;42.1352;23.0;0.9;285.736
1753873650.67;2.0;49.20398136;18.75511665;388.5901;42.1352;23.0;0.9;285.73
1753873650.68;2.0;49.20398134;18.75511664;388.5902;42.1352;23.0;0.9;285.728
1753873650.69;2.0;49.20398133;18.75511662;388.591;42.1352;23.0;0.9;285.735
1753873650.7;2.0;49.20398131;18.75511661;388.5915;42.1352;23.0;0.9;285.727
1753873650.71;2.0;49.20398128;18.75511659;388.5926;42.1352;23.0;0.9;285.7
1753873650.72;2.0;49.20398126;18.75511657;388.5937;42.1352;23.0;0.9;285.675
1753873650.73;2.0;49.20398124;18.75511654;388.5948;42.1352;23.0;0.9;285.659
1753873650.74;2.0;49.20398122;18.75511652;388.5957;42.1352;23.0;0.9;285.68
1753873650.75;2.0;49.20398119;18.7551165;388.5964;42.1352;23.0;0.9;285.742
1753873650.76;2.0;49.20398117;18.75511647;388.5973;42.1352;23.0;0.9;285.847
1753873650.77;2.0;49.20398115;18.75511645;388.5982;42.1352;23.0;0.9;285.863
1753873650.78;2.0;49.20398112;18.75511643;388.5984;42.1352;23.0;0.9;285.813
1753873650.79;2.0;49.2039811;18.7551164;388.5989;42.1352;23.0;0.9;285.825
1753873650.8;2.0;49.20398107;18.75511639;388.5992;42.1352;23.0;0.9;285.9
1753873650.81;2.0;49.20398105;18.75511636;388.6;42.1352;23.0;0.9;285.994
1753873650.82;2.0;49.20398102;18.75511634;388.6016;42.1352;23.0;0.9;286.049
1753873650.83;2.0;49.203981;18.75511631;388.6029;42.1352;23.0;0.9;286.061
1753873650.84;2.0;49.20398098;18.75511628;388.604;42.1352;23.0;0.9;286.049
1753873650.85;2.0;49.20398095;18.75511625;388.6049;42.1352;23.0;0.9;286.009
1753873650.86;2.0;49.20398093;18.75511622;388.6054;42.1352;23.0;0.9;286.018
1753873650.87;2.0;49.2039809;18.7551162;388.6055;42.1352;23.0;0.9;286.042
1753873650.88;2.0;49.20398088;18.75511618;388.6057;42.1352;23.0;0.9;286.026
1753873650.89;2.0;49.20398086;18.75511615;388.6063;42.1352;23.0;0.9;286.029
1753873650.9;2.0;49.20398083;18.75511612;388.6067;42.1352;23.0;0.9;286.079
1753873650.91;2.0;49.20398081;18.7551161;388.607;42.1352;23.0;0.9;286.159
1753873650.92;2.0;49.20398079;18.75511607;388.6078;42.1352;23.0;0.9;286.148
1753873650.93;2.0;49.20398077;18.75511604;388.6095;42.1352;23.0;0.9;286.129
1753873650.94;2.0;49.20398074;18.75511601;388.6106;42.1352;23.0;0.9;286.131
1753873650.95;2.0;49.20398072;18.75511598;388.611;42.1352;23.0;0.9;286.116
1753873650.96;2.0;49.20398069;18.75511595;388.6115;42.1352;23.0;0.9;286.135
1753873650.97;2.0;49.20398067;18.75511592;388.6123;42.1352;23.0;0.9;286.157
1753873650.98;2.0;49.20398065;18.75511589;388.6132;42.1352;23.0;0.9;286.161
1753873650.99;2.0;49.20398062;18.75511587;388.6139;42.1352;23.0;0.9;286.147
1753873651.0;2.0;49.2039806;18.75511584;388.6147;42.1352;23.0;0.9;286.153
1753873651.01;2.0;49.20398058;18.75511582;388.6157;42.1352;23.0;0.9;286.162
1753873651.02;2.0;49.20398056;18.7551158;388.6166;42.1352;23.0;0.9;286.129
1753873651.03;2.0;49.20398053;18.75511578;388.6175;42.1352;23.0;0.9;286.141
1753873651.04;2.0;49.20398051;18.75511575;388.6174;42.1352;23.0;0.9;286.097
1753873651.05;2.0;49.20398048;18.75511573;388.6174;42.1352;23.0;0.9;286.084
1753873651.06;2.0;49.20398046;18.75511571;388.6181;42.1352;23.0;0.9;286.135
1753873651.07;2.0;49.20398043;18.75511569;388.6192;42.1352;23.0;0.9;286.117
1753873651.08;2.0;49.20398041;18.75511566;388.6202;42.1352;23.0;0.9;286.09
1753873651.09;2.0;49.20398039;18.75511566;388.6204;42.1352;23.0;0.9;286.012
1753873651.1;2.0;49.20398037;18.75511565;388.6197;42.1352;23.0;0.9;285.972
1753873651.11;2.0;49.20398035;18.75511565;388.6191;42.1352;25.0;0.7;286.006
1753873651.12;2.0;49.20398034;18.75511564;388.6187;42.1352;25.0;0.7;286.004
1753873651.13;2.0;49.20398032;18.75511563;388.6188;42.1352;25.0;0.7;286.006
1753873651.14;2.0;49.2039803;18.75511561;388.6188;42.1352;25.0;0.7;286.016
1753873651.15;2.0;49.20398028;18.7551156;388.6187;42.1352;25.0;0.7;286.021
1753873651.16;2.0;49.20398027;18.75511559;388.6186;42.1352;25.0;0.7;286.045
1753873651.17;2.0;49.20398025;18.75511558;388.6189;42.1352;25.0;0.7;286.016
1753873651.18;2.0;49.20398024;18.75511556;388.6197;42.1352;25.0;0.7;285.975
1753873651.19;2.0;49.20398022;18.75511554;388.6202;42.1352;25.0;0.7;285.998
1753873651.2;2.0;49.2039802;18.75511552;388.6206;42.1352;25.0;0.7;286.038
1753873651.21;2.0;49.20398019;18.7551155;388.621;42.1352;25.0;0.7;286.062
1753873651.22;2.0;49.20398017;18.75511549;388.6214;42.1352;25.0;0.7;286.104
1753873651.23;2.0;49.20398016;18.75511546;388.6218;42.1352;25.0;0.7;286.109
1753873651.24;2.0;49.20398015;18.75511544;388.6222;42.1352;25.0;0.7;286.121
1753873651.25;2.0;49.20398013;18.75511542;388.6231;42.1352;25.0;0.7;286.184
1753873651.26;2.0;49.20398012;18.7551154;388.6238;42.1352;25.0;0.7;286.219
1753873651.27;2.0;49.20398011;18.75511537;388.6246;42.1352;25.0;0.7;286.187
1753873651.28;2.0;49.2039801;18.75511535;388.6248;42.1352;25.0;0.7;286.192
1753873651.29;2.0;49.20398009;18.75511533;388.625;42.1352;25.0;0.7;286.193
1753873651.3;2.0;49.20398007;18.75511531;388.6263;42.1352;25.0;0.7;286.217
1753873651.31;2.0;49.20398006;18.7551153;388.6277;42.1352;25.0;0.7;286.213
1753873651.32;2.0;49.20398005;18.75511528;388.6285;42.1352;25.0;0.7;286.229
1753873651.33;2.0;49.20398004;18.75511525;388.6294;42.1352;25.0;0.7;286.264
1753873651.34;2.0;49.20398003;18.75511523;388.6298;42.1352;25.0;0.7;286.239
1753873651.35;2.0;49.20398002;18.75511521;388.6311;42.1352;25.0;0.7;286.207
1753873651.36;2.0;49.20398001;18.75511519;388.6323;42.1352;25.0;0.7;286.216
1753873651.37;2.0;49.20398;18.75511516;388.6336;42.1352;25.0;0.7;286.214
1753873651.38;2.0;49.20397999;18.75511515;388.6342;42.1352;25.0;0.7;286.23
1753873651.39;2.0;49.20397998;18.75511512;388.6352;42.1352;25.0;0.7;286.205
1753873651.4;2.0;49.20397997;18.75511509;388.6367;42.1352;25.0;0.7;286.177
1753873651.41;2.0;49.20397996;18.75511507;388.6377;42.1352;25.0;0.7;286.107
1753873651.42;2.0;49.20397995;18.75511505;388.6385;42.1352;25.0;0.7;286.023
1753873651.43;2.0;49.20397994;18.75511502;388.6396;42.1352;25.0;0.7;286.008
1753873651.44;2.0;49.20397992;18.75511499;388.6412;42.1352;25.0;0.7;286.006
1753873651.45;2.0;49.20397991;18.75511496;388.6423;42.1352;25.0;0.7;286.032
1753873651.46;2.0;49.2039799;18.75511494;388.6435;42.1352;25.0;0.7;286.038
1753873651.47;2.0;49.20397989;18.7551149;388.6448;42.1352;25.0;0.7;286.01
1753873651.48;2.0;49.20397988;18.75511488;388.6464;42.1352;25.0;0.7;285.984
1753873651.49;2.0;49.20397987;18.75511485;388.6479;42.1352;25.0;0.7;285.925
1753873651.5;2.0;49.20397986;18.75511482;388.6494;42.1352;25.0;0.7;285.846
1753873651.51;2.0;49.20397984;18.75511481;388.6505;42.1352;25.0;0.7;285.834
1753873651.52;2.0;49.20397983;18.75511478;388.6517;42.1352;25.0;0.7;285.761
1753873651.53;2.0;49.20397982;18.75511476;388.6525;42.1352;25.0;0.7;285.748
1753873651.54;2.0;49.20397981;18.75511473;388.6536;42.1352;25.0;0.7;285.714
1753873651.55;2.0;49.2039798;18.75511471;388.6543;42.1352;25.0;0.7;285.675
1753873651.56;2.0;49.2039798;18.75511469;388.6551;42.1352;25.0;0.7;285.6
1753873651.57;2.0;49.20397979;18.75511467;388.6559;42.1352;25.0;0.7;285.524
1753873651.58;2.0;49.20397978;18.75511464;388.657;42.1352;25.0;0.7;285.478
1753873651.59;2.0;49.20397976;18.75511462;388.6578;42.1352;25.0;0.7;285.504
1753873651.6;2.0;49.20397975;18.7551146;388.6587;42.1352;25.0;0.7;285.538
1753873651.61;2.0;49.20397974;18.75511458;388.6595;42.1352;25.0;0.7;285.551
1753873651.62;2.0;49.20397974;18.75511456;388.6604;42.1352;25.0;0.7;285.621
1753873651.63;2.0;49.20397973;18.75511455;388.6614;42.1352;25.0;0.7;285.632
1753873651.64;2.0;49.20397972;18.75511453;388.6626;42.1352;25.0;0.7;285.642
1753873651.65;2.0;49.20397971;18.75511451;388.663;42.1352;25.0;0.7;285.671
1753873651.66;2.0;49.2039797;18.7551145;388.6626;42.1352;25.0;0.7;285.688
1753873651.67;2.0;49.20397969;18.75511449;388.6626;42.1352;25.0;0.7;285.691
1753873651.68;2.0;49.20397968;18.75511447;388.6629;42.1352;25.0;0.7;285.716
1753873651.69;2.0;49.20397967;18.75511446;388.6635;42.1352;25.0;0.7;285.739
1753873651.7;2.0;49.20397966;18.75511446;388.6639;42.1352;25.0;0.7;285.78
1753873651.71;2.0;49.20397965;18.75511445;388.6641;42.1352;25.0;0.7;285.789
1753873651.72;2.0;49.20397965;18.75511445;388.6638;42.1352;25.0;0.7;285.78
1753873651.73;2.0;49.20397964;18.75511445;388.6637;42.1352;25.0;0.7;285.807
1753873651.74;2.0;49.20397964;18.75511445;388.6638;42.1352;25.0;0.7;285.795
1753873651.75;2.0;49.20397963;18.75511445;388.6639;42.1352;25.0;0.7;285.759
1753873651.76;2.0;49.20397962;18.75511445;388.664;42.1352;25.0;0.7;285.738
1753873651.77;2.0;49.20397961;18.75511445;388.6642;42.1352;25.0;0.7;285.791
1753873651.78;2.0;49.2039796;18.75511445;388.6643;42.1352;25.0;0.7;285.862
1753873651.79;2.0;49.20397959;18.75511444;388.6643;42.1352;25.0;0.7;285.912
1753873651.8;2.0;49.20397958;18.75511444;388.6641;42.1352;25.0;0.7;285.92
1753873651.81;2.0;49.20397957;18.75511444;388.6648;42.1352;25.0;0.7;285.929
1753873651.82;2.0;49.20397955;18.75511443;388.666;42.1352;25.0;0.7;285.898
1753873651.83;2.0;49.20397955;18.75511443;388.6667;42.1352;25.0;0.7;285.921
1753873651.84;2.0;49.20397953;18.75511442;388.6666;42.1352;25.0;0.7;285.948
1753873651.85;2.0;49.20397952;18.75511442;388.6663;42.1352;25.0;0.7;286.018
1753873651.86;2.0;49.20397951;18.75511442;388.666;42.1352;25.0;0.7;286.067
1753873651.87;2.0;49.2039795;18.75511442;388.6654;42.1352;25.0;0.7;286.074
1753873651.88;2.0;49.20397949;18.75511443;388.6652;42.1352;25.0;0.7;286.06
1753873651.89;2.0;49.20397948;18.75511443;388.6649;42.1352;25.0;0.7;286.065
1753873651.9;2.0;49.20397947;18.75511442;388.6653;42.1352;25.0;0.7;286.077
1753873651.91;2.0;49.20397947;18.75511441;388.6658;42.1352;25.0;0.7;286.129
1753873651.92;2.0;49.20397946;18.75511441;388.6665;42.1352;25.0;0.7;286.137
1753873651.93;2.0;49.20397945;18.7551144;388.6668;42.1352;25.0;0.7;286.167
1753873651.94;2.0;49.20397944;18.75511439;388.6671;42.1352;25.0;0.7;286.178
1753873651.95;2.0;49.20397943;18.75511439;388.6677;42.1352;25.0;0.7;286.116
1753873651.96;2.0;49.20397942;18.75511438;388.6681;42.1352;25.0;0.7;286.042
1753873651.97;2.0;49.20397941;18.75511438;388.6687;42.1352;25.0;0.7;286.041
1753873651.98;2.0;49.2039794;18.75511437;388.6689;42.1352;25.0;0.7;286.056
1753873651.99;2.0;49.2039794;18.75511438;388.669;42.1352;25.0;0.7;286.037
1753873652.0;2.0;49.20397939;18.75511437;388.6694;42.1352;25.0;0.7;286.047
1753873652.01;2.0;49.20397938;18.75511437;388.6697;42.1352;25.0;0.7;286.06
1753873652.02;2.0;49.20397937;18.75511437;388.6707;42.1352;25.0;0.7;286.026
1753873652.03;2.0;49.20397936;18.75511437;388.6714;42.1352;25.0;0.7;285.968
1753873652.04;2.0;49.20397935;18.75511437;388.6723;42.1352;25.0;0.7;285.987
1753873652.05;2.0;49.20397934;18.75511436;388.6727;42.1352;25.0;0.7;286.01
1753873652.06;2.0;49.20397933;18.75511436;388.6729;42.1352;25.0;0.7;285.965
1753873652.07;2.0;49.20397932;18.75511436;388.673;42.1352;25.0;0.7;285.95
1753873652.08;2.0;49.20397931;18.75511435;388.6732;42.1352;25.0;0.7;286.001
1753873652.09;2.0;49.2039793;18.75511435;388.6733;42.1352;25.0;0.7;286.034
1753873652.1;2.0;49.20397929;18.75511435;388.6742;42.1352;25.0;0.7;286.018
1753873652.11;2.0;49.20397928;18.75511435;388.6749;42.1352;25.0;0.7;286.045
1753873652.12;2.0;49.20397926;18.75511435;388.6755;42.1352;25.0;0.7;286.062
1753873652.13;2.0;49.20397925;18.75511435;388.6759;42.1352;25.0;0.7;286.085
1753873652.14;2.0;49.20397923;18.75511435;388.6766;42.1352;25.0;0.7;286.161
1753873652.15;2.0;49.20397922;18.75511436;388.6775;42.1352;25.0;0.7;286.195
1753873652.16;2.0;49.20397921;18.75511436;388.6785;42.1352;25.0;0.7;286.177
1753873652.17;2.0;49.20397919;18.75511436;388.6793;42.1352;25.0;0.7;286.114
1753873652.18;2.0;49.20397917;18.75511437;388.68;42.1352;25.0;0.7;286.075
1753873652.19;2.0;49.20397916;18.75511437;388.681;42.1352;25.0;0.7;286.108
1753873652.2;2.0;49.20397914;18.75511437;388.6825;42.1352;25.0;0.7;286.139
1753873652.21;2.0;49.20397912;18.75511436;388.6839;42.1352;25.0;0.7;286.162
1753873652.22;2.0;49.20397911;18.75511436;388.6847;42.1352;25.0;0.7;286.182
1753873652.23;2.0;49.2039791;18.75511437;388.6856;42.1352;25.0;0.7;286.177
1753873652.24;2.0;49.20397908;18.75511437;388.6862;42.1352;25.0;0.7;286.138
1753873652.25;2.0;49.20397907;18.75511438;388.6867;42.1352;25.0;0.7;286.108
1753873652.26;2.0;49.20397905;18.75511438;388.6875;42.1352;25.0;0.7;286.065
1753873652.27;2.0;49.20397904;18.75511438;388.6882;42.1352;25.0;0.7;286.074
1753873652.28;2.0;49.20397902;18.75511438;388.6891;42.1352;25.0;0.7;286.109
1753873652.29;2.0;49.20397901;18.75511439;388.6895;42.1352;25.0;0.7;286.116
1753873652.3;2.0;49.203979;18.75511439;388.6897;42.1352;25.0;0.7;286.106
1753873652.31;2.0;49.20397899;18.7551144;388.6896;42.1352;25.0;0.7;286.14
1753873652.32;2.0;49.20397897;18.7551144;388.6897;42.1352;25.0;0.7;286.221
1753873652.33;2.0;49.20397896;18.75511441;388.6898;42.1352;25.0;0.7;286.296
1753873652.34;2.0;49.20397895;18.75511441;388.6901;42.1352;25.0;0.7;286.373
1753873652.35;2.0;49.20397894;18.75511442;388.69;42.1352;25.0;0.7;286.412
1753873652.36;2.0;49.20397892;18.75511442;388.6904;42.1352;25.0;0.7;286.401
1753873652.37;2.0;49.20397891;18.75511442;388.6911;42.1352;25.0;0.7;286.378
1753873652.38;2.0;49.20397889;18.75511442;388.6921;42.1352;25.0;0.7;286.377
1753873652.39;2.0;49.20397888;18.75511443;388.6923;42.1352;25.0;0.7;286.401
1753873652.4;2.0;49.20397887;18.75511443;388.6923;42.1352;25.0;0.7;286.42
1753873652.41;2.0;49.20397886;18.75511444;388.693;42.1352;25.0;0.7;286.429
1753873652.42;2.0;49.20397884;18.75511444;388.6936;42.1352;25.0;0.7;286.436
1753873652.43;2.0;49.20397883;18.75511445;388.6935;42.1352;25.0;0.7;286.461
1753873652.44;2.0;49.20397882;18.75511445;388.6936;42.1352;25.0;0.7;286.446
1753873652.45;2.0;49.2039788;18.75511445;388.6939;42.1352;25.0;0.7;286.488
1753873652.46;2.0;49.20397879;18.75511446;388.6942;42.1352;25.0;0.7;286.467
1753873652.47;2.0;49.20397878;18.75511446;388.6948;42.1352;25.0;0.7;286.407
1753873652.48;2.0;49.20397876;18.75511446;388.6954;42.1352;25.0;0.7;286.334
1753873652.49;2.0;49.20397875;18.75511447;388.6961;42.1352;25.0;0.7;286.33
1753873652.5;2.0;49.20397874;18.75511447;388.6968;42.1352;25.0;0.7;286.327
1753873652.51;2.0;49.20397872;18.75511447;388.6974;42.1352;25.0;0.7;286.294
1753873652.52;2.0;49.20397871;18.75511446;388.698;42.1352;25.0;0.7;286.227
1753873652.53;2.0;49.2039787;18.75511447;388.6981;42.1352;25.0;0.7;286.196
1753873652.54;2.0;49.20397869;18.75511447;388.698;42.1352;25.0;0.7;286.217
1753873652.55;2.0;49.20397868;18.75511448;388.6975;42.1352;25.0;0.7;286.236
1753873652.56;2.0;49.20397867;18.75511448;388.6974;42.1352;25.0;0.7;286.216
1753873652.57;2.0;49.20397865;18.75511448;388.6976;42.1352;25.0;0.7;286.193
1753873652.58;2.0;49.20397863;18.75511447;388.6975;42.1352;25.0;0.7;286.193
1753873652.59;2.0;49.20397862;18.75511446;388.6976;42.1352;25.0;0.7;286.231
1753873652.6;2.0;49.2039786;18.75511446;388.6972;42.1352;25.0;0.7;286.208
1753873652.61;2.0;49.20397858;18.75511446;388.6969;42.1352;25.0;0.7;286.214
1753873652.62;2.0;49.20397857;18.75511446;388.6971;42.1352;25.0;0.7;286.266
1753873652.63;2.0;49.20397855;18.75511446;388.6969;42.1352;25.0;0.7;286.245
1753873652.64;2.0;49.20397853;18.75511446;388.6965;42.1352;25.0;0.7;286.155
1753873652.65;2.0;49.20397851;18.75511446;388.696;42.1352;25.0;0.7;286.097
1753873652.66;2.0;49.2039785;18.75511446;388.6958;42.1352;25.0;0.7;286.072
1753873652.67;2.0;49.20397848;18.75511446;388.6955;42.1352;25.0;0.7;286.043
1753873652.68;2.0;49.20397846;18.75511446;388.6951;42.1352;25.0;0.7;286.057
1753873652.69;2.0;49.20397845;18.75511446;388.6946;42.1352;25.0;0.7;286.121
1753873652.7;2.0;49.20397843;18.75511446;388.6941;42.1352;25.0;0.7;286.085
1753873652.71;2.0;49.20397841;18.75511446;388.6938;42.1352;25.0;0.7;286.055
1753873652.72;2.0;49.2039784;18.75511446;388.6937;42.1352;25.0;0.7;285.997
1753873652.73;2.0;49.20397838;18.75511446;388.6939;42.1352;25.0;0.7;285.901
1753873652.74;2.0;49.20397836;18.75511446;388.694;42.1352;25.0;0.7;285.807
1753873652.75;2.0;49.20397834;18.75511446;388.6943;42.1352;25.0;0.7;285.734
1753873652.76;2.0;49.20397833;18.75511446;388.6943;42.1352;25.0;0.7;285.719
1753873652.77;2.0;49.20397831;18.75511446;388.6941;42.1352;25.0;0.7;285.712
1753873652.78;2.0;49.20397829;18.75511446;388.6936;42.1352;25.0;0.7;285.735
1753873652.79;2.0;49.20397827;18.75511446;388.6935;42.1352;25.0;0.7;285.709
1753873652.8;2.0;49.20397825;18.75511446;388.6932;42.1352;25.0;0.7;285.712
1753873652.81;2.0;49.20397823;18.75511446;388.6925;42.1352;25.0;0.7;285.734
1753873652.82;2.0;49.20397821;18.75511446;388.6917;42.1352;25.0;0.7;285.818
1753873652.83;2.0;49.20397819;18.75511446;388.691;42.1352;25.0;0.7;285.871
1753873652.84;2.0;49.20397818;18.75511446;388.6902;42.1352;25.0;0.7;285.881
1753873652.85;2.0;49.20397816;18.75511446;388.6898;42.1352;25.0;0.7;285.945
1753873652.86;2.0;49.20397814;18.75511446;388.6893;42.1352;25.0;0.7;286.011
1753873652.87;2.0;49.20397812;18.75511446;388.6891;42.1352;25.0;0.7;286.06
1753873652.88;2.0;49.2039781;18.75511446;388.6894;42.1352;25.0;0.7;286.092
1753873652.89;2.0;49.20397808;18.75511446;388.6897;42.1352;25.0;0.7;286.144
1753873652.9;2.0;49.20397805;18.75511445;388.69;42.1352;25.0;0.7;286.162
1753873652.91;2.0;49.20397803;18.75511445;388.6895;42.1352;25.0;0.7;286.182
1753873652.92;2.0;49.20397801;18.75511444;388.689;42.1352;25.0;0.7;286.241
1753873652.93;2.0;49.203978;18.75511444;388.6891;42.1352;25.0;0.7;286.307
1753873652.94;2.0;49.20397798;18.75511444;388.6888;42.1352;25.0;0.7;286.346
1753873652.95;2.0;49.20397796;18.75511444;388.6888;42.1352;25.0;0.7;286.412
1753873652.96;2.0;49.20397795;18.75511443;388.6892;42.1352;25.0;0.7;286.434
1753873652.97;2.0;49.20397793;18.75511444;388.6892;42.1352;25.0;0.7;286.435
1753873652.98;2.0;49.20397791;18.75511443;388.6894;42.1352;25.0;0.7;286.38
1753873652.99;2.0;49.20397789;18.75511443;388.6893;42.1352;25.0;0.7;286.336
1753873653.0;2.0;49.20397787;18.75511443;388.6887;42.1352;25.0;0.7;286.343
1753873653.01;2.0;49.20397786;18.75511443;388.6877;42.1352;25.0;0.7;286.353
1753873653.02;2.0;49.20397784;18.75511443;388.6868;42.1352;25.0;0.7;286.405
1753873653.03;2.0;49.20397782;18.75511442;388.6864;42.1352;25.0;0.7;286.454
1753873653.04;2.0;49.2039778;18.75511443;388.6861;42.1352;25.0;0.7;286.441
1753873653.05;2.0;49.20397779;18.75511443;388.6857;42.1352;25.0;0.7;286.422
1753873653.06;2.0;49.20397777;18.75511443;388.6855;42.1352;25.0;0.7;286.379
1753873653.07;2.0;49.20397775;18.75511443;388.6852;42.1352;25.0;0.7;286.342
1753873653.08;2.0;49.20397774;18.75511442;388.6853;42.1352;25.0;0.7;286.304
1753873653.09;2.0;49.20397772;18.75511442;388.6853;42.1352;25.0;0.7;286.233
1753873653.1;2.0;49.2039777;18.75511442;388.6851;42.1352;25.0;0.7;286.183
1753873653.11;2.0;49.20397768;18.75511442;388.6851;42.1352;25.0;0.7;286.154
1753873653.12;2.0;49.20397766;18.75511441;388.6852;42.1352;25.0;0.7;286.147
1753873653.13;2.0;49.20397763;18.75511441;388.6851;42.1352;25.0;0.7;286.125
1753873653.14;2.0;49.2039776;18.75511441;388.6855;42.1352;25.0;0.7;286.052
1753873653.15;2.0;49.20397758;18.75511441;388.6857;42.1352;25.0;0.7;286.028
1753873653.16;2.0;49.20397756;18.7551144;388.6859;42.1352;25.0;0.7;286.039
1753873653.17;2.0;49.20397753;18.75511439;388.6857;42.1352;25.0;0.7;286.018
1753873653.18;2.0;49.20397751;18.75511439;388.6852;42.1352;25.0;0.7;286.038
1753873653.19;2.0;49.20397748;18.75511439;388.6848;42.1352;25.0;0.7;285.998
1753873653.2;2.0;49.20397746;18.75511439;388.6846;42.1352;25.0;0.7;285.969
1753873653.21;2.0;49.20397743;18.75511439;388.6845;42.1352;25.0;0.7;285.959
1753873653.22;2.0;49.20397741;18.75511438;388.6841;42.1352;25.0;0.7;285.873
1753873653.23;2.0;49.20397739;18.75511438;388.6836;42.1352;25.0;0.7;285.825
1753873653.24;2.0;49.20397736;18.75511438;388.6835;42.1352;25.0;0.7;285.782
1753873653.25;2.0;49.20397733;18.75511437;388.6835;42.1352;25.0;0.7;285.754
1753873653.26;2.0;49.2039773;18.75511436;388.6839;42.1352;25.0;0.7;285.749
1753873653.27;2.0;49.20397728;18.75511435;388.6842;42.1352;25.0;0.7;285.733
1753873653.28;2.0;49.20397726;18.75511435;388.6849;42.1352;25.0;0.7;285.727
1753873653.29;2.0;49.20397723;18.75511434;388.6854;42.1352;25.0;0.7;285.674
1753873653.3;2.0;49.20397721;18.75511434;388.6859;42.1352;25.0;0.7;285.672
1753873653.31;2.0;49.20397718;18.75511433;388.6861;42.1352;25.0;0.7;285.723
1753873653.32;2.0;49.20397716;18.75511432;388.6862;42.1352;25.0;0.7;285.743
1753873653.33;2.0;49.20397714;18.75511432;388.6858;42.1352;25.0;0.7;285.788
1753873653.34;2.0;49.20397711;18.75511432;388.6852;42.1352;25.0;0.7;285.846
1753873653.35;2.0;49.20397709;18.75511431;388.685;42.1352;25.0;0.7;285.891
1753873653.36;2.0;49.20397706;18.7551143;388.6854;42.1352;25.0;0.7;285.893
1753873653.37;2.0;49.20397704;18.7551143;388.6858;42.1352;25.0;0.7;285.892
1753873653.38;2.0;49.20397701;18.7551143;388.6858;42.1352;25.0;0.7;285.927
1753873653.39;2.0;49.20397699;18.7551143;388.6856;42.1352;25.0;0.7;285.948
1753873653.4;2.0;49.20397696;18.75511429;388.6853;42.1352;25.0;0.7;285.999
1753873653.41;2.0;49.20397693;18.75511429;388.6853;42.1352;25.0;0.7;286.025
1753873653.42;2.0;49.20397691;18.75511429;388.6854;42.1352;25.0;0.7;286.063
1753873653.43;2.0;49.20397688;18.75511429;388.6857;42.1352;25.0;0.7;286.082
1753873653.44;2.0;49.20397685;18.75511428;388.6858;42.1352;25.0;0.7;286.079
1753873653.45;2.0;49.20397682;18.75511427;388.6863;42.1352;25.0;0.7;286.054
1753873653.46;2.0;49.2039768;18.75511427;388.6869;42.1352;25.0;0.7;286.084
1753873653.47;2.0;49.20397678;18.75511427;388.6869;42.1352;25.0;0.7;286.087
1753873653.48;2.0;49.20397675;18.75511426;388.6866;42.1352;25.0;0.7;286.105
1753873653.49;2.0;49.20397672;18.75511426;388.6865;42.1352;25.0;0.7;286.112
1753873653.5;2.0;49.2039767;18.75511426;388.6865;42.1352;25.0;0.7;286.102
1753873653.51;2.0;49.20397668;18.75511425;388.6867;42.1352;25.0;0.7;286.134
1753873653.52;2.0;49.20397665;18.75511425;388.6868;42.1352;25.0;0.7;286.085
1753873653.53;2.0;49.20397663;18.75511425;388.6872;42.1352;25.0;0.7;286.053
1753873653.54;2.0;49.2039766;18.75511425;388.6881;42.1352;25.0;0.7;286.031
1753873653.55;2.0;49.20397658;18.75511424;388.6889;42.1352;25.0;0.7;285.995
1753873653.56;2.0;49.20397655;18.75511423;388.6893;42.1352;25.0;0.7;285.982
1753873653.57;2.0;49.20397653;18.75511423;388.6893;42.1352;25.0;0.7;285.963
1753873653.58;2.0;49.20397651;18.75511423;388.6892;42.1352;24.0;0.7;285.924
1753873653.59;2.0;49.20397648;18.75511422;388.689;42.1352;24.0;0.7;285.918
1753873653.6;2.0;49.20397646;18.75511421;388.6886;42.1352;24.0;0.7;285.909
1753873653.61;2.0;49.20397644;18.7551142;388.689;42.1352;24.0;0.7;285.935
1753873653.62;2.0;49.20397641;18.75511419;388.6897;42.1352;24.0;0.7;285.938
1753873653.63;2.0;49.20397639;18.75511418;388.6897;42.1352;24.0;0.7;285.9
1753873653.64;2.0;49.20397637;18.75511416;388.6901;42.1352;24.0;0.7;285.9
1753873653.65;2.0;49.20397635;18.75511414;388.6898;42.1352;24.0;0.7;285.845
1753873653.66;2.0;49.20397633;18.75511412;388.6897;42.1352;24.0;0.7;285.785
1753873653.67;2.0;49.20397631;18.7551141;388.6894;42.1352;24.0;0.7;285.77
1753873653.68;2.0;49.20397629;18.75511409;388.6892;42.1352;24.0;0.7;285.75
1753873653.69;2.0;49.20397627;18.75511407;388.6888;42.1352;24.0;0.7;285.717
1753873653.7;2.0;49.20397625;18.75511405;388.6884;42.1352;24.0;0.7;285.689
1753873653.71;2.0;49.20397623;18.75511404;388.6884;42.1352;24.0;0.7;285.693
1753873653.72;2.0;49.2039762;18.75511402;388.6889;42.1352;24.0;0.7;285.694
1753873653.73;2.0;49.20397618;18.755114;388.6889;42.1352;24.0;0.7;285.74
1753873653.74;2.0;49.20397615;18.75511398;388.6889;42.1352;24.0;0.7;285.799
1753873653.75;2.0;49.20397613;18.75511396;388.6886;42.1352;24.0;0.7;285.824
1753873653.76;2.0;49.20397611;18.75511395;388.6881;42.1352;24.0;0.7;285.876
1753873653.77;2.0;49.20397609;18.75511392;388.6875;42.1352;24.0;0.7;285.927
1753873653.78;2.0;49.20397606;18.75511391;388.6866;42.1352;24.0;0.7;285.893
1753873653.79;2.0;49.20397604;18.75511389;388.6863;42.1352;24.0;0.7;285.964
1753873653.8;2.0;49.20397602;18.75511388;388.6858;42.1352;24.0;0.7;286.027
1753873653.81;2.0;49.203976;18.75511386;388.6853;42.1352;24.0;0.7;286.066
1753873653.82;2.0;49.20397598;18.75511385;388.6852;42.1352;24.0;0.7;286.101
1753873653.83;2.0;49.20397596;18.75511384;388.685;42.1352;24.0;0.7;286.082
1753873653.84;2.0;49.20397594;18.75511382;388.6849;42.1352;24.0;0.7;286.079
1753873653.85;2.0;49.20397591;18.75511381;388.6849;42.1352;24.0;0.7;286.101
1753873653.86;2.0;49.20397589;18.75511379;388.6852;42.1352;24.0;0.7;286.159
1753873653.87;2.0;49.20397586;18.75511377;388.6849;42.1352;24.0;0.7;286.201
1753873653.88;2.0;49.20397584;18.75511375;388.6842;42.1352;24.0;0.7;286.281
1753873653.89;2.0;49.20397581;18.75511374;388.684;42.1352;24.0;0.7;286.38
1753873653.9;2.0;49.20397579;18.75511372;388.6836;42.1352;24.0;0.7;286.477
1753873653.91;2.0;49.20397576;18.75511371;388.6832;42.1352;24.0;0.7;286.58
1753873653.92;2.0;49.20397574;18.75511369;388.6828;42.1352;24.0;0.7;286.635
1753873653.93;2.0;49.20397571;18.75511368;388.6822;42.1352;24.0;0.7;286.656
1753873653.94;2.0;49.20397569;18.75511366;388.6819;42.1352;24.0;0.7;286.675
1753873653.95;2.0;49.20397566;18.75511364;388.6819;42.1352;24.0;0.7;286.676
1753873653.96;2.0;49.20397564;18.75511362;388.6817;42.1352;24.0;0.7;286.651
1753873653.97;2.0;49.20397561;18.7551136;388.6818;42.1352;24.0;0.7;286.639
1753873653.98;2.0;49.20397559;18.75511359;388.6814;42.1352;24.0;0.7;286.663
1753873653.99;2.0;49.20397557;18.75511357;388.6812;42.1352;24.0;0.7;286.706
1753873654.0;2.0;49.20397555;18.75511356;388.6808;42.1352;24.0;0.7;286.753
1753873654.01;2.0;49.20397552;18.75511354;388.6804;42.1352;24.0;0.7;286.76
1753873654.02;2.0;49.2039755;18.75511353;388.6799;42.1352;24.0;0.7;286.794
1753873654.03;2.0;49.20397548;18.75511351;388.6796;42.1352;24.0;0.7;286.812
1753873654.04;2.0;49.20397546;18.75511349;388.6796;42.1352;24.0;0.7;286.794
1753873654.05;2.0;49.20397543;18.75511348;388.6793;42.1352;24.0;0.7;286.733
1753873654.06;2.0;49.20397542;18.75511347;388.6787;42.1352;24.0;0.7;286.685
1753873654.07;2.0;49.20397539;18.75511346;388.6782;42.1352;23.0;0.7;286.624
1753873654.08;2.0;49.20397537;18.75511344;388.6779;42.1352;23.0;0.7;286.591
1753873654.09;2.0;49.20397534;18.75511343;388.6779;42.1352;23.0;0.7;286.602
1753873654.1;2.0;49.20397532;18.75511342;388.6777;42.1352;23.0;0.7;286.628
1753873654.11;2.0;49.20397529;18.75511342;388.6774;42.1352;23.0;0.7;286.635
1753873654.12;2.0;49.20397527;18.75511342;388.6773;42.1352;23.0;0.7;286.552
1753873654.13;2.0;49.20397525;18.75511342;388.6769;42.1352;23.0;0.7;286.438
1753873654.14;2.0;49.20397523;18.75511341;388.6765;42.1352;23.0;0.7;286.335
1753873654.15;2.0;49.20397521;18.7551134;388.6766;42.1352;23.0;0.7;286.259
1753873654.16;2.0;49.20397518;18.75511339;388.6772;42.1352;23.0;0.7;286.235
1753873654.17;2.0;49.20397516;18.75511338;388.6777;42.1352;23.0;0.7;286.189
1753873654.18;2.0;49.20397513;18.75511337;388.6783;42.1352;23.0;0.7;286.127
1753873654.19;2.0;49.20397511;18.75511336;388.6784;42.1352;23.0;0.7;286.053
1753873654.2;2.0;49.20397509;18.75511335;388.6782;42.1352;23.0;0.7;285.988
1753873654.21;2.0;49.20397507;18.75511334;388.6781;42.1352;23.0;0.7;285.924
1753873654.22;2.0;49.20397504;18.75511333;388.6782;42.1352;23.0;0.7;285.842
1753873654.23;2.0;49.20397502;18.75511332;388.678;42.1352;23.0;0.7;285.779
1753873654.24;2.0;49.203975;18.75511331;388.6776;42.1352;23.0;0.7;285.733
1753873654.25;2.0;49.20397497;18.75511331;388.6776;42.1352;23.0;0.7;285.675
1753873654.26;2.0;49.20397495;18.7551133;388.6773;42.1352;23.0;0.7;285.644
1753873654.27;2.0;49.20397493;18.7551133;388.677;42.1352;23.0;0.7;285.663
1753873654.28;2.0;49.20397491;18.75511329;388.6768;42.1352;23.0;0.7;285.67
1753873654.29;2.0;49.20397488;18.75511328;388.6772;42.1352;23.0;0.7;285.687
1753873654.3;2.0;49.20397486;18.75511326;388.6779;42.1352;23.0;0.7;285.687
1753873654.31;2.0;49.20397484;18.75511326;388.678;42.1352;23.0;0.7;285.636
1753873654.32;2.0;49.20397481;18.75511325;388.6781;42.1352;23.0;0.7;285.631
1753873654.33;2.0;49.20397479;18.75511324;388.6775;42.1352;23.0;0.7;285.688
1753873654.34;2.0;49.20397476;18.75511323;388.6774;42.1352;23.0;0.7;285.732
1753873654.35;2.0;49.20397474;18.75511322;388.6778;42.1352;23.0;0.7;285.737
1753873654.36;2.0;49.20397471;18.75511321;388.6779;42.1352;23.0;0.7;285.765
1753873654.37;2.0;49.20397468;18.7551132;388.678;42.1352;23.0;0.7;285.816
1753873654.38;2.0;49.20397466;18.7551132;388.6782;42.1352;23.0;0.7;285.853
1753873654.39;2.0;49.20397463;18.75511319;388.6788;42.1352;23.0;0.7;285.882
1753873654.4;2.0;49.20397461;18.75511318;388.6794;42.1352;23.0;0.7;285.91
1753873654.41;2.0;49.20397458;18.75511318;388.6791;42.1352;23.0;0.7;285.954
1753873654.42;2.0;49.20397456;18.75511317;388.6783;42.1352;23.0;0.7;285.984
1753873654.43;2.0;49.20397453;18.75511316;388.6776;42.1352;23.0;0.7;286.022
1753873654.44;2.0;49.20397451;18.75511316;388.6773;42.1352;23.0;0.7;286.014
1753873654.45;2.0;49.20397448;18.75511315;388.677;42.1352;23.0;0.7;286.018
1753873654.46;2.0;49.20397446;18.75511314;388.6771;42.1352;23.0;0.7;286.043
1753873654.47;2.0;49.20397443;18.75511314;388.677;42.1352;23.0;0.7;286.05
1753873654.48;2.0;49.2039744;18.75511313;388.677;42.1352;23.0;0.7;286.071
1753873654.49;2.0;49.20397438;18.75511312;388.6771;42.1352;23.0;0.7;286.129
1753873654.5;2.0;49.20397435;18.75511311;388.6773;42.1352;23.0;0.7;286.181
1753873654.51;2.0;49.20397432;18.7551131;388.6774;42.1352;23.0;0.7;286.23
1753873654.52;2.0;49.20397429;18.75511308;388.6777;42.1352;23.0;0.7;286.279
1753873654.53;2.0;49.20397426;18.75511307;388.6778;42.1352;23.0;0.7;286.282
1753873654.54;2.0;49.20397424;18.75511306;388.6783;42.1352;23.0;0.7;286.275
1753873654.55;2.0;49.20397421;18.75511305;388.6784;42.1352;23.0;0.7;286.237
1753873654.56;2.0;49.20397419;18.75511304;388.6788;42.1352;23.0;0.7;286.186
1753873654.57;2.0;49.20397417;18.75511303;388.6785;42.1352;23.0;0.7;286.143
1753873654.58;2.0;49.20397416;18.75511303;388.6778;42.1352;23.0;0.7;286.106
1753873654.59;2.0;49.20397414;18.75511302;388.6773;42.1352;23.0;0.7;286.093
1753873654.6;2.0;49.20397413;18.75511301;388.6772;42.1352;23.0;0.7;286.018
1753873654.61;2.0;49.20397411;18.755113;388.6771;42.1352;23.0;0.7;285.97
1753873654.62;2.0;49.20397409;18.75511299;388.6765;42.1352;23.0;0.7;285.909
1753873654.63;2.0;49.20397407;18.75511298;388.6758;42.1352;23.0;0.7;285.869
1753873654.64;2.0;49.20397405;18.75511297;388.6759;42.1352;23.0;0.7;285.864
1753873654.65;2.0;49.20397403;18.75511297;388.6755;42.1352;23.0;0.7;285.86
1753873654.66;2.0;49.203974;18.75511296;388.6756;42.1352;23.0;0.7;285.872
1753873654.67;2.0;49.20397398;18.75511295;388.6757;42.1352;23.0;0.7;285.848
1753873654.68;2.0;49.20397395;18.75511295;388.6752;42.1352;23.0;0.7;285.77
1753873654.69;2.0;49.20397392;18.75511294;388.6749;42.1352;23.0;0.7;285.712
1753873654.7;2.0;49.2039739;18.75511294;388.6746;42.1352;23.0;0.7;285.648
1753873654.71;2.0;49.20397388;18.75511293;388.6748;42.1352;23.0;0.7;285.568
1753873654.72;2.0;49.20397385;18.75511293;388.6748;42.1352;23.0;0.7;285.523
1753873654.73;2.0;49.20397381;18.75511292;388.6747;42.1352;23.0;0.7;285.54
1753873654.74;2.0;49.20397378;18.75511292;388.6754;42.1352;23.0;0.7;285.568
1753873654.75;2.0;49.20397375;18.75511292;388.676;42.1352;23.0;0.7;285.564
1753873654.76;2.0;49.20397372;18.75511291;388.6765;42.1352;23.0;0.7;285.549
1753873654.77;2.0;49.2039737;18.75511291;388.6771;42.1352;23.0;0.7;285.531
1753873654.78;2.0;49.20397367;18.75511291;388.6774;42.1352;23.0;0.7;285.567
1753873654.79;2.0;49.20397364;18.75511291;388.6778;42.1352;23.0;0.7;285.587
1753873654.8;2.0;49.20397362;18.7551129;388.6782;42.1352;23.0;0.7;285.632
1753873654.81;2.0;49.20397358;18.7551129;388.6783;42.1352;23.0;0.7;285.691
1753873654.82;2.0;49.20397355;18.75511289;388.678;42.1352;23.0;0.7;285.749
1753873654.83;2.0;49.20397353;18.75511289;388.6779;42.1352;23.0;0.7;285.77
1753873654.84;2.0;49.2039735;18.75511289;388.6777;42.1352;23.0;0.7;285.789
1753873654.85;2.0;49.20397347;18.75511289;388.6775;42.1352;23.0;0.7;285.862
1753873654.86;2.0;49.20397344;18.75511289;388.6772;42.1352;23.0;0.7;285.965
1753873654.87;2.0;49.20397341;18.75511289;388.6774;42.1352;23.0;0.7;286.025
1753873654.88;2.0;49.20397339;18.7551129;388.6769;42.1352;23.0;0.7;286.05
1753873654.89;2.0;49.20397336;18.75511289;388.6765;42.1352;23.0;0.7;286.12
1753873654.9;2.0;49.20397334;18.75511289;388.6768;42.1352;23.0;0.7;286.24
1753873654.91;2.0;49.20397331;18.75511289;388.6771;42.1352;23.0;0.7;286.261
1753873654.92;2.0;49.20397328;18.75511289;388.6774;42.1352;23.0;0.7;286.263
1753873654.93;2.0;49.20397325;18.75511289;388.6771;42.1352;23.0;0.7;286.265
1753873654.94;2.0;49.20397322;18.7551129;388.6768;42.1352;23.0;0.7;286.291
1753873654.95;2.0;49.2039732;18.7551129;388.6768;42.1352;23.0;0.7;286.36
1753873654.96;2.0;49.20397317;18.75511289;388.6768;42.1352;23.0;0.7;286.41
1753873654.97;2.0;49.20397314;18.75511289;388.6764;42.1352;23.0;0.7;286.439
1753873654.98;2.0;49.20397312;18.75511289;388.6763;42.1352;23.0;0.7;286.475
1753873654.99;2.0;49.20397309;18.75511289;388.6761;42.1352;23.0;0.7;286.506
1753873655.0;2.0;49.20397307;18.7551129;388.6758;42.1352;23.0;0.7;286.558
1753873655.01;2.0;49.20397304;18.7551129;388.6758;42.1352;23.0;0.7;286.526
1753873655.02;2.0;49.20397301;18.7551129;388.6753;42.1352;23.0;0.7;286.523
1753873655.03;2.0;49.20397299;18.7551129;388.6747;42.1352;23.0;0.7;286.514
1753873655.04;2.0;49.20397296;18.75511291;388.6745;42.1352;23.0;0.7;286.507
1753873655.05;2.0;49.20397294;18.75511291;388.6745;42.1352;23.0;0.7;286.479
1753873655.06;2.0;49.20397291;18.7551129;388.6746;42.1352;23.0;0.7;286.446
1753873655.07;2.0;49.20397288;18.75511291;388.6743;42.1352;23.0;0.7;286.409
1753873655.08;2.0;49.20397286;18.75511291;388.674;42.1352;23.0;0.7;286.378
1753873655.09;2.0;49.20397283;18.75511291;388.6741;42.1352;23.0;0.7;286.315
1753873655.1;2.0;49.2039728;18.75511291;388.675;42.1352;25.0;0.7;286.262
1753873655.11;2.0;49.20397278;18.75511291;388.675;42.1352;25.0;0.7;286.149
1753873655.12;2.0;49.20397275;18.75511291;388.6753;42.1352;25.0;0.7;286.067
1753873655.13;2.0;49.20397273;18.75511291;388.6757;42.1352;25.0;0.7;286.022
1753873655.14;2.0;49.2039727;18.75511291;388.6762;42.1352;25.0;0.7;285.921
1753873655.15;2.0;49.20397268;18.75511291;388.6764;42.1352;25.0;0.7;285.906
1753873655.16;2.0;49.20397265;18.75511291;388.6759;42.1352;25.0;0.7;285.87
1753873655.17;2.0;49.20397262;18.75511292;388.6753;42.1352;25.0;0.7;285.866
1753873655.18;2.0;49.2039726;18.75511292;388.6748;42.1352;25.0;0.7;285.842
1753873655.19;2.0;49.20397257;18.75511293;388.6744;42.1352;25.0;0.7;285.8
1753873655.2;2.0;49.20397254;18.75511293;388.6739;42.1352;25.0;0.7;285.747
1753873655.21;2.0;49.20397252;18.75511293;388.6736;42.1352;25.0;0.7;285.685
1753873655.22;2.0;49.20397249;18.75511293;388.6736;42.1352;25.0;0.7;285.64
1753873655.23;2.0;49.20397246;18.75511294;388.6737;42.1352;25.0;0.7;285.677
1753873655.24;2.0;49.20397243;18.75511294;388.6735;42.1352;25.0;0.7;285.679
1753873655.25;2.0;49.2039724;18.75511294;388.6738;42.1352;25.0;0.7;285.7
1753873655.26;2.0;49.20397237;18.75511295;388.674;42.1352;25.0;0.7;285.731
1753873655.27;2.0;49.20397235;18.75511296;388.6738;42.1352;25.0;0.7;285.721
1753873655.28;2.0;49.20397232;18.75511296;388.6732;42.1352;25.0;0.7;285.724
1753873655.29;2.0;49.2039723;18.75511297;388.673;42.1352;25.0;0.7;285.735
1753873655.3;2.0;49.20397227;18.75511297;388.6734;42.1352;25.0;0.7;285.738
1753873655.31;2.0;49.20397224;18.75511297;388.6733;42.1352;25.0;0.7;285.742
1753873655.32;2.0;49.20397222;18.75511297;388.6733;42.1352;25.0;0.7;285.708
1753873655.33;2.0;49.20397219;18.75511298;388.6732;42.1352;25.0;0.7;285.692
1753873655.34;2.0;49.20397217;18.75511299;388.673;42.1352;25.0;0.7;285.667
1753873655.35;2.0;49.20397214;18.75511299;388.6728;42.1352;25.0;0.7;285.617
1753873655.36;2.0;49.20397211;18.75511299;388.6727;42.1352;25.0;0.7;285.621
1753873655.37;2.0;49.20397208;18.755113;388.6726;42.1352;25.0;0.7;285.649
1753873655.38;2.0;49.20397206;18.755113;388.6726;42.1352;25.0;0.7;285.682
1753873655.39;2.0;49.20397203;18.755113;388.673;42.1352;25.0;0.7;285.716
1753873655.4;2.0;49.203972;18.755113;388.6736;42.1352;25.0;0.7;285.73
1753873655.41;2.0;49.20397198;18.755113;388.6737;42.1352;25.0;0.7;285.768
1753873655.42;2.0;49.20397195;18.755113;388.6739;42.1352;25.0;0.7;285.823
1753873655.43;2.0;49.20397193;18.75511301;388.6739;42.1352;25.0;0.7;285.873
1753873655.44;2.0;49.2039719;18.75511301;388.6734;42.1352;25.0;0.7;285.891
1753873655.45;2.0;49.20397188;18.75511302;388.6728;42.1352;25.0;0.7;285.925
1753873655.46;2.0;49.20397185;18.75511302;388.6723;42.1352;25.0;0.7;285.924
1753873655.47;2.0;49.20397183;18.75511303;388.672;42.1352;25.0;0.7;285.968
1753873655.48;2.0;49.20397181;18.75511303;388.6717;42.1352;25.0;0.7;285.991
1753873655.49;2.0;49.20397178;18.75511304;388.6715;42.1352;25.0;0.7;285.989
1753873655.5;2.0;49.20397176;18.75511304;388.6717;42.1352;25.0;0.7;285.961
1753873655.51;2.0;49.20397173;18.75511304;388.6716;42.1352;25.0;0.7;285.902
1753873655.52;2.0;49.20397171;18.75511304;388.6715;42.1352;25.0;0.7;285.868
1753873655.53;2.0;49.20397168;18.75511305;388.6714;42.1352;25.0;0.7;285.844
1753873655.54;2.0;49.20397165;18.75511305;388.6714;42.1352;25.0;0.7;285.85
1753873655.55;2.0;49.20397163;18.75511306;388.6713;42.1352;25.0;0.7;285.855
1753873655.56;2.0;49.2039716;18.75511306;388.6708;42.1352;25.0;0.7;285.807
1753873655.57;2.0;49.20397158;18.75511307;388.6707;42.1352;25.0;0.7;285.746
1753873655.58;2.0;49.20397155;18.75511307;388.6703;42.1352;24.0;0.7;285.697
1753873655.59;2.0;49.20397153;18.75511307;388.6696;42.1352;24.0;0.7;285.67
1753873655.6;2.0;49.2039715;18.75511307;388.6692;42.1352;24.0;0.7;285.713
1753873655.61;2.0;49.20397148;18.75511306;388.6691;42.1352;24.0;0.7;285.706
1753873655.62;2.0;49.20397146;18.75511306;388.6689;42.1352;24.0;0.7;285.634
1753873655.63;2.0;49.20397144;18.75511306;388.6684;42.1352;24.0;0.7;285.591
1753873655.64;2.0;49.20397142;18.75511306;388.6675;42.1352;24.0;0.7;285.567
1753873655.65;2.0;49.2039714;18.75511306;388.6671;42.1352;24.0;0.7;285.545
1753873655.66;2.0;49.20397138;18.75511306;388.6674;42.1352;24.0;0.7;285.568
1753873655.67;2.0;49.20397136;18.75511305;388.6679;42.1352;24.0;0.7;285.567
1753873655.68;2.0;49.20397134;18.75511305;388.6679;42.1352;24.0;0.7;285.543
1753873655.69;2.0;49.20397132;18.75511304;388.6678;42.1352;24.0;0.7;285.503
1753873655.7;2.0;49.2039713;18.75511304;388.6673;42.1352;24.0;0.7;285.469
1753873655.71;2.0;49.20397128;18.75511303;388.6671;42.1352;24.0;0.7;285.44
1753873655.72;2.0;49.20397126;18.75511302;388.6669;42.1352;24.0;0.7;285.368
1753873655.73;2.0;49.20397124;18.75511301;388.6668;42.1352;24.0;0.7;285.299
1753873655.74;2.0;49.20397122;18.75511301;388.6665;42.1352;24.0;0.7;285.286
1753873655.75;2.0;49.2039712;18.755113;388.666;42.1352;24.0;0.7;285.273
1753873655.76;2.0;49.20397119;18.755113;388.6663;42.1352;24.0;0.7;285.209
1753873655.77;2.0;49.20397117;18.755113;388.667;42.1352;24.0;0.7;285.194
1753873655.78;2.0;49.20397115;18.75511299;388.6674;42.1352;24.0;0.7;285.208
1753873655.79;2.0;49.20397113;18.75511298;388.6668;42.1352;24.0;0.7;285.177
1753873655.8;2.0;49.20397111;18.75511298;388.6657;42.1352;24.0;0.7;285.187
1753873655.81;2.0;49.20397109;18.75511298;388.6651;42.1352;24.0;0.7;285.223
1753873655.82;2.0;49.20397107;18.75511297;388.6646;42.1352;24.0;0.7;285.318
1753873655.83;2.0;49.20397105;18.75511297;388.6643;42.1352;24.0;0.7;285.44
1753873655.84;2.0;49.20397103;18.75511296;388.6639;42.1352;24.0;0.7;285.56
1753873655.85;2.0;49.203971;18.75511296;388.6634;42.1352;24.0;0.7;285.659
1753873655.86;2.0;49.20397098;18.75511295;388.6636;42.1352;24.0;0.7;285.697
1753873655.87;2.0;49.20397096;18.75511294;388.6637;42.1352;24.0;0.7;285.724
1753873655.88;2.0;49.20397094;18.75511293;388.6635;42.1352;24.0;0.7;285.8
1753873655.89;2.0;49.20397092;18.75511293;388.6631;42.1352;24.0;0.7;285.835
1753873655.9;2.0;49.2039709;18.75511292;388.6633;42.1352;24.0;0.7;285.898
1753873655.91;2.0;49.20397088;18.75511292;388.6634;42.1352;24.0;0.7;285.857
1753873655.92;2.0;49.20397086;18.75511291;388.6636;42.1352;24.0;0.7;285.749
1753873655.93;2.0;49.20397083;18.75511289;388.6641;42.1352;24.0;0.7;285.693
1753873655.94;2.0;49.2039708;18.75511288;388.6638;42.1352;24.0;0.7;285.648
1753873655.95;2.0;49.20397078;18.75511288;388.6638;42.1352;24.0;0.7;285.599
1753873655.96;2.0;49.20397076;18.75511286;388.6643;42.1352;24.0;0.7;285.55
1753873655.97;2.0;49.20397073;18.75511285;388.6647;42.1352;24.0;0.7;285.489
1753873655.98;2.0;49.20397071;18.75511285;388.6645;42.1352;24.0;0.7;285.45
1753873655.99;2.0;49.20397068;18.75511285;388.6645;42.1352;24.0;0.7;285.435
1753873656.0;2.0;49.20397066;18.75511285;388.6646;42.1352;24.0;0.7;285.393
1753873656.01;2.0;49.20397063;18.75511284;388.665;42.1352;24.0;0.7;285.36
1753873656.02;2.0;49.20397061;18.75511284;388.6648;42.1352;24.0;0.7;285.339
1753873656.03;2.0;49.20397059;18.75511285;388.6644;42.1352;24.0;0.7;285.312
1753873656.04;2.0;49.20397056;18.75511285;388.664;42.1352;24.0;0.7;285.315
1753873656.05;2.0;49.20397054;18.75511286;388.6634;42.1352;24.0;0.7;285.379
1753873656.06;2.0;49.20397052;18.75511287;388.6626;42.1352;24.0;0.7;285.4
1753873656.07;2.0;49.20397049;18.75511287;388.6622;42.1352;24.0;0.7;285.415
1753873656.08;2.0;49.20397048;18.75511288;388.662;42.1352;24.0;0.7;285.427
1753873656.09;2.0;49.20397046;18.75511288;388.6619;42.1352;24.0;0.7;285.401
1753873656.1;2.0;49.20397045;18.75511288;388.6616;42.1352;24.0;0.7;285.407
1753873656.11;2.0;49.20397044;18.75511288;388.6614;42.1352;24.0;0.7;285.406
1753873656.12;2.0;49.20397043;18.75511288;388.6606;42.1352;24.0;0.7;285.404
1753873656.13;2.0;49.20397042;18.75511288;388.6596;42.1352;24.0;0.7;285.353
1753873656.14;2.0;49.20397041;18.75511287;388.6593;42.1352;24.0;0.7;285.275
1753873656.15;2.0;49.20397039;18.75511286;388.6599;42.1352;24.0;0.7;285.25
1753873656.16;2.0;49.20397038;18.75511286;388.6596;42.1352;24.0;0.7;285.241
1753873656.17;2.0;49.20397038;18.75511286;388.6593;42.1352;24.0;0.7;285.234
1753873656.18;2.0;49.20397037;18.75511285;388.6587;42.1352;24.0;0.7;285.206
1753873656.19;2.0;49.20397036;18.75511284;388.658;42.1352;24.0;0.7;285.163
1753873656.2;2.0;49.20397035;18.75511283;388.6575;42.1352;24.0;0.7;285.139
1753873656.21;2.0;49.20397034;18.75511283;388.6571;42.1352;24.0;0.7;285.118
1753873656.22;2.0;49.20397032;18.75511282;388.6568;42.1352;24.0;0.7;285.072
1753873656.23;2.0;49.2039703;18.75511281;388.6562;42.1352;24.0;0.7;285.066
1753873656.24;2.0;49.20397029;18.7551128;388.6555;42.1352;24.0;0.7;285.105
1753873656.25;2.0;49.20397027;18.75511278;388.6552;42.1352;24.0;0.7;285.18
1753873656.26;2.0;49.20397025;18.75511277;388.6554;42.1352;24.0;0.7;285.234
1753873656.27;2.0;49.20397023;18.75511275;388.6553;42.1352;24.0;0.7;285.28
1753873656.28;2.0;49.20397021;18.75511275;388.6549;42.1352;24.0;0.7;285.348
1753873656.29;2.0;49.20397019;18.75511274;388.6539;42.1352;24.0;0.7;285.431
1753873656.3;2.0;49.20397018;18.75511274;388.6532;42.1352;24.0;0.7;285.452
1753873656.31;2.0;49.20397017;18.75511273;388.6524;42.1352;24.0;0.7;285.457
1753873656.32;2.0;49.20397015;18.75511271;388.6521;42.1352;24.0;0.7;285.553
1753873656.33;2.0;49.20397013;18.7551127;388.6522;42.1352;24.0;0.7;285.647
1753873656.34;2.0;49.20397012;18.75511267;388.6522;42.1352;24.0;0.7;285.758
1753873656.35;2.0;49.2039701;18.75511266;388.6519;42.1352;24.0;0.7;285.862
1753873656.36;2.0;49.20397009;18.75511266;388.6511;42.1352;24.0;0.7;285.863
1753873656.37;2.0;49.20397008;18.75511264;388.6504;42.1352;24.0;0.7;285.863
1753873656.38;2.0;49.20397006;18.75511263;388.6499;42.1352;24.0;0.7;285.888
1753873656.39;2.0;49.20397005;18.75511261;388.6498;42.1352;24.0;0.7;285.87
1753873656.4;2.0;49.20397003;18.7551126;388.6496;42.1352;24.0;0.7;285.873
1753873656.41;2.0;49.20397002;18.75511259;388.6491;42.1352;24.0;0.7;285.842
1753873656.42;2.0;49.20397001;18.75511258;388.6486;42.1352;24.0;0.7;285.806
1753873656.43;2.0;49.20397;18.75511258;388.6482;42.1352;24.0;0.7;285.761
1753873656.44;2.0;49.20396998;18.75511257;388.6477;42.1352;24.0;0.7;285.727
1753873656.45;2.0;49.20396997;18.75511256;388.6468;42.1352;24.0;0.7;285.71
1753873656.46;2.0;49.20396995;18.75511255;388.6462;42.1352;24.0;0.7;285.658
1753873656.47;2.0;49.20396994;18.75511254;388.6458;42.1352;24.0;0.7;285.636
1753873656.48;2.0;49.20396992;18.75511254;388.6458;42.1352;24.0;0.7;285.617
1753873656.49;2.0;49.20396991;18.75511253;388.6457;42.1352;24.0;0.7;285.602
1753873656.5;2.0;49.20396989;18.75511252;388.6455;42.1352;24.0;0.7;285.611
1753873656.51;2.0;49.20396987;18.75511252;388.6449;42.1352;24.0;0.7;285.652
1753873656.52;2.0;49.20396986;18.75511251;388.6444;42.1352;24.0;0.7;285.717
1753873656.53;2.0;49.20396985;18.75511251;388.6434;42.1352;24.0;0.7;285.755
1753873656.54;2.0;49.20396983;18.75511251;388.6426;42.1352;24.0;0.7;285.731
1753873656.55;2.0;49.20396982;18.7551125;388.6423;42.1352;24.0;0.7;285.747
1753873656.56;2.0;49.2039698;18.75511249;388.6419;42.1352;24.0;0.7;285.772
1753873656.57;2.0;49.20396979;18.75511248;388.6416;42.1352;24.0;0.7;285.799
1753873656.58;2.0;49.20396977;18.75511248;388.6411;42.1352;24.0;0.7;285.858
1753873656.59;2.0;49.20396976;18.75511248;388.6408;42.1352;24.0;0.7;285.907
1753873656.6;2.0;49.20396974;18.75511248;388.6407;42.1352;24.0;0.7;285.91
1753873656.61;2.0;49.20396973;18.75511247;388.6404;42.1352;24.0;0.7;285.849
1753873656.62;2.0;49.20396973;18.75511247;388.6398;42.1352;24.0;0.7;285.764
1753873656.63;2.0;49.20396971;18.75511246;388.6395;42.1352;24.0;0.7;285.721
1753873656.64;2.0;49.20396971;18.75511246;388.6396;42.1352;24.0;0.7;285.704
1753873656.65;2.0;49.2039697;18.75511246;388.64;42.1352;24.0;0.7;285.6
1753873656.66;2.0;49.20396969;18.75511245;388.6402;42.1352;24.0;0.7;285.529
1753873656.67;2.0;49.20396968;18.75511245;388.6399;42.1352;24.0;0.7;285.512
1753873656.68;2.0;49.20396968;18.75511245;388.6388;42.1352;24.0;0.7;285.447
1753873656.69;2.0;49.20396967;18.75511245;388.6376;42.1352;24.0;0.7;285.401
1753873656.7;2.0;49.20396966;18.75511246;388.6366;42.1352;24.0;0.7;285.321
1753873656.71;2.0;49.20396965;18.75511245;388.6361;42.1352;24.0;0.7;285.23
1753873656.72;2.0;49.20396965;18.75511245;388.6354;42.1352;24.0;0.7;285.202
1753873656.73;2.0;49.20396964;18.75511245;388.6353;42.1352;24.0;0.7;285.2
1753873656.74;2.0;49.20396963;18.75511245;388.6354;42.1352;24.0;0.7;285.197
1753873656.75;2.0;49.20396962;18.75511245;388.6349;42.1352;24.0;0.7;285.162
1753873656.76;2.0;49.2039696;18.75511245;388.6346;42.1352;24.0;0.7;285.153
1753873656.77;2.0;49.20396959;18.75511245;388.6338;42.1352;24.0;0.7;285.161
1753873656.78;2.0;49.20396959;18.75511246;388.6327;42.1352;24.0;0.7;285.239
1753873656.79;2.0;49.20396958;18.75511246;388.632;42.1352;24.0;0.7;285.354
1753873656.8;2.0;49.20396957;18.75511247;388.6314;42.1352;24.0;0.7;285.427
1753873656.81;2.0;49.20396956;18.75511246;388.6313;42.1352;24.0;0.7;285.462
1753873656.82;2.0;49.20396955;18.75511246;388.6314;42.1352;24.0;0.7;285.521
1753873656.83;2.0;49.20396954;18.75511245;388.6312;42.1352;24.0;0.7;285.53
1753873656.84;2.0;49.20396953;18.75511245;388.6308;42.1352;24.0;0.7;285.525
1753873656.85;2.0;49.20396952;18.75511245;388.6301;42.1352;24.0;0.7;285.513
1753873656.86;2.0;49.20396951;18.75511245;388.6295;42.1352;24.0;0.7;285.536
1753873656.87;2.0;49.2039695;18.75511244;388.6289;42.1352;24.0;0.7;285.595
1753873656.88;2.0;49.20396949;18.75511245;388.6278;42.1352;24.0;0.7;285.635
1753873656.89;2.0;49.20396948;18.75511245;388.6268;42.1352;24.0;0.7;285.67
1753873656.9;2.0;49.20396947;18.75511245;388.626;42.1352;24.0;0.7;285.684
1753873656.91;2.0;49.20396945;18.75511245;388.6255;42.1352;24.0;0.7;285.744
1753873656.92;2.0;49.20396944;18.75511245;388.625;42.1352;24.0;0.7;285.773
1753873656.93;2.0;49.20396943;18.75511245;388.6247;42.1352;24.0;0.7;285.809
1753873656.94;2.0;49.20396942;18.75511244;388.6244;42.1352;24.0;0.7;285.841
1753873656.95;2.0;49.20396941;18.75511244;388.6243;42.1352;24.0;0.7;285.867
1753873656.96;2.0;49.2039694;18.75511243;388.6244;42.1352;24.0;0.7;285.898
1753873656.97;2.0;49.20396939;18.75511243;388.6242;42.1352;24.0;0.7;285.903
1753873656.98;2.0;49.20396938;18.75511243;388.6235;42.1352;24.0;0.7;285.953
1753873656.99;2.0;49.20396937;18.75511243;388.6229;42.1352;24.0;0.7;286.024
1753873657.0;2.0;49.20396936;18.75511243;388.6224;42.1352;24.0;0.7;286.042
1753873657.01;2.0;49.20396935;18.75511243;388.6218;42.1352;24.0;0.7;286.044
1753873657.02;2.0;49.20396934;18.75511243;388.6215;42.1352;24.0;0.7;286.054
1753873657.03;2.0;49.20396933;18.75511243;388.6209;42.1352;24.0;0.7;286.025
1753873657.04;2.0;49.20396933;18.75511244;388.6201;42.1352;24.0;0.7;286.035
1753873657.05;2.0;49.20396932;18.75511244;388.6192;42.1352;24.0;0.7;286.043
1753873657.06;2.0;49.20396932;18.75511244;388.6185;42.1352;24.0;0.7;285.992
1753873657.07;2.0;49.20396931;18.75511245;388.6183;42.1352;25.0;0.7;285.924
1753873657.08;2.0;49.2039693;18.75511245;388.6175;42.1352;25.0;0.7;285.847
1753873657.09;2.0;49.20396929;18.75511245;388.6167;42.1352;25.0;0.7;285.777
1753873657.1;2.0;49.20396928;18.75511245;388.6159;42.1352;25.0;0.7;285.743
1753873657.11;2.0;49.20396926;18.75511245;388.6153;42.1352;25.0;0.7;285.764
1753873657.12;2.0;49.20396925;18.75511245;388.6146;42.1352;25.0;0.7;285.781
1753873657.13;2.0;49.20396923;18.75511245;388.614;42.1352;25.0;0.7;285.76
1753873657.14;2.0;49.20396922;18.75511245;388.6134;42.1352;25.0;0.7;285.735
1753873657.15;2.0;49.2039692;18.75511245;388.6131;42.1352;25.0;0.7;285.693
1753873657.16;2.0;49.20396918;18.75511245;388.6127;42.1352;25.0;0.7;285.695
1753873657.17;2.0;49.20396917;18.75511245;388.6123;42.1352;25.0;0.7;285.709
1753873657.18;2.0;49.20396915;18.75511245;388.6114;42.1352;25.0;0.7;285.697
1753873657.19;2.0;49.20396914;18.75511245;388.611;42.1352;25.0;0.7;285.668
1753873657.2;2.0;49.20396911;18.75511244;388.611;42.1352;25.0;0.7;285.623
1753873657.21;2.0;49.20396909;18.75511244;388.6106;42.1352;25.0;0.7;285.633
1753873657.22;2.0;49.20396908;18.75511243;388.61;42.1352;25.0;0.7;285.642
1753873657.23;2.0;49.20396906;18.75511243;388.6098;42.1352;25.0;0.7;285.643
1753873657.24;2.0;49.20396904;18.75511243;388.6098;42.1352;25.0;0.7;285.621
1753873657.25;2.0;49.20396902;18.75511243;388.61;42.1352;25.0;0.7;285.576
1753873657.26;2.0;49.203969;18.75511242;388.61;42.1352;25.0;0.7;285.509
1753873657.27;2.0;49.20396899;18.75511242;388.6101;42.1352;25.0;0.7;285.572
1753873657.28;2.0;49.20396897;18.75511242;388.6097;42.1352;25.0;0.7;285.618
1753873657.29;2.0;49.20396895;18.75511242;388.6094;42.1352;25.0;0.7;285.64
1753873657.3;2.0;49.20396893;18.75511242;388.6091;42.1352;25.0;0.7;285.684
1753873657.31;2.0;49.20396892;18.75511242;388.6084;42.1352;25.0;0.7;285.691
1753873657.32;2.0;49.2039689;18.75511243;388.6081;42.1352;25.0;0.7;285.695
1753873657.33;2.0;49.20396888;18.75511243;388.6073;42.1352;25.0;0.7;285.716
1753873657.34;2.0;49.20396887;18.75511244;388.6062;42.1352;25.0;0.7;285.728
1753873657.35;2.0;49.20396885;18.75511244;388.6051;42.1352;25.0;0.7;285.78
1753873657.36;2.0;49.20396884;18.75511244;388.6045;42.1352;25.0;0.7;285.79
1753873657.37;2.0;49.20396882;18.75511244;388.6043;42.1352;25.0;0.7;285.804
1753873657.38;2.0;49.20396881;18.75511245;388.6045;42.1352;25.0;0.7;285.812
1753873657.39;2.0;49.20396879;18.75511244;388.6047;42.1352;25.0;0.7;285.805
1753873657.4;2.0;49.20396877;18.75511244;388.604;42.1352;25.0;0.7;285.857
1753873657.41;2.0;49.20396876;18.75511244;388.6035;42.1352;25.0;0.7;285.92
1753873657.42;2.0;49.20396874;18.75511244;388.6031;42.1352;25.0;0.7;285.942
1753873657.43;2.0;49.20396873;18.75511244;388.6027;42.1352;25.0;0.7;285.928
1753873657.44;2.0;49.20396871;18.75511244;388.602;42.1352;25.0;0.7;285.952
1753873657.45;2.0;49.20396869;18.75511244;388.6015;42.1352;25.0;0.7;285.953
1753873657.46;2.0;49.20396867;18.75511244;388.6009;42.1352;25.0;0.7;285.923
1753873657.47;2.0;49.20396866;18.75511244;388.6004;42.1352;25.0;0.7;285.906
1753873657.48;2.0;49.20396864;18.75511244;388.5997;42.1352;25.0;0.7;285.948
1753873657.49;2.0;49.20396862;18.75511243;388.5997;42.1352;25.0;0.7;286.016
1753873657.5;2.0;49.20396861;18.75511243;388.5994;42.1352;25.0;0.7;286.039
1753873657.51;2.0;49.20396859;18.75511243;388.5986;42.1352;25.0;0.7;286.074
1753873657.52;2.0;49.20396857;18.75511243;388.5981;42.1352;25.0;0.7;286.096
1753873657.53;2.0;49.20396856;18.75511243;388.5977;42.1352;25.0;0.7;286.139
1753873657.54;2.0;49.20396854;18.75511243;388.5973;42.1352;25.0;0.7;286.112
1753873657.55;2.0;49.20396853;18.75511244;388.5967;42.1352;25.0;0.7;286.045
1753873657.56;2.0;49.20396851;18.75511244;388.596;42.1352;25.0;0.7;286.007
1753873657.57;2.0;49.20396849;18.75511244;388.5958;42.1352;25.0;0.7;285.998
1753873657.58;2.0;49.20396847;18.75511243;388.5958;42.1352;25.0;0.7;285.98
1753873657.59;2.0;49.20396845;18.75511243;388.596;42.1352;25.0;0.7;285.995
1753873657.6;2.0;49.20396844;18.75511242;388.5964;42.1352;25.0;0.7;285.948
1753873657.61;2.0;49.20396842;18.75511242;388.5967;42.1352;25.0;0.7;285.856
1753873657.62;2.0;49.2039684;18.75511243;388.5967;42.1352;25.0;0.7;285.833
1753873657.63;2.0;49.20396838;18.75511243;388.597;42.1352;25.0;0.7;285.817
1753873657.64;2.0;49.20396836;18.75511244;388.5971;42.1352;25.0;0.7;285.782
1753873657.65;2.0;49.20396834;18.75511245;388.5968;42.1352;25.0;0.7;285.801
1753873657.66;2.0;49.20396832;18.75511245;388.5971;42.1352;25.0;0.7;285.804
1753873657.67;2.0;49.2039683;18.75511246;388.5978;42.1352;25.0;0.7;285.778
1753873657.68;2.0;49.20396828;18.75511247;388.5985;42.1352;25.0;0.7;285.744
1753873657.69;2.0;49.20396826;18.75511249;388.5984;42.1352;25.0;0.7;285.707
1753873657.7;2.0;49.20396824;18.75511249;388.5985;42.1352;25.0;0.7;285.675
1753873657.71;2.0;49.20396822;18.7551125;388.5985;42.1352;25.0;0.7;285.623
1753873657.72;2.0;49.2039682;18.75511251;388.5988;42.1352;25.0;0.7;285.586
1753873657.73;2.0;49.20396817;18.75511252;388.6;42.1352;25.0;0.7;285.571
1753873657.74;2.0;49.20396814;18.75511252;388.601;42.1352;25.0;0.7;285.601
1753873657.75;2.0;49.20396812;18.75511253;388.6022;42.1352;25.0;0.7;285.618
1753873657.76;2.0;49.2039681;18.75511254;388.6027;42.1352;25.0;0.7;285.608
1753873657.77;2.0;49.20396807;18.75511255;388.6026;42.1352;25.0;0.7;285.622
1753873657.78;2.0;49.20396805;18.75511256;388.6028;42.1352;25.0;0.7;285.677
1753873657.79;2.0;49.20396803;18.75511256;388.6037;42.1352;25.0;0.7;285.679
1753873657.8;2.0;49.20396801;18.75511257;388.6041;42.1352;25.0;0.7;285.69
1753873657.81;2.0;49.20396799;18.75511258;388.6044;42.1352;25.0;0.7;285.752
1753873657.82;2.0;49.20396797;18.75511258;388.6048;42.1352;25.0;0.7;285.777
1753873657.83;2.0;49.20396795;18.75511259;388.6053;42.1352;25.0;0.7;285.824
1753873657.84;2.0;49.20396793;18.7551126;388.6062;42.1352;25.0;0.7;285.807
1753873657.85;2.0;49.20396791;18.75511261;388.6068;42.1352;25.0;0.7;285.772
1753873657.86;2.0;49.20396788;18.75511262;388.6073;42.1352;25.0;0.7;285.761
1753873657.87;2.0;49.20396787;18.75511263;388.6077;42.1352;25.0;0.7;285.77
1753873657.88;2.0;49.20396784;18.75511265;388.6086;42.1352;25.0;0.7;285.733
1753873657.89;2.0;49.20396782;18.75511266;388.6092;42.1352;25.0;0.7;285.722
1753873657.9;2.0;49.20396779;18.75511268;388.6091;42.1352;25.0;0.7;285.698
1753873657.91;2.0;49.20396777;18.75511269;388.6089;42.1352;25.0;0.7;285.72
1753873657.92;2.0;49.20396775;18.7551127;388.609;42.1352;25.0;0.7;285.781
1753873657.93;2.0;49.20396773;18.75511272;388.6092;42.1352;25.0;0.7;285.796
1753873657.94;2.0;49.20396771;18.75511273;388.6089;42.1352;25.0;0.7;285.734
1753873657.95;2.0;49.20396769;18.75511274;388.609;42.1352;25.0;0.7;285.673
1753873657.96;2.0;49.20396767;18.75511275;388.6095;42.1352;25.0;0.7;285.691
1753873657.97;2.0;49.20396765;18.75511276;388.6101;42.1352;25.0;0.7;285.754
1753873657.98;2.0;49.20396762;18.75511277;388.6108;42.1352;25.0;0.7;285.788
1753873657.99;2.0;49.20396761;18.75511278;388.6114;42.1352;25.0;0.7;285.778
1753873658.0;2.0;49.20396758;18.75511279;388.6117;42.1352;25.0;0.7;285.712
1753873658.01;2.0;49.20396757;18.7551128;388.6121;42.1352;25.0;0.7;285.64
1753873658.02;2.0;49.20396755;18.75511282;388.6123;42.1352;25.0;0.7;285.597
1753873658.03;2.0;49.20396753;18.75511283;388.6122;42.1352;25.0;0.7;285.584
1753873658.04;2.0;49.20396751;18.75511283;388.6126;42.1352;25.0;0.7;285.629
1753873658.05;2.0;49.20396748;18.75511284;388.6124;42.1352;25.0;0.7;285.71
1753873658.06;2.0;49.20396746;18.75511286;388.6122;42.1352;25.0;0.7;285.808
1753873658.07;2.0;49.20396744;18.75511288;388.6117;42.1352;24.0;0.7;285.855
1753873658.08;2.0;49.20396742;18.75511289;388.6115;42.1352;24.0;0.7;285.827
1753873658.09;2.0;49.2039674;18.75511291;388.6118;42.1352;24.0;0.7;285.798
1753873658.1;2.0;49.20396737;18.75511292;388.6119;42.1352;24.0;0.7;285.787
1753873658.11;2.0;49.20396735;18.75511292;388.612;42.1352;24.0;0.7;285.786
1753873658.12;2.0;49.20396733;18.75511293;388.6123;42.1352;24.0;0.7;285.814
1753873658.13;2.0;49.2039673;18.75511295;388.612;42.1352;24.0;0.7;285.874
1753873658.14;2.0;49.20396728;18.75511296;388.6122;42.1352;24.0;0.7;285.956
1753873658.15;2.0;49.20396726;18.75511297;388.6125;42.1352;24.0;0.7;285.946
1753873658.16;2.0;49.20396724;18.75511299;388.6126;42.1352;24.0;0.7;285.9
1753873658.17;2.0;49.20396722;18.75511301;388.6128;42.1352;24.0;0.7;285.925
1753873658.18;2.0;49.2039672;18.75511302;388.6125;42.1352;24.0;0.7;285.942
1753873658.19;2.0;49.20396718;18.75511304;388.6125;42.1352;24.0;0.7;285.968
1753873658.2;2.0;49.20396716;18.75511305;388.613;42.1352;24.0;0.7;285.92
1753873658.21;2.0;49.20396714;18.75511307;388.6139;42.1352;24.0;0.7;285.905
1753873658.22;2.0;49.20396711;18.75511308;388.6144;42.1352;24.0;0.7;285.956
1753873658.23;2.0;49.20396709;18.75511309;388.6147;42.1352;24.0;0.7;285.984
1753873658.24;2.0;49.20396707;18.7551131;388.6152;42.1352;24.0;0.7;285.995
1753873658.25;2.0;49.20396705;18.75511311;388.616;42.1352;24.0;0.7;286.001
1753873658.26;2.0;49.20396703;18.75511312;388.6162;42.1352;24.0;0.7;285.934
1753873658.27;2.0;49.20396701;18.75511313;388.6163;42.1352;24.0;0.7;285.823
1753873658.28;2.0;49.20396698;18.75511315;388.6165;42.1352;24.0;0.7;285.741
1753873658.29;2.0;49.20396696;18.75511316;388.6164;42.1352;24.0;0.7;285.702
1753873658.3;2.0;49.20396693;18.75511317;388.6163;42.1352;24.0;0.7;285.734
1753873658.31;2.0;49.20396691;18.75511318;388.6163;42.1352;24.0;0.7;285.753
1753873658.32;2.0;49.20396689;18.7551132;388.6164;42.1352;24.0;0.7;285.736
1753873658.33;2.0;49.20396686;18.75511321;388.617;42.1352;24.0;0.7;285.707
1753873658.34;2.0;49.20396684;18.75511322;388.6177;42.1352;24.0;0.7;285.734
1753873658.35;2.0;49.20396681;18.75511323;388.6184;42.1352;24.0;0.7;285.805
1753873658.36;2.0;49.20396678;18.75511324;388.6189;42.1352;24.0;0.7;285.867
1753873658.37;2.0;49.20396676;18.75511325;388.6195;42.1352;24.0;0.7;285.87
1753873658.38;2.0;49.20396673;18.75511326;388.6199;42.1352;24.0;0.7;285.872
1753873658.39;2.0;49.2039667;18.75511328;388.6201;42.1352;24.0;0.7;285.852
1753873658.4;2.0;49.20396667;18.75511329;388.6199;42.1352;24.0;0.7;285.827
1753873658.41;2.0;49.20396665;18.75511331;388.6193;42.1352;24.0;0.7;285.868
1753873658.42;2.0;49.20396662;18.75511332;388.619;42.1352;24.0;0.7;285.912
1753873658.43;2.0;49.2039666;18.75511334;388.6189;42.1352;24.0;0.7;285.873
1753873658.44;2.0;49.20396658;18.75511335;388.6188;42.1352;24.0;0.7;285.808
1753873658.45;2.0;49.20396655;18.75511336;388.6191;42.1352;24.0;0.7;285.802
1753873658.46;2.0;49.20396652;18.75511336;388.6193;42.1352;24.0;0.7;285.787
1753873658.47;2.0;49.2039665;18.75511338;388.6192;42.1352;24.0;0.7;285.824
1753873658.48;2.0;49.20396648;18.75511339;388.6188;42.1352;24.0;0.7;285.855
1753873658.49;2.0;49.20396645;18.7551134;388.6187;42.1352;24.0;0.7;285.841
1753873658.5;2.0;49.20396642;18.75511341;388.6195;42.1352;24.0;0.7;285.795
1753873658.51;2.0;49.2039664;18.75511342;388.6204;42.1352;24.0;0.7;285.803
1753873658.52;2.0;49.20396638;18.75511343;388.6206;42.1352;24.0;0.7;285.787
1753873658.53;2.0;49.20396635;18.75511345;388.6205;42.1352;24.0;0.7;285.763
1753873658.54;2.0;49.20396633;18.75511346;388.6207;42.1352;24.0;0.7;285.732
1753873658.55;2.0;49.20396631;18.75511347;388.621;42.1352;24.0;0.7;285.712
1753873658.56;2.0;49.20396629;18.75511348;388.6206;42.1352;24.0;0.7;285.649
1753873658.57;2.0;49.20396627;18.75511348;388.6202;42.1352;24.0;0.7;285.604
1753873658.58;2.0;49.20396626;18.75511347;388.6204;42.1352;24.0;0.7;285.614
1753873658.59;2.0;49.20396624;18.75511347;388.6206;42.1352;24.0;0.7;285.576
1753873658.6;2.0;49.20396621;18.75511346;388.6206;42.1352;24.0;0.7;285.526
1753873658.61;2.0;49.20396619;18.75511345;388.6207;42.1352;24.0;0.7;285.566
1753873658.62;2.0;49.20396617;18.75511344;388.6207;42.1352;24.0;0.7;285.588
1753873658.63;2.0;49.20396615;18.75511344;388.6204;42.1352;24.0;0.7;285.617
1753873658.64;2.0;49.20396613;18.75511344;388.6199;42.1352;24.0;0.7;285.633
1753873658.65;2.0;49.20396612;18.75511344;388.6198;42.1352;24.0;0.7;285.665
1753873658.66;2.0;49.2039661;18.75511344;388.6201;42.1352;24.0;0.7;285.732
1753873658.67;2.0;49.20396608;18.75511344;388.6202;42.1352;24.0;0.7;285.733
1753873658.68;2.0;49.20396606;18.75511344;388.6203;42.1352;24.0;0.7;285.787
1753873658.69;2.0;49.20396605;18.75511344;388.6204;42.1352;24.0;0.7;285.822
1753873658.7;2.0;49.20396602;18.75511344;388.6211;42.1352;24.0;0.7;285.819
1753873658.71;2.0;49.20396601;18.75511344;388.6217;42.1352;24.0;0.7;285.841
1753873658.72;2.0;49.20396599;18.75511344;388.6223;42.1352;24.0;0.7;285.832
1753873658.73;2.0;49.20396597;18.75511344;388.6222;42.1352;24.0;0.7;285.768
1753873658.74;2.0;49.20396595;18.75511344;388.6228;42.1352;24.0;0.7;285.733
1753873658.75;2.0;49.20396593;18.75511345;388.6237;42.1352;24.0;0.7;285.74
1753873658.76;2.0;49.20396591;18.75511345;388.6252;42.1352;24.0;0.7;285.722
1753873658.77;2.0;49.20396588;18.75511345;388.6265;42.1352;24.0;0.7;285.7
1753873658.78;2.0;49.20396586;18.75511345;388.6278;42.1352;24.0;0.7;285.644
1753873658.79;2.0;49.20396583;18.75511345;388.6291;42.1352;24.0;0.7;285.634
1753873658.8;2.0;49.20396581;18.75511346;388.6304;42.1352;24.0;0.7;285.658
1753873658.81;2.0;49.20396578;18.75511346;388.6316;42.1352;24.0;0.7;285.738
1753873658.82;2.0;49.20396575;18.75511346;388.6325;42.1352;24.0;0.7;285.854
1753873658.83;2.0;49.20396573;18.75511347;388.6333;42.1352;24.0;0.7;285.97
1753873658.84;2.0;49.2039657;18.75511347;388.6343;42.1352;24.0;0.7;286.002
1753873658.85;2.0;49.20396567;18.75511348;388.6354;42.1352;24.0;0.7;286.054
1753873658.86;2.0;49.20396564;18.75511348;388.6361;42.1352;24.0;0.7;286.101
1753873658.87;2.0;49.20396562;18.7551135;388.6367;42.1352;24.0;0.7;286.151
1753873658.88;2.0;49.20396559;18.75511352;388.6378;42.1352;24.0;0.7;286.198
1753873658.89;2.0;49.20396556;18.75511353;388.6386;42.1352;24.0;0.7;286.253
1753873658.9;2.0;49.20396554;18.75511354;388.6393;42.1352;24.0;0.7;286.319
1753873658.91;2.0;49.20396551;18.75511355;388.6396;42.1352;24.0;0.7;286.383
1753873658.92;2.0;49.20396548;18.75511357;388.6401;42.1352;24.0;0.7;286.372
1753873658.93;2.0;49.20396546;18.75511358;388.6413;42.1352;24.0;0.7;286.345
1753873658.94;2.0;49.20396543;18.75511359;388.6431;42.1352;24.0;0.7;286.356
1753873658.95;2.0;49.2039654;18.7551136;388.6444;42.1352;24.0;0.7;286.377
1753873658.96;2.0;49.20396537;18.7551136;388.6455;42.1352;24.0;0.7;286.397
1753873658.97;2.0;49.20396535;18.75511361;388.6461;42.1352;24.0;0.7;286.446
1753873658.98;2.0;49.20396532;18.75511361;388.6471;42.1352;24.0;0.7;286.47
1753873658.99;2.0;49.2039653;18.75511362;388.6477;42.1352;24.0;0.7;286.396
1753873659.0;2.0;49.20396527;18.75511363;388.6483;42.1352;24.0;0.7;286.332
1753873659.01;2.0;49.20396525;18.75511363;388.6492;42.1352;24.0;0.7;286.264
1753873659.02;2.0;49.20396522;18.75511364;388.6499;42.1352;24.0;0.7;286.218
1753873659.03;2.0;49.2039652;18.75511365;388.6502;42.1352;24.0;0.7;286.13
1753873659.04;2.0;49.20396518;18.75511365;388.651;42.1352;24.0;0.7;286.011
1753873659.05;2.0;49.20396515;18.75511365;388.6524;42.1352;24.0;0.7;285.947
1753873659.06;2.0;49.20396513;18.75511365;388.6537;42.1352;24.0;0.7;285.919
1753873659.07;2.0;49.2039651;18.75511364;388.6548;42.1352;24.0;0.7;285.862
1753873659.08;2.0;49.20396507;18.75511364;388.6554;42.1352;24.0;0.7;285.755
1753873659.09;2.0;49.20396505;18.75511364;388.6558;42.1352;24.0;0.7;285.645
1753873659.1;2.0;49.20396502;18.75511364;388.6566;42.1352;24.0;0.7;285.594
1753873659.11;2.0;49.20396499;18.75511363;388.6577;42.1352;24.0;0.7;285.639
1753873659.12;2.0;49.20396497;18.75511363;388.6587;42.1352;24.0;0.7;285.656
1753873659.13;2.0;49.20396495;18.75511363;388.6594;42.1352;24.0;0.7;285.675
1753873659.14;2.0;49.20396493;18.75511363;388.6598;42.1352;24.0;0.7;285.724
1753873659.15;2.0;49.2039649;18.75511364;388.6601;42.1352;24.0;0.7;285.789
1753873659.16;2.0;49.20396488;18.75511364;388.6605;42.1352;24.0;0.7;285.842
1753873659.17;2.0;49.20396486;18.75511365;388.6608;42.1352;24.0;0.7;285.863
1753873659.18;2.0;49.20396484;18.75511365;388.661;42.1352;24.0;0.7;285.947
1753873659.19;2.0;49.20396481;18.75511365;388.6613;42.1352;24.0;0.7;286.032
1753873659.2;2.0;49.20396479;18.75511366;388.6616;42.1352;24.0;0.7;286.081
1753873659.21;2.0;49.20396477;18.75511366;388.6619;42.1352;24.0;0.7;286.132
1753873659.22;2.0;49.20396475;18.75511366;388.6626;42.1352;24.0;0.7;286.228
1753873659.23;2.0;49.20396473;18.75511367;388.6635;42.1352;24.0;0.7;286.258
1753873659.24;2.0;49.20396472;18.75511367;388.6642;42.1352;24.0;0.7;286.283
1753873659.25;2.0;49.2039647;18.75511368;388.6648;42.1352;24.0;0.7;286.353
1753873659.26;2.0;49.20396469;18.75511368;388.6656;42.1352;24.0;0.7;286.363
1753873659.27;2.0;49.20396468;18.75511368;388.6662;42.1352;24.0;0.7;286.364
1753873659.28;2.0;49.20396466;18.75511369;388.6668;42.1352;24.0;0.7;286.378
1753873659.29;2.0;49.20396464;18.75511369;388.6669;42.1352;24.0;0.7;286.341
1753873659.3;2.0;49.20396463;18.75511369;388.6671;42.1352;24.0;0.7;286.3
1753873659.31;2.0;49.20396462;18.7551137;388.6679;42.1352;24.0;0.7;286.283
1753873659.32;2.0;49.2039646;18.75511369;388.6686;42.1352;24.0;0.7;286.296
1753873659.33;2.0;49.20396459;18.75511369;388.6689;42.1352;24.0;0.7;286.298
1753873659.34;2.0;49.20396458;18.75511369;388.6694;42.1352;24.0;0.7;286.24
1753873659.35;2.0;49.20396456;18.75511369;388.67;42.1352;24.0;0.7;286.246
1753873659.36;2.0;49.20396454;18.75511369;388.671;42.1352;24.0;0.7;286.251
1753873659.37;2.0;49.20396453;18.75511368;388.6719;42.1352;24.0;0.7;286.238
1753873659.38;2.0;49.20396451;18.75511368;388.6723;42.1352;24.0;0.7;286.213
1753873659.39;2.0;49.20396449;18.75511368;388.6725;42.1352;24.0;0.7;286.217
1753873659.4;2.0;49.20396447;18.75511368;388.6727;42.1352;24.0;0.7;286.212
1753873659.41;2.0;49.20396446;18.75511368;388.6731;42.1352;24.0;0.7;286.281
1753873659.42;2.0;49.20396444;18.75511368;388.6735;42.1352;24.0;0.7;286.308
1753873659.43;2.0;49.20396442;18.75511368;388.6741;42.1352;24.0;0.7;286.293
1753873659.44;2.0;49.2039644;18.75511367;388.6749;42.1352;24.0;0.7;286.314
1753873659.45;2.0;49.20396438;18.75511367;388.6755;42.1352;24.0;0.7;286.296
1753873659.46;2.0;49.20396436;18.75511367;388.6758;42.1352;24.0;0.7;286.264
1753873659.47;2.0;49.20396434;18.75511367;388.6761;42.1352;24.0;0.7;286.257
1753873659.48;2.0;49.20396432;18.75511366;388.6763;42.1352;24.0;0.7;286.254
1753873659.49;2.0;49.2039643;18.75511367;388.6758;42.1352;24.0;0.7;286.285
1753873659.5;2.0;49.20396429;18.75511368;388.6756;42.1352;24.0;0.7;286.226
1753873659.51;2.0;49.20396427;18.75511368;388.6761;42.1352;24.0;0.7;286.114
1753873659.52;2.0;49.20396426;18.75511368;388.6766;42.1352;24.0;0.7;286.094
1753873659.53;2.0;49.20396424;18.75511368;388.6775;42.1352;24.0;0.7;286.154
1753873659.54;2.0;49.20396422;18.75511368;388.6782;42.1352;24.0;0.7;286.142
1753873659.55;2.0;49.20396421;18.75511368;388.6786;42.1352;24.0;0.7;286.138
1753873659.56;2.0;49.20396419;18.75511368;388.6788;42.1352;24.0;0.7;286.151
1753873659.57;2.0;49.20396417;18.75511368;388.6794;42.1352;24.0;0.7;286.1
1753873659.58;2.0;49.20396415;18.75511368;388.6798;42.1352;24.0;0.7;286.086
1753873659.59;2.0;49.20396414;18.75511368;388.6797;42.1352;24.0;0.7;286.079
1753873659.6;2.0;49.20396412;18.75511368;388.6798;42.1352;24.0;0.7;286.061
1753873659.61;2.0;49.20396411;18.75511368;388.6803;42.1352;24.0;0.7;286.082
1753873659.62;2.0;49.20396409;18.75511368;388.6807;42.1352;24.0;0.7;286.105
1753873659.63;2.0;49.20396407;18.75511368;388.6812;42.1352;24.0;0.7;286.156
1753873659.64;2.0;49.20396406;18.75511368;388.6819;42.1352;24.0;0.7;286.192
1753873659.65;2.0;49.20396404;18.75511367;388.6822;42.1352;24.0;0.7;286.148
1753873659.66;2.0;49.20396403;18.75511368;388.6826;42.1352;24.0;0.7;286.127
1753873659.67;2.0;49.20396402;18.75511368;388.6826;42.1352;24.0;0.7;286.132
1753873659.68;2.0;49.20396401;18.75511369;388.6822;42.1352;24.0;0.7;286.182
1753873659.69;2.0;49.20396401;18.75511369;388.6818;42.1352;24.0;0.7;286.233
1753873659.7;2.0;49.203964;18.7551137;388.6817;42.1352;24.0;0.7;286.286
1753873659.71;2.0;49.20396399;18.7551137;388.6816;42.1352;24.0;0.7;286.367
1753873659.72;2.0;49.20396398;18.75511369;388.6817;42.1352;24.0;0.7;286.391
1753873659.73;2.0;49.20396397;18.7551137;388.682;42.1352;24.0;0.7;286.422
1753873659.74;2.0;49.20396396;18.7551137;388.6822;42.1352;24.0;0.7;286.441
1753873659.75;2.0;49.20396395;18.75511371;388.6822;42.1352;24.0;0.7;286.427
1753873659.76;2.0;49.20396395;18.75511372;388.6816;42.1352;24.0;0.7;286.418
1753873659.77;2.0;49.20396394;18.75511374;388.6811;42.1352;24.0;0.7;286.395
1753873659.78;2.0;49.20396394;18.75511375;388.6804;42.1352;24.0;0.7;286.378
1753873659.79;2.0;49.20396393;18.75511377;388.6799;42.1352;24.0;0.7;286.347
1753873659.8;2.0;49.20396392;18.75511377;388.6795;42.1352;24.0;0.7;286.327
1753873659.81;2.0;49.20396392;18.75511378;388.6798;42.1352;24.0;0.7;286.288
1753873659.82;2.0;49.20396391;18.75511378;388.6797;42.1352;24.0;0.7;286.211
1753873659.83;2.0;49.20396391;18.75511379;388.6797;42.1352;24.0;0.7;286.143
1753873659.84;2.0;49.2039639;18.7551138;388.6798;42.1352;24.0;0.7;286.15
1753873659.85;2.0;49.20396389;18.7551138;388.6793;42.1352;24.0;0.7;286.166
1753873659.86;2.0;49.20396389;18.75511381;388.6786;42.1352;24.0;0.7;286.191
1753873659.87;2.0;49.20396388;18.75511382;388.6784;42.1352;24.0;0.7;286.17
1753873659.88;2.0;49.20396387;18.75511383;388.6784;42.1352;24.0;0.7;286.095
1753873659.89;2.0;49.20396386;18.75511383;388.6784;42.1352;24.0;0.7;286.038
1753873659.9;2.0;49.20396386;18.75511384;388.6782;42.1352;24.0;0.7;285.946
1753873659.91;2.0;49.20396385;18.75511385;388.6781;42.1352;24.0;0.7;285.889
1753873659.92;2.0;49.20396384;18.75511386;388.6781;42.1352;24.0;0.7;285.888
1753873659.93;2.0;49.20396383;18.75511386;388.678;42.1352;24.0;0.7;285.855
1753873659.94;2.0;49.20396382;18.75511386;388.6776;42.1352;24.0;0.7;285.852
1753873659.95;2.0;49.20396381;18.75511387;388.6773;42.1352;24.0;0.7;285.785
1753873659.96;2.0;49.2039638;18.75511387;388.6774;42.1352;24.0;0.7;285.652
1753873659.97;2.0;49.2039638;18.75511388;388.6771;42.1352;24.0;0.7;285.519
1753873659.98;2.0;49.20396379;18.75511388;388.6764;42.1352;24.0;0.7;285.426
1753873659.99;2.0;49.20396378;18.75511389;388.6754;42.1352;24.0;0.7;285.372
1753873660.0;2.0;49.20396378;18.75511389;388.6747;42.1352;24.0;0.7;285.274
1753873660.01;2.0;49.20396377;18.75511389;388.6743;42.1352;24.0;0.7;285.178
1753873660.02;2.0;49.20396376;18.7551139;388.6739;42.1352;24.0;0.7;285.099
1753873660.03;2.0;49.20396375;18.7551139;388.6739;42.1352;24.0;0.7;285.052
1753873660.04;2.0;49.20396375;18.75511391;388.6733;42.1352;24.0;0.7;285.051
1753873660.05;2.0;49.20396374;18.75511391;388.6729;42.1352;24.0;0.7;285.062
1753873660.06;2.0;49.20396372;18.7551139;388.673;42.1352;24.0;0.7;285.099
1753873660.07;2.0;49.2039637;18.7551139;388.673;42.1352;24.0;0.7;285.137
1753873660.08;2.0;49.20396369;18.75511389;388.673;42.1352;24.0;0.7;285.192
1753873660.09;2.0;49.20396367;18.75511389;388.6729;42.1352;24.0;0.7;285.225
1753873660.1;2.0;49.20396366;18.75511388;388.6731;42.1352;24.0;0.7;285.204
1753873660.11;2.0;49.20396364;18.75511388;388.6733;42.1352;24.0;0.7;285.191
1753873660.12;2.0;49.20396363;18.75511387;388.6731;42.1352;24.0;0.7;285.189
1753873660.13;2.0;49.20396361;18.75511388;388.6725;42.1352;24.0;0.7;285.179
1753873660.14;2.0;49.2039636;18.75511389;388.6722;42.1352;24.0;0.7;285.204
1753873660.15;2.0;49.20396359;18.7551139;388.6713;42.1352;24.0;0.7;285.192
1753873660.16;2.0;49.20396358;18.7551139;388.6705;42.1352;24.0;0.7;285.233
1753873660.17;2.0;49.20396357;18.75511391;388.6699;42.1352;24.0;0.7;285.263
1753873660.18;2.0;49.20396356;18.75511391;388.6697;42.1352;24.0;0.7;285.279
1753873660.19;2.0;49.20396354;18.75511392;388.6696;42.1352;24.0;0.7;285.282
1753873660.2;2.0;49.20396352;18.75511392;388.6697;42.1352;24.0;0.7;285.304
1753873660.21;2.0;49.20396351;18.75511393;388.6696;42.1352;24.0;0.7;285.358
1753873660.22;2.0;49.2039635;18.75511394;388.6691;42.1352;24.0;0.7;285.482
1753873660.23;2.0;49.20396349;18.75511395;388.669;42.1352;24.0;0.7;285.564
1753873660.24;2.0;49.20396348;18.75511396;388.6687;42.1352;24.0;0.7;285.586
1753873660.25;2.0;49.20396347;18.75511398;388.668;42.1352;24.0;0.7;285.607
1753873660.26;2.0;49.20396346;18.75511399;388.6677;42.1352;24.0;0.7;285.605
1753873660.27;2.0;49.20396346;18.755114;388.6675;42.1352;24.0;0.7;285.603
1753873660.28;2.0;49.20396345;18.75511402;388.667;42.1352;24.0;0.7;285.642
1753873660.29;2.0;49.20396344;18.75511403;388.6666;42.1352;24.0;0.7;285.7
1753873660.3;2.0;49.20396343;18.75511403;388.666;42.1352;24.0;0.7;285.73
1753873660.31;2.0;49.20396341;18.75511404;388.6653;42.1352;24.0;0.7;285.713
1753873660.32;2.0;49.20396341;18.75511405;388.6643;42.1352;24.0;0.7;285.713
1753873660.33;2.0;49.2039634;18.75511407;388.6642;42.1352;24.0;0.7;285.717
1753873660.34;2.0;49.20396339;18.75511408;388.6639;42.1352;24.0;0.7;285.714
1753873660.35;2.0;49.20396338;18.7551141;388.6635;42.1352;24.0;0.7;285.719
1753873660.36;2.0;49.20396337;18.75511412;388.663;42.1352;24.0;0.7;285.723
1753873660.37;2.0;49.20396336;18.75511413;388.6626;42.1352;24.0;0.7;285.682
1753873660.38;2.0;49.20396335;18.75511415;388.6618;42.1352;24.0;0.7;285.666
1753873660.39;2.0;49.20396334;18.75511417;388.6615;42.1352;24.0;0.7;285.664
1753873660.4;2.0;49.20396333;18.75511419;388.6606;42.1352;24.0;0.7;285.638
1753873660.41;2.0;49.20396332;18.75511421;388.6593;42.1352;24.0;0.7;285.689
1753873660.42;2.0;49.20396331;18.75511422;388.6586;42.1352;24.0;0.7;285.751
1753873660.43;2.0;49.2039633;18.75511424;388.6578;42.1352;24.0;0.7;285.738
1753873660.44;2.0;49.20396329;18.75511425;388.6567;42.1352;24.0;0.7;285.703
1753873660.45;2.0;49.20396328;18.75511427;388.656;42.1352;24.0;0.7;285.657
1753873660.46;2.0;49.20396327;18.75511428;388.6555;42.1352;24.0;0.7;285.604
1753873660.47;2.0;49.20396327;18.7551143;388.6552;42.1352;24.0;0.7;285.615
1753873660.48;2.0;49.20396326;18.75511431;388.6547;42.1352;24.0;0.7;285.63
1753873660.49;2.0;49.20396325;18.75511432;388.6544;42.1352;24.0;0.7;285.637
1753873660.5;2.0;49.20396324;18.75511433;388.6538;42.1352;24.0;0.7;285.639
1753873660.51;2.0;49.20396323;18.75511434;388.6532;42.1352;24.0;0.7;285.651
1753873660.52;2.0;49.20396323;18.75511435;388.6528;42.1352;24.0;0.7;285.644
1753873660.53;2.0;49.20396322;18.75511436;388.6524;42.1352;24.0;0.7;285.603
1753873660.54;2.0;49.20396321;18.75511438;388.6517;42.1352;24.0;0.7;285.563
1753873660.55;2.0;49.2039632;18.75511439;388.6509;42.1352;24.0;0.7;285.487
1753873660.56;2.0;49.2039632;18.75511441;388.6506;42.1352;24.0;0.7;285.457
1753873660.57;2.0;49.20396318;18.75511441;388.6504;42.1352;24.0;0.7;285.389
1753873660.58;2.0;49.20396316;18.7551144;388.6504;42.1352;24.0;0.7;285.334
1753873660.59;2.0;49.20396314;18.75511439;388.6503;42.1352;24.0;0.7;285.31
1753873660.6;2.0;49.20396313;18.75511438;388.6504;42.1352;24.0;0.7;285.374
1753873660.61;2.0;49.20396311;18.75511438;388.6508;42.1352;24.0;0.7;285.404
1753873660.62;2.0;49.20396309;18.75511438;388.6509;42.1352;24.0;0.7;285.417
1753873660.63;2.0;49.20396308;18.75511437;388.6506;42.1352;24.0;0.7;285.474
1753873660.64;2.0;49.20396307;18.75511437;388.6505;42.1352;24.0;0.7;285.512
1753873660.65;2.0;49.20396305;18.75511436;388.6506;42.1352;24.0;0.7;285.523
1753873660.66;2.0;49.20396303;18.75511435;388.6507;42.1352;24.0;0.7;285.571
1753873660.67;2.0;49.20396302;18.75511435;388.6501;42.1352;24.0;0.7;285.64
1753873660.68;2.0;49.203963;18.75511435;388.6491;42.1352;24.0;0.7;285.671
1753873660.69;2.0;49.20396299;18.75511435;388.6484;42.1352;24.0;0.7;285.672
1753873660.7;2.0;49.20396298;18.75511435;388.6482;42.1352;24.0;0.7;285.602
1753873660.71;2.0;49.20396297;18.75511435;388.648;42.1352;24.0;0.7;285.612
1753873660.72;2.0;49.20396295;18.75511435;388.6478;42.1352;24.0;0.7;285.673
1753873660.73;2.0;49.20396294;18.75511435;388.6484;42.1352;24.0;0.7;285.691
1753873660.74;2.0;49.20396292;18.75511434;388.6488;42.1352;24.0;0.7;285.69
1753873660.75;2.0;49.20396291;18.75511435;388.6482;42.1352;24.0;0.7;285.698
1753873660.76;2.0;49.2039629;18.75511435;388.6479;42.1352;24.0;0.7;285.715
1753873660.77;2.0;49.20396288;18.75511435;388.6476;42.1352;24.0;0.7;285.744
1753873660.78;2.0;49.20396287;18.75511436;388.6473;42.1352;24.0;0.7;285.771
1753873660.79;2.0;49.20396286;18.75511436;388.647;42.1352;24.0;0.7;285.823
1753873660.8;2.0;49.20396284;18.75511436;388.6466;42.1352;24.0;0.7;285.851
1753873660.81;2.0;49.20396283;18.75511437;388.6461;42.1352;24.0;0.7;285.868
1753873660.82;2.0;49.20396282;18.75511437;388.6455;42.1352;24.0;0.7;285.878
1753873660.83;2.0;49.20396281;18.75511438;388.6447;42.1352;24.0;0.7;285.951
1753873660.84;2.0;49.2039628;18.75511439;388.6442;42.1352;24.0;0.7;285.977
1753873660.85;2.0;49.20396278;18.75511439;388.6443;42.1352;24.0;0.7;285.983
1753873660.86;2.0;49.20396276;18.7551144;388.6443;42.1352;24.0;0.7;285.973
1753873660.87;2.0;49.20396274;18.7551144;388.6437;42.1352;24.0;0.7;285.98
1753873660.88;2.0;49.20396273;18.75511441;388.6439;42.1352;24.0;0.7;285.966
1753873660.89;2.0;49.20396272;18.75511442;388.6441;42.1352;24.0;0.7;285.964
1753873660.9;2.0;49.2039627;18.75511442;388.6441;42.1352;24.0;0.7;285.949
1753873660.91;2.0;49.20396269;18.75511443;388.6446;42.1352;24.0;0.7;285.919
1753873660.92;2.0;49.20396268;18.75511443;388.6453;42.1352;24.0;0.7;285.857
1753873660.93;2.0;49.20396266;18.75511443;388.6454;42.1352;24.0;0.7;285.825
1753873660.94;2.0;49.20396265;18.75511443;388.6457;42.1352;24.0;0.7;285.841
1753873660.95;2.0;49.20396264;18.75511443;388.6465;42.1352;24.0;0.7;285.811
1753873660.96;2.0;49.20396263;18.75511443;388.6472;42.1352;24.0;0.7;285.757
1753873660.97;2.0;49.20396262;18.75511443;388.6475;42.1352;24.0;0.7;285.697
1753873660.98;2.0;49.2039626;18.75511443;388.6474;42.1352;24.0;0.7;285.664
1753873660.99;2.0;49.20396259;18.75511442;388.6475;42.1352;24.0;0.7;285.658
1753873661.0;2.0;49.20396258;18.75511443;388.6477;42.1352;24.0;0.7;285.622
1753873661.01;2.0;49.20396257;18.75511443;388.6477;42.1352;24.0;0.7;285.594
1753873661.02;2.0;49.20396256;18.75511443;388.6471;42.1352;24.0;0.7;285.539
1753873661.03;2.0;49.20396255;18.75511443;388.6467;42.1352;24.0;0.7;285.537
1753873661.04;2.0;49.20396254;18.75511444;388.6467;42.1352;24.0;0.7;285.543
1753873661.05;2.0;49.20396253;18.75511444;388.6469;42.1352;24.0;0.7;285.55
1753873661.06;2.0;49.20396252;18.75511444;388.6466;42.1352;24.0;0.7;285.565
1753873661.07;2.0;49.20396251;18.75511445;388.646;42.1352;24.0;0.7;285.533
1753873661.08;2.0;49.2039625;18.75511445;388.6453;42.1352;25.0;0.7;285.491
1753873661.09;2.0;49.20396248;18.75511446;388.645;42.1352;25.0;0.7;285.433
1753873661.1;2.0;49.20396246;18.75511446;388.645;42.1352;25.0;0.7;285.442
1753873661.11;2.0;49.20396245;18.75511446;388.6455;42.1352;25.0;0.7;285.446
1753873661.12;2.0;49.20396243;18.75511445;388.6461;42.1352;25.0;0.7;285.404
1753873661.13;2.0;49.2039624;18.75511445;388.6463;42.1352;25.0;0.7;285.379
1753873661.14;2.0;49.20396238;18.75511445;388.6465;42.1352;25.0;0.7;285.398
1753873661.15;2.0;49.20396236;18.75511445;388.6469;42.1352;25.0;0.7;285.381
1753873661.16;2.0;49.20396233;18.75511445;388.6472;42.1352;25.0;0.7;285.388
1753873661.17;2.0;49.20396231;18.75511445;388.6478;42.1352;25.0;0.7;285.369
1753873661.18;2.0;49.20396229;18.75511445;388.6478;42.1352;25.0;0.7;285.382
1753873661.19;2.0;49.20396227;18.75511445;388.6482;42.1352;25.0;0.7;285.417
1753873661.2;2.0;49.20396225;18.75511445;388.6484;42.1352;25.0;0.7;285.494
1753873661.21;2.0;49.20396222;18.75511445;388.6488;42.1352;25.0;0.7;285.575
1753873661.22;2.0;49.2039622;18.75511444;388.649;42.1352;25.0;0.7;285.676
1753873661.23;2.0;49.20396217;18.75511443;388.6498;42.1352;25.0;0.7;285.767
1753873661.24;2.0;49.20396215;18.75511443;388.6502;42.1352;25.0;0.7;285.855
1753873661.25;2.0;49.20396213;18.75511443;388.6504;42.1352;25.0;0.7;285.934
1753873661.26;2.0;49.2039621;18.75511442;388.6502;42.1352;25.0;0.7;286.051
1753873661.27;2.0;49.20396208;18.75511442;388.6501;42.1352;25.0;0.7;286.131
1753873661.28;2.0;49.20396205;18.75511442;388.6502;42.1352;25.0;0.7;286.201
1753873661.29;2.0;49.20396203;18.75511442;388.6499;42.1352;25.0;0.7;286.289
1753873661.3;2.0;49.203962;18.75511442;388.6498;42.1352;25.0;0.7;286.344
1753873661.31;2.0;49.20396197;18.75511442;388.65;42.1352;25.0;0.7;286.414
1753873661.32;2.0;49.20396195;18.75511442;388.6502;42.1352;25.0;0.7;286.543
1753873661.33;2.0;49.20396192;18.75511441;388.6507;42.1352;25.0;0.7;286.604
1753873661.34;2.0;49.2039619;18.75511441;388.6509;42.1352;25.0;0.7;286.677
1753873661.35;2.0;49.20396187;18.75511442;388.651;42.1352;25.0;0.7;286.729
1753873661.36;2.0;49.20396185;18.75511442;388.6507;42.1352;25.0;0.7;286.768
1753873661.37;2.0;49.20396182;18.75511442;388.6501;42.1352;25.0;0.7;286.833
1753873661.38;2.0;49.2039618;18.75511442;388.6501;42.1352;25.0;0.7;286.863
1753873661.39;2.0;49.20396177;18.75511441;388.6502;42.1352;25.0;0.7;286.851
1753873661.4;2.0;49.20396175;18.75511441;388.6508;42.1352;25.0;0.7;286.795
1753873661.41;2.0;49.20396172;18.75511441;388.6513;42.1352;25.0;0.7;286.794
1753873661.42;2.0;49.2039617;18.7551144;388.6514;42.1352;25.0;0.7;286.8
1753873661.43;2.0;49.20396168;18.75511439;388.6514;42.1352;25.0;0.7;286.728
1753873661.44;2.0;49.20396166;18.75511438;388.6511;42.1352;25.0;0.7;286.66
1753873661.45;2.0;49.20396163;18.75511438;388.651;42.1352;25.0;0.7;286.62
1753873661.46;2.0;49.20396161;18.75511438;388.6521;42.1352;25.0;0.7;286.616
1753873661.47;2.0;49.20396159;18.75511437;388.6531;42.1352;25.0;0.7;286.625
1753873661.48;2.0;49.20396157;18.75511437;388.6535;42.1352;25.0;0.7;286.608
1753873661.49;2.0;49.20396155;18.75511437;388.6537;42.1352;25.0;0.7;286.529
1753873661.5;2.0;49.20396152;18.75511437;388.6539;42.1352;25.0;0.7;286.46
1753873661.51;2.0;49.2039615;18.75511436;388.6541;42.1352;25.0;0.7;286.436
1753873661.52;2.0;49.20396148;18.75511435;388.6546;42.1352;25.0;0.7;286.419
1753873661.53;2.0;49.20396145;18.75511435;388.6553;42.1352;25.0;0.7;286.399
1753873661.54;2.0;49.20396143;18.75511435;388.6558;42.1352;25.0;0.7;286.402
1753873661.55;2.0;49.2039614;18.75511435;388.6563;42.1352;25.0;0.7;286.391
1753873661.56;2.0;49.20396137;18.75511434;388.6571;42.1352;25.0;0.7;286.372
1753873661.57;2.0;49.20396134;18.75511434;388.6578;42.1352;25.0;0.7;286.323
1753873661.58;2.0;49.20396132;18.75511434;388.6586;42.1352;25.0;0.7;286.282
1753873661.59;2.0;49.20396129;18.75511434;388.6591;42.1352;25.0;0.7;286.209
1753873661.6;2.0;49.20396127;18.75511435;388.6596;42.1352;25.0;0.7;286.209
1753873661.61;2.0;49.20396124;18.75511435;388.66;42.1352;25.0;0.7;286.206
1753873661.62;2.0;49.20396121;18.75511435;388.6606;42.1352;25.0;0.7;286.128
1753873661.63;2.0;49.20396118;18.75511436;388.6606;42.1352;25.0;0.7;286.046
1753873661.64;2.0;49.20396116;18.75511437;388.6611;42.1352;25.0;0.7;286.037
1753873661.65;2.0;49.20396113;18.75511437;388.6619;42.1352;25.0;0.7;286.053
1753873661.66;2.0;49.2039611;18.75511437;388.6624;42.1352;25.0;0.7;286.095
1753873661.67;2.0;49.20396108;18.75511438;388.663;42.1352;25.0;0.7;286.101
1753873661.68;2.0;49.20396106;18.75511438;388.6634;42.1352;25.0;0.7;286.061
1753873661.69;2.0;49.20396103;18.75511439;388.664;42.1352;25.0;0.7;286.022
1753873661.7;2.0;49.20396101;18.7551144;388.6647;42.1352;25.0;0.7;286.004
1753873661.71;2.0;49.20396099;18.7551144;388.6652;42.1352;25.0;0.7;286.052
1753873661.72;2.0;49.20396097;18.7551144;388.6658;42.1352;25.0;0.7;286.121
1753873661.73;2.0;49.20396094;18.7551144;388.6666;42.1352;25.0;0.7;286.177
1753873661.74;2.0;49.20396092;18.75511441;388.667;42.1352;25.0;0.7;286.23
1753873661.75;2.0;49.2039609;18.75511442;388.6673;42.1352;25.0;0.7;286.259
1753873661.76;2.0;49.20396087;18.75511442;388.6677;42.1352;25.0;0.7;286.256
1753873661.77;2.0;49.20396085;18.75511443;388.668;42.1352;25.0;0.7;286.274
1753873661.78;2.0;49.20396083;18.75511443;388.6686;42.1352;25.0;0.7;286.36
1753873661.79;2.0;49.2039608;18.75511443;388.6691;42.1352;25.0;0.7;286.418
1753873661.8;2.0;49.20396078;18.75511444;388.6695;42.1352;25.0;0.7;286.457
1753873661.81;2.0;49.20396075;18.75511445;388.6702;42.1352;25.0;0.7;286.526
1753873661.82;2.0;49.20396074;18.75511446;388.6708;42.1352;25.0;0.7;286.559
1753873661.83;2.0;49.20396071;18.75511446;388.6711;42.1352;25.0;0.7;286.507
1753873661.84;2.0;49.20396069;18.75511447;388.6714;42.1352;25.0;0.7;286.475
1753873661.85;2.0;49.20396067;18.75511448;388.6723;42.1352;25.0;0.7;286.481
1753873661.86;2.0;49.20396065;18.75511449;388.6728;42.1352;25.0;0.7;286.452
1753873661.87;2.0;49.20396063;18.7551145;388.6732;42.1352;25.0;0.7;286.363
1753873661.88;2.0;49.20396061;18.7551145;388.6737;42.1352;25.0;0.7;286.3
1753873661.89;2.0;49.20396059;18.75511451;388.6743;42.1352;25.0;0.7;286.302
1753873661.9;2.0;49.20396056;18.75511451;388.6751;42.1352;25.0;0.7;286.335
1753873661.91;2.0;49.20396054;18.75511452;388.6755;42.1352;25.0;0.7;286.401
1753873661.92;2.0;49.20396052;18.75511453;388.6757;42.1352;25.0;0.7;286.438
1753873661.93;2.0;49.2039605;18.75511454;388.6762;42.1352;25.0;0.7;286.492
1753873661.94;2.0;49.20396048;18.75511455;388.677;42.1352;25.0;0.7;286.443
1753873661.95;2.0;49.20396045;18.75511456;388.6775;42.1352;25.0;0.7;286.377
1753873661.96;2.0;49.20396043;18.75511456;388.6785;42.1352;25.0;0.7;286.33
1753873661.97;2.0;49.20396041;18.75511457;388.6794;42.1352;25.0;0.7;286.283
1753873661.98;2.0;49.20396039;18.75511457;388.6805;42.1352;25.0;0.7;286.287
1753873661.99;2.0;49.20396036;18.75511457;388.6809;42.1352;25.0;0.7;286.268
1753873662.0;2.0;49.20396034;18.75511458;388.6809;42.1352;25.0;0.7;286.315
1753873662.01;2.0;49.20396031;18.75511458;388.6814;42.1352;25.0;0.7;286.287
1753873662.02;2.0;49.20396029;18.75511458;388.6822;42.1352;25.0;0.7;286.223
1753873662.03;2.0;49.20396026;18.75511458;388.683;42.1352;25.0;0.7;286.225
1753873662.04;2.0;49.20396024;18.75511459;388.6832;42.1352;25.0;0.7;286.263
1753873662.05;2.0;49.20396021;18.75511459;388.684;42.1352;25.0;0.7;286.273
1753873662.06;2.0;49.20396019;18.7551146;388.6849;42.1352;25.0;0.7;286.286
1753873662.07;2.0;49.20396017;18.75511459;388.6854;42.1352;25.0;0.7;286.264
1753873662.08;2.0;49.20396015;18.75511459;388.6853;42.1352;25.0;0.7;286.238
1753873662.09;2.0;49.20396013;18.7551146;388.6845;42.1352;25.0;0.7;286.205
1753873662.1;2.0;49.20396011;18.75511459;388.6848;42.1352;25.0;0.7;286.218
1753873662.11;2.0;49.20396009;18.75511459;388.6855;42.1352;25.0;0.7;286.2
1753873662.12;2.0;49.20396007;18.7551146;388.6858;42.1352;25.0;0.7;286.134
1753873662.13;2.0;49.20396005;18.75511461;388.6855;42.1352;25.0;0.7;286.075
1753873662.14;2.0;49.20396003;18.75511462;388.6858;42.1352;25.0;0.7;286.055
1753873662.15;2.0;49.20396;18.75511462;388.6864;42.1352;25.0;0.7;286.02
1753873662.16;2.0;49.20395998;18.75511462;388.6867;42.1352;25.0;0.7;286.01
1753873662.17;2.0;49.20395996;18.75511462;388.6872;42.1352;25.0;0.7;285.985
1753873662.18;2.0;49.20395994;18.75511463;388.6873;42.1352;25.0;0.7;285.943
1753873662.19;2.0;49.20395992;18.75511464;388.6874;42.1352;25.0;0.7;285.885
1753873662.2;2.0;49.20395989;18.75511464;388.6883;42.1352;25.0;0.7;285.867
1753873662.21;2.0;49.20395987;18.75511464;388.6894;42.1352;25.0;0.7;285.857
1753873662.22;2.0;49.20395984;18.75511465;388.69;42.1352;25.0;0.7;285.839
1753873662.23;2.0;49.20395982;18.75511465;388.6905;42.1352;25.0;0.7;285.876
1753873662.24;2.0;49.2039598;18.75511466;388.6911;42.1352;25.0;0.7;285.907
1753873662.25;2.0;49.20395978;18.75511466;388.6915;42.1352;25.0;0.7;285.935
1753873662.26;2.0;49.20395975;18.75511467;388.6919;42.1352;25.0;0.7;285.966
1753873662.27;2.0;49.20395972;18.75511467;388.692;42.1352;25.0;0.7;285.995
1753873662.28;2.0;49.2039597;18.75511467;388.6924;42.1352;25.0;0.7;285.993
1753873662.29;2.0;49.20395968;18.75511467;388.693;42.1352;25.0;0.7;285.995
1753873662.3;2.0;49.20395965;18.75511467;388.6941;42.1352;25.0;0.7;286.044
1753873662.31;2.0;49.20395963;18.75511467;388.6947;42.1352;25.0;0.7;286.085
1753873662.32;2.0;49.2039596;18.75511467;388.695;42.1352;25.0;0.7;286.127
1753873662.33;2.0;49.20395958;18.75511468;388.6953;42.1352;25.0;0.7;286.151
1753873662.34;2.0;49.20395955;18.75511468;388.6953;42.1352;25.0;0.7;286.136
1753873662.35;2.0;49.20395953;18.75511469;388.6957;42.1352;25.0;0.7;286.109
1753873662.36;2.0;49.2039595;18.75511469;388.6964;42.1352;25.0;0.7;286.087
1753873662.37;2.0;49.20395948;18.7551147;388.697;42.1352;25.0;0.7;286.04
1753873662.38;2.0;49.20395946;18.75511471;388.6969;42.1352;25.0;0.7;285.963
1753873662.39;2.0;49.20395944;18.75511471;388.697;42.1352;25.0;0.7;285.946
1753873662.4;2.0;49.20395941;18.75511472;388.6976;42.1352;25.0;0.7;285.944
1753873662.41;2.0;49.20395939;18.75511472;388.6985;42.1352;25.0;0.7;285.903
1753873662.42;2.0;49.20395937;18.75511473;388.6992;42.1352;25.0;0.7;285.818
1753873662.43;2.0;49.20395934;18.75511473;388.6997;42.1352;25.0;0.7;285.79
1753873662.44;2.0;49.20395932;18.75511474;388.6998;42.1352;25.0;0.7;285.733
1753873662.45;2.0;49.2039593;18.75511475;388.7;42.1352;25.0;0.7;285.703
1753873662.46;2.0;49.20395928;18.75511475;388.7002;42.1352;25.0;0.7;285.728
1753873662.47;2.0;49.20395925;18.75511475;388.7009;42.1352;25.0;0.7;285.791
1753873662.48;2.0;49.20395923;18.75511475;388.7013;42.1352;25.0;0.7;285.805
1753873662.49;2.0;49.20395921;18.75511476;388.7015;42.1352;25.0;0.7;285.74
1753873662.5;2.0;49.20395919;18.75511476;388.7018;42.1352;25.0;0.7;285.704
1753873662.51;2.0;49.20395916;18.75511476;388.7023;42.1352;25.0;0.7;285.664
1753873662.52;2.0;49.20395914;18.75511476;388.7023;42.1352;25.0;0.7;285.642
1753873662.53;2.0;49.20395911;18.75511476;388.7026;42.1352;25.0;0.7;285.604
1753873662.54;2.0;49.20395909;18.75511476;388.7038;42.1352;25.0;0.7;285.578
1753873662.55;2.0;49.20395907;18.75511476;388.7048;42.1352;25.0;0.7;285.487
1753873662.56;2.0;49.20395904;18.75511476;388.7052;42.1352;25.0;0.7;285.48
1753873662.57;2.0;49.20395902;18.75511476;388.7061;42.1352;25.0;0.7;285.484
1753873662.58;2.0;49.20395901;18.75511475;388.7065;42.1352;25.0;0.7;285.492
1753873662.59;2.0;49.20395899;18.75511475;388.7066;42.1352;25.0;0.7;285.466
1753873662.6;2.0;49.20395897;18.75511474;388.7066;42.1352;25.0;0.7;285.454
1753873662.61;2.0;49.20395895;18.75511473;388.7069;42.1352;25.0;0.7;285.498
1753873662.62;2.0;49.20395893;18.75511472;388.7071;42.1352;25.0;0.7;285.518
1753873662.63;2.0;49.20395892;18.75511471;388.7069;42.1352;25.0;0.7;285.518
1753873662.64;2.0;49.2039589;18.7551147;388.7067;42.1352;25.0;0.7;285.476
1753873662.65;2.0;49.20395889;18.75511469;388.707;42.1352;25.0;0.7;285.447
1753873662.66;2.0;49.20395887;18.75511468;388.707;42.1352;25.0;0.7;285.433
1753873662.67;2.0;49.20395886;18.75511467;388.7071;42.1352;25.0;0.7;285.396
1753873662.68;2.0;49.20395884;18.75511466;388.7073;42.1352;25.0;0.7;285.422
1753873662.69;2.0;49.20395883;18.75511465;388.707;42.1352;25.0;0.7;285.433
1753873662.7;2.0;49.20395881;18.75511464;388.7074;42.1352;25.0;0.7;285.451
1753873662.71;2.0;49.20395879;18.75511463;388.7077;42.1352;25.0;0.7;285.538
1753873662.72;2.0;49.20395878;18.75511462;388.7075;42.1352;25.0;0.7;285.558
1753873662.73;2.0;49.20395876;18.75511461;388.7069;42.1352;25.0;0.7;285.587
1753873662.74;2.0;49.20395875;18.7551146;388.7072;42.1352;25.0;0.7;285.607
1753873662.75;2.0;49.20395873;18.75511459;388.7076;42.1352;25.0;0.7;285.594
1753873662.76;2.0;49.20395871;18.75511457;388.7078;42.1352;25.0;0.7;285.652
1753873662.77;2.0;49.20395869;18.75511456;388.708;42.1352;25.0;0.7;285.727
1753873662.78;2.0;49.20395868;18.75511455;388.7078;42.1352;25.0;0.7;285.768
1753873662.79;2.0;49.20395867;18.75511454;388.707;42.1352;25.0;0.7;285.742
1753873662.8;2.0;49.20395865;18.75511452;388.7071;42.1352;25.0;0.7;285.774
1753873662.81;2.0;49.20395864;18.75511451;388.7076;42.1352;25.0;0.7;285.83
1753873662.82;2.0;49.20395862;18.7551145;388.7078;42.1352;25.0;0.7;285.818
1753873662.83;2.0;49.20395861;18.75511449;388.7078;42.1352;25.0;0.7;285.84
1753873662.84;2.0;49.2039586;18.75511448;388.7075;42.1352;25.0;0.7;285.869
1753873662.85;2.0;49.20395858;18.75511447;388.7074;42.1352;25.0;0.7;285.924
1753873662.86;2.0;49.20395856;18.75511445;388.7077;42.1352;25.0;0.7;285.934
1753873662.87;2.0;49.20395854;18.75511444;388.7082;42.1352;25.0;0.7;285.947
1753873662.88;2.0;49.20395853;18.75511443;388.708;42.1352;25.0;0.7;285.909
1753873662.89;2.0;49.20395851;18.75511442;388.7078;42.1352;25.0;0.7;285.909
1753873662.9;2.0;49.2039585;18.75511441;388.7079;42.1352;25.0;0.7;285.895
1753873662.91;2.0;49.20395849;18.7551144;388.7079;42.1352;25.0;0.7;285.884
1753873662.92;2.0;49.20395847;18.75511439;388.7076;42.1352;25.0;0.7;285.891
1753873662.93;2.0;49.20395846;18.75511438;388.7076;42.1352;25.0;0.7;285.844
1753873662.94;2.0;49.20395844;18.75511437;388.7077;42.1352;25.0;0.7;285.79
1753873662.95;2.0;49.20395842;18.75511435;388.7079;42.1352;25.0;0.7;285.787
1753873662.96;2.0;49.20395841;18.75511434;388.7078;42.1352;25.0;0.7;285.78
1753873662.97;2.0;49.20395839;18.75511433;388.7077;42.1352;25.0;0.7;285.754
1753873662.98;2.0;49.20395837;18.75511432;388.7073;42.1352;25.0;0.7;285.724
1753873662.99;2.0;49.20395836;18.75511431;388.7072;42.1352;25.0;0.7;285.703
1753873663.0;2.0;49.20395834;18.75511431;388.7068;42.1352;25.0;0.7;285.73
1753873663.01;2.0;49.20395833;18.7551143;388.7064;42.1352;25.0;0.7;285.764
1753873663.02;2.0;49.20395832;18.75511429;388.7061;42.1352;25.0;0.7;285.756
1753873663.03;2.0;49.2039583;18.75511428;388.7057;42.1352;25.0;0.7;285.727
1753873663.04;2.0;49.20395829;18.75511427;388.7055;42.1352;25.0;0.7;285.754
1753873663.05;2.0;49.20395827;18.75511426;388.7054;42.1352;25.0;0.7;285.779
1753873663.06;2.0;49.20395825;18.75511424;388.7054;42.1352;25.0;0.7;285.813
1753873663.07;2.0;49.20395824;18.75511423;388.7055;42.1352;25.0;0.7;285.8
1753873663.08;2.0;49.20395822;18.75511422;388.705;42.1352;25.0;0.7;285.733
1753873663.09;2.0;49.20395821;18.75511421;388.7044;42.1352;25.0;0.7;285.728
1753873663.1;2.0;49.20395819;18.7551142;388.7044;42.1352;25.0;0.7;285.677
1753873663.11;2.0;49.20395817;18.75511418;388.7044;42.1352;24.0;0.7;285.682
1753873663.12;2.0;49.20395816;18.75511417;388.7042;42.1352;24.0;0.7;285.718
1753873663.13;2.0;49.20395815;18.75511416;388.7039;42.1352;24.0;0.7;285.744
1753873663.14;2.0;49.20395814;18.75511415;388.7037;42.1352;24.0;0.7;285.748
1753873663.15;2.0;49.20395812;18.75511413;388.7043;42.1352;24.0;0.7;285.75
1753873663.16;2.0;49.20395811;18.75511412;388.7048;42.1352;24.0;0.7;285.746
1753873663.17;2.0;49.2039581;18.75511411;388.7046;42.1352;24.0;0.7;285.705
1753873663.18;2.0;49.20395809;18.7551141;388.7046;42.1352;24.0;0.7;285.67
1753873663.19;2.0;49.20395807;18.75511408;388.705;42.1352;24.0;0.7;285.685
1753873663.2;2.0;49.20395806;18.75511406;388.7053;42.1352;24.0;0.7;285.715
1753873663.21;2.0;49.20395805;18.75511404;388.7055;42.1352;24.0;0.7;285.698
1753873663.22;2.0;49.20395804;18.75511403;388.7056;42.1352;24.0;0.7;285.695
1753873663.23;2.0;49.20395802;18.75511401;388.7059;42.1352;24.0;0.7;285.718
1753873663.24;2.0;49.20395801;18.75511399;388.7066;42.1352;24.0;0.7;285.763
1753873663.25;2.0;49.203958;18.75511398;388.7071;42.1352;24.0;0.7;285.796
1753873663.26;2.0;49.20395798;18.75511396;388.7073;42.1352;24.0;0.7;285.803
1753873663.27;2.0;49.20395797;18.75511395;388.7078;42.1352;24.0;0.7;285.81
1753873663.28;2.0;49.20395796;18.75511392;388.7085;42.1352;24.0;0.7;285.863
1753873663.29;2.0;49.20395795;18.75511391;388.709;42.1352;24.0;0.7;285.85
1753873663.3;2.0;49.20395794;18.75511389;388.7099;42.1352;24.0;0.7;285.838
1753873663.31;2.0;49.20395793;18.75511387;388.7103;42.1352;24.0;0.7;285.826
1753873663.32;2.0;49.20395792;18.75511386;388.7107;42.1352;24.0;0.7;285.825
1753873663.33;2.0;49.20395791;18.75511384;388.7111;42.1352;24.0;0.7;285.818
1753873663.34;2.0;49.2039579;18.75511382;388.7114;42.1352;24.0;0.7;285.747
1753873663.35;2.0;49.20395788;18.7551138;388.7119;42.1352;24.0;0.7;285.705
1753873663.36;2.0;49.20395787;18.75511377;388.7125;42.1352;24.0;0.7;285.747
1753873663.37;2.0;49.20395786;18.75511374;388.7131;42.1352;24.0;0.7;285.806
1753873663.38;2.0;49.20395784;18.75511372;388.7141;42.1352;24.0;0.7;285.849
1753873663.39;2.0;49.20395783;18.7551137;388.715;42.1352;24.0;0.7;285.918
1753873663.4;2.0;49.20395783;18.75511368;388.7154;42.1352;24.0;0.7;285.953
1753873663.41;2.0;49.20395782;18.75511366;388.7153;42.1352;24.0;0.7;286.005
1753873663.42;2.0;49.20395781;18.75511364;388.7157;42.1352;24.0;0.7;286.034
1753873663.43;2.0;49.2039578;18.75511361;388.7167;42.1352;24.0;0.7;285.992
1753873663.44;2.0;49.20395779;18.75511359;388.7172;42.1352;24.0;0.7;285.985
1753873663.45;2.0;49.20395778;18.75511357;388.7177;42.1352;24.0;0.7;285.962
1753873663.46;2.0;49.20395777;18.75511355;388.718;42.1352;24.0;0.7;285.94
1753873663.47;2.0;49.20395777;18.75511353;388.7176;42.1352;24.0;0.7;285.965
1753873663.48;2.0;49.20395776;18.75511352;388.7171;42.1352;24.0;0.7;286.032
1753873663.49;2.0;49.20395775;18.7551135;388.7168;42.1352;24.0;0.7;286.052
1753873663.5;2.0;49.20395774;18.75511348;388.7168;42.1352;24.0;0.7;286.025
1753873663.51;2.0;49.20395772;18.75511347;388.7171;42.1352;24.0;0.7;286.094
1753873663.52;2.0;49.20395772;18.75511345;388.7168;42.1352;24.0;0.7;286.138
1753873663.53;2.0;49.20395771;18.75511344;388.7168;42.1352;24.0;0.7;286.186
1753873663.54;2.0;49.2039577;18.75511342;388.7171;42.1352;24.0;0.7;286.198
1753873663.55;2.0;49.20395769;18.7551134;388.7175;42.1352;24.0;0.7;286.188
1753873663.56;2.0;49.20395768;18.75511339;388.7173;42.1352;23.0;0.7;286.184
1753873663.57;2.0;49.20395767;18.75511338;388.7174;42.1352;23.0;0.7;286.128
1753873663.58;2.0;49.20395766;18.75511336;388.7174;42.1352;23.0;0.7;286.086
1753873663.59;2.0;49.20395765;18.75511334;388.7174;42.1352;23.0;0.7;286.02
1753873663.6;2.0;49.20395764;18.75511332;388.718;42.1352;23.0;0.7;285.98
1753873663.61;2.0;49.20395763;18.7551133;388.7183;42.1352;23.0;0.7;286.007
1753873663.62;2.0;49.20395762;18.75511328;388.7179;42.1352;23.0;0.7;286.04
1753873663.63;2.0;49.20395761;18.75511327;388.7177;42.1352;23.0;0.7;286.052
1753873663.64;2.0;49.2039576;18.75511326;388.7165;42.1352;23.0;0.7;286.06
1753873663.65;2.0;49.2039576;18.75511325;388.7162;42.1352;23.0;0.7;286.077
1753873663.66;2.0;49.20395759;18.75511323;388.7157;42.1352;23.0;0.7;286.068
1753873663.67;2.0;49.20395759;18.75511322;388.7152;42.1352;23.0;0.7;286.087
1753873663.68;2.0;49.20395758;18.75511321;388.7153;42.1352;23.0;0.7;286.045
1753873663.69;2.0;49.20395758;18.7551132;388.7156;42.1352;23.0;0.7;286.013
1753873663.7;2.0;49.20395757;18.75511318;388.7155;42.1352;23.0;0.7;285.995
1753873663.71;2.0;49.20395757;18.75511317;388.715;42.1352;23.0;0.7;286.022
1753873663.72;2.0;49.20395757;18.75511317;388.7146;42.1352;23.0;0.7;286.089
1753873663.73;2.0;49.20395756;18.75511317;388.7138;42.1352;23.0;0.7;286.094
1753873663.74;2.0;49.20395756;18.75511316;388.7129;42.1352;23.0;0.7;286.131
1753873663.75;2.0;49.20395756;18.75511316;388.712;42.1352;23.0;0.7;286.12
1753873663.76;2.0;49.20395756;18.75511315;388.7116;42.1352;23.0;0.7;286.146
1753873663.77;2.0;49.20395755;18.75511313;388.7114;42.1352;23.0;0.7;286.133
1753873663.78;2.0;49.20395755;18.75511312;388.7109;42.1352;23.0;0.7;286.093
1753873663.79;2.0;49.20395755;18.75511311;388.7101;42.1352;23.0;0.7;286.055
1753873663.8;2.0;49.20395754;18.75511309;388.7093;42.1352;23.0;0.7;286.023
1753873663.81;2.0;49.20395754;18.75511308;388.7087;42.1352;23.0;0.7;286.042
1753873663.82;2.0;49.20395754;18.75511308;388.7079;42.1352;23.0;0.7;286.01
1753873663.83;2.0;49.20395753;18.75511306;388.7066;42.1352;23.0;0.7;286.01
1753873663.84;2.0;49.20395753;18.75511305;388.7051;42.1352;23.0;0.7;286.039
1753873663.85;2.0;49.20395753;18.75511304;388.7048;42.1352;23.0;0.7;286.05
1753873663.86;2.0;49.20395752;18.75511303;388.7043;42.1352;23.0;0.7;286.028
1753873663.87;2.0;49.20395752;18.75511301;388.7036;42.1352;23.0;0.7;285.993
1753873663.88;2.0;49.20395751;18.755113;388.7028;42.1352;23.0;0.7;285.981
1753873663.89;2.0;49.20395751;18.75511299;388.7021;42.1352;23.0;0.7;286.012
1753873663.9;2.0;49.2039575;18.75511297;388.7013;42.1352;23.0;0.7;285.989
1753873663.91;2.0;49.20395749;18.75511296;388.7007;42.1352;23.0;0.7;285.95
1753873663.92;2.0;49.20395748;18.75511295;388.6999;42.1352;23.0;0.7;285.906
1753873663.93;2.0;49.20395748;18.75511294;388.6994;42.1352;23.0;0.7;285.916
1753873663.94;2.0;49.20395747;18.75511292;388.699;42.1352;23.0;0.7;285.941
1753873663.95;2.0;49.20395746;18.75511291;388.6984;42.1352;23.0;0.7;285.97
1753873663.96;2.0;49.20395746;18.7551129;388.6973;42.1352;23.0;0.7;285.97
1753873663.97;2.0;49.20395745;18.75511289;388.6964;42.1352;23.0;0.7;285.958
1753873663.98;2.0;49.20395745;18.75511288;388.6959;42.1352;23.0;0.7;285.948
1753873663.99;2.0;49.20395744;18.75511288;388.6954;42.1352;23.0;0.7;285.994
1753873664.0;2.0;49.20395743;18.75511287;388.6946;42.1352;23.0;0.7;286.03
1753873664.01;2.0;49.20395743;18.75511286;388.6943;42.1352;23.0;0.7;286.085
1753873664.02;2.0;49.20395742;18.75511284;388.6938;42.1352;23.0;0.7;286.056
1753873664.03;2.0;49.20395741;18.75511283;388.6937;42.1352;23.0;0.7;286.032
1753873664.04;2.0;49.20395741;18.75511281;388.6938;42.1352;23.0;0.7;286.054
1753873664.05;2.0;49.2039574;18.75511279;388.6933;42.1352;23.0;0.7;286.088
1753873664.06;2.0;49.20395738;18.75511278;388.6932;42.1352;23.0;0.7;286.133
1753873664.07;2.0;49.20395736;18.75511277;388.6934;42.1352;23.0;0.7;286.22
1753873664.08;2.0;49.20395734;18.75511276;388.6934;42.1352;24.0;0.7;286.268
1753873664.09;2.0;49.20395732;18.75511275;388.6939;42.1352;24.0;0.7;286.292
1753873664.1;2.0;49.2039573;18.75511273;388.6941;42.1352;24.0;0.7;286.303
1753873664.11;2.0;49.20395729;18.75511272;388.6933;42.1352;24.0;0.7;286.287
1753873664.12;2.0;49.20395727;18.75511272;388.6927;42.1352;24.0;0.7;286.266
1753873664.13;2.0;49.20395725;18.75511271;388.6919;42.1352;24.0;0.7;286.275
1753873664.14;2.0;49.20395724;18.7551127;388.691;42.1352;24.0;0.7;286.284
1753873664.15;2.0;49.20395723;18.7551127;388.6903;42.1352;24.0;0.7;286.297
1753873664.16;2.0;49.20395722;18.75511269;388.6894;42.1352;24.0;0.7;286.305
1753873664.17;2.0;49.2039572;18.75511269;388.6882;42.1352;24.0;0.7;286.34
1753873664.18;2.0;49.20395719;18.75511268;388.6874;42.1352;24.0;0.7;286.332
1753873664.19;2.0;49.20395718;18.75511267;388.6866;42.1352;24.0;0.7;286.358
1753873664.2;2.0;49.20395717;18.75511267;388.6858;42.1352;24.0;0.7;286.331
1753873664.21;2.0;49.20395716;18.75511267;388.6852;42.1352;24.0;0.7;286.311
1753873664.22;2.0;49.20395715;18.75511266;388.6844;42.1352;24.0;0.7;286.308
1753873664.23;2.0;49.20395714;18.75511266;388.6833;42.1352;24.0;0.7;286.321
1753873664.24;2.0;49.20395712;18.75511266;388.6817;42.1352;24.0;0.7;286.363
1753873664.25;2.0;49.20395712;18.75511266;388.68;42.1352;24.0;0.7;286.398
1753873664.26;2.0;49.20395711;18.75511266;388.6785;42.1352;24.0;0.7;286.394
1753873664.27;2.0;49.20395709;18.75511266;388.6773;42.1352;24.0;0.7;286.321
1753873664.28;2.0;49.20395708;18.75511266;388.6762;42.1352;24.0;0.7;286.292
1753873664.29;2.0;49.20395707;18.75511266;388.6752;42.1352;24.0;0.7;286.241
1753873664.3;2.0;49.20395706;18.75511266;388.6748;42.1352;24.0;0.7;286.155
1753873664.31;2.0;49.20395705;18.75511266;388.6741;42.1352;24.0;0.7;286.058
1753873664.32;2.0;49.20395703;18.75511266;388.6733;42.1352;24.0;0.7;285.959
1753873664.33;2.0;49.20395702;18.75511265;388.6727;42.1352;24.0;0.7;285.875
1753873664.34;2.0;49.20395701;18.75511265;388.6722;42.1352;24.0;0.7;285.764
1753873664.35;2.0;49.203957;18.75511265;388.6716;42.1352;24.0;0.7;285.65
1753873664.36;2.0;49.20395698;18.75511264;388.671;42.1352;24.0;0.7;285.569
1753873664.37;2.0;49.20395697;18.75511264;388.6699;42.1352;24.0;0.7;285.622
1753873664.38;2.0;49.20395696;18.75511264;388.6687;42.1352;24.0;0.7;285.628
1753873664.39;2.0;49.20395694;18.75511264;388.6673;42.1352;24.0;0.7;285.61
1753873664.4;2.0;49.20395693;18.75511263;388.6662;42.1352;24.0;0.7;285.628
1753873664.41;2.0;49.20395692;18.75511263;388.6652;42.1352;24.0;0.7;285.639
1753873664.42;2.0;49.2039569;18.75511263;388.664;42.1352;24.0;0.7;285.658
1753873664.43;2.0;49.20395689;18.75511262;388.6633;42.1352;24.0;0.7;285.711
1753873664.44;2.0;49.20395688;18.75511262;388.6623;42.1352;24.0;0.7;285.749
1753873664.45;2.0;49.20395687;18.75511261;388.6615;42.1352;24.0;0.7;285.749
1753873664.46;2.0;49.20395685;18.7551126;388.6606;42.1352;24.0;0.7;285.774
1753873664.47;2.0;49.20395684;18.7551126;388.66;42.1352;24.0;0.7;285.813
1753873664.48;2.0;49.20395682;18.75511259;388.6597;42.1352;24.0;0.7;285.822
1753873664.49;2.0;49.20395681;18.75511259;388.659;42.1352;24.0;0.7;285.8
1753873664.5;2.0;49.2039568;18.75511258;388.6592;42.1352;24.0;0.7;285.757
1753873664.51;2.0;49.20395679;18.75511258;388.6594;42.1352;24.0;0.7;285.71
1753873664.52;2.0;49.20395677;18.75511257;388.659;42.1352;24.0;0.7;285.654
1753873664.53;2.0;49.20395676;18.75511257;388.6583;42.1352;24.0;0.7;285.627
1753873664.54;2.0;49.20395674;18.75511256;388.6577;42.1352;24.0;0.7;285.581
1753873664.55;2.0;49.20395673;18.75511256;388.6566;42.1352;24.0;0.7;285.58
1753873664.56;2.0;49.20395673;18.75511255;388.6557;42.1352;24.0;0.7;285.576
1753873664.57;2.0;49.20395672;18.75511254;388.6553;42.1352;24.0;0.7;285.542
1753873664.58;2.0;49.2039567;18.75511253;388.6554;42.1352;24.0;0.7;285.541
1753873664.59;2.0;49.20395669;18.75511252;388.6558;42.1352;24.0;0.7;285.497
1753873664.6;2.0;49.20395666;18.7551125;388.6567;42.1352;24.0;0.7;285.45
1753873664.61;2.0;49.20395664;18.75511249;388.6568;42.1352;24.0;0.7;285.483
1753873664.62;2.0;49.20395662;18.75511248;388.657;42.1352;24.0;0.7;285.521
1753873664.63;2.0;49.2039566;18.75511247;388.6569;42.1352;24.0;0.7;285.479
1753873664.64;2.0;49.20395658;18.75511246;388.6568;42.1352;24.0;0.7;285.492
1753873664.65;2.0;49.20395656;18.75511245;388.6568;42.1352;24.0;0.7;285.475
1753873664.66;2.0;49.20395654;18.75511244;388.6567;42.1352;24.0;0.7;285.439
1753873664.67;2.0;49.20395652;18.75511243;388.6563;42.1352;24.0;0.7;285.421
1753873664.68;2.0;49.20395651;18.75511242;388.6564;42.1352;24.0;0.7;285.412
1753873664.69;2.0;49.20395649;18.75511242;388.656;42.1352;24.0;0.7;285.409
1753873664.7;2.0;49.20395647;18.75511242;388.6553;42.1352;24.0;0.7;285.423
1753873664.71;2.0;49.20395645;18.75511241;388.6544;42.1352;24.0;0.7;285.41
1753873664.72;2.0;49.20395643;18.75511241;388.6536;42.1352;24.0;0.7;285.441
1753873664.73;2.0;49.20395641;18.7551124;388.6536;42.1352;24.0;0.7;285.475
1753873664.74;2.0;49.20395638;18.75511239;388.6539;42.1352;24.0;0.7;285.446
1753873664.75;2.0;49.20395636;18.75511239;388.6538;42.1352;24.0;0.7;285.429
1753873664.76;2.0;49.20395634;18.75511238;388.653;42.1352;24.0;0.7;285.394
1753873664.77;2.0;49.20395631;18.75511237;388.6521;42.1352;24.0;0.7;285.394
1753873664.78;2.0;49.20395629;18.75511237;388.6514;42.1352;24.0;0.7;285.436
1753873664.79;2.0;49.20395628;18.75511236;388.6504;42.1352;24.0;0.7;285.443
1753873664.8;2.0;49.20395626;18.75511236;388.6494;42.1352;24.0;0.7;285.473
1753873664.81;2.0;49.20395624;18.75511235;388.6482;42.1352;24.0;0.7;285.462
1753873664.82;2.0;49.20395622;18.75511235;388.6475;42.1352;24.0;0.7;285.374
1753873664.83;2.0;49.20395621;18.75511234;388.6475;42.1352;24.0;0.7;285.302
1753873664.84;2.0;49.20395619;18.75511233;388.6475;42.1352;24.0;0.7;285.216
1753873664.85;2.0;49.20395618;18.75511233;388.6475;42.1352;24.0;0.7;285.094
1753873664.86;2.0;49.20395616;18.75511233;388.6472;42.1352;24.0;0.7;284.967
1753873664.87;2.0;49.20395614;18.75511233;388.647;42.1352;24.0;0.7;284.868
1753873664.88;2.0;49.20395612;18.75511232;388.647;42.1352;24.0;0.7;284.835
1753873664.89;2.0;49.2039561;18.75511231;388.6467;42.1352;24.0;0.7;284.772
1753873664.9;2.0;49.20395608;18.75511231;388.6461;42.1352;24.0;0.7;284.764
1753873664.91;2.0;49.20395606;18.7551123;388.6453;42.1352;24.0;0.7;284.765
1753873664.92;2.0;49.20395604;18.7551123;388.6449;42.1352;24.0;0.7;284.749
1753873664.93;2.0;49.20395602;18.75511229;388.6445;42.1352;24.0;0.7;284.715
1753873664.94;2.0;49.20395601;18.75511229;388.6437;42.1352;24.0;0.7;284.721
1753873664.95;2.0;49.20395598;18.75511228;388.6427;42.1352;24.0;0.7;284.729
1753873664.96;2.0;49.20395596;18.75511228;388.6421;42.1352;24.0;0.7;284.806
1753873664.97;2.0;49.20395595;18.75511227;388.6412;42.1352;24.0;0.7;284.852
1753873664.98;2.0;49.20395593;18.75511227;388.6403;42.1352;24.0;0.7;284.842
1753873664.99;2.0;49.20395592;18.75511227;388.6394;42.1352;24.0;0.7;284.829
1753873665.0;2.0;49.2039559;18.75511226;388.6384;42.1352;24.0;0.7;284.827
1753873665.01;2.0;49.20395588;18.75511226;388.6372;42.1352;24.0;0.7;284.824
1753873665.02;2.0;49.20395586;18.75511225;388.6357;42.1352;24.0;0.7;284.835
1753873665.03;2.0;49.20395584;18.75511224;388.6341;42.1352;24.0;0.7;284.843
1753873665.04;2.0;49.20395582;18.75511224;388.6334;42.1352;24.0;0.7;284.913
1753873665.05;2.0;49.2039558;18.75511223;388.6327;42.1352;24.0;0.7;284.976
1753873665.06;2.0;49.20395578;18.75511222;388.6314;42.1352;24.0;0.7;284.997
1753873665.07;2.0;49.20395577;18.75511222;388.63;42.1352;24.0;0.7;285.016
1753873665.08;2.0;49.20395575;18.75511222;388.6286;42.1352;24.0;0.7;285.054
1753873665.09;2.0;49.20395573;18.75511221;388.6279;42.1352;24.0;0.7;285.127
1753873665.1;2.0;49.20395571;18.75511221;388.6276;42.1352;24.0;0.7;285.18
1753873665.11;2.0;49.20395569;18.7551122;388.6269;42.1352;24.0;0.7;285.294
1753873665.12;2.0;49.20395567;18.75511219;388.626;42.1352;24.0;0.7;285.388
1753873665.13;2.0;49.20395565;18.75511219;388.6251;42.1352;24.0;0.7;285.427
1753873665.14;2.0;49.20395563;18.75511218;388.6246;42.1352;24.0;0.7;285.481
1753873665.15;2.0;49.20395561;18.75511216;388.6241;42.1352;24.0;0.7;285.537
1753873665.16;2.0;49.20395559;18.75511214;388.6238;42.1352;24.0;0.7;285.619
1753873665.17;2.0;49.20395557;18.75511212;388.623;42.1352;24.0;0.7;285.654
1753873665.18;2.0;49.20395554;18.7551121;388.6223;42.1352;24.0;0.7;285.727
1753873665.19;2.0;49.20395552;18.75511209;388.6213;42.1352;24.0;0.7;285.808
1753873665.2;2.0;49.20395551;18.75511208;388.62;42.1352;24.0;0.7;285.842
1753873665.21;2.0;49.20395549;18.75511207;388.6186;42.1352;24.0;0.7;285.872
1753873665.22;2.0;49.20395546;18.75511205;388.618;42.1352;24.0;0.7;285.904
1753873665.23;2.0;49.20395544;18.75511203;388.6175;42.1352;24.0;0.7;285.965
1753873665.24;2.0;49.20395542;18.75511201;388.6167;42.1352;24.0;0.7;285.97
1753873665.25;2.0;49.20395539;18.75511199;388.6157;42.1352;24.0;0.7;285.947
1753873665.26;2.0;49.20395536;18.75511198;388.615;42.1352;24.0;0.7;285.946
1753873665.27;2.0;49.20395534;18.75511196;388.6141;42.1352;24.0;0.7;285.954
1753873665.28;2.0;49.20395531;18.75511194;388.6137;42.1352;24.0;0.7;285.965
1753873665.29;2.0;49.20395529;18.75511192;388.6134;42.1352;24.0;0.7;285.951
1753873665.3;2.0;49.20395526;18.7551119;388.6127;42.1352;24.0;0.7;285.915
1753873665.31;2.0;49.20395524;18.75511188;388.6122;42.1352;24.0;0.7;285.866
1753873665.32;2.0;49.20395521;18.75511187;388.6113;42.1352;24.0;0.7;285.838
1753873665.33;2.0;49.20395519;18.75511185;388.6102;42.1352;24.0;0.7;285.852
1753873665.34;2.0;49.20395516;18.75511184;388.6089;42.1352;24.0;0.7;285.817
1753873665.35;2.0;49.20395514;18.75511182;388.6083;42.1352;24.0;0.7;285.797
1753873665.36;2.0;49.20395511;18.75511181;388.6083;42.1352;24.0;0.7;285.777
1753873665.37;2.0;49.20395509;18.75511179;388.6084;42.1352;24.0;0.7;285.72
1753873665.38;2.0;49.20395507;18.75511178;388.6087;42.1352;24.0;0.7;285.734
1753873665.39;2.0;49.20395505;18.75511177;388.6084;42.1352;24.0;0.7;285.711
1753873665.4;2.0;49.20395502;18.75511175;388.6078;42.1352;24.0;0.7;285.652
1753873665.41;2.0;49.203955;18.75511173;388.6076;42.1352;24.0;0.7;285.639
1753873665.42;2.0;49.20395498;18.75511171;388.6076;42.1352;24.0;0.7;285.618
1753873665.43;2.0;49.20395496;18.7551117;388.6073;42.1352;23.0;0.7;285.571
1753873665.44;2.0;49.20395493;18.75511169;388.6065;42.1352;23.0;0.7;285.492
1753873665.45;2.0;49.20395491;18.75511167;388.6062;42.1352;23.0;0.7;285.491
1753873665.46;2.0;49.20395489;18.75511165;388.6063;42.1352;23.0;0.7;285.585
1753873665.47;2.0;49.20395486;18.75511163;388.6058;42.1352;23.0;0.7;285.646
1753873665.48;2.0;49.20395484;18.75511161;388.6056;42.1352;23.0;0.7;285.672
1753873665.49;2.0;49.20395482;18.75511159;388.6048;42.1352;23.0;0.7;285.674
1753873665.5;2.0;49.20395479;18.75511157;388.6042;42.1352;23.0;0.7;285.666
1753873665.51;2.0;49.20395477;18.75511156;388.6034;42.1352;23.0;0.7;285.657
1753873665.52;2.0;49.20395474;18.75511154;388.6028;42.1352;23.0;0.7;285.717
1753873665.53;2.0;49.20395472;18.75511153;388.6021;42.1352;23.0;0.7;285.775
1753873665.54;2.0;49.2039547;18.75511151;388.6019;42.1352;24.0;0.7;285.863
1753873665.55;2.0;49.20395467;18.75511149;388.601;42.1352;24.0;0.7;285.883
1753873665.56;2.0;49.20395465;18.75511148;388.5999;42.1352;24.0;0.7;285.867
1753873665.57;2.0;49.20395464;18.75511147;388.599;42.1352;23.0;0.7;285.895
1753873665.58;2.0;49.20395462;18.75511147;388.5977;42.1352;23.0;0.7;285.911
1753873665.59;2.0;49.2039546;18.75511147;388.5961;42.1352;23.0;0.7;285.944
1753873665.6;2.0;49.20395458;18.75511146;388.595;42.1352;23.0;0.7;285.967
1753873665.61;2.0;49.20395456;18.75511146;388.5941;42.1352;23.0;0.7;285.984
1753873665.62;2.0;49.20395455;18.75511145;388.5932;42.1352;23.0;0.7;286.031
1753873665.63;2.0;49.20395453;18.75511145;388.5926;42.1352;23.0;0.7;286.128
1753873665.64;2.0;49.20395451;18.75511144;388.5916;42.1352;23.0;0.7;286.177
1753873665.65;2.0;49.20395449;18.75511144;388.5904;42.1352;23.0;0.7;286.257
1753873665.66;2.0;49.20395447;18.75511144;388.589;42.1352;23.0;0.7;286.258
1753873665.67;2.0;49.20395445;18.75511144;388.5882;42.1352;23.0;0.7;286.288
1753873665.68;2.0;49.20395443;18.75511144;388.5874;42.1352;23.0;0.7;286.333
1753873665.69;2.0;49.20395441;18.75511144;388.5864;42.1352;23.0;0.7;286.355
1753873665.7;2.0;49.20395439;18.75511145;388.5849;42.1352;23.0;0.7;286.345
1753873665.71;2.0;49.20395436;18.75511145;388.5837;42.1352;23.0;0.7;286.341
1753873665.72;2.0;49.20395434;18.75511145;388.5833;42.1352;23.0;0.7;286.367
1753873665.73;2.0;49.20395431;18.75511145;388.5828;42.1352;23.0;0.7;286.396
1753873665.74;2.0;49.20395429;18.75511146;388.5817;42.1352;23.0;0.7;286.456
1753873665.75;2.0;49.20395427;18.75511147;388.5804;42.1352;23.0;0.7;286.425
1753873665.76;2.0;49.20395424;18.75511149;388.5795;42.1352;23.0;0.7;286.375
1753873665.77;2.0;49.20395422;18.7551115;388.5785;42.1352;23.0;0.7;286.352
1753873665.78;2.0;49.2039542;18.75511151;388.5769;42.1352;23.0;0.7;286.325
1753873665.79;2.0;49.20395417;18.75511153;388.5753;42.1352;23.0;0.7;286.324
1753873665.8;2.0;49.20395415;18.75511154;388.5744;42.1352;23.0;0.7;286.345
1753873665.81;2.0;49.20395412;18.75511155;388.5738;42.1352;23.0;0.7;286.325
1753873665.82;2.0;49.2039541;18.75511157;388.5733;42.1352;23.0;0.7;286.35
1753873665.83;2.0;49.20395407;18.75511158;388.573;42.1352;23.0;0.7;286.371
1753873665.84;2.0;49.20395404;18.7551116;388.5721;42.1352;23.0;0.7;286.346
1753873665.85;2.0;49.20395402;18.75511161;388.5712;42.1352;23.0;0.7;286.255
1753873665.86;2.0;49.20395399;18.75511163;388.57;42.1352;23.0;0.7;286.156
1753873665.87;2.0;49.20395397;18.75511164;388.5687;42.1352;23.0;0.7;286.091
1753873665.88;2.0;49.20395395;18.75511166;388.5677;42.1352;23.0;0.7;286.041
1753873665.89;2.0;49.20395392;18.75511167;388.5667;42.1352;23.0;0.7;285.989
1753873665.9;2.0;49.2039539;18.75511168;388.5662;42.1352;23.0;0.7;285.985
1753873665.91;2.0;49.20395387;18.75511169;388.5659;42.1352;23.0;0.7;285.903
1753873665.92;2.0;49.20395385;18.75511171;388.5656;42.1352;23.0;0.7;285.823
1753873665.93;2.0;49.20395382;18.75511172;388.5646;42.1352;23.0;0.7;285.773
1753873665.94;2.0;49.2039538;18.75511173;388.5633;42.1352;23.0;0.7;285.747
1753873665.95;2.0;49.20395378;18.75511175;388.5624;42.1352;23.0;0.7;285.676
1753873665.96;2.0;49.20395376;18.75511176;388.5619;42.1352;23.0;0.7;285.626
1753873665.97;2.0;49.20395373;18.75511178;388.5616;42.1352;23.0;0.7;285.561
1753873665.98;2.0;49.20395371;18.75511178;388.5614;42.1352;23.0;0.7;285.531
1753873665.99;2.0;49.20395369;18.75511179;388.5611;42.1352;23.0;0.7;285.55
1753873666.0;2.0;49.20395367;18.75511181;388.56;42.1352;23.0;0.7;285.484
1753873666.01;2.0;49.20395364;18.75511182;388.559;42.1352;23.0;0.7;285.425
1753873666.02;2.0;49.20395362;18.75511183;388.5578;42.1352;23.0;0.7;285.38
1753873666.03;2.0;49.2039536;18.75511184;388.5566;42.1352;23.0;0.7;285.326
1753873666.04;2.0;49.20395358;18.75511185;388.5554;42.1352;23.0;0.7;285.316
1753873666.05;2.0;49.20395356;18.75511186;388.5544;42.1352;23.0;0.7;285.255
1753873666.06;2.0;49.20395354;18.75511188;388.5536;42.1352;23.0;0.7;285.247
1753873666.07;2.0;49.20395351;18.75511189;388.5528;42.1352;23.0;0.7;285.262
1753873666.08;2.0;49.20395349;18.7551119;388.5514;42.1352;23.0;0.7;285.283
1753873666.09;2.0;49.20395347;18.75511192;388.55;42.1352;23.0;0.7;285.301
1753873666.1;2.0;49.20395344;18.75511193;388.5491;42.1352;23.0;0.7;285.31
1753873666.11;2.0;49.20395342;18.75511195;388.5486;42.1352;23.0;0.7;285.351
1753873666.12;2.0;49.20395339;18.75511197;388.5478;42.1352;23.0;0.7;285.408
1753873666.13;2.0;49.20395337;18.75511199;388.5464;42.1352;23.0;0.7;285.417
1753873666.14;2.0;49.20395335;18.755112;388.5458;42.1352;23.0;0.7;285.419
1753873666.15;2.0;49.20395332;18.75511201;388.5454;42.1352;23.0;0.7;285.455
1753873666.16;2.0;49.2039533;18.75511203;388.5448;42.1352;23.0;0.7;285.513
1753873666.17;2.0;49.20395328;18.75511205;388.5439;42.1352;23.0;0.7;285.546
1753873666.18;2.0;49.20395325;18.75511207;388.5431;42.1352;23.0;0.7;285.596
1753873666.19;2.0;49.20395323;18.75511208;388.5426;42.1352;23.0;0.7;285.62
1753873666.2;2.0;49.2039532;18.7551121;388.5424;42.1352;23.0;0.7;285.613
1753873666.21;2.0;49.20395318;18.75511211;388.5422;42.1352;23.0;0.7;285.589
1753873666.22;2.0;49.20395315;18.75511212;388.5413;42.1352;23.0;0.7;285.531
1753873666.23;2.0;49.20395313;18.75511214;388.5405;42.1352;23.0;0.7;285.502
1753873666.24;2.0;49.2039531;18.75511215;388.5398;42.1352;23.0;0.7;285.524
1753873666.25;2.0;49.20395308;18.75511216;388.5389;42.1352;23.0;0.7;285.525
1753873666.26;2.0;49.20395305;18.75511218;388.5383;42.1352;23.0;0.7;285.527
1753873666.27;2.0;49.20395302;18.7551122;388.5378;42.1352;23.0;0.7;285.572
1753873666.28;2.0;49.203953;18.75511222;388.5371;42.1352;23.0;0.7;285.575
1753873666.29;2.0;49.20395298;18.75511223;388.536;42.1352;23.0;0.7;285.553
1753873666.3;2.0;49.20395296;18.75511225;388.5346;42.1352;23.0;0.7;285.546
1753873666.31;2.0;49.20395293;18.75511227;388.5344;42.1352;23.0;0.7;285.49
1753873666.32;2.0;49.2039529;18.75511228;388.5345;42.1352;23.0;0.7;285.37
1753873666.33;2.0;49.20395288;18.75511229;388.5341;42.1352;23.0;0.7;285.233
1753873666.34;2.0;49.20395285;18.75511231;388.5328;42.1352;23.0;0.7;285.138
1753873666.35;2.0;49.20395283;18.75511233;388.5319;42.1352;23.0;0.7;285.124
1753873666.36;2.0;49.20395281;18.75511236;388.5308;42.1352;23.0;0.7;285.133
1753873666.37;2.0;49.20395278;18.75511238;388.5298;42.1352;23.0;0.7;285.148
1753873666.38;2.0;49.20395276;18.7551124;388.5285;42.1352;23.0;0.7;285.149
1753873666.39;2.0;49.20395273;18.75511241;388.5275;42.1352;23.0;0.7;285.135
1753873666.4;2.0;49.2039527;18.75511242;388.5271;42.1352;23.0;0.7;285.105
1753873666.41;2.0;49.20395268;18.75511244;388.5263;42.1352;23.0;0.7;285.046
1753873666.42;2.0;49.20395265;18.75511246;388.5254;42.1352;23.0;0.7;284.993
1753873666.43;2.0;49.20395263;18.75511248;388.5241;42.1352;23.0;0.7;284.968
1753873666.44;2.0;49.2039526;18.7551125;388.5229;42.1352;23.0;0.7;284.929
1753873666.45;2.0;49.20395258;18.75511251;388.522;42.1352;23.0;0.7;284.825
1753873666.46;2.0;49.20395256;18.75511253;388.5214;42.1352;23.0;0.7;284.786
1753873666.47;2.0;49.20395253;18.75511254;388.5212;42.1352;23.0;0.7;284.736
1753873666.48;2.0;49.20395251;18.75511256;388.5206;42.1352;23.0;0.7;284.707
1753873666.49;2.0;49.20395249;18.75511258;388.5201;42.1352;23.0;0.7;284.744
1753873666.5;2.0;49.20395247;18.7551126;388.5196;42.1352;23.0;0.7;284.743
1753873666.51;2.0;49.20395244;18.75511262;388.5189;42.1352;23.0;0.7;284.707
1753873666.52;2.0;49.20395242;18.75511264;388.5179;42.1352;23.0;0.7;284.753
1753873666.53;2.0;49.2039524;18.75511266;388.5171;42.1352;23.0;0.7;284.799
1753873666.54;2.0;49.20395237;18.75511268;388.5165;42.1352;23.0;0.7;284.814
1753873666.55;2.0;49.20395235;18.7551127;388.5158;42.1352;23.0;0.7;284.831
1753873666.56;2.0;49.20395233;18.75511271;388.5153;42.1352;23.0;0.7;284.831
1753873666.57;2.0;49.2039523;18.75511273;388.5147;42.1352;25.0;0.7;284.85
1753873666.58;2.0;49.20395227;18.75511275;388.5139;42.1352;25.0;0.7;284.904
1753873666.59;2.0;49.20395225;18.75511277;388.5128;42.1352;25.0;0.7;284.956
1753873666.6;2.0;49.20395222;18.75511279;388.5115;42.1352;25.0;0.7;285.035
1753873666.61;2.0;49.2039522;18.7551128;388.5104;42.1352;25.0;0.7;285.078
1753873666.62;2.0;49.20395217;18.75511282;388.5093;42.1352;25.0;0.7;285.101
1753873666.63;2.0;49.20395214;18.75511284;388.5086;42.1352;25.0;0.7;285.095
1753873666.64;2.0;49.20395211;18.75511285;388.508;42.1352;25.0;0.7;285.123
1753873666.65;2.0;49.20395208;18.75511287;388.507;42.1352;25.0;0.7;285.168
1753873666.66;2.0;49.20395206;18.75511288;388.5062;42.1352;25.0;0.7;285.249
1753873666.67;2.0;49.20395203;18.7551129;388.5056;42.1352;25.0;0.7;285.328
1753873666.68;2.0;49.203952;18.75511292;388.5052;42.1352;25.0;0.7;285.359
1753873666.69;2.0;49.20395197;18.75511293;388.5046;42.1352;25.0;0.7;285.396
1753873666.7;2.0;49.20395194;18.75511295;388.504;42.1352;25.0;0.7;285.414
1753873666.71;2.0;49.20395191;18.75511296;388.5036;42.1352;25.0;0.7;285.476
1753873666.72;2.0;49.20395188;18.75511298;388.5033;42.1352;25.0;0.7;285.53
1753873666.73;2.0;49.20395185;18.75511299;388.503;42.1352;25.0;0.7;285.509
1753873666.74;2.0;49.20395182;18.755113;388.5026;42.1352;25.0;0.7;285.467
1753873666.75;2.0;49.20395179;18.75511302;388.5021;42.1352;25.0;0.7;285.458
1753873666.76;2.0;49.20395176;18.75511303;388.5016;42.1352;25.0;0.7;285.463
1753873666.77;2.0;49.20395173;18.75511304;388.5008;42.1352;25.0;0.7;285.446
1753873666.78;2.0;49.20395169;18.75511306;388.5002;42.1352;25.0;0.7;285.444
1753873666.79;2.0;49.20395166;18.75511306;388.4997;42.1352;25.0;0.7;285.403
1753873666.8;2.0;49.20395163;18.75511308;388.4993;42.1352;25.0;0.7;285.383
1753873666.81;2.0;49.2039516;18.75511308;388.4988;42.1352;25.0;0.7;285.348
1753873666.82;2.0;49.20395156;18.75511309;388.4985;42.1352;25.0;0.7;285.303
1753873666.83;2.0;49.20395153;18.7551131;388.4982;42.1352;25.0;0.7;285.244
1753873666.84;2.0;49.2039515;18.7551131;388.4979;42.1352;25.0;0.7;285.225
1753873666.85;2.0;49.20395147;18.75511311;388.4973;42.1352;25.0;0.7;285.216
1753873666.86;2.0;49.20395143;18.75511312;388.4968;42.1352;25.0;0.7;285.202
1753873666.87;2.0;49.2039514;18.75511312;388.4966;42.1352;25.0;0.7;285.17
1753873666.88;2.0;49.20395137;18.75511314;388.4963;42.1352;25.0;0.7;285.143
1753873666.89;2.0;49.20395133;18.75511314;388.4962;42.1352;25.0;0.7;285.108
1753873666.9;2.0;49.2039513;18.75511316;388.4956;42.1352;25.0;0.7;285.1
1753873666.91;2.0;49.20395126;18.75511317;388.4953;42.1352;25.0;0.7;285.091
1753873666.92;2.0;49.20395122;18.75511317;388.4954;42.1352;25.0;0.7;285.062
1753873666.93;2.0;49.20395119;18.75511318;388.4952;42.1352;25.0;0.7;285.047
1753873666.94;2.0;49.20395115;18.75511319;388.495;42.1352;25.0;0.7;285.079
1753873666.95;2.0;49.20395111;18.7551132;388.4948;42.1352;25.0;0.7;285.152
1753873666.96;2.0;49.20395107;18.75511321;388.4946;42.1352;25.0;0.7;285.21
1753873666.97;2.0;49.20395103;18.75511322;388.4947;42.1352;25.0;0.7;285.265
1753873666.98;2.0;49.20395099;18.75511322;388.4957;42.1352;25.0;0.7;285.315
1753873666.99;2.0;49.20395096;18.75511323;388.497;42.1352;25.0;0.7;285.346
1753873667.0;2.0;49.20395092;18.75511323;388.4978;42.1352;25.0;0.7;285.33
1753873667.01;2.0;49.20395088;18.75511324;388.4978;42.1352;25.0;0.7;285.276
1753873667.02;2.0;49.20395084;18.75511325;388.4981;42.1352;25.0;0.7;285.3
1753873667.03;2.0;49.2039508;18.75511326;388.4987;42.1352;25.0;0.7;285.343
1753873667.04;2.0;49.20395077;18.75511326;388.4996;42.1352;25.0;0.7;285.405
1753873667.05;2.0;49.20395073;18.75511326;388.5003;42.1352;25.0;0.7;285.446
1753873667.06;2.0;49.20395069;18.75511327;388.5011;42.1352;25.0;0.7;285.497
1753873667.07;2.0;49.20395067;18.75511326;388.5012;42.1352;25.0;0.7;285.509
1753873667.08;2.0;49.20395065;18.75511326;388.5017;42.1352;25.0;0.7;285.513
1753873667.09;2.0;49.20395064;18.75511325;388.502;42.1352;25.0;0.7;285.475
1753873667.1;2.0;49.20395062;18.75511325;388.502;42.1352;25.0;0.7;285.415
1753873667.11;2.0;49.2039506;18.75511323;388.5026;42.1352;25.0;0.7;285.436
1753873667.12;2.0;49.20395059;18.75511322;388.5031;42.1352;25.0;0.7;285.46
1753873667.13;2.0;49.20395057;18.75511322;388.5032;42.1352;25.0;0.7;285.499
1753873667.14;2.0;49.20395055;18.75511322;388.503;42.1352;25.0;0.7;285.506
1753873667.15;2.0;49.20395053;18.75511322;388.5027;42.1352;24.0;0.7;285.556
1753873667.16;2.0;49.20395051;18.75511321;388.5023;42.1352;24.0;0.7;285.629
1753873667.17;2.0;49.2039505;18.75511321;388.5023;42.1352;24.0;0.7;285.68
1753873667.18;2.0;49.20395048;18.75511322;388.5025;42.1352;24.0;0.7;285.692
1753873667.19;2.0;49.20395046;18.75511322;388.5029;42.1352;24.0;0.7;285.751
1753873667.2;2.0;49.20395043;18.75511321;388.5029;42.1352;24.0;0.7;285.764
1753873667.21;2.0;49.20395041;18.7551132;388.5031;42.1352;24.0;0.7;285.754
1753873667.22;2.0;49.20395038;18.75511319;388.5033;42.1352;24.0;0.7;285.762
1753873667.23;2.0;49.20395036;18.75511319;388.5037;42.1352;24.0;0.7;285.782
1753873667.24;2.0;49.20395034;18.75511319;388.5043;42.1352;24.0;0.7;285.743
1753873667.25;2.0;49.20395031;18.75511318;388.5046;42.1352;24.0;0.7;285.704
1753873667.26;2.0;49.20395028;18.75511318;388.5048;42.1352;24.0;0.7;285.648
1753873667.27;2.0;49.20395025;18.75511317;388.505;42.1352;24.0;0.7;285.621
1753873667.28;2.0;49.20395022;18.75511316;388.5051;42.1352;24.0;0.7;285.556
1753873667.29;2.0;49.20395019;18.75511315;388.5054;42.1352;24.0;0.7;285.521
1753873667.3;2.0;49.20395016;18.75511314;388.5054;42.1352;24.0;0.7;285.423
1753873667.31;2.0;49.20395013;18.75511313;388.5058;42.1352;24.0;0.7;285.359
1753873667.32;2.0;49.20395011;18.75511313;388.5061;42.1352;24.0;0.7;285.304
1753873667.33;2.0;49.20395008;18.75511312;388.506;42.1352;24.0;0.7;285.233
1753873667.34;2.0;49.20395005;18.75511312;388.5061;42.1352;24.0;0.7;285.181
1753873667.35;2.0;49.20395001;18.75511311;388.5068;42.1352;24.0;0.7;285.216
1753873667.36;2.0;49.20394998;18.7551131;388.5071;42.1352;24.0;0.7;285.241
1753873667.37;2.0;49.20394994;18.75511309;388.507;42.1352;24.0;0.7;285.175
1753873667.38;2.0;49.20394991;18.75511309;388.5071;42.1352;24.0;0.7;285.101
1753873667.39;2.0;49.20394987;18.75511308;388.507;42.1352;24.0;0.7;285.075
1753873667.4;2.0;49.20394983;18.75511307;388.507;42.1352;24.0;0.7;284.998
1753873667.41;2.0;49.2039498;18.75511306;388.5075;42.1352;24.0;0.7;284.971
1753873667.42;2.0;49.20394976;18.75511305;388.5079;42.1352;24.0;0.7;284.979
1753873667.43;2.0;49.20394972;18.75511304;388.5078;42.1352;24.0;0.7;285.007
1753873667.44;2.0;49.20394968;18.75511304;388.5071;42.1352;24.0;0.7;285.042
1753873667.45;2.0;49.20394965;18.75511304;388.5064;42.1352;24.0;0.7;285.029
1753873667.46;2.0;49.20394961;18.75511304;388.506;42.1352;24.0;0.7;284.988
1753873667.47;2.0;49.20394958;18.75511304;388.5053;42.1352;24.0;0.7;284.983
1753873667.48;2.0;49.20394954;18.75511303;388.5053;42.1352;24.0;0.7;285.01
1753873667.49;2.0;49.2039495;18.75511302;388.506;42.1352;24.0;0.7;285.06
1753873667.5;2.0;49.20394946;18.75511301;388.5066;42.1352;24.0;0.7;285.106
1753873667.51;2.0;49.20394942;18.755113;388.5071;42.1352;24.0;0.7;285.127
1753873667.52;2.0;49.20394938;18.755113;388.5074;42.1352;24.0;0.7;285.107
1753873667.53;2.0;49.20394934;18.75511298;388.5074;42.1352;24.0;0.7;285.145
1753873667.54;2.0;49.2039493;18.75511297;388.5072;42.1352;24.0;0.7;285.215
1753873667.55;2.0;49.20394926;18.75511296;388.5068;42.1352;24.0;0.7;285.277
1753873667.56;2.0;49.20394922;18.75511296;388.5065;42.1352;24.0;0.7;285.375
1753873667.57;2.0;49.20394918;18.75511295;388.5064;42.1352;24.0;0.7;285.432
1753873667.58;2.0;49.20394914;18.75511294;388.5062;42.1352;24.0;0.7;285.457
1753873667.59;2.0;49.2039491;18.75511293;388.5068;42.1352;23.0;0.7;285.516
1753873667.6;2.0;49.20394906;18.75511291;388.5076;42.1352;23.0;0.7;285.507
1753873667.61;2.0;49.20394901;18.75511289;388.5079;42.1352;23.0;0.7;285.59
1753873667.62;2.0;49.20394897;18.75511288;388.5084;42.1352;23.0;0.7;285.651
1753873667.63;2.0;49.20394893;18.75511287;388.5085;42.1352;23.0;0.7;285.639
1753873667.64;2.0;49.2039489;18.75511286;388.5084;42.1352;23.0;0.7;285.657
1753873667.65;2.0;49.20394886;18.75511285;388.5083;42.1352;23.0;0.7;285.708
1753873667.66;2.0;49.20394882;18.75511283;388.5084;42.1352;23.0;0.7;285.773
1753873667.67;2.0;49.20394878;18.75511283;388.5082;42.1352;23.0;0.7;285.815
1753873667.68;2.0;49.20394874;18.75511281;388.5078;42.1352;23.0;0.7;285.885
1753873667.69;2.0;49.2039487;18.7551128;388.5077;42.1352;23.0;0.7;285.937
1753873667.7;2.0;49.20394866;18.75511278;388.5084;42.1352;23.0;0.7;285.915
1753873667.71;2.0;49.20394863;18.75511276;388.5087;42.1352;23.0;0.7;285.887
1753873667.72;2.0;49.20394859;18.75511275;388.5086;42.1352;23.0;0.7;285.867
1753873667.73;2.0;49.20394856;18.75511274;388.5083;42.1352;23.0;0.7;285.835
1753873667.74;2.0;49.20394852;18.75511272;388.5086;42.1352;23.0;0.7;285.825
1753873667.75;2.0;49.20394849;18.7551127;388.5084;42.1352;23.0;0.7;285.825
1753873667.76;2.0;49.20394845;18.75511269;388.5076;42.1352;23.0;0.7;285.792
1753873667.77;2.0;49.20394842;18.75511268;388.5072;42.1352;23.0;0.7;285.789
1753873667.78;2.0;49.20394839;18.75511267;388.5068;42.1352;23.0;0.7;285.713
1753873667.79;2.0;49.20394836;18.75511266;388.5065;42.1352;23.0;0.7;285.663
1753873667.8;2.0;49.20394833;18.75511265;388.5063;42.1352;23.0;0.7;285.571
1753873667.81;2.0;49.2039483;18.75511263;388.5061;42.1352;23.0;0.7;285.557
1753873667.82;2.0;49.20394827;18.75511262;388.5058;42.1352;23.0;0.7;285.542
1753873667.83;2.0;49.20394824;18.75511261;388.5049;42.1352;23.0;0.7;285.517
1753873667.84;2.0;49.20394821;18.7551126;388.5047;42.1352;23.0;0.7;285.488
1753873667.85;2.0;49.20394818;18.75511258;388.5045;42.1352;23.0;0.7;285.45
1753873667.86;2.0;49.20394815;18.75511257;388.5043;42.1352;23.0;0.7;285.413
1753873667.87;2.0;49.20394812;18.75511256;388.5035;42.1352;23.0;0.7;285.405
1753873667.88;2.0;49.20394809;18.75511255;388.5029;42.1352;23.0;0.7;285.374
1753873667.89;2.0;49.20394805;18.75511254;388.5022;42.1352;23.0;0.7;285.321
1753873667.9;2.0;49.20394803;18.75511253;388.5021;42.1352;23.0;0.7;285.289
1753873667.91;2.0;49.20394799;18.75511252;388.5016;42.1352;23.0;0.7;285.261
1753873667.92;2.0;49.20394796;18.75511251;388.5013;42.1352;23.0;0.7;285.198
1753873667.93;2.0;49.20394793;18.7551125;388.5016;42.1352;23.0;0.7;285.196
1753873667.94;2.0;49.2039479;18.75511249;388.5016;42.1352;23.0;0.7;285.218
1753873667.95;2.0;49.20394787;18.75511248;388.5012;42.1352;23.0;0.7;285.229
1753873667.96;2.0;49.20394784;18.75511248;388.5005;42.1352;23.0;0.7;285.266
1753873667.97;2.0;49.2039478;18.75511247;388.4998;42.1352;23.0;0.7;285.278
1753873667.98;2.0;49.20394777;18.75511245;388.4988;42.1352;23.0;0.7;285.316
1753873667.99;2.0;49.20394774;18.75511244;388.4983;42.1352;23.0;0.7;285.366
1753873668.0;2.0;49.20394771;18.75511244;388.498;42.1352;23.0;0.7;285.43
1753873668.01;2.0;49.20394769;18.75511243;388.4973;42.1352;23.0;0.7;285.408
1753873668.02;2.0;49.20394766;18.75511242;388.4968;42.1352;23.0;0.7;285.428
1753873668.03;2.0;49.20394763;18.75511241;388.4959;42.1352;23.0;0.7;285.428
1753873668.04;2.0;49.2039476;18.7551124;388.4951;42.1352;23.0;0.7;285.45
1753873668.05;2.0;49.20394757;18.75511239;388.4949;42.1352;23.0;0.7;285.488
1753873668.06;2.0;49.20394754;18.75511238;388.4946;42.1352;23.0;0.7;285.494
1753873668.07;2.0;49.20394752;18.75511237;388.4941;42.1352;23.0;0.7;285.558
1753873668.08;2.0;49.20394749;18.75511236;388.4932;42.1352;23.0;0.7;285.662
1753873668.09;2.0;49.20394747;18.75511237;388.4927;42.1352;23.0;0.7;285.727
1753873668.1;2.0;49.20394746;18.75511237;388.4925;42.1352;23.0;0.7;285.755
1753873668.11;2.0;49.20394744;18.75511236;388.492;42.1352;24.0;0.7;285.8
1753873668.12;2.0;49.20394743;18.75511236;388.4911;42.1352;24.0;0.7;285.802
1753873668.13;2.0;49.20394741;18.75511236;388.4905;42.1352;24.0;0.7;285.832
1753873668.14;2.0;49.20394739;18.75511235;388.4904;42.1352;24.0;0.7;285.836
1753873668.15;2.0;49.20394737;18.75511234;388.4902;42.1352;24.0;0.7;285.863
1753873668.16;2.0;49.20394735;18.75511234;388.4898;42.1352;24.0;0.7;285.89
1753873668.17;2.0;49.20394733;18.75511233;388.4895;42.1352;24.0;0.7;285.878
1753873668.18;2.0;49.20394731;18.75511233;388.4886;42.1352;24.0;0.7;285.805
1753873668.19;2.0;49.20394729;18.75511232;388.4873;42.1352;24.0;0.7;285.765
1753873668.2;2.0;49.20394727;18.75511232;388.4863;42.1352;24.0;0.7;285.73
1753873668.21;2.0;49.20394725;18.75511232;388.4855;42.1352;24.0;0.7;285.707
1753873668.22;2.0;49.20394723;18.75511231;388.4844;42.1352;24.0;0.7;285.636
1753873668.23;2.0;49.2039472;18.7551123;388.4839;42.1352;24.0;0.7;285.555
1753873668.24;2.0;49.20394718;18.75511229;388.4826;42.1352;24.0;0.7;285.486
1753873668.25;2.0;49.20394715;18.75511228;388.4818;42.1352;24.0;0.7;285.516
1753873668.26;2.0;49.20394712;18.75511226;388.4809;42.1352;24.0;0.7;285.467
1753873668.27;2.0;49.2039471;18.75511225;388.4801;42.1352;24.0;0.7;285.377
1753873668.28;2.0;49.20394708;18.75511223;388.4793;42.1352;24.0;0.7;285.291
1753873668.29;2.0;49.20394705;18.75511222;388.4784;42.1352;24.0;0.7;285.222
1753873668.3;2.0;49.20394702;18.75511221;388.4775;42.1352;24.0;0.7;285.191
1753873668.31;2.0;49.203947;18.7551122;388.4763;42.1352;24.0;0.7;285.131
1753873668.32;2.0;49.20394698;18.75511219;388.4752;42.1352;24.0;0.7;285.059
1753873668.33;2.0;49.20394695;18.75511218;388.4743;42.1352;24.0;0.7;285.014
1753873668.34;2.0;49.20394693;18.75511216;388.4738;42.1352;24.0;0.7;284.922
1753873668.35;2.0;49.2039469;18.75511215;388.4733;42.1352;24.0;0.7;284.802
1753873668.36;2.0;49.20394687;18.75511213;388.4724;42.1352;24.0;0.7;284.699
1753873668.37;2.0;49.20394685;18.75511212;388.4711;42.1352;24.0;0.7;284.643
1753873668.38;2.0;49.20394682;18.75511211;388.4693;42.1352;24.0;0.7;284.616
1753873668.39;2.0;49.20394679;18.75511209;388.4676;42.1352;24.0;0.7;284.621
1753873668.4;2.0;49.20394677;18.75511208;388.4661;42.1352;24.0;0.7;284.635
1753873668.41;2.0;49.20394674;18.75511207;388.4648;42.1352;24.0;0.7;284.6
1753873668.42;2.0;49.20394672;18.75511206;388.4638;42.1352;24.0;0.7;284.53
1753873668.43;2.0;49.20394669;18.75511205;388.4632;42.1352;24.0;0.7;284.512
1753873668.44;2.0;49.20394666;18.75511204;388.4626;42.1352;24.0;0.7;284.498
1753873668.45;2.0;49.20394664;18.75511203;388.462;42.1352;24.0;0.7;284.438
1753873668.46;2.0;49.20394661;18.75511201;388.4608;42.1352;24.0;0.7;284.421
1753873668.47;2.0;49.20394658;18.755112;388.4599;42.1352;24.0;0.7;284.399
1753873668.48;2.0;49.20394655;18.75511198;388.4592;42.1352;24.0;0.7;284.382
1753873668.49;2.0;49.20394652;18.75511196;388.4587;42.1352;24.0;0.7;284.377
1753873668.5;2.0;49.20394649;18.75511194;388.4581;42.1352;24.0;0.7;284.407
1753873668.51;2.0;49.20394647;18.75511193;388.4573;42.1352;24.0;0.7;284.507
1753873668.52;2.0;49.20394644;18.75511192;388.4564;42.1352;24.0;0.7;284.555
1753873668.53;2.0;49.20394641;18.7551119;388.4557;42.1352;24.0;0.7;284.592
1753873668.54;2.0;49.20394638;18.75511189;388.4549;42.1352;24.0;0.7;284.643
1753873668.55;2.0;49.20394635;18.75511187;388.4539;42.1352;24.0;0.7;284.723
1753873668.56;2.0;49.20394633;18.75511186;388.4528;42.1352;24.0;0.7;284.768
1753873668.57;2.0;49.2039463;18.75511184;388.4518;42.1352;24.0;0.7;284.804
1753873668.58;2.0;49.20394628;18.75511183;388.4512;42.1352;24.0;0.7;284.877
1753873668.59;2.0;49.20394625;18.75511181;388.451;42.1352;24.0;0.7;284.965
1753873668.6;2.0;49.20394623;18.75511179;388.451;42.1352;24.0;0.7;285.021
1753873668.61;2.0;49.2039462;18.75511177;388.451;42.1352;24.0;0.7;285.047
1753873668.62;2.0;49.20394618;18.75511175;388.4506;42.1352;24.0;0.7;285.051
1753873668.63;2.0;49.20394616;18.75511173;388.4503;42.1352;24.0;0.7;285.102
1753873668.64;2.0;49.20394614;18.75511171;388.4501;42.1352;24.0;0.7;285.139
1753873668.65;2.0;49.20394612;18.75511169;388.4498;42.1352;24.0;0.7;285.145
1753873668.66;2.0;49.20394609;18.75511166;388.45;42.1352;24.0;0.7;285.176
1753873668.67;2.0;49.20394607;18.75511164;388.4502;42.1352;24.0;0.7;285.169
1753873668.68;2.0;49.20394605;18.75511162;388.4506;42.1352;24.0;0.7;285.168
1753873668.69;2.0;49.20394603;18.7551116;388.4505;42.1352;24.0;0.7;285.178
1753873668.7;2.0;49.203946;18.75511158;388.4501;42.1352;24.0;0.7;285.194
1753873668.71;2.0;49.20394598;18.75511156;388.4498;42.1352;24.0;0.7;285.237
1753873668.72;2.0;49.20394596;18.75511154;388.4497;42.1352;24.0;0.7;285.279
1753873668.73;2.0;49.20394593;18.75511153;388.4495;42.1352;24.0;0.7;285.278
1753873668.74;2.0;49.20394591;18.75511151;388.449;42.1352;24.0;0.7;285.304
1753873668.75;2.0;49.20394589;18.7551115;388.4487;42.1352;24.0;0.7;285.294
1753873668.76;2.0;49.20394586;18.75511148;388.4485;42.1352;24.0;0.7;285.268
1753873668.77;2.0;49.20394584;18.75511146;388.4478;42.1352;24.0;0.7;285.278
1753873668.78;2.0;49.20394582;18.75511145;388.447;42.1352;24.0;0.7;285.289
1753873668.79;2.0;49.20394579;18.75511143;388.4464;42.1352;24.0;0.7;285.325
1753873668.8;2.0;49.20394577;18.75511141;388.4456;42.1352;24.0;0.7;285.285
1753873668.81;2.0;49.20394574;18.75511139;388.4454;42.1352;24.0;0.7;285.232
1753873668.82;2.0;49.20394572;18.75511137;388.4452;42.1352;24.0;0.7;285.187
1753873668.83;2.0;49.2039457;18.75511134;388.4452;42.1352;24.0;0.7;285.178
1753873668.84;2.0;49.20394568;18.75511133;388.445;42.1352;24.0;0.7;285.156
1753873668.85;2.0;49.20394565;18.75511131;388.4447;42.1352;24.0;0.7;285.086
1753873668.86;2.0;49.20394563;18.75511129;388.4443;42.1352;24.0;0.7;285.004
1753873668.87;2.0;49.20394561;18.75511128;388.4444;42.1352;24.0;0.7;284.905
1753873668.88;2.0;49.20394559;18.75511126;388.4446;42.1352;24.0;0.7;284.846
1753873668.89;2.0;49.20394557;18.75511124;388.4447;42.1352;24.0;0.7;284.785
1753873668.9;2.0;49.20394555;18.75511123;388.445;42.1352;24.0;0.7;284.752
1753873668.91;2.0;49.20394554;18.75511121;388.4453;42.1352;24.0;0.7;284.732
1753873668.92;2.0;49.20394552;18.7551112;388.4457;42.1352;24.0;0.7;284.721
1753873668.93;2.0;49.20394549;18.75511118;388.4459;42.1352;24.0;0.7;284.696
1753873668.94;2.0;49.20394547;18.75511116;388.4458;42.1352;24.0;0.7;284.721
1753873668.95;2.0;49.20394545;18.75511114;388.4455;42.1352;24.0;0.7;284.79
1753873668.96;2.0;49.20394543;18.75511113;388.4453;42.1352;24.0;0.7;284.854
1753873668.97;2.0;49.20394541;18.75511112;388.4449;42.1352;24.0;0.7;284.862
1753873668.98;2.0;49.2039454;18.75511111;388.4439;42.1352;24.0;0.7;284.828
1753873668.99;2.0;49.20394538;18.75511109;388.4433;42.1352;24.0;0.7;284.827
1753873669.0;2.0;49.20394536;18.75511108;388.4428;42.1352;24.0;0.7;284.825
1753873669.01;2.0;49.20394534;18.75511107;388.4426;42.1352;24.0;0.7;284.825
1753873669.02;2.0;49.20394532;18.75511105;388.4429;42.1352;24.0;0.7;284.873
1753873669.03;2.0;49.2039453;18.75511103;388.4428;42.1352;24.0;0.7;284.939
1753873669.04;2.0;49.20394528;18.75511102;388.443;42.1352;24.0;0.7;284.981
1753873669.05;2.0;49.20394526;18.755111;388.4433;42.1352;24.0;0.7;284.922
1753873669.06;2.0;49.20394524;18.75511098;388.4433;42.1352;24.0;0.7;284.864
1753873669.07;2.0;49.20394522;18.75511096;388.4428;42.1352;23.0;0.8;284.894
1753873669.08;2.0;49.2039452;18.75511095;388.4419;42.1352;23.0;0.8;284.942
1753873669.09;2.0;49.20394519;18.75511095;388.4411;42.1352;23.0;0.8;284.949
1753873669.1;2.0;49.20394518;18.75511094;388.4403;42.1352;23.0;0.8;284.912
1753873669.11;2.0;49.20394517;18.75511094;388.4393;42.1352;23.0;0.8;284.934
1753873669.12;2.0;49.20394516;18.75511094;388.4382;42.1352;23.0;0.8;284.951
1753873669.13;2.0;49.20394515;18.75511094;388.4373;42.1352;23.0;0.8;284.921
1753873669.14;2.0;49.20394513;18.75511093;388.4368;42.1352;23.0;0.8;284.93
1753873669.15;2.0;49.20394512;18.75511093;388.4367;42.1352;23.0;0.8;284.988
1753873669.16;2.0;49.20394511;18.75511094;388.4361;42.1352;23.0;0.8;285.007
1753873669.17;2.0;49.2039451;18.75511094;388.4355;42.1352;23.0;0.8;284.99
1753873669.18;2.0;49.20394509;18.75511094;388.4348;42.1352;23.0;0.8;284.964
1753873669.19;2.0;49.20394508;18.75511094;388.4339;42.1352;23.0;0.8;284.913
1753873669.2;2.0;49.20394507;18.75511094;388.4332;42.1352;23.0;0.8;284.861
1753873669.21;2.0;49.20394506;18.75511094;388.4328;42.1352;23.0;0.8;284.896
1753873669.22;2.0;49.20394505;18.75511094;388.4321;42.1352;23.0;0.8;284.91
1753873669.23;2.0;49.20394504;18.75511094;388.4321;42.1352;23.0;0.8;284.911
1753873669.24;2.0;49.20394503;18.75511094;388.4322;42.1352;23.0;0.8;284.954
1753873669.25;2.0;49.20394502;18.75511094;388.432;42.1352;23.0;0.8;285.012
1753873669.26;2.0;49.20394501;18.75511094;388.4316;42.1352;23.0;0.8;285.0
1753873669.27;2.0;49.203945;18.75511095;388.4304;42.1352;23.0;0.8;284.95
1753873669.28;2.0;49.20394499;18.75511095;388.4295;42.1352;23.0;0.8;285.034
1753873669.29;2.0;49.20394498;18.75511094;388.429;42.1352;23.0;0.8;285.112
1753873669.3;2.0;49.20394497;18.75511094;388.4287;42.1352;23.0;0.8;285.143
1753873669.31;2.0;49.20394496;18.75511094;388.4278;42.1352;23.0;0.8;285.206
1753873669.32;2.0;49.20394495;18.75511094;388.4274;42.1352;23.0;0.8;285.277
1753873669.33;2.0;49.20394494;18.75511094;388.4268;42.1352;23.0;0.8;285.36
1753873669.34;2.0;49.20394493;18.75511094;388.4263;42.1352;23.0;0.8;285.4
1753873669.35;2.0;49.20394492;18.75511094;388.4258;42.1352;23.0;0.8;285.398
1753873669.36;2.0;49.20394491;18.75511094;388.4248;42.1352;23.0;0.8;285.43
1753873669.37;2.0;49.2039449;18.75511094;388.4241;42.1352;23.0;0.8;285.457
1753873669.38;2.0;49.20394489;18.75511095;388.4236;42.1352;23.0;0.8;285.491
1753873669.39;2.0;49.20394489;18.75511095;388.4231;42.1352;23.0;0.8;285.492
1753873669.4;2.0;49.20394487;18.75511094;388.4226;42.1352;23.0;0.8;285.469
1753873669.41;2.0;49.20394486;18.75511094;388.4221;42.1352;23.0;0.8;285.481
1753873669.42;2.0;49.20394486;18.75511094;388.4216;42.1352;23.0;0.8;285.472
1753873669.43;2.0;49.20394485;18.75511094;388.4215;42.1352;23.0;0.8;285.442
1753873669.44;2.0;49.20394484;18.75511094;388.4213;42.1352;23.0;0.8;285.386
1753873669.45;2.0;49.20394483;18.75511094;388.4208;42.1352;23.0;0.8;285.304
1753873669.46;2.0;49.20394483;18.75511095;388.42;42.1352;23.0;0.8;285.241
1753873669.47;2.0;49.20394481;18.75511095;388.4189;42.1352;23.0;0.8;285.202
1753873669.48;2.0;49.20394481;18.75511095;388.4182;42.1352;23.0;0.8;285.239
1753873669.49;2.0;49.2039448;18.75511096;388.4169;42.1352;23.0;0.8;285.255
1753873669.5;2.0;49.20394479;18.75511097;388.4155;42.1352;23.0;0.8;285.29
1753873669.51;2.0;49.20394478;18.75511097;388.4144;42.1352;23.0;0.8;285.358
1753873669.52;2.0;49.20394477;18.75511097;388.4139;42.1352;23.0;0.8;285.346
1753873669.53;2.0;49.20394475;18.75511097;388.4132;42.1352;23.0;0.8;285.334
1753873669.54;2.0;49.20394475;18.75511098;388.4127;42.1352;23.0;0.8;285.347
1753873669.55;2.0;49.20394474;18.75511098;388.4123;42.1352;23.0;0.8;285.379
1753873669.56;2.0;49.20394473;18.75511099;388.4119;42.1352;23.0;0.8;285.418
1753873669.57;2.0;49.20394471;18.75511098;388.4119;42.1352;23.0;0.8;285.404
1753873669.58;2.0;49.20394469;18.75511098;388.4115;42.1352;23.0;0.8;285.382
1753873669.59;2.0;49.20394468;18.75511097;388.411;42.1352;23.0;0.8;285.385
1753873669.6;2.0;49.20394466;18.75511097;388.4108;42.1352;23.0;0.8;285.38
1753873669.61;2.0;49.20394465;18.75511097;388.4108;42.1352;23.0;0.8;285.374
1753873669.62;2.0;49.20394463;18.75511096;388.4109;42.1352;23.0;0.8;285.353
1753873669.63;2.0;49.20394461;18.75511095;388.4107;42.1352;23.0;0.8;285.378
1753873669.64;2.0;49.2039446;18.75511095;388.4106;42.1352;23.0;0.8;285.387
1753873669.65;2.0;49.20394459;18.75511095;388.4102;42.1352;23.0;0.8;285.369
1753873669.66;2.0;49.20394458;18.75511095;388.4098;42.1352;23.0;0.8;285.366
1753873669.67;2.0;49.20394457;18.75511095;388.4094;42.1352;23.0;0.8;285.39
1753873669.68;2.0;49.20394456;18.75511095;388.4093;42.1352;23.0;0.8;285.404
1753873669.69;2.0;49.20394455;18.75511095;388.4091;42.1352;23.0;0.8;285.401
1753873669.7;2.0;49.20394453;18.75511095;388.409;42.1352;23.0;0.8;285.395
1753873669.71;2.0;49.20394452;18.75511095;388.4088;42.1352;23.0;0.8;285.382
1753873669.72;2.0;49.20394452;18.75511095;388.4088;42.1352;23.0;0.8;285.368
1753873669.73;2.0;49.20394451;18.75511095;388.4088;42.1352;23.0;0.8;285.335
1753873669.74;2.0;49.2039445;18.75511095;388.4087;42.1352;23.0;0.8;285.296
1753873669.75;2.0;49.20394449;18.75511096;388.4089;42.1352;23.0;0.8;285.284
1753873669.76;2.0;49.20394448;18.75511096;388.4087;42.1352;23.0;0.8;285.28
1753873669.77;2.0;49.20394447;18.75511097;388.4082;42.1352;23.0;0.8;285.274
1753873669.78;2.0;49.20394446;18.75511098;388.4072;42.1352;23.0;0.8;285.319
1753873669.79;2.0;49.20394445;18.75511098;388.407;42.1352;23.0;0.8;285.349
1753873669.8;2.0;49.20394444;18.75511099;388.4069;42.1352;23.0;0.8;285.343
1753873669.81;2.0;49.20394443;18.755111;388.4062;42.1352;23.0;0.8;285.383
1753873669.82;2.0;49.20394443;18.75511101;388.4056;42.1352;23.0;0.8;285.377
1753873669.83;2.0;49.20394442;18.75511101;388.4056;42.1352;23.0;0.8;285.415
1753873669.84;2.0;49.20394441;18.75511102;388.4049;42.1352;23.0;0.8;285.42
1753873669.85;2.0;49.20394441;18.75511102;388.4044;42.1352;23.0;0.8;285.452
1753873669.86;2.0;49.2039444;18.75511103;388.404;42.1352;23.0;0.8;285.494
1753873669.87;2.0;49.2039444;18.75511104;388.4033;42.1352;23.0;0.8;285.515
1753873669.88;2.0;49.20394439;18.75511105;388.4024;42.1352;23.0;0.8;285.5
1753873669.89;2.0;49.20394439;18.75511106;388.4013;42.1352;23.0;0.8;285.519
1753873669.9;2.0;49.20394438;18.75511107;388.4007;42.1352;23.0;0.8;285.496
1753873669.91;2.0;49.20394438;18.75511108;388.3996;42.1352;23.0;0.8;285.448
1753873669.92;2.0;49.20394437;18.75511109;388.3988;42.1352;23.0;0.8;285.43
1753873669.93;2.0;49.20394437;18.7551111;388.3977;42.1352;23.0;0.8;285.385
1753873669.94;2.0;49.20394437;18.75511111;388.3969;42.1352;23.0;0.8;285.376
1753873669.95;2.0;49.20394436;18.75511111;388.3964;42.1352;23.0;0.8;285.366
1753873669.96;2.0;49.20394436;18.75511112;388.3959;42.1352;23.0;0.8;285.349
1753873669.97;2.0;49.20394435;18.75511113;388.3954;42.1352;23.0;0.8;285.361
1753873669.98;2.0;49.20394435;18.75511114;388.3953;42.1352;23.0;0.8;285.337
1753873669.99;2.0;49.20394434;18.75511115;388.3954;42.1352;23.0;0.8;285.288
1753873670.0;2.0;49.20394434;18.75511115;388.3952;42.1352;23.0;0.8;285.25
1753873670.01;2.0;49.20394433;18.75511115;388.3946;42.1352;23.0;0.8;285.207
1753873670.02;2.0;49.20394433;18.75511116;388.394;42.1352;23.0;0.8;285.192
1753873670.03;2.0;49.20394432;18.75511116;388.3938;42.1352;23.0;0.8;285.2
1753873670.04;2.0;49.20394431;18.75511117;388.393;42.1352;23.0;0.8;285.189
1753873670.05;2.0;49.2039443;18.75511117;388.3927;42.1352;23.0;0.8;285.163
1753873670.06;2.0;49.20394429;18.75511117;388.3924;42.1352;23.0;0.8;285.143
1753873670.07;2.0;49.20394428;18.75511118;388.3919;42.1352;23.0;0.8;285.163
1753873670.08;2.0;49.20394428;18.75511119;388.3911;42.1352;23.0;0.8;285.228
1753873670.09;2.0;49.20394426;18.75511118;388.3906;42.1352;23.0;0.8;285.275
1753873670.1;2.0;49.20394424;18.75511118;388.3907;42.1352;23.0;0.8;285.252
1753873670.11;2.0;49.20394422;18.75511117;388.3912;42.1352;23.0;0.8;285.214
1753873670.12;2.0;49.2039442;18.75511116;388.3916;42.1352;22.0;0.9;285.161
1753873670.13;2.0;49.20394418;18.75511115;388.3918;42.1352;22.0;0.9;285.075
1753873670.14;2.0;49.20394417;18.75511115;388.3919;42.1352;22.0;0.9;284.971
1753873670.15;2.0;49.20394416;18.75511114;388.392;42.1352;22.0;0.9;284.886
1753873670.16;2.0;49.20394414;18.75511114;388.392;42.1352;22.0;0.9;284.778
1753873670.17;2.0;49.20394413;18.75511113;388.3917;42.1352;22.0;0.9;284.702
1753873670.18;2.0;49.20394412;18.75511113;388.3911;42.1352;22.0;0.9;284.69
1753873670.19;2.0;49.2039441;18.75511113;388.3901;42.1352;22.0;0.9;284.685
1753873670.2;2.0;49.20394409;18.75511113;388.3899;42.1352;22.0;0.9;284.659
1753873670.21;2.0;49.20394408;18.75511113;388.3899;42.1352;22.0;0.9;284.694
1753873670.22;2.0;49.20394407;18.75511113;388.3902;42.1352;22.0;0.9;284.708
1753873670.23;2.0;49.20394406;18.75511112;388.3899;42.1352;22.0;0.9;284.658
1753873670.24;2.0;49.20394406;18.75511113;388.3893;42.1352;22.0;0.9;284.647
1753873670.25;2.0;49.20394405;18.75511112;388.3893;42.1352;22.0;0.9;284.633
1753873670.26;2.0;49.20394404;18.75511112;388.3898;42.1352;22.0;0.9;284.642
1753873670.27;2.0;49.20394403;18.75511111;388.3895;42.1352;22.0;0.9;284.632
1753873670.28;2.0;49.20394402;18.7551111;388.3894;42.1352;22.0;0.9;284.61
1753873670.29;2.0;49.20394401;18.7551111;388.3895;42.1352;22.0;0.9;284.619
1753873670.3;2.0;49.203944;18.7551111;388.39;42.1352;22.0;0.9;284.685
1753873670.31;2.0;49.203944;18.7551111;388.3902;42.1352;22.0;0.9;284.679
1753873670.32;2.0;49.20394399;18.75511109;388.3903;42.1352;22.0;0.9;284.701
1753873670.33;2.0;49.20394398;18.75511109;388.3895;42.1352;22.0;0.9;284.732
1753873670.34;2.0;49.20394398;18.75511108;388.3891;42.1352;22.0;0.9;284.836
1753873670.35;2.0;49.20394398;18.75511108;388.3888;42.1352;22.0;0.9;284.946
1753873670.36;2.0;49.20394398;18.75511108;388.3885;42.1352;22.0;0.9;285.01
1753873670.37;2.0;49.20394398;18.75511108;388.3875;42.1352;22.0;0.9;285.092
1753873670.38;2.0;49.20394398;18.75511108;388.3864;42.1352;22.0;0.9;285.169
1753873670.39;2.0;49.20394399;18.75511109;388.3858;42.1352;22.0;0.9;285.194
1753873670.4;2.0;49.20394398;18.75511108;388.3854;42.1352;22.0;0.9;285.19
1753873670.41;2.0;49.20394399;18.75511108;388.3852;42.1352;22.0;0.9;285.247
1753873670.42;2.0;49.20394399;18.75511108;388.3847;42.1352;22.0;0.9;285.265
1753873670.43;2.0;49.20394399;18.75511108;388.3842;42.1352;22.0;0.9;285.311
1753873670.44;2.0;49.20394399;18.75511108;388.3838;42.1352;22.0;0.9;285.349
1753873670.45;2.0;49.20394399;18.75511107;388.3836;42.1352;22.0;0.9;285.341
1753873670.46;2.0;49.20394399;18.75511107;388.3832;42.1352;22.0;0.9;285.374
1753873670.47;2.0;49.20394398;18.75511106;388.3828;42.1352;22.0;0.9;285.408
1753873670.48;2.0;49.20394399;18.75511106;388.3822;42.1352;22.0;0.9;285.405
1753873670.49;2.0;49.20394399;18.75511107;388.3818;42.1352;22.0;0.9;285.401
1753873670.5;2.0;49.20394399;18.75511107;388.3814;42.1352;22.0;0.9;285.401
1753873670.51;2.0;49.20394398;18.75511107;388.3809;42.1352;22.0;0.9;285.422
1753873670.52;2.0;49.20394398;18.75511106;388.3806;42.1352;22.0;0.9;285.432
1753873670.53;2.0;49.20394398;18.75511106;388.3803;42.1352;22.0;0.9;285.448
1753873670.54;2.0;49.20394398;18.75511105;388.3798;42.1352;22.0;0.9;285.47
1753873670.55;2.0;49.20394398;18.75511105;388.3796;42.1352;22.0;0.9;285.427
1753873670.56;2.0;49.20394398;18.75511105;388.3793;42.1352;22.0;0.9;285.385
1753873670.57;2.0;49.20394398;18.75511104;388.3791;42.1352;22.0;0.9;285.386
1753873670.58;2.0;49.20394398;18.75511104;388.3781;42.1352;22.0;0.9;285.386
1753873670.59;2.0;49.20394399;18.75511104;388.377;42.1352;22.0;0.9;285.284
1753873670.6;2.0;49.20394399;18.75511104;388.3763;42.1352;22.0;0.9;285.207
1753873670.61;2.0;49.20394399;18.75511104;388.3753;42.1352;22.0;0.9;285.173
1753873670.62;2.0;49.20394399;18.75511103;388.3749;42.1352;22.0;0.9;285.241
1753873670.63;2.0;49.20394398;18.75511103;388.3748;42.1352;22.0;0.9;285.262
1753873670.64;2.0;49.20394398;18.75511102;388.3746;42.1352;22.0;0.9;285.317
1753873670.65;2.0;49.20394398;18.75511101;388.3746;42.1352;22.0;0.9;285.365
1753873670.66;2.0;49.20394398;18.75511101;388.3741;42.1352;22.0;0.9;285.359
1753873670.67;2.0;49.20394398;18.755111;388.3738;42.1352;22.0;0.9;285.307
1753873670.68;2.0;49.20394398;18.755111;388.3735;42.1352;22.0;0.9;285.285
1753873670.69;2.0;49.20394397;18.75511099;388.3736;42.1352;22.0;0.9;285.34
1753873670.7;2.0;49.20394397;18.75511097;388.3735;42.1352;22.0;0.9;285.333
1753873670.71;2.0;49.20394397;18.75511096;388.3733;42.1352;22.0;0.9;285.337
1753873670.72;2.0;49.20394397;18.75511095;388.3736;42.1352;22.0;0.9;285.369
1753873670.73;2.0;49.20394397;18.75511093;388.3739;42.1352;22.0;0.9;285.397
1753873670.74;2.0;49.20394396;18.75511091;388.3736;42.1352;22.0;0.9;285.431
1753873670.75;2.0;49.20394395;18.7551109;388.3732;42.1352;22.0;0.9;285.467
1753873670.76;2.0;49.20394395;18.75511089;388.3726;42.1352;22.0;0.9;285.507
1753873670.77;2.0;49.20394395;18.75511087;388.3723;42.1352;22.0;0.9;285.486
1753873670.78;2.0;49.20394395;18.75511086;388.3722;42.1352;22.0;0.9;285.453
1753873670.79;2.0;49.20394394;18.75511083;388.3727;42.1352;22.0;0.9;285.523
1753873670.8;2.0;49.20394394;18.75511081;388.3729;42.1352;22.0;0.9;285.583
1753873670.81;2.0;49.20394393;18.75511079;388.373;42.1352;22.0;0.9;285.61
1753873670.82;2.0;49.20394393;18.75511077;388.373;42.1352;22.0;0.9;285.63
1753873670.83;2.0;49.20394392;18.75511074;388.3727;42.1352;22.0;0.9;285.671
1753873670.84;2.0;49.20394392;18.75511072;388.3724;42.1352;22.0;0.9;285.716
1753873670.85;2.0;49.20394392;18.75511069;388.3718;42.1352;22.0;0.9;285.808
1753873670.86;2.0;49.20394391;18.75511067;388.3711;42.1352;22.0;0.9;285.895
1753873670.87;2.0;49.20394391;18.75511065;388.3702;42.1352;22.0;0.9;285.972
1753873670.88;2.0;49.20394391;18.75511063;388.369;42.1352;22.0;0.9;285.986
1753873670.89;2.0;49.20394392;18.75511061;388.3675;42.1352;22.0;0.9;285.992
1753873670.9;2.0;49.20394392;18.75511059;388.3662;42.1352;22.0;0.9;286.011
1753873670.91;2.0;49.20394392;18.75511057;388.3659;42.1352;22.0;0.9;286.024
1753873670.92;2.0;49.20394391;18.75511054;388.3658;42.1352;22.0;0.9;286.03
1753873670.93;2.0;49.20394391;18.75511052;388.3654;42.1352;22.0;0.9;286.068
1753873670.94;2.0;49.20394391;18.75511049;388.3649;42.1352;22.0;0.9;286.113
1753873670.95;2.0;49.20394391;18.75511046;388.3648;42.1352;22.0;0.9;286.117
1753873670.96;2.0;49.2039439;18.75511044;388.3647;42.1352;22.0;0.9;286.102
1753873670.97;2.0;49.2039439;18.75511041;388.3641;42.1352;22.0;0.9;286.14
1753873670.98;2.0;49.20394389;18.75511038;388.364;42.1352;22.0;0.9;286.145
1753873670.99;2.0;49.20394389;18.75511035;388.3644;42.1352;22.0;0.9;286.138
1753873671.0;2.0;49.20394389;18.75511033;388.3642;42.1352;22.0;0.9;286.16
1753873671.01;2.0;49.20394388;18.7551103;388.3641;42.1352;22.0;0.9;286.193
1753873671.02;2.0;49.20394389;18.75511028;388.3636;42.1352;22.0;0.9;286.207
1753873671.03;2.0;49.20394389;18.75511026;388.3625;42.1352;22.0;0.9;286.191
1753873671.04;2.0;49.20394389;18.75511024;388.3615;42.1352;22.0;0.9;286.135
1753873671.05;2.0;49.20394389;18.75511022;388.3613;42.1352;22.0;0.9;286.119
1753873671.06;2.0;49.20394389;18.7551102;388.3613;42.1352;22.0;0.9;286.114
1753873671.07;2.0;49.20394389;18.75511018;388.3608;42.1352;22.0;0.9;286.096
1753873671.08;2.0;49.20394389;18.75511016;388.3602;42.1352;22.0;0.9;286.062
1753873671.09;2.0;49.20394387;18.75511015;388.3599;42.1352;22.0;0.9;286.014
1753873671.1;2.0;49.20394386;18.75511014;388.3596;42.1352;23.0;0.7;285.993
1753873671.11;2.0;49.20394384;18.75511014;388.3595;42.1352;23.0;0.7;286.012
1753873671.12;2.0;49.20394383;18.75511013;388.3595;42.1352;23.0;0.7;286.042
1753873671.13;2.0;49.20394381;18.75511013;388.3596;42.1352;23.0;0.7;286.07
1753873671.14;2.0;49.2039438;18.75511013;388.3597;42.1352;23.0;0.7;286.032
1753873671.15;2.0;49.20394378;18.75511013;388.3596;42.1352;23.0;0.7;286.024
1753873671.16;2.0;49.20394377;18.75511012;388.3597;42.1352;23.0;0.7;286.03
1753873671.17;2.0;49.20394376;18.7551101;388.3598;42.1352;23.0;0.7;285.97
1753873671.18;2.0;49.20394375;18.7551101;388.3586;42.1352;23.0;0.7;285.937
1753873671.19;2.0;49.20394374;18.75511009;388.3578;42.1352;23.0;0.7;285.955
1753873671.2;2.0;49.20394373;18.75511009;388.3574;42.1352;23.0;0.7;286.013
1753873671.21;2.0;49.20394372;18.75511008;388.3571;42.1352;23.0;0.7;286.032
1753873671.22;2.0;49.20394371;18.75511007;388.356;42.1352;23.0;0.7;286.038
1753873671.23;2.0;49.2039437;18.75511006;388.3556;42.1352;23.0;0.7;286.033
1753873671.24;2.0;49.20394369;18.75511005;388.3556;42.1352;23.0;0.7;285.99
1753873671.25;2.0;49.20394368;18.75511003;388.3561;42.1352;23.0;0.7;285.933
1753873671.26;2.0;49.20394366;18.75511002;388.357;42.1352;23.0;0.7;285.9
1753873671.27;2.0;49.20394366;18.75511001;388.3575;42.1352;23.0;0.7;285.875
1753873671.28;2.0;49.20394365;18.75510999;388.3577;42.1352;23.0;0.7;285.809
1753873671.29;2.0;49.20394365;18.75510998;388.3573;42.1352;23.0;0.7;285.721
1753873671.3;2.0;49.20394365;18.75510997;388.3567;42.1352;23.0;0.7;285.645
1753873671.31;2.0;49.20394365;18.75510996;388.3566;42.1352;23.0;0.7;285.541
1753873671.32;2.0;49.20394365;18.75510994;388.3563;42.1352;23.0;0.7;285.423
1753873671.33;2.0;49.20394365;18.75510993;388.3558;42.1352;23.0;0.7;285.326
1753873671.34;2.0;49.20394365;18.75510992;388.355;42.1352;23.0;0.7;285.265
1753873671.35;2.0;49.20394365;18.75510991;388.3543;42.1352;23.0;0.7;285.169
1753873671.36;2.0;49.20394365;18.7551099;388.3533;42.1352;23.0;0.7;285.089
1753873671.37;2.0;49.20394366;18.7551099;388.3518;42.1352;23.0;0.7;285.074
1753873671.38;2.0;49.20394366;18.75510989;388.3506;42.1352;23.0;0.7;284.986
1753873671.39;2.0;49.20394366;18.75510988;388.3498;42.1352;23.0;0.7;284.918
1753873671.4;2.0;49.20394365;18.75510987;388.35;42.1352;23.0;0.7;284.973
1753873671.41;2.0;49.20394365;18.75510986;388.3492;42.1352;23.0;0.7;285.042
1753873671.42;2.0;49.20394365;18.75510984;388.3478;42.1352;23.0;0.7;285.09
1753873671.43;2.0;49.20394365;18.75510982;388.3467;42.1352;23.0;0.7;285.129
1753873671.44;2.0;49.20394365;18.75510981;388.346;42.1352;23.0;0.7;285.183
1753873671.45;2.0;49.20394366;18.75510979;388.3449;42.1352;23.0;0.7;285.246
1753873671.46;2.0;49.20394366;18.75510978;388.3441;42.1352;23.0;0.7;285.258
1753873671.47;2.0;49.20394366;18.75510976;388.3438;42.1352;23.0;0.7;285.243
1753873671.48;2.0;49.20394366;18.75510974;388.3435;42.1352;23.0;0.7;285.25
1753873671.49;2.0;49.20394366;18.75510972;388.3429;42.1352;23.0;0.7;285.29
1753873671.5;2.0;49.20394366;18.7551097;388.3423;42.1352;23.0;0.7;285.324
1753873671.51;2.0;49.20394366;18.75510968;388.3412;42.1352;23.0;0.7;285.34
1753873671.52;2.0;49.20394366;18.75510966;388.3404;42.1352;23.0;0.7;285.356
1753873671.53;2.0;49.20394367;18.75510965;388.3393;42.1352;23.0;0.7;285.417
1753873671.54;2.0;49.20394367;18.75510963;388.3384;42.1352;23.0;0.7;285.492
1753873671.55;2.0;49.20394368;18.75510961;388.3373;42.1352;23.0;0.7;285.5
1753873671.56;2.0;49.20394368;18.75510959;388.3363;42.1352;23.0;0.7;285.462
1753873671.57;2.0;49.20394369;18.75510958;388.336;42.1352;23.0;0.7;285.429
1753873671.58;2.0;49.20394369;18.75510956;388.3354;42.1352;23.0;0.7;285.358
1753873671.59;2.0;49.2039437;18.75510954;388.3349;42.1352;23.0;0.7;285.288
1753873671.6;2.0;49.20394371;18.75510953;388.3338;42.1352;23.0;0.7;285.255
1753873671.61;2.0;49.20394371;18.75510951;388.3332;42.1352;23.0;0.7;285.227
1753873671.62;2.0;49.20394371;18.7551095;388.3325;42.1352;23.0;0.7;285.195
1753873671.63;2.0;49.20394372;18.75510949;388.332;42.1352;23.0;0.7;285.132
1753873671.64;2.0;49.20394372;18.75510948;388.3322;42.1352;23.0;0.7;285.079
1753873671.65;2.0;49.20394372;18.75510946;388.3318;42.1352;23.0;0.7;285.118
1753873671.66;2.0;49.20394372;18.75510945;388.3308;42.1352;23.0;0.7;285.167
1753873671.67;2.0;49.20394372;18.75510944;388.3303;42.1352;23.0;0.7;285.248
1753873671.68;2.0;49.20394371;18.75510943;388.3294;42.1352;23.0;0.7;285.319
1753873671.69;2.0;49.20394371;18.75510943;388.3291;42.1352;23.0;0.7;285.35
1753873671.7;2.0;49.20394371;18.75510941;388.33;42.1352;23.0;0.7;285.424
1753873671.71;2.0;49.2039437;18.7551094;388.3302;42.1352;23.0;0.7;285.48
1753873671.72;2.0;49.2039437;18.75510939;388.3295;42.1352;23.0;0.7;285.471
1753873671.73;2.0;49.2039437;18.75510938;388.3289;42.1352;23.0;0.7;285.453
1753873671.74;2.0;49.2039437;18.75510938;388.3283;42.1352;23.0;0.7;285.451
1753873671.75;2.0;49.2039437;18.75510937;388.3278;42.1352;23.0;0.7;285.484
1753873671.76;2.0;49.2039437;18.75510935;388.327;42.1352;23.0;0.7;285.501
1753873671.77;2.0;49.2039437;18.75510934;388.3264;42.1352;23.0;0.7;285.543
1753873671.78;2.0;49.20394369;18.75510933;388.326;42.1352;23.0;0.7;285.6
1753873671.79;2.0;49.20394369;18.75510931;388.3254;42.1352;23.0;0.7;285.592
1753873671.8;2.0;49.20394368;18.75510929;388.3247;42.1352;23.0;0.7;285.565
1753873671.81;2.0;49.20394367;18.75510928;388.3236;42.1352;23.0;0.7;285.51
1753873671.82;2.0;49.20394367;18.75510927;388.3223;42.1352;23.0;0.7;285.52
1753873671.83;2.0;49.20394366;18.75510926;388.3212;42.1352;23.0;0.7;285.558
1753873671.84;2.0;49.20394366;18.75510924;388.3206;42.1352;23.0;0.7;285.604
1753873671.85;2.0;49.20394365;18.75510922;388.32;42.1352;23.0;0.7;285.705
1753873671.86;2.0;49.20394365;18.75510921;388.3198;42.1352;23.0;0.7;285.72
1753873671.87;2.0;49.20394365;18.75510918;388.3196;42.1352;23.0;0.7;285.667
1753873671.88;2.0;49.20394364;18.75510917;388.3184;42.1352;23.0;0.7;285.599
1753873671.89;2.0;49.20394364;18.75510916;388.3172;42.1352;23.0;0.7;285.526
1753873671.9;2.0;49.20394364;18.75510915;388.3163;42.1352;23.0;0.7;285.39
1753873671.91;2.0;49.20394364;18.75510914;388.3154;42.1352;23.0;0.7;285.303
1753873671.92;2.0;49.20394363;18.75510913;388.315;42.1352;23.0;0.7;285.222
1753873671.93;2.0;49.20394363;18.75510912;388.3148;42.1352;23.0;0.7;285.155
1753873671.94;2.0;49.20394362;18.75510911;388.314;42.1352;23.0;0.7;285.123
1753873671.95;2.0;49.20394362;18.7551091;388.3131;42.1352;23.0;0.7;285.161
1753873671.96;2.0;49.20394362;18.75510909;388.3113;42.1352;23.0;0.7;285.202
1753873671.97;2.0;49.20394361;18.75510909;388.3098;42.1352;23.0;0.7;285.267
1753873671.98;2.0;49.20394361;18.75510907;388.3093;42.1352;23.0;0.7;285.279
1753873671.99;2.0;49.2039436;18.75510905;388.3095;42.1352;23.0;0.7;285.312
1753873672.0;2.0;49.2039436;18.75510904;388.3094;42.1352;23.0;0.7;285.377
1753873672.01;2.0;49.20394359;18.75510902;388.3088;42.1352;23.0;0.7;285.433
1753873672.02;2.0;49.20394359;18.75510902;388.3073;42.1352;23.0;0.7;285.471
1753873672.03;2.0;49.2039436;18.75510901;388.3058;42.1352;23.0;0.7;285.51
1753873672.04;2.0;49.2039436;18.75510901;388.3046;42.1352;23.0;0.7;285.573
1753873672.05;2.0;49.2039436;18.755109;388.3037;42.1352;23.0;0.7;285.651
1753873672.06;2.0;49.20394358;18.755109;388.3038;42.1352;23.0;0.7;285.672
1753873672.07;2.0;49.20394357;18.75510898;388.3039;42.1352;23.0;0.7;285.64
1753873672.08;2.0;49.20394356;18.75510898;388.3039;42.1352;23.0;0.7;285.598
1753873672.09;2.0;49.20394354;18.75510897;388.3039;42.1352;23.0;0.7;285.602
1753873672.1;2.0;49.20394352;18.75510896;388.3041;42.1352;23.0;0.7;285.635
1753873672.11;2.0;49.20394351;18.75510896;388.304;42.1352;23.0;0.7;285.631
1753873672.12;2.0;49.20394349;18.75510896;388.3039;42.1352;23.0;0.7;285.647
1753873672.13;2.0;49.20394348;18.75510895;388.3038;42.1352;23.0;0.7;285.645
1753873672.14;2.0;49.20394347;18.75510894;388.303;42.1352;23.0;0.7;285.603
1753873672.15;2.0;49.20394346;18.75510894;388.3021;42.1352;23.0;0.7;285.549
1753873672.16;2.0;49.20394345;18.75510893;388.3013;42.1352;23.0;0.7;285.553
1753873672.17;2.0;49.20394343;18.75510893;388.3005;42.1352;23.0;0.7;285.617
1753873672.18;2.0;49.20394342;18.75510892;388.3002;42.1352;23.0;0.7;285.652
1753873672.19;2.0;49.20394341;18.75510891;388.3001;42.1352;23.0;0.7;285.686
1753873672.2;2.0;49.20394341;18.7551089;388.2999;42.1352;23.0;0.7;285.645
1753873672.21;2.0;49.2039434;18.75510889;388.2995;42.1352;23.0;0.7;285.603
1753873672.22;2.0;49.20394339;18.75510888;388.2991;42.1352;23.0;0.7;285.551
1753873672.23;2.0;49.20394338;18.75510887;388.2991;42.1352;23.0;0.7;285.525
1753873672.24;2.0;49.20394338;18.75510885;388.299;42.1352;23.0;0.7;285.465
1753873672.25;2.0;49.20394338;18.75510884;388.299;42.1352;23.0;0.7;285.406
1753873672.26;2.0;49.20394337;18.75510882;388.2987;42.1352;23.0;0.7;285.373
1753873672.27;2.0;49.20394336;18.7551088;388.2982;42.1352;23.0;0.7;285.383
1753873672.28;2.0;49.20394336;18.75510879;388.2972;42.1352;23.0;0.7;285.389
1753873672.29;2.0;49.20394336;18.75510878;388.2964;42.1352;23.0;0.7;285.365
1753873672.3;2.0;49.20394336;18.75510876;388.296;42.1352;23.0;0.7;285.334
1753873672.31;2.0;49.20394335;18.75510875;388.2953;42.1352;23.0;0.7;285.323
1753873672.32;2.0;49.20394335;18.75510874;388.2946;42.1352;23.0;0.7;285.369
1753873672.33;2.0;49.20394335;18.75510872;388.2939;42.1352;23.0;0.7;285.421
1753873672.34;2.0;49.20394334;18.75510871;388.2936;42.1352;23.0;0.7;285.477
1753873672.35;2.0;49.20394334;18.75510869;388.2927;42.1352;23.0;0.7;285.516
1753873672.36;2.0;49.20394334;18.75510867;388.2924;42.1352;23.0;0.7;285.512
1753873672.37;2.0;49.20394334;18.75510866;388.2918;42.1352;23.0;0.7;285.497
1753873672.38;2.0;49.20394333;18.75510864;388.291;42.1352;23.0;0.7;285.529
1753873672.39;2.0;49.20394333;18.75510863;388.2894;42.1352;23.0;0.7;285.555
1753873672.4;2.0;49.20394333;18.75510862;388.2881;42.1352;23.0;0.7;285.579
1753873672.41;2.0;49.20394333;18.75510861;388.2869;42.1352;23.0;0.7;285.593
1753873672.42;2.0;49.20394333;18.7551086;388.2859;42.1352;23.0;0.7;285.614
1753873672.43;2.0;49.20394333;18.75510858;388.2853;42.1352;23.0;0.7;285.609
1753873672.44;2.0;49.20394333;18.75510857;388.2848;42.1352;23.0;0.7;285.588
1753873672.45;2.0;49.20394332;18.75510856;388.2843;42.1352;23.0;0.7;285.627
1753873672.46;2.0;49.20394332;18.75510854;388.284;42.1352;23.0;0.7;285.657
1753873672.47;2.0;49.20394332;18.75510853;388.2832;42.1352;23.0;0.7;285.669
1753873672.48;2.0;49.20394332;18.75510852;388.2825;42.1352;23.0;0.7;285.645
1753873672.49;2.0;49.20394332;18.75510851;388.2823;42.1352;23.0;0.7;285.641
1753873672.5;2.0;49.20394332;18.7551085;388.2818;42.1352;23.0;0.7;285.634
1753873672.51;2.0;49.20394332;18.75510849;388.2811;42.1352;23.0;0.7;285.631
1753873672.52;2.0;49.20394332;18.75510847;388.2808;42.1352;23.0;0.7;285.666
1753873672.53;2.0;49.20394331;18.75510846;388.2804;42.1352;23.0;0.7;285.722
1753873672.54;2.0;49.20394331;18.75510845;388.2798;42.1352;23.0;0.7;285.796
1753873672.55;2.0;49.20394331;18.75510844;388.2787;42.1352;23.0;0.7;285.855
1753873672.56;2.0;49.2039433;18.75510843;388.2775;42.1352;23.0;0.7;285.915
1753873672.57;2.0;49.2039433;18.75510842;388.2767;42.1352;24.0;0.6;285.967
1753873672.58;2.0;49.2039433;18.75510841;388.2753;42.1352;24.0;0.6;285.967
1753873672.59;2.0;49.20394329;18.7551084;388.2742;42.1352;24.0;0.6;285.983
1753873672.6;2.0;49.20394329;18.75510839;388.2737;42.1352;24.0;0.6;285.964
1753873672.61;2.0;49.20394328;18.75510838;388.2728;42.1352;24.0;0.6;285.906
1753873672.62;2.0;49.20394327;18.75510837;388.2718;42.1352;24.0;0.6;285.9
1753873672.63;2.0;49.20394326;18.75510836;388.2708;42.1352;24.0;0.6;285.893
1753873672.64;2.0;49.20394325;18.75510834;388.2701;42.1352;24.0;0.6;285.91
1753873672.65;2.0;49.20394324;18.75510832;388.2696;42.1352;24.0;0.6;285.937
1753873672.66;2.0;49.20394323;18.75510831;388.2692;42.1352;24.0;0.6;285.952
1753873672.67;2.0;49.20394321;18.75510829;388.2687;42.1352;24.0;0.6;285.967
1753873672.68;2.0;49.20394321;18.75510828;388.268;42.1352;24.0;0.6;285.963
1753873672.69;2.0;49.2039432;18.75510826;388.2671;42.1352;24.0;0.6;285.909
1753873672.7;2.0;49.20394319;18.75510825;388.2666;42.1352;24.0;0.6;285.842
1753873672.71;2.0;49.20394319;18.75510824;388.266;42.1352;24.0;0.6;285.742
1753873672.72;2.0;49.20394318;18.75510822;388.2665;42.1352;24.0;0.6;285.648
1753873672.73;2.0;49.20394318;18.75510821;388.2665;42.1352;24.0;0.6;285.588
1753873672.74;2.0;49.20394317;18.75510819;388.2667;42.1352;24.0;0.6;285.598
1753873672.75;2.0;49.20394317;18.75510818;388.2668;42.1352;24.0;0.6;285.567
1753873672.76;2.0;49.20394317;18.75510816;388.2665;42.1352;24.0;0.6;285.48
1753873672.77;2.0;49.20394318;18.75510815;388.2666;42.1352;24.0;0.6;285.505
1753873672.78;2.0;49.20394318;18.75510814;388.2662;42.1352;24.0;0.6;285.546
1753873672.79;2.0;49.20394319;18.75510813;388.2653;42.1352;24.0;0.6;285.58
1753873672.8;2.0;49.20394319;18.75510813;388.2642;42.1352;24.0;0.6;285.607
1753873672.81;2.0;49.2039432;18.75510812;388.2635;42.1352;24.0;0.6;285.596
1753873672.82;2.0;49.2039432;18.75510811;388.2637;42.1352;24.0;0.6;285.597
1753873672.83;2.0;49.20394321;18.7551081;388.2635;42.1352;24.0;0.6;285.568
1753873672.84;2.0;49.20394322;18.75510809;388.2632;42.1352;24.0;0.6;285.565
1753873672.85;2.0;49.20394323;18.75510809;388.2623;42.1352;24.0;0.6;285.506
1753873672.86;2.0;49.20394323;18.75510808;388.2618;42.1352;24.0;0.6;285.467
1753873672.87;2.0;49.20394324;18.75510808;388.2613;42.1352;24.0;0.6;285.437
1753873672.88;2.0;49.20394325;18.75510808;388.2609;42.1352;24.0;0.6;285.473
1753873672.89;2.0;49.20394326;18.75510807;388.2608;42.1352;24.0;0.6;285.529
1753873672.9;2.0;49.20394327;18.75510806;388.2609;42.1352;24.0;0.6;285.539
1753873672.91;2.0;49.20394327;18.75510805;388.2605;42.1352;24.0;0.6;285.511
1753873672.92;2.0;49.20394328;18.75510804;388.2596;42.1352;24.0;0.6;285.488
1753873672.93;2.0;49.20394328;18.75510804;388.2588;42.1352;24.0;0.6;285.486
1753873672.94;2.0;49.20394329;18.75510803;388.2581;42.1352;24.0;0.6;285.491
1753873672.95;2.0;49.2039433;18.75510803;388.2572;42.1352;24.0;0.6;285.483
1753873672.96;2.0;49.2039433;18.75510802;388.2569;42.1352;24.0;0.6;285.446
1753873672.97;2.0;49.20394331;18.75510802;388.2567;42.1352;24.0;0.6;285.446
1753873672.98;2.0;49.20394331;18.75510801;388.2567;42.1352;24.0;0.6;285.443
1753873672.99;2.0;49.20394331;18.755108;388.2563;42.1352;24.0;0.6;285.423
1753873673.0;2.0;49.20394331;18.75510799;388.2551;42.1352;24.0;0.6;285.439
1753873673.01;2.0;49.20394332;18.75510798;388.2542;42.1352;24.0;0.6;285.469
1753873673.02;2.0;49.20394333;18.75510798;388.2538;42.1352;24.0;0.6;285.451
1753873673.03;2.0;49.20394333;18.75510797;388.2538;42.1352;24.0;0.6;285.45
1753873673.04;2.0;49.20394333;18.75510796;388.2537;42.1352;24.0;0.6;285.396
1753873673.05;2.0;49.20394333;18.75510795;388.2537;42.1352;24.0;0.6;285.34
1753873673.06;2.0;49.20394333;18.75510794;388.2535;42.1352;24.0;0.6;285.34
1753873673.07;2.0;49.20394333;18.75510794;388.2533;42.1352;24.0;0.6;285.352
1753873673.08;2.0;49.20394332;18.75510793;388.2537;42.1352;25.0;0.6;285.343
1753873673.09;2.0;49.20394331;18.75510793;388.2542;42.1352;25.0;0.6;285.34
1753873673.1;2.0;49.20394331;18.75510792;388.2538;42.1352;25.0;0.6;285.381
1753873673.11;2.0;49.20394331;18.75510791;388.2537;42.1352;25.0;0.6;285.403
1753873673.12;2.0;49.2039433;18.7551079;388.254;42.1352;25.0;0.6;285.41
1753873673.13;2.0;49.20394329;18.75510789;388.254;42.1352;25.0;0.6;285.444
1753873673.14;2.0;49.20394329;18.75510788;388.2539;42.1352;25.0;0.6;285.5
1753873673.15;2.0;49.20394329;18.75510788;388.2536;42.1352;25.0;0.6;285.577
1753873673.16;2.0;49.20394328;18.75510787;388.2534;42.1352;25.0;0.6;285.621
1753873673.17;2.0;49.20394328;18.75510787;388.2529;42.1352;25.0;0.6;285.627
1753873673.18;2.0;49.20394328;18.75510786;388.253;42.1352;25.0;0.6;285.608
1753873673.19;2.0;49.20394327;18.75510785;388.2528;42.1352;25.0;0.6;285.611
1753873673.2;2.0;49.20394328;18.75510785;388.2516;42.1352;25.0;0.6;285.605
1753873673.21;2.0;49.20394327;18.75510785;388.2514;42.1352;25.0;0.6;285.587
1753873673.22;2.0;49.20394327;18.75510784;388.2512;42.1352;25.0;0.6;285.577
1753873673.23;2.0;49.20394327;18.75510784;388.2516;42.1352;25.0;0.6;285.571
1753873673.24;2.0;49.20394327;18.75510783;388.2517;42.1352;25.0;0.6;285.528
1753873673.25;2.0;49.20394326;18.75510783;388.2518;42.1352;25.0;0.6;285.467
1753873673.26;2.0;49.20394326;18.75510782;388.2514;42.1352;25.0;0.6;285.476
1753873673.27;2.0;49.20394325;18.75510782;388.2517;42.1352;25.0;0.6;285.454
1753873673.28;2.0;49.20394325;18.75510781;388.2521;42.1352;25.0;0.6;285.459
1753873673.29;2.0;49.20394325;18.75510781;388.2521;42.1352;25.0;0.6;285.486
1753873673.3;2.0;49.20394325;18.75510781;388.2517;42.1352;25.0;0.6;285.514
1753873673.31;2.0;49.20394325;18.75510781;388.2512;42.1352;25.0;0.6;285.513
1753873673.32;2.0;49.20394324;18.7551078;388.2512;42.1352;25.0;0.6;285.506
1753873673.33;2.0;49.20394324;18.7551078;388.2516;42.1352;25.0;0.6;285.46
1753873673.34;2.0;49.20394324;18.75510779;388.2521;42.1352;25.0;0.6;285.46
1753873673.35;2.0;49.20394323;18.75510779;388.2523;42.1352;25.0;0.6;285.473
1753873673.36;2.0;49.20394323;18.75510778;388.2529;42.1352;25.0;0.6;285.459
1753873673.37;2.0;49.20394322;18.75510777;388.2533;42.1352;25.0;0.6;285.46
1753873673.38;2.0;49.20394322;18.75510777;388.2534;42.1352;25.0;0.6;285.468
1753873673.39;2.0;49.20394322;18.75510777;388.2531;42.1352;25.0;0.6;285.525
1753873673.4;2.0;49.20394322;18.75510777;388.2529;42.1352;25.0;0.6;285.536
1753873673.41;2.0;49.20394321;18.75510776;388.2529;42.1352;25.0;0.6;285.506
1753873673.42;2.0;49.20394321;18.75510775;388.2533;42.1352;25.0;0.6;285.497
1753873673.43;2.0;49.2039432;18.75510775;388.2533;42.1352;25.0;0.6;285.465
1753873673.44;2.0;49.2039432;18.75510774;388.2535;42.1352;25.0;0.6;285.48
1753873673.45;2.0;49.2039432;18.75510773;388.2531;42.1352;25.0;0.6;285.506
1753873673.46;2.0;49.20394319;18.75510773;388.2531;42.1352;25.0;0.6;285.479
1753873673.47;2.0;49.20394319;18.75510773;388.2529;42.1352;25.0;0.6;285.485
1753873673.48;2.0;49.20394319;18.75510772;388.2537;42.1352;25.0;0.6;285.478
1753873673.49;2.0;49.20394319;18.75510771;388.2539;42.1352;25.0;0.6;285.509
1753873673.5;2.0;49.20394318;18.75510771;388.2531;42.1352;25.0;0.6;285.528
1753873673.51;2.0;49.20394318;18.7551077;388.2525;42.1352;25.0;0.6;285.526
1753873673.52;2.0;49.20394318;18.75510769;388.2523;42.1352;25.0;0.6;285.503
1753873673.53;2.0;49.20394318;18.75510768;388.252;42.1352;25.0;0.6;285.47
1753873673.54;2.0;49.20394317;18.75510768;388.2519;42.1352;25.0;0.6;285.488
1753873673.55;2.0;49.20394317;18.75510767;388.2517;42.1352;25.0;0.6;285.489
1753873673.56;2.0;49.20394317;18.75510767;388.2519;42.1352;25.0;0.6;285.456
1753873673.57;2.0;49.20394317;18.75510767;388.2517;42.1352;25.0;0.6;285.464
1753873673.58;2.0;49.20394317;18.75510767;388.2513;42.1352;25.0;0.6;285.474
1753873673.59;2.0;49.20394317;18.75510767;388.2507;42.1352;25.0;0.6;285.509
1753873673.6;2.0;49.20394318;18.75510767;388.25;42.1352;25.0;0.6;285.455
1753873673.61;2.0;49.20394318;18.75510767;388.2493;42.1352;25.0;0.6;285.476
1753873673.62;2.0;49.20394318;18.75510767;388.249;42.1352;25.0;0.6;285.553
1753873673.63;2.0;49.20394318;18.75510768;388.249;42.1352;25.0;0.6;285.657
1753873673.64;2.0;49.20394319;18.75510768;388.2489;42.1352;25.0;0.6;285.692
1753873673.65;2.0;49.20394319;18.75510768;388.2483;42.1352;25.0;0.6;285.672
1753873673.66;2.0;49.2039432;18.75510768;388.2479;42.1352;25.0;0.6;285.637
1753873673.67;2.0;49.2039432;18.75510769;388.2472;42.1352;25.0;0.6;285.637
1753873673.68;2.0;49.2039432;18.75510769;388.2472;42.1352;25.0;0.6;285.625
1753873673.69;2.0;49.20394321;18.75510769;388.2474;42.1352;25.0;0.6;285.546
1753873673.7;2.0;49.20394321;18.75510769;388.2473;42.1352;25.0;0.6;285.516
1753873673.71;2.0;49.20394321;18.7551077;388.2479;42.1352;25.0;0.6;285.577
1753873673.72;2.0;49.20394321;18.7551077;388.2484;42.1352;25.0;0.6;285.601
1753873673.73;2.0;49.20394321;18.7551077;388.2485;42.1352;25.0;0.6;285.589
1753873673.74;2.0;49.20394321;18.7551077;388.2476;42.1352;25.0;0.6;285.635
1753873673.75;2.0;49.20394321;18.7551077;388.2469;42.1352;25.0;0.6;285.705
1753873673.76;2.0;49.20394322;18.7551077;388.2462;42.1352;25.0;0.6;285.756
1753873673.77;2.0;49.20394322;18.7551077;388.246;42.1352;25.0;0.6;285.729
1753873673.78;2.0;49.20394322;18.7551077;388.246;42.1352;25.0;0.6;285.639
1753873673.79;2.0;49.20394323;18.75510771;388.2456;42.1352;25.0;0.6;285.62
1753873673.8;2.0;49.20394323;18.75510771;388.2453;42.1352;25.0;0.6;285.569
1753873673.81;2.0;49.20394323;18.75510771;388.2447;42.1352;25.0;0.6;285.557
1753873673.82;2.0;49.20394323;18.75510771;388.2442;42.1352;25.0;0.6;285.541
1753873673.83;2.0;49.20394324;18.75510771;388.2438;42.1352;25.0;0.6;285.526
1753873673.84;2.0;49.20394324;18.75510771;388.2437;42.1352;25.0;0.6;285.563
1753873673.85;2.0;49.20394324;18.75510771;388.2439;42.1352;25.0;0.6;285.533
1753873673.86;2.0;49.20394324;18.75510771;388.2438;42.1352;25.0;0.6;285.521
1753873673.87;2.0;49.20394324;18.75510771;388.2439;42.1352;25.0;0.6;285.51
1753873673.88;2.0;49.20394324;18.75510771;388.244;42.1352;25.0;0.6;285.524
1753873673.89;2.0;49.20394324;18.7551077;388.2442;42.1352;25.0;0.6;285.607
1753873673.9;2.0;49.20394323;18.7551077;388.2443;42.1352;25.0;0.6;285.677
1753873673.91;2.0;49.20394323;18.7551077;388.2437;42.1352;25.0;0.6;285.708
1753873673.92;2.0;49.20394324;18.7551077;388.2434;42.1352;25.0;0.6;285.706
1753873673.93;2.0;49.20394324;18.75510771;388.2423;42.1352;25.0;0.6;285.634
1753873673.94;2.0;49.20394324;18.75510771;388.2414;42.1352;25.0;0.6;285.609
1753873673.95;2.0;49.20394324;18.75510771;388.2408;42.1352;25.0;0.6;285.614
1753873673.96;2.0;49.20394324;18.7551077;388.2405;42.1352;25.0;0.6;285.635
1753873673.97;2.0;49.20394325;18.7551077;388.2402;42.1352;25.0;0.6;285.62
1753873673.98;2.0;49.20394325;18.75510771;388.24;42.1352;25.0;0.6;285.598
1753873673.99;2.0;49.20394325;18.75510771;388.2397;42.1352;25.0;0.6;285.591
1753873674.0;2.0;49.20394326;18.75510772;388.2392;42.1352;25.0;0.6;285.59
1753873674.01;2.0;49.20394326;18.75510772;388.2385;42.1352;25.0;0.6;285.616
1753873674.02;2.0;49.20394327;18.75510772;388.238;42.1352;25.0;0.6;285.612
1753873674.03;2.0;49.20394327;18.75510773;388.2375;42.1352;25.0;0.6;285.641
1753873674.04;2.0;49.20394327;18.75510773;388.2371;42.1352;25.0;0.6;285.654
1753873674.05;2.0;49.20394327;18.75510773;388.2364;42.1352;25.0;0.6;285.676
1753873674.06;2.0;49.20394327;18.75510773;388.2354;42.1352;25.0;0.6;285.7
1753873674.07;2.0;49.20394328;18.75510773;388.2349;42.1352;25.0;0.6;285.743
1753873674.08;2.0;49.20394328;18.75510773;388.2349;42.1352;25.0;0.6;285.708
1753873674.09;2.0;49.20394328;18.75510773;388.2351;42.1352;25.0;0.6;285.656
1753873674.1;2.0;49.20394328;18.75510774;388.235;42.1352;25.0;0.6;285.634
1753873674.11;2.0;49.20394329;18.75510774;388.2343;42.1352;25.0;0.6;285.563
1753873674.12;2.0;49.20394329;18.75510775;388.2338;42.1352;25.0;0.6;285.544
1753873674.13;2.0;49.20394329;18.75510775;388.2336;42.1352;25.0;0.6;285.527
1753873674.14;2.0;49.20394329;18.75510775;388.2337;42.1352;25.0;0.6;285.497
1753873674.15;2.0;49.2039433;18.75510775;388.2335;42.1352;25.0;0.6;285.482
1753873674.16;2.0;49.20394329;18.75510774;388.2337;42.1352;25.0;0.6;285.507
1753873674.17;2.0;49.20394329;18.75510774;388.2335;42.1352;25.0;0.6;285.496
1753873674.18;2.0;49.2039433;18.75510774;388.2334;42.1352;25.0;0.6;285.491
1753873674.19;2.0;49.2039433;18.75510774;388.233;42.1352;25.0;0.6;285.453
1753873674.2;2.0;49.2039433;18.75510774;388.2324;42.1352;25.0;0.6;285.486
1753873674.21;2.0;49.2039433;18.75510774;388.232;42.1352;25.0;0.6;285.52
1753873674.22;2.0;49.2039433;18.75510774;388.2314;42.1352;25.0;0.6;285.55
1753873674.23;2.0;49.2039433;18.75510774;388.2304;42.1352;25.0;0.6;285.53
1753873674.24;2.0;49.2039433;18.75510774;388.2296;42.1352;25.0;0.6;285.528
1753873674.25;2.0;49.2039433;18.75510773;388.2295;42.1352;25.0;0.6;285.533
1753873674.26;2.0;49.2039433;18.75510773;388.2293;42.1352;25.0;0.6;285.539
1753873674.27;2.0;49.2039433;18.75510773;388.2292;42.1352;25.0;0.6;285.55
1753873674.28;2.0;49.2039433;18.75510773;388.2295;42.1352;25.0;0.6;285.562
1753873674.29;2.0;49.20394331;18.75510772;388.2297;42.1352;25.0;0.6;285.602
1753873674.3;2.0;49.20394331;18.75510773;388.2294;42.1352;25.0;0.6;285.61
1753873674.31;2.0;49.20394331;18.75510773;388.2294;42.1352;25.0;0.6;285.608
1753873674.32;2.0;49.20394331;18.75510773;388.2291;42.1352;25.0;0.6;285.623
1753873674.33;2.0;49.20394331;18.75510773;388.2292;42.1352;25.0;0.6;285.588
1753873674.34;2.0;49.20394331;18.75510773;388.2289;42.1352;25.0;0.6;285.556
1753873674.35;2.0;49.20394331;18.75510773;388.2283;42.1352;25.0;0.6;285.555
1753873674.36;2.0;49.20394331;18.75510773;388.2278;42.1352;25.0;0.6;285.575
1753873674.37;2.0;49.20394331;18.75510774;388.2272;42.1352;25.0;0.6;285.583
1753873674.38;2.0;49.20394331;18.75510774;388.2268;42.1352;25.0;0.6;285.511
1753873674.39;2.0;49.20394332;18.75510773;388.2264;42.1352;25.0;0.6;285.508
1753873674.4;2.0;49.20394332;18.75510773;388.2258;42.1352;25.0;0.6;285.562
1753873674.41;2.0;49.20394332;18.75510774;388.2257;42.1352;25.0;0.6;285.598
1753873674.42;2.0;49.20394332;18.75510774;388.2258;42.1352;25.0;0.6;285.615
1753873674.43;2.0;49.20394332;18.75510773;388.2258;42.1352;25.0;0.6;285.613
1753873674.44;2.0;49.20394332;18.75510773;388.2252;42.1352;25.0;0.6;285.591
1753873674.45;2.0;49.20394332;18.75510772;388.2252;42.1352;25.0;0.6;285.6
1753873674.46;2.0;49.20394332;18.75510772;388.225;42.1352;25.0;0.6;285.67
1753873674.47;2.0;49.20394332;18.75510772;388.2248;42.1352;25.0;0.6;285.677
1753873674.48;2.0;49.20394333;18.75510772;388.2248;42.1352;25.0;0.6;285.655
1753873674.49;2.0;49.20394333;18.75510772;388.2246;42.1352;25.0;0.6;285.66
1753873674.5;2.0;49.20394333;18.75510772;388.2239;42.1352;25.0;0.6;285.636
1753873674.51;2.0;49.20394333;18.75510773;388.2236;42.1352;25.0;0.6;285.574
1753873674.52;2.0;49.20394333;18.75510772;388.2235;42.1352;25.0;0.6;285.554
1753873674.53;2.0;49.20394333;18.75510772;388.2233;42.1352;25.0;0.6;285.557
1753873674.54;2.0;49.20394333;18.75510772;388.2229;42.1352;25.0;0.6;285.544
1753873674.55;2.0;49.20394333;18.75510772;388.2226;42.1352;25.0;0.6;285.534
1753873674.56;2.0;49.20394334;18.75510772;388.2222;42.1352;25.0;0.6;285.557
1753873674.57;2.0;49.20394334;18.75510772;388.2216;42.1352;25.0;0.6;285.633
1753873674.58;2.0;49.20394334;18.75510772;388.2209;42.1352;25.0;0.6;285.679
1753873674.59;2.0;49.20394335;18.75510772;388.2203;42.1352;25.0;0.6;285.639
1753873674.6;2.0;49.20394335;18.75510772;388.2201;42.1352;25.0;0.6;285.648
1753873674.61;2.0;49.20394336;18.75510772;388.2199;42.1352;25.0;0.6;285.678
1753873674.62;2.0;49.20394336;18.75510772;388.2197;42.1352;25.0;0.6;285.684
1753873674.63;2.0;49.20394336;18.75510772;388.2193;42.1352;25.0;0.6;285.693
1753873674.64;2.0;49.20394337;18.75510772;388.2186;42.1352;25.0;0.6;285.673
1753873674.65;2.0;49.20394337;18.75510773;388.2185;42.1352;25.0;0.6;285.655
1753873674.66;2.0;49.20394338;18.75510773;388.2184;42.1352;25.0;0.6;285.645
1753873674.67;2.0;49.20394338;18.75510773;388.2181;42.1352;25.0;0.6;285.63
1753873674.68;2.0;49.20394338;18.75510773;388.2175;42.1352;25.0;0.6;285.694
1753873674.69;2.0;49.20394339;18.75510773;388.2171;42.1352;25.0;0.6;285.736
1753873674.7;2.0;49.2039434;18.75510773;388.217;42.1352;25.0;0.6;285.679
1753873674.71;2.0;49.2039434;18.75510773;388.2171;42.1352;25.0;0.6;285.676
1753873674.72;2.0;49.2039434;18.75510772;388.2172;42.1352;25.0;0.6;285.671
1753873674.73;2.0;49.20394341;18.75510772;388.2169;42.1352;25.0;0.6;285.674
1753873674.74;2.0;49.20394341;18.75510773;388.2169;42.1352;25.0;0.6;285.656
1753873674.75;2.0;49.20394341;18.75510773;388.2164;42.1352;25.0;0.6;285.638
1753873674.76;2.0;49.20394342;18.75510773;388.2158;42.1352;25.0;0.6;285.582
1753873674.77;2.0;49.20394342;18.75510773;388.2152;42.1352;25.0;0.6;285.556
1753873674.78;2.0;49.20394342;18.75510773;388.2151;42.1352;25.0;0.6;285.558
1753873674.79;2.0;49.20394343;18.75510773;388.2149;42.1352;25.0;0.6;285.517
1753873674.8;2.0;49.20394343;18.75510773;388.2142;42.1352;25.0;0.6;285.555
1753873674.81;2.0;49.20394343;18.75510773;388.2138;42.1352;25.0;0.6;285.628
1753873674.82;2.0;49.20394343;18.75510773;388.2132;42.1352;25.0;0.6;285.646
1753873674.83;2.0;49.20394344;18.75510773;388.2125;42.1352;25.0;0.6;285.63
1753873674.84;2.0;49.20394344;18.75510773;388.2117;42.1352;25.0;0.6;285.64
1753873674.85;2.0;49.20394345;18.75510774;388.2113;42.1352;25.0;0.6;285.613
1753873674.86;2.0;49.20394345;18.75510774;388.2109;42.1352;25.0;0.6;285.564
1753873674.87;2.0;49.20394346;18.75510774;388.2111;42.1352;25.0;0.6;285.568
1753873674.88;2.0;49.20394346;18.75510774;388.211;42.1352;25.0;0.6;285.591
1753873674.89;2.0;49.20394346;18.75510773;388.2113;42.1352;25.0;0.6;285.646
1753873674.9;2.0;49.20394347;18.75510773;388.2113;42.1352;25.0;0.6;285.609
1753873674.91;2.0;49.20394347;18.75510773;388.2108;42.1352;25.0;0.6;285.655
1753873674.92;2.0;49.20394348;18.75510773;388.2102;42.1352;25.0;0.6;285.677
1753873674.93;2.0;49.20394348;18.75510773;388.2094;42.1352;25.0;0.6;285.705
1753873674.94;2.0;49.20394348;18.75510773;388.2092;42.1352;25.0;0.6;285.74
1753873674.95;2.0;49.20394348;18.75510772;388.2096;42.1352;25.0;0.6;285.69
1753873674.96;2.0;49.20394349;18.75510772;388.2097;42.1352;25.0;0.6;285.676
1753873674.97;2.0;49.20394349;18.75510772;388.2097;42.1352;25.0;0.6;285.679
1753873674.98;2.0;49.20394349;18.75510772;388.2103;42.1352;25.0;0.6;285.745
1753873674.99;2.0;49.20394349;18.75510772;388.2103;42.1352;25.0;0.6;285.76
1753873675.0;2.0;49.20394349;18.75510772;388.2097;42.1352;25.0;0.6;285.762
1753873675.01;2.0;49.2039435;18.75510772;388.2092;42.1352;25.0;0.6;285.776
1753873675.02;2.0;49.2039435;18.75510772;388.2084;42.1352;25.0;0.6;285.739
1753873675.03;2.0;49.2039435;18.75510772;388.2082;42.1352;25.0;0.6;285.745
1753873675.04;2.0;49.20394351;18.75510772;388.2078;42.1352;25.0;0.6;285.713
1753873675.05;2.0;49.20394351;18.75510772;388.207;42.1352;25.0;0.6;285.695
1753873675.06;2.0;49.20394352;18.75510772;388.2065;42.1352;25.0;0.6;285.683
1753873675.07;2.0;49.20394352;18.75510772;388.2071;42.1352;25.0;0.6;285.684
1753873675.08;2.0;49.20394352;18.75510772;388.2074;42.1352;25.0;0.6;285.682
1753873675.09;2.0;49.20394352;18.75510772;388.2072;42.1352;25.0;0.6;285.661
1753873675.1;2.0;49.20394352;18.75510772;388.2077;42.1352;25.0;0.6;285.676
1753873675.11;2.0;49.20394353;18.75510772;388.2081;42.1352;25.0;0.6;285.697
1753873675.12;2.0;49.20394353;18.75510772;388.2085;42.1352;25.0;0.6;285.717
1753873675.13;2.0;49.20394354;18.75510772;388.2088;42.1352;25.0;0.6;285.751
1753873675.14;2.0;49.20394354;18.75510772;388.209;42.1352;25.0;0.6;285.745
1753873675.15;2.0;49.20394355;18.75510773;388.2089;42.1352;25.0;0.6;285.719
1753873675.16;2.0;49.20394355;18.75510773;388.2086;42.1352;25.0;0.6;285.739
1753873675.17;2.0;49.20394356;18.75510774;388.2086;42.1352;25.0;0.6;285.752
1753873675.18;2.0;49.20394357;18.75510775;388.2081;42.1352;25.0;0.6;285.673
1753873675.19;2.0;49.20394357;18.75510776;388.2079;42.1352;25.0;0.6;285.635
1753873675.2;2.0;49.20394358;18.75510776;388.2072;42.1352;25.0;0.6;285.683
1753873675.21;2.0;49.20394358;18.75510777;388.2068;42.1352;25.0;0.6;285.696
1753873675.22;2.0;49.20394359;18.75510778;388.2064;42.1352;25.0;0.6;285.696
1753873675.23;2.0;49.2039436;18.75510779;388.2059;42.1352;25.0;0.6;285.659
1753873675.24;2.0;49.20394361;18.75510779;388.2058;42.1352;25.0;0.6;285.644
1753873675.25;2.0;49.20394361;18.7551078;388.2057;42.1352;25.0;0.6;285.648
1753873675.26;2.0;49.20394362;18.7551078;388.2053;42.1352;25.0;0.6;285.62
1753873675.27;2.0;49.20394363;18.7551078;388.2053;42.1352;25.0;0.6;285.609
1753873675.28;2.0;49.20394364;18.75510781;388.2054;42.1352;25.0;0.6;285.595
1753873675.29;2.0;49.20394364;18.75510781;388.2049;42.1352;25.0;0.6;285.6
1753873675.3;2.0;49.20394365;18.75510782;388.2044;42.1352;25.0;0.6;285.606
1753873675.31;2.0;49.20394366;18.75510782;388.2038;42.1352;25.0;0.6;285.618
1753873675.32;2.0;49.20394366;18.75510783;388.2032;42.1352;25.0;0.6;285.675
1753873675.33;2.0;49.20394367;18.75510783;388.2029;42.1352;25.0;0.6;285.7
1753873675.34;2.0;49.20394367;18.75510784;388.2025;42.1352;25.0;0.6;285.709
1753873675.35;2.0;49.20394368;18.75510784;388.2026;42.1352;25.0;0.6;285.706
1753873675.36;2.0;49.20394369;18.75510785;388.2027;42.1352;25.0;0.6;285.697
1753873675.37;2.0;49.20394369;18.75510785;388.2024;42.1352;25.0;0.6;285.705
1753873675.38;2.0;49.2039437;18.75510786;388.2023;42.1352;25.0;0.6;285.68
1753873675.39;2.0;49.20394371;18.75510787;388.2019;42.1352;25.0;0.6;285.69
1753873675.4;2.0;49.20394372;18.75510788;388.2022;42.1352;25.0;0.6;285.713
1753873675.41;2.0;49.20394372;18.75510788;388.2024;42.1352;25.0;0.6;285.677
1753873675.42;2.0;49.20394372;18.75510788;388.2029;42.1352;25.0;0.6;285.679
1753873675.43;2.0;49.20394373;18.75510788;388.2028;42.1352;25.0;0.6;285.645
1753873675.44;2.0;49.20394374;18.75510789;388.202;42.1352;25.0;0.6;285.6
1753873675.45;2.0;49.20394374;18.75510789;388.2014;42.1352;25.0;0.6;285.572
1753873675.46;2.0;49.20394374;18.7551079;388.2012;42.1352;25.0;0.6;285.554
1753873675.47;2.0;49.20394375;18.75510791;388.201;42.1352;25.0;0.6;285.604
1753873675.48;2.0;49.20394376;18.75510792;388.2009;42.1352;25.0;0.6;285.649
1753873675.49;2.0;49.20394376;18.75510793;388.2008;42.1352;25.0;0.6;285.669
1753873675.5;2.0;49.20394377;18.75510793;388.2003;42.1352;25.0;0.6;285.657
1753873675.51;2.0;49.20394378;18.75510794;388.2001;42.1352;25.0;0.6;285.604
1753873675.52;2.0;49.20394379;18.75510795;388.1998;42.1352;25.0;0.6;285.606
1753873675.53;2.0;49.20394379;18.75510795;388.1999;42.1352;25.0;0.6;285.651
1753873675.54;2.0;49.2039438;18.75510795;388.2002;42.1352;25.0;0.6;285.674
1753873675.55;2.0;49.20394381;18.75510796;388.1996;42.1352;25.0;0.6;285.704
1753873675.56;2.0;49.20394381;18.75510797;388.1994;42.1352;25.0;0.6;285.728
1753873675.57;2.0;49.20394382;18.75510797;388.1997;42.1352;25.0;0.6;285.72
1753873675.58;2.0;49.20394383;18.75510797;388.1999;42.1352;25.0;0.6;285.692
1753873675.59;2.0;49.20394383;18.75510798;388.1998;42.1352;25.0;0.6;285.587
1753873675.6;2.0;49.20394384;18.75510799;388.1994;42.1352;25.0;0.6;285.552
1753873675.61;2.0;49.20394385;18.755108;388.1992;42.1352;25.0;0.6;285.533
1753873675.62;2.0;49.20394386;18.75510802;388.1989;42.1352;25.0;0.6;285.52
1753873675.63;2.0;49.20394387;18.75510802;388.1985;42.1352;25.0;0.6;285.54
1753873675.64;2.0;49.20394388;18.75510803;388.1984;42.1352;25.0;0.6;285.523
1753873675.65;2.0;49.20394389;18.75510804;388.1982;42.1352;25.0;0.6;285.507
1753873675.66;2.0;49.2039439;18.75510805;388.1982;42.1352;25.0;0.6;285.55
1753873675.67;2.0;49.20394391;18.75510806;388.1976;42.1352;25.0;0.6;285.573
1753873675.68;2.0;49.20394391;18.75510807;388.1973;42.1352;25.0;0.6;285.526
1753873675.69;2.0;49.20394392;18.75510808;388.1971;42.1352;25.0;0.6;285.54
1753873675.7;2.0;49.20394393;18.75510809;388.1967;42.1352;25.0;0.6;285.52
1753873675.71;2.0;49.20394394;18.7551081;388.1961;42.1352;25.0;0.6;285.522
1753873675.72;2.0;49.20394395;18.75510811;388.1958;42.1352;25.0;0.6;285.514
1753873675.73;2.0;49.20394395;18.75510812;388.1957;42.1352;25.0;0.6;285.511
1753873675.74;2.0;49.20394396;18.75510814;388.1958;42.1352;25.0;0.6;285.518
1753873675.75;2.0;49.20394397;18.75510815;388.1953;42.1352;25.0;0.6;285.542
1753873675.76;2.0;49.20394398;18.75510817;388.1946;42.1352;25.0;0.6;285.544
1753873675.77;2.0;49.20394399;18.75510819;388.1938;42.1352;25.0;0.6;285.537
1753873675.78;2.0;49.203944;18.7551082;388.193;42.1352;25.0;0.6;285.517
1753873675.79;2.0;49.203944;18.75510821;388.1927;42.1352;25.0;0.6;285.543
1753873675.8;2.0;49.20394401;18.75510822;388.1927;42.1352;25.0;0.6;285.515
1753873675.81;2.0;49.20394402;18.75510823;388.193;42.1352;25.0;0.6;285.471
1753873675.82;2.0;49.20394402;18.75510824;388.1931;42.1352;25.0;0.6;285.485
1753873675.83;2.0;49.20394403;18.75510824;388.1933;42.1352;25.0;0.6;285.543
1753873675.84;2.0;49.20394404;18.75510825;388.1934;42.1352;25.0;0.6;285.574
1753873675.85;2.0;49.20394405;18.75510826;388.1936;42.1352;25.0;0.6;285.625
1753873675.86;2.0;49.20394406;18.75510828;388.1933;42.1352;25.0;0.6;285.624
1753873675.87;2.0;49.20394407;18.75510829;388.1927;42.1352;25.0;0.6;285.619
1753873675.88;2.0;49.20394408;18.7551083;388.192;42.1352;25.0;0.6;285.594
1753873675.89;2.0;49.20394409;18.75510831;388.1917;42.1352;25.0;0.6;285.554
1753873675.9;2.0;49.20394409;18.75510832;388.1913;42.1352;25.0;0.6;285.528
1753873675.91;2.0;49.2039441;18.75510833;388.1914;42.1352;25.0;0.6;285.552
1753873675.92;2.0;49.20394411;18.75510834;388.1915;42.1352;25.0;0.6;285.576
1753873675.93;2.0;49.20394412;18.75510835;388.1909;42.1352;25.0;0.6;285.542
1753873675.94;2.0;49.20394413;18.75510836;388.1904;42.1352;25.0;0.6;285.529
1753873675.95;2.0;49.20394414;18.75510837;388.19;42.1352;25.0;0.6;285.455
1753873675.96;2.0;49.20394415;18.75510839;388.1897;42.1352;25.0;0.6;285.424
1753873675.97;2.0;49.20394416;18.7551084;388.1891;42.1352;25.0;0.6;285.447
1753873675.98;2.0;49.20394417;18.75510841;388.1887;42.1352;25.0;0.6;285.428
1753873675.99;2.0;49.20394417;18.75510843;388.1885;42.1352;25.0;0.6;285.461
1753873676.0;2.0;49.20394418;18.75510844;388.1884;42.1352;25.0;0.6;285.521
1753873676.01;2.0;49.20394419;18.75510845;388.1885;42.1352;25.0;0.6;285.53
1753873676.02;2.0;49.2039442;18.75510846;388.1887;42.1352;25.0;0.6;285.549
1753873676.03;2.0;49.2039442;18.75510847;388.1889;42.1352;25.0;0.6;285.492
1753873676.04;2.0;49.20394421;18.75510848;388.1884;42.1352;25.0;0.6;285.417
1753873676.05;2.0;49.20394422;18.7551085;388.1878;42.1352;25.0;0.6;285.351
1753873676.06;2.0;49.20394423;18.7551085;388.1872;42.1352;25.0;0.6;285.298
1753873676.07;2.0;49.20394423;18.7551085;388.1867;42.1352;25.0;0.6;285.27
1753873676.08;2.0;49.20394423;18.7551085;388.1867;42.1352;25.0;0.6;285.26
1753873676.09;2.0;49.20394423;18.75510851;388.1871;42.1352;25.0;0.6;285.249
1753873676.1;2.0;49.20394423;18.75510852;388.187;42.1352;25.0;0.6;285.326
1753873676.11;2.0;49.20394424;18.75510852;388.1869;42.1352;25.0;0.6;285.387
1753873676.12;2.0;49.20394424;18.75510853;388.1863;42.1352;25.0;0.6;285.436
1753873676.13;2.0;49.20394425;18.75510854;388.186;42.1352;25.0;0.6;285.472
1753873676.14;2.0;49.20394425;18.75510855;388.1858;42.1352;25.0;0.6;285.471
1753873676.15;2.0;49.20394425;18.75510855;388.186;42.1352;25.0;0.6;285.493
1753873676.16;2.0;49.20394426;18.75510856;388.1858;42.1352;25.0;0.6;285.54
1753873676.17;2.0;49.20394426;18.75510857;388.1857;42.1352;25.0;0.6;285.594
1753873676.18;2.0;49.20394427;18.75510858;388.1855;42.1352;25.0;0.6;285.672
1753873676.19;2.0;49.20394428;18.7551086;388.1852;42.1352;25.0;0.6;285.666
1753873676.2;2.0;49.20394429;18.75510861;388.1852;42.1352;25.0;0.6;285.591
1753873676.21;2.0;49.2039443;18.75510862;388.1852;42.1352;25.0;0.6;285.514
1753873676.22;2.0;49.20394431;18.75510864;388.1854;42.1352;25.0;0.6;285.494
1753873676.23;2.0;49.20394431;18.75510865;388.1853;42.1352;25.0;0.6;285.469
1753873676.24;2.0;49.20394432;18.75510867;388.1849;42.1352;25.0;0.6;285.493
1753873676.25;2.0;49.20394433;18.75510868;388.1839;42.1352;25.0;0.6;285.44
1753873676.26;2.0;49.20394434;18.75510869;388.1831;42.1352;25.0;0.6;285.411
1753873676.27;2.0;49.20394434;18.75510871;388.1833;42.1352;25.0;0.6;285.423
1753873676.28;2.0;49.20394435;18.75510872;388.1834;42.1352;25.0;0.6;285.448
1753873676.29;2.0;49.20394436;18.75510873;388.1827;42.1352;25.0;0.6;285.424
1753873676.3;2.0;49.20394437;18.75510875;388.1824;42.1352;25.0;0.6;285.422
1753873676.31;2.0;49.20394438;18.75510876;388.1822;42.1352;25.0;0.6;285.396
1753873676.32;2.0;49.20394439;18.75510878;388.1819;42.1352;25.0;0.6;285.322
1753873676.33;2.0;49.20394441;18.7551088;388.1815;42.1352;25.0;0.6;285.304
1753873676.34;2.0;49.20394441;18.75510881;388.1816;42.1352;25.0;0.6;285.304
1753873676.35;2.0;49.20394442;18.75510882;388.1816;42.1352;25.0;0.6;285.333
1753873676.36;2.0;49.20394443;18.75510884;388.1816;42.1352;25.0;0.6;285.369
1753873676.37;2.0;49.20394444;18.75510885;388.1815;42.1352;25.0;0.6;285.42
1753873676.38;2.0;49.20394445;18.75510888;388.1809;42.1352;25.0;0.6;285.482
1753873676.39;2.0;49.20394446;18.75510889;388.1804;42.1352;25.0;0.6;285.582
1753873676.4;2.0;49.20394447;18.75510891;388.1803;42.1352;25.0;0.6;285.598
1753873676.41;2.0;49.20394449;18.75510893;388.1796;42.1352;25.0;0.6;285.62
1753873676.42;2.0;49.20394451;18.75510896;388.1787;42.1352;25.0;0.6;285.678
1753873676.43;2.0;49.20394453;18.75510899;388.1786;42.1352;25.0;0.6;285.774
1753873676.44;2.0;49.20394455;18.75510901;388.1792;42.1352;25.0;0.6;285.833
1753873676.45;2.0;49.20394458;18.75510903;388.1791;42.1352;25.0;0.6;285.898
1753873676.46;2.0;49.20394461;18.75510906;388.1786;42.1352;25.0;0.6;285.955
1753873676.47;2.0;49.20394465;18.75510909;388.1784;42.1352;25.0;0.6;286.026
1753873676.48;2.0;49.20394468;18.75510912;388.1789;42.1352;25.0;0.6;286.071
1753873676.49;2.0;49.20394472;18.75510915;388.1789;42.1352;25.0;0.6;286.05
1753873676.5;2.0;49.20394476;18.75510918;388.1785;42.1352;25.0;0.6;286.026
1753873676.51;2.0;49.2039448;18.75510922;388.1776;42.1352;25.0;0.6;285.968
1753873676.52;2.0;49.20394484;18.75510925;388.177;42.1352;25.0;0.6;285.947
1753873676.53;2.0;49.20394488;18.75510928;388.177;42.1352;25.0;0.6;285.949
1753873676.54;2.0;49.20394492;18.75510931;388.1762;42.1352;25.0;0.6;285.951
1753873676.55;2.0;49.20394496;18.75510934;388.1756;42.1352;25.0;0.6;285.956
1753873676.56;2.0;49.203945;18.75510936;388.1755;42.1352;25.0;0.6;285.896
1753873676.57;2.0;49.20394504;18.75510938;388.1757;42.1352;25.0;0.6;285.858
1753873676.58;2.0;49.20394508;18.7551094;388.1754;42.1352;25.0;0.6;285.849
1753873676.59;2.0;49.20394512;18.75510943;388.1749;42.1352;25.0;0.6;285.868
1753873676.6;2.0;49.20394515;18.75510945;388.1756;42.1352;25.0;0.6;285.833
1753873676.61;2.0;49.20394519;18.75510947;388.1761;42.1352;25.0;0.6;285.801
1753873676.62;2.0;49.20394523;18.75510949;388.1761;42.1352;25.0;0.6;285.82
1753873676.63;2.0;49.20394526;18.75510951;388.1762;42.1352;25.0;0.6;285.848
1753873676.64;2.0;49.20394529;18.75510953;388.1757;42.1352;25.0;0.6;285.817
1753873676.65;2.0;49.20394532;18.75510955;388.1746;42.1352;25.0;0.6;285.798
1753873676.66;2.0;49.20394535;18.75510957;388.1739;42.1352;25.0;0.6;285.776
1753873676.67;2.0;49.20394537;18.75510959;388.174;42.1352;25.0;0.6;285.776
1753873676.68;2.0;49.20394539;18.75510961;388.1742;42.1352;25.0;0.6;285.79
1753873676.69;2.0;49.20394541;18.75510962;388.1745;42.1352;25.0;0.6;285.776
1753873676.7;2.0;49.20394544;18.75510965;388.1744;42.1352;25.0;0.6;285.776
1753873676.71;2.0;49.20394546;18.75510966;388.1743;42.1352;25.0;0.6;285.804
1753873676.72;2.0;49.20394547;18.75510968;388.1747;42.1352;25.0;0.6;285.863
1753873676.73;2.0;49.20394549;18.7551097;388.175;42.1352;25.0;0.6;285.902
1753873676.74;2.0;49.20394551;18.75510971;388.175;42.1352;25.0;0.6;285.93
1753873676.75;2.0;49.20394553;18.75510973;388.1751;42.1352;25.0;0.6;285.94
1753873676.76;2.0;49.20394555;18.75510975;388.1755;42.1352;25.0;0.6;285.917
1753873676.77;2.0;49.20394556;18.75510977;388.1758;42.1352;25.0;0.6;285.956
1753873676.78;2.0;49.20394558;18.75510979;388.1758;42.1352;25.0;0.6;286.025
1753873676.79;2.0;49.2039456;18.75510982;388.1758;42.1352;25.0;0.6;286.098
1753873676.8;2.0;49.20394562;18.75510984;388.1761;42.1352;25.0;0.6;286.15
1753873676.81;2.0;49.20394563;18.75510987;388.176;42.1352;25.0;0.6;286.176
1753873676.82;2.0;49.20394565;18.7551099;388.1753;42.1352;25.0;0.6;286.21
1753873676.83;2.0;49.20394568;18.75510992;388.175;42.1352;25.0;0.6;286.298
1753873676.84;2.0;49.2039457;18.75510995;388.1744;42.1352;25.0;0.6;286.359
1753873676.85;2.0;49.20394572;18.75510998;388.1736;42.1352;25.0;0.6;286.34
1753873676.86;2.0;49.20394574;18.75511001;388.1735;42.1352;25.0;0.6;286.354
1753873676.87;2.0;49.20394577;18.75511004;388.1732;42.1352;25.0;0.6;286.333
1753873676.88;2.0;49.20394579;18.75511007;388.1731;42.1352;25.0;0.6;286.324
1753873676.89;2.0;49.20394581;18.7551101;388.1726;42.1352;25.0;0.6;286.308
1753873676.9;2.0;49.20394584;18.75511013;388.1729;42.1352;25.0;0.6;286.271
1753873676.91;2.0;49.20394588;18.75511016;388.173;42.1352;25.0;0.6;286.227
1753873676.92;2.0;49.2039459;18.75511019;388.1727;42.1352;25.0;0.6;286.162
1753873676.93;2.0;49.20394593;18.75511022;388.1724;42.1352;25.0;0.6;286.153
1753873676.94;2.0;49.20394596;18.75511025;388.1723;42.1352;25.0;0.6;286.16
1753873676.95;2.0;49.20394599;18.75511027;388.1728;42.1352;25.0;0.6;286.136
1753873676.96;2.0;49.20394602;18.7551103;388.173;42.1352;25.0;0.6;286.108
1753873676.97;2.0;49.20394605;18.75511033;388.1732;42.1352;25.0;0.6;286.115
1753873676.98;2.0;49.20394609;18.75511036;388.1733;42.1352;25.0;0.6;286.079
1753873676.99;2.0;49.20394612;18.75511039;388.173;42.1352;25.0;0.6;286.019
1753873677.0;2.0;49.20394615;18.75511043;388.1728;42.1352;25.0;0.6;286.0
1753873677.01;2.0;49.20394619;18.75511046;388.1724;42.1352;25.0;0.6;285.996
1753873677.02;2.0;49.20394623;18.75511048;388.1719;42.1352;25.0;0.6;286.023
1753873677.03;2.0;49.20394626;18.75511051;388.1722;42.1352;25.0;0.6;285.975
1753873677.04;2.0;49.20394629;18.75511054;388.1728;42.1352;25.0;0.6;285.908
1753873677.05;2.0;49.20394632;18.75511056;388.1735;42.1352;25.0;0.6;285.866
1753873677.06;2.0;49.20394635;18.7551106;388.1735;42.1352;25.0;0.6;285.915
1753873677.07;2.0;49.20394638;18.75511061;388.173;42.1352;25.0;0.6;285.936
1753873677.08;2.0;49.2039464;18.75511062;388.1723;42.1352;25.0;0.6;285.874
1753873677.09;2.0;49.20394642;18.75511063;388.1719;42.1352;25.0;0.6;285.791
1753873677.1;2.0;49.20394644;18.75511063;388.172;42.1352;23.0;0.7;285.777
1753873677.11;2.0;49.20394646;18.75511064;388.1724;42.1352;23.0;0.7;285.794
1753873677.12;2.0;49.20394647;18.75511065;388.1729;42.1352;23.0;0.7;285.813
1753873677.13;2.0;49.20394649;18.75511066;388.1733;42.1352;23.0;0.7;285.797
1753873677.14;2.0;49.2039465;18.75511067;388.1735;42.1352;23.0;0.7;285.823
1753873677.15;2.0;49.20394653;18.75511069;388.1727;42.1352;23.0;0.7;285.872
1753873677.16;2.0;49.20394655;18.7551107;388.1721;42.1352;23.0;0.7;285.894
1753873677.17;2.0;49.20394657;18.75511072;388.172;42.1352;23.0;0.7;285.897
1753873677.18;2.0;49.20394658;18.75511073;388.1716;42.1352;23.0;0.7;285.918
1753873677.19;2.0;49.2039466;18.75511076;388.1711;42.1352;23.0;0.7;285.927
1753873677.2;2.0;49.20394663;18.75511077;388.1708;42.1352;23.0;0.7;285.911
1753873677.21;2.0;49.20394665;18.75511079;388.1707;42.1352;23.0;0.7;285.955
1753873677.22;2.0;49.20394666;18.75511081;388.1708;42.1352;23.0;0.7;286.001
1753873677.23;2.0;49.20394668;18.75511083;388.1711;42.1352;23.0;0.7;286.049
1753873677.24;2.0;49.20394669;18.75511085;388.1715;42.1352;23.0;0.7;286.132
1753873677.25;2.0;49.20394671;18.75511087;388.1716;42.1352;23.0;0.7;286.164
1753873677.26;2.0;49.20394673;18.7551109;388.1717;42.1352;23.0;0.7;286.219
1753873677.27;2.0;49.20394675;18.75511092;388.1716;42.1352;23.0;0.7;286.33
1753873677.28;2.0;49.20394676;18.75511095;388.1712;42.1352;23.0;0.7;286.39
1753873677.29;2.0;49.20394678;18.75511097;388.1708;42.1352;23.0;0.7;286.447
1753873677.3;2.0;49.2039468;18.75511099;388.1704;42.1352;23.0;0.7;286.512
1753873677.31;2.0;49.20394682;18.75511102;388.1708;42.1352;23.0;0.7;286.549
1753873677.32;2.0;49.20394683;18.75511104;388.1711;42.1352;23.0;0.7;286.606
1753873677.33;2.0;49.20394686;18.75511107;388.1714;42.1352;23.0;0.7;286.637
1753873677.34;2.0;49.20394688;18.7551111;388.1713;42.1352;23.0;0.7;286.634
1753873677.35;2.0;49.20394691;18.75511113;388.1709;42.1352;23.0;0.7;286.61
1753873677.36;2.0;49.20394693;18.75511117;388.1701;42.1352;23.0;0.7;286.573
1753873677.37;2.0;49.20394696;18.7551112;388.1698;42.1352;23.0;0.7;286.505
1753873677.38;2.0;49.20394699;18.75511124;388.1696;42.1352;23.0;0.7;286.422
1753873677.39;2.0;49.20394701;18.75511128;388.1696;42.1352;23.0;0.7;286.408
1753873677.4;2.0;49.20394704;18.75511132;388.1695;42.1352;23.0;0.7;286.383
1753873677.41;2.0;49.20394707;18.75511136;388.1692;42.1352;23.0;0.7;286.358
1753873677.42;2.0;49.20394709;18.7551114;388.1688;42.1352;23.0;0.7;286.362
1753873677.43;2.0;49.20394712;18.75511145;388.1688;42.1352;23.0;0.7;286.347
1753873677.44;2.0;49.20394715;18.75511148;388.1686;42.1352;23.0;0.7;286.353
1753873677.45;2.0;49.20394718;18.75511153;388.168;42.1352;23.0;0.7;286.329
1753873677.46;2.0;49.20394721;18.75511158;388.1673;42.1352;23.0;0.7;286.26
1753873677.47;2.0;49.20394724;18.75511163;388.1664;42.1352;23.0;0.7;286.277
1753873677.48;2.0;49.20394727;18.75511167;388.166;42.1352;23.0;0.7;286.265
1753873677.49;2.0;49.20394729;18.75511171;388.1666;42.1352;23.0;0.7;286.214
1753873677.5;2.0;49.20394732;18.75511176;388.1669;42.1352;23.0;0.7;286.162
1753873677.51;2.0;49.20394735;18.75511181;388.1668;42.1352;23.0;0.7;286.123
1753873677.52;2.0;49.20394738;18.75511185;388.1667;42.1352;23.0;0.7;286.154
1753873677.53;2.0;49.2039474;18.75511189;388.1665;42.1352;23.0;0.7;286.195
1753873677.54;2.0;49.20394743;18.75511194;388.1663;42.1352;23.0;0.7;286.2
1753873677.55;2.0;49.20394745;18.75511198;388.166;42.1352;23.0;0.7;286.205
1753873677.56;2.0;49.20394748;18.75511202;388.1656;42.1352;23.0;0.7;286.183
1753873677.57;2.0;49.2039475;18.75511206;388.1655;42.1352;24.0;0.6;286.171
1753873677.58;2.0;49.20394752;18.7551121;388.1654;42.1352;24.0;0.6;286.173
1753873677.59;2.0;49.20394754;18.75511214;388.1648;42.1352;24.0;0.6;286.197
1753873677.6;2.0;49.20394757;18.75511218;388.1644;42.1352;24.0;0.6;286.201
1753873677.61;2.0;49.20394759;18.75511222;388.1643;42.1352;24.0;0.6;286.23
1753873677.62;2.0;49.20394761;18.75511225;388.164;42.1352;24.0;0.6;286.282
1753873677.63;2.0;49.20394763;18.75511228;388.1636;42.1352;24.0;0.6;286.275
1753873677.64;2.0;49.20394766;18.75511231;388.1635;42.1352;24.0;0.6;286.278
1753873677.65;2.0;49.20394768;18.75511234;388.1642;42.1352;24.0;0.6;286.274
1753873677.66;2.0;49.2039477;18.75511237;388.1645;42.1352;24.0;0.6;286.202
1753873677.67;2.0;49.20394772;18.75511241;388.1641;42.1352;24.0;0.6;286.137
1753873677.68;2.0;49.20394774;18.75511244;388.164;42.1352;24.0;0.6;286.104
1753873677.69;2.0;49.20394776;18.75511247;388.1646;42.1352;24.0;0.6;286.129
1753873677.7;2.0;49.20394778;18.7551125;388.1652;42.1352;24.0;0.6;286.142
1753873677.71;2.0;49.2039478;18.75511253;388.1655;42.1352;24.0;0.6;286.166
1753873677.72;2.0;49.20394783;18.75511256;388.1652;42.1352;24.0;0.6;286.261
1753873677.73;2.0;49.20394785;18.75511259;388.1647;42.1352;24.0;0.6;286.317
1753873677.74;2.0;49.20394787;18.75511262;388.165;42.1352;24.0;0.6;286.315
1753873677.75;2.0;49.2039479;18.75511266;388.1655;42.1352;24.0;0.6;286.266
1753873677.76;2.0;49.20394793;18.75511269;388.1659;42.1352;24.0;0.6;286.185
1753873677.77;2.0;49.20394795;18.75511273;388.1659;42.1352;24.0;0.6;286.115
1753873677.78;2.0;49.20394797;18.75511277;388.1661;42.1352;24.0;0.6;286.101
1753873677.79;2.0;49.203948;18.7551128;388.1666;42.1352;24.0;0.6;286.18
1753873677.8;2.0;49.20394803;18.75511284;388.1666;42.1352;24.0;0.6;286.221
1753873677.81;2.0;49.20394805;18.75511288;388.1663;42.1352;24.0;0.6;286.219
1753873677.82;2.0;49.20394807;18.75511292;388.1659;42.1352;24.0;0.6;286.24
1753873677.83;2.0;49.2039481;18.75511296;388.1658;42.1352;24.0;0.6;286.307
1753873677.84;2.0;49.20394812;18.75511299;388.166;42.1352;24.0;0.6;286.366
1753873677.85;2.0;49.20394814;18.75511303;388.1658;42.1352;24.0;0.6;286.426
1753873677.86;2.0;49.20394817;18.75511306;388.1663;42.1352;24.0;0.6;286.492
1753873677.87;2.0;49.20394819;18.75511309;388.1669;42.1352;24.0;0.6;286.544
1753873677.88;2.0;49.20394821;18.75511312;388.1676;42.1352;24.0;0.6;286.593
1753873677.89;2.0;49.20394824;18.75511315;388.1681;42.1352;24.0;0.6;286.656
1753873677.9;2.0;49.20394827;18.75511318;388.168;42.1352;24.0;0.6;286.668
1753873677.91;2.0;49.2039483;18.75511322;388.1677;42.1352;24.0;0.6;286.649
1753873677.92;2.0;49.20394832;18.75511324;388.1681;42.1352;24.0;0.6;286.593
1753873677.93;2.0;49.20394835;18.75511327;388.169;42.1352;24.0;0.6;286.535
1753873677.94;2.0;49.20394837;18.7551133;388.1699;42.1352;24.0;0.6;286.539
1753873677.95;2.0;49.2039484;18.75511333;388.1704;42.1352;24.0;0.6;286.533
1753873677.96;2.0;49.20394842;18.75511335;388.1712;42.1352;24.0;0.6;286.489
1753873677.97;2.0;49.20394844;18.75511338;388.1719;42.1352;24.0;0.6;286.428
1753873677.98;2.0;49.20394847;18.75511341;388.1727;42.1352;24.0;0.6;286.377
1753873677.99;2.0;49.20394849;18.75511344;388.1731;42.1352;24.0;0.6;286.319
1753873678.0;2.0;49.20394852;18.75511348;388.1735;42.1352;24.0;0.6;286.306
1753873678.01;2.0;49.20394854;18.75511351;388.1745;42.1352;24.0;0.6;286.345
1753873678.02;2.0;49.20394856;18.75511354;388.1751;42.1352;24.0;0.6;286.305
1753873678.03;2.0;49.20394859;18.75511358;388.1754;42.1352;24.0;0.6;286.244
1753873678.04;2.0;49.20394862;18.75511361;388.1762;42.1352;24.0;0.6;286.232
1753873678.05;2.0;49.20394864;18.75511364;388.1773;42.1352;24.0;0.6;286.285
1753873678.06;2.0;49.20394867;18.75511368;388.1782;42.1352;24.0;0.6;286.27
1753873678.07;2.0;49.20394868;18.75511369;388.1781;42.1352;24.0;0.6;286.178
1753873678.08;2.0;49.2039487;18.7551137;388.1782;42.1352;23.0;0.7;286.063
1753873678.09;2.0;49.20394872;18.75511371;388.179;42.1352;23.0;0.7;286.002
1753873678.1;2.0;49.20394873;18.75511372;388.179;42.1352;23.0;0.7;285.95
1753873678.11;2.0;49.20394876;18.75511374;388.179;42.1352;23.0;0.7;285.94
1753873678.12;2.0;49.20394878;18.75511376;388.1789;42.1352;23.0;0.7;285.936
1753873678.13;2.0;49.20394881;18.75511378;388.1789;42.1352;23.0;0.7;285.883
1753873678.14;2.0;49.20394883;18.7551138;388.1785;42.1352;23.0;0.7;285.802
1753873678.15;2.0;49.20394885;18.75511382;388.1781;42.1352;23.0;0.7;285.815
1753873678.16;2.0;49.20394888;18.75511383;388.1777;42.1352;23.0;0.7;285.823
1753873678.17;2.0;49.2039489;18.75511385;388.177;42.1352;23.0;0.7;285.811
1753873678.18;2.0;49.20394892;18.75511387;388.1764;42.1352;23.0;0.7;285.748
1753873678.19;2.0;49.20394895;18.75511389;388.1764;42.1352;23.0;0.7;285.681
1753873678.2;2.0;49.20394897;18.7551139;388.1761;42.1352;23.0;0.7;285.574
1753873678.21;2.0;49.20394899;18.75511392;388.1764;42.1352;23.0;0.7;285.56
1753873678.22;2.0;49.20394902;18.75511395;388.1767;42.1352;23.0;0.7;285.537
1753873678.23;2.0;49.20394905;18.75511397;388.1767;42.1352;23.0;0.7;285.487
1753873678.24;2.0;49.20394907;18.755114;388.1763;42.1352;23.0;0.7;285.421
1753873678.25;2.0;49.2039491;18.75511402;388.1761;42.1352;23.0;0.7;285.342
1753873678.26;2.0;49.20394913;18.75511405;388.175;42.1352;23.0;0.7;285.295
1753873678.27;2.0;49.20394916;18.75511408;388.1743;42.1352;23.0;0.7;285.242
1753873678.28;2.0;49.20394919;18.7551141;388.1738;42.1352;23.0;0.7;285.229
1753873678.29;2.0;49.20394922;18.75511413;388.1739;42.1352;23.0;0.7;285.284
1753873678.3;2.0;49.20394924;18.75511415;388.1741;42.1352;23.0;0.7;285.253
1753873678.31;2.0;49.20394927;18.75511417;388.1745;42.1352;23.0;0.7;285.225
1753873678.32;2.0;49.20394929;18.75511419;388.1749;42.1352;23.0;0.7;285.214
1753873678.33;2.0;49.20394932;18.75511422;388.1752;42.1352;23.0;0.7;285.242
1753873678.34;2.0;49.20394934;18.75511425;388.1749;42.1352;23.0;0.7;285.27
1753873678.35;2.0;49.20394937;18.75511428;388.1737;42.1352;23.0;0.7;285.285
1753873678.36;2.0;49.2039494;18.75511432;388.1731;42.1352;23.0;0.7;285.3
1753873678.37;2.0;49.20394942;18.75511434;388.1728;42.1352;23.0;0.7;285.301
1753873678.38;2.0;49.20394944;18.75511437;388.1722;42.1352;23.0;0.7;285.329
1753873678.39;2.0;49.20394946;18.75511441;388.1717;42.1352;23.0;0.7;285.43
1753873678.4;2.0;49.20394949;18.75511443;388.1711;42.1352;23.0;0.7;285.504
1753873678.41;2.0;49.20394951;18.75511446;388.1707;42.1352;23.0;0.7;285.622
1753873678.42;2.0;49.20394953;18.75511449;388.1707;42.1352;23.0;0.7;285.764
1753873678.43;2.0;49.20394955;18.7551145;388.1711;42.1352;23.0;0.7;285.903
1753873678.44;2.0;49.20394957;18.75511452;388.171;42.1352;23.0;0.7;285.944
1753873678.45;2.0;49.20394959;18.75511455;388.1705;42.1352;23.0;0.7;285.931
1753873678.46;2.0;49.20394961;18.75511458;388.1703;42.1352;23.0;0.7;285.872
1753873678.47;2.0;49.20394964;18.75511461;388.1702;42.1352;23.0;0.7;285.804
1753873678.48;2.0;49.20394965;18.75511463;388.1706;42.1352;23.0;0.7;285.766
1753873678.49;2.0;49.20394967;18.75511465;388.1713;42.1352;23.0;0.7;285.72
1753873678.5;2.0;49.20394969;18.75511467;388.1713;42.1352;23.0;0.7;285.737
1753873678.51;2.0;49.20394971;18.75511469;388.1718;42.1352;23.0;0.7;285.782
1753873678.52;2.0;49.20394973;18.75511471;388.1721;42.1352;23.0;0.7;285.79
1753873678.53;2.0;49.20394975;18.75511473;388.1725;42.1352;23.0;0.7;285.746
1753873678.54;2.0;49.20394976;18.75511475;388.1731;42.1352;23.0;0.7;285.752
1753873678.55;2.0;49.20394978;18.75511477;388.1734;42.1352;23.0;0.7;285.727
1753873678.56;2.0;49.2039498;18.75511479;388.1742;42.1352;23.0;0.7;285.653
1753873678.57;2.0;49.20394981;18.75511481;388.1747;42.1352;23.0;0.7;285.573
1753873678.58;2.0;49.20394982;18.75511482;388.1752;42.1352;23.0;0.7;285.609
1753873678.59;2.0;49.20394984;18.75511485;388.1755;42.1352;23.0;0.7;285.637
1753873678.6;2.0;49.20394985;18.75511486;388.1753;42.1352;23.0;0.7;285.627
1753873678.61;2.0;49.20394987;18.75511488;388.1747;42.1352;23.0;0.7;285.662
1753873678.62;2.0;49.2039499;18.75511489;388.1741;42.1352;23.0;0.7;285.657
1753873678.63;2.0;49.20394991;18.75511491;388.174;42.1352;23.0;0.7;285.612
1753873678.64;2.0;49.20394992;18.75511493;388.1746;42.1352;23.0;0.7;285.6
1753873678.65;2.0;49.20394993;18.75511494;388.1757;42.1352;23.0;0.7;285.625
1753873678.66;2.0;49.20394994;18.75511495;388.1765;42.1352;23.0;0.7;285.633
1753873678.67;2.0;49.20394995;18.75511496;388.1768;42.1352;23.0;0.7;285.604
1753873678.68;2.0;49.20394996;18.75511498;388.1769;42.1352;23.0;0.7;285.535
1753873678.69;2.0;49.20394997;18.75511499;388.1771;42.1352;23.0;0.7;285.477
1753873678.7;2.0;49.20394998;18.755115;388.177;42.1352;23.0;0.7;285.451
1753873678.71;2.0;49.20394999;18.75511501;388.1777;42.1352;23.0;0.7;285.411
1753873678.72;2.0;49.20395;18.75511502;388.1786;42.1352;23.0;0.7;285.388
1753873678.73;2.0;49.20395001;18.75511503;388.1787;42.1352;23.0;0.7;285.378
1753873678.74;2.0;49.20395001;18.75511505;388.1785;42.1352;23.0;0.7;285.392
1753873678.75;2.0;49.20395002;18.75511506;388.1791;42.1352;23.0;0.7;285.468
1753873678.76;2.0;49.20395003;18.75511507;388.1794;42.1352;23.0;0.7;285.46
1753873678.77;2.0;49.20395004;18.75511508;388.1792;42.1352;23.0;0.7;285.479
1753873678.78;2.0;49.20395005;18.7551151;388.1799;42.1352;23.0;0.7;285.479
1753873678.79;2.0;49.20395005;18.75511511;388.1802;42.1352;23.0;0.7;285.412
1753873678.8;2.0;49.20395006;18.75511512;388.18;42.1352;23.0;0.7;285.371
1753873678.81;2.0;49.20395007;18.75511513;388.1804;42.1352;23.0;0.7;285.394
1753873678.82;2.0;49.20395008;18.75511514;388.1805;42.1352;23.0;0.7;285.451
1753873678.83;2.0;49.20395008;18.75511515;388.1805;42.1352;23.0;0.7;285.408
1753873678.84;2.0;49.20395009;18.75511515;388.1808;42.1352;23.0;0.7;285.342
1753873678.85;2.0;49.20395009;18.75511515;388.1817;42.1352;23.0;0.7;285.319
1753873678.86;2.0;49.2039501;18.75511516;388.1825;42.1352;23.0;0.7;285.346
1753873678.87;2.0;49.2039501;18.75511516;388.1831;42.1352;23.0;0.7;285.349
1753873678.88;2.0;49.20395011;18.75511518;388.1833;42.1352;23.0;0.7;285.371
1753873678.89;2.0;49.20395011;18.75511518;388.1837;42.1352;23.0;0.7;285.362
1753873678.9;2.0;49.20395011;18.75511519;388.1833;42.1352;23.0;0.7;285.364
1753873678.91;2.0;49.20395012;18.75511519;388.1832;42.1352;23.0;0.7;285.41
1753873678.92;2.0;49.20395012;18.7551152;388.1838;42.1352;23.0;0.7;285.478
1753873678.93;2.0;49.20395012;18.7551152;388.1847;42.1352;23.0;0.7;285.487
1753873678.94;2.0;49.20395013;18.75511521;388.1852;42.1352;23.0;0.7;285.539
1753873678.95;2.0;49.20395013;18.75511522;388.1852;42.1352;23.0;0.7;285.6
1753873678.96;2.0;49.20395013;18.75511522;388.1857;42.1352;23.0;0.7;285.637
1753873678.97;2.0;49.20395014;18.75511523;388.1865;42.1352;23.0;0.7;285.652
1753873678.98;2.0;49.20395014;18.75511524;388.1872;42.1352;23.0;0.7;285.646
1753873678.99;2.0;49.20395015;18.75511525;388.1877;42.1352;23.0;0.7;285.647
1753873679.0;2.0;49.20395015;18.75511526;388.1878;42.1352;23.0;0.7;285.581
1753873679.01;2.0;49.20395015;18.75511527;388.1877;42.1352;23.0;0.7;285.576
1753873679.02;2.0;49.20395016;18.75511528;388.1877;42.1352;23.0;0.7;285.606
1753873679.03;2.0;49.20395016;18.75511529;388.1879;42.1352;23.0;0.7;285.593
1753873679.04;2.0;49.20395016;18.7551153;388.1882;42.1352;23.0;0.7;285.586
1753873679.05;2.0;49.20395017;18.75511531;388.1885;42.1352;23.0;0.7;285.578
1753873679.06;2.0;49.20395018;18.75511532;388.189;42.1352;23.0;0.7;285.61
1753873679.07;2.0;49.20395018;18.75511533;388.1886;42.1352;23.0;0.7;285.633
1753873679.08;2.0;49.20395018;18.75511533;388.1883;42.1352;23.0;0.7;285.626
1753873679.09;2.0;49.20395018;18.75511534;388.1883;42.1352;23.0;0.7;285.599
1753873679.1;2.0;49.20395018;18.75511533;388.1892;42.1352;23.0;0.7;285.547
1753873679.11;2.0;49.20395018;18.75511533;388.1896;42.1352;23.0;0.7;285.55
1753873679.12;2.0;49.20395018;18.75511532;388.1902;42.1352;23.0;0.7;285.575
1753873679.13;2.0;49.20395018;18.75511532;388.1903;42.1352;23.0;0.7;285.651
1753873679.14;2.0;49.20395019;18.75511531;388.19;42.1352;23.0;0.7;285.719
1753873679.15;2.0;49.2039502;18.75511531;388.1901;42.1352;23.0;0.7;285.715
1753873679.16;2.0;49.2039502;18.75511531;388.1902;42.1352;23.0;0.7;285.631
1753873679.17;2.0;49.20395021;18.75511531;388.1905;42.1352;23.0;0.7;285.543
1753873679.18;2.0;49.20395022;18.7551153;388.1908;42.1352;23.0;0.7;285.479
1753873679.19;2.0;49.20395023;18.75511529;388.1912;42.1352;23.0;0.7;285.495
1753873679.2;2.0;49.20395024;18.75511529;388.1917;42.1352;23.0;0.7;285.625
1753873679.21;2.0;49.20395025;18.75511529;388.192;42.1352;23.0;0.7;285.63
1753873679.22;2.0;49.20395026;18.75511529;388.1924;42.1352;23.0;0.7;285.583
1753873679.23;2.0;49.20395027;18.75511528;388.1934;42.1352;23.0;0.7;285.582
1753873679.24;2.0;49.20395028;18.75511527;388.1938;42.1352;23.0;0.7;285.566
1753873679.25;2.0;49.20395029;18.75511527;388.1943;42.1352;23.0;0.7;285.595
1753873679.26;2.0;49.20395029;18.75511526;388.1955;42.1352;23.0;0.7;285.638
1753873679.27;2.0;49.2039503;18.75511525;388.1957;42.1352;23.0;0.7;285.721
1753873679.28;2.0;49.20395031;18.75511525;388.1956;42.1352;23.0;0.7;285.782
1753873679.29;2.0;49.20395032;18.75511525;388.1959;42.1352;23.0;0.7;285.874
1753873679.3;2.0;49.20395033;18.75511524;388.1964;42.1352;23.0;0.7;285.87
1753873679.31;2.0;49.20395035;18.75511524;388.1971;42.1352;23.0;0.7;285.805
1753873679.32;2.0;49.20395036;18.75511524;388.1976;42.1352;23.0;0.7;285.758
1753873679.33;2.0;49.20395036;18.75511524;388.1975;42.1352;23.0;0.7;285.719
1753873679.34;2.0;49.20395038;18.75511523;388.1975;42.1352;23.0;0.7;285.729
1753873679.35;2.0;49.20395039;18.75511523;388.1972;42.1352;23.0;0.7;285.732
1753873679.36;2.0;49.2039504;18.75511522;388.1978;42.1352;23.0;0.7;285.751
1753873679.37;2.0;49.20395041;18.75511522;388.1982;42.1352;23.0;0.7;285.771
1753873679.38;2.0;49.20395041;18.75511521;388.1985;42.1352;23.0;0.7;285.848
1753873679.39;2.0;49.20395043;18.7551152;388.1989;42.1352;23.0;0.7;285.911
1753873679.4;2.0;49.20395043;18.7551152;388.1998;42.1352;23.0;0.7;285.929
1753873679.41;2.0;49.20395044;18.75511519;388.1998;42.1352;23.0;0.7;285.97
1753873679.42;2.0;49.20395045;18.75511519;388.2005;42.1352;23.0;0.7;285.993
1753873679.43;2.0;49.20395046;18.75511519;388.2014;42.1352;23.0;0.7;285.987
1753873679.44;2.0;49.20395047;18.75511518;388.2021;42.1352;23.0;0.7;285.974
1753873679.45;2.0;49.20395048;18.75511517;388.2025;42.1352;23.0;0.7;285.932
1753873679.46;2.0;49.20395049;18.75511516;388.2029;42.1352;23.0;0.7;285.882
1753873679.47;2.0;49.2039505;18.75511516;388.2034;42.1352;23.0;0.7;285.861
1753873679.48;2.0;49.20395051;18.75511516;388.2036;42.1352;23.0;0.7;285.843
1753873679.49;2.0;49.20395051;18.75511515;388.2042;42.1352;23.0;0.7;285.812
1753873679.5;2.0;49.20395053;18.75511515;388.2044;42.1352;23.0;0.7;285.749
1753873679.51;2.0;49.20395054;18.75511515;388.2045;42.1352;23.0;0.7;285.76
1753873679.52;2.0;49.20395054;18.75511515;388.2046;42.1352;23.0;0.7;285.852
1753873679.53;2.0;49.20395056;18.75511514;388.2047;42.1352;23.0;0.7;285.9
1753873679.54;2.0;49.20395056;18.75511514;388.205;42.1352;23.0;0.7;285.854
1753873679.55;2.0;49.20395057;18.75511514;388.2057;42.1352;23.0;0.7;285.83
1753873679.56;2.0;49.20395058;18.75511514;388.2057;42.1352;23.0;0.7;285.824
1753873679.57;2.0;49.2039506;18.75511513;388.2056;42.1352;23.0;0.7;285.785
1753873679.58;2.0;49.20395061;18.75511512;388.2058;42.1352;23.0;0.7;285.762
1753873679.59;2.0;49.20395061;18.75511512;388.2062;42.1352;23.0;0.7;285.774
1753873679.6;2.0;49.20395062;18.75511512;388.2065;42.1352;23.0;0.7;285.789
1753873679.61;2.0;49.20395063;18.75511511;388.2068;42.1352;23.0;0.7;285.859
1753873679.62;2.0;49.20395064;18.75511511;388.2072;42.1352;23.0;0.7;285.93
1753873679.63;2.0;49.20395065;18.75511511;388.2079;42.1352;23.0;0.7;286.014
1753873679.64;2.0;49.20395066;18.75511511;388.2081;42.1352;23.0;0.7;286.009
1753873679.65;2.0;49.20395067;18.75511511;388.2077;42.1352;23.0;0.7;285.975
1753873679.66;2.0;49.20395068;18.75511511;388.2068;42.1352;23.0;0.7;285.997
1753873679.67;2.0;49.20395069;18.75511511;388.2067;42.1352;23.0;0.7;285.99
1753873679.68;2.0;49.2039507;18.75511511;388.2066;42.1352;23.0;0.7;285.949
1753873679.69;2.0;49.20395071;18.7551151;388.2057;42.1352;23.0;0.7;285.939
1753873679.7;2.0;49.20395072;18.7551151;388.205;42.1352;23.0;0.7;285.877
1753873679.71;2.0;49.20395073;18.75511509;388.2045;42.1352;23.0;0.7;285.872
1753873679.72;2.0;49.20395074;18.75511509;388.2035;42.1352;23.0;0.7;285.913
1753873679.73;2.0;49.20395075;18.75511508;388.2029;42.1352;23.0;0.7;285.943
1753873679.74;2.0;49.20395077;18.75511508;388.2018;42.1352;23.0;0.7;286.011
1753873679.75;2.0;49.20395078;18.75511508;388.2004;42.1352;23.0;0.7;286.036
1753873679.76;2.0;49.20395079;18.75511508;388.2;42.1352;23.0;0.7;286.082
1753873679.77;2.0;49.20395081;18.75511508;388.1991;42.1352;23.0;0.7;286.063
1753873679.78;2.0;49.20395082;18.75511508;388.1981;42.1352;23.0;0.7;286.016
1753873679.79;2.0;49.20395083;18.75511508;388.1977;42.1352;23.0;0.7;286.011
1753873679.8;2.0;49.20395085;18.75511508;388.1977;42.1352;23.0;0.7;286.005
1753873679.81;2.0;49.20395086;18.75511508;388.1977;42.1352;23.0;0.7;286.021
1753873679.82;2.0;49.20395087;18.75511507;388.1978;42.1352;23.0;0.7;286.119
1753873679.83;2.0;49.20395087;18.75511507;388.1976;42.1352;23.0;0.7;286.14
1753873679.84;2.0;49.20395089;18.75511507;388.1979;42.1352;23.0;0.7;286.149
1753873679.85;2.0;49.2039509;18.75511506;388.1968;42.1352;23.0;0.7;286.1
1753873679.86;2.0;49.20395092;18.75511506;388.1962;42.1352;23.0;0.7;286.155
1753873679.87;2.0;49.20395093;18.75511506;388.1957;42.1352;23.0;0.7;286.114
1753873679.88;2.0;49.20395094;18.75511506;388.1948;42.1352;23.0;0.7;286.083
1753873679.89;2.0;49.20395096;18.75511506;388.1935;42.1352;23.0;0.7;286.071
1753873679.9;2.0;49.20395098;18.75511506;388.1925;42.1352;23.0;0.7;286.022
1753873679.91;2.0;49.20395099;18.75511506;388.1916;42.1352;23.0;0.7;285.949
1753873679.92;2.0;49.20395101;18.75511506;388.1911;42.1352;23.0;0.7;286.004
1753873679.93;2.0;49.20395102;18.75511506;388.1904;42.1352;23.0;0.7;286.022
1753873679.94;2.0;49.20395103;18.75511507;388.1895;42.1352;23.0;0.7;286.051
1753873679.95;2.0;49.20395104;18.75511506;388.1887;42.1352;23.0;0.7;286.04
1753873679.96;2.0;49.20395105;18.75511505;388.1877;42.1352;23.0;0.7;286.011
1753873679.97;2.0;49.20395107;18.75511505;388.1868;42.1352;23.0;0.7;286.015
1753873679.98;2.0;49.20395108;18.75511505;388.1855;42.1352;23.0;0.7;285.998
1753873679.99;2.0;49.2039511;18.75511505;388.1845;42.1352;23.0;0.7;285.948
1753873680.0;2.0;49.20395111;18.75511504;388.1836;42.1352;23.0;0.7;285.953
1753873680.01;2.0;49.20395112;18.75511504;388.183;42.1352;23.0;0.7;285.997
1753873680.02;2.0;49.20395113;18.75511504;388.1829;42.1352;23.0;0.7;285.995
1753873680.03;2.0;49.20395114;18.75511504;388.1829;42.1352;23.0;0.7;286.004
1753873680.04;2.0;49.20395115;18.75511504;388.1826;42.1352;23.0;0.7;286.044
1753873680.05;2.0;49.20395117;18.75511504;388.1818;42.1352;23.0;0.7;286.063
1753873680.06;2.0;49.20395118;18.75511504;388.1814;42.1352;23.0;0.7;286.081
1753873680.07;2.0;49.20395119;18.75511504;388.1808;42.1352;23.0;0.7;286.114
1753873680.08;2.0;49.2039512;18.75511503;388.1801;42.1352;23.0;0.7;286.202
1753873680.09;2.0;49.20395121;18.75511503;388.1793;42.1352;23.0;0.7;286.242
1753873680.1;2.0;49.20395121;18.75511502;388.1782;42.1352;23.0;0.7;286.291
1753873680.11;2.0;49.20395121;18.75511502;388.1775;42.1352;23.0;0.7;286.31
1753873680.12;2.0;49.20395121;18.75511501;388.1771;42.1352;23.0;0.7;286.287
1753873680.13;2.0;49.20395122;18.75511501;388.1764;42.1352;23.0;0.7;286.279
1753873680.14;2.0;49.20395122;18.75511501;388.1761;42.1352;23.0;0.7;286.257
1753873680.15;2.0;49.20395122;18.755115;388.1757;42.1352;23.0;0.7;286.185
1753873680.16;2.0;49.20395122;18.75511499;388.1749;42.1352;23.0;0.7;286.167
1753873680.17;2.0;49.20395122;18.75511499;388.174;42.1352;23.0;0.7;286.157
1753873680.18;2.0;49.20395123;18.75511498;388.173;42.1352;23.0;0.7;286.131
1753873680.19;2.0;49.20395123;18.75511498;388.1722;42.1352;23.0;0.7;286.07
1753873680.2;2.0;49.20395124;18.75511498;388.1715;42.1352;23.0;0.7;286.046
1753873680.21;2.0;49.20395124;18.75511498;388.1707;42.1352;23.0;0.7;285.995
1753873680.22;2.0;49.20395125;18.75511498;388.1697;42.1352;23.0;0.7;285.967
1753873680.23;2.0;49.20395125;18.75511498;388.1687;42.1352;23.0;0.7;285.98
1753873680.24;2.0;49.20395126;18.75511498;388.1678;42.1352;23.0;0.7;285.945
1753873680.25;2.0;49.20395126;18.75511497;388.1671;42.1352;23.0;0.7;285.892
1753873680.26;2.0;49.20395126;18.75511497;388.1668;42.1352;23.0;0.7;285.957
1753873680.27;2.0;49.20395126;18.75511496;388.1658;42.1352;23.0;0.7;286.044
1753873680.28;2.0;49.20395126;18.75511496;388.1647;42.1352;23.0;0.7;286.044
1753873680.29;2.0;49.20395127;18.75511495;388.1637;42.1352;23.0;0.7;286.083
1753873680.3;2.0;49.20395127;18.75511494;388.1626;42.1352;23.0;0.7;286.086
1753873680.31;2.0;49.20395127;18.75511494;388.1618;42.1352;23.0;0.7;286.095
1753873680.32;2.0;49.20395128;18.75511494;388.1613;42.1352;23.0;0.7;286.057
1753873680.33;2.0;49.20395128;18.75511494;388.1601;42.1352;23.0;0.7;286.028
1753873680.34;2.0;49.20395129;18.75511494;388.1585;42.1352;23.0;0.7;286.027
1753873680.35;2.0;49.20395129;18.75511494;388.157;42.1352;23.0;0.7;285.986
1753873680.36;2.0;49.20395129;18.75511493;388.1563;42.1352;23.0;0.7;286.027
1753873680.37;2.0;49.20395129;18.75511492;388.1559;42.1352;23.0;0.7;286.052
1753873680.38;2.0;49.20395129;18.75511492;388.156;42.1352;23.0;0.7;286.056
1753873680.39;2.0;49.20395129;18.75511491;388.1556;42.1352;23.0;0.7;286.094
1753873680.4;2.0;49.2039513;18.75511491;388.1546;42.1352;23.0;0.7;286.085
1753873680.41;2.0;49.2039513;18.7551149;388.1536;42.1352;23.0;0.7;286.064
1753873680.42;2.0;49.2039513;18.7551149;388.1526;42.1352;23.0;0.7;286.071
1753873680.43;2.0;49.2039513;18.75511489;388.1517;42.1352;23.0;0.7;286.088
1753873680.44;2.0;49.2039513;18.75511488;388.151;42.1352;23.0;0.7;286.078
1753873680.45;2.0;49.20395131;18.75511488;388.1503;42.1352;23.0;0.7;286.116
1753873680.46;2.0;49.20395131;18.75511488;388.1495;42.1352;23.0;0.7;286.14
1753873680.47;2.0;49.20395132;18.75511487;388.1491;42.1352;23.0;0.7;286.091
1753873680.48;2.0;49.20395132;18.75511486;388.1487;42.1352;23.0;0.7;286.06
1753873680.49;2.0;49.20395132;18.75511485;388.1475;42.1352;23.0;0.7;286.118
1753873680.5;2.0;49.20395132;18.75511485;388.1462;42.1352;23.0;0.7;286.111
1753873680.51;2.0;49.20395132;18.75511485;388.1448;42.1352;23.0;0.7;286.142
1753873680.52;2.0;49.20395132;18.75511485;388.1437;42.1352;23.0;0.7;286.203
1753873680.53;2.0;49.20395133;18.75511484;388.1429;42.1352;23.0;0.7;286.266
1753873680.54;2.0;49.20395133;18.75511484;388.1421;42.1352;23.0;0.7;286.268
1753873680.55;2.0;49.20395133;18.75511484;388.1414;42.1352;23.0;0.7;286.275
1753873680.56;2.0;49.20395133;18.75511485;388.1415;42.1352;23.0;0.7;286.248
1753873680.57;2.0;49.20395133;18.75511485;388.1419;42.1352;23.0;0.7;286.257
1753873680.58;2.0;49.20395133;18.75511485;388.1419;42.1352;23.0;0.7;286.288
1753873680.59;2.0;49.20395133;18.75511485;388.1418;42.1352;23.0;0.7;286.266
1753873680.6;2.0;49.20395133;18.75511485;388.1414;42.1352;23.0;0.7;286.25
1753873680.61;2.0;49.20395133;18.75511485;388.1401;42.1352;23.0;0.7;286.221
1753873680.62;2.0;49.20395133;18.75511485;388.1394;42.1352;23.0;0.7;286.159
1753873680.63;2.0;49.20395133;18.75511485;388.1386;42.1352;23.0;0.7;286.155
1753873680.64;2.0;49.20395134;18.75511484;388.138;42.1352;23.0;0.7;286.135
1753873680.65;2.0;49.20395134;18.75511484;388.1371;42.1352;23.0;0.7;286.112
1753873680.66;2.0;49.20395134;18.75511484;388.1364;42.1352;23.0;0.7;286.112
1753873680.67;2.0;49.20395135;18.75511484;388.1351;42.1352;23.0;0.7;286.157
1753873680.68;2.0;49.20395135;18.75511483;388.1341;42.1352;23.0;0.7;286.17
1753873680.69;2.0;49.20395135;18.75511483;388.1331;42.1352;23.0;0.7;286.158
1753873680.7;2.0;49.20395135;18.75511482;388.1331;42.1352;23.0;0.7;286.169
1753873680.71;2.0;49.20395135;18.75511482;388.1328;42.1352;23.0;0.7;286.178
1753873680.72;2.0;49.20395135;18.75511482;388.1328;42.1352;23.0;0.7;286.101
1753873680.73;2.0;49.20395135;18.75511482;388.1325;42.1352;23.0;0.7;286.066
1753873680.74;2.0;49.20395135;18.75511482;388.1318;42.1352;23.0;0.7;286.07
1753873680.75;2.0;49.20395135;18.75511481;388.1312;42.1352;23.0;0.7;286.044
1753873680.76;2.0;49.20395135;18.75511481;388.1305;42.1352;23.0;0.7;286.031
1753873680.77;2.0;49.20395135;18.75511481;388.1299;42.1352;23.0;0.7;286.045
1753873680.78;2.0;49.20395135;18.7551148;388.1291;42.1352;23.0;0.7;286.037
1753873680.79;2.0;49.20395135;18.75511479;388.1289;42.1352;23.0;0.7;286.013
1753873680.8;2.0;49.20395135;18.75511479;388.1278;42.1352;23.0;0.7;285.99
1753873680.81;2.0;49.20395135;18.75511479;388.1267;42.1352;23.0;0.7;286.032
1753873680.82;2.0;49.20395135;18.75511478;388.1254;42.1352;23.0;0.7;286.071
1753873680.83;2.0;49.20395135;18.75511478;388.1245;42.1352;23.0;0.7;286.11
1753873680.84;2.0;49.20395135;18.75511477;388.1244;42.1352;23.0;0.7;286.189
1753873680.85;2.0;49.20395135;18.75511477;388.1241;42.1352;23.0;0.7;286.126
1753873680.86;2.0;49.20395135;18.75511476;388.1242;42.1352;23.0;0.7;286.095
1753873680.87;2.0;49.20395135;18.75511475;388.1241;42.1352;23.0;0.7;286.06
1753873680.88;2.0;49.20395135;18.75511475;388.1239;42.1352;23.0;0.7;286.029
1753873680.89;2.0;49.20395136;18.75511475;388.1234;42.1352;23.0;0.7;285.999
1753873680.9;2.0;49.20395136;18.75511475;388.1227;42.1352;23.0;0.7;285.955
1753873680.91;2.0;49.20395136;18.75511475;388.1217;42.1352;23.0;0.7;285.916
1753873680.92;2.0;49.20395136;18.75511474;388.1208;42.1352;23.0;0.7;285.889
1753873680.93;2.0;49.20395137;18.75511474;388.1203;42.1352;23.0;0.7;285.861
1753873680.94;2.0;49.20395137;18.75511473;388.1196;42.1352;23.0;0.7;285.89
1753873680.95;2.0;49.20395136;18.75511473;388.1188;42.1352;23.0;0.7;285.979
1753873680.96;2.0;49.20395137;18.75511474;388.117;42.1352;23.0;0.7;286.084
1753873680.97;2.0;49.20395137;18.75511474;388.1163;42.1352;23.0;0.7;286.108
1753873680.98;2.0;49.20395137;18.75511474;388.1157;42.1352;23.0;0.7;286.1
1753873680.99;2.0;49.20395137;18.75511474;388.115;42.1352;23.0;0.7;286.087
1753873681.0;2.0;49.20395137;18.75511473;388.1146;42.1352;23.0;0.7;286.119
1753873681.01;2.0;49.20395137;18.75511472;388.1148;42.1352;23.0;0.7;286.101
1753873681.02;2.0;49.20395137;18.75511472;388.1142;42.1352;23.0;0.7;286.118
1753873681.03;2.0;49.20395137;18.75511472;388.1137;42.1352;23.0;0.7;286.147
1753873681.04;2.0;49.20395136;18.75511472;388.1137;42.1352;23.0;0.7;286.16
1753873681.05;2.0;49.20395136;18.75511473;388.1133;42.1352;23.0;0.7;286.229
1753873681.06;2.0;49.20395137;18.75511473;388.1127;42.1352;23.0;0.7;286.265
1753873681.07;2.0;49.20395137;18.75511473;388.1118;42.1352;23.0;0.7;286.306
1753873681.08;2.0;49.20395138;18.75511474;388.1109;42.1352;25.0;0.6;286.398
1753873681.09;2.0;49.20395138;18.75511474;388.1108;42.1352;25.0;0.6;286.473
1753873681.1;2.0;49.20395139;18.75511475;388.1099;42.1352;25.0;0.6;286.498
1753873681.11;2.0;49.2039514;18.75511475;388.1095;42.1352;25.0;0.6;286.527
1753873681.12;2.0;49.20395141;18.75511475;388.1095;42.1352;25.0;0.6;286.551
1753873681.13;2.0;49.20395142;18.75511476;388.109;42.1352;25.0;0.6;286.549
1753873681.14;2.0;49.20395144;18.75511476;388.1087;42.1352;25.0;0.6;286.592
1753873681.15;2.0;49.20395146;18.75511477;388.1083;42.1352;25.0;0.6;286.587
1753873681.16;2.0;49.20395147;18.75511477;388.108;42.1352;25.0;0.6;286.603
1753873681.17;2.0;49.20395149;18.75511478;388.1073;42.1352;25.0;0.6;286.589
1753873681.18;2.0;49.20395151;18.75511478;388.1069;42.1352;25.0;0.6;286.544
1753873681.19;2.0;49.20395153;18.75511478;388.1069;42.1352;25.0;0.6;286.506
1753873681.2;2.0;49.20395155;18.75511479;388.107;42.1352;25.0;0.6;286.511
1753873681.21;2.0;49.20395157;18.75511479;388.107;42.1352;25.0;0.6;286.56
1753873681.22;2.0;49.20395159;18.75511479;388.1067;42.1352;25.0;0.6;286.604
1753873681.23;2.0;49.20395161;18.7551148;388.1068;42.1352;25.0;0.6;286.593
1753873681.24;2.0;49.20395163;18.75511481;388.1064;42.1352;25.0;0.6;286.576
1753873681.25;2.0;49.20395165;18.75511481;388.1062;42.1352;25.0;0.6;286.532
1753873681.26;2.0;49.20395167;18.75511482;388.1065;42.1352;25.0;0.6;286.487
1753873681.27;2.0;49.20395169;18.75511482;388.1065;42.1352;25.0;0.6;286.461
1753873681.28;2.0;49.20395171;18.75511483;388.1068;42.1352;25.0;0.6;286.432
1753873681.29;2.0;49.20395173;18.75511483;388.1069;42.1352;25.0;0.6;286.381
1753873681.3;2.0;49.20395174;18.75511484;388.1069;42.1352;25.0;0.6;286.354
1753873681.31;2.0;49.20395176;18.75511484;388.1071;42.1352;25.0;0.6;286.391
1753873681.32;2.0;49.20395177;18.75511484;388.1075;42.1352;25.0;0.6;286.408
1753873681.33;2.0;49.20395179;18.75511484;388.1077;42.1352;25.0;0.6;286.386
1753873681.34;2.0;49.2039518;18.75511484;388.1077;42.1352;25.0;0.6;286.381
1753873681.35;2.0;49.20395181;18.75511484;388.1075;42.1352;25.0;0.6;286.354
1753873681.36;2.0;49.20395182;18.75511484;388.1072;42.1352;25.0;0.6;286.35
1753873681.37;2.0;49.20395183;18.75511484;388.1069;42.1352;25.0;0.6;286.359
1753873681.38;2.0;49.20395184;18.75511484;388.1069;42.1352;25.0;0.6;286.374
1753873681.39;2.0;49.20395184;18.75511484;388.1072;42.1352;25.0;0.6;286.409
1753873681.4;2.0;49.20395185;18.75511485;388.1074;42.1352;25.0;0.6;286.432
1753873681.41;2.0;49.20395186;18.75511485;388.1078;42.1352;25.0;0.6;286.426
1753873681.42;2.0;49.20395186;18.75511485;388.1076;42.1352;25.0;0.6;286.419
1753873681.43;2.0;49.20395187;18.75511485;388.1075;42.1352;25.0;0.6;286.419
1753873681.44;2.0;49.20395187;18.75511485;388.1076;42.1352;25.0;0.6;286.418
1753873681.45;2.0;49.20395188;18.75511485;388.1075;42.1352;25.0;0.6;286.494
1753873681.46;2.0;49.20395189;18.75511485;388.1075;42.1352;25.0;0.6;286.556
1753873681.47;2.0;49.20395189;18.75511485;388.1075;42.1352;25.0;0.6;286.587
1753873681.48;2.0;49.20395189;18.75511485;388.1075;42.1352;25.0;0.6;286.673
1753873681.49;2.0;49.2039519;18.75511485;388.1071;42.1352;25.0;0.6;286.743
1753873681.5;2.0;49.20395191;18.75511486;388.1069;42.1352;25.0;0.6;286.796
1753873681.51;2.0;49.20395192;18.75511487;388.1067;42.1352;25.0;0.6;286.832
1753873681.52;2.0;49.20395192;18.75511487;388.1064;42.1352;25.0;0.6;286.826
1753873681.53;2.0;49.20395194;18.75511488;388.106;42.1352;25.0;0.6;286.79
1753873681.54;2.0;49.20395195;18.75511489;388.1053;42.1352;25.0;0.6;286.855
1753873681.55;2.0;49.20395196;18.75511489;388.1052;42.1352;25.0;0.6;286.955
1753873681.56;2.0;49.20395198;18.7551149;388.106;42.1352;25.0;0.6;286.947
1753873681.57;2.0;49.20395199;18.75511491;388.1063;42.1352;25.0;0.6;286.872
1753873681.58;2.0;49.20395201;18.75511492;388.1071;42.1352;25.0;0.6;286.862
1753873681.59;2.0;49.20395204;18.75511493;388.1073;42.1352;25.0;0.6;286.849
1753873681.6;2.0;49.20395206;18.75511494;388.1074;42.1352;23.0;0.7;286.859
1753873681.61;2.0;49.20395208;18.75511495;388.1073;42.1352;23.0;0.7;286.88
1753873681.62;2.0;49.20395211;18.75511496;388.1067;42.1352;23.0;0.7;286.883
1753873681.63;2.0;49.20395214;18.75511497;388.1063;42.1352;23.0;0.7;286.929
1753873681.64;2.0;49.20395216;18.75511498;388.1057;42.1352;23.0;0.7;286.944
1753873681.65;2.0;49.20395218;18.75511499;388.1054;42.1352;23.0;0.7;286.969
1753873681.66;2.0;49.2039522;18.755115;388.1052;42.1352;23.0;0.7;287.017
1753873681.67;2.0;49.20395222;18.75511501;388.1044;42.1352;23.0;0.7;287.064
1753873681.68;2.0;49.20395224;18.75511502;388.1037;42.1352;23.0;0.7;287.099
1753873681.69;2.0;49.20395227;18.75511503;388.1029;42.1352;23.0;0.7;287.133
1753873681.7;2.0;49.20395228;18.75511504;388.1034;42.1352;23.0;0.7;287.094
1753873681.71;2.0;49.2039523;18.75511505;388.1035;42.1352;23.0;0.7;287.01
1753873681.72;2.0;49.20395232;18.75511506;388.1033;42.1352;23.0;0.7;286.976
1753873681.73;2.0;49.20395233;18.75511506;388.1038;42.1352;23.0;0.7;287.004
1753873681.74;2.0;49.20395234;18.75511506;388.104;42.1352;23.0;0.7;287.052
1753873681.75;2.0;49.20395235;18.75511506;388.1031;42.1352;23.0;0.7;287.11
1753873681.76;2.0;49.20395236;18.75511506;388.1025;42.1352;23.0;0.7;287.151
1753873681.77;2.0;49.20395237;18.75511506;388.1027;42.1352;23.0;0.7;287.148
1753873681.78;2.0;49.20395238;18.75511507;388.1028;42.1352;23.0;0.7;287.188
1753873681.79;2.0;49.20395238;18.75511507;388.103;42.1352;23.0;0.7;287.254
1753873681.8;2.0;49.20395238;18.75511507;388.103;42.1352;23.0;0.7;287.294
1753873681.81;2.0;49.20395239;18.75511507;388.103;42.1352;23.0;0.7;287.343
1753873681.82;2.0;49.20395239;18.75511507;388.1032;42.1352;23.0;0.7;287.322
1753873681.83;2.0;49.2039524;18.75511507;388.1032;42.1352;23.0;0.7;287.277
1753873681.84;2.0;49.2039524;18.75511507;388.1035;42.1352;23.0;0.7;287.226
1753873681.85;2.0;49.2039524;18.75511506;388.1037;42.1352;23.0;0.7;287.212
1753873681.86;2.0;49.20395241;18.75511506;388.1033;42.1352;23.0;0.7;287.177
1753873681.87;2.0;49.20395241;18.75511506;388.1026;42.1352;23.0;0.7;287.15
1753873681.88;2.0;49.20395241;18.75511507;388.1015;42.1352;23.0;0.7;287.135
1753873681.89;2.0;49.20395241;18.75511507;388.1015;42.1352;23.0;0.7;287.138
1753873681.9;2.0;49.20395241;18.75511507;388.1008;42.1352;23.0;0.7;287.146
1753873681.91;2.0;49.20395241;18.75511507;388.0999;42.1352;23.0;0.7;287.17
1753873681.92;2.0;49.20395241;18.75511507;388.0996;42.1352;23.0;0.7;287.152
1753873681.93;2.0;49.20395241;18.75511507;388.0993;42.1352;23.0;0.7;287.153
1753873681.94;2.0;49.20395242;18.75511508;388.0985;42.1352;23.0;0.7;287.155
1753873681.95;2.0;49.20395242;18.75511508;388.0979;42.1352;23.0;0.7;287.139
1753873681.96;2.0;49.20395242;18.75511508;388.0974;42.1352;23.0;0.7;287.154
1753873681.97;2.0;49.20395242;18.75511508;388.0976;42.1352;23.0;0.7;287.129
1753873681.98;2.0;49.20395242;18.75511508;388.0979;42.1352;23.0;0.7;287.107
1753873681.99;2.0;49.20395243;18.75511508;388.0979;42.1352;23.0;0.7;287.11
1753873682.0;2.0;49.20395244;18.75511507;388.0982;42.1352;23.0;0.7;287.081
1753873682.01;2.0;49.20395245;18.75511507;388.0978;42.1352;23.0;0.7;286.964
1753873682.02;2.0;49.20395247;18.75511507;388.0972;42.1352;23.0;0.7;286.844
1753873682.03;2.0;49.20395249;18.75511507;388.0966;42.1352;23.0;0.7;286.723
1753873682.04;2.0;49.20395251;18.75511507;388.0963;42.1352;23.0;0.7;286.668
1753873682.05;2.0;49.20395253;18.75511508;388.0962;42.1352;23.0;0.7;286.576
1753873682.06;2.0;49.20395256;18.75511508;388.096;42.1352;23.0;0.7;286.458
1753873682.07;2.0;49.20395259;18.7551151;388.0958;42.1352;23.0;0.7;286.333
1753873682.08;2.0;49.20395263;18.75511511;388.0953;42.1352;23.0;0.7;286.205
1753873682.09;2.0;49.20395267;18.75511513;388.0945;42.1352;23.0;0.7;286.127
1753873682.1;2.0;49.20395271;18.75511515;388.0937;42.1352;23.0;0.7;286.064
1753873682.11;2.0;49.20395275;18.75511516;388.0928;42.1352;23.0;0.7;286.004
1753873682.12;2.0;49.20395279;18.75511518;388.092;42.1352;23.0;0.7;285.975
1753873682.13;2.0;49.20395284;18.7551152;388.0908;42.1352;23.0;0.7;285.949
1753873682.14;2.0;49.20395288;18.75511523;388.0899;42.1352;23.0;0.7;285.942
1753873682.15;2.0;49.20395293;18.75511525;388.0892;42.1352;23.0;0.7;285.952
1753873682.16;2.0;49.20395298;18.75511527;388.0884;42.1352;23.0;0.7;286.018
1753873682.17;2.0;49.20395303;18.7551153;388.0876;42.1352;23.0;0.7;286.064
1753873682.18;2.0;49.20395308;18.75511533;388.0871;42.1352;23.0;0.7;286.159
1753873682.19;2.0;49.20395313;18.75511535;388.0868;42.1352;23.0;0.7;286.238
1753873682.2;2.0;49.20395319;18.75511538;388.0867;42.1352;23.0;0.7;286.289
1753873682.21;2.0;49.20395324;18.75511541;388.0869;42.1352;23.0;0.7;286.274
1753873682.22;2.0;49.2039533;18.75511545;388.0868;42.1352;23.0;0.7;286.28
1753873682.23;2.0;49.20395335;18.75511548;388.0872;42.1352;23.0;0.7;286.273
1753873682.24;2.0;49.20395341;18.75511552;388.0874;42.1352;23.0;0.7;286.212
1753873682.25;2.0;49.20395346;18.75511556;388.0873;42.1352;23.0;0.7;286.127
1753873682.26;2.0;49.20395352;18.75511559;388.0873;42.1352;23.0;0.7;286.023
1753873682.27;2.0;49.20395357;18.75511562;388.0873;42.1352;23.0;0.7;285.951
1753873682.28;2.0;49.20395362;18.75511566;388.0867;42.1352;23.0;0.7;285.886
1753873682.29;2.0;49.20395368;18.75511569;388.086;42.1352;23.0;0.7;285.822
1753873682.3;2.0;49.20395373;18.75511572;388.0853;42.1352;23.0;0.7;285.713
1753873682.31;2.0;49.20395378;18.75511575;388.0847;42.1352;23.0;0.7;285.569
1753873682.32;2.0;49.20395382;18.75511577;388.0839;42.1352;23.0;0.7;285.511
1753873682.33;2.0;49.20395387;18.75511579;388.0831;42.1352;23.0;0.7;285.561
1753873682.34;2.0;49.20395391;18.7551158;388.0823;42.1352;23.0;0.7;285.664
1753873682.35;2.0;49.20395396;18.75511581;388.0812;42.1352;23.0;0.7;285.714
1753873682.36;2.0;49.203954;18.75511582;388.0798;42.1352;23.0;0.7;285.759
1753873682.37;2.0;49.20395404;18.75511582;388.0787;42.1352;23.0;0.7;285.902
1753873682.38;2.0;49.20395408;18.75511583;388.0781;42.1352;23.0;0.7;286.035
1753873682.39;2.0;49.20395412;18.75511583;388.0783;42.1352;23.0;0.7;286.16
1753873682.4;2.0;49.20395416;18.75511584;388.0783;42.1352;23.0;0.7;286.236
1753873682.41;2.0;49.2039542;18.75511584;388.0785;42.1352;23.0;0.7;286.239
1753873682.42;2.0;49.20395424;18.75511585;388.0783;42.1352;23.0;0.7;286.239
1753873682.43;2.0;49.20395428;18.75511585;388.0779;42.1352;23.0;0.7;286.278
1753873682.44;2.0;49.20395431;18.75511586;388.0776;42.1352;23.0;0.7;286.341
1753873682.45;2.0;49.20395435;18.75511587;388.0769;42.1352;23.0;0.7;286.373
1753873682.46;2.0;49.20395439;18.75511588;388.0759;42.1352;23.0;0.7;286.402
1753873682.47;2.0;49.20395444;18.7551159;388.0758;42.1352;23.0;0.7;286.414
1753873682.48;2.0;49.20395448;18.75511592;388.0756;42.1352;23.0;0.7;286.383
1753873682.49;2.0;49.20395452;18.75511593;388.0753;42.1352;23.0;0.7;286.283
1753873682.5;2.0;49.20395456;18.75511595;388.0751;42.1352;23.0;0.7;286.246
1753873682.51;2.0;49.20395459;18.75511597;388.075;42.1352;23.0;0.7;286.249
1753873682.52;2.0;49.20395464;18.755116;388.0744;42.1352;23.0;0.7;286.268
1753873682.53;2.0;49.20395468;18.75511603;388.0732;42.1352;23.0;0.7;286.24
1753873682.54;2.0;49.20395473;18.75511607;388.0723;42.1352;23.0;0.7;286.192
1753873682.55;2.0;49.20395477;18.7551161;388.0716;42.1352;23.0;0.7;286.193
1753873682.56;2.0;49.20395481;18.75511613;388.0715;42.1352;23.0;0.7;286.178
1753873682.57;2.0;49.20395487;18.75511616;388.0715;42.1352;23.0;0.7;286.132
1753873682.58;2.0;49.20395493;18.75511619;388.0718;42.1352;23.0;0.7;286.188
1753873682.59;2.0;49.20395498;18.75511622;388.0726;42.1352;24.0;0.7;286.202
1753873682.6;2.0;49.20395504;18.75511624;388.0729;42.1352;24.0;0.7;286.131
1753873682.61;2.0;49.20395509;18.75511627;388.0734;42.1352;24.0;0.7;286.056
1753873682.62;2.0;49.20395514;18.75511629;388.0736;42.1352;24.0;0.7;285.99
1753873682.63;2.0;49.20395519;18.75511632;388.0735;42.1352;24.0;0.7;285.918
1753873682.64;2.0;49.20395525;18.75511634;388.0735;42.1352;24.0;0.7;285.905
1753873682.65;2.0;49.20395529;18.75511635;388.074;42.1352;24.0;0.7;285.88
1753873682.66;2.0;49.20395534;18.75511637;388.075;42.1352;24.0;0.7;285.852
1753873682.67;2.0;49.20395539;18.75511639;388.0759;42.1352;24.0;0.7;285.764
1753873682.68;2.0;49.20395544;18.75511641;388.0763;42.1352;24.0;0.7;285.632
1753873682.69;2.0;49.20395549;18.75511643;388.0764;42.1352;24.0;0.7;285.501
1753873682.7;2.0;49.20395554;18.75511645;388.0766;42.1352;24.0;0.7;285.409
1753873682.71;2.0;49.20395559;18.75511648;388.0771;42.1352;24.0;0.7;285.312
1753873682.72;2.0;49.20395564;18.7551165;388.0772;42.1352;24.0;0.7;285.185
1753873682.73;2.0;49.20395568;18.75511652;388.077;42.1352;24.0;0.7;285.116
1753873682.74;2.0;49.20395573;18.75511654;388.0769;42.1352;24.0;0.7;285.097
1753873682.75;2.0;49.20395578;18.75511656;388.0771;42.1352;24.0;0.7;285.094
1753873682.76;2.0;49.20395582;18.75511658;388.0773;42.1352;24.0;0.7;285.042
1753873682.77;2.0;49.20395587;18.7551166;388.077;42.1352;24.0;0.7;285.025
1753873682.78;2.0;49.20395591;18.75511661;388.0768;42.1352;24.0;0.7;285.061
1753873682.79;2.0;49.20395595;18.75511663;388.0768;42.1352;24.0;0.7;285.032
1753873682.8;2.0;49.20395599;18.75511665;388.0772;42.1352;24.0;0.7;284.953
1753873682.81;2.0;49.20395603;18.75511666;388.0775;42.1352;24.0;0.7;284.837
1753873682.82;2.0;49.20395607;18.75511668;388.0777;42.1352;24.0;0.7;284.796
1753873682.83;2.0;49.20395611;18.75511669;388.0779;42.1352;24.0;0.7;284.798
1753873682.84;2.0;49.20395615;18.75511671;388.0777;42.1352;24.0;0.7;284.837
1753873682.85;2.0;49.20395619;18.75511673;388.0777;42.1352;24.0;0.7;284.87
1753873682.86;2.0;49.20395622;18.75511675;388.0778;42.1352;24.0;0.7;284.899
1753873682.87;2.0;49.20395626;18.75511677;388.0781;42.1352;24.0;0.7;284.946
1753873682.88;2.0;49.20395629;18.75511678;388.0781;42.1352;24.0;0.7;284.991
1753873682.89;2.0;49.20395632;18.7551168;388.0784;42.1352;24.0;0.7;284.984
1753873682.9;2.0;49.20395636;18.75511682;388.0785;42.1352;24.0;0.7;285.027
1753873682.91;2.0;49.20395639;18.75511683;388.0786;42.1352;24.0;0.7;285.124
1753873682.92;2.0;49.20395642;18.75511685;388.0785;42.1352;24.0;0.7;285.17
1753873682.93;2.0;49.20395645;18.75511686;388.0786;42.1352;24.0;0.7;285.155
1753873682.94;2.0;49.20395648;18.75511688;388.0786;42.1352;24.0;0.7;285.1
1753873682.95;2.0;49.20395651;18.75511688;388.0789;42.1352;24.0;0.7;285.071
1753873682.96;2.0;49.20395654;18.75511689;388.0791;42.1352;24.0;0.7;285.057
1753873682.97;2.0;49.20395657;18.7551169;388.079;42.1352;24.0;0.7;285.012
1753873682.98;2.0;49.20395659;18.75511691;388.0786;42.1352;24.0;0.7;284.955
1753873682.99;2.0;49.20395662;18.75511691;388.0781;42.1352;24.0;0.7;284.945
1753873683.0;2.0;49.20395665;18.75511692;388.0772;42.1352;24.0;0.7;284.962
1753873683.01;2.0;49.20395667;18.75511692;388.0765;42.1352;24.0;0.7;284.947
1753873683.02;2.0;49.2039567;18.75511692;388.0761;42.1352;24.0;0.7;284.936
1753873683.03;2.0;49.20395672;18.75511693;388.0758;42.1352;24.0;0.7;284.989
1753873683.04;2.0;49.20395674;18.75511694;388.0758;42.1352;24.0;0.7;285.029
1753873683.05;2.0;49.20395677;18.75511694;388.076;42.1352;24.0;0.7;285.132
1753873683.06;2.0;49.2039568;18.75511695;388.076;42.1352;24.0;0.7;285.16
1753873683.07;2.0;49.20395683;18.75511696;388.0751;42.1352;23.0;0.7;285.159
1753873683.08;2.0;49.20395686;18.75511698;388.074;42.1352;23.0;0.7;285.165
1753873683.09;2.0;49.20395689;18.755117;388.073;42.1352;23.0;0.7;285.194
1753873683.1;2.0;49.20395692;18.75511701;388.0719;42.1352;23.0;0.7;285.222
1753873683.11;2.0;49.20395695;18.75511703;388.0715;42.1352;23.0;0.7;285.265
1753873683.12;2.0;49.20395698;18.75511705;388.0713;42.1352;23.0;0.7;285.242
1753873683.13;2.0;49.20395701;18.75511708;388.0709;42.1352;23.0;0.7;285.167
1753873683.14;2.0;49.20395704;18.75511709;388.071;42.1352;23.0;0.7;285.096
1753873683.15;2.0;49.20395707;18.75511712;388.0713;42.1352;23.0;0.7;285.028
1753873683.16;2.0;49.20395709;18.75511714;388.0718;42.1352;23.0;0.7;285.002
1753873683.17;2.0;49.20395712;18.75511716;388.0721;42.1352;23.0;0.7;285.005
1753873683.18;2.0;49.20395715;18.75511719;388.0724;42.1352;23.0;0.7;285.021
1753873683.19;2.0;49.20395717;18.75511722;388.0726;42.1352;23.0;0.7;285.051
1753873683.2;2.0;49.20395721;18.75511725;388.072;42.1352;23.0;0.7;285.072
1753873683.21;2.0;49.20395724;18.75511728;388.0717;42.1352;23.0;0.7;285.083
1753873683.22;2.0;49.20395727;18.75511732;388.0713;42.1352;23.0;0.7;285.032
1753873683.23;2.0;49.20395731;18.75511736;388.0706;42.1352;23.0;0.7;284.929
1753873683.24;2.0;49.20395734;18.7551174;388.0697;42.1352;23.0;0.7;284.863
1753873683.25;2.0;49.20395738;18.75511744;388.0689;42.1352;23.0;0.7;284.792
1753873683.26;2.0;49.20395741;18.75511748;388.0679;42.1352;23.0;0.7;284.705
1753873683.27;2.0;49.20395745;18.75511752;388.066;42.1352;23.0;0.7;284.614
1753873683.28;2.0;49.20395748;18.75511756;388.0644;42.1352;23.0;0.7;284.55
1753873683.29;2.0;49.20395752;18.7551176;388.0631;42.1352;23.0;0.7;284.464
1753873683.3;2.0;49.20395756;18.75511764;388.0621;42.1352;23.0;0.7;284.34
1753873683.31;2.0;49.20395759;18.75511766;388.0617;42.1352;23.0;0.7;284.21
1753873683.32;2.0;49.20395763;18.75511768;388.0611;42.1352;23.0;0.7;284.133
1753873683.33;2.0;49.20395766;18.75511771;388.0606;42.1352;23.0;0.7;284.08
1753873683.34;2.0;49.20395769;18.75511773;388.0598;42.1352;23.0;0.7;284.067
1753873683.35;2.0;49.20395773;18.75511775;388.0586;42.1352;23.0;0.7;284.09
1753873683.36;2.0;49.20395776;18.75511778;388.0572;42.1352;23.0;0.7;284.098
1753873683.37;2.0;49.2039578;18.7551178;388.0558;42.1352;23.0;0.7;284.141
1753873683.38;2.0;49.20395784;18.75511783;388.0542;42.1352;23.0;0.7;284.195
1753873683.39;2.0;49.20395788;18.75511786;388.0534;42.1352;23.0;0.7;284.255
1753873683.4;2.0;49.20395791;18.75511788;388.0533;42.1352;23.0;0.7;284.342
1753873683.41;2.0;49.20395795;18.7551179;388.0535;42.1352;23.0;0.7;284.462
1753873683.42;2.0;49.20395799;18.75511792;388.054;42.1352;23.0;0.7;284.568
1753873683.43;2.0;49.20395802;18.75511795;388.0541;42.1352;23.0;0.7;284.638
1753873683.44;2.0;49.20395807;18.75511797;388.0548;42.1352;23.0;0.7;284.711
1753873683.45;2.0;49.2039581;18.755118;388.055;42.1352;23.0;0.7;284.733
1753873683.46;2.0;49.20395814;18.75511803;388.0554;42.1352;23.0;0.7;284.755
1753873683.47;2.0;49.20395817;18.75511806;388.0561;42.1352;23.0;0.7;284.786
1753873683.48;2.0;49.2039582;18.75511809;388.0567;42.1352;23.0;0.7;284.786
1753873683.49;2.0;49.20395824;18.75511812;388.0567;42.1352;23.0;0.7;284.815
1753873683.5;2.0;49.20395828;18.75511816;388.0564;42.1352;23.0;0.7;284.859
1753873683.51;2.0;49.20395831;18.7551182;388.0559;42.1352;23.0;0.7;284.889
1753873683.52;2.0;49.20395835;18.75511824;388.0554;42.1352;23.0;0.7;284.989
1753873683.53;2.0;49.20395839;18.75511828;388.055;42.1352;23.0;0.7;285.043
1753873683.54;2.0;49.20395843;18.75511832;388.055;42.1352;23.0;0.7;285.073
1753873683.55;2.0;49.20395846;18.75511836;388.0549;42.1352;23.0;0.7;285.128
1753873683.56;2.0;49.2039585;18.75511841;388.0542;42.1352;23.0;0.7;285.141
1753873683.57;2.0;49.20395856;18.75511843;388.0536;42.1352;23.0;0.7;285.126
1753873683.58;2.0;49.20395862;18.75511846;388.053;42.1352;23.0;0.7;285.114
1753873683.59;2.0;49.20395868;18.75511849;388.0526;42.1352;24.0;0.7;285.099
1753873683.6;2.0;49.20395874;18.75511851;388.052;42.1352;24.0;0.7;285.074
1753873683.61;2.0;49.20395879;18.75511854;388.0516;42.1352;24.0;0.7;285.02
1753873683.62;2.0;49.20395885;18.75511856;388.0508;42.1352;24.0;0.7;284.905
1753873683.63;2.0;49.20395891;18.75511859;388.0503;42.1352;24.0;0.7;284.746
1753873683.64;2.0;49.20395896;18.75511861;388.0498;42.1352;24.0;0.7;284.626
1753873683.65;2.0;49.20395902;18.75511863;388.0491;42.1352;24.0;0.7;284.541
1753873683.66;2.0;49.20395907;18.75511866;388.0482;42.1352;24.0;0.7;284.493
1753873683.67;2.0;49.20395912;18.75511869;388.0476;42.1352;24.0;0.7;284.479
1753873683.68;2.0;49.20395918;18.75511872;388.0473;42.1352;24.0;0.7;284.507
1753873683.69;2.0;49.20395923;18.75511875;388.0471;42.1352;24.0;0.7;284.606
1753873683.7;2.0;49.20395928;18.75511878;388.0468;42.1352;24.0;0.7;284.71
1753873683.71;2.0;49.20395933;18.75511881;388.0468;42.1352;24.0;0.7;284.768
1753873683.72;2.0;49.20395938;18.75511884;388.0471;42.1352;24.0;0.7;284.809
1753873683.73;2.0;49.20395942;18.75511887;388.0476;42.1352;24.0;0.7;284.765
1753873683.74;2.0;49.20395947;18.75511892;388.048;42.1352;24.0;0.7;284.733
1753873683.75;2.0;49.20395952;18.75511896;388.0483;42.1352;24.0;0.7;284.657
1753873683.76;2.0;49.20395957;18.75511901;388.0481;42.1352;24.0;0.7;284.588
1753873683.77;2.0;49.20395962;18.75511905;388.0482;42.1352;24.0;0.7;284.505
1753873683.78;2.0;49.20395966;18.7551191;388.0486;42.1352;24.0;0.7;284.539
1753873683.79;2.0;49.20395972;18.75511916;388.0475;42.1352;24.0;0.7;284.524
1753873683.8;2.0;49.20395977;18.75511922;388.0462;42.1352;24.0;0.7;284.435
1753873683.81;2.0;49.20395981;18.75511927;388.0451;42.1352;24.0;0.7;284.368
1753873683.82;2.0;49.20395987;18.75511933;388.0441;42.1352;24.0;0.7;284.355
1753873683.83;2.0;49.20395991;18.75511938;388.0434;42.1352;24.0;0.7;284.275
1753873683.84;2.0;49.20395996;18.75511943;388.0432;42.1352;24.0;0.7;284.25
1753873683.85;2.0;49.20395999;18.75511947;388.0438;42.1352;24.0;0.7;284.257
1753873683.86;2.0;49.20396003;18.75511951;388.0439;42.1352;24.0;0.7;284.319
1753873683.87;2.0;49.20396007;18.75511955;388.0439;42.1352;24.0;0.7;284.421
1753873683.88;2.0;49.20396011;18.75511959;388.0441;42.1352;24.0;0.7;284.469
1753873683.89;2.0;49.20396015;18.75511963;388.044;42.1352;24.0;0.7;284.537
1753873683.9;2.0;49.20396018;18.75511967;388.0442;42.1352;24.0;0.7;284.581
1753873683.91;2.0;49.20396022;18.75511971;388.0436;42.1352;24.0;0.7;284.619
1753873683.92;2.0;49.20396026;18.75511974;388.0429;42.1352;24.0;0.7;284.588
1753873683.93;2.0;49.2039603;18.75511978;388.0423;42.1352;24.0;0.7;284.549
1753873683.94;2.0;49.20396034;18.75511981;388.0417;42.1352;24.0;0.7;284.573
1753873683.95;2.0;49.20396038;18.75511985;388.0414;42.1352;24.0;0.7;284.602
1753873683.96;2.0;49.20396041;18.75511989;388.0416;42.1352;24.0;0.7;284.586
1753873683.97;2.0;49.20396044;18.75511993;388.0421;42.1352;24.0;0.7;284.595
1753873683.98;2.0;49.20396048;18.75511997;388.0425;42.1352;24.0;0.7;284.611
1753873683.99;2.0;49.20396051;18.75512001;388.0429;42.1352;24.0;0.7;284.633
1753873684.0;2.0;49.20396054;18.75512004;388.0434;42.1352;24.0;0.7;284.591
1753873684.01;2.0;49.20396057;18.75512008;388.0441;42.1352;24.0;0.7;284.491
1753873684.02;2.0;49.2039606;18.75512011;388.0447;42.1352;24.0;0.7;284.362
1753873684.03;2.0;49.20396064;18.75512016;388.045;42.1352;24.0;0.7;284.198
1753873684.04;2.0;49.20396067;18.7551202;388.0448;42.1352;24.0;0.7;284.071
1753873684.05;2.0;49.20396071;18.75512025;388.0448;42.1352;24.0;0.7;283.918
1753873684.06;2.0;49.20396074;18.7551203;388.0451;42.1352;24.0;0.7;283.79
1753873684.07;2.0;49.20396077;18.75512035;388.0456;42.1352;21.0;0.9;283.733
1753873684.08;2.0;49.20396081;18.7551204;388.0462;42.1352;21.0;0.9;283.676
1753873684.09;2.0;49.20396085;18.75512045;388.0464;42.1352;21.0;0.9;283.627
1753873684.1;2.0;49.20396089;18.7551205;388.0461;42.1352;21.0;0.9;283.643
1753873684.11;2.0;49.20396092;18.75512055;388.0458;42.1352;21.0;0.9;283.679
1753873684.12;2.0;49.20396096;18.7551206;388.0456;42.1352;21.0;0.9;283.674
1753873684.13;2.0;49.203961;18.75512066;388.0451;42.1352;21.0;0.9;283.687
1753873684.14;2.0;49.20396104;18.75512072;388.0444;42.1352;21.0;0.9;283.722
1753873684.15;2.0;49.20396109;18.75512077;388.0439;42.1352;21.0;0.9;283.79
1753873684.16;2.0;49.20396113;18.75512082;388.0438;42.1352;21.0;0.9;283.834
1753873684.17;2.0;49.20396118;18.75512087;388.0443;42.1352;21.0;0.9;283.844
1753873684.18;2.0;49.20396123;18.75512093;388.0447;42.1352;21.0;0.9;283.843
1753873684.19;2.0;49.20396127;18.75512099;388.0453;42.1352;21.0;0.9;283.871
1753873684.2;2.0;49.20396132;18.75512104;388.0456;42.1352;21.0;0.9;283.833
1753873684.21;2.0;49.20396136;18.75512109;388.0456;42.1352;21.0;0.9;283.835
1753873684.22;2.0;49.20396141;18.75512115;388.0459;42.1352;21.0;0.9;283.889
1753873684.23;2.0;49.20396145;18.75512121;388.046;42.1352;21.0;0.9;283.949
1753873684.24;2.0;49.2039615;18.75512126;388.0457;42.1352;21.0;0.9;283.963
1753873684.25;2.0;49.20396155;18.75512132;388.0454;42.1352;21.0;0.9;283.976
1753873684.26;2.0;49.20396161;18.75512138;388.0456;42.1352;21.0;0.9;284.005
1753873684.27;2.0;49.20396166;18.75512143;388.0457;42.1352;21.0;0.9;283.986
1753873684.28;2.0;49.20396171;18.7551215;388.0458;42.1352;21.0;0.9;283.986
1753873684.29;2.0;49.20396176;18.75512155;388.0457;42.1352;21.0;0.9;284.022
1753873684.3;2.0;49.2039618;18.7551216;388.0457;42.1352;21.0;0.9;284.046
1753873684.31;2.0;49.20396185;18.75512166;388.0456;42.1352;21.0;0.9;284.135
1753873684.32;2.0;49.2039619;18.75512172;388.0454;42.1352;21.0;0.9;284.238
1753873684.33;2.0;49.20396195;18.75512177;388.0452;42.1352;21.0;0.9;284.287
1753873684.34;2.0;49.20396201;18.75512183;388.0451;42.1352;21.0;0.9;284.33
1753873684.35;2.0;49.20396206;18.75512188;388.0455;42.1352;21.0;0.9;284.364
1753873684.36;2.0;49.20396212;18.75512192;388.0459;42.1352;21.0;0.9;284.297
1753873684.37;2.0;49.20396217;18.75512197;388.0467;42.1352;21.0;0.9;284.219
1753873684.38;2.0;49.20396222;18.75512201;388.0472;42.1352;21.0;0.9;284.137
1753873684.39;2.0;49.20396228;18.75512206;388.0478;42.1352;21.0;0.9;284.096
1753873684.4;2.0;49.20396233;18.75512209;388.049;42.1352;21.0;0.9;284.139
1753873684.41;2.0;49.20396238;18.75512214;388.0499;42.1352;21.0;0.9;284.196
1753873684.42;2.0;49.20396244;18.75512218;388.0507;42.1352;21.0;0.9;284.253
1753873684.43;2.0;49.2039625;18.75512223;388.0513;42.1352;21.0;0.9;284.3
1753873684.44;2.0;49.20396256;18.75512228;388.0512;42.1352;21.0;0.9;284.321
1753873684.45;2.0;49.20396262;18.75512234;388.0513;42.1352;21.0;0.9;284.372
1753873684.46;2.0;49.20396268;18.75512239;388.0514;42.1352;21.0;0.9;284.418
1753873684.47;2.0;49.20396273;18.75512245;388.0517;42.1352;21.0;0.9;284.445
1753873684.48;2.0;49.20396279;18.75512251;388.0519;42.1352;21.0;0.9;284.513
1753873684.49;2.0;49.20396285;18.75512258;388.052;42.1352;21.0;0.9;284.59
1753873684.5;2.0;49.20396291;18.75512264;388.0524;42.1352;21.0;0.9;284.659
1753873684.51;2.0;49.20396297;18.7551227;388.0534;42.1352;21.0;0.9;284.723
1753873684.52;2.0;49.20396303;18.75512276;388.0539;42.1352;21.0;0.9;284.728
1753873684.53;2.0;49.20396309;18.75512282;388.0539;42.1352;21.0;0.9;284.718
1753873684.54;2.0;49.20396315;18.75512289;388.0537;42.1352;21.0;0.9;284.711
1753873684.55;2.0;49.20396322;18.75512296;388.0536;42.1352;21.0;0.9;284.705
1753873684.56;2.0;49.20396328;18.75512303;388.0532;42.1352;21.0;0.9;284.677
1753873684.57;2.0;49.20396334;18.75512307;388.0532;42.1352;21.0;0.9;284.657
1753873684.58;2.0;49.2039634;18.75512311;388.053;42.1352;21.0;0.9;284.628
1753873684.59;2.0;49.20396346;18.75512314;388.0526;42.1352;23.0;0.9;284.62
1753873684.6;2.0;49.20396351;18.75512318;388.0521;42.1352;23.0;0.9;284.671
1753873684.61;2.0;49.20396357;18.75512321;388.052;42.1352;23.0;0.9;284.732
1753873684.62;2.0;49.20396362;18.75512324;388.0521;42.1352;23.0;0.9;284.822
1753873684.63;2.0;49.20396367;18.75512328;388.0519;42.1352;23.0;0.9;284.848
1753873684.64;2.0;49.20396373;18.75512331;388.0518;42.1352;23.0;0.9;284.854
1753873684.65;2.0;49.20396378;18.75512335;388.0519;42.1352;23.0;0.9;284.87
1753873684.66;2.0;49.20396384;18.75512339;388.0521;42.1352;23.0;0.9;284.893
1753873684.67;2.0;49.20396389;18.75512343;388.0526;42.1352;23.0;0.9;284.928
1753873684.68;2.0;49.20396395;18.75512347;388.053;42.1352;23.0;0.9;284.931
1753873684.69;2.0;49.20396401;18.75512351;388.0534;42.1352;23.0;0.9;284.928
1753873684.7;2.0;49.20396406;18.75512356;388.0535;42.1352;23.0;0.9;285.015
1753873684.71;2.0;49.20396411;18.7551236;388.0531;42.1352;23.0;0.9;285.122
1753873684.72;2.0;49.20396417;18.75512365;388.0527;42.1352;23.0;0.9;285.298
1753873684.73;2.0;49.20396422;18.75512369;388.0529;42.1352;23.0;0.9;285.483
1753873684.74;2.0;49.20396428;18.75512374;388.0527;42.1352;23.0;0.9;285.617
1753873684.75;2.0;49.20396434;18.75512378;388.0516;42.1352;23.0;0.9;285.671
1753873684.76;2.0;49.20396441;18.75512384;388.0506;42.1352;23.0;0.9;285.671
1753873684.77;2.0;49.20396447;18.75512389;388.0498;42.1352;23.0;0.9;285.701
1753873684.78;2.0;49.20396452;18.75512394;388.0495;42.1352;23.0;0.9;285.789
1753873684.79;2.0;49.20396458;18.75512399;388.0495;42.1352;23.0;0.9;285.871
1753873684.8;2.0;49.20396463;18.75512404;388.0496;42.1352;23.0;0.9;285.975
1753873684.81;2.0;49.20396469;18.75512409;388.0493;42.1352;23.0;0.9;286.073
1753873684.82;2.0;49.20396475;18.75512416;388.0482;42.1352;23.0;0.9;286.151
1753873684.83;2.0;49.2039648;18.75512421;388.0478;42.1352;23.0;0.9;286.183
1753873684.84;2.0;49.20396486;18.75512427;388.0477;42.1352;23.0;0.9;286.191
1753873684.85;2.0;49.20396492;18.75512433;388.0477;42.1352;23.0;0.9;286.134
1753873684.86;2.0;49.20396497;18.75512439;388.047;42.1352;23.0;0.9;286.043
1753873684.87;2.0;49.20396502;18.75512445;388.0463;42.1352;23.0;0.9;286.078
1753873684.88;2.0;49.20396508;18.75512451;388.0457;42.1352;23.0;0.9;286.047
1753873684.89;2.0;49.20396513;18.75512458;388.0451;42.1352;23.0;0.9;286.045
1753873684.9;2.0;49.20396518;18.75512463;388.0454;42.1352;23.0;0.9;286.058
1753873684.91;2.0;49.20396522;18.75512469;388.046;42.1352;23.0;0.9;286.076
1753873684.92;2.0;49.20396526;18.75512474;388.0466;42.1352;23.0;0.9;286.144
1753873684.93;2.0;49.20396531;18.7551248;388.0472;42.1352;23.0;0.9;286.245
1753873684.94;2.0;49.20396535;18.75512485;388.0479;42.1352;23.0;0.9;286.295
1753873684.95;2.0;49.20396539;18.7551249;388.0487;42.1352;23.0;0.9;286.365
1753873684.96;2.0;49.20396543;18.75512494;388.0494;42.1352;23.0;0.9;286.394
1753873684.97;2.0;49.20396547;18.75512499;388.0501;42.1352;23.0;0.9;286.437
1753873684.98;2.0;49.20396551;18.75512504;388.0506;42.1352;23.0;0.9;286.507
1753873684.99;2.0;49.20396556;18.7551251;388.051;42.1352;23.0;0.9;286.543
1753873685.0;2.0;49.2039656;18.75512515;388.0513;42.1352;23.0;0.9;286.566
1753873685.01;2.0;49.20396564;18.75512521;388.0516;42.1352;23.0;0.9;286.552
1753873685.02;2.0;49.20396569;18.75512527;388.052;42.1352;23.0;0.9;286.437
1753873685.03;2.0;49.20396573;18.75512533;388.0523;42.1352;23.0;0.9;286.391
1753873685.04;2.0;49.20396578;18.75512538;388.0521;42.1352;23.0;0.9;286.339
1753873685.05;2.0;49.20396583;18.75512544;388.0522;42.1352;23.0;0.9;286.386
1753873685.06;2.0;49.20396587;18.75512549;388.0526;42.1352;23.0;0.9;286.443
1753873685.07;2.0;49.20396591;18.75512555;388.0531;42.1352;24.0;0.8;286.499
1753873685.08;2.0;49.20396596;18.75512561;388.0528;42.1352;24.0;0.8;286.472
1753873685.09;2.0;49.20396601;18.75512567;388.0529;42.1352;24.0;0.8;286.429
1753873685.1;2.0;49.20396605;18.75512572;388.0535;42.1352;24.0;0.8;286.497
1753873685.11;2.0;49.2039661;18.75512578;388.054;42.1352;24.0;0.8;286.611
1753873685.12;2.0;49.20396614;18.75512584;388.0544;42.1352;24.0;0.8;286.661
1753873685.13;2.0;49.20396618;18.75512589;388.0548;42.1352;24.0;0.8;286.676
1753873685.14;2.0;49.20396623;18.75512595;388.0553;42.1352;24.0;0.8;286.681
1753873685.15;2.0;49.20396628;18.75512601;388.0554;42.1352;24.0;0.8;286.677
1753873685.16;2.0;49.20396632;18.75512606;388.0558;42.1352;24.0;0.8;286.664
1753873685.17;2.0;49.20396637;18.75512612;388.0564;42.1352;24.0;0.8;286.646
1753873685.18;2.0;49.20396641;18.75512618;388.057;42.1352;24.0;0.8;286.653
1753873685.19;2.0;49.20396646;18.75512623;388.0572;42.1352;24.0;0.8;286.712
1753873685.2;2.0;49.20396651;18.7551263;388.0569;42.1352;24.0;0.8;286.828
1753873685.21;2.0;49.20396655;18.75512635;388.0569;42.1352;24.0;0.8;286.982
1753873685.22;2.0;49.2039666;18.7551264;388.0569;42.1352;24.0;0.8;287.109
1753873685.23;2.0;49.20396664;18.75512646;388.0573;42.1352;24.0;0.8;287.242
1753873685.24;2.0;49.20396669;18.75512651;388.0581;42.1352;24.0;0.8;287.33
1753873685.25;2.0;49.20396673;18.75512656;388.0591;42.1352;24.0;0.8;287.413
1753873685.26;2.0;49.20396678;18.75512661;388.0598;42.1352;24.0;0.8;287.48
1753873685.27;2.0;49.20396683;18.75512666;388.0603;42.1352;24.0;0.8;287.521
1753873685.28;2.0;49.20396687;18.75512671;388.0605;42.1352;24.0;0.8;287.526
1753873685.29;2.0;49.20396692;18.75512676;388.0608;42.1352;24.0;0.8;287.533
1753873685.3;2.0;49.20396697;18.75512681;388.061;42.1352;24.0;0.8;287.481
1753873685.31;2.0;49.20396701;18.75512685;388.0615;42.1352;24.0;0.8;287.381
1753873685.32;2.0;49.20396705;18.7551269;388.0622;42.1352;24.0;0.8;287.316
1753873685.33;2.0;49.2039671;18.75512694;388.0628;42.1352;24.0;0.8;287.236
1753873685.34;2.0;49.20396714;18.75512699;388.0636;42.1352;24.0;0.8;287.164
1753873685.35;2.0;49.20396719;18.75512703;388.0643;42.1352;24.0;0.8;287.117
1753873685.36;2.0;49.20396723;18.75512708;388.0646;42.1352;24.0;0.8;287.079
1753873685.37;2.0;49.20396727;18.75512712;388.0645;42.1352;24.0;0.8;287.028
1753873685.38;2.0;49.20396731;18.75512717;388.0641;42.1352;24.0;0.8;287.032
1753873685.39;2.0;49.20396735;18.75512722;388.0644;42.1352;24.0;0.8;287.043
1753873685.4;2.0;49.20396739;18.75512726;388.065;42.1352;24.0;0.8;287.038
1753873685.41;2.0;49.20396743;18.7551273;388.0652;42.1352;24.0;0.8;286.968
1753873685.42;2.0;49.20396747;18.75512735;388.0651;42.1352;24.0;0.8;286.859
1753873685.43;2.0;49.20396751;18.75512739;388.0656;42.1352;24.0;0.8;286.794
1753873685.44;2.0;49.20396755;18.75512743;388.0666;42.1352;24.0;0.8;286.761
1753873685.45;2.0;49.20396759;18.75512747;388.0672;42.1352;24.0;0.8;286.767
1753873685.46;2.0;49.20396763;18.75512751;388.068;42.1352;24.0;0.8;286.802
1753873685.47;2.0;49.20396767;18.75512755;388.069;42.1352;24.0;0.8;286.814
1753873685.48;2.0;49.20396771;18.75512759;388.07;42.1352;24.0;0.8;286.822
1753873685.49;2.0;49.20396776;18.75512763;388.0707;42.1352;24.0;0.8;286.82
1753873685.5;2.0;49.2039678;18.75512767;388.071;42.1352;24.0;0.8;286.84
1753873685.51;2.0;49.20396784;18.75512771;388.0717;42.1352;24.0;0.8;286.874
1753873685.52;2.0;49.20396788;18.75512775;388.0721;42.1352;24.0;0.8;286.922
1753873685.53;2.0;49.20396793;18.75512779;388.0724;42.1352;24.0;0.8;286.916
1753873685.54;2.0;49.20396797;18.75512784;388.0729;42.1352;24.0;0.8;286.852
1753873685.55;2.0;49.20396802;18.75512788;388.0739;42.1352;24.0;0.8;286.794
1753873685.56;2.0;49.20396807;18.75512793;388.0747;42.1352;24.0;0.8;286.746
1753873685.57;2.0;49.20396813;18.75512796;388.0747;42.1352;24.0;0.8;286.666
1753873685.58;2.0;49.2039682;18.75512799;388.0742;42.1352;25.0;0.7;286.609
1753873685.59;2.0;49.20396826;18.75512803;388.0737;42.1352;25.0;0.7;286.586
1753873685.6;2.0;49.20396832;18.75512806;388.0733;42.1352;25.0;0.7;286.571
1753873685.61;2.0;49.20396838;18.75512809;388.0733;42.1352;25.0;0.7;286.519
1753873685.62;2.0;49.20396844;18.75512812;388.0737;42.1352;25.0;0.7;286.511
1753873685.63;2.0;49.20396849;18.75512815;388.0738;42.1352;25.0;0.7;286.512
1753873685.64;2.0;49.20396855;18.75512818;388.0741;42.1352;25.0;0.7;286.527
1753873685.65;2.0;49.2039686;18.75512821;388.0746;42.1352;25.0;0.7;286.628
1753873685.66;2.0;49.20396865;18.75512823;388.0756;42.1352;25.0;0.7;286.741
1753873685.67;2.0;49.2039687;18.75512826;388.0764;42.1352;25.0;0.7;286.865
1753873685.68;2.0;49.20396875;18.75512828;388.0768;42.1352;25.0;0.7;286.954
1753873685.69;2.0;49.20396881;18.75512831;388.0772;42.1352;25.0;0.7;286.987
1753873685.7;2.0;49.20396886;18.75512834;388.0775;42.1352;25.0;0.7;286.969
1753873685.71;2.0;49.20396891;18.75512836;388.0779;42.1352;25.0;0.7;286.888
1753873685.72;2.0;49.20396897;18.75512838;388.0783;42.1352;25.0;0.7;286.774
1753873685.73;2.0;49.20396902;18.75512842;388.0789;42.1352;25.0;0.7;286.627
1753873685.74;2.0;49.20396907;18.75512844;388.0798;42.1352;25.0;0.7;286.5
1753873685.75;2.0;49.20396912;18.75512847;388.0806;42.1352;25.0;0.7;286.444
1753873685.76;2.0;49.20396916;18.75512849;388.0812;42.1352;25.0;0.7;286.474
1753873685.77;2.0;49.20396921;18.75512852;388.0816;42.1352;25.0;0.7;286.536
1753873685.78;2.0;49.20396925;18.75512854;388.0824;42.1352;25.0;0.7;286.597
1753873685.79;2.0;49.20396929;18.75512856;388.0831;42.1352;25.0;0.7;286.637
1753873685.8;2.0;49.20396933;18.75512859;388.0839;42.1352;25.0;0.7;286.682
1753873685.81;2.0;49.20396937;18.75512862;388.0844;42.1352;25.0;0.7;286.73
1753873685.82;2.0;49.20396941;18.75512864;388.0846;42.1352;25.0;0.7;286.821
1753873685.83;2.0;49.20396945;18.75512867;388.0849;42.1352;25.0;0.7;286.984
1753873685.84;2.0;49.20396949;18.75512871;388.0847;42.1352;25.0;0.7;287.088
1753873685.85;2.0;49.20396953;18.75512874;388.0842;42.1352;25.0;0.7;287.185
1753873685.86;2.0;49.20396958;18.75512878;388.0839;42.1352;25.0;0.7;287.225
1753873685.87;2.0;49.20396962;18.75512882;388.084;42.1352;25.0;0.7;287.227
1753873685.88;2.0;49.20396966;18.75512886;388.0841;42.1352;25.0;0.7;287.195
1753873685.89;2.0;49.2039697;18.75512891;388.0843;42.1352;25.0;0.7;287.178
1753873685.9;2.0;49.20396975;18.75512896;388.0845;42.1352;25.0;0.7;287.153
1753873685.91;2.0;49.20396979;18.755129;388.0852;42.1352;25.0;0.7;287.085
1753873685.92;2.0;49.20396983;18.75512904;388.0864;42.1352;25.0;0.7;286.986
1753873685.93;2.0;49.20396986;18.75512908;388.0875;42.1352;25.0;0.7;286.919
1753873685.94;2.0;49.2039699;18.75512912;388.0885;42.1352;25.0;0.7;286.892
1753873685.95;2.0;49.20396993;18.75512916;388.0892;42.1352;25.0;0.7;286.86
1753873685.96;2.0;49.20396997;18.75512919;388.0898;42.1352;25.0;0.7;286.834
1753873685.97;2.0;49.20397;18.75512923;388.0904;42.1352;25.0;0.7;286.836
1753873685.98;2.0;49.20397004;18.75512927;388.091;42.1352;25.0;0.7;286.866
1753873685.99;2.0;49.20397008;18.75512932;388.0911;42.1352;25.0;0.7;286.875
1753873686.0;2.0;49.20397012;18.75512936;388.0912;42.1352;25.0;0.7;286.86
1753873686.01;2.0;49.20397016;18.75512941;388.0914;42.1352;25.0;0.7;286.796
1753873686.02;2.0;49.2039702;18.75512945;388.0919;42.1352;25.0;0.7;286.719
1753873686.03;2.0;49.20397024;18.75512949;388.0922;42.1352;25.0;0.7;286.624
1753873686.04;2.0;49.20397028;18.75512954;388.0927;42.1352;25.0;0.7;286.566
1753873686.05;2.0;49.20397031;18.75512958;388.0932;42.1352;25.0;0.7;286.514
1753873686.06;2.0;49.20397035;18.75512962;388.0937;42.1352;25.0;0.7;286.464
1753873686.07;2.0;49.20397039;18.75512966;388.0947;42.1352;25.0;0.7;286.43
1753873686.08;2.0;49.20397043;18.7551297;388.0958;42.1352;23.0;0.7;286.381
1753873686.09;2.0;49.20397047;18.75512975;388.0964;42.1352;23.0;0.7;286.4
1753873686.1;2.0;49.20397052;18.75512979;388.0965;42.1352;23.0;0.7;286.331
1753873686.11;2.0;49.20397057;18.75512983;388.0961;42.1352;23.0;0.7;286.302
1753873686.12;2.0;49.20397063;18.75512988;388.0956;42.1352;23.0;0.7;286.289
1753873686.13;2.0;49.20397069;18.75512992;388.0952;42.1352;23.0;0.7;286.274
1753873686.14;2.0;49.20397075;18.75512996;388.0949;42.1352;23.0;0.7;286.151
1753873686.15;2.0;49.20397081;18.75513001;388.0948;42.1352;23.0;0.7;286.073
1753873686.16;2.0;49.20397088;18.75513005;388.0942;42.1352;23.0;0.7;286.007
1753873686.17;2.0;49.20397095;18.7551301;388.0931;42.1352;23.0;0.7;285.908
1753873686.18;2.0;49.20397102;18.75513014;388.0926;42.1352;23.0;0.7;285.819
1753873686.19;2.0;49.20397108;18.75513018;388.0921;42.1352;23.0;0.7;285.779
1753873686.2;2.0;49.20397115;18.75513022;388.0919;42.1352;23.0;0.7;285.758
1753873686.21;2.0;49.20397122;18.75513025;388.0921;42.1352;23.0;0.7;285.793
1753873686.22;2.0;49.20397129;18.75513028;388.092;42.1352;23.0;0.7;285.735
1753873686.23;2.0;49.20397136;18.75513031;388.0922;42.1352;23.0;0.7;285.674
1753873686.24;2.0;49.20397142;18.75513035;388.0923;42.1352;23.0;0.7;285.678
1753873686.25;2.0;49.20397149;18.75513038;388.0918;42.1352;23.0;0.7;285.695
1753873686.26;2.0;49.20397156;18.75513042;388.0903;42.1352;23.0;0.7;285.718
1753873686.27;2.0;49.20397163;18.75513045;388.0889;42.1352;23.0;0.7;285.725
1753873686.28;2.0;49.20397169;18.75513048;388.0881;42.1352;23.0;0.7;285.769
1753873686.29;2.0;49.20397176;18.75513052;388.0868;42.1352;23.0;0.7;285.824
1753873686.3;2.0;49.20397183;18.75513055;388.0854;42.1352;23.0;0.7;285.945
1753873686.31;2.0;49.2039719;18.75513058;388.0841;42.1352;23.0;0.7;286.053
1753873686.32;2.0;49.20397197;18.75513062;388.0829;42.1352;23.0;0.7;286.233
1753873686.33;2.0;49.20397204;18.75513065;388.0815;42.1352;23.0;0.7;286.397
1753873686.34;2.0;49.20397211;18.75513068;388.0806;42.1352;23.0;0.7;286.541
1753873686.35;2.0;49.20397218;18.75513071;388.0799;42.1352;23.0;0.7;286.673
1753873686.36;2.0;49.20397225;18.75513075;388.0795;42.1352;23.0;0.7;286.763
1753873686.37;2.0;49.20397232;18.75513079;388.079;42.1352;23.0;0.7;286.82
1753873686.38;2.0;49.2039724;18.75513083;388.0781;42.1352;23.0;0.7;286.861
1753873686.39;2.0;49.20397247;18.75513087;388.0775;42.1352;23.0;0.7;286.853
1753873686.4;2.0;49.20397254;18.75513091;388.0768;42.1352;23.0;0.7;286.755
1753873686.41;2.0;49.20397261;18.75513094;388.0763;42.1352;23.0;0.7;286.638
1753873686.42;2.0;49.20397268;18.75513099;388.0754;42.1352;23.0;0.7;286.53
1753873686.43;2.0;49.20397276;18.75513103;388.0739;42.1352;23.0;0.7;286.429
1753873686.44;2.0;49.20397283;18.75513108;388.0725;42.1352;23.0;0.7;286.362
1753873686.45;2.0;49.20397291;18.75513112;388.071;42.1352;23.0;0.7;286.346
1753873686.46;2.0;49.20397298;18.75513117;388.0696;42.1352;23.0;0.7;286.368
1753873686.47;2.0;49.20397305;18.75513121;388.0683;42.1352;23.0;0.7;286.414
1753873686.48;2.0;49.20397312;18.75513125;388.0672;42.1352;23.0;0.7;286.399
1753873686.49;2.0;49.2039732;18.75513129;388.0661;42.1352;23.0;0.7;286.365
1753873686.5;2.0;49.20397327;18.75513132;388.0648;42.1352;23.0;0.7;286.334
1753873686.51;2.0;49.20397334;18.75513135;388.0637;42.1352;23.0;0.7;286.311
1753873686.52;2.0;49.20397341;18.75513139;388.0628;42.1352;23.0;0.7;286.327
1753873686.53;2.0;49.20397348;18.75513143;388.0617;42.1352;23.0;0.7;286.37
1753873686.54;2.0;49.20397355;18.75513147;388.0603;42.1352;23.0;0.7;286.365
1753873686.55;2.0;49.20397362;18.75513151;388.0592;42.1352;23.0;0.7;286.304
1753873686.56;2.0;49.2039737;18.75513154;388.058;42.1352;23.0;0.7;286.256
1753873686.57;2.0;49.20397377;18.75513158;388.0568;42.1352;23.0;0.7;286.173
1753873686.58;2.0;49.20397383;18.7551316;388.0567;42.1352;23.0;0.7;286.128
1753873686.59;2.0;49.20397389;18.75513162;388.0567;42.1352;23.0;0.7;286.189
1753873686.6;2.0;49.20397395;18.75513164;388.0577;42.1352;25.0;0.7;286.241
1753873686.61;2.0;49.203974;18.75513167;388.0584;42.1352;25.0;0.7;286.267
1753873686.62;2.0;49.20397406;18.75513169;388.0587;42.1352;25.0;0.7;286.291
1753873686.63;2.0;49.20397412;18.75513172;388.059;42.1352;25.0;0.7;286.403
1753873686.64;2.0;49.20397418;18.75513174;388.0593;42.1352;25.0;0.7;286.504
1753873686.65;2.0;49.20397425;18.75513177;388.0598;42.1352;25.0;0.7;286.612
1753873686.66;2.0;49.20397432;18.7551318;388.06;42.1352;25.0;0.7;286.624
1753873686.67;2.0;49.20397439;18.75513182;388.0602;42.1352;25.0;0.7;286.635
1753873686.68;2.0;49.20397445;18.75513185;388.0602;42.1352;25.0;0.7;286.669
1753873686.69;2.0;49.20397451;18.75513187;388.06;42.1352;25.0;0.7;286.71
1753873686.7;2.0;49.20397458;18.75513189;388.0599;42.1352;25.0;0.7;286.745
1753873686.71;2.0;49.20397465;18.75513191;388.0592;42.1352;25.0;0.7;286.761
1753873686.72;2.0;49.20397472;18.75513193;388.0581;42.1352;25.0;0.7;286.726
1753873686.73;2.0;49.20397478;18.75513196;388.0569;42.1352;25.0;0.7;286.652
1753873686.74;2.0;49.20397485;18.75513198;388.0554;42.1352;25.0;0.7;286.579
1753873686.75;2.0;49.20397492;18.755132;388.0541;42.1352;25.0;0.7;286.505
1753873686.76;2.0;49.20397499;18.75513202;388.0532;42.1352;25.0;0.7;286.481
1753873686.77;2.0;49.20397505;18.75513203;388.0524;42.1352;25.0;0.7;286.513
1753873686.78;2.0;49.20397512;18.75513204;388.0515;42.1352;25.0;0.7;286.566
1753873686.79;2.0;49.20397518;18.75513206;388.0505;42.1352;25.0;0.7;286.613
1753873686.8;2.0;49.20397525;18.75513208;388.049;42.1352;25.0;0.7;286.626
1753873686.81;2.0;49.20397532;18.7551321;388.0481;42.1352;25.0;0.7;286.602
1753873686.82;2.0;49.20397539;18.75513211;388.0473;42.1352;25.0;0.7;286.493
1753873686.83;2.0;49.20397546;18.75513213;388.0466;42.1352;25.0;0.7;286.393
1753873686.84;2.0;49.20397554;18.75513215;388.0456;42.1352;25.0;0.7;286.357
1753873686.85;2.0;49.20397561;18.75513218;388.045;42.1352;25.0;0.7;286.296
1753873686.86;2.0;49.20397569;18.7551322;388.0445;42.1352;25.0;0.7;286.202
1753873686.87;2.0;49.20397577;18.75513222;388.0439;42.1352;25.0;0.7;286.099
1753873686.88;2.0;49.20397584;18.75513224;388.0429;42.1352;25.0;0.7;286.072
1753873686.89;2.0;49.20397592;18.75513227;388.0419;42.1352;25.0;0.7;286.031
1753873686.9;2.0;49.20397599;18.75513229;388.0414;42.1352;25.0;0.7;285.971
1753873686.91;2.0;49.20397606;18.75513232;388.0411;42.1352;25.0;0.7;285.967
1753873686.92;2.0;49.20397613;18.75513233;388.0412;42.1352;25.0;0.7;285.974
1753873686.93;2.0;49.2039762;18.75513235;388.0413;42.1352;25.0;0.7;285.985
1753873686.94;2.0;49.20397628;18.75513237;388.041;42.1352;25.0;0.7;286.028
1753873686.95;2.0;49.20397635;18.75513238;388.0403;42.1352;25.0;0.7;286.049
1753873686.96;2.0;49.20397642;18.7551324;388.0394;42.1352;25.0;0.7;286.045
1753873686.97;2.0;49.20397649;18.75513241;388.0386;42.1352;25.0;0.7;286.051
1753873686.98;2.0;49.20397656;18.75513242;388.038;42.1352;25.0;0.7;286.052
1753873686.99;2.0;49.20397663;18.75513242;388.0374;42.1352;25.0;0.7;286.082
1753873687.0;2.0;49.2039767;18.75513244;388.0362;42.1352;25.0;0.7;286.173
1753873687.01;2.0;49.20397677;18.75513245;388.0353;42.1352;25.0;0.7;286.312
1753873687.02;2.0;49.20397684;18.75513246;388.0342;42.1352;25.0;0.7;286.443
1753873687.03;2.0;49.20397691;18.75513246;388.0333;42.1352;25.0;0.7;286.577
1753873687.04;2.0;49.20397698;18.75513247;388.0327;42.1352;25.0;0.7;286.687
1753873687.05;2.0;49.20397705;18.75513248;388.0324;42.1352;25.0;0.7;286.803
1753873687.06;2.0;49.20397712;18.75513249;388.0317;42.1352;25.0;0.7;286.941
1753873687.07;2.0;49.20397719;18.7551325;388.031;42.1352;25.0;0.7;287.061
1753873687.08;2.0;49.20397726;18.7551325;388.0302;42.1352;24.0;0.7;287.124
1753873687.09;2.0;49.20397733;18.75513252;388.0289;42.1352;24.0;0.7;287.123
1753873687.1;2.0;49.20397741;18.75513253;388.028;42.1352;24.0;0.7;287.161
1753873687.11;2.0;49.20397748;18.75513254;388.027;42.1352;24.0;0.7;287.192
1753873687.12;2.0;49.20397756;18.75513256;388.0259;42.1352;24.0;0.7;287.146
1753873687.13;2.0;49.20397764;18.75513258;388.0247;42.1352;24.0;0.7;287.11
1753873687.14;2.0;49.20397772;18.7551326;388.0239;42.1352;24.0;0.7;287.106
1753873687.15;2.0;49.20397779;18.75513263;388.0231;42.1352;24.0;0.7;287.058
1753873687.16;2.0;49.20397787;18.75513265;388.0226;42.1352;24.0;0.7;287.014
1753873687.17;2.0;49.20397794;18.75513267;388.0224;42.1352;24.0;0.7;286.966
1753873687.18;2.0;49.20397801;18.75513268;388.0227;42.1352;24.0;0.7;286.992
1753873687.19;2.0;49.20397808;18.75513269;388.0229;42.1352;24.0;0.7;287.069
1753873687.2;2.0;49.20397815;18.75513271;388.0228;42.1352;24.0;0.7;287.089
1753873687.21;2.0;49.20397822;18.75513273;388.0224;42.1352;24.0;0.7;287.075
1753873687.22;2.0;49.2039783;18.75513275;388.0222;42.1352;24.0;0.7;287.048
1753873687.23;2.0;49.20397837;18.75513277;388.0217;42.1352;24.0;0.7;287.021
1753873687.24;2.0;49.20397844;18.7551328;388.0209;42.1352;24.0;0.7;286.965
1753873687.25;2.0;49.20397852;18.75513283;388.0198;42.1352;24.0;0.7;286.866
1753873687.26;2.0;49.2039786;18.75513286;388.0185;42.1352;24.0;0.7;286.754
1753873687.27;2.0;49.20397868;18.7551329;388.0175;42.1352;24.0;0.7;286.624
1753873687.28;2.0;49.20397876;18.75513293;388.0166;42.1352;24.0;0.7;286.597
1753873687.29;2.0;49.20397884;18.75513297;388.0163;42.1352;24.0;0.7;286.581
1753873687.3;2.0;49.20397891;18.755133;388.0159;42.1352;24.0;0.7;286.596
1753873687.31;2.0;49.20397899;18.75513302;388.016;42.1352;24.0;0.7;286.582
1753873687.32;2.0;49.20397907;18.75513305;388.0164;42.1352;24.0;0.7;286.586
1753873687.33;2.0;49.20397915;18.75513308;388.0173;42.1352;24.0;0.7;286.57
1753873687.34;2.0;49.20397923;18.75513311;388.0182;42.1352;24.0;0.7;286.494
1753873687.35;2.0;49.2039793;18.75513314;388.0187;42.1352;24.0;0.7;286.419
1753873687.36;2.0;49.20397938;18.75513318;388.0187;42.1352;24.0;0.7;286.407
1753873687.37;2.0;49.20397946;18.75513321;388.0186;42.1352;24.0;0.7;286.414
1753873687.38;2.0;49.20397954;18.75513325;388.0181;42.1352;24.0;0.7;286.376
1753873687.39;2.0;49.20397962;18.75513328;388.0175;42.1352;24.0;0.7;286.321
1753873687.4;2.0;49.2039797;18.75513332;388.017;42.1352;24.0;0.7;286.289
1753873687.41;2.0;49.20397978;18.75513336;388.0164;42.1352;24.0;0.7;286.25
1753873687.42;2.0;49.20397985;18.7551334;388.0159;42.1352;24.0;0.7;286.255
1753873687.43;2.0;49.20397993;18.75513343;388.016;42.1352;24.0;0.7;286.243
1753873687.44;2.0;49.20398001;18.75513345;388.0161;42.1352;24.0;0.7;286.256
1753873687.45;2.0;49.20398008;18.75513348;388.0162;42.1352;24.0;0.7;286.322
1753873687.46;2.0;49.20398016;18.7551335;388.0161;42.1352;24.0;0.7;286.411
1753873687.47;2.0;49.20398023;18.75513353;388.0167;42.1352;24.0;0.7;286.503
1753873687.48;2.0;49.2039803;18.75513355;388.0169;42.1352;24.0;0.7;286.579
1753873687.49;2.0;49.20398038;18.75513358;388.0164;42.1352;24.0;0.7;286.615
1753873687.5;2.0;49.20398045;18.75513362;388.0161;42.1352;24.0;0.7;286.662
1753873687.51;2.0;49.20398053;18.75513365;388.0159;42.1352;24.0;0.7;286.672
1753873687.52;2.0;49.2039806;18.75513368;388.0156;42.1352;24.0;0.7;286.6
1753873687.53;2.0;49.20398068;18.75513372;388.0155;42.1352;24.0;0.7;286.502
1753873687.54;2.0;49.20398075;18.75513375;388.0158;42.1352;24.0;0.7;286.434
1753873687.55;2.0;49.20398083;18.75513378;388.0156;42.1352;24.0;0.7;286.365
1753873687.56;2.0;49.2039809;18.75513381;388.0147;42.1352;24.0;0.7;286.219
1753873687.57;2.0;49.20398098;18.75513385;388.0142;42.1352;24.0;0.7;286.095
1753873687.58;2.0;49.20398106;18.75513388;388.0135;42.1352;24.0;0.7;285.945
1753873687.59;2.0;49.20398113;18.75513392;388.0131;42.1352;24.0;0.7;285.83
1753873687.6;2.0;49.2039812;18.75513395;388.0131;42.1352;24.0;0.7;285.83
1753873687.61;2.0;49.20398127;18.75513397;388.0134;42.1352;24.0;0.7;285.791
1753873687.62;2.0;49.20398135;18.75513399;388.0134;42.1352;24.0;0.7;285.801
1753873687.63;2.0;49.20398142;18.75513401;388.0137;42.1352;24.0;0.7;285.832
1753873687.64;2.0;49.20398149;18.75513403;388.0144;42.1352;24.0;0.7;285.888
1753873687.65;2.0;49.20398156;18.75513404;388.0149;42.1352;24.0;0.7;285.893
1753873687.66;2.0;49.20398163;18.75513406;388.0151;42.1352;24.0;0.7;285.889
1753873687.67;2.0;49.2039817;18.75513409;388.0151;42.1352;24.0;0.7;285.878
1753873687.68;2.0;49.20398177;18.75513411;388.015;42.1352;24.0;0.7;285.862
1753873687.69;2.0;49.20398184;18.75513413;388.0149;42.1352;24.0;0.7;285.817
1753873687.7;2.0;49.20398191;18.75513416;388.0138;42.1352;24.0;0.7;285.736
1753873687.71;2.0;49.20398198;18.75513418;388.0125;42.1352;24.0;0.7;285.642
1753873687.72;2.0;49.20398205;18.7551342;388.0114;42.1352;24.0;0.7;285.56
1753873687.73;2.0;49.20398211;18.75513421;388.0106;42.1352;24.0;0.7;285.513
1753873687.74;2.0;49.20398218;18.75513423;388.0096;42.1352;24.0;0.7;285.481
1753873687.75;2.0;49.20398224;18.75513425;388.0086;42.1352;24.0;0.7;285.499
1753873687.76;2.0;49.20398231;18.75513426;388.0076;42.1352;24.0;0.7;285.55
1753873687.77;2.0;49.20398237;18.75513428;388.0064;42.1352;24.0;0.7;285.655
1753873687.78;2.0;49.20398244;18.7551343;388.0052;42.1352;24.0;0.7;285.739
1753873687.79;2.0;49.2039825;18.75513432;388.0038;42.1352;24.0;0.7;285.769
1753873687.8;2.0;49.20398257;18.75513435;388.0024;42.1352;24.0;0.7;285.802
1753873687.81;2.0;49.20398264;18.75513438;388.0006;42.1352;24.0;0.7;285.818
1753873687.82;2.0;49.2039827;18.75513441;387.9988;42.1352;24.0;0.7;285.855
1753873687.83;2.0;49.20398277;18.75513443;387.9969;42.1352;24.0;0.7;285.843
1753873687.84;2.0;49.20398284;18.75513446;387.995;42.1352;24.0;0.7;285.782
1753873687.85;2.0;49.2039829;18.75513447;387.9937;42.1352;24.0;0.7;285.734
1753873687.86;2.0;49.20398297;18.75513448;387.9931;42.1352;24.0;0.7;285.695
1753873687.87;2.0;49.20398303;18.7551345;387.9925;42.1352;24.0;0.7;285.707
1753873687.88;2.0;49.20398309;18.75513451;387.9924;42.1352;24.0;0.7;285.775
1753873687.89;2.0;49.20398314;18.75513451;387.9925;42.1352;24.0;0.7;285.835
1753873687.9;2.0;49.20398321;18.75513451;387.9924;42.1352;24.0;0.7;285.901
1753873687.91;2.0;49.20398326;18.75513452;387.9921;42.1352;24.0;0.7;285.946
1753873687.92;2.0;49.20398332;18.75513452;387.992;42.1352;24.0;0.7;286.023
1753873687.93;2.0;49.20398338;18.75513452;387.9914;42.1352;24.0;0.7;286.124
1753873687.94;2.0;49.20398344;18.75513453;387.9902;42.1352;24.0;0.7;286.17
1753873687.95;2.0;49.2039835;18.75513454;387.9888;42.1352;24.0;0.7;286.188
1753873687.96;2.0;49.20398357;18.75513455;387.9869;42.1352;24.0;0.7;286.155
1753873687.97;2.0;49.20398364;18.75513456;387.9847;42.1352;24.0;0.7;286.084
1753873687.98;2.0;49.20398371;18.75513458;387.9822;42.1352;24.0;0.7;285.956
1753873687.99;2.0;49.20398377;18.7551346;387.98;42.1352;24.0;0.7;285.895
1753873688.0;2.0;49.20398384;18.75513461;387.9779;42.1352;24.0;0.7;285.815
1753873688.01;2.0;49.20398391;18.75513462;387.9761;42.1352;24.0;0.7;285.674
1753873688.02;2.0;49.20398397;18.75513464;387.975;42.1352;24.0;0.7;285.576
1753873688.03;2.0;49.20398403;18.75513465;387.9741;42.1352;24.0;0.7;285.52
1753873688.04;2.0;49.2039841;18.75513466;387.9736;42.1352;24.0;0.7;285.547
1753873688.05;2.0;49.20398416;18.75513467;387.9732;42.1352;24.0;0.7;285.557
1753873688.06;2.0;49.20398422;18.75513469;387.973;42.1352;24.0;0.7;285.553
1753873688.07;2.0;49.20398428;18.7551347;387.9723;42.1352;24.0;0.7;285.556
1753873688.08;2.0;49.20398435;18.75513473;387.9716;42.1352;25.0;0.7;285.545
1753873688.09;2.0;49.20398442;18.75513475;387.971;42.1352;25.0;0.7;285.525
1753873688.1;2.0;49.20398449;18.75513477;387.9702;42.1352;25.0;0.7;285.519
1753873688.11;2.0;49.20398456;18.75513479;387.969;42.1352;25.0;0.7;285.52
1753873688.12;2.0;49.20398462;18.75513481;387.9673;42.1352;25.0;0.7;285.458
1753873688.13;2.0;49.20398469;18.75513483;387.9651;42.1352;25.0;0.7;285.392
1753873688.14;2.0;49.20398476;18.75513485;387.9627;42.1352;25.0;0.7;285.305
1753873688.15;2.0;49.20398483;18.75513487;387.9606;42.1352;25.0;0.7;285.209
1753873688.16;2.0;49.2039849;18.7551349;387.9589;42.1352;25.0;0.7;285.125
1753873688.17;2.0;49.20398496;18.75513491;387.9574;42.1352;25.0;0.7;285.108
1753873688.18;2.0;49.20398503;18.75513493;387.9565;42.1352;25.0;0.7;285.142
1753873688.19;2.0;49.20398509;18.75513494;387.9561;42.1352;25.0;0.7;285.17
1753873688.2;2.0;49.20398515;18.75513495;387.9556;42.1352;25.0;0.7;285.277
1753873688.21;2.0;49.20398521;18.75513495;387.9551;42.1352;25.0;0.7;285.429
1753873688.22;2.0;49.20398528;18.75513495;387.9551;42.1352;25.0;0.7;285.569
1753873688.23;2.0;49.20398534;18.75513496;387.9548;42.1352;25.0;0.7;285.665
1753873688.24;2.0;49.20398541;18.75513498;387.9544;42.1352;25.0;0.7;285.675
1753873688.25;2.0;49.20398548;18.75513499;387.9535;42.1352;25.0;0.7;285.654
1753873688.26;2.0;49.20398554;18.75513502;387.9526;42.1352;25.0;0.7;285.634
1753873688.27;2.0;49.20398562;18.75513504;387.9515;42.1352;25.0;0.7;285.61
1753873688.28;2.0;49.20398569;18.75513506;387.9507;42.1352;25.0;0.7;285.567
1753873688.29;2.0;49.20398576;18.75513508;387.9501;42.1352;25.0;0.7;285.512
1753873688.3;2.0;49.20398582;18.75513509;387.9497;42.1352;25.0;0.7;285.442
1753873688.31;2.0;49.20398589;18.75513511;387.9491;42.1352;25.0;0.7;285.444
1753873688.32;2.0;49.20398596;18.75513513;387.9482;42.1352;25.0;0.7;285.473
1753873688.33;2.0;49.20398603;18.75513514;387.947;42.1352;25.0;0.7;285.536
1753873688.34;2.0;49.20398609;18.75513515;387.9456;42.1352;25.0;0.7;285.591
1753873688.35;2.0;49.20398616;18.75513516;387.9444;42.1352;25.0;0.7;285.682
1753873688.36;2.0;49.20398623;18.75513516;387.9438;42.1352;25.0;0.7;285.683
1753873688.37;2.0;49.20398629;18.75513518;387.9428;42.1352;25.0;0.7;285.645
1753873688.38;2.0;49.20398636;18.75513519;387.9411;42.1352;25.0;0.7;285.683
1753873688.39;2.0;49.20398643;18.7551352;387.939;42.1352;25.0;0.7;285.75
1753873688.4;2.0;49.2039865;18.7551352;387.937;42.1352;25.0;0.7;285.769
1753873688.41;2.0;49.20398657;18.75513521;387.935;42.1352;25.0;0.7;285.717
1753873688.42;2.0;49.20398664;18.75513522;387.9329;42.1352;25.0;0.7;285.632
1753873688.43;2.0;49.20398671;18.75513523;387.9307;42.1352;25.0;0.7;285.531
1753873688.44;2.0;49.20398678;18.75513523;387.9285;42.1352;25.0;0.7;285.479
1753873688.45;2.0;49.20398685;18.75513524;387.9266;42.1352;25.0;0.7;285.476
1753873688.46;2.0;49.20398693;18.75513525;387.9252;42.1352;25.0;0.7;285.508
1753873688.47;2.0;49.203987;18.75513526;387.9239;42.1352;25.0;0.7;285.489
1753873688.48;2.0;49.20398707;18.75513526;387.9225;42.1352;25.0;0.7;285.531
1753873688.49;2.0;49.20398714;18.75513527;387.921;42.1352;25.0;0.7;285.546
1753873688.5;2.0;49.20398721;18.75513528;387.9198;42.1352;25.0;0.7;285.625
1753873688.51;2.0;49.20398729;18.75513529;387.9181;42.1352;25.0;0.7;285.701
1753873688.52;2.0;49.20398736;18.7551353;387.9165;42.1352;25.0;0.7;285.761
1753873688.53;2.0;49.20398744;18.75513532;387.9152;42.1352;25.0;0.7;285.734
1753873688.54;2.0;49.20398751;18.75513534;387.9139;42.1352;25.0;0.7;285.654
1753873688.55;2.0;49.20398758;18.75513535;387.9125;42.1352;25.0;0.7;285.584
1753873688.56;2.0;49.20398765;18.75513536;387.9121;42.1352;25.0;0.7;285.59
1753873688.57;2.0;49.20398773;18.75513537;387.9124;42.1352;25.0;0.7;285.589
1753873688.58;2.0;49.20398778;18.75513539;387.9138;42.1352;25.0;0.7;285.599
1753873688.59;2.0;49.20398784;18.75513542;387.9152;42.1352;25.0;0.7;285.6
1753873688.6;2.0;49.20398789;18.75513544;387.9164;42.1352;25.0;0.7;285.655
1753873688.61;2.0;49.20398794;18.75513547;387.9173;42.1352;25.0;0.7;285.743
1753873688.62;2.0;49.203988;18.7551355;387.918;42.1352;25.0;0.7;285.849
1753873688.63;2.0;49.20398805;18.75513553;387.9184;42.1352;25.0;0.7;285.921
1753873688.64;2.0;49.2039881;18.75513555;387.919;42.1352;25.0;0.7;285.922
1753873688.65;2.0;49.20398815;18.75513557;387.9198;42.1352;25.0;0.7;285.944
1753873688.66;2.0;49.20398821;18.75513559;387.9203;42.1352;25.0;0.7;286.006
1753873688.67;2.0;49.20398826;18.75513562;387.9197;42.1352;25.0;0.7;286.021
1753873688.68;2.0;49.20398832;18.75513564;387.9185;42.1352;25.0;0.7;286.028
1753873688.69;2.0;49.20398838;18.75513567;387.917;42.1352;25.0;0.7;286.081
1753873688.7;2.0;49.20398844;18.7551357;387.9156;42.1352;25.0;0.7;286.08
1753873688.71;2.0;49.20398851;18.75513573;387.9142;42.1352;25.0;0.7;286.076
1753873688.72;2.0;49.20398857;18.75513576;387.9139;42.1352;25.0;0.7;286.045
1753873688.73;2.0;49.20398863;18.75513578;387.9134;42.1352;25.0;0.7;286.019
1753873688.74;2.0;49.20398869;18.75513581;387.9127;42.1352;25.0;0.7;286.011
1753873688.75;2.0;49.20398876;18.75513583;387.9117;42.1352;25.0;0.7;286.014
1753873688.76;2.0;49.20398882;18.75513586;387.9106;42.1352;25.0;0.7;286.04
1753873688.77;2.0;49.20398889;18.75513588;387.9094;42.1352;25.0;0.7;286.049
1753873688.78;2.0;49.20398895;18.75513589;387.9089;42.1352;25.0;0.7;286.083
1753873688.79;2.0;49.20398902;18.75513591;387.9082;42.1352;25.0;0.7;286.119
1753873688.8;2.0;49.20398908;18.75513593;387.9072;42.1352;25.0;0.7;286.141
1753873688.81;2.0;49.20398915;18.75513594;387.9058;42.1352;25.0;0.7;286.214
1753873688.82;2.0;49.20398921;18.75513596;387.9042;42.1352;25.0;0.7;286.265
1753873688.83;2.0;49.20398928;18.75513597;387.9024;42.1352;25.0;0.7;286.292
1753873688.84;2.0;49.20398935;18.75513597;387.9009;42.1352;25.0;0.7;286.322
1753873688.85;2.0;49.20398942;18.75513598;387.8999;42.1352;25.0;0.7;286.326
1753873688.86;2.0;49.20398949;18.75513598;387.8993;42.1352;25.0;0.7;286.257
1753873688.87;2.0;49.20398955;18.75513598;387.8984;42.1352;25.0;0.7;286.187
1753873688.88;2.0;49.20398962;18.75513597;387.8976;42.1352;25.0;0.7;286.114
1753873688.89;2.0;49.20398969;18.75513597;387.8973;42.1352;25.0;0.7;286.008
1753873688.9;2.0;49.20398975;18.75513596;387.8971;42.1352;25.0;0.7;285.907
1753873688.91;2.0;49.20398981;18.75513596;387.8968;42.1352;25.0;0.7;285.869
1753873688.92;2.0;49.20398988;18.75513595;387.8966;42.1352;25.0;0.7;285.862
1753873688.93;2.0;49.20398994;18.75513595;387.8964;42.1352;25.0;0.7;285.848
1753873688.94;2.0;49.20399001;18.75513595;387.8957;42.1352;25.0;0.7;285.847
1753873688.95;2.0;49.20399007;18.75513596;387.8946;42.1352;25.0;0.7;285.881
1753873688.96;2.0;49.20399014;18.75513596;387.8932;42.1352;25.0;0.7;285.883
1753873688.97;2.0;49.2039902;18.75513597;387.8918;42.1352;25.0;0.7;285.921
1753873688.98;2.0;49.20399027;18.75513598;387.89;42.1352;25.0;0.7;285.951
1753873688.99;2.0;49.20399034;18.75513599;387.8876;42.1352;25.0;0.7;285.958
1753873689.0;2.0;49.20399041;18.75513601;387.885;42.1352;25.0;0.7;285.941
1753873689.01;2.0;49.20399048;18.75513603;387.8832;42.1352;25.0;0.7;285.91
1753873689.02;2.0;49.20399055;18.75513604;387.882;42.1352;25.0;0.7;285.892
1753873689.03;2.0;49.20399062;18.75513605;387.8807;42.1352;25.0;0.7;285.896
1753873689.04;2.0;49.20399068;18.75513606;387.8793;42.1352;25.0;0.7;285.95
1753873689.05;2.0;49.20399075;18.75513606;387.8776;42.1352;25.0;0.7;286.018
1753873689.06;2.0;49.20399081;18.75513607;387.8764;42.1352;25.0;0.7;286.065
1753873689.07;2.0;49.20399088;18.75513608;387.8751;42.1352;25.0;0.7;286.09
1753873689.08;2.0;49.20399094;18.75513608;387.8733;42.1352;26.0;0.6;286.14
1753873689.09;2.0;49.20399101;18.75513609;387.8713;42.1352;26.0;0.6;286.13
1753873689.1;2.0;49.20399108;18.7551361;387.8696;42.1352;26.0;0.6;286.086
1753873689.11;2.0;49.20399115;18.75513611;387.8682;42.1352;26.0;0.6;286.063
1753873689.12;2.0;49.20399121;18.75513612;387.8668;42.1352;26.0;0.6;286.035
1753873689.13;2.0;49.20399128;18.75513613;387.8651;42.1352;26.0;0.6;285.966
1753873689.14;2.0;49.20399134;18.75513614;387.8636;42.1352;26.0;0.6;285.907
1753873689.15;2.0;49.20399141;18.75513615;387.862;42.1352;26.0;0.6;285.89
1753873689.16;2.0;49.20399147;18.75513615;387.8608;42.1352;26.0;0.6;285.896
1753873689.17;2.0;49.20399154;18.75513616;387.8601;42.1352;26.0;0.6;285.898
1753873689.18;2.0;49.2039916;18.75513616;387.8592;42.1352;26.0;0.6;285.917
1753873689.19;2.0;49.20399166;18.75513616;387.8587;42.1352;26.0;0.6;285.993
1753873689.2;2.0;49.20399173;18.75513617;387.8582;42.1352;26.0;0.6;286.074
1753873689.21;2.0;49.20399179;18.75513618;387.8576;42.1352;26.0;0.6;286.089
1753873689.22;2.0;49.20399186;18.75513619;387.8567;42.1352;26.0;0.6;286.037
1753873689.23;2.0;49.20399192;18.7551362;387.856;42.1352;26.0;0.6;286.031
1753873689.24;2.0;49.20399199;18.75513621;387.8551;42.1352;26.0;0.6;286.067
1753873689.25;2.0;49.20399205;18.75513623;387.8542;42.1352;26.0;0.6;286.036
1753873689.26;2.0;49.20399212;18.75513623;387.8534;42.1352;26.0;0.6;286.037
1753873689.27;2.0;49.20399218;18.75513624;387.8527;42.1352;26.0;0.6;286.037
1753873689.28;2.0;49.20399225;18.75513626;387.8519;42.1352;26.0;0.6;286.026
1753873689.29;2.0;49.20399233;18.75513628;387.8506;42.1352;26.0;0.6;285.982
1753873689.3;2.0;49.2039924;18.75513629;387.8496;42.1352;26.0;0.6;285.909
1753873689.31;2.0;49.20399247;18.75513631;387.8488;42.1352;26.0;0.6;285.931
1753873689.32;2.0;49.20399254;18.75513633;387.8479;42.1352;26.0;0.6;285.976
1753873689.33;2.0;49.20399261;18.75513635;387.8477;42.1352;26.0;0.6;286.014
1753873689.34;2.0;49.20399267;18.75513636;387.8476;42.1352;26.0;0.6;286.05
1753873689.35;2.0;49.20399274;18.75513637;387.8469;42.1352;26.0;0.6;286.052
1753873689.36;2.0;49.20399281;18.75513639;387.8457;42.1352;26.0;0.6;286.019
1753873689.37;2.0;49.20399287;18.7551364;387.8444;42.1352;26.0;0.6;285.975
1753873689.38;2.0;49.20399294;18.75513642;387.8434;42.1352;26.0;0.6;285.899
1753873689.39;2.0;49.20399302;18.75513644;387.842;42.1352;26.0;0.6;285.837
1753873689.4;2.0;49.20399308;18.75513645;387.841;42.1352;26.0;0.6;285.741
1753873689.41;2.0;49.20399315;18.75513646;387.8404;42.1352;26.0;0.6;285.662
1753873689.42;2.0;49.20399322;18.75513646;387.8399;42.1352;26.0;0.6;285.612
1753873689.43;2.0;49.20399328;18.75513647;387.8394;42.1352;26.0;0.6;285.628
1753873689.44;2.0;49.20399335;18.75513648;387.8391;42.1352;26.0;0.6;285.684
1753873689.45;2.0;49.20399341;18.7551365;387.8386;42.1352;26.0;0.6;285.756
1753873689.46;2.0;49.20399348;18.75513651;387.8383;42.1352;26.0;0.6;285.78
1753873689.47;2.0;49.20399355;18.75513653;387.8383;42.1352;26.0;0.6;285.767
1753873689.48;2.0;49.20399361;18.75513654;387.8387;42.1352;26.0;0.6;285.761
1753873689.49;2.0;49.20399368;18.75513655;387.8394;42.1352;26.0;0.6;285.698
1753873689.5;2.0;49.20399375;18.75513657;387.8403;42.1352;26.0;0.6;285.638
1753873689.51;2.0;49.20399382;18.75513658;387.8411;42.1352;26.0;0.6;285.587
1753873689.52;2.0;49.20399389;18.7551366;387.8416;42.1352;26.0;0.6;285.474
1753873689.53;2.0;49.20399396;18.75513661;387.8418;42.1352;26.0;0.6;285.378
1753873689.54;2.0;49.20399402;18.75513663;387.8418;42.1352;26.0;0.6;285.236
1753873689.55;2.0;49.20399409;18.75513665;387.8408;42.1352;26.0;0.6;285.059
1753873689.56;2.0;49.20399416;18.75513666;387.8394;42.1352;26.0;0.6;284.906
1753873689.57;2.0;49.20399423;18.75513667;387.8383;42.1352;26.0;0.6;284.861
1753873689.58;2.0;49.2039943;18.7551367;387.838;42.1352;26.0;0.6;284.854
1753873689.59;2.0;49.20399436;18.75513672;387.8374;42.1352;26.0;0.6;284.905
1753873689.6;2.0;49.20399442;18.75513674;387.8363;42.1352;26.0;0.6;285.008
1753873689.61;2.0;49.20399448;18.75513676;387.8356;42.1352;26.0;0.6;285.102
1753873689.62;2.0;49.20399454;18.75513678;387.8349;42.1352;26.0;0.6;285.175
1753873689.63;2.0;49.2039946;18.75513679;387.8345;42.1352;26.0;0.6;285.212
1753873689.64;2.0;49.20399466;18.7551368;387.8339;42.1352;26.0;0.6;285.244
1753873689.65;2.0;49.20399473;18.75513682;387.8329;42.1352;26.0;0.6;285.233
1753873689.66;2.0;49.20399479;18.75513683;387.832;42.1352;26.0;0.6;285.162
1753873689.67;2.0;49.20399485;18.75513684;387.8313;42.1352;26.0;0.6;285.082
1753873689.68;2.0;49.20399492;18.75513686;387.8304;42.1352;26.0;0.6;285.019
1753873689.69;2.0;49.20399498;18.75513687;387.83;42.1352;26.0;0.6;284.997
1753873689.7;2.0;49.20399504;18.75513689;387.8297;42.1352;26.0;0.6;284.975
1753873689.71;2.0;49.2039951;18.7551369;387.829;42.1352;26.0;0.6;284.931
1753873689.72;2.0;49.20399516;18.75513691;387.8291;42.1352;26.0;0.6;284.94
1753873689.73;2.0;49.20399522;18.75513692;387.8286;42.1352;26.0;0.6;284.942
1753873689.74;2.0;49.20399529;18.75513694;387.8279;42.1352;26.0;0.6;284.96
1753873689.75;2.0;49.20399535;18.75513695;387.8277;42.1352;26.0;0.6;285.028
1753873689.76;2.0;49.20399542;18.75513697;387.828;42.1352;26.0;0.6;285.161
1753873689.77;2.0;49.20399548;18.75513698;387.8276;42.1352;26.0;0.6;285.21
1753873689.78;2.0;49.20399554;18.755137;387.8267;42.1352;26.0;0.6;285.164
1753873689.79;2.0;49.20399561;18.75513701;387.8259;42.1352;26.0;0.6;285.079
1753873689.8;2.0;49.20399568;18.75513703;387.8252;42.1352;26.0;0.6;285.021
1753873689.81;2.0;49.20399574;18.75513704;387.8241;42.1352;26.0;0.6;284.93
1753873689.82;2.0;49.20399581;18.75513706;387.8228;42.1352;26.0;0.6;284.8
1753873689.83;2.0;49.20399588;18.75513707;387.821;42.1352;26.0;0.6;284.68
1753873689.84;2.0;49.20399595;18.75513709;387.8191;42.1352;26.0;0.6;284.593
1753873689.85;2.0;49.20399602;18.7551371;387.8171;42.1352;26.0;0.6;284.529
1753873689.86;2.0;49.20399608;18.75513712;387.815;42.1352;26.0;0.6;284.537
1753873689.87;2.0;49.20399615;18.75513713;387.8127;42.1352;26.0;0.6;284.571
1753873689.88;2.0;49.20399621;18.75513715;387.8105;42.1352;26.0;0.6;284.595
1753873689.89;2.0;49.20399628;18.75513716;387.8087;42.1352;26.0;0.6;284.687
1753873689.9;2.0;49.20399634;18.75513718;387.807;42.1352;26.0;0.6;284.812
1753873689.91;2.0;49.20399641;18.75513719;387.8054;42.1352;26.0;0.6;284.899
1753873689.92;2.0;49.20399647;18.7551372;387.8035;42.1352;26.0;0.6;285.009
1753873689.93;2.0;49.20399654;18.75513721;387.8021;42.1352;26.0;0.6;285.046
1753873689.94;2.0;49.20399661;18.75513723;387.8003;42.1352;26.0;0.6;285.04
1753873689.95;2.0;49.20399668;18.75513725;387.7985;42.1352;26.0;0.6;284.918
1753873689.96;2.0;49.20399675;18.75513727;387.7966;42.1352;26.0;0.6;284.814
1753873689.97;2.0;49.20399681;18.75513728;387.795;42.1352;26.0;0.6;284.764
1753873689.98;2.0;49.20399688;18.7551373;387.7942;42.1352;26.0;0.6;284.738
1753873689.99;2.0;49.20399695;18.75513731;387.7935;42.1352;26.0;0.6;284.714
1753873690.0;2.0;49.20399701;18.75513731;387.7929;42.1352;26.0;0.6;284.711
1753873690.01;2.0;49.20399708;18.75513732;387.7925;42.1352;26.0;0.6;284.719
1753873690.02;2.0;49.20399714;18.75513733;387.7917;42.1352;26.0;0.6;284.775
1753873690.03;2.0;49.2039972;18.75513733;387.7908;42.1352;26.0;0.6;284.839
1753873690.04;2.0;49.20399726;18.75513733;387.79;42.1352;26.0;0.6;284.915
1753873690.05;2.0;49.20399733;18.75513733;387.7887;42.1352;26.0;0.6;284.964
1753873690.06;2.0;49.20399739;18.75513734;387.7873;42.1352;26.0;0.6;284.973
1753873690.07;2.0;49.20399745;18.75513734;387.7861;42.1352;26.0;0.6;284.978
1753873690.08;2.0;49.20399751;18.75513734;387.785;42.1352;26.0;0.6;284.971
1753873690.09;2.0;49.20399758;18.75513735;387.7839;42.1352;26.0;0.6;284.945
1753873690.1;2.0;49.20399764;18.75513735;387.7831;42.1352;26.0;0.6;284.909
1753873690.11;2.0;49.20399769;18.75513737;387.782;42.1352;26.0;0.6;284.86
1753873690.12;2.0;49.20399775;18.75513738;387.781;42.1352;26.0;0.6;284.849
1753873690.13;2.0;49.20399781;18.75513739;387.7798;42.1352;26.0;0.6;284.804
1753873690.14;2.0;49.20399787;18.75513741;387.7789;42.1352;26.0;0.6;284.788
1753873690.15;2.0;49.20399793;18.75513742;387.7784;42.1352;26.0;0.6;284.823
1753873690.16;2.0;49.20399798;18.75513744;387.7774;42.1352;26.0;0.6;284.884
1753873690.17;2.0;49.20399803;18.75513745;387.7767;42.1352;26.0;0.6;284.933
1753873690.18;2.0;49.20399809;18.75513747;387.7759;42.1352;26.0;0.6;285.025
1753873690.19;2.0;49.20399816;18.75513749;387.775;42.1352;26.0;0.6;285.118
1753873690.2;2.0;49.20399821;18.75513752;387.7738;42.1352;26.0;0.6;285.181
1753873690.21;2.0;49.20399828;18.75513754;387.7726;42.1352;26.0;0.6;285.207
1753873690.22;2.0;49.20399834;18.75513757;387.7715;42.1352;26.0;0.6;285.18
1753873690.23;2.0;49.2039984;18.7551376;387.7703;42.1352;26.0;0.6;285.103
1753873690.24;2.0;49.20399846;18.75513763;387.7691;42.1352;26.0;0.6;284.997
1753873690.25;2.0;49.20399853;18.75513766;387.768;42.1352;26.0;0.6;284.943
1753873690.26;2.0;49.20399859;18.75513768;387.7674;42.1352;26.0;0.6;284.877
1753873690.27;2.0;49.20399865;18.75513771;387.7668;42.1352;26.0;0.6;284.785
1753873690.28;2.0;49.20399871;18.75513773;387.7661;42.1352;26.0;0.6;284.76
1753873690.29;2.0;49.20399877;18.75513775;387.7654;42.1352;26.0;0.6;284.818
1753873690.3;2.0;49.20399883;18.75513777;387.7649;42.1352;26.0;0.6;284.914
1753873690.31;2.0;49.20399889;18.75513779;387.7645;42.1352;26.0;0.6;285.012
1753873690.32;2.0;49.20399895;18.7551378;387.7641;42.1352;26.0;0.6;285.1
1753873690.33;2.0;49.20399901;18.75513782;387.763;42.1352;26.0;0.6;285.152
1753873690.34;2.0;49.20399907;18.75513785;387.7616;42.1352;26.0;0.6;285.229
1753873690.35;2.0;49.20399913;18.75513787;387.7607;42.1352;26.0;0.6;285.268
1753873690.36;2.0;49.20399919;18.75513788;387.7598;42.1352;26.0;0.6;285.302
1753873690.37;2.0;49.20399925;18.7551379;387.7589;42.1352;26.0;0.6;285.267
1753873690.38;2.0;49.20399931;18.75513792;387.7578;42.1352;26.0;0.6;285.193
1753873690.39;2.0;49.20399937;18.75513794;387.7567;42.1352;26.0;0.6;285.143
1753873690.4;2.0;49.20399943;18.75513795;387.7559;42.1352;26.0;0.6;285.115
1753873690.41;2.0;49.20399949;18.75513797;387.7558;42.1352;26.0;0.6;285.139
1753873690.42;2.0;49.20399955;18.75513798;387.756;42.1352;26.0;0.6;285.192
1753873690.43;2.0;49.2039996;18.75513799;387.7565;42.1352;26.0;0.6;285.258
1753873690.44;2.0;49.20399966;18.755138;387.757;42.1352;26.0;0.6;285.306
1753873690.45;2.0;49.20399972;18.75513802;387.7569;42.1352;26.0;0.6;285.375
1753873690.46;2.0;49.20399977;18.75513804;387.7562;42.1352;26.0;0.6;285.462
1753873690.47;2.0;49.20399983;18.75513806;387.7557;42.1352;26.0;0.6;285.563
1753873690.48;2.0;49.20399989;18.75513808;387.7553;42.1352;26.0;0.6;285.636
1753873690.49;2.0;49.20399995;18.7551381;387.7549;42.1352;26.0;0.6;285.706
1753873690.5;2.0;49.20400001;18.75513812;387.7541;42.1352;26.0;0.6;285.738
1753873690.51;2.0;49.20400008;18.75513816;387.753;42.1352;26.0;0.6;285.746
1753873690.52;2.0;49.20400014;18.75513819;387.7521;42.1352;26.0;0.6;285.679
1753873690.53;2.0;49.2040002;18.75513822;387.7516;42.1352;26.0;0.6;285.503
1753873690.54;2.0;49.20400026;18.75513824;387.7513;42.1352;26.0;0.6;285.364
1753873690.55;2.0;49.20400033;18.75513826;387.7512;42.1352;26.0;0.6;285.29
1753873690.56;2.0;49.20400038;18.75513828;387.7511;42.1352;26.0;0.6;285.19
1753873690.57;2.0;49.20400044;18.75513829;387.7516;42.1352;26.0;0.6;285.13
1753873690.58;2.0;49.20400049;18.75513831;387.7526;42.1352;26.0;0.6;285.116
1753873690.59;2.0;49.20400054;18.75513833;387.7536;42.1352;26.0;0.6;285.12
1753873690.6;2.0;49.2040006;18.75513834;387.7549;42.1352;25.0;0.7;285.177
1753873690.61;2.0;49.20400065;18.75513836;387.7562;42.1352;25.0;0.7;285.16
1753873690.62;2.0;49.2040007;18.75513838;387.7571;42.1352;25.0;0.7;285.127
1753873690.63;2.0;49.20400077;18.7551384;387.7579;42.1352;25.0;0.7;285.096
1753873690.64;2.0;49.20400083;18.75513842;387.7589;42.1352;25.0;0.7;285.066
1753873690.65;2.0;49.20400089;18.75513845;387.7595;42.1352;25.0;0.7;285.039
1753873690.66;2.0;49.20400095;18.75513848;387.7603;42.1352;25.0;0.7;285.052
1753873690.67;2.0;49.20400101;18.7551385;387.7621;42.1352;25.0;0.7;285.137
1753873690.68;2.0;49.20400107;18.75513851;387.7652;42.1352;25.0;0.7;285.329
1753873690.69;2.0;49.20400112;18.75513853;387.7689;42.1352;25.0;0.7;285.501
1753873690.7;2.0;49.20400118;18.75513855;387.7718;42.1352;25.0;0.7;285.596
1753873690.71;2.0;49.20400124;18.75513856;387.7744;42.1352;25.0;0.7;285.567
1753873690.72;2.0;49.2040013;18.75513859;387.777;42.1352;25.0;0.7;285.525
1753873690.73;2.0;49.20400136;18.75513862;387.779;42.1352;25.0;0.7;285.451
1753873690.74;2.0;49.20400142;18.75513865;387.7806;42.1352;25.0;0.7;285.397
1753873690.75;2.0;49.20400149;18.75513869;387.7815;42.1352;25.0;0.7;285.325
1753873690.76;2.0;49.20400155;18.75513873;387.7818;42.1352;25.0;0.7;285.21
1753873690.77;2.0;49.20400162;18.75513877;387.7821;42.1352;25.0;0.7;285.1
1753873690.78;2.0;49.20400168;18.7551388;387.7828;42.1352;25.0;0.7;285.036
1753873690.79;2.0;49.20400174;18.75513883;387.7837;42.1352;25.0;0.7;285.024
1753873690.8;2.0;49.2040018;18.75513885;387.7847;42.1352;25.0;0.7;285.087
1753873690.81;2.0;49.20400187;18.75513888;387.7856;42.1352;25.0;0.7;285.143
1753873690.82;2.0;49.20400193;18.7551389;387.7865;42.1352;25.0;0.7;285.193
1753873690.83;2.0;49.20400198;18.75513892;387.7876;42.1352;25.0;0.7;285.233
1753873690.84;2.0;49.20400204;18.75513894;387.7887;42.1352;25.0;0.7;285.227
1753873690.85;2.0;49.20400209;18.75513896;387.7894;42.1352;25.0;0.7;285.229
1753873690.86;2.0;49.20400215;18.75513898;387.7902;42.1352;25.0;0.7;285.234
1753873690.87;2.0;49.20400221;18.75513901;387.791;42.1352;25.0;0.7;285.279
1753873690.88;2.0;49.20400227;18.75513903;387.7917;42.1352;25.0;0.7;285.284
1753873690.89;2.0;49.20400233;18.75513906;387.7924;42.1352;25.0;0.7;285.21
1753873690.9;2.0;49.20400239;18.75513908;387.7926;42.1352;25.0;0.7;285.168
1753873690.91;2.0;49.20400245;18.75513911;387.7927;42.1352;25.0;0.7;285.164
1753873690.92;2.0;49.20400251;18.75513914;387.7924;42.1352;25.0;0.7;285.157
1753873690.93;2.0;49.20400258;18.75513918;387.7921;42.1352;25.0;0.7;285.135
1753873690.94;2.0;49.20400264;18.7551392;387.7919;42.1352;25.0;0.7;285.128
1753873690.95;2.0;49.20400271;18.75513923;387.7928;42.1352;25.0;0.7;285.161
1753873690.96;2.0;49.20400277;18.75513925;387.7943;42.1352;25.0;0.7;285.215
1753873690.97;2.0;49.20400283;18.75513928;387.7957;42.1352;25.0;0.7;285.255
1753873690.98;2.0;49.20400289;18.7551393;387.7968;42.1352;25.0;0.7;285.262
1753873690.99;2.0;49.20400295;18.75513933;387.7978;42.1352;25.0;0.7;285.273
1753873691.0;2.0;49.20400301;18.75513936;387.799;42.1352;25.0;0.7;285.279
1753873691.01;2.0;49.20400308;18.75513938;387.8003;42.1352;25.0;0.7;285.321
1753873691.02;2.0;49.20400314;18.75513941;387.8014;42.1352;25.0;0.7;285.393
1753873691.03;2.0;49.2040032;18.75513943;387.8021;42.1352;25.0;0.7;285.403
1753873691.04;2.0;49.20400327;18.75513945;387.8025;42.1352;25.0;0.7;285.357
1753873691.05;2.0;49.20400334;18.75513947;387.8022;42.1352;25.0;0.7;285.343
1753873691.06;2.0;49.2040034;18.7551395;387.8017;42.1352;25.0;0.7;285.334
1753873691.07;2.0;49.20400347;18.75513952;387.8015;42.1352;25.0;0.7;285.293
1753873691.08;2.0;49.20400354;18.75513954;387.8018;42.1352;25.0;0.6;285.228
1753873691.09;2.0;49.20400361;18.75513955;387.8021;42.1352;25.0;0.6;285.133
1753873691.1;2.0;49.20400368;18.75513958;387.8019;42.1352;25.0;0.6;285.041
1753873691.11;2.0;49.20400374;18.75513959;387.8012;42.1352;25.0;0.6;284.974
1753873691.12;2.0;49.20400381;18.75513962;387.8003;42.1352;25.0;0.6;284.92
1753873691.13;2.0;49.20400387;18.75513965;387.7998;42.1352;25.0;0.6;284.902
1753873691.14;2.0;49.20400394;18.75513968;387.7993;42.1352;25.0;0.6;284.955
1753873691.15;2.0;49.20400401;18.75513971;387.7986;42.1352;25.0;0.6;284.999
1753873691.16;2.0;49.20400408;18.75513974;387.798;42.1352;25.0;0.6;285.036
1753873691.17;2.0;49.20400414;18.75513978;387.7976;42.1352;25.0;0.6;285.051
1753873691.18;2.0;49.20400421;18.75513981;387.7969;42.1352;25.0;0.6;285.024
1753873691.19;2.0;49.20400428;18.75513985;387.7961;42.1352;25.0;0.6;285.005
1753873691.2;2.0;49.20400435;18.75513989;387.7953;42.1352;25.0;0.6;285.004
1753873691.21;2.0;49.20400442;18.75513994;387.7947;42.1352;25.0;0.6;284.961
1753873691.22;2.0;49.2040045;18.75513998;387.7947;42.1352;25.0;0.6;284.827
1753873691.23;2.0;49.20400457;18.75514001;387.7951;42.1352;25.0;0.6;284.711
1753873691.24;2.0;49.20400464;18.75514004;387.7954;42.1352;25.0;0.6;284.597
1753873691.25;2.0;49.20400472;18.75514008;387.7958;42.1352;25.0;0.6;284.518
1753873691.26;2.0;49.20400479;18.75514012;387.7962;42.1352;25.0;0.6;284.509
1753873691.27;2.0;49.20400486;18.75514015;387.7967;42.1352;25.0;0.6;284.521
1753873691.28;2.0;49.20400494;18.75514018;387.7963;42.1352;25.0;0.6;284.46
1753873691.29;2.0;49.20400501;18.75514022;387.796;42.1352;25.0;0.6;284.465
1753873691.3;2.0;49.20400508;18.75514025;387.7958;42.1352;25.0;0.6;284.544
1753873691.31;2.0;49.20400515;18.75514028;387.7955;42.1352;25.0;0.6;284.641
1753873691.32;2.0;49.20400523;18.75514031;387.7953;42.1352;25.0;0.6;284.747
1753873691.33;2.0;49.2040053;18.75514033;387.795;42.1352;25.0;0.6;284.82
1753873691.34;2.0;49.20400537;18.75514036;387.7944;42.1352;25.0;0.6;284.892
1753873691.35;2.0;49.20400544;18.75514039;387.7936;42.1352;25.0;0.6;284.985
1753873691.36;2.0;49.20400552;18.75514042;387.7925;42.1352;25.0;0.6;285.016
1753873691.37;2.0;49.20400559;18.75514044;387.7915;42.1352;25.0;0.6;285.052
1753873691.38;2.0;49.20400566;18.75514048;387.7904;42.1352;25.0;0.6;285.034
1753873691.39;2.0;49.20400573;18.75514051;387.7893;42.1352;25.0;0.6;284.995
1753873691.4;2.0;49.20400581;18.75514054;387.7887;42.1352;25.0;0.6;284.95
1753873691.41;2.0;49.20400587;18.75514058;387.7878;42.1352;25.0;0.6;284.939
1753873691.42;2.0;49.20400594;18.75514061;387.7871;42.1352;25.0;0.6;284.966
1753873691.43;2.0;49.20400602;18.75514064;387.7867;42.1352;25.0;0.6;285.007
1753873691.44;2.0;49.2040061;18.75514067;387.7865;42.1352;25.0;0.6;285.004
1753873691.45;2.0;49.20400617;18.75514071;387.7866;42.1352;25.0;0.6;285.042
1753873691.46;2.0;49.20400624;18.75514075;387.7861;42.1352;25.0;0.6;285.09
1753873691.47;2.0;49.20400632;18.75514078;387.7852;42.1352;25.0;0.6;285.139
1753873691.48;2.0;49.20400639;18.75514082;387.7846;42.1352;25.0;0.6;285.142
1753873691.49;2.0;49.20400647;18.75514086;387.784;42.1352;25.0;0.6;285.075
1753873691.5;2.0;49.20400654;18.7551409;387.7835;42.1352;25.0;0.6;284.978
1753873691.51;2.0;49.20400661;18.75514094;387.7831;42.1352;25.0;0.6;284.926
1753873691.52;2.0;49.20400669;18.75514097;387.7827;42.1352;25.0;0.6;284.842
1753873691.53;2.0;49.20400676;18.75514101;387.7826;42.1352;25.0;0.6;284.76
1753873691.54;2.0;49.20400683;18.75514105;387.7821;42.1352;25.0;0.6;284.638
1753873691.55;2.0;49.20400691;18.75514108;387.7816;42.1352;25.0;0.6;284.557
1753873691.56;2.0;49.20400698;18.75514111;387.7808;42.1352;25.0;0.6;284.527
1753873691.57;2.0;49.20400705;18.75514113;387.7801;42.1352;25.0;0.6;284.56
1753873691.58;2.0;49.20400711;18.75514115;387.7803;42.1352;25.0;0.6;284.57
1753873691.59;2.0;49.20400717;18.75514117;387.7806;42.1352;25.0;0.6;284.587
1753873691.6;2.0;49.20400723;18.75514119;387.7807;42.1352;25.0;0.6;284.604
1753873691.61;2.0;49.20400729;18.75514121;387.7808;42.1352;25.0;0.6;284.556
1753873691.62;2.0;49.20400736;18.75514123;387.7805;42.1352;25.0;0.6;284.517
1753873691.63;2.0;49.20400742;18.75514126;387.78;42.1352;25.0;0.6;284.516
1753873691.64;2.0;49.20400749;18.75514128;387.7796;42.1352;25.0;0.6;284.556
1753873691.65;2.0;49.20400755;18.7551413;387.7795;42.1352;25.0;0.6;284.549
1753873691.66;2.0;49.20400763;18.75514132;387.779;42.1352;25.0;0.6;284.478
1753873691.67;2.0;49.2040077;18.75514135;387.7787;42.1352;25.0;0.6;284.4
1753873691.68;2.0;49.20400777;18.75514137;387.7787;42.1352;25.0;0.6;284.365
1753873691.69;2.0;49.20400784;18.75514139;387.779;42.1352;25.0;0.6;284.357
1753873691.7;2.0;49.20400791;18.75514142;387.779;42.1352;25.0;0.6;284.386
1753873691.71;2.0;49.20400798;18.75514144;387.7792;42.1352;25.0;0.6;284.442
1753873691.72;2.0;49.20400805;18.75514146;387.7794;42.1352;25.0;0.6;284.512
1753873691.73;2.0;49.20400812;18.75514148;387.7794;42.1352;25.0;0.6;284.644
1753873691.74;2.0;49.20400819;18.7551415;387.7796;42.1352;25.0;0.6;284.761
1753873691.75;2.0;49.20400826;18.75514152;387.7797;42.1352;25.0;0.6;284.831
1753873691.76;2.0;49.20400833;18.75514155;387.7797;42.1352;25.0;0.6;284.923
1753873691.77;2.0;49.2040084;18.75514157;387.7797;42.1352;25.0;0.6;285.044
1753873691.78;2.0;49.20400847;18.75514159;387.7799;42.1352;25.0;0.6;285.12
1753873691.79;2.0;49.20400854;18.7551416;387.7799;42.1352;25.0;0.6;285.147
1753873691.8;2.0;49.20400861;18.7551416;387.7795;42.1352;25.0;0.6;285.137
1753873691.81;2.0;49.20400868;18.75514161;387.7791;42.1352;25.0;0.6;285.156
1753873691.82;2.0;49.20400875;18.75514163;387.7788;42.1352;25.0;0.6;285.242
1753873691.83;2.0;49.20400882;18.75514163;387.7788;42.1352;25.0;0.6;285.341
1753873691.84;2.0;49.20400889;18.75514164;387.7786;42.1352;25.0;0.6;285.437
1753873691.85;2.0;49.20400896;18.75514164;387.7782;42.1352;25.0;0.6;285.548
1753873691.86;2.0;49.20400903;18.75514165;387.778;42.1352;25.0;0.6;285.68
1753873691.87;2.0;49.2040091;18.75514166;387.7773;42.1352;25.0;0.6;285.763
1753873691.88;2.0;49.20400917;18.75514167;387.7763;42.1352;25.0;0.6;285.835
1753873691.89;2.0;49.20400925;18.75514168;387.7756;42.1352;25.0;0.6;285.913
1753873691.9;2.0;49.20400932;18.75514169;387.7748;42.1352;25.0;0.6;285.93
1753873691.91;2.0;49.20400939;18.75514171;387.7743;42.1352;25.0;0.6;285.89
1753873691.92;2.0;49.20400946;18.75514172;387.774;42.1352;25.0;0.6;285.847
1753873691.93;2.0;49.20400954;18.75514173;387.7738;42.1352;25.0;0.6;285.781
1753873691.94;2.0;49.20400961;18.75514176;387.7735;42.1352;25.0;0.6;285.642
1753873691.95;2.0;49.20400969;18.75514178;387.7736;42.1352;25.0;0.6;285.473
1753873691.96;2.0;49.20400976;18.7551418;387.774;42.1352;25.0;0.6;285.368
1753873691.97;2.0;49.20400983;18.75514182;387.7745;42.1352;25.0;0.6;285.31
1753873691.98;2.0;49.2040099;18.75514184;387.7748;42.1352;25.0;0.6;285.283
1753873691.99;2.0;49.20400997;18.75514186;387.7753;42.1352;25.0;0.6;285.241
1753873692.0;2.0;49.20401004;18.75514188;387.776;42.1352;25.0;0.6;285.198
1753873692.01;2.0;49.20401012;18.75514189;387.7762;42.1352;25.0;0.6;285.141
1753873692.02;2.0;49.20401019;18.75514191;387.7767;42.1352;25.0;0.6;285.1
1753873692.03;2.0;49.20401026;18.75514191;387.7775;42.1352;25.0;0.6;285.098
1753873692.04;2.0;49.20401033;18.75514192;387.7785;42.1352;25.0;0.6;285.152
1753873692.05;2.0;49.2040104;18.75514193;387.779;42.1352;25.0;0.6;285.22
1753873692.06;2.0;49.20401048;18.75514193;387.779;42.1352;25.0;0.6;285.248
1753873692.07;2.0;49.20401055;18.75514194;387.779;42.1352;25.0;0.6;285.258
1753873692.08;2.0;49.20401062;18.75514195;387.7788;42.1352;25.0;0.6;285.228
1753873692.09;2.0;49.20401069;18.75514196;387.7785;42.1352;25.0;0.6;285.293
1753873692.1;2.0;49.20401076;18.75514196;387.7778;42.1352;25.0;0.6;285.432
1753873692.11;2.0;49.20401083;18.75514196;387.7774;42.1352;25.0;0.6;285.534
1753873692.12;2.0;49.20401091;18.75514197;387.7766;42.1352;25.0;0.6;285.625
1753873692.13;2.0;49.20401098;18.75514198;387.7757;42.1352;25.0;0.6;285.723
1753873692.14;2.0;49.20401106;18.75514198;387.7747;42.1352;25.0;0.6;285.834
1753873692.15;2.0;49.20401113;18.75514199;387.7742;42.1352;25.0;0.6;285.921
1753873692.16;2.0;49.20401121;18.755142;387.774;42.1352;25.0;0.6;285.998
1753873692.17;2.0;49.20401128;18.75514201;387.7735;42.1352;25.0;0.6;286.049
1753873692.18;2.0;49.20401135;18.75514202;387.7732;42.1352;25.0;0.6;286.111
1753873692.19;2.0;49.20401142;18.75514203;387.7728;42.1352;25.0;0.6;286.191
1753873692.2;2.0;49.2040115;18.75514204;387.7721;42.1352;25.0;0.6;286.342
1753873692.21;2.0;49.20401157;18.75514206;387.7716;42.1352;25.0;0.6;286.491
1753873692.22;2.0;49.20401164;18.75514207;387.7708;42.1352;25.0;0.6;286.547
1753873692.23;2.0;49.20401171;18.75514208;387.77;42.1352;25.0;0.6;286.596
1753873692.24;2.0;49.20401178;18.7551421;387.7691;42.1352;25.0;0.6;286.605
1753873692.25;2.0;49.20401184;18.75514212;387.7682;42.1352;25.0;0.6;286.654
1753873692.26;2.0;49.20401191;18.75514213;387.7675;42.1352;25.0;0.6;286.736
1753873692.27;2.0;49.20401198;18.75514215;387.7666;42.1352;25.0;0.6;286.751
1753873692.28;2.0;49.20401206;18.75514217;387.7656;42.1352;25.0;0.6;286.761
1753873692.29;2.0;49.20401213;18.75514219;387.765;42.1352;25.0;0.6;286.732
1753873692.3;2.0;49.2040122;18.75514221;387.7646;42.1352;25.0;0.6;286.741
1753873692.31;2.0;49.20401227;18.75514223;387.7641;42.1352;25.0;0.6;286.692
1753873692.32;2.0;49.20401234;18.75514224;387.7637;42.1352;25.0;0.6;286.579
1753873692.33;2.0;49.20401241;18.75514226;387.7639;42.1352;25.0;0.6;286.441
1753873692.34;2.0;49.20401247;18.75514227;387.7634;42.1352;25.0;0.6;286.328
1753873692.35;2.0;49.20401254;18.75514228;387.7628;42.1352;25.0;0.6;286.168
1753873692.36;2.0;49.20401261;18.75514229;387.7623;42.1352;25.0;0.6;286.013
1753873692.37;2.0;49.20401268;18.75514231;387.7614;42.1352;25.0;0.6;285.892
1753873692.38;2.0;49.20401274;18.75514233;387.7605;42.1352;25.0;0.6;285.798
1753873692.39;2.0;49.2040128;18.75514234;387.7596;42.1352;25.0;0.6;285.746
1753873692.4;2.0;49.20401287;18.75514236;387.7589;42.1352;25.0;0.6;285.682
1753873692.41;2.0;49.20401294;18.75514237;387.7586;42.1352;25.0;0.6;285.615
1753873692.42;2.0;49.204013;18.75514238;387.7583;42.1352;25.0;0.6;285.528
1753873692.43;2.0;49.20401306;18.7551424;387.7583;42.1352;25.0;0.6;285.46
1753873692.44;2.0;49.20401313;18.75514241;387.7585;42.1352;25.0;0.6;285.459
1753873692.45;2.0;49.20401319;18.75514243;387.7586;42.1352;25.0;0.6;285.483
1753873692.46;2.0;49.20401326;18.75514245;387.7584;42.1352;25.0;0.6;285.546
1753873692.47;2.0;49.20401332;18.75514246;387.7584;42.1352;25.0;0.6;285.579
1753873692.48;2.0;49.20401339;18.75514247;387.759;42.1352;25.0;0.6;285.621
1753873692.49;2.0;49.20401346;18.75514249;387.7599;42.1352;25.0;0.6;285.718
1753873692.5;2.0;49.20401352;18.7551425;387.7606;42.1352;25.0;0.6;285.81
1753873692.51;2.0;49.20401359;18.75514252;387.7609;42.1352;25.0;0.6;285.88
1753873692.52;2.0;49.20401365;18.75514254;387.761;42.1352;25.0;0.6;285.932
1753873692.53;2.0;49.20401372;18.75514255;387.7612;42.1352;25.0;0.6;285.995
1753873692.54;2.0;49.20401378;18.75514256;387.7615;42.1352;25.0;0.6;286.079
1753873692.55;2.0;49.20401384;18.75514257;387.7614;42.1352;25.0;0.6;286.139
1753873692.56;2.0;49.20401391;18.75514259;387.761;42.1352;25.0;0.6;286.194
1753873692.57;2.0;49.20401398;18.7551426;387.7604;42.1352;25.0;0.6;286.252
1753873692.58;2.0;49.20401404;18.75514263;387.7596;42.1352;25.0;0.6;286.339
1753873692.59;2.0;49.2040141;18.75514266;387.7589;42.1352;25.0;0.6;286.398
1753873692.6;2.0;49.20401416;18.75514268;387.7586;42.1352;25.0;0.6;286.421
1753873692.61;2.0;49.20401422;18.75514271;387.7582;42.1352;25.0;0.6;286.385
1753873692.62;2.0;49.20401427;18.75514272;387.7577;42.1352;25.0;0.6;286.374
1753873692.63;2.0;49.20401433;18.75514275;387.7573;42.1352;25.0;0.6;286.383
1753873692.64;2.0;49.20401438;18.75514276;387.7574;42.1352;25.0;0.6;286.355
1753873692.65;2.0;49.20401444;18.75514277;387.7576;42.1352;25.0;0.6;286.308
1753873692.66;2.0;49.20401449;18.75514279;387.7575;42.1352;25.0;0.6;286.289
1753873692.67;2.0;49.20401455;18.7551428;387.7578;42.1352;25.0;0.6;286.23
1753873692.68;2.0;49.2040146;18.75514281;387.7579;42.1352;25.0;0.6;286.163
1753873692.69;2.0;49.20401465;18.75514281;387.7582;42.1352;25.0;0.6;286.139
1753873692.7;2.0;49.2040147;18.75514283;387.758;42.1352;25.0;0.6;286.159
1753873692.71;2.0;49.20401476;18.75514284;387.7578;42.1352;25.0;0.6;286.179
1753873692.72;2.0;49.2040148;18.75514284;387.7583;42.1352;25.0;0.6;286.186
1753873692.73;2.0;49.20401485;18.75514285;387.759;42.1352;25.0;0.6;286.17
1753873692.74;2.0;49.2040149;18.75514286;387.7599;42.1352;25.0;0.6;286.159
1753873692.75;2.0;49.20401495;18.75514287;387.7604;42.1352;25.0;0.6;286.125
1753873692.76;2.0;49.204015;18.75514288;387.7607;42.1352;25.0;0.6;286.025
1753873692.77;2.0;49.20401505;18.75514289;387.7605;42.1352;25.0;0.6;285.915
1753873692.78;2.0;49.20401511;18.75514289;387.7602;42.1352;25.0;0.6;285.828
1753873692.79;2.0;49.20401516;18.75514289;387.7602;42.1352;25.0;0.6;285.738
1753873692.8;2.0;49.20401521;18.75514289;387.7604;42.1352;25.0;0.6;285.659
1753873692.81;2.0;49.20401526;18.75514289;387.7605;42.1352;25.0;0.6;285.633
1753873692.82;2.0;49.20401531;18.75514288;387.761;42.1352;25.0;0.6;285.57
1753873692.83;2.0;49.20401536;18.75514288;387.7614;42.1352;25.0;0.6;285.433
1753873692.84;2.0;49.2040154;18.75514287;387.7616;42.1352;25.0;0.6;285.371
1753873692.85;2.0;49.20401545;18.75514286;387.7613;42.1352;25.0;0.6;285.35
1753873692.86;2.0;49.20401549;18.75514284;387.7603;42.1352;25.0;0.6;285.326
1753873692.87;2.0;49.20401553;18.75514283;387.7594;42.1352;25.0;0.6;285.335
1753873692.88;2.0;49.20401556;18.75514281;387.7587;42.1352;25.0;0.6;285.377
1753873692.89;2.0;49.2040156;18.7551428;387.7582;42.1352;25.0;0.6;285.421
1753873692.9;2.0;49.20401563;18.75514278;387.7576;42.1352;25.0;0.6;285.423
1753873692.91;2.0;49.20401566;18.75514276;387.7571;42.1352;25.0;0.6;285.401
1753873692.92;2.0;49.20401569;18.75514275;387.7566;42.1352;25.0;0.6;285.369
1753873692.93;2.0;49.20401571;18.75514272;387.7564;42.1352;25.0;0.6;285.377
1753873692.94;2.0;49.20401573;18.75514269;387.7558;42.1352;25.0;0.6;285.345
1753873692.95;2.0;49.20401575;18.75514267;387.7554;42.1352;25.0;0.6;285.309
1753873692.96;2.0;49.20401577;18.75514265;387.7547;42.1352;25.0;0.6;285.319
1753873692.97;2.0;49.20401578;18.75514263;387.7542;42.1352;25.0;0.6;285.337
1753873692.98;2.0;49.20401579;18.7551426;387.7541;42.1352;25.0;0.6;285.366
1753873692.99;2.0;49.2040158;18.75514258;387.7542;42.1352;25.0;0.6;285.422
1753873693.0;2.0;49.20401581;18.75514255;387.7543;42.1352;25.0;0.6;285.515
1753873693.01;2.0;49.20401582;18.75514252;387.7546;42.1352;25.0;0.6;285.603
1753873693.02;2.0;49.20401583;18.75514249;387.7545;42.1352;25.0;0.6;285.638
1753873693.03;2.0;49.20401583;18.75514246;387.754;42.1352;25.0;0.6;285.62
1753873693.04;2.0;49.20401583;18.75514244;387.7538;42.1352;25.0;0.6;285.606
1753873693.05;2.0;49.20401584;18.75514241;387.7537;42.1352;25.0;0.6;285.545
1753873693.06;2.0;49.20401584;18.75514239;387.753;42.1352;25.0;0.6;285.508
1753873693.07;2.0;49.20401584;18.75514236;387.7527;42.1352;24.0;0.6;285.484
1753873693.08;2.0;49.20401584;18.75514234;387.7527;42.1352;24.0;0.6;285.488
1753873693.09;2.0;49.20401584;18.75514232;387.7528;42.1352;24.0;0.6;285.444
1753873693.1;2.0;49.20401583;18.75514229;387.7531;42.1352;24.0;0.6;285.424
1753873693.11;2.0;49.20401583;18.75514227;387.7534;42.1352;24.0;0.6;285.462
1753873693.12;2.0;49.20401582;18.75514225;387.7538;42.1352;24.0;0.6;285.465
1753873693.13;2.0;49.20401581;18.75514224;387.7546;42.1352;24.0;0.6;285.475
1753873693.14;2.0;49.2040158;18.75514222;387.755;42.1352;24.0;0.6;285.498
1753873693.15;2.0;49.2040158;18.75514221;387.7552;42.1352;24.0;0.6;285.483
1753873693.16;2.0;49.20401579;18.75514219;387.7553;42.1352;24.0;0.6;285.48
1753873693.17;2.0;49.20401579;18.75514218;387.7554;42.1352;24.0;0.6;285.499
1753873693.18;2.0;49.20401578;18.75514216;387.7555;42.1352;24.0;0.6;285.539
1753873693.19;2.0;49.20401578;18.75514216;387.7554;42.1352;24.0;0.6;285.496
1753873693.2;2.0;49.20401578;18.75514215;387.7553;42.1352;24.0;0.6;285.451
1753873693.21;2.0;49.20401578;18.75514213;387.7555;42.1352;24.0;0.6;285.441
1753873693.22;2.0;49.20401578;18.75514212;387.7557;42.1352;24.0;0.6;285.42
1753873693.23;2.0;49.20401578;18.75514211;387.7559;42.1352;24.0;0.6;285.374
1753873693.24;2.0;49.20401578;18.7551421;387.756;42.1352;24.0;0.6;285.289
1753873693.25;2.0;49.20401579;18.75514209;387.7561;42.1352;24.0;0.6;285.251
1753873693.26;2.0;49.20401579;18.75514208;387.7561;42.1352;24.0;0.6;285.276
1753873693.27;2.0;49.2040158;18.75514207;387.7558;42.1352;24.0;0.6;285.304
1753873693.28;2.0;49.2040158;18.75514206;387.7558;42.1352;24.0;0.6;285.285
1753873693.29;2.0;49.20401581;18.75514205;387.7557;42.1352;24.0;0.6;285.251
1753873693.3;2.0;49.20401582;18.75514205;387.7553;42.1352;24.0;0.6;285.235
1753873693.31;2.0;49.20401583;18.75514204;387.7551;42.1352;24.0;0.6;285.243
1753873693.32;2.0;49.20401584;18.75514203;387.7552;42.1352;24.0;0.6;285.265
1753873693.33;2.0;49.20401585;18.75514202;387.7555;42.1352;24.0;0.6;285.322
1753873693.34;2.0;49.20401586;18.755142;387.7557;42.1352;24.0;0.6;285.314
1753873693.35;2.0;49.20401588;18.75514199;387.7562;42.1352;24.0;0.6;285.283
1753873693.36;2.0;49.20401588;18.75514199;387.7567;42.1352;24.0;0.6;285.308
1753873693.37;2.0;49.20401589;18.75514198;387.7573;42.1352;24.0;0.6;285.34
1753873693.38;2.0;49.2040159;18.75514196;387.7577;42.1352;24.0;0.6;285.364
1753873693.39;2.0;49.20401591;18.75514196;387.7576;42.1352;24.0;0.6;285.36
1753873693.4;2.0;49.20401593;18.75514195;387.757;42.1352;24.0;0.6;285.321
1753873693.41;2.0;49.20401594;18.75514194;387.7569;42.1352;24.0;0.6;285.326
1753873693.42;2.0;49.20401594;18.75514192;387.757;42.1352;24.0;0.6;285.335
1753873693.43;2.0;49.20401595;18.75514191;387.7571;42.1352;24.0;0.6;285.309
1753873693.44;2.0;49.20401596;18.7551419;387.7568;42.1352;24.0;0.6;285.34
1753873693.45;2.0;49.20401597;18.7551419;387.7571;42.1352;24.0;0.6;285.374
1753873693.46;2.0;49.20401597;18.75514189;387.7571;42.1352;24.0;0.6;285.419
1753873693.47;2.0;49.20401598;18.75514187;387.7571;42.1352;24.0;0.6;285.431
1753873693.48;2.0;49.20401598;18.75514187;387.7572;42.1352;24.0;0.6;285.404
1753873693.49;2.0;49.20401599;18.75514186;387.7574;42.1352;24.0;0.6;285.367
1753873693.5;2.0;49.20401599;18.75514185;387.7573;42.1352;24.0;0.6;285.366
1753873693.51;2.0;49.204016;18.75514184;387.7574;42.1352;24.0;0.6;285.394
1753873693.52;2.0;49.20401601;18.75514182;387.7573;42.1352;24.0;0.6;285.42
1753873693.53;2.0;49.20401602;18.75514181;387.7573;42.1352;24.0;0.6;285.427
1753873693.54;2.0;49.20401602;18.7551418;387.7576;42.1352;24.0;0.6;285.404
1753873693.55;2.0;49.20401603;18.75514178;387.7579;42.1352;24.0;0.6;285.397
1753873693.56;2.0;49.20401603;18.75514177;387.7583;42.1352;24.0;0.6;285.363
1753873693.57;2.0;49.20401604;18.75514176;387.7584;42.1352;25.0;0.6;285.411
1753873693.58;2.0;49.20401604;18.75514175;387.7582;42.1352;25.0;0.6;285.457
1753873693.59;2.0;49.20401605;18.75514175;387.7585;42.1352;25.0;0.6;285.446
1753873693.6;2.0;49.20401605;18.75514174;387.7587;42.1352;25.0;0.6;285.437
1753873693.61;2.0;49.20401605;18.75514174;387.7589;42.1352;25.0;0.6;285.431
1753873693.62;2.0;49.20401606;18.75514173;387.7591;42.1352;25.0;0.6;285.395
1753873693.63;2.0;49.20401606;18.75514174;387.7592;42.1352;25.0;0.6;285.401
1753873693.64;2.0;49.20401607;18.75514174;387.7594;42.1352;25.0;0.6;285.452
1753873693.65;2.0;49.20401607;18.75514174;387.7599;42.1352;25.0;0.6;285.48
1753873693.66;2.0;49.20401608;18.75514174;387.7604;42.1352;25.0;0.6;285.489
1753873693.67;2.0;49.20401608;18.75514173;387.7611;42.1352;25.0;0.6;285.478
1753873693.68;2.0;49.20401609;18.75514173;387.7617;42.1352;25.0;0.6;285.53
1753873693.69;2.0;49.20401609;18.75514173;387.7623;42.1352;25.0;0.6;285.539
1753873693.7;2.0;49.2040161;18.75514173;387.7622;42.1352;25.0;0.6;285.532
1753873693.71;2.0;49.2040161;18.75514173;387.7625;42.1352;25.0;0.6;285.575
1753873693.72;2.0;49.20401611;18.75514173;387.7633;42.1352;25.0;0.6;285.605
1753873693.73;2.0;49.20401612;18.75514174;387.7642;42.1352;25.0;0.6;285.681
1753873693.74;2.0;49.20401613;18.75514174;387.765;42.1352;25.0;0.6;285.723
1753873693.75;2.0;49.20401615;18.75514175;387.7654;42.1352;25.0;0.6;285.702
1753873693.76;2.0;49.20401616;18.75514175;387.7663;42.1352;25.0;0.6;285.71
1753873693.77;2.0;49.20401618;18.75514176;387.7673;42.1352;25.0;0.6;285.74
1753873693.78;2.0;49.2040162;18.75514177;387.7678;42.1352;25.0;0.6;285.805
1753873693.79;2.0;49.20401623;18.75514178;387.7685;42.1352;25.0;0.6;285.819
1753873693.8;2.0;49.20401625;18.7551418;387.769;42.1352;25.0;0.6;285.852
1753873693.81;2.0;49.20401629;18.75514181;387.7694;42.1352;25.0;0.6;285.87
1753873693.82;2.0;49.20401632;18.75514182;387.7696;42.1352;25.0;0.6;285.853
1753873693.83;2.0;49.20401636;18.75514184;387.7694;42.1352;25.0;0.6;285.843
1753873693.84;2.0;49.20401639;18.75514185;387.7694;42.1352;25.0;0.6;285.84
1753873693.85;2.0;49.20401644;18.75514187;387.7697;42.1352;25.0;0.6;285.851
1753873693.86;2.0;49.20401648;18.75514189;387.7702;42.1352;25.0;0.6;285.816
1753873693.87;2.0;49.20401653;18.75514191;387.7709;42.1352;25.0;0.6;285.765
1753873693.88;2.0;49.20401658;18.75514194;387.772;42.1352;25.0;0.6;285.7
1753873693.89;2.0;49.20401663;18.75514196;387.7733;42.1352;25.0;0.6;285.633
1753873693.9;2.0;49.20401668;18.75514198;387.774;42.1352;25.0;0.6;285.625
1753873693.91;2.0;49.20401673;18.75514199;387.775;42.1352;25.0;0.6;285.634
1753873693.92;2.0;49.20401679;18.75514201;387.7758;42.1352;25.0;0.6;285.618
1753873693.93;2.0;49.20401684;18.75514203;387.7765;42.1352;25.0;0.6;285.58
1753873693.94;2.0;49.2040169;18.75514205;387.7774;42.1352;25.0;0.6;285.495
1753873693.95;2.0;49.20401695;18.75514207;387.7782;42.1352;25.0;0.6;285.422
1753873693.96;2.0;49.20401701;18.7551421;387.7784;42.1352;25.0;0.6;285.387
1753873693.97;2.0;49.20401707;18.75514213;387.7789;42.1352;25.0;0.6;285.346
1753873693.98;2.0;49.20401713;18.75514215;387.7799;42.1352;25.0;0.6;285.297
1753873693.99;2.0;49.20401719;18.75514218;387.7807;42.1352;25.0;0.6;285.292
1753873694.0;2.0;49.20401725;18.7551422;387.7817;42.1352;25.0;0.6;285.234
1753873694.01;2.0;49.20401731;18.75514224;387.7823;42.1352;25.0;0.6;285.167
1753873694.02;2.0;49.20401737;18.75514227;387.7829;42.1352;25.0;0.6;285.114
1753873694.03;2.0;49.20401744;18.7551423;387.7835;42.1352;25.0;0.6;285.031
1753873694.04;2.0;49.20401751;18.75514232;387.7842;42.1352;25.0;0.6;284.98
1753873694.05;2.0;49.20401758;18.75514234;387.7853;42.1352;25.0;0.6;284.923
1753873694.06;2.0;49.20401764;18.75514237;387.7864;42.1352;25.0;0.6;284.83
1753873694.07;2.0;49.20401772;18.7551424;387.7869;42.1352;24.0;0.6;284.723
1753873694.08;2.0;49.20401779;18.75514243;387.787;42.1352;24.0;0.6;284.615
1753873694.09;2.0;49.20401786;18.75514246;387.787;42.1352;24.0;0.6;284.566
1753873694.1;2.0;49.20401794;18.75514249;387.787;42.1352;24.0;0.6;284.547
1753873694.11;2.0;49.20401801;18.75514251;387.787;42.1352;24.0;0.6;284.493
1753873694.12;2.0;49.20401808;18.75514254;387.7871;42.1352;24.0;0.6;284.467
1753873694.13;2.0;49.20401815;18.75514258;387.7868;42.1352;24.0;0.6;284.406
1753873694.14;2.0;49.20401822;18.75514262;387.786;42.1352;24.0;0.6;284.399
1753873694.15;2.0;49.2040183;18.75514265;387.7851;42.1352;24.0;0.6;284.43
1753873694.16;2.0;49.20401837;18.75514268;387.7847;42.1352;24.0;0.6;284.453
1753873694.17;2.0;49.20401845;18.75514272;387.7846;42.1352;24.0;0.6;284.494
1753873694.18;2.0;49.20401853;18.75514275;387.7844;42.1352;24.0;0.6;284.543
1753873694.19;2.0;49.20401861;18.75514279;387.7842;42.1352;24.0;0.6;284.566
1753873694.2;2.0;49.2040187;18.75514283;387.7842;42.1352;24.0;0.6;284.594
1753873694.21;2.0;49.20401878;18.75514287;387.7842;42.1352;24.0;0.6;284.603
1753873694.22;2.0;49.20401887;18.7551429;387.7843;42.1352;24.0;0.6;284.615
1753873694.23;2.0;49.20401895;18.75514295;387.7848;42.1352;24.0;0.6;284.595
1753873694.24;2.0;49.20401904;18.75514299;387.7852;42.1352;24.0;0.6;284.561
1753873694.25;2.0;49.20401912;18.75514303;387.7857;42.1352;24.0;0.6;284.584
1753873694.26;2.0;49.2040192;18.75514307;387.7862;42.1352;24.0;0.6;284.661
1753873694.27;2.0;49.20401929;18.75514311;387.7866;42.1352;24.0;0.6;284.738
1753873694.28;2.0;49.20401937;18.75514315;387.7872;42.1352;24.0;0.6;284.775
1753873694.29;2.0;49.20401945;18.75514319;387.7876;42.1352;24.0;0.6;284.804
1753873694.3;2.0;49.20401953;18.75514322;387.7886;42.1352;24.0;0.6;284.825
1753873694.31;2.0;49.20401961;18.75514326;387.7899;42.1352;24.0;0.6;284.844
1753873694.32;2.0;49.20401969;18.75514329;387.791;42.1352;24.0;0.6;284.869
1753873694.33;2.0;49.20401977;18.75514332;387.7919;42.1352;24.0;0.6;284.88
1753873694.34;2.0;49.20401985;18.75514335;387.7919;42.1352;24.0;0.6;284.875
1753873694.35;2.0;49.20401993;18.75514339;387.7917;42.1352;24.0;0.6;284.884
1753873694.36;2.0;49.20402001;18.75514343;387.7912;42.1352;24.0;0.6;284.889
1753873694.37;2.0;49.20402009;18.75514347;387.7906;42.1352;24.0;0.6;284.878
1753873694.38;2.0;49.20402016;18.75514351;387.7903;42.1352;24.0;0.6;284.907
1753873694.39;2.0;49.20402024;18.75514356;387.7903;42.1352;24.0;0.6;284.888
1753873694.4;2.0;49.20402032;18.7551436;387.7903;42.1352;24.0;0.6;284.844
1753873694.41;2.0;49.2040204;18.75514364;387.7902;42.1352;24.0;0.6;284.808
1753873694.42;2.0;49.20402048;18.75514369;387.7896;42.1352;24.0;0.6;284.709
1753873694.43;2.0;49.20402055;18.75514373;387.7895;42.1352;24.0;0.6;284.594
1753873694.44;2.0;49.20402063;18.75514377;387.7906;42.1352;24.0;0.6;284.529
1753873694.45;2.0;49.20402071;18.75514381;387.7918;42.1352;24.0;0.6;284.398
1753873694.46;2.0;49.20402079;18.75514386;387.793;42.1352;24.0;0.6;284.242
1753873694.47;2.0;49.20402087;18.75514389;387.7941;42.1352;24.0;0.6;284.129
1753873694.48;2.0;49.20402094;18.75514393;387.7947;42.1352;24.0;0.6;284.061
1753873694.49;2.0;49.20402102;18.75514397;387.7957;42.1352;24.0;0.6;284.032
1753873694.5;2.0;49.2040211;18.75514401;387.7964;42.1352;24.0;0.6;284.033
1753873694.51;2.0;49.20402117;18.75514405;387.7969;42.1352;24.0;0.6;284.111
1753873694.52;2.0;49.20402124;18.75514408;387.7974;42.1352;24.0;0.6;284.208
1753873694.53;2.0;49.20402132;18.75514412;387.7973;42.1352;24.0;0.6;284.252
1753873694.54;2.0;49.2040214;18.75514415;387.7969;42.1352;24.0;0.6;284.277
1753873694.55;2.0;49.20402147;18.75514419;387.796;42.1352;24.0;0.6;284.323
1753873694.56;2.0;49.20402155;18.75514423;387.7957;42.1352;24.0;0.6;284.366
1753873694.57;2.0;49.20402161;18.75514425;387.7957;42.1352;24.0;0.6;284.407
1753873694.58;2.0;49.20402168;18.75514426;387.7953;42.1352;24.0;0.6;284.474
1753873694.59;2.0;49.20402174;18.75514428;387.795;42.1352;24.0;0.6;284.528
1753873694.6;2.0;49.20402181;18.7551443;387.7946;42.1352;24.0;0.6;284.57
1753873694.61;2.0;49.20402187;18.75514432;387.7946;42.1352;25.0;0.6;284.657
1753873694.62;2.0;49.20402194;18.75514435;387.7949;42.1352;25.0;0.6;284.696
1753873694.63;2.0;49.20402201;18.75514437;387.795;42.1352;25.0;0.6;284.717
1753873694.64;2.0;49.20402208;18.7551444;387.7945;42.1352;25.0;0.6;284.77
1753873694.65;2.0;49.20402215;18.75514443;387.7937;42.1352;25.0;0.6;284.824
1753873694.66;2.0;49.20402222;18.75514447;387.7926;42.1352;25.0;0.6;284.896
1753873694.67;2.0;49.20402229;18.7551445;387.7914;42.1352;25.0;0.6;284.954
1753873694.68;2.0;49.20402235;18.75514454;387.7904;42.1352;25.0;0.6;284.956
1753873694.69;2.0;49.20402243;18.75514457;387.7893;42.1352;25.0;0.6;284.971
1753873694.7;2.0;49.2040225;18.75514461;387.7891;42.1352;25.0;0.6;285.0
1753873694.71;2.0;49.20402258;18.75514465;387.789;42.1352;25.0;0.6;285.037
1753873694.72;2.0;49.20402266;18.75514468;387.7884;42.1352;25.0;0.6;284.996
1753873694.73;2.0;49.20402273;18.7551447;387.7884;42.1352;25.0;0.6;284.906
1753873694.74;2.0;49.20402281;18.75514473;387.7886;42.1352;25.0;0.6;284.8
1753873694.75;2.0;49.20402289;18.75514475;387.7887;42.1352;25.0;0.6;284.665
1753873694.76;2.0;49.20402298;18.75514478;387.7887;42.1352;25.0;0.6;284.513
1753873694.77;2.0;49.20402306;18.7551448;387.7885;42.1352;25.0;0.6;284.424
1753873694.78;2.0;49.20402313;18.75514482;387.7881;42.1352;25.0;0.6;284.343
1753873694.79;2.0;49.20402321;18.75514485;387.7875;42.1352;25.0;0.6;284.224
1753873694.8;2.0;49.20402329;18.75514487;387.7868;42.1352;25.0;0.6;284.099
1753873694.81;2.0;49.20402337;18.75514489;387.7857;42.1352;25.0;0.6;284.001
1753873694.82;2.0;49.20402345;18.75514492;387.7845;42.1352;25.0;0.6;283.929
1753873694.83;2.0;49.20402353;18.75514494;387.7834;42.1352;25.0;0.6;283.862
1753873694.84;2.0;49.20402361;18.75514497;387.7833;42.1352;25.0;0.6;283.804
1753873694.85;2.0;49.20402369;18.755145;387.7829;42.1352;25.0;0.6;283.776
1753873694.86;2.0;49.20402377;18.75514502;387.7821;42.1352;25.0;0.6;283.792
1753873694.87;2.0;49.20402385;18.75514505;387.781;42.1352;25.0;0.6;283.776
1753873694.88;2.0;49.20402394;18.75514508;387.7804;42.1352;25.0;0.6;283.804
1753873694.89;2.0;49.20402402;18.7551451;387.78;42.1352;25.0;0.6;283.856
1753873694.9;2.0;49.20402411;18.75514512;387.779;42.1352;25.0;0.6;283.965
1753873694.91;2.0;49.20402419;18.75514515;387.7776;42.1352;25.0;0.6;284.066
1753873694.92;2.0;49.20402427;18.75514518;387.7762;42.1352;25.0;0.6;284.203
1753873694.93;2.0;49.20402436;18.7551452;387.7749;42.1352;25.0;0.6;284.358
1753873694.94;2.0;49.20402444;18.75514523;387.7737;42.1352;25.0;0.6;284.503
1753873694.95;2.0;49.20402453;18.75514525;387.7727;42.1352;25.0;0.6;284.621
1753873694.96;2.0;49.20402461;18.75514527;387.7715;42.1352;25.0;0.6;284.695
1753873694.97;2.0;49.2040247;18.75514529;387.7705;42.1352;25.0;0.6;284.722
1753873694.98;2.0;49.20402478;18.75514532;387.7696;42.1352;25.0;0.6;284.754
1753873694.99;2.0;49.20402487;18.75514534;387.7686;42.1352;25.0;0.6;284.752
1753873695.0;2.0;49.20402495;18.75514537;387.7675;42.1352;25.0;0.6;284.697
1753873695.01;2.0;49.20402504;18.75514539;387.7667;42.1352;25.0;0.6;284.672
1753873695.02;2.0;49.20402512;18.75514541;387.7658;42.1352;25.0;0.6;284.661
1753873695.03;2.0;49.20402521;18.75514543;387.7646;42.1352;25.0;0.6;284.633
1753873695.04;2.0;49.20402529;18.75514546;387.7634;42.1352;25.0;0.6;284.602
1753873695.05;2.0;49.20402538;18.75514548;387.7625;42.1352;25.0;0.6;284.596
1753873695.06;2.0;49.20402547;18.75514549;387.7624;42.1352;25.0;0.6;284.579
1753873695.07;2.0;49.20402555;18.75514551;387.7621;42.1352;25.0;0.6;284.625
1753873695.08;2.0;49.20402564;18.75514554;387.7612;42.1352;24.0;0.6;284.709
1753873695.09;2.0;49.20402572;18.75514555;387.7604;42.1352;24.0;0.6;284.722
1753873695.1;2.0;49.2040258;18.75514558;387.7596;42.1352;24.0;0.6;284.696
1753873695.11;2.0;49.20402588;18.7551456;387.7586;42.1352;24.0;0.6;284.698
1753873695.12;2.0;49.20402596;18.75514562;387.7577;42.1352;24.0;0.6;284.697
1753873695.13;2.0;49.20402604;18.75514564;387.7573;42.1352;24.0;0.6;284.628
1753873695.14;2.0;49.20402612;18.75514567;387.7563;42.1352;24.0;0.6;284.528
1753873695.15;2.0;49.2040262;18.75514569;387.7551;42.1352;24.0;0.6;284.452
1753873695.16;2.0;49.20402627;18.75514572;387.7538;42.1352;24.0;0.6;284.388
1753873695.17;2.0;49.20402635;18.75514575;387.753;42.1352;24.0;0.6;284.336
1753873695.18;2.0;49.20402642;18.75514577;387.7519;42.1352;24.0;0.6;284.304
1753873695.19;2.0;49.20402649;18.7551458;387.7507;42.1352;24.0;0.6;284.266
1753873695.2;2.0;49.20402656;18.75514582;387.7497;42.1352;24.0;0.6;284.229
1753873695.21;2.0;49.20402663;18.75514584;387.7488;42.1352;24.0;0.6;284.186
1753873695.22;2.0;49.2040267;18.75514586;387.7474;42.1352;24.0;0.6;284.228
1753873695.23;2.0;49.20402677;18.75514589;387.7457;42.1352;24.0;0.6;284.228
1753873695.24;2.0;49.20402684;18.75514591;387.7437;42.1352;24.0;0.6;284.156
1753873695.25;2.0;49.20402691;18.75514594;387.7419;42.1352;24.0;0.6;284.11
1753873695.26;2.0;49.20402698;18.75514596;387.74;42.1352;24.0;0.6;284.073
1753873695.27;2.0;49.20402705;18.75514598;387.7384;42.1352;24.0;0.6;284.029
1753873695.28;2.0;49.20402712;18.75514601;387.7368;42.1352;24.0;0.6;284.007
1753873695.29;2.0;49.20402718;18.75514603;387.7355;42.1352;24.0;0.6;284.073
1753873695.3;2.0;49.20402725;18.75514604;387.7345;42.1352;24.0;0.6;284.17
1753873695.31;2.0;49.20402731;18.75514606;387.7336;42.1352;24.0;0.6;284.249
1753873695.32;2.0;49.20402738;18.75514608;387.7328;42.1352;24.0;0.6;284.278
1753873695.33;2.0;49.20402744;18.75514609;387.7325;42.1352;24.0;0.6;284.299
1753873695.34;2.0;49.20402749;18.7551461;387.7321;42.1352;24.0;0.6;284.366
1753873695.35;2.0;49.20402755;18.75514611;387.7321;42.1352;24.0;0.6;284.439
1753873695.36;2.0;49.20402761;18.75514612;387.732;42.1352;24.0;0.6;284.479
1753873695.37;2.0;49.20402767;18.75514614;387.7316;42.1352;24.0;0.6;284.532
1753873695.38;2.0;49.20402773;18.75514615;387.7314;42.1352;24.0;0.6;284.599
1753873695.39;2.0;49.20402779;18.75514617;387.7311;42.1352;24.0;0.6;284.617
1753873695.4;2.0;49.20402785;18.75514619;387.7307;42.1352;24.0;0.6;284.636
1753873695.41;2.0;49.20402791;18.75514621;387.7304;42.1352;24.0;0.6;284.624
1753873695.42;2.0;49.20402797;18.75514623;387.7296;42.1352;24.0;0.6;284.606
1753873695.43;2.0;49.20402803;18.75514624;387.7292;42.1352;24.0;0.6;284.593
1753873695.44;2.0;49.20402809;18.75514625;387.7289;42.1352;24.0;0.6;284.579
1753873695.45;2.0;49.20402815;18.75514627;387.7287;42.1352;24.0;0.6;284.61
1753873695.46;2.0;49.20402821;18.75514629;387.7286;42.1352;24.0;0.6;284.649
1753873695.47;2.0;49.20402826;18.75514631;387.7278;42.1352;24.0;0.6;284.594
1753873695.48;2.0;49.20402832;18.75514632;387.7267;42.1352;24.0;0.6;284.525
1753873695.49;2.0;49.20402837;18.75514634;387.7255;42.1352;24.0;0.6;284.468
1753873695.5;2.0;49.20402842;18.75514636;387.7237;42.1352;24.0;0.6;284.453
1753873695.51;2.0;49.20402847;18.75514637;387.7221;42.1352;24.0;0.6;284.498
1753873695.52;2.0;49.20402852;18.75514638;387.7209;42.1352;24.0;0.6;284.467
1753873695.53;2.0;49.20402857;18.7551464;387.7196;42.1352;24.0;0.6;284.47
1753873695.54;2.0;49.20402861;18.75514641;387.7181;42.1352;24.0;0.6;284.486
1753873695.55;2.0;49.20402865;18.75514642;387.717;42.1352;24.0;0.6;284.532
1753873695.56;2.0;49.20402869;18.75514643;387.7159;42.1352;25.0;0.6;284.56
1753873695.57;2.0;49.20402873;18.75514644;387.7147;42.1352;25.0;0.6;284.627
1753873695.58;2.0;49.20402877;18.75514645;387.7134;42.1352;25.0;0.6;284.673
1753873695.59;2.0;49.20402881;18.75514646;387.712;42.1352;25.0;0.6;284.706
1753873695.6;2.0;49.20402885;18.75514647;387.711;42.1352;25.0;0.6;284.699
1753873695.61;2.0;49.20402889;18.75514648;387.7103;42.1352;25.0;0.6;284.723
1753873695.62;2.0;49.20402893;18.75514649;387.7096;42.1352;25.0;0.6;284.756
1753873695.63;2.0;49.20402897;18.7551465;387.7083;42.1352;25.0;0.6;284.793
1753873695.64;2.0;49.20402902;18.75514651;387.707;42.1352;25.0;0.6;284.826
1753873695.65;2.0;49.20402907;18.75514651;387.7062;42.1352;25.0;0.6;284.821
1753873695.66;2.0;49.20402912;18.75514652;387.7059;42.1352;25.0;0.6;284.863
1753873695.67;2.0;49.20402918;18.75514653;387.7055;42.1352;25.0;0.6;284.912
1753873695.68;2.0;49.20402923;18.75514653;387.705;42.1352;25.0;0.6;284.923
1753873695.69;2.0;49.20402928;18.75514654;387.7038;42.1352;25.0;0.6;284.903
1753873695.7;2.0;49.20402934;18.75514654;387.7028;42.1352;25.0;0.6;284.891
1753873695.71;2.0;49.2040294;18.75514654;387.7022;42.1352;25.0;0.6;284.868
1753873695.72;2.0;49.20402946;18.75514655;387.7012;42.1352;25.0;0.6;284.855
1753873695.73;2.0;49.20402952;18.75514656;387.7005;42.1352;25.0;0.6;284.839
1753873695.74;2.0;49.20402959;18.75514656;387.7;42.1352;25.0;0.6;284.856
1753873695.75;2.0;49.20402965;18.75514657;387.6991;42.1352;25.0;0.6;284.867
1753873695.76;2.0;49.20402972;18.75514657;387.6982;42.1352;25.0;0.6;284.858
1753873695.77;2.0;49.20402979;18.75514658;387.6968;42.1352;25.0;0.6;284.773
1753873695.78;2.0;49.20402986;18.75514658;387.6957;42.1352;25.0;0.6;284.67
1753873695.79;2.0;49.20402993;18.75514658;387.6951;42.1352;25.0;0.6;284.544
1753873695.8;2.0;49.20402999;18.75514658;387.6943;42.1352;25.0;0.6;284.467
1753873695.81;2.0;49.20403006;18.75514658;387.6933;42.1352;25.0;0.6;284.408
1753873695.82;2.0;49.20403012;18.75514658;387.6923;42.1352;25.0;0.6;284.384
1753873695.83;2.0;49.20403018;18.75514658;387.6915;42.1352;25.0;0.6;284.396
1753873695.84;2.0;49.20403024;18.75514658;387.6908;42.1352;25.0;0.6;284.393
1753873695.85;2.0;49.2040303;18.75514657;387.6897;42.1352;25.0;0.6;284.375
1753873695.86;2.0;49.20403035;18.75514656;387.6885;42.1352;25.0;0.6;284.396
1753873695.87;2.0;49.2040304;18.75514655;387.6871;42.1352;25.0;0.6;284.422
1753873695.88;2.0;49.20403045;18.75514655;387.6856;42.1352;25.0;0.6;284.479
1753873695.89;2.0;49.20403048;18.75514654;387.684;42.1352;25.0;0.6;284.549
1753873695.9;2.0;49.20403052;18.75514653;387.6827;42.1352;25.0;0.6;284.617
1753873695.91;2.0;49.20403055;18.75514651;387.6816;42.1352;25.0;0.6;284.696
1753873695.92;2.0;49.20403058;18.7551465;387.6809;42.1352;25.0;0.6;284.773
1753873695.93;2.0;49.2040306;18.75514648;387.6802;42.1352;25.0;0.6;284.873
1753873695.94;2.0;49.20403063;18.75514646;387.6794;42.1352;25.0;0.6;284.913
1753873695.95;2.0;49.20403066;18.75514644;387.6783;42.1352;25.0;0.6;284.976
1753873695.96;2.0;49.20403068;18.75514642;387.6768;42.1352;25.0;0.6;285.013
1753873695.97;2.0;49.20403071;18.75514641;387.6752;42.1352;25.0;0.6;285.046
1753873695.98;2.0;49.20403073;18.75514639;387.6738;42.1352;25.0;0.6;285.057
1753873695.99;2.0;49.20403075;18.75514637;387.6725;42.1352;25.0;0.6;284.954
1753873696.0;2.0;49.20403077;18.75514635;387.6715;42.1352;25.0;0.6;284.955
1753873696.01;2.0;49.20403079;18.75514634;387.67;42.1352;25.0;0.6;285.004
1753873696.02;2.0;49.20403081;18.75514632;387.6688;42.1352;25.0;0.6;285.008
1753873696.03;2.0;49.20403083;18.7551463;387.6676;42.1352;25.0;0.6;285.048
1753873696.04;2.0;49.20403085;18.75514629;387.6664;42.1352;25.0;0.6;285.153
1753873696.05;2.0;49.20403088;18.75514628;387.6653;42.1352;25.0;0.6;285.204
1753873696.06;2.0;49.20403089;18.7551463;387.6653;42.1352;25.0;0.6;285.179
1753873696.07;2.0;49.20403091;18.75514631;387.6652;42.1352;25.0;0.6;285.183
1753873696.08;2.0;49.20403093;18.75514632;387.6654;42.1352;25.0;0.6;285.251
1753873696.09;2.0;49.20403095;18.75514633;387.6657;42.1352;25.0;0.6;285.287
1753873696.1;2.0;49.20403097;18.75514635;387.6661;42.1352;25.0;0.6;285.263
1753873696.11;2.0;49.20403099;18.75514636;387.6662;42.1352;25.0;0.6;285.284
1753873696.12;2.0;49.20403101;18.75514636;387.6662;42.1352;25.0;0.6;285.27
1753873696.13;2.0;49.20403104;18.75514637;387.6659;42.1352;25.0;0.6;285.202
1753873696.14;2.0;49.20403107;18.75514637;387.666;42.1352;25.0;0.6;285.14
1753873696.15;2.0;49.20403109;18.75514638;387.6657;42.1352;25.0;0.6;285.075
1753873696.16;2.0;49.20403112;18.75514638;387.6656;42.1352;25.0;0.6;285.099
1753873696.17;2.0;49.20403114;18.75514638;387.6653;42.1352;25.0;0.6;285.094
1753873696.18;2.0;49.20403117;18.75514638;387.6648;42.1352;25.0;0.6;285.0
1753873696.19;2.0;49.20403118;18.75514638;387.6649;42.1352;25.0;0.6;284.898
1753873696.2;2.0;49.20403121;18.75514637;387.6655;42.1352;25.0;0.6;284.892
1753873696.21;2.0;49.20403122;18.75514636;387.6656;42.1352;25.0;0.6;284.847
1753873696.22;2.0;49.20403124;18.75514635;387.6653;42.1352;25.0;0.6;284.754
1753873696.23;2.0;49.20403125;18.75514633;387.6649;42.1352;25.0;0.6;284.706
1753873696.24;2.0;49.20403126;18.75514632;387.6649;42.1352;25.0;0.6;284.719
1753873696.25;2.0;49.20403127;18.7551463;387.6645;42.1352;25.0;0.6;284.72
1753873696.26;2.0;49.20403128;18.75514628;387.6644;42.1352;25.0;0.6;284.718
1753873696.27;2.0;49.20403128;18.75514626;387.6644;42.1352;25.0;0.6;284.754
1753873696.28;2.0;49.20403129;18.75514624;387.6645;42.1352;25.0;0.6;284.769
1753873696.29;2.0;49.20403129;18.75514622;387.6643;42.1352;25.0;0.6;284.806
1753873696.3;2.0;49.20403129;18.7551462;387.6639;42.1352;25.0;0.6;284.786
1753873696.31;2.0;49.20403129;18.75514618;387.6632;42.1352;25.0;0.6;284.801
1753873696.32;2.0;49.20403129;18.75514615;387.6622;42.1352;25.0;0.6;284.831
1753873696.33;2.0;49.20403128;18.75514614;387.6613;42.1352;25.0;0.6;284.805
1753873696.34;2.0;49.20403128;18.75514612;387.6607;42.1352;25.0;0.6;284.826
1753873696.35;2.0;49.20403128;18.7551461;387.66;42.1352;25.0;0.6;284.811
1753873696.36;2.0;49.20403127;18.75514608;387.6593;42.1352;25.0;0.6;284.795
1753873696.37;2.0;49.20403126;18.75514606;387.6588;42.1352;25.0;0.6;284.786
1753873696.38;2.0;49.20403125;18.75514604;387.659;42.1352;25.0;0.6;284.805
1753873696.39;2.0;49.20403124;18.75514602;387.6588;42.1352;25.0;0.6;284.828
1753873696.4;2.0;49.20403123;18.755146;387.6578;42.1352;25.0;0.6;284.814
1753873696.41;2.0;49.20403122;18.75514598;387.6571;42.1352;25.0;0.6;284.844
1753873696.42;2.0;49.20403121;18.75514596;387.656;42.1352;25.0;0.6;284.86
1753873696.43;2.0;49.2040312;18.75514594;387.6549;42.1352;25.0;0.6;284.89
1753873696.44;2.0;49.20403119;18.75514592;387.6544;42.1352;25.0;0.6;284.861
1753873696.45;2.0;49.20403117;18.7551459;387.6539;42.1352;25.0;0.6;284.802
1753873696.46;2.0;49.20403117;18.75514587;387.6532;42.1352;25.0;0.6;284.759
1753873696.47;2.0;49.20403115;18.75514585;387.6525;42.1352;25.0;0.6;284.744
1753873696.48;2.0;49.20403114;18.75514583;387.6518;42.1352;25.0;0.6;284.738
1753873696.49;2.0;49.20403114;18.75514581;387.6517;42.1352;25.0;0.6;284.698
1753873696.5;2.0;49.20403113;18.75514579;387.6512;42.1352;25.0;0.6;284.694
1753873696.51;2.0;49.20403112;18.75514577;387.6509;42.1352;25.0;0.6;284.776
1753873696.52;2.0;49.20403111;18.75514575;387.6505;42.1352;25.0;0.6;284.795
1753873696.53;2.0;49.2040311;18.75514573;387.6503;42.1352;25.0;0.6;284.783
1753873696.54;2.0;49.20403109;18.75514571;387.65;42.1352;25.0;0.6;284.828
1753873696.55;2.0;49.20403109;18.75514568;387.6494;42.1352;25.0;0.6;284.898
1753873696.56;2.0;49.20403109;18.75514566;387.6491;42.1352;25.0;0.6;284.978
1753873696.57;2.0;49.20403109;18.75514567;387.6494;42.1352;25.0;0.6;284.917
1753873696.58;2.0;49.2040311;18.75514567;387.6497;42.1352;25.0;0.6;284.884
1753873696.59;2.0;49.20403111;18.75514568;387.6496;42.1352;25.0;0.6;284.895
1753873696.6;2.0;49.20403113;18.75514568;387.6495;42.1352;25.0;0.6;284.926
1753873696.61;2.0;49.20403114;18.75514568;387.6497;42.1352;25.0;0.6;284.933
1753873696.62;2.0;49.20403115;18.75514569;387.6497;42.1352;25.0;0.6;284.94
1753873696.63;2.0;49.20403117;18.7551457;387.6496;42.1352;25.0;0.6;284.974
1753873696.64;2.0;49.20403118;18.7551457;387.6496;42.1352;25.0;0.6;284.956
1753873696.65;2.0;49.20403119;18.75514571;387.6494;42.1352;25.0;0.6;284.941
1753873696.66;2.0;49.2040312;18.75514571;387.6492;42.1352;25.0;0.6;284.937
1753873696.67;2.0;49.20403121;18.75514572;387.6491;42.1352;25.0;0.6;284.957
1753873696.68;2.0;49.20403123;18.75514572;387.6491;42.1352;25.0;0.6;284.941
1753873696.69;2.0;49.20403124;18.75514572;387.6487;42.1352;25.0;0.6;284.885
1753873696.7;2.0;49.20403125;18.75514572;387.6484;42.1352;25.0;0.6;284.886
1753873696.71;2.0;49.20403125;18.75514572;387.6484;42.1352;25.0;0.6;284.897
1753873696.72;2.0;49.20403126;18.75514572;387.648;42.1352;25.0;0.6;284.897
1753873696.73;2.0;49.20403127;18.75514573;387.6474;42.1352;25.0;0.6;284.904
1753873696.74;2.0;49.20403127;18.75514572;387.6471;42.1352;25.0;0.6;284.917
1753873696.75;2.0;49.20403128;18.75514572;387.647;42.1352;25.0;0.6;284.902
1753873696.76;2.0;49.20403128;18.75514572;387.6472;42.1352;25.0;0.6;284.846
1753873696.77;2.0;49.20403128;18.75514572;387.6474;42.1352;25.0;0.6;284.794
1753873696.78;2.0;49.20403129;18.75514572;387.6473;42.1352;25.0;0.6;284.808
1753873696.79;2.0;49.20403129;18.75514572;387.6469;42.1352;25.0;0.6;284.817
1753873696.8;2.0;49.20403129;18.75514572;387.6469;42.1352;25.0;0.6;284.76
1753873696.81;2.0;49.20403128;18.75514571;387.6471;42.1352;25.0;0.6;284.64
1753873696.82;2.0;49.20403128;18.75514571;387.6469;42.1352;25.0;0.6;284.591
1753873696.83;2.0;49.20403127;18.7551457;387.6468;42.1352;25.0;0.6;284.549
1753873696.84;2.0;49.20403126;18.7551457;387.6469;42.1352;25.0;0.6;284.557
1753873696.85;2.0;49.20403125;18.75514569;387.6467;42.1352;25.0;0.6;284.596
1753873696.86;2.0;49.20403125;18.75514569;387.6468;42.1352;25.0;0.6;284.623
1753873696.87;2.0;49.20403124;18.75514568;387.6469;42.1352;25.0;0.6;284.653
1753873696.88;2.0;49.20403123;18.75514567;387.6475;42.1352;25.0;0.6;284.708
1753873696.89;2.0;49.20403122;18.75514566;387.6481;42.1352;25.0;0.6;284.695
1753873696.9;2.0;49.20403121;18.75514565;387.6486;42.1352;25.0;0.6;284.688
1753873696.91;2.0;49.2040312;18.75514564;387.6483;42.1352;25.0;0.6;284.668
1753873696.92;2.0;49.20403119;18.75514564;387.6481;42.1352;25.0;0.6;284.696
1753873696.93;2.0;49.20403119;18.75514564;387.6485;42.1352;25.0;0.6;284.728
1753873696.94;2.0;49.20403118;18.75514564;387.6487;42.1352;25.0;0.6;284.661
1753873696.95;2.0;49.20403118;18.75514563;387.6488;42.1352;25.0;0.6;284.61
1753873696.96;2.0;49.20403118;18.75514562;387.649;42.1352;25.0;0.6;284.613
1753873696.97;2.0;49.20403118;18.75514561;387.6495;42.1352;25.0;0.6;284.653
1753873696.98;2.0;49.20403119;18.75514559;387.6496;42.1352;25.0;0.6;284.663
1753873696.99;2.0;49.2040312;18.75514558;387.6495;42.1352;25.0;0.6;284.638
1753873697.0;2.0;49.20403122;18.75514558;387.6499;42.1352;25.0;0.6;284.649
1753873697.01;2.0;49.20403124;18.75514557;387.6503;42.1352;25.0;0.6;284.642
1753873697.02;2.0;49.20403126;18.75514557;387.6506;42.1352;25.0;0.6;284.605
1753873697.03;2.0;49.20403128;18.75514557;387.6511;42.1352;25.0;0.6;284.571
1753873697.04;2.0;49.20403132;18.75514557;387.6517;42.1352;25.0;0.6;284.626
1753873697.05;2.0;49.20403135;18.75514557;387.6523;42.1352;25.0;0.6;284.725
1753873697.06;2.0;49.20403139;18.75514558;387.653;42.1352;25.0;0.6;284.791
1753873697.07;2.0;49.20403142;18.75514559;387.6536;42.1352;25.0;0.6;284.816
1753873697.08;2.0;49.20403146;18.7551456;387.6537;42.1352;25.0;0.6;284.79
1753873697.09;2.0;49.2040315;18.75514561;387.6539;42.1352;25.0;0.6;284.776
1753873697.1;2.0;49.20403154;18.75514562;387.6542;42.1352;25.0;0.6;284.742
1753873697.11;2.0;49.20403159;18.75514563;387.6543;42.1352;25.0;0.6;284.666
1753873697.12;2.0;49.20403163;18.75514564;387.6542;42.1352;24.0;0.6;284.62
1753873697.13;2.0;49.20403168;18.75514567;387.6542;42.1352;24.0;0.6;284.596
1753873697.14;2.0;49.20403173;18.75514568;387.6543;42.1352;24.0;0.6;284.611
1753873697.15;2.0;49.20403177;18.7551457;387.6543;42.1352;24.0;0.6;284.631
1753873697.16;2.0;49.20403182;18.75514572;387.6549;42.1352;24.0;0.6;284.626
1753873697.17;2.0;49.20403188;18.75514574;387.6555;42.1352;24.0;0.6;284.603
1753873697.18;2.0;49.20403193;18.75514576;387.6563;42.1352;24.0;0.6;284.56
1753873697.19;2.0;49.20403198;18.75514578;387.6568;42.1352;24.0;0.6;284.551
1753873697.2;2.0;49.20403204;18.7551458;387.6571;42.1352;24.0;0.6;284.54
1753873697.21;2.0;49.2040321;18.75514581;387.6576;42.1352;24.0;0.6;284.539
1753873697.22;2.0;49.20403215;18.75514583;387.6583;42.1352;24.0;0.6;284.533
1753873697.23;2.0;49.20403221;18.75514586;387.6591;42.1352;24.0;0.6;284.556
1753873697.24;2.0;49.20403228;18.75514588;387.6601;42.1352;24.0;0.6;284.6
1753873697.25;2.0;49.20403234;18.75514589;387.6615;42.1352;24.0;0.6;284.598
1753873697.26;2.0;49.20403239;18.75514592;387.6627;42.1352;24.0;0.6;284.55
1753873697.27;2.0;49.20403245;18.75514594;387.6633;42.1352;24.0;0.6;284.532
1753873697.28;2.0;49.20403251;18.75514597;387.6635;42.1352;24.0;0.6;284.49
1753873697.29;2.0;49.20403257;18.75514599;387.6635;42.1352;24.0;0.6;284.494
1753873697.3;2.0;49.20403263;18.75514602;387.6641;42.1352;24.0;0.6;284.503
1753873697.31;2.0;49.20403268;18.75514605;387.6651;42.1352;24.0;0.6;284.545
1753873697.32;2.0;49.20403274;18.75514607;387.666;42.1352;24.0;0.6;284.581
1753873697.33;2.0;49.2040328;18.7551461;387.6668;42.1352;24.0;0.6;284.587
1753873697.34;2.0;49.20403285;18.75514612;387.6672;42.1352;24.0;0.6;284.593
1753873697.35;2.0;49.2040329;18.75514615;387.667;42.1352;24.0;0.6;284.635
1753873697.36;2.0;49.20403295;18.75514618;387.6671;42.1352;24.0;0.6;284.695
1753873697.37;2.0;49.204033;18.7551462;387.667;42.1352;24.0;0.6;284.748
1753873697.38;2.0;49.20403305;18.75514623;387.6672;42.1352;24.0;0.6;284.8
1753873697.39;2.0;49.20403309;18.75514625;387.6672;42.1352;24.0;0.6;284.848
1753873697.4;2.0;49.20403314;18.75514626;387.6677;42.1352;24.0;0.6;284.916
1753873697.41;2.0;49.20403319;18.75514628;387.6683;42.1352;24.0;0.6;284.945
1753873697.42;2.0;49.20403323;18.75514631;387.6685;42.1352;24.0;0.6;284.972
1753873697.43;2.0;49.20403328;18.75514633;387.6687;42.1352;24.0;0.6;284.982
1753873697.44;2.0;49.20403333;18.75514636;387.6698;42.1352;24.0;0.6;284.959
1753873697.45;2.0;49.20403338;18.75514638;387.6707;42.1352;24.0;0.6;284.947
1753873697.46;2.0;49.20403342;18.7551464;387.6715;42.1352;24.0;0.6;284.95
1753873697.47;2.0;49.20403347;18.75514642;387.6724;42.1352;24.0;0.6;284.911
1753873697.48;2.0;49.2040335;18.75514644;387.6736;42.1352;24.0;0.6;284.902
1753873697.49;2.0;49.20403355;18.75514647;387.6747;42.1352;24.0;0.6;284.894
1753873697.5;2.0;49.20403359;18.75514649;387.6756;42.1352;24.0;0.6;284.933
1753873697.51;2.0;49.20403364;18.75514652;387.6765;42.1352;24.0;0.6;284.997
1753873697.52;2.0;49.20403369;18.75514654;387.6776;42.1352;24.0;0.6;285.005
1753873697.53;2.0;49.20403373;18.75514655;387.6787;42.1352;24.0;0.6;284.951
1753873697.54;2.0;49.20403378;18.75514657;387.6795;42.1352;24.0;0.6;284.897
1753873697.55;2.0;49.20403383;18.75514658;387.6799;42.1352;24.0;0.6;284.873
1753873697.56;2.0;49.20403388;18.7551466;387.6803;42.1352;24.0;0.6;284.867
1753873697.57;2.0;49.20403392;18.75514662;387.6807;42.1352;24.0;0.6;284.841
1753873697.58;2.0;49.20403397;18.75514664;387.681;42.1352;25.0;0.6;284.819
1753873697.59;2.0;49.20403402;18.75514666;387.6808;42.1352;25.0;0.6;284.755
1753873697.6;2.0;49.20403407;18.75514666;387.6809;42.1352;25.0;0.6;284.682
1753873697.61;2.0;49.20403411;18.75514667;387.6809;42.1352;25.0;0.6;284.619
1753873697.62;2.0;49.20403416;18.75514669;387.6808;42.1352;25.0;0.6;284.561
1753873697.63;2.0;49.20403421;18.75514671;387.6808;42.1352;25.0;0.6;284.524
1753873697.64;2.0;49.20403426;18.75514672;387.6812;42.1352;25.0;0.6;284.538
1753873697.65;2.0;49.20403431;18.75514674;387.6817;42.1352;25.0;0.6;284.554
1753873697.66;2.0;49.20403435;18.75514675;387.6823;42.1352;25.0;0.6;284.573
1753873697.67;2.0;49.2040344;18.75514677;387.6831;42.1352;25.0;0.6;284.622
1753873697.68;2.0;49.20403445;18.75514678;387.6837;42.1352;25.0;0.6;284.643
1753873697.69;2.0;49.20403451;18.75514679;387.6845;42.1352;25.0;0.6;284.653
1753873697.7;2.0;49.20403455;18.75514681;387.6853;42.1352;25.0;0.6;284.728
1753873697.71;2.0;49.2040346;18.75514682;387.6858;42.1352;25.0;0.6;284.757
1753873697.72;2.0;49.20403465;18.75514684;387.6861;42.1352;25.0;0.6;284.795
1753873697.73;2.0;49.2040347;18.75514685;387.6864;42.1352;25.0;0.6;284.805
1753873697.74;2.0;49.20403475;18.75514687;387.6876;42.1352;25.0;0.6;284.764
1753873697.75;2.0;49.20403479;18.75514688;387.6886;42.1352;25.0;0.6;284.761
1753873697.76;2.0;49.20403484;18.7551469;387.6894;42.1352;25.0;0.6;284.835
1753873697.77;2.0;49.20403489;18.75514692;387.6899;42.1352;25.0;0.6;284.908
1753873697.78;2.0;49.20403494;18.75514695;387.6901;42.1352;25.0;0.6;284.93
1753873697.79;2.0;49.20403499;18.75514697;387.6907;42.1352;25.0;0.6;284.954
1753873697.8;2.0;49.20403503;18.75514698;387.6915;42.1352;25.0;0.6;284.926
1753873697.81;2.0;49.20403508;18.755147;387.6925;42.1352;25.0;0.6;284.901
1753873697.82;2.0;49.20403513;18.75514702;387.6928;42.1352;25.0;0.6;284.899
1753873697.83;2.0;49.20403518;18.75514704;387.6923;42.1352;25.0;0.6;284.898
1753873697.84;2.0;49.20403523;18.75514706;387.6923;42.1352;25.0;0.6;284.906
1753873697.85;2.0;49.20403528;18.75514708;387.6927;42.1352;25.0;0.6;284.881
1753873697.86;2.0;49.20403532;18.75514709;387.693;42.1352;25.0;0.6;284.865
1753873697.87;2.0;49.20403537;18.7551471;387.6934;42.1352;25.0;0.6;284.918
1753873697.88;2.0;49.20403541;18.75514712;387.6936;42.1352;25.0;0.6;285.019
1753873697.89;2.0;49.20403546;18.75514714;387.6936;42.1352;25.0;0.6;285.044
1753873697.9;2.0;49.2040355;18.75514716;387.6937;42.1352;25.0;0.6;285.034
1753873697.91;2.0;49.20403554;18.75514717;387.6939;42.1352;25.0;0.6;285.025
1753873697.92;2.0;49.20403559;18.75514719;387.6945;42.1352;25.0;0.6;285.04
1753873697.93;2.0;49.20403563;18.7551472;387.695;42.1352;25.0;0.6;285.055
1753873697.94;2.0;49.20403568;18.75514722;387.6953;42.1352;25.0;0.6;285.065
1753873697.95;2.0;49.20403572;18.75514724;387.6954;42.1352;25.0;0.6;285.06
1753873697.96;2.0;49.20403576;18.75514726;387.6953;42.1352;25.0;0.6;285.015
1753873697.97;2.0;49.20403581;18.75514727;387.6956;42.1352;25.0;0.6;284.956
1753873697.98;2.0;49.20403585;18.75514729;387.696;42.1352;25.0;0.6;284.878
1753873697.99;2.0;49.2040359;18.75514732;387.6963;42.1352;25.0;0.6;284.803
1753873698.0;2.0;49.20403594;18.75514734;387.6971;42.1352;25.0;0.6;284.753
1753873698.01;2.0;49.20403598;18.75514736;387.6977;42.1352;25.0;0.6;284.736
1753873698.02;2.0;49.20403602;18.75514739;387.6983;42.1352;25.0;0.6;284.638
1753873698.03;2.0;49.20403606;18.7551474;387.6993;42.1352;25.0;0.6;284.526
1753873698.04;2.0;49.20403611;18.75514743;387.7001;42.1352;25.0;0.6;284.485
1753873698.05;2.0;49.20403615;18.75514744;387.701;42.1352;25.0;0.6;284.471
1753873698.06;2.0;49.20403619;18.75514747;387.702;42.1352;25.0;0.6;284.391
1753873698.07;2.0;49.20403623;18.75514749;387.703;42.1352;25.0;0.6;284.284
1753873698.08;2.0;49.20403629;18.75514752;387.7033;42.1352;25.0;0.6;284.289
1753873698.09;2.0;49.20403634;18.75514755;387.7036;42.1352;25.0;0.6;284.348
1753873698.1;2.0;49.2040364;18.75514757;387.7042;42.1352;24.0;0.6;284.401
1753873698.11;2.0;49.20403647;18.7551476;387.7048;42.1352;24.0;0.6;284.417
1753873698.12;2.0;49.20403652;18.75514762;387.7057;42.1352;24.0;0.6;284.376
1753873698.13;2.0;49.20403658;18.75514765;387.7064;42.1352;24.0;0.6;284.315
1753873698.14;2.0;49.20403665;18.75514768;387.7071;42.1352;24.0;0.6;284.284
1753873698.15;2.0;49.20403671;18.75514771;387.7075;42.1352;24.0;0.6;284.268
1753873698.16;2.0;49.20403677;18.75514774;387.7077;42.1352;24.0;0.6;284.251
1753873698.17;2.0;49.20403683;18.75514777;387.7084;42.1352;24.0;0.6;284.242
1753873698.18;2.0;49.20403689;18.75514779;387.7095;42.1352;24.0;0.6;284.224
1753873698.19;2.0;49.20403695;18.75514783;387.7104;42.1352;24.0;0.6;284.212
1753873698.2;2.0;49.20403701;18.75514787;387.7108;42.1352;24.0;0.6;284.2
1753873698.21;2.0;49.20403707;18.7551479;387.7112;42.1352;24.0;0.6;284.172
1753873698.22;2.0;49.20403714;18.75514794;387.7114;42.1352;24.0;0.6;284.19
1753873698.23;2.0;49.2040372;18.75514799;387.7113;42.1352;24.0;0.6;284.253
1753873698.24;2.0;49.20403726;18.75514803;387.7115;42.1352;24.0;0.6;284.248
1753873698.25;2.0;49.20403732;18.75514808;387.712;42.1352;24.0;0.6;284.289
1753873698.26;2.0;49.20403737;18.75514813;387.7129;42.1352;24.0;0.6;284.36
1753873698.27;2.0;49.20403743;18.75514818;387.7135;42.1352;24.0;0.6;284.433
1753873698.28;2.0;49.20403749;18.75514822;387.714;42.1352;24.0;0.6;284.522
1753873698.29;2.0;49.20403754;18.75514826;387.7144;42.1352;24.0;0.6;284.618
1753873698.3;2.0;49.20403761;18.75514831;387.7144;42.1352;24.0;0.6;284.714
1753873698.31;2.0;49.20403766;18.75514836;387.7143;42.1352;24.0;0.6;284.758
1753873698.32;2.0;49.20403772;18.75514841;387.714;42.1352;24.0;0.6;284.729
1753873698.33;2.0;49.20403779;18.75514846;387.714;42.1352;24.0;0.6;284.691
1753873698.34;2.0;49.20403785;18.75514851;387.7144;42.1352;24.0;0.6;284.623
1753873698.35;2.0;49.20403791;18.75514855;387.7153;42.1352;24.0;0.6;284.567
1753873698.36;2.0;49.20403797;18.7551486;387.716;42.1352;24.0;0.6;284.491
1753873698.37;2.0;49.20403803;18.75514864;387.7162;42.1352;24.0;0.6;284.41
1753873698.38;2.0;49.20403809;18.75514868;387.7164;42.1352;24.0;0.6;284.385
1753873698.39;2.0;49.20403815;18.75514872;387.717;42.1352;24.0;0.6;284.37
1753873698.4;2.0;49.20403822;18.75514877;387.7179;42.1352;24.0;0.6;284.354
1753873698.41;2.0;49.20403828;18.75514881;387.7188;42.1352;24.0;0.6;284.26
1753873698.42;2.0;49.20403833;18.75514885;387.7202;42.1352;24.0;0.6;284.194
1753873698.43;2.0;49.20403839;18.75514889;387.722;42.1352;24.0;0.6;284.127
1753873698.44;2.0;49.20403845;18.75514893;387.7236;42.1352;24.0;0.6;284.1
1753873698.45;2.0;49.2040385;18.75514898;387.7248;42.1352;24.0;0.6;284.118
1753873698.46;2.0;49.20403856;18.75514902;387.7261;42.1352;24.0;0.6;284.131
1753873698.47;2.0;49.20403862;18.75514907;387.7272;42.1352;24.0;0.6;284.205
1753873698.48;2.0;49.20403867;18.75514911;387.7282;42.1352;24.0;0.6;284.257
1753873698.49;2.0;49.20403872;18.75514916;387.729;42.1352;24.0;0.6;284.304
1753873698.5;2.0;49.20403878;18.7551492;387.7295;42.1352;24.0;0.6;284.339
1753873698.51;2.0;49.20403883;18.75514925;387.7306;42.1352;24.0;0.6;284.324
1753873698.52;2.0;49.20403889;18.7551493;387.7318;42.1352;24.0;0.6;284.317
1753873698.53;2.0;49.20403894;18.75514935;387.7329;42.1352;24.0;0.6;284.346
1753873698.54;2.0;49.20403899;18.7551494;387.734;42.1352;24.0;0.6;284.386
1753873698.55;2.0;49.20403905;18.75514945;387.7347;42.1352;24.0;0.6;284.416
1753873698.56;2.0;49.2040391;18.75514949;387.7354;42.1352;24.0;0.6;284.435
1753873698.57;2.0;49.20403915;18.75514954;387.7363;42.1352;23.0;0.6;284.436
1753873698.58;2.0;49.20403921;18.75514959;387.737;42.1352;23.0;0.6;284.442
1753873698.59;2.0;49.20403927;18.75514964;387.7382;42.1352;23.0;0.6;284.445
1753873698.6;2.0;49.20403932;18.75514969;387.7395;42.1352;23.0;0.6;284.47
1753873698.61;2.0;49.20403938;18.75514975;387.7406;42.1352;23.0;0.6;284.416
1753873698.62;2.0;49.20403944;18.7551498;387.7413;42.1352;23.0;0.6;284.36
1753873698.63;2.0;49.2040395;18.75514985;387.7421;42.1352;23.0;0.6;284.331
1753873698.64;2.0;49.20403956;18.7551499;387.743;42.1352;23.0;0.6;284.345
1753873698.65;2.0;49.20403961;18.75514995;387.7441;42.1352;23.0;0.6;284.377
1753873698.66;2.0;49.20403967;18.75515;387.745;42.1352;23.0;0.6;284.451
1753873698.67;2.0;49.20403974;18.75515005;387.7456;42.1352;23.0;0.6;284.546
1753873698.68;2.0;49.2040398;18.7551501;387.7462;42.1352;23.0;0.6;284.591
1753873698.69;2.0;49.20403987;18.75515015;387.7464;42.1352;23.0;0.6;284.606
1753873698.7;2.0;49.20403993;18.75515019;387.7471;42.1352;23.0;0.6;284.626
1753873698.71;2.0;49.20404;18.75515024;387.7479;42.1352;23.0;0.6;284.694
1753873698.72;2.0;49.20404006;18.75515028;387.7489;42.1352;23.0;0.6;284.76
1753873698.73;2.0;49.20404013;18.75515032;387.7495;42.1352;23.0;0.6;284.78
1753873698.74;2.0;49.20404019;18.75515036;387.7501;42.1352;23.0;0.6;284.777
1753873698.75;2.0;49.20404026;18.75515039;387.7506;42.1352;23.0;0.6;284.745
1753873698.76;2.0;49.20404032;18.75515043;387.7514;42.1352;23.0;0.6;284.715
1753873698.77;2.0;49.20404038;18.75515046;387.7522;42.1352;23.0;0.6;284.658
1753873698.78;2.0;49.20404045;18.7551505;387.7528;42.1352;23.0;0.6;284.572
1753873698.79;2.0;49.20404052;18.75515054;387.7537;42.1352;23.0;0.6;284.593
1753873698.8;2.0;49.20404059;18.75515059;387.7549;42.1352;23.0;0.6;284.62
1753873698.81;2.0;49.20404065;18.75515063;387.7563;42.1352;23.0;0.6;284.574
1753873698.82;2.0;49.20404072;18.75515067;387.7574;42.1352;23.0;0.6;284.573
1753873698.83;2.0;49.20404079;18.75515071;387.7586;42.1352;23.0;0.6;284.567
1753873698.84;2.0;49.20404086;18.75515075;387.7599;42.1352;23.0;0.6;284.555
1753873698.85;2.0;49.20404093;18.7551508;387.7615;42.1352;23.0;0.6;284.566
1753873698.86;2.0;49.204041;18.75515084;387.7631;42.1352;23.0;0.6;284.589
1753873698.87;2.0;49.20404107;18.75515089;387.7647;42.1352;23.0;0.6;284.575
1753873698.88;2.0;49.20404113;18.75515094;387.7663;42.1352;23.0;0.6;284.593
1753873698.89;2.0;49.2040412;18.75515099;387.7678;42.1352;23.0;0.6;284.635
1753873698.9;2.0;49.20404127;18.75515103;387.769;42.1352;23.0;0.6;284.645
1753873698.91;2.0;49.20404133;18.75515107;387.7698;42.1352;23.0;0.6;284.662
1753873698.92;2.0;49.2040414;18.75515112;387.771;42.1352;23.0;0.6;284.614
1753873698.93;2.0;49.20404146;18.75515116;387.7723;42.1352;23.0;0.6;284.601
1753873698.94;2.0;49.20404152;18.7551512;387.7733;42.1352;23.0;0.6;284.593
1753873698.95;2.0;49.20404158;18.75515123;387.7741;42.1352;23.0;0.6;284.592
1753873698.96;2.0;49.20404164;18.75515127;387.7743;42.1352;23.0;0.6;284.583
1753873698.97;2.0;49.2040417;18.7551513;387.775;42.1352;23.0;0.6;284.537
1753873698.98;2.0;49.20404175;18.75515134;387.7758;42.1352;23.0;0.6;284.501
1753873698.99;2.0;49.20404181;18.75515137;387.7762;42.1352;23.0;0.6;284.444
1753873699.0;2.0;49.20404186;18.75515141;387.7767;42.1352;23.0;0.6;284.461
1753873699.01;2.0;49.20404191;18.75515144;387.7773;42.1352;23.0;0.6;284.48
1753873699.02;2.0;49.20404196;18.75515147;387.7781;42.1352;23.0;0.6;284.471
1753873699.03;2.0;49.204042;18.7551515;387.7793;42.1352;23.0;0.6;284.477
1753873699.04;2.0;49.20404205;18.75515154;387.7806;42.1352;23.0;0.6;284.47
1753873699.05;2.0;49.20404209;18.75515157;387.7819;42.1352;23.0;0.6;284.433
1753873699.06;2.0;49.20404214;18.75515161;387.783;42.1352;23.0;0.6;284.381
1753873699.07;2.0;49.20404218;18.75515164;387.7836;42.1352;23.0;0.6;284.378
1753873699.08;2.0;49.20404222;18.75515168;387.7843;42.1352;23.0;0.6;284.466
1753873699.09;2.0;49.20404227;18.75515171;387.7848;42.1352;23.0;0.6;284.471
1753873699.1;2.0;49.20404231;18.75515175;387.7847;42.1352;23.0;0.6;284.452
1753873699.11;2.0;49.20404235;18.75515179;387.7847;42.1352;23.0;0.6;284.439
1753873699.12;2.0;49.20404238;18.75515183;387.7847;42.1352;23.0;0.6;284.419
1753873699.13;2.0;49.20404242;18.75515187;387.7843;42.1352;23.0;0.6;284.376
1753873699.14;2.0;49.20404245;18.75515191;387.7848;42.1352;23.0;0.6;284.321
1753873699.15;2.0;49.20404249;18.75515195;387.7852;42.1352;23.0;0.6;284.357
1753873699.16;2.0;49.20404252;18.75515198;387.7856;42.1352;23.0;0.6;284.408
1753873699.17;2.0;49.20404255;18.75515202;387.7861;42.1352;23.0;0.6;284.403
1753873699.18;2.0;49.20404258;18.75515205;387.7865;42.1352;23.0;0.6;284.366
1753873699.19;2.0;49.20404261;18.75515208;387.7867;42.1352;23.0;0.6;284.361
1753873699.2;2.0;49.20404263;18.75515211;387.7874;42.1352;23.0;0.6;284.324
1753873699.21;2.0;49.20404266;18.75515214;387.7878;42.1352;23.0;0.6;284.29
1753873699.22;2.0;49.20404267;18.75515217;387.7884;42.1352;23.0;0.6;284.267
1753873699.23;2.0;49.20404269;18.7551522;387.7888;42.1352;23.0;0.6;284.246
1753873699.24;2.0;49.20404271;18.75515223;387.7895;42.1352;23.0;0.6;284.245
1753873699.25;2.0;49.20404273;18.75515226;387.79;42.1352;23.0;0.6;284.237
1753873699.26;2.0;49.20404274;18.75515229;387.7905;42.1352;23.0;0.6;284.236
1753873699.27;2.0;49.20404275;18.75515232;387.7914;42.1352;23.0;0.6;284.216
1753873699.28;2.0;49.20404276;18.75515234;387.7929;42.1352;23.0;0.6;284.165
1753873699.29;2.0;49.20404277;18.75515237;387.7938;42.1352;23.0;0.6;284.171
1753873699.3;2.0;49.20404278;18.75515239;387.7943;42.1352;23.0;0.6;284.219
1753873699.31;2.0;49.20404279;18.75515242;387.7948;42.1352;23.0;0.6;284.225
1753873699.32;2.0;49.2040428;18.75515245;387.7954;42.1352;23.0;0.6;284.224
1753873699.33;2.0;49.20404281;18.75515247;387.7966;42.1352;23.0;0.6;284.233
1753873699.34;2.0;49.20404282;18.7551525;387.7973;42.1352;23.0;0.6;284.258
1753873699.35;2.0;49.20404283;18.75515252;387.7982;42.1352;23.0;0.6;284.314
1753873699.36;2.0;49.20404284;18.75515255;387.7991;42.1352;23.0;0.6;284.377
1753873699.37;2.0;49.20404286;18.75515257;387.8;42.1352;23.0;0.6;284.428
1753873699.38;2.0;49.20404287;18.75515259;387.8009;42.1352;23.0;0.6;284.465
1753873699.39;2.0;49.20404289;18.75515262;387.8014;42.1352;23.0;0.6;284.482
1753873699.4;2.0;49.20404291;18.75515264;387.8022;42.1352;23.0;0.6;284.549
1753873699.41;2.0;49.20404293;18.75515267;387.8027;42.1352;23.0;0.6;284.544
1753873699.42;2.0;49.20404295;18.75515269;387.8041;42.1352;23.0;0.6;284.496
1753873699.43;2.0;49.20404297;18.75515271;387.8052;42.1352;23.0;0.6;284.44
1753873699.44;2.0;49.20404299;18.75515273;387.8062;42.1352;23.0;0.6;284.369
1753873699.45;2.0;49.20404302;18.75515275;387.8076;42.1352;23.0;0.6;284.334
1753873699.46;2.0;49.20404304;18.75515278;387.8091;42.1352;23.0;0.6;284.318
1753873699.47;2.0;49.20404308;18.75515281;387.8102;42.1352;23.0;0.6;284.297
1753873699.48;2.0;49.2040431;18.75515284;387.811;42.1352;23.0;0.6;284.215
1753873699.49;2.0;49.20404314;18.75515287;387.812;42.1352;23.0;0.6;284.099
1753873699.5;2.0;49.20404317;18.75515289;387.8128;42.1352;23.0;0.6;284.027
1753873699.51;2.0;49.2040432;18.75515292;387.8138;42.1352;23.0;0.6;283.962
1753873699.52;2.0;49.20404324;18.75515294;387.8144;42.1352;23.0;0.6;283.845
1753873699.53;2.0;49.20404327;18.75515298;387.8148;42.1352;23.0;0.6;283.792
1753873699.54;2.0;49.2040433;18.75515301;387.8158;42.1352;23.0;0.6;283.731
1753873699.55;2.0;49.20404333;18.75515304;387.8166;42.1352;23.0;0.6;283.657
1753873699.56;2.0;49.20404336;18.75515307;387.8172;42.1352;23.0;0.6;283.573
1753873699.57;2.0;49.20404338;18.75515309;387.8166;42.1352;23.0;0.6;283.475
1753873699.58;2.0;49.2040434;18.7551531;387.8161;42.1352;23.0;0.6;283.423
1753873699.59;2.0;49.20404342;18.75515311;387.8156;42.1352;23.0;0.6;283.389
1753873699.6;2.0;49.20404343;18.75515312;387.815;42.1352;23.0;0.6;283.368
1753873699.61;2.0;49.20404344;18.75515314;387.8149;42.1352;23.0;0.6;283.312
1753873699.62;2.0;49.20404345;18.75515315;387.815;42.1352;23.0;0.6;283.276
1753873699.63;2.0;49.20404345;18.75515316;387.8153;42.1352;23.0;0.6;283.266
1753873699.64;2.0;49.20404344;18.75515317;387.815;42.1352;23.0;0.6;283.263
1753873699.65;2.0;49.20404343;18.75515319;387.8147;42.1352;24.0;0.6;283.262
1753873699.66;2.0;49.20404342;18.75515319;387.8147;42.1352;24.0;0.6;283.278
1753873699.67;2.0;49.2040434;18.7551532;387.8149;42.1352;24.0;0.6;283.304
1753873699.68;2.0;49.20404339;18.75515321;387.815;42.1352;24.0;0.6;283.369
1753873699.69;2.0;49.20404338;18.75515322;387.8155;42.1352;24.0;0.6;283.45
1753873699.7;2.0;49.20404336;18.75515323;387.8162;42.1352;24.0;0.6;283.508
1753873699.71;2.0;49.20404335;18.75515323;387.817;42.1352;24.0;0.6;283.54
1753873699.72;2.0;49.20404333;18.75515324;387.8177;42.1352;24.0;0.6;283.59
1753873699.73;2.0;49.20404331;18.75515324;387.8182;42.1352;24.0;0.6;283.613
1753873699.74;2.0;49.2040433;18.75515325;387.8182;42.1352;24.0;0.6;283.651
1753873699.75;2.0;49.20404328;18.75515327;387.818;42.1352;24.0;0.6;283.731
1753873699.76;2.0;49.20404327;18.75515327;387.8183;42.1352;24.0;0.6;283.77
1753873699.77;2.0;49.20404326;18.75515328;387.8187;42.1352;24.0;0.6;283.828
1753873699.78;2.0;49.20404326;18.75515328;387.819;42.1352;24.0;0.6;283.901
1753873699.79;2.0;49.20404325;18.75515328;387.8191;42.1352;24.0;0.6;283.977
1753873699.8;2.0;49.20404325;18.75515329;387.8194;42.1352;24.0;0.6;283.994
1753873699.81;2.0;49.20404325;18.7551533;387.8195;42.1352;24.0;0.6;284.006
1753873699.82;2.0;49.20404325;18.75515331;387.8196;42.1352;24.0;0.6;284.054
1753873699.83;2.0;49.20404325;18.75515332;387.8201;42.1352;24.0;0.6;284.068
1753873699.84;2.0;49.20404326;18.75515333;387.8209;42.1352;24.0;0.6;284.121
1753873699.85;2.0;49.20404326;18.75515335;387.8218;42.1352;24.0;0.6;284.176
1753873699.86;2.0;49.20404328;18.75515336;387.8223;42.1352;24.0;0.6;284.157
1753873699.87;2.0;49.20404329;18.75515338;387.8225;42.1352;24.0;0.6;284.076
1753873699.88;2.0;49.20404331;18.75515341;387.8228;42.1352;24.0;0.6;284.031
1753873699.89;2.0;49.20404333;18.75515343;387.8233;42.1352;24.0;0.6;284.025
1753873699.9;2.0;49.20404335;18.75515346;387.824;42.1352;24.0;0.6;284.029
1753873699.91;2.0;49.20404336;18.75515349;387.8246;42.1352;24.0;0.6;283.978
1753873699.92;2.0;49.20404339;18.75515352;387.8251;42.1352;24.0;0.6;283.919
1753873699.93;2.0;49.20404341;18.75515355;387.8251;42.1352;24.0;0.6;283.938
1753873699.94;2.0;49.20404344;18.75515358;387.8254;42.1352;24.0;0.6;283.953
1753873699.95;2.0;49.20404347;18.75515362;387.826;42.1352;24.0;0.6;284.043
1753873699.96;2.0;49.2040435;18.75515365;387.827;42.1352;24.0;0.6;284.159
1753873699.97;2.0;49.20404353;18.75515369;387.8282;42.1352;24.0;0.6;284.191
1753873699.98;2.0;49.20404357;18.75515373;387.829;42.1352;24.0;0.6;284.198
1753873699.99;2.0;49.20404361;18.75515377;387.8301;42.1352;24.0;0.6;284.181
1753873700.0;2.0;49.20404365;18.75515381;387.8314;42.1352;24.0;0.6;284.171
1753873700.01;2.0;49.20404369;18.75515385;387.8321;42.1352;24.0;0.6;284.133
1753873700.02;2.0;49.20404373;18.75515389;387.8323;42.1352;24.0;0.6;284.086
1753873700.03;2.0;49.20404377;18.75515393;387.8328;42.1352;24.0;0.6;284.016
1753873700.04;2.0;49.20404381;18.75515398;387.8339;42.1352;24.0;0.6;284.023
1753873700.05;2.0;49.20404386;18.75515402;387.8346;42.1352;24.0;0.6;284.032
1753873700.06;2.0;49.20404391;18.75515406;387.835;42.1352;24.0;0.6;283.991
1753873700.07;2.0;49.20404395;18.7551541;387.8358;42.1352;25.0;0.6;283.962
1753873700.08;2.0;49.204044;18.75515415;387.8364;42.1352;25.0;0.6;284.04
1753873700.09;2.0;49.20404405;18.75515419;387.8372;42.1352;25.0;0.6;284.207
1753873700.1;2.0;49.2040441;18.75515423;387.8381;42.1352;25.0;0.6;284.327
1753873700.11;2.0;49.20404416;18.75515427;387.8388;42.1352;25.0;0.6;284.385
1753873700.12;2.0;49.20404422;18.75515432;387.8395;42.1352;25.0;0.6;284.436
1753873700.13;2.0;49.20404428;18.75515436;387.8399;42.1352;25.0;0.6;284.471
1753873700.14;2.0;49.20404434;18.75515441;387.84;42.1352;25.0;0.6;284.494
1753873700.15;2.0;49.2040444;18.75515445;387.8403;42.1352;25.0;0.6;284.487
1753873700.16;2.0;49.20404447;18.7551545;387.8404;42.1352;25.0;0.6;284.504
1753873700.17;2.0;49.20404453;18.75515455;387.8404;42.1352;25.0;0.6;284.492
1753873700.18;2.0;49.20404459;18.75515459;387.8402;42.1352;25.0;0.6;284.463
1753873700.19;2.0;49.20404466;18.75515464;387.8402;42.1352;25.0;0.6;284.445
1753873700.2;2.0;49.20404473;18.75515469;387.8404;42.1352;25.0;0.6;284.439
1753873700.21;2.0;49.2040448;18.75515473;387.8404;42.1352;25.0;0.6;284.439
1753873700.22;2.0;49.20404487;18.75515477;387.8404;42.1352;25.0;0.6;284.351
1753873700.23;2.0;49.20404494;18.75515482;387.8403;42.1352;25.0;0.6;284.251
1753873700.24;2.0;49.20404502;18.75515486;387.8401;42.1352;25.0;0.6;284.112
1753873700.25;2.0;49.20404509;18.75515491;387.8397;42.1352;25.0;0.6;283.993
1753873700.26;2.0;49.20404517;18.75515495;387.8394;42.1352;25.0;0.6;283.938
1753873700.27;2.0;49.20404525;18.75515499;387.8393;42.1352;25.0;0.6;283.87
1753873700.28;2.0;49.20404533;18.75515503;387.8397;42.1352;25.0;0.6;283.815
1753873700.29;2.0;49.20404541;18.75515508;387.8402;42.1352;25.0;0.6;283.766
1753873700.3;2.0;49.20404549;18.75515512;387.8407;42.1352;25.0;0.6;283.701
1753873700.31;2.0;49.20404557;18.75515516;387.8411;42.1352;25.0;0.6;283.66
1753873700.32;2.0;49.20404566;18.7551552;387.8419;42.1352;25.0;0.6;283.68
1753873700.33;2.0;49.20404573;18.75515525;387.8432;42.1352;25.0;0.6;283.714
1753873700.34;2.0;49.20404581;18.75515529;387.844;42.1352;25.0;0.6;283.774
1753873700.35;2.0;49.20404589;18.75515534;387.8442;42.1352;25.0;0.6;283.767
1753873700.36;2.0;49.20404597;18.75515538;387.8438;42.1352;25.0;0.6;283.827
1753873700.37;2.0;49.20404605;18.75515543;387.8436;42.1352;25.0;0.6;283.896
1753873700.38;2.0;49.20404613;18.75515547;387.8437;42.1352;25.0;0.6;283.949
1753873700.39;2.0;49.2040462;18.75515552;387.844;42.1352;25.0;0.6;283.973
1753873700.4;2.0;49.20404628;18.75515557;387.8439;42.1352;25.0;0.6;283.979
1753873700.41;2.0;49.20404636;18.75515561;387.8433;42.1352;25.0;0.6;284.019
1753873700.42;2.0;49.20404644;18.75515565;387.8428;42.1352;25.0;0.6;284.065
1753873700.43;2.0;49.20404652;18.75515569;387.8431;42.1352;25.0;0.6;284.086
1753873700.44;2.0;49.20404659;18.75515573;387.8437;42.1352;25.0;0.6;284.118
1753873700.45;2.0;49.20404667;18.75515577;387.844;42.1352;25.0;0.6;284.145
1753873700.46;2.0;49.20404675;18.75515581;387.8444;42.1352;25.0;0.6;284.157
1753873700.47;2.0;49.20404683;18.75515586;387.8446;42.1352;25.0;0.6;284.158
1753873700.48;2.0;49.2040469;18.7551559;387.8446;42.1352;25.0;0.6;284.214
1753873700.49;2.0;49.20404698;18.75515594;387.8445;42.1352;25.0;0.6;284.257
1753873700.5;2.0;49.20404706;18.75515597;387.844;42.1352;25.0;0.6;284.299
1753873700.51;2.0;49.20404713;18.75515602;387.8436;42.1352;25.0;0.6;284.425
1753873700.52;2.0;49.20404721;18.75515606;387.8433;42.1352;25.0;0.6;284.522
1753873700.53;2.0;49.20404729;18.7551561;387.8432;42.1352;25.0;0.6;284.572
1753873700.54;2.0;49.20404736;18.75515614;387.843;42.1352;25.0;0.6;284.604
1753873700.55;2.0;49.20404743;18.75515618;387.843;42.1352;25.0;0.6;284.599
1753873700.56;2.0;49.20404749;18.7551562;387.8427;42.1352;23.0;0.6;284.538
1753873700.57;2.0;49.20404756;18.75515622;387.8427;42.1352;23.0;0.6;284.427
1753873700.58;2.0;49.20404762;18.75515625;387.8431;42.1352;23.0;0.6;284.299
1753873700.59;2.0;49.20404768;18.75515628;387.8433;42.1352;23.0;0.6;284.194
1753873700.6;2.0;49.20404775;18.7551563;387.8432;42.1352;23.0;0.6;284.097
1753873700.61;2.0;49.20404781;18.75515633;387.8434;42.1352;23.0;0.6;284.021
1753873700.62;2.0;49.20404787;18.75515636;387.8443;42.1352;23.0;0.6;283.986
1753873700.63;2.0;49.20404793;18.75515638;387.845;42.1352;23.0;0.6;283.992
1753873700.64;2.0;49.20404799;18.75515641;387.8451;42.1352;23.0;0.6;284.03
1753873700.65;2.0;49.20404805;18.75515644;387.8452;42.1352;23.0;0.6;284.056
1753873700.66;2.0;49.20404811;18.75515647;387.8451;42.1352;23.0;0.6;284.082
1753873700.67;2.0;49.20404816;18.7551565;387.8451;42.1352;23.0;0.6;284.061
1753873700.68;2.0;49.20404822;18.75515653;387.8451;42.1352;23.0;0.6;284.049
1753873700.69;2.0;49.20404828;18.75515656;387.8448;42.1352;23.0;0.6;284.06
1753873700.7;2.0;49.20404834;18.75515659;387.8438;42.1352;23.0;0.6;284.066
1753873700.71;2.0;49.2040484;18.75515661;387.843;42.1352;23.0;0.6;284.063
1753873700.72;2.0;49.20404846;18.75515664;387.8428;42.1352;23.0;0.6;284.082
1753873700.73;2.0;49.20404852;18.75515666;387.8425;42.1352;23.0;0.6;284.144
1753873700.74;2.0;49.20404859;18.75515669;387.8415;42.1352;23.0;0.6;284.188
1753873700.75;2.0;49.20404865;18.75515671;387.8404;42.1352;23.0;0.6;284.158
1753873700.76;2.0;49.20404872;18.75515674;387.8395;42.1352;23.0;0.6;284.137
1753873700.77;2.0;49.20404878;18.75515676;387.839;42.1352;23.0;0.6;284.127
1753873700.78;2.0;49.20404884;18.75515678;387.8381;42.1352;23.0;0.6;284.18
1753873700.79;2.0;49.20404891;18.7551568;387.8374;42.1352;23.0;0.6;284.242
1753873700.8;2.0;49.20404897;18.75515682;387.8367;42.1352;23.0;0.6;284.363
1753873700.81;2.0;49.20404903;18.75515684;387.8356;42.1352;23.0;0.6;284.411
1753873700.82;2.0;49.2040491;18.75515687;387.8345;42.1352;23.0;0.6;284.401
1753873700.83;2.0;49.20404916;18.7551569;387.8341;42.1352;23.0;0.6;284.385
1753873700.84;2.0;49.20404922;18.75515693;387.8339;42.1352;23.0;0.6;284.365
1753873700.85;2.0;49.20404929;18.75515696;387.8335;42.1352;23.0;0.6;284.393
1753873700.86;2.0;49.20404935;18.75515699;387.8331;42.1352;23.0;0.6;284.372
1753873700.87;2.0;49.20404942;18.75515703;387.833;42.1352;23.0;0.6;284.359
1753873700.88;2.0;49.20404948;18.75515706;387.8335;42.1352;23.0;0.6;284.273
1753873700.89;2.0;49.20404955;18.75515709;387.834;42.1352;23.0;0.6;284.197
1753873700.9;2.0;49.20404961;18.75515712;387.8342;42.1352;23.0;0.6;284.106
1753873700.91;2.0;49.20404968;18.75515715;387.8344;42.1352;23.0;0.6;284.011
1753873700.92;2.0;49.20404974;18.75515719;387.8342;42.1352;23.0;0.6;283.97
1753873700.93;2.0;49.2040498;18.75515723;387.8336;42.1352;23.0;0.6;284.011
1753873700.94;2.0;49.20404987;18.75515726;387.8329;42.1352;23.0;0.6;284.082
1753873700.95;2.0;49.20404993;18.75515729;387.8329;42.1352;23.0;0.6;284.207
1753873700.96;2.0;49.20404999;18.75515732;387.8329;42.1352;23.0;0.6;284.293
1753873700.97;2.0;49.20405005;18.75515736;387.833;42.1352;23.0;0.6;284.387
1753873700.98;2.0;49.20405012;18.75515738;387.8334;42.1352;23.0;0.6;284.456
1753873700.99;2.0;49.20405018;18.75515741;387.8333;42.1352;23.0;0.6;284.511
1753873701.0;2.0;49.20405024;18.75515744;387.8333;42.1352;23.0;0.6;284.565
1753873701.01;2.0;49.20405031;18.75515747;387.8336;42.1352;23.0;0.6;284.614
1753873701.02;2.0;49.20405038;18.75515749;387.8341;42.1352;23.0;0.6;284.594
1753873701.03;2.0;49.20405044;18.75515752;387.834;42.1352;23.0;0.6;284.557
1753873701.04;2.0;49.2040505;18.75515754;387.8342;42.1352;23.0;0.6;284.525
1753873701.05;2.0;49.20405057;18.75515757;387.834;42.1352;23.0;0.6;284.478
1753873701.06;2.0;49.20405064;18.75515759;387.8339;42.1352;23.0;0.6;284.473
1753873701.07;2.0;49.2040507;18.75515761;387.834;42.1352;24.0;0.6;284.456
1753873701.08;2.0;49.20405077;18.75515763;387.8343;42.1352;24.0;0.6;284.443
1753873701.09;2.0;49.20405083;18.75515765;387.8341;42.1352;24.0;0.6;284.468
1753873701.1;2.0;49.2040509;18.75515766;387.8334;42.1352;24.0;0.6;284.515
1753873701.11;2.0;49.20405096;18.75515768;387.8328;42.1352;24.0;0.6;284.563
1753873701.12;2.0;49.20405102;18.7551577;387.8329;42.1352;24.0;0.6;284.593
1753873701.13;2.0;49.20405108;18.75515771;387.8331;42.1352;24.0;0.6;284.561
1753873701.14;2.0;49.20405114;18.75515773;387.8328;42.1352;24.0;0.6;284.531
1753873701.15;2.0;49.2040512;18.75515774;387.8328;42.1352;24.0;0.6;284.535
1753873701.16;2.0;49.20405126;18.75515776;387.8332;42.1352;24.0;0.6;284.544
1753873701.17;2.0;49.20405132;18.75515777;387.8333;42.1352;24.0;0.6;284.52
1753873701.18;2.0;49.20405138;18.75515778;387.8337;42.1352;24.0;0.6;284.464
1753873701.19;2.0;49.20405144;18.75515779;387.8339;42.1352;24.0;0.6;284.392
1753873701.2;2.0;49.2040515;18.75515781;387.8337;42.1352;24.0;0.6;284.29
1753873701.21;2.0;49.20405156;18.75515782;387.8337;42.1352;24.0;0.6;284.226
1753873701.22;2.0;49.20405161;18.75515783;387.8336;42.1352;24.0;0.6;284.215
1753873701.23;2.0;49.20405166;18.75515783;387.8335;42.1352;24.0;0.6;284.213
1753873701.24;2.0;49.20405172;18.75515784;387.8331;42.1352;24.0;0.6;284.178
1753873701.25;2.0;49.20405177;18.75515786;387.8327;42.1352;24.0;0.6;284.157
1753873701.26;2.0;49.20405183;18.75515787;387.832;42.1352;24.0;0.6;284.102
1753873701.27;2.0;49.20405188;18.75515788;387.8317;42.1352;24.0;0.6;284.102
1753873701.28;2.0;49.20405194;18.75515789;387.8317;42.1352;24.0;0.6;284.12
1753873701.29;2.0;49.20405199;18.7551579;387.8315;42.1352;24.0;0.6;284.093
1753873701.3;2.0;49.20405205;18.75515792;387.8312;42.1352;24.0;0.6;284.078
1753873701.31;2.0;49.20405211;18.75515792;387.8304;42.1352;24.0;0.6;284.03
1753873701.32;2.0;49.20405217;18.75515793;387.8294;42.1352;24.0;0.6;283.957
1753873701.33;2.0;49.20405223;18.75515794;387.8287;42.1352;24.0;0.6;283.901
1753873701.34;2.0;49.20405229;18.75515795;387.8282;42.1352;24.0;0.6;283.815
1753873701.35;2.0;49.20405236;18.75515795;387.8278;42.1352;24.0;0.6;283.79
1753873701.36;2.0;49.20405242;18.75515795;387.827;42.1352;24.0;0.6;283.75
1753873701.37;2.0;49.20405248;18.75515795;387.8263;42.1352;24.0;0.6;283.718
1753873701.38;2.0;49.20405254;18.75515795;387.8254;42.1352;24.0;0.6;283.683
1753873701.39;2.0;49.20405261;18.75515795;387.8247;42.1352;24.0;0.6;283.633
1753873701.4;2.0;49.20405267;18.75515795;387.8237;42.1352;24.0;0.6;283.578
1753873701.41;2.0;49.20405272;18.75515795;387.823;42.1352;24.0;0.6;283.534
1753873701.42;2.0;49.20405278;18.75515795;387.8222;42.1352;24.0;0.6;283.511
1753873701.43;2.0;49.20405284;18.75515795;387.8212;42.1352;24.0;0.6;283.458
1753873701.44;2.0;49.20405289;18.75515795;387.8201;42.1352;24.0;0.6;283.423
1753873701.45;2.0;49.20405295;18.75515795;387.8192;42.1352;24.0;0.6;283.388
1753873701.46;2.0;49.20405301;18.75515795;387.8181;42.1352;24.0;0.6;283.369
1753873701.47;2.0;49.20405307;18.75515794;387.8173;42.1352;24.0;0.6;283.349
1753873701.48;2.0;49.20405313;18.75515793;387.8168;42.1352;24.0;0.6;283.273
1753873701.49;2.0;49.20405318;18.75515793;387.8165;42.1352;24.0;0.6;283.267
1753873701.5;2.0;49.20405325;18.75515792;387.816;42.1352;24.0;0.6;283.253
1753873701.51;2.0;49.20405331;18.75515792;387.8155;42.1352;24.0;0.6;283.229
1753873701.52;2.0;49.20405337;18.75515793;387.8154;42.1352;24.0;0.6;283.205
1753873701.53;2.0;49.20405343;18.75515793;387.8153;42.1352;24.0;0.6;283.202
1753873701.54;2.0;49.20405349;18.75515794;387.8159;42.1352;24.0;0.6;283.172
1753873701.55;2.0;49.20405355;18.75515795;387.8165;42.1352;24.0;0.6;283.202
1753873701.56;2.0;49.2040536;18.75515795;387.8161;42.1352;24.0;0.6;283.247
1753873701.57;2.0;49.20405366;18.75515798;387.8161;42.1352;24.0;0.6;283.28
1753873701.58;2.0;49.20405372;18.75515801;387.8164;42.1352;24.0;0.6;283.276
1753873701.59;2.0;49.20405378;18.75515803;387.8168;42.1352;24.0;0.6;283.301
1753873701.6;2.0;49.20405384;18.75515806;387.8173;42.1352;24.0;0.6;283.375
1753873701.61;2.0;49.2040539;18.75515808;387.818;42.1352;24.0;0.6;283.411
1753873701.62;2.0;49.20405396;18.7551581;387.8186;42.1352;24.0;0.6;283.434
1753873701.63;2.0;49.20405401;18.75515813;387.8188;42.1352;24.0;0.6;283.494
1753873701.64;2.0;49.20405407;18.75515815;387.819;42.1352;24.0;0.6;283.598
1753873701.65;2.0;49.20405413;18.75515816;387.8199;42.1352;24.0;0.6;283.694
1753873701.66;2.0;49.2040542;18.75515817;387.8213;42.1352;24.0;0.6;283.744
1753873701.67;2.0;49.20405426;18.75515818;387.8222;42.1352;24.0;0.6;283.812
1753873701.68;2.0;49.20405432;18.7551582;387.8225;42.1352;24.0;0.6;283.873
1753873701.69;2.0;49.20405438;18.75515821;387.8224;42.1352;24.0;0.6;283.953
1753873701.7;2.0;49.20405444;18.75515822;387.8222;42.1352;24.0;0.6;284.019
1753873701.71;2.0;49.2040545;18.75515823;387.8213;42.1352;24.0;0.6;284.054
1753873701.72;2.0;49.20405457;18.75515824;387.8202;42.1352;24.0;0.6;284.042
1753873701.73;2.0;49.20405463;18.75515825;387.8193;42.1352;24.0;0.6;284.011
1753873701.74;2.0;49.2040547;18.75515827;387.8184;42.1352;24.0;0.6;283.973
1753873701.75;2.0;49.20405477;18.75515828;387.8173;42.1352;24.0;0.6;283.857
1753873701.76;2.0;49.20405484;18.75515829;387.8163;42.1352;24.0;0.6;283.795
1753873701.77;2.0;49.2040549;18.7551583;387.8157;42.1352;24.0;0.6;283.767
1753873701.78;2.0;49.20405496;18.75515832;387.8153;42.1352;24.0;0.6;283.723
1753873701.79;2.0;49.20405503;18.75515833;387.8149;42.1352;24.0;0.6;283.68
1753873701.8;2.0;49.20405509;18.75515834;387.8141;42.1352;24.0;0.6;283.611
1753873701.81;2.0;49.20405515;18.75515835;387.8134;42.1352;24.0;0.6;283.535
1753873701.82;2.0;49.20405521;18.75515836;387.8124;42.1352;24.0;0.6;283.499
1753873701.83;2.0;49.20405527;18.75515837;387.811;42.1352;24.0;0.6;283.447
1753873701.84;2.0;49.20405533;18.75515838;387.8099;42.1352;24.0;0.6;283.417
1753873701.85;2.0;49.20405538;18.75515839;387.8087;42.1352;24.0;0.6;283.356
1753873701.86;2.0;49.20405544;18.7551584;387.8075;42.1352;24.0;0.6;283.286
1753873701.87;2.0;49.2040555;18.75515841;387.8065;42.1352;24.0;0.6;283.255
1753873701.88;2.0;49.20405556;18.75515843;387.8057;42.1352;24.0;0.6;283.255
1753873701.89;2.0;49.20405562;18.75515843;387.8049;42.1352;24.0;0.6;283.292
1753873701.9;2.0;49.20405567;18.75515844;387.8041;42.1352;24.0;0.6;283.298
1753873701.91;2.0;49.20405573;18.75515845;387.8032;42.1352;24.0;0.6;283.298
1753873701.92;2.0;49.2040558;18.75515846;387.8025;42.1352;24.0;0.6;283.276
1753873701.93;2.0;49.20405586;18.75515846;387.802;42.1352;24.0;0.6;283.302
1753873701.94;2.0;49.20405592;18.75515847;387.8016;42.1352;24.0;0.6;283.382
1753873701.95;2.0;49.20405598;18.75515847;387.8008;42.1352;24.0;0.6;283.398
1753873701.96;2.0;49.20405605;18.75515848;387.8;42.1352;24.0;0.6;283.36
1753873701.97;2.0;49.20405611;18.75515849;387.7996;42.1352;24.0;0.6;283.34
1753873701.98;2.0;49.20405617;18.75515849;387.7994;42.1352;24.0;0.6;283.322
1753873701.99;2.0;49.20405624;18.75515849;387.799;42.1352;24.0;0.6;283.333
1753873702.0;2.0;49.2040563;18.7551585;387.7986;42.1352;24.0;0.6;283.323
1753873702.01;2.0;49.20405636;18.75515851;387.798;42.1352;24.0;0.6;283.277
1753873702.02;2.0;49.20405642;18.75515852;387.7976;42.1352;24.0;0.6;283.255
1753873702.03;2.0;49.20405648;18.75515853;387.7973;42.1352;24.0;0.6;283.299
1753873702.04;2.0;49.20405654;18.75515854;387.7969;42.1352;24.0;0.6;283.378
1753873702.05;2.0;49.2040566;18.75515855;387.7966;42.1352;24.0;0.6;283.41
1753873702.06;2.0;49.20405666;18.75515857;387.7958;42.1352;24.0;0.6;283.423
1753873702.07;2.0;49.20405673;18.75515858;387.7951;42.1352;25.0;0.6;283.402
1753873702.08;2.0;49.20405679;18.75515858;387.7942;42.1352;25.0;0.6;283.365
1753873702.09;2.0;49.20405685;18.75515859;387.7932;42.1352;25.0;0.6;283.355
1753873702.1;2.0;49.20405692;18.7551586;387.7926;42.1352;25.0;0.6;283.356
1753873702.11;2.0;49.20405698;18.75515861;387.7918;42.1352;25.0;0.6;283.381
1753873702.12;2.0;49.20405705;18.75515862;387.791;42.1352;25.0;0.6;283.4
1753873702.13;2.0;49.20405712;18.75515863;387.7898;42.1352;25.0;0.6;283.371
1753873702.14;2.0;49.20405719;18.75515865;387.7889;42.1352;25.0;0.6;283.351
1753873702.15;2.0;49.20405725;18.75515866;387.7878;42.1352;25.0;0.6;283.386
1753873702.16;2.0;49.20405732;18.75515868;387.7864;42.1352;25.0;0.6;283.44
1753873702.17;2.0;49.20405739;18.7551587;387.7852;42.1352;25.0;0.6;283.545
1753873702.18;2.0;49.20405746;18.75515872;387.7838;42.1352;25.0;0.6;283.633
1753873702.19;2.0;49.20405753;18.75515874;387.7822;42.1352;25.0;0.6;283.625
1753873702.2;2.0;49.20405759;18.75515877;387.7805;42.1352;25.0;0.6;283.633
1753873702.21;2.0;49.20405766;18.7551588;387.7787;42.1352;25.0;0.6;283.708
1753873702.22;2.0;49.20405773;18.75515882;387.7769;42.1352;25.0;0.6;283.782
1753873702.23;2.0;49.2040578;18.75515885;387.7748;42.1352;25.0;0.6;283.888
1753873702.24;2.0;49.20405787;18.75515888;387.7729;42.1352;25.0;0.6;284.028
1753873702.25;2.0;49.20405793;18.75515891;387.771;42.1352;25.0;0.6;284.11
1753873702.26;2.0;49.204058;18.75515894;387.7696;42.1352;25.0;0.6;284.144
1753873702.27;2.0;49.20405807;18.75515896;387.7685;42.1352;25.0;0.6;284.187
1753873702.28;2.0;49.20405814;18.75515899;387.7669;42.1352;25.0;0.6;284.207
1753873702.29;2.0;49.20405821;18.75515903;387.7651;42.1352;25.0;0.6;284.194
1753873702.3;2.0;49.20405828;18.75515906;387.7633;42.1352;25.0;0.6;284.13
1753873702.31;2.0;49.20405835;18.75515909;387.7614;42.1352;25.0;0.6;284.041
1753873702.32;2.0;49.20405842;18.75515913;387.759;42.1352;25.0;0.6;283.95
1753873702.33;2.0;49.20405849;18.75515917;387.757;42.1352;25.0;0.6;283.83
1753873702.34;2.0;49.20405856;18.75515921;387.7553;42.1352;25.0;0.6;283.699
1753873702.35;2.0;49.20405863;18.75515926;387.7533;42.1352;25.0;0.6;283.591
1753873702.36;2.0;49.20405871;18.75515931;387.7516;42.1352;25.0;0.6;283.537
1753873702.37;2.0;49.20405878;18.75515935;387.7499;42.1352;25.0;0.6;283.481
1753873702.38;2.0;49.20405886;18.7551594;387.7483;42.1352;25.0;0.6;283.376
1753873702.39;2.0;49.20405893;18.75515945;387.7469;42.1352;25.0;0.6;283.273
1753873702.4;2.0;49.20405901;18.7551595;387.7451;42.1352;25.0;0.6;283.253
1753873702.41;2.0;49.20405909;18.75515954;387.7433;42.1352;25.0;0.6;283.212
1753873702.42;2.0;49.20405917;18.75515959;387.7414;42.1352;25.0;0.6;283.182
1753873702.43;2.0;49.20405925;18.75515964;387.7395;42.1352;25.0;0.6;283.159
1753873702.44;2.0;49.20405932;18.75515968;387.7377;42.1352;25.0;0.6;283.138
1753873702.45;2.0;49.2040594;18.75515973;387.7355;42.1352;25.0;0.6;283.141
1753873702.46;2.0;49.20405948;18.75515977;387.7328;42.1352;25.0;0.6;283.161
1753873702.47;2.0;49.20405955;18.75515981;387.7301;42.1352;25.0;0.6;283.162
1753873702.48;2.0;49.20405963;18.75515986;387.7278;42.1352;25.0;0.6;283.173
1753873702.49;2.0;49.2040597;18.7551599;387.7258;42.1352;25.0;0.6;283.196
1753873702.5;2.0;49.20405978;18.75515994;387.7237;42.1352;25.0;0.6;283.247
1753873702.51;2.0;49.20405985;18.75515998;387.7216;42.1352;25.0;0.6;283.321
1753873702.52;2.0;49.20405993;18.75516002;387.7192;42.1352;25.0;0.6;283.323
1753873702.53;2.0;49.20406001;18.75516006;387.717;42.1352;25.0;0.6;283.33
1753873702.54;2.0;49.20406008;18.7551601;387.7149;42.1352;25.0;0.6;283.32
1753873702.55;2.0;49.20406015;18.75516014;387.7128;42.1352;25.0;0.6;283.342
1753873702.56;2.0;49.20406021;18.75516018;387.7107;42.1352;25.0;0.6;283.443
1753873702.57;2.0;49.20406027;18.75516019;387.7104;42.1352;25.0;0.6;283.562
1753873702.58;2.0;49.20406033;18.75516021;387.7102;42.1352;25.0;0.6;283.62
1753873702.59;2.0;49.20406039;18.75516023;387.7098;42.1352;25.0;0.6;283.688
1753873702.6;2.0;49.20406045;18.75516025;387.7096;42.1352;25.0;0.6;283.803
1753873702.61;2.0;49.20406052;18.75516028;387.7095;42.1352;25.0;0.6;283.895
1753873702.62;2.0;49.20406058;18.75516031;387.7096;42.1352;25.0;0.6;283.926
1753873702.63;2.0;49.20406064;18.75516034;387.7095;42.1352;25.0;0.6;283.971
1753873702.64;2.0;49.2040607;18.75516037;387.7093;42.1352;25.0;0.6;284.03
1753873702.65;2.0;49.20406077;18.7551604;387.7087;42.1352;25.0;0.6;284.046
1753873702.66;2.0;49.20406083;18.75516043;387.7085;42.1352;25.0;0.6;284.022
1753873702.67;2.0;49.2040609;18.75516046;387.7083;42.1352;25.0;0.6;284.005
1753873702.68;2.0;49.20406097;18.75516049;387.7083;42.1352;25.0;0.6;284.016
1753873702.69;2.0;49.20406104;18.75516053;387.7079;42.1352;25.0;0.6;283.954
1753873702.7;2.0;49.20406111;18.75516056;387.7081;42.1352;25.0;0.6;283.856
1753873702.71;2.0;49.20406118;18.75516058;387.7083;42.1352;25.0;0.6;283.802
1753873702.72;2.0;49.20406125;18.75516061;387.7078;42.1352;25.0;0.6;283.735
1753873702.73;2.0;49.20406133;18.75516064;387.7076;42.1352;25.0;0.6;283.682
1753873702.74;2.0;49.2040614;18.75516066;387.707;42.1352;25.0;0.6;283.585
1753873702.75;2.0;49.20406147;18.75516069;387.7059;42.1352;25.0;0.6;283.487
1753873702.76;2.0;49.20406155;18.75516072;387.7055;42.1352;25.0;0.6;283.461
1753873702.77;2.0;49.20406162;18.75516076;387.7047;42.1352;25.0;0.6;283.507
1753873702.78;2.0;49.2040617;18.75516079;387.704;42.1352;25.0;0.6;283.521
1753873702.79;2.0;49.20406177;18.75516081;387.703;42.1352;25.0;0.6;283.488
1753873702.8;2.0;49.20406184;18.75516085;387.7018;42.1352;25.0;0.6;283.457
1753873702.81;2.0;49.20406192;18.75516088;387.7004;42.1352;25.0;0.6;283.425
1753873702.82;2.0;49.20406199;18.75516091;387.6992;42.1352;25.0;0.6;283.407
1753873702.83;2.0;49.20406207;18.75516094;387.6981;42.1352;25.0;0.6;283.373
1753873702.84;2.0;49.20406214;18.75516097;387.6965;42.1352;25.0;0.6;283.348
1753873702.85;2.0;49.20406222;18.75516101;387.6948;42.1352;25.0;0.6;283.33
1753873702.86;2.0;49.20406229;18.75516104;387.6937;42.1352;25.0;0.6;283.334
1753873702.87;2.0;49.20406236;18.75516107;387.6929;42.1352;25.0;0.6;283.329
1753873702.88;2.0;49.20406244;18.75516111;387.692;42.1352;25.0;0.6;283.257
1753873702.89;2.0;49.20406252;18.75516114;387.6905;42.1352;25.0;0.6;283.212
1753873702.9;2.0;49.2040626;18.75516118;387.689;42.1352;25.0;0.6;283.21
1753873702.91;2.0;49.20406267;18.75516122;387.6872;42.1352;25.0;0.6;283.209
1753873702.92;2.0;49.20406275;18.75516127;387.6852;42.1352;25.0;0.6;283.29
1753873702.93;2.0;49.20406282;18.75516131;387.6835;42.1352;25.0;0.6;283.379
1753873702.94;2.0;49.2040629;18.75516135;387.6817;42.1352;25.0;0.6;283.466
1753873702.95;2.0;49.20406298;18.7551614;387.6802;42.1352;25.0;0.6;283.588
1753873702.96;2.0;49.20406305;18.75516144;387.6788;42.1352;25.0;0.6;283.64
1753873702.97;2.0;49.20406313;18.75516148;387.6773;42.1352;25.0;0.6;283.646
1753873702.98;2.0;49.20406321;18.75516153;387.6755;42.1352;25.0;0.6;283.688
1753873702.99;2.0;49.20406328;18.75516158;387.6737;42.1352;25.0;0.6;283.657
1753873703.0;2.0;49.20406335;18.75516162;387.6717;42.1352;25.0;0.6;283.609
1753873703.01;2.0;49.20406343;18.75516167;387.6695;42.1352;25.0;0.6;283.593
1753873703.02;2.0;49.20406351;18.75516171;387.6675;42.1352;25.0;0.6;283.647
1753873703.03;2.0;49.20406358;18.75516176;387.665;42.1352;25.0;0.6;283.708
1753873703.04;2.0;49.20406365;18.7551618;387.6624;42.1352;25.0;0.6;283.724
1753873703.05;2.0;49.20406372;18.75516185;387.6598;42.1352;25.0;0.6;283.687
1753873703.06;2.0;49.20406379;18.75516189;387.6575;42.1352;25.0;0.6;283.66
1753873703.07;2.0;49.20406386;18.75516193;387.6552;42.1352;25.0;0.6;283.682
1753873703.08;2.0;49.20406391;18.75516195;387.6553;42.1352;25.0;0.6;283.656
1753873703.09;2.0;49.20406396;18.75516196;387.6559;42.1352;25.0;0.6;283.591
1753873703.1;2.0;49.204064;18.75516198;387.6565;42.1352;26.0;0.6;283.546
1753873703.11;2.0;49.20406404;18.75516199;387.6566;42.1352;26.0;0.6;283.612
1753873703.12;2.0;49.20406407;18.755162;387.6569;42.1352;26.0;0.6;283.698
1753873703.13;2.0;49.20406411;18.75516201;387.6572;42.1352;26.0;0.6;283.801
1753873703.14;2.0;49.20406415;18.75516203;387.657;42.1352;26.0;0.6;283.852
1753873703.15;2.0;49.20406419;18.75516205;387.6568;42.1352;26.0;0.6;283.87
1753873703.16;2.0;49.20406422;18.75516206;387.6567;42.1352;26.0;0.6;283.89
1753873703.17;2.0;49.20406425;18.75516208;387.6563;42.1352;26.0;0.6;283.936
1753873703.18;2.0;49.20406429;18.75516209;387.6556;42.1352;26.0;0.6;283.989
1753873703.19;2.0;49.20406431;18.75516211;387.6553;42.1352;26.0;0.6;284.032
1753873703.2;2.0;49.20406434;18.75516212;387.6546;42.1352;26.0;0.6;284.088
1753873703.21;2.0;49.20406438;18.75516214;387.6534;42.1352;26.0;0.6;284.162
1753873703.22;2.0;49.20406441;18.75516217;387.6523;42.1352;26.0;0.6;284.197
1753873703.23;2.0;49.20406445;18.75516219;387.6507;42.1352;26.0;0.6;284.221
1753873703.24;2.0;49.20406449;18.75516221;387.6493;42.1352;26.0;0.6;284.153
1753873703.25;2.0;49.20406452;18.75516224;387.6479;42.1352;26.0;0.6;284.081
1753873703.26;2.0;49.20406457;18.75516226;387.6461;42.1352;26.0;0.6;284.052
1753873703.27;2.0;49.20406461;18.75516229;387.6441;42.1352;26.0;0.6;283.998
1753873703.28;2.0;49.20406466;18.75516232;387.6421;42.1352;26.0;0.6;283.953
1753873703.29;2.0;49.20406471;18.75516234;387.64;42.1352;26.0;0.6;283.887
1753873703.3;2.0;49.20406476;18.75516237;387.6385;42.1352;26.0;0.6;283.787
1753873703.31;2.0;49.20406481;18.7551624;387.6373;42.1352;26.0;0.6;283.677
1753873703.32;2.0;49.20406487;18.75516243;387.6355;42.1352;26.0;0.6;283.625
1753873703.33;2.0;49.20406493;18.75516247;387.6338;42.1352;26.0;0.6;283.586
1753873703.34;2.0;49.20406499;18.7551625;387.6319;42.1352;26.0;0.6;283.576
1753873703.35;2.0;49.20406506;18.75516254;387.6298;42.1352;26.0;0.6;283.553
1753873703.36;2.0;49.20406512;18.75516257;387.6276;42.1352;26.0;0.6;283.579
1753873703.37;2.0;49.20406519;18.75516261;387.626;42.1352;26.0;0.6;283.62
1753873703.38;2.0;49.20406526;18.75516265;387.6242;42.1352;26.0;0.6;283.643
1753873703.39;2.0;49.20406533;18.75516269;387.6222;42.1352;26.0;0.6;283.648
1753873703.4;2.0;49.2040654;18.75516274;387.6201;42.1352;26.0;0.6;283.643
1753873703.41;2.0;49.20406547;18.75516278;387.618;42.1352;26.0;0.6;283.659
1753873703.42;2.0;49.20406554;18.75516283;387.6158;42.1352;26.0;0.6;283.7
1753873703.43;2.0;49.20406561;18.75516287;387.6135;42.1352;26.0;0.6;283.729
1753873703.44;2.0;49.20406568;18.75516292;387.6111;42.1352;26.0;0.6;283.722
1753873703.45;2.0;49.20406575;18.75516296;387.6081;42.1352;26.0;0.6;283.747
1753873703.46;2.0;49.20406582;18.75516301;387.6049;42.1352;26.0;0.6;283.813
1753873703.47;2.0;49.20406588;18.75516306;387.6019;42.1352;26.0;0.6;283.889
1753873703.48;2.0;49.20406595;18.75516311;387.5991;42.1352;26.0;0.6;283.944
1753873703.49;2.0;49.20406602;18.75516316;387.5962;42.1352;26.0;0.6;283.986
1753873703.5;2.0;49.20406609;18.75516322;387.5933;42.1352;26.0;0.6;283.999
1753873703.51;2.0;49.20406616;18.75516327;387.5906;42.1352;26.0;0.6;283.973
1753873703.52;2.0;49.20406623;18.75516333;387.5878;42.1352;26.0;0.6;283.985
1753873703.53;2.0;49.20406629;18.75516337;387.5849;42.1352;26.0;0.6;283.993
1753873703.54;2.0;49.20406635;18.75516342;387.5824;42.1352;26.0;0.6;284.041
1753873703.55;2.0;49.20406641;18.75516347;387.5801;42.1352;26.0;0.6;284.101
1753873703.56;2.0;49.20406648;18.75516352;387.5777;42.1352;26.0;0.6;284.125
1753873703.57;2.0;49.20406654;18.75516356;387.5752;42.1352;26.0;0.6;284.167
1753873703.58;2.0;49.2040666;18.75516361;387.5723;42.1352;26.0;0.6;284.194
1753873703.59;2.0;49.20406666;18.75516365;387.5696;42.1352;26.0;0.6;284.227
1753873703.6;2.0;49.20406671;18.75516367;387.5701;42.1352;26.0;0.6;284.207
1753873703.61;2.0;49.20406674;18.75516368;387.5705;42.1352;26.0;0.6;284.179
1753873703.62;2.0;49.20406678;18.75516369;387.5707;42.1352;26.0;0.6;284.138
1753873703.63;2.0;49.20406682;18.75516371;387.5711;42.1352;26.0;0.6;284.065
1753873703.64;2.0;49.20406686;18.75516371;387.5718;42.1352;27.0;0.6;283.972
1753873703.65;2.0;49.20406689;18.75516373;387.5722;42.1352;27.0;0.6;283.937
1753873703.66;2.0;49.20406692;18.75516374;387.572;42.1352;27.0;0.6;283.881
1753873703.67;2.0;49.20406695;18.75516376;387.5716;42.1352;27.0;0.6;283.846
1753873703.68;2.0;49.20406697;18.75516376;387.5715;42.1352;27.0;0.6;283.865
1753873703.69;2.0;49.204067;18.75516377;387.5714;42.1352;27.0;0.6;283.843
1753873703.7;2.0;49.20406702;18.75516379;387.5711;42.1352;27.0;0.6;283.811
1753873703.71;2.0;49.20406704;18.7551638;387.5709;42.1352;27.0;0.6;283.828
1753873703.72;2.0;49.20406706;18.75516381;387.5708;42.1352;27.0;0.6;283.793
1753873703.73;2.0;49.20406708;18.75516383;387.5706;42.1352;27.0;0.6;283.67
1753873703.74;2.0;49.20406709;18.75516383;387.5702;42.1352;27.0;0.6;283.592
1753873703.75;2.0;49.20406711;18.75516385;387.5692;42.1352;27.0;0.6;283.607
1753873703.76;2.0;49.20406712;18.75516386;387.5679;42.1352;27.0;0.6;283.606
1753873703.77;2.0;49.20406712;18.75516388;387.5666;42.1352;27.0;0.6;283.589
1753873703.78;2.0;49.20406713;18.75516389;387.5649;42.1352;27.0;0.6;283.561
1753873703.79;2.0;49.20406713;18.7551639;387.5633;42.1352;27.0;0.6;283.638
1753873703.8;2.0;49.20406714;18.75516391;387.5616;42.1352;27.0;0.6;283.806
1753873703.81;2.0;49.20406714;18.75516393;387.5599;42.1352;27.0;0.6;283.912
1753873703.82;2.0;49.20406714;18.75516394;387.5581;42.1352;27.0;0.6;283.925
1753873703.83;2.0;49.20406715;18.75516396;387.5564;42.1352;27.0;0.6;283.931
1753873703.84;2.0;49.20406715;18.75516397;387.5548;42.1352;27.0;0.6;283.936
1753873703.85;2.0;49.20406715;18.75516398;387.5535;42.1352;27.0;0.6;283.928
1753873703.86;2.0;49.20406715;18.755164;387.5527;42.1352;27.0;0.6;283.901
1753873703.87;2.0;49.20406715;18.75516402;387.5511;42.1352;27.0;0.6;283.829
1753873703.88;2.0;49.20406716;18.75516403;387.5495;42.1352;27.0;0.6;283.799
1753873703.89;2.0;49.20406716;18.75516405;387.5477;42.1352;27.0;0.6;283.774
1753873703.9;2.0;49.20406717;18.75516407;387.5455;42.1352;27.0;0.6;283.769
1753873703.91;2.0;49.20406717;18.75516409;387.5436;42.1352;27.0;0.6;283.783
1753873703.92;2.0;49.20406718;18.75516411;387.5417;42.1352;27.0;0.6;283.78
1753873703.93;2.0;49.20406718;18.75516413;387.5396;42.1352;27.0;0.6;283.799
1753873703.94;2.0;49.20406719;18.75516415;387.5376;42.1352;27.0;0.6;283.878
1753873703.95;2.0;49.2040672;18.75516418;387.5355;42.1352;27.0;0.6;283.925
1753873703.96;2.0;49.20406721;18.7551642;387.5332;42.1352;27.0;0.6;283.965
1753873703.97;2.0;49.20406722;18.75516423;387.5307;42.1352;27.0;0.6;283.984
1753873703.98;2.0;49.20406724;18.75516427;387.5282;42.1352;27.0;0.6;283.975
1753873703.99;2.0;49.20406726;18.75516429;387.5254;42.1352;27.0;0.6;283.958
1753873704.0;2.0;49.20406729;18.75516432;387.5228;42.1352;27.0;0.6;283.928
1753873704.01;2.0;49.20406732;18.75516436;387.5202;42.1352;27.0;0.6;283.84
1753873704.02;2.0;49.20406735;18.7551644;387.518;42.1352;27.0;0.6;283.756
1753873704.03;2.0;49.20406739;18.75516444;387.5157;42.1352;27.0;0.6;283.741
1753873704.04;2.0;49.20406743;18.75516448;387.5133;42.1352;27.0;0.6;283.679
1753873704.05;2.0;49.20406747;18.75516452;387.5107;42.1352;27.0;0.6;283.623
1753873704.06;2.0;49.20406751;18.75516456;387.5079;42.1352;27.0;0.6;283.672
1753873704.07;2.0;49.20406756;18.7551646;387.5051;42.1352;28.0;0.5;283.754
1753873704.08;2.0;49.20406761;18.75516464;387.5022;42.1352;28.0;0.5;283.809
1753873704.09;2.0;49.20406766;18.75516468;387.4993;42.1352;28.0;0.5;283.821
1753873704.1;2.0;49.20406771;18.75516471;387.4968;42.1352;28.0;0.5;283.789
1753873704.11;2.0;49.20406776;18.75516475;387.4943;42.1352;28.0;0.5;283.791
1753873704.12;2.0;49.20406781;18.75516479;387.4913;42.1352;28.0;0.5;283.733
1753873704.13;2.0;49.20406785;18.75516483;387.4885;42.1352;28.0;0.5;283.691
1753873704.14;2.0;49.2040679;18.75516487;387.4855;42.1352;28.0;0.5;283.622
1753873704.15;2.0;49.20406795;18.75516491;387.4822;42.1352;28.0;0.5;283.619
1753873704.16;2.0;49.20406799;18.75516494;387.4792;42.1352;28.0;0.5;283.62
1753873704.17;2.0;49.20406804;18.75516498;387.4766;42.1352;28.0;0.5;283.647
1753873704.18;2.0;49.20406808;18.75516501;387.4743;42.1352;28.0;0.5;283.612
1753873704.19;2.0;49.20406813;18.75516505;387.4721;42.1352;28.0;0.5;283.579
1753873704.2;2.0;49.20406817;18.75516508;387.4698;42.1352;28.0;0.5;283.564
1753873704.21;2.0;49.20406821;18.75516511;387.4676;42.1352;28.0;0.5;283.555
1753873704.22;2.0;49.20406825;18.75516514;387.4652;42.1352;28.0;0.5;283.531
1753873704.23;2.0;49.20406829;18.75516517;387.4629;42.1352;28.0;0.5;283.535
1753873704.24;2.0;49.20406832;18.7551652;387.4605;42.1352;28.0;0.5;283.532
1753873704.25;2.0;49.20406835;18.75516523;387.4581;42.1352;28.0;0.5;283.528
1753873704.26;2.0;49.20406839;18.75516527;387.4558;42.1352;28.0;0.5;283.561
1753873704.27;2.0;49.20406842;18.7551653;387.4537;42.1352;28.0;0.5;283.619
1753873704.28;2.0;49.20406845;18.75516533;387.4515;42.1352;28.0;0.5;283.678
1753873704.29;2.0;49.20406849;18.75516536;387.4496;42.1352;28.0;0.5;283.737
1753873704.3;2.0;49.20406853;18.75516538;387.4479;42.1352;28.0;0.5;283.778
1753873704.31;2.0;49.20406857;18.75516541;387.4463;42.1352;28.0;0.5;283.814
1753873704.32;2.0;49.20406862;18.75516544;387.4442;42.1352;28.0;0.5;283.835
1753873704.33;2.0;49.20406866;18.75516547;387.4423;42.1352;28.0;0.5;283.868
1753873704.34;2.0;49.20406871;18.75516551;387.4407;42.1352;28.0;0.5;283.86
1753873704.35;2.0;49.20406876;18.75516554;387.439;42.1352;28.0;0.5;283.828
1753873704.36;2.0;49.20406881;18.75516557;387.4372;42.1352;28.0;0.5;283.825
1753873704.37;2.0;49.20406886;18.7551656;387.4357;42.1352;28.0;0.5;283.801
1753873704.38;2.0;49.20406892;18.75516563;387.4341;42.1352;28.0;0.5;283.786
1753873704.39;2.0;49.20406897;18.75516566;387.4324;42.1352;28.0;0.5;283.736
1753873704.4;2.0;49.20406903;18.75516569;387.4302;42.1352;28.0;0.5;283.679
1753873704.41;2.0;49.20406909;18.75516572;387.4282;42.1352;28.0;0.5;283.641
1753873704.42;2.0;49.20406915;18.75516575;387.4269;42.1352;28.0;0.5;283.598
1753873704.43;2.0;49.20406922;18.75516578;387.4257;42.1352;28.0;0.5;283.563
1753873704.44;2.0;49.20406928;18.75516581;387.4244;42.1352;28.0;0.5;283.496
1753873704.45;2.0;49.20406935;18.75516584;387.4235;42.1352;28.0;0.5;283.383
1753873704.46;2.0;49.20406941;18.75516587;387.4226;42.1352;28.0;0.5;283.257
1753873704.47;2.0;49.20406947;18.7551659;387.4216;42.1352;28.0;0.5;283.212
1753873704.48;2.0;49.20406954;18.75516594;387.4205;42.1352;28.0;0.5;283.192
1753873704.49;2.0;49.20406961;18.75516597;387.4192;42.1352;28.0;0.5;283.218
1753873704.5;2.0;49.20406968;18.755166;387.4182;42.1352;28.0;0.5;283.223
1753873704.51;2.0;49.20406975;18.75516604;387.4172;42.1352;28.0;0.5;283.256
1753873704.52;2.0;49.20406982;18.75516607;387.416;42.1352;28.0;0.5;283.259
1753873704.53;2.0;49.20406989;18.75516611;387.4143;42.1352;28.0;0.5;283.345
1753873704.54;2.0;49.20406997;18.75516615;387.4128;42.1352;28.0;0.5;283.417
1753873704.55;2.0;49.20407004;18.75516619;387.4116;42.1352;28.0;0.5;283.46
1753873704.56;2.0;49.20407012;18.75516622;387.4107;42.1352;28.0;0.5;283.545
1753873704.57;2.0;49.20407018;18.75516625;387.411;42.1352;28.0;0.5;283.634
1753873704.58;2.0;49.20407025;18.75516628;387.4113;42.1352;28.0;0.5;283.723
1753873704.59;2.0;49.20407033;18.75516631;387.4119;42.1352;28.0;0.5;283.79
1753873704.6;2.0;49.2040704;18.75516634;387.4126;42.1352;28.0;0.5;283.852
1753873704.61;2.0;49.20407047;18.75516636;387.4131;42.1352;28.0;0.5;283.912
1753873704.62;2.0;49.20407055;18.75516639;387.4131;42.1352;28.0;0.5;283.998
1753873704.63;2.0;49.20407062;18.75516642;387.4131;42.1352;26.0;0.6;284.098
1753873704.64;2.0;49.2040707;18.75516645;387.4134;42.1352;26.0;0.6;284.191
1753873704.65;2.0;49.20407078;18.75516647;387.4136;42.1352;26.0;0.6;284.256
1753873704.66;2.0;49.20407086;18.7551665;387.4137;42.1352;26.0;0.6;284.329
1753873704.67;2.0;49.20407093;18.75516652;387.4136;42.1352;26.0;0.6;284.342
1753873704.68;2.0;49.20407101;18.75516655;387.4134;42.1352;26.0;0.6;284.315
1753873704.69;2.0;49.20407109;18.75516657;387.4132;42.1352;26.0;0.6;284.277
1753873704.7;2.0;49.20407116;18.75516659;387.4124;42.1352;26.0;0.6;284.237
1753873704.71;2.0;49.20407123;18.75516662;387.4114;42.1352;26.0;0.6;284.15
1753873704.72;2.0;49.2040713;18.75516664;387.4106;42.1352;26.0;0.6;284.065
1753873704.73;2.0;49.20407137;18.75516667;387.4095;42.1352;26.0;0.6;283.904
1753873704.74;2.0;49.20407144;18.75516669;387.4084;42.1352;26.0;0.6;283.726
1753873704.75;2.0;49.2040715;18.75516672;387.4073;42.1352;26.0;0.6;283.572
1753873704.76;2.0;49.20407157;18.75516675;387.4063;42.1352;26.0;0.6;283.462
1753873704.77;2.0;49.20407163;18.75516678;387.4049;42.1352;26.0;0.6;283.368
1753873704.78;2.0;49.20407169;18.7551668;387.4038;42.1352;26.0;0.6;283.341
1753873704.79;2.0;49.20407175;18.75516682;387.4024;42.1352;26.0;0.6;283.343
1753873704.8;2.0;49.20407181;18.75516685;387.4009;42.1352;26.0;0.6;283.373
1753873704.81;2.0;49.20407187;18.75516687;387.3994;42.1352;26.0;0.6;283.375
1753873704.82;2.0;49.20407194;18.75516689;387.3979;42.1352;26.0;0.6;283.416
1753873704.83;2.0;49.204072;18.75516692;387.3958;42.1352;26.0;0.6;283.453
1753873704.84;2.0;49.20407206;18.75516694;387.3939;42.1352;26.0;0.6;283.502
1753873704.85;2.0;49.20407212;18.75516696;387.3918;42.1352;26.0;0.6;283.552
1753873704.86;2.0;49.20407219;18.75516698;387.3902;42.1352;26.0;0.6;283.593
1753873704.87;2.0;49.20407225;18.75516699;387.3891;42.1352;26.0;0.6;283.644
1753873704.88;2.0;49.20407231;18.75516701;387.3879;42.1352;26.0;0.6;283.674
1753873704.89;2.0;49.20407238;18.75516703;387.3869;42.1352;26.0;0.6;283.696
1753873704.9;2.0;49.20407245;18.75516705;387.3859;42.1352;26.0;0.6;283.677
1753873704.91;2.0;49.20407252;18.75516707;387.3848;42.1352;26.0;0.6;283.65
1753873704.92;2.0;49.20407258;18.7551671;387.3836;42.1352;26.0;0.6;283.667
1753873704.93;2.0;49.20407265;18.75516712;387.3822;42.1352;26.0;0.6;283.688
1753873704.94;2.0;49.20407271;18.75516714;387.3806;42.1352;26.0;0.6;283.701
1753873704.95;2.0;49.20407278;18.75516717;387.3787;42.1352;26.0;0.6;283.733
1753873704.96;2.0;49.20407284;18.75516719;387.3767;42.1352;26.0;0.6;283.758
1753873704.97;2.0;49.20407291;18.75516722;387.3749;42.1352;26.0;0.6;283.751
1753873704.98;2.0;49.20407298;18.75516724;387.3727;42.1352;26.0;0.6;283.726
1753873704.99;2.0;49.20407305;18.75516727;387.3707;42.1352;26.0;0.6;283.681
1753873705.0;2.0;49.20407311;18.75516729;387.3689;42.1352;26.0;0.6;283.694
1753873705.01;2.0;49.20407318;18.75516732;387.367;42.1352;26.0;0.6;283.731
1753873705.02;2.0;49.20407326;18.75516734;387.365;42.1352;26.0;0.6;283.761
1753873705.03;2.0;49.20407333;18.75516737;387.3632;42.1352;26.0;0.6;283.734
1753873705.04;2.0;49.2040734;18.75516739;387.3615;42.1352;26.0;0.6;283.665
1753873705.05;2.0;49.20407347;18.75516742;387.3599;42.1352;26.0;0.6;283.588
1753873705.06;2.0;49.20407354;18.75516744;387.3578;42.1352;26.0;0.6;283.517
1753873705.07;2.0;49.20407362;18.75516746;387.3556;42.1352;26.0;0.6;283.394
1753873705.08;2.0;49.20407369;18.75516748;387.354;42.1352;26.0;0.6;283.262
1753873705.09;2.0;49.20407376;18.7551675;387.3523;42.1352;26.0;0.6;283.196
1753873705.1;2.0;49.20407384;18.75516752;387.3504;42.1352;26.0;0.6;283.16
1753873705.11;2.0;49.20407391;18.75516753;387.3481;42.1352;26.0;0.6;283.166
1753873705.12;2.0;49.20407398;18.75516755;387.3453;42.1352;26.0;0.6;283.194
1753873705.13;2.0;49.20407405;18.75516757;387.3428;42.1352;26.0;0.6;283.222
1753873705.14;2.0;49.20407412;18.75516759;387.3405;42.1352;26.0;0.6;283.272
1753873705.15;2.0;49.20407419;18.7551676;387.3387;42.1352;26.0;0.6;283.339
1753873705.16;2.0;49.20407426;18.75516762;387.3369;42.1352;26.0;0.6;283.433
1753873705.17;2.0;49.20407433;18.75516764;387.3353;42.1352;26.0;0.6;283.545
1753873705.18;2.0;49.2040744;18.75516765;387.3337;42.1352;26.0;0.6;283.672
1753873705.19;2.0;49.20407446;18.75516767;387.3319;42.1352;26.0;0.6;283.799
1753873705.2;2.0;49.20407453;18.75516768;387.3302;42.1352;26.0;0.6;283.89
1753873705.21;2.0;49.2040746;18.7551677;387.3288;42.1352;26.0;0.6;283.966
1753873705.22;2.0;49.20407467;18.75516771;387.3276;42.1352;26.0;0.6;284.036
1753873705.23;2.0;49.20407474;18.75516773;387.3263;42.1352;26.0;0.6;284.065
1753873705.24;2.0;49.2040748;18.75516774;387.3248;42.1352;26.0;0.6;284.089
1753873705.25;2.0;49.20407487;18.75516776;387.3231;42.1352;26.0;0.6;284.146
1753873705.26;2.0;49.20407493;18.75516779;387.3213;42.1352;26.0;0.6;284.219
1753873705.27;2.0;49.204075;18.7551678;387.32;42.1352;26.0;0.6;284.312
1753873705.28;2.0;49.20407507;18.75516782;387.3189;42.1352;26.0;0.6;284.35
1753873705.29;2.0;49.20407513;18.75516784;387.318;42.1352;26.0;0.6;284.386
1753873705.3;2.0;49.20407521;18.75516786;387.3172;42.1352;26.0;0.6;284.388
1753873705.31;2.0;49.20407527;18.75516788;387.316;42.1352;26.0;0.6;284.343
1753873705.32;2.0;49.20407534;18.7551679;387.3148;42.1352;26.0;0.6;284.282
1753873705.33;2.0;49.20407541;18.75516792;387.3131;42.1352;26.0;0.6;284.246
1753873705.34;2.0;49.20407549;18.75516793;387.3117;42.1352;26.0;0.6;284.163
1753873705.35;2.0;49.20407556;18.75516795;387.3109;42.1352;26.0;0.6;284.062
1753873705.36;2.0;49.20407564;18.75516797;387.3095;42.1352;26.0;0.6;283.944
1753873705.37;2.0;49.20407571;18.75516798;387.3083;42.1352;26.0;0.6;283.797
1753873705.38;2.0;49.20407579;18.755168;387.3069;42.1352;26.0;0.6;283.682
1753873705.39;2.0;49.20407586;18.75516802;387.3052;42.1352;26.0;0.6;283.613
1753873705.4;2.0;49.20407593;18.75516804;387.3039;42.1352;26.0;0.6;283.536
1753873705.41;2.0;49.204076;18.75516805;387.3025;42.1352;26.0;0.6;283.472
1753873705.42;2.0;49.20407607;18.75516807;387.3012;42.1352;26.0;0.6;283.418
1753873705.43;2.0;49.20407614;18.75516808;387.2998;42.1352;26.0;0.6;283.379
1753873705.44;2.0;49.20407621;18.75516809;387.2983;42.1352;26.0;0.6;283.343
1753873705.45;2.0;49.20407628;18.7551681;387.2967;42.1352;26.0;0.6;283.291
1753873705.46;2.0;49.20407634;18.75516811;387.295;42.1352;26.0;0.6;283.235
1753873705.47;2.0;49.20407641;18.75516812;387.2936;42.1352;26.0;0.6;283.199
1753873705.48;2.0;49.20407648;18.75516814;387.2923;42.1352;26.0;0.6;283.224
1753873705.49;2.0;49.20407656;18.75516815;387.291;42.1352;26.0;0.6;283.264
1753873705.5;2.0;49.20407663;18.75516816;387.2901;42.1352;26.0;0.6;283.285
1753873705.51;2.0;49.2040767;18.75516817;387.2893;42.1352;26.0;0.6;283.287
1753873705.52;2.0;49.20407677;18.75516818;387.2885;42.1352;26.0;0.6;283.309
1753873705.53;2.0;49.20407684;18.75516819;387.2875;42.1352;26.0;0.6;283.361
1753873705.54;2.0;49.20407691;18.7551682;387.2867;42.1352;26.0;0.6;283.443
1753873705.55;2.0;49.20407698;18.75516821;387.2854;42.1352;26.0;0.6;283.496
1753873705.56;2.0;49.20407705;18.75516822;387.2841;42.1352;26.0;0.6;283.554
1753873705.57;2.0;49.20407711;18.75516824;387.2843;42.1352;26.0;0.6;283.619
1753873705.58;2.0;49.20407717;18.75516827;387.2846;42.1352;25.0;0.6;283.668
1753873705.59;2.0;49.20407724;18.75516829;387.2844;42.1352;25.0;0.6;283.673
1753873705.6;2.0;49.2040773;18.75516831;387.284;42.1352;25.0;0.6;283.635
1753873705.61;2.0;49.20407737;18.75516834;387.2834;42.1352;25.0;0.6;283.609
1753873705.62;2.0;49.20407744;18.75516837;387.2827;42.1352;25.0;0.6;283.607
1753873705.63;2.0;49.20407751;18.75516841;387.2821;42.1352;25.0;0.6;283.666
1753873705.64;2.0;49.20407759;18.75516844;387.2817;42.1352;25.0;0.6;283.639
1753873705.65;2.0;49.20407766;18.75516847;387.2813;42.1352;25.0;0.6;283.6
1753873705.66;2.0;49.20407774;18.7551685;387.2805;42.1352;25.0;0.6;283.578
1753873705.67;2.0;49.20407781;18.75516853;387.2805;42.1352;25.0;0.6;283.541
1753873705.68;2.0;49.20407789;18.75516856;387.2804;42.1352;25.0;0.6;283.575
1753873705.69;2.0;49.20407797;18.75516859;387.2805;42.1352;25.0;0.6;283.659
1753873705.7;2.0;49.20407804;18.75516861;387.2807;42.1352;25.0;0.6;283.658
1753873705.71;2.0;49.20407812;18.75516864;387.2805;42.1352;25.0;0.6;283.602
1753873705.72;2.0;49.20407819;18.75516867;387.2796;42.1352;25.0;0.6;283.523
1753873705.73;2.0;49.20407827;18.7551687;387.2785;42.1352;25.0;0.6;283.415
1753873705.74;2.0;49.20407834;18.75516872;387.278;42.1352;25.0;0.6;283.31
1753873705.75;2.0;49.20407842;18.75516874;387.2778;42.1352;25.0;0.6;283.203
1753873705.76;2.0;49.20407849;18.75516877;387.2775;42.1352;25.0;0.6;283.103
1753873705.77;2.0;49.20407857;18.75516878;387.2772;42.1352;25.0;0.6;283.021
1753873705.78;2.0;49.20407865;18.75516879;387.2769;42.1352;25.0;0.6;282.932
1753873705.79;2.0;49.20407873;18.75516881;387.277;42.1352;25.0;0.6;282.828
1753873705.8;2.0;49.2040788;18.75516883;387.2771;42.1352;25.0;0.6;282.7
1753873705.81;2.0;49.20407888;18.75516885;387.2775;42.1352;25.0;0.6;282.647
1753873705.82;2.0;49.20407895;18.75516887;387.2776;42.1352;25.0;0.6;282.642
1753873705.83;2.0;49.20407903;18.75516889;387.2773;42.1352;25.0;0.6;282.696
1753873705.84;2.0;49.20407911;18.75516891;387.2768;42.1352;25.0;0.6;282.769
1753873705.85;2.0;49.20407919;18.75516894;387.2756;42.1352;25.0;0.6;282.838
1753873705.86;2.0;49.20407927;18.75516896;387.2744;42.1352;25.0;0.6;282.851
1753873705.87;2.0;49.20407934;18.75516899;387.2728;42.1352;25.0;0.6;282.897
1753873705.88;2.0;49.20407942;18.75516902;387.2712;42.1352;25.0;0.6;282.977
1753873705.89;2.0;49.2040795;18.75516905;387.2697;42.1352;25.0;0.6;283.071
1753873705.9;2.0;49.20407958;18.75516908;387.2681;42.1352;25.0;0.6;283.16
1753873705.91;2.0;49.20407965;18.75516911;387.2666;42.1352;25.0;0.6;283.223
1753873705.92;2.0;49.20407973;18.75516914;387.2652;42.1352;25.0;0.6;283.322
1753873705.93;2.0;49.20407981;18.75516916;387.2635;42.1352;25.0;0.6;283.426
1753873705.94;2.0;49.20407989;18.75516919;387.2619;42.1352;25.0;0.6;283.491
1753873705.95;2.0;49.20407997;18.75516922;387.2603;42.1352;25.0;0.6;283.53
1753873705.96;2.0;49.20408005;18.75516925;387.2587;42.1352;25.0;0.6;283.63
1753873705.97;2.0;49.20408013;18.75516928;387.2571;42.1352;25.0;0.6;283.692
1753873705.98;2.0;49.20408021;18.7551693;387.2562;42.1352;25.0;0.6;283.735
1753873705.99;2.0;49.20408029;18.75516933;387.2551;42.1352;25.0;0.6;283.758
1753873706.0;2.0;49.20408037;18.75516935;387.2535;42.1352;25.0;0.6;283.793
1753873706.01;2.0;49.20408046;18.75516938;387.252;42.1352;25.0;0.6;283.794
1753873706.02;2.0;49.20408054;18.7551694;387.2505;42.1352;25.0;0.6;283.782
1753873706.03;2.0;49.20408062;18.75516943;387.2494;42.1352;25.0;0.6;283.758
1753873706.04;2.0;49.2040807;18.75516945;387.2479;42.1352;25.0;0.6;283.707
1753873706.05;2.0;49.20408079;18.75516947;387.2462;42.1352;25.0;0.6;283.608
1753873706.06;2.0;49.20408087;18.7551695;387.2445;42.1352;25.0;0.6;283.527
1753873706.07;2.0;49.20408095;18.75516952;387.2432;42.1352;27.0;0.6;283.478
1753873706.08;2.0;49.20408103;18.75516955;387.2418;42.1352;27.0;0.6;283.4
1753873706.09;2.0;49.20408111;18.75516958;387.2405;42.1352;27.0;0.6;283.281
1753873706.1;2.0;49.20408119;18.7551696;387.239;42.1352;27.0;0.6;283.173
1753873706.11;2.0;49.20408128;18.75516963;387.2377;42.1352;27.0;0.6;283.098
1753873706.12;2.0;49.20408136;18.75516965;387.2365;42.1352;27.0;0.6;283.037
1753873706.13;2.0;49.20408144;18.75516968;387.2354;42.1352;27.0;0.6;282.99
1753873706.14;2.0;49.20408152;18.75516971;387.2343;42.1352;27.0;0.6;282.952
1753873706.15;2.0;49.2040816;18.75516973;387.2329;42.1352;27.0;0.6;282.955
1753873706.16;2.0;49.20408168;18.75516975;387.2315;42.1352;27.0;0.6;282.958
1753873706.17;2.0;49.20408176;18.75516978;387.2296;42.1352;27.0;0.6;282.977
1753873706.18;2.0;49.20408184;18.7551698;387.2277;42.1352;27.0;0.6;283.018
1753873706.19;2.0;49.20408192;18.75516983;387.2263;42.1352;27.0;0.6;283.063
1753873706.2;2.0;49.204082;18.75516985;387.2248;42.1352;27.0;0.6;283.085
1753873706.21;2.0;49.20408209;18.75516988;387.2236;42.1352;27.0;0.6;283.085
1753873706.22;2.0;49.20408217;18.7551699;387.2226;42.1352;27.0;0.6;283.038
1753873706.23;2.0;49.20408225;18.75516993;387.2216;42.1352;27.0;0.6;282.986
1753873706.24;2.0;49.20408234;18.75516996;387.2203;42.1352;27.0;0.6;282.998
1753873706.25;2.0;49.20408242;18.75516999;387.2191;42.1352;27.0;0.6;283.031
1753873706.26;2.0;49.2040825;18.75517001;387.2184;42.1352;27.0;0.6;283.05
1753873706.27;2.0;49.20408258;18.75517004;387.2178;42.1352;27.0;0.6;283.096
1753873706.28;2.0;49.20408266;18.75517006;387.217;42.1352;27.0;0.6;283.137
1753873706.29;2.0;49.20408274;18.75517009;387.2163;42.1352;27.0;0.6;283.171
1753873706.3;2.0;49.20408282;18.75517012;387.2154;42.1352;27.0;0.6;283.223
1753873706.31;2.0;49.2040829;18.75517015;387.2145;42.1352;27.0;0.6;283.339
1753873706.32;2.0;49.20408297;18.75517018;387.2136;42.1352;27.0;0.6;283.489
1753873706.33;2.0;49.20408305;18.7551702;387.2129;42.1352;27.0;0.6;283.602
1753873706.34;2.0;49.20408313;18.75517024;387.2126;42.1352;27.0;0.6;283.738
1753873706.35;2.0;49.20408321;18.75517027;387.212;42.1352;27.0;0.6;283.802
1753873706.36;2.0;49.20408329;18.75517029;387.2112;42.1352;27.0;0.6;283.795
1753873706.37;2.0;49.20408337;18.75517033;387.2104;42.1352;27.0;0.6;283.741
1753873706.38;2.0;49.20408345;18.75517036;387.2094;42.1352;27.0;0.6;283.667
1753873706.39;2.0;49.20408352;18.75517039;387.2078;42.1352;27.0;0.6;283.636
1753873706.4;2.0;49.2040836;18.75517042;387.2062;42.1352;27.0;0.6;283.588
1753873706.41;2.0;49.20408368;18.75517044;387.2053;42.1352;27.0;0.6;283.483
1753873706.42;2.0;49.20408375;18.75517047;387.2037;42.1352;27.0;0.6;283.396
1753873706.43;2.0;49.20408383;18.7551705;387.2026;42.1352;27.0;0.6;283.363
1753873706.44;2.0;49.20408391;18.75517053;387.2013;42.1352;27.0;0.6;283.267
1753873706.45;2.0;49.20408399;18.75517055;387.2004;42.1352;27.0;0.6;283.172
1753873706.46;2.0;49.20408407;18.75517058;387.1993;42.1352;27.0;0.6;283.07
1753873706.47;2.0;49.20408416;18.7551706;387.1983;42.1352;27.0;0.6;282.983
1753873706.48;2.0;49.20408424;18.75517063;387.1974;42.1352;27.0;0.6;282.882
1753873706.49;2.0;49.20408432;18.75517066;387.1967;42.1352;27.0;0.6;282.835
1753873706.5;2.0;49.2040844;18.75517069;387.1966;42.1352;27.0;0.6;282.772
1753873706.51;2.0;49.20408448;18.75517072;387.1963;42.1352;27.0;0.6;282.719
1753873706.52;2.0;49.20408457;18.75517075;387.196;42.1352;27.0;0.6;282.641
1753873706.53;2.0;49.20408465;18.75517077;387.1953;42.1352;27.0;0.6;282.561
1753873706.54;2.0;49.20408473;18.7551708;387.1948;42.1352;27.0;0.6;282.539
1753873706.55;2.0;49.2040848;18.75517084;387.1945;42.1352;27.0;0.6;282.523
1753873706.56;2.0;49.20408488;18.75517087;387.1939;42.1352;27.0;0.6;282.494
1753873706.57;2.0;49.20408494;18.75517089;387.1945;42.1352;27.0;0.6;282.421
1753873706.58;2.0;49.20408501;18.75517092;387.1952;42.1352;27.0;0.6;282.375
1753873706.59;2.0;49.20408507;18.75517093;387.1957;42.1352;27.0;0.6;282.363
1753873706.6;2.0;49.20408513;18.75517096;387.1958;42.1352;27.0;0.6;282.438
1753873706.61;2.0;49.20408519;18.75517098;387.1957;42.1352;26.0;0.6;282.557
1753873706.62;2.0;49.20408525;18.755171;387.1956;42.1352;26.0;0.6;282.703
1753873706.63;2.0;49.20408531;18.75517102;387.1955;42.1352;26.0;0.6;282.831
1753873706.64;2.0;49.20408537;18.75517104;387.1956;42.1352;26.0;0.6;282.952
1753873706.65;2.0;49.20408544;18.75517105;387.1961;42.1352;26.0;0.6;283.079
1753873706.66;2.0;49.2040855;18.75517108;387.1966;42.1352;26.0;0.6;283.209
1753873706.67;2.0;49.20408557;18.7551711;387.1965;42.1352;26.0;0.6;283.35
1753873706.68;2.0;49.20408564;18.75517112;387.1958;42.1352;26.0;0.6;283.459
1753873706.69;2.0;49.20408571;18.75517114;387.1954;42.1352;26.0;0.6;283.569
1753873706.7;2.0;49.20408578;18.75517117;387.1953;42.1352;26.0;0.6;283.636
1753873706.71;2.0;49.20408586;18.7551712;387.1945;42.1352;26.0;0.6;283.661
1753873706.72;2.0;49.20408593;18.75517123;387.1933;42.1352;26.0;0.6;283.639
1753873706.73;2.0;49.20408601;18.75517126;387.1924;42.1352;26.0;0.6;283.647
1753873706.74;2.0;49.20408608;18.75517128;387.1918;42.1352;26.0;0.6;283.648
1753873706.75;2.0;49.20408615;18.75517131;387.1911;42.1352;26.0;0.6;283.699
1753873706.76;2.0;49.20408623;18.75517134;387.1902;42.1352;26.0;0.6;283.735
1753873706.77;2.0;49.2040863;18.75517137;387.1892;42.1352;26.0;0.6;283.691
1753873706.78;2.0;49.20408638;18.7551714;387.1882;42.1352;26.0;0.6;283.666
1753873706.79;2.0;49.20408646;18.75517143;387.1872;42.1352;26.0;0.6;283.657
1753873706.8;2.0;49.20408654;18.75517146;387.1865;42.1352;26.0;0.6;283.627
1753873706.81;2.0;49.20408661;18.75517149;387.1858;42.1352;26.0;0.6;283.627
1753873706.82;2.0;49.20408669;18.75517153;387.185;42.1352;26.0;0.6;283.619
1753873706.83;2.0;49.20408676;18.75517156;387.184;42.1352;26.0;0.6;283.597
1753873706.84;2.0;49.20408684;18.75517159;387.1833;42.1352;26.0;0.6;283.585
1753873706.85;2.0;49.20408691;18.75517162;387.1826;42.1352;26.0;0.6;283.636
1753873706.86;2.0;49.20408699;18.75517166;387.1822;42.1352;26.0;0.6;283.682
1753873706.87;2.0;49.20408706;18.75517169;387.1812;42.1352;26.0;0.6;283.702
1753873706.88;2.0;49.20408713;18.75517173;387.1799;42.1352;26.0;0.6;283.712
1753873706.89;2.0;49.20408721;18.75517176;387.1784;42.1352;26.0;0.6;283.748
1753873706.9;2.0;49.20408728;18.7551718;387.1771;42.1352;26.0;0.6;283.826
1753873706.91;2.0;49.20408736;18.75517183;387.1755;42.1352;26.0;0.6;283.862
1753873706.92;2.0;49.20408743;18.75517187;387.1738;42.1352;26.0;0.6;283.873
1753873706.93;2.0;49.20408751;18.7551719;387.1726;42.1352;26.0;0.6;283.92
1753873706.94;2.0;49.20408759;18.75517193;387.171;42.1352;26.0;0.6;283.895
1753873706.95;2.0;49.20408766;18.75517196;387.1694;42.1352;26.0;0.6;283.881
1753873706.96;2.0;49.20408774;18.75517199;387.1681;42.1352;26.0;0.6;283.829
1753873706.97;2.0;49.20408782;18.75517202;387.167;42.1352;26.0;0.6;283.766
1753873706.98;2.0;49.20408789;18.75517205;387.1659;42.1352;26.0;0.6;283.71
1753873706.99;2.0;49.20408797;18.75517208;387.1646;42.1352;26.0;0.6;283.672
1753873707.0;2.0;49.20408805;18.7551721;387.1636;42.1352;26.0;0.6;283.683
1753873707.01;2.0;49.20408812;18.75517213;387.1623;42.1352;26.0;0.6;283.712
1753873707.02;2.0;49.2040882;18.75517216;387.1605;42.1352;26.0;0.6;283.737
1753873707.03;2.0;49.20408827;18.75517218;387.1594;42.1352;26.0;0.6;283.802
1753873707.04;2.0;49.20408835;18.7551722;387.1582;42.1352;26.0;0.6;283.902
1753873707.05;2.0;49.20408842;18.75517223;387.1571;42.1352;26.0;0.6;283.986
1753873707.06;2.0;49.2040885;18.75517226;387.1561;42.1352;26.0;0.6;284.036
1753873707.07;2.0;49.20408857;18.75517228;387.1548;42.1352;26.0;0.6;284.072
1753873707.08;2.0;49.20408865;18.7551723;387.1533;42.1352;27.0;0.6;284.097
1753873707.09;2.0;49.20408872;18.75517233;387.152;42.1352;27.0;0.6;284.053
1753873707.1;2.0;49.2040888;18.75517235;387.1508;42.1352;27.0;0.6;283.988
1753873707.11;2.0;49.20408887;18.75517238;387.1492;42.1352;27.0;0.6;283.894
1753873707.12;2.0;49.20408894;18.7551724;387.148;42.1352;27.0;0.6;283.756
1753873707.13;2.0;49.20408901;18.75517242;387.1469;42.1352;27.0;0.6;283.566
1753873707.14;2.0;49.20408908;18.75517244;387.1457;42.1352;27.0;0.6;283.425
1753873707.15;2.0;49.20408915;18.75517247;387.1445;42.1352;27.0;0.6;283.365
1753873707.16;2.0;49.20408922;18.75517249;387.1433;42.1352;27.0;0.6;283.313
1753873707.17;2.0;49.20408928;18.75517251;387.142;42.1352;27.0;0.6;283.322
1753873707.18;2.0;49.20408935;18.75517254;387.1404;42.1352;27.0;0.6;283.344
1753873707.19;2.0;49.20408942;18.75517256;387.1391;42.1352;27.0;0.6;283.319
1753873707.2;2.0;49.20408948;18.75517259;387.1379;42.1352;27.0;0.6;283.255
1753873707.21;2.0;49.20408955;18.75517262;387.1364;42.1352;27.0;0.6;283.211
1753873707.22;2.0;49.20408962;18.75517265;387.1353;42.1352;27.0;0.6;283.269
1753873707.23;2.0;49.20408968;18.75517268;387.1341;42.1352;27.0;0.6;283.36
1753873707.24;2.0;49.20408974;18.75517271;387.1332;42.1352;27.0;0.6;283.438
1753873707.25;2.0;49.20408981;18.75517273;387.1323;42.1352;27.0;0.6;283.502
1753873707.26;2.0;49.20408987;18.75517277;387.1316;42.1352;27.0;0.6;283.546
1753873707.27;2.0;49.20408993;18.75517281;387.1314;42.1352;27.0;0.6;283.605
1753873707.28;2.0;49.20409;18.75517284;387.1307;42.1352;27.0;0.6;283.681
1753873707.29;2.0;49.20409006;18.75517287;387.1299;42.1352;27.0;0.6;283.658
1753873707.3;2.0;49.20409013;18.75517291;387.1292;42.1352;27.0;0.6;283.642
1753873707.31;2.0;49.20409019;18.75517295;387.1286;42.1352;27.0;0.6;283.681
1753873707.32;2.0;49.20409025;18.75517298;387.128;42.1352;27.0;0.6;283.68
1753873707.33;2.0;49.20409032;18.755173;387.1271;42.1352;27.0;0.6;283.672
1753873707.34;2.0;49.20409038;18.75517303;387.1262;42.1352;27.0;0.6;283.735
1753873707.35;2.0;49.20409044;18.75517307;387.1246;42.1352;27.0;0.6;283.79
1753873707.36;2.0;49.2040905;18.7551731;387.1235;42.1352;27.0;0.6;283.781
1753873707.37;2.0;49.20409056;18.75517313;387.1228;42.1352;27.0;0.6;283.769
1753873707.38;2.0;49.20409062;18.75517317;387.1218;42.1352;27.0;0.6;283.764
1753873707.39;2.0;49.20409069;18.7551732;387.1206;42.1352;27.0;0.6;283.757
1753873707.4;2.0;49.20409075;18.75517323;387.119;42.1352;27.0;0.6;283.72
1753873707.41;2.0;49.20409082;18.75517326;387.1171;42.1352;27.0;0.6;283.645
1753873707.42;2.0;49.20409088;18.75517329;387.1152;42.1352;27.0;0.6;283.526
1753873707.43;2.0;49.20409094;18.75517332;387.1131;42.1352;27.0;0.6;283.362
1753873707.44;2.0;49.20409101;18.75517335;387.1115;42.1352;27.0;0.6;283.206
1753873707.45;2.0;49.20409107;18.75517338;387.1105;42.1352;27.0;0.6;283.09
1753873707.46;2.0;49.20409113;18.75517342;387.11;42.1352;27.0;0.6;283.012
1753873707.47;2.0;49.20409119;18.75517345;387.1093;42.1352;27.0;0.6;282.94
1753873707.48;2.0;49.20409125;18.75517348;387.1089;42.1352;27.0;0.6;282.836
1753873707.49;2.0;49.20409131;18.75517351;387.1087;42.1352;27.0;0.6;282.812
1753873707.5;2.0;49.20409136;18.75517355;387.108;42.1352;27.0;0.6;282.8
1753873707.51;2.0;49.20409142;18.75517358;387.1075;42.1352;27.0;0.6;282.761
1753873707.52;2.0;49.20409148;18.75517362;387.1072;42.1352;27.0;0.6;282.757
1753873707.53;2.0;49.20409154;18.75517365;387.107;42.1352;27.0;0.6;282.798
1753873707.54;2.0;49.20409159;18.75517368;387.1067;42.1352;27.0;0.6;282.812
1753873707.55;2.0;49.20409165;18.75517371;387.1069;42.1352;27.0;0.6;282.831
1753873707.56;2.0;49.2040917;18.75517373;387.1075;42.1352;27.0;0.6;282.844
1753873707.57;2.0;49.20409176;18.75517376;387.1081;42.1352;27.0;0.6;282.898
1753873707.58;2.0;49.20409181;18.75517379;387.1086;42.1352;26.0;0.6;282.945
1753873707.59;2.0;49.20409187;18.75517382;387.1082;42.1352;26.0;0.6;282.979
1753873707.6;2.0;49.20409192;18.75517384;387.1071;42.1352;26.0;0.6;282.998
1753873707.61;2.0;49.20409197;18.75517386;387.1066;42.1352;26.0;0.6;283.049
1753873707.62;2.0;49.20409203;18.75517389;387.1064;42.1352;26.0;0.6;283.136
1753873707.63;2.0;49.20409208;18.75517391;387.106;42.1352;26.0;0.6;283.158
1753873707.64;2.0;49.20409214;18.75517394;387.1055;42.1352;26.0;0.6;283.158
1753873707.65;2.0;49.20409219;18.75517396;387.1044;42.1352;26.0;0.6;283.203
1753873707.66;2.0;49.20409225;18.75517398;387.1032;42.1352;26.0;0.6;283.223
1753873707.67;2.0;49.20409231;18.75517401;387.1018;42.1352;26.0;0.6;283.25
1753873707.68;2.0;49.20409237;18.75517403;387.1004;42.1352;26.0;0.6;283.249
1753873707.69;2.0;49.20409243;18.75517405;387.0992;42.1352;26.0;0.6;283.182
1753873707.7;2.0;49.20409249;18.75517407;387.0978;42.1352;26.0;0.6;283.093
1753873707.71;2.0;49.20409255;18.7551741;387.0962;42.1352;26.0;0.6;283.073
1753873707.72;2.0;49.20409261;18.75517413;387.0948;42.1352;26.0;0.6;283.078
1753873707.73;2.0;49.20409266;18.75517415;387.0937;42.1352;26.0;0.6;283.122
1753873707.74;2.0;49.20409272;18.75517418;387.0925;42.1352;26.0;0.6;283.198
1753873707.75;2.0;49.20409278;18.7551742;387.0915;42.1352;26.0;0.6;283.332
1753873707.76;2.0;49.20409283;18.75517423;387.0909;42.1352;26.0;0.6;283.523
1753873707.77;2.0;49.20409289;18.75517425;387.0903;42.1352;26.0;0.6;283.69
1753873707.78;2.0;49.20409294;18.75517427;387.0901;42.1352;26.0;0.6;283.773
1753873707.79;2.0;49.20409299;18.75517429;387.0905;42.1352;26.0;0.6;283.887
1753873707.8;2.0;49.20409304;18.75517432;387.0905;42.1352;26.0;0.6;283.963
1753873707.81;2.0;49.20409309;18.75517434;387.0906;42.1352;26.0;0.6;284.047
1753873707.82;2.0;49.20409314;18.75517437;387.0908;42.1352;26.0;0.6;284.133
1753873707.83;2.0;49.20409318;18.7551744;387.0911;42.1352;26.0;0.6;284.239
1753873707.84;2.0;49.20409323;18.75517443;387.0908;42.1352;26.0;0.6;284.291
1753873707.85;2.0;49.20409328;18.75517446;387.0909;42.1352;26.0;0.6;284.368
1753873707.86;2.0;49.20409332;18.75517449;387.0913;42.1352;26.0;0.6;284.422
1753873707.87;2.0;49.20409337;18.75517452;387.0918;42.1352;26.0;0.6;284.463
1753873707.88;2.0;49.20409341;18.75517454;387.0916;42.1352;26.0;0.6;284.451
1753873707.89;2.0;49.20409345;18.75517456;387.0916;42.1352;26.0;0.6;284.441
1753873707.9;2.0;49.20409349;18.75517459;387.0915;42.1352;26.0;0.6;284.433
1753873707.91;2.0;49.20409352;18.75517461;387.0916;42.1352;26.0;0.6;284.402
1753873707.92;2.0;49.20409356;18.75517462;387.0908;42.1352;26.0;0.6;284.361
1753873707.93;2.0;49.2040936;18.75517463;387.0897;42.1352;26.0;0.6;284.264
1753873707.94;2.0;49.20409363;18.75517465;387.0886;42.1352;26.0;0.6;284.15
1753873707.95;2.0;49.20409366;18.75517467;387.0876;42.1352;26.0;0.6;284.102
1753873707.96;2.0;49.20409368;18.75517468;387.0874;42.1352;26.0;0.6;284.066
1753873707.97;2.0;49.2040937;18.75517469;387.0866;42.1352;26.0;0.6;284.016
1753873707.98;2.0;49.20409372;18.7551747;387.0858;42.1352;26.0;0.6;283.983
1753873707.99;2.0;49.20409374;18.75517471;387.0851;42.1352;26.0;0.6;283.91
1753873708.0;2.0;49.20409375;18.75517472;387.0845;42.1352;26.0;0.6;283.936
1753873708.01;2.0;49.20409377;18.75517473;387.0838;42.1352;26.0;0.6;283.992
1753873708.02;2.0;49.20409377;18.75517473;387.0828;42.1352;26.0;0.6;284.01
1753873708.03;2.0;49.20409378;18.75517474;387.0822;42.1352;26.0;0.6;283.977
1753873708.04;2.0;49.20409378;18.75517474;387.0818;42.1352;26.0;0.6;283.953
1753873708.05;2.0;49.20409378;18.75517474;387.0813;42.1352;26.0;0.6;283.968
1753873708.06;2.0;49.20409378;18.75517474;387.0806;42.1352;26.0;0.6;283.954
1753873708.07;2.0;49.20409377;18.75517474;387.0794;42.1352;26.0;0.6;283.951
1753873708.08;2.0;49.20409377;18.75517474;387.0773;42.1352;26.0;0.6;284.001
1753873708.09;2.0;49.20409377;18.75517474;387.0765;42.1352;26.0;0.6;284.036
1753873708.1;2.0;49.20409376;18.75517474;387.0759;42.1352;26.0;0.6;284.008
1753873708.11;2.0;49.20409376;18.75517474;387.0754;42.1352;26.0;0.6;283.967
1753873708.12;2.0;49.20409375;18.75517475;387.0755;42.1352;26.0;0.6;284.015
1753873708.13;2.0;49.20409374;18.75517475;387.0754;42.1352;26.0;0.6;284.006
1753873708.14;2.0;49.20409372;18.75517476;387.0752;42.1352;26.0;0.6;284.001
1753873708.15;2.0;49.20409371;18.75517476;387.0748;42.1352;26.0;0.6;284.021
1753873708.16;2.0;49.2040937;18.75517477;387.0748;42.1352;26.0;0.6;284.074
1753873708.17;2.0;49.20409368;18.75517478;387.0748;42.1352;26.0;0.6;284.126
1753873708.18;2.0;49.20409367;18.75517478;387.0748;42.1352;26.0;0.6;284.164
1753873708.19;2.0;49.20409366;18.75517478;387.075;42.1352;26.0;0.6;284.155
1753873708.2;2.0;49.20409364;18.75517478;387.075;42.1352;26.0;0.6;284.129
1753873708.21;2.0;49.20409362;18.75517479;387.0751;42.1352;26.0;0.6;284.133
1753873708.22;2.0;49.20409361;18.75517479;387.0751;42.1352;26.0;0.6;284.169
1753873708.23;2.0;49.2040936;18.75517479;387.0752;42.1352;26.0;0.6;284.182
1753873708.24;2.0;49.20409358;18.75517479;387.0752;42.1352;26.0;0.6;284.192
1753873708.25;2.0;49.20409357;18.75517479;387.0752;42.1352;26.0;0.6;284.193
1753873708.26;2.0;49.20409356;18.7551748;387.0755;42.1352;26.0;0.6;284.171
1753873708.27;2.0;49.20409354;18.7551748;387.0754;42.1352;26.0;0.6;284.134
1753873708.28;2.0;49.20409353;18.75517481;387.0754;42.1352;26.0;0.6;284.113
1753873708.29;2.0;49.20409352;18.75517481;387.0753;42.1352;26.0;0.6;284.148
1753873708.3;2.0;49.20409351;18.75517482;387.075;42.1352;26.0;0.6;284.191
1753873708.31;2.0;49.20409351;18.75517482;387.0745;42.1352;26.0;0.6;284.198
1753873708.32;2.0;49.2040935;18.75517483;387.0745;42.1352;26.0;0.6;284.137
1753873708.33;2.0;49.2040935;18.75517483;387.0746;42.1352;26.0;0.6;284.075
1753873708.34;2.0;49.2040935;18.75517484;387.0745;42.1352;26.0;0.6;284.062
1753873708.35;2.0;49.20409349;18.75517484;387.0746;42.1352;26.0;0.6;284.108
1753873708.36;2.0;49.20409348;18.75517485;387.0743;42.1352;26.0;0.6;284.195
1753873708.37;2.0;49.20409348;18.75517486;387.0742;42.1352;26.0;0.6;284.224
1753873708.38;2.0;49.20409347;18.75517487;387.0743;42.1352;26.0;0.6;284.229
1753873708.39;2.0;49.20409347;18.75517487;387.074;42.1352;26.0;0.6;284.249
1753873708.4;2.0;49.20409347;18.75517488;387.0731;42.1352;26.0;0.6;284.265
1753873708.41;2.0;49.20409347;18.75517489;387.0735;42.1352;26.0;0.6;284.242
1753873708.42;2.0;49.20409347;18.75517489;387.0737;42.1352;26.0;0.6;284.233
1753873708.43;2.0;49.20409348;18.7551749;387.0738;42.1352;26.0;0.6;284.258
1753873708.44;2.0;49.20409348;18.75517491;387.0741;42.1352;26.0;0.6;284.283
1753873708.45;2.0;49.20409348;18.75517492;387.0739;42.1352;26.0;0.6;284.255
1753873708.46;2.0;49.20409348;18.75517493;387.0738;42.1352;26.0;0.6;284.286
1753873708.47;2.0;49.20409348;18.75517493;387.0738;42.1352;26.0;0.6;284.29
1753873708.48;2.0;49.20409348;18.75517495;387.0738;42.1352;26.0;0.6;284.313
1753873708.49;2.0;49.20409348;18.75517495;387.0733;42.1352;26.0;0.6;284.339
1753873708.5;2.0;49.20409348;18.75517496;387.0733;42.1352;26.0;0.6;284.417
1753873708.51;2.0;49.20409348;18.75517497;387.0736;42.1352;26.0;0.6;284.458
1753873708.52;2.0;49.20409348;18.75517498;387.0732;42.1352;26.0;0.6;284.421
1753873708.53;2.0;49.20409348;18.75517499;387.0731;42.1352;26.0;0.6;284.314
1753873708.54;2.0;49.20409348;18.755175;387.0729;42.1352;26.0;0.6;284.253
1753873708.55;2.0;49.20409348;18.755175;387.0725;42.1352;26.0;0.6;284.26
1753873708.56;2.0;49.20409349;18.75517501;387.0718;42.1352;26.0;0.6;284.255
1753873708.57;2.0;49.20409349;18.75517501;387.0712;42.1352;26.0;0.6;284.254
1753873708.58;2.0;49.20409349;18.75517501;387.0709;42.1352;26.0;0.6;284.252
1753873708.59;2.0;49.20409349;18.75517501;387.0706;42.1352;26.0;0.6;284.205
1753873708.6;2.0;49.2040935;18.75517501;387.0705;42.1352;26.0;0.6;284.176
1753873708.61;2.0;49.2040935;18.75517502;387.0706;42.1352;25.0;0.6;284.154
1753873708.62;2.0;49.2040935;18.75517502;387.0705;42.1352;25.0;0.6;284.105
1753873708.63;2.0;49.20409351;18.75517503;387.0705;42.1352;25.0;0.6;284.082
1753873708.64;2.0;49.20409351;18.75517503;387.0705;42.1352;25.0;0.6;284.116
1753873708.65;2.0;49.20409351;18.75517504;387.0705;42.1352;25.0;0.6;284.139
1753873708.66;2.0;49.20409352;18.75517505;387.07;42.1352;25.0;0.6;284.143
1753873708.67;2.0;49.20409352;18.75517505;387.0697;42.1352;25.0;0.6;284.133
1753873708.68;2.0;49.20409353;18.75517506;387.0698;42.1352;25.0;0.6;284.087
1753873708.69;2.0;49.20409354;18.75517507;387.0696;42.1352;25.0;0.6;284.011
1753873708.7;2.0;49.20409355;18.75517508;387.0693;42.1352;25.0;0.6;284.029
1753873708.71;2.0;49.20409356;18.75517509;387.069;42.1352;25.0;0.6;284.032
1753873708.72;2.0;49.20409358;18.75517511;387.0688;42.1352;25.0;0.6;284.03
1753873708.73;2.0;49.20409359;18.75517513;387.0685;42.1352;25.0;0.6;284.0
1753873708.74;2.0;49.2040936;18.75517514;387.0688;42.1352;25.0;0.6;283.97
1753873708.75;2.0;49.20409361;18.75517515;387.0687;42.1352;25.0;0.6;284.015
1753873708.76;2.0;49.20409362;18.75517516;387.0684;42.1352;25.0;0.6;284.02
1753873708.77;2.0;49.20409363;18.75517518;387.0682;42.1352;25.0;0.6;283.996
1753873708.78;2.0;49.20409365;18.75517519;387.0679;42.1352;25.0;0.6;284.014
1753873708.79;2.0;49.20409367;18.75517522;387.0677;42.1352;25.0;0.6;284.036
1753873708.8;2.0;49.20409368;18.75517523;387.0675;42.1352;25.0;0.6;284.066
1753873708.81;2.0;49.2040937;18.75517525;387.0673;42.1352;25.0;0.6;284.118
1753873708.82;2.0;49.20409372;18.75517527;387.0679;42.1352;25.0;0.6;284.08
1753873708.83;2.0;49.20409375;18.75517529;387.0683;42.1352;25.0;0.6;284.03
1753873708.84;2.0;49.20409377;18.75517531;387.0683;42.1352;25.0;0.6;283.973
1753873708.85;2.0;49.2040938;18.75517534;387.0681;42.1352;25.0;0.6;283.977
1753873708.86;2.0;49.20409383;18.75517536;387.0687;42.1352;25.0;0.6;283.989
1753873708.87;2.0;49.20409386;18.75517539;387.0687;42.1352;25.0;0.6;283.947
1753873708.88;2.0;49.2040939;18.75517542;387.0682;42.1352;25.0;0.6;283.931
1753873708.89;2.0;49.20409394;18.75517544;387.0677;42.1352;25.0;0.6;283.963
1753873708.9;2.0;49.20409399;18.75517547;387.0676;42.1352;25.0;0.6;283.944
1753873708.91;2.0;49.20409403;18.7551755;387.0676;42.1352;25.0;0.6;283.962
1753873708.92;2.0;49.20409408;18.75517553;387.0679;42.1352;25.0;0.6;283.994
1753873708.93;2.0;49.20409413;18.75517556;387.0676;42.1352;25.0;0.6;283.986
1753873708.94;2.0;49.20409419;18.75517559;387.0667;42.1352;25.0;0.6;283.962
1753873708.95;2.0;49.20409424;18.75517562;387.0664;42.1352;25.0;0.6;283.934
1753873708.96;2.0;49.2040943;18.75517565;387.0657;42.1352;25.0;0.6;283.908
1753873708.97;2.0;49.20409436;18.75517568;387.065;42.1352;25.0;0.6;283.863
1753873708.98;2.0;49.20409442;18.75517572;387.0646;42.1352;25.0;0.6;283.848
1753873708.99;2.0;49.20409448;18.75517576;387.0639;42.1352;25.0;0.6;283.83
1753873709.0;2.0;49.20409455;18.75517579;387.0635;42.1352;25.0;0.6;283.886
1753873709.01;2.0;49.20409462;18.75517583;387.0631;42.1352;25.0;0.6;283.925
1753873709.02;2.0;49.20409469;18.75517587;387.0624;42.1352;25.0;0.6;283.923
1753873709.03;2.0;49.20409476;18.75517591;387.0613;42.1352;25.0;0.6;283.916
1753873709.04;2.0;49.20409484;18.75517595;387.0602;42.1352;25.0;0.6;283.839
1753873709.05;2.0;49.20409491;18.75517598;387.0593;42.1352;25.0;0.6;283.767
1753873709.06;2.0;49.20409498;18.75517603;387.0588;42.1352;25.0;0.6;283.798
1753873709.07;2.0;49.20409506;18.75517607;387.0585;42.1352;25.0;0.6;283.85
1753873709.08;2.0;49.20409514;18.75517612;387.0584;42.1352;26.0;0.6;283.862
1753873709.09;2.0;49.20409521;18.75517616;387.0581;42.1352;26.0;0.6;283.875
1753873709.1;2.0;49.20409529;18.75517621;387.0579;42.1352;26.0;0.6;283.829
1753873709.11;2.0;49.20409536;18.75517625;387.0578;42.1352;26.0;0.6;283.835
1753873709.12;2.0;49.20409543;18.75517629;387.058;42.1352;26.0;0.6;283.829
1753873709.13;2.0;49.2040955;18.75517634;387.0588;42.1352;26.0;0.6;283.805
1753873709.14;2.0;49.20409558;18.75517639;387.0598;42.1352;26.0;0.6;283.77
1753873709.15;2.0;49.20409565;18.75517644;387.0607;42.1352;26.0;0.6;283.721
1753873709.16;2.0;49.20409572;18.75517648;387.0614;42.1352;26.0;0.6;283.722
1753873709.17;2.0;49.2040958;18.75517653;387.0619;42.1352;26.0;0.6;283.719
1753873709.18;2.0;49.20409587;18.75517658;387.0625;42.1352;26.0;0.6;283.699
1753873709.19;2.0;49.20409594;18.75517662;387.0633;42.1352;26.0;0.6;283.667
1753873709.2;2.0;49.20409601;18.75517666;387.0643;42.1352;26.0;0.6;283.656
1753873709.21;2.0;49.20409608;18.7551767;387.0648;42.1352;26.0;0.6;283.688
1753873709.22;2.0;49.20409616;18.75517675;387.0647;42.1352;26.0;0.6;283.715
1753873709.23;2.0;49.20409623;18.75517679;387.0643;42.1352;26.0;0.6;283.712
1753873709.24;2.0;49.2040963;18.75517684;387.0643;42.1352;26.0;0.6;283.713
1753873709.25;2.0;49.20409636;18.75517688;387.0644;42.1352;26.0;0.6;283.699
1753873709.26;2.0;49.20409643;18.75517693;387.0644;42.1352;26.0;0.6;283.669
1753873709.27;2.0;49.2040965;18.75517698;387.0644;42.1352;26.0;0.6;283.622
1753873709.28;2.0;49.20409657;18.75517701;387.0645;42.1352;26.0;0.6;283.584
1753873709.29;2.0;49.20409664;18.75517706;387.0644;42.1352;26.0;0.6;283.504
1753873709.3;2.0;49.2040967;18.7551771;387.0645;42.1352;26.0;0.6;283.448
1753873709.31;2.0;49.20409676;18.75517715;387.0648;42.1352;26.0;0.6;283.397
1753873709.32;2.0;49.20409683;18.75517719;387.0653;42.1352;26.0;0.6;283.354
1753873709.33;2.0;49.20409689;18.75517722;387.066;42.1352;26.0;0.6;283.274
1753873709.34;2.0;49.20409695;18.75517726;387.0667;42.1352;26.0;0.6;283.232
1753873709.35;2.0;49.20409701;18.7551773;387.0663;42.1352;26.0;0.6;283.247
1753873709.36;2.0;49.20409707;18.75517733;387.0656;42.1352;26.0;0.6;283.249
1753873709.37;2.0;49.20409713;18.75517737;387.0649;42.1352;26.0;0.6;283.255
1753873709.38;2.0;49.20409719;18.75517741;387.0643;42.1352;26.0;0.6;283.288
1753873709.39;2.0;49.20409725;18.75517745;387.0643;42.1352;26.0;0.6;283.307
1753873709.4;2.0;49.20409731;18.75517748;387.0645;42.1352;26.0;0.6;283.261
1753873709.41;2.0;49.20409738;18.75517752;387.0644;42.1352;26.0;0.6;283.206
1753873709.42;2.0;49.20409743;18.75517756;387.0638;42.1352;26.0;0.6;283.161
1753873709.43;2.0;49.20409749;18.7551776;387.0627;42.1352;26.0;0.6;283.158
1753873709.44;2.0;49.20409755;18.75517763;387.0621;42.1352;26.0;0.6;283.205
1753873709.45;2.0;49.20409761;18.75517767;387.062;42.1352;26.0;0.6;283.232
1753873709.46;2.0;49.20409767;18.7551777;387.0624;42.1352;26.0;0.6;283.254
1753873709.47;2.0;49.20409773;18.75517773;387.0628;42.1352;26.0;0.6;283.249
1753873709.48;2.0;49.20409779;18.75517776;387.0634;42.1352;26.0;0.6;283.249
1753873709.49;2.0;49.20409784;18.7551778;387.0645;42.1352;26.0;0.6;283.249
1753873709.5;2.0;49.2040979;18.75517783;387.0653;42.1352;26.0;0.6;283.283
1753873709.51;2.0;49.20409796;18.75517786;387.0657;42.1352;26.0;0.6;283.349
1753873709.52;2.0;49.20409802;18.75517789;387.0662;42.1352;26.0;0.6;283.431
1753873709.53;2.0;49.20409808;18.75517793;387.0665;42.1352;26.0;0.6;283.476
1753873709.54;2.0;49.20409814;18.75517797;387.0663;42.1352;26.0;0.6;283.51
1753873709.55;2.0;49.2040982;18.75517801;387.0662;42.1352;26.0;0.6;283.466
1753873709.56;2.0;49.20409826;18.75517804;387.0663;42.1352;26.0;0.6;283.431
1753873709.57;2.0;49.20409833;18.75517808;387.0656;42.1352;26.0;0.6;283.439
1753873709.58;2.0;49.20409839;18.7551781;387.065;42.1352;26.0;0.6;283.486
1753873709.59;2.0;49.20409846;18.75517813;387.0648;42.1352;24.0;0.6;283.527
1753873709.6;2.0;49.20409852;18.75517815;387.0647;42.1352;24.0;0.6;283.538
1753873709.61;2.0;49.20409858;18.75517818;387.0646;42.1352;24.0;0.6;283.554
1753873709.62;2.0;49.20409864;18.7551782;387.0647;42.1352;24.0;0.6;283.532
1753873709.63;2.0;49.2040987;18.75517822;387.0648;42.1352;24.0;0.6;283.511
1753873709.64;2.0;49.20409876;18.75517824;387.065;42.1352;24.0;0.6;283.533
1753873709.65;2.0;49.20409882;18.75517826;387.0649;42.1352;24.0;0.6;283.502
1753873709.66;2.0;49.20409888;18.75517828;387.0644;42.1352;24.0;0.6;283.451
1753873709.67;2.0;49.20409894;18.7551783;387.0641;42.1352;24.0;0.6;283.427
1753873709.68;2.0;49.20409899;18.75517832;387.0643;42.1352;24.0;0.6;283.393
1753873709.69;2.0;49.20409905;18.75517833;387.0637;42.1352;24.0;0.6;283.376
1753873709.7;2.0;49.2040991;18.75517835;387.063;42.1352;24.0;0.6;283.348
1753873709.71;2.0;49.20409916;18.75517837;387.0619;42.1352;24.0;0.6;283.312
1753873709.72;2.0;49.20409921;18.7551784;387.0608;42.1352;24.0;0.6;283.272
1753873709.73;2.0;49.20409926;18.75517843;387.0593;42.1352;24.0;0.6;283.217
1753873709.74;2.0;49.20409931;18.75517845;387.0583;42.1352;24.0;0.6;283.189
1753873709.75;2.0;49.20409936;18.75517848;387.0576;42.1352;24.0;0.6;283.222
1753873709.76;2.0;49.20409941;18.75517851;387.0569;42.1352;24.0;0.6;283.246
1753873709.77;2.0;49.20409946;18.75517853;387.0564;42.1352;24.0;0.6;283.257
1753873709.78;2.0;49.2040995;18.75517855;387.0564;42.1352;24.0;0.6;283.302
1753873709.79;2.0;49.20409955;18.75517858;387.056;42.1352;24.0;0.6;283.39
1753873709.8;2.0;49.2040996;18.7551786;387.0561;42.1352;24.0;0.6;283.425
1753873709.81;2.0;49.20409964;18.75517863;387.0563;42.1352;24.0;0.6;283.429
1753873709.82;2.0;49.20409969;18.75517865;387.0572;42.1352;24.0;0.6;283.455
1753873709.83;2.0;49.20409974;18.75517867;387.0581;42.1352;24.0;0.6;283.505
1753873709.84;2.0;49.20409978;18.75517869;387.0587;42.1352;24.0;0.6;283.43
1753873709.85;2.0;49.20409983;18.7551787;387.0593;42.1352;24.0;0.6;283.366
1753873709.86;2.0;49.20409988;18.75517872;387.0601;42.1352;24.0;0.6;283.378
1753873709.87;2.0;49.20409993;18.75517874;387.0607;42.1352;24.0;0.6;283.346
1753873709.88;2.0;49.20409997;18.75517875;387.0615;42.1352;24.0;0.6;283.302
1753873709.89;2.0;49.20410002;18.75517877;387.0623;42.1352;24.0;0.6;283.305
1753873709.9;2.0;49.20410007;18.75517879;387.0627;42.1352;24.0;0.6;283.273
1753873709.91;2.0;49.20410012;18.7551788;387.0626;42.1352;24.0;0.6;283.239
1753873709.92;2.0;49.20410017;18.75517882;387.0626;42.1352;24.0;0.6;283.173
1753873709.93;2.0;49.20410022;18.75517884;387.0625;42.1352;24.0;0.6;283.123
1753873709.94;2.0;49.20410027;18.75517886;387.062;42.1352;24.0;0.6;283.097
1753873709.95;2.0;49.20410032;18.75517888;387.0612;42.1352;24.0;0.6;283.13
1753873709.96;2.0;49.20410037;18.7551789;387.0602;42.1352;24.0;0.6;283.182
1753873709.97;2.0;49.20410042;18.75517892;387.0593;42.1352;24.0;0.6;283.194
1753873709.98;2.0;49.20410046;18.75517894;387.058;42.1352;24.0;0.6;283.228
1753873709.99;2.0;49.20410051;18.75517896;387.057;42.1352;24.0;0.6;283.285
1753873710.0;2.0;49.20410056;18.75517897;387.0563;42.1352;24.0;0.6;283.293
1753873710.01;2.0;49.20410061;18.755179;387.0556;42.1352;24.0;0.6;283.366
1753873710.02;2.0;49.20410065;18.75517901;387.0548;42.1352;24.0;0.6;283.492
1753873710.03;2.0;49.20410069;18.75517903;387.0542;42.1352;24.0;0.6;283.583
1753873710.04;2.0;49.20410074;18.75517905;387.054;42.1352;24.0;0.6;283.675
1753873710.05;2.0;49.20410078;18.75517907;387.0538;42.1352;24.0;0.6;283.757
1753873710.06;2.0;49.20410083;18.75517909;387.0536;42.1352;24.0;0.6;283.832
1753873710.07;2.0;49.20410087;18.7551791;387.0533;42.1352;25.0;0.6;283.876
1753873710.08;2.0;49.20410092;18.75517912;387.0532;42.1352;25.0;0.6;283.852
1753873710.09;2.0;49.20410097;18.75517914;387.0527;42.1352;25.0;0.6;283.852
1753873710.1;2.0;49.20410102;18.75517917;387.0521;42.1352;25.0;0.6;283.9
1753873710.11;2.0;49.20410107;18.75517919;387.0516;42.1352;25.0;0.6;283.941
1753873710.12;2.0;49.20410113;18.75517921;387.0515;42.1352;25.0;0.6;283.96
1753873710.13;2.0;49.20410118;18.75517924;387.052;42.1352;25.0;0.6;283.924
1753873710.14;2.0;49.20410124;18.75517926;387.0528;42.1352;25.0;0.6;283.878
1753873710.15;2.0;49.2041013;18.75517929;387.0531;42.1352;25.0;0.6;283.797
1753873710.16;2.0;49.20410136;18.75517931;387.0533;42.1352;25.0;0.6;283.731
1753873710.17;2.0;49.20410143;18.75517934;387.0531;42.1352;25.0;0.6;283.64
1753873710.18;2.0;49.20410149;18.75517936;387.0529;42.1352;25.0;0.6;283.548
1753873710.19;2.0;49.20410155;18.75517938;387.053;42.1352;25.0;0.6;283.494
1753873710.2;2.0;49.20410161;18.7551794;387.0535;42.1352;25.0;0.6;283.461
1753873710.21;2.0;49.20410167;18.75517943;387.0538;42.1352;25.0;0.6;283.424
1753873710.22;2.0;49.20410173;18.75517945;387.0543;42.1352;25.0;0.6;283.405
1753873710.23;2.0;49.20410179;18.75517947;387.0548;42.1352;25.0;0.6;283.364
1753873710.24;2.0;49.20410185;18.75517949;387.0552;42.1352;25.0;0.6;283.388
1753873710.25;2.0;49.20410191;18.75517951;387.0555;42.1352;25.0;0.6;283.429
1753873710.26;2.0;49.20410197;18.75517953;387.0553;42.1352;25.0;0.6;283.523
1753873710.27;2.0;49.20410204;18.75517955;387.0552;42.1352;25.0;0.6;283.612
1753873710.28;2.0;49.2041021;18.75517957;387.055;42.1352;25.0;0.6;283.689
1753873710.29;2.0;49.20410216;18.75517959;387.0549;42.1352;25.0;0.6;283.749
1753873710.3;2.0;49.20410222;18.7551796;387.0547;42.1352;25.0;0.6;283.756
1753873710.31;2.0;49.20410228;18.75517963;387.0549;42.1352;25.0;0.6;283.723
1753873710.32;2.0;49.20410234;18.75517965;387.0549;42.1352;25.0;0.6;283.658
1753873710.33;2.0;49.2041024;18.75517967;387.0546;42.1352;25.0;0.6;283.621
1753873710.34;2.0;49.20410246;18.75517969;387.0543;42.1352;25.0;0.6;283.575
1753873710.35;2.0;49.20410252;18.75517971;387.0543;42.1352;25.0;0.6;283.525
1753873710.36;2.0;49.20410258;18.75517973;387.0547;42.1352;25.0;0.6;283.467
1753873710.37;2.0;49.20410263;18.75517976;387.0555;42.1352;25.0;0.6;283.408
1753873710.38;2.0;49.20410269;18.75517978;387.0564;42.1352;25.0;0.6;283.347
1753873710.39;2.0;49.20410275;18.75517981;387.0567;42.1352;25.0;0.6;283.278
1753873710.4;2.0;49.2041028;18.75517983;387.0567;42.1352;25.0;0.6;283.204
1753873710.41;2.0;49.20410286;18.75517986;387.0572;42.1352;25.0;0.6;283.154
1753873710.42;2.0;49.20410292;18.75517988;387.0577;42.1352;25.0;0.6;283.103
1753873710.43;2.0;49.20410298;18.7551799;387.0575;42.1352;25.0;0.6;283.101
1753873710.44;2.0;49.20410304;18.75517992;387.0577;42.1352;25.0;0.6;283.069
1753873710.45;2.0;49.2041031;18.75517994;387.058;42.1352;25.0;0.6;282.983
1753873710.46;2.0;49.20410315;18.75517997;387.0577;42.1352;25.0;0.6;282.909
1753873710.47;2.0;49.20410321;18.75517999;387.0573;42.1352;25.0;0.6;282.87
1753873710.48;2.0;49.20410327;18.75518002;387.0575;42.1352;25.0;0.6;282.838
1753873710.49;2.0;49.20410332;18.75518004;387.0576;42.1352;25.0;0.6;282.823
1753873710.5;2.0;49.20410338;18.75518007;387.0572;42.1352;25.0;0.6;282.829
1753873710.51;2.0;49.20410344;18.75518009;387.0572;42.1352;25.0;0.6;282.812
1753873710.52;2.0;49.20410349;18.75518012;387.0571;42.1352;25.0;0.6;282.812
1753873710.53;2.0;49.20410355;18.75518014;387.0571;42.1352;25.0;0.6;282.787
1753873710.54;2.0;49.20410362;18.75518016;387.0571;42.1352;25.0;0.6;282.791
1753873710.55;2.0;49.20410367;18.75518018;387.0573;42.1352;25.0;0.6;282.788
1753873710.56;2.0;49.20410373;18.7551802;387.0577;42.1352;25.0;0.6;282.806
1753873710.57;2.0;49.20410379;18.75518021;387.0581;42.1352;25.0;0.6;282.881
1753873710.58;2.0;49.20410386;18.75518023;387.0584;42.1352;25.0;0.6;282.943
1753873710.59;2.0;49.20410392;18.75518026;387.0588;42.1352;25.0;0.6;282.959
1753873710.6;2.0;49.20410398;18.75518028;387.0589;42.1352;25.0;0.6;282.956
1753873710.61;2.0;49.20410404;18.7551803;387.0591;42.1352;25.0;0.6;282.966
1753873710.62;2.0;49.20410411;18.75518033;387.0596;42.1352;25.0;0.6;282.956
1753873710.63;2.0;49.20410417;18.75518036;387.0597;42.1352;25.0;0.6;282.955
1753873710.64;2.0;49.20410423;18.7551804;387.0596;42.1352;25.0;0.6;282.96
1753873710.65;2.0;49.20410429;18.75518043;387.0595;42.1352;25.0;0.6;282.983
1753873710.66;2.0;49.20410435;18.75518047;387.0589;42.1352;25.0;0.6;283.029
1753873710.67;2.0;49.20410441;18.75518051;387.058;42.1352;25.0;0.6;283.05
1753873710.68;2.0;49.20410447;18.75518055;387.0573;42.1352;25.0;0.6;283.052
1753873710.69;2.0;49.20410453;18.75518059;387.0569;42.1352;25.0;0.6;283.101
1753873710.7;2.0;49.20410459;18.75518063;387.0569;42.1352;25.0;0.6;283.116
1753873710.71;2.0;49.20410466;18.75518067;387.0567;42.1352;25.0;0.6;283.141
1753873710.72;2.0;49.20410472;18.7551807;387.0563;42.1352;25.0;0.6;283.128
1753873710.73;2.0;49.20410478;18.75518074;387.056;42.1352;25.0;0.6;283.09
1753873710.74;2.0;49.20410484;18.75518078;387.0556;42.1352;25.0;0.6;283.065
1753873710.75;2.0;49.20410489;18.75518082;387.0557;42.1352;25.0;0.6;283.033
1753873710.76;2.0;49.20410495;18.75518086;387.0558;42.1352;25.0;0.6;282.977
1753873710.77;2.0;49.20410501;18.7551809;387.0561;42.1352;25.0;0.6;282.937
1753873710.78;2.0;49.20410506;18.75518094;387.0567;42.1352;25.0;0.6;282.882
1753873710.79;2.0;49.20410511;18.75518098;387.0574;42.1352;25.0;0.6;282.838
1753873710.8;2.0;49.20410517;18.75518102;387.0579;42.1352;25.0;0.6;282.88
1753873710.81;2.0;49.20410522;18.75518106;387.0582;42.1352;25.0;0.6;282.994
1753873710.82;2.0;49.20410527;18.7551811;387.0584;42.1352;25.0;0.6;283.039
1753873710.83;2.0;49.20410533;18.75518115;387.058;42.1352;25.0;0.6;283.063
1753873710.84;2.0;49.20410539;18.75518119;387.0575;42.1352;25.0;0.6;283.096
1753873710.85;2.0;49.20410545;18.75518122;387.057;42.1352;25.0;0.6;283.138
1753873710.86;2.0;49.20410551;18.75518126;387.0567;42.1352;25.0;0.6;283.167
1753873710.87;2.0;49.20410556;18.75518129;387.0569;42.1352;25.0;0.6;283.163
1753873710.88;2.0;49.20410562;18.75518133;387.0569;42.1352;25.0;0.6;283.173
1753873710.89;2.0;49.20410568;18.75518137;387.0566;42.1352;25.0;0.6;283.199
1753873710.9;2.0;49.20410574;18.7551814;387.0564;42.1352;25.0;0.6;283.193
1753873710.91;2.0;49.2041058;18.75518144;387.0559;42.1352;25.0;0.6;283.116
1753873710.92;2.0;49.20410586;18.75518147;387.0555;42.1352;25.0;0.6;283.038
1753873710.93;2.0;49.20410592;18.7551815;387.0555;42.1352;25.0;0.6;282.969
1753873710.94;2.0;49.20410598;18.75518154;387.056;42.1352;25.0;0.6;282.911
1753873710.95;2.0;49.20410604;18.75518157;387.0566;42.1352;25.0;0.6;282.873
1753873710.96;2.0;49.2041061;18.75518161;387.0572;42.1352;25.0;0.6;282.801
1753873710.97;2.0;49.20410616;18.75518164;387.0579;42.1352;25.0;0.6;282.751
1753873710.98;2.0;49.20410622;18.75518167;387.0579;42.1352;25.0;0.6;282.74
1753873710.99;2.0;49.20410628;18.75518171;387.0574;42.1352;25.0;0.6;282.764
1753873711.0;2.0;49.20410634;18.75518174;387.057;42.1352;25.0;0.6;282.736
1753873711.01;2.0;49.2041064;18.75518178;387.0566;42.1352;25.0;0.6;282.733
1753873711.02;2.0;49.20410646;18.75518182;387.0563;42.1352;25.0;0.6;282.72
1753873711.03;2.0;49.20410652;18.75518186;387.0565;42.1352;25.0;0.6;282.725
1753873711.04;2.0;49.20410658;18.7551819;387.0566;42.1352;25.0;0.6;282.755
1753873711.05;2.0;49.20410663;18.75518194;387.0567;42.1352;25.0;0.6;282.8
1753873711.06;2.0;49.20410669;18.75518197;387.0568;42.1352;25.0;0.6;282.815
1753873711.07;2.0;49.20410675;18.75518201;387.0565;42.1352;25.0;0.6;282.806
1753873711.08;2.0;49.20410681;18.75518205;387.0566;42.1352;26.0;0.6;282.812
1753873711.09;2.0;49.20410686;18.75518209;387.0564;42.1352;26.0;0.6;282.834
1753873711.1;2.0;49.20410692;18.75518212;387.0564;42.1352;26.0;0.6;282.841
1753873711.11;2.0;49.20410698;18.75518215;387.0566;42.1352;26.0;0.6;282.825
1753873711.12;2.0;49.20410704;18.75518218;387.0571;42.1352;26.0;0.6;282.812
1753873711.13;2.0;49.2041071;18.75518222;387.0575;42.1352;26.0;0.6;282.794
1753873711.14;2.0;49.20410716;18.75518225;387.0573;42.1352;26.0;0.6;282.736
1753873711.15;2.0;49.20410722;18.75518229;387.0571;42.1352;26.0;0.6;282.74
1753873711.16;2.0;49.20410727;18.75518231;387.0568;42.1352;26.0;0.6;282.814
1753873711.17;2.0;49.20410733;18.75518235;387.0566;42.1352;26.0;0.6;282.945
1753873711.18;2.0;49.20410739;18.75518238;387.0569;42.1352;26.0;0.6;283.05
1753873711.19;2.0;49.20410745;18.75518242;387.0565;42.1352;26.0;0.6;283.122
1753873711.2;2.0;49.20410751;18.75518244;387.0561;42.1352;26.0;0.6;283.198
1753873711.21;2.0;49.20410757;18.75518248;387.0555;42.1352;26.0;0.6;283.221
1753873711.22;2.0;49.20410762;18.75518251;387.0547;42.1352;26.0;0.6;283.189
1753873711.23;2.0;49.20410768;18.75518254;387.0543;42.1352;26.0;0.6;283.163
1753873711.24;2.0;49.20410774;18.75518257;387.0542;42.1352;26.0;0.6;283.17
1753873711.25;2.0;49.2041078;18.7551826;387.0541;42.1352;26.0;0.6;283.177
1753873711.26;2.0;49.20410786;18.75518263;387.0539;42.1352;26.0;0.6;283.1
1753873711.27;2.0;49.20410792;18.75518265;387.0536;42.1352;26.0;0.6;283.022
1753873711.28;2.0;49.20410798;18.75518268;387.0533;42.1352;26.0;0.6;282.997
1753873711.29;2.0;49.20410804;18.75518271;387.0533;42.1352;26.0;0.6;282.994
1753873711.3;2.0;49.2041081;18.75518274;387.0536;42.1352;26.0;0.6;283.061
1753873711.31;2.0;49.20410816;18.75518277;387.054;42.1352;26.0;0.6;283.08
1753873711.32;2.0;49.20410821;18.7551828;387.0547;42.1352;26.0;0.6;283.032
1753873711.33;2.0;49.20410827;18.75518282;387.0545;42.1352;26.0;0.6;282.976
1753873711.34;2.0;49.20410833;18.75518285;387.0538;42.1352;26.0;0.6;282.931
1753873711.35;2.0;49.20410839;18.75518288;387.0532;42.1352;26.0;0.6;282.997
1753873711.36;2.0;49.20410845;18.75518291;387.0527;42.1352;26.0;0.6;283.042
1753873711.37;2.0;49.20410851;18.75518294;387.0519;42.1352;26.0;0.6;283.07
1753873711.38;2.0;49.20410857;18.75518298;387.0512;42.1352;26.0;0.6;283.111
1753873711.39;2.0;49.20410863;18.75518301;387.0503;42.1352;26.0;0.6;283.092
1753873711.4;2.0;49.20410869;18.75518304;387.0496;42.1352;26.0;0.6;283.06
1753873711.41;2.0;49.20410875;18.75518307;387.0487;42.1352;26.0;0.6;283.004
1753873711.42;2.0;49.20410881;18.7551831;387.0479;42.1352;26.0;0.6;282.943
1753873711.43;2.0;49.20410887;18.75518313;387.0473;42.1352;26.0;0.6;282.923
1753873711.44;2.0;49.20410892;18.75518316;387.0464;42.1352;26.0;0.6;282.901
1753873711.45;2.0;49.20410899;18.75518319;387.0456;42.1352;26.0;0.6;282.877
1753873711.46;2.0;49.20410905;18.75518322;387.0455;42.1352;26.0;0.6;282.846
1753873711.47;2.0;49.2041091;18.75518325;387.0454;42.1352;26.0;0.6;282.846
1753873711.48;2.0;49.20410916;18.75518328;387.0454;42.1352;26.0;0.6;282.874
1753873711.49;2.0;49.20410922;18.75518332;387.0454;42.1352;26.0;0.6;282.853
1753873711.5;2.0;49.20410928;18.75518335;387.0452;42.1352;26.0;0.6;282.848
1753873711.51;2.0;49.20410933;18.75518338;387.0453;42.1352;26.0;0.6;282.861
1753873711.52;2.0;49.20410939;18.75518341;387.0453;42.1352;26.0;0.6;282.854
1753873711.53;2.0;49.20410945;18.75518345;387.0454;42.1352;26.0;0.6;282.823
1753873711.54;2.0;49.20410951;18.75518348;387.0454;42.1352;26.0;0.6;282.758
1753873711.55;2.0;49.20410957;18.75518352;387.0456;42.1352;26.0;0.6;282.704
1753873711.56;2.0;49.20410963;18.75518356;387.0458;42.1352;26.0;0.6;282.684
1753873711.57;2.0;49.20410968;18.75518359;387.046;42.1352;26.0;0.6;282.72
1753873711.58;2.0;49.20410974;18.75518363;387.046;42.1352;26.0;0.6;282.803
1753873711.59;2.0;49.2041098;18.75518367;387.0463;42.1352;26.0;0.6;282.858
1753873711.6;2.0;49.20410986;18.7551837;387.0466;42.1352;26.0;0.6;282.86
1753873711.61;2.0;49.20410991;18.75518374;387.0466;42.1352;26.0;0.6;282.833
1753873711.62;2.0;49.20410997;18.75518377;387.0465;42.1352;26.0;0.6;282.804
1753873711.63;2.0;49.20411002;18.75518381;387.0464;42.1352;26.0;0.6;282.792
1753873711.64;2.0;49.20411008;18.75518384;387.0462;42.1352;26.0;0.6;282.836
1753873711.65;2.0;49.20411013;18.75518387;387.0463;42.1352;26.0;0.6;282.867
1753873711.66;2.0;49.20411018;18.75518389;387.0466;42.1352;26.0;0.6;282.857
1753873711.67;2.0;49.20411024;18.75518392;387.0469;42.1352;26.0;0.6;282.866
1753873711.68;2.0;49.20411029;18.75518395;387.0469;42.1352;26.0;0.6;282.922
1753873711.69;2.0;49.20411034;18.75518398;387.0463;42.1352;26.0;0.6;282.984
1753873711.7;2.0;49.20411039;18.75518401;387.0457;42.1352;26.0;0.6;282.995
1753873711.71;2.0;49.20411044;18.75518405;387.0455;42.1352;26.0;0.6;282.973
1753873711.72;2.0;49.2041105;18.75518408;387.0454;42.1352;26.0;0.6;282.904
1753873711.73;2.0;49.20411055;18.75518411;387.0452;42.1352;26.0;0.6;282.848
1753873711.74;2.0;49.2041106;18.75518414;387.0452;42.1352;26.0;0.6;282.792
1753873711.75;2.0;49.20411066;18.75518418;387.0449;42.1352;26.0;0.6;282.721
1753873711.76;2.0;49.20411071;18.75518421;387.0454;42.1352;26.0;0.6;282.658
1753873711.77;2.0;49.20411076;18.75518425;387.0457;42.1352;26.0;0.6;282.678
1753873711.78;2.0;49.20411081;18.75518428;387.0454;42.1352;26.0;0.6;282.713
1753873711.79;2.0;49.20411086;18.75518432;387.0457;42.1352;26.0;0.6;282.758
1753873711.8;2.0;49.20411092;18.75518435;387.0461;42.1352;26.0;0.6;282.819
1753873711.81;2.0;49.20411096;18.75518438;387.0463;42.1352;26.0;0.6;282.867
1753873711.82;2.0;49.20411102;18.75518442;387.0462;42.1352;26.0;0.6;282.908
1753873711.83;2.0;49.20411107;18.75518445;387.0461;42.1352;26.0;0.6;282.959
1753873711.84;2.0;49.20411112;18.75518449;387.0459;42.1352;26.0;0.6;283.023
1753873711.85;2.0;49.20411117;18.75518453;387.0455;42.1352;26.0;0.6;283.05
1753873711.86;2.0;49.20411123;18.75518456;387.0448;42.1352;26.0;0.6;283.092
1753873711.87;2.0;49.20411128;18.75518459;387.0442;42.1352;26.0;0.6;283.11
1753873711.88;2.0;49.20411134;18.75518463;387.0442;42.1352;26.0;0.6;283.138
1753873711.89;2.0;49.20411139;18.75518466;387.0436;42.1352;26.0;0.6;283.135
1753873711.9;2.0;49.20411145;18.75518469;387.0429;42.1352;26.0;0.6;283.081
1753873711.91;2.0;49.2041115;18.75518472;387.0422;42.1352;26.0;0.6;283.051
1753873711.92;2.0;49.20411156;18.75518475;387.0409;42.1352;26.0;0.6;283.04
1753873711.93;2.0;49.20411162;18.75518478;387.0394;42.1352;26.0;0.6;283.004
1753873711.94;2.0;49.20411167;18.75518481;387.0379;42.1352;26.0;0.6;282.951
1753873711.95;2.0;49.20411173;18.75518484;387.0364;42.1352;26.0;0.6;282.978
1753873711.96;2.0;49.20411179;18.75518487;387.0351;42.1352;26.0;0.6;282.967
1753873711.97;2.0;49.20411184;18.7551849;387.0339;42.1352;26.0;0.6;282.934
1753873711.98;2.0;49.20411189;18.75518493;387.0332;42.1352;26.0;0.6;282.87
1753873711.99;2.0;49.20411195;18.75518496;387.0327;42.1352;26.0;0.6;282.752
1753873712.0;2.0;49.204112;18.75518499;387.0323;42.1352;26.0;0.6;282.634
1753873712.01;2.0;49.20411205;18.75518503;387.0318;42.1352;26.0;0.6;282.557
1753873712.02;2.0;49.20411211;18.75518506;387.0318;42.1352;26.0;0.6;282.511
1753873712.03;2.0;49.20411216;18.7551851;387.0317;42.1352;26.0;0.6;282.479
1753873712.04;2.0;49.20411221;18.75518513;387.0313;42.1352;26.0;0.6;282.416
1753873712.05;2.0;49.20411226;18.75518516;387.0309;42.1352;26.0;0.6;282.382
1753873712.06;2.0;49.20411231;18.75518519;387.0306;42.1352;26.0;0.6;282.376
1753873712.07;2.0;49.20411237;18.75518522;387.0313;42.1352;26.0;0.6;282.422
1753873712.08;2.0;49.20411243;18.75518525;387.0317;42.1352;26.0;0.6;282.45
1753873712.09;2.0;49.20411249;18.75518527;387.0319;42.1352;26.0;0.6;282.474
1753873712.1;2.0;49.20411255;18.75518529;387.0321;42.1352;26.0;0.6;282.488
1753873712.11;2.0;49.2041126;18.75518532;387.0319;42.1352;26.0;0.6;282.587
1753873712.12;2.0;49.20411266;18.75518535;387.0322;42.1352;26.0;0.6;282.692
1753873712.13;2.0;49.20411272;18.75518538;387.0324;42.1352;26.0;0.6;282.781
1753873712.14;2.0;49.20411277;18.7551854;387.0322;42.1352;26.0;0.6;282.833
1753873712.15;2.0;49.20411283;18.75518544;387.0316;42.1352;26.0;0.6;282.873
1753873712.16;2.0;49.20411288;18.75518546;387.0313;42.1352;26.0;0.6;282.875
1753873712.17;2.0;49.20411293;18.75518549;387.0313;42.1352;26.0;0.6;282.801
1753873712.18;2.0;49.20411299;18.75518551;387.0312;42.1352;26.0;0.6;282.76
1753873712.19;2.0;49.20411304;18.75518554;387.031;42.1352;26.0;0.6;282.748
1753873712.2;2.0;49.20411309;18.75518557;387.0303;42.1352;26.0;0.6;282.731
1753873712.21;2.0;49.20411315;18.7551856;387.0294;42.1352;26.0;0.6;282.713
1753873712.22;2.0;49.2041132;18.75518563;387.029;42.1352;26.0;0.6;282.654
1753873712.23;2.0;49.20411325;18.75518566;387.0289;42.1352;26.0;0.6;282.638
1753873712.24;2.0;49.2041133;18.75518569;387.029;42.1352;26.0;0.6;282.645
1753873712.25;2.0;49.20411336;18.75518572;387.0293;42.1352;26.0;0.6;282.635
1753873712.26;2.0;49.20411341;18.75518575;387.0294;42.1352;26.0;0.6;282.641
1753873712.27;2.0;49.20411346;18.75518578;387.0297;42.1352;26.0;0.6;282.616
1753873712.28;2.0;49.20411351;18.75518582;387.0296;42.1352;26.0;0.6;282.605
1753873712.29;2.0;49.20411356;18.75518585;387.029;42.1352;26.0;0.6;282.611
1753873712.3;2.0;49.20411361;18.75518589;387.0286;42.1352;26.0;0.6;282.649
1753873712.31;2.0;49.20411365;18.75518592;387.0285;42.1352;26.0;0.6;282.681
1753873712.32;2.0;49.2041137;18.75518596;387.0287;42.1352;26.0;0.6;282.743
1753873712.33;2.0;49.20411375;18.755186;387.029;42.1352;26.0;0.6;282.799
1753873712.34;2.0;49.20411379;18.75518603;387.0289;42.1352;26.0;0.6;282.844
1753873712.35;2.0;49.20411384;18.75518607;387.0289;42.1352;26.0;0.6;282.886
1753873712.36;2.0;49.20411388;18.7551861;387.0288;42.1352;26.0;0.6;282.907
1753873712.37;2.0;49.20411393;18.75518613;387.0288;42.1352;26.0;0.6;282.932
1753873712.38;2.0;49.20411397;18.75518616;387.0289;42.1352;26.0;0.6;282.982
1753873712.39;2.0;49.20411402;18.75518619;387.0288;42.1352;26.0;0.6;283.056
1753873712.4;2.0;49.20411406;18.75518621;387.0287;42.1352;26.0;0.6;283.106
1753873712.41;2.0;49.20411411;18.75518624;387.0287;42.1352;26.0;0.6;283.139
1753873712.42;2.0;49.20411416;18.75518626;387.0283;42.1352;26.0;0.6;283.188
1753873712.43;2.0;49.20411421;18.75518629;387.0278;42.1352;26.0;0.6;283.215
1753873712.44;2.0;49.20411425;18.75518631;387.0271;42.1352;26.0;0.6;283.244
1753873712.45;2.0;49.2041143;18.75518634;387.0263;42.1352;26.0;0.6;283.241
1753873712.46;2.0;49.20411435;18.75518637;387.026;42.1352;26.0;0.6;283.237
1753873712.47;2.0;49.20411439;18.75518639;387.026;42.1352;26.0;0.6;283.208
1753873712.48;2.0;49.20411444;18.75518643;387.0256;42.1352;26.0;0.6;283.157
1753873712.49;2.0;49.20411448;18.75518646;387.0252;42.1352;26.0;0.6;283.095
1753873712.5;2.0;49.20411453;18.7551865;387.0251;42.1352;26.0;0.6;283.074
1753873712.51;2.0;49.20411457;18.75518653;387.0246;42.1352;26.0;0.6;283.097
1753873712.52;2.0;49.20411462;18.75518657;387.024;42.1352;26.0;0.6;283.112
1753873712.53;2.0;49.20411466;18.7551866;387.0236;42.1352;26.0;0.6;283.14
1753873712.54;2.0;49.20411471;18.75518664;387.0236;42.1352;26.0;0.6;283.12
1753873712.55;2.0;49.20411475;18.75518667;387.0237;42.1352;26.0;0.6;283.12
1753873712.56;2.0;49.2041148;18.7551867;387.0242;42.1352;26.0;0.6;283.143
1753873712.57;2.0;49.20411484;18.75518674;387.0246;42.1352;26.0;0.6;283.153
1753873712.58;2.0;49.20411488;18.75518677;387.0251;42.1352;26.0;0.6;283.132
1753873712.59;2.0;49.20411494;18.75518679;387.0255;42.1352;26.0;0.6;283.061
1753873712.6;2.0;49.204115;18.75518681;387.0257;42.1352;26.0;0.6;282.964
1753873712.61;2.0;49.20411506;18.75518683;387.0261;42.1352;26.0;0.6;282.931
1753873712.62;2.0;49.20411513;18.75518685;387.0264;42.1352;26.0;0.6;282.906
1753873712.63;2.0;49.20411518;18.75518687;387.0269;42.1352;26.0;0.6;282.874
1753873712.64;2.0;49.20411524;18.75518689;387.0275;42.1352;26.0;0.6;282.858
1753873712.65;2.0;49.2041153;18.75518692;387.0281;42.1352;26.0;0.6;282.838
1753873712.66;2.0;49.20411536;18.75518694;387.0281;42.1352;26.0;0.6;282.782
1753873712.67;2.0;49.20411542;18.75518698;387.0283;42.1352;26.0;0.6;282.762
1753873712.68;2.0;49.20411548;18.755187;387.0283;42.1352;26.0;0.6;282.784
1753873712.69;2.0;49.20411554;18.75518703;387.0288;42.1352;26.0;0.6;282.803
1753873712.7;2.0;49.20411559;18.75518706;387.0297;42.1352;26.0;0.6;282.792
1753873712.71;2.0;49.20411564;18.75518709;387.0299;42.1352;26.0;0.6;282.798
1753873712.72;2.0;49.20411569;18.75518712;387.0298;42.1352;26.0;0.6;282.86
1753873712.73;2.0;49.20411575;18.75518715;387.0295;42.1352;26.0;0.6;282.973
1753873712.74;2.0;49.2041158;18.75518718;387.0289;42.1352;26.0;0.6;283.049
1753873712.75;2.0;49.20411585;18.75518721;387.0283;42.1352;26.0;0.6;283.1
1753873712.76;2.0;49.2041159;18.75518724;387.028;42.1352;26.0;0.6;283.15
1753873712.77;2.0;49.20411595;18.75518727;387.0282;42.1352;26.0;0.6;283.169
1753873712.78;2.0;49.204116;18.7551873;387.0288;42.1352;26.0;0.6;283.198
1753873712.79;2.0;49.20411604;18.75518733;387.0293;42.1352;26.0;0.6;283.238
1753873712.8;2.0;49.20411609;18.75518736;387.0297;42.1352;26.0;0.6;283.234
1753873712.81;2.0;49.20411614;18.75518738;387.0302;42.1352;26.0;0.6;283.196
1753873712.82;2.0;49.20411618;18.75518742;387.0304;42.1352;26.0;0.6;283.143
1753873712.83;2.0;49.20411624;18.75518745;387.0306;42.1352;26.0;0.6;283.091
1753873712.84;2.0;49.20411628;18.75518747;387.0314;42.1352;26.0;0.6;283.047
1753873712.85;2.0;49.20411633;18.7551875;387.0325;42.1352;26.0;0.6;282.998
1753873712.86;2.0;49.20411638;18.75518753;387.0339;42.1352;26.0;0.6;282.923
1753873712.87;2.0;49.20411643;18.75518756;387.0351;42.1352;26.0;0.6;282.868
1753873712.88;2.0;49.20411647;18.7551876;387.0357;42.1352;26.0;0.6;282.815
1753873712.89;2.0;49.20411651;18.75518763;387.0362;42.1352;26.0;0.6;282.768
1753873712.9;2.0;49.20411656;18.75518767;387.0364;42.1352;26.0;0.6;282.792
1753873712.91;2.0;49.2041166;18.75518771;387.0367;42.1352;26.0;0.6;282.815
1753873712.92;2.0;49.20411664;18.75518774;387.0368;42.1352;26.0;0.6;282.824
1753873712.93;2.0;49.20411669;18.75518778;387.0365;42.1352;26.0;0.6;282.78
1753873712.94;2.0;49.20411673;18.75518782;387.0363;42.1352;26.0;0.6;282.77
1753873712.95;2.0;49.20411677;18.75518786;387.0361;42.1352;26.0;0.6;282.819
1753873712.96;2.0;49.20411681;18.75518789;387.0361;42.1352;26.0;0.6;282.836
1753873712.97;2.0;49.20411685;18.75518793;387.0359;42.1352;26.0;0.6;282.856
1753873712.98;2.0;49.20411689;18.75518797;387.0358;42.1352;26.0;0.6;282.897
1753873712.99;2.0;49.20411693;18.75518801;387.0357;42.1352;26.0;0.6;282.945
1753873713.0;2.0;49.20411697;18.75518805;387.0358;42.1352;26.0;0.6;282.931
1753873713.01;2.0;49.20411702;18.75518808;387.0358;42.1352;26.0;0.6;282.901
1753873713.02;2.0;49.20411706;18.75518812;387.0357;42.1352;26.0;0.6;282.892
1753873713.03;2.0;49.2041171;18.75518816;387.0359;42.1352;26.0;0.6;282.868
1753873713.04;2.0;49.20411714;18.75518819;387.0359;42.1352;26.0;0.6;282.861
1753873713.05;2.0;49.20411719;18.75518823;387.0361;42.1352;26.0;0.6;282.879
1753873713.06;2.0;49.20411723;18.75518827;387.0359;42.1352;26.0;0.6;282.982
1753873713.07;2.0;49.20411728;18.7551883;387.0359;42.1352;26.0;0.6;283.075
1753873713.08;2.0;49.20411732;18.75518833;387.0364;42.1352;25.0;0.6;283.103
1753873713.09;2.0;49.20411737;18.75518836;387.0367;42.1352;25.0;0.6;283.092
1753873713.1;2.0;49.20411741;18.7551884;387.0368;42.1352;25.0;0.6;283.111
1753873713.11;2.0;49.20411746;18.75518844;387.0369;42.1352;25.0;0.6;283.123
1753873713.12;2.0;49.2041175;18.75518848;387.037;42.1352;25.0;0.6;283.095
1753873713.13;2.0;49.20411754;18.75518851;387.0366;42.1352;25.0;0.6;283.109
1753873713.14;2.0;49.20411759;18.75518855;387.0365;42.1352;25.0;0.6;283.167
1753873713.15;2.0;49.20411763;18.75518858;387.0369;42.1352;25.0;0.6;283.205
1753873713.16;2.0;49.20411767;18.75518862;387.0371;42.1352;25.0;0.6;283.199
1753873713.17;2.0;49.20411772;18.75518865;387.0373;42.1352;25.0;0.6;283.197
1753873713.18;2.0;49.20411776;18.75518867;387.0374;42.1352;25.0;0.6;283.194
1753873713.19;2.0;49.2041178;18.7551887;387.0377;42.1352;25.0;0.6;283.179
1753873713.2;2.0;49.20411784;18.75518873;387.0381;42.1352;25.0;0.6;283.134
1753873713.21;2.0;49.20411789;18.75518875;387.0381;42.1352;25.0;0.6;283.069
1753873713.22;2.0;49.20411792;18.75518877;387.0379;42.1352;25.0;0.6;283.024
1753873713.23;2.0;49.20411796;18.75518879;387.0384;42.1352;25.0;0.6;283.049
1753873713.24;2.0;49.20411799;18.75518882;387.0385;42.1352;25.0;0.6;283.108
1753873713.25;2.0;49.20411802;18.75518884;387.0381;42.1352;25.0;0.6;283.139
1753873713.26;2.0;49.20411805;18.75518886;387.0377;42.1352;25.0;0.6;283.172
1753873713.27;2.0;49.20411808;18.75518888;387.0378;42.1352;25.0;0.6;283.215
1753873713.28;2.0;49.2041181;18.7551889;387.0379;42.1352;25.0;0.6;283.198
1753873713.29;2.0;49.20411813;18.75518891;387.0377;42.1352;25.0;0.6;283.163
1753873713.3;2.0;49.20411815;18.75518893;387.0375;42.1352;25.0;0.6;283.151
1753873713.31;2.0;49.20411816;18.75518895;387.0376;42.1352;25.0;0.6;283.152
1753873713.32;2.0;49.20411818;18.75518896;387.038;42.1352;25.0;0.6;283.208
1753873713.33;2.0;49.20411819;18.75518898;387.0376;42.1352;25.0;0.6;283.261
1753873713.34;2.0;49.2041182;18.75518899;387.0371;42.1352;25.0;0.6;283.32
1753873713.35;2.0;49.20411821;18.75518901;387.0364;42.1352;25.0;0.6;283.382
1753873713.36;2.0;49.20411822;18.75518902;387.0357;42.1352;25.0;0.6;283.433
1753873713.37;2.0;49.20411823;18.75518903;387.0353;42.1352;25.0;0.6;283.456
1753873713.38;2.0;49.20411823;18.75518905;387.0357;42.1352;25.0;0.6;283.414
1753873713.39;2.0;49.20411823;18.75518906;387.0356;42.1352;25.0;0.6;283.389
1753873713.4;2.0;49.20411823;18.75518907;387.0359;42.1352;25.0;0.6;283.396
1753873713.41;2.0;49.20411823;18.75518908;387.036;42.1352;25.0;0.6;283.442
1753873713.42;2.0;49.20411823;18.75518909;387.0358;42.1352;25.0;0.6;283.459
1753873713.43;2.0;49.20411822;18.7551891;387.0357;42.1352;25.0;0.6;283.436
1753873713.44;2.0;49.20411822;18.75518911;387.0356;42.1352;25.0;0.6;283.437
1753873713.45;2.0;49.20411822;18.75518913;387.0354;42.1352;25.0;0.6;283.443
1753873713.46;2.0;49.20411821;18.75518913;387.0351;42.1352;25.0;0.6;283.487
1753873713.47;2.0;49.2041182;18.75518914;387.0346;42.1352;25.0;0.6;283.523
1753873713.48;2.0;49.20411819;18.75518915;387.0339;42.1352;25.0;0.6;283.544
1753873713.49;2.0;49.20411818;18.75518916;387.0335;42.1352;25.0;0.6;283.461
1753873713.5;2.0;49.20411817;18.75518916;387.0338;42.1352;25.0;0.6;283.43
1753873713.51;2.0;49.20411815;18.75518917;387.034;42.1352;25.0;0.6;283.433
1753873713.52;2.0;49.20411814;18.75518917;387.0342;42.1352;25.0;0.6;283.451
1753873713.53;2.0;49.20411812;18.75518918;387.0342;42.1352;25.0;0.6;283.451
1753873713.54;2.0;49.2041181;18.75518918;387.0339;42.1352;25.0;0.6;283.44
1753873713.55;2.0;49.20411808;18.75518919;387.0337;42.1352;25.0;0.6;283.425
1753873713.56;2.0;49.20411806;18.75518919;387.0334;42.1352;25.0;0.6;283.468
1753873713.57;2.0;49.20411803;18.7551892;387.0331;42.1352;25.0;0.6;283.464
1753873713.58;2.0;49.20411801;18.7551892;387.0329;42.1352;25.0;0.6;283.47
1753873713.59;2.0;49.20411799;18.75518921;387.0324;42.1352;25.0;0.6;283.432
1753873713.6;2.0;49.20411796;18.75518921;387.0318;42.1352;25.0;0.6;283.35
1753873713.61;2.0;49.20411794;18.75518921;387.0313;42.1352;25.0;0.6;283.247
1753873713.62;2.0;49.20411792;18.75518922;387.0307;42.1352;25.0;0.6;283.254
1753873713.63;2.0;49.2041179;18.75518922;387.0306;42.1352;25.0;0.6;283.228
1753873713.64;2.0;49.20411788;18.75518922;387.0305;42.1352;25.0;0.6;283.265
1753873713.65;2.0;49.20411786;18.75518922;387.0307;42.1352;25.0;0.6;283.316
1753873713.66;2.0;49.20411784;18.75518922;387.0307;42.1352;25.0;0.6;283.274
1753873713.67;2.0;49.20411782;18.75518923;387.0303;42.1352;25.0;0.6;283.223
1753873713.68;2.0;49.2041178;18.75518924;387.0296;42.1352;25.0;0.6;283.238
1753873713.69;2.0;49.20411778;18.75518924;387.0288;42.1352;25.0;0.6;283.264
1753873713.7;2.0;49.20411775;18.75518925;387.0282;42.1352;25.0;0.6;283.324
1753873713.71;2.0;49.20411773;18.75518925;387.0274;42.1352;25.0;0.6;283.406
1753873713.72;2.0;49.20411772;18.75518926;387.0269;42.1352;25.0;0.6;283.406
1753873713.73;2.0;49.2041177;18.75518926;387.0263;42.1352;25.0;0.6;283.41
1753873713.74;2.0;49.20411768;18.75518927;387.0254;42.1352;25.0;0.6;283.462
1753873713.75;2.0;49.20411767;18.75518928;387.0245;42.1352;25.0;0.6;283.516
1753873713.76;2.0;49.20411766;18.75518928;387.0242;42.1352;25.0;0.6;283.534
1753873713.77;2.0;49.20411764;18.75518928;387.0237;42.1352;25.0;0.6;283.548
1753873713.78;2.0;49.20411763;18.75518929;387.0232;42.1352;25.0;0.6;283.572
1753873713.79;2.0;49.20411762;18.75518929;387.0224;42.1352;25.0;0.6;283.537
1753873713.8;2.0;49.20411762;18.7551893;387.0211;42.1352;25.0;0.6;283.554
1753873713.81;2.0;49.20411761;18.7551893;387.0197;42.1352;25.0;0.6;283.597
1753873713.82;2.0;49.2041176;18.7551893;387.0197;42.1352;25.0;0.6;283.577
1753873713.83;2.0;49.20411759;18.75518931;387.0196;42.1352;25.0;0.6;283.623
1753873713.84;2.0;49.20411759;18.75518931;387.0191;42.1352;25.0;0.6;283.671
1753873713.85;2.0;49.20411758;18.75518931;387.0185;42.1352;25.0;0.6;283.636
1753873713.86;2.0;49.20411757;18.75518932;387.018;42.1352;25.0;0.6;283.62
1753873713.87;2.0;49.20411757;18.75518933;387.0174;42.1352;25.0;0.6;283.628
1753873713.88;2.0;49.20411756;18.75518934;387.0164;42.1352;25.0;0.6;283.607
1753873713.89;2.0;49.20411755;18.75518934;387.0155;42.1352;25.0;0.6;283.62
1753873713.9;2.0;49.20411754;18.75518935;387.0144;42.1352;25.0;0.6;283.66
1753873713.91;2.0;49.20411753;18.75518935;387.0138;42.1352;25.0;0.6;283.615
1753873713.92;2.0;49.20411752;18.75518935;387.0135;42.1352;25.0;0.6;283.51
1753873713.93;2.0;49.20411751;18.75518936;387.013;42.1352;25.0;0.6;283.456
1753873713.94;2.0;49.2041175;18.75518936;387.0123;42.1352;25.0;0.6;283.514
1753873713.95;2.0;49.20411748;18.75518937;387.0118;42.1352;25.0;0.6;283.591
1753873713.96;2.0;49.20411747;18.75518937;387.0108;42.1352;25.0;0.6;283.619
1753873713.97;2.0;49.20411746;18.75518938;387.0099;42.1352;25.0;0.6;283.548
1753873713.98;2.0;49.20411745;18.75518938;387.0093;42.1352;25.0;0.6;283.493
1753873713.99;2.0;49.20411743;18.75518938;387.0087;42.1352;25.0;0.6;283.535
1753873714.0;2.0;49.20411742;18.75518939;387.0085;42.1352;25.0;0.6;283.559
1753873714.01;2.0;49.2041174;18.75518939;387.0082;42.1352;25.0;0.6;283.512
1753873714.02;2.0;49.20411739;18.75518939;387.0077;42.1352;25.0;0.6;283.512
1753873714.03;2.0;49.20411738;18.75518939;387.007;42.1352;25.0;0.6;283.469
1753873714.04;2.0;49.20411737;18.75518939;387.0061;42.1352;25.0;0.6;283.423
1753873714.05;2.0;49.20411736;18.75518939;387.0053;42.1352;25.0;0.6;283.416
1753873714.06;2.0;49.20411736;18.75518939;387.0056;42.1352;25.0;0.6;283.427
1753873714.07;2.0;49.20411736;18.7551894;387.0059;42.1352;25.0;0.6;283.441
1753873714.08;2.0;49.20411736;18.75518941;387.0053;42.1352;25.0;0.6;283.43
1753873714.09;2.0;49.20411736;18.75518942;387.005;42.1352;25.0;0.6;283.421
1753873714.1;2.0;49.20411736;18.75518943;387.0042;42.1352;25.0;0.6;283.47
1753873714.11;2.0;49.20411736;18.75518944;387.0036;42.1352;25.0;0.6;283.535
1753873714.12;2.0;49.20411736;18.75518945;387.0034;42.1352;25.0;0.6;283.552
1753873714.13;2.0;49.20411736;18.75518947;387.003;42.1352;25.0;0.6;283.477
1753873714.14;2.0;49.20411737;18.75518948;387.0031;42.1352;25.0;0.6;283.425
1753873714.15;2.0;49.20411737;18.75518949;387.0025;42.1352;25.0;0.6;283.442
1753873714.16;2.0;49.20411737;18.7551895;387.0011;42.1352;25.0;0.6;283.383
1753873714.17;2.0;49.20411737;18.75518952;387.0;42.1352;25.0;0.6;283.341
1753873714.18;2.0;49.20411737;18.75518952;386.9995;42.1352;25.0;0.6;283.332
1753873714.19;2.0;49.20411737;18.75518954;386.9992;42.1352;25.0;0.6;283.35
1753873714.2;2.0;49.20411738;18.75518955;386.9988;42.1352;25.0;0.6;283.322
1753873714.21;2.0;49.20411737;18.75518957;386.9983;42.1352;25.0;0.6;283.318
1753873714.22;2.0;49.20411738;18.75518958;386.998;42.1352;25.0;0.6;283.336
1753873714.23;2.0;49.20411738;18.75518959;386.9975;42.1352;25.0;0.6;283.335
1753873714.24;2.0;49.20411738;18.7551896;386.9973;42.1352;25.0;0.6;283.408
1753873714.25;2.0;49.20411738;18.75518961;386.9969;42.1352;25.0;0.6;283.465
1753873714.26;2.0;49.20411738;18.75518962;386.9962;42.1352;25.0;0.6;283.525
1753873714.27;2.0;49.20411738;18.75518964;386.9954;42.1352;25.0;0.6;283.492
1753873714.28;2.0;49.20411738;18.75518965;386.9946;42.1352;25.0;0.6;283.435
1753873714.29;2.0;49.20411738;18.75518966;386.9941;42.1352;25.0;0.6;283.405
1753873714.3;2.0;49.20411739;18.75518968;386.9939;42.1352;25.0;0.6;283.333
1753873714.31;2.0;49.20411739;18.75518969;386.9939;42.1352;25.0;0.6;283.263
1753873714.32;2.0;49.20411739;18.7551897;386.9932;42.1352;25.0;0.6;283.295
1753873714.33;2.0;49.20411739;18.75518971;386.9929;42.1352;25.0;0.6;283.35
1753873714.34;2.0;49.20411739;18.75518973;386.993;42.1352;25.0;0.6;283.32
1753873714.35;2.0;49.2041174;18.75518974;386.9925;42.1352;25.0;0.6;283.283
1753873714.36;2.0;49.2041174;18.75518975;386.9917;42.1352;25.0;0.6;283.277
1753873714.37;2.0;49.20411741;18.75518976;386.9916;42.1352;25.0;0.6;283.293
1753873714.38;2.0;49.20411741;18.75518978;386.9914;42.1352;25.0;0.6;283.322
1753873714.39;2.0;49.20411742;18.75518979;386.9909;42.1352;25.0;0.6;283.333
1753873714.4;2.0;49.20411744;18.75518981;386.9901;42.1352;25.0;0.6;283.374
1753873714.41;2.0;49.20411745;18.75518982;386.9896;42.1352;25.0;0.6;283.317
1753873714.42;2.0;49.20411747;18.75518984;386.9892;42.1352;25.0;0.6;283.25
1753873714.43;2.0;49.20411749;18.75518986;386.9889;42.1352;25.0;0.6;283.24
1753873714.44;2.0;49.20411751;18.75518988;386.9885;42.1352;25.0;0.6;283.301
1753873714.45;2.0;49.20411753;18.7551899;386.9885;42.1352;25.0;0.6;283.324
1753873714.46;2.0;49.20411756;18.75518993;386.9884;42.1352;25.0;0.6;283.358
1753873714.47;2.0;49.20411758;18.75518995;386.9879;42.1352;25.0;0.6;283.359
1753873714.48;2.0;49.20411762;18.75518997;386.9871;42.1352;25.0;0.6;283.353
1753873714.49;2.0;49.20411765;18.75518999;386.9862;42.1352;25.0;0.6;283.349
1753873714.5;2.0;49.20411768;18.75519;386.9852;42.1352;25.0;0.6;283.335
1753873714.51;2.0;49.20411772;18.75519002;386.9843;42.1352;25.0;0.6;283.351
1753873714.52;2.0;49.20411776;18.75519004;386.9838;42.1352;25.0;0.6;283.394
1753873714.53;2.0;49.2041178;18.75519007;386.9833;42.1352;25.0;0.6;283.413
1753873714.54;2.0;49.20411783;18.75519009;386.9825;42.1352;25.0;0.6;283.414
1753873714.55;2.0;49.20411788;18.75519012;386.9821;42.1352;25.0;0.6;283.397
1753873714.56;2.0;49.20411792;18.75519014;386.9815;42.1352;25.0;0.6;283.362
1753873714.57;2.0;49.20411796;18.75519016;386.9813;42.1352;25.0;0.6;283.328
1753873714.58;2.0;49.20411801;18.75519017;386.9808;42.1352;26.0;0.6;283.289
1753873714.59;2.0;49.20411805;18.75519019;386.9805;42.1352;26.0;0.6;283.263
1753873714.6;2.0;49.2041181;18.75519021;386.9804;42.1352;26.0;0.6;283.255
1753873714.61;2.0;49.20411815;18.75519023;386.9804;42.1352;26.0;0.6;283.225
1753873714.62;2.0;49.2041182;18.75519025;386.9803;42.1352;26.0;0.6;283.185
1753873714.63;2.0;49.20411825;18.75519028;386.9806;42.1352;26.0;0.6;283.176
1753873714.64;2.0;49.20411831;18.7551903;386.9809;42.1352;26.0;0.6;283.156
1753873714.65;2.0;49.20411837;18.75519033;386.9816;42.1352;26.0;0.6;283.163
1753873714.66;2.0;49.20411842;18.75519036;386.9818;42.1352;26.0;0.6;283.175
1753873714.67;2.0;49.20411848;18.75519039;386.9821;42.1352;26.0;0.6;283.167
1753873714.68;2.0;49.20411854;18.75519042;386.9827;42.1352;26.0;0.6;283.151
1753873714.69;2.0;49.2041186;18.75519045;386.9837;42.1352;26.0;0.6;283.115
1753873714.7;2.0;49.20411866;18.75519047;386.9846;42.1352;26.0;0.6;283.041
1753873714.71;2.0;49.20411872;18.7551905;386.9854;42.1352;26.0;0.6;282.947
1753873714.72;2.0;49.20411879;18.75519053;386.9862;42.1352;26.0;0.6;282.853
1753873714.73;2.0;49.20411885;18.75519056;386.9876;42.1352;26.0;0.6;282.788
1753873714.74;2.0;49.20411892;18.75519059;386.9892;42.1352;26.0;0.6;282.795
1753873714.75;2.0;49.20411898;18.75519063;386.9907;42.1352;26.0;0.6;282.805
1753873714.76;2.0;49.20411904;18.75519065;386.9918;42.1352;26.0;0.6;282.786
1753873714.77;2.0;49.20411911;18.75519068;386.9927;42.1352;26.0;0.6;282.741
1753873714.78;2.0;49.20411918;18.75519071;386.9931;42.1352;26.0;0.6;282.678
1753873714.79;2.0;49.20411925;18.75519074;386.9937;42.1352;26.0;0.6;282.638
1753873714.8;2.0;49.20411932;18.75519077;386.9946;42.1352;26.0;0.6;282.604
1753873714.81;2.0;49.20411938;18.75519079;386.9954;42.1352;26.0;0.6;282.592
1753873714.82;2.0;49.20411945;18.75519082;386.9955;42.1352;26.0;0.6;282.542
1753873714.83;2.0;49.20411951;18.75519085;386.9952;42.1352;26.0;0.6;282.478
1753873714.84;2.0;49.20411957;18.75519088;386.9951;42.1352;26.0;0.6;282.438
1753873714.85;2.0;49.20411963;18.7551909;386.9951;42.1352;26.0;0.6;282.466
1753873714.86;2.0;49.2041197;18.75519093;386.9948;42.1352;26.0;0.6;282.555
1753873714.87;2.0;49.20411976;18.75519094;386.9945;42.1352;26.0;0.6;282.574
1753873714.88;2.0;49.20411981;18.75519097;386.9945;42.1352;26.0;0.6;282.556
1753873714.89;2.0;49.20411987;18.75519099;386.9946;42.1352;26.0;0.6;282.508
1753873714.9;2.0;49.20411993;18.75519102;386.9949;42.1352;26.0;0.6;282.512
1753873714.91;2.0;49.20411998;18.75519103;386.9954;42.1352;26.0;0.6;282.503
1753873714.92;2.0;49.20412004;18.75519106;386.9958;42.1352;26.0;0.6;282.494
1753873714.93;2.0;49.2041201;18.75519108;386.9964;42.1352;26.0;0.6;282.47
1753873714.94;2.0;49.20412015;18.75519111;386.997;42.1352;26.0;0.6;282.399
1753873714.95;2.0;49.2041202;18.75519114;386.998;42.1352;26.0;0.6;282.356
1753873714.96;2.0;49.20412025;18.75519116;386.9981;42.1352;26.0;0.6;282.384
1753873714.97;2.0;49.20412031;18.75519119;386.9977;42.1352;26.0;0.6;282.443
1753873714.98;2.0;49.20412036;18.75519121;386.998;42.1352;26.0;0.6;282.484
1753873714.99;2.0;49.20412042;18.75519124;386.9983;42.1352;26.0;0.6;282.523
1753873715.0;2.0;49.20412048;18.75519127;386.9984;42.1352;26.0;0.6;282.595
1753873715.01;2.0;49.20412053;18.7551913;386.9982;42.1352;26.0;0.6;282.701
1753873715.02;2.0;49.20412059;18.75519133;386.9977;42.1352;26.0;0.6;282.811
1753873715.03;2.0;49.20412065;18.75519135;386.9974;42.1352;26.0;0.6;282.83
1753873715.04;2.0;49.20412071;18.75519138;386.9976;42.1352;26.0;0.6;282.827
1753873715.05;2.0;49.20412077;18.75519141;386.9976;42.1352;26.0;0.6;282.791
1753873715.06;2.0;49.20412083;18.75519143;386.9981;42.1352;26.0;0.6;282.724
1753873715.07;2.0;49.2041209;18.75519146;386.999;42.1352;25.0;0.6;282.654
1753873715.08;2.0;49.20412097;18.75519148;386.9998;42.1352;25.0;0.6;282.638
1753873715.09;2.0;49.20412103;18.7551915;387.0005;42.1352;25.0;0.6;282.598
1753873715.1;2.0;49.2041211;18.75519153;387.0011;42.1352;25.0;0.6;282.529
1753873715.11;2.0;49.20412116;18.75519155;387.0012;42.1352;25.0;0.6;282.457
1753873715.12;2.0;49.20412122;18.75519158;387.0011;42.1352;25.0;0.6;282.441
1753873715.13;2.0;49.20412128;18.7551916;387.0013;42.1352;25.0;0.6;282.464
1753873715.14;2.0;49.20412133;18.75519162;387.0014;42.1352;25.0;0.6;282.516
1753873715.15;2.0;49.20412139;18.75519164;387.0011;42.1352;25.0;0.6;282.594
1753873715.16;2.0;49.20412144;18.75519166;387.0006;42.1352;25.0;0.6;282.652
1753873715.17;2.0;49.2041215;18.75519168;387.0;42.1352;25.0;0.6;282.659
1753873715.18;2.0;49.20412155;18.7551917;386.9996;42.1352;25.0;0.6;282.663
1753873715.19;2.0;49.2041216;18.75519172;386.999;42.1352;25.0;0.6;282.64
1753873715.2;2.0;49.20412165;18.75519174;386.9981;42.1352;25.0;0.6;282.652
1753873715.21;2.0;49.20412169;18.75519175;386.9978;42.1352;25.0;0.6;282.683
1753873715.22;2.0;49.20412174;18.75519176;386.9976;42.1352;25.0;0.6;282.69
1753873715.23;2.0;49.20412179;18.75519178;386.9976;42.1352;25.0;0.6;282.659
1753873715.24;2.0;49.20412184;18.75519179;386.9978;42.1352;25.0;0.6;282.579
1753873715.25;2.0;49.20412188;18.75519181;386.9979;42.1352;25.0;0.6;282.517
1753873715.26;2.0;49.20412193;18.75519182;386.9974;42.1352;25.0;0.6;282.513
1753873715.27;2.0;49.20412198;18.75519183;386.9969;42.1352;25.0;0.6;282.473
1753873715.28;2.0;49.20412203;18.75519185;386.9967;42.1352;25.0;0.6;282.446
1753873715.29;2.0;49.20412208;18.75519186;386.9969;42.1352;25.0;0.6;282.434
1753873715.3;2.0;49.20412212;18.75519187;386.9974;42.1352;25.0;0.6;282.41
1753873715.31;2.0;49.20412217;18.75519189;386.9978;42.1352;25.0;0.6;282.428
1753873715.32;2.0;49.20412221;18.7551919;386.9983;42.1352;25.0;0.6;282.447
1753873715.33;2.0;49.20412226;18.75519192;386.9984;42.1352;25.0;0.6;282.477
1753873715.34;2.0;49.2041223;18.75519193;386.998;42.1352;25.0;0.6;282.522
1753873715.35;2.0;49.20412235;18.75519194;386.9978;42.1352;25.0;0.6;282.549
1753873715.36;2.0;49.20412239;18.75519196;386.998;42.1352;25.0;0.6;282.57
1753873715.37;2.0;49.20412244;18.75519198;386.9979;42.1352;25.0;0.6;282.587
1753873715.38;2.0;49.20412248;18.75519199;386.9974;42.1352;25.0;0.6;282.628
1753873715.39;2.0;49.20412253;18.75519201;386.9967;42.1352;25.0;0.6;282.718
1753873715.4;2.0;49.20412258;18.75519203;386.9963;42.1352;25.0;0.6;282.816
1753873715.41;2.0;49.20412263;18.75519204;386.9959;42.1352;25.0;0.6;282.869
1753873715.42;2.0;49.20412268;18.75519205;386.9958;42.1352;25.0;0.6;282.893
1753873715.43;2.0;49.20412273;18.75519207;386.9952;42.1352;25.0;0.6;282.91
1753873715.44;2.0;49.20412279;18.75519208;386.9951;42.1352;25.0;0.6;282.937
1753873715.45;2.0;49.20412284;18.75519209;386.9948;42.1352;25.0;0.6;282.96
1753873715.46;2.0;49.20412289;18.7551921;386.9945;42.1352;25.0;0.6;282.93
1753873715.47;2.0;49.20412294;18.75519211;386.9941;42.1352;25.0;0.6;282.917
1753873715.48;2.0;49.204123;18.75519213;386.9938;42.1352;25.0;0.6;282.925
1753873715.49;2.0;49.20412305;18.75519214;386.9934;42.1352;25.0;0.6;282.976
1753873715.5;2.0;49.20412311;18.75519215;386.9926;42.1352;25.0;0.6;283.001
1753873715.51;2.0;49.20412316;18.75519217;386.9919;42.1352;25.0;0.6;283.002
1753873715.52;2.0;49.20412321;18.75519218;386.9913;42.1352;25.0;0.6;283.012
1753873715.53;2.0;49.20412326;18.7551922;386.9908;42.1352;25.0;0.6;282.974
1753873715.54;2.0;49.20412332;18.75519222;386.9903;42.1352;25.0;0.6;282.937
1753873715.55;2.0;49.20412337;18.75519223;386.99;42.1352;25.0;0.6;282.893
1753873715.56;2.0;49.20412342;18.75519225;386.9898;42.1352;25.0;0.6;282.919
1753873715.57;2.0;49.20412348;18.75519228;386.9896;42.1352;25.0;0.6;282.98
1753873715.58;2.0;49.20412354;18.7551923;386.9892;42.1352;25.0;0.6;282.992
1753873715.59;2.0;49.20412361;18.75519233;386.9888;42.1352;25.0;0.6;282.943
1753873715.6;2.0;49.20412367;18.75519235;386.989;42.1352;25.0;0.6;282.898
1753873715.61;2.0;49.20412373;18.75519238;386.989;42.1352;25.0;0.6;282.836
1753873715.62;2.0;49.2041238;18.75519241;386.9887;42.1352;25.0;0.6;282.802
1753873715.63;2.0;49.20412386;18.75519243;386.9883;42.1352;25.0;0.6;282.737
1753873715.64;2.0;49.20412392;18.75519245;386.9882;42.1352;25.0;0.6;282.68
1753873715.65;2.0;49.20412398;18.75519248;386.9884;42.1352;25.0;0.6;282.646
1753873715.66;2.0;49.20412404;18.7551925;386.9884;42.1352;25.0;0.6;282.61
1753873715.67;2.0;49.20412409;18.75519252;386.9884;42.1352;25.0;0.6;282.574
1753873715.68;2.0;49.20412415;18.75519254;386.9882;42.1352;25.0;0.6;282.569
1753873715.69;2.0;49.2041242;18.75519256;386.9881;42.1352;25.0;0.6;282.568
1753873715.7;2.0;49.20412426;18.75519257;386.9881;42.1352;25.0;0.6;282.594
1753873715.71;2.0;49.20412432;18.75519259;386.9877;42.1352;25.0;0.6;282.656
1753873715.72;2.0;49.20412438;18.75519261;386.9874;42.1352;25.0;0.6;282.743
1753873715.73;2.0;49.20412444;18.75519262;386.9875;42.1352;25.0;0.6;282.814
1753873715.74;2.0;49.2041245;18.75519263;386.9882;42.1352;25.0;0.6;282.792
1753873715.75;2.0;49.20412456;18.75519265;386.9891;42.1352;25.0;0.6;282.77
1753873715.76;2.0;49.20412462;18.75519266;386.9902;42.1352;25.0;0.6;282.762
1753873715.77;2.0;49.20412468;18.75519268;386.9915;42.1352;25.0;0.6;282.734
1753873715.78;2.0;49.20412474;18.7551927;386.9919;42.1352;25.0;0.6;282.721
1753873715.79;2.0;49.2041248;18.75519271;386.9926;42.1352;25.0;0.6;282.693
1753873715.8;2.0;49.20412486;18.75519273;386.9931;42.1352;25.0;0.6;282.669
1753873715.81;2.0;49.20412492;18.75519274;386.9932;42.1352;25.0;0.6;282.654
1753873715.82;2.0;49.20412498;18.75519276;386.9932;42.1352;25.0;0.6;282.64
1753873715.83;2.0;49.20412503;18.75519277;386.9933;42.1352;25.0;0.6;282.631
1753873715.84;2.0;49.20412509;18.75519279;386.9929;42.1352;25.0;0.6;282.685
1753873715.85;2.0;49.20412515;18.75519281;386.9922;42.1352;25.0;0.6;282.741
1753873715.86;2.0;49.20412521;18.75519283;386.9913;42.1352;25.0;0.6;282.757
1753873715.87;2.0;49.20412527;18.75519284;386.9906;42.1352;25.0;0.6;282.704
1753873715.88;2.0;49.20412532;18.75519286;386.99;42.1352;25.0;0.6;282.629
1753873715.89;2.0;49.20412538;18.75519287;386.9891;42.1352;25.0;0.6;282.617
1753873715.9;2.0;49.20412544;18.75519289;386.9885;42.1352;25.0;0.6;282.67
1753873715.91;2.0;49.20412549;18.7551929;386.9879;42.1352;25.0;0.6;282.709
1753873715.92;2.0;49.20412555;18.75519291;386.9872;42.1352;25.0;0.6;282.719
1753873715.93;2.0;49.20412561;18.75519293;386.9867;42.1352;25.0;0.6;282.667
1753873715.94;2.0;49.20412568;18.75519294;386.9865;42.1352;25.0;0.6;282.607
1753873715.95;2.0;49.20412574;18.75519295;386.9863;42.1352;25.0;0.6;282.548
1753873715.96;2.0;49.2041258;18.75519296;386.9862;42.1352;25.0;0.6;282.513
1753873715.97;2.0;49.20412586;18.75519298;386.9862;42.1352;25.0;0.6;282.463
1753873715.98;2.0;49.20412592;18.75519299;386.986;42.1352;25.0;0.6;282.415
1753873715.99;2.0;49.20412598;18.75519301;386.9858;42.1352;25.0;0.6;282.406
1753873716.0;2.0;49.20412604;18.75519303;386.9856;42.1352;25.0;0.6;282.372
1753873716.01;2.0;49.20412611;18.75519304;386.9858;42.1352;25.0;0.6;282.35
1753873716.02;2.0;49.20412617;18.75519306;386.9852;42.1352;25.0;0.6;282.334
1753873716.03;2.0;49.20412623;18.75519308;386.9845;42.1352;25.0;0.6;282.342
1753873716.04;2.0;49.20412629;18.75519309;386.9841;42.1352;25.0;0.6;282.353
1753873716.05;2.0;49.20412634;18.75519311;386.9836;42.1352;25.0;0.6;282.322
1753873716.06;2.0;49.2041264;18.75519313;386.9828;42.1352;25.0;0.6;282.32
1753873716.07;2.0;49.20412646;18.75519315;386.9826;42.1352;25.0;0.6;282.295
1753873716.08;2.0;49.20412652;18.75519317;386.9825;42.1352;25.0;0.6;282.282
1753873716.09;2.0;49.20412658;18.7551932;386.9823;42.1352;25.0;0.6;282.252
1753873716.1;2.0;49.20412664;18.75519321;386.9822;42.1352;25.0;0.6;282.2
1753873716.11;2.0;49.2041267;18.75519323;386.9817;42.1352;25.0;0.6;282.2
1753873716.12;2.0;49.20412676;18.75519325;386.9804;42.1352;25.0;0.6;282.283
1753873716.13;2.0;49.20412683;18.75519328;386.9801;42.1352;25.0;0.6;282.304
1753873716.14;2.0;49.20412689;18.7551933;386.9798;42.1352;25.0;0.6;282.356
1753873716.15;2.0;49.20412695;18.75519332;386.9796;42.1352;25.0;0.6;282.436
1753873716.16;2.0;49.20412702;18.75519334;386.9795;42.1352;25.0;0.6;282.56
1753873716.17;2.0;49.20412708;18.75519336;386.9796;42.1352;25.0;0.6;282.656
1753873716.18;2.0;49.20412714;18.75519338;386.9797;42.1352;25.0;0.6;282.74
1753873716.19;2.0;49.20412721;18.7551934;386.9794;42.1352;25.0;0.6;282.802
1753873716.2;2.0;49.20412727;18.75519342;386.9793;42.1352;25.0;0.6;282.835
1753873716.21;2.0;49.20412734;18.75519344;386.979;42.1352;25.0;0.6;282.8
1753873716.22;2.0;49.2041274;18.75519346;386.9788;42.1352;25.0;0.6;282.788
1753873716.23;2.0;49.20412747;18.75519348;386.9785;42.1352;25.0;0.6;282.762
1753873716.24;2.0;49.20412753;18.7551935;386.9784;42.1352;25.0;0.6;282.77
1753873716.25;2.0;49.2041276;18.75519351;386.978;42.1352;25.0;0.6;282.753
1753873716.26;2.0;49.20412767;18.75519353;386.9774;42.1352;25.0;0.6;282.756
1753873716.27;2.0;49.20412774;18.75519355;386.9771;42.1352;25.0;0.6;282.708
1753873716.28;2.0;49.2041278;18.75519357;386.9769;42.1352;25.0;0.6;282.656
1753873716.29;2.0;49.20412787;18.75519359;386.9762;42.1352;25.0;0.6;282.607
1753873716.3;2.0;49.20412794;18.75519361;386.9755;42.1352;25.0;0.6;282.55
1753873716.31;2.0;49.20412801;18.75519363;386.9751;42.1352;25.0;0.6;282.53
1753873716.32;2.0;49.20412807;18.75519365;386.9751;42.1352;25.0;0.6;282.527
1753873716.33;2.0;49.20412814;18.75519367;386.9746;42.1352;25.0;0.6;282.541
1753873716.34;2.0;49.20412821;18.7551937;386.974;42.1352;25.0;0.6;282.561
1753873716.35;2.0;49.20412828;18.75519372;386.9739;42.1352;25.0;0.6;282.523
1753873716.36;2.0;49.20412835;18.75519375;386.974;42.1352;25.0;0.6;282.513
1753873716.37;2.0;49.20412841;18.75519377;386.9733;42.1352;25.0;0.6;282.535
1753873716.38;2.0;49.20412848;18.75519379;386.9727;42.1352;25.0;0.6;282.591
1753873716.39;2.0;49.20412855;18.75519382;386.9721;42.1352;25.0;0.6;282.659
1753873716.4;2.0;49.20412861;18.75519384;386.9718;42.1352;25.0;0.6;282.722
1753873716.41;2.0;49.20412867;18.75519386;386.9715;42.1352;25.0;0.6;282.78
1753873716.42;2.0;49.20412874;18.75519388;386.9708;42.1352;25.0;0.6;282.834
1753873716.43;2.0;49.20412881;18.75519389;386.9704;42.1352;25.0;0.6;282.916
1753873716.44;2.0;49.20412887;18.75519391;386.9702;42.1352;25.0;0.6;283.005
1753873716.45;2.0;49.20412894;18.75519393;386.9702;42.1352;25.0;0.6;283.092
1753873716.46;2.0;49.20412901;18.75519394;386.9696;42.1352;25.0;0.6;283.047
1753873716.47;2.0;49.20412908;18.75519396;386.9691;42.1352;25.0;0.6;283.058
1753873716.48;2.0;49.20412915;18.75519398;386.9682;42.1352;25.0;0.6;283.049
1753873716.49;2.0;49.20412921;18.755194;386.9673;42.1352;25.0;0.6;282.977
1753873716.5;2.0;49.20412928;18.75519402;386.9665;42.1352;25.0;0.6;282.957
1753873716.51;2.0;49.20412935;18.75519404;386.9656;42.1352;25.0;0.6;282.994
1753873716.52;2.0;49.20412941;18.75519406;386.9644;42.1352;25.0;0.6;283.038
1753873716.53;2.0;49.20412948;18.75519408;386.9628;42.1352;25.0;0.6;282.996
1753873716.54;2.0;49.20412955;18.7551941;386.9617;42.1352;25.0;0.6;282.899
1753873716.55;2.0;49.20412962;18.75519411;386.9606;42.1352;25.0;0.6;282.76
1753873716.56;2.0;49.20412968;18.75519413;386.9599;42.1352;26.0;0.6;282.624
1753873716.57;2.0;49.20412975;18.75519415;386.9596;42.1352;26.0;0.6;282.555
1753873716.58;2.0;49.20412981;18.75519416;386.9604;42.1352;26.0;0.6;282.513
1753873716.59;2.0;49.20412987;18.75519418;386.9611;42.1352;26.0;0.6;282.53
1753873716.6;2.0;49.20412994;18.7551942;386.9615;42.1352;26.0;0.6;282.55
1753873716.61;2.0;49.20413001;18.75519422;386.9619;42.1352;26.0;0.6;282.574
1753873716.62;2.0;49.20413007;18.75519424;386.9624;42.1352;26.0;0.6;282.554
1753873716.63;2.0;49.20413013;18.75519426;386.9626;42.1352;26.0;0.6;282.542
1753873716.64;2.0;49.2041302;18.75519428;386.9626;42.1352;26.0;0.6;282.605
1753873716.65;2.0;49.20413027;18.7551943;386.9625;42.1352;26.0;0.6;282.662
1753873716.66;2.0;49.20413033;18.75519432;386.9626;42.1352;26.0;0.6;282.727
1753873716.67;2.0;49.20413039;18.75519433;386.9623;42.1352;26.0;0.6;282.769
1753873716.68;2.0;49.20413046;18.75519436;386.9622;42.1352;26.0;0.6;282.754
1753873716.69;2.0;49.20413052;18.75519437;386.962;42.1352;26.0;0.6;282.775
1753873716.7;2.0;49.20413059;18.75519439;386.9615;42.1352;26.0;0.6;282.789
1753873716.71;2.0;49.20413066;18.7551944;386.961;42.1352;26.0;0.6;282.803
1753873716.72;2.0;49.20413072;18.75519442;386.9606;42.1352;26.0;0.6;282.81
1753873716.73;2.0;49.20413078;18.75519444;386.9606;42.1352;26.0;0.6;282.825
1753873716.74;2.0;49.20413085;18.75519446;386.9611;42.1352;26.0;0.6;282.854
1753873716.75;2.0;49.20413091;18.75519448;386.9615;42.1352;26.0;0.6;282.794
1753873716.76;2.0;49.20413097;18.7551945;386.9615;42.1352;26.0;0.6;282.726
1753873716.77;2.0;49.20413104;18.75519452;386.9616;42.1352;26.0;0.6;282.692
1753873716.78;2.0;49.2041311;18.75519454;386.9616;42.1352;26.0;0.6;282.747
1753873716.79;2.0;49.20413116;18.75519456;386.9615;42.1352;26.0;0.6;282.82
1753873716.8;2.0;49.20413123;18.75519458;386.9618;42.1352;26.0;0.6;282.851
1753873716.81;2.0;49.20413129;18.7551946;386.9623;42.1352;26.0;0.6;282.86
1753873716.82;2.0;49.20413136;18.75519463;386.9624;42.1352;26.0;0.6;282.839
1753873716.83;2.0;49.20413142;18.75519465;386.9624;42.1352;26.0;0.6;282.8
1753873716.84;2.0;49.20413149;18.75519467;386.9626;42.1352;26.0;0.6;282.767
1753873716.85;2.0;49.20413156;18.7551947;386.9623;42.1352;26.0;0.6;282.771
1753873716.86;2.0;49.20413163;18.75519472;386.9622;42.1352;26.0;0.6;282.789
1753873716.87;2.0;49.20413169;18.75519474;386.9621;42.1352;26.0;0.6;282.802
1753873716.88;2.0;49.20413176;18.75519477;386.962;42.1352;26.0;0.6;282.787
1753873716.89;2.0;49.20413182;18.7551948;386.9618;42.1352;26.0;0.6;282.774
1753873716.9;2.0;49.20413189;18.75519482;386.9618;42.1352;26.0;0.6;282.796
1753873716.91;2.0;49.20413196;18.75519484;386.9618;42.1352;26.0;0.6;282.869
1753873716.92;2.0;49.20413203;18.75519487;386.9616;42.1352;26.0;0.6;282.906
1753873716.93;2.0;49.2041321;18.75519489;386.9616;42.1352;26.0;0.6;282.892
1753873716.94;2.0;49.20413216;18.75519491;386.9618;42.1352;26.0;0.6;282.875
1753873716.95;2.0;49.20413223;18.75519494;386.962;42.1352;26.0;0.6;282.854
1753873716.96;2.0;49.2041323;18.75519496;386.9623;42.1352;26.0;0.6;282.855
1753873716.97;2.0;49.20413236;18.75519498;386.9625;42.1352;26.0;0.6;282.866
1753873716.98;2.0;49.20413243;18.75519501;386.9623;42.1352;26.0;0.6;282.838
1753873716.99;2.0;49.20413249;18.75519503;386.9624;42.1352;26.0;0.6;282.801
1753873717.0;2.0;49.20413255;18.75519506;386.9628;42.1352;26.0;0.6;282.782
1753873717.01;2.0;49.20413261;18.75519509;386.9635;42.1352;26.0;0.6;282.744
1753873717.02;2.0;49.20413267;18.75519511;386.9637;42.1352;26.0;0.6;282.697
1753873717.03;2.0;49.20413274;18.75519514;386.9639;42.1352;26.0;0.6;282.692
1753873717.04;2.0;49.2041328;18.75519516;386.9634;42.1352;26.0;0.6;282.723
1753873717.05;2.0;49.20413286;18.75519518;386.9631;42.1352;26.0;0.6;282.75
1753873717.06;2.0;49.20413292;18.75519521;386.9635;42.1352;26.0;0.6;282.738
1753873717.07;2.0;49.20413298;18.75519523;386.964;42.1352;26.0;0.6;282.71
1753873717.08;2.0;49.20413304;18.75519526;386.9644;42.1352;26.0;0.6;282.705
1753873717.09;2.0;49.2041331;18.75519528;386.9645;42.1352;26.0;0.6;282.688
1753873717.1;2.0;49.20413317;18.7551953;386.9647;42.1352;26.0;0.6;282.748
1753873717.11;2.0;49.20413324;18.75519532;386.9651;42.1352;26.0;0.6;282.8
1753873717.12;2.0;49.2041333;18.75519534;386.9656;42.1352;26.0;0.6;282.841
1753873717.13;2.0;49.20413337;18.75519536;386.9663;42.1352;26.0;0.6;282.889
1753873717.14;2.0;49.20413344;18.75519537;386.9671;42.1352;26.0;0.6;282.908
1753873717.15;2.0;49.20413351;18.75519538;386.9673;42.1352;26.0;0.6;282.894
1753873717.16;2.0;49.20413358;18.7551954;386.9671;42.1352;26.0;0.6;282.8
1753873717.17;2.0;49.20413365;18.75519541;386.9668;42.1352;26.0;0.6;282.667
1753873717.18;2.0;49.20413371;18.75519542;386.9671;42.1352;26.0;0.6;282.596
1753873717.19;2.0;49.20413378;18.75519543;386.9671;42.1352;26.0;0.6;282.574
1753873717.2;2.0;49.20413385;18.75519545;386.9671;42.1352;26.0;0.6;282.516
1753873717.21;2.0;49.20413392;18.75519547;386.9666;42.1352;26.0;0.6;282.508
1753873717.22;2.0;49.20413398;18.75519549;386.966;42.1352;26.0;0.6;282.52
1753873717.23;2.0;49.20413405;18.7551955;386.9655;42.1352;26.0;0.6;282.518
1753873717.24;2.0;49.20413411;18.75519553;386.9649;42.1352;26.0;0.6;282.521
1753873717.25;2.0;49.20413417;18.75519554;386.9646;42.1352;26.0;0.6;282.548
1753873717.26;2.0;49.20413423;18.75519557;386.9645;42.1352;26.0;0.6;282.587
1753873717.27;2.0;49.2041343;18.75519559;386.9643;42.1352;26.0;0.6;282.664
1753873717.28;2.0;49.20413436;18.75519561;386.9642;42.1352;26.0;0.6;282.754
1753873717.29;2.0;49.20413442;18.75519564;386.9644;42.1352;26.0;0.6;282.819
1753873717.3;2.0;49.20413449;18.75519566;386.9649;42.1352;26.0;0.6;282.844
1753873717.31;2.0;49.20413455;18.75519569;386.9654;42.1352;26.0;0.6;282.868
1753873717.32;2.0;49.20413461;18.75519571;386.9657;42.1352;26.0;0.6;282.87
1753873717.33;2.0;49.20413467;18.75519573;386.9665;42.1352;26.0;0.6;282.894
1753873717.34;2.0;49.20413474;18.75519575;386.9668;42.1352;26.0;0.6;282.898
1753873717.35;2.0;49.2041348;18.75519577;386.9667;42.1352;26.0;0.6;282.827
1753873717.36;2.0;49.20413487;18.75519579;386.9665;42.1352;26.0;0.6;282.727
1753873717.37;2.0;49.20413494;18.75519582;386.9663;42.1352;26.0;0.6;282.632
1753873717.38;2.0;49.204135;18.75519584;386.9662;42.1352;26.0;0.6;282.58
1753873717.39;2.0;49.20413506;18.75519586;386.9663;42.1352;26.0;0.6;282.586
1753873717.4;2.0;49.20413513;18.75519587;386.9661;42.1352;26.0;0.6;282.591
1753873717.41;2.0;49.20413519;18.7551959;386.9657;42.1352;26.0;0.6;282.614
1753873717.42;2.0;49.20413526;18.75519592;386.9657;42.1352;26.0;0.6;282.643
1753873717.43;2.0;49.20413532;18.75519593;386.9656;42.1352;26.0;0.6;282.712
1753873717.44;2.0;49.20413539;18.75519596;386.9659;42.1352;26.0;0.6;282.631
1753873717.45;2.0;49.20413545;18.75519598;386.9662;42.1352;26.0;0.6;282.546
1753873717.46;2.0;49.20413552;18.755196;386.9664;42.1352;26.0;0.6;282.487
1753873717.47;2.0;49.20413559;18.75519602;386.9662;42.1352;26.0;0.6;282.473
1753873717.48;2.0;49.20413566;18.75519604;386.9663;42.1352;26.0;0.6;282.427
1753873717.49;2.0;49.20413572;18.75519607;386.9666;42.1352;26.0;0.6;282.389
1753873717.5;2.0;49.20413579;18.75519609;386.9665;42.1352;26.0;0.6;282.374
1753873717.51;2.0;49.20413585;18.75519611;386.9662;42.1352;26.0;0.6;282.368
1753873717.52;2.0;49.20413592;18.75519614;386.9661;42.1352;26.0;0.6;282.375
1753873717.53;2.0;49.20413598;18.75519616;386.9658;42.1352;26.0;0.6;282.383
1753873717.54;2.0;49.20413604;18.75519618;386.9652;42.1352;26.0;0.6;282.43
1753873717.55;2.0;49.20413611;18.7551962;386.9648;42.1352;26.0;0.6;282.42
1753873717.56;2.0;49.20413617;18.75519622;386.9644;42.1352;26.0;0.6;282.391
1753873717.57;2.0;49.20413623;18.75519625;386.9647;42.1352;26.0;0.6;282.41
1753873717.58;2.0;49.2041363;18.75519626;386.9649;42.1352;26.0;0.6;282.458
1753873717.59;2.0;49.20413636;18.75519629;386.9648;42.1352;26.0;0.6;282.418
1753873717.6;2.0;49.20413643;18.75519631;386.965;42.1352;26.0;0.6;282.408
1753873717.61;2.0;49.2041365;18.75519633;386.9653;42.1352;26.0;0.6;282.403
1753873717.62;2.0;49.20413657;18.75519634;386.9655;42.1352;26.0;0.6;282.346
1753873717.63;2.0;49.20413663;18.75519636;386.9654;42.1352;26.0;0.6;282.283
1753873717.64;2.0;49.2041367;18.75519639;386.9649;42.1352;26.0;0.6;282.299
1753873717.65;2.0;49.20413677;18.7551964;386.9647;42.1352;26.0;0.6;282.297
1753873717.66;2.0;49.20413684;18.75519643;386.9647;42.1352;26.0;0.6;282.266
1753873717.67;2.0;49.2041369;18.75519644;386.9646;42.1352;26.0;0.6;282.234
1753873717.68;2.0;49.20413697;18.75519646;386.9641;42.1352;26.0;0.6;282.25
1753873717.69;2.0;49.20413704;18.75519648;386.964;42.1352;26.0;0.6;282.239
1753873717.7;2.0;49.2041371;18.7551965;386.9639;42.1352;26.0;0.6;282.17
1753873717.71;2.0;49.20413717;18.75519652;386.9639;42.1352;26.0;0.6;282.143
1753873717.72;2.0;49.20413723;18.75519654;386.9639;42.1352;26.0;0.6;282.1
1753873717.73;2.0;49.2041373;18.75519656;386.9641;42.1352;26.0;0.6;282.094
1753873717.74;2.0;49.20413736;18.75519657;386.9644;42.1352;26.0;0.6;282.097
1753873717.75;2.0;49.20413743;18.75519659;386.965;42.1352;26.0;0.6;282.098
1753873717.76;2.0;49.2041375;18.75519661;386.9657;42.1352;26.0;0.6;282.078
1753873717.77;2.0;49.20413756;18.75519663;386.9659;42.1352;26.0;0.6;281.977
1753873717.78;2.0;49.20413762;18.75519665;386.9662;42.1352;26.0;0.6;281.882
1753873717.79;2.0;49.20413768;18.75519667;386.9664;42.1352;26.0;0.6;281.873
1753873717.8;2.0;49.20413775;18.75519669;386.9666;42.1352;26.0;0.6;281.896
1753873717.81;2.0;49.20413782;18.75519671;386.9664;42.1352;26.0;0.6;281.915
1753873717.82;2.0;49.20413788;18.75519673;386.9668;42.1352;26.0;0.6;281.914
1753873717.83;2.0;49.20413794;18.75519675;386.967;42.1352;26.0;0.6;281.924
1753873717.84;2.0;49.20413801;18.75519677;386.9672;42.1352;26.0;0.6;281.943
1753873717.85;2.0;49.20413807;18.7551968;386.9672;42.1352;26.0;0.6;281.954
1753873717.86;2.0;49.20413814;18.75519682;386.9672;42.1352;26.0;0.6;281.935
1753873717.87;2.0;49.2041382;18.75519684;386.9672;42.1352;26.0;0.6;281.961
1753873717.88;2.0;49.20413827;18.75519686;386.9673;42.1352;26.0;0.6;281.98
1753873717.89;2.0;49.20413833;18.75519688;386.9679;42.1352;26.0;0.6;281.97
1753873717.9;2.0;49.2041384;18.7551969;386.9685;42.1352;26.0;0.6;282.01
1753873717.91;2.0;49.20413846;18.75519692;386.9688;42.1352;26.0;0.6;282.041
1753873717.92;2.0;49.20413852;18.75519695;386.9692;42.1352;26.0;0.6;282.104
1753873717.93;2.0;49.20413859;18.75519697;386.9693;42.1352;26.0;0.6;282.159
1753873717.94;2.0;49.20413865;18.75519699;386.9697;42.1352;26.0;0.6;282.201
1753873717.95;2.0;49.20413872;18.755197;386.9699;42.1352;26.0;0.6;282.239
1753873717.96;2.0;49.20413878;18.75519702;386.9701;42.1352;26.0;0.6;282.299
1753873717.97;2.0;49.20413885;18.75519704;386.97;42.1352;26.0;0.6;282.378
1753873717.98;2.0;49.20413891;18.75519707;386.9701;42.1352;26.0;0.6;282.439
1753873717.99;2.0;49.20413898;18.75519708;386.97;42.1352;26.0;0.6;282.468
1753873718.0;2.0;49.20413904;18.7551971;386.9698;42.1352;26.0;0.6;282.472
1753873718.01;2.0;49.20413911;18.75519713;386.9696;42.1352;26.0;0.6;282.431
1753873718.02;2.0;49.20413918;18.75519715;386.9695;42.1352;26.0;0.6;282.336
1753873718.03;2.0;49.20413925;18.75519716;386.9695;42.1352;26.0;0.6;282.305
1753873718.04;2.0;49.20413932;18.75519718;386.9695;42.1352;26.0;0.6;282.247
1753873718.05;2.0;49.20413939;18.75519719;386.9693;42.1352;26.0;0.6;282.191
1753873718.06;2.0;49.20413946;18.75519721;386.969;42.1352;26.0;0.6;282.163
1753873718.07;2.0;49.20413953;18.75519723;386.9686;42.1352;26.0;0.6;282.173
1753873718.08;2.0;49.20413959;18.75519725;386.969;42.1352;26.0;0.6;282.146
1753873718.09;2.0;49.20413965;18.75519726;386.9691;42.1352;26.0;0.6;282.136
1753873718.1;2.0;49.20413971;18.75519728;386.9688;42.1352;26.0;0.6;282.108
1753873718.11;2.0;49.20413978;18.7551973;386.9687;42.1352;26.0;0.6;282.081
1753873718.12;2.0;49.20413984;18.75519731;386.9684;42.1352;26.0;0.6;282.052
1753873718.13;2.0;49.2041399;18.75519733;386.9685;42.1352;26.0;0.6;282.059
1753873718.14;2.0;49.20413996;18.75519735;386.9686;42.1352;26.0;0.6;282.099
1753873718.15;2.0;49.20414002;18.75519737;386.9683;42.1352;26.0;0.6;282.155
1753873718.16;2.0;49.20414008;18.75519739;386.9676;42.1352;26.0;0.6;282.228
1753873718.17;2.0;49.20414014;18.75519741;386.9671;42.1352;26.0;0.6;282.252
1753873718.18;2.0;49.2041402;18.75519742;386.9667;42.1352;26.0;0.6;282.235
1753873718.19;2.0;49.20414026;18.75519744;386.9665;42.1352;26.0;0.6;282.199
1753873718.2;2.0;49.20414033;18.75519746;386.9661;42.1352;26.0;0.6;282.241
1753873718.21;2.0;49.20414039;18.75519747;386.9659;42.1352;26.0;0.6;282.226
1753873718.22;2.0;49.20414045;18.75519749;386.9656;42.1352;26.0;0.6;282.217
1753873718.23;2.0;49.20414051;18.75519751;386.9651;42.1352;26.0;0.6;282.248
1753873718.24;2.0;49.20414057;18.75519753;386.9646;42.1352;26.0;0.6;282.303
1753873718.25;2.0;49.20414063;18.75519755;386.9646;42.1352;26.0;0.6;282.31
1753873718.26;2.0;49.20414069;18.75519756;386.9642;42.1352;26.0;0.6;282.307
1753873718.27;2.0;49.20414075;18.75519759;386.9638;42.1352;26.0;0.6;282.323
1753873718.28;2.0;49.20414082;18.75519761;386.9636;42.1352;26.0;0.6;282.356
1753873718.29;2.0;49.20414088;18.75519763;386.9629;42.1352;26.0;0.6;282.387
1753873718.3;2.0;49.20414093;18.75519765;386.9619;42.1352;26.0;0.6;282.374
1753873718.31;2.0;49.20414099;18.75519767;386.9611;42.1352;26.0;0.6;282.371
1753873718.32;2.0;49.20414106;18.75519769;386.9608;42.1352;26.0;0.6;282.347
1753873718.33;2.0;49.20414112;18.75519772;386.9607;42.1352;26.0;0.6;282.317
1753873718.34;2.0;49.20414118;18.75519774;386.9605;42.1352;26.0;0.6;282.275
1753873718.35;2.0;49.20414124;18.75519776;386.9607;42.1352;26.0;0.6;282.267
1753873718.36;2.0;49.2041413;18.75519779;386.9607;42.1352;26.0;0.6;282.265
1753873718.37;2.0;49.20414136;18.75519781;386.9605;42.1352;26.0;0.6;282.276
1753873718.38;2.0;49.20414142;18.75519783;386.9605;42.1352;26.0;0.6;282.241
1753873718.39;2.0;49.20414148;18.75519785;386.9606;42.1352;26.0;0.6;282.226
1753873718.4;2.0;49.20414155;18.75519786;386.9606;42.1352;26.0;0.6;282.204
1753873718.41;2.0;49.20414162;18.75519788;386.9602;42.1352;26.0;0.6;282.149
1753873718.42;2.0;49.20414168;18.7551979;386.96;42.1352;26.0;0.6;282.108
1753873718.43;2.0;49.20414175;18.75519791;386.9599;42.1352;26.0;0.6;282.124
1753873718.44;2.0;49.20414181;18.75519793;386.9599;42.1352;26.0;0.6;282.162
1753873718.45;2.0;49.20414187;18.75519795;386.9601;42.1352;26.0;0.6;282.193
1753873718.46;2.0;49.20414194;18.75519796;386.9601;42.1352;26.0;0.6;282.247
1753873718.47;2.0;49.20414201;18.75519798;386.9599;42.1352;26.0;0.6;282.342
1753873718.48;2.0;49.20414207;18.755198;386.9591;42.1352;26.0;0.6;282.413
1753873718.49;2.0;49.20414214;18.75519802;386.9585;42.1352;26.0;0.6;282.491
1753873718.5;2.0;49.2041422;18.75519804;386.9581;42.1352;26.0;0.6;282.544
1753873718.51;2.0;49.20414227;18.75519806;386.9579;42.1352;26.0;0.6;282.558
1753873718.52;2.0;49.20414234;18.75519808;386.9575;42.1352;26.0;0.6;282.55
1753873718.53;2.0;49.20414241;18.75519811;386.9571;42.1352;26.0;0.6;282.544
1753873718.54;2.0;49.20414247;18.75519813;386.9569;42.1352;26.0;0.6;282.506
1753873718.55;2.0;49.20414254;18.75519815;386.9568;42.1352;26.0;0.6;282.494
1753873718.56;2.0;49.2041426;18.75519817;386.9565;42.1352;26.0;0.6;282.533
1753873718.57;2.0;49.20414266;18.75519819;386.9561;42.1352;26.0;0.6;282.502
1753873718.58;2.0;49.20414272;18.75519822;386.9562;42.1352;26.0;0.6;282.421
1753873718.59;2.0;49.20414278;18.75519823;386.956;42.1352;26.0;0.6;282.349
1753873718.6;2.0;49.20414284;18.75519825;386.9557;42.1352;26.0;0.6;282.252
1753873718.61;2.0;49.2041429;18.75519826;386.9556;42.1352;26.0;0.6;282.211
1753873718.62;2.0;49.20414297;18.75519828;386.9559;42.1352;26.0;0.6;282.219
1753873718.63;2.0;49.20414303;18.75519829;386.9562;42.1352;26.0;0.6;282.231
1753873718.64;2.0;49.20414308;18.75519831;386.9557;42.1352;26.0;0.6;282.345
1753873718.65;2.0;49.20414315;18.75519832;386.9555;42.1352;26.0;0.6;282.441
1753873718.66;2.0;49.20414321;18.75519834;386.9558;42.1352;26.0;0.6;282.506
1753873718.67;2.0;49.20414327;18.75519835;386.9562;42.1352;26.0;0.6;282.523
1753873718.68;2.0;49.20414334;18.75519836;386.9566;42.1352;26.0;0.6;282.479
1753873718.69;2.0;49.20414341;18.75519837;386.9565;42.1352;26.0;0.6;282.472
1753873718.7;2.0;49.20414348;18.75519838;386.9568;42.1352;26.0;0.6;282.468
1753873718.71;2.0;49.20414356;18.7551984;386.9569;42.1352;26.0;0.6;282.446
1753873718.72;2.0;49.20414363;18.75519842;386.957;42.1352;26.0;0.6;282.406
1753873718.73;2.0;49.20414369;18.75519844;386.9568;42.1352;26.0;0.6;282.387
1753873718.74;2.0;49.20414376;18.75519846;386.9569;42.1352;26.0;0.6;282.363
1753873718.75;2.0;49.20414383;18.75519848;386.9572;42.1352;26.0;0.6;282.395
1753873718.76;2.0;49.2041439;18.75519849;386.9572;42.1352;26.0;0.6;282.414
1753873718.77;2.0;49.20414397;18.7551985;386.9575;42.1352;26.0;0.6;282.423
1753873718.78;2.0;49.20414403;18.75519851;386.9578;42.1352;26.0;0.6;282.403
1753873718.79;2.0;49.2041441;18.75519852;386.9582;42.1352;26.0;0.6;282.371
1753873718.8;2.0;49.20414417;18.75519853;386.959;42.1352;26.0;0.6;282.4
1753873718.81;2.0;49.20414423;18.75519854;386.9597;42.1352;26.0;0.6;282.417
1753873718.82;2.0;49.2041443;18.75519855;386.9604;42.1352;26.0;0.6;282.423
1753873718.83;2.0;49.20414437;18.75519855;386.9614;42.1352;26.0;0.6;282.402
1753873718.84;2.0;49.20414444;18.75519856;386.9628;42.1352;26.0;0.6;282.407
1753873718.85;2.0;49.20414451;18.75519857;386.9636;42.1352;26.0;0.6;282.428
1753873718.86;2.0;49.20414458;18.75519858;386.964;42.1352;26.0;0.6;282.437
1753873718.87;2.0;49.20414464;18.75519859;386.9641;42.1352;26.0;0.6;282.51
1753873718.88;2.0;49.20414471;18.7551986;386.9646;42.1352;26.0;0.6;282.553
1753873718.89;2.0;49.20414478;18.75519861;386.9648;42.1352;26.0;0.6;282.588
1753873718.9;2.0;49.20414485;18.75519862;386.9648;42.1352;26.0;0.6;282.657
1753873718.91;2.0;49.20414492;18.75519862;386.9648;42.1352;26.0;0.6;282.74
1753873718.92;2.0;49.20414499;18.75519863;386.9648;42.1352;26.0;0.6;282.778
1753873718.93;2.0;49.20414506;18.75519865;386.9647;42.1352;26.0;0.6;282.776
1753873718.94;2.0;49.20414513;18.75519866;386.9645;42.1352;26.0;0.6;282.77
1753873718.95;2.0;49.2041452;18.75519867;386.9642;42.1352;26.0;0.6;282.758
1753873718.96;2.0;49.20414526;18.75519867;386.9637;42.1352;26.0;0.6;282.76
1753873718.97;2.0;49.20414532;18.75519868;386.9633;42.1352;26.0;0.6;282.702
1753873718.98;2.0;49.20414538;18.75519869;386.9628;42.1352;26.0;0.6;282.605
1753873718.99;2.0;49.20414545;18.7551987;386.962;42.1352;26.0;0.6;282.516
1753873719.0;2.0;49.20414551;18.7551987;386.9616;42.1352;26.0;0.6;282.45
1753873719.01;2.0;49.20414557;18.75519871;386.9615;42.1352;26.0;0.6;282.451
1753873719.02;2.0;49.20414564;18.75519871;386.9619;42.1352;26.0;0.6;282.452
1753873719.03;2.0;49.2041457;18.75519872;386.9623;42.1352;26.0;0.6;282.396
1753873719.04;2.0;49.20414577;18.75519872;386.9627;42.1352;26.0;0.6;282.295
1753873719.05;2.0;49.20414583;18.75519873;386.9628;42.1352;26.0;0.6;282.19
1753873719.06;2.0;49.20414589;18.75519874;386.9633;42.1352;26.0;0.6;282.15
1753873719.07;2.0;49.20414595;18.75519875;386.9639;42.1352;27.0;0.6;282.129
1753873719.08;2.0;49.20414601;18.75519875;386.9644;42.1352;27.0;0.6;282.1
1753873719.09;2.0;49.20414607;18.75519876;386.9648;42.1352;27.0;0.6;282.036
1753873719.1;2.0;49.20414613;18.75519878;386.9655;42.1352;27.0;0.6;281.965
1753873719.11;2.0;49.20414618;18.75519879;386.9659;42.1352;27.0;0.6;281.923
1753873719.12;2.0;49.20414624;18.75519881;386.9661;42.1352;27.0;0.6;281.991
1753873719.13;2.0;49.2041463;18.75519883;386.9664;42.1352;27.0;0.6;282.018
1753873719.14;2.0;49.20414635;18.75519885;386.9666;42.1352;27.0;0.6;281.945
1753873719.15;2.0;49.2041464;18.75519887;386.9662;42.1352;27.0;0.6;281.936
1753873719.16;2.0;49.20414645;18.75519889;386.9657;42.1352;27.0;0.6;282.051
1753873719.17;2.0;49.2041465;18.75519891;386.9655;42.1352;27.0;0.6;282.15
1753873719.18;2.0;49.20414656;18.75519892;386.966;42.1352;27.0;0.6;282.202
1753873719.19;2.0;49.20414661;18.75519894;386.9663;42.1352;27.0;0.6;282.299
1753873719.2;2.0;49.20414667;18.75519896;386.9663;42.1352;27.0;0.6;282.358
1753873719.21;2.0;49.20414672;18.75519898;386.9662;42.1352;27.0;0.6;282.448
1753873719.22;2.0;49.20414677;18.755199;386.9659;42.1352;27.0;0.6;282.514
1753873719.23;2.0;49.20414683;18.75519901;386.9659;42.1352;27.0;0.6;282.53
1753873719.24;2.0;49.20414688;18.75519902;386.9665;42.1352;27.0;0.6;282.533
1753873719.25;2.0;49.20414694;18.75519903;386.9671;42.1352;27.0;0.6;282.557
1753873719.26;2.0;49.204147;18.75519904;386.9677;42.1352;27.0;0.6;282.578
1753873719.27;2.0;49.20414705;18.75519905;386.9675;42.1352;27.0;0.6;282.608
1753873719.28;2.0;49.20414711;18.75519906;386.9673;42.1352;27.0;0.6;282.62
1753873719.29;2.0;49.20414717;18.75519907;386.9673;42.1352;27.0;0.6;282.571
1753873719.3;2.0;49.20414722;18.75519908;386.9674;42.1352;27.0;0.6;282.493
1753873719.31;2.0;49.20414728;18.75519908;386.967;42.1352;27.0;0.6;282.405
1753873719.32;2.0;49.20414733;18.75519908;386.9666;42.1352;27.0;0.6;282.237
1753873719.33;2.0;49.20414737;18.75519909;386.9664;42.1352;27.0;0.6;282.111
1753873719.34;2.0;49.20414742;18.75519909;386.9664;42.1352;27.0;0.6;282.028
1753873719.35;2.0;49.20414745;18.75519909;386.9665;42.1352;27.0;0.6;281.971
1753873719.36;2.0;49.20414749;18.75519909;386.9659;42.1352;27.0;0.6;281.885
1753873719.37;2.0;49.20414752;18.75519909;386.9655;42.1352;27.0;0.6;281.827
1753873719.38;2.0;49.20414755;18.75519908;386.9656;42.1352;27.0;0.6;281.709
1753873719.39;2.0;49.20414757;18.75519907;386.9659;42.1352;27.0;0.6;281.604
1753873719.4;2.0;49.20414759;18.75519907;386.9658;42.1352;27.0;0.6;281.552
1753873719.41;2.0;49.20414761;18.75519906;386.9657;42.1352;27.0;0.6;281.499
1753873719.42;2.0;49.20414762;18.75519905;386.9658;42.1352;27.0;0.6;281.48
1753873719.43;2.0;49.20414763;18.75519904;386.9659;42.1352;27.0;0.6;281.457
1753873719.44;2.0;49.20414764;18.75519904;386.9659;42.1352;27.0;0.6;281.479
1753873719.45;2.0;49.20414765;18.75519903;386.9661;42.1352;27.0;0.6;281.461
1753873719.46;2.0;49.20414765;18.75519903;386.9661;42.1352;27.0;0.6;281.469
1753873719.47;2.0;49.20414765;18.75519902;386.9661;42.1352;27.0;0.6;281.42
1753873719.48;2.0;49.20414765;18.75519902;386.9661;42.1352;27.0;0.6;281.393
1753873719.49;2.0;49.20414765;18.75519901;386.9659;42.1352;27.0;0.6;281.356
1753873719.5;2.0;49.20414765;18.755199;386.9661;42.1352;27.0;0.6;281.355
1753873719.51;2.0;49.20414764;18.755199;386.9663;42.1352;27.0;0.6;281.371
1753873719.52;2.0;49.20414764;18.75519899;386.9664;42.1352;27.0;0.6;281.37
1753873719.53;2.0;49.20414763;18.75519899;386.9668;42.1352;27.0;0.6;281.389
1753873719.54;2.0;49.20414762;18.75519898;386.9679;42.1352;27.0;0.6;281.392
1753873719.55;2.0;49.20414762;18.75519897;386.9688;42.1352;27.0;0.6;281.376
1753873719.56;2.0;49.20414761;18.75519896;386.969;42.1352;27.0;0.6;281.376
1753873719.57;2.0;49.2041476;18.75519896;386.9689;42.1352;27.0;0.6;281.353
1753873719.58;2.0;49.20414759;18.75519896;386.9683;42.1352;27.0;0.6;281.274
1753873719.59;2.0;49.20414758;18.75519896;386.9679;42.1352;27.0;0.6;281.213
1753873719.6;2.0;49.20414757;18.75519895;386.9677;42.1352;27.0;0.6;281.17
1753873719.61;2.0;49.20414756;18.75519895;386.9683;42.1352;26.0;0.6;281.144
1753873719.62;2.0;49.20414755;18.75519895;386.9694;42.1352;26.0;0.6;281.111
1753873719.63;2.0;49.20414754;18.75519894;386.9704;42.1352;26.0;0.6;281.096
1753873719.64;2.0;49.20414753;18.75519894;386.9707;42.1352;26.0;0.6;281.133
1753873719.65;2.0;49.20414752;18.75519893;386.9701;42.1352;26.0;0.6;281.17
1753873719.66;2.0;49.20414751;18.75519893;386.9694;42.1352;26.0;0.6;281.183
1753873719.67;2.0;49.2041475;18.75519892;386.9689;42.1352;26.0;0.6;281.139
1753873719.68;2.0;49.20414749;18.75519891;386.9689;42.1352;26.0;0.6;281.121
1753873719.69;2.0;49.20414748;18.7551989;386.9686;42.1352;26.0;0.6;281.238
1753873719.7;2.0;49.20414747;18.75519889;386.9683;42.1352;26.0;0.6;281.294
1753873719.71;2.0;49.20414746;18.75519888;386.9679;42.1352;26.0;0.6;281.315
1753873719.72;2.0;49.20414745;18.75519887;386.9677;42.1352;26.0;0.6;281.31
1753873719.73;2.0;49.20414745;18.75519885;386.9686;42.1352;26.0;0.6;281.272
1753873719.74;2.0;49.20414745;18.75519884;386.9694;42.1352;26.0;0.6;281.262
1753873719.75;2.0;49.20414744;18.75519882;386.9696;42.1352;26.0;0.6;281.295
1753873719.76;2.0;49.20414744;18.7551988;386.9697;42.1352;26.0;0.6;281.336
1753873719.77;2.0;49.20414744;18.75519879;386.9698;42.1352;26.0;0.6;281.378
1753873719.78;2.0;49.20414744;18.75519877;386.97;42.1352;26.0;0.6;281.388
1753873719.79;2.0;49.20414744;18.75519875;386.9703;42.1352;26.0;0.6;281.393
1753873719.8;2.0;49.20414744;18.75519874;386.9698;42.1352;26.0;0.6;281.452
1753873719.81;2.0;49.20414744;18.75519872;386.9697;42.1352;26.0;0.6;281.478
1753873719.82;2.0;49.20414744;18.7551987;386.9696;42.1352;26.0;0.6;281.484
1753873719.83;2.0;49.20414744;18.75519868;386.9699;42.1352;26.0;0.6;281.472
1753873719.84;2.0;49.20414745;18.75519867;386.9696;42.1352;26.0;0.6;281.496
1753873719.85;2.0;49.20414745;18.75519864;386.9692;42.1352;26.0;0.6;281.513
1753873719.86;2.0;49.20414746;18.75519862;386.9693;42.1352;26.0;0.6;281.514
1753873719.87;2.0;49.20414746;18.7551986;386.9699;42.1352;26.0;0.6;281.567
1753873719.88;2.0;49.20414746;18.75519858;386.9709;42.1352;26.0;0.6;281.579
1753873719.89;2.0;49.20414747;18.75519856;386.9713;42.1352;26.0;0.6;281.574
1753873719.9;2.0;49.20414748;18.75519854;386.9713;42.1352;26.0;0.6;281.54
1753873719.91;2.0;49.20414748;18.75519852;386.9715;42.1352;26.0;0.6;281.53
1753873719.92;2.0;49.20414749;18.7551985;386.9719;42.1352;26.0;0.6;281.524
1753873719.93;2.0;49.20414749;18.75519848;386.9722;42.1352;26.0;0.6;281.522
1753873719.94;2.0;49.20414749;18.75519846;386.9722;42.1352;26.0;0.6;281.478
1753873719.95;2.0;49.2041475;18.75519843;386.9723;42.1352;26.0;0.6;281.465
1753873719.96;2.0;49.2041475;18.75519841;386.9723;42.1352;26.0;0.6;281.474
1753873719.97;2.0;49.2041475;18.75519838;386.9723;42.1352;26.0;0.6;281.476
1753873719.98;2.0;49.2041475;18.75519836;386.9718;42.1352;26.0;0.6;281.455
1753873719.99;2.0;49.2041475;18.75519834;386.9715;42.1352;26.0;0.6;281.424
1753873720.0;2.0;49.2041475;18.75519832;386.9716;42.1352;26.0;0.6;281.359
1753873720.01;2.0;49.2041475;18.7551983;386.9717;42.1352;26.0;0.6;281.288
1753873720.02;2.0;49.2041475;18.75519828;386.9719;42.1352;26.0;0.6;281.265
1753873720.03;2.0;49.2041475;18.75519826;386.972;42.1352;26.0;0.6;281.291
1753873720.04;2.0;49.20414749;18.75519824;386.972;42.1352;26.0;0.6;281.307
1753873720.05;2.0;49.20414749;18.75519823;386.9726;42.1352;26.0;0.6;281.267
1753873720.06;2.0;49.20414748;18.7551982;386.9736;42.1352;26.0;0.6;281.323
1753873720.07;2.0;49.20414748;18.75519818;386.974;42.1352;25.0;0.6;281.35
1753873720.08;2.0;49.20414748;18.75519816;386.9737;42.1352;25.0;0.6;281.336
1753873720.09;2.0;49.20414748;18.75519815;386.9736;42.1352;25.0;0.6;281.337
1753873720.1;2.0;49.20414748;18.75519813;386.9732;42.1352;25.0;0.6;281.32
1753873720.11;2.0;49.20414749;18.75519811;386.9737;42.1352;25.0;0.6;281.329
1753873720.12;2.0;49.20414749;18.75519809;386.9741;42.1352;25.0;0.6;281.315
1753873720.13;2.0;49.20414749;18.75519808;386.9738;42.1352;25.0;0.6;281.29
1753873720.14;2.0;49.20414749;18.75519807;386.974;42.1352;25.0;0.6;281.28
1753873720.15;2.0;49.2041475;18.75519806;386.9745;42.1352;25.0;0.6;281.253
1753873720.16;2.0;49.20414751;18.75519804;386.9748;42.1352;25.0;0.6;281.322
1753873720.17;2.0;49.20414751;18.75519802;386.9753;42.1352;25.0;0.6;281.356
1753873720.18;2.0;49.20414752;18.75519801;386.9754;42.1352;25.0;0.6;281.392
1753873720.19;2.0;49.20414753;18.75519801;386.9757;42.1352;25.0;0.6;281.391
1753873720.2;2.0;49.20414754;18.755198;386.9761;42.1352;25.0;0.6;281.36
1753873720.21;2.0;49.20414755;18.75519799;386.9761;42.1352;25.0;0.6;281.322
1753873720.22;2.0;49.20414756;18.75519798;386.9763;42.1352;25.0;0.6;281.299
1753873720.23;2.0;49.20414757;18.75519797;386.9772;42.1352;25.0;0.6;281.247
1753873720.24;2.0;49.20414758;18.75519796;386.9776;42.1352;25.0;0.6;281.282
1753873720.25;2.0;49.20414759;18.75519795;386.978;42.1352;25.0;0.6;281.328
1753873720.26;2.0;49.2041476;18.75519794;386.9783;42.1352;25.0;0.6;281.327
1753873720.27;2.0;49.2041476;18.75519794;386.9777;42.1352;25.0;0.6;281.324
1753873720.28;2.0;49.20414761;18.75519793;386.9773;42.1352;25.0;0.6;281.325
1753873720.29;2.0;49.20414762;18.75519792;386.9768;42.1352;25.0;0.6;281.314
1753873720.3;2.0;49.20414763;18.75519791;386.9772;42.1352;25.0;0.6;281.314
1753873720.31;2.0;49.20414764;18.75519791;386.9775;42.1352;25.0;0.6;281.333
1753873720.32;2.0;49.20414765;18.7551979;386.9776;42.1352;25.0;0.6;281.372
1753873720.33;2.0;49.20414766;18.75519789;386.9779;42.1352;25.0;0.6;281.358
1753873720.34;2.0;49.20414767;18.75519788;386.9789;42.1352;25.0;0.6;281.315
1753873720.35;2.0;49.20414768;18.75519787;386.9794;42.1352;25.0;0.6;281.26
1753873720.36;2.0;49.20414769;18.75519787;386.9792;42.1352;25.0;0.6;281.242
1753873720.37;2.0;49.20414769;18.75519786;386.9791;42.1352;25.0;0.6;281.268
1753873720.38;2.0;49.2041477;18.75519786;386.9792;42.1352;25.0;0.6;281.294
1753873720.39;2.0;49.20414771;18.75519785;386.9793;42.1352;25.0;0.6;281.312
1753873720.4;2.0;49.20414771;18.75519785;386.9798;42.1352;25.0;0.6;281.336
1753873720.41;2.0;49.20414772;18.75519784;386.9802;42.1352;25.0;0.6;281.394
1753873720.42;2.0;49.20414773;18.75519783;386.9802;42.1352;25.0;0.6;281.443
1753873720.43;2.0;49.20414775;18.75519782;386.9802;42.1352;25.0;0.6;281.456
1753873720.44;2.0;49.20414775;18.75519781;386.9807;42.1352;25.0;0.6;281.439
1753873720.45;2.0;49.20414776;18.75519781;386.9813;42.1352;25.0;0.6;281.447
1753873720.46;2.0;49.20414777;18.7551978;386.9809;42.1352;25.0;0.6;281.446
1753873720.47;2.0;49.20414778;18.7551978;386.9804;42.1352;25.0;0.6;281.447
1753873720.48;2.0;49.20414779;18.75519779;386.9808;42.1352;25.0;0.6;281.473
1753873720.49;2.0;49.2041478;18.75519778;386.9815;42.1352;25.0;0.6;281.401
1753873720.5;2.0;49.20414781;18.75519777;386.9819;42.1352;25.0;0.6;281.342
1753873720.51;2.0;49.20414782;18.75519776;386.9824;42.1352;25.0;0.6;281.351
1753873720.52;2.0;49.20414783;18.75519776;386.9829;42.1352;25.0;0.6;281.352
1753873720.53;2.0;49.20414784;18.75519775;386.9834;42.1352;25.0;0.6;281.299
1753873720.54;2.0;49.20414785;18.75519774;386.9837;42.1352;25.0;0.6;281.274
1753873720.55;2.0;49.20414786;18.75519773;386.9841;42.1352;25.0;0.6;281.216
1753873720.56;2.0;49.20414787;18.75519772;386.9849;42.1352;25.0;0.6;281.194
1753873720.57;2.0;49.20414788;18.75519771;386.985;42.1352;25.0;0.6;281.154
1753873720.58;2.0;49.20414789;18.7551977;386.9846;42.1352;25.0;0.6;281.142
1753873720.59;2.0;49.2041479;18.75519769;386.9846;42.1352;25.0;0.6;281.208
1753873720.6;2.0;49.20414791;18.75519769;386.9845;42.1352;25.0;0.6;281.237
1753873720.61;2.0;49.20414792;18.75519769;386.9845;42.1352;25.0;0.6;281.275
1753873720.62;2.0;49.20414792;18.75519768;386.9847;42.1352;25.0;0.6;281.258
1753873720.63;2.0;49.20414793;18.75519768;386.9855;42.1352;25.0;0.6;281.276
1753873720.64;2.0;49.20414794;18.75519767;386.9858;42.1352;25.0;0.6;281.295
1753873720.65;2.0;49.20414795;18.75519767;386.986;42.1352;25.0;0.6;281.276
1753873720.66;2.0;49.20414796;18.75519767;386.9862;42.1352;25.0;0.6;281.254
1753873720.67;2.0;49.20414797;18.75519767;386.9872;42.1352;25.0;0.6;281.214
1753873720.68;2.0;49.20414798;18.75519767;386.9877;42.1352;25.0;0.6;281.256
1753873720.69;2.0;49.20414798;18.75519767;386.9878;42.1352;25.0;0.6;281.36
1753873720.7;2.0;49.20414799;18.75519767;386.9872;42.1352;25.0;0.6;281.419
1753873720.71;2.0;49.204148;18.75519767;386.9875;42.1352;25.0;0.6;281.417
1753873720.72;2.0;49.204148;18.75519767;386.9876;42.1352;25.0;0.6;281.434
1753873720.73;2.0;49.20414801;18.75519767;386.9878;42.1352;25.0;0.6;281.491
1753873720.74;2.0;49.20414802;18.75519767;386.9874;42.1352;25.0;0.6;281.512
1753873720.75;2.0;49.20414803;18.75519767;386.9875;42.1352;25.0;0.6;281.494
1753873720.76;2.0;49.20414804;18.75519767;386.9883;42.1352;25.0;0.6;281.482
1753873720.77;2.0;49.20414805;18.75519766;386.9887;42.1352;25.0;0.6;281.45
1753873720.78;2.0;49.20414805;18.75519767;386.989;42.1352;25.0;0.6;281.484
1753873720.79;2.0;49.20414806;18.75519767;386.9897;42.1352;25.0;0.6;281.515
1753873720.8;2.0;49.20414807;18.75519767;386.9903;42.1352;25.0;0.6;281.533
1753873720.81;2.0;49.20414808;18.75519767;386.9906;42.1352;25.0;0.6;281.496
1753873720.82;2.0;49.20414809;18.75519767;386.9907;42.1352;25.0;0.6;281.523
1753873720.83;2.0;49.2041481;18.75519767;386.9908;42.1352;25.0;0.6;281.535
1753873720.84;2.0;49.20414811;18.75519767;386.9919;42.1352;25.0;0.6;281.51
1753873720.85;2.0;49.20414812;18.75519767;386.9925;42.1352;25.0;0.6;281.46
1753873720.86;2.0;49.20414813;18.75519768;386.9921;42.1352;25.0;0.6;281.447
1753873720.87;2.0;49.20414813;18.75519767;386.9919;42.1352;25.0;0.6;281.472
1753873720.88;2.0;49.20414814;18.75519768;386.9917;42.1352;25.0;0.6;281.464
1753873720.89;2.0;49.20414815;18.75519768;386.9923;42.1352;25.0;0.6;281.439
1753873720.9;2.0;49.20414816;18.75519767;386.9925;42.1352;25.0;0.6;281.373
1753873720.91;2.0;49.20414818;18.75519767;386.9926;42.1352;25.0;0.6;281.313
1753873720.92;2.0;49.20414819;18.75519767;386.9926;42.1352;25.0;0.6;281.27
1753873720.93;2.0;49.20414819;18.75519767;386.9925;42.1352;25.0;0.6;281.255
1753873720.94;2.0;49.2041482;18.75519767;386.9921;42.1352;25.0;0.6;281.279
1753873720.95;2.0;49.20414821;18.75519766;386.9923;42.1352;25.0;0.6;281.236
1753873720.96;2.0;49.20414821;18.75519766;386.9925;42.1352;25.0;0.6;281.247
1753873720.97;2.0;49.20414822;18.75519767;386.993;42.1352;25.0;0.6;281.231
1753873720.98;2.0;49.20414823;18.75519767;386.9937;42.1352;25.0;0.6;281.253
1753873720.99;2.0;49.20414824;18.75519767;386.9941;42.1352;25.0;0.6;281.29
1753873721.0;2.0;49.20414825;18.75519767;386.9942;42.1352;25.0;0.6;281.336
1753873721.01;2.0;49.20414825;18.75519767;386.9944;42.1352;25.0;0.6;281.38
1753873721.02;2.0;49.20414826;18.75519767;386.9945;42.1352;25.0;0.6;281.376
1753873721.03;2.0;49.20414827;18.75519767;386.9954;42.1352;25.0;0.6;281.361
1753873721.04;2.0;49.20414828;18.75519767;386.9961;42.1352;25.0;0.6;281.412
1753873721.05;2.0;49.20414829;18.75519766;386.9963;42.1352;25.0;0.6;281.438
1753873721.06;2.0;49.2041483;18.75519766;386.9963;42.1352;25.0;0.6;281.417
1753873721.07;2.0;49.2041483;18.75519766;386.9961;42.1352;25.0;0.6;281.368
1753873721.08;2.0;49.2041483;18.75519767;386.996;42.1352;25.0;0.6;281.398
1753873721.09;2.0;49.2041483;18.75519766;386.9964;42.1352;25.0;0.6;281.408
1753873721.1;2.0;49.2041483;18.75519767;386.9964;42.1352;25.0;0.6;281.39
1753873721.11;2.0;49.20414831;18.75519766;386.9966;42.1352;25.0;0.6;281.34
1753873721.12;2.0;49.2041483;18.75519765;386.9963;42.1352;25.0;0.6;281.298
1753873721.13;2.0;49.2041483;18.75519765;386.996;42.1352;25.0;0.6;281.311
1753873721.14;2.0;49.2041483;18.75519764;386.9958;42.1352;25.0;0.6;281.313
1753873721.15;2.0;49.2041483;18.75519764;386.995;42.1352;25.0;0.6;281.325
1753873721.16;2.0;49.2041483;18.75519764;386.9947;42.1352;25.0;0.6;281.264
1753873721.17;2.0;49.2041483;18.75519763;386.9945;42.1352;25.0;0.6;281.257
1753873721.18;2.0;49.2041483;18.75519762;386.9944;42.1352;25.0;0.6;281.344
1753873721.19;2.0;49.20414831;18.75519762;386.995;42.1352;25.0;0.6;281.425
1753873721.2;2.0;49.20414831;18.75519761;386.9955;42.1352;25.0;0.6;281.44
1753873721.21;2.0;49.20414832;18.75519761;386.9965;42.1352;25.0;0.6;281.455
1753873721.22;2.0;49.20414833;18.75519761;386.9972;42.1352;25.0;0.6;281.476
1753873721.23;2.0;49.20414834;18.75519761;386.9978;42.1352;25.0;0.6;281.47
1753873721.24;2.0;49.20414835;18.75519761;386.9978;42.1352;25.0;0.6;281.4
1753873721.25;2.0;49.20414837;18.75519761;386.9977;42.1352;25.0;0.6;281.333
1753873721.26;2.0;49.20414839;18.7551976;386.9976;42.1352;25.0;0.6;281.357
1753873721.27;2.0;49.20414842;18.7551976;386.9976;42.1352;25.0;0.6;281.314
1753873721.28;2.0;49.20414844;18.7551976;386.9976;42.1352;25.0;0.6;281.28
1753873721.29;2.0;49.20414847;18.7551976;386.9975;42.1352;25.0;0.6;281.274
1753873721.3;2.0;49.20414851;18.7551976;386.9984;42.1352;25.0;0.6;281.205
1753873721.31;2.0;49.20414855;18.75519761;386.9991;42.1352;25.0;0.6;281.147
1753873721.32;2.0;49.20414858;18.75519761;386.9993;42.1352;25.0;0.6;281.165
1753873721.33;2.0;49.20414862;18.75519762;386.9994;42.1352;25.0;0.6;281.28
1753873721.34;2.0;49.20414866;18.75519763;386.9994;42.1352;25.0;0.6;281.31
1753873721.35;2.0;49.20414871;18.75519764;386.9999;42.1352;25.0;0.6;281.335
1753873721.36;2.0;49.20414875;18.75519765;387.0004;42.1352;25.0;0.6;281.366
1753873721.37;2.0;49.2041488;18.75519766;387.0007;42.1352;25.0;0.6;281.404
1753873721.38;2.0;49.20414884;18.75519768;387.001;42.1352;25.0;0.6;281.453
1753873721.39;2.0;49.2041489;18.75519769;387.0013;42.1352;25.0;0.6;281.494
1753873721.4;2.0;49.20414895;18.75519771;387.0019;42.1352;25.0;0.6;281.488
1753873721.41;2.0;49.204149;18.75519772;387.0022;42.1352;25.0;0.6;281.442
1753873721.42;2.0;49.20414905;18.75519773;387.0026;42.1352;25.0;0.6;281.462
1753873721.43;2.0;49.20414911;18.75519775;387.0027;42.1352;25.0;0.6;281.496
1753873721.44;2.0;49.20414917;18.75519776;387.003;42.1352;25.0;0.6;281.516
1753873721.45;2.0;49.20414922;18.75519778;387.0034;42.1352;25.0;0.6;281.501
1753873721.46;2.0;49.20414928;18.7551978;387.0036;42.1352;25.0;0.6;281.498
1753873721.47;2.0;49.20414935;18.75519781;387.0044;42.1352;25.0;0.6;281.433
1753873721.48;2.0;49.20414941;18.75519782;387.0049;42.1352;25.0;0.6;281.271
1753873721.49;2.0;49.20414947;18.75519784;387.0051;42.1352;25.0;0.6;281.19
1753873721.5;2.0;49.20414954;18.75519785;387.0053;42.1352;25.0;0.6;281.166
1753873721.51;2.0;49.2041496;18.75519787;387.0054;42.1352;25.0;0.6;281.155
1753873721.52;2.0;49.20414967;18.75519789;387.0053;42.1352;25.0;0.6;281.128
1753873721.53;2.0;49.20414974;18.7551979;387.0046;42.1352;25.0;0.6;281.148
1753873721.54;2.0;49.2041498;18.75519792;387.0041;42.1352;25.0;0.6;281.112
1753873721.55;2.0;49.20414987;18.75519794;387.0034;42.1352;25.0;0.6;281.103
1753873721.56;2.0;49.20414994;18.75519796;387.0031;42.1352;25.0;0.6;281.092
1753873721.57;2.0;49.20415001;18.75519798;387.0026;42.1352;25.0;0.6;281.11
1753873721.58;2.0;49.20415009;18.755198;387.0023;42.1352;25.0;0.6;281.126
1753873721.59;2.0;49.20415016;18.75519802;387.0024;42.1352;25.0;0.6;281.124
1753873721.6;2.0;49.20415024;18.75519804;387.0023;42.1352;25.0;0.6;281.163
1753873721.61;2.0;49.20415031;18.75519807;387.0021;42.1352;25.0;0.6;281.313
1753873721.62;2.0;49.20415039;18.7551981;387.002;42.1352;25.0;0.6;281.408
1753873721.63;2.0;49.20415048;18.75519813;387.0023;42.1352;25.0;0.6;281.486
1753873721.64;2.0;49.20415056;18.75519816;387.0025;42.1352;25.0;0.6;281.53
1753873721.65;2.0;49.20415064;18.75519819;387.0028;42.1352;25.0;0.6;281.553
1753873721.66;2.0;49.20415073;18.75519821;387.0028;42.1352;25.0;0.6;281.562
1753873721.67;2.0;49.20415081;18.75519824;387.0029;42.1352;25.0;0.6;281.545
1753873721.68;2.0;49.2041509;18.75519826;387.0027;42.1352;25.0;0.6;281.533
1753873721.69;2.0;49.20415099;18.75519828;387.002;42.1352;25.0;0.6;281.442
1753873721.7;2.0;49.20415107;18.75519831;387.0011;42.1352;25.0;0.6;281.351
1753873721.71;2.0;49.20415116;18.75519833;387.0003;42.1352;25.0;0.6;281.24
1753873721.72;2.0;49.20415125;18.75519835;386.9998;42.1352;25.0;0.6;281.129
1753873721.73;2.0;49.20415133;18.75519837;386.9986;42.1352;25.0;0.6;281.06
1753873721.74;2.0;49.20415142;18.75519839;386.9976;42.1352;25.0;0.6;280.993
1753873721.75;2.0;49.2041515;18.75519841;386.9969;42.1352;25.0;0.6;280.934
1753873721.76;2.0;49.20415159;18.75519842;386.9961;42.1352;25.0;0.6;280.873
1753873721.77;2.0;49.20415167;18.75519843;386.9953;42.1352;25.0;0.6;280.8
1753873721.78;2.0;49.20415175;18.75519845;386.9945;42.1352;25.0;0.6;280.693
1753873721.79;2.0;49.20415182;18.75519846;386.9935;42.1352;25.0;0.6;280.712
1753873721.8;2.0;49.2041519;18.75519847;386.9924;42.1352;25.0;0.6;280.743
1753873721.81;2.0;49.20415198;18.75519848;386.9917;42.1352;25.0;0.6;280.681
1753873721.82;2.0;49.20415205;18.75519849;386.9912;42.1352;25.0;0.6;280.639
1753873721.83;2.0;49.20415212;18.7551985;386.9916;42.1352;25.0;0.6;280.624
1753873721.84;2.0;49.20415219;18.75519851;386.992;42.1352;25.0;0.6;280.638
1753873721.85;2.0;49.20415226;18.75519852;386.992;42.1352;25.0;0.6;280.649
1753873721.86;2.0;49.20415233;18.75519853;386.9919;42.1352;25.0;0.6;280.704
1753873721.87;2.0;49.20415239;18.75519854;386.9923;42.1352;25.0;0.6;280.735
1753873721.88;2.0;49.20415245;18.75519855;386.9929;42.1352;25.0;0.6;280.776
1753873721.89;2.0;49.20415251;18.75519857;386.9934;42.1352;25.0;0.6;280.791
1753873721.9;2.0;49.20415257;18.75519858;386.9936;42.1352;25.0;0.6;280.808
1753873721.91;2.0;49.20415263;18.75519858;386.9938;42.1352;25.0;0.6;280.843
1753873721.92;2.0;49.20415268;18.75519859;386.9941;42.1352;25.0;0.6;280.878
1753873721.93;2.0;49.20415274;18.7551986;386.9949;42.1352;25.0;0.6;280.865
1753873721.94;2.0;49.20415279;18.75519862;386.9958;42.1352;25.0;0.6;280.846
1753873721.95;2.0;49.20415284;18.75519863;386.996;42.1352;25.0;0.6;280.823
1753873721.96;2.0;49.20415289;18.75519864;386.9966;42.1352;25.0;0.6;280.761
1753873721.97;2.0;49.20415294;18.75519866;386.9971;42.1352;25.0;0.6;280.766
1753873721.98;2.0;49.204153;18.75519868;386.9973;42.1352;25.0;0.6;280.755
1753873721.99;2.0;49.20415305;18.7551987;386.9974;42.1352;25.0;0.6;280.721
1753873722.0;2.0;49.2041531;18.75519872;386.9973;42.1352;25.0;0.6;280.705
1753873722.01;2.0;49.20415315;18.75519874;386.9979;42.1352;25.0;0.6;280.662
1753873722.02;2.0;49.20415321;18.75519876;386.9984;42.1352;25.0;0.6;280.634
1753873722.03;2.0;49.20415326;18.75519879;386.9986;42.1352;25.0;0.6;280.639
1753873722.04;2.0;49.20415331;18.75519881;386.998;42.1352;25.0;0.6;280.633
1753873722.05;2.0;49.20415337;18.75519884;386.9982;42.1352;25.0;0.6;280.627
1753873722.06;2.0;49.20415342;18.75519886;386.999;42.1352;25.0;0.6;280.611
1753873722.07;2.0;49.20415348;18.75519889;386.9992;42.1352;25.0;0.6;280.562
1753873722.08;2.0;49.20415353;18.75519891;386.9991;42.1352;26.0;0.6;280.583
1753873722.09;2.0;49.20415359;18.75519893;386.9988;42.1352;26.0;0.6;280.622
1753873722.1;2.0;49.20415364;18.75519895;386.9981;42.1352;26.0;0.6;280.698
1753873722.11;2.0;49.2041537;18.75519897;386.997;42.1352;26.0;0.6;280.771
1753873722.12;2.0;49.20415376;18.75519899;386.9963;42.1352;26.0;0.6;280.82
1753873722.13;2.0;49.20415382;18.75519901;386.9959;42.1352;26.0;0.6;280.873
1753873722.14;2.0;49.20415387;18.75519902;386.9957;42.1352;26.0;0.6;280.927
1753873722.15;2.0;49.20415393;18.75519903;386.995;42.1352;26.0;0.6;280.994
1753873722.16;2.0;49.20415398;18.75519904;386.9946;42.1352;26.0;0.6;281.05
1753873722.17;2.0;49.20415404;18.75519905;386.9946;42.1352;26.0;0.6;281.108
1753873722.18;2.0;49.2041541;18.75519905;386.9942;42.1352;26.0;0.6;281.126
1753873722.19;2.0;49.20415416;18.75519906;386.9935;42.1352;26.0;0.6;281.154
1753873722.2;2.0;49.20415422;18.75519907;386.9926;42.1352;26.0;0.6;281.17
1753873722.21;2.0;49.20415428;18.75519908;386.9922;42.1352;26.0;0.6;281.222
1753873722.22;2.0;49.20415433;18.75519909;386.992;42.1352;26.0;0.6;281.244
1753873722.23;2.0;49.20415439;18.7551991;386.9914;42.1352;26.0;0.6;281.255
1753873722.24;2.0;49.20415444;18.7551991;386.9909;42.1352;26.0;0.6;281.289
1753873722.25;2.0;49.20415449;18.75519911;386.9906;42.1352;26.0;0.6;281.337
1753873722.26;2.0;49.20415454;18.75519911;386.9901;42.1352;26.0;0.6;281.361
1753873722.27;2.0;49.20415459;18.75519912;386.9891;42.1352;26.0;0.6;281.352
1753873722.28;2.0;49.20415464;18.75519913;386.9882;42.1352;26.0;0.6;281.353
1753873722.29;2.0;49.20415468;18.75519913;386.9876;42.1352;26.0;0.6;281.333
1753873722.3;2.0;49.20415473;18.75519914;386.9876;42.1352;26.0;0.6;281.305
1753873722.31;2.0;49.20415477;18.75519914;386.9879;42.1352;26.0;0.6;281.277
1753873722.32;2.0;49.20415482;18.75519915;386.9881;42.1352;26.0;0.6;281.236
1753873722.33;2.0;49.20415486;18.75519916;386.9881;42.1352;26.0;0.6;281.163
1753873722.34;2.0;49.2041549;18.75519917;386.9876;42.1352;26.0;0.6;281.098
1753873722.35;2.0;49.20415495;18.75519918;386.987;42.1352;26.0;0.6;281.039
1753873722.36;2.0;49.20415499;18.75519918;386.9865;42.1352;26.0;0.6;280.997
1753873722.37;2.0;49.20415503;18.75519919;386.9856;42.1352;26.0;0.6;281.021
1753873722.38;2.0;49.20415507;18.75519919;386.9848;42.1352;26.0;0.6;281.035
1753873722.39;2.0;49.2041551;18.75519921;386.984;42.1352;26.0;0.6;281.039
1753873722.4;2.0;49.20415514;18.75519922;386.9838;42.1352;26.0;0.6;281.056
1753873722.41;2.0;49.20415518;18.75519922;386.9841;42.1352;26.0;0.6;281.045
1753873722.42;2.0;49.20415521;18.75519923;386.9841;42.1352;26.0;0.6;280.997
1753873722.43;2.0;49.20415525;18.75519925;386.9842;42.1352;26.0;0.6;280.949
1753873722.44;2.0;49.20415529;18.75519926;386.9844;42.1352;26.0;0.6;280.931
1753873722.45;2.0;49.20415532;18.75519926;386.984;42.1352;26.0;0.6;280.936
1753873722.46;2.0;49.20415536;18.75519927;386.9832;42.1352;26.0;0.6;280.98
1753873722.47;2.0;49.2041554;18.75519928;386.9824;42.1352;26.0;0.6;280.987
1753873722.48;2.0;49.20415543;18.75519928;386.9823;42.1352;26.0;0.6;280.95
1753873722.49;2.0;49.20415547;18.75519928;386.9828;42.1352;26.0;0.6;280.955
1753873722.5;2.0;49.2041555;18.75519929;386.9831;42.1352;26.0;0.6;280.996
1753873722.51;2.0;49.20415554;18.75519929;386.9831;42.1352;26.0;0.6;281.118
1753873722.52;2.0;49.20415557;18.7551993;386.9831;42.1352;26.0;0.6;281.191
1753873722.53;2.0;49.2041556;18.7551993;386.9824;42.1352;26.0;0.6;281.236
1753873722.54;2.0;49.20415564;18.7551993;386.9816;42.1352;26.0;0.6;281.293
1753873722.55;2.0;49.20415567;18.7551993;386.9814;42.1352;26.0;0.6;281.344
1753873722.56;2.0;49.2041557;18.7551993;386.9812;42.1352;25.0;0.6;281.361
1753873722.57;2.0;49.20415573;18.75519929;386.9811;42.1352;25.0;0.6;281.435
1753873722.58;2.0;49.20415577;18.75519929;386.9807;42.1352;25.0;0.6;281.457
1753873722.59;2.0;49.20415579;18.75519928;386.9802;42.1352;25.0;0.6;281.45
1753873722.6;2.0;49.20415582;18.75519927;386.9794;42.1352;25.0;0.6;281.485
1753873722.61;2.0;49.20415585;18.75519926;386.9789;42.1352;25.0;0.6;281.511
1753873722.62;2.0;49.20415587;18.75519925;386.9791;42.1352;25.0;0.6;281.486
1753873722.63;2.0;49.2041559;18.75519924;386.9791;42.1352;25.0;0.6;281.481
1753873722.64;2.0;49.20415592;18.75519923;386.9788;42.1352;25.0;0.6;281.54
1753873722.65;2.0;49.20415594;18.75519922;386.9784;42.1352;25.0;0.6;281.576
1753873722.66;2.0;49.20415596;18.75519921;386.9777;42.1352;25.0;0.6;281.574
1753873722.67;2.0;49.20415597;18.75519921;386.9768;42.1352;25.0;0.6;281.581
1753873722.68;2.0;49.20415598;18.7551992;386.9765;42.1352;25.0;0.6;281.541
1753873722.69;2.0;49.20415599;18.7551992;386.9759;42.1352;25.0;0.6;281.503
1753873722.7;2.0;49.20415599;18.75519919;386.9751;42.1352;25.0;0.6;281.491
1753873722.71;2.0;49.20415599;18.75519919;386.9746;42.1352;25.0;0.6;281.441
1753873722.72;2.0;49.204156;18.75519918;386.9737;42.1352;25.0;0.6;281.39
1753873722.73;2.0;49.20415599;18.75519918;386.9728;42.1352;25.0;0.6;281.396
1753873722.74;2.0;49.20415598;18.75519918;386.9718;42.1352;25.0;0.6;281.447
1753873722.75;2.0;49.20415598;18.75519918;386.9711;42.1352;25.0;0.6;281.44
1753873722.76;2.0;49.20415597;18.75519917;386.9702;42.1352;25.0;0.6;281.408
1753873722.77;2.0;49.20415596;18.75519917;386.9695;42.1352;25.0;0.6;281.326
1753873722.78;2.0;49.20415595;18.75519916;386.9688;42.1352;25.0;0.6;281.347
1753873722.79;2.0;49.20415594;18.75519915;386.9686;42.1352;25.0;0.6;281.326
1753873722.8;2.0;49.20415592;18.75519915;386.9676;42.1352;25.0;0.6;281.32
1753873722.81;2.0;49.20415591;18.75519914;386.9664;42.1352;25.0;0.6;281.326
1753873722.82;2.0;49.20415589;18.75519913;386.9652;42.1352;25.0;0.6;281.347
1753873722.83;2.0;49.20415588;18.75519912;386.9641;42.1352;25.0;0.6;281.385
1753873722.84;2.0;49.20415586;18.75519911;386.9635;42.1352;25.0;0.6;281.409
1753873722.85;2.0;49.20415585;18.7551991;386.9627;42.1352;25.0;0.6;281.401
1753873722.86;2.0;49.20415583;18.75519909;386.9614;42.1352;25.0;0.6;281.453
1753873722.87;2.0;49.20415581;18.75519908;386.9599;42.1352;25.0;0.6;281.426
1753873722.88;2.0;49.20415579;18.75519908;386.9586;42.1352;25.0;0.6;281.349
1753873722.89;2.0;49.20415577;18.75519906;386.9576;42.1352;25.0;0.6;281.317
1753873722.9;2.0;49.20415575;18.75519905;386.9563;42.1352;25.0;0.6;281.353
1753873722.91;2.0;49.20415572;18.75519904;386.9549;42.1352;25.0;0.6;281.402
1753873722.92;2.0;49.2041557;18.75519903;386.9536;42.1352;25.0;0.6;281.439
1753873722.93;2.0;49.20415569;18.75519901;386.9523;42.1352;25.0;0.6;281.428
1753873722.94;2.0;49.20415567;18.75519901;386.9512;42.1352;25.0;0.6;281.434
1753873722.95;2.0;49.20415565;18.755199;386.9501;42.1352;25.0;0.6;281.457
1753873722.96;2.0;49.20415563;18.75519898;386.9489;42.1352;25.0;0.6;281.473
1753873722.97;2.0;49.20415561;18.75519897;386.9478;42.1352;25.0;0.6;281.509
1753873722.98;2.0;49.20415559;18.75519896;386.9465;42.1352;25.0;0.6;281.517
1753873722.99;2.0;49.20415558;18.75519896;386.9453;42.1352;25.0;0.6;281.48
1753873723.0;2.0;49.20415556;18.75519895;386.9438;42.1352;25.0;0.6;281.495
1753873723.01;2.0;49.20415555;18.75519894;386.9424;42.1352;25.0;0.6;281.524
1753873723.02;2.0;49.20415553;18.75519893;386.9418;42.1352;25.0;0.6;281.57
1753873723.03;2.0;49.20415552;18.75519892;386.9408;42.1352;25.0;0.6;281.624
1753873723.04;2.0;49.20415551;18.75519892;386.9398;42.1352;25.0;0.6;281.645
1753873723.05;2.0;49.20415549;18.75519892;386.9381;42.1352;25.0;0.6;281.667
1753873723.06;2.0;49.20415549;18.75519893;386.9374;42.1352;25.0;0.6;281.673
1753873723.07;2.0;49.20415549;18.75519893;386.9369;42.1352;25.0;0.6;281.677
1753873723.08;2.0;49.20415549;18.75519893;386.9369;42.1352;25.0;0.6;281.698
1753873723.09;2.0;49.2041555;18.75519894;386.9367;42.1352;25.0;0.6;281.699
1753873723.1;2.0;49.20415551;18.75519894;386.9364;42.1352;25.0;0.6;281.669
1753873723.11;2.0;49.20415551;18.75519894;386.9358;42.1352;25.0;0.6;281.664
1753873723.12;2.0;49.20415552;18.75519895;386.935;42.1352;25.0;0.6;281.652
1753873723.13;2.0;49.20415553;18.75519895;386.9344;42.1352;25.0;0.6;281.59
1753873723.14;2.0;49.20415554;18.75519896;386.9337;42.1352;25.0;0.6;281.585
1753873723.15;2.0;49.20415555;18.75519896;386.9331;42.1352;25.0;0.6;281.582
1753873723.16;2.0;49.20415556;18.75519897;386.9329;42.1352;25.0;0.6;281.553
1753873723.17;2.0;49.20415557;18.75519897;386.9324;42.1352;25.0;0.6;281.595
1753873723.18;2.0;49.20415558;18.75519898;386.931;42.1352;25.0;0.6;281.583
1753873723.19;2.0;49.2041556;18.75519899;386.9292;42.1352;25.0;0.6;281.578
1753873723.2;2.0;49.20415561;18.75519899;386.9282;42.1352;25.0;0.6;281.556
1753873723.21;2.0;49.20415562;18.755199;386.9267;42.1352;25.0;0.6;281.48
1753873723.22;2.0;49.20415563;18.755199;386.9251;42.1352;25.0;0.6;281.432
1753873723.23;2.0;49.20415563;18.755199;386.9233;42.1352;25.0;0.6;281.434
1753873723.24;2.0;49.20415565;18.75519901;386.9216;42.1352;25.0;0.6;281.448
1753873723.25;2.0;49.20415566;18.75519901;386.9199;42.1352;25.0;0.6;281.465
1753873723.26;2.0;49.20415567;18.75519901;386.9188;42.1352;25.0;0.6;281.413
1753873723.27;2.0;49.20415567;18.75519902;386.9177;42.1352;25.0;0.6;281.428
1753873723.28;2.0;49.20415568;18.75519902;386.9162;42.1352;25.0;0.6;281.425
1753873723.29;2.0;49.20415569;18.75519903;386.9145;42.1352;25.0;0.6;281.446
1753873723.3;2.0;49.20415569;18.75519904;386.913;42.1352;25.0;0.6;281.415
1753873723.31;2.0;49.20415569;18.75519905;386.9115;42.1352;25.0;0.6;281.413
1753873723.32;2.0;49.2041557;18.75519905;386.9091;42.1352;25.0;0.6;281.39
1753873723.33;2.0;49.2041557;18.75519905;386.907;42.1352;25.0;0.6;281.416
1753873723.34;2.0;49.20415571;18.75519906;386.9057;42.1352;25.0;0.6;281.435
1753873723.35;2.0;49.20415571;18.75519906;386.9047;42.1352;25.0;0.6;281.412
1753873723.36;2.0;49.20415572;18.75519906;386.9033;42.1352;25.0;0.6;281.369
1753873723.37;2.0;49.20415572;18.75519907;386.9014;42.1352;25.0;0.6;281.366
1753873723.38;2.0;49.20415572;18.75519908;386.8991;42.1352;25.0;0.6;281.424
1753873723.39;2.0;49.20415573;18.75519908;386.8975;42.1352;25.0;0.6;281.388
1753873723.4;2.0;49.20415573;18.75519908;386.8963;42.1352;25.0;0.6;281.409
1753873723.41;2.0;49.20415574;18.75519909;386.895;42.1352;25.0;0.6;281.404
1753873723.42;2.0;49.20415574;18.75519909;386.8935;42.1352;25.0;0.6;281.386
1753873723.43;2.0;49.20415574;18.75519909;386.8921;42.1352;25.0;0.6;281.426
1753873723.44;2.0;49.20415575;18.7551991;386.8905;42.1352;25.0;0.6;281.412
1753873723.45;2.0;49.20415575;18.7551991;386.8887;42.1352;25.0;0.6;281.36
1753873723.46;2.0;49.20415576;18.75519911;386.887;42.1352;25.0;0.6;281.341
1753873723.47;2.0;49.20415577;18.75519911;386.8856;42.1352;25.0;0.6;281.344
1753873723.48;2.0;49.20415577;18.75519912;386.8841;42.1352;25.0;0.6;281.251
1753873723.49;2.0;49.20415578;18.75519912;386.8824;42.1352;25.0;0.6;281.238
1753873723.5;2.0;49.20415578;18.75519913;386.8807;42.1352;25.0;0.6;281.276
1753873723.51;2.0;49.20415579;18.75519913;386.8789;42.1352;25.0;0.6;281.29
1753873723.52;2.0;49.2041558;18.75519913;386.8772;42.1352;25.0;0.6;281.312
1753873723.53;2.0;49.2041558;18.75519914;386.8758;42.1352;25.0;0.6;281.276
1753873723.54;2.0;49.20415581;18.75519914;386.8747;42.1352;25.0;0.6;281.268
1753873723.55;2.0;49.20415582;18.75519915;386.8734;42.1352;25.0;0.6;281.236
1753873723.56;2.0;49.20415582;18.75519915;386.8715;42.1352;25.0;0.6;281.216
1753873723.57;2.0;49.20415583;18.75519916;386.8694;42.1352;25.0;0.6;281.243
1753873723.58;2.0;49.20415583;18.75519916;386.8676;42.1352;25.0;0.6;281.268
1753873723.59;2.0;49.20415583;18.75519917;386.866;42.1352;25.0;0.6;281.244
1753873723.6;2.0;49.20415584;18.75519918;386.8643;42.1352;25.0;0.6;281.212
1753873723.61;2.0;49.20415584;18.75519918;386.8627;42.1352;25.0;0.6;281.146
1753873723.62;2.0;49.20415584;18.75519919;386.8609;42.1352;25.0;0.6;281.116
1753873723.63;2.0;49.20415584;18.7551992;386.8592;42.1352;25.0;0.6;281.067
1753873723.64;2.0;49.20415583;18.7551992;386.858;42.1352;25.0;0.6;281.058
1753873723.65;2.0;49.20415583;18.75519921;386.857;42.1352;25.0;0.6;281.105
1753873723.66;2.0;49.20415583;18.75519921;386.8564;42.1352;25.0;0.6;281.127
1753873723.67;2.0;49.20415582;18.75519922;386.8562;42.1352;25.0;0.6;281.153
1753873723.68;2.0;49.20415582;18.75519923;386.8554;42.1352;25.0;0.6;281.15
1753873723.69;2.0;49.20415581;18.75519924;386.8538;42.1352;25.0;0.6;281.183
1753873723.7;2.0;49.20415581;18.75519925;386.8522;42.1352;25.0;0.6;281.18
1753873723.71;2.0;49.2041558;18.75519926;386.851;42.1352;25.0;0.6;281.192
1753873723.72;2.0;49.2041558;18.75519927;386.8496;42.1352;25.0;0.6;281.227
1753873723.73;2.0;49.20415579;18.75519928;386.8482;42.1352;25.0;0.6;281.259
1753873723.74;2.0;49.20415579;18.75519928;386.8477;42.1352;25.0;0.6;281.273
1753873723.75;2.0;49.20415578;18.75519929;386.8473;42.1352;25.0;0.6;281.312
1753873723.76;2.0;49.20415578;18.7551993;386.8467;42.1352;25.0;0.6;281.399
1753873723.77;2.0;49.20415578;18.75519931;386.8463;42.1352;25.0;0.6;281.453
1753873723.78;2.0;49.20415578;18.75519931;386.8459;42.1352;25.0;0.6;281.424
1753873723.79;2.0;49.20415578;18.75519932;386.8452;42.1352;25.0;0.6;281.371
1753873723.8;2.0;49.20415577;18.75519933;386.8444;42.1352;25.0;0.6;281.436
1753873723.81;2.0;49.20415577;18.75519934;386.8436;42.1352;25.0;0.6;281.528
1753873723.82;2.0;49.20415576;18.75519934;386.8428;42.1352;25.0;0.6;281.516
1753873723.83;2.0;49.20415576;18.75519935;386.8422;42.1352;25.0;0.6;281.465
1753873723.84;2.0;49.20415576;18.75519935;386.8411;42.1352;25.0;0.6;281.501
1753873723.85;2.0;49.20415575;18.75519936;386.8401;42.1352;25.0;0.6;281.506
1753873723.86;2.0;49.20415575;18.75519937;386.839;42.1352;25.0;0.6;281.477
1753873723.87;2.0;49.20415575;18.75519938;386.8381;42.1352;25.0;0.6;281.439
1753873723.88;2.0;49.20415575;18.75519939;386.8374;42.1352;25.0;0.6;281.391
1753873723.89;2.0;49.20415574;18.75519939;386.8365;42.1352;25.0;0.6;281.354
1753873723.9;2.0;49.20415574;18.7551994;386.8356;42.1352;25.0;0.6;281.335
1753873723.91;2.0;49.20415574;18.75519941;386.8342;42.1352;25.0;0.6;281.317
1753873723.92;2.0;49.20415573;18.75519942;386.8332;42.1352;25.0;0.6;281.312
1753873723.93;2.0;49.20415573;18.75519943;386.8315;42.1352;25.0;0.6;281.268
1753873723.94;2.0;49.20415572;18.75519944;386.8301;42.1352;25.0;0.6;281.259
1753873723.95;2.0;49.20415572;18.75519945;386.8285;42.1352;25.0;0.6;281.277
1753873723.96;2.0;49.20415572;18.75519945;386.8274;42.1352;25.0;0.6;281.254
1753873723.97;2.0;49.20415571;18.75519947;386.826;42.1352;25.0;0.6;281.266
1753873723.98;2.0;49.20415571;18.75519948;386.8246;42.1352;25.0;0.6;281.294
1753873723.99;2.0;49.2041557;18.75519948;386.823;42.1352;25.0;0.6;281.3
1753873724.0;2.0;49.2041557;18.75519949;386.8215;42.1352;25.0;0.6;281.281
1753873724.01;2.0;49.2041557;18.7551995;386.8204;42.1352;25.0;0.6;281.299
1753873724.02;2.0;49.20415569;18.75519951;386.8192;42.1352;25.0;0.6;281.274
1753873724.03;2.0;49.20415569;18.75519952;386.8179;42.1352;25.0;0.6;281.238
1753873724.04;2.0;49.20415569;18.75519952;386.8167;42.1352;25.0;0.6;281.27
1753873724.05;2.0;49.20415569;18.75519953;386.8153;42.1352;25.0;0.6;281.287
1753873724.06;2.0;49.20415568;18.75519953;386.8142;42.1352;25.0;0.6;281.256
1753873724.07;2.0;49.20415568;18.75519953;386.8142;42.1352;25.0;0.6;281.257
1753873724.08;2.0;49.20415568;18.75519953;386.8142;42.1352;25.0;0.6;281.209
1753873724.09;2.0;49.20415568;18.75519953;386.8143;42.1352;25.0;0.6;281.194
1753873724.1;2.0;49.20415569;18.75519953;386.8142;42.1352;25.0;0.6;281.217
1753873724.11;2.0;49.20415569;18.75519953;386.8141;42.1352;25.0;0.6;281.258
1753873724.12;2.0;49.20415569;18.75519954;386.8139;42.1352;25.0;0.6;281.259
1753873724.13;2.0;49.20415569;18.75519955;386.813;42.1352;25.0;0.6;281.329
1753873724.14;2.0;49.20415569;18.75519955;386.8119;42.1352;25.0;0.6;281.426
1753873724.15;2.0;49.2041557;18.75519956;386.8103;42.1352;25.0;0.6;281.478
1753873724.16;2.0;49.20415571;18.75519957;386.809;42.1352;25.0;0.6;281.428
1753873724.17;2.0;49.20415571;18.75519957;386.808;42.1352;25.0;0.6;281.418
1753873724.18;2.0;49.20415572;18.75519957;386.8069;42.1352;25.0;0.6;281.406
1753873724.19;2.0;49.20415572;18.75519958;386.8058;42.1352;25.0;0.6;281.45
1753873724.2;2.0;49.20415572;18.75519959;386.8047;42.1352;25.0;0.6;281.481
1753873724.21;2.0;49.20415573;18.75519959;386.8038;42.1352;25.0;0.6;281.472
1753873724.22;2.0;49.20415573;18.7551996;386.8026;42.1352;25.0;0.6;281.452
1753873724.23;2.0;49.20415574;18.75519961;386.8013;42.1352;25.0;0.6;281.417
1753873724.24;2.0;49.20415574;18.75519962;386.8003;42.1352;25.0;0.6;281.416
1753873724.25;2.0;49.20415575;18.75519962;386.7994;42.1352;25.0;0.6;281.466
1753873724.26;2.0;49.20415576;18.75519963;386.7985;42.1352;25.0;0.6;281.465
1753873724.27;2.0;49.20415577;18.75519963;386.7967;42.1352;25.0;0.6;281.442
1753873724.28;2.0;49.20415577;18.75519964;386.7951;42.1352;25.0;0.6;281.436
1753873724.29;2.0;49.20415578;18.75519965;386.7936;42.1352;25.0;0.6;281.43
1753873724.3;2.0;49.20415578;18.75519965;386.7926;42.1352;25.0;0.6;281.414
1753873724.31;2.0;49.20415579;18.75519965;386.7918;42.1352;25.0;0.6;281.35
1753873724.32;2.0;49.2041558;18.75519966;386.7911;42.1352;25.0;0.6;281.311
1753873724.33;2.0;49.2041558;18.75519966;386.7899;42.1352;25.0;0.6;281.297
1753873724.34;2.0;49.20415581;18.75519967;386.789;42.1352;25.0;0.6;281.254
1753873724.35;2.0;49.20415582;18.75519967;386.7873;42.1352;25.0;0.6;281.214
1753873724.36;2.0;49.20415583;18.75519968;386.7863;42.1352;25.0;0.6;281.208
1753873724.37;2.0;49.20415583;18.75519968;386.7848;42.1352;25.0;0.6;281.161
1753873724.38;2.0;49.20415584;18.75519969;386.7837;42.1352;25.0;0.6;281.173
1753873724.39;2.0;49.20415585;18.75519969;386.7827;42.1352;25.0;0.6;281.24
1753873724.4;2.0;49.20415585;18.7551997;386.7821;42.1352;25.0;0.6;281.251
1753873724.41;2.0;49.20415586;18.7551997;386.7808;42.1352;25.0;0.6;281.231
1753873724.42;2.0;49.20415586;18.75519971;386.7799;42.1352;25.0;0.6;281.196
1753873724.43;2.0;49.20415587;18.75519971;386.7791;42.1352;25.0;0.6;281.171
1753873724.44;2.0;49.20415587;18.75519972;386.778;42.1352;25.0;0.6;281.184
1753873724.45;2.0;49.20415587;18.75519972;386.7773;42.1352;25.0;0.6;281.223
1753873724.46;2.0;49.20415588;18.75519973;386.7763;42.1352;25.0;0.6;281.229
1753873724.47;2.0;49.20415588;18.75519973;386.7753;42.1352;25.0;0.6;281.27
1753873724.48;2.0;49.20415589;18.75519974;386.7742;42.1352;25.0;0.6;281.351
1753873724.49;2.0;49.20415589;18.75519974;386.7732;42.1352;25.0;0.6;281.427
1753873724.5;2.0;49.2041559;18.75519975;386.772;42.1352;25.0;0.6;281.453
1753873724.51;2.0;49.2041559;18.75519975;386.771;42.1352;25.0;0.6;281.479
1753873724.52;2.0;49.20415591;18.75519975;386.7702;42.1352;25.0;0.6;281.465
1753873724.53;2.0;49.20415591;18.75519976;386.7692;42.1352;25.0;0.6;281.52
1753873724.54;2.0;49.20415592;18.75519976;386.7678;42.1352;25.0;0.6;281.523
1753873724.55;2.0;49.20415593;18.75519977;386.7663;42.1352;25.0;0.6;281.519
1753873724.56;2.0;49.20415593;18.75519977;386.7653;42.1352;25.0;0.6;281.55
1753873724.57;2.0;49.20415593;18.75519978;386.7639;42.1352;25.0;0.6;281.556
1753873724.58;2.0;49.20415594;18.75519978;386.763;42.1352;25.0;0.6;281.557
1753873724.59;2.0;49.20415594;18.75519979;386.7612;42.1352;25.0;0.6;281.526
1753873724.6;2.0;49.20415595;18.7551998;386.76;42.1352;25.0;0.6;281.454
1753873724.61;2.0;49.20415595;18.75519981;386.7584;42.1352;25.0;0.6;281.352
1753873724.62;2.0;49.20415596;18.75519982;386.7577;42.1352;25.0;0.6;281.292
1753873724.63;2.0;49.20415596;18.75519982;386.7574;42.1352;25.0;0.6;281.24
1753873724.64;2.0;49.20415597;18.75519983;386.7569;42.1352;25.0;0.6;281.257
1753873724.65;2.0;49.20415597;18.75519983;386.7558;42.1352;25.0;0.6;281.301
1753873724.66;2.0;49.20415597;18.75519984;386.7543;42.1352;25.0;0.6;281.321
1753873724.67;2.0;49.20415598;18.75519984;386.7528;42.1352;25.0;0.6;281.35
1753873724.68;2.0;49.20415598;18.75519985;386.7516;42.1352;25.0;0.6;281.29
1753873724.69;2.0;49.20415599;18.75519985;386.7507;42.1352;25.0;0.6;281.209
1753873724.7;2.0;49.204156;18.75519985;386.7494;42.1352;25.0;0.6;281.207
1753873724.71;2.0;49.204156;18.75519986;386.7484;42.1352;25.0;0.6;281.203
1753873724.72;2.0;49.20415601;18.75519986;386.7473;42.1352;25.0;0.6;281.232
1753873724.73;2.0;49.20415601;18.75519987;386.746;42.1352;25.0;0.6;281.288
1753873724.74;2.0;49.20415602;18.75519987;386.7448;42.1352;25.0;0.6;281.276
1753873724.75;2.0;49.20415602;18.75519987;386.7434;42.1352;25.0;0.6;281.287
1753873724.76;2.0;49.20415603;18.75519988;386.7421;42.1352;25.0;0.6;281.283
1753873724.77;2.0;49.20415604;18.75519988;386.7411;42.1352;25.0;0.6;281.26
1753873724.78;2.0;49.20415604;18.75519988;386.7404;42.1352;25.0;0.6;281.212
1753873724.79;2.0;49.20415605;18.75519989;386.7399;42.1352;25.0;0.6;281.201
1753873724.8;2.0;49.20415605;18.75519989;386.7393;42.1352;25.0;0.6;281.178
1753873724.81;2.0;49.20415605;18.7551999;386.7382;42.1352;25.0;0.6;281.174
1753873724.82;2.0;49.20415606;18.7551999;386.7373;42.1352;25.0;0.6;281.163
1753873724.83;2.0;49.20415606;18.75519991;386.7365;42.1352;25.0;0.6;281.162
1753873724.84;2.0;49.20415607;18.75519991;386.7354;42.1352;25.0;0.6;281.139
1753873724.85;2.0;49.20415608;18.75519991;386.7344;42.1352;25.0;0.6;281.118
1753873724.86;2.0;49.20415608;18.75519991;386.7331;42.1352;25.0;0.6;281.063
1753873724.87;2.0;49.20415609;18.75519991;386.7316;42.1352;25.0;0.6;281.086
1753873724.88;2.0;49.2041561;18.75519992;386.7304;42.1352;25.0;0.6;281.056
1753873724.89;2.0;49.2041561;18.75519992;386.7293;42.1352;25.0;0.6;280.979
1753873724.9;2.0;49.2041561;18.75519993;386.7286;42.1352;25.0;0.6;280.954
1753873724.91;2.0;49.20415611;18.75519993;386.7272;42.1352;25.0;0.6;281.03
1753873724.92;2.0;49.20415612;18.75519993;386.7263;42.1352;25.0;0.6;281.111
1753873724.93;2.0;49.20415612;18.75519993;386.7259;42.1352;25.0;0.6;281.027
1753873724.94;2.0;49.20415613;18.75519994;386.7252;42.1352;25.0;0.6;281.016
1753873724.95;2.0;49.20415614;18.75519994;386.7239;42.1352;25.0;0.6;280.955
1753873724.96;2.0;49.20415614;18.75519994;386.7229;42.1352;25.0;0.6;280.961
1753873724.97;2.0;49.20415615;18.75519995;386.7224;42.1352;25.0;0.6;281.047
1753873724.98;2.0;49.20415615;18.75519995;386.7219;42.1352;25.0;0.6;281.055
1753873724.99;2.0;49.20415616;18.75519995;386.7203;42.1352;25.0;0.6;281.007
1753873725.0;2.0;49.20415616;18.75519996;386.7188;42.1352;25.0;0.6;280.987
1753873725.01;2.0;49.20415617;18.75519996;386.7172;42.1352;25.0;0.6;280.992
1753873725.02;2.0;49.20415617;18.75519997;386.7159;42.1352;25.0;0.6;280.972
1753873725.03;2.0;49.20415618;18.75519997;386.715;42.1352;25.0;0.6;280.982
1753873725.04;2.0;49.20415618;18.75519998;386.7138;42.1352;25.0;0.6;280.962
1753873725.05;2.0;49.20415619;18.75519998;386.7125;42.1352;25.0;0.6;280.966
1753873725.06;2.0;49.20415619;18.75519999;386.7111;42.1352;25.0;0.6;281.013
1753873725.07;2.0;49.20415619;18.7552;386.7098;42.1352;25.0;0.6;281.053
1753873725.08;2.0;49.20415619;18.7552;386.7095;42.1352;25.0;0.6;281.119
1753873725.09;2.0;49.20415619;18.7552;386.7097;42.1352;25.0;0.6;281.127
1753873725.1;2.0;49.20415619;18.75520001;386.7088;42.1352;25.0;0.6;281.081
1753873725.11;2.0;49.20415619;18.75520001;386.7078;42.1352;25.0;0.6;281.074
1753873725.12;2.0;49.20415619;18.75520002;386.7072;42.1352;25.0;0.6;281.076
1753873725.13;2.0;49.20415619;18.75520003;386.7063;42.1352;25.0;0.6;281.124
1753873725.14;2.0;49.20415619;18.75520004;386.7054;42.1352;25.0;0.6;281.14
1753873725.15;2.0;49.20415619;18.75520004;386.7049;42.1352;25.0;0.6;281.147
1753873725.16;2.0;49.20415619;18.75520005;386.7044;42.1352;25.0;0.6;281.153
1753873725.17;2.0;49.20415619;18.75520006;386.704;42.1352;25.0;0.6;281.149
1753873725.18;2.0;49.20415619;18.75520007;386.7034;42.1352;25.0;0.6;281.135
1753873725.19;2.0;49.20415619;18.75520007;386.7022;42.1352;25.0;0.6;281.146
1753873725.2;2.0;49.20415619;18.75520008;386.701;42.1352;25.0;0.6;281.173
1753873725.21;2.0;49.20415618;18.75520009;386.7003;42.1352;25.0;0.6;281.218
1753873725.22;2.0;49.20415618;18.7552001;386.6988;42.1352;25.0;0.6;281.213
1753873725.23;2.0;49.20415618;18.75520011;386.6975;42.1352;25.0;0.6;281.139
1753873725.24;2.0;49.20415618;18.75520011;386.6965;42.1352;25.0;0.6;281.113
1753873725.25;2.0;49.20415618;18.75520012;386.6955;42.1352;25.0;0.6;281.12
1753873725.26;2.0;49.20415618;18.75520013;386.695;42.1352;25.0;0.6;281.128
1753873725.27;2.0;49.20415618;18.75520014;386.6939;42.1352;25.0;0.6;281.17
1753873725.28;2.0;49.20415618;18.75520015;386.693;42.1352;25.0;0.6;281.186
1753873725.29;2.0;49.20415618;18.75520016;386.6916;42.1352;25.0;0.6;281.186
1753873725.3;2.0;49.20415618;18.75520017;386.6901;42.1352;25.0;0.6;281.258
1753873725.31;2.0;49.20415618;18.75520017;386.6887;42.1352;25.0;0.6;281.258
1753873725.32;2.0;49.20415617;18.75520018;386.6881;42.1352;25.0;0.6;281.272
1753873725.33;2.0;49.20415617;18.75520019;386.6873;42.1352;25.0;0.6;281.277
1753873725.34;2.0;49.20415617;18.75520019;386.6859;42.1352;25.0;0.6;281.277
1753873725.35;2.0;49.20415617;18.7552002;386.6847;42.1352;25.0;0.6;281.272
1753873725.36;2.0;49.20415617;18.7552002;386.6843;42.1352;25.0;0.6;281.267
1753873725.37;2.0;49.20415616;18.7552002;386.6837;42.1352;25.0;0.6;281.248
1753873725.38;2.0;49.20415616;18.75520021;386.6831;42.1352;25.0;0.6;281.387
1753873725.39;2.0;49.20415616;18.75520021;386.6824;42.1352;25.0;0.6;281.437
1753873725.4;2.0;49.20415616;18.75520022;386.6813;42.1352;25.0;0.6;281.455
1753873725.41;2.0;49.20415616;18.75520022;386.6804;42.1352;25.0;0.6;281.423
1753873725.42;2.0;49.20415616;18.75520023;386.68;42.1352;25.0;0.6;281.462
1753873725.43;2.0;49.20415616;18.75520024;386.6785;42.1352;25.0;0.6;281.44
1753873725.44;2.0;49.20415615;18.75520025;386.6774;42.1352;25.0;0.6;281.455
1753873725.45;2.0;49.20415615;18.75520026;386.6767;42.1352;25.0;0.6;281.428
1753873725.46;2.0;49.20415615;18.75520026;386.6761;42.1352;25.0;0.6;281.441
1753873725.47;2.0;49.20415615;18.75520027;386.6755;42.1352;25.0;0.6;281.435
1753873725.48;2.0;49.20415615;18.75520028;386.6747;42.1352;25.0;0.6;281.345
1753873725.49;2.0;49.20415615;18.75520029;386.6735;42.1352;25.0;0.6;281.349
1753873725.5;2.0;49.20415615;18.7552003;386.6727;42.1352;25.0;0.6;281.357
1753873725.51;2.0;49.20415615;18.75520031;386.6713;42.1352;25.0;0.6;281.328
1753873725.52;2.0;49.20415615;18.75520032;386.67;42.1352;25.0;0.6;281.345
1753873725.53;2.0;49.20415615;18.75520033;386.6695;42.1352;25.0;0.6;281.299
1753873725.54;2.0;49.20415615;18.75520034;386.6693;42.1352;25.0;0.6;281.327
1753873725.55;2.0;49.20415615;18.75520034;386.6686;42.1352;25.0;0.6;281.281
1753873725.56;2.0;49.20415614;18.75520035;386.6672;42.1352;25.0;0.6;281.256
1753873725.57;2.0;49.20415614;18.75520035;386.6677;42.1352;25.0;0.6;281.284
1753873725.58;2.0;49.20415614;18.75520034;386.6682;42.1352;25.0;0.6;281.301
1753873725.59;2.0;49.20415614;18.75520035;386.6677;42.1352;25.0;0.6;281.297
1753873725.6;2.0;49.20415614;18.75520035;386.6667;42.1352;25.0;0.6;281.286
1753873725.61;2.0;49.20415614;18.75520035;386.6658;42.1352;25.0;0.6;281.252
1753873725.62;2.0;49.20415614;18.75520036;386.6647;42.1352;25.0;0.6;281.248
1753873725.63;2.0;49.20415613;18.75520037;386.6637;42.1352;25.0;0.6;281.289
1753873725.64;2.0;49.20415613;18.75520037;386.6631;42.1352;25.0;0.6;281.373
1753873725.65;2.0;49.20415613;18.75520037;386.6623;42.1352;25.0;0.6;281.355
1753873725.66;2.0;49.20415613;18.75520038;386.6616;42.1352;25.0;0.6;281.385
1753873725.67;2.0;49.20415613;18.75520038;386.6608;42.1352;25.0;0.6;281.359
1753873725.68;2.0;49.20415613;18.75520039;386.6595;42.1352;25.0;0.6;281.366
1753873725.69;2.0;49.20415613;18.75520039;386.6578;42.1352;25.0;0.6;281.332
1753873725.7;2.0;49.20415613;18.7552004;386.6564;42.1352;25.0;0.6;281.315
1753873725.71;2.0;49.20415613;18.7552004;386.656;42.1352;25.0;0.6;281.301
1753873725.72;2.0;49.20415613;18.7552004;386.6555;42.1352;25.0;0.6;281.295
1753873725.73;2.0;49.20415612;18.75520041;386.6547;42.1352;25.0;0.6;281.309
1753873725.74;2.0;49.20415612;18.75520042;386.6542;42.1352;25.0;0.6;281.373
1753873725.75;2.0;49.20415612;18.75520042;386.6536;42.1352;25.0;0.6;281.388
1753873725.76;2.0;49.20415612;18.75520043;386.6528;42.1352;25.0;0.6;281.401
1753873725.77;2.0;49.20415611;18.75520044;386.6516;42.1352;25.0;0.6;281.415
1753873725.78;2.0;49.20415611;18.75520044;386.6507;42.1352;25.0;0.6;281.462
1753873725.79;2.0;49.20415611;18.75520045;386.6493;42.1352;25.0;0.6;281.459
1753873725.8;2.0;49.20415611;18.75520046;386.6485;42.1352;25.0;0.6;281.426
1753873725.81;2.0;49.20415611;18.75520046;386.6477;42.1352;25.0;0.6;281.448
1753873725.82;2.0;49.2041561;18.75520047;386.6464;42.1352;25.0;0.6;281.424
1753873725.83;2.0;49.2041561;18.75520047;386.6457;42.1352;25.0;0.6;281.37
1753873725.84;2.0;49.2041561;18.75520047;386.6453;42.1352;25.0;0.6;281.381
1753873725.85;2.0;49.2041561;18.75520047;386.6445;42.1352;25.0;0.6;281.324
1753873725.86;2.0;49.2041561;18.75520048;386.6433;42.1352;25.0;0.6;281.318
1753873725.87;2.0;49.2041561;18.75520048;386.6423;42.1352;25.0;0.6;281.33
1753873725.88;2.0;49.20415609;18.75520049;386.6417;42.1352;25.0;0.6;281.307
1753873725.89;2.0;49.20415609;18.7552005;386.6405;42.1352;25.0;0.6;281.278
1753873725.9;2.0;49.20415609;18.7552005;386.6391;42.1352;25.0;0.6;281.278
1753873725.91;2.0;49.20415609;18.7552005;386.6378;42.1352;25.0;0.6;281.288
1753873725.92;2.0;49.20415609;18.75520051;386.6366;42.1352;25.0;0.6;281.332
1753873725.93;2.0;49.20415609;18.75520051;386.636;42.1352;25.0;0.6;281.327
1753873725.94;2.0;49.20415609;18.75520052;386.6353;42.1352;25.0;0.6;281.376
1753873725.95;2.0;49.20415609;18.75520053;386.6345;42.1352;25.0;0.6;281.368
1753873725.96;2.0;49.20415609;18.75520054;386.6331;42.1352;25.0;0.6;281.358
1753873725.97;2.0;49.20415609;18.75520055;386.6321;42.1352;25.0;0.6;281.343
1753873725.98;2.0;49.20415609;18.75520055;386.6314;42.1352;25.0;0.6;281.242
1753873725.99;2.0;49.20415609;18.75520055;386.6302;42.1352;25.0;0.6;281.194
1753873726.0;2.0;49.20415609;18.75520055;386.6291;42.1352;25.0;0.6;281.193
1753873726.01;2.0;49.20415609;18.75520056;386.6279;42.1352;25.0;0.6;281.173
1753873726.02;2.0;49.20415608;18.75520056;386.6271;42.1352;25.0;0.6;281.19
1753873726.03;2.0;49.20415608;18.75520056;386.6263;42.1352;25.0;0.6;281.218
1753873726.04;2.0;49.20415608;18.75520057;386.6254;42.1352;25.0;0.6;281.21
1753873726.05;2.0;49.20415608;18.75520058;386.6245;42.1352;25.0;0.6;281.157
1753873726.06;2.0;49.20415607;18.75520058;386.6238;42.1352;25.0;0.6;281.18
1753873726.07;2.0;49.20415607;18.75520059;386.623;42.1352;25.0;0.6;281.19
1753873726.08;2.0;49.20415607;18.75520059;386.6219;42.1352;25.0;0.6;281.18
1753873726.09;2.0;49.20415607;18.7552006;386.6207;42.1352;25.0;0.6;281.176
1753873726.1;2.0;49.20415607;18.7552006;386.62;42.1352;25.0;0.6;281.165
1753873726.11;2.0;49.20415608;18.75520061;386.6192;42.1352;25.0;0.6;281.123
1753873726.12;2.0;49.20415608;18.75520062;386.6185;42.1352;25.0;0.6;281.099
1753873726.13;2.0;49.20415608;18.75520063;386.6175;42.1352;25.0;0.6;281.067
1753873726.14;2.0;49.20415608;18.75520064;386.617;42.1352;25.0;0.6;281.029
1753873726.15;2.0;49.20415609;18.75520065;386.6162;42.1352;25.0;0.6;281.078
1753873726.16;2.0;49.20415609;18.75520066;386.6161;42.1352;25.0;0.6;281.072
1753873726.17;2.0;49.20415609;18.75520066;386.616;42.1352;25.0;0.6;281.069
1753873726.18;2.0;49.20415609;18.75520067;386.6152;42.1352;25.0;0.6;281.088
1753873726.19;2.0;49.20415609;18.75520068;386.6143;42.1352;25.0;0.6;281.068
1753873726.2;2.0;49.20415609;18.75520068;386.6135;42.1352;25.0;0.6;281.054
1753873726.21;2.0;49.2041561;18.75520069;386.6124;42.1352;25.0;0.6;281.027
1753873726.22;2.0;49.2041561;18.7552007;386.6117;42.1352;25.0;0.6;280.945
1753873726.23;2.0;49.2041561;18.75520071;386.6113;42.1352;25.0;0.6;280.906
