DeviceID;Timestamp;Temperature;GyroX;GyroY;GyroZ;AccelX;AccelY;AccelZ;Dist1;Dist2;Dist3;Err1;Err2;Err3
4.0;1753880915.351683;17.265625;0.56;-1.19;0.14;0.793366;-0.607926;0.011712;90.0;0.0;0.0;1.0;0.0;0.0
4.0;1753880915.358029;17.25;0.56;-1.19;0.07;0.78934;-0.610244;0.010736;90.0;0.0;0.0;1.0;0.0;0.0
4.0;1753880915.360838;17.25;0.56;-1.12;0.07;0.79239;-0.608048;0.0122;90.0;0.0;0.0;1.0;0.0;0.0
4.0;1753880915.365446;17.249602;0.6;-0.97;0.01;0.800536;-0.614678;0.006559;90.1;0.4;0.4;0.9;0.0;-0.0
4.0;1753880915.369652;17.25;0.63;-1.05;0.14;0.79361;-0.609024;0.010614;90.0;0.0;0.0;1.0;0.0;0.0
4.0;1753880915.375655;17.234375;0.63;-1.19;0.07;0.791658;-0.607926;0.012078;90.0;0.0;0.0;1.0;0.0;0.0
4.0;1753880915.379021;17.234375;0.56;-1.12;0.14;0.792024;-0.609756;0.011346;90.0;0.0;0.0;1.0;0.0;0.0
4.0;1753880915.383669;17.234375;0.56;-1.12;0.07;0.791048;-0.609634;0.010858;90.0;0.0;0.0;1.0;0.0;0.0
4.0;1753880915.388148;17.234375;0.7;-1.26;0.0;0.791048;-0.609268;0.010858;90.0;0.0;0.0;1.0;0.0;0.0
4.0;1753880915.392697;17.21875;0.7;-1.19;0.0;0.793366;-0.609512;0.011956;90.0;0.0;0.0;1.0;0.0;0.0
4.0;1753880915.400855;17.21875;0.63;-1.12;0.07;0.792268;-0.607682;0.01037;90.0;0.0;0.0;1.0;0.0;0.0
4.0;1753880915.401743;17.21875;0.56;-1.19;0.14;0.791536;-0.609024;0.012932;90.0;0.0;0.0;1.0;0.0;0.0
4.0;1753880915.406338;17.21875;0.63;-1.12;0.07;0.79056;-0.60878;0.010004;90.0;0.0;0.0;1.0;0.0;0.0
4.0;1753880915.410872;17.242188;0.63;-1.19;0.07;0.791048;-0.609878;0.01281;90.0;0.0;0.0;1.0;0.0;0.0
4.0;1753880915.418815;17.242188;0.56;-1.12;0.0;0.793122;-0.608658;0.010858;90.0;0.0;0.0;1.0;0.0;0.0
4.0;1753880915.42495;17.242188;0.56;-1.12;0.07;0.792146;-0.609268;0.01098;90.0;0.0;0.0;1.0;0.0;0.0
4.0;1753880915.429373;17.21875;0.56;-1.12;0.0;0.79117;-0.60878;0.010492;90.0;0.0;0.0;1.0;0.0;0.0
4.0;1753880915.433657;17.21875;0.63;-1.12;0.07;0.791658;-0.610244;0.012322;90.0;0.0;0.0;1.0;0.0;0.0
4.0;1753880915.438213;17.21875;0.63;-1.19;0.14;0.793488;-0.608536;0.011712;90.0;0.0;0.0;1.0;0.0;0.0
4.0;1753880915.442778;17.21875;0.56;-1.12;0.0;0.791536;-0.60878;0.012566;90.0;0.0;0.0;1.0;0.0;0.0
4.0;1753880915.450115;17.210938;0.63;-1.12;0.14;0.792512;-0.609512;0.01098;90.0;0.0;0.0;1.0;0.0;0.0
4.0;1753880915.452755;17.210938;0.49;-1.12;0.14;0.79422;-0.607194;0.010736;90.0;0.0;0.0;1.0;0.0;0.0
4.0;1753880915.457245;17.210938;0.63;-1.19;0.07;0.791048;-0.609512;0.012444;90.0;0.0;0.0;1.0;0.0;0.0
4.0;1753880915.465748;17.234375;0.56;-1.12;0.0;0.792268;-0.609146;0.011102;90.0;0.0;0.0;1.0;0.0;0.0
4.0;1753880915.473339;17.234375;0.63;-1.12;0.14;0.79056;-0.61;0.011224;90.0;0.0;0.0;1.0;0.0;0.0
4.0;1753880915.47457;17.234375;0.7;-1.12;0.14;0.791414;-0.60878;0.013054;90.0;0.0;0.0;1.0;0.0;0.0
4.0;1753880915.479248;17.234375;0.7;-1.12;0.14;0.793366;-0.60878;0.013176;90.0;0.0;0.0;1.0;0.0;0.0
4.0;1753880915.483719;17.183594;0.7;-1.12;0.07;0.789218;-0.608292;0.01281;90.0;0.0;0.0;1.0;0.0;0.0
4.0;1753880915.488461;17.183594;0.63;-1.05;0.0;0.791048;-0.60817;0.011712;90.0;0.0;0.0;1.0;0.0;0.0
4.0;1753880915.492826;17.183594;0.63;-1.19;0.07;0.79117;-0.609024;0.010004;90.0;0.0;0.0;1.0;0.0;0.0
4.0;1753880915.499707;17.183594;0.7;-1.19;0.07;0.791414;-0.610366;0.011712;90.0;0.0;0.0;1.0;0.0;0.0
4.0;1753880915.501976;17.265625;0.63;-1.26;0.07;0.791414;-0.610366;0.011712;90.0;0.0;0.0;1.0;0.0;0.0
4.0;1753880915.506674;17.265625;0.63;-1.12;0.14;0.792634;-0.60878;0.011712;90.0;0.0;0.0;1.0;0.0;0.0
4.0;1753880915.514832;17.265625;0.56;-1.12;0.07;0.791536;-0.610122;0.01098;90.0;0.0;0.0;1.0;0.0;0.0
4.0;1753880915.515523;17.265625;0.63;-1.12;0.07;0.792756;-0.60939;0.012444;90.0;0.0;0.0;1.0;0.0;0.0
4.0;1753880915.524206;17.242188;0.56;-1.05;0.21;0.791048;-0.609634;0.011346;90.0;0.0;0.0;1.0;0.0;0.0
4.0;1753880915.52463;17.242188;0.56;-1.19;0.07;0.79056;-0.610244;0.012932;90.0;0.0;0.0;1.0;0.0;0.0
4.0;1753880915.529374;17.242188;0.56;-1.05;0.0;0.791658;-0.609268;0.01159;90.0;0.0;0.0;1.0;0.0;0.0
4.0;1753880915.533797;17.242188;0.7;-1.19;0.07;0.790804;-0.609878;0.011102;90.0;0.0;0.0;1.0;0.0;0.0
4.0;1753880915.538574;17.265625;0.63;-1.19;0.07;0.79056;-0.609878;0.01098;90.0;0.0;0.0;1.0;0.0;0.0
4.0;1753880915.542935;17.265625;0.56;-1.12;0.14;0.79117;-0.609634;0.01159;90.0;0.0;0.0;1.0;0.0;0.0
4.0;1753880915.547861;17.265625;0.63;-1.12;0.14;0.790926;-0.609146;0.013176;88.0;0.0;0.0;1.0;0.0;0.0
4.0;1753880915.551987;17.265625;0.63;-1.19;0.07;0.790926;-0.609878;0.011956;88.0;0.0;0.0;1.0;0.0;0.0
4.0;1753880915.557882;17.21875;0.7;-1.12;0.07;0.791414;-0.608902;0.011468;88.0;0.0;0.0;1.0;0.0;0.0
4.0;1753880915.565534;17.21875;0.63;-1.19;0.07;0.791902;-0.60878;0.013298;88.0;0.0;0.0;1.0;0.0;0.0
4.0;1753880915.571278;17.21875;0.56;-1.19;0.07;0.792878;-0.607682;0.012688;88.0;0.0;0.0;1.0;0.0;0.0
4.0;1753880915.574731;17.226562;0.63;-1.19;0.07;0.791658;-0.609268;0.011224;88.0;0.0;0.0;1.0;0.0;0.0
4.0;1753880915.579291;17.226562;0.63;-1.19;0.07;0.793;-0.608658;0.011712;88.0;0.0;0.0;1.0;0.0;0.0
4.0;1753880915.584727;17.226562;0.56;-1.05;0.07;0.790926;-0.61;0.010492;88.0;0.0;0.0;1.0;0.0;0.0
4.0;1753880915.588471;17.226562;0.56;-1.12;0.0;0.793976;-0.607194;0.012444;88.0;0.0;0.0;1.0;0.0;0.0
4.0;1753880915.593079;17.214256;0.62;-1.03;0.05;0.793462;-0.608053;0.012777;88.7;0.0;0.0;1.0;0.0;0.0
4.0;1753880915.597788;17.21875;0.63;-1.12;0.07;0.792146;-0.60878;0.011224;90.0;0.0;0.0;1.0;0.0;0.0
4.0;1753880915.602103;17.21875;0.7;-1.12;0.07;0.793488;-0.60939;0.01159;90.0;0.0;0.0;1.0;0.0;0.0
4.0;1753880915.606711;17.236248;0.65;-1.05;0.09;0.792533;-0.608965;0.011419;89.7;0.0;0.0;1.0;0.0;0.0
4.0;1753880915.612486;17.199219;0.7;-1.12;0.14;0.793366;-0.609512;0.01159;90.0;0.0;0.0;1.0;0.0;0.0
4.0;1753880915.619434;17.199219;0.63;-1.12;0.14;0.790438;-0.608292;0.011712;90.0;0.0;0.0;1.0;0.0;0.0
4.0;1753880915.620203;17.199219;0.63;-1.19;0.14;0.790072;-0.609878;0.012688;90.0;0.0;0.0;1.0;0.0;0.0
4.0;1753880915.626386;17.199219;0.63;-1.05;0.07;0.790072;-0.609878;0.012688;90.0;0.0;0.0;1.0;0.0;0.0
4.0;1753880915.629698;17.226562;0.63;-1.12;0.07;0.790194;-0.60939;0.011956;90.0;0.0;0.0;1.0;0.0;0.0
4.0;1753880915.6338;17.226562;0.7;-1.19;0.07;0.790194;-0.60939;0.011956;90.0;0.0;0.0;1.0;0.0;0.0
4.0;1753880915.640021;17.226562;0.63;-1.12;0.07;0.791292;-0.609512;0.011834;90.0;0.0;0.0;1.0;0.0;0.0
4.0;1753880915.648351;17.242188;0.56;-1.19;0.14;0.791536;-0.609512;0.011468;87.0;0.0;0.0;1.0;0.0;0.0
4.0;1753880915.652109;17.242188;0.56;-1.12;0.07;0.790072;-0.608658;0.011834;87.0;0.0;0.0;1.0;0.0;0.0
4.0;1753880915.656717;17.244226;0.55;-1.21;0.08;0.79049;-0.609926;0.013973;84.8;0.0;0.0;1.0;0.0;0.0
4.0;1753880915.663609;17.242188;0.63;-1.19;0.0;0.792878;-0.609878;0.012078;87.0;0.0;0.0;1.0;0.0;0.0
4.0;1753880915.669161;17.199219;0.56;-1.12;0.07;0.792024;-0.608658;0.010614;87.0;0.0;0.0;1.0;0.0;0.0
4.0;1753880915.67027;17.199219;0.63;-1.26;0.14;0.791048;-0.608536;0.010736;87.0;0.0;0.0;1.0;0.0;0.0
4.0;1753880915.674784;17.199219;0.56;-1.26;0.07;0.791048;-0.608536;0.010736;87.0;0.0;0.0;1.0;0.0;0.0
4.0;1753880915.679879;17.199219;0.63;-1.12;0.0;0.791902;-0.609512;0.012688;87.0;0.0;0.0;1.0;0.0;0.0
4.0;1753880915.684113;17.234375;0.56;-1.12;0.14;0.791292;-0.60878;0.012566;87.0;0.0;0.0;1.0;0.0;0.0
4.0;1753880915.68852;17.234375;0.56;-1.12;0.07;0.791658;-0.60817;0.011224;87.0;0.0;0.0;1.0;0.0;0.0
4.0;1753880915.693128;17.216741;0.54;-1.19;0.02;0.791571;-0.608201;0.010929;88.4;0.0;0.0;1.0;0.0;0.0
4.0;1753880915.698163;17.234375;0.63;-1.19;0.07;0.791902;-0.610366;0.011468;89.0;0.0;0.0;1.0;0.0;0.0
4.0;1753880915.702168;17.199219;0.63;-1.12;0.0;0.792512;-0.607194;0.011102;89.0;0.0;0.0;1.0;0.0;0.0
4.0;1753880915.706776;17.204286;0.63;-1.23;-0.08;0.790987;-0.607736;0.011443;89.0;0.0;0.0;1.0;0.0;0.0
4.0;1753880915.711332;17.199219;0.63;-1.19;0.0;0.791048;-0.607438;0.011834;89.0;0.0;0.0;1.0;0.0;0.0
4.0;1753880915.718625;17.199219;0.63;-1.26;0.14;0.79239;-0.609024;0.011346;89.0;0.0;0.0;1.0;0.0;0.0
4.0;1753880915.720333;17.210938;0.56;-1.19;0.21;0.791902;-0.610122;0.011712;89.0;0.0;0.0;1.0;0.0;0.0
4.0;1753880915.725644;17.210938;0.63;-1.19;0.07;0.790804;-0.60939;0.011224;89.0;0.0;0.0;1.0;0.0;0.0
4.0;1753880915.729878;17.210938;0.7;-1.12;0.14;0.79239;-0.609024;0.010858;89.0;0.0;0.0;1.0;0.0;0.0
4.0;1753880915.734106;17.210938;0.63;-1.12;0.21;0.792512;-0.608536;0.011712;89.0;0.0;0.0;1.0;0.0;0.0
4.0;1753880915.738588;17.21875;0.63;-1.12;0.07;0.791048;-0.607926;0.012078;89.0;0.0;0.0;1.0;0.0;0.0
4.0;1753880915.74618;17.21875;0.56;-1.12;0.07;0.792146;-0.609024;0.012566;88.0;0.0;0.0;1.0;0.0;0.0
4.0;1753880915.747638;17.21875;0.56;-1.19;0.07;0.792512;-0.608292;0.011834;88.0;0.0;0.0;1.0;0.0;0.0
4.0;1753880915.752294;17.21875;0.56;-1.12;0.0;0.789096;-0.609512;0.0122;88.0;0.0;0.0;1.0;0.0;0.0
4.0;1753880915.759582;17.199219;0.56;-1.12;0.07;0.792878;-0.607072;0.011834;88.0;0.0;0.0;1.0;0.0;0.0
4.0;1753880915.76132;17.199219;0.49;-1.12;0.0;0.791658;-0.60939;0.011712;88.0;0.0;0.0;1.0;0.0;0.0
4.0;1753880915.769157;17.199219;0.56;-1.12;0.0;0.790682;-0.60939;0.011956;88.0;0.0;0.0;1.0;0.0;0.0
4.0;1753880915.770398;17.199219;0.56;-1.05;0.07;0.792146;-0.60939;0.01159;88.0;0.0;0.0;1.0;0.0;0.0
4.0;1753880915.774995;17.21875;0.63;-1.05;0.14;0.790926;-0.610488;0.012322;88.0;0.0;0.0;1.0;0.0;0.0
4.0;1753880915.779499;17.21875;0.63;-1.12;0.14;0.792756;-0.607438;0.01159;88.0;0.0;0.0;1.0;0.0;0.0
4.0;1753880915.784053;17.21875;0.7;-1.12;0.14;0.792268;-0.609146;0.011224;88.0;0.0;0.0;1.0;0.0;0.0
4.0;1753880915.789393;17.21875;0.63;-1.12;0.07;0.792268;-0.609512;0.011102;88.0;0.0;0.0;1.0;0.0;0.0
4.0;1753880915.794792;17.191406;0.63;-1.19;0.0;0.790926;-0.609756;0.011102;88.0;0.0;0.0;1.0;0.0;0.0
4.0;1753880915.797732;17.191406;0.63;-1.19;0.07;0.792512;-0.61;0.011712;88.0;0.0;0.0;1.0;0.0;0.0
4.0;1753880915.802282;17.191406;0.56;-1.19;0.14;0.792268;-0.60878;0.011224;88.0;0.0;0.0;1.0;0.0;0.0
4.0;1753880915.81015;17.191406;0.63;-1.19;0.07;0.791048;-0.60939;0.011712;88.0;0.0;0.0;1.0;0.0;0.0
4.0;1753880915.811296;17.199219;0.63;-1.12;0.0;0.791048;-0.60939;0.011712;88.0;0.0;0.0;1.0;0.0;0.0
4.0;1753880915.818087;17.199219;0.7;-1.12;0.0;0.791658;-0.608902;0.01159;88.0;0.0;0.0;1.0;0.0;0.0
4.0;1753880915.820472;17.199219;0.7;-1.19;0.07;0.791414;-0.609512;0.011346;88.0;0.0;0.0;1.0;0.0;0.0
4.0;1753880915.825063;17.199219;0.7;-1.19;0.14;0.790072;-0.608414;0.012566;88.0;0.0;0.0;1.0;0.0;0.0
4.0;1753880915.829506;17.21875;0.63;-1.26;0.21;0.790072;-0.608414;0.012566;88.0;0.0;0.0;1.0;0.0;0.0
4.0;1753880915.835341;17.21875;0.63;-1.12;0.07;0.793244;-0.608292;0.010858;88.0;0.0;0.0;1.0;0.0;0.0
4.0;1753880915.83871;17.21875;0.63;-1.12;0.07;0.790804;-0.609512;0.011224;88.0;0.0;0.0;1.0;0.0;0.0
4.0;1753880915.844306;17.21875;0.63;-1.19;0.07;0.792512;-0.608414;0.01098;87.0;0.0;0.0;1.0;0.0;0.0
4.0;1753880915.847785;17.234375;0.56;-1.19;0.07;0.792024;-0.609024;0.012932;87.0;0.0;0.0;1.0;0.0;0.0
4.0;1753880915.852393;17.21567;0.59;-1.17;-0.04;0.792786;-0.608651;0.011608;87.4;0.0;0.0;1.0;0.0;0.0
4.0;1753880915.858817;17.234375;0.63;-1.19;-0.07;0.791292;-0.609024;0.011224;87.0;0.0;0.0;1.0;0.0;0.0
4.0;1753880915.863425;17.241489;0.6;-1.12;-0.02;0.790396;-0.609609;0.011247;86.6;0.0;0.0;1.0;0.0;0.0
4.0;1753880915.867873;17.25;0.63;-1.05;0.07;0.791048;-0.608292;0.012932;87.0;0.0;0.0;1.0;0.0;0.0
4.0;1753880915.870603;17.25;0.63;-1.19;0.07;0.791292;-0.609878;0.010736;87.0;0.0;0.0;1.0;0.0;0.0
4.0;1753880915.875131;17.25;0.63;-1.19;0.07;0.791536;-0.609146;0.012444;87.0;0.0;0.0;1.0;0.0;0.0
4.0;1753880915.879624;17.25;0.63;-1.12;0.07;0.792024;-0.609024;0.011346;87.0;0.0;0.0;1.0;0.0;0.0
4.0;1753880915.884484;17.199219;0.7;-1.12;0.07;0.790438;-0.609512;0.010614;87.0;0.0;0.0;1.0;0.0;0.0
4.0;1753880915.892909;17.199219;0.63;-1.12;0.21;0.791902;-0.60878;0.011468;87.0;0.0;0.0;1.0;0.0;0.0
4.0;1753880915.893279;17.199219;0.63;-1.19;0.0;0.792146;-0.609512;0.011712;87.0;0.0;0.0;1.0;0.0;0.0
4.0;1753880915.897876;17.199219;0.77;-1.19;-0.07;0.79178;-0.609756;0.010858;87.0;0.0;0.0;1.0;0.0;0.0
4.0;1753880915.902484;17.161348;0.71;-1.15;-0.04;0.790808;-0.609555;0.012519;86.8;0.0;0.0;1.0;0.0;0.0
4.0;1753880915.906752;17.183594;0.63;-1.12;0.07;0.790682;-0.60878;0.012688;87.0;0.0;0.0;1.0;0.0;0.0
4.0;1753880915.906965;17.183594;0.56;-1.12;0.07;0.79117;-0.608658;0.011468;87.0;0.0;0.0;1.0;0.0;0.0
4.0;1753880915.911573;17.227379;0.48;-1.13;0.1;0.789578;-0.60915;0.009845;87.3;0.0;0.0;1.0;0.0;0.0
4.0;1753880915.916128;17.183594;0.7;-1.19;0.14;0.791292;-0.609146;0.010492;87.0;0.0;0.0;1.0;0.0;0.0
4.0;1753880915.920622;17.199219;0.7;-1.12;0.07;0.79117;-0.60939;0.011224;87.0;0.0;0.0;1.0;0.0;0.0
4.0;1753880915.925143;17.199219;0.63;-1.12;0.07;0.791048;-0.609512;0.012078;87.0;0.0;0.0;1.0;0.0;0.0
4.0;1753880915.929694;17.199219;0.56;-1.19;0.07;0.790926;-0.609634;0.01281;87.0;0.0;0.0;1.0;0.0;0.0
4.0;1753880915.934247;17.199219;0.63;-1.19;0.0;0.793244;-0.608902;0.011956;87.0;0.0;0.0;1.0;0.0;0.0
4.0;1753880915.938855;17.183165;0.64;-1.21;0.09;0.793227;-0.608492;0.012677;87.2;0.0;0.0;1.0;0.0;0.0
4.0;1753880915.943327;17.21875;0.56;-1.26;0.14;0.791414;-0.608902;0.011834;87.0;0.0;0.0;1.0;0.0;0.0
4.0;1753880915.947893;17.21875;0.63;-1.19;0.0;0.792756;-0.609146;0.012566;87.0;0.0;0.0;1.0;0.0;0.0
4.0;1753880915.954012;17.21875;0.7;-1.12;-0.07;0.791658;-0.609024;0.011468;87.0;0.0;0.0;1.0;0.0;0.0
4.0;1753880915.956939;17.199219;0.7;-1.12;0.0;0.791658;-0.609024;0.011468;87.0;0.0;0.0;1.0;0.0;0.0
4.0;1753880915.963115;17.199219;0.56;-1.12;0.07;0.792512;-0.609146;0.011346;87.0;0.0;0.0;1.0;0.0;0.0
4.0;1753880915.966134;17.199219;0.7;-1.19;0.07;0.793;-0.609512;0.010858;87.0;0.0;0.0;1.0;0.0;0.0
4.0;1753880915.970654;17.199219;0.63;-1.19;0.0;0.792634;-0.609146;0.011346;87.0;0.0;0.0;1.0;0.0;0.0
4.0;1753880915.975203;17.191406;0.63;-1.12;0.0;0.789828;-0.60939;0.011712;87.0;0.0;0.0;1.0;0.0;0.0
4.0;1753880915.979751;17.191406;0.63;-1.12;0.07;0.792634;-0.608902;0.009516;87.0;0.0;0.0;1.0;0.0;0.0
4.0;1753880915.986043;17.191406;0.63;-1.05;0.07;0.792756;-0.608658;0.011834;87.0;0.0;0.0;1.0;0.0;0.0
4.0;1753880915.99083;17.191406;0.56;-1.05;0.0;0.789828;-0.610122;0.01037;89.0;0.0;0.0;1.0;0.0;0.0
4.0;1753880915.993343;17.21875;0.63;-1.19;0.07;0.789828;-0.610122;0.01037;89.0;0.0;0.0;1.0;0.0;0.0
4.0;1753880915.997958;17.21875;0.63;-1.12;0.07;0.792024;-0.610366;0.01159;89.0;0.0;0.0;1.0;0.0;0.0
4.0;1753880916.002566;17.215227;0.64;-1.12;0.07;0.789811;-0.611255;0.011389;88.7;0.0;0.0;1.0;0.0;0.0
4.0;1753880916.007174;17.220801;0.68;-1.2;0.15;0.792185;-0.610737;0.010796;89.2;0.0;0.0;1.0;0.0;0.0
4.0;1753880916.011782;17.225162;0.6;-1.13;0.15;0.791543;-0.610327;0.01107;88.2;0.0;0.0;1.0;0.0;0.0
4.0;1753880916.01639;17.213595;0.66;-1.19;0.19;0.793091;-0.610725;0.011034;90.5;0.0;0.0;1.0;0.0;0.0
4.0;1753880916.020998;17.221868;0.58;-1.12;0.11;0.790653;-0.609998;0.010684;86.7;0.0;0.0;1.0;0.0;0.0
4.0;1753880916.025607;17.219637;0.61;-1.18;0.08;0.791901;-0.610397;0.011064;89.5;0.0;0.0;1.0;0.0;0.0
4.0;1753880916.030215;17.234925;0.66;-1.03;0.15;0.79237;-0.609959;0.011183;87.6;0.0;0.0;1.0;0.0;0.0
4.0;1753880916.034823;17.223363;0.69;-1.14;0.08;0.791141;-0.610554;0.008831;87.8;0.0;0.0;1.0;0.0;0.0
4.0;1753880916.039431;17.235901;0.6;-1.06;0.13;0.792113;-0.610297;0.009611;89.0;0.0;0.0;1.0;0.0;0.0
4.0;1753880916.044039;17.219712;0.65;-1.12;0.07;0.791745;-0.609871;0.012388;88.4;0.0;0.0;1.0;0.0;0.0
4.0;1753880916.048648;17.215176;0.68;-1.05;-0.01;0.791609;-0.610819;0.012221;88.5;0.0;0.0;1.0;0.0;0.0
4.0;1753880916.053256;17.228618;0.64;-1.13;0.12;0.791472;-0.610638;0.013035;89.2;0.0;0.0;1.0;0.0;0.0
4.0;1753880916.057864;17.191013;0.54;-1.14;0.08;0.792719;-0.609307;0.012512;88.6;0.0;0.0;1.0;0.0;0.0
4.0;1753880916.062472;17.236384;0.57;-1.14;0.09;0.793976;-0.610894;0.013165;89.2;0.0;0.0;1.0;0.0;0.0
4.0;1753880916.06708;17.218076;0.59;-1.12;0.09;0.791321;-0.610229;0.011307;90.0;0.0;0.0;1.0;0.0;0.0
4.0;1753880916.071688;17.231205;0.55;-1.11;0.18;0.790814;-0.609661;0.011671;89.7;0.0;0.0;1.0;0.0;0.0
4.0;1753880916.076296;17.231871;0.56;-1.12;0.07;0.789882;-0.609478;0.010416;88.9;0.0;0.0;1.0;0.0;0.0
4.0;1753880916.080904;17.235243;0.63;-1.16;0.17;0.790088;-0.609254;0.010769;88.5;0.0;0.0;1.0;0.0;0.0
4.0;1753880916.085513;17.23164;0.63;-1.11;0.09;0.791866;-0.609544;0.01234;87.8;0.0;0.0;1.0;0.0;0.0
4.0;1753880916.090121;17.211398;0.65;-1.17;0.12;0.79344;-0.60898;0.01092;88.4;0.0;0.0;1.0;0.0;0.0
4.0;1753880916.094729;17.224303;0.52;-1.17;0.08;0.792017;-0.610006;0.011056;88.9;0.0;0.0;1.0;0.0;0.0
4.0;1753880916.099337;17.240359;0.63;-1.21;0.08;0.793598;-0.610163;0.010816;89.6;0.0;0.0;1.0;0.0;0.0
4.0;1753880916.103945;17.212606;0.57;-1.11;0.06;0.791513;-0.610005;0.010901;89.2;0.0;0.0;1.0;0.0;0.0
4.0;1753880916.108554;17.232466;0.66;-1.14;0.14;0.791686;-0.610124;0.011452;87.3;0.0;0.0;1.0;0.0;0.0
4.0;1753880916.113162;17.220419;0.52;-1.21;0.06;0.791957;-0.609769;0.010733;89.8;0.0;0.0;1.0;0.0;0.0
4.0;1753880916.11777;17.198314;0.49;-1.15;0.17;0.790947;-0.610223;0.011835;89.8;0.0;0.0;1.0;0.0;0.0
4.0;1753880916.122378;17.224414;0.53;-1.11;0.14;0.791759;-0.609303;0.011596;89.0;0.0;0.0;1.0;0.0;0.0
4.0;1753880916.126986;17.236037;0.62;-1.13;0.08;0.790464;-0.611013;0.012482;88.6;0.0;0.0;1.0;0.0;0.0
4.0;1753880916.131594;17.202904;0.59;-1.22;0.05;0.790707;-0.610239;0.011463;88.6;0.0;0.0;1.0;0.0;0.0
4.0;1753880916.136202;17.221886;0.59;-1.1;0.15;0.791997;-0.610152;0.012307;89.7;0.0;0.0;1.0;0.0;0.0
4.0;1753880916.14081;17.219535;0.66;-1.08;0.1;0.79291;-0.609145;0.010373;88.0;0.0;0.0;1.0;0.0;0.0
4.0;1753880916.145419;17.216384;0.63;-1.08;0.06;0.792059;-0.610216;0.011756;87.9;0.0;0.0;1.0;0.0;0.0
4.0;1753880916.150027;17.216454;0.65;-1.1;0.11;0.789629;-0.610086;0.011375;88.8;0.0;0.0;1.0;0.0;0.0
4.0;1753880916.154635;17.224699;0.63;-1.16;0.21;0.79179;-0.609758;0.011046;88.6;0.0;0.0;1.0;0.0;0.0
4.0;1753880916.159243;17.241225;0.63;-1.19;0.12;0.793171;-0.609309;0.011724;88.5;0.0;0.0;1.0;0.0;0.0
4.0;1753880916.163851;17.221427;0.57;-1.14;0.13;0.791539;-0.609114;0.012386;88.3;0.0;0.0;1.0;0.0;0.0
4.0;1753880916.16846;17.241245;0.6;-1.13;0.16;0.79256;-0.609435;0.010992;89.7;0.0;0.0;1.0;0.0;0.0
4.0;1753880916.173068;17.215328;0.56;-1.12;0.1;0.793176;-0.609163;0.011372;88.1;0.0;0.0;1.0;0.0;0.0
4.0;1753880916.177676;17.221896;0.63;-1.2;0.08;0.792373;-0.60891;0.011626;89.1;0.0;0.0;1.0;0.0;0.0
4.0;1753880916.182284;17.197586;0.6;-1.07;0.15;0.791281;-0.609494;0.012205;89.0;0.0;0.0;1.0;0.0;0.0
4.0;1753880916.186892;17.243854;0.56;-1.19;0.14;0.792123;-0.609225;0.011043;89.1;0.0;0.0;1.0;0.0;0.0
4.0;1753880916.1915;17.238798;0.51;-1.1;0.2;0.792375;-0.609526;0.01049;89.1;0.0;0.0;1.0;0.0;0.0
4.0;1753880916.196108;17.24741;0.62;-1.03;0.22;0.790605;-0.609553;0.011049;89.5;0.0;0.0;1.0;0.0;0.0
4.0;1753880916.200716;17.201427;0.59;-1.12;0.11;0.79209;-0.609562;0.01052;89.1;0.0;0.0;1.0;0.0;0.0
4.0;1753880916.205325;17.223326;0.59;-1.14;0.2;0.790579;-0.608971;0.010945;90.2;0.0;0.0;1.0;0.0;0.0
4.0;1753880916.209933;17.224275;0.56;-1.11;0.14;0.790263;-0.610285;0.011224;89.4;0.0;0.0;1.0;0.0;0.0
4.0;1753880916.214541;17.226165;0.69;-1.1;0.2;0.792496;-0.608368;0.011828;89.4;0.0;0.0;1.0;0.0;0.0
4.0;1753880916.219149;17.222957;0.59;-1.17;0.15;0.791556;-0.608949;0.010853;87.6;0.0;0.0;1.0;0.0;0.0
4.0;1753880916.223757;17.225474;0.6;-1.13;0.26;0.790376;-0.609136;0.013153;90.1;0.0;0.0;1.0;0.0;0.0
4.0;1753880916.228366;17.22315;0.6;-1.13;0.15;0.790673;-0.60953;0.010898;90.0;0.0;0.0;1.0;0.0;0.0
4.0;1753880916.232974;17.240577;0.65;-1.13;0.04;0.791058;-0.609738;0.011025;88.7;0.0;0.0;1.0;0.0;0.0
4.0;1753880916.237582;17.208095;0.63;-1.19;0.26;0.790379;-0.608612;0.011697;88.1;0.0;0.0;1.0;0.0;0.0
4.0;1753880916.24219;17.23223;0.6;-1.09;0.21;0.791047;-0.609429;0.011279;89.4;0.0;0.0;1.0;0.0;0.0
4.0;1753880916.246798;17.201556;0.56;-1.14;0.16;0.790603;-0.609669;0.011512;88.9;0.0;0.0;1.0;0.0;0.0
4.0;1753880916.251406;17.223593;0.63;-1.16;0.09;0.790311;-0.609029;0.011164;88.1;0.0;0.0;1.0;0.0;0.0
4.0;1753880916.256014;17.23606;0.53;-1.2;0.19;0.790691;-0.60866;0.010124;87.9;0.0;0.0;1.0;0.0;0.0
4.0;1753880916.260622;17.210695;0.6;-1.16;0.14;0.791211;-0.609413;0.01102;88.2;0.0;0.0;1.0;0.0;0.0
4.0;1753880916.265231;17.196442;0.56;-1.08;0.13;0.791339;-0.609316;0.011479;89.2;0.0;0.0;1.0;0.0;0.0
4.0;1753880916.269839;17.23011;0.47;-1.05;0.22;0.792019;-0.609328;0.010386;88.5;0.0;0.0;1.0;0.0;0.0
4.0;1753880916.274447;17.221812;0.67;-1.12;0.28;0.791739;-0.608755;0.010779;89.0;0.0;0.0;1.0;0.0;0.0
4.0;1753880916.279055;17.216747;0.56;-1.08;0.1;0.791738;-0.609118;0.011113;90.1;0.0;0.0;1.0;0.0;0.0
4.0;1753880916.283663;17.234058;0.62;-1.19;0.06;0.790368;-0.609742;0.01176;89.7;0.0;0.0;1.0;0.0;0.0
4.0;1753880916.2891;17.21875;0.56;-1.12;0.21;0.79117;-0.609146;0.011102;89.0;0.0;0.0;1.0;0.0;0.0
4.0;1753880916.293708;17.21565;0.59;-1.09;0.13;0.789528;-0.60914;0.010089;88.9;0.0;0.0;1.0;0.0;0.0
4.0;1753880916.298316;17.229495;0.52;-1.17;0.27;0.791341;-0.608291;0.011319;88.0;0.0;0.0;1.0;0.0;0.0
4.0;1753880916.302924;17.222443;0.54;-1.09;0.13;0.790797;-0.609505;0.009877;89.9;0.0;0.0;1.0;0.0;0.0
4.0;1753880916.307532;17.216144;0.5;-1.11;0.26;0.791778;-0.609379;0.010737;89.0;0.0;0.0;1.0;0.0;0.0
4.0;1753880916.31214;17.208356;0.51;-0.98;0.28;0.791561;-0.608867;0.011135;88.8;0.0;0.0;1.0;0.0;0.0
4.0;1753880916.316748;17.221141;0.6;-1.13;0.21;0.790888;-0.608249;0.010962;88.5;0.0;0.0;1.0;0.0;0.0
4.0;1753880916.321357;17.213074;0.56;-1.06;0.16;0.790866;-0.608448;0.01217;88.6;0.0;0.0;1.0;0.0;0.0
4.0;1753880916.325965;17.19255;0.61;-1.11;0.19;0.791574;-0.608307;0.010595;90.0;0.0;0.0;1.0;0.0;0.0
4.0;1753880916.330573;17.214562;0.48;-1.09;0.18;0.791165;-0.609013;0.011903;89.9;0.0;0.0;1.0;0.0;0.0
4.0;1753880916.335181;17.222999;0.48;-1.11;0.27;0.791391;-0.609296;0.010581;90.2;0.0;0.0;1.0;0.0;0.0
4.0;1753880916.33979;17.211424;0.53;-1.18;0.25;0.791367;-0.609544;0.01046;90.2;0.0;0.0;1.0;0.0;0.0
4.0;1753880916.344398;17.221144;0.59;-1.12;0.29;0.794138;-0.609502;0.01129;90.5;0.0;0.0;1.0;0.0;0.0
4.0;1753880916.349006;17.215775;0.57;-1.14;0.26;0.79193;-0.608976;0.011086;87.1;0.0;0.0;1.0;0.0;0.0
4.0;1753880916.353614;17.216794;0.6;-1.22;0.19;0.790957;-0.6093;0.011866;88.1;0.0;0.0;1.0;0.0;0.0
4.0;1753880916.358222;17.21043;0.6;-1.12;0.16;0.790813;-0.609785;0.011564;89.5;0.0;0.0;1.0;0.0;0.0
4.0;1753880916.36283;17.229172;0.48;-1.13;0.17;0.791363;-0.609053;0.011593;88.4;0.0;0.0;1.0;0.0;0.0
4.0;1753880916.367438;17.212894;0.6;-1.14;0.19;0.790315;-0.609528;0.011808;88.0;0.0;0.0;1.0;0.0;0.0
4.0;1753880916.372046;17.228504;0.66;-1.1;0.25;0.789531;-0.609078;0.010815;89.9;0.0;0.0;1.0;0.0;0.0
4.0;1753880916.376654;17.258338;0.56;-1.09;0.21;0.790833;-0.609532;0.012229;89.7;0.0;0.0;1.0;0.0;0.0
4.0;1753880916.381263;17.215154;0.58;-1.13;0.28;0.791433;-0.609585;0.010806;89.8;0.0;0.0;1.0;0.0;0.0
4.0;1753880916.385871;17.224094;0.59;-1.12;0.22;0.792258;-0.609187;0.010846;88.5;0.0;0.0;1.0;0.0;0.0
4.0;1753880916.390479;17.22422;0.62;-1.19;0.17;0.791145;-0.609282;0.011363;89.3;0.0;0.0;1.0;0.0;0.0
4.0;1753880916.395087;17.256869;0.56;-1.08;0.16;0.790658;-0.608899;0.011582;89.1;0.0;0.0;1.0;0.0;0.0
4.0;1753880916.399696;17.208147;0.6;-1.12;0.25;0.789571;-0.608304;0.01378;88.8;0.0;0.0;1.0;0.0;0.0
4.0;1753880916.404304;17.22177;0.56;-1.13;0.11;0.787595;-0.609095;0.009214;89.4;0.0;0.0;1.0;0.0;0.0
4.0;1753880916.408912;17.225526;0.5;-1.16;0.03;0.792539;-0.608686;0.009743;89.4;0.0;0.0;1.0;0.0;0.0
4.0;1753880916.41352;17.222254;0.5;-1.12;0.23;0.790034;-0.609353;0.010996;90.1;0.0;0.0;1.0;0.0;0.0
4.0;1753880916.418128;17.221706;0.48;-1.19;0.09;0.792069;-0.609927;0.012363;87.9;0.0;0.0;1.0;0.0;0.0
4.0;1753880916.422736;17.232517;0.61;-1.21;0.24;0.791207;-0.609612;0.011746;88.6;0.0;0.0;1.0;0.0;0.0
4.0;1753880916.427344;17.229853;0.6;-1.2;0.13;0.790345;-0.609338;0.009867;89.2;0.0;0.0;1.0;0.0;0.0
4.0;1753880916.431952;17.217362;0.47;-1.1;0.12;0.790731;-0.60928;0.012446;90.8;0.0;0.0;1.0;0.0;0.0
4.0;1753880916.436561;17.24137;0.5;-1.08;0.15;0.791509;-0.609629;0.011354;89.9;0.0;0.0;1.0;0.0;0.0
4.0;1753880916.441169;17.220746;0.58;-1.09;0.16;0.790177;-0.609242;0.011627;87.9;0.0;0.0;1.0;0.0;0.0
4.0;1753880916.445777;17.22778;0.49;-1.15;0.15;0.793768;-0.60925;0.011346;89.9;0.0;0.0;1.0;0.0;0.0
4.0;1753880916.450385;17.21875;0.57;-1.21;0.09;0.791171;-0.60915;0.011279;89.9;0.0;0.0;1.0;0.0;0.0
4.0;1753880916.454993;17.206224;0.59;-1.17;0.22;0.79206;-0.609315;0.011981;87.5;0.0;0.0;1.0;0.0;0.0
4.0;1753880916.459602;17.209224;0.62;-1.22;0.17;0.792906;-0.609554;0.011015;88.9;0.0;0.0;1.0;0.0;0.0
4.0;1753880916.46421;17.211355;0.58;-1.15;0.29;0.79258;-0.60898;0.010011;88.9;0.0;0.0;1.0;0.0;0.0
4.0;1753880916.468818;17.226959;0.59;-1.15;0.16;0.792442;-0.6092;0.011713;88.5;0.0;0.0;1.0;0.0;0.0
4.0;1753880916.473426;17.212589;0.56;-1.15;0.17;0.793178;-0.609775;0.011934;88.1;0.0;0.0;1.0;0.0;0.0
4.0;1753880916.478034;17.217193;0.61;-1.16;0.16;0.794051;-0.609978;0.010082;89.5;0.0;0.0;1.0;0.0;0.0
4.0;1753880916.482642;17.224373;0.62;-1.21;0.05;0.792689;-0.609103;0.011725;89.7;0.0;0.0;1.0;0.0;0.0
4.0;1753880916.48725;17.220195;0.57;-1.09;0.09;0.789982;-0.609701;0.011771;87.2;0.0;0.0;1.0;0.0;0.0
4.0;1753880916.491858;17.193323;0.64;-1.2;0.17;0.792907;-0.610235;0.010558;90.0;0.0;0.0;1.0;0.0;0.0
4.0;1753880916.496467;17.198926;0.58;-1.22;0.2;0.792113;-0.609478;0.010696;89.1;0.0;0.0;1.0;0.0;0.0
4.0;1753880916.501075;17.20674;0.54;-1.22;0.17;0.792879;-0.609039;0.011434;87.9;0.0;0.0;1.0;0.0;0.0
4.0;1753880916.505683;17.235898;0.65;-1.04;0.2;0.792691;-0.610151;0.011123;88.9;0.0;0.0;1.0;0.0;0.0
4.0;1753880916.510291;17.234522;0.62;-1.24;0.16;0.790971;-0.608697;0.009546;89.4;0.0;0.0;1.0;0.0;0.0
4.0;1753880916.514899;17.21237;0.57;-1.13;0.21;0.792652;-0.609317;0.011442;90.0;0.0;0.0;1.0;0.0;0.0
4.0;1753880916.519508;17.204207;0.62;-1.11;0.22;0.791797;-0.609099;0.013334;87.6;0.0;0.0;1.0;0.0;0.0
4.0;1753880916.524116;17.20664;0.67;-1.17;0.17;0.79122;-0.609129;0.010614;89.2;0.0;0.0;1.0;0.0;0.0
4.0;1753880916.528724;17.218986;0.62;-1.16;0.11;0.793623;-0.610026;0.011434;88.5;0.0;0.0;1.0;0.0;0.0
4.0;1753880916.533332;17.221121;0.51;-1.14;0.16;0.792952;-0.609062;0.009533;90.1;0.0;0.0;1.0;0.0;0.0
4.0;1753880916.53794;17.194041;0.5;-1.24;0.17;0.791268;-0.609793;0.012031;88.4;0.0;0.0;1.0;0.0;0.0
4.0;1753880916.542548;17.21208;0.62;-1.24;0.01;0.792188;-0.609875;0.010991;89.0;0.0;0.0;1.0;0.0;0.0
4.0;1753880916.547156;17.229621;0.64;-1.1;0.16;0.791944;-0.610658;0.010067;88.3;0.0;0.0;1.0;0.0;0.0
4.0;1753880916.551764;17.230096;0.57;-1.15;-0.01;0.790456;-0.61031;0.010955;88.3;0.0;0.0;1.0;0.0;0.0
4.0;1753880916.556373;17.224247;0.6;-1.21;0.09;0.792108;-0.609824;0.010546;88.5;0.0;0.0;1.0;0.0;0.0
4.0;1753880916.560981;17.209752;0.65;-1.14;-0.01;0.792564;-0.609696;0.011883;89.6;0.0;0.0;1.0;0.0;0.0
4.0;1753880916.565589;17.211222;0.62;-1.12;0.08;0.790681;-0.609326;0.012277;88.9;0.0;0.0;1.0;0.0;0.0
4.0;1753880916.570197;17.219779;0.61;-1.24;0.05;0.792062;-0.610667;0.011063;88.0;0.0;0.0;1.0;0.0;0.0
4.0;1753880916.574805;17.212923;0.58;-1.03;0.0;0.791993;-0.610226;0.010167;89.2;0.0;0.0;1.0;0.0;0.0
4.0;1753880916.579414;17.224599;0.65;-1.18;0.08;0.792474;-0.609888;0.01158;88.6;0.0;0.0;1.0;0.0;0.0
4.0;1753880916.584022;17.204838;0.6;-1.14;0.09;0.791484;-0.609287;0.0118;88.7;0.0;0.0;1.0;0.0;0.0
4.0;1753880916.58863;17.218801;0.55;-1.18;0.3;0.792338;-0.608871;0.011524;90.9;0.0;0.0;1.0;0.0;0.0
4.0;1753880916.593238;17.200942;0.61;-1.14;0.03;0.792155;-0.60917;0.011363;89.8;0.0;0.0;1.0;0.0;0.0
4.0;1753880916.597846;17.224739;0.65;-1.23;0.08;0.791874;-0.609934;0.012047;90.3;0.0;0.0;1.0;0.0;0.0
4.0;1753880916.602454;17.22371;0.58;-1.2;0.02;0.791248;-0.608856;0.012048;90.4;0.0;0.0;1.0;0.0;0.0
4.0;1753880916.607062;17.219721;0.62;-1.15;0.05;0.792307;-0.609449;0.012143;88.5;0.0;0.0;1.0;0.0;0.0
4.0;1753880916.61167;17.227258;0.64;-1.26;0.05;0.792959;-0.608827;0.011996;90.0;0.0;0.0;1.0;0.0;0.0
4.0;1753880916.616279;17.213015;0.64;-1.16;0.11;0.789311;-0.609323;0.009696;87.9;0.0;0.0;1.0;0.0;0.0
4.0;1753880916.620887;17.221125;0.71;-1.13;0.11;0.791927;-0.609719;0.012072;90.4;0.0;0.0;1.0;0.0;0.0
4.0;1753880916.625495;17.217191;0.62;-1.22;0.14;0.792859;-0.609902;0.011674;89.1;0.0;0.0;1.0;0.0;0.0
4.0;1753880916.630103;17.234243;0.6;-1.19;0.08;0.790981;-0.609555;0.011156;89.9;0.0;0.0;1.0;0.0;0.0
4.0;1753880916.634711;17.195465;0.67;-1.16;0.11;0.791378;-0.610183;0.011358;87.9;0.0;0.0;1.0;0.0;0.0
4.0;1753880916.63932;17.219442;0.57;-1.2;0.04;0.793476;-0.609126;0.009653;90.7;0.0;0.0;1.0;0.0;0.0
4.0;1753880916.643928;17.216798;0.55;-1.18;0.21;0.793867;-0.60928;0.011082;89.5;0.0;0.0;1.0;0.0;0.0
4.0;1753880916.648536;17.218066;0.62;-1.27;0.15;0.791663;-0.60947;0.009114;88.7;0.0;0.0;1.0;0.0;0.0
4.0;1753880916.653144;17.233916;0.68;-1.05;0.03;0.791753;-0.610028;0.010113;88.3;0.0;0.0;1.0;0.0;0.0
4.0;1753880916.657752;17.229827;0.7;-1.24;0.18;0.792138;-0.609466;0.010807;88.3;0.0;0.0;1.0;0.0;0.0
4.0;1753880916.66236;17.226961;0.67;-1.26;0.08;0.792901;-0.609078;0.012166;91.6;0.0;0.0;1.0;0.0;0.0
4.0;1753880916.666968;17.219446;0.57;-1.2;0.07;0.793797;-0.610382;0.01184;89.5;0.0;0.0;1.0;0.0;0.0
4.0;1753880916.671576;17.224095;0.72;-1.23;-0.01;0.794649;-0.609398;0.011495;88.1;0.0;0.0;1.0;0.0;0.0
4.0;1753880916.676185;17.238548;0.7;-1.22;0.07;0.79286;-0.609689;0.009765;89.0;0.0;0.0;1.0;0.0;0.0
4.0;1753880916.680793;17.222841;0.7;-1.18;0.09;0.792536;-0.609631;0.010423;88.5;0.0;0.0;1.0;0.0;0.0
4.0;1753880916.685401;17.209625;0.61;-1.19;0.12;0.792941;-0.609385;0.010546;90.4;0.0;0.0;1.0;0.0;0.0
4.0;1753880916.690009;17.202962;0.63;-1.18;0.11;0.792654;-0.61001;0.011594;88.8;0.0;0.0;1.0;0.0;0.0
4.0;1753880916.694617;17.200933;0.64;-1.15;0.13;0.793845;-0.610235;0.010129;89.0;0.0;0.0;1.0;0.0;0.0
4.0;1753880916.699226;17.222142;0.61;-1.23;0.04;0.792987;-0.610101;0.011442;88.0;0.0;0.0;1.0;0.0;0.0
4.0;1753880916.7059;17.21875;0.63;-1.19;0.07;0.792756;-0.609878;0.011224;89.0;0.0;0.0;1.0;0.0;0.0
4.0;1753880916.70795;17.191406;0.7;-1.12;0.07;0.789218;-0.60878;0.010858;91.0;0.0;0.0;1.0;0.0;0.0
4.0;1753880916.712558;17.212728;0.64;-1.14;0.05;0.789731;-0.607594;0.011348;91.5;0.0;0.0;1.0;0.0;0.0
4.0;1753880916.717166;17.155999;0.72;-1.07;0.02;0.790105;-0.607977;0.011305;92.1;0.0;0.0;1.0;0.0;0.0
4.0;1753880916.721774;17.194318;0.68;-1.1;0.04;0.789349;-0.608269;0.010374;89.9;0.0;0.0;1.0;0.0;0.0
4.0;1753880916.726383;17.176746;0.67;-1.1;0.01;0.79121;-0.609321;0.01104;90.3;0.0;0.0;1.0;0.0;0.0
4.0;1753880916.730991;17.187441;0.72;-1.15;0.1;0.790179;-0.608924;0.011456;90.3;0.0;0.0;1.0;0.0;0.0
4.0;1753880916.735599;17.188966;0.67;-1.18;-0.04;0.792023;-0.607986;0.011431;90.2;0.0;0.0;1.0;0.0;0.0
4.0;1753880916.740207;17.160445;0.64;-1.11;0.09;0.788899;-0.609839;0.011185;92.0;0.0;0.0;1.0;0.0;0.0
4.0;1753880916.744815;17.237186;0.63;-1.1;0.08;0.791445;-0.607385;0.011257;90.5;0.0;0.0;1.0;0.0;0.0
4.0;1753880916.749424;17.230338;0.68;-1.15;0.02;0.790873;-0.608262;0.01048;91.8;0.0;0.0;1.0;0.0;0.0
4.0;1753880916.75376;17.191406;0.63;-1.12;0.07;0.79117;-0.608048;0.011712;91.0;0.0;0.0;1.0;0.0;0.0
4.0;1753880916.758368;17.191544;0.59;-1.13;-0.06;0.791409;-0.607453;0.011579;91.9;0.0;0.0;1.0;0.0;0.0
4.0;1753880916.762976;17.179609;0.73;-1.15;0.05;0.790049;-0.608125;0.012346;90.8;0.0;0.0;1.0;0.0;0.0
4.0;1753880916.767584;17.169948;0.6;-1.18;0.07;0.791571;-0.60805;0.010929;92.0;0.0;0.0;1.0;0.0;0.0
4.0;1753880916.772192;17.131139;0.64;-1.11;0.05;0.790755;-0.609913;0.0109;90.6;0.0;0.0;1.0;0.0;0.0
4.0;1753880916.776801;17.256228;0.62;-1.16;0.1;0.790871;-0.608239;0.011683;92.1;0.0;0.0;1.0;0.0;0.0
4.0;1753880916.781409;17.185968;0.61;-1.13;0.06;0.792421;-0.609571;0.012319;91.9;0.0;0.0;1.0;0.0;0.0
4.0;1753880916.786017;17.169736;0.6;-1.13;0.09;0.791287;-0.607896;0.012583;91.6;0.0;0.0;1.0;0.0;0.0
4.0;1753880916.790625;17.222933;0.63;-1.22;0.06;0.790528;-0.608404;0.012944;91.3;0.0;0.0;1.0;0.0;0.0
4.0;1753880916.795233;17.196767;0.68;-1.2;0.01;0.790332;-0.6086;0.012601;90.0;0.0;0.0;1.0;0.0;0.0
4.0;1753880916.799842;17.192873;0.59;-1.19;0.02;0.789465;-0.609131;0.01236;90.6;0.0;0.0;1.0;0.0;0.0
4.0;1753880916.80654;17.191406;0.63;-1.19;0.07;0.790926;-0.609146;0.012444;91.0;0.0;0.0;1.0;0.0;0.0
4.0;1753880916.811148;17.185331;0.58;-1.25;-0.01;0.789026;-0.607785;0.012284;92.1;0.0;0.0;1.0;0.0;0.0
4.0;1753880916.815756;17.186278;0.56;-1.16;0.16;0.789913;-0.608959;0.012063;91.2;0.0;0.0;1.0;0.0;0.0
4.0;1753880916.820364;17.1843;0.49;-1.19;0.15;0.790405;-0.609115;0.011015;91.3;0.0;0.0;1.0;0.0;0.0
4.0;1753880916.824973;17.192066;0.63;-1.15;0.11;0.791872;-0.608581;0.013345;89.9;0.0;0.0;1.0;0.0;0.0
4.0;1753880916.829581;17.217569;0.65;-1.17;0.03;0.789594;-0.611264;0.012522;89.9;0.0;0.0;1.0;0.0;0.0
4.0;1753880916.834189;17.194328;0.54;-1.15;0.1;0.790503;-0.609525;0.010875;92.0;0.0;0.0;1.0;0.0;0.0
4.0;1753880916.838797;17.169914;0.57;-1.12;0.17;0.79022;-0.610237;0.011182;92.6;0.0;0.0;1.0;0.0;0.0
4.0;1753880916.84475;17.191406;0.56;-1.12;0.14;0.78995;-0.610732;0.010492;91.0;0.0;0.0;1.0;0.0;0.0
4.0;1753880916.849358;17.164495;0.56;-1.13;0.16;0.790897;-0.610604;0.010483;90.1;0.0;0.0;1.0;0.0;0.0
4.0;1753880916.853966;17.166092;0.67;-1.08;0.16;0.789832;-0.60994;0.010931;91.1;0.0;0.0;1.0;0.0;0.0
4.0;1753880916.858574;17.187939;0.62;-1.12;0.26;0.78877;-0.607835;0.012613;90.7;0.0;0.0;1.0;0.0;0.0
4.0;1753880916.863182;17.194061;0.59;-1.15;0.1;0.791218;-0.609929;0.010702;93.0;0.0;0.0;1.0;0.0;0.0
4.0;1753880916.867791;17.186288;0.61;-1.04;0.1;0.790747;-0.607093;0.012213;90.0;0.0;0.0;1.0;0.0;0.0
4.0;1753880916.872399;17.216411;0.53;-1.1;0.09;0.789016;-0.609112;0.011511;90.1;0.0;0.0;1.0;0.0;0.0
4.0;1753880916.877007;17.218793;0.72;-1.08;-0.0;0.790234;-0.607811;0.012315;89.2;0.0;0.0;1.0;0.0;0.0
4.0;1753880916.881615;17.19438;0.58;-1.09;-0.0;0.790357;-0.608649;0.01089;88.0;0.0;0.0;1.0;0.0;0.0
4.0;1753880916.886223;17.185751;0.66;-1.1;0.14;0.790505;-0.608176;0.01143;89.2;0.0;0.0;1.0;0.0;0.0
4.0;1753880916.89278;17.191406;0.63;-1.12;0.07;0.792024;-0.607804;0.01159;89.0;0.0;0.0;1.0;0.0;0.0
4.0;1753880916.897388;17.237787;0.7;-1.11;0.08;0.79204;-0.608577;0.01129;88.5;0.0;0.0;1.0;0.0;0.0
4.0;1753880916.901996;17.179273;0.7;-1.22;0.13;0.792682;-0.609188;0.012759;89.0;0.0;0.0;1.0;0.0;0.0
4.0;1753880916.906604;17.204803;0.59;-1.16;0.15;0.790172;-0.608828;0.012471;89.3;0.0;0.0;1.0;0.0;0.0
4.0;1753880916.911212;17.225509;0.59;-1.16;0.13;0.790584;-0.60845;0.013475;88.3;0.0;0.0;1.0;0.0;0.0
4.0;1753880916.91582;17.166732;0.6;-1.16;0.12;0.791694;-0.608862;0.012891;88.6;0.0;0.0;1.0;0.0;0.0
4.0;1753880916.920429;17.187809;0.6;-1.18;0.04;0.791205;-0.610624;0.012925;90.8;0.0;0.0;1.0;0.0;0.0
4.0;1753880916.925037;17.181724;0.63;-1.18;0.05;0.789651;-0.610216;0.012833;88.5;0.0;0.0;1.0;0.0;0.0
4.0;1753880916.929645;17.178443;0.61;-1.13;0.22;0.790141;-0.609412;0.0127;91.5;0.0;0.0;1.0;0.0;0.0
4.0;1753880916.93534;17.191406;0.63;-1.19;0.14;0.790194;-0.610244;0.013054;89.0;0.0;0.0;1.0;0.0;0.0
4.0;1753880916.935553;17.144531;0.7;-1.12;0.07;0.794342;-0.608902;0.012566;87.0;0.0;0.0;1.0;0.0;0.0
4.0;1753880916.940437;17.167969;0.63;-1.19;0.07;0.790682;-0.610732;0.01159;87.0;0.0;0.0;1.0;0.0;0.0
4.0;1753880916.945797;17.167969;0.63;-1.19;0.07;0.791902;-0.608902;0.011224;87.0;0.0;0.0;1.0;0.0;0.0
4.0;1753880916.949195;17.167969;0.63;-1.12;0.07;0.792756;-0.609024;0.01159;87.0;0.0;0.0;1.0;0.0;0.0
4.0;1753880916.954749;17.167969;0.7;-1.12;0.07;0.790438;-0.610366;0.011834;87.0;0.0;0.0;1.0;0.0;0.0
4.0;1753880916.958305;17.152344;0.56;-1.12;0.14;0.793;-0.60878;0.01159;87.0;0.0;0.0;1.0;0.0;0.0
4.0;1753880916.964129;17.152344;0.63;-1.12;0.07;0.791902;-0.607926;0.011834;87.0;0.0;0.0;1.0;0.0;0.0
4.0;1753880916.967857;17.152344;0.7;-1.26;0.07;0.790194;-0.60939;0.012322;87.0;0.0;0.0;1.0;0.0;0.0
4.0;1753880916.972465;17.146659;0.72;-1.22;0.11;0.792937;-0.608962;0.011435;87.6;0.0;0.0;1.0;0.0;0.0
4.0;1753880916.977073;17.116595;0.55;-1.2;-0.07;0.794575;-0.610907;0.010797;86.8;0.0;0.0;1.0;0.0;0.0
4.0;1753880916.982897;17.136719;0.63;-1.12;0.0;0.792878;-0.610122;0.01037;87.0;0.0;0.0;1.0;0.0;0.0
4.0;1753880916.985599;17.136719;0.56;-1.12;0.07;0.790682;-0.609512;0.010614;87.0;0.0;0.0;1.0;0.0;0.0
4.0;1753880916.990207;17.152018;0.52;-1.19;0.08;0.791703;-0.607994;0.010691;87.2;0.0;0.0;1.0;0.0;0.0
4.0;1753880916.996031;17.179688;0.56;-1.19;0.07;0.792512;-0.608658;0.011102;87.0;0.0;0.0;1.0;0.0;0.0
4.0;1753880916.999402;17.179688;0.63;-1.12;0.07;0.792512;-0.608658;0.011102;87.0;0.0;0.0;1.0;0.0;0.0
4.0;1753880917.00401;17.199388;0.67;-1.14;0.05;0.792484;-0.610312;0.011133;86.7;0.0;0.0;1.0;0.0;0.0
4.0;1753880917.008618;17.181132;0.54;-1.11;-0.01;0.792492;-0.608461;0.010139;87.4;0.0;0.0;1.0;0.0;0.0
4.0;1753880917.013226;17.174391;0.56;-1.16;0.06;0.793111;-0.608984;0.011779;86.2;0.0;0.0;1.0;0.0;0.0
4.0;1753880917.017835;17.192936;0.62;-1.17;0.06;0.792244;-0.607832;0.010927;87.4;0.0;0.0;1.0;0.0;0.0
4.0;1753880917.022443;17.192535;0.68;-1.04;0.08;0.79306;-0.609591;0.011192;86.8;0.0;0.0;1.0;0.0;0.0
4.0;1753880917.027051;17.168313;0.64;-1.12;0.01;0.791472;-0.608406;0.010807;87.5;0.0;0.0;1.0;0.0;0.0
4.0;1753880917.031659;17.184925;0.68;-1.13;-0.03;0.793169;-0.608905;0.011666;87.1;0.0;0.0;1.0;0.0;0.0
4.0;1753880917.036267;17.174912;0.6;-1.07;0.07;0.79253;-0.611656;0.010182;86.4;0.0;0.0;1.0;0.0;0.0
4.0;1753880917.040876;17.178231;0.64;-1.12;0.1;0.790952;-0.608243;0.012415;86.5;0.0;0.0;1.0;0.0;0.0
4.0;1753880917.045484;17.161172;0.54;-1.17;0.12;0.794081;-0.610672;0.011351;86.6;0.0;0.0;1.0;0.0;0.0
4.0;1753880917.050092;17.181089;0.62;-1.11;0.02;0.792641;-0.607501;0.010462;87.3;0.0;0.0;1.0;0.0;0.0
4.0;1753880917.0547;17.18982;0.71;-1.07;0.05;0.79184;-0.609;0.010103;86.7;0.0;0.0;1.0;0.0;0.0
4.0;1753880917.059308;17.187115;0.64;-1.19;0.11;0.790929;-0.608458;0.0114;87.1;0.0;0.0;1.0;0.0;0.0
4.0;1753880917.063916;17.195912;0.52;-1.18;0.12;0.794179;-0.609637;0.012362;87.1;0.0;0.0;1.0;0.0;0.0
4.0;1753880917.068524;17.170966;0.69;-1.18;0.06;0.792402;-0.609582;0.011385;86.9;0.0;0.0;1.0;0.0;0.0
4.0;1753880917.073132;17.200178;0.62;-1.04;0.08;0.79432;-0.609305;0.011851;87.2;0.0;0.0;1.0;0.0;0.0
4.0;1753880917.077741;17.135277;0.7;-1.16;0.02;0.793896;-0.608524;0.010167;87.3;0.0;0.0;1.0;0.0;0.0
4.0;1753880917.082349;17.170145;0.59;-1.16;0.05;0.791215;-0.607968;0.010993;88.0;0.0;0.0;1.0;0.0;0.0
4.0;1753880917.086957;17.20537;0.62;-1.06;0.05;0.792822;-0.60907;0.011283;87.0;0.0;0.0;1.0;0.0;0.0
4.0;1753880917.091565;17.18719;0.61;-1.1;0.01;0.791443;-0.61016;0.011896;86.9;0.0;0.0;1.0;0.0;0.0
4.0;1753880917.096173;17.188787;0.63;-1.15;0.08;0.79299;-0.609265;0.010616;87.0;0.0;0.0;1.0;0.0;0.0
4.0;1753880917.100782;17.180437;0.64;-1.23;0.08;0.791653;-0.608127;0.011823;86.5;0.0;0.0;1.0;0.0;0.0
4.0;1753880917.10539;17.198613;0.61;-1.1;0.14;0.79273;-0.609575;0.010911;87.1;0.0;0.0;1.0;0.0;0.0
4.0;1753880917.109998;17.164891;0.55;-1.22;0.02;0.79271;-0.609073;0.009868;87.1;0.0;0.0;1.0;0.0;0.0
4.0;1753880917.114606;17.175578;0.67;-1.02;0.09;0.790896;-0.609739;0.009904;86.7;0.0;0.0;1.0;0.0;0.0
4.0;1753880917.119214;17.21117;0.65;-1.13;0.17;0.791405;-0.610684;0.010274;86.2;0.0;0.0;1.0;0.0;0.0
4.0;1753880917.123822;17.184745;0.52;-1.03;0.08;0.790701;-0.607324;0.013528;88.0;0.0;0.0;1.0;0.0;0.0
4.0;1753880917.12843;17.187631;0.66;-1.02;0.06;0.790655;-0.610541;0.011417;86.6;0.0;0.0;1.0;0.0;0.0
4.0;1753880917.133038;17.173733;0.62;-1.07;0.09;0.792669;-0.609071;0.012038;87.5;0.0;0.0;1.0;0.0;0.0
4.0;1753880917.137647;17.198045;0.57;-1.09;0.03;0.790756;-0.610502;0.009632;87.6;0.0;0.0;1.0;0.0;0.0
4.0;1753880917.142255;17.171699;0.55;-1.25;0.08;0.792602;-0.609427;0.011197;87.4;0.0;0.0;1.0;0.0;0.0
4.0;1753880917.146863;17.174202;0.7;-1.17;0.04;0.791749;-0.609281;0.009983;86.9;0.0;0.0;1.0;0.0;0.0
4.0;1753880917.151471;17.190233;0.63;-1.14;0.07;0.792858;-0.609035;0.012273;87.6;0.0;0.0;1.0;0.0;0.0
4.0;1753880917.156079;17.172485;0.63;-1.15;0.13;0.790995;-0.609677;0.010415;86.8;0.0;0.0;1.0;0.0;0.0
4.0;1753880917.160688;17.177136;0.6;-1.14;0.11;0.792027;-0.609018;0.010455;87.5;0.0;0.0;1.0;0.0;0.0
4.0;1753880917.165296;17.186986;0.61;-1.2;0.06;0.793075;-0.610213;0.01063;86.8;0.0;0.0;1.0;0.0;0.0
4.0;1753880917.169904;17.19994;0.7;-1.11;0.01;0.792581;-0.611106;0.009266;86.3;0.0;0.0;1.0;0.0;0.0
4.0;1753880917.174512;17.175936;0.73;-1.09;0.05;0.791121;-0.61003;0.011597;87.7;0.0;0.0;1.0;0.0;0.0
4.0;1753880917.17912;17.16388;0.6;-1.22;0.05;0.791627;-0.607999;0.01094;87.0;0.0;0.0;1.0;0.0;0.0
4.0;1753880917.183728;17.175038;0.65;-1.15;0.11;0.792339;-0.610823;0.011039;87.1;0.0;0.0;1.0;0.0;0.0
4.0;1753880917.188336;17.201511;0.72;-1.2;0.04;0.791815;-0.611341;0.011659;86.3;0.0;0.0;1.0;0.0;0.0
4.0;1753880917.192944;17.179707;0.7;-1.08;0.1;0.792523;-0.611296;0.009818;87.4;0.0;0.0;1.0;0.0;0.0
4.0;1753880917.197553;17.181462;0.56;-1.1;0.06;0.790084;-0.608893;0.011495;86.3;0.0;0.0;1.0;0.0;0.0
4.0;1753880917.202161;17.185387;0.54;-1.21;-0.01;0.791783;-0.609814;0.012417;87.6;0.0;0.0;1.0;0.0;0.0
4.0;1753880917.206769;17.172755;0.59;-1.18;0.08;0.793571;-0.609678;0.010897;86.9;0.0;0.0;1.0;0.0;0.0
4.0;1753880917.211377;17.175849;0.69;-1.02;0.0;0.791291;-0.608211;0.010997;86.7;0.0;0.0;1.0;0.0;0.0
4.0;1753880917.215985;17.175579;0.6;-1.27;0.02;0.79066;-0.609565;0.011543;87.2;0.0;0.0;1.0;0.0;0.0
4.0;1753880917.220594;17.171089;0.62;-1.23;0.04;0.791144;-0.608755;0.009856;86.1;0.0;0.0;1.0;0.0;0.0
4.0;1753880917.225202;17.15683;0.67;-1.14;0.13;0.79126;-0.610481;0.010012;87.1;0.0;0.0;1.0;0.0;0.0
4.0;1753880917.22981;17.192552;0.66;-1.19;0.04;0.791857;-0.609181;0.011629;86.4;0.0;0.0;1.0;0.0;0.0
4.0;1753880917.234418;17.177567;0.7;-1.22;0.04;0.792447;-0.610404;0.011412;86.7;0.0;0.0;1.0;0.0;0.0
4.0;1753880917.239026;17.189128;0.69;-1.21;0.14;0.790907;-0.609997;0.010261;87.1;0.0;0.0;1.0;0.0;0.0
4.0;1753880917.243634;17.174533;0.6;-1.17;0.04;0.79427;-0.609996;0.010311;88.2;0.0;0.0;1.0;0.0;0.0
4.0;1753880917.248242;17.181371;0.57;-1.09;-0.01;0.79169;-0.610386;0.011819;87.3;0.0;0.0;1.0;0.0;0.0
4.0;1753880917.25285;17.177719;0.67;-1.26;0.03;0.792045;-0.609538;0.0108;86.8;0.0;0.0;1.0;0.0;0.0
4.0;1753880917.257459;17.187705;0.61;-1.19;0.05;0.791383;-0.609928;0.011055;86.8;0.0;0.0;1.0;0.0;0.0
4.0;1753880917.262067;17.195872;0.61;-1.13;0.09;0.790584;-0.610479;0.011179;86.7;0.0;0.0;1.0;0.0;0.0
4.0;1753880917.266675;17.163453;0.68;-1.05;0.06;0.792117;-0.609655;0.010419;87.3;0.0;0.0;1.0;0.0;0.0
4.0;1753880917.271283;17.196248;0.62;-1.25;0.07;0.792609;-0.611283;0.008584;86.7;0.0;0.0;1.0;0.0;0.0
4.0;1753880917.275891;17.179908;0.65;-1.19;0.13;0.79202;-0.611846;0.010284;87.6;0.0;0.0;1.0;0.0;0.0
4.0;1753880917.2805;17.16508;0.59;-1.17;0.08;0.79061;-0.611004;0.010877;87.0;0.0;0.0;1.0;0.0;0.0
4.0;1753880917.285108;17.172214;0.62;-1.18;0.08;0.790574;-0.608295;0.0101;86.2;0.0;0.0;1.0;0.0;0.0
4.0;1753880917.289716;17.203304;0.65;-1.1;0.12;0.790233;-0.611587;0.011658;87.0;0.0;0.0;1.0;0.0;0.0
4.0;1753880917.294324;17.204936;0.66;-1.16;0.05;0.792257;-0.609883;0.011391;86.7;0.0;0.0;1.0;0.0;0.0
4.0;1753880917.298932;17.171988;0.67;-1.12;-0.03;0.79127;-0.607058;0.011495;87.1;0.0;0.0;1.0;0.0;0.0
4.0;1753880917.30354;17.177271;0.67;-1.18;0.07;0.791987;-0.612127;0.010085;87.0;0.0;0.0;1.0;0.0;0.0
4.0;1753880917.308148;17.181896;0.56;-1.16;0.08;0.793799;-0.610387;0.012607;86.6;0.0;0.0;1.0;0.0;0.0
4.0;1753880917.312756;17.168198;0.55;-1.19;0.09;0.790891;-0.609784;0.011422;86.8;0.0;0.0;1.0;0.0;0.0
4.0;1753880917.317365;17.190704;0.69;-1.21;0.14;0.791734;-0.610098;0.011553;87.1;0.0;0.0;1.0;0.0;0.0
4.0;1753880917.321973;17.160869;0.68;-1.2;0.04;0.793365;-0.610554;0.010294;86.3;0.0;0.0;1.0;0.0;0.0
4.0;1753880917.326581;17.170476;0.68;-1.13;0.08;0.790959;-0.611036;0.010922;87.0;0.0;0.0;1.0;0.0;0.0
4.0;1753880917.331189;17.175595;0.67;-1.37;0.1;0.792539;-0.611035;0.009645;87.3;0.0;0.0;1.0;0.0;0.0
4.0;1753880917.335797;17.162919;0.57;-1.19;0.02;0.790359;-0.609619;0.011278;88.0;0.0;0.0;1.0;0.0;0.0
4.0;1753880917.340406;17.165362;0.57;-1.23;0.08;0.791315;-0.610111;0.009996;86.7;0.0;0.0;1.0;0.0;0.0
4.0;1753880917.345014;17.164;0.63;-1.12;0.07;0.791886;-0.610479;0.010802;87.0;0.0;0.0;1.0;0.0;0.0
4.0;1753880917.349622;17.148347;0.64;-1.15;0.1;0.790939;-0.610472;0.011434;86.7;0.0;0.0;1.0;0.0;0.0
4.0;1753880917.35423;17.164313;0.62;-1.15;0.03;0.79418;-0.609796;0.010481;86.6;0.0;0.0;1.0;0.0;0.0
4.0;1753880917.358838;17.174467;0.65;-1.17;0.03;0.792358;-0.609311;0.011427;86.3;0.0;0.0;1.0;0.0;0.0
4.0;1753880917.363446;17.188308;0.63;-1.12;0.13;0.790667;-0.609469;0.011032;86.1;0.0;0.0;1.0;0.0;0.0
4.0;1753880917.368054;17.182253;0.67;-1.21;0.02;0.793592;-0.608096;0.010969;86.8;0.0;0.0;1.0;0.0;0.0
4.0;1753880917.372662;17.201869;0.59;-1.26;0.13;0.791699;-0.608402;0.010167;86.9;0.0;0.0;1.0;0.0;0.0
4.0;1753880917.377271;17.171024;0.64;-1.12;0.12;0.789694;-0.610148;0.010003;86.6;0.0;0.0;1.0;0.0;0.0
4.0;1753880917.381879;17.183118;0.55;-1.19;-0.0;0.791824;-0.611006;0.01032;87.5;0.0;0.0;1.0;0.0;0.0
4.0;1753880917.386487;17.16752;0.62;-1.2;0.01;0.792673;-0.610153;0.010459;87.0;0.0;0.0;1.0;0.0;0.0
4.0;1753880917.391095;17.158636;0.58;-1.3;0.04;0.790612;-0.60808;0.010892;86.0;0.0;0.0;1.0;0.0;0.0
4.0;1753880917.395703;17.184906;0.57;-1.18;0.02;0.790575;-0.61029;0.010097;87.4;0.0;0.0;1.0;0.0;0.0
4.0;1753880917.400312;17.167524;0.6;-1.21;0.06;0.790012;-0.610942;0.010778;87.5;0.0;0.0;1.0;0.0;0.0
4.0;1753880917.4066;17.179688;0.63;-1.19;0.07;0.791536;-0.610488;0.010736;87.0;0.0;0.0;1.0;0.0;0.0
4.0;1753880917.411208;17.178109;0.66;-1.19;0.01;0.78982;-0.609907;0.010393;87.6;0.0;0.0;1.0;0.0;0.0
4.0;1753880917.415816;17.176905;0.64;-1.2;0.1;0.790262;-0.610666;0.009223;87.5;0.0;0.0;1.0;0.0;0.0
4.0;1753880917.420424;17.175747;0.61;-1.19;0.08;0.791579;-0.610063;0.010174;86.8;0.0;0.0;1.0;0.0;0.0
4.0;1753880917.425032;17.164073;0.68;-1.2;0.06;0.792556;-0.611271;0.01037;87.2;0.0;0.0;1.0;0.0;0.0
4.0;1753880917.429641;17.168433;0.68;-1.19;0.11;0.791215;-0.611676;0.01154;86.1;0.0;0.0;1.0;0.0;0.0
4.0;1753880917.434249;17.18733;0.62;-1.22;0.09;0.793754;-0.609828;0.009767;87.5;0.0;0.0;1.0;0.0;0.0
4.0;1753880917.438857;17.159831;0.58;-1.18;0.09;0.792032;-0.610086;0.011233;87.0;0.0;0.0;1.0;0.0;0.0
4.0;1753880917.443465;17.171412;0.64;-1.19;0.07;0.790239;-0.61061;0.010614;86.6;0.0;0.0;1.0;0.0;0.0
4.0;1753880917.448074;17.205323;0.64;-1.13;0.01;0.790475;-0.610494;0.010882;86.9;0.0;0.0;1.0;0.0;0.0
4.0;1753880917.452682;17.193325;0.61;-1.16;0.11;0.789727;-0.610854;0.009466;87.8;0.0;0.0;1.0;0.0;0.0
4.0;1753880917.45729;17.169374;0.61;-1.11;0.15;0.792511;-0.610192;0.010858;86.5;0.0;0.0;1.0;0.0;0.0
4.0;1753880917.461898;17.177325;0.67;-1.24;-0.01;0.790502;-0.609957;0.009996;87.2;0.0;0.0;1.0;0.0;0.0
4.0;1753880917.466506;17.176523;0.66;-1.12;0.03;0.792104;-0.610145;0.011932;86.7;0.0;0.0;1.0;0.0;0.0
4.0;1753880917.471114;17.199071;0.72;-1.24;0.07;0.79115;-0.610157;0.011432;86.3;0.0;0.0;1.0;0.0;0.0
4.0;1753880917.475722;17.178984;0.7;-1.14;0.05;0.793125;-0.610397;0.009372;86.7;0.0;0.0;1.0;0.0;0.0
4.0;1753880917.48033;17.175184;0.7;-1.16;0.06;0.791965;-0.611566;0.01062;87.1;0.0;0.0;1.0;0.0;0.0
4.0;1753880917.484938;17.189534;0.68;-1.19;0.11;0.790286;-0.610284;0.011321;86.8;0.0;0.0;1.0;0.0;0.0
4.0;1753880917.489547;17.177459;0.57;-1.19;0.04;0.791811;-0.60977;0.011531;86.5;0.0;0.0;1.0;0.0;0.0
4.0;1753880917.494155;17.194394;0.63;-1.15;0.01;0.792054;-0.610448;0.011774;87.4;0.0;0.0;1.0;0.0;0.0
4.0;1753880917.498763;17.190586;0.6;-1.23;0.03;0.792103;-0.610045;0.010714;86.4;0.0;0.0;1.0;0.0;0.0
4.0;1753880917.503371;17.202705;0.6;-1.2;0.09;0.792262;-0.610022;0.009866;87.3;0.0;0.0;1.0;0.0;0.0
4.0;1753880917.50798;17.163056;0.62;-1.13;0.06;0.792661;-0.608518;0.011061;86.6;0.0;0.0;1.0;0.0;0.0
4.0;1753880917.512588;17.183851;0.61;-1.15;0.06;0.792992;-0.609341;0.010926;86.3;0.0;0.0;1.0;0.0;0.0
4.0;1753880917.517196;17.176152;0.53;-1.2;0.09;0.790376;-0.609854;0.01035;86.9;0.0;0.0;1.0;0.0;0.0
4.0;1753880917.521804;17.172119;0.67;-1.02;0.03;0.789418;-0.609889;0.009902;87.1;0.0;0.0;1.0;0.0;0.0
4.0;1753880917.526412;17.172985;0.69;-1.1;-0.0;0.791332;-0.608983;0.011822;86.4;0.0;0.0;1.0;0.0;0.0
4.0;1753880917.53102;17.178898;0.57;-1.15;0.05;0.792842;-0.609528;0.010476;87.7;0.0;0.0;1.0;0.0;0.0
4.0;1753880917.535628;17.187303;0.68;-1.17;0.05;0.793255;-0.609436;0.010681;87.0;0.0;0.0;1.0;0.0;0.0
4.0;1753880917.540236;17.21292;0.57;-1.13;0.12;0.792693;-0.609242;0.011998;87.2;0.0;0.0;1.0;0.0;0.0
4.0;1753880917.544845;17.201847;0.68;-1.16;0.03;0.791702;-0.608902;0.010304;87.6;0.0;0.0;1.0;0.0;0.0
4.0;1753880917.549453;17.171147;0.62;-1.18;0.04;0.793257;-0.610492;0.010161;87.4;0.0;0.0;1.0;0.0;0.0
4.0;1753880917.554061;17.172868;0.72;-1.1;-0.01;0.792537;-0.608625;0.011625;87.6;0.0;0.0;1.0;0.0;0.0
4.0;1753880917.558669;17.182223;0.61;-1.14;0.08;0.793238;-0.609552;0.011741;87.4;0.0;0.0;1.0;0.0;0.0
4.0;1753880917.563277;17.155149;0.68;-1.13;0.14;0.792549;-0.610278;0.011368;86.9;0.0;0.0;1.0;0.0;0.0
4.0;1753880917.567886;17.180237;0.58;-1.12;0.05;0.791508;-0.609365;0.011558;86.8;0.0;0.0;1.0;0.0;0.0
4.0;1753880917.572494;17.169765;0.53;-1.16;-0.01;0.788907;-0.609152;0.01168;86.9;0.0;0.0;1.0;0.0;0.0
4.0;1753880917.577102;17.177876;0.56;-1.13;0.06;0.792773;-0.609058;0.009675;87.6;0.0;0.0;1.0;0.0;0.0
4.0;1753880917.58171;17.169091;0.61;-1.14;-0.02;0.790933;-0.609561;0.009853;86.9;0.0;0.0;1.0;0.0;0.0
4.0;1753880917.586318;17.182833;0.62;-1.14;0.1;0.793931;-0.611523;0.010338;87.0;0.0;0.0;1.0;0.0;0.0
4.0;1753880917.590926;17.196925;0.64;-1.12;-0.04;0.791311;-0.609178;0.010654;88.1;0.0;0.0;1.0;0.0;0.0
4.0;1753880917.595534;17.194532;0.59;-1.15;0.09;0.790893;-0.609781;0.011628;87.1;0.0;0.0;1.0;0.0;0.0
4.0;1753880917.600142;17.198118;0.62;-1.13;-0.04;0.792689;-0.609938;0.011622;85.9;0.0;0.0;1.0;0.0;0.0
4.0;1753880917.604751;17.184569;0.68;-1.1;0.05;0.791824;-0.610183;0.010741;87.1;0.0;0.0;1.0;0.0;0.0
4.0;1753880917.609359;17.173028;0.57;-1.09;0.04;0.792516;-0.610231;0.010634;87.7;0.0;0.0;1.0;0.0;0.0
4.0;1753880917.613967;17.179335;0.65;-1.15;0.07;0.792269;-0.610931;0.010935;86.5;0.0;0.0;1.0;0.0;0.0
4.0;1753880917.618575;17.215142;0.63;-1.04;0.11;0.791433;-0.609606;0.010702;87.2;0.0;0.0;1.0;0.0;0.0
4.0;1753880917.623183;17.17929;0.62;-1.1;0.04;0.794586;-0.609154;0.010256;86.7;0.0;0.0;1.0;0.0;0.0
4.0;1753880917.627792;17.206742;0.56;-1.13;0.02;0.790327;-0.610229;0.01017;87.0;0.0;0.0;1.0;0.0;0.0
4.0;1753880917.6324;17.20025;0.68;-1.1;0.01;0.795929;-0.611135;0.010881;87.6;0.0;0.0;1.0;0.0;0.0
4.0;1753880917.637008;17.169963;0.57;-1.17;0.07;0.794576;-0.611402;0.01023;87.0;0.0;0.0;1.0;0.0;0.0
4.0;1753880917.641616;17.157316;0.59;-1.07;0.01;0.79304;-0.609726;0.01023;86.8;0.0;0.0;1.0;0.0;0.0
4.0;1753880917.646224;17.177842;0.68;-1.11;0.07;0.791275;-0.609994;0.011694;86.5;0.0;0.0;1.0;0.0;0.0
4.0;1753880917.650832;17.190223;0.64;-1.12;-0.06;0.791166;-0.609256;0.011139;86.5;0.0;0.0;1.0;0.0;0.0
4.0;1753880917.65544;17.18343;0.64;-1.14;-0.01;0.793341;-0.610754;0.011805;86.4;0.0;0.0;1.0;0.0;0.0
4.0;1753880917.660048;17.181127;0.72;-1.2;0.12;0.794425;-0.610055;0.010469;86.5;0.0;0.0;1.0;0.0;0.0
4.0;1753880917.664657;17.154233;0.65;-1.16;-0.02;0.794447;-0.609782;0.010634;86.9;0.0;0.0;1.0;0.0;0.0
4.0;1753880917.669265;17.190034;0.72;-1.17;0.05;0.792773;-0.609463;0.011289;86.2;0.0;0.0;1.0;0.0;0.0
4.0;1753880917.673873;17.217732;0.55;-1.1;0.05;0.793146;-0.609296;0.011303;86.5;0.0;0.0;1.0;0.0;0.0
4.0;1753880917.678481;17.181871;0.62;-1.06;-0.03;0.791064;-0.609365;0.011342;86.4;0.0;0.0;1.0;0.0;0.0
4.0;1753880917.683089;17.174059;0.58;-1.13;0.05;0.791973;-0.609273;0.010842;86.9;0.0;0.0;1.0;0.0;0.0
4.0;1753880917.687698;17.176881;0.65;-1.02;0.04;0.790595;-0.611637;0.010754;87.5;0.0;0.0;1.0;0.0;0.0
4.0;1753880917.692306;17.170006;0.66;-1.14;0.02;0.790692;-0.607863;0.011572;87.1;0.0;0.0;1.0;0.0;0.0
4.0;1753880917.696914;17.163639;0.69;-1.08;-0.01;0.792563;-0.607687;0.009964;86.5;0.0;0.0;1.0;0.0;0.0
4.0;1753880917.701522;17.200148;0.71;-1.12;0.06;0.792729;-0.607764;0.01186;86.8;0.0;0.0;1.0;0.0;0.0
4.0;1753880917.70613;17.181212;0.65;-1.1;-0.0;0.793643;-0.60692;0.010764;86.9;0.0;0.0;1.0;0.0;0.0
4.0;1753880917.710738;17.158154;0.64;-1.14;0.04;0.793129;-0.609846;0.010866;87.2;0.0;0.0;1.0;0.0;0.0
4.0;1753880917.715346;17.159793;0.6;-1.03;-0.01;0.796522;-0.608371;0.012376;86.0;0.0;0.0;1.0;0.0;0.0
4.0;1753880917.719954;17.176339;0.73;-1.06;0.05;0.793162;-0.608906;0.010143;87.0;0.0;0.0;1.0;0.0;0.0
4.0;1753880917.724563;17.188726;0.62;-1.11;-0.08;0.792737;-0.609062;0.010311;86.9;0.0;0.0;1.0;0.0;0.0
4.0;1753880917.729171;17.204016;0.59;-1.13;-0.01;0.79436;-0.609335;0.01181;87.1;0.0;0.0;1.0;0.0;0.0
4.0;1753880917.733779;17.161718;0.65;-1.11;0.06;0.79191;-0.608773;0.011156;87.5;0.0;0.0;1.0;0.0;0.0
4.0;1753880917.738387;17.173101;0.63;-1.1;-0.01;0.79364;-0.608817;0.01209;86.6;0.0;0.0;1.0;0.0;0.0
4.0;1753880917.742995;17.183248;0.69;-1.07;0.0;0.793962;-0.609603;0.009932;87.3;0.0;0.0;1.0;0.0;0.0
4.0;1753880917.747604;17.192503;0.59;-1.12;-0.04;0.792953;-0.609546;0.01043;86.7;0.0;0.0;1.0;0.0;0.0
4.0;1753880917.752212;17.195756;0.64;-1.03;-0.06;0.795916;-0.608973;0.009384;87.4;0.0;0.0;1.0;0.0;0.0
4.0;1753880917.75682;17.181053;0.58;-1.12;0.13;0.7924;-0.608038;0.010122;87.0;0.0;0.0;1.0;0.0;0.0
4.0;1753880917.761428;17.174155;0.73;-1.1;-0.04;0.792953;-0.608719;0.012113;87.3;0.0;0.0;1.0;0.0;0.0
4.0;1753880917.766036;17.218952;0.66;-0.98;0.01;0.792756;-0.610154;0.01065;86.1;0.0;0.0;1.0;0.0;0.0
4.0;1753880917.770644;17.202228;0.58;-1.05;0.03;0.794164;-0.608299;0.010022;87.8;0.0;0.0;1.0;0.0;0.0
4.0;1753880917.775252;17.184185;0.58;-1.13;0.05;0.794523;-0.609593;0.01227;87.1;0.0;0.0;1.0;0.0;0.0
4.0;1753880917.77986;17.192988;0.65;-1.12;0.07;0.794608;-0.60881;0.007797;86.5;0.0;0.0;1.0;0.0;0.0
4.0;1753880917.784469;17.163525;0.68;-1.09;-0.01;0.793946;-0.610052;0.010277;87.0;0.0;0.0;1.0;0.0;0.0
4.0;1753880917.789077;17.187083;0.63;-1.08;0.01;0.793511;-0.609626;0.009651;86.5;0.0;0.0;1.0;0.0;0.0
4.0;1753880917.793685;17.168893;0.65;-1.05;-0.05;0.792692;-0.607829;0.011012;87.3;0.0;0.0;1.0;0.0;0.0
4.0;1753880917.798293;17.181802;0.67;-1.09;-0.04;0.793447;-0.609113;0.012074;87.3;0.0;0.0;1.0;0.0;0.0
4.0;1753880917.802901;17.169013;0.66;-1.03;-0.1;0.793307;-0.608777;0.011071;87.3;0.0;0.0;1.0;0.0;0.0
4.0;1753880917.80751;17.162201;0.7;-1.07;-0.02;0.794669;-0.608507;0.010795;86.9;0.0;0.0;1.0;0.0;0.0
4.0;1753880917.812118;17.190407;0.61;-1.02;0.04;0.794755;-0.60671;0.012182;87.0;0.0;0.0;1.0;0.0;0.0
4.0;1753880917.816726;17.186105;0.65;-1.1;-0.01;0.793054;-0.608787;0.01063;86.6;0.0;0.0;1.0;0.0;0.0
4.0;1753880917.821334;17.173126;0.71;-1.05;0.04;0.79371;-0.609079;0.012067;86.6;0.0;0.0;1.0;0.0;0.0
4.0;1753880917.825942;17.196685;0.67;-1.06;0.05;0.794962;-0.608201;0.011;86.8;0.0;0.0;1.0;0.0;0.0
4.0;1753880917.83055;17.185741;0.67;-1.02;-0.0;0.79267;-0.609928;0.010258;86.8;0.0;0.0;1.0;0.0;0.0
4.0;1753880917.8369;17.179688;0.63;-1.05;0.0;0.793732;-0.609146;0.010858;87.0;0.0;0.0;1.0;0.0;0.0
4.0;1753880917.841508;17.183108;0.53;-1.09;-0.09;0.792138;-0.60872;0.011963;87.0;0.0;0.0;1.0;0.0;0.0
4.0;1753880917.846116;17.208307;0.65;-1.02;0.04;0.794101;-0.61039;0.013676;87.6;0.0;0.0;1.0;0.0;0.0
4.0;1753880917.850724;17.187632;0.71;-1.13;0.05;0.792594;-0.60895;0.012256;87.8;0.0;0.0;1.0;0.0;0.0
4.0;1753880917.85908;17.128906;0.7;-1.12;0.0;0.792634;-0.609634;0.01342;88.0;0.0;0.0;1.0;0.0;0.0
4.0;1753880917.863688;17.141515;0.74;-1.13;-0.06;0.793365;-0.609909;0.012941;89.2;0.0;0.0;1.0;0.0;0.0
4.0;1753880917.868296;17.135677;0.71;-1.16;-0.0;0.792592;-0.609531;0.013397;89.0;0.0;0.0;1.0;0.0;0.0
4.0;1753880917.872904;17.150637;0.76;-1.19;-0.04;0.793324;-0.609089;0.012954;88.2;0.0;0.0;1.0;0.0;0.0
4.0;1753880917.877512;17.086108;0.66;-1.05;0.05;0.791271;-0.609534;0.013315;88.6;0.0;0.0;1.0;0.0;0.0
4.0;1753880917.88212;17.155227;0.74;-1.13;-0.04;0.792085;-0.609963;0.011993;87.7;0.0;0.0;1.0;0.0;0.0
4.0;1753880917.886729;17.14684;0.7;-1.19;0.02;0.793481;-0.610407;0.013272;88.2;0.0;0.0;1.0;0.0;0.0
4.0;1753880917.891337;17.117946;0.72;-1.1;-0.03;0.793033;-0.609849;0.010904;88.1;0.0;0.0;1.0;0.0;0.0
4.0;1753880917.895945;17.125693;0.72;-1.11;-0.02;0.792051;-0.608999;0.011246;87.9;0.0;0.0;1.0;0.0;0.0
4.0;1753880917.900553;17.178511;0.75;-1.13;0.01;0.793557;-0.608566;0.011738;89.0;0.0;0.0;1.0;0.0;0.0
4.0;1753880917.905162;17.155838;0.68;-1.12;-0.08;0.791526;-0.610328;0.011393;87.4;0.0;0.0;1.0;0.0;0.0
4.0;1753880917.90977;17.174322;0.73;-1.19;-0.1;0.791767;-0.6089;0.011195;87.3;0.0;0.0;1.0;0.0;0.0
4.0;1753880917.914378;17.121226;0.64;-1.1;-0.06;0.791379;-0.60978;0.011579;88.3;0.0;0.0;1.0;0.0;0.0
4.0;1753880917.918986;17.143581;0.62;-1.2;0.07;0.793529;-0.608628;0.010406;88.2;0.0;0.0;1.0;0.0;0.0
4.0;1753880917.923594;17.133137;0.71;-1.21;-0.01;0.791541;-0.609003;0.010201;87.6;0.0;0.0;1.0;0.0;0.0
4.0;1753880917.928202;17.098613;0.72;-1.1;-0.07;0.793065;-0.610487;0.012616;87.3;0.0;0.0;1.0;0.0;0.0
4.0;1753880917.93281;17.124961;0.65;-1.2;0.01;0.792049;-0.608426;0.011901;88.8;0.0;0.0;1.0;0.0;0.0
4.0;1753880917.937418;17.098225;0.61;-1.15;-0.01;0.792819;-0.608808;0.011198;88.7;0.0;0.0;1.0;0.0;0.0
4.0;1753880917.942026;17.15298;0.76;-1.15;0.13;0.793183;-0.610975;0.009319;87.5;0.0;0.0;1.0;0.0;0.0
4.0;1753880917.946635;17.098381;0.61;-1.22;-0.03;0.791449;-0.60834;0.012445;87.7;0.0;0.0;1.0;0.0;0.0
4.0;1753880917.951243;17.088757;0.61;-1.16;0.05;0.792102;-0.608997;0.010395;88.9;0.0;0.0;1.0;0.0;0.0
4.0;1753880917.955851;17.109436;0.69;-1.26;0.06;0.79275;-0.608801;0.010793;87.4;0.0;0.0;1.0;0.0;0.0
4.0;1753880917.96335;17.128906;0.7;-1.19;0.0;0.792268;-0.609146;0.010126;88.0;0.0;0.0;1.0;0.0;0.0
4.0;1753880917.967958;17.08748;0.73;-1.18;-0.01;0.792453;-0.609204;0.010767;86.6;0.0;0.0;1.0;0.0;0.0
4.0;1753880917.972566;17.115985;0.67;-1.16;-0.02;0.789737;-0.608434;0.010372;88.6;0.0;0.0;1.0;0.0;0.0
4.0;1753880917.977174;17.078973;0.66;-1.17;0.07;0.791796;-0.609327;0.010794;87.6;0.0;0.0;1.0;0.0;0.0
4.0;1753880917.981782;17.08164;0.69;-1.09;-0.01;0.792178;-0.609047;0.011069;87.3;0.0;0.0;1.0;0.0;0.0
4.0;1753880917.98639;17.125363;0.62;-1.14;0.04;0.792167;-0.60919;0.0107;87.3;0.0;0.0;1.0;0.0;0.0
4.0;1753880917.99387;17.128906;0.7;-1.12;0.0;0.79117;-0.608902;0.011346;88.0;0.0;0.0;1.0;0.0;0.0
4.0;1753880917.996353;17.152344;0.63;-1.19;0.07;0.790438;-0.61;0.011712;87.0;0.0;0.0;1.0;0.0;0.0
4.0;1753880918.000961;17.143681;0.64;-1.17;0.15;0.789782;-0.608641;0.011186;89.0;0.0;0.0;1.0;0.0;0.0
4.0;1753880918.005569;17.160823;0.71;-1.17;0.1;0.789895;-0.610478;0.012918;87.8;0.0;0.0;1.0;0.0;0.0
4.0;1753880918.010177;17.177454;0.59;-1.18;0.11;0.790706;-0.610184;0.011308;87.2;0.0;0.0;1.0;0.0;0.0
4.0;1753880918.014785;17.133837;0.61;-1.15;0.09;0.791187;-0.610196;0.00967;87.1;0.0;0.0;1.0;0.0;0.0
4.0;1753880918.019394;17.166724;0.54;-1.18;0.08;0.791766;-0.611261;0.012938;86.5;0.0;0.0;1.0;0.0;0.0
4.0;1753880918.024002;17.175708;0.56;-1.12;0.08;0.790476;-0.60999;0.011733;87.0;0.0;0.0;1.0;0.0;0.0
4.0;1753880918.02861;17.165454;0.6;-1.16;0.05;0.791542;-0.609949;0.011701;86.9;0.0;0.0;1.0;0.0;0.0
4.0;1753880918.033218;17.19011;0.55;-1.17;0.02;0.790051;-0.609548;0.011939;87.3;0.0;0.0;1.0;0.0;0.0
4.0;1753880918.037826;17.141309;0.66;-1.19;0.06;0.789771;-0.609888;0.012205;86.6;0.0;0.0;1.0;0.0;0.0
4.0;1753880918.042434;17.12996;0.68;-1.2;0.07;0.790649;-0.61062;0.013493;87.0;0.0;0.0;1.0;0.0;0.0
4.0;1753880918.047042;17.169803;0.73;-1.25;0.04;0.790411;-0.608755;0.011224;88.7;0.0;0.0;1.0;0.0;0.0
4.0;1753880918.05165;17.169621;0.65;-1.2;0.07;0.790966;-0.609323;0.013352;87.2;0.0;0.0;1.0;0.0;0.0
4.0;1753880918.056259;17.148723;0.67;-1.18;0.05;0.790152;-0.610607;0.014144;86.7;0.0;0.0;1.0;0.0;0.0
4.0;1753880918.060867;17.142097;0.56;-1.17;-0.01;0.791048;-0.610775;0.012481;86.9;0.0;0.0;1.0;0.0;0.0
4.0;1753880918.065475;17.148407;0.57;-1.18;0.07;0.792028;-0.609531;0.011328;87.0;0.0;0.0;1.0;0.0;0.0
4.0;1753880918.070083;17.120631;0.57;-1.22;0.07;0.789975;-0.609108;0.010991;86.3;0.0;0.0;1.0;0.0;0.0
4.0;1753880918.074691;17.161829;0.62;-1.19;0.08;0.790094;-0.609881;0.011991;85.5;0.0;0.0;1.0;0.0;0.0
4.0;1753880918.0793;17.148526;0.61;-1.24;0.11;0.78949;-0.609687;0.012591;85.4;0.0;0.0;1.0;0.0;0.0
4.0;1753880918.083908;17.111386;0.57;-1.18;0.1;0.791481;-0.609878;0.01225;87.2;0.0;0.0;1.0;0.0;0.0
4.0;1753880918.088516;17.131625;0.75;-1.2;0.04;0.789599;-0.609542;0.011278;86.2;0.0;0.0;1.0;0.0;0.0
4.0;1753880918.093124;17.165539;0.63;-1.18;0.14;0.790974;-0.609333;0.011465;85.3;0.0;0.0;1.0;0.0;0.0
4.0;1753880918.097732;17.15799;0.58;-1.15;0.11;0.789818;-0.609963;0.0108;86.1;0.0;0.0;1.0;0.0;0.0
4.0;1753880918.10234;17.195987;0.53;-1.23;0.06;0.789979;-0.610244;0.010904;86.5;0.0;0.0;1.0;0.0;0.0
4.0;1753880918.106948;17.186496;0.64;-1.18;0.07;0.792432;-0.609975;0.011397;86.2;0.0;0.0;1.0;0.0;0.0
4.0;1753880918.111556;17.153212;0.66;-1.17;0.07;0.791583;-0.609262;0.012485;86.2;0.0;0.0;1.0;0.0;0.0
4.0;1753880918.116165;17.144932;0.71;-1.25;0.07;0.79074;-0.609876;0.011452;86.9;0.0;0.0;1.0;0.0;0.0
4.0;1753880918.120773;17.156041;0.58;-1.15;0.11;0.792929;-0.609583;0.010913;87.0;0.0;0.0;1.0;0.0;0.0
4.0;1753880918.125381;17.165878;0.69;-1.21;0.09;0.789557;-0.61129;0.012622;86.4;0.0;0.0;1.0;0.0;0.0
4.0;1753880918.129989;17.158452;0.62;-1.25;0.04;0.790544;-0.610327;0.011723;87.5;0.0;0.0;1.0;0.0;0.0
4.0;1753880918.134597;17.128644;0.64;-1.19;0.07;0.790604;-0.609725;0.01064;86.9;0.0;0.0;1.0;0.0;0.0
4.0;1753880918.139206;17.197129;0.72;-1.18;0.11;0.789944;-0.609541;0.012402;87.5;0.0;0.0;1.0;0.0;0.0
4.0;1753880918.143814;17.137054;0.63;-1.15;0.1;0.789923;-0.609955;0.010727;87.2;0.0;0.0;1.0;0.0;0.0
4.0;1753880918.148422;17.136325;0.57;-1.22;0.08;0.790843;-0.611432;0.011721;86.7;0.0;0.0;1.0;0.0;0.0
4.0;1753880918.15303;17.161347;0.56;-1.16;0.1;0.79302;-0.6105;0.011017;87.0;0.0;0.0;1.0;0.0;0.0
4.0;1753880918.157638;17.170797;0.66;-1.16;0.05;0.791082;-0.608947;0.010556;87.0;0.0;0.0;1.0;0.0;0.0
4.0;1753880918.162246;17.164107;0.56;-1.22;0.07;0.792334;-0.609515;0.011362;86.1;0.0;0.0;1.0;0.0;0.0
4.0;1753880918.166854;17.100471;0.57;-1.16;0.04;0.789732;-0.60988;0.010758;85.9;0.0;0.0;1.0;0.0;0.0
4.0;1753880918.171462;17.160598;0.59;-1.19;0.08;0.790807;-0.60851;0.013069;87.5;0.0;0.0;1.0;0.0;0.0
4.0;1753880918.176071;17.145958;0.55;-1.22;0.06;0.791292;-0.608785;0.013297;88.0;0.0;0.0;1.0;0.0;0.0
4.0;1753880918.180679;17.135434;0.59;-1.21;0.07;0.789069;-0.609953;0.010805;87.5;0.0;0.0;1.0;0.0;0.0
4.0;1753880918.185287;17.113931;0.64;-1.16;0.01;0.790759;-0.609466;0.011917;86.2;0.0;0.0;1.0;0.0;0.0
4.0;1753880918.189895;17.100677;0.71;-1.18;0.1;0.790476;-0.609634;0.010419;86.4;0.0;0.0;1.0;0.0;0.0
4.0;1753880918.194503;17.177603;0.66;-1.15;0.05;0.789152;-0.610278;0.010355;86.2;0.0;0.0;1.0;0.0;0.0
4.0;1753880918.199112;17.141717;0.69;-1.2;0.08;0.791484;-0.609202;0.012152;87.6;0.0;0.0;1.0;0.0;0.0
4.0;1753880918.20372;17.141076;0.61;-1.22;0.07;0.791123;-0.610085;0.011803;87.1;0.0;0.0;1.0;0.0;0.0
4.0;1753880918.208328;17.168736;0.66;-1.17;0.09;0.791059;-0.610366;0.011566;86.4;0.0;0.0;1.0;0.0;0.0
4.0;1753880918.212936;17.179074;0.61;-1.19;0.09;0.789321;-0.609359;0.011313;86.8;0.0;0.0;1.0;0.0;0.0
4.0;1753880918.217544;17.132264;0.57;-1.19;0.05;0.790145;-0.609315;0.010656;86.5;0.0;0.0;1.0;0.0;0.0
4.0;1753880918.222152;17.152122;0.64;-1.19;0.11;0.789973;-0.608856;0.012746;87.1;0.0;0.0;1.0;0.0;0.0
4.0;1753880918.22676;17.105221;0.64;-1.21;0.04;0.791535;-0.610338;0.010821;86.9;0.0;0.0;1.0;0.0;0.0
4.0;1753880918.231368;17.126877;0.64;-1.19;0.08;0.790918;-0.609135;0.0123;87.7;0.0;0.0;1.0;0.0;0.0
4.0;1753880918.235977;17.153529;0.53;-1.22;0.08;0.789298;-0.609553;0.010621;87.6;0.0;0.0;1.0;0.0;0.0
4.0;1753880918.240585;17.192071;0.64;-1.19;0.14;0.791605;-0.609585;0.013523;86.6;0.0;0.0;1.0;0.0;0.0
4.0;1753880918.245193;17.103202;0.69;-1.11;0.05;0.790319;-0.608789;0.012801;86.7;0.0;0.0;1.0;0.0;0.0
4.0;1753880918.249801;17.153911;0.66;-1.17;0.1;0.791243;-0.610873;0.010421;87.7;0.0;0.0;1.0;0.0;0.0
4.0;1753880918.254409;17.160197;0.64;-1.21;0.11;0.792279;-0.60796;0.012001;86.7;0.0;0.0;1.0;0.0;0.0
4.0;1753880918.259018;17.180194;0.71;-1.25;0.07;0.789539;-0.609082;0.011762;85.6;0.0;0.0;1.0;0.0;0.0
4.0;1753880918.263626;17.141067;0.69;-1.2;0.08;0.790436;-0.609373;0.011262;86.8;0.0;0.0;1.0;0.0;0.0
4.0;1753880918.268234;17.13755;0.67;-1.24;0.1;0.792714;-0.60957;0.011839;87.8;0.0;0.0;1.0;0.0;0.0
4.0;1753880918.272842;17.156737;0.68;-1.13;0.08;0.791704;-0.610235;0.013179;87.8;0.0;0.0;1.0;0.0;0.0
4.0;1753880918.27745;17.145205;0.63;-1.2;0.08;0.791999;-0.609584;0.012031;87.1;0.0;0.0;1.0;0.0;0.0
4.0;1753880918.282058;17.176691;0.64;-1.14;0.02;0.790683;-0.609596;0.011528;87.4;0.0;0.0;1.0;0.0;0.0
4.0;1753880918.286666;17.153783;0.61;-1.2;0.14;0.790617;-0.609164;0.012048;86.9;0.0;0.0;1.0;0.0;0.0
4.0;1753880918.291274;17.159093;0.68;-1.2;0.03;0.790412;-0.609195;0.010928;87.9;0.0;0.0;1.0;0.0;0.0
4.0;1753880918.295883;17.206789;0.68;-1.25;0.04;0.789263;-0.610883;0.010925;86.4;0.0;0.0;1.0;0.0;0.0
4.0;1753880918.300491;17.139082;0.72;-1.2;0.03;0.788895;-0.609272;0.011188;87.0;0.0;0.0;1.0;0.0;0.0
4.0;1753880918.305099;17.172501;0.61;-1.19;0.05;0.792494;-0.610299;0.012864;87.5;0.0;0.0;1.0;0.0;0.0
4.0;1753880918.309707;17.164104;0.59;-1.2;0.08;0.790758;-0.609191;0.011483;86.8;0.0;0.0;1.0;0.0;0.0
4.0;1753880918.314315;17.165074;0.64;-1.19;0.07;0.791125;-0.608948;0.012553;87.5;0.0;0.0;1.0;0.0;0.0
4.0;1753880918.318924;17.124537;0.65;-1.25;0.03;0.789925;-0.609866;0.011842;86.4;0.0;0.0;1.0;0.0;0.0
4.0;1753880918.323532;17.143842;0.56;-1.22;0.11;0.791765;-0.609506;0.012837;86.6;0.0;0.0;1.0;0.0;0.0
4.0;1753880918.32814;17.160367;0.69;-1.23;0.07;0.791018;-0.609448;0.011666;87.2;0.0;0.0;1.0;0.0;0.0
4.0;1753880918.332748;17.154019;0.61;-1.15;0.06;0.790912;-0.61164;0.01165;88.2;0.0;0.0;1.0;0.0;0.0
4.0;1753880918.337356;17.089839;0.6;-1.19;0.02;0.791807;-0.608286;0.01226;86.8;0.0;0.0;1.0;0.0;0.0
4.0;1753880918.341964;17.13629;0.66;-1.22;0.05;0.789528;-0.609775;0.01316;86.1;0.0;0.0;1.0;0.0;0.0
4.0;1753880918.346572;17.134927;0.59;-1.22;0.07;0.789739;-0.609765;0.013297;86.6;0.0;0.0;1.0;0.0;0.0
4.0;1753880918.35118;17.187226;0.56;-1.2;0.08;0.793054;-0.609427;0.011898;86.5;0.0;0.0;1.0;0.0;0.0
4.0;1753880918.355789;17.139893;0.62;-1.2;0.1;0.790419;-0.60873;0.01149;87.1;0.0;0.0;1.0;0.0;0.0
4.0;1753880918.360397;17.165515;0.76;-1.17;0.05;0.791181;-0.609339;0.013217;88.0;0.0;0.0;1.0;0.0;0.0
4.0;1753880918.365005;17.144692;0.72;-1.18;0.13;0.792446;-0.609129;0.012749;87.8;0.0;0.0;1.0;0.0;0.0
4.0;1753880918.369613;17.189499;0.63;-1.23;0.05;0.790319;-0.609787;0.013084;87.2;0.0;0.0;1.0;0.0;0.0
4.0;1753880918.374221;17.130429;0.57;-1.17;0.09;0.792228;-0.610032;0.012281;87.3;0.0;0.0;1.0;0.0;0.0
4.0;1753880918.37883;17.088287;0.7;-1.2;0.04;0.792681;-0.609885;0.012277;86.2;0.0;0.0;1.0;0.0;0.0
4.0;1753880918.383438;17.124954;0.62;-1.15;0.09;0.790329;-0.609106;0.012862;86.7;0.0;0.0;1.0;0.0;0.0
4.0;1753880918.388046;17.088917;0.61;-1.21;0.06;0.790785;-0.609498;0.011071;87.1;0.0;0.0;1.0;0.0;0.0
4.0;1753880918.392654;17.132903;0.63;-1.15;0.08;0.79095;-0.609989;0.012581;86.6;0.0;0.0;1.0;0.0;0.0
4.0;1753880918.397262;17.17171;0.62;-1.18;0.07;0.790451;-0.609846;0.013754;87.4;0.0;0.0;1.0;0.0;0.0
4.0;1753880918.40187;17.117752;0.63;-1.19;0.1;0.791901;-0.609528;0.012246;86.7;0.0;0.0;1.0;0.0;0.0
4.0;1753880918.406478;17.169041;0.58;-1.16;0.1;0.79186;-0.60981;0.012778;87.9;0.0;0.0;1.0;0.0;0.0
4.0;1753880918.411086;17.096474;0.64;-1.21;0.12;0.792313;-0.608579;0.011817;87.4;0.0;0.0;1.0;0.0;0.0
4.0;1753880918.415695;17.108988;0.6;-1.18;0.05;0.791595;-0.609008;0.011292;86.4;0.0;0.0;1.0;0.0;0.0
4.0;1753880918.420303;17.141593;0.63;-1.17;0.03;0.791052;-0.608328;0.010854;86.7;0.0;0.0;1.0;0.0;0.0
4.0;1753880918.424911;17.180308;0.57;-1.13;0.13;0.790079;-0.609529;0.012137;86.2;0.0;0.0;1.0;0.0;0.0
4.0;1753880918.429519;17.122068;0.61;-1.18;0.06;0.792365;-0.610113;0.011771;87.8;0.0;0.0;1.0;0.0;0.0
4.0;1753880918.434127;17.101084;0.57;-1.13;0.07;0.792711;-0.608538;0.01402;87.6;0.0;0.0;1.0;0.0;0.0
4.0;1753880918.438736;17.177809;0.62;-1.2;0.01;0.790486;-0.609325;0.012002;87.1;0.0;0.0;1.0;0.0;0.0
4.0;1753880918.443344;17.142522;0.61;-1.23;0.1;0.79014;-0.610611;0.013183;86.9;0.0;0.0;1.0;0.0;0.0
4.0;1753880918.447952;17.124583;0.69;-1.17;0.06;0.793344;-0.609161;0.011175;87.0;0.0;0.0;1.0;0.0;0.0
4.0;1753880918.45256;17.115419;0.63;-1.21;0.04;0.791106;-0.609974;0.012442;87.9;0.0;0.0;1.0;0.0;0.0
4.0;1753880918.457168;17.151307;0.64;-1.18;0.09;0.791169;-0.60863;0.011092;87.5;0.0;0.0;1.0;0.0;0.0
4.0;1753880918.461776;17.17067;0.58;-1.17;0.1;0.792202;-0.609324;0.011532;86.5;0.0;0.0;1.0;0.0;0.0
4.0;1753880918.466384;17.137829;0.58;-1.17;0.02;0.790422;-0.609717;0.012464;86.7;0.0;0.0;1.0;0.0;0.0
4.0;1753880918.470992;17.155705;0.59;-1.19;0.04;0.790386;-0.609495;0.010104;87.9;0.0;0.0;1.0;0.0;0.0
4.0;1753880918.475601;17.141626;0.58;-1.22;0.06;0.790964;-0.609125;0.011646;86.6;0.0;0.0;1.0;0.0;0.0
4.0;1753880918.480209;17.138018;0.67;-1.23;0.07;0.791806;-0.608868;0.011537;85.4;0.0;0.0;1.0;0.0;0.0
4.0;1753880918.484817;17.164105;0.79;-1.19;0.1;0.790993;-0.609935;0.01272;88.2;0.0;0.0;1.0;0.0;0.0
4.0;1753880918.489425;17.169793;0.63;-1.21;0.11;0.791437;-0.608624;0.013068;86.4;0.0;0.0;1.0;0.0;0.0
4.0;1753880918.494033;17.176278;0.64;-1.2;0.06;0.791165;-0.609881;0.013636;87.1;0.0;0.0;1.0;0.0;0.0
4.0;1753880918.498642;17.154835;0.64;-1.2;0.01;0.791765;-0.610021;0.013129;87.3;0.0;0.0;1.0;0.0;0.0
4.0;1753880918.50325;17.161629;0.73;-1.19;0.12;0.790136;-0.609552;0.00939;86.8;0.0;0.0;1.0;0.0;0.0
4.0;1753880918.507858;17.16778;0.65;-1.18;0.08;0.790475;-0.608096;0.013153;86.1;0.0;0.0;1.0;0.0;0.0
4.0;1753880918.512466;17.172598;0.61;-1.2;0.07;0.790066;-0.609541;0.012585;87.1;0.0;0.0;1.0;0.0;0.0
4.0;1753880918.517074;17.133023;0.6;-1.21;0.05;0.791264;-0.610113;0.012286;87.8;0.0;0.0;1.0;0.0;0.0
4.0;1753880918.521682;17.10929;0.6;-1.15;0.04;0.790746;-0.609032;0.011727;86.9;0.0;0.0;1.0;0.0;0.0
4.0;1753880918.52629;17.145186;0.61;-1.21;0.06;0.792136;-0.610766;0.013518;85.4;0.0;0.0;1.0;0.0;0.0
4.0;1753880918.530898;17.191075;0.54;-1.21;0.12;0.791074;-0.608326;0.011988;87.0;0.0;0.0;1.0;0.0;0.0
4.0;1753880918.535507;17.142117;0.58;-1.21;0.05;0.791177;-0.609554;0.011451;86.9;0.0;0.0;1.0;0.0;0.0
4.0;1753880918.540115;17.117859;0.64;-1.17;0.07;0.791221;-0.608942;0.011435;87.8;0.0;0.0;1.0;0.0;0.0
4.0;1753880918.544723;17.170817;0.59;-1.17;0.01;0.792102;-0.60938;0.010699;87.7;0.0;0.0;1.0;0.0;0.0
4.0;1753880918.549331;17.1731;0.72;-1.22;0.09;0.790932;-0.60975;0.011817;86.6;0.0;0.0;1.0;0.0;0.0
4.0;1753880918.553939;17.099605;0.61;-1.17;0.06;0.790816;-0.608805;0.012658;87.0;0.0;0.0;1.0;0.0;0.0
4.0;1753880918.558548;17.118505;0.56;-1.17;0.1;0.792103;-0.608581;0.01262;87.5;0.0;0.0;1.0;0.0;0.0
4.0;1753880918.563156;17.153342;0.62;-1.13;0.05;0.792286;-0.609346;0.01224;87.8;0.0;0.0;1.0;0.0;0.0
4.0;1753880918.567764;17.162319;0.6;-1.17;0.1;0.79139;-0.611134;0.011577;87.6;0.0;0.0;1.0;0.0;0.0
4.0;1753880918.572372;17.169011;0.61;-1.25;0.08;0.793372;-0.608947;0.011611;86.8;0.0;0.0;1.0;0.0;0.0
4.0;1753880918.57698;17.17976;0.68;-1.12;0.05;0.790326;-0.610165;0.013261;86.7;0.0;0.0;1.0;0.0;0.0
4.0;1753880918.581588;17.153176;0.59;-1.15;0.05;0.792312;-0.610466;0.012437;87.4;0.0;0.0;1.0;0.0;0.0
4.0;1753880918.586196;17.170142;0.63;-1.19;0.08;0.791838;-0.609263;0.012015;87.2;0.0;0.0;1.0;0.0;0.0
4.0;1753880918.590804;17.153158;0.56;-1.16;0.09;0.78978;-0.60823;0.012488;88.0;0.0;0.0;1.0;0.0;0.0
4.0;1753880918.595413;17.128079;0.61;-1.17;0.09;0.791045;-0.608452;0.012908;87.5;0.0;0.0;1.0;0.0;0.0
4.0;1753880918.600021;17.116393;0.62;-1.24;0.1;0.793217;-0.609544;0.012508;87.1;0.0;0.0;1.0;0.0;0.0
4.0;1753880918.604629;17.148054;0.58;-1.18;0.07;0.793224;-0.608247;0.011732;86.3;0.0;0.0;1.0;0.0;0.0
4.0;1753880918.609237;17.146609;0.62;-1.2;0.03;0.791892;-0.608906;0.012358;86.7;0.0;0.0;1.0;0.0;0.0
4.0;1753880918.613845;17.1717;0.64;-1.2;0.07;0.791021;-0.608666;0.011835;87.8;0.0;0.0;1.0;0.0;0.0
4.0;1753880918.618454;17.15385;0.62;-1.17;0.07;0.791288;-0.609063;0.014034;87.6;0.0;0.0;1.0;0.0;0.0
4.0;1753880918.623062;17.163314;0.58;-1.21;0.13;0.790677;-0.609451;0.012101;87.2;0.0;0.0;1.0;0.0;0.0
4.0;1753880918.62767;17.178757;0.66;-1.21;0.07;0.791028;-0.609653;0.013229;85.9;0.0;0.0;1.0;0.0;0.0
4.0;1753880918.632278;17.140182;0.54;-1.2;0.01;0.789996;-0.608575;0.012921;87.3;0.0;0.0;1.0;0.0;0.0
4.0;1753880918.636886;17.120889;0.58;-1.13;0.05;0.79237;-0.608028;0.013075;87.5;0.0;0.0;1.0;0.0;0.0
4.0;1753880918.641494;17.140244;0.63;-1.19;0.08;0.792377;-0.609595;0.010844;88.2;0.0;0.0;1.0;0.0;0.0
4.0;1753880918.646102;17.159628;0.67;-1.19;0.06;0.789598;-0.610008;0.01372;86.7;0.0;0.0;1.0;0.0;0.0
4.0;1753880918.65071;17.167526;0.61;-1.2;0.04;0.791598;-0.609234;0.012273;86.5;0.0;0.0;1.0;0.0;0.0
4.0;1753880918.655319;17.121659;0.59;-1.16;-0.0;0.79203;-0.6087;0.011103;88.1;0.0;0.0;1.0;0.0;0.0
4.0;1753880918.659927;17.145395;0.62;-1.17;0.01;0.791726;-0.608406;0.011584;87.9;0.0;0.0;1.0;0.0;0.0
4.0;1753880918.664535;17.166497;0.67;-1.2;0.05;0.789814;-0.607439;0.012812;87.5;0.0;0.0;1.0;0.0;0.0
4.0;1753880918.669143;17.135951;0.65;-1.22;0.07;0.792675;-0.610484;0.011381;86.9;0.0;0.0;1.0;0.0;0.0
4.0;1753880918.673751;17.144718;0.63;-1.19;0.07;0.79144;-0.609805;0.012958;87.7;0.0;0.0;1.0;0.0;0.0
4.0;1753880918.67836;17.151713;0.64;-1.21;0.08;0.792338;-0.610253;0.012829;87.3;0.0;0.0;1.0;0.0;0.0
4.0;1753880918.686;17.152344;0.63;-1.19;0.07;0.79178;-0.609268;0.012078;87.0;0.0;0.0;1.0;0.0;0.0
4.0;1753880918.690608;17.139939;0.63;-1.17;0.13;0.791064;-0.609564;0.01155;87.2;0.0;0.0;1.0;0.0;0.0
4.0;1753880918.695216;17.133817;0.65;-1.16;0.1;0.791114;-0.609091;0.012465;87.4;0.0;0.0;1.0;0.0;0.0
4.0;1753880918.699824;17.181122;0.56;-1.13;0.01;0.791406;-0.608909;0.011557;87.7;0.0;0.0;1.0;0.0;0.0
4.0;1753880918.704432;17.201263;0.61;-1.17;0.09;0.792735;-0.607754;0.012952;87.1;0.0;0.0;1.0;0.0;0.0
4.0;1753880918.709041;17.116257;0.63;-1.23;0.12;0.792299;-0.608842;0.012392;87.8;0.0;0.0;1.0;0.0;0.0
4.0;1753880918.713649;17.13401;0.61;-1.18;0.13;0.79013;-0.607964;0.011811;85.7;0.0;0.0;1.0;0.0;0.0
4.0;1753880918.718257;17.133177;0.68;-1.15;0.05;0.79243;-0.610278;0.013461;87.3;0.0;0.0;1.0;0.0;0.0
4.0;1753880918.722865;17.182023;0.61;-1.15;0.01;0.792228;-0.609394;0.012579;87.2;0.0;0.0;1.0;0.0;0.0
4.0;1753880918.727473;17.155536;0.65;-1.14;0.1;0.790829;-0.607362;0.011703;87.2;0.0;0.0;1.0;0.0;0.0
4.0;1753880918.732082;17.135742;0.58;-1.18;0.1;0.79291;-0.608945;0.011521;87.9;0.0;0.0;1.0;0.0;0.0
4.0;1753880918.73669;17.155061;0.67;-1.2;0.1;0.79268;-0.608443;0.012558;86.6;0.0;0.0;1.0;0.0;0.0
4.0;1753880918.741298;17.135282;0.57;-1.14;0.12;0.792251;-0.609711;0.012066;87.4;0.0;0.0;1.0;0.0;0.0
4.0;1753880918.745906;17.131333;0.67;-1.14;0.06;0.790441;-0.609873;0.011517;87.5;0.0;0.0;1.0;0.0;0.0
4.0;1753880918.750514;17.139617;0.59;-1.1;0.09;0.792862;-0.608243;0.01277;87.0;0.0;0.0;1.0;0.0;0.0
4.0;1753880918.755122;17.188358;0.58;-1.14;0.15;0.792542;-0.608618;0.011416;85.9;0.0;0.0;1.0;0.0;0.0
4.0;1753880918.75973;17.126422;0.61;-1.13;0.09;0.792869;-0.608643;0.012687;86.9;0.0;0.0;1.0;0.0;0.0
4.0;1753880918.764338;17.143339;0.61;-1.12;0.14;0.793293;-0.609117;0.012471;86.8;0.0;0.0;1.0;0.0;0.0
4.0;1753880918.768947;17.155653;0.59;-1.13;0.13;0.792628;-0.60862;0.010816;86.9;0.0;0.0;1.0;0.0;0.0
4.0;1753880918.773555;17.131807;0.65;-1.13;0.12;0.793137;-0.610193;0.011187;87.5;0.0;0.0;1.0;0.0;0.0
4.0;1753880918.778163;17.157456;0.64;-1.18;0.06;0.79213;-0.608587;0.010855;86.6;0.0;0.0;1.0;0.0;0.0
4.0;1753880918.782771;17.179741;0.56;-1.19;0.09;0.793162;-0.609293;0.012491;87.0;0.0;0.0;1.0;0.0;0.0
4.0;1753880918.787379;17.165041;0.67;-1.13;0.1;0.793174;-0.60986;0.011705;86.8;0.0;0.0;1.0;0.0;0.0
4.0;1753880918.791988;17.141625;0.66;-1.11;0.06;0.792444;-0.608509;0.013001;88.4;0.0;0.0;1.0;0.0;0.0
4.0;1753880918.796596;17.140107;0.59;-1.16;0.08;0.790231;-0.608743;0.010538;87.7;0.0;0.0;1.0;0.0;0.0
4.0;1753880918.801204;17.163337;0.59;-1.19;0.04;0.793281;-0.607629;0.01128;87.0;0.0;0.0;1.0;0.0;0.0
4.0;1753880918.805812;17.100234;0.61;-1.15;0.09;0.792498;-0.609415;0.012096;87.0;0.0;0.0;1.0;0.0;0.0
4.0;1753880918.81042;17.204695;0.65;-1.16;0.15;0.794115;-0.60808;0.012172;87.5;0.0;0.0;1.0;0.0;0.0
4.0;1753880918.815028;17.149891;0.62;-1.11;0.06;0.793154;-0.608897;0.012183;87.0;0.0;0.0;1.0;0.0;0.0
4.0;1753880918.819636;17.154248;0.62;-1.1;0.14;0.794917;-0.607379;0.010697;86.8;0.0;0.0;1.0;0.0;0.0
4.0;1753880918.824244;17.173067;0.71;-1.12;0.17;0.792189;-0.608057;0.011642;85.8;0.0;0.0;1.0;0.0;0.0
4.0;1753880918.828853;17.129653;0.6;-1.15;0.16;0.793668;-0.607799;0.011312;86.3;0.0;0.0;1.0;0.0;0.0
4.0;1753880918.8375;17.152344;0.63;-1.12;0.14;0.793244;-0.608902;0.011712;87.0;0.0;0.0;1.0;0.0;0.0
4.0;1753880918.842108;17.1137;0.63;-1.15;0.14;0.791453;-0.607723;0.011947;87.9;0.0;0.0;1.0;0.0;0.0
4.0;1753880918.846716;17.155265;0.65;-1.12;0.15;0.794354;-0.609138;0.011957;88.2;0.0;0.0;1.0;0.0;0.0
4.0;1753880918.851324;17.129972;0.43;-1.11;0.19;0.793441;-0.610179;0.012749;85.4;0.0;0.0;1.0;0.0;0.0
4.0;1753880918.855933;17.132492;0.68;-1.16;0.18;0.792096;-0.609065;0.012146;91.8;0.0;0.0;1.0;0.0;0.0
4.0;1753880918.860541;17.135556;0.57;-1.21;0.15;0.793105;-0.610578;0.012923;86.6;0.0;0.0;1.0;0.0;0.0
4.0;1753880918.865149;17.104213;0.77;-1.2;0.11;0.793148;-0.609873;0.011138;87.1;0.0;0.0;1.0;0.0;0.0
4.0;1753880918.869757;17.109328;0.7;-1.22;0.05;0.790519;-0.610789;0.011647;89.6;0.0;0.0;1.0;0.0;0.0
4.0;1753880918.87454;17.089844;0.63;-1.19;0.07;0.792512;-0.610488;0.0122;89.0;0.0;0.0;1.0;0.0;0.0
4.0;1753880918.879148;17.095485;0.45;-1.15;0.03;0.793748;-0.609859;0.01254;87.6;0.0;0.0;1.0;0.0;0.0
4.0;1753880918.883756;17.085225;0.69;-1.25;0.05;0.793001;-0.609284;0.01323;86.6;0.0;0.0;1.0;0.0;0.0
4.0;1753880918.888364;17.099682;0.78;-1.16;0.06;0.794627;-0.609331;0.011786;88.2;0.0;0.0;1.0;0.0;0.0
4.0;1753880918.892972;17.075791;0.76;-1.11;0.15;0.794145;-0.611155;0.012316;91.0;0.0;0.0;1.0;0.0;0.0
4.0;1753880918.89758;17.062622;0.59;-1.24;0.08;0.791695;-0.610256;0.011678;84.3;0.0;0.0;1.0;0.0;0.0
4.0;1753880918.902189;17.088232;0.57;-1.19;0.14;0.793077;-0.609935;0.01132;94.9;0.0;0.0;1.0;0.0;0.0
4.0;1753880918.906797;17.080419;0.57;-1.26;0.15;0.793431;-0.609252;0.011398;91.5;0.0;0.0;1.0;0.0;0.0
4.0;1753880918.911405;17.08687;0.5;-1.16;0.12;0.794081;-0.608823;0.011654;92.9;0.0;0.0;1.0;0.0;0.0
4.0;1753880918.91862;17.089844;0.63;-1.19;0.14;0.792878;-0.609024;0.011224;89.0;0.0;0.0;1.0;0.0;0.0
4.0;1753880918.923228;17.099575;0.62;-1.16;0.2;0.792482;-0.60908;0.011504;88.7;0.0;0.0;1.0;0.0;0.0
4.0;1753880918.927836;17.109701;0.75;-1.2;0.02;0.791259;-0.610722;0.010613;88.2;0.0;0.0;1.0;0.0;0.0
4.0;1753880918.932444;17.057325;0.64;-1.17;0.13;0.791324;-0.609643;0.01132;88.1;0.0;0.0;1.0;0.0;0.0
4.0;1753880918.937053;17.122535;0.58;-1.21;0.08;0.790935;-0.610607;0.010635;93.0;0.0;0.0;1.0;0.0;0.0
4.0;1753880918.941661;17.078137;0.65;-1.14;0.11;0.791808;-0.609121;0.01131;93.4;0.0;0.0;1.0;0.0;0.0
4.0;1753880918.946269;17.117966;0.52;-1.19;0.17;0.794313;-0.609504;0.011049;88.6;0.0;0.0;1.0;0.0;0.0
4.0;1753880918.950877;17.094986;0.74;-1.08;0.12;0.789428;-0.611133;0.01147;88.2;0.0;0.0;1.0;0.0;0.0
4.0;1753880918.955485;17.094641;0.66;-1.11;0.12;0.790642;-0.6106;0.011135;89.3;0.0;0.0;1.0;0.0;0.0
4.0;1753880918.96116;17.089844;0.63;-1.12;0.07;0.790072;-0.610732;0.011834;89.0;0.0;0.0;1.0;0.0;0.0
4.0;1753880918.96539;17.097656;0.63;-1.12;0.07;0.792512;-0.609756;0.01098;89.0;0.0;0.0;1.0;0.0;0.0
4.0;1753880918.969934;17.097656;0.63;-1.19;0.14;0.790072;-0.608658;0.011102;89.0;0.0;0.0;1.0;0.0;0.0
4.0;1753880918.974489;17.097656;0.63;-1.12;0.14;0.793488;-0.60878;0.011834;89.0;0.0;0.0;1.0;0.0;0.0
4.0;1753880918.978986;17.113281;0.56;-1.12;0.14;0.793488;-0.609634;0.010736;89.0;0.0;0.0;1.0;0.0;0.0
4.0;1753880918.983594;17.115638;0.69;-1.16;0.12;0.791082;-0.609709;0.011386;88.1;0.0;0.0;1.0;0.0;0.0
4.0;1753880918.987906;17.113281;0.7;-1.19;0.07;0.79117;-0.609756;0.01098;89.0;0.0;0.0;1.0;0.0;0.0
4.0;1753880918.988104;17.113281;0.63;-1.12;0.07;0.791048;-0.608292;0.01037;89.0;0.0;0.0;1.0;0.0;0.0
4.0;1753880918.995979;17.113281;0.56;-1.12;0.14;0.79178;-0.609512;0.012322;87.0;0.0;0.0;1.0;0.0;0.0
4.0;1753880918.997199;17.113281;0.56;-1.12;0.14;0.793488;-0.609878;0.010004;87.0;0.0;0.0;1.0;0.0;0.0
4.0;1753880919.001807;17.128037;0.65;-1.12;0.13;0.795521;-0.610002;0.010363;86.3;0.0;0.0;1.0;0.0;0.0
4.0;1753880919.006415;17.120387;0.47;-1.08;0.14;0.792003;-0.609071;0.009723;85.8;0.0;0.0;1.0;0.0;0.0
4.0;1753880919.011024;17.1074;0.5;-1.13;0.08;0.792558;-0.610307;0.010143;86.8;0.0;0.0;1.0;0.0;0.0
4.0;1753880919.015632;17.108618;0.59;-1.16;0.15;0.794569;-0.608637;0.008784;87.3;0.0;0.0;1.0;0.0;0.0
4.0;1753880919.02024;17.117686;0.63;-1.11;0.19;0.792849;-0.609624;0.009701;86.2;0.0;0.0;1.0;0.0;0.0
4.0;1753880919.024848;17.109516;0.52;-1.1;0.14;0.792396;-0.609316;0.00981;87.8;0.0;0.0;1.0;0.0;0.0
4.0;1753880919.029456;17.104752;0.54;-1.06;0.13;0.793138;-0.609272;0.00984;85.5;0.0;0.0;1.0;0.0;0.0
4.0;1753880919.034064;17.124272;0.47;-1.16;0.15;0.794333;-0.61075;0.008675;87.4;0.0;0.0;1.0;0.0;0.0
4.0;1753880919.038672;17.115293;0.64;-1.1;0.06;0.793536;-0.608846;0.009922;87.7;0.0;0.0;1.0;0.0;0.0
4.0;1753880919.04328;17.12327;0.53;-1.22;0.15;0.794683;-0.608754;0.01031;86.4;0.0;0.0;1.0;0.0;0.0
4.0;1753880919.047889;17.128977;0.65;-1.12;0.06;0.793281;-0.609865;0.009292;88.4;0.0;0.0;1.0;0.0;0.0
4.0;1753880919.052497;17.11417;0.55;-1.15;0.19;0.793539;-0.610676;0.010832;87.3;0.0;0.0;1.0;0.0;0.0
4.0;1753880919.057105;17.098499;0.56;-1.08;0.14;0.79343;-0.609261;0.009911;87.9;0.0;0.0;1.0;0.0;0.0
4.0;1753880919.061713;17.134139;0.68;-1.11;0.18;0.793358;-0.609606;0.010264;86.3;0.0;0.0;1.0;0.0;0.0
4.0;1753880919.066321;17.111236;0.57;-1.22;0.09;0.792116;-0.608228;0.01023;85.8;0.0;0.0;1.0;0.0;0.0
4.0;1753880919.07093;17.146695;0.57;-1.1;0.04;0.791603;-0.609386;0.01001;87.0;0.0;0.0;1.0;0.0;0.0
4.0;1753880919.075538;17.113186;0.56;-1.17;0.05;0.79272;-0.608615;0.010435;87.8;0.0;0.0;1.0;0.0;0.0
4.0;1753880919.080146;17.117454;0.59;-1.12;0.06;0.794094;-0.609013;0.009807;86.6;0.0;0.0;1.0;0.0;0.0
4.0;1753880919.084754;17.117158;0.64;-1.15;0.08;0.792233;-0.60733;0.010454;87.3;0.0;0.0;1.0;0.0;0.0
4.0;1753880919.089362;17.115564;0.5;-1.13;0.08;0.795335;-0.609227;0.011555;86.9;0.0;0.0;1.0;0.0;0.0
4.0;1753880919.09397;17.120917;0.56;-1.14;0.18;0.792371;-0.608052;0.009922;85.5;0.0;0.0;1.0;0.0;0.0
4.0;1753880919.098578;17.132123;0.63;-1.06;0.2;0.79353;-0.609152;0.009585;85.4;0.0;0.0;1.0;0.0;0.0
4.0;1753880919.103186;17.10059;0.51;-1.17;0.18;0.793996;-0.610244;0.01101;86.9;0.0;0.0;1.0;0.0;0.0
4.0;1753880919.107795;17.082921;0.66;-1.06;0.19;0.794765;-0.610154;0.009764;87.2;0.0;0.0;1.0;0.0;0.0
4.0;1753880919.112403;17.1257;0.64;-1.09;0.14;0.792971;-0.609181;0.011353;87.1;0.0;0.0;1.0;0.0;0.0
4.0;1753880919.117011;17.126916;0.65;-1.11;0.1;0.793146;-0.609727;0.010229;87.4;0.0;0.0;1.0;0.0;0.0
4.0;1753880919.121619;17.10601;0.63;-1.19;0.21;0.791978;-0.609238;0.009297;86.2;0.0;0.0;1.0;0.0;0.0
4.0;1753880919.126228;17.113225;0.59;-1.19;0.02;0.792565;-0.607687;0.010592;86.0;0.0;0.0;1.0;0.0;0.0
4.0;1753880919.130836;17.145694;0.72;-1.11;0.1;0.790806;-0.60884;0.009592;87.2;0.0;0.0;1.0;0.0;0.0
4.0;1753880919.135444;17.096217;0.58;-1.12;0.01;0.789434;-0.608417;0.010658;87.2;0.0;0.0;1.0;0.0;0.0
4.0;1753880919.140052;17.121789;0.57;-1.15;0.12;0.793315;-0.609456;0.009847;87.2;0.0;0.0;1.0;0.0;0.0
4.0;1753880919.14466;17.10231;0.58;-1.1;0.15;0.794125;-0.607508;0.010377;84.6;0.0;0.0;1.0;0.0;0.0
4.0;1753880919.149268;17.09847;0.63;-1.16;0.1;0.793832;-0.607902;0.011961;87.2;0.0;0.0;1.0;0.0;0.0
4.0;1753880919.153876;17.101475;0.61;-1.16;0.02;0.791718;-0.609644;0.0105;88.4;0.0;0.0;1.0;0.0;0.0
4.0;1753880919.158484;17.111765;0.58;-1.16;-0.02;0.79252;-0.609832;0.010477;87.2;0.0;0.0;1.0;0.0;0.0
4.0;1753880919.163092;17.090096;0.65;-1.07;0.08;0.791299;-0.609066;0.010534;87.4;0.0;0.0;1.0;0.0;0.0
4.0;1753880919.167701;17.109428;0.71;-1.09;0.09;0.794506;-0.607666;0.010984;86.3;0.0;0.0;1.0;0.0;0.0
4.0;1753880919.172309;17.148399;0.65;-1.16;0.02;0.793198;-0.608664;0.008891;88.1;0.0;0.0;1.0;0.0;0.0
4.0;1753880919.176917;17.094174;0.7;-1.04;0.1;0.793491;-0.609421;0.009511;86.7;0.0;0.0;1.0;0.0;0.0
4.0;1753880919.181525;17.123155;0.73;-1.07;0.02;0.793599;-0.608019;0.011322;87.0;0.0;0.0;1.0;0.0;0.0
4.0;1753880919.186134;17.109512;0.53;-1.2;0.05;0.794018;-0.608556;0.010829;86.6;0.0;0.0;1.0;0.0;0.0
4.0;1753880919.190742;17.101529;0.66;-1.14;0.02;0.792382;-0.608826;0.010295;87.2;0.0;0.0;1.0;0.0;0.0
4.0;1753880919.19535;17.117238;0.7;-1.07;0.08;0.793983;-0.606684;0.009943;86.6;0.0;0.0;1.0;0.0;0.0
4.0;1753880919.1995;17.113281;0.63;-1.12;0.07;0.792878;-0.608292;0.010736;87.0;0.0;0.0;1.0;0.0;0.0
4.0;1753880919.204108;17.113904;0.61;-1.12;-0.01;0.793838;-0.607619;0.010885;87.9;0.0;0.0;1.0;0.0;0.0
4.0;1753880919.208716;17.097047;0.64;-1.14;0.07;0.79291;-0.60859;0.011718;87.1;0.0;0.0;1.0;0.0;0.0
4.0;1753880919.213324;17.133879;0.55;-1.18;0.13;0.791676;-0.607459;0.011064;86.6;0.0;0.0;1.0;0.0;0.0
4.0;1753880919.217933;17.125384;0.68;-1.09;0.12;0.791264;-0.608193;0.01013;87.9;0.0;0.0;1.0;0.0;0.0
4.0;1753880919.222541;17.12161;0.65;-1.13;0.01;0.792405;-0.606912;0.009777;87.2;0.0;0.0;1.0;0.0;0.0
4.0;1753880919.227149;17.107653;0.75;-1.14;0.03;0.792861;-0.608392;0.011112;87.0;0.0;0.0;1.0;0.0;0.0
4.0;1753880919.231757;17.087711;0.72;-1.11;0.06;0.797176;-0.607737;0.009716;86.8;0.0;0.0;1.0;0.0;0.0
4.0;1753880919.236365;17.132069;0.58;-1.11;0.06;0.788956;-0.608952;0.008883;87.2;0.0;0.0;1.0;0.0;0.0
4.0;1753880919.240974;17.100303;0.68;-1.23;0.03;0.795358;-0.608127;0.009043;86.3;0.0;0.0;1.0;0.0;0.0
4.0;1753880919.245582;17.109027;0.57;-1.14;0.09;0.794075;-0.608291;0.010512;87.5;0.0;0.0;1.0;0.0;0.0
4.0;1753880919.25019;17.12362;0.73;-1.13;0.09;0.794652;-0.607655;0.011257;87.3;0.0;0.0;1.0;0.0;0.0
4.0;1753880919.254798;17.132174;0.61;-1.17;0.01;0.791979;-0.606769;0.010635;85.7;0.0;0.0;1.0;0.0;0.0
4.0;1753880919.259406;17.084362;0.65;-1.16;0.07;0.792091;-0.608597;0.010382;87.4;0.0;0.0;1.0;0.0;0.0
4.0;1753880919.264014;17.110242;0.63;-1.16;-0.0;0.793451;-0.608952;0.010801;86.2;0.0;0.0;1.0;0.0;0.0
4.0;1753880919.268622;17.124027;0.53;-1.17;0.03;0.792526;-0.609664;0.010352;87.4;0.0;0.0;1.0;0.0;0.0
4.0;1753880919.27323;17.102188;0.62;-1.07;0.1;0.792943;-0.609625;0.009626;86.4;0.0;0.0;1.0;0.0;0.0
4.0;1753880919.277839;17.112555;0.69;-1.1;0.13;0.791944;-0.608506;0.011008;87.4;0.0;0.0;1.0;0.0;0.0
4.0;1753880919.282447;17.115138;0.56;-1.14;0.11;0.791741;-0.607941;0.009506;87.6;0.0;0.0;1.0;0.0;0.0
4.0;1753880919.287055;17.119148;0.66;-1.18;0.1;0.794714;-0.607524;0.011071;86.6;0.0;0.0;1.0;0.0;0.0
4.0;1753880919.291663;17.127023;0.66;-1.14;0.06;0.793747;-0.608018;0.010461;87.0;0.0;0.0;1.0;0.0;0.0
4.0;1753880919.296271;17.111993;0.55;-1.1;0.02;0.792042;-0.607034;0.010844;86.7;0.0;0.0;1.0;0.0;0.0
4.0;1753880919.30088;17.128825;0.64;-1.15;0.05;0.791251;-0.607722;0.012433;86.9;0.0;0.0;1.0;0.0;0.0
4.0;1753880919.305488;17.11803;0.6;-1.09;0.08;0.793036;-0.608649;0.011065;87.0;0.0;0.0;1.0;0.0;0.0
4.0;1753880919.310096;17.097634;0.68;-1.12;0.05;0.79147;-0.607495;0.011525;86.2;0.0;0.0;1.0;0.0;0.0
4.0;1753880919.314704;17.124437;0.66;-1.11;0.05;0.792112;-0.607813;0.010808;87.5;0.0;0.0;1.0;0.0;0.0
4.0;1753880919.319312;17.118007;0.58;-1.09;0.1;0.793002;-0.608752;0.010775;86.4;0.0;0.0;1.0;0.0;0.0
4.0;1753880919.32392;17.106536;0.63;-1.2;0.17;0.793145;-0.608177;0.012149;87.2;0.0;0.0;1.0;0.0;0.0
4.0;1753880919.328528;17.100227;0.62;-1.06;0.1;0.794699;-0.608722;0.010627;86.7;0.0;0.0;1.0;0.0;0.0
4.0;1753880919.333136;17.107656;0.57;-1.13;0.08;0.79336;-0.607415;0.010548;88.2;0.0;0.0;1.0;0.0;0.0
4.0;1753880919.337745;17.118457;0.57;-1.18;0.08;0.79246;-0.609596;0.010955;87.3;0.0;0.0;1.0;0.0;0.0
4.0;1753880919.342353;17.076862;0.58;-1.07;0.02;0.793;-0.608322;0.011046;87.2;0.0;0.0;1.0;0.0;0.0
4.0;1753880919.346961;17.092745;0.61;-1.21;0.09;0.791879;-0.610031;0.011406;86.9;0.0;0.0;1.0;0.0;0.0
4.0;1753880919.351569;17.116046;0.62;-1.1;0.13;0.79181;-0.608851;0.01198;87.2;0.0;0.0;1.0;0.0;0.0
4.0;1753880919.356177;17.128291;0.53;-1.15;0.12;0.792461;-0.60864;0.011901;87.0;0.0;0.0;1.0;0.0;0.0
4.0;1753880919.360786;17.113007;0.62;-1.16;0.16;0.791696;-0.608151;0.01091;88.0;0.0;0.0;1.0;0.0;0.0
4.0;1753880919.365394;17.136556;0.58;-1.1;0.13;0.791577;-0.608994;0.011201;87.3;0.0;0.0;1.0;0.0;0.0
4.0;1753880919.370002;17.088264;0.57;-1.14;0.14;0.792972;-0.609149;0.01033;86.3;0.0;0.0;1.0;0.0;0.0
4.0;1753880919.37461;17.111533;0.64;-1.11;0.14;0.792386;-0.609379;0.011602;86.6;0.0;0.0;1.0;0.0;0.0
4.0;1753880919.379218;17.082336;0.61;-1.09;0.08;0.792979;-0.607289;0.010407;88.0;0.0;0.0;1.0;0.0;0.0
4.0;1753880919.383826;17.125307;0.57;-1.08;0.08;0.790684;-0.608466;0.010521;88.6;0.0;0.0;1.0;0.0;0.0
4.0;1753880919.388434;17.122242;0.61;-1.1;0.13;0.792759;-0.608427;0.010905;85.8;0.0;0.0;1.0;0.0;0.0
4.0;1753880919.393042;17.137607;0.63;-1.09;0.1;0.791521;-0.608667;0.010856;87.8;0.0;0.0;1.0;0.0;0.0
4.0;1753880919.397651;17.141519;0.62;-1.1;0.15;0.79263;-0.609274;0.010051;86.8;0.0;0.0;1.0;0.0;0.0
4.0;1753880919.402259;17.088085;0.56;-1.15;0.09;0.792728;-0.60887;0.012045;87.0;0.0;0.0;1.0;0.0;0.0
4.0;1753880919.406867;17.116681;0.57;-1.04;0.14;0.790268;-0.608888;0.010798;87.1;0.0;0.0;1.0;0.0;0.0
4.0;1753880919.411475;17.1126;0.6;-1.15;0.09;0.792733;-0.609264;0.009394;86.0;0.0;0.0;1.0;0.0;0.0
4.0;1753880919.416083;17.110564;0.62;-1.08;0.02;0.792835;-0.609565;0.010148;86.2;0.0;0.0;1.0;0.0;0.0
4.0;1753880919.420692;17.128014;0.61;-1.1;0.14;0.792502;-0.609968;0.01119;86.5;0.0;0.0;1.0;0.0;0.0
4.0;1753880919.4253;17.084205;0.67;-1.08;0.15;0.791809;-0.608277;0.012632;86.2;0.0;0.0;1.0;0.0;0.0
4.0;1753880919.429908;17.13196;0.65;-1.15;0.1;0.791912;-0.609569;0.010537;86.3;0.0;0.0;1.0;0.0;0.0
4.0;1753880919.434516;17.125912;0.66;-1.12;0.11;0.792645;-0.609285;0.010371;87.1;0.0;0.0;1.0;0.0;0.0
4.0;1753880919.439124;17.120443;0.49;-1.09;0.15;0.791817;-0.609151;0.010208;86.3;0.0;0.0;1.0;0.0;0.0
4.0;1753880919.443732;17.120609;0.54;-1.13;0.04;0.791306;-0.610015;0.012372;89.1;0.0;0.0;1.0;0.0;0.0
4.0;1753880919.44834;17.101468;0.56;-1.11;0.13;0.792033;-0.610245;0.011209;86.1;0.0;0.0;1.0;0.0;0.0
4.0;1753880919.452948;17.100417;0.65;-1.11;0.05;0.792834;-0.609349;0.012499;88.5;0.0;0.0;1.0;0.0;0.0
4.0;1753880919.457557;17.080679;0.6;-1.1;0.18;0.79333;-0.60909;0.010712;85.8;0.0;0.0;1.0;0.0;0.0
4.0;1753880919.462165;17.088554;0.61;-1.11;0.05;0.791971;-0.609666;0.01178;87.0;0.0;0.0;1.0;0.0;0.0
4.0;1753880919.466773;17.129541;0.55;-1.14;0.08;0.79095;-0.610829;0.010281;87.1;0.0;0.0;1.0;0.0;0.0
4.0;1753880919.471381;17.102824;0.68;-1.13;0.16;0.793346;-0.608212;0.010896;86.6;0.0;0.0;1.0;0.0;0.0
4.0;1753880919.475989;17.132459;0.61;-1.1;0.12;0.793132;-0.610164;0.011465;88.0;0.0;0.0;1.0;0.0;0.0
4.0;1753880919.480598;17.119539;0.6;-1.15;0.07;0.790533;-0.607173;0.011819;87.6;0.0;0.0;1.0;0.0;0.0
4.0;1753880919.485206;17.116279;0.66;-1.19;0.08;0.794005;-0.611178;0.011446;84.4;0.0;0.0;1.0;0.0;0.0
4.0;1753880919.489814;17.114289;0.63;-1.13;0.12;0.793142;-0.611208;0.012526;87.9;0.0;0.0;1.0;0.0;0.0
4.0;1753880919.494422;17.123871;0.59;-1.14;0.17;0.794652;-0.609439;0.010905;87.8;0.0;0.0;1.0;0.0;0.0
4.0;1753880919.49903;17.104167;0.53;-1.12;0.13;0.79202;-0.608305;0.011287;87.5;0.0;0.0;1.0;0.0;0.0
4.0;1753880919.503638;17.09497;0.67;-1.1;0.19;0.79322;-0.610397;0.01028;86.0;0.0;0.0;1.0;0.0;0.0
4.0;1753880919.508246;17.124602;0.55;-1.07;0.07;0.79177;-0.608837;0.010322;85.7;0.0;0.0;1.0;0.0;0.0
4.0;1753880919.512854;17.091221;0.55;-1.15;0.06;0.792201;-0.60846;0.012019;87.7;0.0;0.0;1.0;0.0;0.0
4.0;1753880919.517463;17.093559;0.6;-1.08;0.11;0.792065;-0.608628;0.010595;87.9;0.0;0.0;1.0;0.0;0.0
4.0;1753880919.522071;17.131915;0.65;-1.09;0.08;0.792784;-0.608912;0.011317;88.2;0.0;0.0;1.0;0.0;0.0
4.0;1753880919.526679;17.105088;0.57;-1.11;0.13;0.792338;-0.609246;0.012424;86.2;0.0;0.0;1.0;0.0;0.0
4.0;1753880919.531287;17.096664;0.59;-1.11;0.22;0.791983;-0.606683;0.012196;86.7;0.0;0.0;1.0;0.0;0.0
4.0;1753880919.535895;17.102945;0.68;-1.13;0.06;0.793142;-0.61056;0.011832;86.7;0.0;0.0;1.0;0.0;0.0
4.0;1753880919.540504;17.106773;0.4;-1.06;0.16;0.793371;-0.610235;0.010321;87.7;0.0;0.0;1.0;0.0;0.0
4.0;1753880919.545112;17.136488;0.64;-1.12;0.09;0.793469;-0.60993;0.0128;86.5;0.0;0.0;1.0;0.0;0.0
4.0;1753880919.54972;17.119712;0.56;-1.12;0.11;0.794145;-0.610161;0.009801;86.2;0.0;0.0;1.0;0.0;0.0
4.0;1753880919.554328;17.119939;0.65;-1.09;0.07;0.791807;-0.608612;0.012057;87.5;0.0;0.0;1.0;0.0;0.0
4.0;1753880919.558936;17.107787;0.56;-1.11;0.09;0.79175;-0.610523;0.012489;87.5;0.0;0.0;1.0;0.0;0.0
4.0;1753880919.563544;17.115886;0.62;-1.14;0.05;0.792556;-0.610206;0.011853;88.4;0.0;0.0;1.0;0.0;0.0
4.0;1753880919.568152;17.102395;0.6;-1.18;0.17;0.790558;-0.60835;0.011455;87.2;0.0;0.0;1.0;0.0;0.0
4.0;1753880919.57276;17.096394;0.59;-1.15;0.03;0.791395;-0.609735;0.01119;87.7;0.0;0.0;1.0;0.0;0.0
4.0;1753880919.577369;17.102388;0.57;-1.12;0.17;0.790674;-0.60892;0.012217;87.9;0.0;0.0;1.0;0.0;0.0
4.0;1753880919.581977;17.126359;0.61;-1.13;0.12;0.791722;-0.608782;0.012022;87.9;0.0;0.0;1.0;0.0;0.0
4.0;1753880919.586585;17.09264;0.54;-1.07;0.23;0.793214;-0.610803;0.011959;87.0;0.0;0.0;1.0;0.0;0.0
4.0;1753880919.591193;17.092549;0.56;-1.15;0.21;0.793208;-0.61089;0.011357;86.7;0.0;0.0;1.0;0.0;0.0
4.0;1753880919.595801;17.105683;0.58;-1.1;0.16;0.790839;-0.609664;0.012436;86.5;0.0;0.0;1.0;0.0;0.0
4.0;1753880919.60041;17.114911;0.63;-1.16;0.08;0.794324;-0.609588;0.01062;88.2;0.0;0.0;1.0;0.0;0.0
4.0;1753880919.605018;17.121231;0.52;-1.14;0.12;0.792811;-0.608552;0.011706;86.5;0.0;0.0;1.0;0.0;0.0
4.0;1753880919.609626;17.10701;0.55;-1.11;0.16;0.792415;-0.60975;0.011769;86.8;0.0;0.0;1.0;0.0;0.0
4.0;1753880919.614234;17.096002;0.59;-1.07;0.11;0.791306;-0.609245;0.010764;86.7;0.0;0.0;1.0;0.0;0.0
4.0;1753880919.618842;17.135289;0.52;-1.19;0.1;0.791731;-0.608856;0.011008;87.0;0.0;0.0;1.0;0.0;0.0
4.0;1753880919.62345;17.111162;0.53;-1.09;0.11;0.790781;-0.609093;0.010707;86.5;0.0;0.0;1.0;0.0;0.0
4.0;1753880919.628058;17.098223;0.57;-1.11;0.12;0.791693;-0.609774;0.011278;86.3;0.0;0.0;1.0;0.0;0.0
4.0;1753880919.632666;17.134987;0.58;-1.08;0.17;0.791614;-0.61014;0.011702;86.1;0.0;0.0;1.0;0.0;0.0
4.0;1753880919.637275;17.11361;0.62;-1.1;0.16;0.791462;-0.610757;0.011238;88.2;0.0;0.0;1.0;0.0;0.0
4.0;1753880919.641883;17.112691;0.53;-1.06;0.16;0.789917;-0.60919;0.010959;87.1;0.0;0.0;1.0;0.0;0.0
4.0;1753880919.646491;17.126797;0.7;-1.14;0.21;0.792961;-0.609521;0.011649;87.2;0.0;0.0;1.0;0.0;0.0
4.0;1753880919.651099;17.088341;0.56;-1.06;-0.0;0.793431;-0.612161;0.012333;86.9;0.0;0.0;1.0;0.0;0.0
4.0;1753880919.655707;17.08668;0.6;-1.1;0.1;0.792478;-0.611255;0.011786;87.1;0.0;0.0;1.0;0.0;0.0
4.0;1753880919.660316;17.105276;0.63;-1.13;0.08;0.791106;-0.610022;0.012284;85.7;0.0;0.0;1.0;0.0;0.0
4.0;1753880919.664924;17.103498;0.62;-1.1;0.12;0.790925;-0.610331;0.011919;86.0;0.0;0.0;1.0;0.0;0.0
4.0;1753880919.669532;17.11357;0.71;-1.08;0.13;0.79081;-0.609205;0.01077;88.0;0.0;0.0;1.0;0.0;0.0
4.0;1753880919.67414;17.098835;0.6;-1.13;0.14;0.792019;-0.609364;0.011478;87.9;0.0;0.0;1.0;0.0;0.0
4.0;1753880919.678748;17.111002;0.49;-1.14;0.06;0.791966;-0.611422;0.010692;86.4;0.0;0.0;1.0;0.0;0.0
4.0;1753880919.683356;17.108836;0.61;-1.12;0.16;0.793422;-0.61057;0.011438;86.0;0.0;0.0;1.0;0.0;0.0
4.0;1753880919.687964;17.134665;0.56;-1.1;0.13;0.789449;-0.611462;0.011752;86.9;0.0;0.0;1.0;0.0;0.0
4.0;1753880919.692572;17.116457;0.62;-1.18;0.16;0.792085;-0.609616;0.011359;86.8;0.0;0.0;1.0;0.0;0.0
4.0;1753880919.697181;17.12307;0.56;-1.09;0.16;0.789064;-0.609295;0.0118;86.0;0.0;0.0;1.0;0.0;0.0
4.0;1753880919.701789;17.115007;0.64;-1.03;0.12;0.791504;-0.609271;0.011469;86.3;0.0;0.0;1.0;0.0;0.0
4.0;1753880919.706397;17.083454;0.52;-1.2;0.18;0.792041;-0.6096;0.011546;87.0;0.0;0.0;1.0;0.0;0.0
4.0;1753880919.711005;17.119908;0.56;-1.07;0.15;0.792842;-0.60919;0.011383;87.0;0.0;0.0;1.0;0.0;0.0
4.0;1753880919.715613;17.120645;0.53;-1.08;0.03;0.792849;-0.609142;0.011518;86.9;0.0;0.0;1.0;0.0;0.0
4.0;1753880919.720222;17.121967;0.55;-1.1;0.1;0.79066;-0.609942;0.010552;87.1;0.0;0.0;1.0;0.0;0.0
4.0;1753880919.72483;17.139191;0.49;-1.14;0.06;0.791603;-0.611159;0.011012;86.0;0.0;0.0;1.0;0.0;0.0
4.0;1753880919.729438;17.121977;0.66;-1.17;0.13;0.79067;-0.611678;0.011023;87.6;0.0;0.0;1.0;0.0;0.0
4.0;1753880919.734046;17.110101;0.61;-1.12;0.2;0.792451;-0.612906;0.010627;87.4;0.0;0.0;1.0;0.0;0.0
4.0;1753880919.738654;17.117782;0.57;-1.1;0.18;0.791001;-0.609124;0.01092;87.1;0.0;0.0;1.0;0.0;0.0
4.0;1753880919.743262;17.102709;0.45;-1.19;0.16;0.793061;-0.609656;0.012069;88.0;0.0;0.0;1.0;0.0;0.0
4.0;1753880919.74787;17.140475;0.56;-1.08;0.22;0.791468;-0.612386;0.011249;86.7;0.0;0.0;1.0;0.0;0.0
4.0;1753880919.752478;17.134431;0.61;-1.13;0.19;0.791571;-0.608262;0.010729;87.1;0.0;0.0;1.0;0.0;0.0
4.0;1753880919.757087;17.108415;0.65;-1.07;0.19;0.792125;-0.610724;0.010572;86.9;0.0;0.0;1.0;0.0;0.0
4.0;1753880919.761695;17.099125;0.45;-1.11;0.14;0.792475;-0.608003;0.011289;86.4;0.0;0.0;1.0;0.0;0.0
4.0;1753880919.766303;17.098588;0.58;-1.07;0.1;0.791591;-0.608769;0.01;87.9;0.0;0.0;1.0;0.0;0.0
4.0;1753880919.770911;17.107075;0.57;-1.19;0.08;0.791042;-0.610127;0.01001;87.4;0.0;0.0;1.0;0.0;0.0
4.0;1753880919.775519;17.085521;0.6;-1.15;0.09;0.792759;-0.610725;0.010412;85.5;0.0;0.0;1.0;0.0;0.0
4.0;1753880919.780128;17.108901;0.59;-1.19;0.09;0.79256;-0.610842;0.011247;87.3;0.0;0.0;1.0;0.0;0.0
4.0;1753880919.784736;17.133259;0.62;-1.13;0.17;0.790663;-0.610779;0.012311;86.9;0.0;0.0;1.0;0.0;0.0
4.0;1753880919.789344;17.123792;0.58;-1.15;0.17;0.790835;-0.609384;0.010982;85.7;0.0;0.0;1.0;0.0;0.0
4.0;1753880919.793952;17.111787;0.53;-1.12;0.13;0.789882;-0.612063;0.011841;86.0;0.0;0.0;1.0;0.0;0.0
4.0;1753880919.79856;17.120004;0.54;-1.15;0.2;0.79025;-0.609743;0.011716;87.5;0.0;0.0;1.0;0.0;0.0
4.0;1753880919.803168;17.113935;0.5;-1.12;0.12;0.792832;-0.610281;0.010733;87.7;0.0;0.0;1.0;0.0;0.0
4.0;1753880919.807776;17.10014;0.58;-1.15;0.15;0.79234;-0.609367;0.011855;86.3;0.0;0.0;1.0;0.0;0.0
4.0;1753880919.812384;17.116151;0.47;-1.11;0.16;0.793399;-0.610508;0.012515;88.0;0.0;0.0;1.0;0.0;0.0
4.0;1753880919.816993;17.094289;0.61;-1.13;0.21;0.791287;-0.609238;0.011857;86.2;0.0;0.0;1.0;0.0;0.0
4.0;1753880919.821601;17.099803;0.64;-1.14;0.1;0.790992;-0.610283;0.011955;86.5;0.0;0.0;1.0;0.0;0.0
4.0;1753880919.826209;17.111009;0.65;-1.17;0.15;0.79153;-0.610957;0.011482;88.1;0.0;0.0;1.0;0.0;0.0
4.0;1753880919.830817;17.112519;0.53;-1.18;0.16;0.790483;-0.610412;0.011667;88.6;0.0;0.0;1.0;0.0;0.0
4.0;1753880919.835426;17.117711;0.59;-1.12;0.06;0.79099;-0.611662;0.011069;88.5;0.0;0.0;1.0;0.0;0.0
4.0;1753880919.840034;17.130197;0.53;-1.14;0.14;0.790895;-0.60963;0.012375;86.9;0.0;0.0;1.0;0.0;0.0
4.0;1753880919.848;17.113281;0.56;-1.12;0.14;0.791658;-0.61061;0.01159;87.0;0.0;0.0;1.0;0.0;0.0
4.0;1753880919.84864;17.105469;0.56;-1.19;0.07;0.790804;-0.60878;0.01037;90.0;0.0;0.0;1.0;0.0;0.0
4.0;1753880919.853248;17.109913;0.63;-1.25;0.06;0.790922;-0.609492;0.011095;91.6;0.0;0.0;1.0;0.0;0.0
4.0;1753880919.857856;17.138825;0.59;-1.18;0.08;0.79156;-0.610917;0.011008;92.1;0.0;0.0;1.0;0.0;0.0
4.0;1753880919.862464;17.122803;0.7;-1.3;0.11;0.790949;-0.609003;0.011759;90.2;0.0;0.0;1.0;0.0;0.0
4.0;1753880919.867072;17.15139;0.52;-1.22;0.12;0.793091;-0.608268;0.010013;89.6;0.0;0.0;1.0;0.0;0.0
4.0;1753880919.871681;17.151558;0.64;-1.13;0.11;0.789486;-0.610173;0.010663;89.5;0.0;0.0;1.0;0.0;0.0
4.0;1753880919.876289;17.140657;0.7;-1.25;0.12;0.792083;-0.609301;0.01122;91.7;0.0;0.0;1.0;0.0;0.0
4.0;1753880919.88252;17.121094;0.7;-1.19;0.14;0.792024;-0.609268;0.011834;90.0;0.0;0.0;1.0;0.0;0.0
4.0;1753880919.887128;17.125743;0.68;-1.15;0.2;0.791823;-0.611196;0.011583;91.6;0.0;0.0;1.0;0.0;0.0
4.0;1753880919.891736;17.121085;0.68;-1.24;0.1;0.789639;-0.609781;0.01078;88.1;0.0;0.0;1.0;0.0;0.0
4.0;1753880919.896344;17.131509;0.74;-1.2;0.12;0.791748;-0.607021;0.011586;90.5;0.0;0.0;1.0;0.0;0.0
4.0;1753880919.900952;17.154624;0.63;-1.2;0.15;0.790923;-0.610627;0.010651;90.9;0.0;0.0;1.0;0.0;0.0
4.0;1753880919.90556;17.113683;0.73;-1.23;0.1;0.791354;-0.609461;0.011613;91.8;0.0;0.0;1.0;0.0;0.0
4.0;1753880919.910169;17.127435;0.73;-1.27;0.16;0.790356;-0.608283;0.010543;90.7;0.0;0.0;1.0;0.0;0.0
4.0;1753880919.914777;17.12449;0.64;-1.24;0.1;0.791231;-0.609673;0.010583;89.7;0.0;0.0;1.0;0.0;0.0
4.0;1753880919.919385;17.13517;0.73;-1.24;0.09;0.789936;-0.60978;0.010918;89.6;0.0;0.0;1.0;0.0;0.0
4.0;1753880919.923993;17.121837;0.72;-1.25;0.04;0.790251;-0.610192;0.012543;87.6;0.0;0.0;1.0;0.0;0.0
4.0;1753880919.928601;17.126671;0.64;-1.18;0.08;0.791353;-0.608334;0.01129;89.7;0.0;0.0;1.0;0.0;0.0
4.0;1753880919.93321;17.125457;0.66;-1.3;0.07;0.791231;-0.609358;0.010564;88.6;0.0;0.0;1.0;0.0;0.0
4.0;1753880919.937818;17.119459;0.84;-1.33;0.07;0.788718;-0.60935;0.011967;90.0;0.0;0.0;1.0;0.0;0.0
4.0;1753880919.942426;17.121893;0.65;-1.23;0.06;0.792524;-0.6076;0.010804;93.1;0.0;0.0;1.0;0.0;0.0
4.0;1753880919.94735;17.121094;0.7;-1.26;0.07;0.790682;-0.609024;0.011346;89.0;0.0;0.0;1.0;0.0;0.0
4.0;1753880919.951958;17.097045;0.74;-1.31;0.06;0.792226;-0.609429;0.011802;89.6;0.0;0.0;1.0;0.0;0.0
4.0;1753880919.956566;17.111538;0.67;-1.25;0.06;0.790816;-0.607907;0.01176;89.5;0.0;0.0;1.0;0.0;0.0
4.0;1753880919.961174;17.111896;0.73;-1.28;0.06;0.789555;-0.609956;0.010551;88.6;0.0;0.0;1.0;0.0;0.0
4.0;1753880919.965783;17.127509;0.81;-1.18;0.09;0.793169;-0.609764;0.011184;89.9;0.0;0.0;1.0;0.0;0.0
4.0;1753880919.97416;17.121094;0.63;-1.19;0.07;0.79178;-0.609756;0.01037;89.0;0.0;0.0;1.0;0.0;0.0
4.0;1753880919.979046;17.128906;0.77;-0.91;-28.14;0.903776;-0.433466;0.002806;86.0;0.0;0.0;1.0;0.0;0.0
4.0;1753880919.980254;17.105469;0.77;-0.77;-28.56;0.894382;-0.448594;-0.000488;86.0;0.0;0.0;1.0;0.0;0.0
4.0;1753880919.984862;17.095273;0.72;-0.64;-29.51;0.895659;-0.410971;-0.0143;86.5;0.0;0.0;1.0;0.0;0.0
4.0;1753880919.989295;17.105469;0.63;-0.84;-29.26;0.904996;-0.418704;-0.001464;86.0;0.0;0.0;1.0;0.0;0.0
4.0;1753880919.993957;17.105469;0.28;-0.7;-29.82;0.905972;-0.422974;-0.002074;86.0;0.0;0.0;1.0;0.0;0.0
4.0;1753880919.998404;17.070312;0.35;-0.77;-30.24;0.905972;-0.422974;-0.002074;86.0;0.0;0.0;1.0;0.0;0.0
4.0;1753880920.003012;17.047416;0.25;-0.79;-28.37;0.90484;-0.44586;-0.011728;87.2;0.0;0.0;1.0;0.0;0.0
4.0;1753880920.00762;17.039014;0.2;-0.6;-32.55;0.903914;-0.431528;-0.000698;87.4;0.0;0.0;1.0;0.0;0.0
4.0;1753880920.012228;17.076738;0.48;-0.35;-33.6;0.890086;-0.398308;-0.004866;85.5;0.0;0.0;1.0;0.0;0.0
4.0;1753880920.016837;17.098776;0.13;-0.94;-32.89;0.939304;-0.425994;0.004129;86.0;0.0;0.0;1.0;0.0;0.0
4.0;1753880920.021445;17.051186;0.41;-0.73;-31.08;0.912113;-0.427519;-0.004859;86.0;0.0;0.0;1.0;0.0;0.0
4.0;1753880920.026053;17.065505;0.13;-0.78;-28.64;0.916712;-0.427418;0.000589;85.3;0.0;0.0;1.0;0.0;0.0
4.0;1753880920.030661;17.086208;0.48;-0.78;-31.5;0.905216;-0.411446;0.011624;85.2;0.0;0.0;1.0;0.0;0.0
4.0;1753880920.035269;17.071307;0.66;-0.75;-28.56;0.90936;-0.447398;-0.005352;85.6;0.0;0.0;1.0;0.0;0.0
4.0;1753880920.039878;17.018032;0.39;-0.68;-27.29;0.902435;-0.409142;-0.008203;86.2;0.0;0.0;1.0;0.0;0.0
4.0;1753880920.044486;17.054886;0.47;-0.69;-28.58;0.903749;-0.42138;0.007982;87.2;0.0;0.0;1.0;0.0;0.0
4.0;1753880920.049094;17.041454;0.04;-0.96;-30.79;0.910435;-0.397858;-0.014809;85.0;0.0;0.0;1.0;0.0;0.0
4.0;1753880920.053702;17.091509;0.63;-0.93;-29.3;0.898686;-0.376276;-0.005207;83.6;0.0;0.0;1.0;0.0;0.0
4.0;1753880920.05831;17.075582;0.43;-0.77;-28.6;0.925503;-0.470843;-0.003039;84.4;0.0;0.0;1.0;0.0;0.0
4.0;1753880920.062918;17.097193;0.31;-0.7;-31.31;0.906091;-0.435372;0.001572;83.7;0.0;0.0;1.0;0.0;0.0
4.0;1753880920.067526;17.067768;0.31;-0.48;-30.92;0.918346;-0.424315;0.005548;84.9;0.0;0.0;1.0;0.0;0.0
4.0;1753880920.072134;17.071721;0.28;-0.97;-29.01;0.908198;-0.386639;-0.001314;81.8;0.0;0.0;1.0;0.0;0.0
4.0;1753880920.076743;17.064694;0.01;-0.57;-33.19;0.905253;-0.444896;0.004295;85.4;0.0;0.0;1.0;0.0;0.0
4.0;1753880920.081351;17.076109;0.3;-0.65;-32.94;0.936938;-0.417015;-0.012433;83.7;0.0;0.0;1.0;0.0;0.0
4.0;1753880920.085959;17.049291;0.19;-0.76;-35.52;0.898929;-0.410418;-0.006119;85.9;0.0;0.0;1.0;0.0;0.0
4.0;1753880920.090567;17.065539;0.38;-0.77;-31.51;0.90369;-0.424607;0.006676;82.9;0.0;0.0;1.0;0.0;0.0
4.0;1753880920.095175;17.074721;0.55;-0.93;-28.02;0.888787;-0.458876;-0.002664;84.5;0.0;0.0;1.0;0.0;0.0
4.0;1753880920.099784;17.06253;0.47;-0.94;-29.12;0.893669;-0.451334;0.0073;85.6;0.0;0.0;1.0;0.0;0.0
4.0;1753880920.104392;17.053547;0.46;-0.6;-29.38;0.897062;-0.439852;-0.001909;85.9;0.0;0.0;1.0;0.0;0.0
4.0;1753880920.109;17.085835;0.3;-0.71;-30.54;0.913644;-0.469905;0.018481;87.1;0.0;0.0;1.0;0.0;0.0
4.0;1753880920.113608;17.08975;0.15;-0.76;-35.49;0.892837;-0.39968;-0.010918;86.0;0.0;0.0;1.0;0.0;0.0
4.0;1753880920.118216;17.041495;0.36;-0.83;-31.26;0.882575;-0.421649;-0.009591;85.7;0.0;0.0;1.0;0.0;0.0
4.0;1753880920.122824;17.079966;0.32;-0.85;-28.33;0.897835;-0.458512;0.000269;85.6;0.0;0.0;1.0;0.0;0.0
4.0;1753880920.127432;17.078472;0.23;-1.0;-30.91;0.906154;-0.435937;-0.003847;85.1;0.0;0.0;1.0;0.0;0.0
4.0;1753880920.13204;17.079446;0.28;-0.8;-26.92;0.922717;-0.415956;-0.02224;89.2;0.0;0.0;1.0;0.0;0.0
4.0;1753880920.136649;17.096809;0.3;-0.69;-34.06;0.90587;-0.430473;-0.006476;88.2;0.0;0.0;1.0;0.0;0.0
4.0;1753880920.141257;17.067918;0.36;-0.49;-30.36;0.909133;-0.428946;-0.00018;86.8;0.0;0.0;1.0;0.0;0.0
4.0;1753880920.145865;17.062498;0.34;-1.03;-29.58;0.920811;-0.44802;0.006774;87.1;0.0;0.0;1.0;0.0;0.0
4.0;1753880920.150473;17.046627;0.57;-0.61;-30.27;0.91612;-0.422893;0.00738;86.6;0.0;0.0;1.0;0.0;0.0
4.0;1753880920.155081;17.079075;0.23;-0.67;-30.68;0.894884;-0.432102;0.007428;88.1;0.0;0.0;1.0;0.0;0.0
4.0;1753880920.15969;17.091333;-0.16;-0.62;-30.13;0.899355;-0.420737;0.000288;86.6;0.0;0.0;1.0;0.0;0.0
4.0;1753880920.164298;17.054084;0.4;-0.78;-26.4;0.923987;-0.415528;0.011277;85.2;0.0;0.0;1.0;0.0;0.0
4.0;1753880920.168906;17.066718;0.48;-0.5;-32.77;0.906579;-0.370768;-0.01664;84.4;0.0;0.0;1.0;0.0;0.0
4.0;1753880920.173514;17.044754;0.2;-0.5;-29.66;0.915728;-0.415293;-0.00242;88.3;0.0;0.0;1.0;0.0;0.0
4.0;1753880920.178122;17.072384;0.11;-0.72;-30.52;0.927345;-0.410986;-0.017965;86.7;0.0;0.0;1.0;0.0;0.0
4.0;1753880920.18273;17.02896;0.01;-0.4;-32.76;0.899018;-0.434034;0.002407;85.1;0.0;0.0;1.0;0.0;0.0
4.0;1753880920.187338;17.083075;0.09;-0.61;-32.61;0.916621;-0.417706;-0.0028;89.0;0.0;0.0;1.0;0.0;0.0
4.0;1753880920.191946;17.080313;0.1;-0.68;-28.64;0.9142;-0.403473;0.000127;90.2;0.0;0.0;1.0;0.0;0.0
4.0;1753880920.196555;17.085541;-0.05;-0.8;-27.39;0.912306;-0.450701;0.010125;86.2;0.0;0.0;1.0;0.0;0.0
4.0;1753880920.201163;17.102078;0.55;-0.69;-33.9;0.902703;-0.456263;-0.00086;87.9;0.0;0.0;1.0;0.0;0.0
4.0;1753880920.205771;17.053934;0.04;-0.68;-33.7;0.900978;-0.414729;-0.005969;85.6;0.0;0.0;1.0;0.0;0.0
4.0;1753880920.210379;17.065601;0.14;-0.7;-30.44;0.893586;-0.433149;-0.006837;86.2;0.0;0.0;1.0;0.0;0.0
4.0;1753880920.214987;17.042589;0.21;-0.74;-30.57;0.88621;-0.404928;-0.001759;85.2;0.0;0.0;1.0;0.0;0.0
4.0;1753880920.219596;17.07044;0.46;-0.62;-28.13;0.877565;-0.431464;-0.009445;87.2;0.0;0.0;1.0;0.0;0.0
4.0;1753880920.224204;17.088775;0.13;-0.93;-31.36;0.894404;-0.430726;-0.003333;87.0;0.0;0.0;1.0;0.0;0.0
4.0;1753880920.228812;17.023647;0.44;-0.45;-31.15;0.910045;-0.42714;-0.009088;86.4;0.0;0.0;1.0;0.0;0.0
4.0;1753880920.23342;17.037087;0.59;-0.95;-29.0;0.916022;-0.430614;-0.004155;86.4;0.0;0.0;1.0;0.0;0.0
4.0;1753880920.238028;17.02421;0.56;-1.05;-30.92;0.913847;-0.41556;0.011349;87.4;0.0;0.0;1.0;0.0;0.0
4.0;1753880920.242636;17.113086;0.03;-0.8;-30.86;0.901829;-0.451208;-0.002663;87.2;0.0;0.0;1.0;0.0;0.0
4.0;1753880920.247244;17.078688;0.2;-1.06;-34.02;0.909397;-0.414028;-0.004618;87.0;0.0;0.0;1.0;0.0;0.0
4.0;1753880920.251852;17.083186;0.27;-0.57;-28.67;0.910101;-0.445348;-0.011198;84.8;0.0;0.0;1.0;0.0;0.0
4.0;1753880920.256461;17.027636;0.33;-0.55;-27.55;0.895286;-0.421056;-0.010377;86.7;0.0;0.0;1.0;0.0;0.0
4.0;1753880920.261069;17.066658;0.12;-0.91;-26.55;0.922642;-0.415723;-8.5e-05;86.9;0.0;0.0;1.0;0.0;0.0
4.0;1753880920.265677;17.053878;0.5;-0.85;-30.17;0.879829;-0.428091;0.012144;88.0;0.0;0.0;1.0;0.0;0.0
4.0;1753880920.270285;17.071009;0.14;-0.63;-32.01;0.902815;-0.482182;-0.003202;88.1;0.0;0.0;1.0;0.0;0.0
4.0;1753880920.274893;17.061844;0.07;-0.88;-30.93;0.888493;-0.405848;-0.01336;86.6;0.0;0.0;1.0;0.0;0.0
4.0;1753880920.279502;17.088902;0.07;-0.83;-29.36;0.904574;-0.404037;0.000408;84.1;0.0;0.0;1.0;0.0;0.0
4.0;1753880920.28411;17.093739;0.36;-0.72;-33.21;0.89883;-0.427342;0.011859;86.1;0.0;0.0;1.0;0.0;0.0
4.0;1753880920.288718;17.067662;0.56;-0.49;-33.57;0.914999;-0.406586;-0.002716;84.3;0.0;0.0;1.0;0.0;0.0
4.0;1753880920.293326;17.086181;0.16;-0.96;-32.34;0.892427;-0.432799;0.011234;84.7;0.0;0.0;1.0;0.0;0.0
4.0;1753880920.297934;17.057771;0.23;-0.57;-34.63;0.893988;-0.447289;0.003383;85.7;0.0;0.0;1.0;0.0;0.0
4.0;1753880920.306;17.070312;0.21;-0.77;-30.8;0.902556;-0.42761;-0.00183;86.0;0.0;0.0;1.0;0.0;0.0
4.0;1753880920.310608;17.046523;0.0;-0.84;-32.02;0.907386;-0.415945;-0.013352;83.5;0.0;0.0;1.0;0.0;0.0
4.0;1753880920.315216;17.099333;-0.16;-0.53;-28.38;0.888658;-0.428269;0.002124;82.9;0.0;0.0;1.0;0.0;0.0
4.0;1753880920.319824;17.078413;0.28;-0.76;-28.61;0.89816;-0.397962;-0.006696;88.4;0.0;0.0;1.0;0.0;0.0
4.0;1753880920.324432;17.03799;0.09;-0.53;-31.14;0.89682;-0.381214;-0.006964;84.1;0.0;0.0;1.0;0.0;0.0
4.0;1753880920.32904;17.088523;-0.03;-0.85;-29.97;0.921457;-0.403419;0.012401;86.4;0.0;0.0;1.0;0.0;0.0
4.0;1753880920.333649;17.099329;0.3;-1.09;-29.89;0.914694;-0.414117;0.003795;84.5;0.0;0.0;1.0;0.0;0.0
4.0;1753880920.338257;17.076474;-0.14;-0.81;-29.93;0.909813;-0.393659;0.007725;87.1;0.0;0.0;1.0;0.0;0.0
4.0;1753880920.342865;17.118633;0.36;-0.69;-30.67;0.888789;-0.395077;-0.000856;85.2;0.0;0.0;1.0;0.0;0.0
4.0;1753880920.347473;17.070342;0.16;-0.54;-33.92;0.929536;-0.443512;0.006029;83.8;0.0;0.0;1.0;0.0;0.0
4.0;1753880920.352081;17.097185;0.13;-0.57;-31.26;0.901905;-0.426869;0.015021;89.4;0.0;0.0;1.0;0.0;0.0
4.0;1753880920.35669;17.119548;0.12;-0.72;-31.87;0.907401;-0.435281;0.011896;86.6;0.0;0.0;1.0;0.0;0.0
4.0;1753880920.361298;17.114539;-0.18;-0.86;-31.1;0.910851;-0.363918;0.002407;87.2;0.0;0.0;1.0;0.0;0.0
4.0;1753880920.365906;17.120889;0.32;-0.52;-30.1;0.918461;-0.424468;0.009208;85.3;0.0;0.0;1.0;0.0;0.0
4.0;1753880920.370514;17.105986;-0.04;-0.61;-31.55;0.907432;-0.375046;0.003172;85.4;0.0;0.0;1.0;0.0;0.0
4.0;1753880920.375122;17.079877;-0.14;-0.66;-31.3;0.932358;-0.396474;-0.014093;88.2;0.0;0.0;1.0;0.0;0.0
4.0;1753880920.37973;17.148749;0.11;-0.8;-30.58;0.899937;-0.445204;-0.005156;85.8;0.0;0.0;1.0;0.0;0.0
4.0;1753880920.384338;17.099482;-0.06;-0.63;-32.46;0.906891;-0.362365;0.004547;87.0;0.0;0.0;1.0;0.0;0.0
4.0;1753880920.388946;17.128304;0.07;-0.54;-29.86;0.915701;-0.395268;0.000947;84.9;0.0;0.0;1.0;0.0;0.0
4.0;1753880920.393555;17.141935;0.04;-0.39;-31.56;0.938652;-0.414956;0.013808;86.0;0.0;0.0;1.0;0.0;0.0
4.0;1753880920.40038;17.136719;0.07;-0.56;-31.71;0.923296;-0.393084;0.00671;87.0;0.0;0.0;1.0;0.0;0.0
4.0;1753880920.404988;17.142618;0.42;-0.45;-28.88;0.928229;-0.376629;0.005239;86.7;0.0;0.0;1.0;0.0;0.0
4.0;1753880920.409596;17.137809;0.21;-0.77;-30.4;0.922517;-0.410879;0.008868;83.5;0.0;0.0;1.0;0.0;0.0
4.0;1753880920.414204;17.135971;0.21;-0.52;-31.32;0.932891;-0.341095;-0.00064;87.1;0.0;0.0;1.0;0.0;0.0
4.0;1753880920.418812;17.140161;-0.22;-0.61;-30.72;0.925465;-0.394113;0.009428;85.5;0.0;0.0;1.0;0.0;0.0
4.0;1753880920.42342;17.097322;0.17;-0.59;-29.0;0.917838;-0.356702;0.000412;87.0;0.0;0.0;1.0;0.0;0.0
4.0;1753880920.428028;17.10853;0.01;-0.21;-31.58;0.915685;-0.365814;0.003208;88.6;0.0;0.0;1.0;0.0;0.0
4.0;1753880920.432637;17.101571;-0.16;-1.02;-29.26;0.913079;-0.374568;0.005021;88.9;0.0;0.0;1.0;0.0;0.0
4.0;1753880920.437245;17.094095;0.13;-0.34;-30.81;0.905499;-0.390837;0.000653;88.0;0.0;0.0;1.0;0.0;0.0
4.0;1753880920.441853;17.122626;0.03;-0.86;-31.88;0.896804;-0.390224;0.003298;87.6;0.0;0.0;1.0;0.0;0.0
4.0;1753880920.4501;17.136719;0.07;-0.56;-31.5;0.914634;-0.386984;0.004636;87.0;0.0;0.0;1.0;0.0;0.0
4.0;1753880920.454708;17.136898;0.38;-0.53;-29.88;0.915302;-0.384445;0.007456;85.3;0.0;0.0;1.0;0.0;0.0
4.0;1753880920.459316;17.137349;0.15;-0.52;-30.87;0.912758;-0.362932;0.018701;87.0;0.0;0.0;1.0;0.0;0.0
4.0;1753880920.463924;17.13163;0.1;-0.66;-33.77;0.917722;-0.370343;0.012057;87.7;0.0;0.0;1.0;0.0;0.0
4.0;1753880920.468532;17.123936;-0.05;-0.43;-30.79;0.927758;-0.418642;-0.00288;85.3;0.0;0.0;1.0;0.0;0.0
4.0;1753880920.473141;17.14823;0.1;-0.55;-33.35;0.918371;-0.385338;0.010854;87.9;0.0;0.0;1.0;0.0;0.0
4.0;1753880920.477749;17.158014;-0.34;-0.65;-32.02;0.931042;-0.357832;0.011108;84.9;0.0;0.0;1.0;0.0;0.0
4.0;1753880920.482357;17.172199;0.1;-0.64;-32.69;0.899356;-0.342902;0.000251;86.9;0.0;0.0;1.0;0.0;0.0
4.0;1753880920.486965;17.127382;0.45;-0.37;-30.27;0.924142;-0.393656;0.022008;86.2;0.0;0.0;1.0;0.0;0.0
4.0;1753880920.4938;17.136719;0.14;-0.49;-30.8;0.91866;-0.391254;0.005124;87.0;0.0;0.0;1.0;0.0;0.0
4.0;1753880920.498408;17.128564;0.19;-0.45;-34.54;0.923599;-0.404513;0.013045;88.4;0.0;0.0;1.0;0.0;0.0
4.0;1753880920.503016;17.147298;-0.26;-0.67;-31.69;0.918613;-0.395226;0.008775;87.9;0.0;0.0;1.0;0.0;0.0
4.0;1753880920.507624;17.067537;-0.21;-0.51;-28.85;0.919628;-0.388055;0.001544;87.9;0.0;0.0;1.0;0.0;0.0
4.0;1753880920.512232;17.123698;0.46;-0.17;-29.59;0.913544;-0.420267;0.006752;87.0;0.0;0.0;1.0;0.0;0.0
4.0;1753880920.51684;17.124087;-0.57;-0.64;-29.89;0.925287;-0.386945;0.005102;87.3;0.0;0.0;1.0;0.0;0.0
4.0;1753880920.521448;17.102487;-0.15;-0.49;-33.26;0.918378;-0.389993;0.00535;86.8;0.0;0.0;1.0;0.0;0.0
4.0;1753880920.526057;17.13931;0.33;-0.8;-31.06;0.897488;-0.387682;0.007195;89.5;0.0;0.0;1.0;0.0;0.0
4.0;1753880920.530665;17.119285;0.12;-0.71;-33.1;0.92283;-0.394914;0.011736;87.5;0.0;0.0;1.0;0.0;0.0
4.0;1753880920.53609;17.089844;-0.07;-0.56;-31.29;0.916098;-0.399428;0.005734;87.0;0.0;0.0;1.0;0.0;0.0
4.0;1753880920.540698;17.068255;0.19;-0.37;-31.74;0.930014;-0.375395;-0.006151;84.5;0.0;0.0;1.0;0.0;0.0
4.0;1753880920.545306;17.091345;-0.23;-0.62;-28.32;0.915426;-0.417556;0.009469;85.8;0.0;0.0;1.0;0.0;0.0
4.0;1753880920.549914;17.052207;0.65;-0.56;-31.54;0.922367;-0.397669;0.015936;87.8;0.0;0.0;1.0;0.0;0.0
4.0;1753880920.554522;17.131163;-0.23;-0.23;-32.67;0.92354;-0.378159;0.011671;86.0;0.0;0.0;1.0;0.0;0.0
4.0;1753880920.559131;17.101039;-0.31;-0.85;-33.17;0.929657;-0.411887;0.015885;89.4;0.0;0.0;1.0;0.0;0.0
4.0;1753880920.563739;17.092411;-0.24;-0.48;-28.47;0.917543;-0.403978;0.020726;89.3;0.0;0.0;1.0;0.0;0.0
4.0;1753880920.568347;17.109412;0.08;-0.8;-31.33;0.923946;-0.33396;0.009415;84.6;0.0;0.0;1.0;0.0;0.0
4.0;1753880920.572955;17.083742;0.39;-0.54;-30.51;0.921064;-0.386506;0.010687;86.6;0.0;0.0;1.0;0.0;0.0
4.0;1753880920.577563;17.068076;0.6;-0.29;-32.06;0.927467;-0.426119;0.009162;86.7;0.0;0.0;1.0;0.0;0.0
4.0;1753880920.582172;17.103596;0.17;-0.15;-31.37;0.923287;-0.36178;0.013404;88.7;0.0;0.0;1.0;0.0;0.0
4.0;1753880920.58678;17.125827;-0.16;-0.43;-31.65;0.924457;-0.372242;0.005989;87.9;0.0;0.0;1.0;0.0;0.0
4.0;1753880920.591388;17.077059;0.03;-0.17;-29.38;0.932621;-0.350065;0.02146;85.4;0.0;0.0;1.0;0.0;0.0
4.0;1753880920.595996;17.118041;-0.26;-0.72;-30.7;0.93196;-0.431193;0.008458;86.6;0.0;0.0;1.0;0.0;0.0
4.0;1753880920.600604;17.104583;-0.07;-0.76;-30.42;0.911788;-0.416458;0.017607;86.3;0.0;0.0;1.0;0.0;0.0
4.0;1753880920.605212;17.073726;-0.37;-0.55;-31.32;0.933522;-0.381172;0.018422;86.8;0.0;0.0;1.0;0.0;0.0
4.0;1753880920.60982;17.096093;-0.65;-0.24;-31.6;0.925655;-0.402367;0.013342;87.4;0.0;0.0;1.0;0.0;0.0
4.0;1753880920.61681;17.089844;-0.21;-0.49;-31.5;0.925126;-0.37515;0.016958;87.0;0.0;0.0;1.0;0.0;0.0
4.0;1753880920.62166;17.089844;0.0;-0.56;-30.66;0.925492;-0.376126;0.016592;87.0;0.0;0.0;1.0;0.0;0.0
4.0;1753880920.626268;17.073967;0.25;-0.64;-29.73;0.916454;-0.366438;0.013412;87.1;0.0;0.0;1.0;0.0;0.0
4.0;1753880920.630876;17.111482;0.2;-0.64;-29.37;0.933519;-0.405844;0.01167;86.2;0.0;0.0;1.0;0.0;0.0
4.0;1753880920.635484;17.066075;-0.55;-0.27;-29.23;0.932789;-0.365414;0.002746;87.3;0.0;0.0;1.0;0.0;0.0
4.0;1753880920.640092;17.07447;0.54;-0.63;-30.01;0.930657;-0.349664;0.015484;87.2;0.0;0.0;1.0;0.0;0.0
4.0;1753880920.6447;17.103516;0.21;-0.46;-29.18;0.920215;-0.329775;0.02588;88.8;0.0;0.0;1.0;0.0;0.0
4.0;1753880920.649309;17.099275;0.0;-0.32;-30.7;0.957435;-0.398463;0.025649;85.4;0.0;0.0;1.0;0.0;0.0
4.0;1753880920.653917;17.102218;0.13;-0.26;-30.0;0.924633;-0.354817;0.016901;86.7;0.0;0.0;1.0;0.0;0.0
4.0;1753880920.658525;17.080239;-0.06;-0.31;-31.02;0.934507;-0.373411;0.015269;87.1;0.0;0.0;1.0;0.0;0.0
4.0;1753880920.663133;17.127714;-0.37;-0.69;-30.38;0.910165;-0.356258;0.023263;87.9;0.0;0.0;1.0;0.0;0.0
4.0;1753880920.667741;17.103036;-0.1;-0.75;-29.61;0.947816;-0.407356;0.020875;87.0;0.0;0.0;1.0;0.0;0.0
4.0;1753880920.67576;17.089844;-0.07;-0.49;-30.24;0.927078;-0.383202;0.02196;87.0;0.0;0.0;1.0;0.0;0.0
4.0;1753880920.680368;17.065174;-0.24;-0.54;-29.47;0.930102;-0.342023;0.039411;85.6;0.0;0.0;1.0;0.0;0.0
4.0;1753880920.684976;17.118806;-0.27;-0.47;-30.61;0.933287;-0.403859;0.028584;86.7;0.0;0.0;1.0;0.0;0.0
4.0;1753880920.689584;17.089164;0.12;-0.58;-31.12;0.927716;-0.402019;0.017573;87.4;0.0;0.0;1.0;0.0;0.0
4.0;1753880920.694192;17.081922;-0.03;-0.36;-30.51;0.924002;-0.352432;0.038125;87.4;0.0;0.0;1.0;0.0;0.0
4.0;1753880920.6988;17.063304;-0.39;-0.67;-29.91;0.929762;-0.371625;0.036226;86.8;0.0;0.0;1.0;0.0;0.0
4.0;1753880920.703409;17.093214;0.46;-0.45;-28.93;0.934243;-0.331411;0.032167;86.3;0.0;0.0;1.0;0.0;0.0
4.0;1753880920.708017;17.091511;0.02;-0.44;-29.77;0.912634;-0.404038;0.007062;87.5;0.0;0.0;1.0;0.0;0.0
4.0;1753880920.712625;17.110636;0.18;-0.34;-29.67;0.924215;-0.386939;0.010027;86.2;0.0;0.0;1.0;0.0;0.0
4.0;1753880920.71899;17.089844;0.0;-0.63;-29.89;0.924394;-0.362462;0.028914;87.0;0.0;0.0;1.0;0.0;0.0
4.0;1753880920.723598;17.068205;0.28;-0.78;-29.72;0.941559;-0.362759;0.028426;88.1;0.0;0.0;1.0;0.0;0.0
4.0;1753880920.728206;17.127067;0.06;-0.84;-30.39;0.917757;-0.395058;0.008292;86.6;0.0;0.0;1.0;0.0;0.0
4.0;1753880920.732814;17.128855;-0.05;-0.71;-29.22;0.929997;-0.386092;0.020599;86.6;0.0;0.0;1.0;0.0;0.0
4.0;1753880920.737422;17.089932;-0.15;-0.75;-30.87;0.923823;-0.376358;0.048108;85.6;0.0;0.0;1.0;0.0;0.0
4.0;1753880920.74203;17.080459;0.12;-0.62;-29.38;0.91817;-0.42959;0.028941;85.9;0.0;0.0;1.0;0.0;0.0
4.0;1753880920.746639;17.10564;0.03;-0.68;-28.55;0.940744;-0.336146;0.038517;85.5;0.0;0.0;1.0;0.0;0.0
4.0;1753880920.751247;17.124027;0.29;-0.68;-29.08;0.934101;-0.331074;0.026171;86.2;0.0;0.0;1.0;0.0;0.0
4.0;1753880920.755855;17.070759;0.43;-0.54;-30.03;0.92574;-0.323232;0.041052;85.8;0.0;0.0;1.0;0.0;0.0
4.0;1753880920.760463;17.097591;0.17;-0.64;-29.98;0.936426;-0.399247;0.02177;85.6;0.0;0.0;1.0;0.0;0.0
4.0;1753880920.765072;17.054619;-0.05;-0.62;-30.15;0.93409;-0.335545;0.053783;86.5;0.0;0.0;1.0;0.0;0.0
4.0;1753880920.76968;17.056467;-0.26;-0.68;-29.8;0.924664;-0.330181;0.011626;85.2;0.0;0.0;1.0;0.0;0.0
4.0;1753880920.774288;17.087534;-0.06;-0.73;-28.18;0.93429;-0.376775;0.047457;85.3;0.0;0.0;1.0;0.0;0.0
4.0;1753880920.778896;17.135032;0.5;-0.5;-26.59;0.929332;-0.361021;0.040848;85.7;0.0;0.0;1.0;0.0;0.0
4.0;1753880920.783504;17.095536;-0.16;-0.71;-28.68;0.930473;-0.370057;0.034348;86.2;0.0;0.0;1.0;0.0;0.0
4.0;1753880920.788112;17.067388;0.06;-0.82;-30.19;0.938254;-0.376809;0.039442;84.0;0.0;0.0;1.0;0.0;0.0
4.0;1753880920.79227;17.089844;0.28;-0.77;-28.28;0.932202;-0.361242;0.036356;85.0;0.0;0.0;1.0;0.0;0.0
4.0;1753880920.796878;17.067808;0.26;-0.76;-30.38;0.929375;-0.386341;0.041072;84.3;0.0;0.0;1.0;0.0;0.0
4.0;1753880920.80378;17.089844;0.42;-0.63;-27.44;0.935984;-0.370026;0.034038;85.0;0.0;0.0;1.0;0.0;0.0
4.0;1753880920.808388;17.121351;0.63;-0.64;-26.99;0.942683;-0.360044;0.050266;85.3;0.0;0.0;1.0;0.0;0.0
4.0;1753880920.812996;17.063548;0.26;-0.64;-27.3;0.941109;-0.377782;0.05792;84.7;0.0;0.0;1.0;0.0;0.0
4.0;1753880920.817604;17.094233;0.47;-0.56;-28.55;0.936869;-0.419045;0.050107;84.9;0.0;0.0;1.0;0.0;0.0
4.0;1753880920.822213;17.095475;0.47;-0.65;-31.35;0.913025;-0.381967;0.038478;85.1;0.0;0.0;1.0;0.0;0.0
4.0;1753880920.826821;17.128112;0.63;-0.61;-26.51;0.941301;-0.324473;0.012296;84.7;0.0;0.0;1.0;0.0;0.0
4.0;1753880920.831429;17.096638;0.28;-0.69;-27.43;0.96205;-0.339097;0.037057;85.1;0.0;0.0;1.0;0.0;0.0
4.0;1753880920.836037;17.108481;0.54;-0.65;-26.64;0.942195;-0.387888;0.028122;84.8;0.0;0.0;1.0;0.0;0.0
4.0;1753880920.840645;17.098013;0.47;-0.56;-24.72;0.931551;-0.387167;0.054596;85.1;0.0;0.0;1.0;0.0;0.0
4.0;1753880920.845254;17.070607;0.61;-0.61;-25.18;0.930658;-0.401022;0.041323;83.7;0.0;0.0;1.0;0.0;0.0
4.0;1753880920.849862;17.100989;0.54;-0.72;-28.68;0.922323;-0.355366;0.032922;85.0;0.0;0.0;1.0;0.0;0.0
4.0;1753880920.85447;17.071357;0.3;-0.73;-27.81;0.932354;-0.364722;0.008304;84.7;0.0;0.0;1.0;0.0;0.0
4.0;1753880920.859078;17.085902;0.57;-0.62;-27.67;0.901671;-0.391322;0.06492;85.8;0.0;0.0;1.0;0.0;0.0
4.0;1753880920.863686;17.102907;0.62;-0.53;-25.37;0.928345;-0.369394;0.051588;85.9;0.0;0.0;1.0;0.0;0.0
4.0;1753880920.868294;17.096081;0.54;-0.63;-27.92;0.922635;-0.338226;0.041777;85.1;0.0;0.0;1.0;0.0;0.0
4.0;1753880920.872902;17.078451;0.56;-0.77;-26.71;0.919704;-0.334452;0.037541;85.4;0.0;0.0;1.0;0.0;0.0
4.0;1753880920.87751;17.102452;0.7;-0.53;-24.31;0.945266;-0.394108;0.014511;85.8;0.0;0.0;1.0;0.0;0.0
4.0;1753880920.882119;17.092973;0.35;-0.42;-27.95;0.929773;-0.359387;0.006753;84.7;0.0;0.0;1.0;0.0;0.0
4.0;1753880920.88888;17.089844;0.49;-0.63;-26.88;0.929518;-0.356484;0.033184;85.0;0.0;0.0;1.0;0.0;0.0
4.0;1753880920.89473;17.113281;0.7;-0.77;-25.48;0.932568;-0.356362;0.030256;85.0;0.0;0.0;1.0;0.0;0.0
4.0;1753880920.899338;17.091934;0.8;-0.8;-24.96;0.93485;-0.391008;-0.000517;83.9;0.0;0.0;1.0;0.0;0.0
4.0;1753880920.903946;17.093818;0.63;-0.93;-30.67;0.922775;-0.345565;0.025687;84.0;0.0;0.0;1.0;0.0;0.0
4.0;1753880920.908554;17.076891;0.34;-0.78;-21.37;0.924158;-0.399966;0.022301;85.5;0.0;0.0;1.0;0.0;0.0
4.0;1753880920.913163;17.105613;0.68;-0.91;-27.93;0.932804;-0.37147;0.022508;84.6;0.0;0.0;1.0;0.0;0.0
4.0;1753880920.917771;17.106397;0.86;-0.66;-25.51;0.964338;-0.356965;0.039867;83.2;0.0;0.0;1.0;0.0;0.0
4.0;1753880920.922379;17.113498;0.36;-0.77;-25.28;0.941567;-0.399708;0.026035;87.0;0.0;0.0;1.0;0.0;0.0
4.0;1753880920.926987;17.109905;0.97;-0.79;-29.31;0.935579;-0.371493;0.016827;85.5;0.0;0.0;1.0;0.0;0.0
4.0;1753880920.931595;17.127406;0.52;-0.79;-24.24;0.941672;-0.382704;0.031656;85.9;0.0;0.0;1.0;0.0;0.0
4.0;1753880920.936204;17.118318;0.86;-0.79;-22.29;0.923134;-0.353646;0.052032;84.0;0.0;0.0;1.0;0.0;0.0
4.0;1753880920.94157;17.113281;0.7;-0.98;-24.99;0.933666;-0.370636;0.027572;85.0;0.0;0.0;1.0;0.0;0.0
4.0;1753880920.946178;17.082147;1.01;-0.96;-20.45;0.9298;-0.377896;0.026753;84.5;0.0;0.0;1.0;0.0;0.0
4.0;1753880920.950786;17.102677;0.5;-0.96;-21.58;0.918119;-0.364175;0.020348;85.8;0.0;0.0;1.0;0.0;0.0
4.0;1753880920.955394;17.124183;0.58;-0.96;-28.44;0.929728;-0.334019;0.033304;85.7;0.0;0.0;1.0;0.0;0.0
4.0;1753880920.960002;17.09842;0.61;-0.8;-22.47;0.922302;-0.346985;0.025844;84.5;0.0;0.0;1.0;0.0;0.0
4.0;1753880920.96461;17.123818;0.68;-0.93;-24.24;0.937576;-0.338747;-0.003473;86.2;0.0;0.0;1.0;0.0;0.0
4.0;1753880920.969219;17.090097;1.16;-1.03;-20.69;0.935069;-0.384495;0.037943;83.4;0.0;0.0;1.0;0.0;0.0
4.0;1753880920.973827;17.086019;1.17;-1.02;-23.74;0.920094;-0.333239;0.029794;85.5;0.0;0.0;1.0;0.0;0.0
4.0;1753880920.978435;17.099741;0.72;-0.87;-20.71;0.939953;-0.345802;0.028536;85.0;0.0;0.0;1.0;0.0;0.0
4.0;1753880920.983043;17.108523;1.13;-0.87;-23.9;0.931175;-0.35798;0.022101;84.5;0.0;0.0;1.0;0.0;0.0
4.0;1753880920.987651;17.114853;0.66;-0.9;-22.47;0.914395;-0.399818;0.005071;84.1;0.0;0.0;1.0;0.0;0.0
4.0;1753880920.99348;17.113281;0.56;-0.91;-24.85;0.932934;-0.35807;0.02379;85.0;0.0;0.0;1.0;0.0;0.0
4.0;1753880920.99517;17.167969;-1.26;-1.96;-122.43;0.416142;0.903898;-0.005734;0.0;0.0;0.0;0.0;0.0;0.0
4.0;1753880920.999945;17.152344;-1.54;-1.82;-121.87;0.361486;0.943182;-0.003294;0.0;0.0;0.0;0.0;0.0;0.0
4.0;1753880921.004553;17.182454;-1.67;-1.37;-122.25;0.325359;1.007098;-0.013731;0.0;0.0;0.0;0.0;0.0;0.0
4.0;1753880921.009161;17.173915;-2.55;-1.59;-126.89;0.358708;0.953439;0.016305;0.0;0.0;0.0;0.0;0.0;0.0
4.0;1753880921.013769;17.119623;-1.48;-2.92;-128.99;0.401324;0.900204;-0.020549;0.0;0.0;0.0;0.0;0.0;0.0
4.0;1753880921.018377;17.153889;-2.66;-2.47;-119.87;0.377227;0.914648;0.050286;0.0;0.0;0.0;0.0;0.0;0.0
4.0;1753880921.022986;17.194294;-1.54;-1.41;-113.74;0.340354;0.935963;-0.019992;0.0;0.0;0.0;0.0;0.0;0.0
4.0;1753880921.027594;17.137501;-0.31;-2.55;-123.62;0.326841;0.952969;0.031895;0.0;0.0;0.0;0.0;0.0;0.0
4.0;1753880921.032202;17.143647;-1.78;-1.33;-125.21;0.28194;0.968421;-0.037853;0.0;0.0;0.0;0.0;0.0;0.0
4.0;1753880921.03681;17.120623;-1.42;-1.72;-125.41;0.446888;0.943239;-0.010545;0.0;0.0;0.0;0.0;0.0;0.0
4.0;1753880921.041418;17.177854;-3.17;-2.11;-123.91;0.363613;0.99048;0.006554;0.0;0.0;0.0;0.0;0.0;0.0
4.0;1753880921.046026;17.185844;-1.24;-3.41;-132.67;0.402187;0.900675;-0.002663;0.0;0.0;0.0;0.0;0.0;0.0
4.0;1753880921.050634;17.187733;-1.19;-2.2;-127.84;0.430471;0.909528;-0.00782;0.0;0.0;0.0;0.0;0.0;0.0
4.0;1753880921.055242;17.12306;-2.89;-2.21;-124.84;0.359091;0.904236;-0.045923;0.0;0.0;0.0;0.0;0.0;0.0
4.0;1753880921.059851;17.133867;-2.25;-1.2;-119.03;0.423479;0.955703;-0.009164;0.0;0.0;0.0;0.0;0.0;0.0
4.0;1753880921.064459;17.114934;-0.27;-2.52;-122.3;0.419656;0.933413;-0.00362;0.0;0.0;0.0;0.0;0.0;0.0
4.0;1753880921.069067;17.187549;-2.58;-1.68;-131.09;0.314848;0.923117;0.007873;0.0;0.0;0.0;0.0;0.0;0.0
4.0;1753880921.073675;17.189176;-2.16;-1.88;-114.93;0.400346;0.907753;0.007442;0.0;0.0;0.0;0.0;0.0;0.0
4.0;1753880921.078283;17.10336;-3.85;-4.2;-125.88;0.428981;0.938442;-0.01971;0.0;0.0;0.0;0.0;0.0;0.0
4.0;1753880921.082892;17.150467;-4.14;-1.56;-139.82;0.381874;0.938116;-0.008276;0.0;0.0;0.0;0.0;0.0;0.0
4.0;1753880921.0875;17.157198;-3.09;-2.43;-123.49;0.269617;0.940325;0.013099;0.0;0.0;0.0;0.0;0.0;0.0
4.0;1753880921.092108;17.168713;-2.86;-2.08;-117.46;0.332944;0.921689;0.023892;0.0;0.0;0.0;0.0;0.0;0.0
4.0;1753880921.096716;17.13496;-3.8;-2.1;-126.85;0.344417;0.92267;-0.000877;0.0;0.0;0.0;0.0;0.0;0.0
4.0;1753880921.101324;17.202752;-1.85;-1.37;-119.77;0.313047;0.916517;0.034253;0.0;0.0;0.0;0.0;0.0;0.0
4.0;1753880921.105932;17.133543;-2.28;-0.23;-122.01;0.267687;0.92081;0.061852;0.0;0.0;0.0;0.0;0.0;0.0
4.0;1753880921.11054;17.12051;-0.62;-0.6;-112.35;0.311495;0.938062;-0.016711;0.0;0.0;0.0;0.0;0.0;0.0
4.0;1753880921.115148;17.129266;-3.04;-2.04;-119.38;0.404573;0.917712;-0.006301;0.0;0.0;0.0;0.0;0.0;0.0
4.0;1753880921.119757;17.11704;-1.87;-2.45;-128.8;0.348197;0.9604;-0.052882;0.0;0.0;0.0;0.0;0.0;0.0
4.0;1753880921.124365;17.14026;-3.33;0.01;-107.86;0.397171;0.878783;-0.027919;0.0;0.0;0.0;0.0;0.0;0.0
4.0;1753880921.128973;17.14913;0.78;-0.17;-132.35;0.419024;0.911128;-0.012877;0.0;0.0;0.0;0.0;0.0;0.0
4.0;1753880921.133581;17.137973;-1.32;-1.86;-111.81;0.481128;0.92387;0.020754;0.0;0.0;0.0;0.0;0.0;0.0
4.0;1753880921.138189;17.151697;0.78;-3.54;-121.0;0.427034;0.975284;-0.032733;0.0;0.0;0.0;0.0;0.0;0.0
4.0;1753880921.142798;17.129043;0.09;-0.94;-122.43;0.409584;0.947271;-0.04448;0.0;0.0;0.0;0.0;0.0;0.0
4.0;1753880921.147406;17.171781;-0.85;-1.84;-126.12;0.379753;0.876644;0.041263;0.0;0.0;0.0;0.0;0.0;0.0
4.0;1753880921.152014;17.137787;-1.34;-0.99;-125.11;0.36565;0.897826;0.04141;0.0;0.0;0.0;0.0;0.0;0.0
4.0;1753880921.156622;17.115504;-0.72;-3.72;-123.12;0.306155;0.957095;-0.007581;0.0;0.0;0.0;0.0;0.0;0.0
4.0;1753880921.16123;17.185615;-1.82;-2.03;-118.27;0.372783;0.927208;-0.002658;0.0;0.0;0.0;0.0;0.0;0.0
4.0;1753880921.165838;17.191968;-2.76;-2.0;-114.53;0.302659;0.88047;-0.019389;0.0;0.0;0.0;0.0;0.0;0.0
4.0;1753880921.170446;17.170153;-0.32;-1.27;-118.65;0.400332;0.917237;0.010504;0.0;0.0;0.0;0.0;0.0;0.0
4.0;1753880921.175054;17.194435;-1.86;-1.13;-116.17;0.321855;0.908275;-0.008495;0.0;0.0;0.0;0.0;0.0;0.0
4.0;1753880921.179663;17.12993;-2.09;-2.19;-117.39;0.421388;0.902632;-0.000702;0.0;0.0;0.0;0.0;0.0;0.0
4.0;1753880921.184271;17.1264;0.29;-2.16;-121.46;0.352134;0.910835;0.003356;0.0;0.0;0.0;0.0;0.0;0.0
4.0;1753880921.188879;17.197182;-2.72;-2.0;-121.62;0.43982;0.93372;0.026519;0.0;0.0;0.0;0.0;0.0;0.0
4.0;1753880921.193487;17.17056;-1.2;-2.73;-125.2;0.424881;0.957035;0.022523;0.0;0.0;0.0;0.0;0.0;0.0
4.0;1753880921.198095;17.166477;-1.98;-1.42;-116.12;0.291157;0.945142;-0.003045;0.0;0.0;0.0;0.0;0.0;0.0
4.0;1753880921.202704;17.170962;-1.31;-1.87;-127.34;0.404961;0.877996;0.068477;0.0;0.0;0.0;0.0;0.0;0.0
4.0;1753880921.207312;17.172708;-1.5;-1.53;-124.41;0.374821;0.896887;-0.009678;0.0;0.0;0.0;0.0;0.0;0.0
4.0;1753880921.21192;17.088234;-3.41;-1.51;-119.33;0.423227;0.907612;-0.018839;0.0;0.0;0.0;0.0;0.0;0.0
4.0;1753880921.216528;17.147599;-1.52;-1.37;-114.57;0.366596;0.906415;0.04931;0.0;0.0;0.0;0.0;0.0;0.0
4.0;1753880921.221136;17.161659;-1.89;-1.01;-114.09;0.411237;0.931029;0.063611;0.0;0.0;0.0;0.0;0.0;0.0
4.0;1753880921.225744;17.109041;-0.64;-2.62;-119.51;0.351993;0.971368;0.027361;0.0;0.0;0.0;0.0;0.0;0.0
4.0;1753880921.230352;17.173873;-0.37;-3.06;-128.57;0.352365;0.913524;-0.009132;0.0;0.0;0.0;0.0;0.0;0.0
4.0;1753880921.23496;17.20031;-2.0;-0.06;-132.55;0.404063;0.905102;-0.034223;0.0;0.0;0.0;0.0;0.0;0.0
4.0;1753880921.239569;17.144329;-1.5;-1.09;-116.24;0.29929;0.906127;0.012716;0.0;0.0;0.0;0.0;0.0;0.0
4.0;1753880921.244177;17.123406;-2.07;-2.14;-129.04;0.41017;0.908485;-0.048296;0.0;0.0;0.0;0.0;0.0;0.0
4.0;1753880921.248785;17.17931;-1.91;-2.66;-130.55;0.365754;0.909252;0.068957;0.0;0.0;0.0;0.0;0.0;0.0
4.0;1753880921.253393;17.125769;0.51;-3.11;-122.59;0.387143;0.898808;-0.002635;0.0;0.0;0.0;0.0;0.0;0.0
4.0;1753880921.258001;17.176276;-1.7;-1.97;-119.7;0.370538;0.957719;0.085381;0.0;0.0;0.0;0.0;0.0;0.0
4.0;1753880921.26261;17.145399;-0.53;-1.78;-121.09;0.385323;0.90384;0.040791;0.0;0.0;0.0;0.0;0.0;0.0
4.0;1753880921.267218;17.109772;-2.09;-1.38;-114.33;0.352529;0.886334;0.011192;0.0;0.0;0.0;0.0;0.0;0.0
4.0;1753880921.271826;17.139544;0.05;-1.42;-129.04;0.364054;0.959794;0.009494;0.0;0.0;0.0;0.0;0.0;0.0
4.0;1753880921.276434;17.138779;-2.34;-1.93;-126.27;0.376181;0.918314;0.026077;0.0;0.0;0.0;0.0;0.0;0.0
4.0;1753880921.281042;17.197469;-1.04;-0.37;-107.99;0.401625;0.907091;0.026555;0.0;0.0;0.0;0.0;0.0;0.0
4.0;1753880921.28565;17.145995;-0.29;-3.01;-115.34;0.368931;0.920445;0.054356;0.0;0.0;0.0;0.0;0.0;0.0
4.0;1753880921.290258;17.148614;0.77;-2.66;-124.68;0.402154;0.900382;0.014309;0.0;0.0;0.0;0.0;0.0;0.0
4.0;1753880921.294866;17.13023;-0.87;-0.73;-111.72;0.368688;0.939613;-0.002474;0.0;0.0;0.0;0.0;0.0;0.0
4.0;1753880921.299475;17.12385;-1.13;-2.15;-125.29;0.343346;0.885352;0.063203;0.0;0.0;0.0;0.0;0.0;0.0
4.0;1753880921.304083;17.187484;-0.61;-2.96;-104.5;0.323222;0.928706;0.004158;0.0;0.0;0.0;0.0;0.0;0.0
4.0;1753880921.308691;17.102276;-1.83;-3.59;-132.4;0.437203;0.950721;0.002804;0.0;0.0;0.0;0.0;0.0;0.0
4.0;1753880921.313299;17.16574;-0.39;-1.78;-132.89;0.397582;0.922215;0.015203;0.0;0.0;0.0;0.0;0.0;0.0
4.0;1753880921.317907;17.148764;-2.72;-2.11;-113.83;0.470298;0.914001;0.034166;0.0;0.0;0.0;0.0;0.0;0.0
4.0;1753880921.322516;17.117529;-3.94;-2.14;-121.91;0.421618;0.910898;-0.011624;0.0;0.0;0.0;0.0;0.0;0.0
4.0;1753880921.327124;17.127077;-2.42;-1.36;-121.07;0.304015;0.890419;0.013443;0.0;0.0;0.0;0.0;0.0;0.0
4.0;1753880921.331732;17.149606;-1.08;-1.99;-121.45;0.391686;0.941277;0.009519;0.0;0.0;0.0;0.0;0.0;0.0
4.0;1753880921.33634;17.183388;-3.66;-0.81;-115.33;0.547948;0.891607;-0.012585;0.0;0.0;0.0;0.0;0.0;0.0
4.0;1753880921.340948;17.190695;-1.27;-1.49;-109.97;0.413284;0.937737;0.049125;0.0;0.0;0.0;0.0;0.0;0.0
4.0;1753880921.345556;17.122466;0.64;-0.98;-113.86;0.305015;0.884696;-0.017049;0.0;0.0;0.0;0.0;0.0;0.0
4.0;1753880921.350164;17.0967;0.35;-2.16;-116.29;0.387623;0.890684;0.023329;0.0;0.0;0.0;0.0;0.0;0.0
4.0;1753880921.354772;17.186882;-1.81;-1.96;-109.34;0.378211;0.920777;0.024738;0.0;0.0;0.0;0.0;0.0;0.0
4.0;1753880921.359381;17.157842;-1.2;-2.71;-127.55;0.376145;0.881323;0.016291;0.0;0.0;0.0;0.0;0.0;0.0
4.0;1753880921.363989;17.155356;0.93;-1.86;-125.1;0.301796;0.871808;0.013163;0.0;0.0;0.0;0.0;0.0;0.0
4.0;1753880921.368597;17.215834;-0.29;-1.15;-110.12;0.41084;0.903007;0.043021;0.0;0.0;0.0;0.0;0.0;0.0
4.0;1753880921.373205;17.112551;-1.62;-1.28;-119.06;0.349616;0.922435;0.031332;0.0;0.0;0.0;0.0;0.0;0.0
4.0;1753880921.377813;17.074157;0.71;-1.74;-118.98;0.38903;0.899355;-0.028142;0.0;0.0;0.0;0.0;0.0;0.0
4.0;1753880921.382422;17.178695;-3.87;-1.16;-128.7;0.399951;0.952077;0.001433;0.0;0.0;0.0;0.0;0.0;0.0
4.0;1753880921.38703;17.149252;-3.15;-1.45;-111.03;0.409255;0.872793;0.015723;0.0;0.0;0.0;0.0;0.0;0.0
4.0;1753880921.391638;17.135347;-0.39;-1.03;-120.01;0.449373;0.919588;0.047199;0.0;0.0;0.0;0.0;0.0;0.0
4.0;1753880921.396246;17.192312;-2.38;-1.46;-123.3;0.464507;0.897263;0.005884;0.0;0.0;0.0;0.0;0.0;0.0
4.0;1753880921.400854;17.174364;-1.74;-2.15;-129.14;0.450216;0.91799;0.071669;0.0;0.0;0.0;0.0;0.0;0.0
4.0;1753880921.405462;17.210753;-1.43;-0.95;-123.27;0.368123;0.940798;0.010577;0.0;0.0;0.0;0.0;0.0;0.0
4.0;1753880921.41007;17.163457;-1.6;-0.33;-129.64;0.391961;0.901973;0.046445;0.0;0.0;0.0;0.0;0.0;0.0
4.0;1753880921.414678;17.05479;-1.38;-2.1;-119.8;0.358115;0.912279;0.03029;0.0;0.0;0.0;0.0;0.0;0.0
4.0;1753880921.419287;17.174456;-0.96;-2.19;-122.1;0.37067;0.896039;0.058057;0.0;0.0;0.0;0.0;0.0;0.0
4.0;1753880921.423895;17.111496;-0.33;-0.79;-122.55;0.371017;0.941466;0.027047;0.0;0.0;0.0;0.0;0.0;0.0
4.0;1753880921.4323;17.152344;-1.26;-1.75;-119.14;0.391132;0.904752;0.016836;0.0;0.0;0.0;0.0;0.0;0.0
4.0;1753880921.436908;17.128328;0.87;-1.86;-115.05;0.345386;0.958107;-0.02168;0.0;0.0;0.0;0.0;0.0;0.0
4.0;1753880921.441516;17.149413;-0.52;1.62;-111.3;0.354035;0.851853;0.046847;0.0;0.0;0.0;0.0;0.0;0.0
4.0;1753880921.446124;17.142566;-0.83;0.22;-112.67;0.50934;0.918513;0.105911;0.0;0.0;0.0;0.0;0.0;0.0
4.0;1753880921.450733;17.151664;-1.72;0.46;-108.69;0.510862;1.03906;0.098638;0.0;0.0;0.0;0.0;0.0;0.0
4.0;1753880921.455341;17.099578;0.85;-0.31;-105.5;0.42403;0.971065;0.120544;0.0;0.0;0.0;0.0;0.0;0.0
4.0;1753880921.459949;17.102202;-0.04;0.19;-105.06;0.338311;1.049931;0.145436;0.0;0.0;0.0;0.0;0.0;0.0
4.0;1753880921.46475;17.105469;0.0;1.26;-108.99;0.25925;0.957578;0.097356;0.0;0.0;0.0;0.0;0.0;0.0
4.0;1753880921.469358;17.143946;-2.17;3.06;-103.51;0.244866;0.901687;0.18629;0.0;0.0;0.0;0.0;0.0;0.0
4.0;1753880921.473966;17.143176;0.01;2.43;-103.25;0.137375;1.03244;0.093315;0.0;0.0;0.0;0.0;0.0;0.0
4.0;1753880921.478574;17.124063;1.29;0.6;-102.05;0.356911;1.055014;0.101342;0.0;0.0;0.0;0.0;0.0;0.0
4.0;1753880921.483182;17.116133;-1.9;2.88;-100.93;-0.003325;1.062604;0.075125;0.0;0.0;0.0;0.0;0.0;0.0
4.0;1753880921.48779;17.111818;-0.52;0.42;-109.79;0.558158;0.86325;0.124404;0.0;0.0;0.0;0.0;0.0;0.0
4.0;1753880921.492399;17.108382;-0.91;-0.52;-103.54;0.219382;1.03556;0.187148;0.0;0.0;0.0;0.0;0.0;0.0
4.0;1753880921.49814;17.105469;-0.28;1.05;-108.71;0.321836;0.957212;0.05978;0.0;0.0;0.0;0.0;0.0;0.0
4.0;1753880921.502748;17.135502;-1.08;3.3;-102.27;0.233469;0.970524;0.095465;0.0;0.0;0.0;0.0;0.0;0.0
4.0;1753880921.507356;17.165664;0.33;1.13;-95.77;0.133458;0.867594;0.091251;0.0;0.0;0.0;0.0;0.0;0.0
4.0;1753880921.511964;17.113664;-1.22;1.52;-116.6;0.279875;0.95537;0.023783;0.0;0.0;0.0;0.0;0.0;0.0
4.0;1753880921.516572;17.130164;0.16;1.75;-113.74;0.208544;0.882362;0.062349;0.0;0.0;0.0;0.0;0.0;0.0
4.0;1753880921.521181;17.117762;-1.3;0.48;-111.56;0.270453;1.024006;0.008782;0.0;0.0;0.0;0.0;0.0;0.0
4.0;1753880921.525789;17.11841;-0.45;0.76;-113.1;0.216697;0.939739;0.038261;0.0;0.0;0.0;0.0;0.0;0.0
4.0;1753880921.530397;17.189501;0.26;1.34;-117.75;0.134374;0.999093;0.056998;0.0;0.0;0.0;0.0;0.0;0.0
4.0;1753880921.535005;17.131642;0.46;2.04;-118.11;0.427389;0.94159;0.061089;0.0;0.0;0.0;0.0;0.0;0.0
4.0;1753880921.539613;17.11341;-0.03;1.18;-109.39;0.332391;0.914714;0.093942;0.0;0.0;0.0;0.0;0.0;0.0
4.0;1753880921.54386;17.128906;-0.21;1.19;-114.45;0.226554;0.942572;0.091012;0.0;0.0;0.0;0.0;0.0;0.0
4.0;1753880921.548468;17.158773;0.01;0.14;-119.51;0.248124;0.975409;-0.025707;0.0;0.0;0.0;0.0;0.0;0.0
4.0;1753880921.553076;17.120476;0.75;-0.06;-123.03;0.358888;0.944174;0.028016;0.0;0.0;0.0;0.0;0.0;0.0
4.0;1753880921.557684;17.121557;-0.79;1.06;-121.22;0.259653;0.926685;0.136485;0.0;0.0;0.0;0.0;0.0;0.0
4.0;1753880921.562292;17.075749;-0.06;-0.31;-124.78;0.196338;0.928799;0.175066;0.0;0.0;0.0;0.0;0.0;0.0
4.0;1753880921.566901;17.085505;-0.15;0.55;-121.7;0.247852;0.982891;0.127395;0.0;0.0;0.0;0.0;0.0;0.0
4.0;1753880921.571509;17.161899;0.22;0.79;-110.0;0.184113;0.945813;0.120202;0.0;0.0;0.0;0.0;0.0;0.0
4.0;1753880921.576117;17.154345;0.1;2.42;-115.36;0.380361;0.893613;0.04255;0.0;0.0;0.0;0.0;0.0;0.0
4.0;1753880921.580725;17.174135;-0.59;1.06;-121.32;0.376148;0.972334;0.031343;0.0;0.0;0.0;0.0;0.0;0.0
4.0;1753880921.585333;17.162313;0.76;2.86;-122.19;0.321114;0.861172;0.210677;0.0;0.0;0.0;0.0;0.0;0.0
4.0;1753880921.589942;17.150647;0.1;-1.52;-116.87;0.26471;0.813683;0.085703;0.0;0.0;0.0;0.0;0.0;0.0
4.0;1753880921.59455;17.150293;-1.27;-0.76;-123.35;0.155272;0.819982;0.115767;0.0;0.0;0.0;0.0;0.0;0.0
4.0;1753880921.599158;17.121985;-1.59;0.05;-121.8;0.295708;0.862637;0.184612;0.0;0.0;0.0;0.0;0.0;0.0
4.0;1753880921.603766;17.173364;-0.55;2.53;-124.93;-0.026706;0.959655;0.068937;0.0;0.0;0.0;0.0;0.0;0.0
4.0;1753880921.608374;17.171058;0.08;1.18;-110.08;0.248925;0.948275;0.093328;0.0;0.0;0.0;0.0;0.0;0.0
4.0;1753880921.612982;17.107442;0.42;3.94;-123.91;0.305412;0.923279;-0.061232;0.0;0.0;0.0;0.0;0.0;0.0
4.0;1753880921.61759;17.131578;-0.18;-0.18;-119.82;0.272313;0.910967;0.102312;0.0;0.0;0.0;0.0;0.0;0.0
4.0;1753880921.622198;17.121827;0.35;-1.61;-123.11;0.352536;0.94324;0.027293;0.0;0.0;0.0;0.0;0.0;0.0
4.0;1753880921.626807;17.145732;-0.15;2.34;-126.61;0.527218;1.007955;0.096303;0.0;0.0;0.0;0.0;0.0;0.0
4.0;1753880921.63134;17.128906;0.35;1.61;-123.41;0.291458;0.964898;0.071004;0.0;0.0;0.0;0.0;0.0;0.0
4.0;1753880921.63428;17.128906;2.24;0.77;-129.15;0.409798;0.99918;-0.022448;0.0;0.0;0.0;0.0;0.0;0.0
4.0;1753880921.638888;17.122475;1.49;1.43;-128.13;0.341499;1.025555;-0.101199;0.0;0.0;0.0;0.0;0.0;0.0
4.0;1753880921.643496;17.158534;2.07;1.62;-119.84;0.361704;1.047143;-0.001505;0.0;0.0;0.0;0.0;0.0;0.0
4.0;1753880921.648104;17.143739;3.34;0.72;-124.43;0.195504;0.905672;0.042116;0.0;0.0;0.0;0.0;0.0;0.0
4.0;1753880921.652712;17.155267;1.51;1.55;-117.99;0.37781;0.954474;-0.036959;0.0;0.0;0.0;0.0;0.0;0.0
4.0;1753880921.65732;17.084059;3.07;0.17;-110.97;0.297191;0.923606;0.120694;0.0;0.0;0.0;0.0;0.0;0.0
4.0;1753880921.661929;17.134203;3.75;2.79;-129.12;0.084087;0.923319;0.063732;0.0;0.0;0.0;0.0;0.0;0.0
4.0;1753880921.666537;17.150656;0.72;1.4;-121.15;0.283332;0.962683;0.119063;0.0;0.0;0.0;0.0;0.0;0.0
4.0;1753880921.671145;17.130364;2.11;-0.87;-102.77;0.17573;0.94582;0.035223;0.0;0.0;0.0;0.0;0.0;0.0
4.0;1753880921.675753;17.125183;0.89;0.7;-128.32;0.110097;0.933647;0.01011;0.0;0.0;0.0;0.0;0.0;0.0
4.0;1753880921.680361;17.123768;2.91;1.27;-114.56;0.136904;0.908503;0.088261;0.0;0.0;0.0;0.0;0.0;0.0
4.0;1753880921.68497;17.103427;-0.67;1.08;-117.28;0.476556;0.949024;-0.040143;0.0;0.0;0.0;0.0;0.0;0.0
4.0;1753880921.689578;17.135007;0.27;-0.81;-115.76;0.153711;0.926765;0.050148;0.0;0.0;0.0;0.0;0.0;0.0
4.0;1753880921.694186;17.114133;2.93;0.62;-113.97;0.450022;0.947597;0.053099;0.0;0.0;0.0;0.0;0.0;0.0
4.0;1753880921.698794;17.074294;-0.96;-0.3;-114.23;0.231856;1.002399;0.184173;0.0;0.0;0.0;0.0;0.0;0.0
4.0;1753880921.703402;17.079581;1.66;-0.04;-111.69;-0.165632;0.968781;-0.046919;0.0;0.0;0.0;0.0;0.0;0.0
4.0;1753880921.70801;17.128186;1.56;0.55;-106.45;-0.088747;0.942957;0.059025;0.0;0.0;0.0;0.0;0.0;0.0
4.0;1753880921.712618;17.13786;1.9;0.82;-125.1;-0.265696;0.88436;0.155269;0.0;0.0;0.0;0.0;0.0;0.0
4.0;1753880921.72137;17.128906;0.98;-0.14;-110.53;-0.034526;0.906582;0.116876;0.0;0.0;0.0;0.0;0.0;0.0
4.0;1753880921.72535;17.195312;0.98;5.11;-98.56;0.37149;1.00894;0.02135;0.0;0.0;0.0;0.0;0.0;0.0
4.0;1753880921.729958;17.196254;-0.04;4.59;-106.42;0.475274;1.108356;-0.030153;0.0;0.0;0.0;0.0;0.0;0.0
4.0;1753880921.734566;17.189145;1.11;3.66;-93.78;0.355;1.004571;0.030629;0.0;0.0;0.0;0.0;0.0;0.0
4.0;1753880921.739174;17.20707;0.87;3.31;-97.66;0.403106;1.019595;0.016083;0.0;0.0;0.0;0.0;0.0;0.0
4.0;1753880921.743782;17.238354;1.49;3.74;-99.65;0.4285;1.001657;0.00719;0.0;0.0;0.0;0.0;0.0;0.0
4.0;1753880921.748391;17.202048;0.01;6.54;-102.48;0.190013;0.996948;-0.053951;0.0;0.0;0.0;0.0;0.0;0.0
4.0;1753880921.752999;17.167097;0.69;0.31;-86.0;0.5783;1.062322;0.007031;0.0;0.0;0.0;0.0;0.0;0.0
4.0;1753880921.757607;17.137452;1.18;6.02;-96.35;0.53711;1.01812;-0.030261;0.0;0.0;0.0;0.0;0.0;0.0
4.0;1753880921.762215;17.200447;0.46;1.77;-96.99;0.554633;0.981627;0.025806;0.0;0.0;0.0;0.0;0.0;0.0
4.0;1753880921.766823;17.176139;1.61;4.07;-108.55;0.320157;0.970007;-0.029901;0.0;0.0;0.0;0.0;0.0;0.0
4.0;1753880921.771432;17.197317;1.01;1.79;-113.13;0.402855;0.970079;-0.025116;0.0;0.0;0.0;0.0;0.0;0.0
4.0;1753880921.77559;17.195312;1.05;1.61;-106.19;0.373442;0.996862;-0.00549;0.0;0.0;0.0;0.0;0.0;0.0
4.0;1753880921.780198;17.209621;0.79;-0.81;-118.95;0.237299;1.06255;-0.156893;0.0;0.0;0.0;0.0;0.0;0.0
4.0;1753880921.784806;17.211098;0.47;2.71;-94.67;0.388064;0.914875;-0.074145;0.0;0.0;0.0;0.0;0.0;0.0
4.0;1753880921.789414;17.19757;0.36;-0.56;-102.02;0.495018;0.994005;0.125891;0.0;0.0;0.0;0.0;0.0;0.0
4.0;1753880921.794022;17.141549;1.15;-1.52;-100.4;0.438955;0.967658;0.069365;0.0;0.0;0.0;0.0;0.0;0.0
4.0;1753880921.798631;17.238943;3.83;0.82;-100.35;0.185993;0.961717;0.005852;0.0;0.0;0.0;0.0;0.0;0.0
4.0;1753880921.803239;17.153134;0.08;1.28;-107.87;0.379941;0.952297;-0.024075;0.0;0.0;0.0;0.0;0.0;0.0
4.0;1753880921.807847;17.172618;1.05;-2.57;-95.96;0.124728;0.882587;-0.029946;0.0;0.0;0.0;0.0;0.0;0.0
4.0;1753880921.81639;17.195312;1.4;1.19;-106.12;0.123952;0.868152;0.031476;0.0;0.0;0.0;0.0;0.0;0.0
4.0;1753880921.820998;17.1625;1.26;3.63;-101.21;-0.084257;0.874968;0.066022;0.0;0.0;0.0;0.0;0.0;0.0
4.0;1753880921.825606;17.188176;1.45;1.3;-108.78;0.334411;0.945024;0.04065;0.0;0.0;0.0;0.0;0.0;0.0
4.0;1753880921.830214;17.158088;3.19;0.23;-102.12;0.399041;0.933397;-0.038638;0.0;0.0;0.0;0.0;0.0;0.0
4.0;1753880921.834823;17.188448;3.95;6.25;-103.05;0.016146;0.93967;-0.007707;0.0;0.0;0.0;0.0;0.0;0.0
4.0;1753880921.839431;17.131055;2.36;-0.58;-93.77;0.212349;0.894938;0.022641;0.0;0.0;0.0;0.0;0.0;0.0
4.0;1753880921.844039;17.113134;1.02;4.61;-94.36;0.2491;1.009862;0.038836;0.0;0.0;0.0;0.0;0.0;0.0
4.0;1753880921.848647;17.283146;1.61;1.16;-105.62;-0.008712;0.935379;0.053574;0.0;0.0;0.0;0.0;0.0;0.0
4.0;1753880921.853255;17.235961;0.15;1.71;-109.77;0.328922;1.024654;0.066278;0.0;0.0;0.0;0.0;0.0;0.0
4.0;1753880921.857864;17.193157;1.96;-0.17;-116.96;0.319274;0.832279;0.050976;0.0;0.0;0.0;0.0;0.0;0.0
4.0;1753880921.862472;17.169466;1.45;1.32;-118.61;0.221659;0.874181;-0.005825;0.0;0.0;0.0;0.0;0.0;0.0
4.0;1753880921.86847;17.195312;1.26;3.08;-103.46;0.29768;0.969656;0.037454;0.0;0.0;0.0;0.0;0.0;0.0
4.0;1753880921.873078;17.178884;0.96;3.5;-97.5;0.411041;1.00172;-0.018722;0.0;0.0;0.0;0.0;0.0;0.0
4.0;1753880921.877686;17.158686;0.68;1.21;-108.12;0.253527;0.961889;0.029172;0.0;0.0;0.0;0.0;0.0;0.0
4.0;1753880921.882294;17.210265;3.06;1.85;-102.39;0.496946;0.919433;0.042991;0.0;0.0;0.0;0.0;0.0;0.0
4.0;1753880921.886902;17.206223;2.59;2.78;-103.22;0.500791;0.943699;-0.016887;0.0;0.0;0.0;0.0;0.0;0.0
4.0;1753880921.89151;17.149764;1.45;4.43;-100.6;0.280474;0.95995;0.068439;0.0;0.0;0.0;0.0;0.0;0.0
4.0;1753880921.896119;17.113769;0.78;0.95;-97.07;0.308324;0.914914;0.018883;0.0;0.0;0.0;0.0;0.0;0.0
4.0;1753880921.900727;17.103241;2.63;2.07;-98.85;0.317322;0.84043;-0.034366;0.0;0.0;0.0;0.0;0.0;0.0
4.0;1753880921.90739;17.117188;1.12;1.26;-106.68;0.332938;0.943426;-0.00244;0.0;0.0;0.0;0.0;0.0;0.0
4.0;1753880921.911998;17.144309;0.28;3.43;-104.22;0.242128;0.984731;-0.022976;0.0;0.0;0.0;0.0;0.0;0.0
4.0;1753880921.916606;17.088959;-0.86;0.92;-102.4;0.675852;0.888988;-0.016113;0.0;0.0;0.0;0.0;0.0;0.0
4.0;1753880921.921214;17.108764;1.08;-1.3;-105.02;0.239225;0.95148;-0.034989;0.0;0.0;0.0;0.0;0.0;0.0
4.0;1753880921.925823;17.110255;1.23;2.29;-127.87;0.256035;0.8905;-0.017833;0.0;0.0;0.0;0.0;0.0;0.0
4.0;1753880921.930431;17.091279;0.9;3.38;-105.56;0.224308;0.896775;0.02416;0.0;0.0;0.0;0.0;0.0;0.0
4.0;1753880921.935039;17.157454;2.46;1.58;-107.52;0.409987;0.998044;-0.002424;0.0;0.0;0.0;0.0;0.0;0.0
4.0;1753880921.939647;17.083588;2.8;-1.4;-104.91;0.251119;0.920286;0.051752;0.0;0.0;0.0;0.0;0.0;0.0
4.0;1753880921.944255;17.135309;1.0;2.4;-98.04;0.137421;0.909708;-0.010779;0.0;0.0;0.0;0.0;0.0;0.0
4.0;1753880921.948864;17.163824;1.6;2.69;-106.97;0.186453;0.894259;0.054617;0.0;0.0;0.0;0.0;0.0;0.0
4.0;1753880921.953472;17.186186;0.12;-1.7;-110.34;0.14186;1.000381;0.026866;0.0;0.0;0.0;0.0;0.0;0.0
4.0;1753880921.96018;17.117188;1.05;0.84;-109.2;0.196542;0.915732;-0.002684;0.0;0.0;0.0;0.0;0.0;0.0
4.0;1753880921.964788;17.134557;-0.14;-0.88;-108.03;0.488705;0.877128;-0.017346;0.0;0.0;0.0;0.0;0.0;0.0
4.0;1753880921.969396;17.030204;1.5;-3.27;-105.94;0.198846;0.929851;0.062639;0.0;0.0;0.0;0.0;0.0;0.0
4.0;1753880921.974004;17.032101;1.07;1.53;-115.35;0.343907;0.928646;0.01536;0.0;0.0;0.0;0.0;0.0;0.0
4.0;1753880921.978612;17.09533;0.31;2.02;-103.86;0.089347;1.010013;-0.071441;0.0;0.0;0.0;0.0;0.0;0.0
4.0;1753880921.98322;17.114711;0.62;4.08;-96.28;0.051894;0.795789;-0.086691;0.0;0.0;0.0;0.0;0.0;0.0
4.0;1753880921.987829;17.163958;-0.42;2.13;-107.88;0.061734;0.807426;-0.039375;0.0;0.0;0.0;0.0;0.0;0.0
4.0;1753880921.992437;17.103605;-0.18;1.4;-95.59;0.571676;0.858456;0.00727;0.0;0.0;0.0;0.0;0.0;0.0
4.0;1753880921.99799;17.117188;0.35;1.26;-108.71;0.196542;0.915732;-0.002684;0.0;0.0;0.0;0.0;0.0;0.0
4.0;1753880922.002598;17.113344;0.26;2.58;-110.72;0.149371;0.878998;-0.020647;0.0;0.0;0.0;0.0;0.0;0.0
4.0;1753880922.007206;17.102277;1.68;-0.64;-100.17;0.198457;0.797993;-0.003217;0.0;0.0;0.0;0.0;0.0;0.0
4.0;1753880922.011814;17.135945;-0.19;3.34;-115.15;0.154704;0.953599;-0.030782;0.0;0.0;0.0;0.0;0.0;0.0
4.0;1753880922.016422;17.118607;1.16;3.64;-108.32;0.169461;0.995034;-0.004504;0.0;0.0;0.0;0.0;0.0;0.0
4.0;1753880922.02103;17.095329;2.35;1.83;-108.4;0.133737;0.749408;0.00202;0.0;0.0;0.0;0.0;0.0;0.0
4.0;1753880922.025638;17.110568;0.5;3.25;-106.56;0.181529;0.952649;-0.039431;0.0;0.0;0.0;0.0;0.0;0.0
4.0;1753880922.030247;17.138197;-1.13;2.4;-103.97;0.114039;0.637361;-0.01227;0.0;0.0;0.0;0.0;0.0;0.0
4.0;1753880922.034855;17.124387;1.72;1.25;-103.32;0.125372;1.048969;-0.016487;0.0;0.0;0.0;0.0;0.0;0.0
4.0;1753880922.039463;17.151955;1.15;1.26;-116.13;0.117148;0.865906;-0.015364;0.0;0.0;0.0;0.0;0.0;0.0
4.0;1753880922.044071;17.124081;-0.78;1.5;-107.63;0.121501;0.947287;-0.027298;0.0;0.0;0.0;0.0;0.0;0.0
4.0;1753880922.048679;17.139586;0.29;2.37;-111.28;0.040487;0.747832;-0.003282;0.0;0.0;0.0;0.0;0.0;0.0
4.0;1753880922.053288;17.132905;0.19;2.51;-103.93;0.056784;0.856756;0.04274;0.0;0.0;0.0;0.0;0.0;0.0
4.0;1753880922.057896;17.132483;0.8;1.9;-107.04;0.092498;0.834264;-0.030904;0.0;0.0;0.0;0.0;0.0;0.0
4.0;1753880922.062504;17.113755;0.38;3.53;-109.71;0.102255;0.784589;0.011914;0.0;0.0;0.0;0.0;0.0;0.0
4.0;1753880922.067112;17.132846;0.54;0.36;-103.65;0.072627;1.067318;0.014296;0.0;0.0;0.0;0.0;0.0;0.0
4.0;1753880922.07172;17.115927;2.02;2.48;-110.36;0.08853;0.719368;0.004333;0.0;0.0;0.0;0.0;0.0;0.0
4.0;1753880922.076328;17.120121;1.15;3.63;-116.0;-0.03282;0.903625;0.044085;0.0;0.0;0.0;0.0;0.0;0.0
4.0;1753880922.080936;17.127575;2.4;-0.73;-114.84;-0.010079;0.60718;0.009411;0.0;0.0;0.0;0.0;0.0;0.0
4.0;1753880922.085544;17.110442;1.35;2.54;-111.83;0.029725;0.669482;0.005235;0.0;0.0;0.0;0.0;0.0;0.0
4.0;1753880922.090153;17.119657;0.51;-1.28;-119.95;0.003728;0.798451;-0.071158;0.0;0.0;0.0;0.0;0.0;0.0
4.0;1753880922.094761;17.103231;1.63;0.22;-113.08;-0.005139;0.565076;0.02109;0.0;0.0;0.0;0.0;0.0;0.0
4.0;1753880922.099369;17.122391;1.92;-2.63;-106.34;-0.006923;0.721038;0.021782;0.0;0.0;0.0;0.0;0.0;0.0
4.0;1753880922.103977;17.133325;0.06;0.83;-105.32;-0.033461;0.855482;0.013386;0.0;0.0;0.0;0.0;0.0;0.0
4.0;1753880922.108585;17.134231;1.34;0.3;-107.17;-0.059098;0.949327;0.030616;0.0;0.0;0.0;0.0;0.0;0.0
4.0;1753880922.113194;17.12062;0.32;0.39;-107.25;-0.071796;0.568467;0.038404;0.0;0.0;0.0;0.0;0.0;0.0
4.0;1753880922.117802;17.121901;0.3;-4.24;-111.73;-0.003062;0.809007;-0.013006;0.0;0.0;0.0;0.0;0.0;0.0
4.0;1753880922.12241;17.139238;0.34;3.39;-113.09;-0.067185;0.431049;-0.032112;0.0;0.0;0.0;0.0;0.0;0.0
4.0;1753880922.127018;17.118257;0.66;2.75;-102.9;-0.088734;0.893257;0.036719;0.0;0.0;0.0;0.0;0.0;0.0
4.0;1753880922.131626;17.158097;0.14;5.11;-111.98;-0.091878;0.650473;0.021641;0.0;0.0;0.0;0.0;0.0;0.0
4.0;1753880922.136234;17.125866;1.57;1.07;-111.25;-0.140204;0.711456;0.040363;0.0;0.0;0.0;0.0;0.0;0.0
4.0;1753880922.140842;17.134447;-0.12;4.7;-105.52;-0.113938;0.738634;0.027475;0.0;0.0;0.0;0.0;0.0;0.0
4.0;1753880922.14545;17.127204;0.23;1.77;-102.09;-0.15457;0.509155;-0.020119;0.0;0.0;0.0;0.0;0.0;0.0
4.0;1753880922.150059;17.114566;-1.0;-0.82;-109.08;-0.208745;0.690639;-0.042547;0.0;0.0;0.0;0.0;0.0;0.0
4.0;1753880922.154667;17.146702;0.9;-0.48;-105.24;-0.057236;0.510278;0.031213;0.0;0.0;0.0;0.0;0.0;0.0
4.0;1753880922.159275;17.137699;0.3;-1.74;-109.73;-0.100534;0.594947;-0.003068;0.0;0.0;0.0;0.0;0.0;0.0
4.0;1753880922.163883;17.134835;0.98;1.34;-109.98;-0.209878;0.570486;-0.048396;0.0;0.0;0.0;0.0;0.0;0.0
4.0;1753880922.168491;17.131381;1.54;0.61;-111.25;-0.20949;0.488513;0.036675;0.0;0.0;0.0;0.0;0.0;0.0
4.0;1753880922.1731;17.143774;-0.98;0.76;-111.3;-0.160764;0.681998;-0.028268;0.0;0.0;0.0;0.0;0.0;0.0
4.0;1753880922.177708;17.13389;-0.33;1.59;-110.65;-0.203757;0.624841;-0.01743;0.0;0.0;0.0;0.0;0.0;0.0
4.0;1753880922.182316;17.170219;0.88;0.38;-101.11;-0.21654;0.485714;-0.008628;0.0;0.0;0.0;0.0;0.0;0.0
4.0;1753880922.186924;17.151834;0.67;0.62;-112.36;-0.230101;0.37545;-0.062417;0.0;0.0;0.0;0.0;0.0;0.0
4.0;1753880922.191532;17.12371;0.58;3.02;-110.83;-0.234403;0.654505;-0.023186;0.0;0.0;0.0;0.0;0.0;0.0
4.0;1753880922.19614;17.118998;-0.25;0.9;-119.51;-0.265412;0.657156;-0.023383;0.0;0.0;0.0;0.0;0.0;0.0
4.0;1753880922.200748;17.120279;0.52;1.9;-104.25;-0.310083;0.575078;0.066023;0.0;0.0;0.0;0.0;0.0;0.0
4.0;1753880922.205356;17.129189;0.51;-0.66;-106.39;-0.212638;0.234523;0.01338;0.0;0.0;0.0;0.0;0.0;0.0
4.0;1753880922.209965;17.137904;0.07;-0.92;-105.33;-0.281825;0.386493;0.007329;0.0;0.0;0.0;0.0;0.0;0.0
4.0;1753880922.214573;17.136979;1.07;3.63;-117.4;-0.287138;0.365946;-0.040556;0.0;0.0;0.0;0.0;0.0;0.0
4.0;1753880922.219181;17.149998;-0.58;0.15;-111.22;-0.254528;0.497035;0.049441;0.0;0.0;0.0;0.0;0.0;0.0
4.0;1753880922.223789;17.126553;-0.51;-3.12;-111.02;-0.298133;0.379106;-0.001043;0.0;0.0;0.0;0.0;0.0;0.0
4.0;1753880922.228397;17.128775;1.53;3.6;-109.35;-0.292592;0.841845;-0.000575;0.0;0.0;0.0;0.0;0.0;0.0
4.0;1753880922.233006;17.159611;2.21;1.65;-110.77;-0.297268;0.69902;0.111657;0.0;0.0;0.0;0.0;0.0;0.0
4.0;1753880922.237614;17.162731;0.7;-1.79;-105.59;-0.377988;0.558711;-0.045688;0.0;0.0;0.0;0.0;0.0;0.0
4.0;1753880922.242222;17.115945;1.0;0.11;-110.78;-0.373875;0.520522;-0.02303;0.0;0.0;0.0;0.0;0.0;0.0
4.0;1753880922.24683;17.147855;0.4;-3.04;-105.01;-0.282327;0.566792;0.000969;0.0;0.0;0.0;0.0;0.0;0.0
4.0;1753880922.251438;17.123779;-0.1;2.71;-112.73;-0.326768;0.747403;-0.021005;0.0;0.0;0.0;0.0;0.0;0.0
4.0;1753880922.256046;17.138837;-0.18;1.54;-116.5;-0.329779;0.323992;0.014001;0.0;0.0;0.0;0.0;0.0;0.0
4.0;1753880922.260654;17.192404;1.8;1.22;-105.71;-0.415401;0.371905;0.006673;0.0;0.0;0.0;0.0;0.0;0.0
4.0;1753880922.265262;17.150357;0.22;1.91;-105.53;-0.366508;0.691007;-0.097384;0.0;0.0;0.0;0.0;0.0;0.0
4.0;1753880922.269871;17.12813;1.24;-0.93;-103.4;-0.424151;0.39042;0.007243;0.0;0.0;0.0;0.0;0.0;0.0
4.0;1753880922.274479;17.132298;-0.15;0.33;-102.33;-0.404006;0.319486;0.00634;0.0;0.0;0.0;0.0;0.0;0.0
4.0;1753880922.279087;17.124296;0.49;0.59;-109.43;-0.434975;0.491873;-0.033544;0.0;0.0;0.0;0.0;0.0;0.0
4.0;1753880922.283695;17.147161;0.18;-1.91;-111.27;-0.411725;0.407533;0.010039;0.0;0.0;0.0;0.0;0.0;0.0
4.0;1753880922.288304;17.152144;1.85;3.56;-112.66;-0.434284;0.61326;0.039609;0.0;0.0;0.0;0.0;0.0;0.0
4.0;1753880922.292912;17.13518;0.03;-0.94;-106.44;-0.411713;0.458754;-0.013703;0.0;0.0;0.0;0.0;0.0;0.0
4.0;1753880922.29752;17.134243;0.98;0.95;-112.48;-0.47597;0.516403;0.05569;0.0;0.0;0.0;0.0;0.0;0.0
4.0;1753880922.302128;17.16426;0.34;0.39;-113.67;-0.392065;0.350922;0.034606;0.0;0.0;0.0;0.0;0.0;0.0
4.0;1753880922.306736;17.130109;0.17;3.38;-113.56;-0.483848;0.242325;-0.023773;0.0;0.0;0.0;0.0;0.0;0.0
4.0;1753880922.311344;17.169019;1.06;-2.05;-99.86;-0.484405;0.552297;0.009631;0.0;0.0;0.0;0.0;0.0;0.0
4.0;1753880922.315952;17.121188;-0.44;0.22;-108.93;-0.465874;0.549385;0.00526;0.0;0.0;0.0;0.0;0.0;0.0
4.0;1753880922.32056;17.147714;-1.05;0.15;-116.25;-0.443055;0.359626;0.024713;0.0;0.0;0.0;0.0;0.0;0.0
4.0;1753880922.325168;17.159154;-0.58;-2.21;-105.93;-0.468882;0.247062;0.003816;0.0;0.0;0.0;0.0;0.0;0.0
4.0;1753880922.329777;17.13081;2.07;-1.45;-103.58;-0.53209;0.035815;-0.012068;0.0;0.0;0.0;0.0;0.0;0.0
4.0;1753880922.334385;17.140281;0.26;2.4;-120.3;-0.541447;0.405427;0.01537;0.0;0.0;0.0;0.0;0.0;0.0
4.0;1753880922.338993;17.11329;2.34;0.95;-106.41;-0.54631;0.194884;0.022619;0.0;0.0;0.0;0.0;0.0;0.0
4.0;1753880922.343601;17.160147;0.58;2.56;-112.09;-0.600395;0.407732;0.061705;0.0;0.0;0.0;0.0;0.0;0.0
4.0;1753880922.34821;17.155888;-0.02;1.81;-106.0;-0.572792;0.410842;0.018759;0.0;0.0;0.0;0.0;0.0;0.0
4.0;1753880922.352818;17.150954;1.32;0.24;-97.01;-0.551354;0.021582;0.031293;0.0;0.0;0.0;0.0;0.0;0.0
4.0;1753880922.357426;17.176583;0.49;0.03;-112.25;-0.60422;0.155778;-0.060756;0.0;0.0;0.0;0.0;0.0;0.0
4.0;1753880922.362034;17.126285;0.27;1.24;-114.9;-0.586173;0.174617;-0.002264;0.0;0.0;0.0;0.0;0.0;0.0
4.0;1753880922.366642;17.145858;1.65;2.68;-101.44;-0.603173;0.210868;0.072391;0.0;0.0;0.0;0.0;0.0;0.0
4.0;1753880922.37125;17.145953;0.94;0.97;-106.04;-0.568453;0.281869;0.015173;0.0;0.0;0.0;0.0;0.0;0.0
4.0;1753880922.375858;17.138544;-0.98;0.56;-109.55;-0.61116;0.226265;0.015151;0.0;0.0;0.0;0.0;0.0;0.0
4.0;1753880922.380466;17.131344;1.56;2.29;-123.99;-0.608076;0.22202;-0.013561;0.0;0.0;0.0;0.0;0.0;0.0
4.0;1753880922.385074;17.132695;1.27;0.99;-114.04;-0.696095;0.326724;0.033823;0.0;0.0;0.0;0.0;0.0;0.0
4.0;1753880922.389683;17.161421;-0.88;-0.21;-101.66;-0.689905;0.132302;-0.012947;0.0;0.0;0.0;0.0;0.0;0.0
4.0;1753880922.394291;17.152728;2.23;-2.5;-108.3;-0.662284;0.163064;0.040092;0.0;0.0;0.0;0.0;0.0;0.0
4.0;1753880922.398899;17.160354;-0.37;0.86;-110.86;-0.645816;0.161008;-0.016214;0.0;0.0;0.0;0.0;0.0;0.0
4.0;1753880922.403507;17.146262;0.08;0.12;-108.92;-0.636922;0.15506;0.013047;0.0;0.0;0.0;0.0;0.0;0.0
4.0;1753880922.408116;17.161147;0.76;3.71;-110.91;-0.686173;0.113832;-0.020515;0.0;0.0;0.0;0.0;0.0;0.0
4.0;1753880922.412724;17.157234;1.11;1.7;-109.15;-0.751677;0.205528;0.039142;0.0;0.0;0.0;0.0;0.0;0.0
4.0;1753880922.417332;17.147958;0.8;0.68;-115.46;-0.64745;0.22378;0.007431;0.0;0.0;0.0;0.0;0.0;0.0
4.0;1753880922.42194;17.149565;1.18;-1.1;-108.84;-0.72826;0.064739;0.094418;0.0;0.0;0.0;0.0;0.0;0.0
4.0;1753880922.426548;17.164294;1.56;5.83;-118.84;-0.723758;0.131831;0.051215;0.0;0.0;0.0;0.0;0.0;0.0
4.0;1753880922.431156;17.144108;1.46;0.08;-112.89;-0.730335;0.233773;0.060087;0.0;0.0;0.0;0.0;0.0;0.0
4.0;1753880922.435764;17.161722;1.92;-1.37;-114.14;-0.681304;0.027307;0.029799;0.0;0.0;0.0;0.0;0.0;0.0
4.0;1753880922.440372;17.145296;0.23;1.61;-111.87;-0.771451;0.000473;0.027879;0.0;0.0;0.0;0.0;0.0;0.0
4.0;1753880922.44498;17.158129;0.66;-0.42;-119.13;-0.726812;0.353508;0.059909;0.0;0.0;0.0;0.0;0.0;0.0
4.0;1753880922.449589;17.154505;1.77;3.8;-104.0;-0.754213;0.116808;0.034607;0.0;0.0;0.0;0.0;0.0;0.0
4.0;1753880922.454197;17.147094;-0.54;2.05;-100.74;-0.805449;0.178606;0.06898;0.0;0.0;0.0;0.0;0.0;0.0
4.0;1753880922.458805;17.17094;1.5;0.52;-119.19;-0.757428;0.017205;-0.057963;0.0;0.0;0.0;0.0;0.0;0.0
4.0;1753880922.463413;17.16437;2.16;-0.75;-110.84;-0.895987;0.20329;0.087211;0.0;0.0;0.0;0.0;0.0;0.0
4.0;1753880922.468022;17.169215;0.42;0.87;-105.67;-0.821231;0.151484;0.020393;0.0;0.0;0.0;0.0;0.0;0.0
4.0;1753880922.47263;17.199978;0.81;1.34;-111.7;-0.829331;0.019175;0.000781;0.0;0.0;0.0;0.0;0.0;0.0
4.0;1753880922.477238;17.159578;0.54;1.15;-111.25;-0.846141;-0.183259;0.017436;0.0;0.0;0.0;0.0;0.0;0.0
4.0;1753880922.481846;17.149548;2.64;5.02;-102.01;-0.813988;0.381939;0.059386;0.0;0.0;0.0;0.0;0.0;0.0
4.0;1753880922.486454;17.162717;1.6;-1.3;-106.57;-0.772505;0.064816;0.038122;0.0;0.0;0.0;0.0;0.0;0.0
4.0;1753880922.491062;17.159993;2.06;1.88;-117.29;-0.836434;-0.270891;-0.044728;0.0;0.0;0.0;0.0;0.0;0.0
4.0;1753880922.49567;17.141846;1.98;1.51;-109.24;-0.827386;0.077308;-0.040426;0.0;0.0;0.0;0.0;0.0;0.0
4.0;1753880922.500278;17.168276;0.95;1.42;-115.22;-0.826009;0.042429;0.009914;0.0;0.0;0.0;0.0;0.0;0.0
4.0;1753880922.504887;17.157594;1.49;-1.15;-109.17;-0.824673;0.22648;0.008839;0.0;0.0;0.0;0.0;0.0;0.0
4.0;1753880922.509495;17.16888;1.23;2.28;-105.38;-0.865892;0.038147;0.03672;0.0;0.0;0.0;0.0;0.0;0.0
4.0;1753880922.514103;17.185436;2.14;0.52;-107.65;-0.923601;-0.078672;-0.000118;0.0;0.0;0.0;0.0;0.0;0.0
4.0;1753880922.518711;17.171993;1.86;-1.49;-108.4;-0.910076;-0.021217;-0.056664;0.0;0.0;0.0;0.0;0.0;0.0
4.0;1753880922.523319;17.13771;0.67;-1.55;-108.09;-0.902571;0.105367;-0.003604;0.0;0.0;0.0;0.0;0.0;0.0
4.0;1753880922.527928;17.150623;0.45;1.7;-107.79;-0.914757;-0.189868;-0.047721;0.0;0.0;0.0;0.0;0.0;0.0
4.0;1753880922.532536;17.159515;1.1;-0.59;-110.51;-0.958314;-0.015126;0.004445;0.0;0.0;0.0;0.0;0.0;0.0
4.0;1753880922.537144;17.163101;-0.56;2.42;-113.55;-1.00216;0.053839;-0.006101;0.0;0.0;0.0;0.0;0.0;0.0
4.0;1753880922.541752;17.142114;1.19;0.47;-104.59;-0.954572;-0.127897;-0.017824;0.0;0.0;0.0;0.0;0.0;0.0
4.0;1753880922.54636;17.155816;0.09;-0.65;-107.3;-0.956032;-0.095732;-0.045588;0.0;0.0;0.0;0.0;0.0;0.0
4.0;1753880922.550968;17.141691;1.39;-1.08;-113.52;-0.933985;0.0146;0.024139;0.0;0.0;0.0;0.0;0.0;0.0
4.0;1753880922.555576;17.171965;1.47;-2.24;-118.57;-1.011189;-0.428591;0.075232;0.0;0.0;0.0;0.0;0.0;0.0
4.0;1753880922.560184;17.164526;2.6;1.39;-113.83;-0.970504;-0.111924;0.105985;0.0;0.0;0.0;0.0;0.0;0.0
4.0;1753880922.564793;17.165004;1.74;-0.27;-112.84;-1.023997;-0.038235;0.023103;0.0;0.0;0.0;0.0;0.0;0.0
4.0;1753880922.569401;17.185446;1.17;-1.61;-101.12;-1.034606;-0.114997;0.039441;0.0;0.0;0.0;0.0;0.0;0.0
4.0;1753880922.574009;17.179757;0.22;0.75;-116.1;-1.019498;-0.09674;-0.006309;0.0;0.0;0.0;0.0;0.0;0.0
4.0;1753880922.5823;17.167969;0.98;0.98;-109.97;-1.054812;-0.129442;0.016104;0.0;0.0;0.0;0.0;0.0;0.0
4.0;1753880922.586908;17.238158;2.69;1.21;-114.49;-0.99717;-0.111978;-0.011602;0.0;0.0;0.0;0.0;0.0;0.0
4.0;1753880922.591516;17.181814;0.81;-2.15;-116.34;-1.019503;-0.098694;0.074282;0.0;0.0;0.0;0.0;0.0;0.0
4.0;1753880922.596124;17.154265;0.96;-0.3;-104.65;-1.061414;-0.221128;-0.073546;0.0;0.0;0.0;0.0;0.0;0.0
4.0;1753880922.600732;17.168626;2.98;1.03;-115.88;-1.017519;-0.202172;-0.010305;0.0;0.0;0.0;0.0;0.0;0.0
4.0;1753880922.60534;17.16843;-2.7;0.13;-108.95;-1.058418;-0.036259;-0.018449;0.0;0.0;0.0;0.0;0.0;0.0
4.0;1753880922.609949;17.148947;0.88;1.57;-108.58;-1.036178;-0.146182;0.089832;0.0;0.0;0.0;0.0;0.0;0.0
4.0;1753880922.614557;17.198803;-1.06;-0.44;-105.31;-0.999226;-0.33333;0.064344;0.0;0.0;0.0;0.0;0.0;0.0
4.0;1753880922.619165;17.155429;-0.42;-4.7;-111.38;-1.085996;-0.188048;-0.038819;0.0;0.0;0.0;0.0;0.0;0.0
4.0;1753880922.623773;17.15079;0.61;-0.15;-105.47;-1.055863;-0.048095;0.03186;0.0;0.0;0.0;0.0;0.0;0.0
4.0;1753880922.628381;17.16791;0.69;0.23;-117.61;-0.972466;-0.154021;0.060931;0.0;0.0;0.0;0.0;0.0;0.0
4.0;1753880922.63299;17.134843;-0.46;-4.0;-100.19;-1.054982;-0.059239;-0.03943;0.0;0.0;0.0;0.0;0.0;0.0
4.0;1753880922.637598;17.164961;1.07;-2.54;-108.27;-0.994709;-0.25054;0.024404;0.0;0.0;0.0;0.0;0.0;0.0
4.0;1753880922.642206;17.167516;0.83;3.28;-111.1;-1.042626;0.002277;0.070768;0.0;0.0;0.0;0.0;0.0;0.0
4.0;1753880922.64921;17.128906;-0.14;0.42;-110.11;-1.005158;-0.17324;0.01342;0.0;0.0;0.0;0.0;0.0;0.0
4.0;1753880922.653818;17.143579;2.24;4.79;-101.67;-1.010158;-0.174176;-0.029247;0.0;0.0;0.0;0.0;0.0;0.0
4.0;1753880922.658426;17.138728;-0.85;-1.54;-114.61;-0.963617;-0.730495;-0.018875;0.0;0.0;0.0;0.0;0.0;0.0
4.0;1753880922.663034;17.14279;0.02;-2.07;-107.56;-1.036537;-0.216353;-0.042084;0.0;0.0;0.0;0.0;0.0;0.0
4.0;1753880922.667642;17.080062;-0.35;2.87;-105.89;-1.002382;-0.130591;-0.007039;0.0;0.0;0.0;0.0;0.0;0.0
4.0;1753880922.672251;17.126944;-1.72;3.35;-113.23;-0.959499;-0.46286;0.016262;0.0;0.0;0.0;0.0;0.0;0.0
4.0;1753880922.676859;17.174792;-2.41;1.89;-112.63;-0.982227;-0.427163;0.030468;0.0;0.0;0.0;0.0;0.0;0.0
4.0;1753880922.681467;17.162212;-0.8;-0.62;-106.44;-1.036221;-0.248649;0.096914;0.0;0.0;0.0;0.0;0.0;0.0
4.0;1753880922.686075;17.120966;1.39;-1.46;-107.29;-1.01489;-0.199317;0.074503;0.0;0.0;0.0;0.0;0.0;0.0
4.0;1753880922.69298;17.128906;0.35;-0.56;-108.15;-0.995886;-0.201666;0.022936;0.0;0.0;0.0;0.0;0.0;0.0
4.0;1753880922.697588;17.130856;0.94;-2.14;-99.45;-0.994327;-0.259255;0.039017;0.0;0.0;0.0;0.0;0.0;0.0
4.0;1753880922.702196;17.15348;0.06;0.43;-104.43;-0.977321;0.085014;0.031478;0.0;0.0;0.0;0.0;0.0;0.0
4.0;1753880922.706804;17.164927;2.12;0.88;-112.02;-1.036116;-0.261875;0.09545;0.0;0.0;0.0;0.0;0.0;0.0
4.0;1753880922.711412;17.103086;1.46;-1.35;-114.21;-1.01943;-0.332461;0.098405;0.0;0.0;0.0;0.0;0.0;0.0
4.0;1753880922.71602;17.088643;1.02;-2.53;-104.88;-1.050164;-0.395115;0.007501;0.0;0.0;0.0;0.0;0.0;0.0
4.0;1753880922.720629;17.120136;0.3;-2.44;-106.3;-0.964781;-0.337482;0.00322;0.0;0.0;0.0;0.0;0.0;0.0
4.0;1753880922.725237;17.132162;-0.78;0.34;-106.93;-1.030311;0.143457;-0.006322;0.0;0.0;0.0;0.0;0.0;0.0
4.0;1753880922.729845;17.169948;0.99;-2.29;-111.99;-0.985466;-0.198144;0.078308;0.0;0.0;0.0;0.0;0.0;0.0
4.0;1753880922.734453;17.122315;-1.96;-4.14;-109.96;-0.988069;-0.352645;0.03924;0.0;0.0;0.0;0.0;0.0;0.0
4.0;1753880922.73861;17.121094;0.0;-0.21;-109.48;-1.016626;-0.088694;0.053558;0.0;0.0;0.0;0.0;0.0;0.0
4.0;1753880922.743218;17.094478;0.21;2.83;-115.64;-1.030761;0.003988;0.094305;0.0;0.0;0.0;0.0;0.0;0.0
4.0;1753880922.747826;17.111534;-2.21;-0.73;-106.41;-0.977029;-0.045974;0.083351;0.0;0.0;0.0;0.0;0.0;0.0
4.0;1753880922.752434;17.129994;1.45;-1.15;-106.88;-1.0181;-0.158378;0.052762;0.0;0.0;0.0;0.0;0.0;0.0
4.0;1753880922.757042;17.143423;0.03;2.47;-105.16;-0.979036;-0.07851;0.076989;0.0;0.0;0.0;0.0;0.0;0.0
4.0;1753880922.76165;17.116844;-0.41;4.08;-105.6;-1.009467;-0.230619;0.05395;0.0;0.0;0.0;0.0;0.0;0.0
4.0;1753880922.766259;17.104971;2.12;0.58;-121.32;-1.022766;-0.191129;0.137042;0.0;0.0;0.0;0.0;0.0;0.0
4.0;1753880922.770867;17.131601;0.38;2.5;-106.71;-1.003749;-0.315561;0.137656;0.0;0.0;0.0;0.0;0.0;0.0
4.0;1753880922.775475;17.106814;1.74;-0.83;-113.52;-1.049983;0.143411;0.057299;0.0;0.0;0.0;0.0;0.0;0.0
4.0;1753880922.78402;17.121094;1.82;0.42;-112.14;-1.014918;-0.207522;0.059902;0.0;0.0;0.0;0.0;0.0;0.0
4.0;1753880922.788628;17.166313;4.5;-3.41;-117.25;-1.008827;-0.164164;0.035747;0.0;0.0;0.0;0.0;0.0;0.0
4.0;1753880922.793236;17.121947;5.67;3.12;-115.06;-1.003309;-0.292865;0.065631;0.0;0.0;0.0;0.0;0.0;0.0
4.0;1753880922.797844;17.137124;0.93;4.41;-114.31;-0.946754;-0.338229;-0.013397;0.0;0.0;0.0;0.0;0.0;0.0
4.0;1753880922.802452;17.156071;0.27;0.59;-105.01;-0.976412;-0.11333;0.002399;0.0;0.0;0.0;0.0;0.0;0.0
4.0;1753880922.807061;17.140378;-0.73;-1.37;-116.29;-0.945411;-0.143805;0.054419;0.0;0.0;0.0;0.0;0.0;0.0
4.0;1753880922.811669;17.092961;2.59;-0.88;-108.38;-0.991433;-0.263335;0.075503;0.0;0.0;0.0;0.0;0.0;0.0
4.0;1753880922.816277;17.161258;1.46;0.75;-110.45;-0.992731;0.057201;0.00323;0.0;0.0;0.0;0.0;0.0;0.0
4.0;1753880922.820885;17.086006;1.21;5.13;-104.33;-0.977977;-0.478718;0.064284;0.0;0.0;0.0;0.0;0.0;0.0
4.0;1753880922.825493;17.113678;1.82;-1.05;-112.57;-1.008756;-0.623492;-0.008579;0.0;0.0;0.0;0.0;0.0;0.0
4.0;1753880922.830102;17.133992;1.96;-0.7;-114.56;-0.985944;-0.072938;0.006581;0.0;0.0;0.0;0.0;0.0;0.0
4.0;1753880922.837;17.121094;1.61;-0.14;-110.95;-0.96624;-0.276818;0.000488;0.0;0.0;0.0;0.0;0.0;0.0
4.0;1753880922.841608;17.130594;1.87;2.15;-116.53;-1.004101;-0.404193;0.044591;0.0;0.0;0.0;0.0;0.0;0.0
4.0;1753880922.846216;17.087341;3.03;-2.7;-101.94;-0.99359;-0.07093;-0.03391;0.0;0.0;0.0;0.0;0.0;0.0
4.0;1753880922.850824;17.1144;-1.07;-1.32;-116.55;-0.917463;0.093926;-0.001699;0.0;0.0;0.0;0.0;0.0;0.0
4.0;1753880922.855432;17.117687;0.26;-1.29;-108.86;-0.937348;-0.263814;0.031187;0.0;0.0;0.0;0.0;0.0;0.0
4.0;1753880922.860041;17.131753;0.54;-2.31;-103.61;-0.944791;-0.443149;-0.034367;0.0;0.0;0.0;0.0;0.0;0.0
4.0;1753880922.864649;17.190159;1.14;-0.35;-108.27;-0.982229;-0.239075;0.040921;0.0;0.0;0.0;0.0;0.0;0.0
4.0;1753880922.869257;17.121983;1.04;-0.1;-110.64;-0.920433;-0.082015;0.019889;0.0;0.0;0.0;0.0;0.0;0.0
4.0;1753880922.87481;17.121094;0.63;-0.77;-107.45;-0.944646;-0.346846;-0.00366;0.0;0.0;0.0;0.0;0.0;0.0
4.0;1753880922.874867;17.148438;3.15;-0.35;-138.81;0.495198;-1.254648;-0.037576;155.0;0.0;0.0;3.0;0.0;0.0
4.0;1753880922.879406;17.148438;-2.87;-5.18;-131.04;-0.289872;-0.956114;0.147742;155.0;0.0;0.0;3.0;0.0;0.0
4.0;1753880922.884014;17.091308;-3.82;-3.99;-124.58;-0.008062;-0.839111;0.08148;131.0;0.0;0.0;1.7;0.0;0.0
4.0;1753880922.889815;17.148438;-1.61;-1.89;-114.52;0.19886;-0.777628;0.020374;137.0;0.0;0.0;2.0;0.0;0.0
4.0;1753880922.898009;17.152344;-0.91;0.0;-113.75;0.393572;-1.00833;-0.053314;137.0;0.0;0.0;2.0;0.0;0.0
4.0;1753880922.902165;17.152344;-0.42;-1.19;-113.26;0.180926;-0.958432;-0.006954;137.0;0.0;0.0;2.0;0.0;0.0
4.0;1753880922.906716;17.152344;-0.49;0.0;-113.96;0.218014;-0.880474;-0.010736;137.0;0.0;0.0;2.0;0.0;0.0
4.0;1753880922.911218;17.195312;0.63;-0.21;-112.0;0.325008;-0.917318;-0.006588;137.0;0.0;0.0;2.0;0.0;0.0
4.0;1753880922.916806;17.195312;0.49;-0.77;-112.98;0.242414;-1.013088;-0.065148;137.0;0.0;0.0;2.0;0.0;0.0
4.0;1753880922.92037;17.195312;-0.14;-0.14;-116.69;0.136518;-0.915976;0.013176;137.0;0.0;0.0;2.0;0.0;0.0
4.0;1753880922.924919;17.195312;0.28;0.84;-115.29;0.341356;-0.933544;-0.006588;137.0;0.0;0.0;2.0;0.0;0.0
4.0;1753880922.929527;17.221258;1.5;-0.14;-129.54;0.180462;-1.010687;0.010706;123.0;0.0;0.0;2.5;0.0;0.0
4.0;1753880922.934135;17.168481;1.75;2.65;-120.91;0.297181;-1.085459;0.016689;136.7;0.0;0.0;2.4;0.0;0.0
4.0;1753880922.938743;17.155587;-0.27;0.57;-120.43;0.267283;-0.765771;-0.009846;111.7;0.0;0.0;1.9;0.0;0.0
4.0;1753880922.945088;17.183594;0.56;-0.84;-118.79;0.147864;-1.011746;0.050996;120.0;0.0;0.0;2.0;0.0;0.0
4.0;1753880922.947803;17.175781;0.0;1.75;-118.79;0.300242;-0.865224;0.002318;120.0;0.0;0.0;2.0;0.0;0.0
4.0;1753880922.952633;17.175781;0.84;1.26;-115.78;0.520208;-0.876204;-0.012322;120.0;0.0;0.0;2.0;0.0;0.0
4.0;1753880922.957146;17.175781;0.7;-0.84;-117.39;0.520208;-0.876204;-0.012322;120.0;0.0;0.0;2.0;0.0;0.0
4.0;1753880922.961515;17.175781;0.14;1.33;-116.2;0.360022;-0.900116;-0.003294;120.0;0.0;0.0;2.0;0.0;0.0
4.0;1753880922.965896;17.191406;0.35;0.0;-117.04;0.470798;-0.95648;-0.009882;120.0;0.0;0.0;2.0;0.0;0.0
4.0;1753880922.970434;17.191406;-0.07;0.0;-117.39;0.254004;-0.992226;0.048556;120.0;0.0;0.0;2.0;0.0;0.0
4.0;1753880922.974973;17.191406;0.0;0.7;-115.85;0.5185;-0.904996;0.029768;120.0;0.0;0.0;2.0;0.0;0.0
4.0;1753880922.979581;17.255052;-0.66;1.98;-121.07;0.713404;-0.999306;-0.079201;130.6;0.0;0.0;1.6;0.0;0.0
4.0;1753880922.984189;17.234624;-0.53;-2.53;-122.86;0.522777;-0.673115;-0.02777;107.1;0.0;0.0;1.0;0.0;0.0
4.0;1753880922.988382;17.226562;-0.07;0.7;-115.64;0.459208;-0.843142;0.026596;112.0;0.0;0.0;1.0;0.0;0.0
4.0;1753880922.988586;17.226562;0.28;-0.07;-113.96;0.40077;-0.903532;0.031842;112.0;0.0;0.0;1.0;0.0;0.0
4.0;1753880922.996099;17.226562;0.0;0.42;-114.66;0.43249;-0.914512;0.017446;112.0;0.0;0.0;1.0;0.0;0.0
4.0;1753880922.997714;17.226562;0.7;0.42;-112.7;0.492392;-0.858148;0.018422;112.0;0.0;0.0;1.0;0.0;0.0
4.0;1753880923.002322;17.210698;0.9;1.47;-112.73;0.454917;-0.870373;0.023677;119.4;0.0;0.0;0.9;0.0;0.0
4.0;1753880923.00693;17.22821;1.0;0.88;-116.17;0.459376;-0.803666;0.014095;119.0;0.0;0.0;0.7;0.0;0.0
4.0;1753880923.011538;17.246351;1.22;0.04;-110.65;0.437209;-0.807232;0.007777;103.9;0.0;0.0;1.7;0.0;0.0
4.0;1753880923.016147;17.193258;0.84;1.49;-107.9;0.353071;-0.884122;0.036189;115.2;0.0;0.0;1.1;0.0;0.0
4.0;1753880923.020755;17.22594;0.66;-0.13;-111.81;0.696788;-0.876802;0.053042;103.4;0.0;0.0;0.5;0.0;0.0
4.0;1753880923.025363;17.227779;0.93;0.26;-110.93;0.513368;-0.882241;0.045879;112.2;0.0;0.0;1.2;0.0;0.0
4.0;1753880923.029971;17.227077;0.24;-0.65;-112.28;0.404212;-0.80712;0.038303;112.0;0.0;0.0;0.8;0.0;0.0
4.0;1753880923.034579;17.230618;0.87;0.77;-113.3;0.576136;-0.876898;0.008615;99.0;0.0;0.0;0.1;0.0;0.0
4.0;1753880923.039188;17.238824;1.0;0.13;-113.64;0.341782;-0.788282;0.050559;113.4;0.0;0.0;1.5;0.0;0.0
4.0;1753880923.043796;17.220807;0.85;0.26;-118.96;0.287271;-0.810243;0.001421;116.5;0.0;0.0;0.6;0.0;0.0
4.0;1753880923.048404;17.198454;1.06;0.9;-115.95;0.234665;-0.85913;-0.003051;129.0;0.0;0.0;0.5;0.0;0.0
4.0;1753880923.053012;17.232168;0.94;-0.65;-111.31;0.50886;-0.856147;0.048074;118.1;0.0;0.0;1.1;0.0;0.0
4.0;1753880923.05762;17.202569;0.69;0.48;-112.1;0.336757;-0.935483;0.062305;110.0;0.0;0.0;0.7;0.0;0.0
4.0;1753880923.062228;17.242552;1.13;-1.11;-111.82;0.259066;-0.740798;-0.006481;107.7;0.0;0.0;0.7;0.0;0.0
4.0;1753880923.066836;17.256607;0.65;1.44;-112.25;0.458513;-0.768408;0.014412;109.8;0.0;0.0;1.1;0.0;0.0
4.0;1753880923.071444;17.247131;0.1;1.01;-110.64;0.396932;-0.908554;0.017585;107.7;0.0;0.0;1.3;0.0;0.0
4.0;1753880923.076053;17.23046;0.38;1.02;-109.43;0.304676;-0.896224;0.007096;125.9;0.0;0.0;0.8;0.0;0.0
4.0;1753880923.080661;17.235522;0.71;-0.4;-114.39;0.576198;-0.849281;0.013263;98.9;0.0;0.0;1.0;0.0;0.0
4.0;1753880923.085269;17.220413;0.27;1.1;-109.17;0.363186;-0.86688;0.049704;123.0;0.0;0.0;1.1;0.0;0.0
4.0;1753880923.089877;17.197439;-0.25;0.24;-114.33;0.635402;-0.909965;0.005549;114.8;0.0;0.0;0.8;0.0;0.0
4.0;1753880923.094485;17.24252;0.64;-0.07;-110.49;0.358385;-0.8561;0.082618;108.6;0.0;0.0;0.1;0.0;0.0
4.0;1753880923.099094;17.242289;0.55;-0.52;-114.33;0.416085;-0.899647;0.010602;119.6;0.0;0.0;0.6;0.0;0.0
4.0;1753880923.103702;17.18895;0.97;-0.48;-107.04;0.52717;-0.847123;0.011108;107.5;0.0;0.0;0.9;0.0;0.0
4.0;1753880923.10831;17.209595;0.06;-0.17;-113.06;0.423089;-0.931712;0.009966;121.3;0.0;0.0;1.2;0.0;0.0
4.0;1753880923.112918;17.199228;1.5;-1.74;-114.21;0.441129;-0.900939;0.051818;98.6;0.0;0.0;0.4;0.0;0.0
4.0;1753880923.117526;17.178801;0.29;0.09;-112.15;0.484936;-0.93837;0.022203;114.2;0.0;0.0;0.8;0.0;0.0
4.0;1753880923.122134;17.21905;1.07;0.01;-112.04;0.559176;-0.853157;0.008703;110.7;0.0;0.0;1.5;0.0;0.0
4.0;1753880923.126742;17.215518;0.67;0.96;-113.25;0.443393;-0.831633;-0.000241;122.8;0.0;0.0;0.9;0.0;0.0
4.0;1753880923.13135;17.219262;0.82;0.24;-111.97;0.578359;-0.864386;-0.027816;106.3;0.0;0.0;0.2;0.0;0.0
4.0;1753880923.135959;17.230544;0.6;0.29;-110.87;0.40037;-0.923967;0.023006;120.0;0.0;0.0;0.6;0.0;0.0
4.0;1753880923.140567;17.250382;1.27;0.32;-107.87;0.348788;-0.799204;-0.00293;117.4;0.0;0.0;0.5;0.0;0.0
4.0;1753880923.145175;17.221044;0.87;1.14;-112.63;0.313448;-0.825589;-0.005764;119.4;0.0;0.0;1.1;0.0;0.0
4.0;1753880923.149783;17.226603;0.79;-1.03;-114.88;0.273767;-0.932423;-0.032828;105.9;0.0;0.0;0.8;0.0;0.0
4.0;1753880923.154391;17.184617;0.74;-0.25;-110.89;0.578313;-0.966221;0.025142;104.1;0.0;0.0;1.3;0.0;0.0
4.0;1753880923.159;17.208133;0.05;0.57;-112.58;0.545313;-0.821501;-0.007619;121.8;0.0;0.0;1.7;0.0;0.0
4.0;1753880923.163608;17.232785;0.62;-0.33;-106.96;0.391924;-0.936791;0.065616;126.8;0.0;0.0;1.1;0.0;0.0
4.0;1753880923.168216;17.24499;1.06;-0.62;-108.66;0.408734;-0.982132;-0.003999;107.7;0.0;0.0;1.1;0.0;0.0
4.0;1753880923.172824;17.202158;1.25;-0.36;-109.28;0.460725;-0.933527;0.008116;114.5;0.0;0.0;1.3;0.0;0.0
4.0;1753880923.177432;17.224471;0.33;-0.63;-111.48;0.538428;-1.016891;0.005553;115.5;0.0;0.0;1.3;0.0;0.0
4.0;1753880923.18204;17.19608;0.92;-1.64;-111.21;0.413248;-0.994909;-0.004833;98.1;0.0;0.0;1.0;0.0;0.0
4.0;1753880923.186648;17.214264;1.27;-2.0;-113.06;0.384382;-0.995509;-0.003566;98.1;0.0;0.0;0.8;0.0;0.0
4.0;1753880923.191256;17.209874;0.5;-1.12;-108.87;0.144801;-0.943822;0.020371;120.0;0.0;0.0;1.0;0.0;0.0
4.0;1753880923.195865;17.221257;1.24;-0.47;-109.2;0.40531;-0.884839;-0.016847;128.9;0.0;0.0;1.1;0.0;0.0
4.0;1753880923.200473;17.220373;1.08;-1.71;-108.37;0.612489;-0.860309;-0.026402;110.6;0.0;0.0;1.6;0.0;0.0
4.0;1753880923.205081;17.238706;1.21;0.28;-113.67;0.520703;-0.936349;-0.022252;106.2;0.0;0.0;0.9;0.0;0.0
4.0;1753880923.209689;17.24569;0.43;0.63;-109.86;0.378492;-0.934423;0.024127;100.5;0.0;0.0;1.3;0.0;0.0
4.0;1753880923.214297;17.253825;0.59;-0.68;-110.41;0.374571;-0.89389;0.02948;121.6;0.0;0.0;1.5;0.0;0.0
4.0;1753880923.218906;17.218258;1.11;-0.34;-110.35;0.039206;-0.938912;-0.049916;115.2;0.0;0.0;0.7;0.0;0.0
4.0;1753880923.223514;17.228722;1.07;0.13;-113.36;0.26846;-0.823374;-0.024195;128.5;0.0;0.0;1.0;0.0;0.0
4.0;1753880923.2284;17.226562;0.91;-0.42;-110.74;0.403332;-0.914756;0.001342;112.0;0.0;0.0;1.0;0.0;0.0
4.0;1753880923.233008;17.213696;1.39;1.19;-107.52;0.688912;-0.919801;0.005481;107.5;0.0;0.0;0.9;0.0;0.0
4.0;1753880923.237616;17.257363;0.48;-1.3;-111.29;0.362772;-0.929639;-0.02306;115.0;0.0;0.0;1.0;0.0;0.0
4.0;1753880923.242224;17.194945;0.7;-0.09;-109.12;0.400165;-0.900983;-0.00342;122.6;0.0;0.0;0.5;0.0;0.0
4.0;1753880923.246832;17.210886;1.08;-0.71;-111.81;0.216602;-0.906846;0.003312;105.1;0.0;0.0;0.4;0.0;0.0
4.0;1753880923.25144;17.228191;0.67;-1.94;-109.2;0.502538;-0.871935;-0.034416;118.4;0.0;0.0;1.3;0.0;0.0
4.0;1753880923.256049;17.238425;0.85;-0.17;-109.74;0.196018;-0.990369;-0.015164;111.0;0.0;0.0;0.8;0.0;0.0
4.0;1753880923.260657;17.245281;0.52;-0.28;-108.96;0.584905;-0.900846;-0.003963;104.7;0.0;0.0;1.5;0.0;0.0
4.0;1753880923.265265;17.23485;0.71;-1.2;-112.91;0.411812;-0.88627;0.00558;116.7;0.0;0.0;1.1;0.0;0.0
4.0;1753880923.269873;17.255683;0.84;-0.18;-110.34;0.337537;-0.930901;0.02547;100.9;0.0;0.0;0.5;0.0;0.0
4.0;1753880923.274481;17.234808;0.66;0.14;-113.82;0.169924;-0.941414;0.031341;117.6;0.0;0.0;1.8;0.0;0.0
4.0;1753880923.27909;17.201962;0.97;-0.13;-106.89;0.210137;-0.879151;0.000694;115.4;0.0;0.0;1.1;0.0;0.0
4.0;1753880923.283698;17.24381;0.03;0.67;-108.74;0.538817;-0.885442;0.026017;129.2;0.0;0.0;1.0;0.0;0.0
4.0;1753880923.288306;17.221269;1.38;0.61;-111.99;0.705821;-0.921964;0.037161;109.9;0.0;0.0;0.8;0.0;0.0
4.0;1753880923.292914;17.229541;0.64;0.06;-108.63;0.285886;-0.854861;-0.005707;107.7;0.0;0.0;0.5;0.0;0.0
4.0;1753880923.297522;17.179851;0.08;-0.82;-111.29;0.716139;-0.912307;-0.000804;115.2;0.0;0.0;0.5;0.0;0.0
4.0;1753880923.30213;17.18256;0.67;0.11;-112.07;0.341906;-0.953924;-0.0098;121.6;0.0;0.0;1.2;0.0;0.0
4.0;1753880923.306738;17.235176;0.67;-0.88;-112.32;0.440578;-0.8655;-0.007394;112.1;0.0;0.0;0.9;0.0;0.0
4.0;1753880923.311346;17.227647;0.24;-0.14;-114.74;0.516345;-0.888612;-0.073594;108.6;0.0;0.0;1.2;0.0;0.0
4.0;1753880923.315955;17.237945;1.2;-0.41;-106.57;0.40008;-0.881533;-0.033229;124.5;0.0;0.0;0.3;0.0;0.0
4.0;1753880923.320563;17.217456;1.12;1.31;-116.64;0.32448;-0.902407;-0.006166;115.2;0.0;0.0;0.5;0.0;0.0
4.0;1753880923.325171;17.209462;0.84;-0.78;-112.53;0.481756;-0.846297;0.009414;114.7;0.0;0.0;0.4;0.0;0.0
4.0;1753880923.329779;17.231274;0.62;0.15;-110.33;0.41558;-0.861133;0.006018;118.1;0.0;0.0;0.1;0.0;0.0
4.0;1753880923.334387;17.208571;1.34;-0.85;-109.45;0.524652;-0.893298;-0.014398;103.9;0.0;0.0;0.4;0.0;0.0
4.0;1753880923.338996;17.262827;0.61;0.29;-113.99;0.462986;-0.932861;-0.006955;129.1;0.0;0.0;0.5;0.0;0.0
4.0;1753880923.343604;17.220029;-0.06;-0.25;-109.13;0.558226;-0.869625;-0.038562;110.2;0.0;0.0;1.4;0.0;0.0
4.0;1753880923.348212;17.22349;0.92;-0.34;-110.22;0.258454;-0.965825;-0.003825;112.7;0.0;0.0;0.6;0.0;0.0
4.0;1753880923.35282;17.233163;1.13;-1.0;-110.03;0.430073;-0.893182;0.013488;133.9;0.0;0.0;0.4;0.0;0.0
4.0;1753880923.357428;17.205644;0.67;-0.93;-110.91;0.702269;-0.939812;-0.005229;115.7;0.0;0.0;1.2;0.0;0.0
4.0;1753880923.362036;17.178451;-0.07;-1.79;-111.05;0.413147;-0.994814;0.025097;103.8;0.0;0.0;1.1;0.0;0.0
4.0;1753880923.366644;17.210234;0.38;-0.28;-112.24;0.408558;-0.76122;0.028366;123.0;0.0;0.0;0.3;0.0;0.0
4.0;1753880923.371252;17.252423;0.71;0.52;-111.51;0.383531;-0.871826;0.027314;101.8;0.0;0.0;1.2;0.0;0.0
4.0;1753880923.375861;17.285341;0.87;-1.1;-112.89;0.568576;-0.840293;0.029243;93.6;0.0;0.0;1.7;0.0;0.0
4.0;1753880923.380469;17.239845;0.42;-0.56;-109.52;0.613191;-0.993458;-0.026062;100.9;0.0;0.0;1.0;0.0;0.0
4.0;1753880923.385077;17.216346;0.74;-0.29;-112.4;0.391485;-0.9098;0.009459;98.3;0.0;0.0;0.9;0.0;0.0
4.0;1753880923.389685;17.231105;0.41;0.37;-113.05;0.328196;-0.893559;-0.011678;107.5;0.0;0.0;0.6;0.0;0.0
4.0;1753880923.394293;17.20116;1.37;1.72;-114.19;0.326024;-0.851889;0.019263;119.6;0.0;0.0;1.4;0.0;0.0
4.0;1753880923.398902;17.275618;0.07;-0.81;-110.98;0.374057;-0.923964;0.016695;110.9;0.0;0.0;0.3;0.0;0.0
4.0;1753880923.40351;17.230599;0.42;-0.16;-110.84;0.414009;-0.820266;0.023179;110.8;0.0;0.0;2.2;0.0;0.0
4.0;1753880923.408118;17.222256;-0.16;-1.48;-109.67;0.483978;-0.922653;0.01161;116.0;0.0;0.0;2.1;0.0;0.0
4.0;1753880923.412726;17.241282;0.82;-0.38;-112.22;0.358754;-0.938125;-0.000283;121.3;0.0;0.0;1.1;0.0;0.0
4.0;1753880923.417334;17.215557;0.5;-1.34;-111.68;0.486865;-0.874161;0.002142;119.1;0.0;0.0;0.8;0.0;0.0
4.0;1753880923.421942;17.20166;0.39;-0.11;-113.11;0.363197;-0.8133;0.034809;100.5;0.0;0.0;1.0;0.0;0.0
4.0;1753880923.42655;17.27175;-0.1;-2.8;-112.58;0.418753;-0.845872;0.008855;124.3;0.0;0.0;1.4;0.0;0.0
4.0;1753880923.431158;17.186617;-0.21;-0.07;-109.22;0.355339;-0.806251;-0.00112;101.6;0.0;0.0;0.7;0.0;0.0
4.0;1753880923.435767;17.274963;0.89;-0.01;-112.74;0.401302;-0.897376;-0.021864;104.7;0.0;0.0;1.5;0.0;0.0
4.0;1753880923.440375;17.194326;0.91;0.27;-111.54;0.442909;-1.000263;0.021734;116.9;0.0;0.0;1.1;0.0;0.0
4.0;1753880923.444983;17.215857;-0.14;0.1;-110.19;0.330997;-0.863889;-0.010882;126.2;0.0;0.0;0.6;0.0;0.0
4.0;1753880923.449591;17.277507;0.56;-0.07;-115.45;0.11465;-0.92304;-0.054228;114.2;0.0;0.0;0.6;0.0;0.0
4.0;1753880923.454199;17.223228;0.26;-0.73;-111.3;0.449305;-0.854794;0.004122;98.8;0.0;0.0;1.6;0.0;0.0
4.0;1753880923.458808;17.198024;0.27;-0.79;-110.11;0.622526;-0.912272;-0.021635;106.7;0.0;0.0;1.5;0.0;0.0
4.0;1753880923.463416;17.195308;0.9;0.67;-114.75;0.344618;-0.906492;0.03722;107.9;0.0;0.0;1.2;0.0;0.0
4.0;1753880923.468024;17.23449;-0.02;-0.64;-113.31;0.3708;-0.955551;0.0268;122.0;0.0;0.0;1.5;0.0;0.0
4.0;1753880923.472632;17.220758;0.57;-1.69;-114.29;0.354028;-0.947815;0.006852;120.2;0.0;0.0;1.1;0.0;0.0
4.0;1753880923.47724;17.250196;0.0;-0.8;-112.21;0.521028;-0.953824;-0.034725;112.8;0.0;0.0;1.1;0.0;0.0
4.0;1753880923.481848;17.235093;0.91;0.06;-113.56;0.330156;-0.96387;-0.037735;125.6;0.0;0.0;1.2;0.0;0.0
4.0;1753880923.486456;17.18574;0.6;-0.52;-110.6;0.439154;-0.937251;0.034804;122.2;0.0;0.0;1.1;0.0;0.0
4.0;1753880923.491064;17.198289;0.24;-0.34;-109.77;0.479297;-0.797263;-0.039605;112.4;0.0;0.0;0.9;0.0;0.0
4.0;1753880923.495673;17.25021;0.64;-0.11;-113.74;0.688551;-0.859246;-0.015739;126.9;0.0;0.0;1.7;0.0;0.0
4.0;1753880923.500281;17.224078;0.21;-0.86;-114.97;0.489743;-0.947477;0.026534;110.6;0.0;0.0;0.7;0.0;0.0
4.0;1753880923.504889;17.195255;0.67;-0.15;-110.53;0.244963;-0.844159;-0.029802;118.4;0.0;0.0;1.1;0.0;0.0
4.0;1753880923.509497;17.212375;0.91;0.74;-116.44;0.275132;-0.979165;0.04541;108.3;0.0;0.0;1.1;0.0;0.0
4.0;1753880923.514105;17.177763;1.0;-1.17;-112.17;0.20727;-0.851092;0.004771;97.7;0.0;0.0;1.2;0.0;0.0
4.0;1753880923.518714;17.190846;-0.38;1.93;-110.52;0.575812;-0.905821;-0.060868;88.7;0.0;0.0;0.5;0.0;0.0
4.0;1753880923.523322;17.237798;-0.08;-1.15;-111.93;0.615516;-0.878215;0.029025;101.2;0.0;0.0;0.8;0.0;0.0
4.0;1753880923.52793;17.230223;-0.36;0.44;-113.71;0.463291;-0.965223;-0.012303;111.0;0.0;0.0;0.8;0.0;0.0
4.0;1753880923.532538;17.236205;-0.2;0.31;-114.71;0.470243;-0.90419;-0.030049;100.5;0.0;0.0;0.3;0.0;0.0
4.0;1753880923.537146;17.198432;0.53;0.81;-110.08;0.459788;-0.855256;0.028483;102.9;0.0;0.0;0.8;0.0;0.0
4.0;1753880923.541754;17.249725;0.21;-0.28;-113.55;0.317016;-0.87222;-0.012742;123.1;0.0;0.0;1.2;0.0;0.0
4.0;1753880923.546362;17.26531;0.37;0.92;-112.57;0.443205;-0.894818;-0.021001;115.5;0.0;0.0;1.3;0.0;0.0
4.0;1753880923.55097;17.265027;-0.18;0.65;-112.65;0.312676;-0.851616;0.014277;98.5;0.0;0.0;1.5;0.0;0.0
4.0;1753880923.555579;17.238521;-0.14;-0.36;-112.98;0.465567;-0.840787;0.001157;124.2;0.0;0.0;0.4;0.0;0.0
4.0;1753880923.560187;17.181054;1.06;0.67;-107.88;0.32744;-0.916923;0.03259;109.1;0.0;0.0;1.2;0.0;0.0
4.0;1753880923.564795;17.243404;0.52;-1.04;-111.17;0.417633;-0.966698;-0.086151;108.6;0.0;0.0;1.5;0.0;0.0
4.0;1753880923.569403;17.239958;0.36;0.03;-114.57;0.42892;-0.876123;0.009699;110.0;0.0;0.0;1.1;0.0;0.0
4.0;1753880923.574011;17.21706;0.45;2.03;-107.23;0.473972;-0.953964;-0.017001;123.9;0.0;0.0;0.2;0.0;0.0
4.0;1753880923.57862;17.254243;0.67;-0.28;-115.13;0.464898;-0.872713;0.03204;122.5;0.0;0.0;0.5;0.0;0.0
4.0;1753880923.583228;17.234735;0.39;0.27;-112.92;0.105069;-0.86599;-0.002878;112.5;0.0;0.0;0.9;0.0;0.0
4.0;1753880923.587836;17.247234;-0.25;-0.59;-107.27;0.606028;-0.893387;-0.010659;118.2;0.0;0.0;1.3;0.0;0.0
4.0;1753880923.592444;17.235157;0.12;0.63;-114.77;0.526681;-0.842517;-0.026132;127.7;0.0;0.0;0.8;0.0;0.0
4.0;1753880923.597052;17.264334;0.35;-0.32;-117.18;0.512138;-0.916824;-0.054687;104.2;0.0;0.0;1.2;0.0;0.0
4.0;1753880923.60166;17.190464;-0.25;-0.7;-111.44;0.479822;-0.860173;0.009891;91.1;0.0;0.0;1.1;0.0;0.0
4.0;1753880923.606268;17.235685;-0.38;0.33;-111.88;0.099677;-0.875089;0.024001;101.5;0.0;0.0;0.5;0.0;0.0
4.0;1753880923.610876;17.219994;-0.87;0.77;-114.97;0.541363;-0.896054;-0.053233;106.4;0.0;0.0;1.8;0.0;0.0
4.0;1753880923.615485;17.251083;-0.08;1.58;-111.64;0.451219;-0.938502;-0.031729;124.7;0.0;0.0;1.4;0.0;0.0
4.0;1753880923.620093;17.179307;-0.26;0.87;-112.21;0.628734;-0.904892;0.012806;124.1;0.0;0.0;1.2;0.0;0.0
4.0;1753880923.624701;17.242736;0.58;-0.15;-114.66;0.340038;-0.895915;-0.000589;110.9;0.0;0.0;1.4;0.0;0.0
4.0;1753880923.629309;17.264662;0.23;-0.5;-114.6;0.384942;-0.84955;-0.013187;111.3;0.0;0.0;1.4;0.0;0.0
4.0;1753880923.633917;17.213566;0.72;-1.11;-112.49;0.43645;-0.910673;-0.004357;123.8;0.0;0.0;1.4;0.0;0.0
4.0;1753880923.638526;17.230003;0.07;1.15;-109.66;0.304389;-0.917599;0.00299;109.6;0.0;0.0;0.5;0.0;0.0
4.0;1753880923.643134;17.21834;-0.02;0.61;-116.93;0.582377;-0.909804;0.005815;105.2;0.0;0.0;0.1;0.0;0.0
4.0;1753880923.647742;17.227981;0.87;-0.27;-116.35;0.637329;-0.824559;-0.025501;110.7;0.0;0.0;1.5;0.0;0.0
4.0;1753880923.65235;17.257355;-0.15;-0.74;-112.08;0.462994;-0.861304;0.00902;118.5;0.0;0.0;0.8;0.0;0.0
4.0;1753880923.656958;17.225423;0.0;0.13;-113.12;0.15134;-0.887236;-0.024749;102.6;0.0;0.0;1.7;0.0;0.0
4.0;1753880923.661566;17.224187;0.39;0.4;-114.16;0.445427;-0.878165;0.087803;116.5;0.0;0.0;0.2;0.0;0.0
4.0;1753880923.666174;17.237428;-0.54;0.01;-114.77;0.570127;-0.878508;-0.033549;117.1;0.0;0.0;1.0;0.0;0.0
4.0;1753880923.670782;17.252678;0.2;0.52;-110.69;0.354314;-0.830616;-0.008467;118.0;0.0;0.0;0.9;0.0;0.0
4.0;1753880923.675391;17.271886;-0.44;-1.18;-113.35;0.508546;-0.851683;-0.0503;100.5;0.0;0.0;1.3;0.0;0.0
4.0;1753880923.679999;17.221894;0.24;0.44;-114.06;0.603473;-0.817251;-0.027546;119.9;0.0;0.0;1.4;0.0;0.0
4.0;1753880923.6852;17.226562;-0.07;0.07;-113.4;0.46848;-0.88511;-0.009394;112.0;0.0;0.0;1.0;0.0;0.0
4.0;1753880923.689808;17.201888;0.19;-0.81;-110.23;0.496522;-0.943574;-0.006603;110.1;0.0;0.0;1.3;0.0;0.0
4.0;1753880923.694416;17.236634;0.73;-3.64;-114.53;0.439236;-0.916518;0.011844;121.7;0.0;0.0;0.9;0.0;0.0
4.0;1753880923.699024;17.112892;0.93;-0.62;-100.68;0.381375;-0.864845;0.02201;99.1;0.0;0.0;0.7;0.0;0.0
4.0;1753880923.70726;17.152344;1.89;-2.52;-101.01;0.549;-0.784582;0.014884;101.0;0.0;0.0;1.0;0.0;0.0
4.0;1753880923.711868;17.085248;0.48;-0.38;-100.34;0.594788;-0.808433;0.025356;103.8;0.0;0.0;1.2;0.0;0.0
4.0;1753880923.716476;17.210392;2.39;-1.92;-106.46;0.517724;-0.799247;0.003913;92.3;0.0;0.0;1.2;0.0;0.0
4.0;1753880923.721084;17.078971;1.63;-2.36;-105.24;0.55013;-0.88455;0.004272;95.7;0.0;0.0;1.1;0.0;0.0
4.0;1753880923.725692;17.242805;0.96;-2.95;-96.0;0.533527;-0.822226;0.033112;98.3;0.0;0.0;1.3;0.0;0.0
4.0;1753880923.7303;17.095112;2.63;-3.27;-97.95;0.597446;-0.878672;-0.018948;113.6;0.0;0.0;0.8;0.0;0.0
4.0;1753880923.734908;17.149682;1.75;-2.78;-99.39;0.5049;-0.837326;-0.014508;105.6;0.0;0.0;1.3;0.0;0.0
4.0;1753880923.739517;17.072964;1.5;-3.35;-101.24;0.45968;-0.759853;-0.02977;115.0;0.0;0.0;1.3;0.0;0.0
4.0;1753880923.744125;17.101989;1.56;-3.96;-99.15;0.535793;-0.832561;0.007901;102.7;0.0;0.0;1.1;0.0;0.0
4.0;1753880923.75111;17.160156;2.24;-3.08;-97.16;0.566324;-0.875228;-0.028182;101.0;0.0;0.0;1.0;0.0;0.0
4.0;1753880923.755718;17.256503;3.25;-2.47;-88.51;0.560537;-0.972751;-0.063318;104.0;0.0;0.0;1.0;0.0;0.0
4.0;1753880923.760326;17.176948;2.59;-2.3;-96.41;0.66299;-0.859163;-0.002956;99.2;0.0;0.0;1.0;0.0;0.0
4.0;1753880923.764934;17.139627;2.9;-4.53;-97.6;0.549036;-0.909812;-0.036047;93.7;0.0;0.0;1.0;0.0;0.0
4.0;1753880923.769543;17.143165;1.62;-2.17;-83.56;0.537609;-0.839721;-0.047033;97.6;0.0;0.0;1.0;0.0;0.0
4.0;1753880923.774151;17.100415;2.48;-1.86;-96.09;0.608631;-0.873467;-0.040631;96.5;0.0;0.0;1.0;0.0;0.0
4.0;1753880923.778759;17.134946;2.28;-2.36;-103.18;0.458682;-0.85967;0.008671;105.6;0.0;0.0;1.0;0.0;0.0
4.0;1753880923.783367;17.12605;1.1;-5.63;-102.45;0.553234;-0.829914;-0.03194;102.9;0.0;0.0;1.0;0.0;0.0
4.0;1753880923.787975;17.168256;0.66;-4.15;-93.79;0.592772;-0.817;-0.030051;98.8;0.0;0.0;1.0;0.0;0.0
4.0;1753880923.792584;17.184958;2.52;-2.15;-99.48;0.631185;-0.807827;-0.045352;93.3;0.0;0.0;1.0;0.0;0.0
4.0;1753880923.797192;17.125088;1.15;-1.87;-98.63;0.583419;-0.799965;-0.005221;101.4;0.0;0.0;1.0;0.0;0.0
4.0;1753880923.8018;17.113011;1.01;-2.69;-92.96;0.586086;-0.782969;-0.029358;96.4;0.0;0.0;1.0;0.0;0.0
4.0;1753880923.806408;17.180278;2.16;-1.39;-110.18;0.591126;-0.811868;-0.001778;84.8;0.0;0.0;1.0;0.0;0.0
4.0;1753880923.811016;17.18845;1.83;-2.82;-105.94;0.595122;-0.866155;-0.02902;105.2;0.0;0.0;1.0;0.0;0.0
4.0;1753880923.815624;17.183391;0.6;-3.54;-91.33;0.449213;-0.776995;-0.006533;100.7;0.0;0.0;1.0;0.0;0.0
4.0;1753880923.820232;17.175747;2.33;-2.72;-99.9;0.684388;-0.793474;0.021935;104.9;0.0;0.0;1.0;0.0;0.0
4.0;1753880923.82484;17.149222;2.33;-2.29;-109.56;0.479776;-0.865142;-0.020907;105.4;0.0;0.0;1.0;0.0;0.0
4.0;1753880923.829449;17.208631;2.37;-2.81;-97.3;0.40128;-0.779134;-0.046762;101.0;0.0;0.0;1.0;0.0;0.0
4.0;1753880923.834057;17.190822;1.51;-2.64;-101.84;0.486608;-0.786867;-1.6e-05;106.7;0.0;0.0;1.0;0.0;0.0
4.0;1753880923.838665;17.098118;0.36;-3.23;-103.51;0.491473;-0.830343;-0.002108;106.9;0.0;0.0;1.0;0.0;0.0
4.0;1753880923.843273;17.138085;1.75;-4.16;-88.99;0.59076;-0.742199;-0.003888;99.4;0.0;0.0;1.0;0.0;0.0
4.0;1753880923.847881;17.162324;1.5;-1.11;-108.42;0.633139;-0.838656;-0.000979;95.9;0.0;0.0;1.0;0.0;0.0
4.0;1753880923.85249;17.234992;1.49;-3.36;-104.35;0.518594;-0.817896;-0.007498;95.4;0.0;0.0;1.0;0.0;0.0
4.0;1753880923.857098;17.156445;1.93;-3.32;-101.6;0.530072;-0.855413;-0.009637;98.5;0.0;0.0;1.0;0.0;0.0
4.0;1753880923.861706;17.206894;1.63;-3.98;-99.24;0.576662;-0.767179;-0.024842;94.0;0.0;0.0;1.0;0.0;0.0
4.0;1753880923.866314;17.225224;1.12;-0.91;-111.94;0.612294;-0.805201;0.003371;89.2;0.0;0.0;1.0;0.0;0.0
4.0;1753880923.87106;17.160156;1.19;-2.31;-105.28;0.581696;-0.780922;-0.007686;99.0;0.0;0.0;1.0;0.0;0.0
4.0;1753880923.875668;17.194474;1.91;0.09;-96.18;0.532779;-0.803758;-0.025776;91.5;0.0;0.0;1.0;0.0;0.0
4.0;1753880923.880276;17.200155;0.75;-0.9;-97.95;0.553328;-0.85524;-0.012692;98.3;0.0;0.0;1.0;0.0;0.0
4.0;1753880923.884884;17.216753;1.13;-1.63;-114.47;0.666096;-0.764067;-0.010913;96.0;0.0;0.0;1.0;0.0;0.0
4.0;1753880923.889492;17.159556;0.86;-3.85;-101.4;0.56589;-0.764667;-0.013792;90.1;0.0;0.0;1.0;0.0;0.0
4.0;1753880923.894101;17.152404;0.3;-2.2;-96.0;0.582961;-0.892179;-0.026426;98.5;0.0;0.0;1.0;0.0;0.0
4.0;1753880923.898709;17.174027;0.46;-2.49;-109.68;0.520791;-0.860127;-0.01326;98.1;0.0;0.0;1.0;0.0;0.0
4.0;1753880923.903317;17.197225;1.34;-1.06;-103.95;0.440294;-0.841475;-0.018264;96.6;0.0;0.0;1.0;0.0;0.0
4.0;1753880923.907925;17.128642;1.83;-2.66;-109.8;0.547297;-0.778009;-0.017317;105.5;0.0;0.0;1.0;0.0;0.0
4.0;1753880923.912533;17.178165;0.78;-0.32;-100.41;0.538209;-0.79443;-0.029578;85.1;0.0;0.0;1.0;0.0;0.0
4.0;1753880923.917142;17.1711;1.08;-2.91;-105.6;0.677871;-0.770389;0.035334;104.4;0.0;0.0;1.0;0.0;0.0
4.0;1753880923.92175;17.242457;1.42;-2.34;-97.54;0.549683;-0.881676;-0.019574;107.0;0.0;0.0;1.0;0.0;0.0
4.0;1753880923.92638;17.160156;2.03;-2.03;-100.66;0.567666;-0.855464;-0.006344;99.0;0.0;0.0;1.0;0.0;0.0
4.0;1753880923.93263;17.222656;1.61;-2.03;-102.83;0.5429;-0.854;0.024034;99.0;0.0;0.0;1.0;0.0;0.0
4.0;1753880923.937238;17.228096;0.89;-1.75;-105.71;0.470095;-0.900232;0.035049;99.5;0.0;0.0;1.0;0.0;0.0
4.0;1753880923.941846;17.22538;1.59;-1.8;-96.59;0.477414;-0.82712;0.053968;104.4;0.0;0.0;1.0;0.0;0.0
4.0;1753880923.946454;17.239175;0.34;-2.9;-103.44;0.64506;-0.876941;0.009524;102.6;0.0;0.0;1.0;0.0;0.0
4.0;1753880923.951063;17.198347;1.69;-3.23;-104.4;0.556104;-0.83526;0.01527;97.4;0.0;0.0;1.0;0.0;0.0
4.0;1753880923.955671;17.279684;1.1;-2.57;-110.05;0.623184;-0.817499;-0.004646;107.6;0.0;0.0;1.0;0.0;0.0
4.0;1753880923.960279;17.179762;0.99;-2.07;-107.13;0.532885;-0.838738;0.033418;108.7;0.0;0.0;1.0;0.0;0.0
4.0;1753880923.964887;17.226143;0.83;-3.39;-106.83;0.495607;-0.807049;0.009445;101.4;0.0;0.0;1.0;0.0;0.0
4.0;1753880923.969495;17.230838;-0.12;-1.56;-93.18;0.498762;-0.810022;0.058031;88.3;0.0;0.0;1.0;0.0;0.0
4.0;1753880923.974104;17.231041;-0.68;-0.84;-104.36;0.523803;-0.81473;0.028568;102.4;0.0;0.0;1.0;0.0;0.0
4.0;1753880923.97863;17.222656;0.21;-2.24;-107.59;0.558272;-0.774822;0.020862;99.0;0.0;0.0;1.0;0.0;0.0
4.0;1753880923.980748;17.199219;11.2;1.19;-46.9;0.963068;0.255102;0.00671;119.0;0.0;0.0;2.0;0.0;0.0
4.0;1753880923.985497;17.175781;10.78;0.91;-49.14;0.963068;0.255102;0.00671;119.0;0.0;0.0;2.0;0.0;0.0
4.0;1753880923.989897;17.175781;10.43;1.19;-51.17;0.915854;0.238754;-0.044652;119.0;0.0;0.0;2.0;0.0;0.0
4.0;1753880923.994448;17.175781;10.5;1.82;-52.29;0.98576;0.19215;-0.059658;119.0;0.0;0.0;2.0;0.0;0.0
4.0;1753880923.999222;17.175781;9.38;1.19;-56.98;0.96014;0.152256;-0.081984;119.0;0.0;0.0;2.0;0.0;0.0
4.0;1753880924.00383;17.217592;9.59;1.38;-57.43;1.014109;0.133019;-0.08729;116.4;0.0;0.0;1.8;0.0;0.0
4.0;1753880924.008438;17.135731;8.12;-0.1;-52.92;1.00185;0.101066;-0.189317;117.5;0.0;0.0;2.4;0.0;0.0
4.0;1753880924.013046;17.185428;8.84;1.86;-55.77;0.921178;0.153043;-0.111268;127.5;0.0;0.0;2.3;0.0;0.0
4.0;1753880924.017654;17.235052;8.33;0.68;-47.91;0.901173;0.093546;-0.031563;118.9;0.0;0.0;2.0;0.0;0.0
4.0;1753880924.022262;17.182097;7.84;-0.39;-59.99;0.920395;0.080461;-0.137493;112.9;0.0;0.0;2.2;0.0;0.0
4.0;1753880924.026871;17.175793;7.88;0.93;-62.01;0.966658;0.237801;-0.140551;118.2;0.0;0.0;2.0;0.0;0.0
4.0;1753880924.031479;17.139395;9.47;2.64;-59.85;0.983736;0.17291;-0.098648;123.5;0.0;0.0;2.1;0.0;0.0
4.0;1753880924.036087;17.153643;7.52;1.1;-62.26;0.952218;0.076502;-0.027181;125.8;0.0;0.0;2.4;0.0;0.0
4.0;1753880924.040695;17.186403;10.41;0.7;-36.57;0.984511;0.21184;-0.003519;116.4;0.0;0.0;1.9;0.0;0.0
4.0;1753880924.045303;17.217473;9.59;3.38;-72.42;1.010846;0.189325;-0.099305;114.9;0.0;0.0;1.8;0.0;0.0
4.0;1753880924.049912;17.169275;8.62;-0.53;-67.09;0.924702;0.219089;0.007029;114.7;0.0;0.0;1.9;0.0;0.0
4.0;1753880924.05452;17.177866;9.79;1.45;-53.6;0.998887;0.103986;0.039515;116.7;0.0;0.0;2.3;0.0;0.0
4.0;1753880924.059128;17.17481;6.91;0.81;-65.78;0.959188;0.133317;-0.084911;119.2;0.0;0.0;1.4;0.0;0.0
4.0;1753880924.063736;17.196451;8.71;-0.06;-50.46;0.977725;0.187373;-0.034869;118.8;0.0;0.0;2.1;0.0;0.0
4.0;1753880924.068344;17.217475;9.57;0.72;-43.39;0.880965;0.086156;-0.08367;120.4;0.0;0.0;1.7;0.0;0.0
4.0;1753880924.072952;17.140463;8.52;1.17;-67.01;0.918246;0.174266;-0.02552;123.5;0.0;0.0;1.9;0.0;0.0
4.0;1753880924.07756;17.179994;7.76;0.85;-52.64;0.96015;0.086096;-0.035255;118.2;0.0;0.0;1.7;0.0;0.0
4.0;1753880924.082168;17.23338;8.07;-0.18;-56.12;0.992569;0.250721;-0.118085;123.8;0.0;0.0;2.5;0.0;0.0
4.0;1753880924.086777;17.155826;8.01;2.06;-48.14;0.900306;0.145265;0.019052;123.6;0.0;0.0;2.0;0.0;0.0
4.0;1753880924.091385;17.209128;9.13;1.32;-49.94;0.961033;0.280934;-0.035862;119.8;0.0;0.0;2.1;0.0;0.0
4.0;1753880924.095993;17.229784;10.44;2.77;-53.18;0.968544;0.248415;-0.082559;112.1;0.0;0.0;1.9;0.0;0.0
4.0;1753880924.100601;17.229354;8.17;1.0;-55.22;0.921382;0.197672;-0.037405;123.1;0.0;0.0;2.1;0.0;0.0
4.0;1753880924.105209;17.209013;9.27;1.54;-69.52;0.994402;0.100716;-0.044765;118.3;0.0;0.0;2.4;0.0;0.0
4.0;1753880924.109818;17.143535;9.85;0.86;-49.34;0.919969;0.242437;-0.049905;118.3;0.0;0.0;2.0;0.0;0.0
4.0;1753880924.114426;17.154817;10.42;2.27;-68.35;1.000768;0.267095;-0.031154;115.8;0.0;0.0;1.9;0.0;0.0
4.0;1753880924.119034;17.167151;10.32;-0.43;-58.31;0.941458;0.204065;-0.042022;118.8;0.0;0.0;2.0;0.0;0.0
4.0;1753880924.123642;17.179875;9.09;2.5;-60.82;0.904395;0.2864;0.002266;118.8;0.0;0.0;2.4;0.0;0.0
4.0;1753880924.12825;17.231866;7.88;1.06;-67.32;0.953246;0.12194;-0.068723;121.3;0.0;0.0;1.2;0.0;0.0
4.0;1753880924.132858;17.170385;9.42;-0.18;-58.94;0.967986;0.188318;-0.104932;119.1;0.0;0.0;2.3;0.0;0.0
4.0;1753880924.137466;17.18994;8.93;0.32;-29.54;0.897761;0.180276;-0.011855;119.6;0.0;0.0;2.3;0.0;0.0
4.0;1753880924.142074;17.21747;10.87;0.91;-56.85;0.975674;0.193853;-0.01746;121.2;0.0;0.0;2.0;0.0;0.0
4.0;1753880924.146683;17.189712;11.45;0.15;-41.74;0.978894;0.117143;0.084802;114.1;0.0;0.0;1.6;0.0;0.0
4.0;1753880924.151291;17.167821;11.8;0.42;-62.19;0.997152;0.188614;-0.05645;118.6;0.0;0.0;1.9;0.0;0.0
4.0;1753880924.155899;17.226042;10.38;0.48;-54.31;0.975595;0.212536;-0.081571;115.6;0.0;0.0;2.6;0.0;0.0
4.0;1753880924.160507;17.224859;10.46;2.12;-63.29;0.988255;0.224073;-0.084508;121.8;0.0;0.0;2.3;0.0;0.0
4.0;1753880924.165115;17.166141;8.96;-0.34;-62.02;0.992126;0.312997;0.025176;115.2;0.0;0.0;1.6;0.0;0.0
4.0;1753880924.169724;17.222031;9.29;1.74;-54.67;0.981013;0.254134;-0.030093;117.3;0.0;0.0;2.0;0.0;0.0
4.0;1753880924.174332;17.204885;8.11;0.34;-55.48;0.945372;0.17061;-0.005293;121.6;0.0;0.0;2.6;0.0;0.0
4.0;1753880924.17894;17.179515;10.83;1.12;-65.58;0.959039;0.335785;-0.041463;121.9;0.0;0.0;1.7;0.0;0.0
4.0;1753880924.183548;17.231828;6.58;0.4;-66.39;0.962964;0.245743;0.056213;111.8;0.0;0.0;2.2;0.0;0.0
4.0;1753880924.188156;17.219914;10.42;-0.02;-52.21;0.929359;0.313979;-0.10539;120.1;0.0;0.0;1.8;0.0;0.0
4.0;1753880924.192764;17.217667;9.68;-0.11;-78.0;1.034705;0.307389;-0.036089;120.8;0.0;0.0;2.5;0.0;0.0
4.0;1753880924.197372;17.189379;9.19;1.07;-57.4;0.970509;0.230787;0.013236;120.0;0.0;0.0;2.4;0.0;0.0
4.0;1753880924.20198;17.223958;10.33;-0.45;-68.56;0.983038;0.27402;-0.058129;117.0;0.0;0.0;1.7;0.0;0.0
4.0;1753880924.206589;17.257054;9.61;0.55;-52.8;1.010482;0.185846;0.005425;123.5;0.0;0.0;1.6;0.0;0.0
4.0;1753880924.211197;17.242728;8.44;0.96;-75.68;0.979331;0.200901;0.010083;118.0;0.0;0.0;1.8;0.0;0.0
4.0;1753880924.215805;17.194848;7.65;0.96;-39.83;1.008932;0.283071;0.063315;123.7;0.0;0.0;2.0;0.0;0.0
4.0;1753880924.220413;17.221653;9.83;0.76;-49.29;0.931878;0.27789;0.023448;118.4;0.0;0.0;1.9;0.0;0.0
4.0;1753880924.225021;17.205037;10.67;2.17;-69.85;0.957359;0.190871;-0.026286;116.8;0.0;0.0;2.3;0.0;0.0
4.0;1753880924.22963;17.24884;8.89;1.96;-34.11;0.903464;0.165755;-0.05218;119.9;0.0;0.0;1.9;0.0;0.0
4.0;1753880924.234238;17.205895;7.3;-0.28;-58.31;0.927809;0.282536;-0.001587;120.7;0.0;0.0;1.5;0.0;0.0
4.0;1753880924.238846;17.228475;8.34;1.62;-53.13;0.966896;0.253981;0.002661;116.9;0.0;0.0;1.9;0.0;0.0
4.0;1753880924.243454;17.274327;9.34;1.59;-59.29;0.944643;0.295895;-0.017677;124.5;0.0;0.0;2.2;0.0;0.0
4.0;1753880924.248062;17.265334;12.0;0.25;-46.43;0.955145;0.341951;0.024532;116.6;0.0;0.0;2.2;0.0;0.0
4.0;1753880924.25267;17.251241;8.54;1.17;-60.77;0.973937;0.26263;0.008477;113.3;0.0;0.0;2.1;0.0;0.0
4.0;1753880924.257278;17.205948;9.82;0.2;-60.09;0.870877;0.248029;-0.04142;122.2;0.0;0.0;1.9;0.0;0.0
4.0;1753880924.261886;17.201335;9.27;1.11;-72.44;0.993158;0.32915;-0.03164;120.1;0.0;0.0;2.5;0.0;0.0
4.0;1753880924.266495;17.183853;9.48;0.6;-56.95;0.933215;0.377237;-0.034918;120.5;0.0;0.0;2.1;0.0;0.0
4.0;1753880924.271103;17.190934;7.63;1.57;-52.2;0.934175;0.23461;0.044654;117.7;0.0;0.0;1.6;0.0;0.0
4.0;1753880924.275711;17.238988;7.78;3.16;-39.97;0.910538;0.374574;0.041096;121.1;0.0;0.0;2.2;0.0;0.0
4.0;1753880924.280319;17.258751;8.62;-0.36;-58.18;0.925413;0.227704;0.049112;117.3;0.0;0.0;1.9;0.0;0.0
4.0;1753880924.284927;17.205295;6.8;0.49;-82.86;0.91855;0.221173;-0.031048;117.8;0.0;0.0;1.1;0.0;0.0
4.0;1753880924.289536;17.179204;8.48;0.38;-53.18;0.942134;0.277945;0.049878;123.1;0.0;0.0;2.1;0.0;0.0
4.0;1753880924.294144;17.226834;7.98;-0.13;-65.77;0.930747;0.186794;0.029728;114.6;0.0;0.0;2.0;0.0;0.0
4.0;1753880924.298752;17.117939;10.74;1.7;-71.46;0.924569;0.205429;-0.00908;118.1;0.0;0.0;1.7;0.0;0.0
4.0;1753880924.30336;17.235097;9.54;0.81;-50.19;0.943791;0.265301;0.034193;120.7;0.0;0.0;2.0;0.0;0.0
4.0;1753880924.307968;17.21555;9.66;1.43;-52.04;0.944799;0.375144;0.063278;117.4;0.0;0.0;1.7;0.0;0.0
4.0;1753880924.312576;17.1857;7.06;-1.23;-65.58;0.915902;0.349881;0.020911;120.7;0.0;0.0;2.1;0.0;0.0
4.0;1753880924.317184;17.192268;9.04;0.3;-71.22;0.860396;0.275837;-0.035054;122.2;0.0;0.0;1.9;0.0;0.0
4.0;1753880924.321792;17.223462;10.15;-0.2;-45.31;0.964058;0.297635;0.048623;121.6;0.0;0.0;2.0;0.0;0.0
4.0;1753880924.326401;17.249124;10.07;0.14;-79.38;0.940571;0.341406;0.052941;119.1;0.0;0.0;2.3;0.0;0.0
4.0;1753880924.331009;17.196853;10.33;1.04;-44.04;1.034939;0.311851;-0.065114;119.6;0.0;0.0;1.8;0.0;0.0
4.0;1753880924.335617;17.197688;7.78;1.31;-64.41;0.986669;0.399292;0.007632;115.6;0.0;0.0;2.3;0.0;0.0
4.0;1753880924.340225;17.245222;7.1;1.01;-59.06;0.943779;0.367777;-0.003193;116.7;0.0;0.0;2.6;0.0;0.0
4.0;1753880924.344833;17.163729;9.75;-0.62;-37.17;0.954687;0.300679;-0.167822;119.0;0.0;0.0;2.4;0.0;0.0
4.0;1753880924.349442;17.264291;9.44;1.74;-55.39;0.913443;0.304994;0.0366;115.4;0.0;0.0;2.2;0.0;0.0
4.0;1753880924.35405;17.207884;8.54;0.67;-68.7;0.916435;0.238648;0.037948;118.7;0.0;0.0;2.2;0.0;0.0
4.0;1753880924.358658;17.252856;7.76;0.39;-55.86;0.954041;0.435247;-0.043644;114.9;0.0;0.0;2.5;0.0;0.0
4.0;1753880924.363266;17.198683;8.49;-0.23;-59.94;0.875221;0.343339;0.067429;118.6;0.0;0.0;2.5;0.0;0.0
4.0;1753880924.3695;17.21875;8.96;0.7;-60.9;0.938668;0.31476;0.027084;119.0;0.0;0.0;2.0;0.0;0.0
4.0;1753880924.374108;17.222464;9.51;1.29;-66.68;0.954314;0.389642;-0.067064;119.7;0.0;0.0;1.8;0.0;0.0
4.0;1753880924.378716;17.164659;9.02;0.05;-68.62;0.991939;0.308789;0.089265;116.2;0.0;0.0;1.5;0.0;0.0
4.0;1753880924.383324;17.198917;8.2;1.93;-57.41;0.909549;0.273874;-0.030367;120.3;0.0;0.0;1.8;0.0;0.0
4.0;1753880924.387932;17.236977;9.31;2.15;-54.41;0.989458;0.344884;-0.030213;122.0;0.0;0.0;2.0;0.0;0.0
4.0;1753880924.39254;17.205143;8.26;1.42;-62.44;0.972648;0.325425;0.006029;121.2;0.0;0.0;2.3;0.0;0.0
4.0;1753880924.397148;17.222405;9.98;-0.49;-50.5;0.903602;0.296069;0.002445;117.6;0.0;0.0;2.6;0.0;0.0
4.0;1753880924.401757;17.210398;8.2;0.82;-61.69;0.933487;0.418449;0.045722;118.7;0.0;0.0;2.0;0.0;0.0
4.0;1753880924.406365;17.236914;7.79;0.63;-56.22;0.941803;0.383914;-0.04574;121.8;0.0;0.0;2.3;0.0;0.0
4.0;1753880924.410973;17.262737;9.06;-0.69;-44.08;0.947777;0.37102;0.075519;119.4;0.0;0.0;2.2;0.0;0.0
4.0;1753880924.415581;17.183947;9.09;-0.0;-53.1;0.946335;0.321809;-0.0214;121.1;0.0;0.0;1.9;0.0;0.0
4.0;1753880924.42019;17.19413;8.25;0.04;-71.83;0.964677;0.282298;0.086635;119.3;0.0;0.0;1.5;0.0;0.0
4.0;1753880924.424798;17.195238;7.96;1.43;-59.86;0.912976;0.445281;0.023169;119.9;0.0;0.0;2.0;0.0;0.0
4.0;1753880924.429406;17.179595;10.23;0.04;-62.73;0.90881;0.342107;-0.06265;122.1;0.0;0.0;2.1;0.0;0.0
4.0;1753880924.434014;17.174254;9.36;-0.31;-62.48;0.968976;0.364377;0.108956;121.4;0.0;0.0;2.1;0.0;0.0
4.0;1753880924.438622;17.2463;9.6;0.59;-72.39;0.913115;0.239393;-0.061872;119.2;0.0;0.0;2.0;0.0;0.0
4.0;1753880924.44323;17.235181;10.32;0.03;-62.24;0.927434;0.422369;0.094166;122.1;0.0;0.0;1.9;0.0;0.0
4.0;1753880924.447838;17.177231;10.31;0.43;-69.8;0.972908;0.213294;0.003122;117.7;0.0;0.0;1.5;0.0;0.0
4.0;1753880924.452446;17.23327;10.29;0.01;-67.71;0.953689;0.266831;-0.09701;122.5;0.0;0.0;1.9;0.0;0.0
4.0;1753880924.457054;17.187979;8.81;0.4;-60.39;0.919347;0.376317;0.039199;122.9;0.0;0.0;1.8;0.0;0.0
4.0;1753880924.461663;17.191001;8.29;-0.23;-70.37;0.992415;0.366954;0.011722;117.8;0.0;0.0;2.2;0.0;0.0
4.0;1753880924.466271;17.215578;7.68;0.71;-54.57;0.945993;0.280457;-0.008108;114.5;0.0;0.0;2.2;0.0;0.0
4.0;1753880924.470879;17.185109;8.85;0.75;-63.66;0.967317;0.330691;-0.021441;118.5;0.0;0.0;2.3;0.0;0.0
4.0;1753880924.475487;17.253633;7.81;-0.52;-84.45;0.906157;0.312372;0.059778;119.5;0.0;0.0;2.3;0.0;0.0
4.0;1753880924.480096;17.214143;8.58;-0.46;-76.6;0.96047;0.283884;-0.025846;121.2;0.0;0.0;1.9;0.0;0.0
4.0;1753880924.484704;17.171253;10.85;1.06;-56.42;0.930526;0.326384;0.033974;114.6;0.0;0.0;2.0;0.0;0.0
4.0;1753880924.489312;17.193601;6.79;1.35;-60.65;0.935687;0.316745;-0.012356;116.9;0.0;0.0;1.9;0.0;0.0
4.0;1753880924.49392;17.200274;7.87;0.16;-58.35;0.922782;0.265246;-0.052046;114.5;0.0;0.0;2.1;0.0;0.0
4.0;1753880924.498528;17.171753;6.37;1.54;-48.64;0.95352;0.324333;0.024934;123.8;0.0;0.0;2.1;0.0;0.0
4.0;1753880924.503136;17.21739;8.2;1.77;-64.75;0.879957;0.269966;-0.023656;119.1;0.0;0.0;1.8;0.0;0.0
4.0;1753880924.507744;17.181598;8.82;-0.42;-67.02;0.928825;0.444674;-0.090661;125.5;0.0;0.0;2.3;0.0;0.0
4.0;1753880924.512352;17.215835;9.85;1.11;-44.83;0.945007;0.288757;0.044217;118.8;0.0;0.0;2.0;0.0;0.0
4.0;1753880924.51696;17.212015;8.59;-1.13;-75.55;0.928876;0.278523;0.017792;118.9;0.0;0.0;1.7;0.0;0.0
4.0;1753880924.521569;17.226626;8.75;0.12;-67.33;0.951629;0.180907;0.012958;117.4;0.0;0.0;1.7;0.0;0.0
4.0;1753880924.526177;17.19179;9.42;1.53;-70.66;0.941605;0.307057;0.004343;120.0;0.0;0.0;1.8;0.0;0.0
4.0;1753880924.530785;17.191474;10.09;1.4;-77.93;0.976981;0.205897;0.075;113.7;0.0;0.0;2.1;0.0;0.0
4.0;1753880924.535393;17.254503;10.07;0.66;-66.19;0.91253;0.330635;-0.037573;120.7;0.0;0.0;1.7;0.0;0.0
4.0;1753880924.540002;17.242159;9.44;-0.74;-74.17;0.92182;0.282235;0.083621;117.9;0.0;0.0;2.1;0.0;0.0
4.0;1753880924.54461;17.211377;9.12;0.09;-66.38;0.910093;0.202166;0.023;119.0;0.0;0.0;1.9;0.0;0.0
4.0;1753880924.549218;17.197303;11.98;0.19;-68.76;0.923009;0.344073;-0.062405;116.0;0.0;0.0;2.2;0.0;0.0
4.0;1753880924.553826;17.21317;8.0;2.83;-50.82;0.911584;0.352429;-0.045034;120.5;0.0;0.0;2.0;0.0;0.0
4.0;1753880924.558434;17.182719;10.24;-1.22;-70.27;0.887938;0.247943;0.026548;119.0;0.0;0.0;2.3;0.0;0.0
4.0;1753880924.563042;17.26018;9.45;1.16;-56.88;0.979265;0.288053;0.055343;121.0;0.0;0.0;1.9;0.0;0.0
4.0;1753880924.56765;17.247924;9.59;0.66;-70.65;0.934033;0.231311;0.001195;115.2;0.0;0.0;2.3;0.0;0.0
4.0;1753880924.572258;17.212909;8.1;1.25;-46.18;0.928057;0.328238;-0.010071;121.6;0.0;0.0;1.9;0.0;0.0
4.0;1753880924.576867;17.220252;10.57;-0.46;-71.29;0.909472;0.278506;-0.036125;117.5;0.0;0.0;1.9;0.0;0.0
4.0;1753880924.581475;17.244797;10.29;1.19;-50.89;0.99848;0.332945;-0.039557;116.7;0.0;0.0;2.4;0.0;0.0
4.0;1753880924.586083;17.222223;9.54;-0.72;-53.06;0.898875;0.333766;-0.035395;120.8;0.0;0.0;2.3;0.0;0.0
4.0;1753880924.590691;17.235293;10.54;2.39;-45.02;0.915025;0.248815;0.038305;121.2;0.0;0.0;1.5;0.0;0.0
4.0;1753880924.595299;17.229816;10.88;-0.3;-61.28;0.95375;0.270844;-0.029978;119.7;0.0;0.0;2.2;0.0;0.0
4.0;1753880924.599908;17.264855;7.41;1.65;-61.32;0.94336;0.201133;0.130243;122.9;0.0;0.0;1.6;0.0;0.0
4.0;1753880924.604516;17.218121;7.78;0.03;-71.76;0.893101;0.20525;-0.078963;120.1;0.0;0.0;1.7;0.0;0.0
4.0;1753880924.609124;17.227811;9.08;2.36;-78.89;0.990446;0.341383;-0.082686;120.6;0.0;0.0;2.0;0.0;0.0
4.0;1753880924.613732;17.243789;9.09;0.8;-40.3;0.934949;0.262771;-0.030289;118.6;0.0;0.0;1.8;0.0;0.0
4.0;1753880924.61834;17.226745;9.47;1.19;-62.22;0.960206;0.216086;-0.03415;115.6;0.0;0.0;2.5;0.0;0.0
4.0;1753880924.622948;17.216848;9.35;0.36;-65.01;0.966066;0.348092;-0.070446;119.0;0.0;0.0;1.7;0.0;0.0
4.0;1753880924.627556;17.243127;11.62;-0.25;-77.83;0.930328;0.243651;-0.014464;117.7;0.0;0.0;2.3;0.0;0.0
4.0;1753880924.632164;17.262213;9.04;0.55;-71.95;0.991999;0.2954;0.000886;120.2;0.0;0.0;2.1;0.0;0.0
4.0;1753880924.636773;17.218329;8.0;0.99;-64.74;0.931876;0.177083;0.014868;121.8;0.0;0.0;1.7;0.0;0.0
4.0;1753880924.641381;17.234838;8.24;0.49;-57.77;0.926819;0.240832;-0.039619;124.6;0.0;0.0;2.0;0.0;0.0
4.0;1753880924.645989;17.30198;9.29;0.33;-55.82;0.897499;0.138103;0.027049;121.1;0.0;0.0;2.0;0.0;0.0
4.0;1753880924.650597;17.192722;10.01;0.7;-64.39;0.858205;0.230968;-0.053791;118.1;0.0;0.0;1.3;0.0;0.0
4.0;1753880924.655205;17.264143;10.31;0.99;-80.72;0.976759;0.235643;-0.091197;119.5;0.0;0.0;1.8;0.0;0.0
4.0;1753880924.659814;17.238758;9.89;1.93;-48.58;0.963395;0.262043;-0.050599;117.8;0.0;0.0;2.1;0.0;0.0
4.0;1753880924.664422;17.19402;10.23;1.0;-76.73;0.9255;0.154104;-0.023207;115.3;0.0;0.0;2.0;0.0;0.0
4.0;1753880924.66903;17.272039;7.6;2.22;-61.77;0.926917;0.364649;0.041841;117.1;0.0;0.0;2.2;0.0;0.0
4.0;1753880924.673638;17.30028;7.58;1.01;-66.78;1.003876;0.179701;-0.094778;116.9;0.0;0.0;1.8;0.0;0.0
4.0;1753880924.678246;17.220164;9.41;-0.09;-67.1;0.97619;0.323153;-0.101017;121.2;0.0;0.0;1.7;0.0;0.0
4.0;1753880924.682854;17.282249;11.69;0.74;-63.48;0.941818;0.187019;-0.051891;120.8;0.0;0.0;2.2;0.0;0.0
4.0;1753880924.687462;17.165887;9.23;0.32;-53.01;1.012588;0.338026;-0.085614;118.5;0.0;0.0;1.9;0.0;0.0
4.0;1753880924.69207;17.24382;8.6;1.25;-54.29;0.917673;0.264856;-0.076962;120.7;0.0;0.0;1.8;0.0;0.0
4.0;1753880924.696679;17.196303;8.78;1.51;-58.21;0.914344;0.34536;-0.052194;119.0;0.0;0.0;1.9;0.0;0.0
4.0;1753880924.701287;17.232849;11.91;0.38;-52.44;0.896668;0.241527;0.061603;122.0;0.0;0.0;2.1;0.0;0.0
4.0;1753880924.705895;17.223966;7.98;2.06;-74.26;0.914137;0.197757;-0.069718;125.9;0.0;0.0;1.9;0.0;0.0
4.0;1753880924.710503;17.271352;7.97;2.17;-58.8;0.998497;0.19057;-0.097215;118.8;0.0;0.0;1.8;0.0;0.0
4.0;1753880924.715111;17.196174;8.17;0.37;-63.2;0.868089;0.205812;-0.035354;122.2;0.0;0.0;2.1;0.0;0.0
4.0;1753880924.71972;17.185214;9.29;0.66;-73.54;0.875554;0.277648;-0.064043;120.4;0.0;0.0;2.2;0.0;0.0
4.0;1753880924.724328;17.227913;7.83;1.24;-69.53;0.917436;0.164353;-0.054118;114.1;0.0;0.0;2.1;0.0;0.0
4.0;1753880924.728936;17.197352;8.63;0.98;-46.06;0.937295;0.209595;-0.040625;115.1;0.0;0.0;2.2;0.0;0.0
4.0;1753880924.733544;17.188792;9.92;-0.57;-62.21;0.893877;0.122721;0.033483;124.1;0.0;0.0;2.1;0.0;0.0
4.0;1753880924.738152;17.220311;10.05;2.34;-56.9;0.992299;0.201889;-0.097526;113.5;0.0;0.0;2.4;0.0;0.0
4.0;1753880924.74276;17.210629;9.99;0.81;-51.27;0.975782;0.287265;-0.071224;115.6;0.0;0.0;2.0;0.0;0.0
4.0;1753880924.747368;17.179675;9.19;1.57;-67.53;0.923825;0.244394;-0.048188;115.8;0.0;0.0;2.4;0.0;0.0
4.0;1753880924.751976;17.211616;7.34;0.94;-54.24;0.979045;0.135887;0.080108;123.1;0.0;0.0;2.2;0.0;0.0
4.0;1753880924.756585;17.204943;10.15;0.3;-55.85;0.935183;0.144122;-0.005228;118.9;0.0;0.0;1.8;0.0;0.0
4.0;1753880924.761193;17.176861;10.29;1.28;-60.97;0.922953;0.266357;0.002663;119.2;0.0;0.0;2.1;0.0;0.0
4.0;1753880924.765801;17.204667;10.15;1.65;-57.2;0.951993;0.31502;-0.012681;117.4;0.0;0.0;2.4;0.0;0.0
4.0;1753880924.770409;17.170383;9.75;1.93;-75.45;0.928225;0.234579;-0.1466;119.2;0.0;0.0;1.9;0.0;0.0
4.0;1753880924.775017;17.205866;8.67;1.82;-70.35;0.977396;0.281078;-0.076546;115.3;0.0;0.0;2.2;0.0;0.0
4.0;1753880924.779626;17.196173;7.0;1.08;-68.97;0.980199;0.182403;-0.099114;116.0;0.0;0.0;2.1;0.0;0.0
4.0;1753880924.784234;17.194945;10.16;0.75;-53.59;0.975409;0.275633;-0.060318;118.4;0.0;0.0;1.6;0.0;0.0
4.0;1753880924.788842;17.233709;10.79;1.47;-54.8;0.866919;0.178552;-0.032838;118.7;0.0;0.0;1.7;0.0;0.0
4.0;1753880924.79345;17.208897;10.11;0.43;-49.55;0.889913;0.135419;-0.08956;123.4;0.0;0.0;1.7;0.0;0.0
4.0;1753880924.798058;17.265159;10.34;2.01;-58.41;0.856613;0.175008;-0.116186;122.1;0.0;0.0;2.5;0.0;0.0
4.0;1753880924.802666;17.170814;9.88;1.11;-52.91;0.945802;0.256936;-0.23953;119.4;0.0;0.0;1.8;0.0;0.0
4.0;1753880924.8105;17.21875;9.52;1.12;-61.74;0.931348;0.194956;-0.085156;119.0;0.0;0.0;2.0;0.0;0.0
4.0;1753880924.81092;17.191406;8.75;2.59;-67.69;0.904874;0.39711;0.035502;130.0;0.0;0.0;2.0;0.0;0.0
4.0;1753880924.815528;17.141678;7.04;2.34;-61.48;0.91996;0.573628;0.023973;128.8;0.0;0.0;2.0;0.0;0.0
4.0;1753880924.820136;17.196962;5.98;1.29;-76.77;0.891758;0.6165;0.047448;134.7;0.0;0.0;2.0;0.0;0.0
4.0;1753880924.824744;17.171858;9.01;2.73;-75.6;0.916077;0.371976;0.045674;132.4;0.0;0.0;2.0;0.0;0.0
4.0;1753880924.829352;17.203544;8.51;3.04;-61.46;0.955778;0.480553;0.074104;136.8;0.0;0.0;2.0;0.0;0.0
4.0;1753880924.83396;17.197352;9.13;2.96;-56.41;0.915158;0.245842;0.012453;126.0;0.0;0.0;2.0;0.0;0.0
4.0;1753880924.838569;17.202178;7.98;3.56;-61.1;0.897385;0.565983;-0.02213;122.0;0.0;0.0;2.0;0.0;0.0
4.0;1753880924.843177;17.2147;7.81;3.49;-71.97;0.874659;0.472621;0.093818;127.7;0.0;0.0;2.0;0.0;0.0
4.0;1753880924.847785;17.207873;7.96;2.33;-65.65;0.916922;0.480207;0.03628;126.9;0.0;0.0;2.0;0.0;0.0
4.0;1753880924.85546;17.191406;8.05;3.5;-65.59;0.925126;0.390644;0.018666;130.0;0.0;0.0;2.0;0.0;0.0
4.0;1753880924.860068;17.223679;9.52;4.49;-74.3;0.924965;0.507981;-0.055407;132.1;0.0;0.0;2.0;0.0;0.0
4.0;1753880924.864676;17.219213;7.28;3.15;-49.88;0.924335;0.343889;-0.039567;128.8;0.0;0.0;2.0;0.0;0.0
4.0;1753880924.869284;17.208217;8.33;5.88;-57.86;0.917082;0.439281;0.01111;133.4;0.0;0.0;2.0;0.0;0.0
4.0;1753880924.873892;17.175791;7.47;4.01;-58.9;0.874878;0.497854;0.024063;134.9;0.0;0.0;2.0;0.0;0.0
4.0;1753880924.8785;17.235202;7.42;4.03;-69.53;0.892057;0.439926;0.0498;125.4;0.0;0.0;2.0;0.0;0.0
4.0;1753880924.883108;17.180078;8.14;4.09;-55.3;0.902308;0.405142;0.068493;130.2;0.0;0.0;2.0;0.0;0.0
4.0;1753880924.887717;17.142927;8.41;4.5;-60.87;0.872887;0.451939;0.092007;127.4;0.0;0.0;2.0;0.0;0.0
4.0;1753880924.892325;17.155225;7.78;4.41;-69.35;0.855461;0.379703;0.009635;134.0;0.0;0.0;2.0;0.0;0.0
4.0;1753880924.90031;17.191406;7.7;4.34;-63.7;0.892796;0.391132;0.023912;130.0;0.0;0.0;2.0;0.0;0.0
4.0;1753880924.904918;17.193983;6.67;5.9;-69.06;0.845144;0.409291;0.003599;127.2;0.0;0.0;2.0;0.0;0.0
4.0;1753880924.909526;17.210442;8.57;2.12;-72.28;0.926398;0.315713;0.032858;123.1;0.0;0.0;2.0;0.0;0.0
4.0;1753880924.914134;17.161796;8.04;4.18;-62.33;0.893276;0.462777;0.035519;125.3;0.0;0.0;2.0;0.0;0.0
4.0;1753880924.918743;17.152087;6.58;5.19;-57.44;0.891914;0.471303;0.047753;125.0;0.0;0.0;2.0;0.0;0.0
4.0;1753880924.923351;17.130083;8.88;4.69;-55.21;0.892597;0.379521;0.018707;138.2;0.0;0.0;2.0;0.0;0.0
4.0;1753880924.927959;17.178249;7.25;4.07;-60.92;0.863497;0.45257;0.024399;122.7;0.0;0.0;2.0;0.0;0.0
4.0;1753880924.932567;17.194981;8.14;5.17;-69.63;0.923957;0.216869;0.030828;130.0;0.0;0.0;2.0;0.0;0.0
4.0;1753880924.937175;17.166;8.23;5.11;-67.85;0.89667;0.323215;0.002408;129.3;0.0;0.0;2.0;0.0;0.0
4.0;1753880924.941784;17.210572;7.32;6.31;-56.29;0.928077;0.477016;0.114787;132.5;0.0;0.0;2.0;0.0;0.0
4.0;1753880924.95015;17.164062;7.84;4.55;-62.44;0.901702;0.371856;0.017446;130.0;0.0;0.0;2.0;0.0;0.0
4.0;1753880924.954758;17.18676;8.55;4.46;-61.27;0.9049;0.413449;0.015729;129.2;0.0;0.0;2.0;0.0;0.0
4.0;1753880924.959366;17.141355;6.24;3.89;-54.13;0.875309;0.484883;0.070396;127.9;0.0;0.0;2.0;0.0;0.0
4.0;1753880924.963974;17.151974;7.5;4.72;-61.01;0.94682;0.469996;0.027128;127.5;0.0;0.0;2.0;0.0;0.0
4.0;1753880924.968583;17.2166;7.91;4.13;-60.43;0.87786;0.341723;0.056248;128.3;0.0;0.0;2.0;0.0;0.0
4.0;1753880924.973191;17.180737;7.56;3.16;-62.65;0.932459;0.383964;-0.030141;131.2;0.0;0.0;2.0;0.0;0.0
4.0;1753880924.977799;17.169021;7.09;5.96;-66.9;0.872424;0.317815;-0.043214;118.9;0.0;0.0;2.0;0.0;0.0
4.0;1753880924.982407;17.15119;8.31;3.1;-65.21;0.933822;0.36665;0.009252;129.9;0.0;0.0;2.0;0.0;0.0
4.0;1753880924.987015;17.152658;7.83;4.97;-71.59;0.886707;0.421549;-0.018551;128.5;0.0;0.0;2.0;0.0;0.0
4.0;1753880924.99133;17.164062;7.7;4.62;-62.86;0.91439;0.386252;-0.015982;130.0;0.0;0.0;2.0;0.0;0.0
4.0;1753880924.998262;17.242188;-1.19;0.14;-104.3;-0.495564;0.908534;-0.086254;0.0;0.0;0.0;0.0;0.0;0.0
4.0;1753880925.00287;17.243914;-1.08;0.7;-110.4;-0.42899;0.888064;-0.026953;0.0;0.0;0.0;0.0;0.0;0.0
4.0;1753880925.007478;17.248214;-3.42;0.35;-105.67;-0.443409;0.917934;-0.081704;0.0;0.0;0.0;0.0;0.0;0.0
4.0;1753880925.012086;17.228933;-1.68;-0.13;-107.22;-0.686106;0.912952;-0.136133;0.0;0.0;0.0;0.0;0.0;0.0
4.0;1753880925.016694;17.238955;-0.3;0.6;-102.5;-0.531742;0.852582;-0.092468;0.0;0.0;0.0;0.0;0.0;0.0
4.0;1753880925.021303;17.236871;-0.43;0.42;-108.1;-0.46784;0.903724;-0.107654;0.0;0.0;0.0;0.0;0.0;0.0
4.0;1753880925.025911;17.255567;0.29;0.41;-101.86;-0.523976;0.904267;0.033281;0.0;0.0;0.0;0.0;0.0;0.0
4.0;1753880925.030519;17.198273;-0.19;1.65;-102.49;-0.528161;0.869652;0.049297;0.0;0.0;0.0;0.0;0.0;0.0
4.0;1753880925.035127;17.264821;-2.91;-1.32;-107.31;-0.364949;0.834663;-0.03744;0.0;0.0;0.0;0.0;0.0;0.0
4.0;1753880925.039735;17.259889;-2.3;0.54;-105.14;-0.51598;0.958011;-0.123958;0.0;0.0;0.0;0.0;0.0;0.0
4.0;1753880925.044344;17.249466;-1.32;0.31;-104.28;-0.463135;0.909946;-0.146167;0.0;0.0;0.0;0.0;0.0;0.0
4.0;1753880925.048952;17.262424;-2.91;-1.67;-106.9;-0.478426;0.900962;-0.056859;0.0;0.0;0.0;0.0;0.0;0.0
4.0;1753880925.05356;17.218098;0.59;0.23;-103.36;-0.635138;1.004823;-0.130334;0.0;0.0;0.0;0.0;0.0;0.0
4.0;1753880925.058168;17.244808;-0.38;-0.03;-103.27;-0.4711;0.875955;-0.14739;0.0;0.0;0.0;0.0;0.0;0.0
4.0;1753880925.062776;17.261355;-4.67;-0.52;-106.2;-0.357276;0.845248;-0.081558;0.0;0.0;0.0;0.0;0.0;0.0
4.0;1753880925.067384;17.23678;-1.21;0.89;-104.46;-0.578445;0.900502;-0.09368;0.0;0.0;0.0;0.0;0.0;0.0
4.0;1753880925.071992;17.262055;-2.64;-0.6;-102.78;-0.516717;0.893676;-0.126617;0.0;0.0;0.0;0.0;0.0;0.0
4.0;1753880925.0766;17.220678;-1.86;-1.05;-108.34;-0.567251;0.981621;-0.023314;0.0;0.0;0.0;0.0;0.0;0.0
4.0;1753880925.081209;17.240692;-2.08;-1.3;-101.09;-0.385227;0.904951;-0.08413;0.0;0.0;0.0;0.0;0.0;0.0
4.0;1753880925.085817;17.226124;-0.32;-1.02;-99.44;-0.508316;0.931014;-0.019523;0.0;0.0;0.0;0.0;0.0;0.0
4.0;1753880925.090425;17.227875;0.83;-0.52;-107.07;-0.408276;0.94338;-0.042318;0.0;0.0;0.0;0.0;0.0;0.0
4.0;1753880925.095033;17.223254;0.59;-1.08;-102.12;-0.476208;0.878797;-0.12313;0.0;0.0;0.0;0.0;0.0;0.0
4.0;1753880925.099641;17.250914;-2.49;0.78;-104.2;-0.346163;0.957723;-0.143736;0.0;0.0;0.0;0.0;0.0;0.0
4.0;1753880925.10425;17.271904;-3.58;0.78;-99.85;-0.499097;0.864302;-0.109334;0.0;0.0;0.0;0.0;0.0;0.0
4.0;1753880925.108858;17.179994;-3.59;-0.2;-109.13;-0.481811;0.912355;-0.103318;0.0;0.0;0.0;0.0;0.0;0.0
4.0;1753880925.113466;17.27571;-4.15;0.16;-104.06;-0.48761;0.906273;-0.115652;0.0;0.0;0.0;0.0;0.0;0.0
4.0;1753880925.118074;17.242602;-0.12;-0.61;-99.83;-0.482658;0.827909;-0.206978;0.0;0.0;0.0;0.0;0.0;0.0
4.0;1753880925.122682;17.21949;-0.99;-1.58;-102.32;-0.402477;0.864796;-0.122374;0.0;0.0;0.0;0.0;0.0;0.0
4.0;1753880925.12729;17.275706;-1.97;-0.67;-102.69;-0.48337;0.932993;-0.119847;0.0;0.0;0.0;0.0;0.0;0.0
4.0;1753880925.131898;17.27488;-0.46;-0.08;-106.08;-0.407071;0.874469;-0.114028;0.0;0.0;0.0;0.0;0.0;0.0
4.0;1753880925.136506;17.234807;-2.14;2.12;-105.73;-0.385151;0.858603;-0.156897;0.0;0.0;0.0;0.0;0.0;0.0
4.0;1753880925.141115;17.208072;-3.09;-0.86;-108.92;-0.516263;0.916019;-0.104073;0.0;0.0;0.0;0.0;0.0;0.0
4.0;1753880925.145723;17.237006;-3.65;-0.73;-101.1;-0.48801;0.926496;-0.099072;0.0;0.0;0.0;0.0;0.0;0.0
4.0;1753880925.150331;17.23092;-0.45;-1.32;-107.58;-0.499883;0.854438;-0.175118;0.0;0.0;0.0;0.0;0.0;0.0
4.0;1753880925.154939;17.250405;-3.0;-0.68;-108.89;-0.47037;0.93045;-0.101811;0.0;0.0;0.0;0.0;0.0;0.0
4.0;1753880925.159547;17.250066;-1.71;-0.07;-102.88;-0.346762;0.926263;-0.146262;0.0;0.0;0.0;0.0;0.0;0.0
4.0;1753880925.164156;17.24644;-0.23;-1.53;-100.08;-0.53476;0.950606;-0.077451;0.0;0.0;0.0;0.0;0.0;0.0
4.0;1753880925.168764;17.229025;-1.55;0.15;-107.15;-0.370597;0.950977;0.003178;0.0;0.0;0.0;0.0;0.0;0.0
4.0;1753880925.173372;17.206524;-3.37;-1.03;-99.59;-0.481234;0.976386;-0.159951;0.0;0.0;0.0;0.0;0.0;0.0
4.0;1753880925.17798;17.251759;-1.33;-0.33;-100.84;-0.440476;0.860521;-0.084544;0.0;0.0;0.0;0.0;0.0;0.0
4.0;1753880925.182588;17.236388;-3.8;-0.61;-101.75;-0.483009;0.910162;-0.091138;0.0;0.0;0.0;0.0;0.0;0.0
4.0;1753880925.187196;17.239536;-0.43;-0.49;-103.54;-0.323416;0.883173;-0.128874;0.0;0.0;0.0;0.0;0.0;0.0
4.0;1753880925.191804;17.2134;-0.76;-0.7;-106.48;-0.40198;0.846264;-0.158047;0.0;0.0;0.0;0.0;0.0;0.0
4.0;1753880925.196412;17.257046;-0.22;-0.14;-103.13;-0.602997;0.959206;-0.152784;0.0;0.0;0.0;0.0;0.0;0.0
4.0;1753880925.201021;17.190255;-1.47;-1.78;-101.15;-0.380937;0.936237;-0.202525;0.0;0.0;0.0;0.0;0.0;0.0
4.0;1753880925.205629;17.254064;-3.16;-0.87;-109.76;-0.416757;0.975902;-0.119749;0.0;0.0;0.0;0.0;0.0;0.0
4.0;1753880925.210237;17.222867;-1.85;0.24;-105.31;-0.341024;0.969302;-0.057915;0.0;0.0;0.0;0.0;0.0;0.0
4.0;1753880925.214845;17.246206;-0.23;-0.03;-105.42;-0.366865;0.905199;-0.161916;0.0;0.0;0.0;0.0;0.0;0.0
4.0;1753880925.219453;17.217367;-2.94;0.09;-104.36;-0.48081;0.994797;-0.103986;0.0;0.0;0.0;0.0;0.0;0.0
4.0;1753880925.224062;17.223493;-1.23;-1.35;-103.44;-0.46855;0.840354;-0.249005;0.0;0.0;0.0;0.0;0.0;0.0
4.0;1753880925.22867;17.208324;-1.18;-0.86;-104.48;-0.382565;0.94223;-0.112635;0.0;0.0;0.0;0.0;0.0;0.0
4.0;1753880925.233278;17.273431;-3.32;-0.83;-106.28;-0.459674;0.92547;-0.159604;0.0;0.0;0.0;0.0;0.0;0.0
4.0;1753880925.237886;17.252838;-4.03;0.79;-104.81;-0.467114;0.840969;-0.112483;0.0;0.0;0.0;0.0;0.0;0.0
4.0;1753880925.242494;17.26998;-0.49;-0.39;-104.33;-0.546951;0.897894;-0.191657;0.0;0.0;0.0;0.0;0.0;0.0
4.0;1753880925.247102;17.241455;-2.25;0.11;-105.5;-0.579333;0.872697;0.000213;0.0;0.0;0.0;0.0;0.0;0.0
4.0;1753880925.25171;17.239151;-3.73;0.87;-109.35;-0.522809;0.838968;-0.068474;0.0;0.0;0.0;0.0;0.0;0.0
4.0;1753880925.256318;17.238057;-1.5;0.3;-102.85;-0.37298;0.891305;-0.092381;0.0;0.0;0.0;0.0;0.0;0.0
4.0;1753880925.260927;17.206199;-2.65;-0.85;-107.41;-0.370955;0.792045;-0.281529;0.0;0.0;0.0;0.0;0.0;0.0
4.0;1753880925.265535;17.232144;-2.88;-1.98;-102.89;-0.422844;0.928001;-0.196279;0.0;0.0;0.0;0.0;0.0;0.0
4.0;1753880925.270143;17.258036;-2.66;-0.68;-105.97;-0.496833;0.963338;-0.161232;0.0;0.0;0.0;0.0;0.0;0.0
4.0;1753880925.274751;17.23608;-4.45;0.13;-106.05;-0.376208;0.849012;-0.0151;0.0;0.0;0.0;0.0;0.0;0.0
4.0;1753880925.279359;17.174498;-1.97;0.3;-106.92;-0.382978;0.834352;-0.077251;0.0;0.0;0.0;0.0;0.0;0.0
4.0;1753880925.283968;17.21286;-4.67;0.05;-103.94;-0.375986;0.931541;-0.201032;0.0;0.0;0.0;0.0;0.0;0.0
4.0;1753880925.288576;17.259325;-3.02;0.17;-103.46;-0.338856;0.842338;-0.072545;0.0;0.0;0.0;0.0;0.0;0.0
4.0;1753880925.293184;17.214139;-4.09;-1.68;-105.27;-0.391154;0.954958;-0.059375;0.0;0.0;0.0;0.0;0.0;0.0
4.0;1753880925.297792;17.214528;-4.54;-1.16;-105.44;-0.465983;0.790508;-0.119829;0.0;0.0;0.0;0.0;0.0;0.0
4.0;1753880925.3024;17.228416;-1.22;-0.08;-108.62;-0.356908;0.806557;-0.12717;0.0;0.0;0.0;0.0;0.0;0.0
4.0;1753880925.307008;17.257418;-0.45;0.47;-105.55;-0.516786;0.863661;-0.11205;0.0;0.0;0.0;0.0;0.0;0.0
4.0;1753880925.311616;17.242821;-1.82;-0.54;-109.45;-0.434215;0.905629;-0.212198;0.0;0.0;0.0;0.0;0.0;0.0
4.0;1753880925.316224;17.203241;-3.64;-0.56;-101.6;-0.273944;0.833804;-0.175209;0.0;0.0;0.0;0.0;0.0;0.0
4.0;1753880925.320833;17.227724;-2.85;-1.59;-108.91;-0.411312;0.888702;-0.115016;0.0;0.0;0.0;0.0;0.0;0.0
4.0;1753880925.325441;17.252386;-3.24;-1.64;-108.31;-0.269697;0.83033;-0.159441;0.0;0.0;0.0;0.0;0.0;0.0
4.0;1753880925.330049;17.244362;-3.01;-1.39;-107.18;-0.54975;0.852499;-0.075739;0.0;0.0;0.0;0.0;0.0;0.0
4.0;1753880925.334657;17.237401;-1.4;-0.33;-103.46;-0.284871;0.917123;-0.222496;0.0;0.0;0.0;0.0;0.0;0.0
4.0;1753880925.339265;17.201774;-1.31;-0.71;-100.58;-0.29099;0.899059;-0.096597;0.0;0.0;0.0;0.0;0.0;0.0
4.0;1753880925.343874;17.245139;-1.65;0.44;-104.03;-0.505776;0.930414;-0.262762;0.0;0.0;0.0;0.0;0.0;0.0
4.0;1753880925.348482;17.176169;-3.69;-1.99;-104.51;-0.352135;0.901164;-0.175167;0.0;0.0;0.0;0.0;0.0;0.0
4.0;1753880925.35309;17.237388;-2.97;-1.36;-106.5;-0.336804;0.921217;-0.119527;0.0;0.0;0.0;0.0;0.0;0.0
4.0;1753880925.357698;17.215638;-4.13;-1.63;-106.49;-0.398952;0.894465;-0.09745;0.0;0.0;0.0;0.0;0.0;0.0
4.0;1753880925.362306;17.208314;-1.49;-1.79;-101.71;-0.458512;0.939383;-0.130481;0.0;0.0;0.0;0.0;0.0;0.0
4.0;1753880925.366914;17.222143;-3.69;-0.82;-110.35;-0.442479;0.871159;-0.213729;0.0;0.0;0.0;0.0;0.0;0.0
4.0;1753880925.371522;17.237508;-4.93;-2.41;-113.0;-0.48838;0.827959;-0.043127;0.0;0.0;0.0;0.0;0.0;0.0
4.0;1753880925.37613;17.257016;-3.18;-1.2;-108.14;-0.531645;0.971575;-0.221365;0.0;0.0;0.0;0.0;0.0;0.0
4.0;1753880925.380739;17.204664;-4.22;-1.17;-105.13;-0.414758;0.965849;-0.121413;0.0;0.0;0.0;0.0;0.0;0.0
4.0;1753880925.385347;17.220143;-1.52;-1.52;-103.87;-0.474232;0.986196;-0.211297;0.0;0.0;0.0;0.0;0.0;0.0
4.0;1753880925.389955;17.19843;-2.32;-0.73;-111.26;-0.358526;0.906061;-0.186336;0.0;0.0;0.0;0.0;0.0;0.0
4.0;1753880925.394563;17.23598;-3.48;-1.55;-98.74;-0.292787;0.862571;-0.094977;0.0;0.0;0.0;0.0;0.0;0.0
4.0;1753880925.399171;17.23627;-3.65;-1.89;-101.55;-0.312964;0.834742;-0.256207;0.0;0.0;0.0;0.0;0.0;0.0
4.0;1753880925.40378;17.2204;-4.02;-0.76;-107.93;-0.424379;0.857065;-0.196173;0.0;0.0;0.0;0.0;0.0;0.0
4.0;1753880925.408388;17.212036;-3.65;-0.19;-107.24;-0.358484;0.952576;-0.186249;0.0;0.0;0.0;0.0;0.0;0.0
4.0;1753880925.412996;17.248477;-4.73;-1.95;-110.59;-0.615588;0.848045;-0.194828;0.0;0.0;0.0;0.0;0.0;0.0
4.0;1753880925.417604;17.233016;-4.26;-1.74;-101.86;-0.272423;0.796064;-0.180195;0.0;0.0;0.0;0.0;0.0;0.0
4.0;1753880925.422212;17.269203;-3.71;-1.9;-102.16;-0.332017;0.799398;-0.195148;0.0;0.0;0.0;0.0;0.0;0.0
4.0;1753880925.42682;17.256147;-3.89;-1.39;-107.2;-0.356224;0.855589;-0.13756;0.0;0.0;0.0;0.0;0.0;0.0
4.0;1753880925.431428;17.212725;-2.83;-0.82;-97.93;-0.272514;0.826637;-0.097612;0.0;0.0;0.0;0.0;0.0;0.0
4.0;1753880925.436036;17.208697;-2.2;-1.79;-105.72;-0.365818;0.836243;-0.223682;0.0;0.0;0.0;0.0;0.0;0.0
4.0;1753880925.440645;17.211002;-1.08;-0.72;-108.97;-0.379528;0.87033;-0.113256;0.0;0.0;0.0;0.0;0.0;0.0
4.0;1753880925.445253;17.196299;-2.13;-1.98;-109.16;-0.497875;0.91265;-0.117254;0.0;0.0;0.0;0.0;0.0;0.0
4.0;1753880925.449861;17.235658;-2.89;-3.15;-104.38;-0.313399;0.923036;-0.199157;0.0;0.0;0.0;0.0;0.0;0.0
4.0;1753880925.454469;17.247924;-2.99;0.14;-105.97;-0.454471;0.850241;-0.143785;0.0;0.0;0.0;0.0;0.0;0.0
4.0;1753880925.459077;17.244283;-3.76;-2.13;-98.47;-0.399077;0.913367;-0.189749;0.0;0.0;0.0;0.0;0.0;0.0
4.0;1753880925.463686;17.240487;-6.37;-2.53;-107.89;-0.483119;0.922908;-0.159162;0.0;0.0;0.0;0.0;0.0;0.0
4.0;1753880925.468294;17.190858;-1.54;-0.32;-100.73;-0.397277;0.863984;-0.112382;0.0;0.0;0.0;0.0;0.0;0.0
4.0;1753880925.472902;17.241358;-1.66;-2.1;-100.28;-0.260759;0.887082;-0.223831;0.0;0.0;0.0;0.0;0.0;0.0
4.0;1753880925.47751;17.291538;-3.2;-2.54;-106.43;-0.379018;0.91117;-0.053621;0.0;0.0;0.0;0.0;0.0;0.0
4.0;1753880925.482118;17.179934;-3.22;-2.65;-104.24;-0.578823;0.811854;-0.03669;0.0;0.0;0.0;0.0;0.0;0.0
4.0;1753880925.486726;17.194372;-4.98;0.01;-106.91;-0.305969;0.857916;-0.111176;0.0;0.0;0.0;0.0;0.0;0.0
4.0;1753880925.491334;17.265062;-5.44;-2.02;-104.92;-0.316408;0.823801;-0.073346;0.0;0.0;0.0;0.0;0.0;0.0
4.0;1753880925.495942;17.224349;-2.45;-1.49;-102.49;-0.580977;0.981557;-0.012142;0.0;0.0;0.0;0.0;0.0;0.0
4.0;1753880925.500551;17.189481;-6.32;-0.46;-103.49;-0.429743;0.835318;-0.072765;0.0;0.0;0.0;0.0;0.0;0.0
4.0;1753880925.505159;17.211309;-2.35;-0.76;-109.09;-0.488219;0.90466;-0.156803;0.0;0.0;0.0;0.0;0.0;0.0
4.0;1753880925.509767;17.228168;-2.84;-1.06;-113.51;-0.371515;0.847627;-0.209879;0.0;0.0;0.0;0.0;0.0;0.0
4.0;1753880925.514375;17.218064;-1.98;-0.91;-107.94;-0.343638;0.943307;-0.218868;0.0;0.0;0.0;0.0;0.0;0.0
4.0;1753880925.518983;17.264102;-4.46;-0.57;-105.71;-0.472694;0.874131;-0.191185;0.0;0.0;0.0;0.0;0.0;0.0
4.0;1753880925.523592;17.229555;-1.51;-2.59;-109.12;-0.516859;0.899385;-0.151959;0.0;0.0;0.0;0.0;0.0;0.0
4.0;1753880925.5282;17.208314;-1.88;-2.43;-104.03;-0.335068;0.873984;-0.284228;0.0;0.0;0.0;0.0;0.0;0.0
4.0;1753880925.532808;17.218674;-3.93;-0.63;-102.32;-0.333818;0.8845;-0.146611;0.0;0.0;0.0;0.0;0.0;0.0
4.0;1753880925.537416;17.209456;-2.6;-2.0;-109.11;-0.356439;0.908087;-0.151156;0.0;0.0;0.0;0.0;0.0;0.0
4.0;1753880925.542024;17.224552;-2.32;-0.76;-108.14;-0.458192;0.970165;-0.091377;0.0;0.0;0.0;0.0;0.0;0.0
4.0;1753880925.546632;17.21415;-2.29;-2.61;-103.09;-0.340556;0.847792;-0.154774;0.0;0.0;0.0;0.0;0.0;0.0
4.0;1753880925.55124;17.200766;-3.32;-3.19;-101.5;-0.332787;0.791614;-0.094132;0.0;0.0;0.0;0.0;0.0;0.0
4.0;1753880925.555848;17.219284;-5.71;-2.37;-112.96;-0.451436;0.8767;-0.175296;0.0;0.0;0.0;0.0;0.0;0.0
4.0;1753880925.560457;17.261658;-1.49;-3.04;-109.63;-0.626976;0.921361;-0.108171;0.0;0.0;0.0;0.0;0.0;0.0
4.0;1753880925.565065;17.207343;-2.71;-1.61;-97.52;-0.338332;0.947661;-0.140209;0.0;0.0;0.0;0.0;0.0;0.0
4.0;1753880925.569673;17.244169;-4.45;-3.61;-104.59;-0.491177;0.920755;-0.18025;0.0;0.0;0.0;0.0;0.0;0.0
4.0;1753880925.574281;17.238036;-5.11;-2.03;-104.32;-0.413487;0.845182;-0.132529;0.0;0.0;0.0;0.0;0.0;0.0
4.0;1753880925.578889;17.25015;-1.71;-1.37;-109.44;-0.306964;0.919685;-0.156309;0.0;0.0;0.0;0.0;0.0;0.0
4.0;1753880925.583498;17.20331;-2.44;-1.43;-109.07;-0.373216;0.870187;-0.206004;0.0;0.0;0.0;0.0;0.0;0.0
4.0;1753880925.588106;17.196214;-2.3;-1.17;-103.19;-0.279134;0.816199;-0.092601;0.0;0.0;0.0;0.0;0.0;0.0
4.0;1753880925.592714;17.221738;-3.49;-1.39;-107.57;-0.360104;0.862305;-0.135896;0.0;0.0;0.0;0.0;0.0;0.0
4.0;1753880925.597322;17.224752;-3.62;-2.55;-105.45;-0.282918;0.862857;-0.167186;0.0;0.0;0.0;0.0;0.0;0.0
4.0;1753880925.60193;17.154773;-3.28;-1.61;-106.55;-0.420515;0.958067;-0.221983;0.0;0.0;0.0;0.0;0.0;0.0
4.0;1753880925.606538;17.188235;-3.33;-2.22;-111.8;-0.302951;0.938876;-0.339218;0.0;0.0;0.0;0.0;0.0;0.0
4.0;1753880925.611146;17.213999;-3.43;-1.1;-110.44;-0.461503;0.892932;-0.268583;0.0;0.0;0.0;0.0;0.0;0.0
4.0;1753880925.615754;17.248636;-1.92;-1.46;-105.47;-0.360663;0.87693;-0.099558;0.0;0.0;0.0;0.0;0.0;0.0
4.0;1753880925.620363;17.22695;-5.76;-0.92;-108.94;-0.364679;0.799966;-0.112858;0.0;0.0;0.0;0.0;0.0;0.0
4.0;1753880925.624971;17.253281;-2.8;-2.57;-107.27;-0.344619;0.842105;-0.274473;0.0;0.0;0.0;0.0;0.0;0.0
4.0;1753880925.629579;17.246568;-4.33;-2.34;-103.99;-0.431772;0.866185;-0.195195;0.0;0.0;0.0;0.0;0.0;0.0
4.0;1753880925.634187;17.202954;-4.12;-0.32;-108.19;-0.462591;0.817585;-0.203685;0.0;0.0;0.0;0.0;0.0;0.0
4.0;1753880925.638796;17.269471;-2.58;-2.75;-107.56;-0.304094;0.820365;-0.088324;0.0;0.0;0.0;0.0;0.0;0.0
4.0;1753880925.643404;17.223279;-2.36;-1.32;-110.15;-0.225814;0.922167;-0.182312;0.0;0.0;0.0;0.0;0.0;0.0
4.0;1753880925.648012;17.222957;-4.97;-2.28;-109.49;-0.402912;0.88542;-0.164379;0.0;0.0;0.0;0.0;0.0;0.0
4.0;1753880925.65262;17.222327;-2.76;-1.5;-106.92;-0.295015;0.8288;-0.102597;0.0;0.0;0.0;0.0;0.0;0.0
4.0;1753880925.657228;17.197801;-3.38;-2.1;-109.74;-0.306015;0.907725;-0.265137;0.0;0.0;0.0;0.0;0.0;0.0
4.0;1753880925.661836;17.245074;-3.23;-2.06;-110.71;-0.393052;0.813792;-0.179516;0.0;0.0;0.0;0.0;0.0;0.0
4.0;1753880925.666444;17.227644;-2.26;-2.23;-111.28;-0.313081;0.836913;-0.061707;0.0;0.0;0.0;0.0;0.0;0.0
4.0;1753880925.671052;17.249711;-1.84;-1.72;-106.32;-0.324963;0.991814;-0.108249;0.0;0.0;0.0;0.0;0.0;0.0
4.0;1753880925.67566;17.204569;-5.63;-1.88;-110.32;-0.36005;0.940376;-0.093166;0.0;0.0;0.0;0.0;0.0;0.0
4.0;1753880925.680269;17.243233;-1.87;-1.5;-104.36;-0.325252;0.841431;-0.19774;0.0;0.0;0.0;0.0;0.0;0.0
4.0;1753880925.684877;17.243039;-3.28;-2.39;-107.36;-0.441585;0.905932;-0.205175;0.0;0.0;0.0;0.0;0.0;0.0
4.0;1753880925.689485;17.212274;-4.11;-1.98;-100.99;-0.401806;0.907123;-0.119613;0.0;0.0;0.0;0.0;0.0;0.0
4.0;1753880925.694093;17.292548;-2.0;-0.54;-103.45;-0.377884;0.877218;-0.175298;0.0;0.0;0.0;0.0;0.0;0.0
4.0;1753880925.698702;17.271128;-4.72;-1.63;-105.3;-0.345074;0.835667;-0.253749;0.0;0.0;0.0;0.0;0.0;0.0
4.0;1753880925.70331;17.247354;-3.48;-1.59;-103.86;-0.171134;0.889432;-0.208894;0.0;0.0;0.0;0.0;0.0;0.0
4.0;1753880925.707918;17.225638;-4.24;-1.89;-108.64;-0.070201;0.907435;-0.28759;0.0;0.0;0.0;0.0;0.0;0.0
4.0;1753880925.712526;17.254484;-5.32;-3.38;-106.71;-0.26996;0.821789;-0.193613;0.0;0.0;0.0;0.0;0.0;0.0
4.0;1753880925.717134;17.219437;-2.86;-2.09;-106.21;-0.462327;0.849662;-0.194196;0.0;0.0;0.0;0.0;0.0;0.0
4.0;1753880925.721742;17.226508;-4.38;-2.31;-104.56;-0.083416;0.86451;-0.171787;0.0;0.0;0.0;0.0;0.0;0.0
4.0;1753880925.72635;17.232257;-3.93;-2.68;-113.32;-0.239301;0.92569;-0.243798;0.0;0.0;0.0;0.0;0.0;0.0
4.0;1753880925.730958;17.275346;-2.83;-1.75;-107.5;-0.150748;0.880569;-0.305954;0.0;0.0;0.0;0.0;0.0;0.0
4.0;1753880925.735566;17.20321;-1.82;-2.57;-106.23;-0.507341;0.945698;-0.262417;0.0;0.0;0.0;0.0;0.0;0.0
4.0;1753880925.740175;17.229802;-3.02;-1.67;-107.56;-0.395084;0.811753;-0.11449;0.0;0.0;0.0;0.0;0.0;0.0
4.0;1753880925.744783;17.252864;-4.77;-2.74;-109.93;-0.286527;0.915941;-0.318862;0.0;0.0;0.0;0.0;0.0;0.0
4.0;1753880925.749391;17.207555;-2.96;-1.12;-110.84;-0.390832;0.819311;-0.141566;0.0;0.0;0.0;0.0;0.0;0.0
4.0;1753880925.753999;17.229247;-3.47;-0.73;-102.94;-0.25337;0.805276;-0.071301;0.0;0.0;0.0;0.0;0.0;0.0
4.0;1753880925.758608;17.236042;-3.65;-2.6;-109.2;-0.507907;0.881289;-0.184823;0.0;0.0;0.0;0.0;0.0;0.0
4.0;1753880925.763216;17.225092;-3.0;-3.2;-106.13;-0.19826;0.892575;-0.215219;0.0;0.0;0.0;0.0;0.0;0.0
4.0;1753880925.767824;17.267735;-3.32;-3.46;-108.83;-0.291382;1.007489;-0.147707;0.0;0.0;0.0;0.0;0.0;0.0
4.0;1753880925.772432;17.214674;-3.94;-3.46;-110.13;-0.380266;0.986867;-0.141351;0.0;0.0;0.0;0.0;0.0;0.0
4.0;1753880925.77704;17.237958;-2.94;-2.21;-104.63;-0.372711;0.893417;-0.302151;0.0;0.0;0.0;0.0;0.0;0.0
4.0;1753880925.781648;17.269362;-2.66;-3.02;-103.99;-0.434364;0.829809;-0.26946;0.0;0.0;0.0;0.0;0.0;0.0
4.0;1753880925.786256;17.211654;-2.41;-2.5;-116.05;-0.462034;0.878479;-0.135813;0.0;0.0;0.0;0.0;0.0;0.0
4.0;1753880925.790864;17.200789;-3.07;-2.89;-110.25;-0.38897;0.872161;-0.245423;0.0;0.0;0.0;0.0;0.0;0.0
4.0;1753880925.795472;17.247982;-3.35;-2.2;-110.72;-0.40423;0.921542;-0.190541;0.0;0.0;0.0;0.0;0.0;0.0
4.0;1753880925.800081;17.215819;-5.85;-3.22;-102.11;-0.351623;0.843884;-0.146826;0.0;0.0;0.0;0.0;0.0;0.0
4.0;1753880925.804689;17.237726;-6.6;-4.06;-107.77;-0.338559;0.878073;-0.233834;0.0;0.0;0.0;0.0;0.0;0.0
4.0;1753880925.809297;17.195005;-3.26;-2.5;-101.27;-0.292335;0.893346;-0.195351;0.0;0.0;0.0;0.0;0.0;0.0
4.0;1753880925.813905;17.20931;-5.2;-2.2;-105.48;-0.347269;0.827631;-0.21745;0.0;0.0;0.0;0.0;0.0;0.0
4.0;1753880925.818514;17.193193;-4.57;-1.23;-103.91;-0.353584;0.867846;-0.241428;0.0;0.0;0.0;0.0;0.0;0.0
4.0;1753880925.823122;17.180752;-4.75;-2.41;-106.63;-0.272934;0.878942;-0.205882;0.0;0.0;0.0;0.0;0.0;0.0
4.0;1753880925.82773;17.216459;-6.39;-3.08;-102.99;-0.215128;0.859353;-0.197953;0.0;0.0;0.0;0.0;0.0;0.0
4.0;1753880925.832338;17.211254;-2.98;-2.25;-108.54;-0.256598;0.780137;-0.154183;0.0;0.0;0.0;0.0;0.0;0.0
4.0;1753880925.836946;17.220571;-4.1;-3.39;-113.27;-0.298642;0.80708;-0.203188;0.0;0.0;0.0;0.0;0.0;0.0
4.0;1753880925.841554;17.202864;-4.12;-2.17;-109.32;-0.304665;0.802839;-0.224534;0.0;0.0;0.0;0.0;0.0;0.0
4.0;1753880925.846162;17.223994;-2.64;-1.5;-106.38;-0.346802;0.938097;-0.196418;0.0;0.0;0.0;0.0;0.0;0.0
4.0;1753880925.85077;17.239472;-6.47;-2.84;-107.2;-0.381075;0.826144;-0.241208;0.0;0.0;0.0;0.0;0.0;0.0
4.0;1753880925.855379;17.220174;-4.73;-2.26;-101.82;-0.362209;0.866399;-0.174566;0.0;0.0;0.0;0.0;0.0;0.0
4.0;1753880925.859987;17.257125;-5.58;-0.92;-107.91;-0.260107;0.864484;-0.265415;0.0;0.0;0.0;0.0;0.0;0.0
4.0;1753880925.8659;17.21875;-4.2;-2.45;-107.24;-0.291092;0.873764;-0.214598;0.0;0.0;0.0;0.0;0.0;0.0
4.0;1753880925.870508;17.205095;-2.24;-1.58;-103.52;-0.419625;0.913802;-0.194884;0.0;0.0;0.0;0.0;0.0;0.0
4.0;1753880925.875116;17.226441;-5.54;-5.19;-103.93;-0.219343;0.936797;-0.135998;0.0;0.0;0.0;0.0;0.0;0.0
4.0;1753880925.879724;17.215162;-2.67;-3.27;-103.97;-0.364746;0.81008;-0.204987;0.0;0.0;0.0;0.0;0.0;0.0
4.0;1753880925.884333;17.179385;-1.09;-4.8;-107.34;-0.404701;0.919343;-0.290338;0.0;0.0;0.0;0.0;0.0;0.0
4.0;1753880925.888941;17.248094;-2.76;-2.66;-116.55;-0.226819;0.892798;-0.023205;0.0;0.0;0.0;0.0;0.0;0.0
4.0;1753880925.893549;17.217612;-3.27;-3.11;-113.44;-0.438995;0.86075;-0.023381;0.0;0.0;0.0;0.0;0.0;0.0
4.0;1753880925.898157;17.228325;-3.05;-1.79;-122.76;-0.256362;0.741832;-0.159705;0.0;0.0;0.0;0.0;0.0;0.0
4.0;1753880925.902765;17.202441;-2.87;-2.47;-107.09;-0.344333;0.915723;-0.170807;0.0;0.0;0.0;0.0;0.0;0.0
4.0;1753880925.907374;17.227765;-5.48;-2.85;-112.0;-0.455293;0.90722;-0.179539;0.0;0.0;0.0;0.0;0.0;0.0
4.0;1753880925.911982;17.218819;-3.38;-4.78;-113.1;-0.383126;0.844831;-0.092294;0.0;0.0;0.0;0.0;0.0;0.0
4.0;1753880925.91659;17.225994;-3.64;-3.67;-110.49;-0.36686;0.791424;-0.157609;0.0;0.0;0.0;0.0;0.0;0.0
4.0;1753880925.921198;17.188949;-2.77;-6.03;-112.03;-0.473247;0.905462;-0.166112;0.0;0.0;0.0;0.0;0.0;0.0
4.0;1753880925.925806;17.278133;-1.13;-3.24;-110.48;-0.455728;0.903714;-0.129298;0.0;0.0;0.0;0.0;0.0;0.0
4.0;1753880925.9318;17.21875;-2.66;-4.13;-113.82;-0.461892;0.876326;-0.085156;0.0;0.0;0.0;0.0;0.0;0.0
4.0;1753880925.936408;17.238628;-0.47;-5.15;-115.89;-0.415838;0.930218;-0.085789;0.0;0.0;0.0;0.0;0.0;0.0
4.0;1753880925.941016;17.229469;-1.74;-2.99;-107.88;-0.492073;1.032519;-0.176214;0.0;0.0;0.0;0.0;0.0;0.0
4.0;1753880925.945624;17.214647;-9.0;-3.72;-107.75;-0.443548;0.790546;-0.093039;0.0;0.0;0.0;0.0;0.0;0.0
4.0;1753880925.950232;17.230772;-0.28;-3.99;-118.53;-0.484922;0.891668;0.03917;0.0;0.0;0.0;0.0;0.0;0.0
4.0;1753880925.954841;17.182303;-3.4;-1.23;-120.04;-0.415555;0.932908;-0.025421;0.0;0.0;0.0;0.0;0.0;0.0
4.0;1753880925.959449;17.184995;2.59;-2.75;-103.12;-0.534745;0.784402;-0.069828;0.0;0.0;0.0;0.0;0.0;0.0
4.0;1753880925.964057;17.247098;-3.94;-3.45;-118.75;-0.66716;0.784832;0.086884;0.0;0.0;0.0;0.0;0.0;0.0
4.0;1753880925.968665;17.217353;-0.98;-3.49;-111.24;-0.396131;0.87806;0.025955;0.0;0.0;0.0;0.0;0.0;0.0
4.0;1753880925.973273;17.18774;0.25;1.01;-111.99;-0.66933;1.003352;0.088413;0.0;0.0;0.0;0.0;0.0;0.0
4.0;1753880925.977882;17.220405;-0.82;-0.07;-124.04;-0.833855;0.842719;-0.003777;0.0;0.0;0.0;0.0;0.0;0.0
4.0;1753880925.98279;17.21875;-1.75;-0.7;-113.68;-0.661118;0.78385;0.060268;0.0;0.0;0.0;0.0;0.0;0.0
4.0;1753880925.985689;17.25;-0.21;-0.35;-112.14;-0.618906;-0.74725;-0.01647;0.0;0.0;0.0;0.0;0.0;0.0
4.0;1753880925.990505;17.265625;-0.28;-1.54;-110.18;-0.66734;-0.741516;-0.024034;0.0;0.0;0.0;0.0;0.0;0.0
4.0;1753880925.99343;17.265625;0.21;-0.91;-112.28;-0.722362;-0.714432;-0.047824;0.0;0.0;0.0;0.0;0.0;0.0
4.0;1753880925.996931;17.265625;0.14;-0.07;-116.83;-0.665022;-0.703208;-0.039528;0.0;0.0;0.0;0.0;0.0;0.0
4.0;1753880926.001539;17.237236;0.27;0.01;-118.85;-0.632293;-0.763477;-0.08748;0.0;0.0;0.0;0.0;0.0;0.0
4.0;1753880926.006148;17.279255;0.53;0.08;-118.0;-0.573052;-0.705025;-0.023542;0.0;0.0;0.0;0.0;0.0;0.0
4.0;1753880926.010756;17.290273;0.49;0.54;-119.59;-0.71497;-0.767299;0.030205;0.0;0.0;0.0;0.0;0.0;0.0
4.0;1753880926.015364;17.264225;0.67;0.09;-119.01;-0.636487;-0.718262;-0.048148;0.0;0.0;0.0;0.0;0.0;0.0
4.0;1753880926.019972;17.292533;1.4;-0.38;-102.34;-0.682315;-0.733194;-0.038674;0.0;0.0;0.0;0.0;0.0;0.0
4.0;1753880926.02458;17.278975;-0.3;-0.28;-109.57;-0.723629;-0.715634;-0.035776;0.0;0.0;0.0;0.0;0.0;0.0
4.0;1753880926.029188;17.291229;-0.47;0.17;-119.09;-0.772687;-0.70257;-0.022221;0.0;0.0;0.0;0.0;0.0;0.0
4.0;1753880926.033796;17.261615;0.83;0.45;-121.45;-0.584335;-0.688311;-0.080892;0.0;0.0;0.0;0.0;0.0;0.0
4.0;1753880926.038404;17.2575;0.82;0.2;-120.29;-0.691637;-0.664054;-0.011513;0.0;0.0;0.0;0.0;0.0;0.0
4.0;1753880926.043012;17.29568;-0.72;0.16;-119.36;-0.686139;-0.85119;-0.074636;0.0;0.0;0.0;0.0;0.0;0.0
4.0;1753880926.047621;17.292445;0.2;0.35;-124.09;-0.697548;-0.685762;-0.031105;0.0;0.0;0.0;0.0;0.0;0.0
4.0;1753880926.052229;17.242935;-0.5;-0.27;-114.22;-0.70062;-0.747364;-0.028863;0.0;0.0;0.0;0.0;0.0;0.0
4.0;1753880926.056837;17.249481;0.72;-1.02;-121.56;-0.684031;-0.726976;-0.028499;0.0;0.0;0.0;0.0;0.0;0.0
4.0;1753880926.061445;17.268497;-0.4;0.75;-117.1;-0.661472;-0.607493;-0.020121;0.0;0.0;0.0;0.0;0.0;0.0
4.0;1753880926.066054;17.2708;1.2;0.3;-111.4;-0.601717;-0.705382;-0.056514;0.0;0.0;0.0;0.0;0.0;0.0
4.0;1753880926.070662;17.27158;1.04;0.47;-114.17;-0.650089;-0.695379;-0.060267;0.0;0.0;0.0;0.0;0.0;0.0
4.0;1753880926.07527;17.220333;-0.95;0.74;-118.94;-0.596802;-0.74871;-0.036608;0.0;0.0;0.0;0.0;0.0;0.0
4.0;1753880926.079878;17.2542;-0.63;0.11;-111.09;-0.640905;-0.721001;-0.109573;0.0;0.0;0.0;0.0;0.0;0.0
4.0;1753880926.084486;17.278972;-1.5;0.04;-124.56;-0.744077;-0.741707;-0.051855;0.0;0.0;0.0;0.0;0.0;0.0
4.0;1753880926.089094;17.262421;0.51;0.55;-112.9;-0.579677;-0.76815;0.010513;0.0;0.0;0.0;0.0;0.0;0.0
4.0;1753880926.093702;17.258165;1.22;-1.13;-113.06;-0.519166;-0.651931;-0.012209;0.0;0.0;0.0;0.0;0.0;0.0
4.0;1753880926.09831;17.272778;0.33;-1.53;-120.2;-0.589663;-0.717667;-0.066575;0.0;0.0;0.0;0.0;0.0;0.0
4.0;1753880926.102918;17.260372;-0.41;0.06;-122.14;-0.639663;-0.693737;-0.060964;0.0;0.0;0.0;0.0;0.0;0.0
4.0;1753880926.107527;17.271828;-0.6;-0.39;-111.9;-0.659742;-0.702289;-0.010173;0.0;0.0;0.0;0.0;0.0;0.0
4.0;1753880926.112135;17.287633;1.32;-1.21;-108.32;-0.663189;-0.659325;0.010474;0.0;0.0;0.0;0.0;0.0;0.0
4.0;1753880926.116743;17.240442;0.28;0.2;-116.5;-0.680933;-0.769687;-0.035773;0.0;0.0;0.0;0.0;0.0;0.0
4.0;1753880926.121351;17.282872;-2.1;0.75;-115.58;-0.628494;-0.717173;-0.030223;0.0;0.0;0.0;0.0;0.0;0.0
4.0;1753880926.12596;17.271653;-0.62;0.22;-120.09;-0.570991;-0.743552;0.012287;0.0;0.0;0.0;0.0;0.0;0.0
4.0;1753880926.130568;17.236556;0.01;-0.63;-118.19;-0.592592;-0.730278;0.012467;0.0;0.0;0.0;0.0;0.0;0.0
4.0;1753880926.135176;17.254425;0.64;0.31;-119.55;-0.669268;-0.752473;0.020107;0.0;0.0;0.0;0.0;0.0;0.0
4.0;1753880926.139784;17.24215;0.75;0.45;-109.95;-0.680124;-0.753196;-0.008534;0.0;0.0;0.0;0.0;0.0;0.0
4.0;1753880926.144392;17.268836;-0.66;-1.07;-115.74;-0.635211;-0.672983;-0.011979;0.0;0.0;0.0;0.0;0.0;0.0
4.0;1753880926.149;17.28117;0.9;-0.3;-114.61;-0.732618;-0.76837;-0.012356;0.0;0.0;0.0;0.0;0.0;0.0
4.0;1753880926.153608;17.240994;0.27;-0.19;-117.86;-0.713234;-0.717675;-0.068626;0.0;0.0;0.0;0.0;0.0;0.0
4.0;1753880926.158216;17.2561;-0.76;-0.82;-120.09;-0.549246;-0.840848;-0.081466;0.0;0.0;0.0;0.0;0.0;0.0
4.0;1753880926.162825;17.264246;0.9;-0.66;-116.53;-0.766626;-0.758653;0.024177;0.0;0.0;0.0;0.0;0.0;0.0
4.0;1753880926.167433;17.265735;0.6;0.95;-118.95;-0.661029;-0.668036;-0.020803;0.0;0.0;0.0;0.0;0.0;0.0
4.0;1753880926.172041;17.259842;-0.26;-0.05;-114.77;-0.64175;-0.857382;-0.023505;0.0;0.0;0.0;0.0;0.0;0.0
4.0;1753880926.176649;17.268949;0.23;0.31;-124.61;-0.630003;-0.693522;0.048346;0.0;0.0;0.0;0.0;0.0;0.0
4.0;1753880926.181257;17.271577;0.4;-0.57;-125.66;-0.622238;-0.848601;-0.008299;0.0;0.0;0.0;0.0;0.0;0.0
4.0;1753880926.185866;17.262492;1.51;-0.22;-113.57;-0.607719;-0.773839;0.00326;0.0;0.0;0.0;0.0;0.0;0.0
4.0;1753880926.190474;17.25592;-1.33;0.8;-122.3;-0.750698;-0.764402;0.02402;0.0;0.0;0.0;0.0;0.0;0.0
4.0;1753880926.195082;17.28873;0.95;0.3;-113.16;-0.667864;-0.754094;-0.013775;0.0;0.0;0.0;0.0;0.0;0.0
4.0;1753880926.19969;17.263433;-1.45;-0.0;-115.39;-0.73006;-0.768251;-0.021045;0.0;0.0;0.0;0.0;0.0;0.0
4.0;1753880926.204298;17.23916;0.36;-0.22;-113.22;-0.649219;-0.838331;-0.000414;0.0;0.0;0.0;0.0;0.0;0.0
4.0;1753880926.208906;17.272117;-0.15;1.27;-108.23;-0.652158;-0.810488;-0.01661;0.0;0.0;0.0;0.0;0.0;0.0
4.0;1753880926.213514;17.252639;-0.41;-0.77;-117.12;-0.592364;-0.861798;0.006354;0.0;0.0;0.0;0.0;0.0;0.0
4.0;1753880926.218122;17.246641;0.38;0.28;-124.68;-0.695729;-0.830823;-0.019962;0.0;0.0;0.0;0.0;0.0;0.0
4.0;1753880926.222731;17.234046;0.74;0.21;-118.69;-0.743133;-0.754373;0.018779;0.0;0.0;0.0;0.0;0.0;0.0
4.0;1753880926.227339;17.266678;0.81;1.34;-115.16;-0.773585;-0.698344;-0.013967;0.0;0.0;0.0;0.0;0.0;0.0
4.0;1753880926.231947;17.266648;-0.45;-0.51;-123.3;-0.607364;-0.724948;0.021071;0.0;0.0;0.0;0.0;0.0;0.0
4.0;1753880926.236555;17.269852;0.16;0.91;-111.34;-0.67152;-0.842908;-0.003184;0.0;0.0;0.0;0.0;0.0;0.0
4.0;1753880926.241163;17.284595;-0.28;-0.46;-114.86;-0.608329;-0.730415;-0.034922;0.0;0.0;0.0;0.0;0.0;0.0
4.0;1753880926.245772;17.268237;-0.41;-1.37;-113.6;-0.60601;-0.781366;-0.052229;0.0;0.0;0.0;0.0;0.0;0.0
4.0;1753880926.25038;17.273901;0.58;-0.41;-121.36;-0.719102;-0.714594;-0.008267;0.0;0.0;0.0;0.0;0.0;0.0
4.0;1753880926.254988;17.264278;1.36;-0.62;-123.2;-0.592197;-0.757981;-0.01331;0.0;0.0;0.0;0.0;0.0;0.0
4.0;1753880926.259596;17.250873;-1.63;1.2;-114.13;-0.681758;-0.764499;0.022054;0.0;0.0;0.0;0.0;0.0;0.0
4.0;1753880926.264204;17.258421;-0.98;0.55;-120.84;-0.589059;-0.812429;-0.006677;0.0;0.0;0.0;0.0;0.0;0.0
4.0;1753880926.268812;17.283072;0.25;0.76;-117.23;-0.642503;-0.84369;0.014438;0.0;0.0;0.0;0.0;0.0;0.0
4.0;1753880926.27342;17.280824;1.02;1.13;-114.6;-0.576522;-0.767479;0.002307;0.0;0.0;0.0;0.0;0.0;0.0
4.0;1753880926.278028;17.266227;0.21;0.75;-110.98;-0.770814;-0.703102;0.000773;0.0;0.0;0.0;0.0;0.0;0.0
4.0;1753880926.282637;17.294871;1.43;0.2;-113.63;-0.665228;-0.755797;0.027869;0.0;0.0;0.0;0.0;0.0;0.0
4.0;1753880926.287245;17.257368;-1.11;0.66;-110.16;-0.731363;-0.775101;-0.014634;0.0;0.0;0.0;0.0;0.0;0.0
4.0;1753880926.291853;17.246317;-0.82;-1.36;-113.26;-0.613364;-0.75665;-0.046884;0.0;0.0;0.0;0.0;0.0;0.0
4.0;1753880926.296461;17.274805;1.15;0.28;-117.88;-0.733445;-0.735372;0.054223;0.0;0.0;0.0;0.0;0.0;0.0
4.0;1753880926.301069;17.251083;0.68;-0.18;-113.04;-0.644304;-0.616739;-0.004162;0.0;0.0;0.0;0.0;0.0;0.0
4.0;1753880926.305678;17.275795;0.8;0.18;-121.86;-0.716904;-0.737546;-0.013803;0.0;0.0;0.0;0.0;0.0;0.0
4.0;1753880926.310286;17.274609;-0.62;-0.0;-120.61;-0.705982;-0.780718;0.035747;0.0;0.0;0.0;0.0;0.0;0.0
4.0;1753880926.314894;17.254655;-0.7;0.07;-112.85;-0.642215;-0.884956;-0.043615;0.0;0.0;0.0;0.0;0.0;0.0
4.0;1753880926.319502;17.267944;0.04;0.78;-122.33;-0.657608;-0.808842;-0.018089;0.0;0.0;0.0;0.0;0.0;0.0
4.0;1753880926.32411;17.236259;0.96;-0.42;-121.26;-0.806387;-0.772572;-0.05104;0.0;0.0;0.0;0.0;0.0;0.0
4.0;1753880926.328718;17.279509;2.12;-0.42;-123.03;-0.74562;-0.880601;-0.026769;0.0;0.0;0.0;0.0;0.0;0.0
4.0;1753880926.333326;17.259002;-1.33;0.23;-108.0;-0.516162;-0.753096;0.011899;0.0;0.0;0.0;0.0;0.0;0.0
4.0;1753880926.337934;17.245452;1.13;0.45;-114.92;-0.582591;-0.74718;0.06511;0.0;0.0;0.0;0.0;0.0;0.0
4.0;1753880926.342543;17.291421;1.0;0.29;-117.41;-0.645042;-0.644545;0.020305;0.0;0.0;0.0;0.0;0.0;0.0
4.0;1753880926.347151;17.281956;1.42;1.05;-124.01;-0.616422;-0.934227;-0.025116;0.0;0.0;0.0;0.0;0.0;0.0
4.0;1753880926.351759;17.247747;-0.63;0.32;-120.04;-0.584552;-0.743784;-0.013531;0.0;0.0;0.0;0.0;0.0;0.0
4.0;1753880926.356;17.265625;0.42;0.14;-117.81;-0.62586;-0.775432;0.001342;0.0;0.0;0.0;0.0;0.0;0.0
4.0;1753880926.360608;17.257214;0.66;0.89;-123.61;-0.572214;-0.629085;0.007251;0.0;0.0;0.0;0.0;0.0;0.0
4.0;1753880926.365216;17.283507;1.51;-0.67;-119.26;-0.647879;-0.708285;0.036178;0.0;0.0;0.0;0.0;0.0;0.0
4.0;1753880926.369824;17.268974;0.6;-0.28;-123.96;-0.65574;-0.772322;-0.025629;0.0;0.0;0.0;0.0;0.0;0.0
4.0;1753880926.374432;17.257938;1.36;-0.48;-112.99;-0.592422;-0.724868;0.02849;0.0;0.0;0.0;0.0;0.0;0.0
4.0;1753880926.379041;17.275894;0.99;-0.45;-118.07;-0.70131;-0.810279;0.010667;0.0;0.0;0.0;0.0;0.0;0.0
4.0;1753880926.383649;17.263014;2.23;0.37;-118.13;-0.74935;-0.707724;-0.068454;0.0;0.0;0.0;0.0;0.0;0.0
4.0;1753880926.388257;17.27535;-1.02;0.53;-115.74;-0.691314;-0.708138;-0.004972;0.0;0.0;0.0;0.0;0.0;0.0
4.0;1753880926.392865;17.273387;1.68;0.32;-120.02;-0.639407;-0.774982;0.061541;0.0;0.0;0.0;0.0;0.0;0.0
4.0;1753880926.397473;17.248977;1.76;0.46;-112.22;-0.685701;-0.784732;-0.017791;0.0;0.0;0.0;0.0;0.0;0.0
4.0;1753880926.402082;17.266886;1.58;1.24;-122.38;-0.61133;-0.855903;-0.024391;0.0;0.0;0.0;0.0;0.0;0.0
4.0;1753880926.40669;17.261924;0.63;0.04;-119.11;-0.654399;-0.679303;-0.019423;0.0;0.0;0.0;0.0;0.0;0.0
4.0;1753880926.411298;17.256253;-0.97;0.67;-118.04;-0.529242;-0.800721;-0.04853;0.0;0.0;0.0;0.0;0.0;0.0
4.0;1753880926.415906;17.235914;-0.84;0.46;-124.88;-0.690017;-0.747766;-0.030229;0.0;0.0;0.0;0.0;0.0;0.0
4.0;1753880926.420514;17.261257;-0.13;0.02;-110.5;-0.522431;-0.667548;-0.049293;0.0;0.0;0.0;0.0;0.0;0.0
4.0;1753880926.425122;17.252095;0.5;0.18;-125.88;-0.68539;-0.766943;-0.049165;0.0;0.0;0.0;0.0;0.0;0.0
4.0;1753880926.42973;17.263726;-1.05;0.05;-116.15;-0.730183;-0.71796;-0.075055;0.0;0.0;0.0;0.0;0.0;0.0
4.0;1753880926.434338;17.220535;1.44;-0.53;-113.09;-0.575333;-0.715715;-0.027556;0.0;0.0;0.0;0.0;0.0;0.0
4.0;1753880926.438947;17.240034;0.47;-0.76;-128.13;-0.610028;-0.90122;-0.010373;0.0;0.0;0.0;0.0;0.0;0.0
4.0;1753880926.443555;17.277927;0.85;0.51;-121.9;-0.819283;-0.707712;0.011061;0.0;0.0;0.0;0.0;0.0;0.0
4.0;1753880926.448163;17.262804;0.74;-0.03;-117.63;-0.591898;-0.769495;-0.030057;0.0;0.0;0.0;0.0;0.0;0.0
4.0;1753880926.452771;17.253625;0.56;-0.61;-112.73;-0.727485;-0.804375;0.003333;0.0;0.0;0.0;0.0;0.0;0.0
4.0;1753880926.457379;17.254454;-0.11;0.62;-119.58;-0.77139;-0.695004;0.022221;0.0;0.0;0.0;0.0;0.0;0.0
4.0;1753880926.461988;17.250814;1.54;0.35;-117.71;-0.681572;-0.818386;-0.011097;0.0;0.0;0.0;0.0;0.0;0.0
4.0;1753880926.466596;17.245304;1.05;0.63;-109.27;-0.684117;-0.774087;-0.055463;0.0;0.0;0.0;0.0;0.0;0.0
4.0;1753880926.471204;17.215265;-0.14;0.05;-122.78;-0.780278;-0.724563;-0.002636;0.0;0.0;0.0;0.0;0.0;0.0
4.0;1753880926.475812;17.260376;1.13;0.01;-116.61;-0.646924;-0.79561;-0.015679;0.0;0.0;0.0;0.0;0.0;0.0
4.0;1753880926.48042;17.234141;-1.42;0.1;-116.26;-0.673691;-0.678494;-0.019739;0.0;0.0;0.0;0.0;0.0;0.0
4.0;1753880926.485028;17.244469;1.96;0.88;-119.01;-0.617119;-0.793407;-0.06646;0.0;0.0;0.0;0.0;0.0;0.0
4.0;1753880926.489636;17.23171;1.85;0.07;-125.07;-0.680087;-0.904019;-0.003511;0.0;0.0;0.0;0.0;0.0;0.0
4.0;1753880926.494244;17.238876;-1.15;1.03;-120.0;-0.772466;-0.741418;-0.059495;0.0;0.0;0.0;0.0;0.0;0.0
4.0;1753880926.498853;17.233247;0.29;0.8;-121.39;-0.666417;-0.696067;-0.042852;0.0;0.0;0.0;0.0;0.0;0.0
4.0;1753880926.503461;17.239905;-0.12;0.24;-113.91;-0.727356;-0.716149;-0.017718;0.0;0.0;0.0;0.0;0.0;0.0
4.0;1753880926.508069;17.235021;1.11;0.72;-114.78;-0.627989;-0.794472;0.005166;0.0;0.0;0.0;0.0;0.0;0.0
4.0;1753880926.512677;17.23188;0.97;0.42;-109.98;-0.587703;-0.773254;0.013055;0.0;0.0;0.0;0.0;0.0;0.0
4.0;1753880926.517285;17.237363;2.47;-0.55;-120.85;-0.715662;-0.733108;-0.03128;0.0;0.0;0.0;0.0;0.0;0.0
4.0;1753880926.521894;17.248539;1.34;-0.01;-121.26;-0.571488;-0.803912;-0.019156;0.0;0.0;0.0;0.0;0.0;0.0
4.0;1753880926.526502;17.239914;-0.36;-1.25;-119.69;-0.745003;-0.75377;-0.045233;0.0;0.0;0.0;0.0;0.0;0.0
4.0;1753880926.53111;17.240769;0.76;0.89;-131.27;-0.777246;-0.866022;-0.005154;0.0;0.0;0.0;0.0;0.0;0.0
4.0;1753880926.535718;17.228011;0.34;0.11;-111.99;-0.704212;-0.922957;0.016479;0.0;0.0;0.0;0.0;0.0;0.0
4.0;1753880926.540326;17.243054;1.26;-0.44;-120.28;-0.644992;-0.682172;-0.030728;0.0;0.0;0.0;0.0;0.0;0.0
4.0;1753880926.544934;17.221484;-0.45;0.99;-108.37;-0.618791;-0.780089;-0.065249;0.0;0.0;0.0;0.0;0.0;0.0
4.0;1753880926.549542;17.251704;1.45;-0.24;-118.7;-0.722208;-0.746221;0.013;0.0;0.0;0.0;0.0;0.0;0.0
4.0;1753880926.55415;17.249258;0.79;-0.22;-118.09;-0.649815;-0.812735;-0.023785;0.0;0.0;0.0;0.0;0.0;0.0
4.0;1753880926.558759;17.212916;0.32;0.56;-111.4;-0.651813;-0.684236;-0.005946;0.0;0.0;0.0;0.0;0.0;0.0
4.0;1753880926.563367;17.243275;1.01;0.62;-118.9;-0.613016;-0.795906;-0.024431;0.0;0.0;0.0;0.0;0.0;0.0
4.0;1753880926.567975;17.242365;0.43;0.63;-120.25;-0.703036;-0.693932;0.021497;0.0;0.0;0.0;0.0;0.0;0.0
4.0;1753880926.572583;17.227779;1.43;-1.07;-121.91;-0.562207;-0.852022;-0.072506;0.0;0.0;0.0;0.0;0.0;0.0
4.0;1753880926.577191;17.224383;0.4;1.1;-124.27;-0.725213;-0.612861;-0.035261;0.0;0.0;0.0;0.0;0.0;0.0
4.0;1753880926.5818;17.237314;0.98;0.01;-119.46;-0.687587;-0.778054;-0.075476;0.0;0.0;0.0;0.0;0.0;0.0
4.0;1753880926.586408;17.228008;0.96;-0.37;-120.28;-0.788201;-0.801064;-0.001648;0.0;0.0;0.0;0.0;0.0;0.0
4.0;1753880926.591016;17.258203;-0.56;0.2;-126.78;-0.616162;-0.862514;-0.031455;0.0;0.0;0.0;0.0;0.0;0.0
4.0;1753880926.595624;17.224621;-0.92;-0.29;-109.55;-0.680915;-0.8054;-0.033252;0.0;0.0;0.0;0.0;0.0;0.0
4.0;1753880926.6038;17.226562;0.35;0.14;-119.21;-0.688324;-0.760914;-0.030866;0.0;0.0;0.0;0.0;0.0;0.0
4.0;1753880926.60646;17.273438;1.05;0.42;-115.71;-0.408944;-0.926712;0.038064;0.0;0.0;0.0;0.0;0.0;0.0
4.0;1753880926.611068;17.268199;0.75;1.19;-114.3;-0.499668;-0.84013;0.085679;0.0;0.0;0.0;0.0;0.0;0.0
4.0;1753880926.615676;17.289257;-0.23;0.52;-116.1;-0.430139;-0.960107;0.016468;0.0;0.0;0.0;0.0;0.0;0.0
4.0;1753880926.620284;17.269897;-0.6;-0.34;-113.89;-0.365693;-0.886728;0.019187;0.0;0.0;0.0;0.0;0.0;0.0
4.0;1753880926.624893;17.257762;1.29;1.41;-115.52;-0.431543;-0.907828;0.044028;0.0;0.0;0.0;0.0;0.0;0.0
4.0;1753880926.629501;17.278192;0.47;-0.08;-115.09;-0.399191;-0.919231;0.043353;0.0;0.0;0.0;0.0;0.0;0.0
4.0;1753880926.634109;17.261118;1.13;-0.86;-117.36;-0.544611;-0.925798;0.019937;0.0;0.0;0.0;0.0;0.0;0.0
4.0;1753880926.638717;17.280496;1.02;-0.04;-111.96;-0.543168;-0.901777;0.033559;0.0;0.0;0.0;0.0;0.0;0.0
4.0;1753880926.643325;17.29949;-0.02;-0.37;-111.34;-0.5204;-0.842736;0.016254;0.0;0.0;0.0;0.0;0.0;0.0
4.0;1753880926.65194;17.273438;0.56;-0.56;-112.28;-0.524478;-0.846924;0.031598;0.0;0.0;0.0;0.0;0.0;0.0
4.0;1753880926.656548;17.260507;0.74;-0.62;-116.68;-0.467968;-0.890123;0.059874;0.0;0.0;0.0;0.0;0.0;0.0
4.0;1753880926.661156;17.26129;-0.39;-0.8;-111.23;-0.651915;-0.902035;0.061674;0.0;0.0;0.0;0.0;0.0;0.0
4.0;1753880926.665764;17.289028;0.84;-0.17;-114.93;-0.437432;-0.956194;0.051372;0.0;0.0;0.0;0.0;0.0;0.0
4.0;1753880926.670372;17.258336;-0.12;-0.63;-114.06;-0.403878;-0.901825;-0.023835;0.0;0.0;0.0;0.0;0.0;0.0
4.0;1753880926.674981;17.285387;-0.0;1.03;-115.12;-0.577525;-0.858575;0.008679;0.0;0.0;0.0;0.0;0.0;0.0
4.0;1753880926.679589;17.263617;-1.44;-0.5;-113.26;-0.465864;-0.842969;0.055731;0.0;0.0;0.0;0.0;0.0;0.0
4.0;1753880926.684197;17.257628;-0.81;-0.45;-112.07;-0.546933;-0.797755;-0.014328;0.0;0.0;0.0;0.0;0.0;0.0
4.0;1753880926.688805;17.279187;-0.02;0.94;-112.69;-0.305142;-0.758276;-0.013935;0.0;0.0;0.0;0.0;0.0;0.0
4.0;1753880926.69753;17.273438;0.56;0.28;-114.38;-0.460184;-0.893894;0.004636;0.0;0.0;0.0;0.0;0.0;0.0
4.0;1753880926.702138;17.277884;0.8;0.25;-115.46;-0.515294;-0.896161;0.017464;0.0;0.0;0.0;0.0;0.0;0.0
4.0;1753880926.706746;17.302037;1.02;0.38;-113.53;-0.459533;-0.911332;-0.034367;0.0;0.0;0.0;0.0;0.0;0.0
4.0;1753880926.711354;17.277466;0.18;0.82;-117.91;-0.485068;-0.859404;0.018658;0.0;0.0;0.0;0.0;0.0;0.0
4.0;1753880926.715962;17.281886;0.5;-0.42;-115.31;-0.449735;-0.94599;0.014559;0.0;0.0;0.0;0.0;0.0;0.0
4.0;1753880926.72057;17.288553;0.76;0.1;-118.02;-0.482155;-0.756597;-0.03275;0.0;0.0;0.0;0.0;0.0;0.0
4.0;1753880926.725179;17.265937;0.53;-0.16;-113.51;-0.558301;-0.990537;-0.009853;0.0;0.0;0.0;0.0;0.0;0.0
4.0;1753880926.729787;17.270646;0.32;-0.02;-112.03;-0.4098;-0.864293;0.054006;0.0;0.0;0.0;0.0;0.0;0.0
4.0;1753880926.734395;17.237788;0.02;0.44;-109.23;-0.270952;-0.858904;0.016053;0.0;0.0;0.0;0.0;0.0;0.0
4.0;1753880926.739003;17.25129;0.44;0.01;-114.27;-0.42817;-0.895745;0.036387;0.0;0.0;0.0;0.0;0.0;0.0
4.0;1753880926.743611;17.241806;0.09;0.7;-109.84;-0.532218;-0.950261;-0.011508;0.0;0.0;0.0;0.0;0.0;0.0
4.0;1753880926.74822;17.264428;0.84;-0.06;-110.25;-0.343994;-0.974577;0.020773;0.0;0.0;0.0;0.0;0.0;0.0
4.0;1753880926.752828;17.281904;-0.46;0.38;-117.69;-0.467909;-0.776741;0.008974;0.0;0.0;0.0;0.0;0.0;0.0
4.0;1753880926.757436;17.270514;0.03;-0.73;-113.55;-0.445199;-0.939456;-0.016121;0.0;0.0;0.0;0.0;0.0;0.0
4.0;1753880926.76571;17.273438;0.28;-0.07;-112.7;-0.427732;-0.885354;0.02013;0.0;0.0;0.0;0.0;0.0;0.0
4.0;1753880926.770318;17.258538;-0.92;0.05;-110.46;-0.358018;-0.82859;0.014031;0.0;0.0;0.0;0.0;0.0;0.0
4.0;1753880926.774926;17.278922;-0.37;0.84;-114.94;-0.512049;-0.844095;0.072255;0.0;0.0;0.0;0.0;0.0;0.0
4.0;1753880926.779534;17.259673;0.07;-0.13;-107.76;-0.449688;-0.878342;0.045054;0.0;0.0;0.0;0.0;0.0;0.0
4.0;1753880926.784142;17.272756;0.15;1.0;-106.1;-0.385729;-0.870809;-0.009825;0.0;0.0;0.0;0.0;0.0;0.0
4.0;1753880926.788751;17.25383;0.02;0.74;-114.93;-0.548973;-0.850868;0.03708;0.0;0.0;0.0;0.0;0.0;0.0
4.0;1753880926.793359;17.244016;-0.93;-0.33;-111.04;-0.661756;-0.861855;0.010756;0.0;0.0;0.0;0.0;0.0;0.0
4.0;1753880926.797967;17.20912;-0.12;-0.5;-107.39;-0.452832;-0.891477;0.032046;0.0;0.0;0.0;0.0;0.0;0.0
4.0;1753880926.802575;17.234948;0.27;-0.02;-118.33;-0.380857;-0.871211;0.054715;0.0;0.0;0.0;0.0;0.0;0.0
4.0;1753880926.807183;17.231458;0.18;0.06;-104.1;-0.56458;-0.912856;0.023164;0.0;0.0;0.0;0.0;0.0;0.0
4.0;1753880926.811792;17.259912;0.81;-1.54;-105.37;-0.443329;-0.955848;0.034628;0.0;0.0;0.0;0.0;0.0;0.0
4.0;1753880926.8164;17.240052;-0.39;-0.23;-110.79;-0.476985;-0.868017;0.042814;0.0;0.0;0.0;0.0;0.0;0.0
4.0;1753880926.821008;17.235283;-0.06;-1.62;-109.05;-0.450123;-0.786978;0.029443;0.0;0.0;0.0;0.0;0.0;0.0
4.0;1753880926.82654;17.25;0.07;-0.98;-109.69;-0.482876;-0.923418;0.017812;0.0;0.0;0.0;0.0;0.0;0.0
4.0;1753880926.831148;17.252565;0.67;-0.25;-105.43;-0.601307;-0.855519;0.040147;0.0;0.0;0.0;0.0;0.0;0.0
4.0;1753880926.835756;17.264402;0.34;-1.22;-113.96;-0.403493;-0.907595;0.013298;0.0;0.0;0.0;0.0;0.0;0.0
4.0;1753880926.840364;17.224143;-0.73;-0.83;-109.99;-0.502137;-0.863357;0.005574;0.0;0.0;0.0;0.0;0.0;0.0
4.0;1753880926.844972;17.232116;0.04;-0.44;-108.37;-0.413057;-0.973074;-4e-05;0.0;0.0;0.0;0.0;0.0;0.0
4.0;1753880926.849581;17.268555;0.47;-0.58;-107.87;-0.355809;-0.834893;0.033233;0.0;0.0;0.0;0.0;0.0;0.0
4.0;1753880926.854189;17.253614;-0.01;-1.34;-110.45;-0.510038;-0.963408;0.016827;0.0;0.0;0.0;0.0;0.0;0.0
4.0;1753880926.858797;17.250226;0.0;-0.63;-108.7;-0.345896;-1.023095;0.059476;0.0;0.0;0.0;0.0;0.0;0.0
4.0;1753880926.863405;17.274112;0.45;-0.64;-107.02;-0.276345;-1.161708;-0.026558;0.0;0.0;0.0;0.0;0.0;0.0
4.0;1753880926.868014;17.277996;0.42;-0.79;-108.46;-0.263287;-0.800036;0.002856;0.0;0.0;0.0;0.0;0.0;0.0
4.0;1753880926.872622;17.238057;0.45;-0.05;-111.41;-0.326112;-0.961485;0.062792;0.0;0.0;0.0;0.0;0.0;0.0
4.0;1753880926.87723;17.211605;0.21;-0.9;-109.06;-0.42638;-0.839906;-0.008676;0.0;0.0;0.0;0.0;0.0;0.0
4.0;1753880926.88444;17.25;0.14;-0.28;-111.16;-0.375272;-0.897432;0.00122;0.0;0.0;0.0;0.0;0.0;0.0
4.0;1753880926.889048;17.236186;0.28;-0.41;-114.81;-0.345669;-0.765829;-0.022272;0.0;0.0;0.0;0.0;0.0;0.0
4.0;1753880926.893656;17.249989;-0.11;-0.72;-107.9;-0.409825;-0.92896;-0.010513;0.0;0.0;0.0;0.0;0.0;0.0
4.0;1753880926.898264;17.252374;-0.1;-0.04;-109.55;-0.487835;-0.851896;-0.005113;0.0;0.0;0.0;0.0;0.0;0.0
4.0;1753880926.902872;17.241564;-0.11;-1.16;-105.74;-0.386277;-0.855124;-0.016298;0.0;0.0;0.0;0.0;0.0;0.0
4.0;1753880926.907481;17.244302;-0.23;-0.99;-113.99;-0.274352;-1.024717;-0.040691;0.0;0.0;0.0;0.0;0.0;0.0
4.0;1753880926.912089;17.217532;0.71;-1.67;-111.98;-0.57001;-1.00329;0.013021;0.0;0.0;0.0;0.0;0.0;0.0
4.0;1753880926.916697;17.243223;-0.88;-1.36;-109.81;-0.525936;-0.885697;0.011528;0.0;0.0;0.0;0.0;0.0;0.0
4.0;1753880926.921305;17.268107;-0.14;-2.0;-106.31;-0.520764;-0.862739;0.038207;0.0;0.0;0.0;0.0;0.0;0.0
4.0;1753880926.925913;17.247085;1.34;-1.11;-109.9;-0.328442;-0.866152;0.022845;0.0;0.0;0.0;0.0;0.0;0.0
4.0;1753880926.93329;17.25;0.0;-1.47;-107.17;-0.473848;-0.91439;0.005002;0.0;0.0;0.0;0.0;0.0;0.0
4.0;1753880926.937898;17.230135;-0.38;-1.23;-109.83;-0.413277;-0.886983;-0.006815;0.0;0.0;0.0;0.0;0.0;0.0
4.0;1753880926.942506;17.222216;-0.2;-0.97;-101.2;-0.469818;-0.957063;0.012738;0.0;0.0;0.0;0.0;0.0;0.0
4.0;1753880926.947114;17.235828;0.45;-0.55;-111.27;-0.455581;-0.948969;-0.03267;0.0;0.0;0.0;0.0;0.0;0.0
4.0;1753880926.951722;17.2431;0.11;-1.93;-106.86;-0.453737;-0.94969;-0.009634;0.0;0.0;0.0;0.0;0.0;0.0
4.0;1753880926.956331;17.197541;-0.41;0.03;-105.87;-0.398728;-0.915813;0.000723;0.0;0.0;0.0;0.0;0.0;0.0
4.0;1753880926.960939;17.237014;-0.34;-1.21;-112.74;-0.61579;-0.806364;-0.029142;0.0;0.0;0.0;0.0;0.0;0.0
4.0;1753880926.965547;17.235086;-0.4;-0.42;-102.38;-0.408257;-0.89518;-0.037137;0.0;0.0;0.0;0.0;0.0;0.0
4.0;1753880926.970155;17.259142;1.12;-0.7;-103.65;-0.558325;-0.826942;-0.067435;0.0;0.0;0.0;0.0;0.0;0.0
4.0;1753880926.974764;17.300005;-0.57;0.21;-107.79;-0.660133;-0.889658;-0.031071;0.0;0.0;0.0;0.0;0.0;0.0
4.0;1753880926.98048;17.226562;-0.35;-0.28;-111.79;-0.516182;-0.85522;-0.03294;0.0;0.0;0.0;0.0;0.0;0.0
4.0;1753880926.984896;17.289062;8.47;-4.27;-48.02;0.929152;-0.294386;0.104066;87.0;0.0;0.0;1.0;0.0;0.0
4.0;1753880926.98904;17.257812;8.82;-4.55;-44.73;0.929152;-0.294386;0.104066;87.0;0.0;0.0;1.0;0.0;0.0
4.0;1753880926.993697;17.257812;8.75;-4.27;-42.07;0.90646;-0.315248;0.052094;87.0;0.0;0.0;1.0;0.0;0.0
4.0;1753880926.998232;17.257812;9.73;-3.57;-35.98;0.994056;-0.166774;0.128344;87.0;0.0;0.0;1.0;0.0;0.0
4.0;1753880927.00284;17.262842;7.96;-1.0;0.7;0.99382;-0.103626;0.033706;88.9;0.0;0.0;1.0;0.0;0.0
4.0;1753880927.007448;17.282745;13.06;-2.86;-24.7;1.010045;-0.263762;0.080974;87.9;0.0;0.0;1.0;0.0;0.0
4.0;1753880927.012056;17.277557;10.52;-6.11;-21.98;1.021971;-0.373133;0.248522;86.9;0.0;0.0;1.0;0.0;0.0
4.0;1753880927.016664;17.234105;8.63;-4.13;-71.32;1.111182;-0.296455;0.167798;88.2;0.0;0.0;1.0;0.0;0.0
4.0;1753880927.021273;17.306852;5.69;-3.07;-7.73;1.025721;-0.202939;0.134373;86.1;0.0;0.0;1.0;0.0;0.0
4.0;1753880927.025881;17.272251;14.11;-3.45;-34.46;1.012121;-0.175754;0.183133;86.1;0.0;0.0;1.0;0.0;0.0
4.0;1753880927.030489;17.227693;18.06;-4.13;-53.01;0.987278;-0.284323;0.123142;86.1;0.0;0.0;1.0;0.0;0.0
4.0;1753880927.035097;17.246775;11.3;-6.03;-24.99;0.994621;-0.166742;0.189521;88.9;0.0;0.0;1.0;0.0;0.0
4.0;1753880927.039705;17.259571;3.2;-3.98;-37.36;0.931692;-0.12961;0.176675;87.0;0.0;0.0;1.0;0.0;0.0
4.0;1753880927.044314;17.272019;6.81;-3.7;3.8;1.025365;-0.261663;0.087264;86.4;0.0;0.0;1.0;0.0;0.0
4.0;1753880927.048922;17.235446;3.86;-3.44;-42.52;0.956234;-0.146196;0.151639;87.9;0.0;0.0;1.0;0.0;0.0
4.0;1753880927.05353;17.24737;8.49;-6.17;14.32;0.958682;-0.285956;0.20429;86.6;0.0;0.0;1.0;0.0;0.0
4.0;1753880927.058138;17.281211;12.79;-3.5;-14.06;1.049745;-0.082807;0.100206;85.7;0.0;0.0;1.0;0.0;0.0
4.0;1753880927.062746;17.244758;4.48;1.37;14.03;1.063522;-0.265482;0.008834;89.5;0.0;0.0;1.0;0.0;0.0
4.0;1753880927.067354;17.210953;9.44;-4.93;-59.65;0.914002;-0.154017;0.195254;87.6;0.0;0.0;1.0;0.0;0.0
4.0;1753880927.071962;17.247317;13.03;-1.76;-47.84;0.969891;-0.12539;0.084753;85.7;0.0;0.0;1.0;0.0;0.0
4.0;1753880927.07657;17.243337;1.23;-2.37;11.61;0.991599;-0.115995;0.100886;87.5;0.0;0.0;1.0;0.0;0.0
4.0;1753880927.081179;17.305017;6.25;-3.29;7.37;1.019266;-0.226735;0.024888;87.5;0.0;0.0;1.0;0.0;0.0
4.0;1753880927.085787;17.257369;14.74;-3.21;-41.77;0.987677;-0.178665;0.141612;85.3;0.0;0.0;1.0;0.0;0.0
4.0;1753880927.090395;17.279524;9.34;-2.84;-41.61;0.978397;-0.030628;0.102386;88.1;0.0;0.0;1.0;0.0;0.0
4.0;1753880927.095003;17.276578;5.17;-1.47;-10.45;0.98606;-0.0399;0.085612;86.1;0.0;0.0;1.0;0.0;0.0
4.0;1753880927.099611;17.209539;9.63;-2.25;-31.85;0.960671;-0.360333;-0.00749;87.7;0.0;0.0;1.0;0.0;0.0
4.0;1753880927.10422;17.258903;11.97;-4.26;-40.52;0.919612;-0.286421;0.165866;86.7;0.0;0.0;1.0;0.0;0.0
4.0;1753880927.108828;17.241797;8.21;1.28;-11.41;0.971836;-0.076501;0.176763;85.9;0.0;0.0;1.0;0.0;0.0
4.0;1753880927.113436;17.292639;11.44;-0.67;-55.01;0.976431;-0.301741;-6.5e-05;88.5;0.0;0.0;1.0;0.0;0.0
4.0;1753880927.118044;17.285408;1.32;-1.4;-11.65;1.001314;-0.116849;0.124951;87.8;0.0;0.0;1.0;0.0;0.0
4.0;1753880927.122652;17.255068;19.39;-2.17;-11.13;0.955819;-0.283903;0.128887;88.2;0.0;0.0;1.0;0.0;0.0
4.0;1753880927.12726;17.280154;17.8;0.52;-52.29;1.005872;-0.029381;0.178839;87.2;0.0;0.0;1.0;0.0;0.0
4.0;1753880927.131868;17.280336;8.97;-4.48;-82.6;0.915687;-0.181858;0.127356;86.1;0.0;0.0;1.0;0.0;0.0
4.0;1753880927.136476;17.268747;10.29;-1.37;-41.26;0.980171;-0.229622;0.121985;87.2;0.0;0.0;1.0;0.0;0.0
4.0;1753880927.141085;17.261234;2.2;-1.46;1.63;0.978426;-0.260894;0.203268;86.7;0.0;0.0;1.0;0.0;0.0
4.0;1753880927.145693;17.232792;11.74;-1.72;-39.92;0.97186;-0.317477;0.177967;87.7;0.0;0.0;1.0;0.0;0.0
4.0;1753880927.150301;17.282815;6.16;-4.94;-39.96;0.97036;-0.343922;0.155455;87.0;0.0;0.0;1.0;0.0;0.0
4.0;1753880927.154909;17.266769;10.58;-8.08;-31.03;1.020292;-0.42481;0.118398;86.0;0.0;0.0;1.0;0.0;0.0
4.0;1753880927.159517;17.257875;2.38;-4.76;-27.98;1.038553;-0.166549;0.196035;86.6;0.0;0.0;1.0;0.0;0.0
4.0;1753880927.164126;17.297882;6.62;-0.87;-38.14;1.010873;-0.396058;0.093783;86.4;0.0;0.0;1.0;0.0;0.0
4.0;1753880927.168734;17.261551;9.01;-4.58;-33.15;0.906684;-0.198674;0.078906;88.2;0.0;0.0;1.0;0.0;0.0
4.0;1753880927.173342;17.27465;10.57;-1.8;-96.54;0.976819;-0.235255;0.098343;85.8;0.0;0.0;1.0;0.0;0.0
4.0;1753880927.17795;17.295145;14.21;-6.27;-39.64;0.998523;-0.319235;0.218155;87.9;0.0;0.0;1.0;0.0;0.0
4.0;1753880927.182558;17.261905;21.75;-5.37;-48.04;0.9594;-0.333618;0.390016;86.2;0.0;0.0;1.0;0.0;0.0
4.0;1753880927.187166;17.238261;10.95;-3.93;-28.69;0.939451;-0.356575;0.175378;86.6;0.0;0.0;1.0;0.0;0.0
4.0;1753880927.191774;17.26541;15.33;-4.63;-46.25;1.007461;-0.249479;0.031448;88.4;0.0;0.0;1.0;0.0;0.0
4.0;1753880927.196382;17.270341;12.05;-3.52;-17.99;0.91165;-0.291265;0.127944;86.6;0.0;0.0;1.0;0.0;0.0
4.0;1753880927.200991;17.270548;14.66;-6.38;2.56;1.017851;-0.209945;0.107303;87.0;0.0;0.0;1.0;0.0;0.0
4.0;1753880927.205599;17.268399;7.58;-2.03;-21.53;0.891048;-0.26351;0.202378;87.9;0.0;0.0;1.0;0.0;0.0
4.0;1753880927.210207;17.257952;4.98;-4.13;-45.05;0.947961;-0.235582;0.110319;88.1;0.0;0.0;1.0;0.0;0.0
4.0;1753880927.214815;17.297648;1.74;-2.18;-0.59;0.961082;-0.304016;0.113305;86.2;0.0;0.0;1.0;0.0;0.0
4.0;1753880927.219423;17.283156;16.59;-2.47;-29.38;0.960083;-0.497258;0.17939;87.6;0.0;0.0;1.0;0.0;0.0
4.0;1753880927.224032;17.232793;11.25;-4.93;-26.82;0.951688;-0.327889;0.201759;86.0;0.0;0.0;1.0;0.0;0.0
4.0;1753880927.22864;17.287486;12.66;-5.23;25.12;0.986392;-0.25438;-0.016209;86.2;0.0;0.0;1.0;0.0;0.0
4.0;1753880927.233248;17.271055;3.77;0.13;-25.3;0.995035;-0.134696;0.076039;85.5;0.0;0.0;1.0;0.0;0.0
4.0;1753880927.237856;17.260657;9.59;-2.41;-24.89;0.896662;-0.316903;0.189922;85.8;0.0;0.0;1.0;0.0;0.0
4.0;1753880927.242464;17.264357;13.49;-5.6;-9.95;1.049687;-0.298317;0.175306;87.8;0.0;0.0;1.0;0.0;0.0
4.0;1753880927.247072;17.233486;16.65;-0.77;-15.58;0.958252;-0.399899;0.129997;85.9;0.0;0.0;1.0;0.0;0.0
4.0;1753880927.25168;17.256769;9.02;-2.77;5.06;0.996872;-0.193641;0.013477;87.0;0.0;0.0;1.0;0.0;0.0
4.0;1753880927.256288;17.244782;14.99;-8.67;-31.9;0.950157;-0.284459;0.145945;86.2;0.0;0.0;1.0;0.0;0.0
4.0;1753880927.260897;17.26424;5.34;-4.44;-36.17;0.893827;-0.302202;0.085269;87.2;0.0;0.0;1.0;0.0;0.0
4.0;1753880927.265505;17.248083;8.18;-1.98;-47.72;0.921837;-0.031956;0.141243;87.6;0.0;0.0;1.0;0.0;0.0
4.0;1753880927.270113;17.262839;13.35;-7.14;-54.37;0.970297;-0.383981;0.176461;88.6;0.0;0.0;1.0;0.0;0.0
4.0;1753880927.274721;17.298033;12.6;-4.85;-28.52;0.991266;-0.127204;0.236562;86.0;0.0;0.0;1.0;0.0;0.0
4.0;1753880927.279329;17.208801;-3.36;-3.47;-51.41;1.01184;-0.430306;0.239685;87.4;0.0;0.0;1.0;0.0;0.0
4.0;1753880927.283938;17.299556;10.45;-3.37;-2.7;0.905785;-0.243676;0.223176;85.7;0.0;0.0;1.0;0.0;0.0
4.0;1753880927.288546;17.243312;4.16;-5.22;-50.72;0.927784;-0.330139;0.172641;86.1;0.0;0.0;1.0;0.0;0.0
4.0;1753880927.293154;17.258566;7.24;-2.21;-23.15;0.880312;-0.168928;0.065296;85.8;0.0;0.0;1.0;0.0;0.0
4.0;1753880927.297762;17.271215;10.07;-5.96;-30.83;0.875998;-0.358561;0.045301;88.0;0.0;0.0;1.0;0.0;0.0
4.0;1753880927.30237;17.254658;8.26;-1.75;-41.68;0.967961;-0.260288;0.192142;88.9;0.0;0.0;1.0;0.0;0.0
4.0;1753880927.306978;17.285152;11.8;-2.32;-33.64;0.952651;-0.109706;0.199897;86.1;0.0;0.0;1.0;0.0;0.0
4.0;1753880927.311586;17.259828;8.16;-5.78;10.03;0.907153;-0.292423;0.120449;87.1;0.0;0.0;1.0;0.0;0.0
4.0;1753880927.316194;17.23627;10.85;-4.08;-33.67;0.936199;-0.244926;0.20945;87.7;0.0;0.0;1.0;0.0;0.0
4.0;1753880927.320803;17.285501;8.48;-3.22;8.07;0.905074;-0.404211;0.106769;86.1;0.0;0.0;1.0;0.0;0.0
4.0;1753880927.325411;17.277089;8.65;-6.34;-31.74;0.868259;-0.227853;0.197152;86.3;0.0;0.0;1.0;0.0;0.0
4.0;1753880927.330019;17.240544;10.97;-5.24;-43.57;0.824302;-0.420163;0.06403;86.4;0.0;0.0;1.0;0.0;0.0
4.0;1753880927.334627;17.252699;11.55;-1.73;-34.88;0.960663;-0.22843;0.22654;88.5;0.0;0.0;1.0;0.0;0.0
4.0;1753880927.339235;17.268728;13.67;-3.91;16.66;0.940055;-0.222169;0.164742;86.3;0.0;0.0;1.0;0.0;0.0
4.0;1753880927.343844;17.290674;19.76;-5.36;-39.88;1.032274;-0.218503;0.211285;87.7;0.0;0.0;1.0;0.0;0.0
4.0;1753880927.348452;17.251793;17.34;-4.81;-83.22;0.911309;-0.286751;0.061757;86.3;0.0;0.0;1.0;0.0;0.0
4.0;1753880927.35306;17.271252;9.26;-6.19;-24.83;0.980402;-0.355963;0.030525;85.1;0.0;0.0;1.0;0.0;0.0
4.0;1753880927.357668;17.2721;8.82;-1.97;-66.58;0.98603;-0.339164;-0.005106;88.9;0.0;0.0;1.0;0.0;0.0
4.0;1753880927.362276;17.266594;10.77;-4.54;-43.77;0.901886;-0.528475;0.117088;86.5;0.0;0.0;1.0;0.0;0.0
4.0;1753880927.366884;17.259794;17.16;-5.42;-11.9;0.960832;-0.257853;0.157358;87.1;0.0;0.0;1.0;0.0;0.0
4.0;1753880927.371492;17.274803;16.33;-4.97;-39.72;0.942698;-0.304907;0.235782;87.5;0.0;0.0;1.0;0.0;0.0
4.0;1753880927.3761;17.288185;9.92;-3.25;7.84;0.971511;-0.296506;0.068123;86.2;0.0;0.0;1.0;0.0;0.0
4.0;1753880927.380709;17.232513;14.99;-2.18;-33.2;0.956224;-0.398219;0.151295;85.6;0.0;0.0;1.0;0.0;0.0
4.0;1753880927.385317;17.278383;16.65;-2.84;-62.87;0.909017;-0.270219;0.116916;85.1;0.0;0.0;1.0;0.0;0.0
4.0;1753880927.389925;17.253997;6.66;-6.99;-26.08;0.995664;-0.275539;0.170361;87.9;0.0;0.0;1.0;0.0;0.0
4.0;1753880927.394533;17.258364;15.05;-3.78;-44.93;1.00526;-0.332775;0.217075;87.4;0.0;0.0;1.0;0.0;0.0
4.0;1753880927.399141;17.285549;8.03;-2.7;-53.71;0.826922;-0.436934;0.190089;87.8;0.0;0.0;1.0;0.0;0.0
4.0;1753880927.40375;17.268853;6.41;-3.23;-20.83;0.893146;-0.317099;0.178709;87.5;0.0;0.0;1.0;0.0;0.0
4.0;1753880927.408358;17.265938;8.91;3.2;-9.96;0.951028;-0.330981;0.068294;87.7;0.0;0.0;1.0;0.0;0.0
4.0;1753880927.412966;17.268591;7.67;1.42;-17.13;0.916466;-0.393651;0.142958;86.8;0.0;0.0;1.0;0.0;0.0
4.0;1753880927.417574;17.230334;6.01;-5.59;-65.7;0.878009;-0.336935;0.106163;85.7;0.0;0.0;1.0;0.0;0.0
4.0;1753880927.422182;17.265106;12.75;-6.08;8.98;0.833843;-0.297203;0.116204;88.0;0.0;0.0;1.0;0.0;0.0
4.0;1753880927.42679;17.22799;12.95;-4.57;-104.85;0.917138;-0.418478;0.058213;86.2;0.0;0.0;1.0;0.0;0.0
4.0;1753880927.431398;17.281104;13.36;-2.4;-52.61;0.929731;-0.30304;0.074275;87.5;0.0;0.0;1.0;0.0;0.0
4.0;1753880927.436006;17.284822;3.44;-5.97;-39.03;0.948099;-0.293981;0.008696;87.8;0.0;0.0;1.0;0.0;0.0
4.0;1753880927.440615;17.269655;1.52;-3.48;-35.61;0.903906;-0.164994;-0.019803;85.7;0.0;0.0;1.0;0.0;0.0
4.0;1753880927.445223;17.232636;6.4;-2.05;-34.28;0.888428;-0.361545;0.046464;86.4;0.0;0.0;1.0;0.0;0.0
4.0;1753880927.449831;17.282446;6.16;-2.26;-64.27;0.890881;-0.244205;0.145591;84.5;0.0;0.0;1.0;0.0;0.0
4.0;1753880927.454439;17.257891;7.83;-7.21;-17.4;0.927371;-0.266149;0.089249;87.8;0.0;0.0;1.0;0.0;0.0
4.0;1753880927.459047;17.271978;20.78;-4.87;-66.9;0.937972;-0.336441;0.136743;86.3;0.0;0.0;1.0;0.0;0.0
4.0;1753880927.463656;17.248555;6.82;-3.64;2.25;0.936165;-0.187519;0.212917;89.1;0.0;0.0;1.0;0.0;0.0
4.0;1753880927.468264;17.262432;0.34;-1.47;-54.7;0.901972;-0.487358;0.01189;87.7;0.0;0.0;1.0;0.0;0.0
4.0;1753880927.472872;17.257654;4.36;-3.57;-60.57;0.950908;-0.311642;0.16395;86.3;0.0;0.0;1.0;0.0;0.0
4.0;1753880927.47748;17.247731;12.06;-2.35;-50.2;0.885311;-0.275886;0.063246;87.1;0.0;0.0;1.0;0.0;0.0
4.0;1753880927.482088;17.266368;13.49;-4.62;-3.5;0.931766;-0.32524;0.136653;86.8;0.0;0.0;1.0;0.0;0.0
4.0;1753880927.486696;17.242892;9.38;-4.4;-72.5;0.927328;-0.355767;0.014033;87.9;0.0;0.0;1.0;0.0;0.0
4.0;1753880927.491304;17.272746;16.15;-7.01;-13.17;0.855507;-0.332546;0.022399;88.5;0.0;0.0;1.0;0.0;0.0
4.0;1753880927.495912;17.303027;12.06;-3.36;-23.75;0.880188;-0.257788;0.080245;88.1;0.0;0.0;1.0;0.0;0.0
4.0;1753880927.500521;17.230198;9.27;-0.54;-16.64;0.900681;-0.442641;0.180813;87.6;0.0;0.0;1.0;0.0;0.0
4.0;1753880927.505129;17.302434;8.82;-4.14;-27.73;0.9783;-0.26286;-0.070769;88.0;0.0;0.0;1.0;0.0;0.0
4.0;1753880927.5136;17.257812;12.25;-3.71;-30.8;0.906216;-0.355508;0.109312;87.0;0.0;0.0;1.0;0.0;0.0
4.0;1753880927.518208;17.249017;16.64;-5.51;-42.13;0.945756;-0.505281;0.028224;87.2;0.0;0.0;1.0;0.0;0.0
4.0;1753880927.522816;17.257438;20.53;-4.29;-58.4;0.927574;-0.434696;0.068763;86.5;0.0;0.0;1.0;0.0;0.0
4.0;1753880927.527424;17.266653;10.25;-1.31;-32.33;0.931297;-0.289466;0.097313;88.0;0.0;0.0;1.0;0.0;0.0
4.0;1753880927.532032;17.22671;16.72;-2.68;-78.11;0.951184;-0.300643;0.194068;88.4;0.0;0.0;1.0;0.0;0.0
4.0;1753880927.536641;17.242898;5.54;-0.11;-11.47;0.960082;-0.509608;0.122381;85.9;0.0;0.0;1.0;0.0;0.0
4.0;1753880927.541249;17.248711;25.64;0.53;-53.05;0.872258;-0.468693;0.192802;85.7;0.0;0.0;1.0;0.0;0.0
4.0;1753880927.545857;17.244772;6.93;-0.1;-25.74;0.942454;-0.361593;0.120598;88.9;0.0;0.0;1.0;0.0;0.0
4.0;1753880927.550465;17.269288;2.71;-3.29;-25.54;0.891735;-0.225837;0.170333;85.5;0.0;0.0;1.0;0.0;0.0
4.0;1753880927.555073;17.235001;9.0;-2.49;-26.62;0.957469;-0.382171;0.188133;88.0;0.0;0.0;1.0;0.0;0.0
4.0;1753880927.559682;17.281818;12.41;-1.78;9.99;0.932055;-0.391151;0.031969;88.0;0.0;0.0;1.0;0.0;0.0
4.0;1753880927.56429;17.256907;14.39;-2.51;-97.73;0.951177;-0.427604;0.201261;87.5;0.0;0.0;1.0;0.0;0.0
4.0;1753880927.568898;17.291945;6.06;-4.96;-45.0;0.896571;-0.370657;0.129286;84.9;0.0;0.0;1.0;0.0;0.0
4.0;1753880927.573506;17.256185;15.19;-0.59;-43.81;0.896614;-0.272606;0.008422;87.2;0.0;0.0;1.0;0.0;0.0
4.0;1753880927.578114;17.222406;15.98;-2.23;7.46;0.90906;-0.394982;0.1422;87.1;0.0;0.0;1.0;0.0;0.0
4.0;1753880927.582722;17.258551;8.15;-7.53;-60.73;0.884259;-0.248277;0.095524;88.0;0.0;0.0;1.0;0.0;0.0
4.0;1753880927.58733;17.25399;1.22;-1.07;-42.53;0.931373;-0.170251;0.046231;86.3;0.0;0.0;1.0;0.0;0.0
4.0;1753880927.591938;17.263487;8.97;-5.91;-75.19;0.926611;-0.274357;0.020529;88.9;0.0;0.0;1.0;0.0;0.0
4.0;1753880927.596547;17.250761;13.24;-2.97;-23.93;0.867757;-0.292426;0.103357;88.2;0.0;0.0;1.0;0.0;0.0
4.0;1753880927.601155;17.260335;7.58;-3.89;-88.62;0.938816;-0.406759;0.000852;87.9;0.0;0.0;1.0;0.0;0.0
4.0;1753880927.605763;17.248373;16.11;-3.93;-17.92;0.968047;-0.372465;0.006751;85.6;0.0;0.0;1.0;0.0;0.0
4.0;1753880927.610371;17.244168;18.96;1.96;-76.5;0.976028;-0.319734;0.241502;88.0;0.0;0.0;1.0;0.0;0.0
4.0;1753880927.614979;17.241266;11.53;-0.77;-26.26;0.947967;-0.258176;0.153354;87.6;0.0;0.0;1.0;0.0;0.0
4.0;1753880927.619588;17.251278;13.89;-5.17;-16.27;0.971526;-0.292367;0.08824;86.8;0.0;0.0;1.0;0.0;0.0
4.0;1753880927.624196;17.246454;7.96;-3.48;-13.01;1.013305;-0.256005;0.125042;87.2;0.0;0.0;1.0;0.0;0.0
4.0;1753880927.628804;17.2511;8.95;-5.3;-41.55;1.012852;-0.289026;0.066533;86.5;0.0;0.0;1.0;0.0;0.0
4.0;1753880927.633412;17.257121;4.58;-3.09;5.47;0.955028;-0.226682;0.111549;86.7;0.0;0.0;1.0;0.0;0.0
4.0;1753880927.63802;17.276149;6.13;-3.28;-34.65;0.917738;-0.212823;0.191347;85.4;0.0;0.0;1.0;0.0;0.0
4.0;1753880927.642628;17.254802;6.27;-4.4;0.88;0.933673;-0.291419;0.040534;87.5;0.0;0.0;1.0;0.0;0.0
4.0;1753880927.647236;17.257154;16.74;-4.31;-20.15;0.94475;-0.329561;0.114255;88.2;0.0;0.0;1.0;0.0;0.0
4.0;1753880927.651844;17.253377;12.12;-7.18;22.72;1.01582;-0.413461;0.110835;87.4;0.0;0.0;1.0;0.0;0.0
4.0;1753880927.656453;17.237951;12.79;-0.82;19.35;0.919015;-0.361014;0.130324;86.1;0.0;0.0;1.0;0.0;0.0
4.0;1753880927.661061;17.256281;13.05;-7.48;9.05;0.988794;-0.371916;0.008385;86.9;0.0;0.0;1.0;0.0;0.0
4.0;1753880927.665669;17.258793;22.79;-0.8;-33.5;0.971176;-0.117238;0.01428;87.9;0.0;0.0;1.0;0.0;0.0
4.0;1753880927.670277;17.218842;13.22;-5.23;4.18;0.978809;-0.324337;0.124628;88.4;0.0;0.0;1.0;0.0;0.0
4.0;1753880927.674885;17.258777;14.82;-7.23;-10.08;1.027996;-0.262823;0.000833;87.4;0.0;0.0;1.0;0.0;0.0
4.0;1753880927.679494;17.255973;10.0;-0.16;-55.49;0.823603;-0.260363;0.211565;86.7;0.0;0.0;1.0;0.0;0.0
4.0;1753880927.684102;17.23259;8.12;-8.14;-34.53;0.993932;-0.245963;0.043474;87.9;0.0;0.0;1.0;0.0;0.0
4.0;1753880927.68871;17.282812;15.39;-4.8;-58.37;1.022702;-0.315795;0.097842;87.4;0.0;0.0;1.0;0.0;0.0
4.0;1753880927.693318;17.285937;7.05;-2.48;-13.48;0.953457;-0.225891;0.135381;84.8;0.0;0.0;1.0;0.0;0.0
4.0;1753880927.697926;17.26188;9.89;-4.65;-112.61;1.100438;-0.339369;0.215593;86.8;0.0;0.0;1.0;0.0;0.0
4.0;1753880927.702534;17.246057;5.06;-3.8;-38.42;0.953954;-0.413918;0.020319;88.4;0.0;0.0;1.0;0.0;0.0
4.0;1753880927.707142;17.257744;14.18;-0.53;-2.64;0.955568;-0.281022;0.184524;87.5;0.0;0.0;1.0;0.0;0.0
4.0;1753880927.71175;17.285663;5.52;-3.18;-20.12;0.969583;-0.120236;0.112201;87.2;0.0;0.0;1.0;0.0;0.0
4.0;1753880927.716359;17.259792;8.01;-3.05;-62.71;1.067092;-0.399539;0.171234;87.3;0.0;0.0;1.0;0.0;0.0
4.0;1753880927.720967;17.245072;3.03;-1.59;30.5;1.019305;-0.277506;0.054557;87.3;0.0;0.0;1.0;0.0;0.0
4.0;1753880927.725575;17.280327;14.2;-0.78;-53.45;0.978885;-0.431529;0.08076;85.8;0.0;0.0;1.0;0.0;0.0
4.0;1753880927.7302;17.265625;11.62;-3.71;-29.75;0.99064;-0.27694;0.090768;87.0;0.0;0.0;1.0;0.0;0.0
4.0;1753880927.734808;17.261311;10.88;-3.02;-28.57;1.029543;-0.320164;0.116365;85.6;0.0;0.0;1.0;0.0;0.0
4.0;1753880927.739416;17.281802;12.25;-4.8;-20.53;0.930058;-0.333008;0.057534;87.2;0.0;0.0;1.0;0.0;0.0
4.0;1753880927.744024;17.253193;12.58;-3.28;-25.21;0.99047;-0.589202;0.092425;88.3;0.0;0.0;1.0;0.0;0.0
4.0;1753880927.748632;17.264429;8.14;-5.16;-41.31;0.930971;-0.462846;0.05842;88.0;0.0;0.0;1.0;0.0;0.0
4.0;1753880927.75324;17.263494;11.89;-4.73;-23.96;0.967693;-0.415766;0.095637;88.3;0.0;0.0;1.0;0.0;0.0
4.0;1753880927.757849;17.269519;14.75;-7.03;-41.81;0.957766;-0.444142;-0.009663;87.3;0.0;0.0;1.0;0.0;0.0
4.0;1753880927.76538;17.273438;13.65;-5.88;-38.64;0.976;-0.592066;-0.048922;89.0;0.0;0.0;1.0;0.0;0.0
4.0;1753880927.769988;17.282281;11.8;-6.61;-28.13;0.947684;-0.525468;0.017136;87.4;0.0;0.0;1.0;0.0;0.0
4.0;1753880927.774596;17.268799;12.05;-5.28;-44.79;0.984288;-0.495506;-0.062385;91.1;0.0;0.0;1.0;0.0;0.0
4.0;1753880927.779204;17.265098;15.18;-5.1;-43.37;0.954005;-0.380532;0.001842;89.8;0.0;0.0;1.0;0.0;0.0
4.0;1753880927.783812;17.248183;14.55;-5.3;-29.59;0.960329;-0.495465;-0.133358;87.3;0.0;0.0;1.0;0.0;0.0
4.0;1753880927.788421;17.273152;9.44;-4.68;-56.17;0.950676;-0.203879;-0.021721;89.6;0.0;0.0;1.0;0.0;0.0
4.0;1753880927.793029;17.245083;9.36;-4.56;-38.32;0.883562;-0.460106;-0.071138;89.8;0.0;0.0;1.0;0.0;0.0
4.0;1753880927.797637;17.250547;12.67;-5.58;-32.18;0.980003;-0.351402;-0.061678;88.1;0.0;0.0;1.0;0.0;0.0
4.0;1753880927.802245;17.274223;11.65;-6.36;-35.03;0.889718;-0.272541;-0.032275;88.7;0.0;0.0;1.0;0.0;0.0
4.0;1753880927.80775;17.257812;9.24;-5.25;-45.57;0.915366;-0.323422;-0.038918;89.0;0.0;0.0;1.0;0.0;0.0
4.0;1753880927.812358;17.263427;6.71;-5.37;-45.64;0.891507;-0.283872;-0.080561;89.6;0.0;0.0;1.0;0.0;0.0
4.0;1753880927.816966;17.256256;9.16;-5.7;-41.94;0.903164;-0.300634;-0.098819;91.1;0.0;0.0;1.0;0.0;0.0
4.0;1753880927.821574;17.287006;8.57;-5.52;-39.02;0.968071;-0.235506;-0.028389;87.9;0.0;0.0;1.0;0.0;0.0
4.0;1753880927.826182;17.263594;13.09;-6.27;-59.56;0.92836;-0.401981;-0.076696;87.9;0.0;0.0;1.0;0.0;0.0
4.0;1753880927.83079;17.258988;8.58;-5.8;-49.39;0.880404;-0.259002;-0.022397;91.2;0.0;0.0;1.0;0.0;0.0
4.0;1753880927.835399;17.281359;10.62;-5.61;-49.61;0.874502;-0.408277;-0.011117;90.8;0.0;0.0;1.0;0.0;0.0
4.0;1753880927.840007;17.259266;12.95;-5.25;-39.8;0.904957;-0.322203;-0.068318;88.7;0.0;0.0;1.0;0.0;0.0
4.0;1753880927.844615;17.25406;11.04;-5.57;-52.68;0.960006;-0.168431;-0.048557;87.5;0.0;0.0;1.0;0.0;0.0
4.0;1753880927.85261;17.257812;11.2;-5.6;-47.18;0.915366;-0.323422;-0.038918;89.0;0.0;0.0;1.0;0.0;0.0
4.0;1753880927.857218;17.255637;10.02;-6.02;-51.7;0.922434;-0.249855;0.015596;90.5;0.0;0.0;1.0;0.0;0.0
4.0;1753880927.861826;17.263264;10.64;-4.25;-43.23;0.917313;-0.315342;-0.150312;87.6;0.0;0.0;1.0;0.0;0.0
4.0;1753880927.866434;17.266521;10.35;-6.11;-62.66;0.957333;-0.230914;-0.1301;88.6;0.0;0.0;1.0;0.0;0.0
4.0;1753880927.871043;17.2504;12.3;-5.67;-46.57;0.934024;-0.520095;-0.141456;89.7;0.0;0.0;1.0;0.0;0.0
4.0;1753880927.875651;17.271679;11.01;-4.92;-42.22;0.926412;-0.37033;-0.2245;88.2;0.0;0.0;1.0;0.0;0.0
4.0;1753880927.880259;17.261742;10.2;-5.32;-40.27;0.960709;-0.54479;-0.12577;88.8;0.0;0.0;1.0;0.0;0.0
4.0;1753880927.884867;17.243415;8.7;-3.54;-56.37;0.933778;-0.383202;-0.014628;89.0;0.0;0.0;1.0;0.0;0.0
4.0;1753880927.889475;17.245576;10.28;-4.17;-39.78;0.927028;-0.389804;-0.102596;89.8;0.0;0.0;1.0;0.0;0.0
4.0;1753880927.894084;17.246896;8.23;-4.09;-46.32;0.975623;-0.527151;-0.042596;89.5;0.0;0.0;1.0;0.0;0.0
4.0;1753880927.90181;17.257812;10.15;-3.71;-48.09;0.951722;-0.496784;-0.110654;89.0;0.0;0.0;1.0;0.0;0.0
4.0;1753880927.906418;17.263437;9.93;-2.6;-57.52;0.934346;-0.294057;-0.141862;86.9;0.0;0.0;1.0;0.0;0.0
4.0;1753880927.911026;17.265969;8.47;-4.19;-48.56;0.889308;-0.436701;-0.053211;89.0;0.0;0.0;1.0;0.0;0.0
4.0;1753880927.915634;17.251584;10.78;-4.17;-46.84;0.930726;-0.374572;-0.124802;88.7;0.0;0.0;1.0;0.0;0.0
4.0;1753880927.920242;17.252974;7.71;-4.05;-52.19;0.86251;-0.543115;-0.069838;90.4;0.0;0.0;1.0;0.0;0.0
4.0;1753880927.92485;17.254329;8.64;-3.29;-50.84;0.959276;-0.133549;-0.211327;90.0;0.0;0.0;1.0;0.0;0.0
