DeviceID;Timestamp;Temperature;GyroX;GyroY;GyroZ;AccelX;AccelY;AccelZ;Dist1;Dist2;Dist3;Err1;Err2;Err3
1.0;1753877967.936628;18.452476;1.02;-1.75;0.07;-0.057625;0.981163;0.014269;0.0;0.0;0.0;0.0;0.0;0.0
1.0;1753877967.941226;18.400855;1.08;-1.74;0.09;-0.058633;0.982688;0.016053;0.0;0.0;0.0;0.0;0.0;0.0
1.0;1753877967.945824;18.382675;1.1;-1.62;0.04;-0.05839;0.982148;0.01474;0.0;0.0;0.0;0.0;0.0;0.0
1.0;1753877967.950422;18.409147;1.06;-1.67;0.08;-0.059466;0.982308;0.016052;0.0;0.0;0.0;0.0;0.0;0.0
1.0;1753877967.95502;18.407059;1.07;-1.74;0.08;-0.05469;0.9827;0.016198;0.0;0.0;0.0;0.0;0.0;0.0
1.0;1753877967.959618;18.445488;1.08;-1.71;0.13;-0.058492;0.981748;0.015019;0.0;0.0;0.0;0.0;0.0;0.0
1.0;1753877967.964215;18.451995;1.03;-1.66;0.1;-0.057533;0.982406;0.015609;0.0;0.0;0.0;0.0;0.0;0.0
1.0;1753877967.968813;18.396032;1.13;-1.69;0.02;-0.055685;0.981774;0.015137;0.0;0.0;0.0;0.0;0.0;0.0
1.0;1753877967.973411;18.393476;1.11;-1.67;0.04;-0.058941;0.982902;0.015032;0.0;0.0;0.0;0.0;0.0;0.0
1.0;1753877967.97994;18.417969;1.12;-1.68;0.07;-0.057462;0.981612;0.015738;0.0;0.0;0.0;0.0;0.0;0.0
1.0;1753877967.980315;18.378906;1.05;-1.68;0.07;-0.057462;0.981612;0.016104;0.0;0.0;0.0;0.0;0.0;0.0
1.0;1753877967.984936;18.378906;1.05;-1.68;0.07;-0.05673;0.980636;0.015616;0.0;0.0;0.0;0.0;0.0;0.0
1.0;1753877967.989459;18.402344;1.19;-1.75;0.0;-0.05917;0.98088;0.01464;0.0;0.0;0.0;0.0;0.0;0.0
1.0;1753877967.994703;18.402344;1.05;-1.68;0.07;-0.057096;0.980392;0.01708;0.0;0.0;0.0;0.0;0.0;0.0
1.0;1753877967.999749;18.402344;1.12;-1.61;0.07;-0.058194;0.982466;0.015128;0.0;0.0;0.0;0.0;0.0;0.0
1.0;1753877968.004347;18.385538;1.16;-1.69;0.1;-0.05798;0.983578;0.015317;0.0;0.0;0.0;0.0;0.0;0.0
1.0;1753877968.008945;18.389738;1.13;-1.61;0.19;-0.058681;0.982342;0.014262;0.0;0.0;0.0;0.0;0.0;0.0
1.0;1753877968.013543;18.402956;1.18;-1.66;0.08;-0.055444;0.982308;0.015417;0.0;0.0;0.0;0.0;0.0;0.0
1.0;1753877968.01814;18.417481;1.12;-1.59;0.1;-0.062517;0.981855;0.016153;0.0;0.0;0.0;0.0;0.0;0.0
1.0;1753877968.022738;18.432867;1.05;-1.64;0.03;-0.058088;0.981062;0.013843;0.0;0.0;0.0;0.0;0.0;0.0
1.0;1753877968.027336;18.396932;1.05;-1.67;-0.01;-0.054986;0.981951;0.015392;0.0;0.0;0.0;0.0;0.0;0.0
1.0;1753877968.031934;18.438873;1.18;-1.61;0.1;-0.055681;0.982987;0.01419;0.0;0.0;0.0;0.0;0.0;0.0
1.0;1753877968.036532;18.401155;1.12;-1.64;0.09;-0.056172;0.982099;0.015491;0.0;0.0;0.0;0.0;0.0;0.0
1.0;1753877968.04113;18.410776;1.08;-1.47;0.1;-0.057806;0.981975;0.013893;0.0;0.0;0.0;0.0;0.0;0.0
1.0;1753877968.045728;18.374533;1.08;-1.5;0.11;-0.056951;0.982667;0.016181;0.0;0.0;0.0;0.0;0.0;0.0
1.0;1753877968.050326;18.357823;1.08;-1.66;-0.01;-0.056744;0.982056;0.01501;0.0;0.0;0.0;0.0;0.0;0.0
1.0;1753877968.054924;18.38925;1.17;-1.55;0.01;-0.06116;0.983613;0.015833;0.0;0.0;0.0;0.0;0.0;0.0
1.0;1753877968.059522;18.390825;1.13;-1.66;0.15;-0.058088;0.982734;0.01659;0.0;0.0;0.0;0.0;0.0;0.0
1.0;1753877968.06412;18.450671;1.08;-1.48;0.05;-0.05515;0.982414;0.01657;0.0;0.0;0.0;0.0;0.0;0.0
1.0;1753877968.068718;18.416767;1.1;-1.53;0.1;-0.059941;0.982513;0.015472;0.0;0.0;0.0;0.0;0.0;0.0
1.0;1753877968.073316;18.38206;1.09;-1.6;0.01;-0.055498;0.982471;0.01651;0.0;0.0;0.0;0.0;0.0;0.0
1.0;1753877968.077913;18.446226;1.05;-1.53;0.05;-0.056958;0.981796;0.01555;0.0;0.0;0.0;0.0;0.0;0.0
1.0;1753877968.082511;18.392154;1.19;-1.62;0.02;-0.057187;0.984646;0.016882;0.0;0.0;0.0;0.0;0.0;0.0
1.0;1753877968.087109;18.405753;1.12;-1.64;0.1;-0.056642;0.982761;0.01555;0.0;0.0;0.0;0.0;0.0;0.0
1.0;1753877968.091707;18.404118;1.07;-1.52;0.08;-0.059545;0.98296;0.015631;0.0;0.0;0.0;0.0;0.0;0.0
1.0;1753877968.096305;18.415162;1.07;-1.59;0.06;-0.059025;0.98097;0.015972;0.0;0.0;0.0;0.0;0.0;0.0
1.0;1753877968.100903;18.390565;1.08;-1.7;0.15;-0.060395;0.98325;0.015725;0.0;0.0;0.0;0.0;0.0;0.0
1.0;1753877968.105501;18.389369;1.07;-1.56;0.1;-0.057766;0.983402;0.015936;0.0;0.0;0.0;0.0;0.0;0.0
1.0;1753877968.110098;18.368342;1.13;-1.64;0.19;-0.057101;0.981487;0.016116;0.0;0.0;0.0;0.0;0.0;0.0
1.0;1753877968.114696;18.431522;1.09;-1.6;0.06;-0.060485;0.982484;0.01511;0.0;0.0;0.0;0.0;0.0;0.0
1.0;1753877968.119294;18.392195;1.07;-1.56;0.08;-0.05758;0.98167;0.01584;0.0;0.0;0.0;0.0;0.0;0.0
1.0;1753877968.123892;18.468275;1.05;-1.64;0.03;-0.055238;0.98135;0.016324;0.0;0.0;0.0;0.0;0.0;0.0
1.0;1753877968.12849;18.403786;1.09;-1.6;0.04;-0.055144;0.982539;0.015079;0.0;0.0;0.0;0.0;0.0;0.0
1.0;1753877968.133088;18.380582;1.06;-1.63;0.14;-0.057414;0.984095;0.014477;0.0;0.0;0.0;0.0;0.0;0.0
1.0;1753877968.137686;18.373723;1.09;-1.52;0.06;-0.058612;0.981916;0.014694;0.0;0.0;0.0;0.0;0.0;0.0
1.0;1753877968.142284;18.396707;1.14;-1.55;0.09;-0.059421;0.981754;0.015863;0.0;0.0;0.0;0.0;0.0;0.0
1.0;1753877968.146882;18.362789;1.12;-1.6;0.07;-0.056388;0.982466;0.015193;0.0;0.0;0.0;0.0;0.0;0.0
1.0;1753877968.15148;18.371636;1.12;-1.64;0.05;-0.056319;0.983657;0.014059;0.0;0.0;0.0;0.0;0.0;0.0
1.0;1753877968.156078;18.425077;1.1;-1.68;0.13;-0.0548;0.981266;0.015403;0.0;0.0;0.0;0.0;0.0;0.0
1.0;1753877968.160676;18.384139;1.11;-1.65;0.03;-0.059799;0.982306;0.014805;0.0;0.0;0.0;0.0;0.0;0.0
1.0;1753877968.165274;18.361062;1.05;-1.58;0.09;-0.058147;0.983138;0.014269;0.0;0.0;0.0;0.0;0.0;0.0
1.0;1753877968.169871;18.418589;1.11;-1.55;0.15;-0.061748;0.9819;0.016497;0.0;0.0;0.0;0.0;0.0;0.0
1.0;1753877968.174469;18.445001;1.13;-1.62;0.09;-0.055642;0.98269;0.014037;0.0;0.0;0.0;0.0;0.0;0.0
1.0;1753877968.179067;18.463864;0.99;-1.57;0.08;-0.055416;0.984104;0.015921;0.0;0.0;0.0;0.0;0.0;0.0
1.0;1753877968.183665;18.411044;1.0;-1.67;0.09;-0.056759;0.982539;0.016208;0.0;0.0;0.0;0.0;0.0;0.0
1.0;1753877968.188263;18.382892;1.05;-1.54;0.11;-0.059934;0.98246;0.017068;0.0;0.0;0.0;0.0;0.0;0.0
1.0;1753877968.192861;18.396656;1.1;-1.58;-0.04;-0.057171;0.982493;0.014615;0.0;0.0;0.0;0.0;0.0;0.0
1.0;1753877968.197459;18.403628;1.1;-1.64;0.09;-0.056146;0.981673;0.015106;0.0;0.0;0.0;0.0;0.0;0.0
1.0;1753877968.202057;18.400001;1.02;-1.55;-0.02;-0.058655;0.981445;0.016097;0.0;0.0;0.0;0.0;0.0;0.0
1.0;1753877968.206654;18.418725;1.01;-1.62;0.1;-0.056826;0.982237;0.017913;0.0;0.0;0.0;0.0;0.0;0.0
1.0;1753877968.211252;18.371787;1.08;-1.61;0.08;-0.057451;0.98358;0.016771;0.0;0.0;0.0;0.0;0.0;0.0
1.0;1753877968.21585;18.438219;1.08;-1.63;0.03;-0.054352;0.982969;0.016089;0.0;0.0;0.0;0.0;0.0;0.0
1.0;1753877968.220448;18.433592;1.13;-1.61;0.17;-0.058472;0.981256;0.016295;0.0;0.0;0.0;0.0;0.0;0.0
1.0;1753877968.225046;18.379155;1.09;-1.55;0.04;-0.058615;0.983615;0.014661;0.0;0.0;0.0;0.0;0.0;0.0
1.0;1753877968.229644;18.398029;1.1;-1.63;0.08;-0.06088;0.982493;0.017218;0.0;0.0;0.0;0.0;0.0;0.0
1.0;1753877968.234242;18.401361;1.1;-1.59;0.08;-0.057809;0.981808;0.014916;0.0;0.0;0.0;0.0;0.0;0.0
1.0;1753877968.23884;18.404343;1.1;-1.62;-0.02;-0.057076;0.981212;0.017273;0.0;0.0;0.0;0.0;0.0;0.0
1.0;1753877968.243438;18.424099;1.12;-1.58;0.14;-0.059991;0.981708;0.01597;0.0;0.0;0.0;0.0;0.0;0.0
1.0;1753877968.248036;18.410746;1.06;-1.46;0.12;-0.060441;0.981724;0.015251;0.0;0.0;0.0;0.0;0.0;0.0
1.0;1753877968.252634;18.405243;1.09;-1.61;-0.03;-0.057832;0.981973;0.015209;0.0;0.0;0.0;0.0;0.0;0.0
1.0;1753877968.257232;18.422635;1.05;-1.62;0.11;-0.061182;0.982022;0.01469;0.0;0.0;0.0;0.0;0.0;0.0
1.0;1753877968.26183;18.382067;1.03;-1.63;0.03;-0.057467;0.984083;0.016996;0.0;0.0;0.0;0.0;0.0;0.0
1.0;1753877968.266427;18.419079;1.17;-1.62;0.15;-0.058667;0.9819;0.016696;0.0;0.0;0.0;0.0;0.0;0.0
1.0;1753877968.271025;18.415513;0.95;-1.66;0.11;-0.055993;0.983111;0.013885;0.0;0.0;0.0;0.0;0.0;0.0
1.0;1753877968.275623;18.376985;1.12;-1.66;0.1;-0.059483;0.982865;0.015871;0.0;0.0;0.0;0.0;0.0;0.0
1.0;1753877968.280221;18.379941;1.11;-1.73;0.03;-0.058357;0.983027;0.016917;0.0;0.0;0.0;0.0;0.0;0.0
1.0;1753877968.284819;18.383562;1.03;-1.61;0.13;-0.061619;0.984446;0.016439;0.0;0.0;0.0;0.0;0.0;0.0
1.0;1753877968.289417;18.394772;1.01;-1.66;0.08;-0.058274;0.983344;0.016147;0.0;0.0;0.0;0.0;0.0;0.0
1.0;1753877968.294015;18.363785;1.02;-1.6;0.12;-0.061657;0.981714;0.016158;0.0;0.0;0.0;0.0;0.0;0.0
1.0;1753877968.298612;18.375745;1.0;-1.51;-0.01;-0.059588;0.981864;0.017522;0.0;0.0;0.0;0.0;0.0;0.0
1.0;1753877968.30321;18.391244;1.04;-1.68;0.1;-0.05504;0.982456;0.016577;0.0;0.0;0.0;0.0;0.0;0.0
1.0;1753877968.307808;18.454477;1.15;-1.54;0.04;-0.057099;0.982505;0.017179;0.0;0.0;0.0;0.0;0.0;0.0
1.0;1753877968.312406;18.382741;1.06;-1.66;0.12;-0.057052;0.982801;0.016587;0.0;0.0;0.0;0.0;0.0;0.0
1.0;1753877968.317004;18.458338;1.1;-1.59;0.05;-0.061428;0.982967;0.016451;0.0;0.0;0.0;0.0;0.0;0.0
1.0;1753877968.3237;18.402344;1.05;-1.61;0.07;-0.057828;0.982222;0.016348;0.0;0.0;0.0;0.0;0.0;0.0
1.0;1753877968.328298;18.425584;1.13;-1.58;0.14;-0.05863;0.982694;0.017065;0.0;0.0;0.0;0.0;0.0;0.0
1.0;1753877968.332896;18.418511;1.09;-1.63;0.0;-0.057842;0.983825;0.016716;0.0;0.0;0.0;0.0;0.0;0.0
1.0;1753877968.337494;18.367185;1.06;-1.61;0.16;-0.055349;0.982385;0.01544;0.0;0.0;0.0;0.0;0.0;0.0
1.0;1753877968.342092;18.398724;1.02;-1.61;0.01;-0.060644;0.982729;0.01718;0.0;0.0;0.0;0.0;0.0;0.0
1.0;1753877968.34669;18.469876;1.04;-1.62;0.02;-0.058871;0.981773;0.015475;0.0;0.0;0.0;0.0;0.0;0.0
1.0;1753877968.351287;18.409409;1.13;-1.61;0.08;-0.056911;0.982989;0.015344;0.0;0.0;0.0;0.0;0.0;0.0
1.0;1753877968.355885;18.407141;1.05;-1.48;0.01;-0.061944;0.982728;0.015984;0.0;0.0;0.0;0.0;0.0;0.0
1.0;1753877968.360483;18.446747;1.03;-1.67;0.05;-0.057013;0.982013;0.014707;0.0;0.0;0.0;0.0;0.0;0.0
1.0;1753877968.365081;18.384267;1.06;-1.66;0.02;-0.056548;0.981355;0.015766;0.0;0.0;0.0;0.0;0.0;0.0
1.0;1753877968.369679;18.404285;1.05;-1.59;0.02;-0.062906;0.981331;0.015889;0.0;0.0;0.0;0.0;0.0;0.0
1.0;1753877968.374277;18.405409;1.14;-1.55;0.1;-0.05668;0.981481;0.016205;0.0;0.0;0.0;0.0;0.0;0.0
1.0;1753877968.378875;18.373755;1.0;-1.57;0.12;-0.057888;0.982235;0.015587;0.0;0.0;0.0;0.0;0.0;0.0
1.0;1753877968.383473;18.385374;0.96;-1.62;0.04;-0.055573;0.980984;0.016073;0.0;0.0;0.0;0.0;0.0;0.0
1.0;1753877968.38807;18.384967;0.96;-1.62;0.15;-0.059314;0.981672;0.015791;0.0;0.0;0.0;0.0;0.0;0.0
1.0;1753877968.392668;18.375183;1.03;-1.72;0.14;-0.058359;0.980835;0.01682;0.0;0.0;0.0;0.0;0.0;0.0
1.0;1753877968.397266;18.3601;1.09;-1.61;0.1;-0.058387;0.982371;0.015529;0.0;0.0;0.0;0.0;0.0;0.0
1.0;1753877968.401864;18.398205;1.05;-1.72;0.09;-0.056194;0.981925;0.016554;0.0;0.0;0.0;0.0;0.0;0.0
1.0;1753877968.406462;18.41612;1.05;-1.69;0.03;-0.05743;0.982537;0.016482;0.0;0.0;0.0;0.0;0.0;0.0
1.0;1753877968.41106;18.387499;1.1;-1.68;0.16;-0.061397;0.981308;0.016572;0.0;0.0;0.0;0.0;0.0;0.0
1.0;1753877968.415658;18.393893;1.04;-1.67;0.1;-0.059872;0.982213;0.014789;0.0;0.0;0.0;0.0;0.0;0.0
1.0;1753877968.420256;18.394983;1.09;-1.63;0.06;-0.059334;0.981161;0.016624;0.0;0.0;0.0;0.0;0.0;0.0
1.0;1753877968.424854;18.389159;0.98;-1.67;0.03;-0.060728;0.982663;0.014535;0.0;0.0;0.0;0.0;0.0;0.0
1.0;1753877968.429452;18.403841;1.06;-1.71;0.08;-0.058405;0.981791;0.014723;0.0;0.0;0.0;0.0;0.0;0.0
1.0;1753877968.43405;18.399342;1.12;-1.6;0.06;-0.056834;0.982699;0.016596;0.0;0.0;0.0;0.0;0.0;0.0
1.0;1753877968.438648;18.384504;1.09;-1.61;0.1;-0.058227;0.982153;0.016658;0.0;0.0;0.0;0.0;0.0;0.0
1.0;1753877968.443246;18.395264;1.15;-1.65;0.12;-0.060326;0.982291;0.015297;0.0;0.0;0.0;0.0;0.0;0.0
1.0;1753877968.447843;18.393643;0.99;-1.61;0.09;-0.058624;0.98135;0.015531;0.0;0.0;0.0;0.0;0.0;0.0
1.0;1753877968.452441;18.387102;1.13;-1.68;0.03;-0.058801;0.981303;0.017221;0.0;0.0;0.0;0.0;0.0;0.0
1.0;1753877968.457039;18.405166;0.9;-1.63;0.08;-0.057411;0.981712;0.015516;0.0;0.0;0.0;0.0;0.0;0.0
1.0;1753877968.461637;18.399239;1.09;-1.66;-0.05;-0.060999;0.981941;0.014236;0.0;0.0;0.0;0.0;0.0;0.0
1.0;1753877968.466235;18.404234;1.05;-1.57;0.06;-0.059775;0.980815;0.015028;0.0;0.0;0.0;0.0;0.0;0.0
1.0;1753877968.470833;18.418249;1.1;-1.64;0.15;-0.05677;0.982346;0.013943;0.0;0.0;0.0;0.0;0.0;0.0
1.0;1753877968.475431;18.39927;1.04;-1.72;0.1;-0.058065;0.980224;0.014817;0.0;0.0;0.0;0.0;0.0;0.0
1.0;1753877968.480029;18.425143;1.08;-1.62;0.08;-0.057135;0.981801;0.015426;0.0;0.0;0.0;0.0;0.0;0.0
1.0;1753877968.484626;18.365652;1.09;-1.67;0.19;-0.059364;0.981802;0.015814;0.0;0.0;0.0;0.0;0.0;0.0
1.0;1753877968.489224;18.37823;0.96;-1.66;0.12;-0.057607;0.980284;0.015134;0.0;0.0;0.0;0.0;0.0;0.0
1.0;1753877968.493822;18.422858;1.06;-1.71;0.12;-0.056209;0.982483;0.015156;0.0;0.0;0.0;0.0;0.0;0.0
1.0;1753877968.49842;18.38174;1.01;-1.57;0.04;-0.05564;0.982879;0.017152;0.0;0.0;0.0;0.0;0.0;0.0
1.0;1753877968.503018;18.403582;0.95;-1.59;0.09;-0.059722;0.981426;0.015872;0.0;0.0;0.0;0.0;0.0;0.0
1.0;1753877968.507616;18.408889;1.04;-1.62;0.13;-0.058404;0.983009;0.015617;0.0;0.0;0.0;0.0;0.0;0.0
1.0;1753877968.512214;18.372387;0.97;-1.67;0.09;-0.060958;0.980991;0.015263;0.0;0.0;0.0;0.0;0.0;0.0
1.0;1753877968.516812;18.418157;1.08;-1.74;0.06;-0.058828;0.98194;0.01504;0.0;0.0;0.0;0.0;0.0;0.0
1.0;1753877968.52141;18.415979;1.04;-1.62;0.1;-0.055264;0.981746;0.017023;0.0;0.0;0.0;0.0;0.0;0.0
1.0;1753877968.526008;18.42973;1.1;-1.69;-0.01;-0.062703;0.981941;0.016302;0.0;0.0;0.0;0.0;0.0;0.0
1.0;1753877968.530606;18.363094;1.05;-1.62;-0.02;-0.057893;0.981238;0.014899;0.0;0.0;0.0;0.0;0.0;0.0
1.0;1753877968.535204;18.39041;1.05;-1.63;0.11;-0.057587;0.980738;0.017645;0.0;0.0;0.0;0.0;0.0;0.0
1.0;1753877968.539801;18.383051;1.06;-1.67;0.03;-0.056594;0.982479;0.015457;0.0;0.0;0.0;0.0;0.0;0.0
1.0;1753877968.544399;18.354026;0.95;-1.72;0.01;-0.064632;0.981567;0.016186;0.0;0.0;0.0;0.0;0.0;0.0
1.0;1753877968.548997;18.394342;1.1;-1.74;0.05;-0.058941;0.980668;0.01591;0.0;0.0;0.0;0.0;0.0;0.0
1.0;1753877968.553595;18.392593;1.02;-1.67;0.01;-0.056995;0.981602;0.015541;0.0;0.0;0.0;0.0;0.0;0.0
1.0;1753877968.558193;18.348563;1.05;-1.65;0.09;-0.061112;0.980607;0.014049;0.0;0.0;0.0;0.0;0.0;0.0
1.0;1753877968.562791;18.374612;1.0;-1.67;0.09;-0.059702;0.982;0.015116;0.0;0.0;0.0;0.0;0.0;0.0
1.0;1753877968.567389;18.389003;1.1;-1.62;0.04;-0.053448;0.980758;0.013785;0.0;0.0;0.0;0.0;0.0;0.0
1.0;1753877968.571987;18.34185;1.0;-1.73;0.06;-0.058305;0.981783;0.016067;0.0;0.0;0.0;0.0;0.0;0.0
1.0;1753877968.576584;18.423013;1.11;-1.6;0.08;-0.059811;0.98181;0.01664;0.0;0.0;0.0;0.0;0.0;0.0
1.0;1753877968.581182;18.342751;1.04;-1.58;0.1;-0.056707;0.981804;0.015163;0.0;0.0;0.0;0.0;0.0;0.0
1.0;1753877968.58578;18.33004;1.09;-1.64;0.03;-0.054068;0.980011;0.016163;0.0;0.0;0.0;0.0;0.0;0.0
1.0;1753877968.590378;18.382872;1.01;-1.67;0.06;-0.057318;0.981015;0.015278;0.0;0.0;0.0;0.0;0.0;0.0
1.0;1753877968.594976;18.366491;1.04;-1.66;-0.01;-0.060098;0.981427;0.017313;0.0;0.0;0.0;0.0;0.0;0.0
1.0;1753877968.599574;18.396869;1.07;-1.71;0.19;-0.059883;0.981212;0.014467;0.0;0.0;0.0;0.0;0.0;0.0
1.0;1753877968.604172;18.404357;1.13;-1.68;0.09;-0.060039;0.981333;0.016581;0.0;0.0;0.0;0.0;0.0;0.0
1.0;1753877968.60877;18.324222;1.08;-1.68;0.02;-0.057938;0.982191;0.015459;0.0;0.0;0.0;0.0;0.0;0.0
1.0;1753877968.613368;18.354712;1.04;-1.68;0.13;-0.060246;0.981777;0.013985;0.0;0.0;0.0;0.0;0.0;0.0
1.0;1753877968.617966;18.427738;1.08;-1.7;0.07;-0.055306;0.981016;0.015112;0.0;0.0;0.0;0.0;0.0;0.0
1.0;1753877968.622564;18.402304;1.05;-1.66;0.05;-0.058358;0.981387;0.014009;0.0;0.0;0.0;0.0;0.0;0.0
1.0;1753877968.627162;18.380524;1.11;-1.74;0.06;-0.057497;0.981185;0.016238;0.0;0.0;0.0;0.0;0.0;0.0
1.0;1753877968.63176;18.33397;1.07;-1.57;-0.02;-0.057852;0.980941;0.014082;0.0;0.0;0.0;0.0;0.0;0.0
1.0;1753877968.636357;18.37149;1.04;-1.67;0.06;-0.056731;0.98146;0.015539;0.0;0.0;0.0;0.0;0.0;0.0
1.0;1753877968.640955;18.340653;1.03;-1.65;0.11;-0.057426;0.98143;0.013931;0.0;0.0;0.0;0.0;0.0;0.0
1.0;1753877968.645553;18.409463;1.02;-1.62;0.12;-0.058128;0.981775;0.016072;0.0;0.0;0.0;0.0;0.0;0.0
1.0;1753877968.650151;18.388204;0.93;-1.77;0.08;-0.05944;0.981782;0.01525;0.0;0.0;0.0;0.0;0.0;0.0
1.0;1753877968.654749;18.383363;1.04;-1.69;-0.02;-0.058701;0.980568;0.013829;0.0;0.0;0.0;0.0;0.0;0.0
1.0;1753877968.659347;18.387423;1.08;-1.69;0.06;-0.059579;0.980506;0.017298;0.0;0.0;0.0;0.0;0.0;0.0
1.0;1753877968.663945;18.426518;1.05;-1.85;0.01;-0.05975;0.982124;0.014956;0.0;0.0;0.0;0.0;0.0;0.0
1.0;1753877968.668542;18.392709;1.06;-1.6;0.02;-0.061371;0.980974;0.013955;0.0;0.0;0.0;0.0;0.0;0.0
1.0;1753877968.67314;18.386026;0.99;-1.63;0.04;-0.057613;0.981231;0.014708;0.0;0.0;0.0;0.0;0.0;0.0
1.0;1753877968.677738;18.390778;1.08;-1.72;0.1;-0.059777;0.981347;0.015485;0.0;0.0;0.0;0.0;0.0;0.0
1.0;1753877968.682336;18.391468;0.98;-1.76;0.04;-0.057906;0.979801;0.015593;0.0;0.0;0.0;0.0;0.0;0.0
1.0;1753877968.686934;18.365933;1.11;-1.66;0.18;-0.057919;0.980925;0.014824;0.0;0.0;0.0;0.0;0.0;0.0
1.0;1753877968.691532;18.344626;1.03;-1.64;0.12;-0.060191;0.981295;0.015738;0.0;0.0;0.0;0.0;0.0;0.0
1.0;1753877968.69613;18.384009;1.09;-1.73;0.1;-0.061322;0.980537;0.015188;0.0;0.0;0.0;0.0;0.0;0.0
1.0;1753877968.700728;18.370196;1.08;-1.82;-0.01;-0.059933;0.980549;0.016056;0.0;0.0;0.0;0.0;0.0;0.0
1.0;1753877968.705326;18.379296;1.04;-1.64;0.13;-0.058259;0.980474;0.015971;0.0;0.0;0.0;0.0;0.0;0.0
1.0;1753877968.709924;18.380329;1.04;-1.69;0.11;-0.060316;0.980861;0.015129;0.0;0.0;0.0;0.0;0.0;0.0
1.0;1753877968.714522;18.371235;1.02;-1.65;0.02;-0.060327;0.981119;0.01559;0.0;0.0;0.0;0.0;0.0;0.0
1.0;1753877968.71912;18.378942;1.08;-1.75;0.06;-0.056666;0.980223;0.015208;0.0;0.0;0.0;0.0;0.0;0.0
1.0;1753877968.723718;18.364492;1.07;-1.72;0.1;-0.061588;0.981517;0.016286;0.0;0.0;0.0;0.0;0.0;0.0
1.0;1753877968.728315;18.350571;1.03;-1.74;0.13;-0.058527;0.980495;0.015242;0.0;0.0;0.0;0.0;0.0;0.0
1.0;1753877968.732913;18.369886;0.95;-1.85;0.09;-0.057264;0.981453;0.015063;0.0;0.0;0.0;0.0;0.0;0.0
1.0;1753877968.737511;18.371326;1.04;-1.73;0.1;-0.060172;0.980027;0.014351;0.0;0.0;0.0;0.0;0.0;0.0
1.0;1753877968.742109;18.393993;1.04;-1.75;0.06;-0.061101;0.979429;0.016123;0.0;0.0;0.0;0.0;0.0;0.0
1.0;1753877968.746707;18.392069;1.09;-1.76;0.13;-0.058181;0.980814;0.01569;0.0;0.0;0.0;0.0;0.0;0.0
1.0;1753877968.751305;18.371828;1.07;-1.7;0.05;-0.060714;0.981027;0.013724;0.0;0.0;0.0;0.0;0.0;0.0
1.0;1753877968.755903;18.415157;0.95;-1.85;0.09;-0.059518;0.980346;0.013796;0.0;0.0;0.0;0.0;0.0;0.0
1.0;1753877968.760501;18.364811;1.09;-1.65;0.09;-0.058999;0.980249;0.01483;0.0;0.0;0.0;0.0;0.0;0.0
1.0;1753877968.765098;18.350815;1.05;-1.69;0.14;-0.056974;0.980936;0.01646;0.0;0.0;0.0;0.0;0.0;0.0
1.0;1753877968.769696;18.378166;0.99;-1.67;0.05;-0.057144;0.980517;0.015759;0.0;0.0;0.0;0.0;0.0;0.0
1.0;1753877968.774294;18.38531;1.07;-1.72;0.02;-0.059734;0.981154;0.014196;0.0;0.0;0.0;0.0;0.0;0.0
1.0;1753877968.778892;18.387607;1.03;-1.84;0.18;-0.060597;0.980626;0.016162;0.0;0.0;0.0;0.0;0.0;0.0
1.0;1753877968.78349;18.364213;0.93;-1.77;0.05;-0.060121;0.980426;0.014286;0.0;0.0;0.0;0.0;0.0;0.0
1.0;1753877968.788088;18.385261;1.04;-1.79;0.18;-0.060876;0.979849;0.014784;0.0;0.0;0.0;0.0;0.0;0.0
1.0;1753877968.792686;18.38871;1.1;-1.69;0.07;-0.061436;0.979821;0.016117;0.0;0.0;0.0;0.0;0.0;0.0
1.0;1753877968.797284;18.34256;1.15;-1.67;0.11;-0.0577;0.980419;0.014524;0.0;0.0;0.0;0.0;0.0;0.0
1.0;1753877968.801882;18.386057;1.11;-1.8;0.04;-0.059958;0.979415;0.014417;0.0;0.0;0.0;0.0;0.0;0.0
1.0;1753877968.80648;18.322345;0.93;-1.71;0.04;-0.060265;0.981268;0.014238;0.0;0.0;0.0;0.0;0.0;0.0
1.0;1753877968.8138;18.371094;1.05;-1.75;0.07;-0.058926;0.980514;0.014518;0.0;0.0;0.0;0.0;0.0;0.0
1.0;1753877968.818398;18.342241;1.05;-1.81;0.09;-0.059561;0.98154;0.013653;0.0;0.0;0.0;0.0;0.0;0.0
1.0;1753877968.82579;18.328125;1.05;-1.68;0.07;-0.057096;0.981246;0.014884;0.0;0.0;0.0;0.0;0.0;0.0
1.0;1753877968.830388;18.336584;1.06;-1.7;0.11;-0.056458;0.981835;0.014344;0.0;0.0;0.0;0.0;0.0;0.0
1.0;1753877968.834986;18.338635;1.04;-1.7;0.09;-0.059871;0.982381;0.013813;0.0;0.0;0.0;0.0;0.0;0.0
1.0;1753877968.839584;18.335526;1.06;-1.74;0.06;-0.056592;0.981152;0.014328;0.0;0.0;0.0;0.0;0.0;0.0
1.0;1753877968.844182;18.295712;1.05;-1.62;0.06;-0.058325;0.980938;0.014488;0.0;0.0;0.0;0.0;0.0;0.0
1.0;1753877968.84878;18.34539;1.08;-1.72;-0.02;-0.057898;0.981979;0.014015;0.0;0.0;0.0;0.0;0.0;0.0
1.0;1753877968.85494;18.328125;1.05;-1.68;0.07;-0.060024;0.981856;0.014518;0.0;0.0;0.0;0.0;0.0;0.0
1.0;1753877968.859538;18.327421;1.04;-1.73;0.12;-0.059548;0.982231;0.014301;0.0;0.0;0.0;0.0;0.0;0.0
1.0;1753877968.864136;18.293873;1.02;-1.6;0.11;-0.0605;0.981619;0.015973;0.0;0.0;0.0;0.0;0.0;0.0
1.0;1753877968.868734;18.34964;1.11;-1.73;0.04;-0.05654;0.98156;0.014015;0.0;0.0;0.0;0.0;0.0;0.0
1.0;1753877968.873332;18.354177;1.08;-1.77;0.2;-0.060018;0.981344;0.015147;0.0;0.0;0.0;0.0;0.0;0.0
1.0;1753877968.87793;18.344605;1.08;-1.67;0.09;-0.057205;0.981148;0.015422;0.0;0.0;0.0;0.0;0.0;0.0
1.0;1753877968.882527;18.275611;1.08;-1.71;0.08;-0.057619;0.981338;0.015171;0.0;0.0;0.0;0.0;0.0;0.0
1.0;1753877968.887125;18.319059;1.07;-1.63;0.12;-0.058328;0.979271;0.015591;0.0;0.0;0.0;0.0;0.0;0.0
1.0;1753877968.891723;18.302906;1.11;-1.54;0.1;-0.057776;0.981452;0.01541;0.0;0.0;0.0;0.0;0.0;0.0
1.0;1753877968.896321;18.305954;1.09;-1.65;0.08;-0.055689;0.980434;0.016025;0.0;0.0;0.0;0.0;0.0;0.0
1.0;1753877968.9012;18.328125;1.12;-1.61;0.14;-0.057828;0.980758;0.015982;0.0;0.0;0.0;0.0;0.0;0.0
1.0;1753877968.905798;18.320222;1.11;-1.53;0.19;-0.059263;0.98065;0.016829;0.0;0.0;0.0;0.0;0.0;0.0
1.0;1753877968.910396;18.324717;1.1;-1.55;0.01;-0.057654;0.982112;0.015828;0.0;0.0;0.0;0.0;0.0;0.0
1.0;1753877968.914994;18.290154;1.14;-1.7;0.13;-0.058211;0.981235;0.016284;0.0;0.0;0.0;0.0;0.0;0.0
1.0;1753877968.919592;18.336277;1.11;-1.65;0.22;-0.059425;0.981249;0.01703;0.0;0.0;0.0;0.0;0.0;0.0
1.0;1753877968.92419;18.341966;1.12;-1.61;0.21;-0.057197;0.980015;0.016821;0.0;0.0;0.0;0.0;0.0;0.0
1.0;1753877968.928788;18.3199;1.14;-1.65;0.15;-0.058248;0.980828;0.014951;0.0;0.0;0.0;0.0;0.0;0.0
1.0;1753877968.933385;18.388486;1.15;-1.68;0.11;-0.058259;0.979609;0.015187;0.0;0.0;0.0;0.0;0.0;0.0
1.0;1753877968.937983;18.321516;1.17;-1.56;0.1;-0.060989;0.98067;0.015549;0.0;0.0;0.0;0.0;0.0;0.0
1.0;1753877968.942581;18.315189;1.07;-1.63;0.18;-0.059356;0.980055;0.014866;0.0;0.0;0.0;0.0;0.0;0.0
1.0;1753877968.947179;18.311931;1.17;-1.64;0.17;-0.058762;0.980276;0.013898;0.0;0.0;0.0;0.0;0.0;0.0
1.0;1753877968.951777;18.319853;1.18;-1.7;0.19;-0.057848;0.980072;0.01464;0.0;0.0;0.0;0.0;0.0;0.0
1.0;1753877968.956375;18.32734;1.13;-1.69;0.12;-0.060949;0.9798;0.015536;0.0;0.0;0.0;0.0;0.0;0.0
1.0;1753877968.960973;18.325623;1.15;-1.6;0.16;-0.061406;0.980592;0.015649;0.0;0.0;0.0;0.0;0.0;0.0
1.0;1753877968.965571;18.316472;1.14;-1.6;0.06;-0.057555;0.979748;0.015065;0.0;0.0;0.0;0.0;0.0;0.0
1.0;1753877968.970168;18.334503;1.11;-1.76;0.1;-0.057634;0.980262;0.014753;0.0;0.0;0.0;0.0;0.0;0.0
1.0;1753877968.974766;18.333365;1.09;-1.65;0.15;-0.060233;0.980529;0.014245;0.0;0.0;0.0;0.0;0.0;0.0
1.0;1753877968.979364;18.346727;1.16;-1.7;0.13;-0.060495;0.981406;0.013823;0.0;0.0;0.0;0.0;0.0;0.0
1.0;1753877968.98403;18.328125;1.12;-1.68;0.14;-0.06039;0.980148;0.014396;0.0;0.0;0.0;0.0;0.0;0.0
1.0;1753877968.99201;18.351562;1.12;-1.68;0.07;-0.057462;0.981124;0.015982;0.0;0.0;0.0;0.0;0.0;0.0
1.0;1753877968.996608;18.349033;0.94;-1.71;0.04;-0.057029;0.981429;0.016207;0.0;0.0;0.0;0.0;0.0;0.0
1.0;1753877969.001206;18.361949;1.11;-1.61;0.03;-0.057647;0.980525;0.015158;0.0;0.0;0.0;0.0;0.0;0.0
1.0;1753877969.005804;18.323886;1.12;-1.71;0.06;-0.057281;0.982189;0.016447;0.0;0.0;0.0;0.0;0.0;0.0
1.0;1753877969.010402;18.343147;1.09;-1.65;0.02;-0.057979;0.98035;0.016462;0.0;0.0;0.0;0.0;0.0;0.0
1.0;1753877969.015;18.300164;1.09;-1.65;0.07;-0.056112;0.981923;0.015371;0.0;0.0;0.0;0.0;0.0;0.0
1.0;1753877969.019598;18.329411;1.08;-1.72;0.07;-0.058308;0.981211;0.016201;0.0;0.0;0.0;0.0;0.0;0.0
1.0;1753877969.024196;18.367631;1.13;-1.64;0.05;-0.056362;0.981654;0.016548;0.0;0.0;0.0;0.0;0.0;0.0
1.0;1753877969.028793;18.352942;1.14;-1.68;0.04;-0.057948;0.983226;0.015947;0.0;0.0;0.0;0.0;0.0;0.0
1.0;1753877969.033391;18.311969;1.14;-1.68;0.06;-0.055403;0.981036;0.016428;0.0;0.0;0.0;0.0;0.0;0.0
1.0;1753877969.037989;18.350294;1.12;-1.72;0.07;-0.059636;0.980227;0.016288;0.0;0.0;0.0;0.0;0.0;0.0
1.0;1753877969.042587;18.324832;1.1;-1.66;-0.02;-0.0555;0.982221;0.017632;0.0;0.0;0.0;0.0;0.0;0.0
1.0;1753877969.047185;18.328092;1.15;-1.58;-0.01;-0.057114;0.981481;0.016148;0.0;0.0;0.0;0.0;0.0;0.0
1.0;1753877969.051783;18.318986;1.14;-1.67;0.02;-0.05574;0.981846;0.016302;0.0;0.0;0.0;0.0;0.0;0.0
1.0;1753877969.056381;18.305907;1.13;-1.76;0.03;-0.060428;0.983341;0.015779;0.0;0.0;0.0;0.0;0.0;0.0
1.0;1753877969.060979;18.344864;1.08;-1.63;0.02;-0.057026;0.979224;0.01569;0.0;0.0;0.0;0.0;0.0;0.0
1.0;1753877969.065576;18.321027;1.14;-1.63;0.02;-0.05594;0.982535;0.015848;0.0;0.0;0.0;0.0;0.0;0.0
1.0;1753877969.070174;18.307938;1.09;-1.58;0.01;-0.054582;0.979991;0.018041;0.0;0.0;0.0;0.0;0.0;0.0
1.0;1753877969.074772;18.298925;1.1;-1.69;0.02;-0.056203;0.981094;0.016802;0.0;0.0;0.0;0.0;0.0;0.0
1.0;1753877969.07937;18.331837;1.23;-1.73;0.07;-0.058547;0.982443;0.017179;0.0;0.0;0.0;0.0;0.0;0.0
1.0;1753877969.083968;18.289197;1.03;-1.67;-0.02;-0.057021;0.981388;0.015849;0.0;0.0;0.0;0.0;0.0;0.0
1.0;1753877969.088566;18.305431;1.02;-1.72;0.01;-0.055872;0.982874;0.016583;0.0;0.0;0.0;0.0;0.0;0.0
1.0;1753877969.093164;18.286457;1.02;-1.71;-0.02;-0.057773;0.982168;0.015422;0.0;0.0;0.0;0.0;0.0;0.0
1.0;1753877969.097762;18.305685;1.04;-1.77;0.0;-0.059283;0.981751;0.014031;0.0;0.0;0.0;0.0;0.0;0.0
1.0;1753877969.10236;18.326088;1.12;-1.66;-0.09;-0.057271;0.983045;0.016296;0.0;0.0;0.0;0.0;0.0;0.0
1.0;1753877969.106958;18.302573;1.09;-1.66;-0.0;-0.056463;0.981506;0.015797;0.0;0.0;0.0;0.0;0.0;0.0
1.0;1753877969.111556;18.294984;1.02;-1.7;0.04;-0.055684;0.982616;0.016483;0.0;0.0;0.0;0.0;0.0;0.0
1.0;1753877969.1195;18.296875;1.12;-1.68;0.0;-0.056852;0.981612;0.016348;0.0;0.0;0.0;0.0;0.0;0.0
1.0;1753877969.124098;18.317455;1.12;-1.73;-0.03;-0.058699;0.981573;0.016834;0.0;0.0;0.0;0.0;0.0;0.0
1.0;1753877969.128696;18.318513;1.1;-1.74;0.05;-0.054944;0.980691;0.014769;0.0;0.0;0.0;0.0;0.0;0.0
1.0;1753877969.133294;18.309116;1.21;-1.71;0.01;-0.056009;0.981244;0.017718;0.0;0.0;0.0;0.0;0.0;0.0
1.0;1753877969.137892;18.298034;1.14;-1.72;-0.05;-0.059565;0.981423;0.016933;0.0;0.0;0.0;0.0;0.0;0.0
1.0;1753877969.14249;18.308627;1.14;-1.77;-0.1;-0.054792;0.981598;0.015215;0.0;0.0;0.0;0.0;0.0;0.0
1.0;1753877969.147087;18.325771;1.14;-1.67;0.01;-0.057093;0.981181;0.01651;0.0;0.0;0.0;0.0;0.0;0.0
1.0;1753877969.151685;18.30431;1.12;-1.62;0.02;-0.057528;0.98065;0.015792;0.0;0.0;0.0;0.0;0.0;0.0
1.0;1753877969.156283;18.309663;1.1;-1.53;-0.03;-0.058278;0.981583;0.015766;0.0;0.0;0.0;0.0;0.0;0.0
1.0;1753877969.160881;18.288212;1.18;-1.64;0.01;-0.056967;0.980894;0.015633;0.0;0.0;0.0;0.0;0.0;0.0
1.0;1753877969.165479;18.316515;1.17;-1.65;0.0;-0.055961;0.981386;0.014808;0.0;0.0;0.0;0.0;0.0;0.0
1.0;1753877969.170077;18.292117;1.16;-1.73;-0.03;-0.054023;0.980848;0.015504;0.0;0.0;0.0;0.0;0.0;0.0
1.0;1753877969.174675;18.32166;1.22;-1.64;0.03;-0.055051;0.981078;0.015967;0.0;0.0;0.0;0.0;0.0;0.0
1.0;1753877969.179273;18.292968;1.03;-1.62;-0.0;-0.056802;0.980787;0.016995;0.0;0.0;0.0;0.0;0.0;0.0
1.0;1753877969.18387;18.309702;1.12;-1.73;-0.02;-0.057366;0.980871;0.016789;0.0;0.0;0.0;0.0;0.0;0.0
1.0;1753877969.188468;18.280934;1.12;-1.62;0.03;-0.057444;0.981183;0.017272;0.0;0.0;0.0;0.0;0.0;0.0
1.0;1753877969.193066;18.277043;1.13;-1.62;0.02;-0.05698;0.981469;0.015333;0.0;0.0;0.0;0.0;0.0;0.0
1.0;1753877969.197664;18.299313;1.23;-1.67;-0.03;-0.055004;0.980305;0.014721;0.0;0.0;0.0;0.0;0.0;0.0
1.0;1753877969.202262;18.289027;1.14;-1.73;-0.01;-0.058683;0.982274;0.017244;0.0;0.0;0.0;0.0;0.0;0.0
1.0;1753877969.20686;18.31429;1.1;-1.61;0.02;-0.059215;0.982179;0.015636;0.0;0.0;0.0;0.0;0.0;0.0
1.0;1753877969.211458;18.298409;1.16;-1.71;0.05;-0.055401;0.982615;0.016447;0.0;0.0;0.0;0.0;0.0;0.0
1.0;1753877969.216056;18.321142;1.15;-1.61;-0.04;-0.057368;0.983286;0.015864;0.0;0.0;0.0;0.0;0.0;0.0
1.0;1753877969.220654;18.29461;1.1;-1.62;0.02;-0.057979;0.981315;0.016204;0.0;0.0;0.0;0.0;0.0;0.0
1.0;1753877969.225252;18.294229;1.13;-1.7;0.02;-0.060347;0.982322;0.014551;0.0;0.0;0.0;0.0;0.0;0.0
1.0;1753877969.22985;18.286827;1.14;-1.73;0.04;-0.059776;0.982581;0.015359;0.0;0.0;0.0;0.0;0.0;0.0
1.0;1753877969.234448;18.296017;1.21;-1.61;0.04;-0.057596;0.982754;0.016253;0.0;0.0;0.0;0.0;0.0;0.0
1.0;1753877969.239046;18.259901;1.11;-1.67;-0.02;-0.054531;0.980725;0.016293;0.0;0.0;0.0;0.0;0.0;0.0
1.0;1753877969.243643;18.297005;1.1;-1.67;-0.02;-0.058301;0.981877;0.016489;0.0;0.0;0.0;0.0;0.0;0.0
1.0;1753877969.248241;18.289427;1.11;-1.72;0.04;-0.057757;0.982867;0.017075;0.0;0.0;0.0;0.0;0.0;0.0
1.0;1753877969.252839;18.293685;1.06;-1.72;0.0;-0.058222;0.981221;0.015889;0.0;0.0;0.0;0.0;0.0;0.0
1.0;1753877969.257437;18.309638;1.17;-1.71;0.05;-0.059849;0.982668;0.01609;0.0;0.0;0.0;0.0;0.0;0.0
1.0;1753877969.262035;18.329914;1.06;-1.73;0.05;-0.05844;0.981234;0.015205;0.0;0.0;0.0;0.0;0.0;0.0
1.0;1753877969.266633;18.311318;1.13;-1.73;0.1;-0.059126;0.980817;0.015352;0.0;0.0;0.0;0.0;0.0;0.0
1.0;1753877969.271231;18.294817;1.13;-1.67;0.01;-0.057036;0.980903;0.015557;0.0;0.0;0.0;0.0;0.0;0.0
1.0;1753877969.275828;18.263195;1.11;-1.67;0.08;-0.060537;0.981838;0.014668;0.0;0.0;0.0;0.0;0.0;0.0
1.0;1753877969.280426;18.28995;1.18;-1.66;0.03;-0.056546;0.982978;0.014081;0.0;0.0;0.0;0.0;0.0;0.0
1.0;1753877969.285024;18.295329;1.15;-1.57;0.05;-0.058998;0.981579;0.01478;0.0;0.0;0.0;0.0;0.0;0.0
1.0;1753877969.289622;18.302746;1.09;-1.72;0.07;-0.060288;0.982245;0.014347;0.0;0.0;0.0;0.0;0.0;0.0
1.0;1753877969.29422;18.309404;1.1;-1.63;0.03;-0.057988;0.981989;0.014069;0.0;0.0;0.0;0.0;0.0;0.0
1.0;1753877969.298818;18.293932;1.12;-1.7;-0.0;-0.061819;0.983091;0.015181;0.0;0.0;0.0;0.0;0.0;0.0
1.0;1753877969.303416;18.295991;1.19;-1.61;0.06;-0.05876;0.980189;0.014906;0.0;0.0;0.0;0.0;0.0;0.0
1.0;1753877969.308014;18.309337;1.09;-1.74;0.02;-0.057605;0.982235;0.016681;0.0;0.0;0.0;0.0;0.0;0.0
1.0;1753877969.312612;18.307203;1.19;-1.69;0.03;-0.057676;0.97932;0.015252;0.0;0.0;0.0;0.0;0.0;0.0
1.0;1753877969.31721;18.281126;1.13;-1.74;-0.03;-0.059697;0.983417;0.016498;0.0;0.0;0.0;0.0;0.0;0.0
1.0;1753877969.321808;18.312419;1.15;-1.74;0.01;-0.057871;0.979852;0.017479;0.0;0.0;0.0;0.0;0.0;0.0
1.0;1753877969.326406;18.303078;1.15;-1.67;0.04;-0.057148;0.981276;0.015166;0.0;0.0;0.0;0.0;0.0;0.0
1.0;1753877969.331004;18.304728;1.14;-1.59;-0.02;-0.059074;0.981664;0.015156;0.0;0.0;0.0;0.0;0.0;0.0
1.0;1753877969.335601;18.255055;1.08;-1.65;0.01;-0.060208;0.981656;0.01508;0.0;0.0;0.0;0.0;0.0;0.0
1.0;1753877969.340199;18.270348;1.07;-1.65;0.03;-0.058549;0.983176;0.015683;0.0;0.0;0.0;0.0;0.0;0.0
1.0;1753877969.344797;18.331512;1.12;-1.76;0.05;-0.056884;0.981245;0.014874;0.0;0.0;0.0;0.0;0.0;0.0
1.0;1753877969.349395;18.311081;1.17;-1.66;-0.03;-0.056142;0.981007;0.014894;0.0;0.0;0.0;0.0;0.0;0.0
1.0;1753877969.353993;18.319832;1.2;-1.66;-0.0;-0.061221;0.982624;0.015346;0.0;0.0;0.0;0.0;0.0;0.0
1.0;1753877969.358591;18.284972;1.16;-1.73;0.1;-0.059085;0.981831;0.015946;0.0;0.0;0.0;0.0;0.0;0.0
1.0;1753877969.363189;18.302442;1.21;-1.62;0.01;-0.061115;0.981814;0.014973;0.0;0.0;0.0;0.0;0.0;0.0
1.0;1753877969.367787;18.30344;1.14;-1.77;0.02;-0.060405;0.982018;0.015533;0.0;0.0;0.0;0.0;0.0;0.0
1.0;1753877969.372384;18.276914;1.05;-1.7;0.03;-0.063668;0.981222;0.016118;0.0;0.0;0.0;0.0;0.0;0.0
1.0;1753877969.376982;18.291708;1.22;-1.55;0.1;-0.05838;0.981925;0.016396;0.0;0.0;0.0;0.0;0.0;0.0
1.0;1753877969.38158;18.312184;1.13;-1.67;0.04;-0.05691;0.981292;0.015742;0.0;0.0;0.0;0.0;0.0;0.0
1.0;1753877969.386178;18.295524;1.16;-1.79;0.05;-0.057872;0.98385;0.015292;0.0;0.0;0.0;0.0;0.0;0.0
1.0;1753877969.390776;18.285586;1.17;-1.61;0.01;-0.059072;0.982049;0.015447;0.0;0.0;0.0;0.0;0.0;0.0
1.0;1753877969.395374;18.295836;1.15;-1.75;-0.01;-0.058378;0.98291;0.014354;0.0;0.0;0.0;0.0;0.0;0.0
1.0;1753877969.399972;18.307307;1.14;-1.71;0.04;-0.059814;0.983087;0.01563;0.0;0.0;0.0;0.0;0.0;0.0
1.0;1753877969.40457;18.298587;1.14;-1.68;0.01;-0.058337;0.981987;0.014103;0.0;0.0;0.0;0.0;0.0;0.0
1.0;1753877969.409168;18.309054;1.21;-1.57;-0.03;-0.058712;0.983157;0.013967;0.0;0.0;0.0;0.0;0.0;0.0
1.0;1753877969.413766;18.331055;1.14;-1.57;0.05;-0.054918;0.981246;0.015743;0.0;0.0;0.0;0.0;0.0;0.0
1.0;1753877969.418364;18.301053;1.13;-1.73;0.04;-0.060204;0.98295;0.014049;0.0;0.0;0.0;0.0;0.0;0.0
1.0;1753877969.422962;18.292711;1.19;-1.62;0.1;-0.060517;0.98213;0.016416;0.0;0.0;0.0;0.0;0.0;0.0
1.0;1753877969.42756;18.282917;1.13;-1.63;-0.01;-0.056145;0.983064;0.015669;0.0;0.0;0.0;0.0;0.0;0.0
1.0;1753877969.432157;18.302999;1.15;-1.73;0.01;-0.062577;0.983013;0.013843;0.0;0.0;0.0;0.0;0.0;0.0
1.0;1753877969.436755;18.309145;1.13;-1.57;0.05;-0.060428;0.981275;0.014636;0.0;0.0;0.0;0.0;0.0;0.0
1.0;1753877969.441353;18.30625;1.12;-1.63;0.02;-0.062987;0.981594;0.015221;0.0;0.0;0.0;0.0;0.0;0.0
1.0;1753877969.445951;18.278331;1.2;-1.74;0.05;-0.059432;0.982586;0.015855;0.0;0.0;0.0;0.0;0.0;0.0
1.0;1753877969.450549;18.300025;1.12;-1.69;0.06;-0.060332;0.981479;0.015604;0.0;0.0;0.0;0.0;0.0;0.0
1.0;1753877969.455147;18.284565;1.16;-1.73;0.01;-0.057591;0.983107;0.015975;0.0;0.0;0.0;0.0;0.0;0.0
1.0;1753877969.459745;18.317306;1.01;-1.69;0.04;-0.057764;0.981935;0.014317;0.0;0.0;0.0;0.0;0.0;0.0
1.0;1753877969.464342;18.310425;1.15;-1.58;0.05;-0.060241;0.984226;0.014563;0.0;0.0;0.0;0.0;0.0;0.0
1.0;1753877969.46894;18.319654;1.21;-1.66;0.09;-0.059858;0.982685;0.015904;0.0;0.0;0.0;0.0;0.0;0.0
1.0;1753877969.473538;18.280848;1.09;-1.79;0.03;-0.060897;0.983576;0.014112;0.0;0.0;0.0;0.0;0.0;0.0
1.0;1753877969.478136;18.30615;1.14;-1.67;0.06;-0.061838;0.980592;0.013582;0.0;0.0;0.0;0.0;0.0;0.0
1.0;1753877969.482734;18.302921;1.08;-1.55;0.02;-0.059613;0.980993;0.015157;0.0;0.0;0.0;0.0;0.0;0.0
1.0;1753877969.487332;18.311342;1.09;-1.7;0.08;-0.059336;0.982559;0.015651;0.0;0.0;0.0;0.0;0.0;0.0
1.0;1753877969.49193;18.280748;1.13;-1.63;0.02;-0.061318;0.98036;0.012933;0.0;0.0;0.0;0.0;0.0;0.0
1.0;1753877969.496528;18.310608;1.15;-1.68;0.13;-0.059526;0.982272;0.015267;0.0;0.0;0.0;0.0;0.0;0.0
1.0;1753877969.501126;18.297057;1.15;-1.7;0.11;-0.059085;0.981519;0.015658;0.0;0.0;0.0;0.0;0.0;0.0
1.0;1753877969.505724;18.302941;1.03;-1.68;0.07;-0.061642;0.981976;0.015123;0.0;0.0;0.0;0.0;0.0;0.0
1.0;1753877969.510322;18.27538;1.17;-1.69;0.11;-0.057929;0.983706;0.013578;0.0;0.0;0.0;0.0;0.0;0.0
1.0;1753877969.51492;18.295649;1.21;-1.62;0.03;-0.058306;0.983285;0.014143;0.0;0.0;0.0;0.0;0.0;0.0
1.0;1753877969.519518;18.296916;1.12;-1.75;0.07;-0.060303;0.982514;0.014235;0.0;0.0;0.0;0.0;0.0;0.0
1.0;1753877969.524115;18.302062;1.17;-1.65;0.12;-0.061461;0.982724;0.013988;0.0;0.0;0.0;0.0;0.0;0.0
1.0;1753877969.528713;18.267466;1.19;-1.69;0.0;-0.05858;0.98242;0.01408;0.0;0.0;0.0;0.0;0.0;0.0
1.0;1753877969.533311;18.285854;1.1;-1.72;0.06;-0.062821;0.980393;0.01495;0.0;0.0;0.0;0.0;0.0;0.0
1.0;1753877969.537909;18.316914;1.11;-1.71;0.04;-0.062995;0.981547;0.015179;0.0;0.0;0.0;0.0;0.0;0.0
1.0;1753877969.542507;18.276079;1.14;-1.71;0.06;-0.065476;0.983773;0.015107;0.0;0.0;0.0;0.0;0.0;0.0
1.0;1753877969.547105;18.281927;1.02;-1.63;0.11;-0.061954;0.982262;0.013886;0.0;0.0;0.0;0.0;0.0;0.0
1.0;1753877969.551703;18.31885;1.18;-1.74;0.08;-0.063875;0.981387;0.016292;0.0;0.0;0.0;0.0;0.0;0.0
1.0;1753877969.5574;18.296875;1.12;-1.68;0.07;-0.061122;0.982344;0.014762;0.0;0.0;0.0;0.0;0.0;0.0
1.0;1753877969.561998;18.275354;1.17;-1.68;0.15;-0.061043;0.982027;0.015335;0.0;0.0;0.0;0.0;0.0;0.0
1.0;1753877969.566596;18.31619;1.21;-1.69;0.07;-0.061789;0.983029;0.014164;0.0;0.0;0.0;0.0;0.0;0.0
1.0;1753877969.571194;18.290149;1.04;-1.66;0.07;-0.066145;0.981122;0.013353;0.0;0.0;0.0;0.0;0.0;0.0
1.0;1753877969.575792;18.294059;1.18;-1.64;0.06;-0.059271;0.982927;0.014352;0.0;0.0;0.0;0.0;0.0;0.0
1.0;1753877969.58039;18.280096;1.1;-1.65;0.03;-0.060233;0.982191;0.015071;0.0;0.0;0.0;0.0;0.0;0.0
1.0;1753877969.584988;18.284372;1.11;-1.72;0.06;-0.05966;0.981255;0.014817;0.0;0.0;0.0;0.0;0.0;0.0
1.0;1753877969.589585;18.313988;1.11;-1.69;0.14;-0.062923;0.983396;0.013838;0.0;0.0;0.0;0.0;0.0;0.0
1.0;1753877969.594183;18.281638;1.12;-1.66;0.03;-0.057546;0.982898;0.014739;0.0;0.0;0.0;0.0;0.0;0.0
1.0;1753877969.598781;18.286849;1.1;-1.53;0.11;-0.061534;0.982342;0.015936;0.0;0.0;0.0;0.0;0.0;0.0
1.0;1753877969.603379;18.302009;1.19;-1.68;0.09;-0.061022;0.983548;0.015908;0.0;0.0;0.0;0.0;0.0;0.0
1.0;1753877969.607977;18.302162;1.02;-1.7;0.09;-0.059197;0.982054;0.014587;0.0;0.0;0.0;0.0;0.0;0.0
1.0;1753877969.612575;18.303068;1.17;-1.57;0.1;-0.060676;0.982662;0.014764;0.0;0.0;0.0;0.0;0.0;0.0
1.0;1753877969.617173;18.29879;1.1;-1.73;0.1;-0.059206;0.982342;0.014735;0.0;0.0;0.0;0.0;0.0;0.0
1.0;1753877969.62177;18.315089;1.06;-1.58;0.02;-0.061089;0.981729;0.014906;0.0;0.0;0.0;0.0;0.0;0.0
1.0;1753877969.626368;18.295238;1.13;-1.68;0.05;-0.057715;0.981877;0.014637;0.0;0.0;0.0;0.0;0.0;0.0
1.0;1753877969.630966;18.27317;1.07;-1.59;0.06;-0.060519;0.983044;0.015419;0.0;0.0;0.0;0.0;0.0;0.0
1.0;1753877969.635564;18.294793;1.2;-1.58;0.04;-0.059878;0.983032;0.015598;0.0;0.0;0.0;0.0;0.0;0.0
1.0;1753877969.640162;18.285559;1.15;-1.62;0.12;-0.060004;0.981906;0.015747;0.0;0.0;0.0;0.0;0.0;0.0
1.0;1753877969.64476;18.287243;1.15;-1.68;0.05;-0.060742;0.982546;0.014838;0.0;0.0;0.0;0.0;0.0;0.0
1.0;1753877969.649358;18.294076;1.05;-1.71;0.09;-0.061076;0.982391;0.013116;0.0;0.0;0.0;0.0;0.0;0.0
1.0;1753877969.653956;18.299211;1.08;-1.69;0.04;-0.059429;0.980913;0.015081;0.0;0.0;0.0;0.0;0.0;0.0
1.0;1753877969.658554;18.286615;1.09;-1.68;0.11;-0.060452;0.980493;0.015043;0.0;0.0;0.0;0.0;0.0;0.0
1.0;1753877969.663152;18.296824;1.07;-1.65;0.06;-0.058097;0.982311;0.014665;0.0;0.0;0.0;0.0;0.0;0.0
1.0;1753877969.66775;18.271;1.13;-1.63;0.06;-0.058855;0.981608;0.015781;0.0;0.0;0.0;0.0;0.0;0.0
1.0;1753877969.672348;18.292777;1.07;-1.62;0.01;-0.061037;0.981956;0.015361;0.0;0.0;0.0;0.0;0.0;0.0
1.0;1753877969.676946;18.276741;1.06;-1.68;0.1;-0.060216;0.980957;0.015122;0.0;0.0;0.0;0.0;0.0;0.0
1.0;1753877969.681543;18.298022;1.09;-1.67;0.06;-0.061015;0.98132;0.01553;0.0;0.0;0.0;0.0;0.0;0.0
1.0;1753877969.686141;18.33061;1.17;-1.61;0.09;-0.059894;0.983315;0.014596;0.0;0.0;0.0;0.0;0.0;0.0
1.0;1753877969.690739;18.299157;1.09;-1.55;0.04;-0.060882;0.982452;0.01595;0.0;0.0;0.0;0.0;0.0;0.0
1.0;1753877969.695337;18.30131;1.1;-1.54;0.09;-0.059222;0.982151;0.01529;0.0;0.0;0.0;0.0;0.0;0.0
1.0;1753877969.699935;18.283707;1.2;-1.65;0.04;-0.055736;0.981089;0.015019;0.0;0.0;0.0;0.0;0.0;0.0
1.0;1753877969.704533;18.297511;1.16;-1.61;0.03;-0.063109;0.982798;0.013956;0.0;0.0;0.0;0.0;0.0;0.0
1.0;1753877969.709131;18.303383;1.08;-1.6;0.11;-0.056156;0.981067;0.016318;0.0;0.0;0.0;0.0;0.0;0.0
1.0;1753877969.713729;18.278119;1.22;-1.64;0.13;-0.058427;0.981327;0.013662;0.0;0.0;0.0;0.0;0.0;0.0
1.0;1753877969.718326;18.291799;1.2;-1.57;0.03;-0.060097;0.982406;0.015458;0.0;0.0;0.0;0.0;0.0;0.0
1.0;1753877969.722924;18.298215;1.1;-1.61;0.12;-0.05445;0.983051;0.015501;0.0;0.0;0.0;0.0;0.0;0.0
1.0;1753877969.727522;18.27833;1.21;-1.68;0.09;-0.059249;0.981965;0.014291;0.0;0.0;0.0;0.0;0.0;0.0
1.0;1753877969.73212;18.301733;1.16;-1.66;0.12;-0.057495;0.981554;0.01506;0.0;0.0;0.0;0.0;0.0;0.0
1.0;1753877969.736718;18.331413;1.07;-1.56;0.03;-0.059269;0.981979;0.015932;0.0;0.0;0.0;0.0;0.0;0.0
1.0;1753877969.741316;18.290278;1.18;-1.58;0.14;-0.058489;0.982021;0.0153;0.0;0.0;0.0;0.0;0.0;0.0
1.0;1753877969.745914;18.3161;1.05;-1.65;0.07;-0.059169;0.981345;0.01591;0.0;0.0;0.0;0.0;0.0;0.0
1.0;1753877969.750512;18.305603;1.19;-1.49;0.01;-0.060991;0.982061;0.014816;0.0;0.0;0.0;0.0;0.0;0.0
1.0;1753877969.75511;18.2896;1.15;-1.6;0.04;-0.060025;0.981465;0.015713;0.0;0.0;0.0;0.0;0.0;0.0
1.0;1753877969.759708;18.286711;1.08;-1.69;0.11;-0.058383;0.981326;0.016056;0.0;0.0;0.0;0.0;0.0;0.0
1.0;1753877969.764306;18.27583;1.06;-1.59;0.02;-0.06034;0.981012;0.013762;0.0;0.0;0.0;0.0;0.0;0.0
1.0;1753877969.768904;18.286349;1.13;-1.56;0.15;-0.056342;0.980635;0.014832;0.0;0.0;0.0;0.0;0.0;0.0
1.0;1753877969.773502;18.286119;1.04;-1.64;0.1;-0.059747;0.981439;0.016112;0.0;0.0;0.0;0.0;0.0;0.0
1.0;1753877969.778099;18.291871;1.14;-1.58;0.02;-0.05781;0.982516;0.015019;0.0;0.0;0.0;0.0;0.0;0.0
1.0;1753877969.782697;18.29496;1.08;-1.61;0.02;-0.060293;0.982157;0.017516;0.0;0.0;0.0;0.0;0.0;0.0
1.0;1753877969.787295;18.275921;1.08;-1.54;0.07;-0.056372;0.980702;0.0155;0.0;0.0;0.0;0.0;0.0;0.0
1.0;1753877969.791893;18.291837;1.15;-1.71;0.08;-0.059895;0.980747;0.01429;0.0;0.0;0.0;0.0;0.0;0.0
1.0;1753877969.796491;18.305355;1.02;-1.54;0.09;-0.056483;0.981591;0.015683;0.0;0.0;0.0;0.0;0.0;0.0
1.0;1753877969.801089;18.298622;1.11;-1.59;0.08;-0.057063;0.982994;0.014961;0.0;0.0;0.0;0.0;0.0;0.0
1.0;1753877969.805687;18.292201;1.04;-1.5;0.09;-0.059657;0.980983;0.014815;0.0;0.0;0.0;0.0;0.0;0.0
1.0;1753877969.810284;18.311495;1.07;-1.58;0.1;-0.055563;0.981983;0.01481;0.0;0.0;0.0;0.0;0.0;0.0
1.0;1753877969.814882;18.29777;1.15;-1.6;0.13;-0.058912;0.981273;0.013721;0.0;0.0;0.0;0.0;0.0;0.0
1.0;1753877969.81948;18.317344;1.09;-1.53;0.07;-0.055166;0.981843;0.015272;0.0;0.0;0.0;0.0;0.0;0.0
1.0;1753877969.824078;18.302461;1.14;-1.54;0.09;-0.05707;0.981701;0.015125;0.0;0.0;0.0;0.0;0.0;0.0
1.0;1753877969.828676;18.306575;1.08;-1.6;0.09;-0.057785;0.981341;0.015483;0.0;0.0;0.0;0.0;0.0;0.0
1.0;1753877969.833274;18.254663;1.08;-1.54;0.1;-0.056147;0.980862;0.015807;0.0;0.0;0.0;0.0;0.0;0.0
1.0;1753877969.837872;18.304745;1.14;-1.63;0.11;-0.058945;0.981491;0.014781;0.0;0.0;0.0;0.0;0.0;0.0
1.0;1753877969.84247;18.302061;1.15;-1.52;0.1;-0.055588;0.980626;0.015818;0.0;0.0;0.0;0.0;0.0;0.0
1.0;1753877969.847068;18.28476;1.1;-1.51;0.09;-0.057066;0.982634;0.015268;0.0;0.0;0.0;0.0;0.0;0.0
1.0;1753877969.851666;18.288751;1.13;-1.48;0.11;-0.059921;0.981887;0.017142;0.0;0.0;0.0;0.0;0.0;0.0
1.0;1753877969.856264;18.295648;1.14;-1.53;0.08;-0.058542;0.979469;0.015933;0.0;0.0;0.0;0.0;0.0;0.0
1.0;1753877969.860862;18.303225;1.02;-1.54;0.0;-0.057835;0.982433;0.015245;0.0;0.0;0.0;0.0;0.0;0.0
1.0;1753877969.86546;18.304238;1.2;-1.48;0.12;-0.056162;0.98249;0.015874;0.0;0.0;0.0;0.0;0.0;0.0
1.0;1753877969.870057;18.304316;1.17;-1.39;0.04;-0.058057;0.981425;0.015491;0.0;0.0;0.0;0.0;0.0;0.0
1.0;1753877969.874655;18.28909;1.11;-1.49;-0.0;-0.055853;0.981083;0.014842;0.0;0.0;0.0;0.0;0.0;0.0
1.0;1753877969.879253;18.275477;1.22;-1.55;0.05;-0.0561;0.982161;0.015584;0.0;0.0;0.0;0.0;0.0;0.0
1.0;1753877969.883851;18.306816;1.08;-1.54;0.07;-0.057663;0.981852;0.016012;0.0;0.0;0.0;0.0;0.0;0.0
1.0;1753877969.888449;18.282488;1.2;-1.46;0.03;-0.055879;0.981566;0.013979;0.0;0.0;0.0;0.0;0.0;0.0
1.0;1753877969.893047;18.272051;1.18;-1.61;0.08;-0.053719;0.982092;0.015462;0.0;0.0;0.0;0.0;0.0;0.0
1.0;1753877969.897645;18.287519;1.19;-1.59;0.04;-0.05638;0.981441;0.015493;0.0;0.0;0.0;0.0;0.0;0.0
1.0;1753877969.902243;18.290372;1.01;-1.52;0.06;-0.057518;0.981745;0.016079;0.0;0.0;0.0;0.0;0.0;0.0
1.0;1753877969.90684;18.292727;1.08;-1.58;0.09;-0.057457;0.980662;0.015307;0.0;0.0;0.0;0.0;0.0;0.0
1.0;1753877969.911438;18.293908;1.09;-1.56;0.09;-0.053205;0.981809;0.016551;0.0;0.0;0.0;0.0;0.0;0.0
1.0;1753877969.916036;18.298237;1.09;-1.55;0.05;-0.054804;0.980959;0.016216;0.0;0.0;0.0;0.0;0.0;0.0
1.0;1753877969.920634;18.264203;1.15;-1.48;0.06;-0.05667;0.980917;0.016554;0.0;0.0;0.0;0.0;0.0;0.0
1.0;1753877969.9263;18.296875;1.12;-1.54;0.07;-0.055998;0.98149;0.015494;0.0;0.0;0.0;0.0;0.0;0.0
1.0;1753877969.930898;18.280002;1.04;-1.5;0.02;-0.053346;0.981578;0.015621;0.0;0.0;0.0;0.0;0.0;0.0
1.0;1753877969.935496;18.285109;1.04;-1.64;0.12;-0.055299;0.981561;0.016427;0.0;0.0;0.0;0.0;0.0;0.0
1.0;1753877969.940094;18.303402;1.03;-1.58;0.03;-0.054216;0.981906;0.015015;0.0;0.0;0.0;0.0;0.0;0.0
1.0;1753877969.944692;18.304616;1.12;-1.52;0.0;-0.054447;0.981438;0.016236;0.0;0.0;0.0;0.0;0.0;0.0
1.0;1753877969.94929;18.250331;1.07;-1.54;0.04;-0.05608;0.980063;0.014681;0.0;0.0;0.0;0.0;0.0;0.0
1.0;1753877969.953888;18.296425;1.1;-1.52;0.06;-0.053881;0.982139;0.016489;0.0;0.0;0.0;0.0;0.0;0.0
1.0;1753877969.958485;18.312782;1.1;-1.53;0.06;-0.056715;0.980858;0.01483;0.0;0.0;0.0;0.0;0.0;0.0
1.0;1753877969.963083;18.312023;1.08;-1.62;0.0;-0.05594;0.980538;0.015628;0.0;0.0;0.0;0.0;0.0;0.0
1.0;1753877969.967681;18.334357;1.12;-1.54;0.03;-0.05525;0.980073;0.016299;0.0;0.0;0.0;0.0;0.0;0.0
1.0;1753877969.972279;18.327175;1.16;-1.71;0.1;-0.057466;0.980039;0.016174;0.0;0.0;0.0;0.0;0.0;0.0
1.0;1753877969.976877;18.333671;1.11;-1.52;0.02;-0.057806;0.980786;0.016244;0.0;0.0;0.0;0.0;0.0;0.0
1.0;1753877969.981475;18.306126;1.07;-1.6;-0.03;-0.057297;0.981082;0.017255;0.0;0.0;0.0;0.0;0.0;0.0
1.0;1753877969.986073;18.284719;1.06;-1.61;0.03;-0.05911;0.98037;0.016258;0.0;0.0;0.0;0.0;0.0;0.0
1.0;1753877969.9942;18.3125;1.05;-1.61;0.07;-0.05734;0.980514;0.016836;0.0;0.0;0.0;0.0;0.0;0.0
1.0;1753877969.997031;18.289062;1.05;-1.68;0.14;-0.059048;0.979782;0.016348;0.0;0.0;0.0;0.0;0.0;0.0
1.0;1753877970.001629;18.285883;1.04;-1.58;0.14;-0.059194;0.979224;0.015902;0.0;0.0;0.0;0.0;0.0;0.0
1.0;1753877970.006227;18.296609;1.03;-1.55;0.13;-0.060206;0.979086;0.015739;0.0;0.0;0.0;0.0;0.0;0.0
1.0;1753877970.010825;18.290839;0.99;-1.69;0.15;-0.058724;0.980084;0.014855;0.0;0.0;0.0;0.0;0.0;0.0
1.0;1753877970.015422;18.297767;1.0;-1.64;0.25;-0.059397;0.979547;0.016718;0.0;0.0;0.0;0.0;0.0;0.0
1.0;1753877970.02002;18.289884;0.96;-1.68;0.23;-0.059384;0.980043;0.014579;0.0;0.0;0.0;0.0;0.0;0.0
1.0;1753877970.024618;18.284621;1.02;-1.73;0.13;-0.058641;0.980475;0.014804;0.0;0.0;0.0;0.0;0.0;0.0
1.0;1753877970.029216;18.318871;1.05;-1.66;0.12;-0.059247;0.980466;0.014999;0.0;0.0;0.0;0.0;0.0;0.0
1.0;1753877970.033814;18.281273;1.04;-1.63;0.1;-0.059932;0.980283;0.015875;0.0;0.0;0.0;0.0;0.0;0.0
1.0;1753877970.038412;18.310979;1.09;-1.69;0.09;-0.05786;0.98022;0.016209;0.0;0.0;0.0;0.0;0.0;0.0
1.0;1753877970.04301;18.2798;0.99;-1.61;0.06;-0.058875;0.978633;0.015889;0.0;0.0;0.0;0.0;0.0;0.0
1.0;1753877970.047608;18.274617;0.97;-1.68;0.09;-0.056219;0.97894;0.015423;0.0;0.0;0.0;0.0;0.0;0.0
1.0;1753877970.052206;18.298552;1.0;-1.84;0.03;-0.057361;0.980065;0.01616;0.0;0.0;0.0;0.0;0.0;0.0
1.0;1753877970.056804;18.283197;1.06;-1.71;0.03;-0.059568;0.980435;0.016122;0.0;0.0;0.0;0.0;0.0;0.0
1.0;1753877970.061402;18.295653;1.01;-1.75;0.13;-0.058599;0.980039;0.015041;0.0;0.0;0.0;0.0;0.0;0.0
1.0;1753877970.066;18.304679;1.0;-1.65;0.03;-0.059178;0.97995;0.015875;0.0;0.0;0.0;0.0;0.0;0.0
1.0;1753877970.070598;18.294689;1.01;-1.54;0.04;-0.058439;0.97976;0.017759;0.0;0.0;0.0;0.0;0.0;0.0
1.0;1753877970.075195;18.28223;1.03;-1.68;0.09;-0.057993;0.980758;0.016084;0.0;0.0;0.0;0.0;0.0;0.0
1.0;1753877970.079793;18.267648;1.01;-1.69;0.01;-0.059478;0.980142;0.015395;0.0;0.0;0.0;0.0;0.0;0.0
1.0;1753877970.084391;18.29313;0.97;-1.62;0.02;-0.058922;0.981324;0.01749;0.0;0.0;0.0;0.0;0.0;0.0
1.0;1753877970.088989;18.294746;0.94;-1.83;0.05;-0.05858;0.981096;0.016297;0.0;0.0;0.0;0.0;0.0;0.0
1.0;1753877970.093587;18.293681;0.99;-1.58;0.09;-0.058273;0.981341;0.015166;0.0;0.0;0.0;0.0;0.0;0.0
1.0;1753877970.098185;18.301808;1.13;-1.74;0.05;-0.061664;0.980387;0.014792;0.0;0.0;0.0;0.0;0.0;0.0
1.0;1753877970.102783;18.297574;1.09;-1.66;0.05;-0.05984;0.979814;0.015981;0.0;0.0;0.0;0.0;0.0;0.0
1.0;1753877970.107381;18.310921;0.98;-1.63;0.02;-0.056056;0.979904;0.015935;0.0;0.0;0.0;0.0;0.0;0.0
1.0;1753877970.111978;18.294884;0.96;-1.71;-0.06;-0.057069;0.980577;0.015261;0.0;0.0;0.0;0.0;0.0;0.0
1.0;1753877970.116576;18.284635;1.03;-1.67;-0.01;-0.059353;0.981226;0.014474;0.0;0.0;0.0;0.0;0.0;0.0
1.0;1753877970.121174;18.300805;1.01;-1.68;0.05;-0.05817;0.980789;0.015089;0.0;0.0;0.0;0.0;0.0;0.0
1.0;1753877970.125772;18.287096;0.98;-1.71;-0.06;-0.055706;0.980367;0.013975;0.0;0.0;0.0;0.0;0.0;0.0
1.0;1753877970.13037;18.28184;0.92;-1.64;0.02;-0.059289;0.979478;0.014746;0.0;0.0;0.0;0.0;0.0;0.0
1.0;1753877970.134968;18.290068;1.02;-1.67;0.14;-0.059948;0.980659;0.015852;0.0;0.0;0.0;0.0;0.0;0.0
1.0;1753877970.139566;18.300339;0.91;-1.69;0.03;-0.055823;0.981564;0.013614;0.0;0.0;0.0;0.0;0.0;0.0
1.0;1753877970.144164;18.277327;1.06;-1.67;-0.08;-0.057968;0.981095;0.016354;0.0;0.0;0.0;0.0;0.0;0.0
1.0;1753877970.148762;18.311691;0.96;-1.61;-0.01;-0.059296;0.980536;0.014347;0.0;0.0;0.0;0.0;0.0;0.0
1.0;1753877970.15336;18.26244;0.88;-1.66;-0.02;-0.056966;0.981186;0.015614;0.0;0.0;0.0;0.0;0.0;0.0
1.0;1753877970.16;18.292969;0.98;-1.68;0.0;-0.05734;0.98088;0.01464;0.0;0.0;0.0;0.0;0.0;0.0
1.0;1753877970.164598;18.264213;1.06;-1.65;-0.01;-0.056708;0.981626;0.015839;0.0;0.0;0.0;0.0;0.0;0.0
1.0;1753877970.169196;18.281633;0.97;-1.6;-0.03;-0.057527;0.98107;0.015021;0.0;0.0;0.0;0.0;0.0;0.0
1.0;1753877970.173794;18.287716;1.06;-1.72;0.07;-0.059461;0.981165;0.0161;0.0;0.0;0.0;0.0;0.0;0.0
1.0;1753877970.178392;18.293238;0.92;-1.66;-0.04;-0.058195;0.981487;0.015381;0.0;0.0;0.0;0.0;0.0;0.0
1.0;1753877970.18299;18.298608;0.88;-1.63;0.02;-0.060122;0.98018;0.014518;0.0;0.0;0.0;0.0;0.0;0.0
1.0;1753877970.187588;18.31487;0.96;-1.55;0.01;-0.058015;0.980674;0.014921;0.0;0.0;0.0;0.0;0.0;0.0
1.0;1753877970.192186;18.26577;1.0;-1.68;0.08;-0.054845;0.98045;0.015155;0.0;0.0;0.0;0.0;0.0;0.0
1.0;1753877970.196783;18.292074;0.91;-1.71;-0.02;-0.057396;0.979943;0.013452;0.0;0.0;0.0;0.0;0.0;0.0
1.0;1753877970.201381;18.285758;0.99;-1.71;0.02;-0.057914;0.981732;0.013987;0.0;0.0;0.0;0.0;0.0;0.0
1.0;1753877970.205979;18.280274;0.96;-1.79;0.06;-0.057597;0.980149;0.013663;0.0;0.0;0.0;0.0;0.0;0.0
1.0;1753877970.210577;18.306909;0.93;-1.7;0.07;-0.056949;0.980976;0.015205;0.0;0.0;0.0;0.0;0.0;0.0
1.0;1753877970.215175;18.287516;0.94;-1.64;-0.01;-0.054021;0.980689;0.014462;0.0;0.0;0.0;0.0;0.0;0.0
1.0;1753877970.219773;18.291925;0.94;-1.45;-0.03;-0.056722;0.980726;0.01454;0.0;0.0;0.0;0.0;0.0;0.0
1.0;1753877970.224371;18.29717;0.96;-1.64;-0.06;-0.058079;0.980568;0.015123;0.0;0.0;0.0;0.0;0.0;0.0
1.0;1753877970.228968;18.312176;1.0;-1.69;-0.06;-0.054771;0.980063;0.014476;0.0;0.0;0.0;0.0;0.0;0.0
1.0;1753877970.233566;18.282892;0.96;-1.7;0.03;-0.058789;0.980596;0.015903;0.0;0.0;0.0;0.0;0.0;0.0
1.0;1753877970.238164;18.293217;1.12;-1.64;-0.02;-0.056609;0.981034;0.015508;0.0;0.0;0.0;0.0;0.0;0.0
1.0;1753877970.242762;18.279361;1.07;-1.7;0.02;-0.056354;0.980184;0.015539;0.0;0.0;0.0;0.0;0.0;0.0
1.0;1753877970.24736;18.311205;0.96;-1.62;0.0;-0.057676;0.98106;0.013917;0.0;0.0;0.0;0.0;0.0;0.0
1.0;1753877970.251958;18.281334;0.91;-1.67;0.02;-0.057237;0.981334;0.013965;0.0;0.0;0.0;0.0;0.0;0.0
1.0;1753877970.256556;18.289777;1.0;-1.61;-0.06;-0.058329;0.9805;0.013978;0.0;0.0;0.0;0.0;0.0;0.0
1.0;1753877970.261154;18.275215;0.97;-1.77;0.01;-0.055764;0.98212;0.016425;0.0;0.0;0.0;0.0;0.0;0.0
1.0;1753877970.265752;18.283141;0.97;-1.68;0.07;-0.05912;0.980691;0.012801;0.0;0.0;0.0;0.0;0.0;0.0
1.0;1753877970.27035;18.308546;1.02;-1.75;0.02;-0.057808;0.98088;0.01331;0.0;0.0;0.0;0.0;0.0;0.0
1.0;1753877970.274948;18.303211;1.1;-1.44;0.01;-0.05836;0.980773;0.014072;0.0;0.0;0.0;0.0;0.0;0.0
1.0;1753877970.279546;18.276173;0.98;-1.75;-0.02;-0.057604;0.979911;0.013169;0.0;0.0;0.0;0.0;0.0;0.0
1.0;1753877970.284144;18.306557;0.89;-1.55;-0.0;-0.058642;0.98116;0.014947;0.0;0.0;0.0;0.0;0.0;0.0
1.0;1753877970.288741;18.295523;1.0;-1.67;0.04;-0.056973;0.982197;0.015768;0.0;0.0;0.0;0.0;0.0;0.0
1.0;1753877970.293339;18.278419;0.98;-1.62;0.15;-0.054152;0.981215;0.013775;0.0;0.0;0.0;0.0;0.0;0.0
1.0;1753877970.297937;18.286972;1.03;-1.68;0.05;-0.055974;0.98126;0.016214;0.0;0.0;0.0;0.0;0.0;0.0
1.0;1753877970.302535;18.319981;0.95;-1.58;0.05;-0.058854;0.980322;0.013717;0.0;0.0;0.0;0.0;0.0;0.0
1.0;1753877970.307133;18.298978;1.01;-1.62;0.1;-0.054628;0.981149;0.015991;0.0;0.0;0.0;0.0;0.0;0.0
1.0;1753877970.311731;18.294708;0.89;-1.68;0.05;-0.057556;0.981767;0.014654;0.0;0.0;0.0;0.0;0.0;0.0
1.0;1753877970.316329;18.283072;0.98;-1.61;0.04;-0.059405;0.981687;0.015886;0.0;0.0;0.0;0.0;0.0;0.0
1.0;1753877970.320927;18.309025;1.03;-1.72;0.11;-0.058258;0.981875;0.014559;0.0;0.0;0.0;0.0;0.0;0.0
1.0;1753877970.325524;18.257304;0.94;-1.7;-0.01;-0.058181;0.98168;0.015341;0.0;0.0;0.0;0.0;0.0;0.0
1.0;1753877970.330122;18.291262;0.99;-1.75;-0.05;-0.056582;0.981109;0.014443;0.0;0.0;0.0;0.0;0.0;0.0
1.0;1753877970.33472;18.304144;1.09;-1.71;0.06;-0.056693;0.981586;0.013874;0.0;0.0;0.0;0.0;0.0;0.0
1.0;1753877970.339318;18.302762;1.04;-1.6;0.08;-0.058684;0.979281;0.014154;0.0;0.0;0.0;0.0;0.0;0.0
1.0;1753877970.343916;18.284557;0.98;-1.73;0.02;-0.058472;0.979642;0.014445;0.0;0.0;0.0;0.0;0.0;0.0
1.0;1753877970.348514;18.280833;1.03;-1.63;0.01;-0.056084;0.981535;0.015586;0.0;0.0;0.0;0.0;0.0;0.0
1.0;1753877970.353112;18.285691;1.0;-1.65;-0.01;-0.057716;0.981453;0.014276;0.0;0.0;0.0;0.0;0.0;0.0
1.0;1753877970.35771;18.270745;1.02;-1.66;0.01;-0.05874;0.981345;0.015112;0.0;0.0;0.0;0.0;0.0;0.0
1.0;1753877970.362308;18.301458;0.96;-1.64;0.02;-0.056915;0.981197;0.015914;0.0;0.0;0.0;0.0;0.0;0.0
1.0;1753877970.366906;18.312393;0.99;-1.76;0.03;-0.057465;0.979566;0.015049;0.0;0.0;0.0;0.0;0.0;0.0
1.0;1753877970.371504;18.303375;1.01;-1.62;-0.03;-0.059121;0.98179;0.013073;0.0;0.0;0.0;0.0;0.0;0.0
1.0;1753877970.376102;18.29424;0.96;-1.62;0.08;-0.056778;0.980906;0.014539;0.0;0.0;0.0;0.0;0.0;0.0
1.0;1753877970.3807;18.28819;0.99;-1.56;0.01;-0.059647;0.980153;0.015293;0.0;0.0;0.0;0.0;0.0;0.0
1.0;1753877970.385297;18.295045;0.87;-1.68;0.04;-0.058787;0.979703;0.014606;0.0;0.0;0.0;0.0;0.0;0.0
1.0;1753877970.389895;18.316069;1.02;-1.69;-0.05;-0.057562;0.981074;0.01613;0.0;0.0;0.0;0.0;0.0;0.0
1.0;1753877970.394493;18.279941;1.06;-1.55;0.04;-0.055804;0.980392;0.015849;0.0;0.0;0.0;0.0;0.0;0.0
1.0;1753877970.399091;18.273105;0.99;-1.69;0.01;-0.056805;0.980713;0.016306;0.0;0.0;0.0;0.0;0.0;0.0
1.0;1753877970.403689;18.298665;1.03;-1.7;0.08;-0.057503;0.981008;0.013669;0.0;0.0;0.0;0.0;0.0;0.0
1.0;1753877970.408287;18.313411;0.97;-1.72;0.04;-0.057339;0.981112;0.015266;0.0;0.0;0.0;0.0;0.0;0.0
1.0;1753877970.412885;18.290148;1.03;-1.62;0.08;-0.054276;0.98025;0.01521;0.0;0.0;0.0;0.0;0.0;0.0
1.0;1753877970.417482;18.284346;0.96;-1.73;-0.04;-0.056982;0.982821;0.014462;0.0;0.0;0.0;0.0;0.0;0.0
1.0;1753877970.42208;18.287429;1.09;-1.57;-0.03;-0.056364;0.980467;0.014394;0.0;0.0;0.0;0.0;0.0;0.0
1.0;1753877970.426678;18.278172;1.06;-1.65;0.08;-0.05615;0.98101;0.013872;0.0;0.0;0.0;0.0;0.0;0.0
1.0;1753877970.431276;18.268161;1.03;-1.72;0.03;-0.057372;0.979468;0.016073;0.0;0.0;0.0;0.0;0.0;0.0
1.0;1753877970.435874;18.289125;1.09;-1.65;0.1;-0.057842;0.981295;0.014587;0.0;0.0;0.0;0.0;0.0;0.0
1.0;1753877970.440472;18.306071;0.92;-1.64;0.05;-0.054678;0.981224;0.015997;0.0;0.0;0.0;0.0;0.0;0.0
1.0;1753877970.44507;18.288501;1.13;-1.75;0.01;-0.056503;0.980695;0.012785;0.0;0.0;0.0;0.0;0.0;0.0
1.0;1753877970.449668;18.282629;0.92;-1.58;-0.02;-0.058303;0.980225;0.015174;0.0;0.0;0.0;0.0;0.0;0.0
1.0;1753877970.454266;18.287254;0.99;-1.58;0.1;-0.058358;0.980669;0.014435;0.0;0.0;0.0;0.0;0.0;0.0
1.0;1753877970.458864;18.288436;1.11;-1.59;0.02;-0.0555;0.98175;0.014351;0.0;0.0;0.0;0.0;0.0;0.0
1.0;1753877970.463462;18.289384;1.05;-1.67;0.03;-0.054139;0.9808;0.015239;0.0;0.0;0.0;0.0;0.0;0.0
1.0;1753877970.46806;18.296403;1.01;-1.61;0.08;-0.05812;0.981342;0.015257;0.0;0.0;0.0;0.0;0.0;0.0
1.0;1753877970.472658;18.31008;1.08;-1.6;0.0;-0.05445;0.980617;0.01397;0.0;0.0;0.0;0.0;0.0;0.0
1.0;1753877970.477255;18.294752;1.0;-1.61;0.1;-0.058124;0.980917;0.015272;0.0;0.0;0.0;0.0;0.0;0.0
1.0;1753877970.481853;18.280261;1.19;-1.59;0.07;-0.056569;0.981461;0.014915;0.0;0.0;0.0;0.0;0.0;0.0
1.0;1753877970.486451;18.290236;1.03;-1.6;0.07;-0.054869;0.981738;0.015279;0.0;0.0;0.0;0.0;0.0;0.0
1.0;1753877970.491049;18.283727;0.96;-1.62;0.08;-0.058056;0.981167;0.015091;0.0;0.0;0.0;0.0;0.0;0.0
1.0;1753877970.495647;18.298993;0.95;-1.64;0.04;-0.05632;0.980642;0.014954;0.0;0.0;0.0;0.0;0.0;0.0
1.0;1753877970.500245;18.310325;1.04;-1.61;0.15;-0.058499;0.980527;0.015489;0.0;0.0;0.0;0.0;0.0;0.0
1.0;1753877970.504843;18.265641;1.03;-1.59;0.04;-0.056898;0.980756;0.015038;0.0;0.0;0.0;0.0;0.0;0.0
1.0;1753877970.509441;18.308931;1.06;-1.64;0.15;-0.059533;0.981103;0.013992;0.0;0.0;0.0;0.0;0.0;0.0
1.0;1753877970.514038;18.3054;0.98;-1.57;-0.01;-0.056432;0.980135;0.015367;0.0;0.0;0.0;0.0;0.0;0.0
1.0;1753877970.518636;18.313251;1.05;-1.61;0.03;-0.055529;0.981015;0.015002;0.0;0.0;0.0;0.0;0.0;0.0
1.0;1753877970.523234;18.284714;1.07;-1.67;0.02;-0.056894;0.980755;0.014673;0.0;0.0;0.0;0.0;0.0;0.0
1.0;1753877970.527832;18.278896;1.02;-1.65;0.07;-0.056252;0.980573;0.015448;0.0;0.0;0.0;0.0;0.0;0.0
1.0;1753877970.53243;18.284525;1.02;-1.65;0.03;-0.057185;0.980616;0.016457;0.0;0.0;0.0;0.0;0.0;0.0
1.0;1753877970.537028;18.280881;0.98;-1.53;0.06;-0.057458;0.980901;0.015427;0.0;0.0;0.0;0.0;0.0;0.0
1.0;1753877970.541626;18.291616;1.14;-1.67;0.01;-0.055057;0.980205;0.014775;0.0;0.0;0.0;0.0;0.0;0.0
1.0;1753877970.546224;18.306858;1.0;-1.62;0.1;-0.056394;0.9795;0.015372;0.0;0.0;0.0;0.0;0.0;0.0
1.0;1753877970.550822;18.300453;1.02;-1.64;0.04;-0.057636;0.981476;0.015374;0.0;0.0;0.0;0.0;0.0;0.0
1.0;1753877970.55542;18.290261;1.06;-1.6;0.04;-0.057524;0.98031;0.014837;0.0;0.0;0.0;0.0;0.0;0.0
1.0;1753877970.560018;18.299197;1.08;-1.54;0.06;-0.055818;0.981041;0.013792;0.0;0.0;0.0;0.0;0.0;0.0
1.0;1753877970.564616;18.321541;1.07;-1.64;-0.01;-0.057745;0.98129;0.015215;0.0;0.0;0.0;0.0;0.0;0.0
1.0;1753877970.569214;18.291406;1.0;-1.6;-0.01;-0.055308;0.981006;0.015146;0.0;0.0;0.0;0.0;0.0;0.0
1.0;1753877970.573811;18.310232;1.1;-1.55;0.06;-0.060608;0.98087;0.013828;0.0;0.0;0.0;0.0;0.0;0.0
1.0;1753877970.578409;18.275632;1.09;-1.6;0.13;-0.057455;0.980885;0.016133;0.0;0.0;0.0;0.0;0.0;0.0
1.0;1753877970.583007;18.275088;1.07;-1.65;0.11;-0.057923;0.980368;0.015811;0.0;0.0;0.0;0.0;0.0;0.0
1.0;1753877970.587605;18.292525;1.11;-1.64;-0.03;-0.059378;0.980409;0.015243;0.0;0.0;0.0;0.0;0.0;0.0
1.0;1753877970.592203;18.302257;1.05;-1.51;0.06;-0.056554;0.981363;0.015517;0.0;0.0;0.0;0.0;0.0;0.0
1.0;1753877970.596801;18.292944;1.13;-1.57;0.09;-0.057589;0.980318;0.015508;0.0;0.0;0.0;0.0;0.0;0.0
1.0;1753877970.601399;18.300306;1.15;-1.71;0.03;-0.05856;0.979937;0.012775;0.0;0.0;0.0;0.0;0.0;0.0
1.0;1753877970.605996;18.300192;1.12;-1.54;0.07;-0.057352;0.980659;0.015001;0.0;0.0;0.0;0.0;0.0;0.0
1.0;1753877970.610594;18.289136;1.0;-1.6;0.13;-0.058251;0.981466;0.013697;0.0;0.0;0.0;0.0;0.0;0.0
1.0;1753877970.615192;18.304091;1.16;-1.68;0.02;-0.056451;0.980209;0.016468;0.0;0.0;0.0;0.0;0.0;0.0
1.0;1753877970.6194;18.292969;1.05;-1.61;0.07;-0.05734;0.980758;0.014884;0.0;0.0;0.0;0.0;0.0;0.0
1.0;1753877970.62674;18.300781;1.19;-1.68;0.07;-0.058072;0.981368;0.01525;0.0;0.0;0.0;0.0;0.0;0.0
1.0;1753877970.631338;18.298061;1.17;-1.57;0.05;-0.057936;0.980634;0.017348;0.0;0.0;0.0;0.0;0.0;0.0
1.0;1753877970.635936;18.296701;1.19;-1.63;0.19;-0.057964;0.98133;0.014403;0.0;0.0;0.0;0.0;0.0;0.0
1.0;1753877970.640534;18.307723;1.07;-1.7;0.04;-0.057214;0.982572;0.016117;0.0;0.0;0.0;0.0;0.0;0.0
1.0;1753877970.645132;18.307521;1.15;-1.66;0.04;-0.058046;0.980353;0.016864;0.0;0.0;0.0;0.0;0.0;0.0
1.0;1753877970.64973;18.307722;1.0;-1.63;0.07;-0.058084;0.980716;0.014813;0.0;0.0;0.0;0.0;0.0;0.0
1.0;1753877970.65627;18.300781;1.05;-1.61;0.0;-0.057584;0.980636;0.015494;0.0;0.0;0.0;0.0;0.0;0.0
1.0;1753877970.660868;18.297958;1.09;-1.7;0.02;-0.057921;0.981328;0.015237;0.0;0.0;0.0;0.0;0.0;0.0
1.0;1753877970.665466;18.298192;1.04;-1.61;0.02;-0.05937;0.98105;0.013766;0.0;0.0;0.0;0.0;0.0;0.0
1.0;1753877970.670064;18.293924;1.06;-1.62;-0.01;-0.05839;0.981281;0.015811;0.0;0.0;0.0;0.0;0.0;0.0
1.0;1753877970.674662;18.303006;1.09;-1.52;0.05;-0.056291;0.980343;0.015303;0.0;0.0;0.0;0.0;0.0;0.0
1.0;1753877970.67926;18.291954;1.09;-1.6;0.01;-0.058047;0.981793;0.014378;0.0;0.0;0.0;0.0;0.0;0.0
1.0;1753877970.683858;18.311204;0.98;-1.61;-0.06;-0.058617;0.981076;0.015365;0.0;0.0;0.0;0.0;0.0;0.0
1.0;1753877970.688455;18.29606;1.14;-1.6;0.05;-0.059473;0.979255;0.013555;0.0;0.0;0.0;0.0;0.0;0.0
1.0;1753877970.693053;18.300275;1.02;-1.66;0.1;-0.059396;0.980797;0.012798;0.0;0.0;0.0;0.0;0.0;0.0
1.0;1753877970.70163;18.300781;1.05;-1.68;0.0;-0.059536;0.981002;0.01403;0.0;0.0;0.0;0.0;0.0;0.0
1.0;1753877970.706228;18.30063;1.04;-1.75;-0.01;-0.059402;0.982309;0.012794;0.0;0.0;0.0;0.0;0.0;0.0
1.0;1753877970.710826;18.303989;1.05;-1.64;-0.01;-0.059332;0.981147;0.012896;0.0;0.0;0.0;0.0;0.0;0.0
1.0;1753877970.715424;18.29708;1.06;-1.69;0.01;-0.056851;0.980708;0.013378;0.0;0.0;0.0;0.0;0.0;0.0
1.0;1753877970.720022;18.288606;1.13;-1.7;0.04;-0.05795;0.981296;0.014441;0.0;0.0;0.0;0.0;0.0;0.0
1.0;1753877970.72462;18.284303;1.14;-1.62;-0.0;-0.0586;0.981648;0.015225;0.0;0.0;0.0;0.0;0.0;0.0
1.0;1753877970.729218;18.275436;1.13;-1.72;0.06;-0.05542;0.980223;0.014932;0.0;0.0;0.0;0.0;0.0;0.0
1.0;1753877970.733816;18.287311;1.19;-1.69;0.05;-0.058213;0.980927;0.014197;0.0;0.0;0.0;0.0;0.0;0.0
1.0;1753877970.738413;18.283456;1.05;-1.64;0.08;-0.058813;0.981642;0.014104;0.0;0.0;0.0;0.0;0.0;0.0
1.0;1753877970.743011;18.29132;1.18;-1.57;0.15;-0.057647;0.981463;0.013767;0.0;0.0;0.0;0.0;0.0;0.0
1.0;1753877970.747609;18.286362;1.09;-1.7;0.08;-0.057195;0.981655;0.014138;0.0;0.0;0.0;0.0;0.0;0.0
1.0;1753877970.752207;18.285589;1.13;-1.73;0.2;-0.057867;0.980511;0.015421;0.0;0.0;0.0;0.0;0.0;0.0
1.0;1753877970.756805;18.265671;1.2;-1.72;0.16;-0.055935;0.980018;0.014522;0.0;0.0;0.0;0.0;0.0;0.0
1.0;1753877970.761403;18.273917;1.11;-1.71;0.06;-0.056077;0.981389;0.014657;0.0;0.0;0.0;0.0;0.0;0.0
1.0;1753877970.766001;18.268709;1.1;-1.75;0.11;-0.055652;0.983438;0.014974;0.0;0.0;0.0;0.0;0.0;0.0
1.0;1753877970.77344;18.269531;1.12;-1.68;0.14;-0.056608;0.981612;0.014884;0.0;0.0;0.0;0.0;0.0;0.0
1.0;1753877970.778038;18.262518;1.13;-1.65;0.25;-0.056625;0.98093;0.014364;0.0;0.0;0.0;0.0;0.0;0.0
1.0;1753877970.782636;18.253044;1.18;-1.7;0.1;-0.057044;0.981147;0.014464;0.0;0.0;0.0;0.0;0.0;0.0
1.0;1753877970.787234;18.262466;1.16;-1.67;0.12;-0.058434;0.980991;0.01418;0.0;0.0;0.0;0.0;0.0;0.0
1.0;1753877970.79477;18.269531;1.12;-1.68;0.14;-0.05856;0.98027;0.014396;0.0;0.0;0.0;0.0;0.0;0.0
1.0;1753877970.799368;18.283093;1.14;-1.73;0.16;-0.058021;0.979652;0.01403;0.0;0.0;0.0;0.0;0.0;0.0
1.0;1753877970.803966;18.272592;1.09;-1.59;0.17;-0.057279;0.980336;0.014242;0.0;0.0;0.0;0.0;0.0;0.0
1.0;1753877970.808564;18.289507;1.05;-1.64;0.24;-0.059563;0.979904;0.01466;0.0;0.0;0.0;0.0;0.0;0.0
1.0;1753877970.813162;18.275946;1.04;-1.65;0.19;-0.058321;0.979013;0.015175;0.0;0.0;0.0;0.0;0.0;0.0
1.0;1753877970.81776;18.280966;1.18;-1.58;0.12;-0.058025;0.980781;0.016065;0.0;0.0;0.0;0.0;0.0;0.0
1.0;1753877970.822358;18.270164;1.15;-1.63;0.18;-0.057457;0.979959;0.014259;0.0;0.0;0.0;0.0;0.0;0.0
1.0;1753877970.826955;18.271053;1.14;-1.64;0.06;-0.056523;0.980496;0.015264;0.0;0.0;0.0;0.0;0.0;0.0
1.0;1753877970.831553;18.263439;1.14;-1.72;0.2;-0.057639;0.980608;0.014392;0.0;0.0;0.0;0.0;0.0;0.0
1.0;1753877970.83916;18.269531;1.05;-1.61;0.14;-0.05795;0.98027;0.01525;0.0;0.0;0.0;0.0;0.0;0.0
1.0;1753877970.843758;18.262486;1.05;-1.62;0.16;-0.059178;0.980727;0.015572;0.0;0.0;0.0;0.0;0.0;0.0
1.0;1753877970.848356;18.262277;1.11;-1.65;0.18;-0.059262;0.980683;0.014867;0.0;0.0;0.0;0.0;0.0;0.0
1.0;1753877970.852954;18.257687;1.01;-1.65;0.17;-0.056419;0.980568;0.015673;0.0;0.0;0.0;0.0;0.0;0.0
1.0;1753877970.857552;18.27391;1.0;-1.59;0.1;-0.058882;0.979182;0.014806;0.0;0.0;0.0;0.0;0.0;0.0
1.0;1753877970.86215;18.265745;1.05;-1.69;0.16;-0.056543;0.981512;0.016176;0.0;0.0;0.0;0.0;0.0;0.0
1.0;1753877970.866748;18.276127;0.96;-1.62;0.06;-0.058632;0.98184;0.016657;0.0;0.0;0.0;0.0;0.0;0.0
1.0;1753877970.871345;18.270648;1.16;-1.65;0.09;-0.057561;0.982105;0.01532;0.0;0.0;0.0;0.0;0.0;0.0
1.0;1753877970.875943;18.266243;1.05;-1.59;0.08;-0.056817;0.981736;0.015304;0.0;0.0;0.0;0.0;0.0;0.0
1.0;1753877970.880541;18.263569;1.04;-1.69;0.15;-0.05857;0.981571;0.016655;0.0;0.0;0.0;0.0;0.0;0.0
1.0;1753877970.88493;18.269531;1.05;-1.68;0.14;-0.057462;0.98149;0.01647;0.0;0.0;0.0;0.0;0.0;0.0
1.0;1753877970.889528;18.287248;1.08;-1.67;0.19;-0.060061;0.981086;0.016477;0.0;0.0;0.0;0.0;0.0;0.0
1.0;1753877970.894126;18.25851;1.08;-1.59;0.23;-0.057097;0.981209;0.016512;0.0;0.0;0.0;0.0;0.0;0.0
1.0;1753877970.898724;18.276838;0.98;-1.72;0.17;-0.05915;0.9802;0.016203;0.0;0.0;0.0;0.0;0.0;0.0
1.0;1753877970.903322;18.294527;1.01;-1.69;0.07;-0.05785;0.982009;0.016002;0.0;0.0;0.0;0.0;0.0;0.0
1.0;1753877970.90792;18.28151;1.12;-1.71;0.13;-0.056915;0.980449;0.016549;0.0;0.0;0.0;0.0;0.0;0.0
1.0;1753877970.912517;18.301688;1.01;-1.69;0.07;-0.056183;0.979937;0.014198;0.0;0.0;0.0;0.0;0.0;0.0
1.0;1753877970.917115;18.28583;1.14;-1.76;0.12;-0.057655;0.980991;0.016663;0.0;0.0;0.0;0.0;0.0;0.0
1.0;1753877970.921713;18.319198;1.05;-1.62;0.07;-0.058701;0.981521;0.015068;0.0;0.0;0.0;0.0;0.0;0.0
1.0;1753877970.926311;18.302847;1.05;-1.8;0.09;-0.05796;0.981651;0.015542;0.0;0.0;0.0;0.0;0.0;0.0
1.0;1753877970.930909;18.296675;1.0;-1.65;0.03;-0.056545;0.980854;0.015566;0.0;0.0;0.0;0.0;0.0;0.0
1.0;1753877970.93708;18.308594;1.05;-1.68;0.07;-0.057706;0.980392;0.01525;0.0;0.0;0.0;0.0;0.0;0.0
1.0;1753877970.941678;18.310936;1.05;-1.71;0.1;-0.058715;0.979435;0.014423;0.0;0.0;0.0;0.0;0.0;0.0
1.0;1753877970.946276;18.319214;1.08;-1.62;0.15;-0.056842;0.980287;0.015548;0.0;0.0;0.0;0.0;0.0;0.0
1.0;1753877970.950874;18.304336;1.13;-1.74;0.06;-0.058025;0.981512;0.016318;0.0;0.0;0.0;0.0;0.0;0.0
1.0;1753877970.955472;18.286566;1.13;-1.7;0.09;-0.056803;0.980862;0.015809;0.0;0.0;0.0;0.0;0.0;0.0
1.0;1753877970.96007;18.297184;1.07;-1.6;0.04;-0.056822;0.981235;0.01588;0.0;0.0;0.0;0.0;0.0;0.0
1.0;1753877970.964667;18.297229;1.15;-1.76;0.06;-0.058683;0.981352;0.017388;0.0;0.0;0.0;0.0;0.0;0.0
1.0;1753877970.969265;18.316699;1.11;-1.55;-0.02;-0.057077;0.980622;0.016029;0.0;0.0;0.0;0.0;0.0;0.0
1.0;1753877970.973863;18.312178;1.15;-1.67;0.08;-0.059178;0.981082;0.016814;0.0;0.0;0.0;0.0;0.0;0.0
1.0;1753877970.978461;18.310335;1.05;-1.57;0.0;-0.058224;0.981185;0.016463;0.0;0.0;0.0;0.0;0.0;0.0
1.0;1753877970.98629;18.308594;1.12;-1.61;0.07;-0.058194;0.981856;0.016592;0.0;0.0;0.0;0.0;0.0;0.0
1.0;1753877970.990888;18.330548;1.1;-1.6;0.07;-0.059938;0.981166;0.015602;0.0;0.0;0.0;0.0;0.0;0.0
1.0;1753877970.995614;18.273438;1.12;-1.61;0.07;-0.05734;0.981246;0.01525;0.0;0.0;0.0;0.0;0.0;0.0
1.0;1753877970.998617;18.273438;1.12;-1.68;0.07;-0.05734;0.98149;0.015494;0.0;0.0;0.0;0.0;0.0;0.0
1.0;1753877971.003215;18.25345;1.12;-1.71;0.19;-0.055886;0.980896;0.014885;0.0;0.0;0.0;0.0;0.0;0.0
1.0;1753877971.007813;18.275421;1.07;-1.77;0.1;-0.056913;0.980545;0.014128;0.0;0.0;0.0;0.0;0.0;0.0
1.0;1753877971.012411;18.297489;1.11;-1.65;0.09;-0.056693;0.982114;0.015865;0.0;0.0;0.0;0.0;0.0;0.0
1.0;1753877971.017008;18.277602;1.1;-1.7;0.08;-0.05548;0.981549;0.015468;0.0;0.0;0.0;0.0;0.0;0.0
1.0;1753877971.021606;18.267427;1.11;-1.69;0.09;-0.057943;0.981303;0.015678;0.0;0.0;0.0;0.0;0.0;0.0
1.0;1753877971.026204;18.270598;1.08;-1.67;0.1;-0.056319;0.981717;0.015091;0.0;0.0;0.0;0.0;0.0;0.0
1.0;1753877971.030802;18.257056;1.11;-1.72;0.09;-0.058783;0.981067;0.015029;0.0;0.0;0.0;0.0;0.0;0.0
1.0;1753877971.0354;18.263373;1.12;-1.69;0.03;-0.057059;0.981194;0.015345;0.0;0.0;0.0;0.0;0.0;0.0
1.0;1753877971.039998;18.261443;1.16;-1.72;0.17;-0.054083;0.980103;0.016752;0.0;0.0;0.0;0.0;0.0;0.0
1.0;1753877971.044596;18.290832;1.13;-1.67;-0.03;-0.058797;0.982382;0.014019;0.0;0.0;0.0;0.0;0.0;0.0
1.0;1753877971.049194;18.299962;1.02;-1.71;0.12;-0.054029;0.980729;0.015094;0.0;0.0;0.0;0.0;0.0;0.0
1.0;1753877971.053792;18.258466;1.13;-1.7;0.06;-0.057657;0.981978;0.015199;0.0;0.0;0.0;0.0;0.0;0.0
1.0;1753877971.05839;18.268165;1.15;-1.66;0.06;-0.05729;0.982688;0.01613;0.0;0.0;0.0;0.0;0.0;0.0
1.0;1753877971.062988;18.289359;1.2;-1.64;0.13;-0.057899;0.981438;0.014671;0.0;0.0;0.0;0.0;0.0;0.0
1.0;1753877971.067586;18.300996;1.13;-1.62;0.07;-0.057755;0.981142;0.014908;0.0;0.0;0.0;0.0;0.0;0.0
1.0;1753877971.072183;18.287746;1.16;-1.63;0.04;-0.056403;0.981311;0.015855;0.0;0.0;0.0;0.0;0.0;0.0
1.0;1753877971.076781;18.279516;1.22;-1.68;0.12;-0.056553;0.981594;0.015964;0.0;0.0;0.0;0.0;0.0;0.0
1.0;1753877971.081379;18.250124;1.19;-1.7;0.09;-0.055951;0.980331;0.015085;0.0;0.0;0.0;0.0;0.0;0.0
1.0;1753877971.085977;18.283072;1.22;-1.62;-0.02;-0.059527;0.981597;0.014825;0.0;0.0;0.0;0.0;0.0;0.0
1.0;1753877971.090575;18.290943;1.14;-1.69;0.02;-0.056095;0.981107;0.016239;0.0;0.0;0.0;0.0;0.0;0.0
1.0;1753877971.095173;18.227939;1.15;-1.7;0.11;-0.057537;0.981456;0.015117;0.0;0.0;0.0;0.0;0.0;0.0
1.0;1753877971.099771;18.288668;1.17;-1.62;0.07;-0.058248;0.981483;0.015114;0.0;0.0;0.0;0.0;0.0;0.0
1.0;1753877971.104369;18.285179;1.13;-1.74;0.09;-0.059441;0.980975;0.015587;0.0;0.0;0.0;0.0;0.0;0.0
1.0;1753877971.108966;18.291687;1.19;-1.74;0.06;-0.058553;0.981314;0.014566;0.0;0.0;0.0;0.0;0.0;0.0
1.0;1753877971.113564;18.287992;1.09;-1.67;0.0;-0.058032;0.982062;0.015078;0.0;0.0;0.0;0.0;0.0;0.0
1.0;1753877971.118162;18.258972;1.1;-1.67;0.09;-0.060567;0.980795;0.016026;0.0;0.0;0.0;0.0;0.0;0.0
1.0;1753877971.12276;18.248126;1.21;-1.79;0.01;-0.058004;0.981707;0.015315;0.0;0.0;0.0;0.0;0.0;0.0
1.0;1753877971.127358;18.287084;1.14;-1.73;0.15;-0.057196;0.982249;0.01531;0.0;0.0;0.0;0.0;0.0;0.0
1.0;1753877971.131956;18.278549;1.23;-1.62;0.07;-0.057809;0.981361;0.01584;0.0;0.0;0.0;0.0;0.0;0.0
1.0;1753877971.136554;18.285888;1.12;-1.68;0.02;-0.056328;0.981033;0.014075;0.0;0.0;0.0;0.0;0.0;0.0
1.0;1753877971.141152;18.247249;1.24;-1.66;0.12;-0.056754;0.981171;0.014919;0.0;0.0;0.0;0.0;0.0;0.0
1.0;1753877971.14575;18.262424;1.11;-1.65;-0.05;-0.058465;0.980788;0.014836;0.0;0.0;0.0;0.0;0.0;0.0
1.0;1753877971.150348;18.254016;1.09;-1.65;0.04;-0.057228;0.981687;0.014969;0.0;0.0;0.0;0.0;0.0;0.0
1.0;1753877971.154946;18.287045;1.19;-1.65;0.09;-0.057687;0.98112;0.013867;0.0;0.0;0.0;0.0;0.0;0.0
1.0;1753877971.159544;18.235115;1.22;-1.6;0.09;-0.058373;0.981398;0.015808;0.0;0.0;0.0;0.0;0.0;0.0
1.0;1753877971.164142;18.273746;1.17;-1.64;0.02;-0.057101;0.98155;0.014291;0.0;0.0;0.0;0.0;0.0;0.0
1.0;1753877971.168739;18.281346;1.18;-1.7;0.01;-0.056265;0.981009;0.015722;0.0;0.0;0.0;0.0;0.0;0.0
1.0;1753877971.173337;18.271176;1.14;-1.64;0.06;-0.058475;0.9819;0.015261;0.0;0.0;0.0;0.0;0.0;0.0
1.0;1753877971.177935;18.277735;1.13;-1.65;-0.02;-0.056464;0.981777;0.014347;0.0;0.0;0.0;0.0;0.0;0.0
1.0;1753877971.182533;18.301807;1.14;-1.62;-0.0;-0.058588;0.980882;0.014664;0.0;0.0;0.0;0.0;0.0;0.0
1.0;1753877971.187131;18.278856;1.19;-1.7;0.01;-0.056928;0.980872;0.013629;0.0;0.0;0.0;0.0;0.0;0.0
1.0;1753877971.191729;18.272995;1.1;-1.71;0.08;-0.056833;0.981956;0.01449;0.0;0.0;0.0;0.0;0.0;0.0
1.0;1753877971.196327;18.3156;1.16;-1.65;0.08;-0.05806;0.981518;0.013763;0.0;0.0;0.0;0.0;0.0;0.0
1.0;1753877971.200925;18.26398;1.05;-1.66;0.02;-0.058706;0.98219;0.015872;0.0;0.0;0.0;0.0;0.0;0.0
1.0;1753877971.205522;18.25604;1.13;-1.74;0.03;-0.059339;0.981621;0.014787;0.0;0.0;0.0;0.0;0.0;0.0
1.0;1753877971.21012;18.236309;1.18;-1.63;0.04;-0.058243;0.981827;0.015163;0.0;0.0;0.0;0.0;0.0;0.0
1.0;1753877971.214718;18.254642;1.07;-1.74;0.02;-0.058859;0.980658;0.014978;0.0;0.0;0.0;0.0;0.0;0.0
1.0;1753877971.219316;18.290811;1.24;-1.65;-0.0;-0.058339;0.980373;0.013865;0.0;0.0;0.0;0.0;0.0;0.0
1.0;1753877971.223914;18.296055;1.22;-1.68;-0.01;-0.055673;0.980066;0.014406;0.0;0.0;0.0;0.0;0.0;0.0
1.0;1753877971.228512;18.320902;1.17;-1.67;0.03;-0.057895;0.980721;0.014147;0.0;0.0;0.0;0.0;0.0;0.0
1.0;1753877971.23311;18.277944;1.2;-1.76;0.03;-0.057227;0.980223;0.015328;0.0;0.0;0.0;0.0;0.0;0.0
1.0;1753877971.237708;18.28555;1.24;-1.7;0.11;-0.058246;0.98137;0.015462;0.0;0.0;0.0;0.0;0.0;0.0
1.0;1753877971.242306;18.276082;1.21;-1.6;-0.0;-0.056933;0.981457;0.014067;0.0;0.0;0.0;0.0;0.0;0.0
1.0;1753877971.246904;18.270742;1.21;-1.69;0.01;-0.056927;0.980851;0.015154;0.0;0.0;0.0;0.0;0.0;0.0
1.0;1753877971.251502;18.245345;1.13;-1.64;0.1;-0.059196;0.981946;0.014341;0.0;0.0;0.0;0.0;0.0;0.0
1.0;1753877971.2561;18.25044;1.22;-1.71;-0.04;-0.058253;0.982037;0.015205;0.0;0.0;0.0;0.0;0.0;0.0
1.0;1753877971.260697;18.251686;1.14;-1.65;0.05;-0.056971;0.980134;0.014121;0.0;0.0;0.0;0.0;0.0;0.0
1.0;1753877971.265295;18.193918;1.12;-1.57;0.06;-0.061799;0.980813;0.014384;0.0;0.0;0.0;0.0;0.0;0.0
1.0;1753877971.269893;18.279215;1.14;-1.62;0.03;-0.05722;0.981644;0.013919;0.0;0.0;0.0;0.0;0.0;0.0
1.0;1753877971.274491;18.314772;1.19;-1.68;0.08;-0.059182;0.980391;0.01543;0.0;0.0;0.0;0.0;0.0;0.0
1.0;1753877971.279089;18.294533;1.2;-1.7;0.09;-0.058689;0.981754;0.015265;0.0;0.0;0.0;0.0;0.0;0.0
1.0;1753877971.283687;18.246717;1.15;-1.67;-0.02;-0.057776;0.980851;0.014633;0.0;0.0;0.0;0.0;0.0;0.0
1.0;1753877971.288285;18.254029;1.16;-1.62;-0.03;-0.058055;0.982301;0.01537;0.0;0.0;0.0;0.0;0.0;0.0
1.0;1753877971.292883;18.295494;1.21;-1.74;0.0;-0.060577;0.981903;0.014264;0.0;0.0;0.0;0.0;0.0;0.0
1.0;1753877971.29748;18.288901;1.1;-1.66;-0.05;-0.055941;0.980509;0.015406;0.0;0.0;0.0;0.0;0.0;0.0
1.0;1753877971.302078;18.245375;1.07;-1.71;0.08;-0.058035;0.980172;0.015285;0.0;0.0;0.0;0.0;0.0;0.0
1.0;1753877971.306676;18.265576;1.13;-1.63;-0.08;-0.058782;0.981328;0.015518;0.0;0.0;0.0;0.0;0.0;0.0
1.0;1753877971.311274;18.276375;1.16;-1.7;0.06;-0.055713;0.981635;0.014497;0.0;0.0;0.0;0.0;0.0;0.0
1.0;1753877971.315872;18.276071;1.14;-1.69;-0.0;-0.058865;0.98181;0.015091;0.0;0.0;0.0;0.0;0.0;0.0
1.0;1753877971.32047;18.258985;1.24;-1.67;-0.05;-0.059449;0.981446;0.013565;0.0;0.0;0.0;0.0;0.0;0.0
1.0;1753877971.325068;18.261497;1.2;-1.68;-0.06;-0.057314;0.980002;0.015277;0.0;0.0;0.0;0.0;0.0;0.0
1.0;1753877971.329666;18.273893;1.2;-1.74;0.06;-0.058491;0.981324;0.014462;0.0;0.0;0.0;0.0;0.0;0.0
1.0;1753877971.334264;18.321263;1.13;-1.82;0.07;-0.057553;0.98116;0.014476;0.0;0.0;0.0;0.0;0.0;0.0
1.0;1753877971.338862;18.33121;1.14;-1.71;0.02;-0.057927;0.981134;0.013939;0.0;0.0;0.0;0.0;0.0;0.0
1.0;1753877971.34346;18.248032;1.19;-1.63;0.06;-0.059054;0.982096;0.015298;0.0;0.0;0.0;0.0;0.0;0.0
1.0;1753877971.348058;18.239862;1.19;-1.67;0.08;-0.056773;0.981147;0.014911;0.0;0.0;0.0;0.0;0.0;0.0
1.0;1753877971.352656;18.222563;1.18;-1.71;0.07;-0.060309;0.981309;0.01485;0.0;0.0;0.0;0.0;0.0;0.0
1.0;1753877971.357253;18.283784;1.15;-1.69;0.01;-0.056401;0.981486;0.01519;0.0;0.0;0.0;0.0;0.0;0.0
1.0;1753877971.361851;18.236742;1.12;-1.71;0.1;-0.058464;0.981364;0.014442;0.0;0.0;0.0;0.0;0.0;0.0
1.0;1753877971.366449;18.254925;1.15;-1.72;-0.0;-0.059324;0.981271;0.014112;0.0;0.0;0.0;0.0;0.0;0.0
1.0;1753877971.371047;18.299143;1.06;-1.68;0.09;-0.059169;0.981344;0.015333;0.0;0.0;0.0;0.0;0.0;0.0
1.0;1753877971.375645;18.263962;1.22;-1.62;-0.05;-0.057205;0.981712;0.014407;0.0;0.0;0.0;0.0;0.0;0.0
1.0;1753877971.380243;18.253223;1.22;-1.68;0.03;-0.05683;0.981376;0.014561;0.0;0.0;0.0;0.0;0.0;0.0
1.0;1753877971.384841;18.269559;1.23;-1.65;0.02;-0.059213;0.979957;0.013659;0.0;0.0;0.0;0.0;0.0;0.0
1.0;1753877971.389439;18.296424;1.14;-1.62;0.08;-0.057593;0.981706;0.015328;0.0;0.0;0.0;0.0;0.0;0.0
1.0;1753877971.394036;18.249422;1.14;-1.76;0.04;-0.060303;0.981482;0.01418;0.0;0.0;0.0;0.0;0.0;0.0
1.0;1753877971.398634;18.306941;1.22;-1.74;-0.08;-0.060481;0.980804;0.014542;0.0;0.0;0.0;0.0;0.0;0.0
1.0;1753877971.403232;18.252798;1.2;-1.77;0.06;-0.059563;0.982291;0.01497;0.0;0.0;0.0;0.0;0.0;0.0
1.0;1753877971.40783;18.287811;1.16;-1.8;-0.02;-0.058858;0.982502;0.014435;0.0;0.0;0.0;0.0;0.0;0.0
1.0;1753877971.412428;18.278818;1.08;-1.67;-0.01;-0.058994;0.981483;0.014464;0.0;0.0;0.0;0.0;0.0;0.0
1.0;1753877971.417026;18.232168;1.23;-1.69;0.04;-0.05797;0.981187;0.015172;0.0;0.0;0.0;0.0;0.0;0.0
1.0;1753877971.421624;18.255061;1.15;-1.74;0.08;-0.05915;0.980534;0.014563;0.0;0.0;0.0;0.0;0.0;0.0
1.0;1753877971.426222;18.293021;1.23;-1.66;-0.01;-0.060752;0.980543;0.015882;0.0;0.0;0.0;0.0;0.0;0.0
1.0;1753877971.43082;18.250477;1.22;-1.73;-0.06;-0.059878;0.980193;0.014729;0.0;0.0;0.0;0.0;0.0;0.0
1.0;1753877971.435418;18.261718;1.12;-1.79;-0.11;-0.057952;0.981329;0.014351;0.0;0.0;0.0;0.0;0.0;0.0
1.0;1753877971.440016;18.291873;1.12;-1.72;0.1;-0.061171;0.980818;0.014306;0.0;0.0;0.0;0.0;0.0;0.0
1.0;1753877971.444614;18.26702;1.25;-1.7;0.09;-0.05953;0.980199;0.014576;0.0;0.0;0.0;0.0;0.0;0.0
1.0;1753877971.449211;18.249836;1.26;-1.63;0.06;-0.059927;0.980671;0.014341;0.0;0.0;0.0;0.0;0.0;0.0
1.0;1753877971.453809;18.275774;1.25;-1.68;-0.01;-0.058631;0.980862;0.014386;0.0;0.0;0.0;0.0;0.0;0.0
1.0;1753877971.458407;18.30594;1.13;-1.74;0.04;-0.056342;0.981496;0.013844;0.0;0.0;0.0;0.0;0.0;0.0
1.0;1753877971.463005;18.235919;1.29;-1.7;0.13;-0.058953;0.980647;0.015622;0.0;0.0;0.0;0.0;0.0;0.0
1.0;1753877971.467603;18.278167;1.23;-1.7;-0.01;-0.05831;0.980931;0.014307;0.0;0.0;0.0;0.0;0.0;0.0
1.0;1753877971.472201;18.300402;1.15;-1.76;-0.05;-0.057947;0.982176;0.014134;0.0;0.0;0.0;0.0;0.0;0.0
1.0;1753877971.476799;18.287328;1.14;-1.75;-0.02;-0.059478;0.981967;0.01412;0.0;0.0;0.0;0.0;0.0;0.0
1.0;1753877971.481397;18.271308;1.22;-1.66;-0.02;-0.057655;0.982079;0.014263;0.0;0.0;0.0;0.0;0.0;0.0
1.0;1753877971.4884;18.273438;1.19;-1.68;0.0;-0.058804;0.981124;0.014396;0.0;0.0;0.0;0.0;0.0;0.0
1.0;1753877971.492998;18.299756;1.23;-1.65;-0.07;-0.057659;0.981016;0.014109;0.0;0.0;0.0;0.0;0.0;0.0
1.0;1753877971.497596;18.28246;1.07;-1.7;-0.0;-0.057886;0.982421;0.013448;0.0;0.0;0.0;0.0;0.0;0.0
1.0;1753877971.502194;18.225735;1.16;-1.68;0.01;-0.061369;0.980479;0.015026;0.0;0.0;0.0;0.0;0.0;0.0
1.0;1753877971.506792;18.239045;1.13;-1.75;-0.01;-0.058393;0.980977;0.014509;0.0;0.0;0.0;0.0;0.0;0.0
1.0;1753877971.51139;18.277834;1.22;-1.65;0.05;-0.058575;0.980916;0.013713;0.0;0.0;0.0;0.0;0.0;0.0
1.0;1753877971.515988;18.297194;1.16;-1.75;0.02;-0.057389;0.980641;0.013724;0.0;0.0;0.0;0.0;0.0;0.0
1.0;1753877971.520585;18.264486;1.19;-1.73;0.12;-0.058447;0.981097;0.013455;0.0;0.0;0.0;0.0;0.0;0.0
1.0;1753877971.525183;18.277701;1.22;-1.72;0.04;-0.059929;0.980891;0.014623;0.0;0.0;0.0;0.0;0.0;0.0
1.0;1753877971.529781;18.270288;1.23;-1.79;0.05;-0.05759;0.981025;0.014031;0.0;0.0;0.0;0.0;0.0;0.0
1.0;1753877971.534379;18.28629;1.17;-1.73;0.06;-0.057122;0.981673;0.014165;0.0;0.0;0.0;0.0;0.0;0.0
1.0;1753877971.538977;18.24907;1.17;-1.59;0.05;-0.058828;0.982009;0.014533;0.0;0.0;0.0;0.0;0.0;0.0
1.0;1753877971.543575;18.314048;1.16;-1.69;-0.02;-0.057864;0.981646;0.013899;0.0;0.0;0.0;0.0;0.0;0.0
1.0;1753877971.548173;18.297102;1.2;-1.66;0.06;-0.057994;0.981662;0.013413;0.0;0.0;0.0;0.0;0.0;0.0
1.0;1753877971.55277;18.288913;1.31;-1.66;-0.04;-0.057016;0.981375;0.014689;0.0;0.0;0.0;0.0;0.0;0.0
1.0;1753877971.557368;18.298935;1.17;-1.73;0.05;-0.058532;0.980765;0.014674;0.0;0.0;0.0;0.0;0.0;0.0
1.0;1753877971.561966;18.260267;1.16;-1.72;0.02;-0.057571;0.981987;0.013012;0.0;0.0;0.0;0.0;0.0;0.0
1.0;1753877971.566564;18.259479;1.17;-1.67;0.03;-0.057728;0.981649;0.013927;0.0;0.0;0.0;0.0;0.0;0.0
1.0;1753877971.571162;18.245361;1.1;-1.65;0.03;-0.057965;0.980545;0.015375;0.0;0.0;0.0;0.0;0.0;0.0
1.0;1753877971.57576;18.319735;1.22;-1.72;-0.07;-0.057565;0.981444;0.014288;0.0;0.0;0.0;0.0;0.0;0.0
1.0;1753877971.580358;18.248389;1.13;-1.66;0.01;-0.058619;0.980946;0.013885;0.0;0.0;0.0;0.0;0.0;0.0
1.0;1753877971.584956;18.290863;1.07;-1.72;0.0;-0.059475;0.980846;0.015213;0.0;0.0;0.0;0.0;0.0;0.0
1.0;1753877971.589554;18.264861;1.09;-1.74;0.04;-0.05864;0.98057;0.01332;0.0;0.0;0.0;0.0;0.0;0.0
1.0;1753877971.594152;18.280722;1.25;-1.63;0.03;-0.05776;0.982086;0.014766;0.0;0.0;0.0;0.0;0.0;0.0
1.0;1753877971.59875;18.217426;1.1;-1.72;0.01;-0.05682;0.982075;0.014271;0.0;0.0;0.0;0.0;0.0;0.0
1.0;1753877971.603348;18.271294;1.15;-1.68;0.05;-0.059278;0.982227;0.014183;0.0;0.0;0.0;0.0;0.0;0.0
1.0;1753877971.607946;18.271223;1.12;-1.67;0.04;-0.057319;0.980898;0.014212;0.0;0.0;0.0;0.0;0.0;0.0
1.0;1753877971.612543;18.226693;1.1;-1.65;0.01;-0.056455;0.981806;0.015707;0.0;0.0;0.0;0.0;0.0;0.0
1.0;1753877971.617141;18.234602;1.15;-1.7;-0.04;-0.058024;0.980392;0.015247;0.0;0.0;0.0;0.0;0.0;0.0
1.0;1753877971.621739;18.265772;1.16;-1.71;0.0;-0.056543;0.980343;0.013588;0.0;0.0;0.0;0.0;0.0;0.0
1.0;1753877971.626337;18.260965;1.22;-1.68;0.09;-0.058083;0.980352;0.013758;0.0;0.0;0.0;0.0;0.0;0.0
1.0;1753877971.630935;18.293705;1.12;-1.61;0.03;-0.058628;0.981574;0.014096;0.0;0.0;0.0;0.0;0.0;0.0
1.0;1753877971.635533;18.255213;1.1;-1.66;0.07;-0.058778;0.981647;0.014555;0.0;0.0;0.0;0.0;0.0;0.0
1.0;1753877971.640131;18.268603;1.08;-1.68;0.08;-0.056864;0.980745;0.014044;0.0;0.0;0.0;0.0;0.0;0.0
1.0;1753877971.644729;18.266735;1.21;-1.65;0.01;-0.059116;0.981483;0.014164;0.0;0.0;0.0;0.0;0.0;0.0
1.0;1753877971.649326;18.255743;1.15;-1.67;-0.01;-0.057214;0.980845;0.015118;0.0;0.0;0.0;0.0;0.0;0.0
1.0;1753877971.653924;18.252169;1.09;-1.64;0.02;-0.057396;0.9813;0.014679;0.0;0.0;0.0;0.0;0.0;0.0
1.0;1753877971.658522;18.2436;1.22;-1.64;-0.02;-0.058303;0.981404;0.015167;0.0;0.0;0.0;0.0;0.0;0.0
1.0;1753877971.66312;18.269354;1.09;-1.67;0.04;-0.05849;0.98083;0.014257;0.0;0.0;0.0;0.0;0.0;0.0
1.0;1753877971.667718;18.271835;1.08;-1.7;0.03;-0.05861;0.981411;0.015191;0.0;0.0;0.0;0.0;0.0;0.0
1.0;1753877971.672316;18.263651;1.12;-1.66;0.02;-0.056854;0.981045;0.014607;0.0;0.0;0.0;0.0;0.0;0.0
1.0;1753877971.676914;18.293797;1.13;-1.63;0.13;-0.057919;0.981765;0.013091;0.0;0.0;0.0;0.0;0.0;0.0
1.0;1753877971.681512;18.287302;1.02;-1.74;0.04;-0.056239;0.981611;0.014961;0.0;0.0;0.0;0.0;0.0;0.0
1.0;1753877971.68611;18.297139;1.19;-1.65;0.04;-0.059926;0.980945;0.014005;0.0;0.0;0.0;0.0;0.0;0.0
1.0;1753877971.690708;18.242838;1.2;-1.68;-0.02;-0.057073;0.981449;0.014396;0.0;0.0;0.0;0.0;0.0;0.0
1.0;1753877971.695306;18.260745;1.16;-1.71;0.15;-0.056904;0.980516;0.013097;0.0;0.0;0.0;0.0;0.0;0.0
1.0;1753877971.699904;18.210854;1.26;-1.61;0.04;-0.055703;0.980953;0.015212;0.0;0.0;0.0;0.0;0.0;0.0
1.0;1753877971.704502;18.2668;1.19;-1.68;0.05;-0.057444;0.980781;0.015665;0.0;0.0;0.0;0.0;0.0;0.0
1.0;1753877971.709099;18.27426;1.12;-1.74;0.11;-0.058225;0.980635;0.014608;0.0;0.0;0.0;0.0;0.0;0.0
1.0;1753877971.713697;18.247291;1.11;-1.68;0.12;-0.057598;0.980936;0.013865;0.0;0.0;0.0;0.0;0.0;0.0
1.0;1753877971.718295;18.249911;1.14;-1.73;0.11;-0.055671;0.980398;0.012441;0.0;0.0;0.0;0.0;0.0;0.0
1.0;1753877971.722893;18.24573;1.07;-1.7;0.05;-0.056743;0.980518;0.014414;0.0;0.0;0.0;0.0;0.0;0.0
1.0;1753877971.727491;18.248491;1.03;-1.68;0.07;-0.059584;0.980779;0.013635;0.0;0.0;0.0;0.0;0.0;0.0
1.0;1753877971.732089;18.28175;1.19;-1.73;0.08;-0.057746;0.980509;0.014415;0.0;0.0;0.0;0.0;0.0;0.0
1.0;1753877971.736687;18.238737;1.13;-1.7;0.04;-0.056893;0.981401;0.01433;0.0;0.0;0.0;0.0;0.0;0.0
1.0;1753877971.741284;18.285708;1.09;-1.72;0.04;-0.057974;0.980518;0.012824;0.0;0.0;0.0;0.0;0.0;0.0
1.0;1753877971.745882;18.264884;1.21;-1.71;0.16;-0.057902;0.98056;0.014112;0.0;0.0;0.0;0.0;0.0;0.0
1.0;1753877971.75048;18.238053;1.11;-1.68;-0.01;-0.059219;0.98086;0.014566;0.0;0.0;0.0;0.0;0.0;0.0
1.0;1753877971.755078;18.258214;1.1;-1.68;0.1;-0.057216;0.980958;0.014506;0.0;0.0;0.0;0.0;0.0;0.0
1.0;1753877971.7606;18.257812;1.12;-1.68;0.07;-0.057218;0.980758;0.014152;0.0;0.0;0.0;0.0;0.0;0.0
1.0;1753877971.7665;18.257812;0.98;-1.68;0.14;-0.055754;0.980758;0.01586;0.0;0.0;0.0;0.0;0.0;0.0
1.0;1753877971.771098;18.267109;0.99;-1.68;0.19;-0.054091;0.980609;0.015571;0.0;0.0;0.0;0.0;0.0;0.0
1.0;1753877971.775696;18.281205;0.88;-1.6;0.13;-0.058505;0.980806;0.01443;0.0;0.0;0.0;0.0;0.0;0.0
1.0;1753877971.780294;18.273969;1.11;-1.67;0.2;-0.054521;0.980534;0.015502;0.0;0.0;0.0;0.0;0.0;0.0
1.0;1753877971.784892;18.263115;1.1;-1.64;0.12;-0.054804;0.981646;0.015806;0.0;0.0;0.0;0.0;0.0;0.0
1.0;1753877971.78949;18.293445;1.0;-1.58;0.13;-0.054459;0.980927;0.014943;0.0;0.0;0.0;0.0;0.0;0.0
1.0;1753877971.794088;18.280008;1.1;-1.66;0.19;-0.053011;0.980557;0.014902;0.0;0.0;0.0;0.0;0.0;0.0
1.0;1753877971.798685;18.275882;1.0;-1.62;0.14;-0.056831;0.980512;0.014887;0.0;0.0;0.0;0.0;0.0;0.0
1.0;1753877971.803283;18.269545;0.97;-1.67;0.08;-0.056578;0.98106;0.015025;0.0;0.0;0.0;0.0;0.0;0.0
1.0;1753877971.80766;18.289062;1.05;-1.61;0.14;-0.054534;0.981124;0.015372;0.0;0.0;0.0;0.0;0.0;0.0
1.0;1753877971.812258;18.301871;1.06;-1.6;0.15;-0.054957;0.981357;0.014723;0.0;0.0;0.0;0.0;0.0;0.0
1.0;1753877971.816856;18.279646;0.97;-1.57;0.12;-0.053568;0.980982;0.015021;0.0;0.0;0.0;0.0;0.0;0.0
1.0;1753877971.821454;18.293669;1.02;-1.63;0.1;-0.054705;0.98166;0.015007;0.0;0.0;0.0;0.0;0.0;0.0
1.0;1753877971.826052;18.283083;1.13;-1.64;0.11;-0.05379;0.981117;0.013435;0.0;0.0;0.0;0.0;0.0;0.0
1.0;1753877971.83065;18.294882;1.04;-1.59;0.15;-0.057674;0.981303;0.015859;0.0;0.0;0.0;0.0;0.0;0.0
1.0;1753877971.835248;18.287686;1.18;-1.67;-0.01;-0.054118;0.981742;0.014292;0.0;0.0;0.0;0.0;0.0;0.0
1.0;1753877971.839846;18.283062;0.99;-1.62;0.07;-0.053609;0.981735;0.015958;0.0;0.0;0.0;0.0;0.0;0.0
1.0;1753877971.844443;18.299834;1.01;-1.65;0.13;-0.058063;0.981901;0.015361;0.0;0.0;0.0;0.0;0.0;0.0
1.0;1753877971.849041;18.319883;0.98;-1.62;0.06;-0.055879;0.981558;0.013644;0.0;0.0;0.0;0.0;0.0;0.0
1.0;1753877971.853639;18.273786;1.06;-1.6;0.09;-0.055968;0.981775;0.013795;0.0;0.0;0.0;0.0;0.0;0.0
1.0;1753877971.86213;18.289062;1.12;-1.61;0.07;-0.058682;0.981612;0.014762;0.0;0.0;0.0;0.0;0.0;0.0
1.0;1753877971.866728;18.322425;1.16;-1.55;0.16;-0.056601;0.981337;0.014894;0.0;0.0;0.0;0.0;0.0;0.0
1.0;1753877971.871326;18.313363;1.13;-1.65;0.08;-0.059868;0.980778;0.014548;0.0;0.0;0.0;0.0;0.0;0.0
1.0;1753877971.875924;18.259286;1.22;-1.64;0.04;-0.057218;0.981283;0.017058;0.0;0.0;0.0;0.0;0.0;0.0
1.0;1753877971.880522;18.295496;1.11;-1.56;0.14;-0.06062;0.98153;0.016075;0.0;0.0;0.0;0.0;0.0;0.0
1.0;1753877971.88512;18.287088;1.15;-1.61;-0.03;-0.058034;0.981285;0.015521;0.0;0.0;0.0;0.0;0.0;0.0
1.0;1753877971.889717;18.283956;1.09;-1.7;0.14;-0.059998;0.981125;0.015537;0.0;0.0;0.0;0.0;0.0;0.0
1.0;1753877971.894315;18.27139;1.1;-1.61;0.11;-0.058469;0.981133;0.014898;0.0;0.0;0.0;0.0;0.0;0.0
1.0;1753877971.898913;18.310527;1.15;-1.69;0.07;-0.058014;0.979604;0.01421;0.0;0.0;0.0;0.0;0.0;0.0
1.0;1753877971.903511;18.261292;1.11;-1.71;0.09;-0.058827;0.981228;0.013604;0.0;0.0;0.0;0.0;0.0;0.0
1.0;1753877971.908109;18.300459;1.25;-1.6;0.12;-0.056842;0.980115;0.015563;0.0;0.0;0.0;0.0;0.0;0.0
1.0;1753877971.912707;18.297342;1.09;-1.67;0.02;-0.060089;0.980666;0.013494;0.0;0.0;0.0;0.0;0.0;0.0
1.0;1753877971.917305;18.291999;1.16;-1.61;0.02;-0.060055;0.980281;0.014834;0.0;0.0;0.0;0.0;0.0;0.0
1.0;1753877971.921903;18.289745;1.17;-1.69;0.1;-0.058928;0.979546;0.015604;0.0;0.0;0.0;0.0;0.0;0.0
1.0;1753877971.9265;18.287891;1.12;-1.69;0.11;-0.055999;0.979925;0.013828;0.0;0.0;0.0;0.0;0.0;0.0
1.0;1753877971.93299;18.289062;1.19;-1.68;0.07;-0.058438;0.979538;0.014762;0.0;0.0;0.0;0.0;0.0;0.0
1.0;1753877971.937588;18.250995;1.21;-1.68;0.15;-0.05398;0.980123;0.013092;0.0;0.0;0.0;0.0;0.0;0.0
1.0;1753877971.94491;18.289062;1.19;-1.61;0.14;-0.057584;0.97966;0.014884;0.0;0.0;0.0;0.0;0.0;0.0
1.0;1753877971.946288;18.292969;1.05;-1.61;0.0;-0.058682;0.981612;0.015616;0.0;0.0;0.0;0.0;0.0;0.0
1.0;1753877971.949667;18.292969;1.05;-1.61;0.07;-0.05612;0.981734;0.014518;0.0;0.0;0.0;0.0;0.0;0.0
1.0;1753877971.954251;18.292969;1.12;-1.68;0.07;-0.061366;0.98088;0.01586;0.0;0.0;0.0;0.0;0.0;0.0
1.0;1753877971.958825;18.265625;0.98;-1.61;0.07;-0.056974;0.980392;0.015006;0.0;0.0;0.0;0.0;0.0;0.0
1.0;1753877971.963396;18.265625;0.91;-1.68;0.07;-0.05917;0.982588;0.016226;0.0;0.0;0.0;0.0;0.0;0.0
1.0;1753877971.96797;18.265625;1.05;-1.61;0.07;-0.05917;0.980148;0.014762;0.0;0.0;0.0;0.0;0.0;0.0
1.0;1753877971.975604;18.265625;1.05;-1.61;0.14;-0.056242;0.980148;0.016348;0.0;0.0;0.0;0.0;0.0;0.0
1.0;1753877971.977063;18.25;1.05;-1.61;0.07;-0.060024;0.981368;0.014396;0.0;0.0;0.0;0.0;0.0;0.0
1.0;1753877971.984526;18.25;1.12;-1.61;0.14;-0.054046;0.98149;0.01525;0.0;0.0;0.0;0.0;0.0;0.0
1.0;1753877971.986148;18.25;1.12;-1.75;0.14;-0.054046;0.98149;0.01525;0.0;0.0;0.0;0.0;0.0;0.0
1.0;1753877971.990836;18.25;1.05;-1.61;0.0;-0.055754;0.98149;0.015372;0.0;0.0;0.0;0.0;0.0;0.0
1.0;1753877971.99541;18.273438;0.98;-1.61;0.07;-0.059658;0.980636;0.014762;0.0;0.0;0.0;0.0;0.0;0.0
1.0;1753877972.000008;18.237944;0.97;-1.65;0.15;-0.056258;0.980223;0.014452;0.0;0.0;0.0;0.0;0.0;0.0
1.0;1753877972.004606;18.272309;0.94;-1.69;0.13;-0.058742;0.979458;0.014354;0.0;0.0;0.0;0.0;0.0;0.0
1.0;1753877972.009204;18.27859;0.95;-1.62;0.03;-0.058629;0.979639;0.013737;0.0;0.0;0.0;0.0;0.0;0.0
1.0;1753877972.013802;18.317806;0.98;-1.66;0.02;-0.060059;0.980689;0.01372;0.0;0.0;0.0;0.0;0.0;0.0
1.0;1753877972.0184;18.280563;0.92;-1.66;0.02;-0.059886;0.980212;0.013729;0.0;0.0;0.0;0.0;0.0;0.0
1.0;1753877972.022998;18.285566;0.97;-1.64;0.13;-0.054881;0.980743;0.014231;0.0;0.0;0.0;0.0;0.0;0.0
1.0;1753877972.027595;18.286499;0.91;-1.63;0.08;-0.058919;0.980953;0.014836;0.0;0.0;0.0;0.0;0.0;0.0
1.0;1753877972.032193;18.277765;0.94;-1.66;-0.02;-0.060847;0.980168;0.013883;0.0;0.0;0.0;0.0;0.0;0.0
1.0;1753877972.036791;18.296834;1.01;-1.66;0.07;-0.058213;0.98041;0.014224;0.0;0.0;0.0;0.0;0.0;0.0
1.0;1753877972.041389;18.296158;0.96;-1.65;0.09;-0.059664;0.981359;0.015041;0.0;0.0;0.0;0.0;0.0;0.0
1.0;1753877972.045987;18.270117;0.96;-1.6;0.07;-0.060368;0.980176;0.015023;0.0;0.0;0.0;0.0;0.0;0.0
1.0;1753877972.050585;18.261788;1.11;-1.55;0.07;-0.060667;0.979953;0.015166;0.0;0.0;0.0;0.0;0.0;0.0
1.0;1753877972.055183;18.236881;1.04;-1.71;-0.0;-0.062993;0.980985;0.014589;0.0;0.0;0.0;0.0;0.0;0.0
1.0;1753877972.05978;18.266975;0.92;-1.72;0.11;-0.062182;0.980487;0.015206;0.0;0.0;0.0;0.0;0.0;0.0
1.0;1753877972.064378;18.276965;1.04;-1.56;-0.02;-0.05714;0.98108;0.014886;0.0;0.0;0.0;0.0;0.0;0.0
1.0;1753877972.068976;18.239919;0.93;-1.54;0.02;-0.060205;0.979934;0.015482;0.0;0.0;0.0;0.0;0.0;0.0
1.0;1753877972.073574;18.305133;0.94;-1.58;0.16;-0.058065;0.980091;0.015304;0.0;0.0;0.0;0.0;0.0;0.0
1.0;1753877972.078172;18.259986;0.88;-1.62;0.13;-0.057692;0.981382;0.014726;0.0;0.0;0.0;0.0;0.0;0.0
1.0;1753877972.08277;18.244098;0.91;-1.66;0.01;-0.060915;0.980881;0.016176;0.0;0.0;0.0;0.0;0.0;0.0
1.0;1753877972.087368;18.298551;1.06;-1.54;0.06;-0.059122;0.982299;0.016203;0.0;0.0;0.0;0.0;0.0;0.0
1.0;1753877972.091966;18.278985;0.95;-1.68;-0.03;-0.060942;0.979987;0.014059;0.0;0.0;0.0;0.0;0.0;0.0
1.0;1753877972.096564;18.273833;0.96;-1.55;0.09;-0.060197;0.981573;0.014825;0.0;0.0;0.0;0.0;0.0;0.0
1.0;1753877972.101162;18.288207;1.13;-1.64;0.09;-0.062787;0.981274;0.015709;0.0;0.0;0.0;0.0;0.0;0.0
1.0;1753877972.10576;18.28918;0.99;-1.65;0.02;-0.056268;0.980539;0.015505;0.0;0.0;0.0;0.0;0.0;0.0
1.0;1753877972.110358;18.256267;1.08;-1.6;0.1;-0.05686;0.98042;0.016428;0.0;0.0;0.0;0.0;0.0;0.0
1.0;1753877972.1186;18.273438;0.98;-1.61;0.07;-0.05856;0.981124;0.01525;0.0;0.0;0.0;0.0;0.0;0.0
1.0;1753877972.123198;18.256354;1.01;-1.65;0.1;-0.057928;0.981566;0.015454;0.0;0.0;0.0;0.0;0.0;0.0
1.0;1753877972.127796;18.266227;1.12;-1.58;0.04;-0.060457;0.980066;0.014865;0.0;0.0;0.0;0.0;0.0;0.0
1.0;1753877972.132394;18.273743;0.93;-1.67;0.16;-0.058176;0.980751;0.013682;0.0;0.0;0.0;0.0;0.0;0.0
1.0;1753877972.136992;18.255269;0.97;-1.59;0.0;-0.058717;0.982409;0.015056;0.0;0.0;0.0;0.0;0.0;0.0
1.0;1753877972.14159;18.278875;0.91;-1.69;0.08;-0.058306;0.979944;0.015341;0.0;0.0;0.0;0.0;0.0;0.0
1.0;1753877972.146187;18.237236;1.04;-1.63;0.09;-0.061808;0.980309;0.01398;0.0;0.0;0.0;0.0;0.0;0.0
1.0;1753877972.150785;18.286065;1.02;-1.62;0.06;-0.058364;0.981419;0.014656;0.0;0.0;0.0;0.0;0.0;0.0
1.0;1753877972.155383;18.240487;1.05;-1.58;0.04;-0.056651;0.980956;0.014867;0.0;0.0;0.0;0.0;0.0;0.0
1.0;1753877972.159981;18.248849;1.03;-1.69;0.03;-0.058111;0.980297;0.01605;0.0;0.0;0.0;0.0;0.0;0.0
1.0;1753877972.164579;18.293311;0.89;-1.62;0.16;-0.0615;0.980833;0.015626;0.0;0.0;0.0;0.0;0.0;0.0
1.0;1753877972.169177;18.28864;0.99;-1.66;0.13;-0.05694;0.980915;0.014498;0.0;0.0;0.0;0.0;0.0;0.0
1.0;1753877972.173775;18.267527;1.02;-1.64;-0.01;-0.0606;0.980515;0.014947;0.0;0.0;0.0;0.0;0.0;0.0
1.0;1753877972.178372;18.265528;0.99;-1.71;0.02;-0.057344;0.980336;0.01524;0.0;0.0;0.0;0.0;0.0;0.0
1.0;1753877972.18297;18.253007;0.94;-1.57;-0.02;-0.056783;0.980888;0.015118;0.0;0.0;0.0;0.0;0.0;0.0
1.0;1753877972.187568;18.244753;0.84;-1.58;0.04;-0.055559;0.981543;0.015679;0.0;0.0;0.0;0.0;0.0;0.0
1.0;1753877972.192166;18.285155;1.07;-1.71;0.05;-0.060977;0.98147;0.014824;0.0;0.0;0.0;0.0;0.0;0.0
1.0;1753877972.196764;18.262452;1.0;-1.63;-0.02;-0.0556;0.980241;0.014407;0.0;0.0;0.0;0.0;0.0;0.0
1.0;1753877972.201362;18.314149;1.15;-1.66;0.13;-0.057265;0.980744;0.015776;0.0;0.0;0.0;0.0;0.0;0.0
1.0;1753877972.20596;18.267452;1.04;-1.6;0.05;-0.059676;0.980808;0.015546;0.0;0.0;0.0;0.0;0.0;0.0
1.0;1753877972.210558;18.297235;1.07;-1.63;0.15;-0.059713;0.980174;0.014887;0.0;0.0;0.0;0.0;0.0;0.0
1.0;1753877972.215156;18.298406;1.0;-1.6;0.03;-0.060089;0.981757;0.014738;0.0;0.0;0.0;0.0;0.0;0.0
1.0;1753877972.219754;18.276878;1.01;-1.59;0.07;-0.059574;0.981095;0.015218;0.0;0.0;0.0;0.0;0.0;0.0
1.0;1753877972.224352;18.274709;1.01;-1.62;-0.02;-0.057848;0.981759;0.014994;0.0;0.0;0.0;0.0;0.0;0.0
1.0;1753877972.22895;18.273791;0.96;-1.53;0.09;-0.058357;0.982014;0.015051;0.0;0.0;0.0;0.0;0.0;0.0
1.0;1753877972.233548;18.323096;1.03;-1.58;0.11;-0.059585;0.980701;0.013944;0.0;0.0;0.0;0.0;0.0;0.0
1.0;1753877972.238145;18.286772;1.04;-1.67;-0.02;-0.056696;0.982415;0.014002;0.0;0.0;0.0;0.0;0.0;0.0
1.0;1753877972.242743;18.256422;0.89;-1.61;0.19;-0.057108;0.980523;0.014184;0.0;0.0;0.0;0.0;0.0;0.0
1.0;1753877972.247341;18.279098;1.0;-1.53;-0.04;-0.055006;0.982198;0.013316;0.0;0.0;0.0;0.0;0.0;0.0
1.0;1753877972.251939;18.275457;0.92;-1.63;0.13;-0.061434;0.981334;0.015351;0.0;0.0;0.0;0.0;0.0;0.0
1.0;1753877972.256537;18.285407;1.01;-1.6;0.05;-0.061108;0.98069;0.014155;0.0;0.0;0.0;0.0;0.0;0.0
1.0;1753877972.261135;18.247194;0.98;-1.57;0.01;-0.056793;0.982829;0.01666;0.0;0.0;0.0;0.0;0.0;0.0
1.0;1753877972.265733;18.243728;0.98;-1.56;0.06;-0.061225;0.980995;0.015416;0.0;0.0;0.0;0.0;0.0;0.0
1.0;1753877972.270331;18.305204;1.06;-1.53;0.09;-0.058595;0.981229;0.015204;0.0;0.0;0.0;0.0;0.0;0.0
1.0;1753877972.274928;18.278423;1.09;-1.62;-0.01;-0.05922;0.981248;0.014881;0.0;0.0;0.0;0.0;0.0;0.0
1.0;1753877972.279526;18.274595;1.0;-1.62;-0.03;-0.060225;0.980984;0.015072;0.0;0.0;0.0;0.0;0.0;0.0
1.0;1753877972.284124;18.276848;1.08;-1.63;0.02;-0.055581;0.979956;0.014298;0.0;0.0;0.0;0.0;0.0;0.0
1.0;1753877972.288722;18.282874;1.06;-1.61;0.05;-0.055141;0.981129;0.014383;0.0;0.0;0.0;0.0;0.0;0.0
1.0;1753877972.29332;18.273083;1.05;-1.67;0.05;-0.061066;0.979422;0.015917;0.0;0.0;0.0;0.0;0.0;0.0
1.0;1753877972.297918;18.269585;1.04;-1.57;0.01;-0.060566;0.980823;0.014631;0.0;0.0;0.0;0.0;0.0;0.0
1.0;1753877972.302516;18.293085;1.06;-1.59;-0.03;-0.055668;0.980951;0.015168;0.0;0.0;0.0;0.0;0.0;0.0
1.0;1753877972.307114;18.267964;0.95;-1.64;-0.1;-0.05859;0.98117;0.014629;0.0;0.0;0.0;0.0;0.0;0.0
1.0;1753877972.311712;18.281255;0.99;-1.68;-0.01;-0.056694;0.980397;0.014817;0.0;0.0;0.0;0.0;0.0;0.0
1.0;1753877972.31631;18.272523;0.92;-1.66;-0.01;-0.059595;0.981137;0.014814;0.0;0.0;0.0;0.0;0.0;0.0
1.0;1753877972.320908;18.287658;0.98;-1.69;0.06;-0.060364;0.981317;0.014434;0.0;0.0;0.0;0.0;0.0;0.0
1.0;1753877972.325506;18.273381;1.01;-1.6;0.01;-0.057864;0.982065;0.015475;0.0;0.0;0.0;0.0;0.0;0.0
1.0;1753877972.330104;18.293156;1.0;-1.6;-0.09;-0.057588;0.981322;0.015709;0.0;0.0;0.0;0.0;0.0;0.0
1.0;1753877972.334701;18.28254;1.1;-1.63;0.02;-0.06193;0.981798;0.014361;0.0;0.0;0.0;0.0;0.0;0.0
1.0;1753877972.339299;18.296253;0.95;-1.62;0.02;-0.062658;0.982435;0.013964;0.0;0.0;0.0;0.0;0.0;0.0
1.0;1753877972.343897;18.280266;1.02;-1.61;0.03;-0.056293;0.982863;0.013924;0.0;0.0;0.0;0.0;0.0;0.0
1.0;1753877972.348495;18.257519;0.96;-1.56;0.06;-0.056971;0.981709;0.013702;0.0;0.0;0.0;0.0;0.0;0.0
1.0;1753877972.353093;18.269137;1.0;-1.7;-0.04;-0.053304;0.980677;0.014741;0.0;0.0;0.0;0.0;0.0;0.0
1.0;1753877972.357691;18.268246;1.09;-1.59;0.1;-0.05969;0.98111;0.014141;0.0;0.0;0.0;0.0;0.0;0.0
1.0;1753877972.362289;18.234925;1.06;-1.61;-0.01;-0.059091;0.980797;0.014936;0.0;0.0;0.0;0.0;0.0;0.0
1.0;1753877972.366886;18.277009;1.03;-1.65;0.02;-0.058217;0.981874;0.014416;0.0;0.0;0.0;0.0;0.0;0.0
1.0;1753877972.371484;18.270321;1.07;-1.68;0.15;-0.057051;0.981451;0.014719;0.0;0.0;0.0;0.0;0.0;0.0
1.0;1753877972.376082;18.252461;1.03;-1.58;0.06;-0.059986;0.980794;0.014631;0.0;0.0;0.0;0.0;0.0;0.0
1.0;1753877972.38068;18.282135;1.06;-1.56;0.03;-0.057389;0.981555;0.01525;0.0;0.0;0.0;0.0;0.0;0.0
1.0;1753877972.385278;18.285383;1.08;-1.64;0.06;-0.057393;0.981819;0.014952;0.0;0.0;0.0;0.0;0.0;0.0
1.0;1753877972.389876;18.256516;0.94;-1.57;-0.03;-0.055431;0.981006;0.014247;0.0;0.0;0.0;0.0;0.0;0.0
1.0;1753877972.394474;18.280489;1.07;-1.52;0.03;-0.056974;0.980545;0.015848;0.0;0.0;0.0;0.0;0.0;0.0
1.0;1753877972.399072;18.318258;0.98;-1.62;-0.01;-0.058874;0.981763;0.014056;0.0;0.0;0.0;0.0;0.0;0.0
1.0;1753877972.40367;18.254185;0.99;-1.62;0.03;-0.057545;0.980309;0.014219;0.0;0.0;0.0;0.0;0.0;0.0
1.0;1753877972.408268;18.262092;1.13;-1.64;0.19;-0.057146;0.98102;0.015517;0.0;0.0;0.0;0.0;0.0;0.0
1.0;1753877972.412866;18.310916;0.97;-1.63;0.05;-0.054319;0.980393;0.014037;0.0;0.0;0.0;0.0;0.0;0.0
1.0;1753877972.417464;18.278076;0.99;-1.65;-0.05;-0.059853;0.980124;0.014761;0.0;0.0;0.0;0.0;0.0;0.0
1.0;1753877972.422062;18.280391;1.05;-1.62;0.03;-0.056948;0.980421;0.014892;0.0;0.0;0.0;0.0;0.0;0.0
1.0;1753877972.426659;18.278999;0.96;-1.61;0.06;-0.0564;0.98195;0.013658;0.0;0.0;0.0;0.0;0.0;0.0
1.0;1753877972.431257;18.265867;0.97;-1.57;0.0;-0.053133;0.98049;0.015486;0.0;0.0;0.0;0.0;0.0;0.0
1.0;1753877972.435855;18.289158;1.13;-1.57;-0.07;-0.057117;0.980671;0.014587;0.0;0.0;0.0;0.0;0.0;0.0
1.0;1753877972.440453;18.270629;0.96;-1.66;0.07;-0.055913;0.981112;0.013822;0.0;0.0;0.0;0.0;0.0;0.0
1.0;1753877972.445051;18.279651;1.05;-1.54;0.07;-0.059579;0.980549;0.014902;0.0;0.0;0.0;0.0;0.0;0.0
1.0;1753877972.4506;18.273438;1.05;-1.61;0.0;-0.057462;0.981368;0.014518;0.0;0.0;0.0;0.0;0.0;0.0
1.0;1753877972.455198;18.250359;1.04;-1.61;0.07;-0.058071;0.981223;0.014303;0.0;0.0;0.0;0.0;0.0;0.0
1.0;1753877972.459796;18.27657;1.01;-1.7;-0.07;-0.056183;0.981207;0.015538;0.0;0.0;0.0;0.0;0.0;0.0
1.0;1753877972.464394;18.264861;1.2;-1.61;0.04;-0.062136;0.980424;0.014039;0.0;0.0;0.0;0.0;0.0;0.0
1.0;1753877972.468992;18.270006;0.98;-1.64;-0.02;-0.054601;0.980199;0.014131;0.0;0.0;0.0;0.0;0.0;0.0
1.0;1753877972.47359;18.270881;0.93;-1.61;0.01;-0.060054;0.981591;0.014168;0.0;0.0;0.0;0.0;0.0;0.0
1.0;1753877972.478187;18.254046;1.0;-1.64;-0.0;-0.057649;0.981435;0.015584;0.0;0.0;0.0;0.0;0.0;0.0
1.0;1753877972.482785;18.260137;0.98;-1.6;-0.03;-0.056409;0.982124;0.014265;0.0;0.0;0.0;0.0;0.0;0.0
1.0;1753877972.487383;18.259952;1.08;-1.56;0.02;-0.058383;0.981883;0.01473;0.0;0.0;0.0;0.0;0.0;0.0
1.0;1753877972.491981;18.263333;1.05;-1.66;-0.02;-0.054021;0.983037;0.014318;0.0;0.0;0.0;0.0;0.0;0.0
1.0;1753877972.496579;18.242863;1.08;-1.61;-0.06;-0.057892;0.979862;0.016371;0.0;0.0;0.0;0.0;0.0;0.0
1.0;1753877972.501177;18.245972;0.99;-1.6;0.02;-0.05788;0.980589;0.014497;0.0;0.0;0.0;0.0;0.0;0.0
1.0;1753877972.505775;18.283392;1.1;-1.65;0.05;-0.057206;0.981152;0.015166;0.0;0.0;0.0;0.0;0.0;0.0
1.0;1753877972.510373;18.282008;1.07;-1.62;-0.0;-0.056734;0.980734;0.014664;0.0;0.0;0.0;0.0;0.0;0.0
1.0;1753877972.51497;18.278425;0.96;-1.52;-0.02;-0.054028;0.981486;0.013971;0.0;0.0;0.0;0.0;0.0;0.0
1.0;1753877972.519568;18.275077;1.12;-1.77;0.09;-0.057496;0.98091;0.014562;0.0;0.0;0.0;0.0;0.0;0.0
1.0;1753877972.524166;18.292099;0.95;-1.62;-0.11;-0.056406;0.981508;0.014616;0.0;0.0;0.0;0.0;0.0;0.0
1.0;1753877972.528764;18.253107;1.13;-1.55;0.06;-0.060072;0.981496;0.014855;0.0;0.0;0.0;0.0;0.0;0.0
1.0;1753877972.533362;18.262187;1.02;-1.58;0.11;-0.053121;0.981946;0.015123;0.0;0.0;0.0;0.0;0.0;0.0
1.0;1753877972.53796;18.28263;1.1;-1.69;0.04;-0.055345;0.980734;0.015623;0.0;0.0;0.0;0.0;0.0;0.0
1.0;1753877972.542558;18.287667;1.08;-1.57;-0.05;-0.059851;0.982193;0.014131;0.0;0.0;0.0;0.0;0.0;0.0
1.0;1753877972.547156;18.274506;1.02;-1.69;-0.03;-0.056285;0.981941;0.015416;0.0;0.0;0.0;0.0;0.0;0.0
1.0;1753877972.551754;18.281214;1.11;-1.69;0.08;-0.058928;0.980666;0.014702;0.0;0.0;0.0;0.0;0.0;0.0
1.0;1753877972.556352;18.303465;1.05;-1.64;0.05;-0.056366;0.982477;0.014275;0.0;0.0;0.0;0.0;0.0;0.0
1.0;1753877972.56095;18.268096;1.16;-1.61;0.05;-0.059995;0.980735;0.014645;0.0;0.0;0.0;0.0;0.0;0.0
1.0;1753877972.565548;18.264649;1.04;-1.65;0.04;-0.055819;0.980921;0.015381;0.0;0.0;0.0;0.0;0.0;0.0
1.0;1753877972.570145;18.266112;0.92;-1.65;-0.03;-0.058118;0.980878;0.015519;0.0;0.0;0.0;0.0;0.0;0.0
1.0;1753877972.574743;18.284027;1.05;-1.64;-0.01;-0.057206;0.981351;0.01434;0.0;0.0;0.0;0.0;0.0;0.0
1.0;1753877972.579341;18.2566;0.92;-1.54;0.01;-0.057595;0.981199;0.013318;0.0;0.0;0.0;0.0;0.0;0.0
1.0;1753877972.583939;18.297381;1.0;-1.63;0.08;-0.055408;0.982324;0.015463;0.0;0.0;0.0;0.0;0.0;0.0
1.0;1753877972.588537;18.267203;0.99;-1.6;0.02;-0.058202;0.982688;0.014497;0.0;0.0;0.0;0.0;0.0;0.0
1.0;1753877972.593135;18.265961;1.01;-1.58;-0.09;-0.058719;0.981495;0.014505;0.0;0.0;0.0;0.0;0.0;0.0
1.0;1753877972.597733;18.303316;1.05;-1.64;0.1;-0.054394;0.982247;0.014167;0.0;0.0;0.0;0.0;0.0;0.0
1.0;1753877972.602331;18.283113;1.02;-1.63;-0.01;-0.058001;0.980027;0.013038;0.0;0.0;0.0;0.0;0.0;0.0
1.0;1753877972.606928;18.301817;1.09;-1.59;0.06;-0.058786;0.982229;0.014688;0.0;0.0;0.0;0.0;0.0;0.0
1.0;1753877972.611526;18.23733;0.99;-1.61;0.04;-0.055924;0.981804;0.015235;0.0;0.0;0.0;0.0;0.0;0.0
1.0;1753877972.616124;18.289779;0.96;-1.69;-0.06;-0.060528;0.98147;0.014608;0.0;0.0;0.0;0.0;0.0;0.0
1.0;1753877972.620722;18.235501;1.13;-1.75;0.07;-0.055885;0.98275;0.014514;0.0;0.0;0.0;0.0;0.0;0.0
1.0;1753877972.62532;18.280569;1.04;-1.63;0.06;-0.05932;0.981786;0.015089;0.0;0.0;0.0;0.0;0.0;0.0
1.0;1753877972.629918;18.278279;0.99;-1.72;0.09;-0.056442;0.981919;0.014998;0.0;0.0;0.0;0.0;0.0;0.0
1.0;1753877972.634516;18.28433;0.98;-1.62;0.06;-0.054888;0.982149;0.015434;0.0;0.0;0.0;0.0;0.0;0.0
1.0;1753877972.639114;18.249847;1.06;-1.62;0.09;-0.057411;0.980807;0.016205;0.0;0.0;0.0;0.0;0.0;0.0
1.0;1753877972.643712;18.272431;0.96;-1.64;-0.06;-0.057757;0.981012;0.014225;0.0;0.0;0.0;0.0;0.0;0.0
1.0;1753877972.64831;18.252021;1.03;-1.66;-0.01;-0.056693;0.982034;0.014848;0.0;0.0;0.0;0.0;0.0;0.0
1.0;1753877972.652908;18.284145;1.07;-1.63;0.06;-0.059327;0.980941;0.013576;0.0;0.0;0.0;0.0;0.0;0.0
1.0;1753877972.657506;18.235874;1.09;-1.61;0.14;-0.060292;0.981023;0.015772;0.0;0.0;0.0;0.0;0.0;0.0
1.0;1753877972.662104;18.285197;1.02;-1.68;0.1;-0.059968;0.98143;0.015032;0.0;0.0;0.0;0.0;0.0;0.0
1.0;1753877972.666701;18.299945;1.0;-1.62;0.01;-0.057671;0.98138;0.01361;0.0;0.0;0.0;0.0;0.0;0.0
1.0;1753877972.671299;18.274885;0.97;-1.67;0.05;-0.05594;0.982133;0.014919;0.0;0.0;0.0;0.0;0.0;0.0
1.0;1753877972.675897;18.315797;1.03;-1.58;0.07;-0.057516;0.982591;0.013969;0.0;0.0;0.0;0.0;0.0;0.0
1.0;1753877972.680495;18.297105;0.99;-1.69;0.04;-0.059274;0.98136;0.015555;0.0;0.0;0.0;0.0;0.0;0.0
1.0;1753877972.685093;18.267297;1.03;-1.64;0.05;-0.055776;0.982546;0.015198;0.0;0.0;0.0;0.0;0.0;0.0
1.0;1753877972.689691;18.26723;1.04;-1.6;0.05;-0.056507;0.981444;0.015007;0.0;0.0;0.0;0.0;0.0;0.0
1.0;1753877972.694289;18.318125;0.95;-1.57;0.09;-0.055477;0.981412;0.014655;0.0;0.0;0.0;0.0;0.0;0.0
1.0;1753877972.698887;18.262912;0.99;-1.62;0.05;-0.056124;0.982394;0.01544;0.0;0.0;0.0;0.0;0.0;0.0
1.0;1753877972.703484;18.294779;0.96;-1.59;-0.05;-0.057317;0.981628;0.015608;0.0;0.0;0.0;0.0;0.0;0.0
1.0;1753877972.708082;18.269158;1.0;-1.62;0.1;-0.056241;0.982517;0.016581;0.0;0.0;0.0;0.0;0.0;0.0
1.0;1753877972.71268;18.282335;0.99;-1.61;0.01;-0.059935;0.98014;0.016492;0.0;0.0;0.0;0.0;0.0;0.0
1.0;1753877972.717278;18.244153;1.04;-1.63;-0.01;-0.058296;0.981507;0.0159;0.0;0.0;0.0;0.0;0.0;0.0
1.0;1753877972.721876;18.255583;1.01;-1.76;-0.08;-0.059718;0.980822;0.015163;0.0;0.0;0.0;0.0;0.0;0.0
1.0;1753877972.726474;18.283493;1.03;-1.61;0.02;-0.059998;0.981867;0.014832;0.0;0.0;0.0;0.0;0.0;0.0
1.0;1753877972.731072;18.268921;1.03;-1.61;-0.01;-0.05812;0.981973;0.015362;0.0;0.0;0.0;0.0;0.0;0.0
1.0;1753877972.73567;18.273046;0.95;-1.66;0.09;-0.058262;0.982332;0.016199;0.0;0.0;0.0;0.0;0.0;0.0
1.0;1753877972.740268;18.275799;0.92;-1.69;-0.04;-0.057628;0.982462;0.015437;0.0;0.0;0.0;0.0;0.0;0.0
1.0;1753877972.744866;18.255224;0.98;-1.64;0.16;-0.059587;0.982048;0.015027;0.0;0.0;0.0;0.0;0.0;0.0
1.0;1753877972.749464;18.288429;0.95;-1.71;0.02;-0.059832;0.981868;0.015533;0.0;0.0;0.0;0.0;0.0;0.0
1.0;1753877972.754062;18.287834;0.98;-1.67;-0.01;-0.058271;0.982051;0.014859;0.0;0.0;0.0;0.0;0.0;0.0
1.0;1753877972.758659;18.257933;0.99;-1.75;-0.01;-0.058927;0.980375;0.014779;0.0;0.0;0.0;0.0;0.0;0.0
1.0;1753877972.763257;18.278675;0.95;-1.64;0.06;-0.056449;0.981138;0.016081;0.0;0.0;0.0;0.0;0.0;0.0
1.0;1753877972.767855;18.270512;1.04;-1.64;0.06;-0.058252;0.9812;0.015275;0.0;0.0;0.0;0.0;0.0;0.0
1.0;1753877972.772453;18.249223;1.0;-1.68;0.12;-0.056891;0.982488;0.01605;0.0;0.0;0.0;0.0;0.0;0.0
1.0;1753877972.777051;18.261063;0.93;-1.7;0.08;-0.058526;0.981597;0.01329;0.0;0.0;0.0;0.0;0.0;0.0
1.0;1753877972.781649;18.254783;1.07;-1.69;-0.03;-0.060829;0.982579;0.015024;0.0;0.0;0.0;0.0;0.0;0.0
1.0;1753877972.786247;18.277377;1.03;-1.71;0.11;-0.063416;0.980808;0.015046;0.0;0.0;0.0;0.0;0.0;0.0
1.0;1753877972.790845;18.28353;0.88;-1.7;-0.12;-0.056684;0.981153;0.014016;0.0;0.0;0.0;0.0;0.0;0.0
1.0;1753877972.795442;18.279159;1.03;-1.61;0.07;-0.059519;0.98201;0.014487;0.0;0.0;0.0;0.0;0.0;0.0
1.0;1753877972.80004;18.27151;0.99;-1.63;0.08;-0.055901;0.981832;0.014806;0.0;0.0;0.0;0.0;0.0;0.0
1.0;1753877972.804638;18.260217;0.98;-1.65;0.07;-0.061808;0.981478;0.014346;0.0;0.0;0.0;0.0;0.0;0.0
1.0;1753877972.809236;18.291528;0.91;-1.6;-0.02;-0.058523;0.982619;0.014991;0.0;0.0;0.0;0.0;0.0;0.0
1.0;1753877972.813834;18.235887;1.01;-1.68;-0.02;-0.06127;0.981983;0.014857;0.0;0.0;0.0;0.0;0.0;0.0
1.0;1753877972.818432;18.308268;0.95;-1.72;0.12;-0.05628;0.981982;0.014322;0.0;0.0;0.0;0.0;0.0;0.0
1.0;1753877972.82303;18.299026;1.03;-1.6;0.01;-0.061173;0.981687;0.015303;0.0;0.0;0.0;0.0;0.0;0.0
1.0;1753877972.827628;18.288404;0.98;-1.62;0.02;-0.059011;0.981947;0.014286;0.0;0.0;0.0;0.0;0.0;0.0
1.0;1753877972.832226;18.297771;1.05;-1.68;-0.05;-0.05785;0.98082;0.015175;0.0;0.0;0.0;0.0;0.0;0.0
1.0;1753877972.836824;18.273124;0.94;-1.69;0.1;-0.05968;0.980594;0.015739;0.0;0.0;0.0;0.0;0.0;0.0
1.0;1753877972.841422;18.269091;0.95;-1.65;-0.03;-0.058643;0.981534;0.015618;0.0;0.0;0.0;0.0;0.0;0.0
1.0;1753877972.84602;18.255181;0.95;-1.64;0.08;-0.060417;0.981476;0.014945;0.0;0.0;0.0;0.0;0.0;0.0
1.0;1753877972.850618;18.265131;0.88;-1.61;-0.01;-0.061549;0.981903;0.0155;0.0;0.0;0.0;0.0;0.0;0.0
1.0;1753877972.855215;18.301716;0.94;-1.69;0.1;-0.056311;0.981152;0.015519;0.0;0.0;0.0;0.0;0.0;0.0
1.0;1753877972.859813;18.28648;1.08;-1.64;-0.06;-0.059886;0.981371;0.014752;0.0;0.0;0.0;0.0;0.0;0.0
1.0;1753877972.864411;18.274011;1.04;-1.61;0.01;-0.05507;0.981254;0.014329;0.0;0.0;0.0;0.0;0.0;0.0
1.0;1753877972.869009;18.27553;1.05;-1.61;0.08;-0.056873;0.981671;0.015817;0.0;0.0;0.0;0.0;0.0;0.0
1.0;1753877972.873607;18.269088;0.96;-1.74;0.16;-0.057697;0.98153;0.014869;0.0;0.0;0.0;0.0;0.0;0.0
1.0;1753877972.878205;18.299946;1.0;-1.65;0.03;-0.060551;0.980545;0.015198;0.0;0.0;0.0;0.0;0.0;0.0
1.0;1753877972.882803;18.256449;0.93;-1.7;-0.02;-0.058032;0.981779;0.015161;0.0;0.0;0.0;0.0;0.0;0.0
1.0;1753877972.887401;18.288107;0.95;-1.58;0.05;-0.057912;0.981301;0.014895;0.0;0.0;0.0;0.0;0.0;0.0
1.0;1753877972.891998;18.295608;1.03;-1.64;0.05;-0.058504;0.981038;0.015286;0.0;0.0;0.0;0.0;0.0;0.0
1.0;1753877972.896596;18.268226;0.99;-1.7;0.01;-0.059484;0.981495;0.01484;0.0;0.0;0.0;0.0;0.0;0.0
1.0;1753877972.901194;18.299915;0.95;-1.68;0.12;-0.05951;0.981129;0.01606;0.0;0.0;0.0;0.0;0.0;0.0
1.0;1753877972.905792;18.231081;0.95;-1.63;0.06;-0.058613;0.981156;0.015444;0.0;0.0;0.0;0.0;0.0;0.0
1.0;1753877972.9143;18.273438;0.98;-1.68;0.07;-0.059048;0.981734;0.015128;0.0;0.0;0.0;0.0;0.0;0.0
1.0;1753877972.9144;18.285156;1.12;-1.61;0.07;-0.060146;0.98088;0.013664;0.0;0.0;0.0;0.0;0.0;0.0
1.0;1753877972.918998;18.289137;1.09;-1.62;-0.02;-0.060468;0.982124;0.014022;0.0;0.0;0.0;0.0;0.0;0.0
1.0;1753877972.923596;18.284374;1.22;-1.63;0.12;-0.059953;0.980455;0.013898;0.0;0.0;0.0;0.0;0.0;0.0
1.0;1753877972.928194;18.293371;1.07;-1.43;0.06;-0.057054;0.981403;0.015017;0.0;0.0;0.0;0.0;0.0;0.0
1.0;1753877972.932792;18.272844;1.13;-1.52;0.19;-0.058204;0.981177;0.01345;0.0;0.0;0.0;0.0;0.0;0.0
1.0;1753877972.93739;18.261692;1.14;-1.73;0.1;-0.059679;0.981453;0.013597;0.0;0.0;0.0;0.0;0.0;0.0
1.0;1753877972.941988;18.303973;1.2;-1.59;0.04;-0.056907;0.981899;0.01493;0.0;0.0;0.0;0.0;0.0;0.0
1.0;1753877972.946586;18.26266;1.07;-1.56;0.03;-0.057898;0.981698;0.014036;0.0;0.0;0.0;0.0;0.0;0.0
1.0;1753877972.951183;18.291934;1.09;-1.68;0.09;-0.057033;0.981898;0.015463;0.0;0.0;0.0;0.0;0.0;0.0
1.0;1753877972.955781;18.263278;0.99;-1.58;0.04;-0.055745;0.981618;0.016513;0.0;0.0;0.0;0.0;0.0;0.0
1.0;1753877972.95997;18.285156;1.05;-1.61;0.07;-0.055632;0.9821;0.015494;0.0;0.0;0.0;0.0;0.0;0.0
1.0;1753877972.962265;18.289062;0.98;-1.75;0.07;-0.05856;0.982222;0.012444;0.0;0.0;0.0;0.0;0.0;0.0
1.0;1753877972.965118;18.28125;1.05;-1.61;0.14;-0.057096;0.981368;0.01525;0.0;0.0;0.0;0.0;0.0;0.0
1.0;1753877972.969445;18.28125;0.98;-1.68;0.07;-0.058438;0.980636;0.015494;0.0;0.0;0.0;0.0;0.0;0.0
1.0;1753877972.973905;18.28125;0.98;-1.61;0.07;-0.058438;0.980636;0.015494;0.0;0.0;0.0;0.0;0.0;0.0
1.0;1753877972.979289;18.28125;0.98;-1.61;0.07;-0.058316;0.981246;0.014762;0.0;0.0;0.0;0.0;0.0;0.0
1.0;1753877972.98385;18.257812;1.12;-1.68;0.07;-0.058804;0.980392;0.013054;0.0;0.0;0.0;0.0;0.0;0.0
1.0;1753877972.987905;18.257812;1.12;-1.68;0.14;-0.05795;0.981002;0.01342;0.0;0.0;0.0;0.0;0.0;0.0
1.0;1753877972.992266;18.257812;1.05;-1.68;0.07;-0.059658;0.981856;0.014274;0.0;0.0;0.0;0.0;0.0;0.0
1.0;1753877972.996885;18.257812;1.12;-1.75;0.07;-0.05734;0.981612;0.01525;0.0;0.0;0.0;0.0;0.0;0.0
1.0;1753877973.001483;18.246385;1.04;-1.75;0.1;-0.05753;0.981245;0.015733;0.0;0.0;0.0;0.0;0.0;0.0
1.0;1753877973.006081;18.298464;1.16;-1.74;-0.0;-0.057383;0.980296;0.015575;0.0;0.0;0.0;0.0;0.0;0.0
1.0;1753877973.010679;18.241452;1.06;-1.67;0.06;-0.056475;0.981235;0.013828;0.0;0.0;0.0;0.0;0.0;0.0
1.0;1753877973.015277;18.296337;1.2;-1.74;0.08;-0.056485;0.98112;0.016516;0.0;0.0;0.0;0.0;0.0;0.0
1.0;1753877973.019874;18.247224;1.02;-1.74;0.09;-0.058957;0.981305;0.013931;0.0;0.0;0.0;0.0;0.0;0.0
1.0;1753877973.024472;18.272988;1.12;-1.76;0.07;-0.058946;0.983188;0.014466;0.0;0.0;0.0;0.0;0.0;0.0
1.0;1753877973.02907;18.242037;1.0;-1.7;0.03;-0.057488;0.981744;0.015538;0.0;0.0;0.0;0.0;0.0;0.0
1.0;1753877973.033668;18.274537;1.06;-1.75;0.1;-0.057585;0.980572;0.013857;0.0;0.0;0.0;0.0;0.0;0.0
1.0;1753877973.038266;18.247331;0.98;-1.61;0.01;-0.057972;0.979496;0.013036;0.0;0.0;0.0;0.0;0.0;0.0
1.0;1753877973.042864;18.298157;1.09;-1.74;0.06;-0.056415;0.982072;0.015688;0.0;0.0;0.0;0.0;0.0;0.0
1.0;1753877973.047462;18.27664;1.05;-1.65;0.08;-0.058002;0.981582;0.015585;0.0;0.0;0.0;0.0;0.0;0.0
1.0;1753877973.05206;18.274276;1.04;-1.61;0.18;-0.059414;0.981867;0.014151;0.0;0.0;0.0;0.0;0.0;0.0
1.0;1753877973.056658;18.269745;1.09;-1.67;0.04;-0.057106;0.981773;0.014936;0.0;0.0;0.0;0.0;0.0;0.0
1.0;1753877973.061256;18.267199;0.94;-1.75;0.08;-0.057927;0.979543;0.012799;0.0;0.0;0.0;0.0;0.0;0.0
1.0;1753877973.065854;18.30218;1.03;-1.62;0.01;-0.058804;0.981006;0.012078;0.0;0.0;0.0;0.0;0.0;0.0
1.0;1753877973.070452;18.324451;1.04;-1.7;0.05;-0.058802;0.979578;0.012851;0.0;0.0;0.0;0.0;0.0;0.0
1.0;1753877973.07505;18.295523;1.01;-1.63;0.06;-0.057565;0.981338;0.012722;0.0;0.0;0.0;0.0;0.0;0.0
1.0;1753877973.079647;18.314184;1.03;-1.59;0.06;-0.05847;0.979945;0.013691;0.0;0.0;0.0;0.0;0.0;0.0
1.0;1753877973.084245;18.261081;1.03;-1.67;0.09;-0.058413;0.979798;0.015517;0.0;0.0;0.0;0.0;0.0;0.0
1.0;1753877973.088843;18.30398;0.93;-1.67;-0.0;-0.059549;0.981199;0.014852;0.0;0.0;0.0;0.0;0.0;0.0
1.0;1753877973.093441;18.308218;1.0;-1.57;0.04;-0.059642;0.979818;0.011149;0.0;0.0;0.0;0.0;0.0;0.0
1.0;1753877973.098039;18.273163;0.96;-1.6;0.02;-0.057633;0.980215;0.013382;0.0;0.0;0.0;0.0;0.0;0.0
1.0;1753877973.1063;18.289062;0.98;-1.61;0.07;-0.058926;0.979904;0.013542;0.0;0.0;0.0;0.0;0.0;0.0
1.0;1753877973.110898;18.278595;0.96;-1.6;0.05;-0.058806;0.979336;0.013832;0.0;0.0;0.0;0.0;0.0;0.0
1.0;1753877973.115496;18.284162;0.92;-1.62;0.06;-0.059021;0.981254;0.013567;0.0;0.0;0.0;0.0;0.0;0.0
1.0;1753877973.120094;18.285427;0.94;-1.52;0.08;-0.059546;0.980781;0.013778;0.0;0.0;0.0;0.0;0.0;0.0
1.0;1753877973.124692;18.264716;0.97;-1.67;0.05;-0.057691;0.981599;0.014209;0.0;0.0;0.0;0.0;0.0;0.0
1.0;1753877973.12929;18.314013;0.96;-1.66;0.08;-0.057525;0.982364;0.01396;0.0;0.0;0.0;0.0;0.0;0.0
1.0;1753877973.133888;18.289405;1.04;-1.68;0.14;-0.061104;0.982828;0.011893;0.0;0.0;0.0;0.0;0.0;0.0
1.0;1753877973.138486;18.303672;0.91;-1.67;0.1;-0.058424;0.983824;0.014287;0.0;0.0;0.0;0.0;0.0;0.0
1.0;1753877973.143083;18.276506;0.98;-1.56;0.17;-0.058675;0.981862;0.012513;0.0;0.0;0.0;0.0;0.0;0.0
1.0;1753877973.147681;18.293411;0.9;-1.67;0.08;-0.05717;0.982711;0.014178;0.0;0.0;0.0;0.0;0.0;0.0
1.0;1753877973.15182;18.289062;0.98;-1.68;0.14;-0.058194;0.98332;0.013908;0.0;0.0;0.0;0.0;0.0;0.0
1.0;1753877973.156418;18.309349;1.04;-1.69;0.13;-0.058784;0.985102;0.013137;0.0;0.0;0.0;0.0;0.0;0.0
1.0;1753877973.161016;18.304883;0.95;-1.75;0.15;-0.05824;0.982334;0.01354;0.0;0.0;0.0;0.0;0.0;0.0
1.0;1753877973.165614;18.259685;1.1;-1.65;0.13;-0.055935;0.984203;0.014415;0.0;0.0;0.0;0.0;0.0;0.0
1.0;1753877973.170212;18.233017;1.03;-1.7;0.13;-0.059037;0.981938;0.015011;0.0;0.0;0.0;0.0;0.0;0.0
1.0;1753877973.17481;18.270683;1.08;-1.56;0.07;-0.057077;0.983922;0.014823;0.0;0.0;0.0;0.0;0.0;0.0
1.0;1753877973.179407;18.269176;1.04;-1.64;0.09;-0.058228;0.982737;0.013311;0.0;0.0;0.0;0.0;0.0;0.0
1.0;1753877973.184005;18.265894;1.1;-1.58;0.15;-0.056923;0.982592;0.014088;0.0;0.0;0.0;0.0;0.0;0.0
1.0;1753877973.188603;18.288071;1.16;-1.63;0.14;-0.057788;0.982928;0.015213;0.0;0.0;0.0;0.0;0.0;0.0
1.0;1753877973.19647;18.242188;1.12;-1.61;0.14;-0.058194;0.98332;0.013908;0.0;0.0;0.0;0.0;0.0;0.0
1.0;1753877973.201068;18.255906;1.05;-1.55;0.14;-0.060129;0.983019;0.015479;0.0;0.0;0.0;0.0;0.0;0.0
1.0;1753877973.205666;18.244274;1.02;-1.63;0.09;-0.059486;0.983582;0.013601;0.0;0.0;0.0;0.0;0.0;0.0
1.0;1753877973.210264;18.237553;1.14;-1.59;0.11;-0.059786;0.981639;0.013771;0.0;0.0;0.0;0.0;0.0;0.0
1.0;1753877973.214862;18.268913;1.11;-1.72;0.13;-0.058381;0.98488;0.014481;0.0;0.0;0.0;0.0;0.0;0.0
1.0;1753877973.21946;18.280746;1.11;-1.67;0.15;-0.058086;0.981572;0.015157;0.0;0.0;0.0;0.0;0.0;0.0
1.0;1753877973.224058;18.273988;1.11;-1.78;0.16;-0.057087;0.981221;0.014044;0.0;0.0;0.0;0.0;0.0;0.0
1.0;1753877973.228655;18.212143;1.11;-1.68;0.21;-0.05757;0.982786;0.014703;0.0;0.0;0.0;0.0;0.0;0.0
1.0;1753877973.233253;18.220422;1.18;-1.74;0.11;-0.057185;0.984012;0.015455;0.0;0.0;0.0;0.0;0.0;0.0
1.0;1753877973.237851;18.235365;1.12;-1.81;0.17;-0.056865;0.982223;0.016293;0.0;0.0;0.0;0.0;0.0;0.0
1.0;1753877973.24316;18.242188;1.19;-1.75;0.14;-0.057096;0.982222;0.015738;0.0;0.0;0.0;0.0;0.0;0.0
1.0;1753877973.247758;18.22201;1.19;-1.74;0.19;-0.056814;0.982371;0.015431;0.0;0.0;0.0;0.0;0.0;0.0
1.0;1753877973.252356;18.221521;1.23;-1.69;0.16;-0.056674;0.980995;0.015859;0.0;0.0;0.0;0.0;0.0;0.0
1.0;1753877973.256954;18.241123;1.07;-1.64;0.16;-0.056536;0.982343;0.015777;0.0;0.0;0.0;0.0;0.0;0.0
1.0;1753877973.261552;18.234946;1.22;-1.73;0.14;-0.05561;0.981162;0.014988;0.0;0.0;0.0;0.0;0.0;0.0
1.0;1753877973.26615;18.252632;1.13;-1.69;0.09;-0.058272;0.980785;0.014957;0.0;0.0;0.0;0.0;0.0;0.0
1.0;1753877973.270748;18.242331;1.18;-1.7;0.17;-0.056943;0.983028;0.015263;0.0;0.0;0.0;0.0;0.0;0.0
1.0;1753877973.275345;18.244918;1.07;-1.69;0.11;-0.057468;0.983719;0.015843;0.0;0.0;0.0;0.0;0.0;0.0
1.0;1753877973.279943;18.24881;1.22;-1.63;0.2;-0.056286;0.979959;0.015872;0.0;0.0;0.0;0.0;0.0;0.0
1.0;1753877973.284541;18.230502;1.02;-1.67;0.15;-0.056018;0.981847;0.013936;0.0;0.0;0.0;0.0;0.0;0.0
1.0;1753877973.289139;18.218083;1.12;-1.65;0.16;-0.057149;0.980828;0.013837;0.0;0.0;0.0;0.0;0.0;0.0
1.0;1753877973.293737;18.262716;1.32;-1.6;0.17;-0.057556;0.981092;0.014723;0.0;0.0;0.0;0.0;0.0;0.0
1.0;1753877973.298335;18.218274;1.19;-1.63;0.14;-0.057064;0.980244;0.013576;0.0;0.0;0.0;0.0;0.0;0.0
1.0;1753877973.302933;18.261279;1.16;-1.65;0.08;-0.057816;0.979592;0.014367;0.0;0.0;0.0;0.0;0.0;0.0
1.0;1753877973.30985;18.242188;1.12;-1.61;0.14;-0.056974;0.981124;0.01464;0.0;0.0;0.0;0.0;0.0;0.0
1.0;1753877973.314448;18.27588;1.08;-1.59;0.09;-0.058247;0.981444;0.013829;0.0;0.0;0.0;0.0;0.0;0.0
1.0;1753877973.319046;18.230905;1.07;-1.5;0.08;-0.057199;0.981834;0.012869;0.0;0.0;0.0;0.0;0.0;0.0
1.0;1753877973.323644;18.256555;1.06;-1.54;0.13;-0.057405;0.982115;0.015846;0.0;0.0;0.0;0.0;0.0;0.0
1.0;1753877973.328242;18.241351;1.01;-1.64;0.16;-0.056061;0.981248;0.014283;0.0;0.0;0.0;0.0;0.0;0.0
1.0;1753877973.33284;18.242346;1.06;-1.61;0.11;-0.058418;0.980331;0.015332;0.0;0.0;0.0;0.0;0.0;0.0
1.0;1753877973.337438;18.25977;0.99;-1.68;0.2;-0.059556;0.981413;0.013258;0.0;0.0;0.0;0.0;0.0;0.0
1.0;1753877973.342035;18.256624;1.04;-1.76;0.19;-0.05825;0.983898;0.015016;0.0;0.0;0.0;0.0;0.0;0.0
1.0;1753877973.346633;18.271516;1.05;-1.59;0.26;-0.058175;0.982795;0.016883;0.0;0.0;0.0;0.0;0.0;0.0
1.0;1753877973.35126;18.242188;0.98;-1.61;0.21;-0.058316;0.982588;0.014762;0.0;0.0;0.0;0.0;0.0;0.0
1.0;1753877973.355858;18.21188;1.01;-1.61;0.23;-0.05681;0.983106;0.012659;0.0;0.0;0.0;0.0;0.0;0.0
1.0;1753877973.360456;18.242113;0.96;-1.64;0.16;-0.057888;0.981565;0.013988;0.0;0.0;0.0;0.0;0.0;0.0
1.0;1753877973.365054;18.237493;0.99;-1.56;0.21;-0.057496;0.982702;0.012342;0.0;0.0;0.0;0.0;0.0;0.0
1.0;1753877973.369652;18.241504;1.02;-1.59;0.22;-0.059219;0.983946;0.014518;0.0;0.0;0.0;0.0;0.0;0.0
1.0;1753877973.37425;18.251393;0.93;-1.64;0.26;-0.059408;0.981486;0.015523;0.0;0.0;0.0;0.0;0.0;0.0
1.0;1753877973.378847;18.238628;1.0;-1.65;0.25;-0.057307;0.982028;0.014632;0.0;0.0;0.0;0.0;0.0;0.0
1.0;1753877973.383445;18.291581;0.98;-1.73;0.15;-0.058016;0.981582;0.013554;0.0;0.0;0.0;0.0;0.0;0.0
1.0;1753877973.39207;18.273438;0.98;-1.68;0.14;-0.057828;0.981368;0.014396;0.0;0.0;0.0;0.0;0.0;0.0
1.0;1753877973.396668;18.262249;0.93;-1.73;0.07;-0.058108;0.981587;0.015124;0.0;0.0;0.0;0.0;0.0;0.0
1.0;1753877973.401266;18.256998;0.95;-1.67;0.06;-0.057126;0.98154;0.014803;0.0;0.0;0.0;0.0;0.0;0.0
1.0;1753877973.405864;18.289848;1.02;-1.7;0.12;-0.058488;0.981068;0.013856;0.0;0.0;0.0;0.0;0.0;0.0
1.0;1753877973.410462;18.27314;0.98;-1.62;0.13;-0.057051;0.981717;0.01496;0.0;0.0;0.0;0.0;0.0;0.0
1.0;1753877973.41506;18.275857;1.05;-1.61;0.09;-0.059146;0.979619;0.014697;0.0;0.0;0.0;0.0;0.0;0.0
1.0;1753877973.419658;18.267201;0.92;-1.58;0.11;-0.058613;0.981036;0.014421;0.0;0.0;0.0;0.0;0.0;0.0
1.0;1753877973.42564;18.273438;0.98;-1.61;0.07;-0.058316;0.981246;0.015616;0.0;0.0;0.0;0.0;0.0;0.0
1.0;1753877973.430238;18.253445;1.06;-1.56;0.09;-0.057387;0.979412;0.014967;0.0;0.0;0.0;0.0;0.0;0.0
1.0;1753877973.434836;18.284965;1.1;-1.61;0.08;-0.05931;0.982654;0.015132;0.0;0.0;0.0;0.0;0.0;0.0
1.0;1753877973.439434;18.276912;1.05;-1.54;-0.01;-0.058016;0.981684;0.016129;0.0;0.0;0.0;0.0;0.0;0.0
1.0;1753877973.444032;18.302968;0.98;-1.65;0.07;-0.057214;0.98163;0.014627;0.0;0.0;0.0;0.0;0.0;0.0
1.0;1753877973.44863;18.251476;0.96;-1.53;0.08;-0.058686;0.982655;0.014725;0.0;0.0;0.0;0.0;0.0;0.0
1.0;1753877973.453228;18.275384;1.02;-1.5;0.1;-0.060164;0.982116;0.016967;0.0;0.0;0.0;0.0;0.0;0.0
1.0;1753877973.457826;18.284094;1.13;-1.57;0.08;-0.057959;0.981488;0.015858;0.0;0.0;0.0;0.0;0.0;0.0
1.0;1753877973.462423;18.277973;1.14;-1.56;0.07;-0.058234;0.983979;0.016778;0.0;0.0;0.0;0.0;0.0;0.0
1.0;1753877973.467021;18.231563;1.17;-1.43;0.09;-0.056041;0.980579;0.016128;0.0;0.0;0.0;0.0;0.0;0.0
1.0;1753877973.47198;18.273438;1.12;-1.54;0.07;-0.058438;0.981734;0.01464;0.0;0.0;0.0;0.0;0.0;0.0
1.0;1753877973.476578;18.277798;1.25;-1.62;0.05;-0.059424;0.980729;0.015218;0.0;0.0;0.0;0.0;0.0;0.0
1.0;1753877973.481176;18.290617;1.2;-1.55;0.14;-0.059272;0.982655;0.014656;0.0;0.0;0.0;0.0;0.0;0.0
1.0;1753877973.485774;18.242582;0.96;-1.54;0.12;-0.058453;0.980423;0.013896;0.0;0.0;0.0;0.0;0.0;0.0
1.0;1753877973.490372;18.276853;0.96;-1.53;0.06;-0.05918;0.982573;0.016309;0.0;0.0;0.0;0.0;0.0;0.0
1.0;1753877973.49497;18.288063;1.14;-1.57;0.0;-0.058168;0.982938;0.013125;0.0;0.0;0.0;0.0;0.0;0.0
1.0;1753877973.499568;18.272294;1.12;-1.61;0.02;-0.057963;0.981882;0.014852;0.0;0.0;0.0;0.0;0.0;0.0
1.0;1753877973.504166;18.266501;1.12;-1.62;0.04;-0.059325;0.981892;0.015621;0.0;0.0;0.0;0.0;0.0;0.0
1.0;1753877973.508763;18.281807;1.14;-1.66;0.1;-0.059716;0.98259;0.015717;0.0;0.0;0.0;0.0;0.0;0.0
1.0;1753877973.513361;18.251429;1.06;-1.65;-0.0;-0.05861;0.982826;0.015619;0.0;0.0;0.0;0.0;0.0;0.0
1.0;1753877973.517959;18.281808;1.17;-1.73;0.11;-0.058581;0.983787;0.01504;0.0;0.0;0.0;0.0;0.0;0.0
1.0;1753877973.522557;18.280746;1.1;-1.55;-0.03;-0.058657;0.983224;0.01553;0.0;0.0;0.0;0.0;0.0;0.0
1.0;1753877973.527155;18.26844;0.99;-1.54;0.01;-0.059766;0.981697;0.016235;0.0;0.0;0.0;0.0;0.0;0.0
1.0;1753877973.531753;18.25666;1.04;-1.54;0.06;-0.059867;0.982527;0.013723;0.0;0.0;0.0;0.0;0.0;0.0
1.0;1753877973.536351;18.23948;1.08;-1.57;0.01;-0.058405;0.981697;0.014738;0.0;0.0;0.0;0.0;0.0;0.0
1.0;1753877973.540949;18.258003;0.98;-1.68;0.07;-0.059066;0.9821;0.013415;0.0;0.0;0.0;0.0;0.0;0.0
1.0;1753877973.545546;18.285493;1.13;-1.52;-0.09;-0.058646;0.98069;0.015191;0.0;0.0;0.0;0.0;0.0;0.0
1.0;1753877973.550144;18.24676;1.07;-1.58;0.13;-0.057651;0.979768;0.016337;0.0;0.0;0.0;0.0;0.0;0.0
1.0;1753877973.554742;18.288082;1.11;-1.65;0.04;-0.059217;0.983024;0.014572;0.0;0.0;0.0;0.0;0.0;0.0
1.0;1753877973.55934;18.23242;1.19;-1.72;0.03;-0.0572;0.981676;0.014445;0.0;0.0;0.0;0.0;0.0;0.0
1.0;1753877973.563938;18.247786;1.19;-1.73;0.06;-0.059436;0.98335;0.01497;0.0;0.0;0.0;0.0;0.0;0.0
1.0;1753877973.568536;18.24613;1.2;-1.68;0.01;-0.057972;0.983225;0.015271;0.0;0.0;0.0;0.0;0.0;0.0
1.0;1753877973.573134;18.271714;1.07;-1.66;-0.05;-0.058808;0.983172;0.013997;0.0;0.0;0.0;0.0;0.0;0.0
1.0;1753877973.577732;18.290151;1.11;-1.62;-0.03;-0.059167;0.9827;0.014043;0.0;0.0;0.0;0.0;0.0;0.0
1.0;1753877973.58233;18.233667;1.12;-1.64;-0.03;-0.058807;0.982935;0.014256;0.0;0.0;0.0;0.0;0.0;0.0
1.0;1753877973.586928;18.257322;1.2;-1.84;-0.09;-0.059131;0.984133;0.016308;0.0;0.0;0.0;0.0;0.0;0.0
1.0;1753877973.591526;18.253835;1.15;-1.75;0.04;-0.059136;0.982673;0.015048;0.0;0.0;0.0;0.0;0.0;0.0
1.0;1753877973.596124;18.278046;1.21;-1.53;0.07;-0.057993;0.984607;0.012837;0.0;0.0;0.0;0.0;0.0;0.0
1.0;1753877973.60455;18.257812;1.12;-1.68;0.0;-0.059048;0.982832;0.01464;0.0;0.0;0.0;0.0;0.0;0.0
1.0;1753877973.60849;18.257812;1.05;-1.68;0.14;-0.058072;0.98271;0.015616;0.0;0.0;0.0;0.0;0.0;0.0
1.0;1753877973.613088;18.240541;1.14;-1.75;0.07;-0.057768;0.981876;0.015843;0.0;0.0;0.0;0.0;0.0;0.0
1.0;1753877973.617686;18.281345;1.04;-1.61;0.15;-0.057707;0.981467;0.015649;0.0;0.0;0.0;0.0;0.0;0.0
1.0;1753877973.622284;18.267523;1.08;-1.72;0.19;-0.058875;0.983573;0.015188;0.0;0.0;0.0;0.0;0.0;0.0
1.0;1753877973.626882;18.255528;1.12;-1.67;0.18;-0.059096;0.981465;0.014616;0.0;0.0;0.0;0.0;0.0;0.0
1.0;1753877973.63148;18.241525;1.03;-1.5;0.15;-0.057392;0.982683;0.014981;0.0;0.0;0.0;0.0;0.0;0.0
1.0;1753877973.636078;18.247297;0.99;-1.56;0.12;-0.058724;0.984793;0.015784;0.0;0.0;0.0;0.0;0.0;0.0
1.0;1753877973.640675;18.272951;1.02;-1.58;0.16;-0.058061;0.981973;0.01459;0.0;0.0;0.0;0.0;0.0;0.0
1.0;1753877973.645273;18.264423;0.89;-1.6;0.2;-0.060723;0.983448;0.014555;0.0;0.0;0.0;0.0;0.0;0.0
1.0;1753877973.649871;18.205855;1.04;-1.65;0.19;-0.060167;0.982593;0.013685;0.0;0.0;0.0;0.0;0.0;0.0
1.0;1753877973.65693;18.257812;0.98;-1.61;0.21;-0.059414;0.982588;0.013786;0.0;0.0;0.0;0.0;0.0;0.0
1.0;1753877973.661528;18.279713;0.92;-1.68;0.29;-0.057635;0.983153;0.014362;0.0;0.0;0.0;0.0;0.0;0.0
1.0;1753877973.666126;18.254913;1.05;-1.75;0.18;-0.059372;0.981653;0.014876;0.0;0.0;0.0;0.0;0.0;0.0
1.0;1753877973.670724;18.26733;0.93;-1.59;0.16;-0.059323;0.98122;0.013612;0.0;0.0;0.0;0.0;0.0;0.0
1.0;1753877973.675322;18.242927;1.02;-1.67;0.23;-0.058195;0.98258;0.014865;0.0;0.0;0.0;0.0;0.0;0.0
1.0;1753877973.67992;18.234448;0.97;-1.63;0.11;-0.057965;0.981472;0.015237;0.0;0.0;0.0;0.0;0.0;0.0
1.0;1753877973.684518;18.249157;1.07;-1.59;0.08;-0.058495;0.980011;0.016702;0.0;0.0;0.0;0.0;0.0;0.0
1.0;1753877973.689115;18.242068;1.14;-1.79;0.21;-0.057875;0.980182;0.016502;0.0;0.0;0.0;0.0;0.0;0.0
1.0;1753877973.693713;18.261993;1.02;-1.8;0.03;-0.057665;0.982948;0.016164;0.0;0.0;0.0;0.0;0.0;0.0
1.0;1753877973.7005;18.257812;1.05;-1.68;0.07;-0.057462;0.981368;0.015372;0.0;0.0;0.0;0.0;0.0;0.0
1.0;1753877973.705098;18.26409;1.0;-1.7;-0.0;-0.057759;0.981685;0.014252;0.0;0.0;0.0;0.0;0.0;0.0
1.0;1753877973.709696;18.270227;1.14;-1.66;0.12;-0.057367;0.981288;0.01515;0.0;0.0;0.0;0.0;0.0;0.0
1.0;1753877973.714294;18.255874;1.12;-1.68;0.06;-0.057841;0.984294;0.014249;0.0;0.0;0.0;0.0;0.0;0.0
1.0;1753877973.718892;18.252999;1.13;-1.7;0.02;-0.058063;0.980201;0.014675;0.0;0.0;0.0;0.0;0.0;0.0
1.0;1753877973.72349;18.229591;1.14;-1.68;0.08;-0.057587;0.981215;0.015498;0.0;0.0;0.0;0.0;0.0;0.0
1.0;1753877973.728088;18.258332;1.17;-1.58;0.12;-0.058231;0.981512;0.01401;0.0;0.0;0.0;0.0;0.0;0.0
1.0;1753877973.732685;18.258346;1.2;-1.69;0.08;-0.058149;0.980638;0.013882;0.0;0.0;0.0;0.0;0.0;0.0
1.0;1753877973.737283;18.247903;1.14;-1.68;0.07;-0.057489;0.981925;0.01383;0.0;0.0;0.0;0.0;0.0;0.0
1.0;1753877973.741881;18.266415;1.24;-1.57;0.0;-0.058628;0.981799;0.014651;0.0;0.0;0.0;0.0;0.0;0.0
1.0;1753877973.74602;18.257812;1.19;-1.61;0.07;-0.058316;0.98027;0.014274;0.0;0.0;0.0;0.0;0.0;0.0
1.0;1753877973.750618;18.266541;1.03;-1.65;0.06;-0.057682;0.982535;0.013928;0.0;0.0;0.0;0.0;0.0;0.0
1.0;1753877973.755216;18.249971;1.19;-1.68;0.17;-0.058303;0.979334;0.013823;0.0;0.0;0.0;0.0;0.0;0.0
1.0;1753877973.759814;18.270339;1.28;-1.64;0.05;-0.058067;0.980507;0.013196;0.0;0.0;0.0;0.0;0.0;0.0
1.0;1753877973.764412;18.233165;1.16;-1.68;0.05;-0.057031;0.981352;0.013152;0.0;0.0;0.0;0.0;0.0;0.0
1.0;1753877973.76901;18.233339;1.1;-1.69;0.08;-0.057999;0.981405;0.015925;0.0;0.0;0.0;0.0;0.0;0.0
1.0;1753877973.773608;18.254815;1.26;-1.76;0.08;-0.058262;0.979775;0.014021;0.0;0.0;0.0;0.0;0.0;0.0
1.0;1753877973.778206;18.257142;1.19;-1.76;0.03;-0.05793;0.979705;0.014001;0.0;0.0;0.0;0.0;0.0;0.0
1.0;1753877973.782803;18.264843;1.04;-1.69;0.11;-0.059048;0.979325;0.014891;0.0;0.0;0.0;0.0;0.0;0.0
1.0;1753877973.787401;18.238585;1.19;-1.75;-0.05;-0.05794;0.979777;0.012936;0.0;0.0;0.0;0.0;0.0;0.0
1.0;1753877973.791999;18.249791;1.18;-1.82;0.13;-0.058678;0.979925;0.014498;0.0;0.0;0.0;0.0;0.0;0.0
1.0;1753877973.7992;18.257812;1.12;-1.75;0.07;-0.05795;0.980758;0.01464;0.0;0.0;0.0;0.0;0.0;0.0
1.0;1753877973.803798;18.245946;1.21;-1.76;0.02;-0.057941;0.982248;0.014167;0.0;0.0;0.0;0.0;0.0;0.0
1.0;1753877973.808396;18.2415;1.08;-1.69;0.06;-0.058186;0.980039;0.014386;0.0;0.0;0.0;0.0;0.0;0.0
1.0;1753877973.812994;18.243676;1.2;-1.87;0.04;-0.057258;0.980479;0.015694;0.0;0.0;0.0;0.0;0.0;0.0
1.0;1753877973.817592;18.269075;1.04;-1.74;0.16;-0.058308;0.980852;0.015744;0.0;0.0;0.0;0.0;0.0;0.0
1.0;1753877973.82219;18.251227;1.03;-1.83;0.14;-0.058767;0.98117;0.012917;0.0;0.0;0.0;0.0;0.0;0.0
1.0;1753877973.826788;18.249856;1.06;-1.72;0.19;-0.059207;0.981796;0.013897;0.0;0.0;0.0;0.0;0.0;0.0
1.0;1753877973.831385;18.244111;1.07;-1.81;0.08;-0.05653;0.979476;0.015892;0.0;0.0;0.0;0.0;0.0;0.0
1.0;1753877973.83668;18.257812;1.05;-1.75;0.14;-0.05795;0.980758;0.01464;0.0;0.0;0.0;0.0;0.0;0.0
1.0;1753877973.841278;18.269171;1.07;-1.73;0.07;-0.058677;0.980277;0.014226;0.0;0.0;0.0;0.0;0.0;0.0
1.0;1753877973.845876;18.248636;1.1;-1.66;0.11;-0.057496;0.980939;0.016581;0.0;0.0;0.0;0.0;0.0;0.0
1.0;1753877973.850474;18.273259;1.03;-1.76;0.17;-0.059;0.980204;0.014075;0.0;0.0;0.0;0.0;0.0;0.0
1.0;1753877973.855072;18.269667;0.98;-1.74;0.05;-0.061679;0.980797;0.015531;0.0;0.0;0.0;0.0;0.0;0.0
1.0;1753877973.85967;18.262403;1.03;-1.78;0.05;-0.057685;0.978782;0.015165;0.0;0.0;0.0;0.0;0.0;0.0
1.0;1753877973.864267;18.247708;1.03;-1.68;0.12;-0.058387;0.980767;0.01448;0.0;0.0;0.0;0.0;0.0;0.0
1.0;1753877973.868865;18.249125;0.94;-1.73;0.03;-0.059248;0.978344;0.014567;0.0;0.0;0.0;0.0;0.0;0.0
1.0;1753877973.873463;18.264017;1.02;-1.77;0.09;-0.060059;0.980037;0.014482;0.0;0.0;0.0;0.0;0.0;0.0
1.0;1753877973.878061;18.257602;1.0;-1.68;0.04;-0.060317;0.982284;0.014;0.0;0.0;0.0;0.0;0.0;0.0
1.0;1753877973.882659;18.262918;0.98;-1.75;0.0;-0.061871;0.979009;0.013725;0.0;0.0;0.0;0.0;0.0;0.0
1.0;1753877973.88736;18.257812;1.05;-1.68;0.07;-0.060268;0.980148;0.014274;0.0;0.0;0.0;0.0;0.0;0.0
1.0;1753877973.891958;18.250021;1.04;-1.71;0.04;-0.060514;0.981524;0.014149;0.0;0.0;0.0;0.0;0.0;0.0
1.0;1753877973.896556;18.255033;0.94;-1.79;0.06;-0.058359;0.979116;0.015932;0.0;0.0;0.0;0.0;0.0;0.0
1.0;1753877973.901154;18.254259;1.08;-1.63;-0.05;-0.059202;0.97964;0.013876;0.0;0.0;0.0;0.0;0.0;0.0
1.0;1753877973.905752;18.258852;1.01;-1.63;0.06;-0.058196;0.978768;0.015169;0.0;0.0;0.0;0.0;0.0;0.0
1.0;1753877973.91035;18.255774;1.2;-1.61;0.04;-0.057765;0.981111;0.014618;0.0;0.0;0.0;0.0;0.0;0.0
1.0;1753877973.914948;18.282822;1.04;-1.65;-0.03;-0.057671;0.980236;0.015735;0.0;0.0;0.0;0.0;0.0;0.0
1.0;1753877973.919546;18.264334;1.06;-1.74;0.09;-0.05847;0.981873;0.015153;0.0;0.0;0.0;0.0;0.0;0.0
1.0;1753877973.924143;18.258374;0.95;-1.57;0.02;-0.056739;0.980078;0.014975;0.0;0.0;0.0;0.0;0.0;0.0
1.0;1753877973.9291;18.265625;1.05;-1.68;0.0;-0.056364;0.979782;0.015128;0.0;0.0;0.0;0.0;0.0;0.0
1.0;1753877973.929717;18.257812;1.12;-1.68;0.07;-0.057828;0.98149;0.014274;0.0;0.0;0.0;0.0;0.0;0.0
1.0;1753877973.934315;18.274607;1.06;-1.63;0.06;-0.054495;0.981189;0.014599;0.0;0.0;0.0;0.0;0.0;0.0
1.0;1753877973.942894;18.265625;1.05;-1.68;0.0;-0.056974;0.981002;0.014274;0.0;0.0;0.0;0.0;0.0;0.0
1.0;1753877973.943753;18.265625;1.12;-1.68;0.0;-0.060268;0.98149;0.01586;0.0;0.0;0.0;0.0;0.0;0.0
1.0;1753877973.947953;18.265625;1.05;-1.54;0.07;-0.060268;0.98149;0.01586;0.0;0.0;0.0;0.0;0.0;0.0
1.0;1753877973.952885;18.28125;1.12;-1.61;0.07;-0.058804;0.979782;0.013542;0.0;0.0;0.0;0.0;0.0;0.0
1.0;1753877973.957861;18.28125;1.12;-1.68;0.07;-0.05917;0.981246;0.015128;0.0;0.0;0.0;0.0;0.0;0.0
1.0;1753877973.961771;18.28125;1.05;-1.68;0.07;-0.058316;0.979782;0.013908;0.0;0.0;0.0;0.0;0.0;0.0
1.0;1753877973.966551;18.28125;1.05;-1.68;0.07;-0.059536;0.9821;0.013664;0.0;0.0;0.0;0.0;0.0;0.0
1.0;1753877973.971228;18.257812;1.05;-1.75;0.07;-0.057096;0.980148;0.015372;0.0;0.0;0.0;0.0;0.0;0.0
1.0;1753877973.975766;18.257812;0.98;-1.68;0.07;-0.057706;0.982954;0.014518;0.0;0.0;0.0;0.0;0.0;0.0
1.0;1753877973.979962;18.257812;0.98;-1.68;0.14;-0.057706;0.982954;0.014518;0.0;0.0;0.0;0.0;0.0;0.0
1.0;1753877973.98456;18.249246;0.91;-1.59;0.12;-0.060747;0.983099;0.015476;0.0;0.0;0.0;0.0;0.0;0.0
1.0;1753877973.992779;18.28125;1.05;-1.68;0.07;-0.055998;0.983198;0.015738;0.0;0.0;0.0;0.0;0.0;0.0
1.0;1753877973.993735;18.28125;1.12;-1.68;0.07;-0.05917;0.980392;0.014762;0.0;0.0;0.0;0.0;0.0;0.0
1.0;1753877973.998364;18.28125;1.05;-1.61;0.14;-0.058682;0.981368;0.014396;0.0;0.0;0.0;0.0;0.0;0.0
1.0;1753877974.002962;18.290048;1.07;-1.53;0.16;-0.057639;0.982877;0.015379;0.0;0.0;0.0;0.0;0.0;0.0
1.0;1753877974.00756;18.291337;1.0;-1.64;0.15;-0.06036;0.980653;0.01322;0.0;0.0;0.0;0.0;0.0;0.0
1.0;1753877974.012158;18.286321;1.14;-1.65;0.2;-0.055461;0.980171;0.015154;0.0;0.0;0.0;0.0;0.0;0.0
1.0;1753877974.016756;18.289149;1.04;-1.49;0.1;-0.060227;0.982716;0.014815;0.0;0.0;0.0;0.0;0.0;0.0
1.0;1753877974.021354;18.294298;1.03;-1.69;0.17;-0.057552;0.982467;0.013994;0.0;0.0;0.0;0.0;0.0;0.0
1.0;1753877974.025952;18.275598;1.0;-1.68;0.12;-0.061254;0.979909;0.014951;0.0;0.0;0.0;0.0;0.0;0.0
1.0;1753877974.030549;18.298279;1.11;-1.54;0.14;-0.057882;0.9818;0.013648;0.0;0.0;0.0;0.0;0.0;0.0
1.0;1753877974.035147;18.278913;1.07;-1.6;0.11;-0.06037;0.980224;0.015911;0.0;0.0;0.0;0.0;0.0;0.0
1.0;1753877974.039745;18.282616;1.05;-1.69;0.16;-0.057135;0.980747;0.014473;0.0;0.0;0.0;0.0;0.0;0.0
1.0;1753877974.044343;18.269909;1.07;-1.61;0.15;-0.060437;0.982601;0.014663;0.0;0.0;0.0;0.0;0.0;0.0
1.0;1753877974.048941;18.285112;0.94;-1.61;0.14;-0.059321;0.980569;0.01496;0.0;0.0;0.0;0.0;0.0;0.0
1.0;1753877974.053539;18.291761;1.08;-1.64;0.13;-0.057768;0.983254;0.014175;0.0;0.0;0.0;0.0;0.0;0.0
1.0;1753877974.058137;18.28532;0.94;-1.54;0.06;-0.059539;0.981587;0.014732;0.0;0.0;0.0;0.0;0.0;0.0
1.0;1753877974.062734;18.288121;1.11;-1.6;0.09;-0.059052;0.981219;0.013577;0.0;0.0;0.0;0.0;0.0;0.0
1.0;1753877974.067332;18.269871;1.04;-1.69;0.04;-0.056756;0.982702;0.014479;0.0;0.0;0.0;0.0;0.0;0.0
1.0;1753877974.07193;18.262724;0.98;-1.67;0.09;-0.058433;0.980341;0.015641;0.0;0.0;0.0;0.0;0.0;0.0
1.0;1753877974.076528;18.295937;1.1;-1.57;0.12;-0.058986;0.981761;0.014298;0.0;0.0;0.0;0.0;0.0;0.0
1.0;1753877974.081126;18.272114;1.01;-1.63;0.17;-0.058099;0.984806;0.014225;0.0;0.0;0.0;0.0;0.0;0.0
1.0;1753877974.085724;18.266005;1.06;-1.64;0.15;-0.058304;0.981409;0.014745;0.0;0.0;0.0;0.0;0.0;0.0
1.0;1753877974.090322;18.270464;0.9;-1.56;0.04;-0.058082;0.981599;0.015321;0.0;0.0;0.0;0.0;0.0;0.0
1.0;1753877974.09492;18.295266;1.15;-1.62;0.11;-0.05882;0.978968;0.014744;0.0;0.0;0.0;0.0;0.0;0.0
1.0;1753877974.099518;18.265172;1.02;-1.72;0.13;-0.060191;0.980683;0.014345;0.0;0.0;0.0;0.0;0.0;0.0
1.0;1753877974.104116;18.288234;1.02;-1.63;0.13;-0.060135;0.980597;0.014508;0.0;0.0;0.0;0.0;0.0;0.0
1.0;1753877974.108714;18.286147;1.03;-1.61;0.1;-0.058512;0.98212;0.013925;0.0;0.0;0.0;0.0;0.0;0.0
1.0;1753877974.113312;18.30364;1.03;-1.6;0.12;-0.058571;0.980016;0.014372;0.0;0.0;0.0;0.0;0.0;0.0
1.0;1753877974.11791;18.285649;1.1;-1.73;0.13;-0.058759;0.980078;0.014689;0.0;0.0;0.0;0.0;0.0;0.0
1.0;1753877974.122507;18.282769;1.05;-1.6;0.06;-0.058839;0.980396;0.014051;0.0;0.0;0.0;0.0;0.0;0.0
1.0;1753877974.127105;18.293205;1.04;-1.68;0.1;-0.056957;0.981516;0.013571;0.0;0.0;0.0;0.0;0.0;0.0
1.0;1753877974.131703;18.269333;0.98;-1.68;0.07;-0.058498;0.981312;0.014591;0.0;0.0;0.0;0.0;0.0;0.0
1.0;1753877974.136301;18.272369;1.02;-1.58;0.14;-0.058779;0.980792;0.013625;0.0;0.0;0.0;0.0;0.0;0.0
1.0;1753877974.140899;18.270747;1.0;-1.63;0.13;-0.057504;0.981482;0.013451;0.0;0.0;0.0;0.0;0.0;0.0
1.0;1753877974.145497;18.272629;1.09;-1.72;0.13;-0.058524;0.981241;0.014328;0.0;0.0;0.0;0.0;0.0;0.0
1.0;1753877974.150095;18.266812;1.07;-1.64;0.08;-0.059576;0.980972;0.013825;0.0;0.0;0.0;0.0;0.0;0.0
1.0;1753877974.154693;18.302475;1.12;-1.66;0.02;-0.056636;0.98069;0.015108;0.0;0.0;0.0;0.0;0.0;0.0
1.0;1753877974.15929;18.258741;1.17;-1.74;0.07;-0.059432;0.978928;0.014039;0.0;0.0;0.0;0.0;0.0;0.0
1.0;1753877974.163888;18.274285;1.05;-1.61;0.07;-0.058833;0.981369;0.01435;0.0;0.0;0.0;0.0;0.0;0.0
1.0;1753877974.168486;18.258307;1.05;-1.6;0.15;-0.059302;0.982038;0.014703;0.0;0.0;0.0;0.0;0.0;0.0
1.0;1753877974.173084;18.276894;1.14;-1.75;0.16;-0.058741;0.981178;0.01437;0.0;0.0;0.0;0.0;0.0;0.0
1.0;1753877974.177682;18.301291;0.91;-1.72;0.14;-0.058942;0.981696;0.014015;0.0;0.0;0.0;0.0;0.0;0.0
1.0;1753877974.18228;18.284532;1.07;-1.57;0.16;-0.056854;0.982019;0.014517;0.0;0.0;0.0;0.0;0.0;0.0
1.0;1753877974.186878;18.272308;1.01;-1.62;0.12;-0.057902;0.981413;0.013038;0.0;0.0;0.0;0.0;0.0;0.0
1.0;1753877974.191476;18.261025;1.05;-1.58;0.12;-0.059086;0.979934;0.013885;0.0;0.0;0.0;0.0;0.0;0.0
1.0;1753877974.196074;18.266928;0.95;-1.63;0.06;-0.060183;0.981044;0.013581;0.0;0.0;0.0;0.0;0.0;0.0
1.0;1753877974.200672;18.28859;1.06;-1.66;0.12;-0.059431;0.981431;0.013951;0.0;0.0;0.0;0.0;0.0;0.0
1.0;1753877974.20527;18.261118;1.1;-1.74;0.1;-0.058132;0.981746;0.015691;0.0;0.0;0.0;0.0;0.0;0.0
1.0;1753877974.209868;18.289128;0.94;-1.67;0.0;-0.056074;0.981533;0.015045;0.0;0.0;0.0;0.0;0.0;0.0
1.0;1753877974.214466;18.256681;1.07;-1.55;0.07;-0.058096;0.980828;0.014055;0.0;0.0;0.0;0.0;0.0;0.0
1.0;1753877974.219063;18.292901;1.09;-1.7;0.13;-0.059721;0.981338;0.015283;0.0;0.0;0.0;0.0;0.0;0.0
1.0;1753877974.223661;18.272629;1.03;-1.72;0.07;-0.05707;0.980724;0.015209;0.0;0.0;0.0;0.0;0.0;0.0
1.0;1753877974.228259;18.279716;1.08;-1.69;0.06;-0.057851;0.982162;0.0146;0.0;0.0;0.0;0.0;0.0;0.0
1.0;1753877974.232857;18.250772;1.05;-1.66;0.09;-0.057721;0.981492;0.015026;0.0;0.0;0.0;0.0;0.0;0.0
1.0;1753877974.237455;18.284875;1.04;-1.7;0.11;-0.0582;0.979787;0.014483;0.0;0.0;0.0;0.0;0.0;0.0
1.0;1753877974.242053;18.281386;1.14;-1.64;0.03;-0.058082;0.98091;0.01411;0.0;0.0;0.0;0.0;0.0;0.0
1.0;1753877974.246651;18.285214;1.05;-1.64;0.03;-0.05766;0.981208;0.014975;0.0;0.0;0.0;0.0;0.0;0.0
1.0;1753877974.251248;18.275021;1.07;-1.59;0.04;-0.059087;0.980235;0.014238;0.0;0.0;0.0;0.0;0.0;0.0
1.0;1753877974.255846;18.277537;1.05;-1.69;0.07;-0.05855;0.981604;0.014203;0.0;0.0;0.0;0.0;0.0;0.0
1.0;1753877974.260444;18.28997;1.05;-1.72;0.09;-0.058963;0.980153;0.014147;0.0;0.0;0.0;0.0;0.0;0.0
1.0;1753877974.265042;18.299264;1.05;-1.69;0.12;-0.058693;0.980531;0.014448;0.0;0.0;0.0;0.0;0.0;0.0
1.0;1753877974.26964;18.285145;1.03;-1.62;0.09;-0.059118;0.981328;0.014221;0.0;0.0;0.0;0.0;0.0;0.0
1.0;1753877974.274238;18.271557;1.05;-1.75;0.06;-0.058324;0.979851;0.012818;0.0;0.0;0.0;0.0;0.0;0.0
1.0;1753877974.278836;18.300759;1.04;-1.71;0.08;-0.058262;0.981152;0.015657;0.0;0.0;0.0;0.0;0.0;0.0
1.0;1753877974.283434;18.292949;1.05;-1.64;0.13;-0.059628;0.980493;0.015267;0.0;0.0;0.0;0.0;0.0;0.0
1.0;1753877974.288032;18.30399;1.05;-1.62;0.11;-0.057929;0.981437;0.014995;0.0;0.0;0.0;0.0;0.0;0.0
1.0;1753877974.2932;18.28125;1.05;-1.68;0.07;-0.058194;0.980758;0.014274;0.0;0.0;0.0;0.0;0.0;0.0
1.0;1753877974.297798;18.278193;1.11;-1.64;0.11;-0.057157;0.982279;0.013771;0.0;0.0;0.0;0.0;0.0;0.0
1.0;1753877974.302396;18.287801;1.02;-1.63;0.09;-0.057797;0.982219;0.014608;0.0;0.0;0.0;0.0;0.0;0.0
1.0;1753877974.306994;18.280172;1.12;-1.61;0.11;-0.059082;0.981846;0.013492;0.0;0.0;0.0;0.0;0.0;0.0
1.0;1753877974.311592;18.266231;1.07;-1.71;0.08;-0.058823;0.981265;0.015144;0.0;0.0;0.0;0.0;0.0;0.0
1.0;1753877974.31619;18.291153;1.0;-1.75;0.08;-0.059431;0.980638;0.014862;0.0;0.0;0.0;0.0;0.0;0.0
1.0;1753877974.320788;18.276324;1.11;-1.69;0.11;-0.057789;0.980216;0.014474;0.0;0.0;0.0;0.0;0.0;0.0
1.0;1753877974.325385;18.275563;1.06;-1.71;0.1;-0.059147;0.980712;0.013642;0.0;0.0;0.0;0.0;0.0;0.0
1.0;1753877974.329983;18.289695;1.07;-1.78;0.1;-0.058147;0.980891;0.013595;0.0;0.0;0.0;0.0;0.0;0.0
1.0;1753877974.334581;18.268361;0.93;-1.65;0.05;-0.058015;0.980497;0.014041;0.0;0.0;0.0;0.0;0.0;0.0
1.0;1753877974.339179;18.266288;1.02;-1.7;0.12;-0.056984;0.980591;0.013722;0.0;0.0;0.0;0.0;0.0;0.0
1.0;1753877974.343777;18.309815;1.01;-1.72;0.07;-0.057612;0.980805;0.014946;0.0;0.0;0.0;0.0;0.0;0.0
1.0;1753877974.348375;18.286934;1.04;-1.64;0.06;-0.059541;0.979987;0.014118;0.0;0.0;0.0;0.0;0.0;0.0
1.0;1753877974.352973;18.277875;1.05;-1.72;0.06;-0.05942;0.980334;0.014038;0.0;0.0;0.0;0.0;0.0;0.0
1.0;1753877974.357571;18.297086;0.98;-1.73;0.08;-0.060345;0.981355;0.01604;0.0;0.0;0.0;0.0;0.0;0.0
1.0;1753877974.362168;18.278575;0.97;-1.63;0.09;-0.05847;0.980735;0.013249;0.0;0.0;0.0;0.0;0.0;0.0
1.0;1753877974.366766;18.296851;1.06;-1.64;0.07;-0.057586;0.980492;0.013804;0.0;0.0;0.0;0.0;0.0;0.0
1.0;1753877974.371364;18.303792;1.07;-1.7;0.08;-0.057852;0.979535;0.014832;0.0;0.0;0.0;0.0;0.0;0.0
1.0;1753877974.375962;18.287029;1.1;-1.69;0.05;-0.058978;0.980796;0.014662;0.0;0.0;0.0;0.0;0.0;0.0
1.0;1753877974.38056;18.302857;1.02;-1.66;0.1;-0.057791;0.981493;0.014819;0.0;0.0;0.0;0.0;0.0;0.0
1.0;1753877974.385158;18.270092;0.98;-1.73;0.07;-0.058633;0.980462;0.01505;0.0;0.0;0.0;0.0;0.0;0.0
1.0;1753877974.389756;18.270111;1.06;-1.71;0.1;-0.056672;0.980053;0.014498;0.0;0.0;0.0;0.0;0.0;0.0
1.0;1753877974.394354;18.281016;1.06;-1.67;0.03;-0.058398;0.981552;0.014193;0.0;0.0;0.0;0.0;0.0;0.0
1.0;1753877974.398952;18.292362;1.07;-1.72;0.09;-0.058344;0.979999;0.013456;0.0;0.0;0.0;0.0;0.0;0.0
1.0;1753877974.40355;18.281216;1.09;-1.7;0.01;-0.056152;0.981179;0.013801;0.0;0.0;0.0;0.0;0.0;0.0
1.0;1753877974.408148;18.273423;1.01;-1.69;0.1;-0.05893;0.979849;0.013978;0.0;0.0;0.0;0.0;0.0;0.0
1.0;1753877974.412746;18.271666;0.98;-1.61;0.0;-0.058155;0.981502;0.013344;0.0;0.0;0.0;0.0;0.0;0.0
1.0;1753877974.417344;18.283667;1.07;-1.65;-0.02;-0.056865;0.980883;0.013246;0.0;0.0;0.0;0.0;0.0;0.0
1.0;1753877974.421941;18.283261;1.03;-1.61;0.1;-0.057465;0.980529;0.014415;0.0;0.0;0.0;0.0;0.0;0.0
1.0;1753877974.426539;18.284772;1.07;-1.68;0.11;-0.05806;0.98014;0.01501;0.0;0.0;0.0;0.0;0.0;0.0
1.0;1753877974.431137;18.274697;1.06;-1.61;0.11;-0.059333;0.981754;0.01403;0.0;0.0;0.0;0.0;0.0;0.0
1.0;1753877974.435735;18.282436;1.01;-1.65;0.06;-0.056886;0.980973;0.015251;0.0;0.0;0.0;0.0;0.0;0.0
1.0;1753877974.440333;18.288502;1.0;-1.65;0.06;-0.058044;0.980835;0.012661;0.0;0.0;0.0;0.0;0.0;0.0
1.0;1753877974.444931;18.276794;1.12;-1.75;0.05;-0.059971;0.980666;0.014052;0.0;0.0;0.0;0.0;0.0;0.0
1.0;1753877974.449529;18.278501;1.0;-1.67;0.07;-0.056434;0.98103;0.01425;0.0;0.0;0.0;0.0;0.0;0.0
1.0;1753877974.454126;18.291764;1.1;-1.56;0.05;-0.05678;0.982609;0.015234;0.0;0.0;0.0;0.0;0.0;0.0
1.0;1753877974.458724;18.268839;1.06;-1.68;0.08;-0.057652;0.979795;0.014827;0.0;0.0;0.0;0.0;0.0;0.0
1.0;1753877974.463322;18.260088;1.07;-1.65;0.08;-0.058947;0.978786;0.015025;0.0;0.0;0.0;0.0;0.0;0.0
1.0;1753877974.46792;18.25317;0.96;-1.7;0.02;-0.058206;0.979209;0.013334;0.0;0.0;0.0;0.0;0.0;0.0
1.0;1753877974.472518;18.283306;1.1;-1.69;0.08;-0.056106;0.980269;0.014647;0.0;0.0;0.0;0.0;0.0;0.0
1.0;1753877974.477116;18.291463;1.01;-1.62;0.06;-0.054987;0.979279;0.014643;0.0;0.0;0.0;0.0;0.0;0.0
1.0;1753877974.481714;18.264323;1.07;-1.63;0.13;-0.059308;0.982178;0.016056;0.0;0.0;0.0;0.0;0.0;0.0
1.0;1753877974.486312;18.273425;1.06;-1.68;0.13;-0.058985;0.980398;0.015444;0.0;0.0;0.0;0.0;0.0;0.0
1.0;1753877974.49091;18.283392;1.14;-1.61;0.14;-0.058603;0.97936;0.014135;0.0;0.0;0.0;0.0;0.0;0.0
1.0;1753877974.495508;18.292607;0.99;-1.73;0.12;-0.057547;0.978057;0.014062;0.0;0.0;0.0;0.0;0.0;0.0
1.0;1753877974.500106;18.275531;0.98;-1.81;0.1;-0.058217;0.980559;0.01342;0.0;0.0;0.0;0.0;0.0;0.0
1.0;1753877974.504704;18.281422;1.07;-1.59;0.07;-0.057068;0.982561;0.014003;0.0;0.0;0.0;0.0;0.0;0.0
1.0;1753877974.509302;18.281966;0.95;-1.63;0.04;-0.057244;0.982177;0.014927;0.0;0.0;0.0;0.0;0.0;0.0
1.0;1753877974.513899;18.281897;1.11;-1.66;0.06;-0.056225;0.981165;0.014752;0.0;0.0;0.0;0.0;0.0;0.0
1.0;1753877974.518497;18.272708;1.0;-1.62;0.1;-0.058834;0.981232;0.015932;0.0;0.0;0.0;0.0;0.0;0.0
1.0;1753877974.523095;18.295193;1.12;-1.65;-0.0;-0.056777;0.979739;0.016376;0.0;0.0;0.0;0.0;0.0;0.0
1.0;1753877974.527693;18.26087;1.07;-1.75;0.04;-0.056091;0.98003;0.014201;0.0;0.0;0.0;0.0;0.0;0.0
1.0;1753877974.532291;18.301893;1.08;-1.7;0.08;-0.059207;0.980256;0.013679;0.0;0.0;0.0;0.0;0.0;0.0
1.0;1753877974.536889;18.275154;1.11;-1.71;-0.0;-0.056849;0.980722;0.014956;0.0;0.0;0.0;0.0;0.0;0.0
1.0;1753877974.541487;18.273659;1.02;-1.67;0.03;-0.058212;0.981021;0.013975;0.0;0.0;0.0;0.0;0.0;0.0
1.0;1753877974.546085;18.274926;1.04;-1.67;0.1;-0.056513;0.982278;0.014391;0.0;0.0;0.0;0.0;0.0;0.0
1.0;1753877974.550682;18.273684;1.09;-1.73;0.09;-0.056737;0.980703;0.014427;0.0;0.0;0.0;0.0;0.0;0.0
1.0;1753877974.55528;18.26831;1.03;-1.72;0.07;-0.05806;0.979679;0.014629;0.0;0.0;0.0;0.0;0.0;0.0
1.0;1753877974.559878;18.27605;1.03;-1.65;0.09;-0.058387;0.979225;0.014228;0.0;0.0;0.0;0.0;0.0;0.0
1.0;1753877974.564476;18.276926;1.09;-1.63;0.09;-0.058703;0.981226;0.015066;0.0;0.0;0.0;0.0;0.0;0.0
1.0;1753877974.569074;18.281706;0.99;-1.68;0.11;-0.058885;0.979989;0.013598;0.0;0.0;0.0;0.0;0.0;0.0
1.0;1753877974.573672;18.271264;1.05;-1.75;0.02;-0.058753;0.981149;0.014618;0.0;0.0;0.0;0.0;0.0;0.0
1.0;1753877974.57827;18.2861;1.14;-1.7;0.08;-0.05889;0.979949;0.014839;0.0;0.0;0.0;0.0;0.0;0.0
1.0;1753877974.582868;18.28946;1.0;-1.72;0.06;-0.054995;0.979657;0.015295;0.0;0.0;0.0;0.0;0.0;0.0
1.0;1753877974.587466;18.277918;1.08;-1.61;0.09;-0.055757;0.979118;0.015708;0.0;0.0;0.0;0.0;0.0;0.0
1.0;1753877974.592064;18.287352;1.14;-1.74;0.07;-0.057086;0.979745;0.013458;0.0;0.0;0.0;0.0;0.0;0.0
1.0;1753877974.596662;18.283646;1.0;-1.61;0.04;-0.057072;0.980137;0.01399;0.0;0.0;0.0;0.0;0.0;0.0
1.0;1753877974.60126;18.281667;1.04;-1.74;0.04;-0.058515;0.9819;0.014599;0.0;0.0;0.0;0.0;0.0;0.0
1.0;1753877974.605857;18.288502;1.1;-1.67;0.11;-0.059222;0.981771;0.014876;0.0;0.0;0.0;0.0;0.0;0.0
1.0;1753877974.610455;18.287641;1.08;-1.62;0.11;-0.057896;0.981353;0.013895;0.0;0.0;0.0;0.0;0.0;0.0
1.0;1753877974.615053;18.273607;1.01;-1.69;0.09;-0.058791;0.9816;0.015138;0.0;0.0;0.0;0.0;0.0;0.0
1.0;1753877974.619651;18.283428;1.07;-1.7;0.05;-0.056501;0.980499;0.015805;0.0;0.0;0.0;0.0;0.0;0.0
1.0;1753877974.624249;18.282181;1.0;-1.64;0.11;-0.058459;0.979665;0.014791;0.0;0.0;0.0;0.0;0.0;0.0
1.0;1753877974.628847;18.310815;1.04;-1.64;-0.0;-0.057686;0.981406;0.015157;0.0;0.0;0.0;0.0;0.0;0.0
1.0;1753877974.633445;18.276636;1.06;-1.6;0.03;-0.057363;0.981358;0.013304;0.0;0.0;0.0;0.0;0.0;0.0
1.0;1753877974.638043;18.26448;1.1;-1.7;0.05;-0.058013;0.977894;0.013612;0.0;0.0;0.0;0.0;0.0;0.0
1.0;1753877974.64264;18.273769;1.06;-1.68;0.06;-0.055612;0.981989;0.014998;0.0;0.0;0.0;0.0;0.0;0.0
1.0;1753877974.647238;18.29171;1.07;-1.65;0.03;-0.060763;0.979647;0.016131;0.0;0.0;0.0;0.0;0.0;0.0
1.0;1753877974.651836;18.261061;1.1;-1.68;0.05;-0.057227;0.980194;0.013708;0.0;0.0;0.0;0.0;0.0;0.0
1.0;1753877974.656434;18.297763;1.08;-1.69;0.08;-0.057298;0.980219;0.015176;0.0;0.0;0.0;0.0;0.0;0.0
1.0;1753877974.661032;18.284629;1.0;-1.78;0.07;-0.056945;0.980772;0.014235;0.0;0.0;0.0;0.0;0.0;0.0
1.0;1753877974.66563;18.281612;1.07;-1.62;0.06;-0.055795;0.980889;0.014572;0.0;0.0;0.0;0.0;0.0;0.0
1.0;1753877974.670228;18.291478;0.98;-1.68;0.1;-0.057797;0.981518;0.015197;0.0;0.0;0.0;0.0;0.0;0.0
1.0;1753877974.674826;18.308826;1.06;-1.69;0.04;-0.056858;0.981148;0.015028;0.0;0.0;0.0;0.0;0.0;0.0
1.0;1753877974.679424;18.292731;1.07;-1.75;0.05;-0.061452;0.981252;0.015678;0.0;0.0;0.0;0.0;0.0;0.0
1.0;1753877974.684022;18.28811;1.11;-1.75;0.02;-0.059505;0.980812;0.014152;0.0;0.0;0.0;0.0;0.0;0.0
1.0;1753877974.68862;18.283458;1.12;-1.67;0.09;-0.057941;0.981079;0.014738;0.0;0.0;0.0;0.0;0.0;0.0
1.0;1753877974.693218;18.272876;0.98;-1.68;0.08;-0.058616;0.979555;0.013534;0.0;0.0;0.0;0.0;0.0;0.0
1.0;1753877974.697816;18.286072;1.04;-1.75;0.12;-0.057509;0.978826;0.014334;0.0;0.0;0.0;0.0;0.0;0.0
1.0;1753877974.702413;18.261724;1.05;-1.69;0.08;-0.057262;0.979618;0.01486;0.0;0.0;0.0;0.0;0.0;0.0
1.0;1753877974.707011;18.286708;1.05;-1.74;-0.01;-0.056105;0.980602;0.014936;0.0;0.0;0.0;0.0;0.0;0.0
1.0;1753877974.711609;18.283434;1.04;-1.67;0.05;-0.057418;0.981007;0.01525;0.0;0.0;0.0;0.0;0.0;0.0
1.0;1753877974.716207;18.280557;1.14;-1.69;0.14;-0.057157;0.980328;0.015049;0.0;0.0;0.0;0.0;0.0;0.0
1.0;1753877974.720805;18.25981;1.0;-1.7;0.08;-0.056364;0.980905;0.015381;0.0;0.0;0.0;0.0;0.0;0.0
1.0;1753877974.725403;18.274622;1.04;-1.72;0.06;-0.057068;0.981652;0.015553;0.0;0.0;0.0;0.0;0.0;0.0
1.0;1753877974.730001;18.291225;1.01;-1.68;0.12;-0.056992;0.981013;0.014687;0.0;0.0;0.0;0.0;0.0;0.0
1.0;1753877974.734599;18.278924;1.01;-1.68;0.04;-0.059886;0.981222;0.015974;0.0;0.0;0.0;0.0;0.0;0.0
1.0;1753877974.739196;18.302662;1.09;-1.64;0.07;-0.059307;0.980824;0.015607;0.0;0.0;0.0;0.0;0.0;0.0
1.0;1753877974.745;18.28125;1.05;-1.68;0.07;-0.057462;0.980514;0.015006;0.0;0.0;0.0;0.0;0.0;0.0
1.0;1753877974.749598;18.278645;1.07;-1.67;0.13;-0.060072;0.981315;0.016656;0.0;0.0;0.0;0.0;0.0;0.0
1.0;1753877974.754196;18.27662;1.0;-1.62;-0.0;-0.057781;0.979737;0.013702;0.0;0.0;0.0;0.0;0.0;0.0
1.0;1753877974.76049;18.273438;1.05;-1.61;0.07;-0.05734;0.981856;0.014762;0.0;0.0;0.0;0.0;0.0;0.0
1.0;1753877974.765088;18.273641;1.01;-1.61;-0.02;-0.056559;0.982344;0.015562;0.0;0.0;0.0;0.0;0.0;0.0
1.0;1753877974.769686;18.289791;1.04;-1.55;0.12;-0.057072;0.982411;0.013884;0.0;0.0;0.0;0.0;0.0;0.0
1.0;1753877974.774284;18.265933;0.93;-1.68;0.19;-0.057638;0.980692;0.016332;0.0;0.0;0.0;0.0;0.0;0.0
1.0;1753877974.778882;18.272508;1.11;-1.61;0.03;-0.058881;0.981487;0.015427;0.0;0.0;0.0;0.0;0.0;0.0
1.0;1753877974.78348;18.243816;1.02;-1.61;0.15;-0.054504;0.981881;0.015881;0.0;0.0;0.0;0.0;0.0;0.0
1.0;1753877974.788077;18.266245;1.08;-1.56;0.14;-0.055081;0.982192;0.016676;0.0;0.0;0.0;0.0;0.0;0.0
1.0;1753877974.792675;18.268085;1.1;-1.55;0.12;-0.055726;0.982062;0.014711;0.0;0.0;0.0;0.0;0.0;0.0
1.0;1753877974.797273;18.284508;1.17;-1.61;0.04;-0.058746;0.98268;0.014956;0.0;0.0;0.0;0.0;0.0;0.0
1.0;1753877974.801871;18.264429;1.14;-1.64;0.07;-0.058335;0.981519;0.014846;0.0;0.0;0.0;0.0;0.0;0.0
1.0;1753877974.806469;18.246625;1.05;-1.58;0.08;-0.054969;0.979826;0.015558;0.0;0.0;0.0;0.0;0.0;0.0
1.0;1753877974.811067;18.251237;1.08;-1.56;-0.09;-0.055198;0.981372;0.015217;0.0;0.0;0.0;0.0;0.0;0.0
1.0;1753877974.815665;18.266851;1.05;-1.64;0.02;-0.056612;0.981365;0.015682;0.0;0.0;0.0;0.0;0.0;0.0
1.0;1753877974.820263;18.273308;1.07;-1.54;0.05;-0.052122;0.982182;0.016078;0.0;0.0;0.0;0.0;0.0;0.0
1.0;1753877974.82486;18.258138;1.0;-1.58;0.08;-0.056783;0.981478;0.01581;0.0;0.0;0.0;0.0;0.0;0.0
1.0;1753877974.829458;18.236269;1.21;-1.59;-0.06;-0.054112;0.981568;0.014741;0.0;0.0;0.0;0.0;0.0;0.0
1.0;1753877974.834056;18.2589;1.11;-1.56;0.1;-0.056752;0.982266;0.016233;0.0;0.0;0.0;0.0;0.0;0.0
1.0;1753877974.838654;18.260908;1.02;-1.64;0.17;-0.05874;0.980266;0.014844;0.0;0.0;0.0;0.0;0.0;0.0
1.0;1753877974.843252;18.255394;1.1;-1.63;0.09;-0.055166;0.980431;0.01502;0.0;0.0;0.0;0.0;0.0;0.0
1.0;1753877974.84785;18.268122;1.08;-1.53;-0.07;-0.054068;0.978631;0.016441;0.0;0.0;0.0;0.0;0.0;0.0
1.0;1753877974.852448;18.257096;1.13;-1.57;0.09;-0.055888;0.981225;0.016959;0.0;0.0;0.0;0.0;0.0;0.0
1.0;1753877974.857046;18.247558;1.16;-1.56;0.01;-0.055284;0.980937;0.016743;0.0;0.0;0.0;0.0;0.0;0.0
1.0;1753877974.861644;18.270594;1.05;-1.54;0.11;-0.056896;0.980706;0.014637;0.0;0.0;0.0;0.0;0.0;0.0
1.0;1753877974.866242;18.245045;1.13;-1.57;-0.06;-0.055666;0.981095;0.015818;0.0;0.0;0.0;0.0;0.0;0.0
1.0;1753877974.87084;18.25183;1.09;-1.5;0.03;-0.055294;0.980575;0.015779;0.0;0.0;0.0;0.0;0.0;0.0
1.0;1753877974.875438;18.238968;1.08;-1.62;0.02;-0.053329;0.979583;0.017036;0.0;0.0;0.0;0.0;0.0;0.0
1.0;1753877974.880036;18.264272;1.11;-1.51;0.09;-0.054352;0.978581;0.016174;0.0;0.0;0.0;0.0;0.0;0.0
1.0;1753877974.884633;18.26432;1.17;-1.54;0.07;-0.054882;0.980452;0.014721;0.0;0.0;0.0;0.0;0.0;0.0
1.0;1753877974.8898;18.25;1.12;-1.54;0.07;-0.054534;0.980514;0.016104;0.0;0.0;0.0;0.0;0.0;0.0
1.0;1753877974.89765;18.25;1.12;-1.68;0.07;-0.059292;0.98088;0.013908;0.0;0.0;0.0;0.0;0.0;0.0
1.0;1753877974.902248;18.232201;1.15;-1.68;0.07;-0.061955;0.981651;0.015686;0.0;0.0;0.0;0.0;0.0;0.0
1.0;1753877974.906846;18.248806;1.04;-1.71;0.09;-0.058185;0.98135;0.012761;0.0;0.0;0.0;0.0;0.0;0.0
1.0;1753877974.911444;18.262094;1.14;-1.68;-0.01;-0.056769;0.981335;0.014962;0.0;0.0;0.0;0.0;0.0;0.0
1.0;1753877974.916042;18.243051;1.19;-1.66;0.11;-0.056612;0.981294;0.015879;0.0;0.0;0.0;0.0;0.0;0.0
1.0;1753877974.92064;18.269779;1.11;-1.67;0.19;-0.054952;0.980766;0.0141;0.0;0.0;0.0;0.0;0.0;0.0
1.0;1753877974.925238;18.256791;1.09;-1.61;0.05;-0.058026;0.981219;0.015551;0.0;0.0;0.0;0.0;0.0;0.0
1.0;1753877974.929835;18.241053;1.06;-1.67;0.06;-0.053567;0.980265;0.014244;0.0;0.0;0.0;0.0;0.0;0.0
1.0;1753877974.934433;18.263245;1.09;-1.65;0.11;-0.055665;0.982167;0.013051;0.0;0.0;0.0;0.0;0.0;0.0
1.0;1753877974.939031;18.238103;1.13;-1.61;0.09;-0.05661;0.982657;0.014064;0.0;0.0;0.0;0.0;0.0;0.0
1.0;1753877974.94479;18.25;1.12;-1.68;0.14;-0.05551;0.98149;0.014396;0.0;0.0;0.0;0.0;0.0;0.0
1.0;1753877974.949388;18.267565;1.19;-1.69;0.09;-0.058456;0.98132;0.01498;0.0;0.0;0.0;0.0;0.0;0.0
1.0;1753877974.953986;18.248356;1.14;-1.6;0.1;-0.057649;0.980772;0.013864;0.0;0.0;0.0;0.0;0.0;0.0
1.0;1753877974.958584;18.23675;1.09;-1.61;0.08;-0.056286;0.981245;0.016176;0.0;0.0;0.0;0.0;0.0;0.0
1.0;1753877974.963182;18.243655;0.97;-1.7;0.23;-0.059632;0.981426;0.015822;0.0;0.0;0.0;0.0;0.0;0.0
1.0;1753877974.96778;18.258411;1.05;-1.63;0.05;-0.059955;0.981752;0.015552;0.0;0.0;0.0;0.0;0.0;0.0
1.0;1753877974.972377;18.253986;1.05;-1.65;0.14;-0.059334;0.980538;0.01372;0.0;0.0;0.0;0.0;0.0;0.0
1.0;1753877974.976975;18.243789;1.11;-1.62;0.11;-0.05785;0.981156;0.012925;0.0;0.0;0.0;0.0;0.0;0.0
1.0;1753877974.981573;18.231789;1.11;-1.64;0.11;-0.056531;0.982004;0.014822;0.0;0.0;0.0;0.0;0.0;0.0
1.0;1753877974.98964;18.242188;1.05;-1.61;0.14;-0.058926;0.981002;0.014152;0.0;0.0;0.0;0.0;0.0;0.0
1.0;1753877974.99132;18.3125;1.12;-1.61;0.07;-0.059048;0.981368;0.015006;0.0;0.0;0.0;0.0;0.0;0.0
1.0;1753877974.995208;18.277344;1.19;-1.68;0.14;-0.058194;0.980514;0.015372;0.0;0.0;0.0;0.0;0.0;0.0
1.0;1753877974.999732;18.277344;1.19;-1.61;0.14;-0.058194;0.980514;0.015372;0.0;0.0;0.0;0.0;0.0;0.0
1.0;1753877975.00433;18.268874;1.31;-1.6;0.13;-0.058455;0.98013;0.016609;0.0;0.0;0.0;0.0;0.0;0.0
1.0;1753877975.008928;18.27729;1.24;-1.65;0.06;-0.058414;0.979712;0.015769;0.0;0.0;0.0;0.0;0.0;0.0
1.0;1753877975.013526;18.312639;1.32;-1.58;0.14;-0.05832;0.980419;0.0153;0.0;0.0;0.0;0.0;0.0;0.0
1.0;1753877975.018124;18.273198;1.17;-1.52;0.18;-0.056953;0.980043;0.015769;0.0;0.0;0.0;0.0;0.0;0.0
1.0;1753877975.022722;18.306204;1.22;-1.63;0.13;-0.055016;0.979981;0.015015;0.0;0.0;0.0;0.0;0.0;0.0
1.0;1753877975.02732;18.297655;1.14;-1.61;0.09;-0.062096;0.980274;0.016711;0.0;0.0;0.0;0.0;0.0;0.0
1.0;1753877975.031917;18.283391;1.09;-1.52;0.15;-0.056676;0.980286;0.015239;0.0;0.0;0.0;0.0;0.0;0.0
1.0;1753877975.036515;18.29534;1.3;-1.67;0.15;-0.057839;0.980124;0.015419;0.0;0.0;0.0;0.0;0.0;0.0
1.0;1753877975.041113;18.28717;1.17;-1.67;0.11;-0.054972;0.980402;0.015821;0.0;0.0;0.0;0.0;0.0;0.0
1.0;1753877975.045711;18.275317;1.34;-1.72;0.12;-0.058555;0.981016;0.016246;0.0;0.0;0.0;0.0;0.0;0.0
1.0;1753877975.050309;18.269949;1.25;-1.59;0.18;-0.056172;0.981566;0.016986;0.0;0.0;0.0;0.0;0.0;0.0
1.0;1753877975.054907;18.275458;1.11;-1.72;0.16;-0.057664;0.98109;0.015889;0.0;0.0;0.0;0.0;0.0;0.0
1.0;1753877975.059505;18.285547;1.36;-1.64;0.23;-0.057125;0.981736;0.015961;0.0;0.0;0.0;0.0;0.0;0.0
1.0;1753877975.064103;18.296077;1.16;-1.63;0.07;-0.057826;0.980749;0.014121;0.0;0.0;0.0;0.0;0.0;0.0
1.0;1753877975.0687;18.263819;1.32;-1.67;0.17;-0.057806;0.981139;0.014335;0.0;0.0;0.0;0.0;0.0;0.0
1.0;1753877975.073298;18.278322;1.1;-1.59;0.12;-0.059168;0.981223;0.015464;0.0;0.0;0.0;0.0;0.0;0.0
1.0;1753877975.077896;18.323571;1.35;-1.6;0.19;-0.057445;0.980126;0.016211;0.0;0.0;0.0;0.0;0.0;0.0
1.0;1753877975.082494;18.28119;0.96;-1.54;0.12;-0.05926;0.979901;0.013544;0.0;0.0;0.0;0.0;0.0;0.0
1.0;1753877975.087092;18.260901;1.22;-1.54;0.15;-0.057126;0.980383;0.015764;0.0;0.0;0.0;0.0;0.0;0.0
1.0;1753877975.09169;18.279859;1.24;-1.53;0.12;-0.056616;0.980218;0.014477;0.0;0.0;0.0;0.0;0.0;0.0
1.0;1753877975.096288;18.296274;1.27;-1.66;0.12;-0.057925;0.982497;0.015473;0.0;0.0;0.0;0.0;0.0;0.0
1.0;1753877975.100886;18.293582;1.14;-1.68;0.07;-0.058889;0.981309;0.015328;0.0;0.0;0.0;0.0;0.0;0.0
1.0;1753877975.105484;18.246631;1.32;-1.73;0.1;-0.056489;0.980947;0.016794;0.0;0.0;0.0;0.0;0.0;0.0
1.0;1753877975.110082;18.279851;1.24;-1.65;0.12;-0.058689;0.981458;0.015733;0.0;0.0;0.0;0.0;0.0;0.0
1.0;1753877975.11468;18.238851;1.3;-1.56;0.18;-0.058613;0.980907;0.014365;0.0;0.0;0.0;0.0;0.0;0.0
1.0;1753877975.119278;18.296325;1.17;-1.55;0.15;-0.057015;0.981087;0.01384;0.0;0.0;0.0;0.0;0.0;0.0
1.0;1753877975.123876;18.295792;1.05;-1.66;0.14;-0.060848;0.979848;0.016374;0.0;0.0;0.0;0.0;0.0;0.0
1.0;1753877975.128473;18.268794;1.03;-1.78;0.11;-0.056133;0.981306;0.017197;0.0;0.0;0.0;0.0;0.0;0.0
1.0;1753877975.133071;18.247526;1.18;-1.58;0.11;-0.057155;0.981058;0.013577;0.0;0.0;0.0;0.0;0.0;0.0
1.0;1753877975.137669;18.273041;1.22;-1.62;0.13;-0.057404;0.98174;0.015299;0.0;0.0;0.0;0.0;0.0;0.0
1.0;1753877975.142267;18.302403;1.12;-1.65;0.18;-0.058173;0.981487;0.01657;0.0;0.0;0.0;0.0;0.0;0.0
1.0;1753877975.146865;18.290435;1.03;-1.72;0.11;-0.061524;0.980933;0.016014;0.0;0.0;0.0;0.0;0.0;0.0
1.0;1753877975.151463;18.294365;1.19;-1.65;0.18;-0.057993;0.981752;0.016435;0.0;0.0;0.0;0.0;0.0;0.0
1.0;1753877975.156061;18.278531;0.99;-1.73;0.15;-0.059478;0.98163;0.016443;0.0;0.0;0.0;0.0;0.0;0.0
1.0;1753877975.160658;18.273368;1.17;-1.72;0.23;-0.054767;0.981183;0.016778;0.0;0.0;0.0;0.0;0.0;0.0
1.0;1753877975.165256;18.297755;1.14;-1.56;0.12;-0.05747;0.981981;0.016481;0.0;0.0;0.0;0.0;0.0;0.0
1.0;1753877975.169854;18.280936;1.03;-1.69;0.12;-0.056056;0.981599;0.014765;0.0;0.0;0.0;0.0;0.0;0.0
1.0;1753877975.174452;18.304074;1.13;-1.65;0.1;-0.058234;0.981385;0.014077;0.0;0.0;0.0;0.0;0.0;0.0
1.0;1753877975.17905;18.288771;0.96;-1.56;0.18;-0.058457;0.981844;0.015588;0.0;0.0;0.0;0.0;0.0;0.0
1.0;1753877975.183648;18.263864;1.05;-1.73;0.09;-0.055713;0.981335;0.015253;0.0;0.0;0.0;0.0;0.0;0.0
1.0;1753877975.188246;18.274152;0.99;-1.75;0.22;-0.057844;0.981678;0.014786;0.0;0.0;0.0;0.0;0.0;0.0
1.0;1753877975.192844;18.275271;1.18;-1.61;0.14;-0.058138;0.982458;0.015173;0.0;0.0;0.0;0.0;0.0;0.0
1.0;1753877975.197442;18.250756;1.24;-1.64;0.15;-0.056412;0.982306;0.01418;0.0;0.0;0.0;0.0;0.0;0.0
1.0;1753877975.20204;18.275869;1.11;-1.74;0.11;-0.056846;0.981708;0.013404;0.0;0.0;0.0;0.0;0.0;0.0
1.0;1753877975.206638;18.26425;1.04;-1.59;0.07;-0.06022;0.982003;0.014872;0.0;0.0;0.0;0.0;0.0;0.0
1.0;1753877975.211236;18.298167;1.08;-1.71;0.16;-0.05905;0.981239;0.014577;0.0;0.0;0.0;0.0;0.0;0.0
1.0;1753877975.215834;18.286229;1.24;-1.73;0.12;-0.057112;0.981854;0.015613;0.0;0.0;0.0;0.0;0.0;0.0
1.0;1753877975.220431;18.291368;1.23;-1.6;0.22;-0.054566;0.980371;0.014831;0.0;0.0;0.0;0.0;0.0;0.0
1.0;1753877975.225029;18.254102;1.28;-1.69;0.18;-0.058727;0.981814;0.013725;0.0;0.0;0.0;0.0;0.0;0.0
1.0;1753877975.229627;18.281139;1.33;-1.65;0.13;-0.057452;0.982428;0.016358;0.0;0.0;0.0;0.0;0.0;0.0
1.0;1753877975.234225;18.248055;1.13;-1.54;0.09;-0.057908;0.981932;0.015044;0.0;0.0;0.0;0.0;0.0;0.0
1.0;1753877975.238823;18.293461;1.14;-1.72;0.13;-0.057527;0.982393;0.015786;0.0;0.0;0.0;0.0;0.0;0.0
1.0;1753877975.243421;18.277383;1.21;-1.63;0.17;-0.058838;0.98177;0.014046;0.0;0.0;0.0;0.0;0.0;0.0
1.0;1753877975.248019;18.23454;1.16;-1.63;0.12;-0.05956;0.980021;0.014678;0.0;0.0;0.0;0.0;0.0;0.0
1.0;1753877975.252617;18.290256;1.1;-1.7;0.1;-0.057104;0.980952;0.013834;0.0;0.0;0.0;0.0;0.0;0.0
1.0;1753877975.257214;18.295278;1.26;-1.64;0.07;-0.057168;0.981841;0.015511;0.0;0.0;0.0;0.0;0.0;0.0
1.0;1753877975.261812;18.278584;1.1;-1.58;0.13;-0.05601;0.98188;0.015121;0.0;0.0;0.0;0.0;0.0;0.0
1.0;1753877975.26641;18.256296;1.17;-1.63;0.11;-0.056015;0.981665;0.014881;0.0;0.0;0.0;0.0;0.0;0.0
1.0;1753877975.271008;18.280517;1.19;-1.65;0.13;-0.062444;0.980862;0.015167;0.0;0.0;0.0;0.0;0.0;0.0
1.0;1753877975.275606;18.254997;1.12;-1.77;0.14;-0.055483;0.983154;0.014721;0.0;0.0;0.0;0.0;0.0;0.0
1.0;1753877975.280204;18.283422;1.14;-1.66;0.07;-0.060594;0.981513;0.01433;0.0;0.0;0.0;0.0;0.0;0.0
1.0;1753877975.284802;18.267524;1.1;-1.66;0.17;-0.056563;0.981678;0.01426;0.0;0.0;0.0;0.0;0.0;0.0
1.0;1753877975.2894;18.260232;1.02;-1.6;0.18;-0.059821;0.981938;0.015194;0.0;0.0;0.0;0.0;0.0;0.0
1.0;1753877975.293998;18.271795;1.07;-1.71;0.11;-0.059968;0.980992;0.013124;0.0;0.0;0.0;0.0;0.0;0.0
1.0;1753877975.298596;18.282687;1.18;-1.6;0.15;-0.058256;0.982561;0.015277;0.0;0.0;0.0;0.0;0.0;0.0
1.0;1753877975.303194;18.259381;1.15;-1.65;0.11;-0.057271;0.981204;0.016226;0.0;0.0;0.0;0.0;0.0;0.0
1.0;1753877975.307792;18.259404;1.18;-1.63;0.16;-0.059285;0.981778;0.013841;0.0;0.0;0.0;0.0;0.0;0.0
1.0;1753877975.312389;18.297903;1.14;-1.62;0.13;-0.05672;0.982564;0.01584;0.0;0.0;0.0;0.0;0.0;0.0
1.0;1753877975.316987;18.276699;1.13;-1.65;0.15;-0.057076;0.981628;0.015952;0.0;0.0;0.0;0.0;0.0;0.0
1.0;1753877975.321585;18.290484;1.08;-1.67;0.18;-0.059133;0.981514;0.014428;0.0;0.0;0.0;0.0;0.0;0.0
1.0;1753877975.326183;18.275245;1.08;-1.68;0.19;-0.055296;0.982433;0.015409;0.0;0.0;0.0;0.0;0.0;0.0
1.0;1753877975.330781;18.277715;1.2;-1.63;0.11;-0.058807;0.981665;0.014582;0.0;0.0;0.0;0.0;0.0;0.0
1.0;1753877975.335379;18.293931;1.16;-1.71;0.13;-0.059665;0.983167;0.014775;0.0;0.0;0.0;0.0;0.0;0.0
1.0;1753877975.339977;18.253342;1.05;-1.65;0.21;-0.05839;0.982063;0.015944;0.0;0.0;0.0;0.0;0.0;0.0
1.0;1753877975.344575;18.258108;1.1;-1.53;0.13;-0.058724;0.981892;0.015284;0.0;0.0;0.0;0.0;0.0;0.0
1.0;1753877975.349172;18.287755;1.18;-1.76;0.18;-0.057573;0.983075;0.01291;0.0;0.0;0.0;0.0;0.0;0.0
1.0;1753877975.35377;18.268221;1.18;-1.68;0.09;-0.059286;0.982526;0.014305;0.0;0.0;0.0;0.0;0.0;0.0
1.0;1753877975.358368;18.275704;1.22;-1.68;0.09;-0.058367;0.982492;0.014954;0.0;0.0;0.0;0.0;0.0;0.0
1.0;1753877975.362966;18.251025;1.15;-1.68;0.13;-0.058176;0.981697;0.014641;0.0;0.0;0.0;0.0;0.0;0.0
1.0;1753877975.367564;18.279025;1.19;-1.62;0.12;-0.058104;0.982415;0.01504;0.0;0.0;0.0;0.0;0.0;0.0
1.0;1753877975.372162;18.262227;1.22;-1.61;0.17;-0.055577;0.98298;0.015398;0.0;0.0;0.0;0.0;0.0;0.0
1.0;1753877975.37676;18.276602;1.15;-1.7;0.22;-0.055243;0.983218;0.015709;0.0;0.0;0.0;0.0;0.0;0.0
1.0;1753877975.381358;18.293572;1.08;-1.64;0.09;-0.058255;0.982591;0.015524;0.0;0.0;0.0;0.0;0.0;0.0
1.0;1753877975.385956;18.292658;1.37;-1.68;0.12;-0.057469;0.981994;0.013561;0.0;0.0;0.0;0.0;0.0;0.0
1.0;1753877975.390554;18.286469;1.18;-1.74;0.16;-0.055425;0.983788;0.014781;0.0;0.0;0.0;0.0;0.0;0.0
1.0;1753877975.395152;18.274209;1.15;-1.67;0.14;-0.055515;0.981206;0.013739;0.0;0.0;0.0;0.0;0.0;0.0
1.0;1753877975.39975;18.27221;1.05;-1.6;0.13;-0.058927;0.982712;0.013976;0.0;0.0;0.0;0.0;0.0;0.0
1.0;1753877975.404348;18.306769;1.28;-1.77;0.14;-0.05741;0.982056;0.015805;0.0;0.0;0.0;0.0;0.0;0.0
1.0;1753877975.408945;18.275948;1.15;-1.72;0.11;-0.058717;0.981443;0.01442;0.0;0.0;0.0;0.0;0.0;0.0
1.0;1753877975.413543;18.297031;1.12;-1.69;0.1;-0.05706;0.9822;0.01328;0.0;0.0;0.0;0.0;0.0;0.0
1.0;1753877975.418141;18.267525;1.01;-1.78;0.16;-0.060545;0.981997;0.015265;0.0;0.0;0.0;0.0;0.0;0.0
1.0;1753877975.422739;18.259092;0.99;-1.55;0.19;-0.058808;0.982351;0.012997;0.0;0.0;0.0;0.0;0.0;0.0
1.0;1753877975.427337;18.279557;1.04;-1.64;0.07;-0.060496;0.982939;0.014775;0.0;0.0;0.0;0.0;0.0;0.0
1.0;1753877975.431935;18.246571;1.19;-1.63;0.19;-0.058236;0.982019;0.015109;0.0;0.0;0.0;0.0;0.0;0.0
1.0;1753877975.436533;18.27898;1.14;-1.72;0.09;-0.05946;0.98316;0.014774;0.0;0.0;0.0;0.0;0.0;0.0
1.0;1753877975.4412;18.277344;1.12;-1.68;0.14;-0.057584;0.982466;0.01464;0.0;0.0;0.0;0.0;0.0;0.0
1.0;1753877975.445798;18.252558;1.17;-1.63;0.14;-0.055779;0.982933;0.014286;0.0;0.0;0.0;0.0;0.0;0.0
1.0;1753877975.450396;18.275813;0.93;-1.68;0.11;-0.057203;0.98255;0.01302;0.0;0.0;0.0;0.0;0.0;0.0
1.0;1753877975.454994;18.284106;1.08;-1.69;0.11;-0.056768;0.982662;0.015372;0.0;0.0;0.0;0.0;0.0;0.0
1.0;1753877975.459592;18.267804;1.36;-1.73;0.14;-0.057682;0.982951;0.014511;0.0;0.0;0.0;0.0;0.0;0.0
1.0;1753877975.46419;18.294908;1.14;-1.64;0.19;-0.059597;0.981433;0.014824;0.0;0.0;0.0;0.0;0.0;0.0
1.0;1753877975.468788;18.264125;1.02;-1.73;0.12;-0.057632;0.982642;0.014136;0.0;0.0;0.0;0.0;0.0;0.0
1.0;1753877975.473385;18.278938;1.24;-1.65;0.24;-0.056249;0.98396;0.015065;0.0;0.0;0.0;0.0;0.0;0.0
1.0;1753877975.477983;18.305268;1.24;-1.7;0.17;-0.054482;0.982609;0.014683;0.0;0.0;0.0;0.0;0.0;0.0
1.0;1753877975.482581;18.259869;1.03;-1.69;0.12;-0.054777;0.983015;0.014097;0.0;0.0;0.0;0.0;0.0;0.0
1.0;1753877975.487179;18.279492;1.18;-1.6;0.11;-0.054975;0.983194;0.015768;0.0;0.0;0.0;0.0;0.0;0.0
1.0;1753877975.491777;18.26936;1.22;-1.71;0.12;-0.056529;0.982196;0.014858;0.0;0.0;0.0;0.0;0.0;0.0
1.0;1753877975.496375;18.276163;1.25;-1.74;0.16;-0.05834;0.981932;0.014446;0.0;0.0;0.0;0.0;0.0;0.0
1.0;1753877975.500973;18.30329;1.1;-1.69;0.17;-0.058039;0.982391;0.01479;0.0;0.0;0.0;0.0;0.0;0.0
1.0;1753877975.505571;18.288225;1.15;-1.58;0.14;-0.055489;0.982157;0.0149;0.0;0.0;0.0;0.0;0.0;0.0
1.0;1753877975.510168;18.287346;1.08;-1.7;0.03;-0.057521;0.981061;0.01411;0.0;0.0;0.0;0.0;0.0;0.0
1.0;1753877975.514766;18.288338;1.06;-1.72;0.15;-0.059112;0.981684;0.013756;0.0;0.0;0.0;0.0;0.0;0.0
1.0;1753877975.519364;18.271186;1.06;-1.82;0.11;-0.057716;0.982734;0.015053;0.0;0.0;0.0;0.0;0.0;0.0
1.0;1753877975.523962;18.290688;1.25;-1.69;0.15;-0.05743;0.98235;0.013997;0.0;0.0;0.0;0.0;0.0;0.0
1.0;1753877975.52856;18.236903;1.1;-1.64;0.16;-0.059371;0.982303;0.014392;0.0;0.0;0.0;0.0;0.0;0.0
1.0;1753877975.533158;18.280248;1.15;-1.6;0.1;-0.057796;0.981439;0.013165;0.0;0.0;0.0;0.0;0.0;0.0
1.0;1753877975.537756;18.275553;1.2;-1.6;0.24;-0.060023;0.980673;0.014822;0.0;0.0;0.0;0.0;0.0;0.0
1.0;1753877975.542354;18.29151;1.19;-1.64;0.13;-0.058026;0.981517;0.013517;0.0;0.0;0.0;0.0;0.0;0.0
1.0;1753877975.546952;18.270093;1.17;-1.71;0.18;-0.060281;0.981495;0.015563;0.0;0.0;0.0;0.0;0.0;0.0
1.0;1753877975.55155;18.289258;1.2;-1.7;0.19;-0.058545;0.982351;0.014085;0.0;0.0;0.0;0.0;0.0;0.0
1.0;1753877975.556148;18.26319;1.0;-1.75;0.13;-0.059968;0.981212;0.014957;0.0;0.0;0.0;0.0;0.0;0.0
1.0;1753877975.560746;18.28103;1.2;-1.75;0.14;-0.056786;0.980926;0.01523;0.0;0.0;0.0;0.0;0.0;0.0
1.0;1753877975.565344;18.273489;1.03;-1.65;0.19;-0.059218;0.981586;0.014298;0.0;0.0;0.0;0.0;0.0;0.0
1.0;1753877975.569941;18.282108;1.25;-1.77;0.19;-0.060208;0.982754;0.01735;0.0;0.0;0.0;0.0;0.0;0.0
1.0;1753877975.574539;18.310049;1.21;-1.64;0.13;-0.056363;0.981937;0.013781;0.0;0.0;0.0;0.0;0.0;0.0
1.0;1753877975.579137;18.304308;1.08;-1.76;0.12;-0.056402;0.981961;0.015968;0.0;0.0;0.0;0.0;0.0;0.0
1.0;1753877975.583735;18.268948;1.1;-1.72;0.25;-0.058878;0.982554;0.014521;0.0;0.0;0.0;0.0;0.0;0.0
1.0;1753877975.588333;18.265393;1.11;-1.71;0.17;-0.056038;0.982735;0.015497;0.0;0.0;0.0;0.0;0.0;0.0
1.0;1753877975.592931;18.249257;1.11;-1.69;0.13;-0.059484;0.980793;0.016001;0.0;0.0;0.0;0.0;0.0;0.0
1.0;1753877975.597529;18.273372;0.99;-1.54;0.07;-0.059073;0.981867;0.014133;0.0;0.0;0.0;0.0;0.0;0.0
1.0;1753877975.602126;18.256174;1.11;-1.6;0.11;-0.05965;0.981907;0.013485;0.0;0.0;0.0;0.0;0.0;0.0
1.0;1753877975.606724;18.287653;1.25;-1.72;0.14;-0.059038;0.982332;0.013905;0.0;0.0;0.0;0.0;0.0;0.0
1.0;1753877975.611322;18.270974;1.13;-1.83;0.17;-0.058975;0.981359;0.014146;0.0;0.0;0.0;0.0;0.0;0.0
1.0;1753877975.61592;18.282066;1.06;-1.78;0.16;-0.055328;0.981281;0.014509;0.0;0.0;0.0;0.0;0.0;0.0
1.0;1753877975.620518;18.305113;0.96;-1.69;0.08;-0.05771;0.981103;0.013858;0.0;0.0;0.0;0.0;0.0;0.0
1.0;1753877975.625116;18.279333;1.12;-1.71;0.04;-0.057325;0.981874;0.01423;0.0;0.0;0.0;0.0;0.0;0.0
1.0;1753877975.629714;18.288793;1.1;-1.71;0.16;-0.060673;0.982184;0.01312;0.0;0.0;0.0;0.0;0.0;0.0
1.0;1753877975.634312;18.259193;1.16;-1.74;0.14;-0.058506;0.980794;0.013522;0.0;0.0;0.0;0.0;0.0;0.0
1.0;1753877975.63891;18.275284;1.27;-1.69;0.08;-0.057096;0.982398;0.013138;0.0;0.0;0.0;0.0;0.0;0.0
1.0;1753877975.643508;18.280707;1.13;-1.75;0.11;-0.056403;0.981717;0.014271;0.0;0.0;0.0;0.0;0.0;0.0
1.0;1753877975.648106;18.269879;1.2;-1.67;0.16;-0.061252;0.981964;0.015319;0.0;0.0;0.0;0.0;0.0;0.0
1.0;1753877975.652704;18.263518;1.04;-1.61;0.24;-0.058771;0.981833;0.016812;0.0;0.0;0.0;0.0;0.0;0.0
1.0;1753877975.657302;18.264878;1.13;-1.73;0.07;-0.058218;0.982931;0.01386;0.0;0.0;0.0;0.0;0.0;0.0
1.0;1753877975.661899;18.296619;1.13;-1.67;0.15;-0.057425;0.980347;0.0156;0.0;0.0;0.0;0.0;0.0;0.0
1.0;1753877975.666497;18.265636;1.0;-1.74;0.18;-0.059756;0.981016;0.01506;0.0;0.0;0.0;0.0;0.0;0.0
1.0;1753877975.671095;18.295233;1.17;-1.67;0.15;-0.057217;0.981821;0.013627;0.0;0.0;0.0;0.0;0.0;0.0
1.0;1753877975.675693;18.283013;1.0;-1.69;0.16;-0.05844;0.980994;0.014905;0.0;0.0;0.0;0.0;0.0;0.0
1.0;1753877975.680291;18.259806;1.14;-1.83;0.13;-0.055907;0.982067;0.015868;0.0;0.0;0.0;0.0;0.0;0.0
1.0;1753877975.684889;18.29216;1.16;-1.75;0.19;-0.059558;0.98042;0.015486;0.0;0.0;0.0;0.0;0.0;0.0
1.0;1753877975.689487;18.255067;1.19;-1.7;0.1;-0.059822;0.982317;0.013714;0.0;0.0;0.0;0.0;0.0;0.0
1.0;1753877975.694085;18.250114;1.04;-1.76;0.17;-0.059901;0.981282;0.015261;0.0;0.0;0.0;0.0;0.0;0.0
1.0;1753877975.698682;18.286287;1.16;-1.59;0.17;-0.055947;0.981445;0.014663;0.0;0.0;0.0;0.0;0.0;0.0
1.0;1753877975.70328;18.287623;1.1;-1.67;0.08;-0.057793;0.981426;0.015076;0.0;0.0;0.0;0.0;0.0;0.0
1.0;1753877975.707878;18.273629;1.17;-1.65;0.15;-0.059651;0.980655;0.014797;0.0;0.0;0.0;0.0;0.0;0.0
1.0;1753877975.712476;18.276202;1.0;-1.71;0.17;-0.061155;0.980532;0.015769;0.0;0.0;0.0;0.0;0.0;0.0
1.0;1753877975.717074;18.272942;0.96;-1.73;0.16;-0.056449;0.982045;0.016557;0.0;0.0;0.0;0.0;0.0;0.0
1.0;1753877975.721672;18.282804;1.2;-1.7;0.07;-0.061009;0.982628;0.014266;0.0;0.0;0.0;0.0;0.0;0.0
1.0;1753877975.72627;18.267393;1.14;-1.68;0.07;-0.058927;0.981526;0.016932;0.0;0.0;0.0;0.0;0.0;0.0
1.0;1753877975.730868;18.269197;1.22;-1.66;0.13;-0.058217;0.981168;0.015303;0.0;0.0;0.0;0.0;0.0;0.0
1.0;1753877975.735466;18.286836;1.18;-1.56;0.12;-0.058734;0.981648;0.016995;0.0;0.0;0.0;0.0;0.0;0.0
1.0;1753877975.740064;18.287727;1.12;-1.56;0.26;-0.056012;0.982006;0.016326;0.0;0.0;0.0;0.0;0.0;0.0
1.0;1753877975.744662;18.258492;1.12;-1.65;0.17;-0.058253;0.981147;0.013575;0.0;0.0;0.0;0.0;0.0;0.0
1.0;1753877975.74926;18.27224;1.0;-1.54;0.12;-0.058155;0.981819;0.015506;0.0;0.0;0.0;0.0;0.0;0.0
1.0;1753877975.753857;18.273242;1.1;-1.72;0.09;-0.058184;0.979309;0.015481;0.0;0.0;0.0;0.0;0.0;0.0
1.0;1753877975.758455;18.277813;1.13;-1.68;0.1;-0.058246;0.980596;0.01527;0.0;0.0;0.0;0.0;0.0;0.0
1.0;1753877975.763053;18.269225;1.12;-1.77;0.18;-0.060301;0.981563;0.015372;0.0;0.0;0.0;0.0;0.0;0.0
1.0;1753877975.767651;18.293399;1.12;-1.67;0.07;-0.059126;0.980666;0.015614;0.0;0.0;0.0;0.0;0.0;0.0
1.0;1753877975.772249;18.298396;1.14;-1.65;0.17;-0.06102;0.981137;0.015337;0.0;0.0;0.0;0.0;0.0;0.0
1.0;1753877975.776847;18.281966;1.16;-1.69;0.18;-0.060728;0.98084;0.014224;0.0;0.0;0.0;0.0;0.0;0.0
1.0;1753877975.781445;18.251837;1.16;-1.67;0.18;-0.060259;0.980934;0.014822;0.0;0.0;0.0;0.0;0.0;0.0
1.0;1753877975.786043;18.273869;1.07;-1.7;0.15;-0.060582;0.981895;0.011886;0.0;0.0;0.0;0.0;0.0;0.0
1.0;1753877975.79064;18.304564;1.05;-1.65;0.13;-0.059918;0.979956;0.01477;0.0;0.0;0.0;0.0;0.0;0.0
1.0;1753877975.795238;18.284668;1.17;-1.65;0.07;-0.059146;0.98141;0.013817;0.0;0.0;0.0;0.0;0.0;0.0
1.0;1753877975.799836;18.270122;1.09;-1.73;0.15;-0.058939;0.981021;0.014455;0.0;0.0;0.0;0.0;0.0;0.0
1.0;1753877975.804434;18.289601;1.06;-1.75;0.17;-0.056827;0.979787;0.013588;0.0;0.0;0.0;0.0;0.0;0.0
1.0;1753877975.809032;18.281967;1.31;-1.77;0.14;-0.058712;0.980581;0.013494;0.0;0.0;0.0;0.0;0.0;0.0
1.0;1753877975.81363;18.277156;1.23;-1.61;0.07;-0.057154;0.979782;0.014204;0.0;0.0;0.0;0.0;0.0;0.0
1.0;1753877975.818228;18.275187;1.0;-1.7;0.14;-0.05757;0.97988;0.014543;0.0;0.0;0.0;0.0;0.0;0.0
1.0;1753877975.822826;18.290557;1.03;-1.69;0.13;-0.057344;0.981148;0.016023;0.0;0.0;0.0;0.0;0.0;0.0
1.0;1753877975.827424;18.293589;1.15;-1.71;0.09;-0.058204;0.983225;0.016053;0.0;0.0;0.0;0.0;0.0;0.0
1.0;1753877975.832022;18.282327;0.98;-1.7;0.1;-0.059244;0.980944;0.014561;0.0;0.0;0.0;0.0;0.0;0.0
1.0;1753877975.83662;18.267841;1.16;-1.66;0.12;-0.059833;0.980595;0.013964;0.0;0.0;0.0;0.0;0.0;0.0
1.0;1753877975.841218;18.285584;1.03;-1.56;0.2;-0.059875;0.981178;0.014905;0.0;0.0;0.0;0.0;0.0;0.0
1.0;1753877975.845816;18.271839;1.05;-1.73;0.16;-0.059917;0.981191;0.014729;0.0;0.0;0.0;0.0;0.0;0.0
1.0;1753877975.850413;18.25858;1.08;-1.7;0.14;-0.056809;0.981573;0.015681;0.0;0.0;0.0;0.0;0.0;0.0
1.0;1753877975.855011;18.275664;1.03;-1.59;0.1;-0.057655;0.980777;0.013167;0.0;0.0;0.0;0.0;0.0;0.0
1.0;1753877975.859609;18.243146;1.19;-1.64;0.16;-0.056521;0.981421;0.01472;0.0;0.0;0.0;0.0;0.0;0.0
1.0;1753877975.864207;18.267341;0.98;-1.66;0.18;-0.060002;0.980991;0.014754;0.0;0.0;0.0;0.0;0.0;0.0
1.0;1753877975.868805;18.268024;1.19;-1.62;0.12;-0.060374;0.980696;0.016156;0.0;0.0;0.0;0.0;0.0;0.0
1.0;1753877975.873403;18.279908;1.21;-1.74;0.15;-0.06099;0.98063;0.014937;0.0;0.0;0.0;0.0;0.0;0.0
1.0;1753877975.878001;18.254292;1.02;-1.71;0.2;-0.058756;0.979887;0.015668;0.0;0.0;0.0;0.0;0.0;0.0
1.0;1753877975.882599;18.287425;1.06;-1.56;0.2;-0.058018;0.980749;0.013234;0.0;0.0;0.0;0.0;0.0;0.0
1.0;1753877975.887196;18.267133;1.06;-1.61;0.11;-0.058863;0.980605;0.015673;0.0;0.0;0.0;0.0;0.0;0.0
1.0;1753877975.891794;18.29019;1.04;-1.74;0.1;-0.059565;0.98018;0.013549;0.0;0.0;0.0;0.0;0.0;0.0
1.0;1753877975.896392;18.281819;1.05;-1.69;0.15;-0.057555;0.979344;0.013859;0.0;0.0;0.0;0.0;0.0;0.0
1.0;1753877975.90099;18.271838;1.08;-1.74;0.11;-0.062595;0.979377;0.014031;0.0;0.0;0.0;0.0;0.0;0.0
1.0;1753877975.905588;18.276922;0.95;-1.75;0.2;-0.060632;0.981132;0.016;0.0;0.0;0.0;0.0;0.0;0.0
1.0;1753877975.910186;18.274179;1.2;-1.71;0.18;-0.060093;0.980137;0.016384;0.0;0.0;0.0;0.0;0.0;0.0
1.0;1753877975.914784;18.25146;1.09;-1.69;0.11;-0.05995;0.980155;0.015123;0.0;0.0;0.0;0.0;0.0;0.0
1.0;1753877975.919382;18.31195;1.03;-1.77;0.15;-0.058477;0.980439;0.015224;0.0;0.0;0.0;0.0;0.0;0.0
1.0;1753877975.92398;18.291528;1.1;-1.66;0.09;-0.058583;0.980971;0.013193;0.0;0.0;0.0;0.0;0.0;0.0
1.0;1753877975.928578;18.280543;1.2;-1.76;0.18;-0.060013;0.980936;0.016187;0.0;0.0;0.0;0.0;0.0;0.0
1.0;1753877975.933176;18.292571;1.02;-1.68;0.16;-0.058317;0.9806;0.013841;0.0;0.0;0.0;0.0;0.0;0.0
1.0;1753877975.937774;18.265381;1.17;-1.71;0.16;-0.059607;0.980083;0.014025;0.0;0.0;0.0;0.0;0.0;0.0
1.0;1753877975.942371;18.286676;1.18;-1.7;0.17;-0.055718;0.980418;0.015617;0.0;0.0;0.0;0.0;0.0;0.0
1.0;1753877975.946969;18.293929;1.05;-1.7;0.12;-0.058986;0.98104;0.015697;0.0;0.0;0.0;0.0;0.0;0.0
1.0;1753877975.951567;18.279666;0.97;-1.68;0.16;-0.059494;0.980281;0.015358;0.0;0.0;0.0;0.0;0.0;0.0
1.0;1753877975.956165;18.277232;1.11;-1.67;0.13;-0.056237;0.980223;0.015925;0.0;0.0;0.0;0.0;0.0;0.0
1.0;1753877975.960763;18.291408;0.99;-1.57;0.2;-0.057057;0.980908;0.015728;0.0;0.0;0.0;0.0;0.0;0.0
1.0;1753877975.965361;18.263006;1.19;-1.76;0.14;-0.057734;0.980868;0.015796;0.0;0.0;0.0;0.0;0.0;0.0
1.0;1753877975.969959;18.280448;1.18;-1.55;0.09;-0.059054;0.97875;0.015084;0.0;0.0;0.0;0.0;0.0;0.0
1.0;1753877975.974557;18.285667;1.01;-1.68;0.13;-0.056844;0.979489;0.014449;0.0;0.0;0.0;0.0;0.0;0.0
1.0;1753877975.979154;18.274964;1.17;-1.71;0.19;-0.058332;0.980436;0.014848;0.0;0.0;0.0;0.0;0.0;0.0
1.0;1753877975.9858;18.277344;1.12;-1.68;0.14;-0.059048;0.980026;0.014884;0.0;0.0;0.0;0.0;0.0;0.0
1.0;1753877975.987592;18.308594;-4.83;-16.31;478.17;-0.55144;-0.560712;0.043798;0.0;0.0;0.0;0.0;0.0;0.0
1.0;1753877975.99564;18.308594;-5.39;-8.33;466.13;-0.158234;-0.464332;-0.089548;0.0;0.0;0.0;0.0;0.0;0.0
1.0;1753877976.000238;18.329624;-1.33;-8.35;455.52;0.335675;-0.737823;-0.034572;0.0;0.0;0.0;0.0;0.0;0.0
1.0;1753877976.004836;18.317312;-2.72;-7.57;440.83;-0.158939;-0.499025;-0.250853;0.0;0.0;0.0;0.0;0.0;0.0
1.0;1753877976.009434;18.32263;-8.15;-7.1;466.05;-0.539357;-0.555044;-0.029441;0.0;0.0;0.0;0.0;0.0;0.0
1.0;1753877976.014032;18.331676;-7.54;-8.03;478.92;-0.327918;-0.39612;-0.009163;0.0;0.0;0.0;0.0;0.0;0.0
1.0;1753877976.01863;18.313271;-8.54;-11.05;511.29;-0.933933;-0.259336;-0.21134;0.0;0.0;0.0;0.0;0.0;0.0
1.0;1753877976.023228;18.31735;-3.89;-9.78;484.47;-0.829405;-0.853917;0.023831;0.0;0.0;0.0;0.0;0.0;0.0
1.0;1753877976.027825;18.306409;-9.55;-9.47;484.02;-0.624452;-0.411308;-0.193685;0.0;0.0;0.0;0.0;0.0;0.0
1.0;1753877976.032423;18.315802;-8.76;-10.52;473.7;0.677828;-0.30443;-0.156543;0.0;0.0;0.0;0.0;0.0;0.0
1.0;1753877976.037021;18.30008;-6.45;-10.21;464.68;-1.161017;-0.538603;0.037674;0.0;0.0;0.0;0.0;0.0;0.0
1.0;1753877976.041619;18.307848;-18.35;-1.38;496.03;-0.532409;-0.595383;0.06359;0.0;0.0;0.0;0.0;0.0;0.0
1.0;1753877976.046217;18.281429;-10.66;-6.67;446.19;-0.29739;-1.133465;0.049757;0.0;0.0;0.0;0.0;0.0;0.0
1.0;1753877976.050815;18.28953;-13.6;-8.21;459.11;-0.244553;-0.742378;0.03099;0.0;0.0;0.0;0.0;0.0;0.0
1.0;1753877976.055413;18.32074;-8.83;-8.05;450.25;-0.183145;-0.728391;0.204044;0.0;0.0;0.0;0.0;0.0;0.0
1.0;1753877976.060011;18.330149;-9.4;-4.85;493.94;-0.693033;-0.210245;0.090752;0.0;0.0;0.0;0.0;0.0;0.0
1.0;1753877976.064608;18.323081;-15.58;-15.05;474.31;-0.153778;-0.793963;0.078929;0.0;0.0;0.0;0.0;0.0;0.0
1.0;1753877976.069206;18.31497;-11.63;-12.12;478.32;-0.342747;-1.168296;-0.092591;0.0;0.0;0.0;0.0;0.0;0.0
1.0;1753877976.073804;18.30665;-3.49;-10.15;478.44;-0.551862;-0.542536;0.270534;0.0;0.0;0.0;0.0;0.0;0.0
1.0;1753877976.078402;18.291912;-9.4;-16.16;464.27;-1.203518;-0.136319;0.035665;0.0;0.0;0.0;0.0;0.0;0.0
1.0;1753877976.083;18.316425;-13.71;-14.45;449.77;-0.083653;-0.826399;0.058407;0.0;0.0;0.0;0.0;0.0;0.0
1.0;1753877976.087598;18.286828;-10.19;-14.27;440.21;-0.193688;-1.1312;-0.033736;0.0;0.0;0.0;0.0;0.0;0.0
1.0;1753877976.092196;18.314025;-16.42;-16.11;460.93;-0.446601;-0.050785;0.059312;0.0;0.0;0.0;0.0;0.0;0.0
1.0;1753877976.096794;18.281005;-8.43;-7.75;482.69;-0.570711;-0.384345;0.267827;0.0;0.0;0.0;0.0;0.0;0.0
1.0;1753877976.101392;18.323022;-7.4;-7.59;441.23;-0.566816;-0.671955;0.060587;0.0;0.0;0.0;0.0;0.0;0.0
1.0;1753877976.10599;18.297983;-3.21;-6.26;460.03;-1.200244;-1.169561;0.129394;0.0;0.0;0.0;0.0;0.0;0.0
1.0;1753877976.110588;18.299551;-1.52;-13.81;477.07;-0.940671;-0.451989;0.298179;0.0;0.0;0.0;0.0;0.0;0.0
1.0;1753877976.115186;18.289491;-0.69;-10.67;453.93;-0.666727;-1.689233;0.008256;0.0;0.0;0.0;0.0;0.0;0.0
1.0;1753877976.119784;18.305221;-5.82;-11.85;482.41;-1.306121;-1.106813;0.092698;0.0;0.0;0.0;0.0;0.0;0.0
1.0;1753877976.124381;18.298461;-8.58;-9.58;475.95;-0.014341;-0.606342;-0.150457;0.0;0.0;0.0;0.0;0.0;0.0
1.0;1753877976.128979;18.279986;-10.9;-17.19;476.99;-0.927422;-1.023704;0.076362;0.0;0.0;0.0;0.0;0.0;0.0
1.0;1753877976.133577;18.315144;-10.09;-7.56;476.37;-1.234719;-1.979158;-0.229309;0.0;0.0;0.0;0.0;0.0;0.0
1.0;1753877976.138175;18.310901;-5.28;-16.21;466.64;-0.899923;-0.688162;-0.004774;0.0;0.0;0.0;0.0;0.0;0.0
1.0;1753877976.142773;18.305703;-13.83;-9.88;474.91;-0.718316;-1.265638;0.20373;0.0;0.0;0.0;0.0;0.0;0.0
1.0;1753877976.1495;18.296875;-10.57;-10.92;477.68;-0.823378;-1.47071;0.130906;0.0;0.0;0.0;0.0;0.0;0.0
1.0;1753877976.154098;18.308109;-9.49;-8.73;487.87;-0.809592;-1.568044;-0.043991;0.0;0.0;0.0;0.0;0.0;0.0
1.0;1753877976.158696;18.29622;-7.57;-5.15;477.13;-1.925278;-1.873382;0.01262;0.0;0.0;0.0;0.0;0.0;0.0
1.0;1753877976.163294;18.306512;-6.7;-14.91;481.79;0.147344;-1.085383;0.239498;0.0;0.0;0.0;0.0;0.0;0.0
1.0;1753877976.167892;18.297949;-7.66;-10.95;473.81;-0.669552;-1.20415;0.001412;0.0;0.0;0.0;0.0;0.0;0.0
1.0;1753877976.17249;18.286403;-9.3;-13.05;476.98;-0.363429;-1.80102;-0.040219;0.0;0.0;0.0;0.0;0.0;0.0
1.0;1753877976.177087;18.287569;-3.14;-9.89;485.27;-2.045177;-1.674605;0.236567;0.0;0.0;0.0;0.0;0.0;0.0
1.0;1753877976.181685;18.287737;-15.65;-9.75;463.7;-1.202352;-1.527218;0.000204;0.0;0.0;0.0;0.0;0.0;0.0
1.0;1753877976.186283;18.293266;-5.38;-8.43;464.84;-0.762138;-0.876291;0.297023;0.0;0.0;0.0;0.0;0.0;0.0
1.0;1753877976.190881;18.299922;-14.61;-13.97;503.45;-0.107076;-1.408465;0.139508;0.0;0.0;0.0;0.0;0.0;0.0
1.0;1753877976.195479;18.296867;-11.52;-14.05;461.91;-0.910751;-1.505645;0.194583;0.0;0.0;0.0;0.0;0.0;0.0
1.0;1753877976.200077;18.302235;-19.57;-10.86;474.37;-0.716908;-0.806076;0.269007;0.0;0.0;0.0;0.0;0.0;0.0
1.0;1753877976.204675;18.293364;-10.46;-9.68;465.15;-0.505286;-1.727407;0.180844;0.0;0.0;0.0;0.0;0.0;0.0
1.0;1753877976.209272;18.275274;-9.47;-7.91;469.04;0.323752;-1.455153;0.012884;0.0;0.0;0.0;0.0;0.0;0.0
1.0;1753877976.21387;18.288201;-8.94;-13.94;452.76;-0.254238;-1.150529;0.185054;0.0;0.0;0.0;0.0;0.0;0.0
1.0;1753877976.218468;18.286416;-10.42;-12.39;480.33;-1.733273;-1.28293;-0.041409;0.0;0.0;0.0;0.0;0.0;0.0
1.0;1753877976.223066;18.315058;-9.33;-9.24;483.55;-0.187311;-1.769594;0.254107;0.0;0.0;0.0;0.0;0.0;0.0
1.0;1753877976.227664;18.309472;-16.29;-12.01;449.42;-0.46066;-1.65617;0.088569;0.0;0.0;0.0;0.0;0.0;0.0
1.0;1753877976.232262;18.317465;-19.65;-1.05;470.56;-0.729431;-1.520087;0.081006;0.0;0.0;0.0;0.0;0.0;0.0
1.0;1753877976.23686;18.289554;-3.54;-7.24;463.67;-0.661173;-1.814947;0.083604;0.0;0.0;0.0;0.0;0.0;0.0
1.0;1753877976.241458;18.300038;-16.07;-14.96;468.38;-0.365417;-1.122561;0.171797;0.0;0.0;0.0;0.0;0.0;0.0
1.0;1753877976.246056;18.313389;-2.14;-13.48;478.98;-0.793679;-1.313462;-0.134424;0.0;0.0;0.0;0.0;0.0;0.0
1.0;1753877976.250654;18.313522;-13.25;-8.54;466.1;-0.254898;-1.83072;-0.080233;0.0;0.0;0.0;0.0;0.0;0.0
1.0;1753877976.255252;18.303789;-11.64;-4.7;470.16;-1.43224;-1.351084;-0.027926;0.0;0.0;0.0;0.0;0.0;0.0
1.0;1753877976.25985;18.309317;-8.47;-7.86;464.67;-0.767543;-0.399649;0.292308;0.0;0.0;0.0;0.0;0.0;0.0
1.0;1753877976.264448;18.27294;-10.56;-8.19;464.64;-1.671367;-1.510133;-0.137079;0.0;0.0;0.0;0.0;0.0;0.0
1.0;1753877976.269045;18.29472;-16.08;-9.68;456.82;-1.014128;-1.642487;-0.169767;0.0;0.0;0.0;0.0;0.0;0.0
1.0;1753877976.273643;18.29117;-14.2;-17.39;501.86;0.320416;-1.297328;-0.272257;0.0;0.0;0.0;0.0;0.0;0.0
1.0;1753877976.278241;18.278985;-16.41;-12.83;491.03;-1.403549;-1.059304;0.186163;0.0;0.0;0.0;0.0;0.0;0.0
1.0;1753877976.282839;18.292582;-2.46;-7.18;483.46;-1.614097;-1.416836;0.220502;0.0;0.0;0.0;0.0;0.0;0.0
1.0;1753877976.287437;18.29644;-2.81;-3.45;489.32;-0.628004;-1.12256;0.120757;0.0;0.0;0.0;0.0;0.0;0.0
1.0;1753877976.292035;18.316628;-7.82;-9.55;494.92;-1.242237;-1.392697;-0.164647;0.0;0.0;0.0;0.0;0.0;0.0
1.0;1753877976.296633;18.292939;-3.27;-9.49;484.19;-0.566828;-2.544372;-0.118149;0.0;0.0;0.0;0.0;0.0;0.0
1.0;1753877976.301231;18.289593;-18.7;-4.8;452.45;-1.384159;-1.924527;0.127513;0.0;0.0;0.0;0.0;0.0;0.0
1.0;1753877976.305828;18.275295;-9.57;-9.29;483.01;-1.241552;-1.17338;-0.32938;0.0;0.0;0.0;0.0;0.0;0.0
1.0;1753877976.310426;18.287785;-6.23;-5.74;473.2;0.379524;-1.501254;0.114218;0.0;0.0;0.0;0.0;0.0;0.0
1.0;1753877976.315024;18.310061;-15.13;-4.23;464.49;-0.865148;-1.811069;-0.028876;0.0;0.0;0.0;0.0;0.0;0.0
1.0;1753877976.319622;18.314037;-16.32;-8.33;464.87;-1.098657;-1.249146;-0.073364;0.0;0.0;0.0;0.0;0.0;0.0
1.0;1753877976.32422;18.310566;-8.5;-15.66;484.74;0.401692;-1.729065;0.0123;0.0;0.0;0.0;0.0;0.0;0.0
1.0;1753877976.328818;18.295948;-10.78;-5.9;498.8;-0.2877;-1.317968;-0.137079;0.0;0.0;0.0;0.0;0.0;0.0
1.0;1753877976.333416;18.302835;-15.69;-3.04;477.81;-0.217066;-1.905437;0.081585;0.0;0.0;0.0;0.0;0.0;0.0
1.0;1753877976.338014;18.30554;-4.2;-5.58;484.17;-1.39513;-1.092344;-0.054741;0.0;0.0;0.0;0.0;0.0;0.0
1.0;1753877976.342612;18.304894;-10.53;-6.04;471.99;-0.646945;-1.619593;-0.301759;0.0;0.0;0.0;0.0;0.0;0.0
1.0;1753877976.34721;18.313956;-14.8;-5.38;486.35;-0.918777;-1.682168;-0.075655;0.0;0.0;0.0;0.0;0.0;0.0
1.0;1753877976.351808;18.314087;-9.18;-14.77;468.4;-0.765758;-1.532217;0.054183;0.0;0.0;0.0;0.0;0.0;0.0
1.0;1753877976.356406;18.276376;-10.35;-9.38;433.93;-1.103606;-0.995729;0.081171;0.0;0.0;0.0;0.0;0.0;0.0
1.0;1753877976.361004;18.304912;-12.75;-9.06;499.36;0.001217;-1.639995;-0.058643;0.0;0.0;0.0;0.0;0.0;0.0
1.0;1753877976.365601;18.303092;-13.58;-5.89;448.53;-0.509335;-1.123591;-0.037637;0.0;0.0;0.0;0.0;0.0;0.0
1.0;1753877976.370199;18.298991;-7.73;-6.62;479.44;-0.115359;-0.879298;-0.200735;0.0;0.0;0.0;0.0;0.0;0.0
1.0;1753877976.374797;18.304178;-11.25;-4.34;446.73;-0.147927;-1.235983;0.224134;0.0;0.0;0.0;0.0;0.0;0.0
1.0;1753877976.379395;18.287175;-8.66;-5.77;446.77;-1.692615;-1.890612;-0.238721;0.0;0.0;0.0;0.0;0.0;0.0
1.0;1753877976.383993;18.297637;-9.04;-4.44;504.57;-0.620613;-1.708998;-0.12208;0.0;0.0;0.0;0.0;0.0;0.0
1.0;1753877976.388591;18.31369;-10.96;-7.74;483.9;-0.5554;-1.074739;-0.268571;0.0;0.0;0.0;0.0;0.0;0.0
1.0;1753877976.393189;18.301828;-8.96;-9.39;479.65;-0.341064;-1.606301;-0.244381;0.0;0.0;0.0;0.0;0.0;0.0
1.0;1753877976.397786;18.332061;-15.94;-11.37;485.17;-2.00534;-1.211856;-0.133464;0.0;0.0;0.0;0.0;0.0;0.0
1.0;1753877976.402384;18.299798;-11.08;-7.81;447.25;-1.551785;-1.232684;-0.304439;0.0;0.0;0.0;0.0;0.0;0.0
1.0;1753877976.406982;18.289571;-14.76;-6.0;456.64;-0.72822;-1.537856;-0.140244;0.0;0.0;0.0;0.0;0.0;0.0
1.0;1753877976.41158;18.275884;-16.6;-7.31;473.32;-1.80581;-2.061741;0.065754;0.0;0.0;0.0;0.0;0.0;0.0
1.0;1753877976.416178;18.283643;-7.94;-8.23;436.49;-1.335681;-1.445256;0.153664;0.0;0.0;0.0;0.0;0.0;0.0
1.0;1753877976.420776;18.266491;-16.55;-9.82;472.08;-1.196931;-1.559409;0.183876;0.0;0.0;0.0;0.0;0.0;0.0
1.0;1753877976.425374;18.305568;-16.7;-4.24;450.23;-0.74971;-0.854604;0.073532;0.0;0.0;0.0;0.0;0.0;0.0
1.0;1753877976.429972;18.299566;-9.86;-6.27;461.83;-0.277183;-1.338866;-0.209466;0.0;0.0;0.0;0.0;0.0;0.0
1.0;1753877976.43457;18.282551;-2.82;-12.47;484.73;-0.832084;-1.194863;-0.141921;0.0;0.0;0.0;0.0;0.0;0.0
1.0;1753877976.439168;18.288022;-4.14;-12.32;478.16;-0.834541;-1.800585;0.037425;0.0;0.0;0.0;0.0;0.0;0.0
1.0;1753877976.443766;18.309288;-17.11;-15.45;476.86;-0.093485;-2.065727;-0.074385;0.0;0.0;0.0;0.0;0.0;0.0
1.0;1753877976.448364;18.280624;-8.07;-4.04;445.87;-0.891935;-1.765184;-0.185285;0.0;0.0;0.0;0.0;0.0;0.0
1.0;1753877976.452962;18.290857;-20.61;-6.43;469.73;0.089715;-1.838136;-0.15101;0.0;0.0;0.0;0.0;0.0;0.0
1.0;1753877976.457559;18.295014;-8.12;-7.02;471.48;-1.307096;-0.98577;0.001983;0.0;0.0;0.0;0.0;0.0;0.0
1.0;1753877976.462157;18.297715;-13.37;-8.56;468.31;-0.693348;-1.838808;-0.178715;0.0;0.0;0.0;0.0;0.0;0.0
1.0;1753877976.466755;18.288459;-10.71;-15.08;463.44;-1.044827;-0.737544;-0.133435;0.0;0.0;0.0;0.0;0.0;0.0
1.0;1753877976.471353;18.302034;-13.31;-12.26;463.06;-0.759114;-1.652264;-0.172618;0.0;0.0;0.0;0.0;0.0;0.0
1.0;1753877976.475951;18.290658;-7.77;-3.48;472.55;0.214254;-1.562777;-0.073332;0.0;0.0;0.0;0.0;0.0;0.0
1.0;1753877976.480549;18.316048;-17.28;-4.19;445.25;-0.198212;-1.725643;-0.271332;0.0;0.0;0.0;0.0;0.0;0.0
1.0;1753877976.485147;18.303815;-9.99;-3.04;472.25;-0.313203;-1.475874;-0.299404;0.0;0.0;0.0;0.0;0.0;0.0
1.0;1753877976.489745;18.29404;-11.79;-4.07;444.66;-0.220976;-1.402151;-0.028701;0.0;0.0;0.0;0.0;0.0;0.0
1.0;1753877976.494342;18.300057;-12.75;-1.71;473.16;-1.282533;-0.843588;-0.455335;0.0;0.0;0.0;0.0;0.0;0.0
1.0;1753877976.49894;18.271654;-6.0;-10.04;501.41;-0.030867;-0.983428;-0.039629;0.0;0.0;0.0;0.0;0.0;0.0
1.0;1753877976.503538;18.302931;-13.78;-6.43;435.85;0.054175;-1.910166;-0.261521;0.0;0.0;0.0;0.0;0.0;0.0
1.0;1753877976.508136;18.293305;-8.23;-11.5;439.23;-1.313092;-1.684513;-0.237127;0.0;0.0;0.0;0.0;0.0;0.0
1.0;1753877976.512734;18.324991;-3.31;-1.89;477.89;-0.803489;-1.396909;-0.293416;0.0;0.0;0.0;0.0;0.0;0.0
1.0;1753877976.517332;18.283082;-9.9;-6.03;475.68;-0.268038;-1.579672;-0.415648;0.0;0.0;0.0;0.0;0.0;0.0
1.0;1753877976.52193;18.297121;-13.79;-5.38;457.97;-0.284879;-1.702116;-0.018542;0.0;0.0;0.0;0.0;0.0;0.0
1.0;1753877976.526528;18.27936;-7.04;-7.34;463.02;-0.335843;-1.050722;-0.165516;0.0;0.0;0.0;0.0;0.0;0.0
1.0;1753877976.531126;18.295773;-11.81;-5.53;435.57;-0.90281;-1.838087;-0.063546;0.0;0.0;0.0;0.0;0.0;0.0
1.0;1753877976.535724;18.295586;-9.31;-9.6;443.43;-1.388319;-2.01455;-0.033416;0.0;0.0;0.0;0.0;0.0;0.0
1.0;1753877976.540322;18.29904;-11.87;-3.68;463.26;0.121132;-1.796087;0.215962;0.0;0.0;0.0;0.0;0.0;0.0
1.0;1753877976.54492;18.288919;-14.86;-10.63;480.42;-1.035142;-1.492012;-0.17385;0.0;0.0;0.0;0.0;0.0;0.0
1.0;1753877976.549518;18.296979;-11.34;-4.59;463.25;0.001451;-1.235007;-0.09569;0.0;0.0;0.0;0.0;0.0;0.0
1.0;1753877976.554115;18.315482;-16.42;-8.81;464.16;-1.483637;-1.06895;-0.172133;0.0;0.0;0.0;0.0;0.0;0.0
1.0;1753877976.558713;18.312571;-13.77;-3.85;440.5;-1.034357;-1.307197;-0.200632;0.0;0.0;0.0;0.0;0.0;0.0
1.0;1753877976.563311;18.289618;-1.74;-1.81;463.25;-0.198706;-1.523253;-0.203231;0.0;0.0;0.0;0.0;0.0;0.0
1.0;1753877976.567909;18.293329;-12.99;-14.08;438.84;-0.227809;-1.057178;-0.152873;0.0;0.0;0.0;0.0;0.0;0.0
1.0;1753877976.572507;18.305006;-9.92;-9.6;460.61;-0.242423;-1.483391;-0.008602;0.0;0.0;0.0;0.0;0.0;0.0
1.0;1753877976.577105;18.289034;-12.72;2.47;469.67;-0.649693;-1.36965;-0.270932;0.0;0.0;0.0;0.0;0.0;0.0
1.0;1753877976.5839;18.296875;-12.11;-4.69;463.33;-0.441152;-1.486082;-0.177266;0.0;0.0;0.0;0.0;0.0;0.0
1.0;1753877976.588498;18.288395;-10.0;-18.09;498.0;-0.376121;-1.553965;0.07133;0.0;0.0;0.0;0.0;0.0;0.0
1.0;1753877976.593096;18.298354;-10.09;-14.53;429.6;-0.416597;-0.912493;-0.087532;0.0;0.0;0.0;0.0;0.0;0.0
1.0;1753877976.597694;18.285499;-6.96;12.28;449.27;-0.956775;-0.949535;-0.011131;0.0;0.0;0.0;0.0;0.0;0.0
1.0;1753877976.602292;18.272688;-2.75;0.81;448.2;-0.836997;-1.287843;-0.253619;0.0;0.0;0.0;0.0;0.0;0.0
1.0;1753877976.60739;18.277344;-7.56;-0.28;450.87;-0.848754;-0.925004;-0.037576;0.0;0.0;0.0;0.0;0.0;0.0
1.0;1753877976.611988;18.295742;-1.78;-6.81;459.69;-0.615636;-0.879773;-0.205469;0.0;0.0;0.0;0.0;0.0;0.0
1.0;1753877976.616586;18.231434;-5.36;-8.28;429.09;-0.387079;-0.334902;-0.096754;0.0;0.0;0.0;0.0;0.0;0.0
1.0;1753877976.621184;18.293202;-4.36;-11.89;449.88;-0.693458;-1.305714;-0.00719;0.0;0.0;0.0;0.0;0.0;0.0
1.0;1753877976.625782;18.253073;-8.64;-8.85;491.94;-0.854864;-0.819545;-0.055099;0.0;0.0;0.0;0.0;0.0;0.0
1.0;1753877976.63038;18.259542;-8.04;-9.19;438.84;-0.241628;-0.728221;-0.188805;0.0;0.0;0.0;0.0;0.0;0.0
1.0;1753877976.634977;18.299426;-2.61;-5.25;446.21;-1.071755;-0.97774;-0.24733;0.0;0.0;0.0;0.0;0.0;0.0
1.0;1753877976.639575;18.265318;-8.56;-4.8;447.87;-0.336831;-0.831112;0.02227;0.0;0.0;0.0;0.0;0.0;0.0
1.0;1753877976.644173;18.248348;-13.65;-3.3;480.06;-0.928425;-0.326529;-0.273888;0.0;0.0;0.0;0.0;0.0;0.0
1.0;1753877976.648771;18.291587;-2.72;0.6;453.76;-0.173678;-0.7757;-0.034655;0.0;0.0;0.0;0.0;0.0;0.0
1.0;1753877976.65332;18.277344;-6.65;-2.45;465.22;-0.48129;-0.836798;-0.168848;0.0;0.0;0.0;0.0;0.0;0.0
1.0;1753877976.657918;18.269221;-8.0;-2.56;422.21;-0.433739;-0.847395;-0.225213;0.0;0.0;0.0;0.0;0.0;0.0
1.0;1753877976.662516;18.265079;-3.66;-10.5;458.82;-0.17574;-1.215582;-0.334241;0.0;0.0;0.0;0.0;0.0;0.0
1.0;1753877976.667114;18.250831;-2.68;-5.24;488.1;-0.937323;-0.240833;-0.003409;0.0;0.0;0.0;0.0;0.0;0.0
1.0;1753877976.671712;18.267194;-11.77;4.25;490.87;-0.451596;-1.265623;-0.151163;0.0;0.0;0.0;0.0;0.0;0.0
1.0;1753877976.67631;18.294384;-4.09;-10.65;477.06;-0.716826;-0.774607;-0.182601;0.0;0.0;0.0;0.0;0.0;0.0
1.0;1753877976.680908;18.301737;-6.37;-8.17;495.19;-1.350218;-1.01074;-0.091828;0.0;0.0;0.0;0.0;0.0;0.0
1.0;1753877976.685506;18.245241;-9.67;-9.4;474.05;-0.512254;-1.467037;-0.025321;0.0;0.0;0.0;0.0;0.0;0.0
1.0;1753877976.690103;18.28072;-10.67;-11.3;504.07;-1.52695;-0.467944;0.146314;0.0;0.0;0.0;0.0;0.0;0.0
1.0;1753877976.694701;18.278623;2.79;-1.87;482.52;-1.27247;-0.960664;0.361997;0.0;0.0;0.0;0.0;0.0;0.0
1.0;1753877976.69898;18.277344;-10.5;-11.69;475.44;-0.998204;-1.022116;0.158112;0.0;0.0;0.0;0.0;0.0;0.0
1.0;1753877976.703578;18.262593;-9.17;-17.57;482.28;-1.003009;-0.947869;0.117053;0.0;0.0;0.0;0.0;0.0;0.0
1.0;1753877976.708176;18.27223;-8.38;-22.31;484.42;-1.049166;-1.058324;0.078961;0.0;0.0;0.0;0.0;0.0;0.0
1.0;1753877976.712774;18.29559;-16.71;-17.71;485.0;-1.158237;-0.816712;0.091812;0.0;0.0;0.0;0.0;0.0;0.0
1.0;1753877976.717372;18.297588;-12.04;-5.89;453.12;-0.912633;-0.871824;0.163187;0.0;0.0;0.0;0.0;0.0;0.0
1.0;1753877976.72197;18.260162;-12.93;-13.3;445.19;-0.979273;-0.672698;-0.281272;0.0;0.0;0.0;0.0;0.0;0.0
1.0;1753877976.726568;18.255555;-11.03;-4.56;489.92;-1.693697;-0.389525;0.081007;0.0;0.0;0.0;0.0;0.0;0.0
1.0;1753877976.731166;18.305216;-6.4;-6.08;421.92;-1.288411;-1.185885;0.102541;0.0;0.0;0.0;0.0;0.0;0.0
1.0;1753877976.735763;18.256689;-4.55;3.09;443.43;-0.673147;-0.405963;-0.058258;0.0;0.0;0.0;0.0;0.0;0.0
1.0;1753877976.740361;18.324892;-9.9;-0.37;460.46;-1.194958;-0.700587;-0.475322;0.0;0.0;0.0;0.0;0.0;0.0
1.0;1753877976.74478;18.292969;-6.65;-5.95;441.84;-0.993812;-0.418948;-0.184708;0.0;0.0;0.0;0.0;0.0;0.0
1.0;1753877976.749378;18.300968;1.64;-16.37;451.24;-0.514724;-0.432745;-0.150769;0.0;0.0;0.0;0.0;0.0;0.0
1.0;1753877976.753976;18.250459;-7.54;0.35;437.49;-0.976789;-0.820538;-0.005918;0.0;0.0;0.0;0.0;0.0;0.0
1.0;1753877976.758574;18.277501;-1.94;-10.98;446.63;-0.837401;-0.396692;-0.065658;0.0;0.0;0.0;0.0;0.0;0.0
1.0;1753877976.763172;18.275621;-4.96;-6.34;443.09;-0.627121;-0.400257;-0.191837;0.0;0.0;0.0;0.0;0.0;0.0
1.0;1753877976.76777;18.258668;0.4;-12.84;439.39;-0.294778;-0.677532;-0.040998;0.0;0.0;0.0;0.0;0.0;0.0
1.0;1753877976.772368;18.290942;1.38;-13.11;429.28;-1.625094;0.072492;0.043309;0.0;0.0;0.0;0.0;0.0;0.0
1.0;1753877976.776966;18.293864;-0.72;-7.16;470.67;-0.771601;-0.291262;0.099361;0.0;0.0;0.0;0.0;0.0;0.0
1.0;1753877976.781563;18.26723;-3.9;-13.14;445.39;-0.779512;-0.861403;0.186151;0.0;0.0;0.0;0.0;0.0;0.0
1.0;1753877976.79013;18.292969;-4.76;-9.8;434.77;-0.478484;-0.878278;0.08113;0.0;0.0;0.0;0.0;0.0;0.0
1.0;1753877976.794728;18.292051;0.66;-7.55;430.0;-0.216791;-0.772283;0.175798;0.0;0.0;0.0;0.0;0.0;0.0
1.0;1753877976.799326;18.300687;-12.92;-19.53;424.51;-0.740022;-0.168788;-0.209399;0.0;0.0;0.0;0.0;0.0;0.0
1.0;1753877976.803924;18.297279;-4.71;-13.59;421.97;-0.466473;-0.654042;0.013033;0.0;0.0;0.0;0.0;0.0;0.0
1.0;1753877976.808522;18.281337;-0.01;-6.8;452.4;-0.222146;-1.161069;-0.204375;0.0;0.0;0.0;0.0;0.0;0.0
1.0;1753877976.81312;18.250045;-9.71;-6.83;424.98;-0.602335;-0.249875;0.015399;0.0;0.0;0.0;0.0;0.0;0.0
1.0;1753877976.817717;18.262013;-7.17;-6.97;467.65;-0.547152;-0.926866;-0.046313;0.0;0.0;0.0;0.0;0.0;0.0
1.0;1753877976.822315;18.322173;-4.45;-10.77;453.12;-0.531822;-0.856027;-0.204505;0.0;0.0;0.0;0.0;0.0;0.0
1.0;1753877976.826913;18.289998;-7.63;-10.09;422.7;-0.84118;-0.575379;-0.399671;0.0;0.0;0.0;0.0;0.0;0.0
1.0;1753877976.831511;18.262209;-4.12;-13.97;472.01;-0.528822;-0.935504;0.132123;0.0;0.0;0.0;0.0;0.0;0.0
1.0;1753877976.836109;18.292988;-1.01;-2.85;451.51;-0.391308;-0.798713;-0.198055;0.0;0.0;0.0;0.0;0.0;0.0
1.0;1753877976.840707;18.312794;-3.15;-12.08;441.37;-0.860038;-1.254021;-0.243143;0.0;0.0;0.0;0.0;0.0;0.0
1.0;1753877976.845305;18.307909;-12.17;-25.92;440.06;-1.568108;-1.076699;-0.16626;0.0;0.0;0.0;0.0;0.0;0.0
1.0;1753877976.85284;18.292969;-7.21;-12.39;451.08;-0.98637;-0.204716;-0.255834;0.0;0.0;0.0;0.0;0.0;0.0
1.0;1753877976.857438;18.296657;-8.0;-12.88;440.68;-1.179934;-0.37035;-0.411819;0.0;0.0;0.0;0.0;0.0;0.0
1.0;1753877976.862036;18.277725;-10.66;-24.75;460.73;-0.505029;-0.108771;-0.080218;0.0;0.0;0.0;0.0;0.0;0.0
1.0;1753877976.866634;18.298677;-8.89;-11.66;448.83;-0.344542;0.539173;-0.065087;0.0;0.0;0.0;0.0;0.0;0.0
1.0;1753877976.871232;18.322293;-8.88;-21.62;452.83;-0.88709;-0.349465;-0.235285;0.0;0.0;0.0;0.0;0.0;0.0
1.0;1753877976.87583;18.279329;-5.33;-20.26;464.19;-1.289781;-0.215334;-0.054968;0.0;0.0;0.0;0.0;0.0;0.0
1.0;1753877976.880427;18.291908;-0.74;-2.27;436.38;-0.595439;-0.04747;0.066636;0.0;0.0;0.0;0.0;0.0;0.0
1.0;1753877976.885025;18.294253;-4.85;-13.78;439.88;-0.979524;-0.87011;-0.129105;0.0;0.0;0.0;0.0;0.0;0.0
1.0;1753877976.889623;18.285822;-3.9;-4.05;437.21;-0.909347;0.058832;-0.198313;0.0;0.0;0.0;0.0;0.0;0.0
1.0;1753877976.894221;18.319962;-2.72;-0.57;447.78;-0.872297;-0.305369;-0.129157;0.0;0.0;0.0;0.0;0.0;0.0
1.0;1753877976.898819;18.314844;-0.56;-16.03;452.72;-0.405563;-1.206781;-0.064428;0.0;0.0;0.0;0.0;0.0;0.0
1.0;1753877976.903417;18.288282;0.22;-9.05;438.99;-0.758619;-0.572327;0.10039;0.0;0.0;0.0;0.0;0.0;0.0
1.0;1753877976.908015;18.276697;1.84;-13.78;439.78;-0.704669;-0.530511;-0.208157;0.0;0.0;0.0;0.0;0.0;0.0
1.0;1753877976.912613;18.315394;0.03;-13.12;422.81;-1.083406;-0.186561;0.014113;0.0;0.0;0.0;0.0;0.0;0.0
1.0;1753877976.91721;18.315753;-7.0;-17.4;454.39;-1.067922;-0.398128;0.116753;0.0;0.0;0.0;0.0;0.0;0.0
1.0;1753877976.921808;18.271728;-0.86;-3.37;464.22;-0.766154;-0.579689;0.066081;0.0;0.0;0.0;0.0;0.0;0.0
1.0;1753877976.926406;18.279361;0.16;4.1;456.61;-0.401144;-0.520292;-0.061024;0.0;0.0;0.0;0.0;0.0;0.0
1.0;1753877976.931004;18.277359;-8.47;-18.78;461.31;-0.527557;-0.707837;0.280162;0.0;0.0;0.0;0.0;0.0;0.0
1.0;1753877976.93853;18.292969;-3.01;-9.1;426.16;-0.822036;-0.657702;0.047336;0.0;0.0;0.0;0.0;0.0;0.0
1.0;1753877976.943128;18.277872;-2.41;-14.89;446.41;-1.275704;-0.244514;0.065136;0.0;0.0;0.0;0.0;0.0;0.0
1.0;1753877976.947726;18.259;-1.56;-7.42;417.21;-1.275148;-0.804012;-0.123103;0.0;0.0;0.0;0.0;0.0;0.0
1.0;1753877976.952324;18.272377;-5.94;0.41;442.8;-0.980849;-0.344174;0.122428;0.0;0.0;0.0;0.0;0.0;0.0
1.0;1753877976.956922;18.311938;0.68;-5.51;429.89;-0.311671;0.193788;-0.059679;0.0;0.0;0.0;0.0;0.0;0.0
1.0;1753877976.96152;18.320575;2.57;-25.1;428.63;-0.757003;-0.418214;-0.038579;0.0;0.0;0.0;0.0;0.0;0.0
1.0;1753877976.966118;18.289643;-7.4;-11.93;444.28;-0.740505;-1.020566;-0.10122;0.0;0.0;0.0;0.0;0.0;0.0
1.0;1753877976.970715;18.297291;-0.88;-20.63;448.78;-0.692597;0.01061;0.192113;0.0;0.0;0.0;0.0;0.0;0.0
1.0;1753877976.975313;18.347845;-5.75;-17.43;443.2;-0.843072;-0.594453;0.089866;0.0;0.0;0.0;0.0;0.0;0.0
1.0;1753877976.979911;18.25714;-6.8;-8.07;449.91;-0.968623;-0.550964;0.044767;0.0;0.0;0.0;0.0;0.0;0.0
1.0;1753877976.98638;18.292969;-5.81;-10.36;425.25;-0.904142;-0.526308;-0.00915;0.0;0.0;0.0;0.0;0.0;0.0
1.0;1753877976.989018;18.320312;-12.95;-8.75;464.38;0.032818;0.81252;0.440786;0.0;0.0;0.0;0.0;0.0;0.0
1.0;1753877976.993539;18.320312;-1.12;-13.79;468.23;0.032818;0.81252;0.440786;0.0;0.0;0.0;0.0;0.0;0.0
1.0;1753877976.999284;18.320312;-9.8;-8.75;477.89;-1.43472;-0.080642;-0.409554;0.0;0.0;0.0;0.0;0.0;0.0
1.0;1753877977.003882;18.330417;-18.59;-8.21;448.95;-2.126528;-0.109784;-0.405562;0.0;0.0;0.0;0.0;0.0;0.0
1.0;1753877977.00848;18.327353;-18.87;1.02;496.15;-1.46276;0.786991;-0.377092;0.0;0.0;0.0;0.0;0.0;0.0
1.0;1753877977.013078;18.309983;-18.96;-13.95;459.67;-0.093412;-0.569192;-0.547681;0.0;0.0;0.0;0.0;0.0;0.0
1.0;1753877977.017676;18.339268;-8.6;-15.12;473.21;-2.237062;0.246239;-0.343705;0.0;0.0;0.0;0.0;0.0;0.0
1.0;1753877977.022274;18.309671;-12.51;-3.13;484.41;-1.277953;0.087465;-0.477568;0.0;0.0;0.0;0.0;0.0;0.0
1.0;1753877977.026872;18.332364;-9.46;-5.61;495.06;-1.215454;0.433177;-0.91706;0.0;0.0;0.0;0.0;0.0;0.0
1.0;1753877977.031469;18.32857;-6.75;-8.29;453.98;-1.555567;0.426799;-0.718888;0.0;0.0;0.0;0.0;0.0;0.0
1.0;1753877977.036067;18.319484;-9.0;-2.93;477.66;-1.076555;-0.049643;-0.428617;0.0;0.0;0.0;0.0;0.0;0.0
1.0;1753877977.040665;18.319169;-4.15;-9.5;464.21;-1.240517;0.055913;-0.584445;0.0;0.0;0.0;0.0;0.0;0.0
1.0;1753877977.045263;18.336306;-5.21;-6.85;464.29;-0.490367;-0.185864;-0.123228;0.0;0.0;0.0;0.0;0.0;0.0
1.0;1753877977.049861;18.303161;-10.14;1.7;459.39;-0.696893;-0.550454;-0.449773;0.0;0.0;0.0;0.0;0.0;0.0
1.0;1753877977.054459;18.354471;-17.16;-12.23;497.16;-0.714562;-0.405126;-0.132378;0.0;0.0;0.0;0.0;0.0;0.0
1.0;1753877977.059057;18.318438;-1.83;-10.89;477.93;-1.001747;0.643195;-0.092532;0.0;0.0;0.0;0.0;0.0;0.0
1.0;1753877977.063655;18.320802;-7.24;-14.55;507.37;-2.110259;-0.093253;-0.413439;0.0;0.0;0.0;0.0;0.0;0.0
1.0;1753877977.068252;18.329697;-15.43;-5.27;495.44;-0.720058;-0.089048;-0.223274;0.0;0.0;0.0;0.0;0.0;0.0
1.0;1753877977.07285;18.307532;-11.78;0.32;502.13;-0.870076;-0.383425;0.098578;0.0;0.0;0.0;0.0;0.0;0.0
1.0;1753877977.077448;18.317533;-21.99;-10.71;480.67;-1.494212;0.775731;-0.36933;0.0;0.0;0.0;0.0;0.0;0.0
1.0;1753877977.082046;18.329204;-18.28;-10.26;481.31;-2.295764;0.605635;0.075692;0.0;0.0;0.0;0.0;0.0;0.0
1.0;1753877977.086644;18.31049;-10.71;-8.33;497.36;-1.531164;-0.411031;-0.097384;0.0;0.0;0.0;0.0;0.0;0.0
1.0;1753877977.091242;18.300859;-13.08;-6.53;457.3;-0.558183;0.661525;-0.187415;0.0;0.0;0.0;0.0;0.0;0.0
1.0;1753877977.09584;18.333966;-7.8;-4.28;450.56;-1.508741;0.756464;-0.166146;0.0;0.0;0.0;0.0;0.0;0.0
1.0;1753877977.100438;18.308454;-6.33;-14.62;475.27;-0.588673;-0.375287;-0.502694;0.0;0.0;0.0;0.0;0.0;0.0
1.0;1753877977.105036;18.343794;-12.01;-14.87;484.89;-0.943454;1.22755;-0.27125;0.0;0.0;0.0;0.0;0.0;0.0
1.0;1753877977.109634;18.326634;-3.77;-19.0;503.17;-1.962529;0.247648;-0.025155;0.0;0.0;0.0;0.0;0.0;0.0
1.0;1753877977.114232;18.316602;-8.02;-8.0;479.48;-0.944222;0.029121;-0.500275;0.0;0.0;0.0;0.0;0.0;0.0
1.0;1753877977.11883;18.317472;-16.96;-20.27;469.19;-1.557725;1.446465;-0.587746;0.0;0.0;0.0;0.0;0.0;0.0
1.0;1753877977.123428;18.328762;-9.77;-11.76;437.45;-2.302764;0.148081;-0.396449;0.0;0.0;0.0;0.0;0.0;0.0
1.0;1753877977.128025;18.326178;-15.31;-6.56;492.24;-1.087649;-0.132651;-0.591141;0.0;0.0;0.0;0.0;0.0;0.0
1.0;1753877977.132623;18.306627;-10.49;-12.11;450.63;-1.423083;0.64069;-0.26811;0.0;0.0;0.0;0.0;0.0;0.0
1.0;1753877977.137221;18.328739;-7.52;-1.82;502.92;-2.514331;-0.229907;-0.098636;0.0;0.0;0.0;0.0;0.0;0.0
1.0;1753877977.141819;18.32908;-6.19;-9.93;503.58;-1.354499;0.426735;0.133904;0.0;0.0;0.0;0.0;0.0;0.0
1.0;1753877977.146417;18.328982;-7.42;-0.03;493.43;-1.595873;0.711401;0.004872;0.0;0.0;0.0;0.0;0.0;0.0
1.0;1753877977.151015;18.325637;-8.94;-7.73;464.01;-1.387903;0.385132;0.095263;0.0;0.0;0.0;0.0;0.0;0.0
1.0;1753877977.155613;18.327871;-1.87;-5.13;469.38;-2.158977;-0.030424;-0.298795;0.0;0.0;0.0;0.0;0.0;0.0
1.0;1753877977.16021;18.314175;-11.19;-12.58;460.63;-1.570509;0.680737;-0.116966;0.0;0.0;0.0;0.0;0.0;0.0
1.0;1753877977.164808;18.296453;-19.69;-8.79;459.33;-0.264119;1.473637;-0.024619;0.0;0.0;0.0;0.0;0.0;0.0
1.0;1753877977.169406;18.325042;-12.23;-6.8;433.62;-1.996763;0.940795;-0.171598;0.0;0.0;0.0;0.0;0.0;0.0
1.0;1753877977.174004;18.327278;-4.2;-5.17;478.56;-1.070505;0.550945;0.109554;0.0;0.0;0.0;0.0;0.0;0.0
1.0;1753877977.178602;18.303923;-11.2;0.86;449.06;-0.283241;1.096072;-0.077794;0.0;0.0;0.0;0.0;0.0;0.0
1.0;1753877977.1832;18.307678;-7.37;-10.48;506.95;-0.94702;0.389722;-0.244183;0.0;0.0;0.0;0.0;0.0;0.0
1.0;1753877977.187798;18.32116;-11.38;-11.2;444.03;-1.02936;0.968928;0.216866;0.0;0.0;0.0;0.0;0.0;0.0
1.0;1753877977.192396;18.323368;-16.73;-5.72;470.72;-1.861346;0.52779;0.416622;0.0;0.0;0.0;0.0;0.0;0.0
1.0;1753877977.196994;18.332471;-16.18;-8.5;415.02;-1.201281;1.51724;-0.128389;0.0;0.0;0.0;0.0;0.0;0.0
1.0;1753877977.201592;18.327383;-11.95;-15.59;469.31;-1.772857;0.755821;0.023208;0.0;0.0;0.0;0.0;0.0;0.0
1.0;1753877977.20619;18.331932;-9.84;0.96;480.16;-0.964914;0.002414;0.250311;0.0;0.0;0.0;0.0;0.0;0.0
1.0;1753877977.210788;18.311635;-12.74;8.56;481.58;-0.767658;0.271635;-0.052261;0.0;0.0;0.0;0.0;0.0;0.0
1.0;1753877977.215386;18.32089;-5.19;0.86;480.24;-2.021581;0.699886;0.249332;0.0;0.0;0.0;0.0;0.0;0.0
1.0;1753877977.219983;18.314591;-17.7;-6.98;467.87;-0.875788;0.535402;0.068124;0.0;0.0;0.0;0.0;0.0;0.0
1.0;1753877977.224581;18.328479;-10.41;-5.56;470.57;-1.009566;-0.211858;-0.383643;0.0;0.0;0.0;0.0;0.0;0.0
1.0;1753877977.229179;18.320352;-2.24;-15.08;462.07;-1.066395;0.541533;-0.176819;0.0;0.0;0.0;0.0;0.0;0.0
1.0;1753877977.233777;18.330882;-15.9;-1.74;452.36;-0.759244;0.623365;-0.146682;0.0;0.0;0.0;0.0;0.0;0.0
1.0;1753877977.238375;18.326141;-11.81;2.71;479.15;-1.898205;0.926921;-0.127909;0.0;0.0;0.0;0.0;0.0;0.0
1.0;1753877977.242973;18.335346;-18.23;1.17;454.4;0.02225;0.843075;-0.624461;0.0;0.0;0.0;0.0;0.0;0.0
1.0;1753877977.247571;18.323691;-8.41;1.19;485.85;0.319602;0.929486;0.007731;0.0;0.0;0.0;0.0;0.0;0.0
1.0;1753877977.252169;18.313354;-17.28;-3.16;421.09;-1.61683;1.489054;-0.114722;0.0;0.0;0.0;0.0;0.0;0.0
1.0;1753877977.256766;18.327329;-13.07;-15.51;485.9;-0.98836;0.894592;0.093212;0.0;0.0;0.0;0.0;0.0;0.0
1.0;1753877977.261364;18.318878;-13.71;-12.33;468.6;-0.548833;1.124232;-0.213246;0.0;0.0;0.0;0.0;0.0;0.0
1.0;1753877977.265962;18.316144;-8.14;-2.19;481.86;-1.466636;0.570455;-0.009081;0.0;0.0;0.0;0.0;0.0;0.0
1.0;1753877977.27056;18.321807;-19.57;0.28;444.17;-1.095683;0.904883;0.027171;0.0;0.0;0.0;0.0;0.0;0.0
1.0;1753877977.275158;18.33063;-1.56;-6.99;478.17;-0.611419;1.825039;-0.076627;0.0;0.0;0.0;0.0;0.0;0.0
1.0;1753877977.279756;18.305747;-9.27;-8.16;429.76;-0.914172;1.228184;-0.039121;0.0;0.0;0.0;0.0;0.0;0.0
1.0;1753877977.284354;18.334585;-10.09;-5.93;472.97;-0.405574;0.856176;0.136262;0.0;0.0;0.0;0.0;0.0;0.0
1.0;1753877977.288952;18.335852;-8.93;-4.73;459.25;-1.165973;1.122786;0.179695;0.0;0.0;0.0;0.0;0.0;0.0
1.0;1753877977.29355;18.330392;-13.52;-4.11;460.66;-0.60991;0.69457;0.091865;0.0;0.0;0.0;0.0;0.0;0.0
1.0;1753877977.298148;18.322209;-4.51;-11.15;473.73;-0.678461;0.834604;-0.273423;0.0;0.0;0.0;0.0;0.0;0.0
1.0;1753877977.302746;18.341698;-16.97;-8.64;468.2;-0.850321;0.546845;-0.161391;0.0;0.0;0.0;0.0;0.0;0.0
1.0;1753877977.307344;18.335295;-10.92;-1.3;454.03;-0.060043;0.56703;-0.190041;0.0;0.0;0.0;0.0;0.0;0.0
1.0;1753877977.311942;18.327349;-5.03;7.16;480.81;-0.879368;0.939847;0.324202;0.0;0.0;0.0;0.0;0.0;0.0
1.0;1753877977.316539;18.337218;-18.06;-4.27;480.93;-0.791698;0.672873;-0.170573;0.0;0.0;0.0;0.0;0.0;0.0
1.0;1753877977.321137;18.324418;-13.31;-7.68;426.56;-1.373984;0.981976;0.244829;0.0;0.0;0.0;0.0;0.0;0.0
1.0;1753877977.325735;18.318977;-5.16;-2.35;489.0;-0.773004;0.46363;0.22081;0.0;0.0;0.0;0.0;0.0;0.0
1.0;1753877977.330333;18.327257;-15.79;-0.21;482.66;-2.74366;2.18211;-0.04263;0.0;0.0;0.0;0.0;0.0;0.0
1.0;1753877977.3353;18.320312;-10.64;-5.74;467.18;-1.175958;0.90768;0.084546;0.0;0.0;0.0;0.0;0.0;0.0
1.0;1753877977.339898;18.335169;-9.94;-9.03;463.56;-0.856238;0.956178;-0.151152;0.0;0.0;0.0;0.0;0.0;0.0
1.0;1753877977.344496;18.314287;-14.05;-0.18;464.06;-1.19715;0.494532;0.319767;0.0;0.0;0.0;0.0;0.0;0.0
1.0;1753877977.349094;18.338719;-10.33;-6.89;442.59;-1.205399;0.192892;0.050863;0.0;0.0;0.0;0.0;0.0;0.0
1.0;1753877977.353692;18.304486;-15.65;-7.26;458.85;-1.092079;0.200557;0.074161;0.0;0.0;0.0;0.0;0.0;0.0
1.0;1753877977.35829;18.324635;-11.33;0.04;473.97;-2.229992;1.667311;-0.040923;0.0;0.0;0.0;0.0;0.0;0.0
1.0;1753877977.362888;18.331405;-11.91;0.54;478.38;-2.061837;0.061202;0.289268;0.0;0.0;0.0;0.0;0.0;0.0
1.0;1753877977.367485;18.300199;-11.77;-15.84;458.29;-0.965192;0.254426;-0.019339;0.0;0.0;0.0;0.0;0.0;0.0
1.0;1753877977.372083;18.317284;-3.16;-10.6;475.11;-1.510635;1.664612;-0.341244;0.0;0.0;0.0;0.0;0.0;0.0
1.0;1753877977.376681;18.320544;-14.9;-5.04;438.61;-1.067785;1.122848;0.343458;0.0;0.0;0.0;0.0;0.0;0.0
1.0;1753877977.381279;18.312484;-10.41;-7.77;476.01;-0.975097;0.686259;0.098394;0.0;0.0;0.0;0.0;0.0;0.0
1.0;1753877977.385877;18.312854;-6.23;-4.77;500.01;-2.151031;0.284105;-0.02066;0.0;0.0;0.0;0.0;0.0;0.0
1.0;1753877977.390475;18.318727;-8.13;-8.8;472.67;-0.346599;-0.143157;0.182009;0.0;0.0;0.0;0.0;0.0;0.0
1.0;1753877977.395073;18.313545;-7.4;-5.28;437.76;-0.967123;1.452162;0.492692;0.0;0.0;0.0;0.0;0.0;0.0
1.0;1753877977.39967;18.314217;-14.52;-11.19;489.72;-1.587642;0.984347;-0.080187;0.0;0.0;0.0;0.0;0.0;0.0
1.0;1753877977.404268;18.325348;-15.39;0.35;455.18;-0.437136;0.159043;0.348985;0.0;0.0;0.0;0.0;0.0;0.0
1.0;1753877977.408866;18.335973;-9.45;-6.1;490.48;-1.435599;0.786583;-0.176223;0.0;0.0;0.0;0.0;0.0;0.0
1.0;1753877977.413464;18.304982;-14.63;-0.63;492.33;-1.686927;1.189723;0.216263;0.0;0.0;0.0;0.0;0.0;0.0
1.0;1753877977.418062;18.333474;-15.77;-3.87;471.01;-0.636132;0.898714;0.15275;0.0;0.0;0.0;0.0;0.0;0.0
1.0;1753877977.42266;18.324854;-9.82;-5.32;464.5;-0.905642;1.478758;0.300665;0.0;0.0;0.0;0.0;0.0;0.0
1.0;1753877977.427258;18.319438;-10.36;-10.9;454.9;0.346589;1.451708;-0.103483;0.0;0.0;0.0;0.0;0.0;0.0
1.0;1753877977.431856;18.322022;-14.59;-10.99;462.77;-1.113309;1.070689;-0.191173;0.0;0.0;0.0;0.0;0.0;0.0
1.0;1753877977.436454;18.326391;-5.52;-9.32;458.38;-0.808399;0.715503;0.156636;0.0;0.0;0.0;0.0;0.0;0.0
1.0;1753877977.441052;18.3339;-11.99;-6.15;437.73;0.035889;1.473419;0.309768;0.0;0.0;0.0;0.0;0.0;0.0
1.0;1753877977.44565;18.348742;-8.08;-0.99;456.13;-0.843555;0.205194;0.185454;0.0;0.0;0.0;0.0;0.0;0.0
1.0;1753877977.450248;18.317165;0.72;-8.05;456.77;0.173355;0.805931;0.367075;0.0;0.0;0.0;0.0;0.0;0.0
1.0;1753877977.454846;18.319136;-7.12;-10.24;444.34;-2.199079;1.334598;0.219749;0.0;0.0;0.0;0.0;0.0;0.0
1.0;1753877977.459443;18.330811;-2.1;-2.72;450.22;-1.923172;0.090827;-0.012695;0.0;0.0;0.0;0.0;0.0;0.0
1.0;1753877977.464041;18.324795;-4.28;-5.24;487.23;-1.92346;0.8729;0.378455;0.0;0.0;0.0;0.0;0.0;0.0
1.0;1753877977.468639;18.347114;-5.75;-9.53;453.12;-0.941452;0.142296;0.072592;0.0;0.0;0.0;0.0;0.0;0.0
1.0;1753877977.473237;18.291828;-14.09;-11.04;440.79;-1.179178;2.012041;-0.034134;0.0;0.0;0.0;0.0;0.0;0.0
1.0;1753877977.477835;18.306458;-3.0;-12.54;465.52;-2.067672;0.437969;0.185508;0.0;0.0;0.0;0.0;0.0;0.0
1.0;1753877977.482433;18.304726;-7.4;-7.75;440.2;-1.093722;1.12474;-0.253226;0.0;0.0;0.0;0.0;0.0;0.0
1.0;1753877977.487031;18.32008;-10.98;4.95;473.09;-2.072782;0.674951;-0.217403;0.0;0.0;0.0;0.0;0.0;0.0
1.0;1753877977.491629;18.339765;-1.69;-9.15;472.48;-2.453171;0.327277;-0.373725;0.0;0.0;0.0;0.0;0.0;0.0
1.0;1753877977.496226;18.312954;-10.5;-10.9;467.84;-0.247796;0.814984;0.211005;0.0;0.0;0.0;0.0;0.0;0.0
1.0;1753877977.500824;18.310416;-14.39;-5.07;436.34;-1.874885;1.103726;0.418937;0.0;0.0;0.0;0.0;0.0;0.0
1.0;1753877977.505422;18.326794;-17.13;-7.88;432.0;0.222613;0.207423;0.419568;0.0;0.0;0.0;0.0;0.0;0.0
1.0;1753877977.51002;18.302546;-10.23;-9.03;445.76;-0.017936;0.594197;0.004765;0.0;0.0;0.0;0.0;0.0;0.0
1.0;1753877977.514618;18.304809;-4.93;-8.94;494.85;-1.937284;0.282832;0.260649;0.0;0.0;0.0;0.0;0.0;0.0
1.0;1753877977.519216;18.296613;-5.91;-3.28;447.15;-0.924694;-0.199885;-0.219166;0.0;0.0;0.0;0.0;0.0;0.0
1.0;1753877977.523814;18.316254;-3.71;-0.39;451.38;-0.83537;0.344853;-0.489377;0.0;0.0;0.0;0.0;0.0;0.0
1.0;1753877977.528412;18.335597;-18.32;-16.51;484.33;0.219237;0.325461;0.162769;0.0;0.0;0.0;0.0;0.0;0.0
1.0;1753877977.53301;18.330259;-4.8;-8.88;486.67;-0.796008;-0.506823;0.290392;0.0;0.0;0.0;0.0;0.0;0.0
1.0;1753877977.537608;18.311582;-7.54;-15.0;431.07;-1.051651;1.017488;0.08805;0.0;0.0;0.0;0.0;0.0;0.0
1.0;1753877977.542206;18.297354;-12.13;-6.6;435.01;-1.031718;0.517619;0.285423;0.0;0.0;0.0;0.0;0.0;0.0
1.0;1753877977.546804;18.325179;-13.42;-12.68;434.26;0.108991;1.857143;0.278376;0.0;0.0;0.0;0.0;0.0;0.0
1.0;1753877977.551402;18.308784;-6.18;-5.32;490.65;-1.200808;0.682239;-0.082852;0.0;0.0;0.0;0.0;0.0;0.0
1.0;1753877977.555999;18.320158;-5.62;-7.02;446.11;-0.762399;-0.003863;0.197347;0.0;0.0;0.0;0.0;0.0;0.0
1.0;1753877977.560597;18.315018;-5.42;-3.27;467.01;-0.970935;0.175993;0.01061;0.0;0.0;0.0;0.0;0.0;0.0
1.0;1753877977.565195;18.319759;0.3;-9.29;472.49;-0.272885;0.836766;0.021103;0.0;0.0;0.0;0.0;0.0;0.0
1.0;1753877977.569793;18.323837;-10.99;-3.43;436.42;-0.721726;-0.364339;0.239292;0.0;0.0;0.0;0.0;0.0;0.0
1.0;1753877977.574391;18.298925;2.92;-4.09;430.16;-1.701651;1.105964;0.114929;0.0;0.0;0.0;0.0;0.0;0.0
1.0;1753877977.578989;18.305252;-2.31;3.08;477.16;-0.939925;0.009643;0.073034;0.0;0.0;0.0;0.0;0.0;0.0
1.0;1753877977.583587;18.330875;-13.25;-4.96;460.12;-0.359087;1.627311;-0.546575;0.0;0.0;0.0;0.0;0.0;0.0
1.0;1753877977.588184;18.29236;-6.75;-8.5;480.61;-1.387634;0.144044;-0.248708;0.0;0.0;0.0;0.0;0.0;0.0
1.0;1753877977.592782;18.319499;-10.18;-6.99;448.32;-1.15498;-0.034302;0.234573;0.0;0.0;0.0;0.0;0.0;0.0
1.0;1753877977.59738;18.310505;-5.99;1.96;434.31;-0.640344;0.197625;-0.487509;0.0;0.0;0.0;0.0;0.0;0.0
1.0;1753877977.601978;18.314088;3.52;-6.72;440.6;-1.318354;-0.437393;-0.392587;0.0;0.0;0.0;0.0;0.0;0.0
1.0;1753877977.606576;18.316495;1.2;-15.68;438.82;-0.328037;0.276898;-0.46858;0.0;0.0;0.0;0.0;0.0;0.0
1.0;1753877977.611174;18.292536;-5.26;-2.31;429.81;-0.362447;0.601376;-0.198741;0.0;0.0;0.0;0.0;0.0;0.0
1.0;1753877977.615772;18.328415;-7.73;-8.43;466.4;0.551342;-0.350768;-0.010638;0.0;0.0;0.0;0.0;0.0;0.0
1.0;1753877977.62037;18.316264;-6.07;-11.2;459.3;-0.989324;0.328694;0.276448;0.0;0.0;0.0;0.0;0.0;0.0
1.0;1753877977.624968;18.305623;-4.54;-10.37;460.06;-1.66605;0.507811;0.303035;0.0;0.0;0.0;0.0;0.0;0.0
1.0;1753877977.629566;18.316282;-8.09;-6.79;482.11;-0.745878;0.348089;-0.433155;0.0;0.0;0.0;0.0;0.0;0.0
1.0;1753877977.634164;18.29606;-6.27;-3.78;443.9;-1.362084;1.250468;0.398889;0.0;0.0;0.0;0.0;0.0;0.0
1.0;1753877977.638762;18.323662;-7.92;-0.54;427.37;-1.350035;-0.400185;0.070707;0.0;0.0;0.0;0.0;0.0;0.0
1.0;1753877977.64336;18.308969;0.4;-2.58;477.88;-0.890737;1.120042;0.117887;0.0;0.0;0.0;0.0;0.0;0.0
1.0;1753877977.647957;18.326265;-5.05;-6.68;465.59;-0.417491;0.093016;0.25304;0.0;0.0;0.0;0.0;0.0;0.0
1.0;1753877977.652555;18.337011;-9.76;-1.6;460.34;-0.792032;-0.205674;-0.078602;0.0;0.0;0.0;0.0;0.0;0.0
1.0;1753877977.657153;18.32748;-2.6;-9.45;442.82;-0.613109;0.58029;0.133209;0.0;0.0;0.0;0.0;0.0;0.0
1.0;1753877977.661751;18.321099;1.33;-1.67;419.87;0.310272;0.004116;-0.257896;0.0;0.0;0.0;0.0;0.0;0.0
1.0;1753877977.666349;18.308638;-8.66;-7.53;444.48;-1.598751;0.688563;0.032098;0.0;0.0;0.0;0.0;0.0;0.0
1.0;1753877977.670947;18.308341;-10.17;-9.35;445.97;-0.872111;0.088514;-0.182021;0.0;0.0;0.0;0.0;0.0;0.0
1.0;1753877977.675545;18.326906;-9.3;-7.74;462.63;-1.630249;-0.072917;-0.21311;0.0;0.0;0.0;0.0;0.0;0.0
1.0;1753877977.680143;18.309496;-2.0;-8.5;477.11;-0.945617;0.162023;-0.256866;0.0;0.0;0.0;0.0;0.0;0.0
1.0;1753877977.68474;18.304013;-2.4;-2.77;472.91;-0.626452;-0.01112;-0.156775;0.0;0.0;0.0;0.0;0.0;0.0
1.0;1753877977.689338;18.313034;-6.83;-5.44;456.12;-1.692351;0.663371;-0.219918;0.0;0.0;0.0;0.0;0.0;0.0
1.0;1753877977.693936;18.331943;-5.8;-5.32;427.5;0.199782;0.41396;-0.358477;0.0;0.0;0.0;0.0;0.0;0.0
1.0;1753877977.698534;18.32429;-6.88;-3.54;440.27;-0.945663;-0.047542;0.117566;0.0;0.0;0.0;0.0;0.0;0.0
1.0;1753877977.703132;18.329975;-2.21;-5.34;447.46;-0.080235;0.091554;-0.206097;0.0;0.0;0.0;0.0;0.0;0.0
1.0;1753877977.70773;18.312924;-14.43;-11.48;435.13;-1.057048;0.415193;-0.126181;0.0;0.0;0.0;0.0;0.0;0.0
1.0;1753877977.712328;18.320428;-4.75;-0.01;469.4;-0.48031;-0.549816;-0.03605;0.0;0.0;0.0;0.0;0.0;0.0
1.0;1753877977.716926;18.319138;-5.83;-3.38;461.67;-0.520095;-1.238657;-0.45151;0.0;0.0;0.0;0.0;0.0;0.0
1.0;1753877977.721524;18.308764;-6.69;-12.91;435.82;-0.069296;0.478421;0.290764;0.0;0.0;0.0;0.0;0.0;0.0
1.0;1753877977.726122;18.313004;-2.46;0.24;459.89;-0.729214;0.851437;-0.064286;0.0;0.0;0.0;0.0;0.0;0.0
1.0;1753877977.73072;18.336029;-0.71;-7.22;433.57;0.332448;0.945464;-0.268165;0.0;0.0;0.0;0.0;0.0;0.0
1.0;1753877977.735318;18.329823;4.0;-3.49;454.64;-1.837594;0.381117;0.20813;0.0;0.0;0.0;0.0;0.0;0.0
1.0;1753877977.739915;18.289092;4.37;1.22;454.0;-0.959385;0.220772;0.11325;0.0;0.0;0.0;0.0;0.0;0.0
1.0;1753877977.744513;18.307168;-2.01;-6.5;459.15;-1.553566;0.33623;0.143544;0.0;0.0;0.0;0.0;0.0;0.0
1.0;1753877977.749111;18.326459;-3.25;-3.97;470.28;-0.568542;0.309806;-0.614294;0.0;0.0;0.0;0.0;0.0;0.0
1.0;1753877977.753709;18.286358;-7.31;-3.8;451.02;-1.336235;0.082029;-0.32684;0.0;0.0;0.0;0.0;0.0;0.0
1.0;1753877977.7601;18.3125;-2.8;-6.51;451.64;-0.687836;0.121878;-0.0793;0.0;0.0;0.0;0.0;0.0;0.0
1.0;1753877977.764698;18.295703;-8.37;-10.07;450.76;-0.873859;0.105443;-0.297958;0.0;4.4;0.0;0.0;0.7;0.0
1.0;1753877977.77079;18.296875;-4.69;-9.17;458.43;-0.759206;0.025864;-0.17934;0.0;6.0;0.0;0.0;2.0;0.0
1.0;1753877977.775388;18.314244;-4.34;-10.32;459.76;-1.039922;1.575765;-0.311534;0.0;6.0;0.0;0.0;2.3;0.0
1.0;1753877977.779986;18.307614;-1.62;-8.88;467.98;-0.500434;-0.176452;0.271316;0.0;7.0;0.0;0.0;1.1;0.0
1.0;1753877977.784584;18.291152;-9.22;-12.26;458.4;-1.085952;1.293432;-0.301594;0.0;6.3;0.0;0.0;2.7;0.0
1.0;1753877977.789182;18.308299;-3.65;-8.35;464.66;-0.513074;3.150456;-0.29525;0.0;5.2;0.0;0.0;2.4;0.0
1.0;1753877977.79378;18.284274;-7.73;-4.95;463.2;-0.995298;2.552973;-0.185897;0.0;5.3;0.0;0.0;2.0;0.0
1.0;1753877977.798378;18.295279;-11.85;-9.16;461.9;-0.521253;2.056484;-0.186825;0.0;6.4;0.0;0.0;2.1;0.0
1.0;1753877977.802976;18.297048;-12.15;-8.1;448.65;-1.005449;3.047046;0.123468;0.0;4.4;0.0;0.0;1.2;0.0
1.0;1753877977.807573;18.292013;-8.12;-9.49;458.18;-0.745634;2.874622;0.165809;0.0;8.3;0.0;0.0;2.3;0.0
1.0;1753877977.81249;18.296875;-10.22;-9.03;456.82;-0.758596;3.26716;0.037576;0.0;6.0;0.0;0.0;2.0;0.0
1.0;1753877977.817088;18.283546;-7.44;-10.11;469.81;-1.284107;3.77176;-0.258639;0.0;9.0;0.0;0.0;2.3;0.0
1.0;1753877977.821686;18.283481;-14.75;-9.81;465.86;-0.940874;2.15185;0.079675;0.0;6.8;0.0;0.0;1.3;0.0
1.0;1753877977.826284;18.321614;0.66;-12.66;454.46;-0.695637;2.516258;0.051185;0.0;5.4;0.0;0.0;1.7;0.0
1.0;1753877977.830882;18.31688;-6.33;-9.39;418.92;-1.389212;1.314828;-0.090606;0.0;3.8;0.0;0.0;1.1;0.0
1.0;1753877977.83548;18.297667;0.3;-10.4;452.29;-1.253745;1.296789;-0.30115;0.0;8.1;0.0;0.0;2.2;0.0
1.0;1753877977.840078;18.294684;0.87;-8.62;421.83;-0.819014;0.314313;-0.101306;0.0;6.7;0.0;0.0;2.6;0.0
1.0;1753877977.844675;18.302195;6.44;-11.25;436.38;-0.99837;0.143592;-0.167393;0.0;8.3;0.0;0.0;3.0;0.0
1.0;1753877977.85092;18.296875;8.61;-11.41;420.49;-1.40544;-0.123952;-0.129198;0.0;6.0;0.0;0.0;2.0;0.0
1.0;1753877977.855518;18.28016;8.03;-14.47;461.81;-1.163078;-1.708875;-0.138237;0.0;9.7;0.0;0.0;1.7;0.0
1.0;1753877977.860116;18.292631;9.29;-8.1;423.34;-1.338213;-0.809342;-0.161618;0.0;7.9;0.0;0.0;0.4;0.0
1.0;1753877977.864714;18.297499;0.59;-11.25;431.01;-1.103908;0.095213;-0.031964;0.0;4.8;0.0;0.0;2.9;0.0
1.0;1753877977.869312;18.311672;1.72;-11.5;434.58;-0.868367;-2.099303;0.044637;0.0;9.0;0.0;0.0;2.4;0.0
1.0;1753877977.87391;18.298514;-4.71;-10.47;431.21;-0.770983;-0.4859;0.002486;0.0;2.5;0.0;0.0;2.0;0.0
1.0;1753877977.878508;18.305827;-4.88;-12.39;460.19;-0.783008;1.154045;-0.222576;0.0;5.5;0.0;0.0;3.3;0.0
1.0;1753877977.883105;18.283053;-11.22;-8.83;433.89;-0.277155;1.416136;-0.200855;0.0;7.0;0.0;0.0;1.8;0.0
1.0;1753877977.887703;18.293224;-7.98;-10.9;437.47;-0.011004;-0.048644;-0.031096;0.0;1.5;0.0;0.0;2.4;0.0
1.0;1753877977.892301;18.31363;-5.5;-8.78;447.61;0.09971;1.296278;-0.227138;0.0;2.3;0.0;0.0;1.8;0.0
1.0;1753877977.896899;18.295561;-4.01;-13.0;433.43;0.081442;0.131785;-0.244496;0.0;3.6;0.0;0.0;1.5;0.0
1.0;1753877977.901497;18.296613;-22.78;-10.04;460.99;-0.146907;1.030785;0.321028;0.0;8.4;0.0;0.0;2.9;0.0
1.0;1753877977.90701;18.296875;-14.0;-9.1;441.07;0.075762;0.662338;0.071004;0.0;6.0;0.0;0.0;2.0;0.0
1.0;1753877977.911608;18.320344;-9.79;-12.99;453.27;0.585676;0.589702;-0.195586;0.0;1.7;0.0;0.0;1.6;0.0
1.0;1753877977.916206;18.310188;-16.42;-7.54;460.11;0.28516;0.020489;-0.144757;0.0;0.1;0.0;0.0;1.8;0.0
1.0;1753877977.920804;18.29944;-8.88;-8.31;442.8;0.717834;-0.255948;-0.03925;0.0;5.6;0.0;0.0;3.0;0.0
1.0;1753877977.925402;18.317357;-9.88;-14.58;402.54;-0.150501;1.056809;0.153557;0.0;7.8;0.0;0.0;1.6;0.0
1.0;1753877977.93;18.291063;-16.28;-11.35;425.75;-0.723764;1.265512;0.118595;0.0;5.0;0.0;0.0;2.2;0.0
1.0;1753877977.934598;18.290213;-13.08;-15.84;461.67;-0.143947;0.801084;0.140547;0.0;3.7;0.0;0.0;0.9;0.0
1.0;1753877977.939196;18.288083;-13.82;-13.95;460.23;0.042382;0.08336;0.2371;0.0;6.2;0.0;0.0;1.5;0.0
1.0;1753877977.943793;18.287332;-17.7;-9.77;476.41;0.021166;0.50933;-0.011906;0.0;11.1;0.0;0.0;2.1;0.0
1.0;1753877977.948391;18.29618;-15.68;-15.98;468.35;-0.501257;1.207347;0.077768;0.0;5.5;0.0;0.0;3.5;0.0
1.0;1753877977.95615;18.296875;-15.4;-14.21;469.07;0.050264;0.351238;0.038918;0.0;6.0;0.0;0.0;2.0;0.0
1.0;1753877977.960748;18.307068;-6.98;-11.99;466.29;0.521249;0.006877;-0.001108;0.0;3.2;0.0;0.0;0.8;0.0
1.0;1753877977.965346;18.301229;-13.41;-16.21;463.33;-0.018153;-0.53075;0.018257;0.0;9.4;0.0;0.0;1.4;0.0
1.0;1753877977.969944;18.291585;-17.43;-10.46;481.99;-0.01289;-0.217048;0.084265;0.0;3.3;0.0;0.0;3.0;0.0
1.0;1753877977.974542;18.287116;-12.49;-10.54;453.87;0.187538;0.307109;-0.003751;0.0;4.2;0.0;0.0;1.3;0.0
1.0;1753877977.97914;18.288877;-8.36;-13.52;482.88;-0.900728;0.671941;-0.033312;0.0;3.1;0.0;0.0;3.3;0.0
1.0;1753877977.98768;18.292969;-7.77;-11.97;470.47;-0.09943;0.563152;0.019154;0.0;6.0;0.0;0.0;2.0;0.0
1.0;1753877977.990512;18.3125;-4.83;-4.62;430.78;-0.310368;-0.483486;-0.1098;0.0;0.0;0.0;0.0;0.0;0.0
1.0;1753877977.99544;18.328125;-8.12;-3.57;434.0;-0.51972;0.607804;0.224724;0.0;0.0;0.0;0.0;0.0;0.0
1.0;1753877978.000038;18.335716;-8.25;-6.25;457.79;-0.254619;0.465033;0.20421;0.0;0.0;0.0;0.0;0.0;0.0
1.0;1753877978.004636;18.315333;-9.74;-3.28;406.1;-0.246887;0.669927;0.398553;0.0;0.0;0.0;0.0;0.0;0.0
1.0;1753877978.009234;18.3291;-15.08;-8.74;410.83;-0.836876;0.34655;0.142882;0.0;0.0;0.0;0.0;0.0;0.0
1.0;1753877978.013832;18.297342;-8.38;-1.5;425.15;-0.708802;-0.113971;0.225651;0.0;0.0;0.0;0.0;0.0;0.0
1.0;1753877978.01843;18.358691;-2.01;-2.45;505.82;-0.685412;0.733627;0.246954;0.0;0.0;0.0;0.0;0.0;0.0
1.0;1753877978.023028;18.329888;-9.42;-0.36;430.4;-0.379673;-0.054034;0.396497;0.0;0.0;0.0;0.0;0.0;0.0
1.0;1753877978.027625;18.324993;-7.38;-7.97;391.35;0.029404;1.378592;0.236345;0.0;0.0;0.0;0.0;0.0;0.0
1.0;1753877978.032223;18.318995;-3.84;-1.08;423.34;-0.976299;0.076748;0.257386;0.0;0.0;0.0;0.0;0.0;0.0
1.0;1753877978.036821;18.332404;-10.57;-1.32;409.64;-1.034617;1.12963;0.284798;0.0;0.0;0.0;0.0;0.0;0.0
1.0;1753877978.041419;18.329947;-8.0;-5.34;428.34;-0.823148;0.66937;0.337941;0.0;0.0;0.0;0.0;0.0;0.0
1.0;1753877978.046017;18.346418;-0.57;-10.75;459.07;-0.722213;-0.276677;0.217469;0.0;0.0;0.0;0.0;0.0;0.0
1.0;1753877978.050615;18.312636;-6.84;-6.23;412.16;-0.609994;1.220167;0.293184;0.0;0.0;0.0;0.0;0.0;0.0
1.0;1753877978.055213;18.322493;-0.43;-0.02;434.04;-0.151242;0.457647;0.186588;0.0;0.0;0.0;0.0;0.0;0.0
1.0;1753877978.059811;18.326858;-15.86;-8.22;424.94;-0.450556;0.524007;-0.021058;0.0;0.0;0.0;0.0;0.0;0.0
1.0;1753877978.064408;18.334955;-15.02;-10.22;378.83;-1.17889;-0.316259;0.083538;0.0;0.0;0.0;0.0;0.0;0.0
1.0;1753877978.069006;18.330323;-15.29;-7.66;428.06;-0.314359;1.125988;0.233342;0.0;0.0;0.0;0.0;0.0;0.0
1.0;1753877978.073604;18.335685;-3.45;-1.65;447.26;-0.098993;1.079336;0.163443;0.0;0.0;0.0;0.0;0.0;0.0
1.0;1753877978.078202;18.322478;-4.97;-8.82;435.14;-0.707796;0.149052;0.088085;0.0;0.0;0.0;0.0;0.0;0.0
1.0;1753877978.0828;18.329305;-8.06;8.17;413.55;-0.324565;-0.57647;-0.004111;0.0;0.0;0.0;0.0;0.0;0.0
1.0;1753877978.087398;18.316606;-2.71;-3.06;426.3;-0.076004;-0.064533;0.15437;0.0;0.0;0.0;0.0;0.0;0.0
1.0;1753877978.091996;18.332316;-8.11;-7.18;401.14;-0.566949;0.300991;-0.163346;0.0;0.0;0.0;0.0;0.0;0.0
1.0;1753877978.096594;18.329636;-8.26;-2.24;466.49;-0.872803;-0.214166;0.341434;0.0;0.0;0.0;0.0;0.0;0.0
1.0;1753877978.101192;18.324382;-2.88;-3.93;453.5;-1.170969;0.236184;0.039439;0.0;0.0;0.0;0.0;0.0;0.0
1.0;1753877978.10579;18.341467;-15.3;-6.6;453.37;-0.887614;-0.002981;0.094493;0.0;0.0;0.0;0.0;0.0;0.0
1.0;1753877978.110388;18.289368;-1.96;-2.75;503.64;-0.572442;0.49864;-0.138199;0.0;0.0;0.0;0.0;0.0;0.0
1.0;1753877978.114986;18.333622;-6.61;-11.34;458.02;-0.249415;0.658716;0.189985;0.0;0.0;0.0;0.0;0.0;0.0
1.0;1753877978.119583;18.342751;-2.21;1.11;397.41;-0.148636;-0.094341;0.052985;0.0;0.0;0.0;0.0;0.0;0.0
1.0;1753877978.124181;18.329153;-4.16;-7.1;443.45;-0.445868;1.001988;0.175062;0.0;0.0;0.0;0.0;0.0;0.0
1.0;1753877978.128779;18.349642;-7.96;-4.4;429.38;-0.261185;0.15389;0.284365;0.0;0.0;0.0;0.0;0.0;0.0
1.0;1753877978.133377;18.324428;-7.16;-3.66;417.84;-1.654834;0.086803;0.166187;0.0;0.0;0.0;0.0;0.0;0.0
1.0;1753877978.137975;18.323081;-15.62;-2.56;441.83;-1.756947;0.527934;0.04033;0.0;0.0;0.0;0.0;0.0;0.0
1.0;1753877978.142573;18.299686;-6.94;-1.5;438.74;-0.172474;0.384298;-0.00736;0.0;0.0;0.0;0.0;0.0;0.0
1.0;1753877978.147171;18.324767;-0.28;0.29;494.81;-0.631825;0.410938;0.006694;0.0;0.0;0.0;0.0;0.0;0.0
1.0;1753877978.151769;18.328478;-15.01;-13.49;485.31;-0.471406;-0.088448;0.171679;0.0;0.0;0.0;0.0;0.0;0.0
1.0;1753877978.156366;18.309472;-5.58;2.5;476.47;-0.342407;-0.12103;-0.072233;0.0;0.0;0.0;0.0;0.0;0.0
1.0;1753877978.160964;18.318855;-5.78;-7.37;430.63;-0.393662;0.355808;0.107214;0.0;0.0;0.0;0.0;0.0;0.0
1.0;1753877978.165562;18.313277;-9.26;-0.18;422.83;-0.546901;0.640176;0.257164;0.0;0.0;0.0;0.0;0.0;0.0
1.0;1753877978.17016;18.321427;-8.19;-0.2;396.35;-0.717075;0.063417;0.096796;0.0;0.0;0.0;0.0;0.0;0.0
1.0;1753877978.174758;18.313921;-4.14;-4.06;429.1;-0.529652;0.209518;0.209661;0.0;0.0;0.0;0.0;0.0;0.0
1.0;1753877978.179356;18.335398;-6.66;-16.17;411.73;-0.846174;-0.00813;0.313749;0.0;0.0;0.0;0.0;0.0;0.0
1.0;1753877978.183954;18.315302;-5.56;-1.57;425.01;-2.04555;0.751819;0.029303;0.0;0.0;0.0;0.0;0.0;0.0
1.0;1753877978.188552;18.334148;-2.7;-6.27;395.24;-0.839552;0.514264;0.160757;0.0;0.0;0.0;0.0;0.0;0.0
1.0;1753877978.19315;18.319793;7.72;-5.85;423.42;-1.338824;-0.08521;0.381448;0.0;0.0;0.0;0.0;0.0;0.0
1.0;1753877978.197748;18.322602;-14.63;-10.1;476.11;-0.466939;-0.047118;0.124177;0.0;0.0;0.0;0.0;0.0;0.0
1.0;1753877978.202346;18.332071;1.58;-2.91;496.02;-0.984727;0.223521;0.221542;0.0;0.0;0.0;0.0;0.0;0.0
1.0;1753877978.206944;18.323956;-5.47;-13.12;434.0;-1.757772;0.237398;0.021776;0.0;0.0;0.0;0.0;0.0;0.0
1.0;1753877978.211542;18.309187;-6.79;-8.57;469.89;-0.921041;0.330514;-0.132599;0.0;0.0;0.0;0.0;0.0;0.0
1.0;1753877978.216139;18.350089;-5.11;-14.44;407.6;-0.340581;-0.058981;0.056097;0.0;0.0;0.0;0.0;0.0;0.0
1.0;1753877978.220737;18.330676;-1.38;-5.18;486.39;-1.01497;0.223158;0.258253;0.0;0.0;0.0;0.0;0.0;0.0
1.0;1753877978.225335;18.335013;-9.82;-0.9;457.19;-1.228471;0.194503;0.008017;0.0;0.0;0.0;0.0;0.0;0.0
1.0;1753877978.229933;18.345287;-9.85;-16.61;428.94;-1.47412;0.352192;0.221468;0.0;0.0;0.0;0.0;0.0;0.0
1.0;1753877978.234531;18.316832;-1.17;-13.26;437.58;-1.008628;0.5326;0.208968;0.0;0.0;0.0;0.0;0.0;0.0
1.0;1753877978.239129;18.326918;-11.72;-11.68;465.58;-1.024556;-0.626107;0.073413;0.0;0.0;0.0;0.0;0.0;0.0
1.0;1753877978.243727;18.326729;-9.3;-14.82;496.95;-1.422376;-0.286944;0.281749;0.0;0.0;0.0;0.0;0.0;0.0
1.0;1753877978.248325;18.311489;-2.18;-11.61;373.51;-0.283967;-0.207963;0.100551;0.0;0.0;0.0;0.0;0.0;0.0
1.0;1753877978.252922;18.31846;-5.54;-9.17;430.48;-1.266401;-0.180957;-0.128371;0.0;0.0;0.0;0.0;0.0;0.0
1.0;1753877978.25752;18.348356;-12.77;-4.03;471.66;-1.504996;-0.034701;-0.128999;0.0;0.0;0.0;0.0;0.0;0.0
1.0;1753877978.262118;18.314639;-11.75;-8.72;494.39;-1.026567;0.439721;0.050702;0.0;0.0;0.0;0.0;0.0;0.0
1.0;1753877978.266716;18.330229;-4.39;-10.22;446.06;0.284297;1.045653;0.139698;0.0;0.0;0.0;0.0;0.0;0.0
1.0;1753877978.271314;18.324111;-9.3;-11.43;392.92;-0.786476;0.463693;0.177894;0.0;0.0;0.0;0.0;0.0;0.0
1.0;1753877978.275912;18.323598;-9.87;-6.16;406.33;-1.559043;0.021536;-0.070494;0.0;0.0;0.0;0.0;0.0;0.0
1.0;1753877978.28051;18.315627;-10.23;-14.9;407.09;-1.30735;-0.731863;0.173981;0.0;0.0;0.0;0.0;0.0;0.0
1.0;1753877978.285108;18.323607;-4.1;-11.74;445.93;-0.680119;-0.108636;0.279185;0.0;0.0;0.0;0.0;0.0;0.0
1.0;1753877978.289706;18.33793;-1.58;-5.94;446.72;-0.883668;-0.197783;0.042586;0.0;0.0;0.0;0.0;0.0;0.0
1.0;1753877978.294304;18.345426;-11.66;-10.58;492.01;-0.760402;-0.241367;0.029956;0.0;0.0;0.0;0.0;0.0;0.0
1.0;1753877978.298902;18.332046;-13.31;3.23;474.3;-1.002056;-0.875378;-0.003101;0.0;0.0;0.0;0.0;0.0;0.0
1.0;1753877978.3035;18.32347;-8.99;-15.57;451.51;-0.986481;0.081871;-0.232193;0.0;0.0;0.0;0.0;0.0;0.0
1.0;1753877978.308097;18.345753;5.04;-13.62;462.9;-1.387913;-0.144871;0.101023;0.0;0.0;0.0;0.0;0.0;0.0
1.0;1753877978.312695;18.310845;-7.29;-8.37;416.31;-1.015386;0.124198;-0.222385;0.0;0.0;0.0;0.0;0.0;0.0
1.0;1753877978.317293;18.316571;-2.94;-10.11;363.09;-1.434939;0.019301;0.025638;0.0;0.0;0.0;0.0;0.0;0.0
1.0;1753877978.3215;18.328125;-6.51;-12.18;440.16;-0.983686;-0.070394;0.058072;0.0;0.0;0.0;0.0;0.0;0.0
1.0;1753877978.326098;18.340532;-7.4;-18.35;409.28;-1.950247;0.190551;0.139196;0.0;0.0;0.0;0.0;0.0;0.0
1.0;1753877978.330696;18.338763;-3.43;-14.6;469.37;-1.655152;-0.364353;0.029615;0.0;0.0;0.0;0.0;0.0;0.0
1.0;1753877978.335294;18.331762;3.65;-6.96;388.77;-0.695646;0.293023;0.204596;0.0;0.0;0.0;0.0;0.0;0.0
1.0;1753877978.339892;18.319837;-10.3;-12.93;463.5;-1.446679;0.085516;0.060558;0.0;0.0;0.0;0.0;0.0;0.0
1.0;1753877978.34449;18.305114;-2.57;-8.75;438.36;-0.665224;-0.205788;-0.033172;0.0;0.0;0.0;0.0;0.0;0.0
1.0;1753877978.349088;18.340935;4.46;-22.65;457.0;-1.125551;0.299916;0.031413;0.0;0.0;0.0;0.0;0.0;0.0
1.0;1753877978.353686;18.34542;-6.14;-12.14;438.69;-0.600151;-0.191999;0.064196;0.0;0.0;0.0;0.0;0.0;0.0
1.0;1753877978.358283;18.300516;-8.66;-4.78;435.36;-0.882503;-0.354437;0.045123;0.0;0.0;0.0;0.0;0.0;0.0
1.0;1753877978.362881;18.335737;-13.33;-14.03;439.37;-1.062299;-0.270068;-0.222123;0.0;0.0;0.0;0.0;0.0;0.0
1.0;1753877978.367479;18.331306;-6.28;-9.46;423.13;-1.543583;-0.667622;0.219643;0.0;0.0;0.0;0.0;0.0;0.0
1.0;1753877978.372077;18.321853;-2.04;-18.46;442.1;-0.65926;-0.162061;0.12584;0.0;0.0;0.0;0.0;0.0;0.0
1.0;1753877978.376675;18.314138;-14.48;-11.72;384.73;-0.277514;-0.799114;0.014886;0.0;0.0;0.0;0.0;0.0;0.0
1.0;1753877978.381273;18.316831;1.24;-15.38;454.98;-0.390855;-0.018138;-0.028214;0.0;0.0;0.0;0.0;0.0;0.0
1.0;1753877978.385871;18.332463;-5.96;-6.25;450.02;-0.772953;0.349849;-0.036621;0.0;0.0;0.0;0.0;0.0;0.0
1.0;1753877978.390468;18.350005;-16.47;-8.82;413.08;0.032528;0.010965;0.052243;0.0;0.0;0.0;0.0;0.0;0.0
1.0;1753877978.395066;18.33955;-2.23;-22.15;415.43;-1.159223;-0.04306;-0.115688;0.0;0.0;0.0;0.0;0.0;0.0
1.0;1753877978.399664;18.313548;-7.76;-14.6;441.75;-0.75103;0.010522;0.100016;0.0;0.0;0.0;0.0;0.0;0.0
1.0;1753877978.404262;18.316676;-9.3;-4.44;442.49;-0.365877;0.007825;-0.085271;0.0;0.0;0.0;0.0;0.0;0.0
1.0;1753877978.40886;18.308623;-4.6;-21.44;414.49;-0.732992;0.425974;0.395546;0.0;0.0;0.0;0.0;0.0;0.0
1.0;1753877978.413458;18.333662;-11.11;-11.29;445.98;-0.94688;0.406153;0.23364;0.0;0.0;0.0;0.0;0.0;0.0
1.0;1753877978.418056;18.336871;-12.22;-10.35;462.49;-1.67865;-0.064441;0.082374;0.0;0.0;0.0;0.0;0.0;0.0
1.0;1753877978.422654;18.328767;-0.7;-10.24;465.71;-0.335038;-0.141077;0.160809;0.0;0.0;0.0;0.0;0.0;0.0
1.0;1753877978.427252;18.336827;1.14;-9.17;376.62;-1.455532;0.050494;0.190147;0.0;0.0;0.0;0.0;0.0;0.0
1.0;1753877978.43185;18.317778;-6.13;-13.01;441.25;-1.215702;-0.106058;-0.027415;0.0;0.0;0.0;0.0;0.0;0.0
1.0;1753877978.436448;18.320652;-13.84;-7.74;448.21;-1.268882;0.497635;-0.10196;0.0;0.0;0.0;0.0;0.0;0.0
1.0;1753877978.441046;18.321041;-4.45;-3.79;461.87;-1.036367;-0.542307;0.033605;0.0;0.0;0.0;0.0;0.0;0.0
1.0;1753877978.445644;18.346059;-3.71;1.19;461.52;-1.223662;0.858487;0.185209;0.0;0.0;0.0;0.0;0.0;0.0
1.0;1753877978.450241;18.32666;1.13;-20.45;480.55;-1.267565;0.316667;0.000749;0.0;0.0;0.0;0.0;0.0;0.0
1.0;1753877978.454839;18.342334;-13.96;-19.42;471.89;-1.062486;0.336214;0.060451;0.0;0.0;0.0;0.0;0.0;0.0
1.0;1753877978.459437;18.300326;-4.21;-11.65;442.36;-0.910287;0.280658;0.076176;0.0;0.0;0.0;0.0;0.0;0.0
1.0;1753877978.464035;18.308668;-14.5;-16.19;425.57;-0.613203;-0.130858;0.045242;0.0;0.0;0.0;0.0;0.0;0.0
1.0;1753877978.468633;18.350272;-15.2;-11.55;419.35;-0.787756;0.858124;-0.089332;0.0;0.0;0.0;0.0;0.0;0.0
1.0;1753877978.473231;18.321901;4.23;-20.73;418.16;0.140238;-0.490785;-0.104517;0.0;0.0;0.0;0.0;0.0;0.0
1.0;1753877978.477829;18.321105;-9.81;-19.98;507.67;-1.125889;-0.474088;0.013513;0.0;0.0;0.0;0.0;0.0;0.0
1.0;1753877978.482427;18.319683;-5.01;-9.59;477.89;-1.003391;0.308008;0.123717;0.0;0.0;0.0;0.0;0.0;0.0
1.0;1753877978.487024;18.347585;-2.55;-9.21;447.66;-1.123056;0.037509;0.024008;0.0;0.0;0.0;0.0;0.0;0.0
1.0;1753877978.491622;18.347472;-7.28;-5.94;466.46;-1.169446;0.209848;0.192113;0.0;0.0;0.0;0.0;0.0;0.0
1.0;1753877978.49622;18.340711;-2.42;4.8;495.69;-0.967689;0.445376;0.134368;0.0;0.0;0.0;0.0;0.0;0.0
1.0;1753877978.500818;18.311387;-9.86;-24.07;446.87;-1.378291;0.080212;-0.105709;0.0;0.0;0.0;0.0;0.0;0.0
1.0;1753877978.505416;18.346215;4.33;-11.53;444.12;-1.195153;0.730651;0.018665;0.0;0.0;0.0;0.0;0.0;0.0
1.0;1753877978.510014;18.344788;-10.83;-12.17;472.3;-1.534615;-0.090153;0.200584;0.0;0.0;0.0;0.0;0.0;0.0
1.0;1753877978.514612;18.351989;-0.34;-9.97;405.41;-0.907952;0.581186;0.170287;0.0;0.0;0.0;0.0;0.0;0.0
1.0;1753877978.51921;18.312456;-8.14;-12.92;471.49;-1.353067;0.294829;0.32479;0.0;0.0;0.0;0.0;0.0;0.0
1.0;1753877978.523808;18.328692;-1.24;-14.87;423.54;-1.781519;0.280702;0.481637;0.0;0.0;0.0;0.0;0.0;0.0
1.0;1753877978.528406;18.330699;-0.35;-10.85;473.42;-1.236128;-0.046784;0.089828;0.0;0.0;0.0;0.0;0.0;0.0
1.0;1753877978.533004;18.334624;-11.18;-20.89;374.6;-0.825121;-0.157498;-0.143066;0.0;0.0;0.0;0.0;0.0;0.0
1.0;1753877978.537602;18.313152;-6.22;-10.5;392.12;-1.459653;-0.154215;-0.057489;0.0;0.0;0.0;0.0;0.0;0.0
1.0;1753877978.542199;18.317648;-0.69;-11.52;422.9;-0.694114;0.722908;0.065096;0.0;0.0;0.0;0.0;0.0;0.0
1.0;1753877978.546797;18.325839;-5.16;-16.61;481.04;-1.121058;0.028007;0.149136;0.0;0.0;0.0;0.0;0.0;0.0
1.0;1753877978.551395;18.318425;-4.75;-2.1;451.17;0.421485;0.561321;-0.127674;0.0;0.0;0.0;0.0;0.0;0.0
1.0;1753877978.555993;18.33864;-11.74;-15.84;414.26;-1.744674;0.156921;0.059476;0.0;0.0;0.0;0.0;0.0;0.0
1.0;1753877978.560591;18.315743;-9.79;-4.91;454.36;-1.122997;0.380847;-0.013415;0.0;0.0;0.0;0.0;0.0;0.0
1.0;1753877978.565189;18.303157;-13.76;-12.55;472.72;-0.716446;0.044367;0.08441;0.0;0.0;0.0;0.0;0.0;0.0
1.0;1753877978.569787;18.303927;-9.31;-17.28;416.53;-2.217017;-0.547515;-0.073313;0.0;0.0;0.0;0.0;0.0;0.0
1.0;1753877978.574385;18.341885;-5.1;-8.27;463.42;-1.585907;-0.055082;-0.023924;0.0;0.0;0.0;0.0;0.0;0.0
1.0;1753877978.578982;18.314139;-15.33;-27.63;452.65;-1.222046;-0.053568;0.115556;0.0;0.0;0.0;0.0;0.0;0.0
1.0;1753877978.58358;18.329207;-4.96;-1.87;455.57;-2.085487;-0.23515;-0.107408;0.0;0.0;0.0;0.0;0.0;0.0
1.0;1753877978.588178;18.314617;-18.14;-3.74;476.67;-1.924884;0.082241;0.099423;0.0;0.0;0.0;0.0;0.0;0.0
1.0;1753877978.592776;18.316243;-11.73;-13.7;382.34;-1.449356;-0.679078;-0.04927;0.0;0.0;0.0;0.0;0.0;0.0
1.0;1753877978.597374;18.336769;-5.07;-12.94;455.78;-1.369511;0.142085;0.273045;0.0;0.0;0.0;0.0;0.0;0.0
1.0;1753877978.601972;18.339816;-6.62;-13.1;427.23;-1.816085;0.512;0.011216;0.0;0.0;0.0;0.0;0.0;0.0
1.0;1753877978.60657;18.316106;1.32;-10.97;441.61;-2.196757;0.559264;0.023041;0.0;0.0;0.0;0.0;0.0;0.0
1.0;1753877978.611168;18.327286;-4.9;-11.26;408.33;-0.87539;0.095076;-0.018044;0.0;0.0;0.0;0.0;0.0;0.0
1.0;1753877978.615766;18.312544;-11.77;-12.7;459.24;-0.867862;0.418034;-0.057005;0.0;0.0;0.0;0.0;0.0;0.0
1.0;1753877978.620364;18.341555;-9.8;-8.73;437.41;-0.915466;0.475561;0.066278;0.0;0.0;0.0;0.0;0.0;0.0
1.0;1753877978.624962;18.337256;-7.35;-15.9;500.34;-0.726146;-0.450791;-0.153491;0.0;0.0;0.0;0.0;0.0;0.0
1.0;1753877978.62956;18.328128;-13.33;-13.09;407.02;-2.387945;0.45217;0.191959;0.0;0.0;0.0;0.0;0.0;0.0
1.0;1753877978.634158;18.344449;-2.02;-14.0;422.24;-1.61278;0.216076;0.010282;0.0;0.0;0.0;0.0;0.0;0.0
1.0;1753877978.638755;18.320316;-9.22;-7.24;462.31;-1.120041;0.149614;0.242061;0.0;0.0;0.0;0.0;0.0;0.0
1.0;1753877978.643353;18.313068;-7.72;-11.86;432.59;-1.151772;0.184157;-0.032277;0.0;0.0;0.0;0.0;0.0;0.0
1.0;1753877978.647951;18.301657;-10.92;-12.0;437.26;-0.900006;-0.259517;0.008611;0.0;0.0;0.0;0.0;0.0;0.0
1.0;1753877978.652549;18.318827;-16.78;-8.32;464.39;-0.520047;0.316991;0.199869;0.0;0.0;0.0;0.0;0.0;0.0
1.0;1753877978.657147;18.350213;-7.53;-12.66;395.56;-1.403321;1.136954;0.143407;0.0;0.0;0.0;0.0;0.0;0.0
1.0;1753877978.661745;18.325663;-9.53;-15.85;431.29;-1.381075;-0.439023;-0.081907;0.0;0.0;0.0;0.0;0.0;0.0
1.0;1753877978.666343;18.309076;-2.37;-17.15;446.09;-1.241543;0.339786;0.110277;0.0;0.0;0.0;0.0;0.0;0.0
1.0;1753877978.670941;18.31396;-1.31;-4.3;411.98;0.129788;0.669769;0.146722;0.0;0.0;0.0;0.0;0.0;0.0
1.0;1753877978.675538;18.343747;-4.87;-12.53;464.17;-1.057652;0.083551;-0.185941;0.0;0.0;0.0;0.0;0.0;0.0
1.0;1753877978.680136;18.356886;-3.78;-14.17;484.55;-1.743105;0.807559;0.010926;0.0;0.0;0.0;0.0;0.0;0.0
1.0;1753877978.684734;18.315468;-11.55;-14.49;401.35;-0.898134;-0.318676;0.003793;0.0;0.0;0.0;0.0;0.0;0.0
1.0;1753877978.689332;18.326342;-4.81;-13.04;441.23;-1.409101;0.982452;0.043479;0.0;0.0;0.0;0.0;0.0;0.0
1.0;1753877978.69393;18.319906;-17.71;-12.28;459.85;-2.006875;0.16288;-0.029633;0.0;0.0;0.0;0.0;0.0;0.0
1.0;1753877978.698528;18.331432;-10.27;-15.97;478.67;-1.657396;0.716112;-0.066171;0.0;0.0;0.0;0.0;0.0;0.0
1.0;1753877978.703126;18.333718;-12.66;-5.7;439.11;-1.088683;0.916201;0.057493;0.0;0.0;0.0;0.0;0.0;0.0
1.0;1753877978.707724;18.294917;-5.5;-9.3;467.34;-1.687687;0.636462;0.068013;0.0;0.0;0.0;0.0;0.0;0.0
1.0;1753877978.712322;18.316955;-9.18;-6.77;386.9;-0.853181;0.609895;-0.001609;0.0;0.0;0.0;0.0;0.0;0.0
1.0;1753877978.71692;18.325423;-4.56;-7.82;469.33;-0.91695;0.912803;0.061969;0.0;0.0;0.0;0.0;0.0;0.0
1.0;1753877978.721518;18.317027;-6.78;-7.24;480.9;-1.105061;0.442781;0.155816;0.0;0.0;0.0;0.0;0.0;0.0
1.0;1753877978.726116;18.363994;-3.6;-13.25;448.64;-1.587428;0.354488;-0.199999;0.0;0.0;0.0;0.0;0.0;0.0
1.0;1753877978.730713;18.326485;-6.52;-18.01;469.82;-0.716692;-0.075964;0.005676;0.0;0.0;0.0;0.0;0.0;0.0
1.0;1753877978.735311;18.318035;-6.9;0.86;444.64;-0.90119;-0.072186;0.12272;0.0;0.0;0.0;0.0;0.0;0.0
1.0;1753877978.739909;18.341244;-16.2;-7.95;485.03;-1.705028;0.064674;0.097457;0.0;0.0;0.0;0.0;0.0;0.0
1.0;1753877978.744507;18.305097;-3.65;-6.22;438.94;-1.284542;0.700716;0.090941;0.0;0.0;0.0;0.0;0.0;0.0
1.0;1753877978.749105;18.322903;-5.01;-4.57;364.02;-1.371935;-0.426907;0.114389;0.0;0.0;0.0;0.0;0.0;0.0
1.0;1753877978.753703;18.321793;-13.69;-10.36;396.04;-1.832438;0.372764;0.189661;0.0;0.0;0.0;0.0;0.0;0.0
1.0;1753877978.758301;18.338907;-16.85;-9.01;423.79;-1.731642;0.756232;0.015013;0.0;0.0;0.0;0.0;0.0;0.0
1.0;1753877978.762899;18.328793;-12.48;-13.55;443.61;-1.169043;-0.2933;0.098743;0.0;0.0;0.0;0.0;0.0;0.0
1.0;1753877978.767496;18.326163;-16.1;-16.59;411.66;-0.969425;0.082432;0.015349;0.0;0.0;0.0;0.0;0.0;0.0
1.0;1753877978.772094;18.337844;-13.78;-20.28;480.35;-1.667767;0.443268;-0.114369;0.0;0.0;0.0;0.0;0.0;0.0
1.0;1753877978.776692;18.337788;-15.46;-13.03;485.12;-1.168208;0.177362;0.060255;0.0;0.0;0.0;0.0;0.0;0.0
1.0;1753877978.78129;18.324239;-7.55;-9.28;484.23;-0.878743;-0.026597;0.331691;0.0;0.0;0.0;0.0;0.0;0.0
1.0;1753877978.785888;18.346271;-5.34;-11.46;463.12;-0.648011;0.489122;-0.085525;0.0;0.0;0.0;0.0;0.0;0.0
1.0;1753877978.790486;18.314184;-14.32;-16.97;459.04;-1.192357;0.741325;0.179943;0.0;0.0;0.0;0.0;0.0;0.0
1.0;1753877978.795084;18.346246;-9.88;-15.76;473.49;-1.198833;0.027441;-0.081339;0.0;0.0;0.0;0.0;0.0;0.0
1.0;1753877978.799682;18.325096;-13.98;1.63;432.08;-1.276166;0.139149;0.246254;0.0;0.0;0.0;0.0;0.0;0.0
1.0;1753877978.80428;18.290514;-9.61;-9.34;475.39;-0.945389;0.05021;-0.145899;0.0;0.0;0.0;0.0;0.0;0.0
1.0;1753877978.808878;18.343007;-10.83;-12.85;464.64;-1.583408;0.374269;-0.084092;0.0;0.0;0.0;0.0;0.0;0.0
1.0;1753877978.813476;18.32972;-13.39;-12.22;450.41;-1.414439;0.952006;0.129088;0.0;0.0;0.0;0.0;0.0;0.0
1.0;1753877978.818074;18.333335;-9.23;-16.91;444.65;-1.195591;0.163766;0.096828;0.0;0.0;0.0;0.0;0.0;0.0
1.0;1753877978.822672;18.317514;-10.48;-14.56;471.58;-0.942918;0.020621;-0.044882;0.0;0.0;0.0;0.0;0.0;0.0
1.0;1753877978.827269;18.2991;-1.03;-21.45;485.89;-1.131503;0.207414;0.232109;0.0;0.0;0.0;0.0;0.0;0.0
1.0;1753877978.831867;18.363162;-15.37;-13.36;415.6;-1.911203;0.676527;0.064015;0.0;0.0;0.0;0.0;0.0;0.0
1.0;1753877978.836465;18.336341;-18.42;-15.85;446.79;-1.356059;0.270293;-0.027188;0.0;0.0;0.0;0.0;0.0;0.0
1.0;1753877978.841063;18.334784;-9.81;-15.68;481.03;-0.238812;0.929347;-0.188021;0.0;0.0;0.0;0.0;0.0;0.0
1.0;1753877978.845661;18.322013;-5.61;-2.5;513.6;-1.777269;0.213651;0.156421;0.0;0.0;0.0;0.0;0.0;0.0
1.0;1753877978.850259;18.33388;-7.12;-11.29;484.49;-1.60725;0.391897;-0.010591;0.0;0.0;0.0;0.0;0.0;0.0
1.0;1753877978.854857;18.318314;-12.53;-5.04;428.23;-1.426797;0.205565;0.284833;0.0;0.0;0.0;0.0;0.0;0.0
1.0;1753877978.859455;18.329518;-7.01;-13.07;437.42;-1.386083;0.844175;0.221056;0.0;0.0;0.0;0.0;0.0;0.0
1.0;1753877978.864052;18.325368;-7.0;-9.42;422.69;-1.071035;0.436287;0.113941;0.0;0.0;0.0;0.0;0.0;0.0
1.0;1753877978.86865;18.309084;-16.41;-17.31;498.97;-1.173514;-0.016217;0.0046;0.0;0.0;0.0;0.0;0.0;0.0
1.0;1753877978.873248;18.320698;-4.28;-13.81;488.65;-0.533781;0.000237;-0.09701;0.0;0.0;0.0;0.0;0.0;0.0
1.0;1753877978.877846;18.364276;-20.22;-5.5;420.03;-1.096069;0.288811;0.058555;0.0;0.0;0.0;0.0;0.0;0.0
1.0;1753877978.882444;18.320992;-14.04;-11.27;466.82;-1.003619;-0.168381;-0.009977;0.0;0.0;0.0;0.0;0.0;0.0
1.0;1753877978.887042;18.306787;-1.0;-17.06;519.79;-1.686973;0.498622;-0.08854;0.0;0.0;0.0;0.0;0.0;0.0
1.0;1753877978.89164;18.30592;-14.89;-7.38;457.55;-0.900792;0.192708;0.217461;0.0;0.0;0.0;0.0;0.0;0.0
1.0;1753877978.896238;18.321269;-5.89;-19.25;457.56;-0.829882;0.039035;-0.00251;0.0;0.0;0.0;0.0;0.0;0.0
1.0;1753877978.900836;18.337424;-8.96;-8.31;476.96;-1.030835;0.740304;0.153502;0.0;0.0;0.0;0.0;0.0;0.0
1.0;1753877978.905434;18.332041;-2.32;-7.32;477.41;-1.058586;0.557909;0.055291;0.0;0.0;0.0;0.0;0.0;0.0
1.0;1753877978.910032;18.344332;-12.22;-9.58;419.55;-1.133696;-0.165677;-0.046069;0.0;0.0;0.0;0.0;0.0;0.0
1.0;1753877978.91463;18.33051;-6.55;-8.2;430.07;-2.261595;0.827355;-0.013465;0.0;0.0;0.0;0.0;0.0;0.0
1.0;1753877978.919227;18.344461;-16.94;-13.86;483.43;-1.402227;0.77367;-0.014178;0.0;0.0;0.0;0.0;0.0;0.0
1.0;1753877978.923825;18.334566;-14.66;-19.65;514.66;-0.684582;0.391121;0.103274;0.0;0.0;0.0;0.0;0.0;0.0
1.0;1753877978.928423;18.327571;-13.99;-8.7;444.61;-1.218314;1.000967;0.129251;0.0;0.0;0.0;0.0;0.0;0.0
1.0;1753877978.9344;18.328125;-10.71;-11.13;461.58;-1.272948;0.394548;0.005246;0.0;0.0;0.0;0.0;0.0;0.0
1.0;1753877978.938998;18.331085;-3.99;-11.46;441.59;-0.96962;0.413116;-0.154891;0.0;0.0;0.0;0.0;0.0;0.0
1.0;1753877978.943596;18.323908;-11.51;-13.79;463.37;-0.724166;0.580709;-0.082419;0.0;0.0;0.0;0.0;0.0;0.0
1.0;1753877978.948194;18.329015;-8.51;-4.76;460.42;-1.125666;0.713243;0.013258;0.0;0.0;0.0;0.0;0.0;0.0
1.0;1753877978.952792;18.313865;-5.57;-11.62;431.14;-0.260941;-0.066172;-0.003518;0.0;0.0;0.0;0.0;0.0;0.0
1.0;1753877978.95739;18.315112;-10.4;-10.42;459.04;-1.051156;1.086764;-0.136835;0.0;0.0;0.0;0.0;0.0;0.0
1.0;1753877978.961988;18.327131;-11.73;-9.89;443.05;-0.851796;0.885907;-0.060963;0.0;0.0;0.0;0.0;0.0;0.0
1.0;1753877978.966586;18.327308;-10.01;-9.68;453.63;-0.924443;0.511442;-0.028813;0.0;0.0;0.0;0.0;0.0;0.0
1.0;1753877978.971183;18.323723;-9.21;-9.24;476.65;-0.200469;0.92005;-0.033541;0.0;0.0;0.0;0.0;0.0;0.0
1.0;1753877978.975781;18.316702;-6.85;-8.76;460.91;-0.466588;1.20973;-0.13361;0.0;0.0;0.0;0.0;0.0;0.0
1.0;1753877978.980379;18.314832;-12.36;-11.05;461.72;-0.603491;2.274664;-0.107054;0.0;0.0;0.0;0.0;0.0;0.0
1.0;1753877978.984977;18.325941;-9.52;-7.55;464.39;-0.360826;0.667804;-0.037323;0.0;0.0;0.0;0.0;0.0;0.0
1.0;1753877978.99063;18.320312;-8.4;-10.15;452.97;-0.34282;1.085068;-0.092598;0.0;0.0;0.0;0.0;0.0;0.0
1.0;1753877978.990764;18.328125;2.24;-14.91;441.07;0.446886;0.926468;-0.179706;0.0;0.0;0.0;0.0;0.0;0.0
1.0;1753877978.99197;18.328125;-8.96;-9.59;454.23;0.264618;1.156682;0.08601;0.0;0.0;0.0;0.0;0.0;0.0
1.0;1753877978.996595;18.328125;-10.22;-2.87;466.48;0.412726;0.667096;0.201056;0.0;0.0;0.0;0.0;0.0;0.0
1.0;1753877979.001193;18.303694;-8.72;-4.96;463.95;-0.07874;0.60667;0.125126;0.0;0.0;0.0;0.0;0.0;0.0
1.0;1753877979.005791;18.329333;-6.2;-4.39;451.84;0.292653;0.85474;0.246693;0.0;0.0;0.0;0.0;0.0;0.0
1.0;1753877979.010388;18.33142;-12.35;0.22;474.24;0.712314;0.585734;0.191989;0.0;0.0;0.0;0.0;0.0;0.0
1.0;1753877979.014986;18.285866;-14.22;-2.43;461.45;-0.402612;0.44663;0.314273;0.0;0.0;0.0;0.0;0.0;0.0
1.0;1753877979.019584;18.31862;-2.47;-6.35;447.53;0.490288;0.684371;-0.043695;0.0;0.0;0.0;0.0;0.0;0.0
1.0;1753877979.024182;18.328986;-3.42;1.9;485.82;0.266358;0.912288;0.038911;0.0;0.0;0.0;0.0;0.0;0.0
1.0;1753877979.02878;18.272742;-6.51;-8.01;500.88;1.586847;0.598802;-0.026033;0.0;0.0;0.0;0.0;0.0;0.0
1.0;1753877979.033378;18.342457;-14.03;7.67;485.64;0.223434;0.583529;0.160202;0.0;0.0;0.0;0.0;0.0;0.0
1.0;1753877979.037976;18.315223;-11.15;-6.27;470.16;-0.002988;0.712168;0.073428;0.0;0.0;0.0;0.0;0.0;0.0
1.0;1753877979.042574;18.352299;-8.44;-3.43;469.41;0.427783;0.461;0.163502;0.0;0.0;0.0;0.0;0.0;0.0
1.0;1753877979.047172;18.305489;-13.45;-0.54;445.55;0.298017;0.101666;0.132543;0.0;0.0;0.0;0.0;0.0;0.0
1.0;1753877979.05177;18.291164;-7.0;-4.48;464.72;0.970308;0.055691;0.473401;0.0;0.0;0.0;0.0;0.0;0.0
1.0;1753877979.056368;18.319535;-9.0;-0.92;434.07;0.811236;0.318357;0.052929;0.0;0.0;0.0;0.0;0.0;0.0
1.0;1753877979.060966;18.344917;-14.93;-0.84;487.86;0.858407;0.686507;0.053109;0.0;0.0;0.0;0.0;0.0;0.0
1.0;1753877979.065564;18.287803;-21.79;-3.17;475.22;0.851177;1.010961;0.019252;0.0;0.0;0.0;0.0;0.0;0.0
1.0;1753877979.070161;18.301905;-10.74;-6.15;473.36;0.636763;0.721157;0.183846;0.0;0.0;0.0;0.0;0.0;0.0
1.0;1753877979.074759;18.326165;-13.36;-0.34;462.87;0.400573;0.238673;0.165981;0.0;0.0;0.0;0.0;0.0;0.0
1.0;1753877979.079357;18.295448;5.02;-4.95;470.63;1.254999;0.362909;0.017015;0.0;0.0;0.0;0.0;0.0;0.0
1.0;1753877979.083955;18.342105;-3.51;-0.18;473.18;0.825268;0.199603;0.044955;0.0;0.0;0.0;0.0;0.0;0.0
1.0;1753877979.088553;18.29333;-17.1;-10.96;494.27;1.036292;-0.071731;0.354696;0.0;0.0;0.0;0.0;0.0;0.0
1.0;1753877979.093151;18.29596;-10.13;2.69;465.65;0.607551;0.084866;0.0143;0.0;0.0;0.0;0.0;0.0;0.0
1.0;1753877979.097749;18.281749;-7.89;-0.17;480.74;1.107046;0.404066;-0.178447;0.0;0.0;0.0;0.0;0.0;0.0
1.0;1753877979.102347;18.31813;-6.52;-7.39;456.43;0.853321;0.238032;0.118503;0.0;0.0;0.0;0.0;0.0;0.0
1.0;1753877979.106944;18.309994;-16.19;-0.63;495.38;1.014971;0.330145;-0.230118;0.0;0.0;0.0;0.0;0.0;0.0
1.0;1753877979.111542;18.268455;-12.68;-6.85;487.44;1.013965;0.449579;-0.009494;0.0;0.0;0.0;0.0;0.0;0.0
1.0;1753877979.1174;18.292969;-10.64;-4.41;472.64;0.721996;0.602314;0.00976;0.0;0.0;0.0;0.0;0.0;0.0
1.0;1753877979.121998;18.276165;-1.62;-5.0;470.82;0.760028;0.745998;0.055391;0.0;0.0;0.0;0.0;0.0;0.0
1.0;1753877979.126596;18.31054;-8.23;-7.86;473.6;0.760695;0.233883;-0.047976;0.0;0.0;0.0;0.0;0.0;0.0
1.0;1753877979.131194;18.321872;-3.23;-2.18;473.12;0.761566;0.267759;0.05837;0.0;0.0;0.0;0.0;0.0;0.0
1.0;1753877979.135792;18.261658;-8.53;-0.58;464.79;1.185572;1.145939;-0.054361;0.0;0.0;0.0;0.0;0.0;0.0
1.0;1753877979.14039;18.295211;-18.58;-5.11;471.7;0.801629;0.562818;-0.043309;0.0;0.0;0.0;0.0;0.0;0.0
1.0;1753877979.144987;18.302959;-17.8;-5.92;470.69;0.491692;0.824956;0.096366;0.0;0.0;0.0;0.0;0.0;0.0
1.0;1753877979.149585;18.287346;5.76;-0.47;467.04;0.425931;0.671506;0.032962;0.0;0.0;0.0;0.0;0.0;0.0
1.0;1753877979.154183;18.318418;-14.38;-6.05;469.85;0.781065;0.613533;-0.224087;0.0;0.0;0.0;0.0;0.0;0.0
1.0;1753877979.158781;18.335387;-11.32;6.09;480.56;0.320355;0.813273;0.203245;0.0;0.0;0.0;0.0;0.0;0.0
1.0;1753877979.163379;18.283528;-5.3;-0.77;495.48;0.78984;0.743338;-0.0569;0.0;0.0;0.0;0.0;0.0;0.0
1.0;1753877979.167977;18.271316;-9.8;-5.4;488.11;1.053885;0.790496;0.179066;0.0;0.0;0.0;0.0;0.0;0.0
1.0;1753877979.172575;18.260578;-9.49;2.8;476.65;1.14658;0.639088;0.165289;0.0;0.0;0.0;0.0;0.0;0.0
1.0;1753877979.177173;18.31267;-5.52;-4.61;472.06;0.511284;0.967027;0.040486;0.0;0.0;0.0;0.0;0.0;0.0
1.0;1753877979.18177;18.27186;-6.28;-6.34;485.66;1.446865;0.932169;-0.291742;0.0;0.0;0.0;0.0;0.0;0.0
1.0;1753877979.186368;18.309866;-0.9;-1.01;436.75;0.785991;0.287714;0.003121;0.0;0.0;0.0;0.0;0.0;0.0
1.0;1753877979.190966;18.280063;5.19;-6.98;453.52;0.689122;0.57596;-0.175176;0.0;0.0;0.0;0.0;0.0;0.0
1.0;1753877979.195564;18.256059;-1.82;-4.57;482.39;-0.052889;0.747624;0.108508;0.0;0.0;0.0;0.0;0.0;0.0
1.0;1753877979.200162;18.232708;-4.18;-8.35;477.79;0.812507;0.884256;0.199044;0.0;0.0;0.0;0.0;0.0;0.0
1.0;1753877979.20476;18.351536;-3.37;-9.28;501.16;1.313076;0.612279;0.124868;0.0;0.0;0.0;0.0;0.0;0.0
1.0;1753877979.209358;18.258429;-3.14;-12.21;496.25;0.082323;0.449833;0.071608;0.0;0.0;0.0;0.0;0.0;0.0
1.0;1753877979.213956;18.316089;-6.27;0.56;470.43;0.450859;0.576127;0.006514;0.0;0.0;0.0;0.0;0.0;0.0
1.0;1753877979.218554;18.274562;-7.95;-6.84;462.24;1.154945;0.595626;-0.136542;0.0;0.0;0.0;0.0;0.0;0.0
1.0;1753877979.223152;18.351969;-14.65;-9.88;488.82;0.659143;0.910025;0.263666;0.0;0.0;0.0;0.0;0.0;0.0
1.0;1753877979.22775;18.287561;-5.09;-0.1;441.86;1.393519;0.930387;-0.134167;0.0;0.0;0.0;0.0;0.0;0.0
1.0;1753877979.232348;18.292245;-4.53;-7.71;440.76;0.544243;0.634035;0.303731;0.0;0.0;0.0;0.0;0.0;0.0
1.0;1753877979.236946;18.298285;-3.85;-4.65;470.73;0.230408;0.147395;-0.058295;0.0;0.0;0.0;0.0;0.0;0.0
1.0;1753877979.241543;18.279685;-8.98;-8.62;461.16;0.422157;0.404758;0.093042;0.0;0.0;0.0;0.0;0.0;0.0
1.0;1753877979.246141;18.254174;-19.15;-5.54;470.45;0.325425;0.857497;0.154946;0.0;0.0;0.0;0.0;0.0;0.0
1.0;1753877979.250739;18.310885;-8.17;-6.85;466.44;0.804221;0.118389;-0.015864;0.0;0.0;0.0;0.0;0.0;0.0
1.0;1753877979.255337;18.33335;-10.53;-4.34;458.13;0.38203;0.281736;-0.066589;0.0;0.0;0.0;0.0;0.0;0.0
1.0;1753877979.259935;18.324379;-7.17;-4.61;452.55;1.32521;0.667535;-0.038369;0.0;0.0;0.0;0.0;0.0;0.0
1.0;1753877979.264533;18.296149;-12.51;-3.12;457.45;0.685343;0.503683;0.273385;0.0;0.0;0.0;0.0;0.0;0.0
1.0;1753877979.269131;18.323092;0.76;-5.62;476.33;0.625892;0.393546;-0.078741;0.0;0.0;0.0;0.0;0.0;0.0
1.0;1753877979.273728;18.277225;-10.78;-6.47;469.26;-0.036501;0.086257;0.055495;0.0;0.0;0.0;0.0;0.0;0.0
1.0;1753877979.278326;18.25893;-9.26;1.15;469.89;0.694324;0.637688;0.084022;0.0;0.0;0.0;0.0;0.0;0.0
1.0;1753877979.282924;18.315309;-15.25;-7.0;466.23;0.488158;0.635818;0.296904;0.0;0.0;0.0;0.0;0.0;0.0
1.0;1753877979.287522;18.309323;-7.9;1.9;479.47;1.37103;0.681948;0.049754;0.0;0.0;0.0;0.0;0.0;0.0
1.0;1753877979.29212;18.279261;-9.59;-2.52;482.25;0.516008;1.029509;0.357835;0.0;0.0;0.0;0.0;0.0;0.0
1.0;1753877979.296718;18.288068;-15.08;-8.23;467.34;1.236536;0.062037;0.011606;0.0;0.0;0.0;0.0;0.0;0.0
1.0;1753877979.301316;18.290906;-3.32;-7.51;483.1;0.380071;0.46146;0.214301;0.0;0.0;0.0;0.0;0.0;0.0
1.0;1753877979.305914;18.28901;-7.33;-3.53;494.43;0.779148;0.892191;0.119455;0.0;0.0;0.0;0.0;0.0;0.0
1.0;1753877979.310512;18.291768;-5.11;-10.75;431.33;0.994382;1.184505;-0.100561;0.0;0.0;0.0;0.0;0.0;0.0
1.0;1753877979.31511;18.306069;-9.16;-8.22;469.54;1.148774;0.220799;0.231;0.0;0.0;0.0;0.0;0.0;0.0
1.0;1753877979.319708;18.246965;2.09;-12.27;451.13;0.41101;0.451015;0.181636;0.0;0.0;0.0;0.0;0.0;0.0
1.0;1753877979.324306;18.316996;-4.79;-6.11;447.36;1.301132;0.588258;-0.131922;0.0;0.0;0.0;0.0;0.0;0.0
1.0;1753877979.328904;18.261563;-8.5;-8.69;469.35;0.375938;0.765121;0.192676;0.0;0.0;0.0;0.0;0.0;0.0
1.0;1753877979.333501;18.347161;-14.79;-11.8;492.6;0.777925;0.687384;0.030105;0.0;0.0;0.0;0.0;0.0;0.0
1.0;1753877979.338099;18.272271;-8.01;-2.74;472.36;0.083503;0.57461;0.181954;0.0;0.0;0.0;0.0;0.0;0.0
1.0;1753877979.342697;18.277901;0.97;0.63;439.22;0.289362;0.098086;-0.241854;0.0;0.0;0.0;0.0;0.0;0.0
1.0;1753877979.347295;18.280928;-4.6;-5.53;440.55;0.873681;0.804542;0.009271;0.0;0.0;0.0;0.0;0.0;0.0
1.0;1753877979.351893;18.270576;-2.58;-7.55;470.03;0.521025;0.486248;-0.069605;0.0;0.0;0.0;0.0;0.0;0.0
1.0;1753877979.356491;18.259966;-0.87;-3.99;474.35;0.809942;0.237721;-0.180293;0.0;0.0;0.0;0.0;0.0;0.0
1.0;1753877979.361089;18.290526;9.4;-14.05;477.09;1.155343;0.743434;-0.148979;0.0;0.0;0.0;0.0;0.0;0.0
1.0;1753877979.365687;18.260694;-6.52;-5.04;480.07;0.201389;0.782018;0.176428;0.0;0.0;0.0;0.0;0.0;0.0
1.0;1753877979.370284;18.265225;-11.32;-2.36;456.63;0.1683;0.594555;-0.034957;0.0;0.0;0.0;0.0;0.0;0.0
1.0;1753877979.374882;18.297785;-5.58;3.66;450.74;0.124144;0.662513;0.174788;0.0;0.0;0.0;0.0;0.0;0.0
1.0;1753877979.37948;18.24208;-6.47;-4.89;481.92;1.529573;0.548978;-0.015791;0.0;0.0;0.0;0.0;0.0;0.0
1.0;1753877979.384078;18.245164;-2.45;-8.4;466.45;0.229116;1.23688;0.134608;0.0;0.0;0.0;0.0;0.0;0.0
1.0;1753877979.388676;18.318576;5.35;-10.59;473.71;1.712367;0.80068;-0.130633;0.0;0.0;0.0;0.0;0.0;0.0
1.0;1753877979.393274;18.307625;18.35;2.94;476.81;1.07329;0.522413;-0.094428;0.0;0.0;0.0;0.0;0.0;0.0
1.0;1753877979.397872;18.236707;-12.59;-12.7;467.04;0.982371;0.848248;0.327979;0.0;0.0;0.0;0.0;0.0;0.0
1.0;1753877979.40247;18.268653;-3.13;-8.89;454.87;0.53183;0.374146;-0.146912;0.0;0.0;0.0;0.0;0.0;0.0
1.0;1753877979.407068;18.260086;-10.96;-12.39;473.36;1.05248;0.459922;-0.013736;0.0;0.0;0.0;0.0;0.0;0.0
1.0;1753877979.411666;18.309356;-11.02;-7.35;486.19;0.997108;0.714726;-0.078264;0.0;0.0;0.0;0.0;0.0;0.0
1.0;1753877979.416264;18.272037;-8.95;-10.18;434.97;0.627109;1.091391;0.132945;0.0;0.0;0.0;0.0;0.0;0.0
1.0;1753877979.420862;18.231567;-2.19;-10.62;459.54;1.021548;1.145191;0.091094;0.0;0.0;0.0;0.0;0.0;0.0
1.0;1753877979.42546;18.297743;-6.07;-4.76;466.2;0.124485;0.710193;0.186181;0.0;0.0;0.0;0.0;0.0;0.0
1.0;1753877979.430057;18.250789;-10.68;-14.24;472.91;0.224881;0.907765;-0.166364;0.0;0.0;0.0;0.0;0.0;0.0
1.0;1753877979.434655;18.30655;-2.02;-5.05;480.25;1.105282;0.746253;-0.042434;0.0;0.0;0.0;0.0;0.0;0.0
1.0;1753877979.439253;18.252006;13.51;-8.92;434.91;1.058498;0.646711;0.033328;0.0;0.0;0.0;0.0;0.0;0.0
1.0;1753877979.443851;18.285099;-2.94;0.79;421.79;0.373262;0.705004;0.355671;0.0;0.0;0.0;0.0;0.0;0.0
1.0;1753877979.448449;18.316974;9.06;-9.52;440.63;0.194148;0.537486;-0.002942;0.0;0.0;0.0;0.0;0.0;0.0
1.0;1753877979.453047;18.281031;2.21;-6.03;465.42;0.50883;-0.085529;0.086797;0.0;0.0;0.0;0.0;0.0;0.0
1.0;1753877979.457645;18.333863;-2.58;-4.27;455.61;0.87903;0.381909;-0.312399;0.0;0.0;0.0;0.0;0.0;0.0
1.0;1753877979.462242;18.347216;-12.59;-8.97;454.4;0.545643;0.575234;-0.088997;0.0;0.0;0.0;0.0;0.0;0.0
1.0;1753877979.46684;18.29019;-9.45;-13.31;457.47;0.659427;1.01007;-0.184836;0.0;0.0;0.0;0.0;0.0;0.0
1.0;1753877979.471438;18.302352;-5.43;-10.54;435.71;1.279689;0.741509;-0.253614;0.0;0.0;0.0;0.0;0.0;0.0
1.0;1753877979.476036;18.336226;-2.4;-2.11;466.94;0.760337;0.970038;-0.12599;0.0;0.0;0.0;0.0;0.0;0.0
1.0;1753877979.480634;18.28607;-16.12;-2.76;469.47;1.080581;0.128096;-0.122792;0.0;0.0;0.0;0.0;0.0;0.0
1.0;1753877979.485232;18.273738;-2.49;-6.4;480.22;0.990647;0.726518;-0.140526;0.0;0.0;0.0;0.0;0.0;0.0
1.0;1753877979.48983;18.273007;-15.34;-11.28;413.22;0.616571;1.019745;-0.108545;0.0;0.0;0.0;0.0;0.0;0.0
1.0;1753877979.494428;18.322314;-8.7;-3.14;484.8;0.290132;0.202659;0.047011;0.0;0.0;0.0;0.0;0.0;0.0
1.0;1753877979.499026;18.274889;-9.64;-3.47;470.16;0.626179;0.158267;-0.001307;0.0;0.0;0.0;0.0;0.0;0.0
1.0;1753877979.503624;18.304016;-5.2;-10.56;464.08;0.514539;0.709429;0.04097;0.0;0.0;0.0;0.0;0.0;0.0
1.0;1753877979.508222;18.309208;-6.24;-7.36;461.94;1.1697;0.909037;0.079158;0.0;0.0;0.0;0.0;0.0;0.0
1.0;1753877979.51282;18.354977;-3.14;-2.6;464.12;0.8503;0.406323;0.132315;0.0;0.0;0.0;0.0;0.0;0.0
1.0;1753877979.517418;18.29984;0.84;-6.12;459.05;0.659494;0.544147;0.16964;0.0;0.0;0.0;0.0;0.0;0.0
1.0;1753877979.522015;18.289809;7.28;-9.6;472.33;0.05467;0.74708;0.005066;0.0;0.0;0.0;0.0;0.0;0.0
1.0;1753877979.526613;18.303437;-4.44;-12.55;443.21;1.200287;0.395133;0.227905;0.0;0.0;0.0;0.0;0.0;0.0
1.0;1753877979.531211;18.29853;-1.59;-8.66;488.28;0.782182;0.776315;0.173728;0.0;0.0;0.0;0.0;0.0;0.0
1.0;1753877979.535809;18.27124;-2.35;-7.29;474.04;0.514791;0.673232;-0.00031;0.0;0.0;0.0;0.0;0.0;0.0
1.0;1753877979.540407;18.325704;-14.54;-2.69;440.43;1.021483;0.734492;-0.217565;0.0;0.0;0.0;0.0;0.0;0.0
1.0;1753877979.545005;18.30027;-14.53;-11.81;453.82;1.269829;0.276737;-0.140826;0.0;0.0;0.0;0.0;0.0;0.0
1.0;1753877979.549603;18.285419;-0.72;-3.45;469.87;0.570802;0.554986;0.018097;0.0;0.0;0.0;0.0;0.0;0.0
1.0;1753877979.554201;18.333481;-0.09;-6.48;453.37;0.287918;0.61437;0.04579;0.0;0.0;0.0;0.0;0.0;0.0
1.0;1753877979.558798;18.308771;-1.62;-4.12;436.26;-0.044257;0.293874;0.142601;0.0;0.0;0.0;0.0;0.0;0.0
1.0;1753877979.5637;18.292969;-1.82;-8.68;457.8;0.721996;0.602314;0.00976;0.0;0.0;0.0;0.0;0.0;0.0
1.0;1753877979.568298;18.316088;-6.93;-16.54;454.24;0.380816;0.470104;-0.316896;0.0;0.0;0.0;0.0;0.0;0.0
1.0;1753877979.572896;18.286799;-2.73;-4.19;455.61;0.886866;0.520968;0.179869;0.0;0.0;0.0;0.0;0.0;0.0
1.0;1753877979.577494;18.367053;-8.13;-7.7;470.0;0.252558;0.636555;-0.084158;0.0;0.0;0.0;0.0;0.0;0.0
1.0;1753877979.582092;18.265202;-9.46;-5.97;452.22;0.184449;0.292655;-0.001681;0.0;0.0;0.0;0.0;0.0;0.0
1.0;1753877979.58669;18.340343;1.49;-8.75;453.01;0.600212;0.412495;0.060155;0.0;0.0;0.0;0.0;0.0;0.0
1.0;1753877979.591287;18.319064;-7.94;-6.08;446.06;0.64434;0.033617;0.02827;0.0;0.0;0.0;0.0;0.0;0.0
1.0;1753877979.595885;18.315943;-12.84;-11.92;434.33;0.107113;0.557392;-0.008897;0.0;0.0;0.0;0.0;0.0;0.0
1.0;1753877979.600483;18.327866;-5.2;-12.47;471.38;0.961893;0.623697;-0.171466;0.0;0.0;0.0;0.0;0.0;0.0
1.0;1753877979.60611;18.34375;-6.51;-9.45;451.85;0.73444;0.429928;-0.02257;0.0;0.0;0.0;0.0;0.0;0.0
1.0;1753877979.610708;18.353989;-8.2;-18.94;453.35;0.083444;0.277106;0.081739;0.0;0.0;0.0;0.0;0.0;0.0
1.0;1753877979.615306;18.310844;-5.37;-6.25;431.62;0.29228;0.419748;0.053039;0.0;0.0;0.0;0.0;0.0;0.0
1.0;1753877979.619904;18.317013;-8.42;-9.85;443.89;0.258102;0.419549;0.016883;0.0;0.0;0.0;0.0;0.0;0.0
1.0;1753877979.624502;18.335993;-11.52;-10.76;467.25;0.644456;0.505286;0.130427;0.0;0.0;0.0;0.0;0.0;0.0
1.0;1753877979.6291;18.332257;-13.4;2.12;445.17;1.226787;0.73591;0.304247;0.0;0.0;0.0;0.0;0.0;0.0
1.0;1753877979.633698;18.327537;-12.11;-9.17;455.17;1.096292;0.210152;-0.074104;0.0;0.0;0.0;0.0;0.0;0.0
1.0;1753877979.638296;18.357356;2.53;-8.91;448.2;1.024404;0.108888;0.009342;0.0;0.0;0.0;0.0;0.0;0.0
1.0;1753877979.642893;18.339811;-1.88;-1.06;436.47;0.627688;0.291198;0.300226;0.0;0.0;0.0;0.0;0.0;0.0
1.0;1753877979.647491;18.359897;-12.49;-10.95;420.31;0.717068;0.099406;0.10147;0.0;0.0;0.0;0.0;0.0;0.0
1.0;1753877979.65201;18.34375;-7.14;-6.65;450.52;0.905118;0.154452;0.12322;0.0;0.0;0.0;0.0;0.0;0.0
1.0;1753877979.656608;18.421344;-12.38;-10.29;438.23;1.055566;0.102393;0.114097;0.0;0.0;0.0;0.0;0.0;0.0
1.0;1753877979.661206;18.367679;-3.55;-11.73;441.98;0.467878;0.278214;0.084854;0.0;0.0;0.0;0.0;0.0;0.0
1.0;1753877979.665804;18.329172;3.29;-6.68;466.46;0.749266;0.102712;-0.072844;0.0;0.0;0.0;0.0;0.0;0.0
1.0;1753877979.670402;18.339919;-12.31;-12.04;455.89;1.842699;0.269132;0.071302;0.0;0.0;0.0;0.0;0.0;0.0
1.0;1753877979.675;18.340314;-9.91;-3.44;464.74;1.258453;0.285025;0.343652;0.0;0.0;0.0;0.0;0.0;0.0
1.0;1753877979.679598;18.316096;-14.52;-6.84;440.39;0.174564;0.276181;0.07815;0.0;0.0;0.0;0.0;0.0;0.0
1.0;1753877979.684195;18.315526;-10.48;-2.85;449.09;1.470491;0.377425;-0.052066;0.0;0.0;0.0;0.0;0.0;0.0
1.0;1753877979.688793;18.323114;-11.54;-3.23;438.53;1.135104;0.446721;0.105133;0.0;0.0;0.0;0.0;0.0;0.0
1.0;1753877979.69752;18.34375;-9.73;-5.39;444.64;0.918294;0.668804;0.139202;0.0;0.0;0.0;0.0;0.0;0.0
1.0;1753877979.702118;18.366054;-13.11;-3.9;468.28;0.736749;0.746372;-0.024009;0.0;0.0;0.0;0.0;0.0;0.0
1.0;1753877979.706716;18.280676;-6.19;-1.88;439.79;0.389149;0.778945;0.40888;0.0;0.0;0.0;0.0;0.0;0.0
1.0;1753877979.711314;18.329388;-7.21;-8.89;446.93;0.540287;0.485015;0.041507;0.0;0.0;0.0;0.0;0.0;0.0
1.0;1753877979.715912;18.34297;-7.89;3.32;415.69;1.306718;0.377271;0.14426;0.0;0.0;0.0;0.0;0.0;0.0
1.0;1753877979.72051;18.332175;-7.89;-10.95;427.95;0.551335;0.637549;0.132944;0.0;0.0;0.0;0.0;0.0;0.0
1.0;1753877979.725108;18.340329;-3.77;-10.64;445.19;0.611282;0.799683;0.132417;0.0;0.0;0.0;0.0;0.0;0.0
1.0;1753877979.729705;18.323418;-8.32;-6.02;438.76;0.321395;0.460554;0.107921;0.0;0.0;0.0;0.0;0.0;0.0
1.0;1753877979.734303;18.350953;-19.77;-9.27;433.16;0.644105;0.731242;0.077131;0.0;0.0;0.0;0.0;0.0;0.0
1.0;1753877979.738901;18.323922;-4.4;-6.71;439.74;1.092088;0.40645;0.168207;0.0;0.0;0.0;0.0;0.0;0.0
1.0;1753877979.743499;18.354434;-12.76;-5.67;442.03;1.362388;1.005595;0.202681;0.0;0.0;0.0;0.0;0.0;0.0
1.0;1753877979.748097;18.317952;-3.6;-0.42;443.43;0.668393;0.00623;0.088667;0.0;0.0;0.0;0.0;0.0;0.0
1.0;1753877979.752695;18.337752;-8.19;-16.44;450.37;0.284504;0.503929;-0.149712;0.0;0.0;0.0;0.0;0.0;0.0
1.0;1753877979.757293;18.300237;-0.3;-4.92;465.43;0.650384;0.113188;0.248803;0.0;0.0;0.0;0.0;0.0;0.0
1.0;1753877979.761891;18.258787;-6.53;-1.98;461.93;0.750983;-0.023461;0.363386;0.0;0.0;0.0;0.0;0.0;0.0
1.0;1753877979.766488;18.276902;-11.84;-10.69;450.29;-0.092977;0.046847;0.368827;0.0;0.0;0.0;0.0;0.0;0.0
1.0;1753877979.771086;18.362388;-13.37;-7.88;470.98;-0.978797;0.625902;0.035175;0.0;0.0;0.0;0.0;0.0;0.0
1.0;1753877979.775684;18.313157;1.06;-2.25;435.79;0.828632;0.191621;0.206411;0.0;0.0;0.0;0.0;0.0;0.0
1.0;1753877979.780282;18.326973;-9.51;-4.84;460.39;-0.392245;0.518381;0.358459;0.0;0.0;0.0;0.0;0.0;0.0
1.0;1753877979.78488;18.329146;-3.1;-9.91;445.34;-0.063863;-0.093857;0.055394;0.0;0.0;0.0;0.0;0.0;0.0
1.0;1753877979.7907;18.328125;-7.14;-9.1;464.66;0.1708;0.244122;0.121146;0.0;0.0;0.0;0.0;0.0;0.0
1.0;1753877979.795298;18.364686;-5.54;-9.32;480.43;0.117977;0.664911;0.051005;0.0;0.0;0.0;0.0;0.0;0.0
1.0;1753877979.799896;18.296771;-2.18;-11.22;476.38;0.563979;0.255174;0.269883;0.0;0.0;0.0;0.0;0.0;0.0
1.0;1753877979.804494;18.337845;-0.56;-10.85;467.54;0.946245;0.09805;-0.179083;0.0;0.0;0.0;0.0;0.0;0.0
1.0;1753877979.809092;18.349824;-7.7;-15.9;469.64;0.311939;0.289641;0.161689;0.0;0.0;0.0;0.0;0.0;0.0
1.0;1753877979.81369;18.328704;-1.77;-7.19;474.28;0.051017;-0.239761;0.015831;0.0;0.0;0.0;0.0;0.0;0.0
1.0;1753877979.818287;18.361167;-4.0;-14.75;476.41;0.546635;0.479346;0.202991;0.0;0.0;0.0;0.0;0.0;0.0
1.0;1753877979.822885;18.34203;-6.78;-15.99;468.56;0.005039;0.098673;-0.122906;0.0;0.0;0.0;0.0;0.0;0.0
1.0;1753877979.827483;18.30317;-3.92;1.18;491.7;0.285106;0.444113;0.124306;0.0;0.0;0.0;0.0;0.0;0.0
1.0;1753877979.832081;18.294763;-13.9;-10.89;465.4;0.476824;0.693739;0.197575;0.0;0.0;0.0;0.0;0.0;0.0
1.0;1753877979.836679;18.255453;-7.1;-11.1;476.73;0.067998;0.213126;0.295891;0.0;0.0;0.0;0.0;0.0;0.0
1.0;1753877979.841277;18.332728;-11.46;-18.19;474.93;0.664647;0.18491;0.173724;0.0;0.0;0.0;0.0;0.0;0.0
1.0;1753877979.845875;18.33218;-5.36;-8.46;450.56;1.348306;0.074753;0.111807;0.0;0.0;0.0;0.0;0.0;0.0
1.0;1753877979.850473;18.311204;-6.96;-22.16;484.67;1.198731;0.356855;0.145644;0.0;0.0;0.0;0.0;0.0;0.0
1.0;1753877979.85507;18.351095;-5.94;-10.82;444.37;1.335816;0.430814;0.02395;0.0;0.0;0.0;0.0;0.0;0.0
1.0;1753877979.859668;18.299494;-5.35;-18.32;469.2;0.260816;-0.144701;-0.227203;0.0;0.0;0.0;0.0;0.0;0.0
1.0;1753877979.864266;18.335499;-8.29;-18.66;496.8;1.925393;0.075923;-0.002125;0.0;0.0;0.0;0.0;0.0;0.0
1.0;1753877979.868864;18.348974;-9.99;-14.74;442.3;0.471401;0.37483;-0.146152;0.0;0.0;0.0;0.0;0.0;0.0
1.0;1753877979.873462;18.317686;-11.9;-22.78;511.7;1.273363;0.096369;-0.060835;0.0;0.0;0.0;0.0;0.0;0.0
1.0;1753877979.87806;18.321217;-1.2;-6.95;470.39;0.611921;0.127191;0.03187;0.0;0.0;0.0;0.0;0.0;0.0
1.0;1753877979.88396;18.328125;-7.84;-17.5;475.44;0.901946;0.399306;-0.056486;0.0;0.0;0.0;0.0;0.0;0.0
1.0;1753877979.888558;18.326805;-4.78;-11.47;470.32;0.311333;0.887164;0.000906;0.0;0.0;0.0;0.0;0.0;0.0
1.0;1753877979.893156;18.351604;-9.7;-22.28;462.89;1.120161;0.275192;-0.13423;0.0;0.0;0.0;0.0;0.0;0.0
1.0;1753877979.897754;18.332932;-9.53;-12.24;495.5;1.362697;0.043166;0.049137;0.0;0.0;0.0;0.0;0.0;0.0
1.0;1753877979.902352;18.325467;-1.21;-12.81;479.81;0.459165;0.1867;0.063846;0.0;0.0;0.0;0.0;0.0;0.0
1.0;1753877979.90695;18.347186;-3.8;-14.23;478.54;1.490222;0.242664;0.150192;0.0;0.0;0.0;0.0;0.0;0.0
1.0;1753877979.911548;18.309565;-7.26;-4.71;432.74;0.907909;0.361886;-0.303047;0.0;0.0;0.0;0.0;0.0;0.0
1.0;1753877979.916145;18.375138;-6.65;-8.6;501.79;2.229309;0.266752;0.029658;0.0;0.0;0.0;0.0;0.0;0.0
1.0;1753877979.920743;18.367961;-2.39;-6.7;469.89;1.890686;0.078869;-0.168085;0.0;0.0;0.0;0.0;0.0;0.0
1.0;1753877979.92621;18.359375;-0.7;-15.96;472.71;1.484496;0.151768;-0.087108;0.0;0.0;0.0;0.0;0.0;0.0
1.0;1753877979.930808;18.350869;-3.96;-8.52;464.97;1.146685;0.564079;0.205718;0.0;0.0;0.0;0.0;0.0;0.0
1.0;1753877979.935406;18.338878;-5.62;-15.01;442.42;1.116699;0.248521;0.03542;0.0;0.0;0.0;0.0;0.0;0.0
1.0;1753877979.940004;18.328949;-6.38;-18.21;447.58;1.159465;0.192043;0.337171;0.0;0.0;0.0;0.0;0.0;0.0
1.0;1753877979.944602;18.359619;1.5;-9.81;448.65;1.630434;0.252349;-0.146023;0.0;0.0;0.0;0.0;0.0;0.0
1.0;1753877979.9492;18.353482;-4.48;-17.76;438.38;1.982509;0.482427;-0.095234;0.0;0.0;0.0;0.0;0.0;0.0
1.0;1753877979.953797;18.368577;-9.22;-24.15;466.32;0.979372;-0.149675;0.256946;0.0;0.0;0.0;0.0;0.0;0.0
1.0;1753877979.958395;18.345481;-2.03;-5.45;465.69;1.216355;0.083494;-0.031084;0.0;0.0;0.0;0.0;0.0;0.0
1.0;1753877979.962993;18.360283;-14.96;-13.84;469.79;1.010927;-0.128876;0.132973;0.0;0.0;0.0;0.0;0.0;0.0
1.0;1753877979.967591;18.339653;-8.17;-21.53;478.94;1.633862;0.344514;0.032739;0.0;0.0;0.0;0.0;0.0;0.0
1.0;1753877979.972189;18.378092;-9.23;-11.64;445.49;1.481122;0.203772;0.07981;0.0;0.0;0.0;0.0;0.0;0.0
1.0;1753877979.97905;18.359375;-9.73;-10.5;449.54;1.39385;0.073566;0.183732;0.0;0.0;0.0;0.0;0.0;0.0
1.0;1753877979.979778;18.378906;-6.3;-11.48;457.45;-0.162016;-1.310036;0.357704;0.0;0.0;0.0;0.0;0.0;0.0
1.0;1753877979.984245;18.378906;-17.01;-10.22;442.05;-0.162016;-1.310036;0.357704;0.0;0.0;0.0;0.0;0.0;0.0
1.0;1753877979.988822;18.335938;-10.01;-12.04;415.94;0.707234;0.379176;0.079544;0.0;0.0;0.0;0.0;0.0;0.0
1.0;1753877979.994867;18.335938;-11.83;-4.83;415.59;1.554036;-0.321714;0.17934;0.0;0.0;0.0;0.0;0.0;0.0
1.0;1753877979.998066;18.335938;0.35;-5.6;481.25;0.411994;0.065148;0.182146;0.0;0.0;0.0;0.0;0.0;0.0
1.0;1753877980.002664;18.432283;-24.0;0.47;531.42;0.112011;-1.014665;-0.75067;0.0;0.0;0.0;0.0;0.0;0.0
1.0;1753877980.007262;18.357344;-2.62;-21.49;441.63;-1.509654;-0.483512;0.317733;0.0;0.0;0.0;0.0;0.0;0.0
1.0;1753877980.01186;18.319412;1.72;-5.62;524.06;0.96686;0.900948;0.517735;0.0;0.0;0.0;0.0;0.0;0.0
1.0;1753877980.016458;18.354287;-2.15;-6.5;467.79;-0.93961;0.179941;-0.706518;0.0;0.0;0.0;0.0;0.0;0.0
1.0;1753877980.021056;18.383428;-16.2;-27.89;524.07;0.140314;-0.046637;0.16003;0.0;0.0;0.0;0.0;0.0;0.0
1.0;1753877980.025653;18.308268;-7.25;2.41;449.23;0.666362;1.121178;0.457428;0.0;0.0;0.0;0.0;0.0;0.0
1.0;1753877980.030251;18.337625;-23.32;-18.99;499.41;1.364855;0.252308;0.18224;0.0;0.0;0.0;0.0;0.0;0.0
1.0;1753877980.034849;18.333023;-3.62;3.05;489.75;2.275026;0.856009;0.358529;0.0;0.0;0.0;0.0;0.0;0.0
1.0;1753877980.039447;18.314611;3.73;-20.97;466.41;0.036182;1.690399;0.44796;0.0;0.0;0.0;0.0;0.0;0.0
1.0;1753877980.044045;18.337235;16.65;16.88;456.23;0.777381;0.340781;-0.573751;0.0;0.0;0.0;0.0;0.0;0.0
1.0;1753877980.048643;18.350871;-5.26;-7.42;505.49;0.311841;-0.825637;0.470895;0.0;0.0;0.0;0.0;0.0;0.0
1.0;1753877980.053241;18.322411;3.04;-7.42;502.09;0.11588;0.693031;0.020955;0.0;0.0;0.0;0.0;0.0;0.0
1.0;1753877980.057839;18.327372;-3.85;-28.15;515.48;0.56544;0.394025;-0.123842;0.0;0.0;0.0;0.0;0.0;0.0
1.0;1753877980.062436;18.350997;13.59;-16.62;552.76;0.190835;0.443272;0.103172;0.0;0.0;0.0;0.0;0.0;0.0
1.0;1753877980.067034;18.34107;-3.3;-6.03;479.98;-0.331658;-0.946504;1.238683;0.0;0.0;0.0;0.0;0.0;0.0
1.0;1753877980.071632;18.307294;-20.78;4.95;520.15;-0.490637;0.699885;-0.511446;0.0;0.0;0.0;0.0;0.0;0.0
1.0;1753877980.07623;18.314209;31.63;-0.99;518.44;0.482588;-0.260339;0.253203;0.0;0.0;0.0;0.0;0.0;0.0
1.0;1753877980.080828;18.333014;-12.6;-23.77;461.69;0.616892;-0.645046;0.278661;0.0;0.0;0.0;0.0;0.0;0.0
1.0;1753877980.085426;18.290871;-12.42;-23.68;517.56;-1.145003;-0.47904;0.243374;0.0;0.0;0.0;0.0;0.0;0.0
1.0;1753877980.090024;18.326292;0.65;-12.68;484.77;-1.865305;-1.168284;0.288601;0.0;0.0;0.0;0.0;0.0;0.0
1.0;1753877980.094622;18.307427;0.34;-1.76;412.01;-0.698657;0.36886;0.255969;0.0;0.0;0.0;0.0;0.0;0.0
1.0;1753877980.09922;18.33727;-6.14;-14.12;521.23;-0.19504;-0.448989;0.166432;0.0;0.0;0.0;0.0;0.0;0.0
1.0;1753877980.103818;18.329825;19.84;-1.67;504.91;0.485335;0.249915;-0.073135;0.0;0.0;0.0;0.0;0.0;0.0
1.0;1753877980.108416;18.319869;-1.75;-10.08;473.21;-0.704353;-0.662176;0.271962;0.0;0.0;0.0;0.0;0.0;0.0
1.0;1753877980.113014;18.338933;18.64;-4.15;473.79;0.820615;-0.891215;0.189308;0.0;0.0;0.0;0.0;0.0;0.0
1.0;1753877980.117612;18.399462;7.32;9.94;445.99;-0.367841;-0.224772;-0.636936;0.0;0.0;0.0;0.0;0.0;0.0
1.0;1753877980.122209;18.401902;-8.89;-3.83;468.9;-0.279568;1.293188;0.166089;0.0;0.0;0.0;0.0;0.0;0.0
1.0;1753877980.126807;18.352382;0.37;10.74;440.0;0.539139;-1.4262;-0.170692;0.0;0.0;0.0;0.0;0.0;0.0
1.0;1753877980.131405;18.351017;21.29;-30.95;505.37;0.079886;0.533854;0.307468;0.0;0.0;0.0;0.0;0.0;0.0
1.0;1753877980.136003;18.315849;5.69;-25.8;497.03;0.10839;-0.399026;-0.545159;0.0;0.0;0.0;0.0;0.0;0.0
1.0;1753877980.140601;18.353634;11.74;2.04;440.71;-0.065115;0.414281;-0.469396;0.0;0.0;0.0;0.0;0.0;0.0
1.0;1753877980.145199;18.333167;1.76;-3.38;532.53;1.132029;-0.479752;0.350663;0.0;0.0;0.0;0.0;0.0;0.0
1.0;1753877980.149797;18.323233;-12.44;-4.93;551.52;0.231878;-0.919641;-0.261742;0.0;0.0;0.0;0.0;0.0;0.0
1.0;1753877980.154395;18.3698;3.79;-29.55;487.85;-0.174823;-0.720857;-0.621458;0.0;0.0;0.0;0.0;0.0;0.0
1.0;1753877980.158992;18.341439;19.53;-4.9;490.78;0.090234;1.242157;0.651041;0.0;0.0;0.0;0.0;0.0;0.0
1.0;1753877980.16359;18.326407;10.19;0.74;498.96;-0.246354;-1.485018;-0.371439;0.0;0.0;0.0;0.0;0.0;0.0
1.0;1753877980.168188;18.319086;-8.49;-28.41;473.23;0.537275;0.44247;-0.309008;0.0;0.0;0.0;0.0;0.0;0.0
1.0;1753877980.172786;18.335191;-1.16;-9.82;509.46;0.772715;-0.858702;1.200122;0.0;0.0;0.0;0.0;0.0;0.0
1.0;1753877980.177384;18.33366;2.65;8.07;484.91;-1.614069;-1.738857;1.203344;0.0;0.0;0.0;0.0;0.0;0.0
1.0;1753877980.181982;18.3194;20.76;-26.81;446.55;-0.372171;-0.240072;-0.472752;0.0;0.0;0.0;0.0;0.0;0.0
1.0;1753877980.18658;18.392159;6.9;-20.86;543.54;1.480699;0.674739;-0.036104;0.0;0.0;0.0;0.0;0.0;0.0
1.0;1753877980.191178;18.387863;-7.08;12.24;625.06;0.88393;-0.390379;-0.124535;0.0;0.0;0.0;0.0;0.0;0.0
1.0;1753877980.195776;18.343786;-11.84;-6.92;549.38;2.139172;-1.88866;-0.201939;0.0;0.0;0.0;0.0;0.0;0.0
1.0;1753877980.200374;18.34998;3.66;11.04;508.79;-0.422085;-0.549917;0.8776;0.0;0.0;0.0;0.0;0.0;0.0
1.0;1753877980.204972;18.340693;4.83;-25.4;499.98;0.765161;-0.049772;0.292166;0.0;0.0;0.0;0.0;0.0;0.0
1.0;1753877980.20957;18.324501;-7.86;-16.74;508.72;-0.314373;-0.45258;1.072571;0.0;0.0;0.0;0.0;0.0;0.0
1.0;1753877980.214167;18.307856;5.27;-7.36;559.08;-0.305067;-0.928677;-0.179866;0.0;0.0;0.0;0.0;0.0;0.0
1.0;1753877980.218765;18.316194;12.41;4.85;471.85;0.139893;-0.783845;-0.125529;0.0;0.0;0.0;0.0;0.0;0.0
1.0;1753877980.223363;18.329839;18.8;-2.7;447.5;1.382544;-0.032924;1.078323;0.0;0.0;0.0;0.0;0.0;0.0
1.0;1753877980.227961;18.350122;14.03;18.31;487.65;0.261348;-0.771011;-0.176535;0.0;0.0;0.0;0.0;0.0;0.0
1.0;1753877980.232559;18.377657;8.64;2.02;480.08;0.702554;-0.013127;0.439828;0.0;0.0;0.0;0.0;0.0;0.0
1.0;1753877980.237157;18.320748;18.57;6.4;482.43;-0.682194;-0.223069;0.214275;0.0;0.0;0.0;0.0;0.0;0.0
1.0;1753877980.241755;18.329177;18.68;14.27;497.78;0.2159;-1.083912;0.819281;0.0;0.0;0.0;0.0;0.0;0.0
1.0;1753877980.246353;18.28088;8.58;9.9;478.14;0.753629;0.073056;-0.135953;0.0;0.0;0.0;0.0;0.0;0.0
1.0;1753877980.25095;18.356187;16.49;-2.52;405.99;0.696491;-0.647226;-0.239705;0.0;0.0;0.0;0.0;0.0;0.0
1.0;1753877980.255548;18.35706;13.15;12.84;500.92;-1.046579;-0.209896;-0.115617;0.0;0.0;0.0;0.0;0.0;0.0
1.0;1753877980.2642;18.335938;8.61;-2.87;494.41;-0.172386;-0.615978;0.09272;0.0;0.0;0.0;0.0;0.0;0.0
1.0;1753877980.268798;18.349965;7.61;-12.08;541.78;-0.566163;-1.099115;-0.358204;0.0;0.0;0.0;0.0;0.0;0.0
1.0;1753877980.273396;18.300455;7.94;4.43;535.32;0.217574;-0.974936;0.679444;0.0;0.0;0.0;0.0;0.0;0.0
1.0;1753877980.277994;18.344116;12.85;9.45;434.21;-0.078253;-1.076564;0.540209;0.0;0.0;0.0;0.0;0.0;0.0
1.0;1753877980.282592;18.36102;7.84;-1.32;451.94;-0.063647;-1.701127;0.296472;0.0;0.0;0.0;0.0;0.0;0.0
1.0;1753877980.28719;18.288093;-1.11;-1.7;407.23;-0.164649;0.100524;0.776719;0.0;0.0;0.0;0.0;0.0;0.0
1.0;1753877980.291788;18.32638;14.26;-14.65;543.41;-0.098038;-0.856037;-0.434808;0.0;0.0;0.0;0.0;0.0;0.0
1.0;1753877980.296385;18.361384;1.34;-14.85;472.81;-0.231214;-0.374698;-0.211094;0.0;0.0;0.0;0.0;0.0;0.0
1.0;1753877980.300983;18.340747;10.86;-20.57;533.87;0.175312;-0.742583;-0.498273;0.0;0.0;0.0;0.0;0.0;0.0
1.0;1753877980.305581;18.380425;14.39;19.02;510.18;0.719008;-0.182592;0.564317;0.0;0.0;0.0;0.0;0.0;0.0
1.0;1753877980.310179;18.310538;-2.01;3.35;499.69;-0.417262;-0.607733;0.698331;0.0;0.0;0.0;0.0;0.0;0.0
1.0;1753877980.314777;18.361825;-1.15;5.54;463.36;0.81613;0.002324;-0.189305;0.0;0.0;0.0;0.0;0.0;0.0
1.0;1753877980.319375;18.401753;28.47;4.68;557.46;-0.389422;-0.594214;0.241192;0.0;0.0;0.0;0.0;0.0;0.0
1.0;1753877980.323973;18.295018;1.24;8.01;417.23;-0.170101;0.73704;0.396802;0.0;0.0;0.0;0.0;0.0;0.0
1.0;1753877980.32857;18.359875;5.08;-1.94;467.01;1.278565;-0.005462;0.548172;0.0;0.0;0.0;0.0;0.0;0.0
1.0;1753877980.333168;18.338051;12.23;-4.88;505.26;-0.442309;1.119297;0.348774;0.0;0.0;0.0;0.0;0.0;0.0
1.0;1753877980.337766;18.373301;15.12;-5.52;501.08;-0.036211;0.50804;-0.028379;0.0;0.0;0.0;0.0;0.0;0.0
1.0;1753877980.342364;18.376311;8.76;-16.77;457.89;0.217305;0.41101;0.060701;0.0;0.0;0.0;0.0;0.0;0.0
1.0;1753877980.346962;18.289479;-2.26;-10.58;432.68;0.049899;-0.22212;-0.276909;0.0;0.0;0.0;0.0;0.0;0.0
1.0;1753877980.35156;18.313655;-20.38;-15.94;523.7;-0.230441;0.058923;0.033421;0.0;0.0;0.0;0.0;0.0;0.0
1.0;1753877980.356158;18.307208;0.61;11.17;428.43;-0.615578;-0.160056;0.006827;0.0;0.0;0.0;0.0;0.0;0.0
1.0;1753877980.360756;18.339721;-2.98;-21.22;551.38;-0.781187;-0.301776;0.120922;0.0;0.0;0.0;0.0;0.0;0.0
1.0;1753877980.365354;18.314226;15.01;-1.24;557.03;0.10603;-0.783324;0.786777;0.0;0.0;0.0;0.0;0.0;0.0
1.0;1753877980.369952;18.325213;10.75;-11.01;481.49;-0.125926;-1.267474;0.205232;0.0;0.0;0.0;0.0;0.0;0.0
1.0;1753877980.37455;18.361866;-6.69;4.93;392.02;0.329989;-0.612254;0.004912;0.0;0.0;0.0;0.0;0.0;0.0
1.0;1753877980.379148;18.331064;1.03;1.71;480.48;0.185765;-1.311554;0.503864;0.0;0.0;0.0;0.0;0.0;0.0
1.0;1753877980.383746;18.351808;-0.04;-22.97;498.43;0.079583;-1.583409;-0.388994;0.0;0.0;0.0;0.0;0.0;0.0
1.0;1753877980.388343;18.320677;-11.32;-29.29;460.05;0.824185;-1.032658;-0.085278;0.0;0.0;0.0;0.0;0.0;0.0
1.0;1753877980.392941;18.332124;11.23;-7.98;460.92;-1.381617;-1.260687;0.099404;0.0;0.0;0.0;0.0;0.0;0.0
1.0;1753877980.397539;18.338556;12.66;6.93;498.36;0.534318;-0.663558;0.459181;0.0;0.0;0.0;0.0;0.0;0.0
1.0;1753877980.402137;18.350312;5.97;-11.82;484.59;-0.739786;-1.294068;-0.539854;0.0;0.0;0.0;0.0;0.0;0.0
1.0;1753877980.406735;18.322655;15.63;3.7;543.26;0.56346;-0.030354;0.321545;0.0;0.0;0.0;0.0;0.0;0.0
1.0;1753877980.411333;18.36046;-3.6;-2.27;456.95;0.341624;-0.044263;0.564168;0.0;0.0;0.0;0.0;0.0;0.0
1.0;1753877980.415931;18.340293;-0.22;5.89;467.13;-0.757915;-1.69116;-0.645235;0.0;0.0;0.0;0.0;0.0;0.0
1.0;1753877980.420529;18.335055;-9.36;-8.99;385.54;0.161913;0.53046;0.598585;0.0;0.0;0.0;0.0;0.0;0.0
1.0;1753877980.425126;18.380395;7.32;-6.97;386.33;0.600679;-0.306471;0.141023;0.0;0.0;0.0;0.0;0.0;0.0
1.0;1753877980.429724;18.324786;2.11;-1.11;494.3;0.067846;0.660976;0.246468;0.0;0.0;0.0;0.0;0.0;0.0
1.0;1753877980.434322;18.285209;3.9;0.32;458.94;0.258579;-0.492276;0.36262;0.0;0.0;0.0;0.0;0.0;0.0
1.0;1753877980.43892;18.297594;-15.91;-9.42;426.04;0.860083;0.006323;-0.656444;0.0;0.0;0.0;0.0;0.0;0.0
1.0;1753877980.443518;18.357101;10.59;-15.21;503.48;-0.636135;-0.92824;-1.061116;0.0;0.0;0.0;0.0;0.0;0.0
1.0;1753877980.448116;18.35264;-8.39;-17.8;435.39;0.125461;-1.257171;0.729855;0.0;0.0;0.0;0.0;0.0;0.0
1.0;1753877980.452714;18.289814;-0.7;-8.29;534.12;-1.24027;-0.99498;-0.261617;0.0;0.0;0.0;0.0;0.0;0.0
1.0;1753877980.457312;18.357298;11.02;-3.09;480.32;1.96718;-1.332512;-0.035573;0.0;0.0;0.0;0.0;0.0;0.0
1.0;1753877980.46191;18.350743;-3.28;-8.12;452.46;0.751405;-0.270931;0.232;0.0;0.0;0.0;0.0;0.0;0.0
1.0;1753877980.466508;18.286669;-5.5;2.08;436.08;0.611188;-1.682396;0.503962;0.0;0.0;0.0;0.0;0.0;0.0
1.0;1753877980.471106;18.3442;4.52;-8.79;453.66;-0.717231;-0.609744;0.236604;0.0;0.0;0.0;0.0;0.0;0.0
1.0;1753877980.475704;18.345538;-2.31;8.28;444.81;0.877564;-0.385952;-0.514855;0.0;0.0;0.0;0.0;0.0;0.0
1.0;1753877980.480302;18.343339;-0.18;-1.14;404.33;0.81791;0.070535;0.177945;0.0;0.0;0.0;0.0;0.0;0.0
1.0;1753877980.484899;18.334515;-9.06;-1.65;547.54;0.287266;-2.750246;-0.134761;0.0;0.0;0.0;0.0;0.0;0.0
1.0;1753877980.489497;18.323079;13.68;-14.2;534.26;-0.429381;0.203972;-0.224692;0.0;0.0;0.0;0.0;0.0;0.0
1.0;1753877980.494095;18.334593;13.55;-5.41;459.81;-0.264595;-0.384317;0.218175;0.0;0.0;0.0;0.0;0.0;0.0
1.0;1753877980.498693;18.290749;4.51;1.22;535.61;0.258341;-0.231243;0.250147;0.0;0.0;0.0;0.0;0.0;0.0
1.0;1753877980.503291;18.321431;14.56;-7.77;443.75;-0.444571;0.080541;0.06713;0.0;0.0;0.0;0.0;0.0;0.0
1.0;1753877980.507889;18.383204;4.31;-16.22;449.93;1.726782;-0.836433;0.142758;0.0;0.0;0.0;0.0;0.0;0.0
1.0;1753877980.512487;18.406203;-11.42;19.78;487.17;-0.49108;0.459776;-0.1443;0.0;0.0;0.0;0.0;0.0;0.0
1.0;1753877980.517084;18.342485;12.83;3.97;515.03;0.329451;-0.073815;-0.015927;0.0;0.0;0.0;0.0;0.0;0.0
1.0;1753877980.521682;18.339531;-0.81;-2.55;474.4;0.10967;-0.441558;0.505744;0.0;0.0;0.0;0.0;0.0;0.0
1.0;1753877980.52628;18.256805;0.85;-11.03;503.18;-0.090125;-1.187854;0.123398;0.0;0.0;0.0;0.0;0.0;0.0
1.0;1753877980.530878;18.318357;11.32;-12.16;471.91;-0.09123;-1.017561;0.785697;0.0;0.0;0.0;0.0;0.0;0.0
1.0;1753877980.535476;18.341824;3.02;-9.86;522.38;0.609179;-0.437577;-0.028092;0.0;0.0;0.0;0.0;0.0;0.0
1.0;1753877980.540074;18.344602;-7.18;-27.36;450.09;0.009794;-0.399512;0.310555;0.0;0.0;0.0;0.0;0.0;0.0
1.0;1753877980.544672;18.364866;16.13;10.45;542.59;0.787851;-0.027385;-0.030421;0.0;0.0;0.0;0.0;0.0;0.0
1.0;1753877980.54927;18.334583;4.95;3.58;401.42;-0.139936;-0.494003;-0.121708;0.0;0.0;0.0;0.0;0.0;0.0
1.0;1753877980.553868;18.342541;-18.32;-11.15;518.0;0.889342;0.165454;-0.013441;0.0;0.0;0.0;0.0;0.0;0.0
1.0;1753877980.558466;18.295427;0.59;0.72;468.79;0.349708;0.175876;-0.013224;0.0;0.0;0.0;0.0;0.0;0.0
1.0;1753877980.563064;18.323578;4.0;-1.83;396.02;0.266645;0.919039;0.340702;0.0;0.0;0.0;0.0;0.0;0.0
1.0;1753877980.567662;18.389407;-7.0;11.21;489.24;1.174664;-0.683207;0.493885;0.0;0.0;0.0;0.0;0.0;0.0
1.0;1753877980.57226;18.33427;17.52;1.03;470.08;0.386034;0.433547;0.836741;0.0;0.0;0.0;0.0;0.0;0.0
1.0;1753877980.576857;18.307922;4.87;-17.36;355.65;0.523544;0.804049;-0.893399;0.0;0.0;0.0;0.0;0.0;0.0
1.0;1753877980.581455;18.373093;-11.13;-13.85;524.77;-0.922299;0.159636;-0.429808;0.0;0.0;0.0;0.0;0.0;0.0
1.0;1753877980.586053;18.362752;21.82;-3.41;500.71;-0.603372;0.271069;0.517803;0.0;0.0;0.0;0.0;0.0;0.0
1.0;1753877980.590651;18.329508;0.85;-0.08;508.3;0.441397;-0.417623;0.360475;0.0;0.0;0.0;0.0;0.0;0.0
1.0;1753877980.595249;18.339494;-5.37;-10.25;575.15;0.462037;-1.581586;-0.044946;0.0;0.0;0.0;0.0;0.0;0.0
1.0;1753877980.599847;18.2897;6.52;4.88;418.96;0.313894;-1.320304;-0.097321;0.0;0.0;0.0;0.0;0.0;0.0
1.0;1753877980.604445;18.34367;11.97;-1.67;445.13;1.197655;0.350587;0.296259;0.0;0.0;0.0;0.0;0.0;0.0
1.0;1753877980.609043;18.357228;5.99;7.1;444.74;0.989305;0.709454;-0.075472;0.0;0.0;0.0;0.0;0.0;0.0
1.0;1753877980.61364;18.379715;15.18;-11.99;363.37;0.721002;-1.047899;0.941445;0.0;0.0;0.0;0.0;0.0;0.0
1.0;1753877980.618238;18.325176;4.38;-21.17;501.87;-0.75033;0.13976;-0.071051;0.0;0.0;0.0;0.0;0.0;0.0
1.0;1753877980.622836;18.387252;-1.67;-6.76;454.29;1.296101;-0.78541;-0.031781;0.0;0.0;0.0;0.0;0.0;0.0
1.0;1753877980.627434;18.295766;-7.18;-9.4;486.53;1.262192;-1.63097;1.0872;0.0;0.0;0.0;0.0;0.0;0.0
1.0;1753877980.632032;18.349065;3.7;9.14;607.8;0.956414;-0.838116;-0.359279;0.0;0.0;0.0;0.0;0.0;0.0
1.0;1753877980.63663;18.263627;9.6;15.95;529.86;-0.189676;-0.687961;0.524655;0.0;0.0;0.0;0.0;0.0;0.0
1.0;1753877980.641228;18.344074;-13.71;-0.55;438.59;-0.116964;-0.520434;0.162557;0.0;0.0;0.0;0.0;0.0;0.0
1.0;1753877980.645826;18.266491;-16.71;-24.01;509.06;0.860509;-0.62306;-0.698137;0.0;0.0;0.0;0.0;0.0;0.0
1.0;1753877980.650424;18.285644;-6.23;-9.61;467.72;0.544644;1.124783;-0.489167;0.0;0.0;0.0;0.0;0.0;0.0
1.0;1753877980.655022;18.29023;-3.33;-4.4;581.15;1.842759;0.726576;0.112654;0.0;0.0;0.0;0.0;0.0;0.0
1.0;1753877980.65962;18.281278;1.57;0.12;528.54;-0.424064;-0.957635;-0.508171;0.0;0.0;0.0;0.0;0.0;0.0
1.0;1753877980.664218;18.340136;1.5;5.25;520.99;-0.555631;-0.10363;-0.219105;0.0;0.0;0.0;0.0;0.0;0.0
1.0;1753877980.668815;18.335793;16.17;-16.49;505.37;0.678535;-0.082485;0.292887;0.0;0.0;0.0;0.0;0.0;0.0
1.0;1753877980.673413;18.362442;-2.83;-2.67;436.29;1.633747;-0.571458;-0.343775;0.0;0.0;0.0;0.0;0.0;0.0
1.0;1753877980.678011;18.307126;-1.09;-16.86;440.55;-0.658254;-0.579205;0.744898;0.0;0.0;0.0;0.0;0.0;0.0
1.0;1753877980.682609;18.365659;-9.33;-22.94;427.11;0.418864;-0.365727;0.603851;0.0;0.0;0.0;0.0;0.0;0.0
1.0;1753877980.687207;18.351402;-0.5;-12.19;436.66;-0.241521;-0.308666;0.836613;0.0;0.0;0.0;0.0;0.0;0.0
1.0;1753877980.691805;18.342461;-1.64;3.61;494.11;0.136133;0.568825;-0.625122;0.0;0.0;0.0;0.0;0.0;0.0
1.0;1753877980.696403;18.323579;8.44;-18.33;423.59;-0.354809;0.469204;0.304566;0.0;0.0;0.0;0.0;0.0;0.0
1.0;1753877980.701001;18.28143;-10.54;15.22;469.53;0.607801;-0.573137;0.786993;0.0;0.0;0.0;0.0;0.0;0.0
1.0;1753877980.705598;18.343553;3.83;7.24;490.01;2.109374;0.077037;0.502756;0.0;0.0;0.0;0.0;0.0;0.0
1.0;1753877980.710196;18.347825;-13.0;4.86;559.47;1.942822;0.3611;0.363899;0.0;0.0;0.0;0.0;0.0;0.0
1.0;1753877980.714794;18.376197;-6.73;-24.34;483.2;-0.189647;-1.276662;-0.147475;0.0;0.0;0.0;0.0;0.0;0.0
1.0;1753877980.719392;18.320881;7.57;-15.97;441.01;1.788935;-0.111553;0.652786;0.0;0.0;0.0;0.0;0.0;0.0
1.0;1753877980.72399;18.352044;-1.94;1.37;459.24;1.675417;-0.22808;0.45942;0.0;0.0;0.0;0.0;0.0;0.0
1.0;1753877980.728588;18.33522;1.89;14.36;451.4;0.164494;-0.678391;0.056953;0.0;0.0;0.0;0.0;0.0;0.0
1.0;1753877980.733186;18.348218;6.06;-3.63;461.5;0.451873;0.506284;-0.877973;0.0;0.0;0.0;0.0;0.0;0.0
1.0;1753877980.737784;18.319678;-1.72;29.18;417.4;0.983766;-1.130399;-0.011412;0.0;0.0;0.0;0.0;0.0;0.0
1.0;1753877980.742382;18.333008;-7.92;-2.09;423.22;0.478635;-0.357633;0.266594;0.0;0.0;0.0;0.0;0.0;0.0
1.0;1753877980.74698;18.345678;3.35;-0.48;528.08;1.609992;0.024768;-0.109666;0.0;0.0;0.0;0.0;0.0;0.0
1.0;1753877980.751578;18.300477;1.37;1.9;530.81;-0.16178;-1.183378;1.045428;0.0;0.0;0.0;0.0;0.0;0.0
1.0;1753877980.756176;18.312406;-1.08;-1.57;513.17;1.017797;-0.205845;0.922347;0.0;0.0;0.0;0.0;0.0;0.0
1.0;1753877980.760774;18.346599;-26.16;11.92;393.9;0.818477;-1.244813;0.006561;0.0;0.0;0.0;0.0;0.0;0.0
1.0;1753877980.765371;18.341484;3.48;6.44;436.37;-0.142829;-0.218103;0.293243;0.0;0.0;0.0;0.0;0.0;0.0
1.0;1753877980.769969;18.384375;1.9;-9.41;540.1;-0.243005;0.367504;-0.114581;0.0;0.0;0.0;0.0;0.0;0.0
1.0;1753877980.774567;18.361949;-2.32;-6.45;417.12;0.184048;-0.014387;-0.118847;0.0;0.0;0.0;0.0;0.0;0.0
1.0;1753877980.779165;18.327981;-11.87;18.05;505.65;-0.200715;1.000367;-0.742038;0.0;0.0;0.0;0.0;0.0;0.0
1.0;1753877980.783763;18.416105;0.2;-0.47;498.67;1.359577;-0.76842;-0.046687;0.0;0.0;0.0;0.0;0.0;0.0
1.0;1753877980.788361;18.338865;3.83;7.88;374.07;1.262798;0.542505;-0.193802;0.0;0.0;0.0;0.0;0.0;0.0
1.0;1753877980.7941;18.34375;-3.22;-1.26;480.27;0.61488;-0.0915;0.140666;0.0;0.0;0.0;0.0;0.0;0.0
1.0;1753877980.798698;18.324543;-14.05;-0.71;473.45;0.214929;-0.066378;0.480912;0.0;0.0;0.0;0.0;0.0;0.0
1.0;1753877980.80379;18.328125;-10.15;-11.06;473.06;-0.376492;-0.993812;0.29646;0.0;0.0;0.0;0.0;0.0;0.0
1.0;1753877980.808388;18.324149;-14.75;-13.9;455.71;-0.517742;-0.5849;0.569826;0.0;0.0;0.0;0.0;0.0;0.0
1.0;1753877980.812986;18.330858;-13.46;-15.74;447.51;-0.459524;-1.776982;0.171144;0.0;0.0;0.0;0.0;0.0;0.0
1.0;1753877980.817584;18.338669;-13.23;-11.06;436.93;-0.244389;-1.434935;0.541099;0.0;0.0;0.0;0.0;0.0;0.0
1.0;1753877980.822182;18.317238;-19.35;-7.28;454.65;-0.261976;-1.963874;0.755126;0.0;0.0;0.0;0.0;0.0;0.0
1.0;1753877980.82678;18.318915;-17.58;-1.4;447.32;-0.158325;-1.880896;0.214183;0.0;0.0;0.0;0.0;0.0;0.0
1.0;1753877980.831378;18.328657;-8.86;-14.88;415.66;-0.061448;-1.391867;-0.176249;0.0;0.0;0.0;0.0;0.0;0.0
1.0;1753877980.835976;18.332994;-26.9;-7.55;446.09;-0.891313;0.230352;-0.877752;0.0;0.0;0.0;0.0;0.0;0.0
1.0;1753877980.840573;18.334031;-13.16;-18.91;467.72;-0.361478;-0.770422;-0.122616;0.0;0.0;0.0;0.0;0.0;0.0
1.0;1753877980.845171;18.322238;-13.58;-3.66;454.08;-0.906525;-1.839648;-0.738436;0.0;0.0;0.0;0.0;0.0;0.0
1.0;1753877980.849769;18.328432;-14.21;1.12;444.55;-0.294992;-1.637592;-0.118495;0.0;0.0;0.0;0.0;0.0;0.0
1.0;1753877980.85516;18.328125;-19.74;-5.6;441.7;-0.050386;-0.898164;-0.482266;0.0;0.0;0.0;0.0;0.0;0.0
1.0;1753877980.859758;18.330856;-27.17;-9.02;447.54;-0.012397;-1.556164;-0.500193;0.0;0.0;0.0;0.0;0.0;0.0
1.0;1753877980.864356;18.332143;-34.62;-4.77;464.39;-0.583801;-1.058731;-0.09727;0.0;0.0;0.0;0.0;0.0;0.0
1.0;1753877980.868954;18.337501;-29.68;-4.86;443.64;-0.175672;-1.074875;-0.116477;0.0;0.0;0.0;0.0;0.0;0.0
1.0;1753877980.873552;18.310661;-19.09;-14.9;437.0;0.229739;0.114716;-0.984827;0.0;0.0;0.0;0.0;0.0;0.0
1.0;1753877980.87815;18.340629;4.65;-8.1;434.98;0.667608;-0.465908;0.546221;0.0;0.0;0.0;0.0;0.0;0.0
1.0;1753877980.882748;18.327147;-1.28;-3.87;420.88;-0.1958;-2.534386;0.664288;0.0;0.0;0.0;0.0;0.0;0.0
1.0;1753877980.887345;18.321321;16.42;-9.25;403.32;1.200357;-2.251159;-1.131518;0.0;0.0;0.0;0.0;0.0;0.0
1.0;1753877980.891943;18.325283;0.3;-1.92;441.27;-0.670348;-0.265528;-0.379371;0.0;0.0;0.0;0.0;0.0;0.0
1.0;1753877980.896541;18.326329;-4.12;-11.39;475.27;0.079485;-1.819994;-0.066518;0.0;0.0;0.0;0.0;0.0;0.0
1.0;1753877980.901139;18.332347;-11.43;-7.95;429.18;0.600392;-1.684405;0.157725;0.0;0.0;0.0;0.0;0.0;0.0
1.0;1753877980.90833;18.328125;-5.95;-4.41;437.71;0.633668;-1.401048;0.160308;0.0;0.0;0.0;0.0;0.0;0.0
1.0;1753877980.912928;18.329246;-21.44;-5.89;441.0;1.169361;-0.585731;0.129556;0.0;0.0;0.0;0.0;0.0;0.0
1.0;1753877980.917526;18.330665;2.99;-6.51;442.08;-1.016157;-0.224825;-0.295922;0.0;0.0;0.0;0.0;0.0;0.0
1.0;1753877980.922124;18.318299;15.64;-4.43;440.04;-0.272215;-1.382977;0.077604;0.0;0.0;0.0;0.0;0.0;0.0
1.0;1753877980.926722;18.3358;-6.18;-6.99;468.74;0.24683;-0.158993;0.556408;0.0;0.0;0.0;0.0;0.0;0.0
1.0;1753877980.93132;18.330424;-3.13;-7.7;394.43;-0.021993;-2.287222;0.350875;0.0;0.0;0.0;0.0;0.0;0.0
1.0;1753877980.935918;18.33465;-1.29;-4.78;455.81;0.084348;-0.87394;0.114598;0.0;0.0;0.0;0.0;0.0;0.0
1.0;1753877980.94049;18.328125;-1.12;-12.67;457.24;-0.247782;-1.183644;0.01525;0.0;0.0;0.0;0.0;0.0;0.0
1.0;1753877980.945088;18.329345;1.88;-13.97;436.65;-0.783956;-1.872671;0.237872;0.0;0.0;0.0;0.0;0.0;0.0
1.0;1753877980.949686;18.319021;-3.13;-12.33;466.14;-0.597336;-1.575053;-0.335727;0.0;0.0;0.0;0.0;0.0;0.0
1.0;1753877980.954284;18.313634;2.66;-12.33;446.73;0.269556;-0.544841;0.417386;0.0;0.0;0.0;0.0;0.0;0.0
1.0;1753877980.958882;18.334934;7.55;-10.07;430.19;0.208457;0.074324;-0.588923;0.0;0.0;0.0;0.0;0.0;0.0
1.0;1753877980.96348;18.338853;-6.71;-8.82;469.75;-0.017227;-1.64578;0.297072;0.0;0.0;0.0;0.0;0.0;0.0
1.0;1753877980.968078;18.335782;-12.33;-0.84;494.55;0.767416;0.005613;0.108967;0.0;0.0;0.0;0.0;0.0;0.0
1.0;1753877980.972675;18.334315;0.17;-17.59;478.93;-0.613121;-1.160719;-0.182896;0.0;0.0;0.0;0.0;0.0;0.0
1.0;1753877980.977273;18.319646;-6.13;-11.55;449.22;-0.019357;-0.25381;-0.123649;0.0;0.0;0.0;0.0;0.0;0.0
1.0;1753877980.981871;18.339101;-5.28;0.82;402.64;-0.508024;-1.72862;-0.265427;0.0;0.0;0.0;0.0;0.0;0.0
1.0;1753877980.98679;18.335938;-4.27;-8.33;456.54;0.002074;-0.882548;-0.204716;0.0;0.0;0.0;0.0;0.0;0.0
1.0;1753877980.98719;18.320312;-12.81;-1.26;483.35;-1.903566;-0.437248;-0.09272;0.0;0.0;0.0;0.0;0.0;0.0
1.0;1753877980.991301;18.320312;-6.16;0.49;428.82;-0.514718;-1.173518;-0.342088;0.0;0.0;0.0;0.0;0.0;0.0
1.0;1753877980.994936;18.402344;-7.14;-4.76;415.38;-0.762134;-0.504592;0.117974;0.0;0.0;0.0;0.0;0.0;0.0
1.0;1753877980.999534;18.381521;-5.13;-25.26;369.43;1.260016;-1.594551;0.065604;0.0;0.0;0.0;0.0;0.0;0.0
1.0;1753877981.004132;18.417229;-11.75;-14.82;414.77;0.440414;-0.657994;0.274511;0.0;0.0;0.0;0.0;0.0;0.0
1.0;1753877981.00873;18.390565;-4.22;-11.74;450.75;-1.168975;-0.091812;-0.397875;0.0;0.0;0.0;0.0;0.0;0.0
1.0;1753877981.013328;18.366362;-6.89;-16.96;451.58;-2.569038;-0.487566;0.151123;0.0;0.0;0.0;0.0;0.0;0.0
1.0;1753877981.017926;18.408866;-3.27;6.4;410.55;-0.721471;-1.226443;-0.06976;0.0;0.0;0.0;0.0;0.0;0.0
1.0;1753877981.022524;18.378328;2.3;-13.88;412.93;0.893693;-1.195764;-0.228589;0.0;0.0;0.0;0.0;0.0;0.0
1.0;1753877981.027121;18.429757;-9.5;-17.29;425.12;-2.521674;-0.626432;-0.204065;0.0;0.0;0.0;0.0;0.0;0.0
1.0;1753877981.031719;18.435203;-8.22;-8.11;412.79;-1.137353;-0.985821;-0.257633;0.0;0.0;0.0;0.0;0.0;0.0
1.0;1753877981.036317;18.39706;-10.6;6.0;415.79;0.01999;-0.308087;0.358915;0.0;0.0;0.0;0.0;0.0;0.0
1.0;1753877981.040915;18.419656;-11.57;1.39;408.0;-0.049146;-0.019184;-0.173737;0.0;0.0;0.0;0.0;0.0;0.0
1.0;1753877981.045513;18.369179;-0.87;-9.53;384.02;-0.092859;0.478006;0.12102;0.0;0.0;0.0;0.0;0.0;0.0
1.0;1753877981.050111;18.431182;-19.07;9.08;415.93;0.460341;-0.148136;-0.736023;0.0;0.0;0.0;0.0;0.0;0.0
1.0;1753877981.054709;18.42819;-18.53;0.5;405.62;1.027102;-1.026425;0.116578;0.0;0.0;0.0;0.0;0.0;0.0
1.0;1753877981.059306;18.369824;-2.29;-16.97;393.03;0.73528;-1.549931;-0.423478;0.0;0.0;0.0;0.0;0.0;0.0
1.0;1753877981.063904;18.414833;-2.39;-1.51;423.4;-0.763526;0.507457;0.323793;0.0;0.0;0.0;0.0;0.0;0.0
1.0;1753877981.068502;18.465938;-12.35;2.93;418.25;-0.261346;-0.184716;0.04572;0.0;0.0;0.0;0.0;0.0;0.0
1.0;1753877981.0731;18.391408;-16.45;-5.6;411.11;-1.223245;0.368548;0.335961;0.0;0.0;0.0;0.0;0.0;0.0
1.0;1753877981.077698;18.39446;-17.75;-15.04;448.69;0.556773;-0.117507;0.126837;0.0;0.0;0.0;0.0;0.0;0.0
1.0;1753877981.082296;18.424191;-10.94;22.17;460.71;-1.445322;-0.241956;-0.115327;0.0;0.0;0.0;0.0;0.0;0.0
1.0;1753877981.086894;18.435972;-12.45;4.38;368.31;-1.777812;-0.100093;0.55216;0.0;0.0;0.0;0.0;0.0;0.0
1.0;1753877981.091492;18.436482;-0.22;-12.35;429.89;-0.880869;0.455019;-0.059561;0.0;0.0;0.0;0.0;0.0;0.0
1.0;1753877981.09609;18.439949;1.34;0.72;394.37;-0.273951;1.030114;-0.08893;0.0;0.0;0.0;0.0;0.0;0.0
1.0;1753877981.100688;18.395051;-2.35;9.37;415.47;-0.59531;-0.477691;-0.501129;0.0;0.0;0.0;0.0;0.0;0.0
1.0;1753877981.105286;18.3889;-7.04;3.49;429.77;-0.735166;-1.55185;-0.448417;0.0;0.0;0.0;0.0;0.0;0.0
1.0;1753877981.109884;18.424601;-4.2;-7.17;398.64;-0.79008;-0.607989;0.276519;0.0;0.0;0.0;0.0;0.0;0.0
1.0;1753877981.114482;18.39289;3.91;-8.37;356.86;-1.584363;-0.374044;0.273099;0.0;0.0;0.0;0.0;0.0;0.0
1.0;1753877981.119079;18.461945;-13.37;-9.72;457.78;-0.347602;0.27422;0.129813;0.0;0.0;0.0;0.0;0.0;0.0
1.0;1753877981.123677;18.388394;-8.22;-0.26;407.92;-0.359198;0.753799;-0.122009;0.0;0.0;0.0;0.0;0.0;0.0
1.0;1753877981.128275;18.351169;1.96;-12.62;416.04;0.027084;0.458192;0.126738;0.0;0.0;0.0;0.0;0.0;0.0
1.0;1753877981.132873;18.398729;-17.34;4.53;380.92;-1.654984;-0.710436;0.122377;0.0;0.0;0.0;0.0;0.0;0.0
1.0;1753877981.137471;18.367064;-12.95;11.23;439.85;-0.073977;1.455082;0.281995;0.0;0.0;0.0;0.0;0.0;0.0
1.0;1753877981.142069;18.375722;-10.38;9.29;426.16;-2.325156;-1.25524;0.355863;0.0;0.0;0.0;0.0;0.0;0.0
1.0;1753877981.146667;18.402289;-0.91;-7.48;366.92;-0.488207;0.319897;-0.198826;0.0;0.0;0.0;0.0;0.0;0.0
1.0;1753877981.151265;18.391677;-18.15;-3.27;458.98;1.273288;-0.394493;-0.509618;0.0;0.0;0.0;0.0;0.0;0.0
1.0;1753877981.155862;18.439337;-12.49;-15.59;434.01;0.660516;-1.20781;0.043802;0.0;0.0;0.0;0.0;0.0;0.0
1.0;1753877981.16046;18.385655;-10.9;2.03;447.22;-0.262201;0.717468;-0.080493;0.0;0.0;0.0;0.0;0.0;0.0
1.0;1753877981.165058;18.410091;-6.59;-6.33;397.14;-0.252226;0.179092;0.107766;0.0;0.0;0.0;0.0;0.0;0.0
1.0;1753877981.169656;18.393822;-15.01;-14.5;389.71;-1.003264;-0.745634;0.523807;0.0;0.0;0.0;0.0;0.0;0.0
1.0;1753877981.174254;18.388989;-11.72;3.89;406.76;-1.399825;-0.115301;-0.194692;0.0;0.0;0.0;0.0;0.0;0.0
1.0;1753877981.178852;18.385782;-6.54;6.59;430.78;0.917751;1.150475;-0.407567;0.0;0.0;0.0;0.0;0.0;0.0
1.0;1753877981.18345;18.395742;-4.46;3.64;409.76;0.584925;-1.144382;0.175428;0.0;0.0;0.0;0.0;0.0;0.0
1.0;1753877981.188048;18.386668;-9.31;10.4;408.37;-2.100572;-0.146958;-0.377784;0.0;0.0;0.0;0.0;0.0;0.0
1.0;1753877981.192646;18.384735;-0.4;10.46;400.7;-0.976812;-1.956338;0.338906;0.0;0.0;0.0;0.0;0.0;0.0
1.0;1753877981.197244;18.394914;-12.02;-17.55;420.68;0.317339;-0.584488;0.005529;0.0;0.0;0.0;0.0;0.0;0.0
1.0;1753877981.201842;18.409871;2.96;-11.31;468.02;1.650521;-0.3796;0.166374;0.0;0.0;0.0;0.0;0.0;0.0
1.0;1753877981.20644;18.431886;-19.01;-23.19;446.48;-0.983855;-0.321425;-0.371075;0.0;0.0;0.0;0.0;0.0;0.0
1.0;1753877981.211038;18.42502;-0.5;24.16;400.5;2.136286;-1.016982;0.091058;0.0;0.0;0.0;0.0;0.0;0.0
1.0;1753877981.215635;18.395705;6.08;-10.79;383.51;-0.43424;-0.571532;-0.569542;0.0;0.0;0.0;0.0;0.0;0.0
1.0;1753877981.220233;18.426159;-6.71;-11.84;422.74;-1.296071;-1.637854;-0.092408;0.0;0.0;0.0;0.0;0.0;0.0
1.0;1753877981.224831;18.411837;-5.2;18.51;472.57;-0.066654;-0.030976;0.298452;0.0;0.0;0.0;0.0;0.0;0.0
1.0;1753877981.229429;18.373774;-9.81;11.83;403.76;-0.849564;0.044186;0.53753;0.0;0.0;0.0;0.0;0.0;0.0
1.0;1753877981.234027;18.375751;-2.74;5.76;415.12;-1.422066;-0.573051;0.131098;0.0;0.0;0.0;0.0;0.0;0.0
1.0;1753877981.238625;18.369428;-17.82;-8.17;419.93;0.618773;-0.197204;-0.295568;0.0;0.0;0.0;0.0;0.0;0.0
1.0;1753877981.243223;18.418722;-6.52;6.07;447.77;0.815229;-0.897791;0.426975;0.0;0.0;0.0;0.0;0.0;0.0
1.0;1753877981.24782;18.440269;-6.42;4.27;406.72;-0.446855;0.520441;0.130208;0.0;0.0;0.0;0.0;0.0;0.0
1.0;1753877981.252418;18.425415;-3.51;-0.7;338.76;-0.286252;0.937388;-0.29743;0.0;0.0;0.0;0.0;0.0;0.0
1.0;1753877981.257016;18.421864;-4.83;13.99;411.66;0.613919;0.332713;-0.095451;0.0;0.0;0.0;0.0;0.0;0.0
1.0;1753877981.261614;18.396269;-3.3;5.62;412.11;-2.136216;-1.07036;-0.333052;0.0;0.0;0.0;0.0;0.0;0.0
1.0;1753877981.266212;18.350135;-19.7;14.08;412.76;1.804141;-1.304575;-0.238597;0.0;0.0;0.0;0.0;0.0;0.0
1.0;1753877981.27081;18.390629;-16.61;-3.39;410.16;1.065542;0.515063;-0.136358;0.0;0.0;0.0;0.0;0.0;0.0
1.0;1753877981.275408;18.395546;-16.61;-2.76;417.34;-1.086976;-0.484373;-0.022874;0.0;0.0;0.0;0.0;0.0;0.0
1.0;1753877981.280006;18.420601;-24.42;-3.53;431.73;1.842235;-1.133487;0.346223;0.0;0.0;0.0;0.0;0.0;0.0
1.0;1753877981.284604;18.418393;-12.64;-1.36;404.89;-1.798653;1.572824;-0.031;0.0;0.0;0.0;0.0;0.0;0.0
1.0;1753877981.289202;18.405314;-6.7;-1.35;431.17;0.876245;0.594179;-0.245423;0.0;0.0;0.0;0.0;0.0;0.0
1.0;1753877981.2943;18.402344;-9.45;1.54;422.87;-0.457378;0.0366;0.029524;0.0;0.0;0.0;0.0;0.0;0.0
1.0;1753877981.298898;18.367309;-13.06;18.1;436.15;-0.633338;-0.089689;-0.273445;0.0;0.0;0.0;0.0;0.0;0.0
1.0;1753877981.303496;18.381589;-3.65;8.99;442.95;-0.894675;0.864794;0.175732;0.0;0.0;0.0;0.0;0.0;0.0
1.0;1753877981.308094;18.393553;-10.62;-5.71;396.71;0.672998;0.213789;0.020104;0.0;0.0;0.0;0.0;0.0;0.0
1.0;1753877981.312692;18.422657;-11.56;-11.44;368.97;-0.699444;1.298691;0.046901;0.0;0.0;0.0;0.0;0.0;0.0
1.0;1753877981.31729;18.41557;-15.12;-0.28;340.49;0.502924;0.180559;0.191254;0.0;0.0;0.0;0.0;0.0;0.0
1.0;1753877981.321888;18.435927;-16.3;7.51;454.5;-1.269436;-0.173956;-0.201004;0.0;0.0;0.0;0.0;0.0;0.0
1.0;1753877981.326486;18.370322;-7.54;-22.12;408.07;-1.529553;-0.868326;0.739755;0.0;0.0;0.0;0.0;0.0;0.0
1.0;1753877981.331083;18.417066;-4.78;8.6;434.14;0.179686;0.735746;-0.340492;0.0;0.0;0.0;0.0;0.0;0.0
1.0;1753877981.335681;18.403686;-21.71;3.15;421.31;1.751158;-1.436933;0.21662;0.0;0.0;0.0;0.0;0.0;0.0
1.0;1753877981.340279;18.432746;-27.71;-13.76;418.21;-1.169121;-1.129184;0.202985;0.0;0.0;0.0;0.0;0.0;0.0
1.0;1753877981.344877;18.405117;-11.96;14.18;381.39;-2.379245;1.208648;0.843688;0.0;0.0;0.0;0.0;0.0;0.0
1.0;1753877981.349475;18.355323;-9.52;0.68;401.72;-0.366779;1.283965;0.336872;0.0;0.0;0.0;0.0;0.0;0.0
1.0;1753877981.354073;18.411502;-7.32;11.7;438.07;2.003231;-2.206496;0.37888;0.0;0.0;0.0;0.0;0.0;0.0
1.0;1753877981.358671;18.387781;3.87;10.05;430.02;-0.070471;-0.395206;0.028627;0.0;0.0;0.0;0.0;0.0;0.0
1.0;1753877981.363268;18.389173;-0.12;-12.92;447.56;0.921623;-0.906038;-0.320635;0.0;0.0;0.0;0.0;0.0;0.0
1.0;1753877981.367866;18.387184;-7.03;-8.62;440.0;-1.047638;0.488187;0.078152;0.0;0.0;0.0;0.0;0.0;0.0
1.0;1753877981.372464;18.399368;-15.79;4.86;404.89;0.135884;1.168886;-0.018573;0.0;0.0;0.0;0.0;0.0;0.0
1.0;1753877981.377062;18.431234;-11.96;-4.6;395.39;-0.995703;-0.674139;0.524618;0.0;0.0;0.0;0.0;0.0;0.0
1.0;1753877981.38166;18.408805;-1.1;6.28;521.38;-1.690978;0.040439;0.724357;0.0;0.0;0.0;0.0;0.0;0.0
1.0;1753877981.386258;18.427047;-25.19;1.5;472.74;-1.843321;-1.023623;1.098276;0.0;0.0;0.0;0.0;0.0;0.0
1.0;1753877981.390856;18.367496;-25.82;-18.08;450.99;-0.953022;0.300107;0.326563;0.0;0.0;0.0;0.0;0.0;0.0
1.0;1753877981.395454;18.393771;-2.46;10.4;414.94;-1.026365;0.268929;0.421326;0.0;0.0;0.0;0.0;0.0;0.0
1.0;1753877981.400052;18.391747;-3.59;6.18;446.88;-0.859048;-1.044444;0.192066;0.0;0.0;0.0;0.0;0.0;0.0
1.0;1753877981.4072;18.402344;-4.06;0.14;448.56;-0.641842;-0.72346;0.447496;0.0;0.0;0.0;0.0;0.0;0.0
1.0;1753877981.411798;18.399471;2.23;3.43;433.79;1.030647;-0.375228;0.083864;0.0;0.0;0.0;0.0;0.0;0.0
1.0;1753877981.416396;18.399159;-10.7;2.49;482.15;0.763316;-1.554245;0.376877;0.0;0.0;0.0;0.0;0.0;0.0
1.0;1753877981.420994;18.379001;-2.18;7.04;409.01;-2.211515;-0.592637;0.467248;0.0;0.0;0.0;0.0;0.0;0.0
1.0;1753877981.425592;18.390842;-9.16;-0.03;451.13;-1.140711;-1.038349;0.065355;0.0;0.0;0.0;0.0;0.0;0.0
1.0;1753877981.43019;18.44496;-2.29;-8.32;447.94;-0.260278;-0.792116;0.305738;0.0;0.0;0.0;0.0;0.0;0.0
1.0;1753877981.434788;18.397303;-24.93;-8.08;479.99;0.704165;0.062308;0.412716;0.0;0.0;0.0;0.0;0.0;0.0
1.0;1753877981.439386;18.384047;-20.82;-3.21;478.09;1.060366;-0.097491;0.497882;0.0;0.0;0.0;0.0;0.0;0.0
1.0;1753877981.443983;18.408975;-13.65;-1.11;448.39;0.09315;-1.529095;0.370339;0.0;0.0;0.0;0.0;0.0;0.0
1.0;1753877981.448581;18.43315;5.9;13.87;491.29;-1.30015;-0.143703;0.696036;0.0;0.0;0.0;0.0;0.0;0.0
1.0;1753877981.453179;18.355219;-16.39;-22.56;454.51;-1.464061;-0.527502;0.387036;0.0;0.0;0.0;0.0;0.0;0.0
1.0;1753877981.457777;18.42151;-3.84;-8.6;407.85;0.943238;-1.103028;0.325919;0.0;0.0;0.0;0.0;0.0;0.0
1.0;1753877981.462375;18.404768;-10.21;0.12;492.87;1.542649;-0.227849;0.316607;0.0;0.0;0.0;0.0;0.0;0.0
1.0;1753877981.466973;18.39084;14.09;-8.2;430.43;0.281965;-2.416726;0.651814;0.0;0.0;0.0;0.0;0.0;0.0
1.0;1753877981.471571;18.393968;2.52;-1.42;409.61;-0.86861;-0.742633;-0.000893;0.0;0.0;0.0;0.0;0.0;0.0
1.0;1753877981.476169;18.395331;4.85;-24.64;456.7;-1.718695;-0.3598;0.23373;0.0;0.0;0.0;0.0;0.0;0.0
1.0;1753877981.480766;18.409991;-1.19;-2.81;457.96;0.126732;-0.505332;0.056831;0.0;0.0;0.0;0.0;0.0;0.0
1.0;1753877981.485364;18.396656;5.73;-10.0;478.63;-1.188757;-1.181446;0.534941;0.0;0.0;0.0;0.0;0.0;0.0
1.0;1753877981.489962;18.357138;7.21;-14.81;450.45;-1.190316;-0.869976;0.460106;0.0;0.0;0.0;0.0;0.0;0.0
1.0;1753877981.49456;18.410743;-5.22;-8.95;467.42;-0.487072;-1.576796;0.43522;0.0;0.0;0.0;0.0;0.0;0.0
1.0;1753877981.499158;18.425785;-11.66;3.43;447.58;-0.709418;-0.555541;0.35491;0.0;0.0;0.0;0.0;0.0;0.0
1.0;1753877981.503756;18.366827;-7.98;8.87;467.75;-0.836603;-0.44734;0.354759;0.0;0.0;0.0;0.0;0.0;0.0
1.0;1753877981.508354;18.38561;-13.85;-2.81;439.43;-0.003783;-0.251245;0.096601;0.0;0.0;0.0;0.0;0.0;0.0
1.0;1753877981.512952;18.404709;-10.35;-7.95;450.23;1.011102;0.153047;-0.135218;0.0;0.0;0.0;0.0;0.0;0.0
1.0;1753877981.51755;18.416593;0.05;-18.15;456.98;-0.412841;-0.726799;0.471835;0.0;0.0;0.0;0.0;0.0;0.0
1.0;1753877981.522148;18.443023;-10.82;-16.44;472.97;0.272947;-1.377371;0.230646;0.0;0.0;0.0;0.0;0.0;0.0
1.0;1753877981.526746;18.378253;-7.03;-6.21;432.06;-1.689894;-1.101733;0.173294;0.0;0.0;0.0;0.0;0.0;0.0
1.0;1753877981.531344;18.423815;-1.94;-11.17;422.69;-1.374798;-2.216019;0.134361;0.0;0.0;0.0;0.0;0.0;0.0
1.0;1753877981.535941;18.404742;10.99;3.78;465.14;-1.586007;-1.506457;0.14908;0.0;0.0;0.0;0.0;0.0;0.0
1.0;1753877981.540539;18.386924;-5.59;-12.49;492.26;-1.914499;-0.6968;-0.286518;0.0;0.0;0.0;0.0;0.0;0.0
1.0;1753877981.545137;18.404704;5.57;-3.67;449.34;0.35631;-1.327367;0.035825;0.0;0.0;0.0;0.0;0.0;0.0
1.0;1753877981.549735;18.404946;0.75;-6.77;405.19;0.923347;-0.406224;-0.114893;0.0;0.0;0.0;0.0;0.0;0.0
1.0;1753877981.554333;18.418638;-13.87;-2.93;465.19;1.294661;-0.951465;-0.106161;0.0;0.0;0.0;0.0;0.0;0.0
1.0;1753877981.558931;18.342141;-1.94;13.6;498.98;1.717363;-0.443166;0.606389;0.0;0.0;0.0;0.0;0.0;0.0
1.0;1753877981.563529;18.385552;-6.52;-4.3;454.97;-0.562067;-1.847156;-0.040063;0.0;0.0;0.0;0.0;0.0;0.0
1.0;1753877981.568127;18.37334;0.68;8.41;481.78;-0.858322;-0.545351;-0.062865;0.0;0.0;0.0;0.0;0.0;0.0
1.0;1753877981.572724;18.420029;-17.01;8.58;465.72;-1.251755;-0.058272;0.497242;0.0;0.0;0.0;0.0;0.0;0.0
1.0;1753877981.577322;18.379284;-0.96;-17.79;431.06;-1.133767;-1.189413;0.623128;0.0;0.0;0.0;0.0;0.0;0.0
1.0;1753877981.58192;18.40913;-19.84;-6.25;469.14;-1.965789;0.239807;-0.20048;0.0;0.0;0.0;0.0;0.0;0.0
1.0;1753877981.586518;18.442551;4.88;-4.48;479.87;-0.345045;-0.899283;0.196491;0.0;0.0;0.0;0.0;0.0;0.0
1.0;1753877981.591116;18.405927;-4.89;11.91;534.19;-0.257298;-1.163381;-0.516362;0.0;0.0;0.0;0.0;0.0;0.0
1.0;1753877981.595714;18.382718;-14.79;-9.78;509.57;0.117502;-0.402136;0.267222;0.0;0.0;0.0;0.0;0.0;0.0
1.0;1753877981.600312;18.376385;-6.51;-0.85;441.48;0.970833;0.491201;-0.14232;0.0;0.0;0.0;0.0;0.0;0.0
1.0;1753877981.60491;18.399353;-6.93;-8.46;434.47;-0.155555;0.300845;0.0475;0.0;0.0;0.0;0.0;0.0;0.0
1.0;1753877981.609508;18.427098;7.27;-9.45;514.5;-2.47573;-1.814591;0.729932;0.0;0.0;0.0;0.0;0.0;0.0
1.0;1753877981.614106;18.435213;1.77;-0.89;476.37;-2.570737;-0.423913;-0.044304;0.0;0.0;0.0;0.0;0.0;0.0
1.0;1753877981.618704;18.409446;-3.38;8.74;425.77;-1.903706;-0.756804;0.353642;0.0;0.0;0.0;0.0;0.0;0.0
1.0;1753877981.623302;18.404883;-14.53;-1.98;447.03;-1.849133;-1.968186;-0.154952;0.0;0.0;0.0;0.0;0.0;0.0
1.0;1753877981.6279;18.403971;1.26;0.73;485.2;-0.413488;-0.130411;0.385706;0.0;0.0;0.0;0.0;0.0;0.0
1.0;1753877981.632497;18.363514;-15.08;-19.58;486.1;-0.85729;-0.704038;0.297206;0.0;0.0;0.0;0.0;0.0;0.0
1.0;1753877981.637095;18.420009;-2.65;9.69;446.07;-1.78222;-0.348799;0.672264;0.0;0.0;0.0;0.0;0.0;0.0
1.0;1753877981.641693;18.443086;-9.22;4.77;461.91;-0.831873;-2.171567;-0.030853;0.0;0.0;0.0;0.0;0.0;0.0
1.0;1753877981.646291;18.412425;-4.94;-30.27;504.64;0.130147;-0.410854;0.098699;0.0;0.0;0.0;0.0;0.0;0.0
1.0;1753877981.650889;18.411879;-2.47;-4.17;470.89;-3.125032;-0.212293;-0.056077;0.0;0.0;0.0;0.0;0.0;0.0
1.0;1753877981.655487;18.463183;-2.05;-8.87;444.7;-1.516595;0.491628;-0.092602;0.0;0.0;0.0;0.0;0.0;0.0
1.0;1753877981.660085;18.408892;-6.91;-21.44;483.25;-0.327654;-1.035114;0.076261;0.0;0.0;0.0;0.0;0.0;0.0
1.0;1753877981.664683;18.376946;-7.34;-0.2;473.92;-0.361122;0.03825;-0.043098;0.0;0.0;0.0;0.0;0.0;0.0
1.0;1753877981.66928;18.413675;2.54;-6.54;460.77;-2.595004;1.297698;-0.168333;0.0;0.0;0.0;0.0;0.0;0.0
1.0;1753877981.673878;18.369222;8.01;-26.85;464.55;0.111663;-0.703238;0.329677;0.0;0.0;0.0;0.0;0.0;0.0
1.0;1753877981.678476;18.406141;-3.45;-4.75;488.09;-2.036867;-0.510951;-0.505636;0.0;0.0;0.0;0.0;0.0;0.0
1.0;1753877981.683074;18.388137;1.29;-16.0;479.6;-2.467365;-0.570408;0.007117;0.0;0.0;0.0;0.0;0.0;0.0
1.0;1753877981.687672;18.394851;-5.05;-5.37;434.84;1.05291;-1.013801;-0.037158;0.0;0.0;0.0;0.0;0.0;0.0
1.0;1753877981.69227;18.373731;9.11;-9.42;471.09;-1.645235;-1.644008;-0.070602;0.0;0.0;0.0;0.0;0.0;0.0
1.0;1753877981.696868;18.456641;8.49;1.36;463.9;-1.364953;-0.381254;-0.203977;0.0;0.0;0.0;0.0;0.0;0.0
1.0;1753877981.701466;18.347819;-4.22;-20.23;504.08;-0.968206;-1.303763;0.044262;0.0;0.0;0.0;0.0;0.0;0.0
1.0;1753877981.706064;18.360896;-5.12;-4.38;457.86;-0.363007;-1.77498;-0.514202;0.0;0.0;0.0;0.0;0.0;0.0
1.0;1753877981.710662;18.391772;0.99;1.45;473.29;-1.982938;0.039017;0.261476;0.0;0.0;0.0;0.0;0.0;0.0
1.0;1753877981.71526;18.382177;-15.74;7.04;467.96;-2.2127;-0.769906;0.20579;0.0;0.0;0.0;0.0;0.0;0.0
1.0;1753877981.719858;18.362693;-10.8;-19.53;491.38;-2.003283;-0.39292;-0.200637;0.0;0.0;0.0;0.0;0.0;0.0
1.0;1753877981.724455;18.377185;3.1;-2.38;440.41;-1.367623;-0.686125;0.05496;0.0;0.0;0.0;0.0;0.0;0.0
1.0;1753877981.729053;18.44303;-6.02;-12.59;480.92;-1.007137;-2.844527;0.134901;0.0;0.0;0.0;0.0;0.0;0.0
1.0;1753877981.733651;18.446043;-2.87;-2.97;478.81;-1.618017;-0.665088;-0.455099;0.0;0.0;0.0;0.0;0.0;0.0
1.0;1753877981.738249;18.411691;0.0;-15.08;451.27;0.341509;0.650519;-0.025083;0.0;0.0;0.0;0.0;0.0;0.0
1.0;1753877981.742847;18.402385;-24.34;-7.19;431.0;-1.096795;-1.650039;0.290765;0.0;0.0;0.0;0.0;0.0;0.0
1.0;1753877981.747445;18.390372;-16.94;-9.98;444.72;-1.814465;0.771628;-0.103462;0.0;0.0;0.0;0.0;0.0;0.0
1.0;1753877981.752043;18.433243;-10.3;-22.49;505.93;-1.16753;-1.722319;0.083015;0.0;0.0;0.0;0.0;0.0;0.0
1.0;1753877981.756641;18.37076;-6.63;-13.7;450.36;0.344222;-0.702566;-0.513055;0.0;0.0;0.0;0.0;0.0;0.0
1.0;1753877981.761238;18.36797;-2.46;-31.46;490.28;-2.092469;-0.260752;0.425811;0.0;0.0;0.0;0.0;0.0;0.0
1.0;1753877981.765836;18.382665;1.07;-9.66;403.97;-3.486123;-1.831318;0.194469;0.0;0.0;0.0;0.0;0.0;0.0
1.0;1753877981.770434;18.405788;-0.39;-5.07;464.76;-0.800514;-0.566395;-0.371036;0.0;0.0;0.0;0.0;0.0;0.0
1.0;1753877981.775032;18.446707;-13.38;-13.3;461.49;-1.510123;-1.360508;0.031588;0.0;0.0;0.0;0.0;0.0;0.0
1.0;1753877981.77963;18.434861;0.1;-11.46;443.86;-0.503172;-0.20292;-0.225369;0.0;0.0;0.0;0.0;0.0;0.0
1.0;1753877981.784228;18.431501;-5.2;-5.68;478.37;-1.535367;0.14524;0.023616;0.0;0.0;0.0;0.0;0.0;0.0
1.0;1753877981.788826;18.38434;-7.67;-21.57;456.74;-0.203947;-1.233411;-0.555368;0.0;0.0;0.0;0.0;0.0;0.0
1.0;1753877981.793424;18.394978;-20.33;-22.05;399.44;-1.921283;-1.108819;0.48918;0.0;0.0;0.0;0.0;0.0;0.0
1.0;1753877981.798022;18.384717;0.25;5.57;482.15;-1.484375;-0.301702;0.020925;0.0;0.0;0.0;0.0;0.0;0.0
1.0;1753877981.80262;18.40918;7.98;2.67;443.64;-0.641539;-0.988822;-0.033481;0.0;0.0;0.0;0.0;0.0;0.0
1.0;1753877981.807218;18.422029;-3.63;-31.36;432.05;-2.251606;-0.323172;0.037807;0.0;0.0;0.0;0.0;0.0;0.0
1.0;1753877981.811816;18.373015;8.84;-2.32;454.24;-1.892879;-1.691628;-0.167698;0.0;0.0;0.0;0.0;0.0;0.0
1.0;1753877981.816414;18.414558;-3.29;-25.79;439.58;-3.30281;-1.880784;-0.221066;0.0;0.0;0.0;0.0;0.0;0.0
1.0;1753877981.821011;18.3923;-9.39;-12.12;438.65;-1.935897;-1.180707;-0.636113;0.0;0.0;0.0;0.0;0.0;0.0
1.0;1753877981.825609;18.355815;-2.33;-6.38;483.15;-1.296927;-1.526012;-0.752743;0.0;0.0;0.0;0.0;0.0;0.0
1.0;1753877981.830207;18.39717;-6.1;-19.94;425.67;-1.0923;-1.204513;0.18563;0.0;0.0;0.0;0.0;0.0;0.0
1.0;1753877981.834805;18.4285;0.36;-20.85;413.66;-2.449538;1.416765;-0.516762;0.0;0.0;0.0;0.0;0.0;0.0
1.0;1753877981.839403;18.422275;-4.91;-2.33;414.59;-2.642857;0.013036;-0.033114;0.0;0.0;0.0;0.0;0.0;0.0
1.0;1753877981.844001;18.394987;-17.71;-5.65;450.59;-2.060879;-0.274262;-0.268658;0.0;0.0;0.0;0.0;0.0;0.0
1.0;1753877981.848599;18.373433;4.7;-11.15;431.18;-4.510129;-1.142717;-0.804458;0.0;0.0;0.0;0.0;0.0;0.0
1.0;1753877981.853196;18.347597;4.8;1.25;465.96;-2.149654;-0.525751;-0.617799;0.0;0.0;0.0;0.0;0.0;0.0
1.0;1753877981.857794;18.393688;-8.01;8.38;443.62;-1.375336;-1.621175;-0.707482;0.0;0.0;0.0;0.0;0.0;0.0
1.0;1753877981.862392;18.389579;-9.37;-11.96;489.77;-2.240913;-1.304884;-0.169675;0.0;0.0;0.0;0.0;0.0;0.0
1.0;1753877981.86699;18.435247;-13.69;-10.04;441.45;0.360709;-0.375817;0.42296;0.0;0.0;0.0;0.0;0.0;0.0
1.0;1753877981.871588;18.435338;-5.66;-15.29;408.95;-1.890766;-0.172971;-0.396576;0.0;0.0;0.0;0.0;0.0;0.0
1.0;1753877981.876186;18.434513;-5.46;-22.02;440.14;-1.173641;-1.423986;0.615707;0.0;0.0;0.0;0.0;0.0;0.0
1.0;1753877981.880784;18.372052;9.02;-24.77;478.58;-2.361898;-0.271052;-0.93396;0.0;0.0;0.0;0.0;0.0;0.0
1.0;1753877981.885382;18.395459;-13.02;-21.3;448.92;0.519581;-2.395354;-0.302775;0.0;0.0;0.0;0.0;0.0;0.0
1.0;1753877981.88998;18.375911;0.32;-16.65;442.23;-0.966997;-1.298525;-0.499685;0.0;0.0;0.0;0.0;0.0;0.0
1.0;1753877981.894578;18.429829;-2.27;-16.69;465.97;-0.004042;0.101765;-0.379461;0.0;0.0;0.0;0.0;0.0;0.0
1.0;1753877981.8998;18.402344;-4.13;-13.16;464.45;-1.614914;-1.167052;-0.395768;0.0;0.0;0.0;0.0;0.0;0.0
1.0;1753877981.904398;18.366214;-5.65;-13.26;425.78;-1.654381;0.316904;-0.054316;0.0;0.0;0.0;0.0;0.0;0.0
1.0;1753877981.9114;18.335938;-7.42;-4.41;428.68;-1.347246;0.885842;-0.221186;0.0;0.0;0.0;0.0;0.0;0.0
1.0;1753877981.915998;18.362143;-9.32;11.27;458.88;-1.883251;0.545235;-0.094761;0.0;0.0;0.0;0.0;0.0;0.0
1.0;1753877981.920596;18.347359;-7.02;-18.36;446.95;-1.234842;0.586278;-0.345808;0.0;0.0;0.0;0.0;0.0;0.0
1.0;1753877981.925194;18.322669;-16.66;-7.96;429.9;-1.131219;0.921769;-0.301738;0.0;0.0;0.0;0.0;0.0;0.0
1.0;1753877981.929792;18.368386;-12.22;3.72;424.65;-1.069908;0.401459;-0.124734;0.0;0.0;0.0;0.0;0.0;0.0
1.0;1753877981.93439;18.319611;-2.84;1.85;423.13;-1.773265;0.698536;-0.150716;0.0;0.0;0.0;0.0;0.0;0.0
1.0;1753877981.938988;18.316629;-1.66;-15.71;431.57;-1.899939;-0.193362;0.237961;0.0;0.0;0.0;0.0;0.0;0.0
1.0;1753877981.943586;18.326065;-0.82;-0.05;420.49;-0.949356;0.267451;-0.351926;0.0;0.0;0.0;0.0;0.0;0.0
1.0;1753877981.948183;18.321617;-2.92;-16.12;464.62;-0.700208;1.703618;0.07227;0.0;0.0;0.0;0.0;0.0;0.0
1.0;1753877981.952781;18.347533;3.66;-33.16;466.66;-1.523229;0.171605;-0.043176;0.0;0.0;0.0;0.0;0.0;0.0
1.0;1753877981.957379;18.295151;0.8;-11.02;458.65;-0.764251;-0.125526;0.717296;0.0;0.0;0.0;0.0;0.0;0.0
1.0;1753877981.961977;18.300148;-1.59;-13.07;464.91;-1.778006;0.546849;0.133094;0.0;0.0;0.0;0.0;0.0;0.0
1.0;1753877981.966575;18.346159;-3.06;-7.18;442.61;-0.849505;0.822042;0.256259;0.0;0.0;0.0;0.0;0.0;0.0
1.0;1753877981.971173;18.32467;-1.42;-7.25;419.74;-0.573327;0.401941;-0.40728;0.0;0.0;0.0;0.0;0.0;0.0
1.0;1753877981.975771;18.368121;2.77;3.42;468.63;-1.100743;-0.296113;0.135658;0.0;0.0;0.0;0.0;0.0;0.0
1.0;1753877981.980368;18.350152;1.27;-11.42;439.95;-1.154095;0.716985;-0.309947;0.0;0.0;0.0;0.0;0.0;0.0
1.0;1753877981.98463;18.335938;1.68;-6.93;448.63;-1.100318;-0.158234;0.20618;0.0;0.0;0.0;0.0;0.0;0.0
1.0;1753877981.987301;18.410156;19.74;-7.98;339.5;-0.461892;0.859612;-0.098576;0.0;144.0;6.0;0.0;2.0;8.0
1.0;1753877981.99188;18.410156;14.35;-8.96;368.34;-0.474458;0.914146;-0.0793;0.0;144.0;6.0;0.0;2.0;8.0
1.0;1753877981.99645;18.410156;13.93;-11.76;363.79;-0.459574;1.28527;-0.336232;0.0;144.0;6.0;0.0;2.0;8.0
1.0;1753877982.001048;18.427416;11.29;-12.35;388.29;-1.144739;1.388703;-0.452976;0.0;157.5;3.5;0.0;1.6;11.9
1.0;1753877982.005646;18.404289;9.93;-16.47;386.34;-0.810663;1.46295;-0.458328;0.0;190.5;6.2;0.0;1.1;3.2
1.0;1753877982.010244;18.403681;15.92;-1.83;321.4;-0.267596;1.267202;-0.488157;0.0;240.8;-0.1;0.0;1.7;7.9
1.0;1753877982.014842;18.376539;26.03;-12.56;365.68;-1.090018;1.192825;-0.246043;0.0;196.9;5.8;0.0;1.4;8.4
1.0;1753877982.01944;18.400863;11.36;-15.61;436.0;0.246216;1.437856;-0.435363;0.0;275.0;6.1;0.0;2.0;3.7
1.0;1753877982.024037;18.374903;23.39;-4.77;388.94;-0.617232;1.381746;-0.234155;0.0;286.4;8.8;0.0;2.6;-1.4
1.0;1753877982.028635;18.408315;27.38;-12.44;360.96;0.52637;0.267256;-0.05522;0.0;75.8;9.4;0.0;2.0;7.2
1.0;1753877982.033233;18.434973;30.88;-22.75;369.93;-0.531454;1.758157;-0.18763;0.0;151.6;6.4;0.0;2.2;11.0
1.0;1753877982.037831;18.395654;9.23;-18.65;381.52;-0.555047;1.130858;-0.230644;0.0;173.2;7.7;0.0;2.6;9.7
1.0;1753877982.042429;18.403755;13.07;-16.12;316.61;-1.021218;0.561555;-0.484595;0.0;15.1;3.1;0.0;1.7;10.5
1.0;1753877982.047027;18.3679;24.24;-16.16;368.49;-0.054583;1.465544;-0.178805;0.0;16.9;6.4;0.0;2.7;11.8
1.0;1753877982.051625;18.407873;22.95;-13.54;346.64;-0.823835;0.924876;-0.319091;0.0;101.6;4.9;0.0;0.0;5.8
1.0;1753877982.056223;18.388079;12.61;-18.43;364.3;-0.644464;0.139093;-0.208489;0.0;247.8;7.9;0.0;1.1;5.8
1.0;1753877982.06082;18.394154;23.59;-7.76;336.81;0.154529;0.914461;-0.356863;0.0;167.1;9.4;0.0;2.1;11.0
1.0;1753877982.065418;18.384916;29.44;-5.76;387.26;-0.436757;1.162536;-0.467553;0.0;156.2;8.9;0.0;1.6;11.1
1.0;1753877982.070016;18.361764;12.92;-22.5;354.83;0.591923;1.196477;-0.372612;0.0;120.8;10.6;0.0;1.8;5.0
1.0;1753877982.074614;18.368297;23.3;-11.12;401.88;-0.789876;1.033464;-0.110357;0.0;108.4;-1.6;0.0;0.0;5.6
1.0;1753877982.079212;18.374514;24.13;-5.87;327.65;0.252911;1.252552;-0.496248;0.0;165.5;2.8;0.0;2.1;5.9
1.0;1753877982.08381;18.367279;12.61;-23.3;383.15;-0.846169;1.862045;-0.289703;0.0;78.0;6.2;0.0;3.6;5.1
1.0;1753877982.088408;18.379243;7.8;-12.44;391.34;0.561079;1.041317;-0.43664;0.0;86.9;3.8;0.0;3.6;12.3
1.0;1753877982.093006;18.387393;4.22;-23.17;369.32;0.855397;0.96682;-0.382445;0.0;142.3;6.2;0.0;1.7;9.3
1.0;1753877982.097604;18.354502;21.77;-14.88;348.04;-0.438873;0.548902;-0.725571;0.0;163.6;3.6;0.0;1.7;8.4
1.0;1753877982.1022;18.359375;9.66;-15.33;345.03;-0.366976;0.99613;-0.29951;0.0;144.0;6.0;0.0;2.0;8.0
1.0;1753877982.106798;18.345889;13.09;-2.56;351.83;0.635691;1.071301;-0.343307;0.0;85.3;11.3;0.0;2.5;4.5
1.0;1753877982.111396;18.361572;2.69;-27.14;413.54;0.212339;0.577022;-0.358712;0.0;193.8;0.9;0.0;0.8;2.5
1.0;1753877982.115994;18.367605;11.2;-18.53;330.72;0.025485;1.103993;-0.315231;0.0;97.1;3.6;0.0;0.6;5.6
1.0;1753877982.120592;18.384308;13.55;-19.38;357.16;-0.405807;1.321776;-0.366036;0.0;78.1;7.6;0.0;0.9;12.1
1.0;1753877982.12519;18.364368;-7.34;-19.56;421.01;-1.3708;0.893949;-0.438847;0.0;15.1;9.2;0.0;2.1;10.5
1.0;1753877982.129788;18.371584;12.9;-20.12;380.13;0.741039;0.214917;-0.17565;0.0;273.6;9.6;0.0;1.8;5.9
1.0;1753877982.134385;18.326885;3.82;-13.53;362.65;0.119196;1.271279;-0.335802;0.0;194.7;4.5;0.0;2.4;16.3
1.0;1753877982.138983;18.372639;4.71;-10.08;297.49;-1.212648;1.08169;-0.221155;0.0;206.6;3.1;0.0;2.0;7.1
1.0;1753877982.143581;18.346236;17.9;-16.88;369.53;-0.61493;0.300489;-0.22469;0.0;142.6;9.1;0.0;1.7;10.9
1.0;1753877982.148179;18.348732;2.06;-11.96;270.75;-1.184745;0.225059;-0.418395;0.0;255.4;0.2;0.0;1.6;11.7
1.0;1753877982.152777;18.373883;14.55;-21.93;357.05;-1.43287;1.052985;-0.312344;0.0;134.5;10.2;0.0;2.7;13.5
1.0;1753877982.157375;18.374225;10.59;-20.56;394.5;0.108771;0.885666;-0.473003;0.0;21.8;6.5;0.0;1.1;5.0
1.0;1753877982.161973;18.354888;-7.01;-25.56;364.09;-0.280822;0.353894;-0.230474;0.0;265.3;6.2;0.0;0.6;0.7
1.0;1753877982.166571;18.342008;6.95;-12.65;331.1;-0.761199;1.071221;-0.041509;0.0;190.5;7.7;0.0;1.6;12.4
1.0;1753877982.171168;18.386308;16.07;-15.4;366.79;-0.795079;2.310548;-0.396078;0.0;123.0;5.6;0.0;3.0;-0.7
1.0;1753877982.175766;18.352116;15.14;-9.12;326.84;0.714715;1.640777;-0.228963;0.0;177.8;6.9;0.0;0.6;-2.6
1.0;1753877982.180364;18.368361;-2.03;-19.77;370.83;-0.05604;0.311962;-0.118657;0.0;157.2;14.8;0.0;1.9;9.1
1.0;1753877982.184962;18.351072;14.36;-4.54;301.13;0.346776;1.350833;-0.418388;0.0;243.6;6.2;0.0;1.2;11.1
1.0;1753877982.18956;18.374524;-0.62;-22.85;335.98;0.866064;0.609571;-0.268844;0.0;108.4;7.5;0.0;1.3;6.4
1.0;1753877982.194158;18.384029;26.6;-21.01;327.51;-0.564749;0.708948;-0.300343;0.0;190.3;4.7;0.0;2.0;12.5
1.0;1753877982.198756;18.354911;10.77;-10.79;344.88;0.21285;0.338301;-0.579261;0.0;173.5;9.4;0.0;1.8;6.1
1.0;1753877982.203354;18.326657;8.24;-30.61;323.7;-0.269267;1.680292;-0.11733;0.0;132.6;7.7;0.0;3.6;10.0
1.0;1753877982.207952;18.327638;6.49;-25.05;397.39;-0.393806;1.391607;-0.509092;0.0;182.7;7.9;0.0;2.8;8.3
1.0;1753877982.21255;18.347977;5.74;-26.89;360.03;-0.704376;0.849523;-0.375985;0.0;129.4;6.6;0.0;2.3;12.9
1.0;1753877982.217148;18.345343;14.47;-20.27;339.76;-0.200157;1.437835;-0.271503;0.0;116.4;3.6;0.0;2.6;13.9
1.0;1753877982.221746;18.361674;-5.42;-10.39;316.75;-1.303799;1.122132;-0.291269;0.0;122.9;6.6;0.0;2.7;10.2
1.0;1753877982.226344;18.372671;18.72;-15.99;336.95;0.527939;0.264786;-0.196444;0.0;161.8;1.8;0.0;1.6;11.4
1.0;1753877982.230941;18.356142;7.4;-20.84;354.94;0.281823;0.425541;-0.532562;0.0;162.5;7.0;0.0;2.0;6.4
1.0;1753877982.235539;18.363814;9.37;-18.75;337.09;-0.030515;0.03069;-0.033068;0.0;77.2;7.0;0.0;2.5;9.7
1.0;1753877982.240137;18.335609;4.22;-34.96;341.3;-0.003276;0.852963;0.025986;0.0;221.1;4.9;0.0;1.0;8.2
1.0;1753877982.244735;18.359803;16.74;-7.1;381.3;0.644958;0.141432;-0.425247;0.0;86.8;8.5;0.0;2.1;9.3
1.0;1753877982.249333;18.328325;5.84;-17.87;377.0;0.288037;0.195991;-0.047317;0.0;84.8;8.5;0.0;3.1;8.4
1.0;1753877982.253931;18.361772;-0.62;-8.12;347.05;0.031272;0.342251;0.164182;0.0;128.5;5.9;0.0;1.4;6.8
1.0;1753877982.258529;18.402667;12.58;-11.46;398.72;-0.433454;1.201392;-0.293797;0.0;162.2;6.2;0.0;3.4;7.9
1.0;1753877982.263126;18.348813;19.3;-15.45;279.23;-0.178891;0.830746;-0.052528;0.0;112.8;6.5;0.0;1.5;11.1
1.0;1753877982.267724;18.364555;4.6;-13.35;361.02;-1.516992;-0.424812;-0.176888;0.0;134.4;4.3;0.0;1.8;6.2
1.0;1753877982.272322;18.394749;3.78;-7.74;375.51;-1.735564;0.339566;-0.259283;0.0;264.1;2.3;0.0;2.2;6.9
1.0;1753877982.27692;18.349207;0.99;-27.25;349.69;0.148131;0.595388;-0.158453;0.0;192.7;4.0;0.0;-0.1;8.3
1.0;1753877982.281518;18.373066;-4.97;-24.54;370.67;-0.836949;1.057156;-0.373498;0.0;147.3;6.9;0.0;2.3;8.5
1.0;1753877982.286116;18.358907;9.08;-15.2;329.76;0.747588;1.080813;-0.240739;0.0;150.9;5.8;0.0;1.8;9.6
1.0;1753877982.290714;18.349879;4.41;-6.24;330.91;1.079415;0.814906;-0.333701;0.0;210.3;4.9;0.0;1.5;8.4
1.0;1753877982.295312;18.373211;1.6;-14.87;267.45;-0.382031;1.108427;-0.360861;0.0;225.1;4.0;0.0;0.9;4.4
1.0;1753877982.29991;18.33613;4.12;-13.57;349.48;0.772661;0.837961;-0.528745;0.0;64.5;1.3;0.0;2.6;1.9
1.0;1753877982.304508;18.322502;8.0;-17.94;369.36;-1.161091;0.702578;-0.247338;0.0;170.2;4.2;0.0;1.0;7.2
1.0;1753877982.309106;18.361231;10.82;-24.94;338.86;0.72577;0.585589;-0.366161;0.0;47.1;3.2;0.0;3.7;8.0
1.0;1753877982.313704;18.380132;0.0;-7.63;349.8;-0.254802;-0.075141;-0.200693;0.0;172.1;4.4;0.0;3.3;9.3
1.0;1753877982.318302;18.380172;10.63;-16.31;312.92;0.413379;0.277088;-0.287501;0.0;200.4;7.3;0.0;2.8;8.1
1.0;1753877982.322899;18.372975;17.49;-28.9;302.28;0.543524;2.228387;-0.054036;0.0;33.5;6.9;0.0;3.9;-1.6
1.0;1753877982.327497;18.373708;16.21;-21.02;325.48;0.069683;0.562038;-0.222715;0.0;136.6;7.7;0.0;1.6;8.3
1.0;1753877982.332095;18.353532;11.38;-12.05;311.75;0.275431;1.187464;-0.410688;0.0;146.2;6.0;0.0;2.0;6.9
1.0;1753877982.336693;18.360673;6.69;-20.45;431.45;-0.177871;1.279052;-0.358128;0.0;90.5;3.2;0.0;1.9;6.5
1.0;1753877982.341291;18.301576;18.64;-17.83;345.22;0.304459;1.776438;-0.150295;0.0;166.3;6.5;0.0;1.6;7.0
1.0;1753877982.345889;18.406058;0.95;-24.24;371.0;-0.913741;0.879452;-0.300504;0.0;-22.4;3.6;0.0;2.1;6.2
1.0;1753877982.350487;18.361033;16.51;-28.26;358.24;0.181242;1.538497;-0.101781;0.0;232.5;5.8;0.0;1.8;8.6
1.0;1753877982.355085;18.341761;11.72;-11.38;336.56;-0.78552;1.179497;-0.434806;0.0;127.4;11.1;0.0;2.4;1.8
1.0;1753877982.359682;18.381143;2.49;-21.09;328.62;-0.161373;0.729858;-0.334519;0.0;109.5;5.1;0.0;2.5;4.5
1.0;1753877982.36428;18.377192;12.26;-13.73;333.21;0.040093;0.838138;-0.316366;0.0;14.9;9.2;0.0;3.2;-0.2
1.0;1753877982.368878;18.37196;1.24;-13.27;369.73;-0.959328;0.587139;-0.332417;0.0;237.8;10.5;0.0;1.0;16.1
1.0;1753877982.373476;18.370607;-5.58;-28.48;319.34;-0.838721;1.148096;0.002615;0.0;81.5;9.4;0.0;2.3;8.2
1.0;1753877982.378074;18.367577;5.96;-6.99;391.18;-0.187352;0.755158;-0.087957;0.0;76.8;6.4;0.0;2.5;7.5
1.0;1753877982.382672;18.34307;-0.42;-24.17;361.35;0.237308;0.42967;-0.201498;0.0;263.3;12.2;0.0;1.6;4.0
1.0;1753877982.38727;18.376056;2.34;-14.76;368.1;0.285019;0.513248;-0.259105;0.0;-44.1;9.2;0.0;2.4;11.5
1.0;1753877982.391868;18.333508;12.64;-20.77;353.72;-0.674748;0.653789;0.182062;0.0;79.8;11.0;0.0;1.4;5.7
1.0;1753877982.396466;18.367366;17.9;-18.06;333.01;0.474427;-0.072175;-0.064495;0.0;148.1;2.3;0.0;3.0;8.9
1.0;1753877982.401064;18.353102;2.81;-17.63;366.09;0.46293;0.36745;-0.19838;0.0;195.4;6.8;0.0;1.4;13.3
1.0;1753877982.405662;18.348672;6.36;-21.49;383.91;0.626435;1.086178;-0.00879;0.0;72.3;10.3;0.0;3.0;7.3
1.0;1753877982.41026;18.34297;-0.85;-20.27;384.92;-0.905467;1.017768;-0.139581;0.0;191.3;4.7;0.0;1.9;8.4
1.0;1753877982.414858;18.326254;5.78;-27.13;358.44;-0.1728;0.894725;-0.076508;0.0;36.5;6.1;0.0;2.2;14.5
1.0;1753877982.419455;18.306429;-8.95;-25.97;349.9;0.437832;0.904328;-0.440243;0.0;114.4;4.9;0.0;2.7;7.9
1.0;1753877982.424053;18.361926;4.59;-24.75;305.13;-1.011399;0.731759;0.021446;0.0;96.3;3.7;0.0;0.9;1.8
1.0;1753877982.428651;18.34164;3.18;-29.71;373.97;-0.451266;1.290407;-0.276738;0.0;143.9;3.2;0.0;1.9;5.5
1.0;1753877982.433249;18.330533;4.8;-24.64;375.04;-0.818189;0.879287;-0.204066;0.0;130.2;9.7;0.0;2.7;-1.1
1.0;1753877982.437847;18.36631;-2.39;-13.45;328.43;-0.672201;0.465545;-0.198027;0.0;243.6;5.6;0.0;2.6;11.2
1.0;1753877982.442445;18.385562;10.94;-17.96;381.77;-1.542888;1.826958;0.11175;0.0;129.7;3.1;0.0;2.9;3.6
1.0;1753877982.447043;18.381671;-2.62;-22.01;349.19;-0.593903;0.836737;0.003759;0.0;95.2;5.7;0.0;2.7;5.5
1.0;1753877982.45164;18.337892;-1.42;-21.92;369.8;0.118145;1.313488;-0.166501;0.0;215.0;5.7;0.0;2.4;14.3
1.0;1753877982.456238;18.346423;-3.13;-19.06;364.73;-0.936238;-0.000331;-0.317401;0.0;100.0;6.4;0.0;2.1;10.2
1.0;1753877982.460836;18.371217;3.95;-14.97;392.79;0.509205;0.626577;-0.17334;0.0;179.8;5.7;0.0;1.6;10.0
1.0;1753877982.465434;18.385367;-1.34;-17.45;255.28;-0.775943;1.162518;-0.062066;0.0;228.1;5.4;0.0;1.4;12.8
1.0;1753877982.470032;18.355508;4.3;-8.68;383.41;0.472911;1.156916;-0.019251;0.0;175.8;5.8;0.0;1.1;12.1
1.0;1753877982.47463;18.345894;7.16;-20.85;354.85;-0.67872;0.84635;-0.45944;0.0;109.4;10.5;0.0;2.7;9.6
1.0;1753877982.479228;18.353485;0.43;-25.27;350.14;-1.491056;0.88486;-0.049573;0.0;64.0;6.7;0.0;2.5;18.9
1.0;1753877982.483826;18.341294;8.41;-15.61;336.61;0.088853;0.790052;-0.256358;0.0;137.8;6.1;0.0;3.7;6.1
1.0;1753877982.488424;18.318839;1.38;-16.72;349.61;-1.437794;0.769563;-0.129747;0.0;204.0;6.4;0.0;3.7;11.5
1.0;1753877982.493022;18.369309;6.96;-24.42;371.78;-0.776652;0.639226;0.12268;0.0;157.1;4.6;0.0;2.9;11.9
1.0;1753877982.49762;18.355173;11.45;-24.04;415.17;-0.350369;0.371105;0.007813;0.0;143.5;5.4;0.0;2.9;7.3
1.0;1753877982.502218;18.370656;-3.4;-18.79;323.38;-1.199117;0.175951;-0.224162;0.0;57.9;6.6;0.0;2.3;13.7
1.0;1753877982.506816;18.356888;-14.72;-28.24;341.1;-0.003528;1.867452;0.090384;0.0;195.2;9.2;0.0;1.2;8.4
1.0;1753877982.511413;18.358606;5.42;-21.15;343.84;0.43361;0.622898;-0.309674;0.0;44.9;12.3;0.0;1.6;6.0
1.0;1753877982.516011;18.367009;-3.83;-13.02;357.87;-0.821513;-0.037237;0.033558;0.0;156.2;5.4;0.0;2.4;5.0
1.0;1753877982.520609;18.34508;19.13;-27.97;396.02;-0.046756;1.149544;-0.092038;0.0;152.0;0.8;0.0;2.3;9.2
1.0;1753877982.525207;18.358961;-1.25;-15.55;304.89;0.176066;1.091449;0.005686;0.0;153.8;6.6;0.0;2.7;7.9
1.0;1753877982.529805;18.347527;18.0;-20.83;374.18;-0.457848;1.050714;-0.004848;0.0;246.0;6.6;0.0;1.5;3.2
1.0;1753877982.534403;18.38114;2.08;-5.94;332.57;0.013169;0.908088;-0.183169;0.0;203.4;8.4;0.0;1.6;11.3
1.0;1753877982.539001;18.350506;5.53;-19.17;353.09;0.088343;0.23074;-0.12463;0.0;114.3;2.8;0.0;2.7;9.0
1.0;1753877982.543599;18.34337;8.98;-14.4;362.85;-1.09234;0.542976;0.025118;0.0;113.0;9.9;0.0;2.2;7.3
1.0;1753877982.548196;18.341879;7.87;-29.31;341.12;-0.467613;0.6206;-0.024903;0.0;142.8;5.3;0.0;2.7;11.5
1.0;1753877982.552794;18.37366;0.01;-22.33;383.71;-0.648609;1.555698;-0.217026;0.0;167.9;4.5;0.0;1.9;12.0
1.0;1753877982.5595;18.359375;3.15;-20.86;356.93;-0.454572;0.6954;-0.076006;0.0;144.0;6.0;0.0;2.0;8.0
1.0;1753877982.564098;18.344277;8.49;-0.05;365.31;-0.923269;0.942872;-0.132984;0.0;51.2;10.1;0.0;3.5;7.9
1.0;1753877982.568696;18.371588;-8.66;-25.02;342.25;-0.491604;0.475551;-0.090701;0.0;157.9;1.7;0.0;1.1;1.6
1.0;1753877982.573294;18.35573;-17.9;-27.9;295.93;0.24788;1.54754;-0.044346;0.0;14.5;6.5;0.0;2.6;3.2
1.0;1753877982.577892;18.342427;-14.87;-16.76;365.09;-0.338393;1.16455;-0.06559;0.0;88.7;1.8;0.0;1.5;9.0
1.0;1753877982.58249;18.382392;12.22;-25.83;350.84;0.344914;0.940303;-0.170241;0.0;-20.5;9.0;0.0;1.5;8.4
1.0;1753877982.587088;18.373576;3.44;-17.93;326.71;-0.282735;0.007018;-0.003568;0.0;137.8;1.3;0.0;1.2;1.5
1.0;1753877982.591685;18.399522;2.23;-20.7;324.42;0.00752;1.224535;0.134282;0.0;174.9;9.1;0.0;-0.4;7.0
1.0;1753877982.596283;18.344037;0.99;-17.12;274.52;-0.009402;-0.521306;0.483248;0.0;-79.1;2.4;0.0;0.7;-0.3
1.0;1753877982.600881;18.373122;4.27;-28.64;410.28;-0.306421;0.754453;0.139871;0.0;-100.9;5.4;0.0;0.1;5.7
1.0;1753877982.605479;18.376848;-5.84;-39.1;370.9;-0.89736;0.609965;0.103349;0.0;-63.5;-1.1;0.0;1.3;5.2
1.0;1753877982.610077;18.364312;10.11;-32.78;292.69;-0.395297;-0.820493;0.037162;0.0;-87.6;1.7;0.0;0.7;-5.9
1.0;1753877982.614675;18.379666;-10.08;-12.96;348.81;0.219083;1.005735;0.224785;0.0;7.5;1.5;0.0;0.7;-2.8
1.0;1753877982.619273;18.384126;-8.17;-38.57;309.32;0.515738;0.828818;-0.207267;0.0;25.9;-0.0;0.0;-2.1;-2.1
1.0;1753877982.62387;18.377621;4.63;-34.26;365.74;-0.210855;0.047782;0.154825;0.0;-46.9;-4.3;0.0;1.4;1.7
1.0;1753877982.62934;18.371094;3.01;-28.84;292.53;-0.001952;0.217282;-0.002928;0.0;0.0;0.0;0.0;0.0;0.0
1.0;1753877982.633938;18.36935;11.61;-49.38;334.95;0.162855;0.122769;-0.055196;0.0;-183.3;0.3;0.0;-1.6;3.4
1.0;1753877982.638536;18.379554;-15.6;-39.85;331.17;0.745518;0.801131;-0.12421;0.0;85.9;-2.1;0.0;0.9;-1.2
1.0;1753877982.643134;18.379911;-4.08;-34.75;251.31;0.09731;0.479372;0.324552;0.0;-25.8;2.3;0.0;-1.2;3.2
1.0;1753877982.647732;18.398742;-2.57;-25.09;293.73;-0.178252;-0.26778;0.376037;0.0;-91.8;-6.1;0.0;-0.5;0.6
1.0;1753877982.65329;18.371094;-5.88;-30.87;304.78;-0.113094;0.632326;0.408578;0.0;0.0;0.0;0.0;0.0;0.0
1.0;1753877982.657888;18.379899;2.13;-16.46;324.29;-0.000888;0.1331;0.273438;0.0;63.1;-2.7;0.0;0.1;-1.9
1.0;1753877982.662486;18.387848;-8.08;-31.18;277.03;0.249897;2.10197;0.019186;0.0;-40.9;-1.6;0.0;-0.7;-1.0
1.0;1753877982.667084;18.383448;-24.43;-29.43;287.35;0.139628;1.167978;0.202958;0.0;6.6;0.1;0.0;1.0;-1.2
1.0;1753877982.671682;18.347606;-7.13;-32.21;362.05;0.144933;1.289262;0.307783;0.0;66.9;-0.2;0.0;-0.2;-4.5
1.0;1753877982.67628;18.366167;-23.05;-20.29;295.24;0.701018;1.694951;-0.033571;0.0;69.8;-2.7;0.0;-0.1;-0.9
1.0;1753877982.680878;18.374252;-7.53;-31.37;300.94;-0.043871;1.886148;0.208893;0.0;16.3;4.0;0.0;0.3;-8.0
1.0;1753877982.685475;18.349064;-20.75;-27.27;272.45;-0.643494;1.707981;-0.085326;0.0;119.1;3.4;0.0;1.2;0.7
1.0;1753877982.690073;18.346853;-3.22;-29.54;264.87;-1.228009;1.143621;-0.313206;0.0;-19.1;3.0;0.0;0.1;3.1
1.0;1753877982.6962;18.371094;-16.45;-33.25;324.66;-0.25925;2.21918;-0.166042;0.0;0.0;0.0;0.0;0.0;0.0
1.0;1753877982.700798;18.336142;-11.15;-30.62;338.27;-1.394414;0.980797;-0.048975;0.0;-4.9;-4.5;0.0;0.2;-2.4
1.0;1753877982.705396;18.365577;-11.48;-27.17;319.18;-0.757713;2.173579;-0.078117;0.0;-3.0;1.6;0.0;0.6;-5.3
1.0;1753877982.709994;18.37206;-15.33;-37.37;310.86;-0.394488;2.868004;-0.27108;0.0;52.3;-1.7;0.0;-1.1;1.5
1.0;1753877982.714592;18.364367;-15.4;-25.97;234.47;-0.822286;2.467963;-0.215755;0.0;-8.2;1.2;0.0;0.3;1.5
1.0;1753877982.71919;18.367003;-17.61;-39.33;299.34;-0.009634;1.864924;-0.01794;0.0;-19.3;-1.1;0.0;-0.1;1.4
1.0;1753877982.723787;18.342328;-8.3;-20.08;290.91;0.483424;1.380696;0.025383;0.0;-9.2;0.6;0.0;-0.8;0.2
1.0;1753877982.728385;18.335989;-12.22;-47.15;269.6;-0.381051;2.759161;-0.114596;0.0;13.5;-0.5;0.0;1.3;-7.2
1.0;1753877982.732983;18.385211;-5.1;-21.47;322.5;0.211914;2.521398;-0.091698;0.0;30.3;-2.6;0.0;-1.2;0.3
1.0;1753877982.737581;18.371917;-1.23;-29.87;328.03;-0.591769;2.212996;-0.165298;0.0;-30.3;1.5;0.0;1.7;2.4
1.0;1753877982.74204;18.351562;9.87;-30.03;284.76;-0.141764;1.901126;-0.142496;0.0;0.0;0.0;0.0;0.0;0.0
1.0;1753877982.746638;18.359774;13.72;-34.14;285.21;-0.101476;1.642936;0.094678;0.0;-77.6;2.9;0.0;-0.1;-7.5
1.0;1753877982.751236;18.371887;13.58;-35.52;236.26;0.301651;0.717928;-0.062671;0.0;133.2;-2.1;0.0;2.2;-1.8
1.0;1753877982.755834;18.340616;17.43;-23.89;287.07;0.101201;1.224639;-0.311621;0.0;47.6;-3.4;0.0;-0.5;-0.3
1.0;1753877982.760432;18.371535;5.85;-28.41;265.75;-0.496888;2.220432;-0.352432;0.0;-117.5;-2.3;0.0;-1.4;-3.1
1.0;1753877982.76503;18.361159;1.61;-21.19;241.12;-0.695643;1.211712;-0.288307;0.0;95.5;-0.7;0.0;-0.3;-1.0
1.0;1753877982.769627;18.34731;12.37;-37.89;296.98;0.382397;1.320914;-0.452559;0.0;-81.3;-2.7;0.0;2.4;2.5
1.0;1753877982.774225;18.340807;12.63;-28.97;252.62;0.312663;1.0149;-0.495324;0.0;-112.5;2.2;0.0;-0.4;3.3
1.0;1753877982.778823;18.361148;14.35;-27.08;238.96;0.009522;0.480568;-0.307834;0.0;52.3;0.6;0.0;0.5;-1.2
1.0;1753877982.783421;18.359911;-3.46;-31.62;251.29;0.64085;0.860768;-0.668996;0.0;106.5;1.3;0.0;1.1;3.7
1.0;1753877982.788019;18.338011;-2.65;-24.69;245.25;0.281455;1.464861;-0.453096;0.0;39.1;-5.4;0.0;-1.6;2.3
1.0;1753877982.792617;18.327555;-0.28;-32.66;210.17;-0.64237;1.502531;-0.398745;0.0;-76.4;4.3;0.0;0.6;-2.6
1.0;1753877982.797215;18.382074;28.22;-41.94;266.19;-0.287593;1.309315;-0.199738;0.0;-61.1;0.3;0.0;0.7;-4.2
1.0;1753877982.801813;18.372886;10.97;-39.31;302.75;0.801969;0.736848;-0.353681;0.0;0.5;1.8;0.0;-1.9;-2.6
1.0;1753877982.80641;18.358304;17.82;-33.55;198.81;0.094025;0.267158;-0.325096;0.0;-65.4;0.3;0.0;-0.8;6.0
1.0;1753877982.81162;18.351562;13.16;-31.57;234.64;0.196542;0.72102;-0.544852;0.0;0.0;0.0;0.0;0.0;0.0
1.0;1753877982.816218;18.364197;16.32;-36.17;278.87;0.261826;0.386167;-0.533407;0.0;-29.5;-0.9;0.0;-1.5;0.8
1.0;1753877982.820816;18.36606;12.52;-25.4;194.9;0.044364;1.37818;-0.140672;0.0;9.8;2.0;0.0;0.8;-2.2
1.0;1753877982.825414;18.37046;-5.88;-25.03;258.07;0.349917;0.560982;-0.237483;0.0;-16.5;-0.6;0.0;-1.8;6.3
1.0;1753877982.83292;18.351562;-1.75;-30.31;268.03;-0.15128;0.955504;-0.149694;0.0;0.0;0.0;0.0;0.0;0.0
1.0;1753877982.837518;18.314998;-13.04;-36.3;296.18;-0.028118;1.288128;-0.423881;0.0;28.1;-2.2;0.0;-0.8;0.1
1.0;1753877982.842116;18.328685;3.29;-32.33;260.01;0.006569;1.427261;-0.071462;0.0;-109.2;-0.0;0.0;-1.1;-0.7
1.0;1753877982.846714;18.348822;7.33;-41.68;271.12;0.195223;0.452939;0.018648;0.0;79.6;-1.5;0.0;0.4;-2.7
1.0;1753877982.851312;18.354581;2.67;-20.36;271.4;-0.187207;2.206765;-0.370532;0.0;-40.7;-1.0;0.0;1.2;0.3
1.0;1753877982.85591;18.350818;7.73;-25.68;216.99;-0.177688;0.185889;-0.403655;0.0;199.8;-0.5;0.0;1.0;-0.2
1.0;1753877982.860508;18.347527;2.69;-33.37;306.49;-0.508211;0.846113;-0.016011;0.0;109.9;0.4;0.0;0.4;-3.5
1.0;1753877982.865106;18.364808;1.52;-29.77;211.72;-0.022481;1.44926;-0.38807;0.0;21.5;0.2;0.0;-0.7;1.2
1.0;1753877982.869703;18.335192;-2.73;-25.25;262.53;-0.617271;2.007438;-0.270569;0.0;91.0;-0.6;0.0;-0.2;-0.3
1.0;1753877982.874301;18.348462;0.63;-27.75;250.59;0.054744;0.598162;-0.295446;0.0;-5.6;1.8;0.0;-0.3;-4.9
1.0;1753877982.878899;18.339152;-7.59;-32.76;326.52;0.404;0.919176;-0.412517;0.0;4.6;-2.2;0.0;1.5;1.7
1.0;1753877982.88475;18.351562;1.05;-29.61;269.64;0.18239;1.232932;-0.260714;0.0;0.0;0.0;0.0;0.0;0.0
1.0;1753877982.889348;18.338064;5.23;-24.94;282.28;0.170826;0.537878;-0.418998;0.0;85.0;1.3;0.0;1.2;2.8
1.0;1753877982.893946;18.341748;2.56;-30.68;272.04;0.526459;1.2693;-0.112041;0.0;85.6;0.6;0.0;0.3;1.4
1.0;1753877982.898544;18.386709;2.53;-28.43;190.43;-0.352803;1.977288;-0.259182;0.0;-115.9;1.4;0.0;0.5;2.2
1.0;1753877982.903142;18.35719;-9.63;-30.01;267.54;-0.079325;1.486782;0.054385;0.0;16.4;-0.6;0.0;1.2;0.0
1.0;1753877982.90774;18.366259;-2.45;-26.48;327.39;0.264867;1.082183;-0.731997;0.0;45.9;-1.8;0.0;-1.0;-0.2
1.0;1753877982.912337;18.36457;-0.02;-23.11;332.9;-0.244351;0.714306;-0.169679;0.0;-42.1;-3.4;0.0;-0.1;-1.1
1.0;1753877982.916935;18.385975;17.38;-25.76;270.94;-0.162133;1.666572;0.137011;0.0;-42.2;1.6;0.0;0.1;-1.6
1.0;1753877982.921533;18.360262;7.21;-25.51;263.52;-0.264656;1.597741;-0.349775;0.0;9.8;0.7;0.0;0.2;-0.5
1.0;1753877982.92599;18.378906;1.89;-28.56;247.8;-0.175436;1.46644;-0.246928;0.0;0.0;0.0;0.0;0.0;0.0
1.0;1753877982.930588;18.363621;0.02;-27.25;244.4;0.156021;0.93681;-0.144338;0.0;-85.8;0.0;0.0;-0.7;0.0
1.0;1753877982.935186;18.368769;2.39;-30.24;259.57;-0.357351;1.198001;-0.169144;0.0;61.6;0.0;0.0;-1.9;0.0
1.0;1753877982.939784;18.389683;9.73;-26.28;229.97;0.216766;0.08801;-0.03432;0.0;61.6;0.0;0.0;0.2;0.0
1.0;1753877982.944382;18.370439;12.31;-27.13;256.29;0.331507;0.880818;-0.361209;0.0;18.2;0.0;0.0;0.4;0.0
1.0;1753877982.94898;18.374728;-8.31;-29.64;192.83;-0.403412;0.115154;-0.193999;0.0;-43.3;0.0;0.0;-0.4;0.0
1.0;1753877982.953578;18.382338;-1.58;-23.68;157.41;-0.316657;1.676498;-0.197855;0.0;-11.4;0.0;0.0;0.7;0.0
1.0;1753877982.958176;18.380301;2.4;-22.3;261.47;-0.355924;-0.298705;-0.2947;0.0;27.5;0.0;0.0;-0.7;0.0
1.0;1753877982.962773;18.385039;-2.65;-25.31;201.28;-0.416158;-0.473801;-0.018776;0.0;40.3;0.0;0.0;-0.1;0.0
1.0;1753877982.967371;18.373862;3.4;-29.59;229.54;0.019706;-0.198202;0.141654;0.0;32.0;0.0;0.0;0.4;0.0
1.0;1753877982.97489;18.378906;-2.45;-27.93;234.36;0.149572;0.138226;-0.01403;0.0;0.0;0.0;0.0;0.0;0.0
1.0;1753877982.97611;18.460938;-25.62;1.05;415.66;-0.39345;-0.762378;0.215208;0.0;0.0;0.0;0.0;0.0;0.0
1.0;1753877982.979627;18.460938;-20.86;-0.7;406.63;-0.734684;-1.511092;-0.378322;0.0;0.0;0.0;0.0;0.0;0.0
1.0;1753877982.984168;18.460938;-21.21;-7.35;429.03;-0.048068;-0.346846;0.409066;0.0;0.0;0.0;0.0;0.0;0.0
1.0;1753877982.988766;18.451365;-16.09;-17.34;436.28;-0.300477;-0.667123;0.507858;0.0;0.0;0.0;0.0;0.0;0.0
1.0;1753877982.993894;18.40625;-9.31;-14.63;443.1;-0.233142;-1.62992;-0.276696;0.0;0.0;0.0;0.0;0.0;0.0
1.0;1753877982.998011;18.40625;-10.57;-31.71;482.93;-0.435418;-0.72468;0.096258;0.0;0.0;0.0;0.0;0.0;0.0
1.0;1753877983.002609;18.448301;-33.29;-34.6;433.44;-0.611531;-0.815827;0.110118;0.0;0.0;0.0;0.0;0.0;0.0
1.0;1753877983.007207;18.382233;-5.53;-20.15;464.25;-0.802674;-1.929028;0.64275;0.0;0.0;0.0;0.0;0.0;0.0
1.0;1753877983.011805;18.453793;-14.32;-26.86;460.41;-0.201867;-0.582179;0.195716;0.0;0.0;0.0;0.0;0.0;0.0
1.0;1753877983.016403;18.449261;2.89;-43.69;473.83;-0.235771;-0.399872;-0.165223;0.0;0.0;0.0;0.0;0.0;0.0
1.0;1753877983.021;18.410676;-3.36;-28.79;465.66;-0.051748;-0.510674;0.351998;0.0;0.0;0.0;0.0;0.0;0.0
1.0;1753877983.025598;18.440771;-11.92;-33.87;527.08;-0.282247;-0.705501;-0.219616;0.0;0.0;0.0;0.0;0.0;0.0
1.0;1753877983.030196;18.420542;-10.23;-42.7;464.19;-1.044605;-1.777372;0.324912;0.0;0.0;0.0;0.0;0.0;0.0
1.0;1753877983.034794;18.374631;-6.43;-31.92;474.62;-0.22416;0.113049;-0.083557;0.0;0.0;0.0;0.0;0.0;0.0
1.0;1753877983.039392;18.377162;2.9;-18.43;467.57;-0.822366;-1.015174;-0.136512;0.0;0.0;0.0;0.0;0.0;0.0
1.0;1753877983.04399;18.407684;3.65;-16.42;476.62;0.841708;-0.461733;0.297158;0.0;0.0;0.0;0.0;0.0;0.0
1.0;1753877983.048588;18.414918;-15.94;-39.38;466.71;-0.393765;-0.792588;0.679893;0.0;0.0;0.0;0.0;0.0;0.0
1.0;1753877983.053186;18.398441;-17.4;-37.87;488.75;-0.463151;-0.911026;0.180418;0.0;0.0;0.0;0.0;0.0;0.0
1.0;1753877983.057784;18.412575;-6.68;-26.92;451.71;-0.004858;0.34213;0.28982;0.0;0.0;0.0;0.0;0.0;0.0
1.0;1753877983.062382;18.392822;-17.38;-37.21;469.48;-0.9408;0.435139;0.210857;0.0;0.0;0.0;0.0;0.0;0.0
1.0;1753877983.06698;18.413912;-22.49;-25.83;503.87;-0.332063;-0.179332;0.165731;0.0;0.0;0.0;0.0;0.0;0.0
1.0;1753877983.071578;18.317687;-4.82;-21.5;512.75;-0.037163;-0.734957;0.389235;0.0;0.0;0.0;0.0;0.0;0.0
1.0;1753877983.076176;18.40595;-9.1;-29.41;508.15;-0.559239;-0.239883;0.372198;0.0;0.0;0.0;0.0;0.0;0.0
1.0;1753877983.080773;18.409;5.11;-39.08;489.69;-0.983851;-1.013942;-0.337247;0.0;0.0;0.0;0.0;0.0;0.0
1.0;1753877983.085371;18.418731;-28.95;-25.43;479.49;-0.530933;0.191237;-0.138134;0.0;0.0;0.0;0.0;0.0;0.0
1.0;1753877983.089969;18.421406;-10.1;-15.19;430.52;-0.390282;-0.691847;-0.122444;0.0;0.0;0.0;0.0;0.0;0.0
1.0;1753877983.094567;18.394062;-4.94;-32.38;474.79;-0.021182;-0.376142;0.702969;0.0;0.0;0.0;0.0;0.0;0.0
1.0;1753877983.099165;18.438722;-16.81;-29.88;446.62;-0.18031;-0.219894;0.358677;0.0;0.0;0.0;0.0;0.0;0.0
1.0;1753877983.103763;18.392222;-14.28;-39.84;508.71;-1.097594;0.122127;0.071815;0.0;0.0;0.0;0.0;0.0;0.0
1.0;1753877983.108361;18.401535;10.09;-36.51;511.36;-1.132147;-0.83847;0.007631;0.0;0.0;0.0;0.0;0.0;0.0
1.0;1753877983.112959;18.431553;-9.57;-20.75;462.68;-0.612809;0.017804;0.148604;0.0;0.0;0.0;0.0;0.0;0.0
1.0;1753877983.117556;18.361731;-8.58;-26.96;494.63;-0.313371;0.026218;0.822879;0.0;0.0;0.0;0.0;0.0;0.0
1.0;1753877983.122154;18.408988;-30.42;-32.81;474.41;-0.785861;-0.412921;0.147667;0.0;0.0;0.0;0.0;0.0;0.0
1.0;1753877983.126752;18.451693;-18.65;-12.71;507.29;0.140701;-1.244562;-0.128726;0.0;0.0;0.0;0.0;0.0;0.0
1.0;1753877983.13135;18.401298;-14.35;-27.57;464.42;0.028721;0.038194;0.359478;0.0;0.0;0.0;0.0;0.0;0.0
1.0;1753877983.135948;18.412185;-34.51;-23.49;507.39;-0.490417;-0.649457;0.937378;0.0;0.0;0.0;0.0;0.0;0.0
1.0;1753877983.140546;18.436862;-26.7;-33.81;472.42;-0.368885;0.741173;0.476977;0.0;0.0;0.0;0.0;0.0;0.0
1.0;1753877983.145144;18.438274;-22.37;-32.97;458.93;-0.417317;-0.555265;0.690883;0.0;0.0;0.0;0.0;0.0;0.0
1.0;1753877983.149742;18.451777;-10.37;-31.95;537.65;-0.806748;1.091003;-0.034185;0.0;0.0;0.0;0.0;0.0;0.0
1.0;1753877983.15434;18.388741;-19.75;-20.04;517.09;-0.374583;0.302846;0.136543;0.0;0.0;0.0;0.0;0.0;0.0
1.0;1753877983.158938;18.418744;-19.7;-6.94;440.3;0.199509;-0.748783;-0.190822;0.0;0.0;0.0;0.0;0.0;0.0
1.0;1753877983.163536;18.38316;-28.97;-32.69;456.8;-0.701816;-0.443899;0.073992;0.0;0.0;0.0;0.0;0.0;0.0
1.0;1753877983.168134;18.440847;-1.76;-36.49;440.61;0.484844;0.158978;0.271537;0.0;0.0;0.0;0.0;0.0;0.0
1.0;1753877983.172732;18.498345;-11.69;-42.51;490.0;0.056333;-0.615517;0.211535;0.0;0.0;0.0;0.0;0.0;0.0
1.0;1753877983.177329;18.32362;-15.32;-21.44;495.27;-1.263832;-1.167974;0.621299;0.0;0.0;0.0;0.0;0.0;0.0
1.0;1753877983.181927;18.400312;-21.2;-23.24;469.33;-0.575671;0.145411;0.137795;0.0;0.0;0.0;0.0;0.0;0.0
1.0;1753877983.186525;18.429217;-5.69;-27.85;443.16;0.136352;0.008807;0.065017;0.0;0.0;0.0;0.0;0.0;0.0
1.0;1753877983.191123;18.384339;-15.55;-45.95;464.15;-0.412222;0.635613;0.365559;0.0;0.0;0.0;0.0;0.0;0.0
1.0;1753877983.195721;18.34573;-1.91;-23.26;474.34;0.55361;-0.633234;0.463083;0.0;0.0;0.0;0.0;0.0;0.0
1.0;1753877983.200319;18.405423;-14.34;-35.36;456.01;-0.126723;0.852557;0.621728;0.0;0.0;0.0;0.0;0.0;0.0
1.0;1753877983.204917;18.424518;-20.31;-25.36;449.6;-0.146822;-0.196281;0.611453;0.0;0.0;0.0;0.0;0.0;0.0
1.0;1753877983.209514;18.396738;-14.68;-47.13;549.52;0.521243;0.528375;0.187434;0.0;0.0;0.0;0.0;0.0;0.0
1.0;1753877983.214112;18.375077;-19.4;-39.53;456.27;0.260968;0.503204;0.617043;0.0;0.0;0.0;0.0;0.0;0.0
1.0;1753877983.21871;18.375079;-20.48;-16.9;514.57;-0.000736;-0.237199;0.58004;0.0;0.0;0.0;0.0;0.0;0.0
1.0;1753877983.223308;18.400341;-17.12;-33.25;514.17;-0.450311;0.750237;0.512139;0.0;0.0;0.0;0.0;0.0;0.0
1.0;1753877983.227906;18.310244;-25.49;-35.94;492.37;-0.145046;0.423472;0.554152;0.0;0.0;0.0;0.0;0.0;0.0
1.0;1753877983.232504;18.397003;2.09;-22.19;432.41;0.427885;-0.801536;0.205892;0.0;0.0;0.0;0.0;0.0;0.0
1.0;1753877983.237102;18.398981;-44.23;-18.27;455.19;-0.565221;-0.066278;-0.069436;0.0;0.0;0.0;0.0;0.0;0.0
1.0;1753877983.2417;18.412229;-11.62;-39.84;489.96;-0.178347;0.389779;0.476025;0.0;0.0;0.0;0.0;0.0;0.0
1.0;1753877983.2499;18.40625;-14.7;-27.79;474.67;-0.06832;0.230702;0.347212;0.0;0.0;0.0;0.0;0.0;0.0
1.0;1753877983.254498;18.461445;-28.83;-40.55;463.23;-0.391532;-0.660057;0.276483;0.0;0.0;0.0;0.0;0.0;0.0
1.0;1753877983.259096;18.371936;1.97;-15.92;486.91;-0.064064;-0.253736;0.629467;0.0;0.0;0.0;0.0;0.0;0.0
1.0;1753877983.263694;18.393089;-21.93;-42.02;471.1;-0.404012;-0.227028;0.138488;0.0;0.0;0.0;0.0;0.0;0.0
1.0;1753877983.268292;18.425674;-22.42;-35.59;464.37;-0.011753;-0.676493;0.735719;0.0;0.0;0.0;0.0;0.0;0.0
1.0;1753877983.27289;18.339039;-11.4;-40.84;478.12;0.534473;-0.063965;0.623511;0.0;0.0;0.0;0.0;0.0;0.0
1.0;1753877983.277488;18.40168;-8.07;-26.86;496.68;-0.010659;-0.337791;0.552807;0.0;0.0;0.0;0.0;0.0;0.0
1.0;1753877983.282086;18.441712;-4.13;-21.08;478.7;0.18693;0.194714;0.428398;0.0;0.0;0.0;0.0;0.0;0.0
1.0;1753877983.286683;18.381416;-16.46;-27.04;463.43;0.344385;0.937261;-0.048454;0.0;0.0;0.0;0.0;0.0;0.0
1.0;1753877983.291281;18.364732;-18.86;-31.43;522.11;-0.35022;0.454512;0.366077;0.0;0.0;0.0;0.0;0.0;0.0
1.0;1753877983.295879;18.405992;-18.57;-14.34;479.04;-0.734695;0.077597;-0.132894;0.0;0.0;0.0;0.0;0.0;0.0
1.0;1753877983.300477;18.444999;-21.59;-31.36;458.67;0.830912;0.776226;0.404496;0.0;0.0;0.0;0.0;0.0;0.0
1.0;1753877983.305075;18.38919;-27.83;-45.34;490.54;-0.143023;0.523427;0.667274;0.0;0.0;0.0;0.0;0.0;0.0
1.0;1753877983.309673;18.339291;-26.65;-27.96;459.15;-0.320715;0.344271;0.077376;0.0;0.0;0.0;0.0;0.0;0.0
1.0;1753877983.314271;18.358642;-24.92;-20.28;426.23;-0.198339;-0.095108;0.029562;0.0;0.0;0.0;0.0;0.0;0.0
1.0;1753877983.318869;18.42441;-17.84;-30.42;465.42;-0.642972;0.187765;0.387422;0.0;0.0;0.0;0.0;0.0;0.0
1.0;1753877983.323466;18.452726;-11.78;-20.02;501.31;0.117241;-1.272177;0.494233;0.0;0.0;0.0;0.0;0.0;0.0
1.0;1753877983.328064;18.399409;-7.89;-32.33;511.87;-0.470592;0.116116;0.586533;0.0;0.0;0.0;0.0;0.0;0.0
1.0;1753877983.332662;18.409038;-20.75;-25.69;455.86;-1.028901;-0.757095;0.739872;0.0;0.0;0.0;0.0;0.0;0.0
1.0;1753877983.33726;18.370141;2.66;-30.53;463.87;-0.179144;-0.942998;0.269609;0.0;0.0;0.0;0.0;0.0;0.0
1.0;1753877983.341858;18.381679;-5.62;-38.83;483.33;-0.972068;-0.211719;0.021014;0.0;0.0;0.0;0.0;0.0;0.0
1.0;1753877983.346456;18.404033;-12.49;-19.27;504.61;-0.155694;-0.454479;0.073543;0.0;0.0;0.0;0.0;0.0;0.0
1.0;1753877983.351054;18.300656;-9.92;-20.79;459.53;-0.164494;0.775843;0.789129;0.0;0.0;0.0;0.0;0.0;0.0
1.0;1753877983.355652;18.403236;-25.81;-20.19;509.07;-0.028722;0.974784;0.205827;0.0;0.0;0.0;0.0;0.0;0.0
1.0;1753877983.36025;18.380655;-10.47;-39.72;458.13;0.381186;-0.006129;0.424976;0.0;0.0;0.0;0.0;0.0;0.0
1.0;1753877983.364848;18.338647;-18.7;-26.68;481.45;-0.101673;0.386293;-0.01521;0.0;0.0;0.0;0.0;0.0;0.0
1.0;1753877983.369446;18.478854;-26.18;-34.44;530.27;0.277747;-0.152738;0.105963;0.0;0.0;0.0;0.0;0.0;0.0
1.0;1753877983.374044;18.325463;-6.75;-28.58;462.35;-0.637473;0.246726;0.683489;0.0;0.0;0.0;0.0;0.0;0.0
1.0;1753877983.378641;18.46011;-36.61;-30.16;510.62;-0.906843;-0.117474;0.112041;0.0;0.0;0.0;0.0;0.0;0.0
1.0;1753877983.383239;18.374479;-8.2;-35.62;447.96;-0.111907;0.725184;0.053624;0.0;0.0;0.0;0.0;0.0;0.0
1.0;1753877983.387837;18.401741;-16.04;-38.65;488.41;0.273603;0.159356;0.546794;0.0;0.0;0.0;0.0;0.0;0.0
1.0;1753877983.392435;18.298365;-22.22;-37.73;456.66;-0.261979;-0.164181;1.263323;0.0;0.0;0.0;0.0;0.0;0.0
1.0;1753877983.397033;18.342709;-25.59;-39.46;459.2;0.186611;0.519185;0.856333;0.0;0.0;0.0;0.0;0.0;0.0
1.0;1753877983.401631;18.345238;-32.79;-44.32;455.99;0.138391;-0.501729;-0.1266;0.0;0.0;0.0;0.0;0.0;0.0
1.0;1753877983.406229;18.390116;-12.95;-35.0;437.27;-0.870605;0.664188;0.403329;0.0;0.0;0.0;0.0;0.0;0.0
1.0;1753877983.410827;18.436842;-2.6;-21.15;473.68;-0.082657;-0.017445;0.126483;0.0;0.0;0.0;0.0;0.0;0.0
1.0;1753877983.415424;18.282931;-9.81;-18.55;450.04;-0.301787;0.746315;0.503993;0.0;0.0;0.0;0.0;0.0;0.0
1.0;1753877983.420022;18.396123;-5.22;-41.74;465.6;0.543407;0.144367;0.200928;0.0;0.0;0.0;0.0;0.0;0.0
1.0;1753877983.42462;18.420787;-6.14;-24.03;487.07;-1.073042;0.160931;0.95617;0.0;0.0;0.0;0.0;0.0;0.0
1.0;1753877983.429218;18.425921;-17.21;-33.8;491.6;-0.271361;0.01009;0.534028;0.0;0.0;0.0;0.0;0.0;0.0
1.0;1753877983.433816;18.418787;-20.71;-14.33;484.8;-0.581257;0.62993;0.458564;0.0;0.0;0.0;0.0;0.0;0.0
1.0;1753877983.438414;18.38724;-28.48;-30.22;447.48;-0.218812;0.402066;0.591313;0.0;0.0;0.0;0.0;0.0;0.0
1.0;1753877983.443012;18.37636;-29.96;-41.69;441.43;-0.052316;0.601595;0.729834;0.0;0.0;0.0;0.0;0.0;0.0
1.0;1753877983.44761;18.333026;-18.04;-26.2;462.44;-0.113943;1.179545;0.145833;0.0;0.0;0.0;0.0;0.0;0.0
1.0;1753877983.452208;18.38775;-4.56;-20.65;493.33;-0.554973;-0.101929;0.308874;0.0;0.0;0.0;0.0;0.0;0.0
1.0;1753877983.456806;18.412224;-31.03;-23.49;482.32;-0.206195;0.196353;0.073189;0.0;0.0;0.0;0.0;0.0;0.0
1.0;1753877983.461404;18.399885;-9.14;-19.96;497.3;-0.101836;0.282536;0.145601;0.0;0.0;0.0;0.0;0.0;0.0
1.0;1753877983.466002;18.384642;-28.88;-20.22;457.34;0.026525;-0.258429;0.931939;0.0;0.0;0.0;0.0;0.0;0.0
1.0;1753877983.4706;18.364601;-1.91;-24.45;480.55;-0.298611;-0.697434;0.25908;0.0;0.0;0.0;0.0;0.0;0.0
1.0;1753877983.475197;18.349396;-9.71;-29.42;455.0;-0.140303;1.473407;-0.144674;0.0;0.0;0.0;0.0;0.0;0.0
1.0;1753877983.479795;18.392856;-2.18;-12.42;493.85;0.104322;0.265691;0.357938;0.0;0.0;0.0;0.0;0.0;0.0
1.0;1753877983.484393;18.375498;-3.37;-16.12;403.65;0.299664;1.31979;0.308653;0.0;0.0;0.0;0.0;0.0;0.0
1.0;1753877983.488991;18.371606;-7.21;-25.76;473.77;-0.528781;1.690812;0.509931;0.0;0.0;0.0;0.0;0.0;0.0
1.0;1753877983.493589;18.391986;-32.61;-26.73;460.08;-0.664053;-0.265103;0.898563;0.0;0.0;0.0;0.0;0.0;0.0
1.0;1753877983.498187;18.397738;-13.24;-40.14;499.13;0.766135;0.112107;0.302039;0.0;0.0;0.0;0.0;0.0;0.0
1.0;1753877983.502785;18.401758;-20.59;-41.03;476.77;-0.043167;0.684235;0.593954;0.0;0.0;0.0;0.0;0.0;0.0
1.0;1753877983.507383;18.446743;-23.61;-12.35;486.43;-0.408637;0.543137;0.12619;0.0;0.0;0.0;0.0;0.0;0.0
1.0;1753877983.51198;18.313946;-13.41;-29.51;445.42;-0.242798;-0.098792;0.130151;0.0;0.0;0.0;0.0;0.0;0.0
1.0;1753877983.516578;18.385475;-29.75;-25.96;444.49;-0.160566;1.780206;0.526197;0.0;0.0;0.0;0.0;0.0;0.0
1.0;1753877983.521176;18.360128;-3.37;-27.23;476.38;0.232577;0.305327;0.552312;0.0;0.0;0.0;0.0;0.0;0.0
1.0;1753877983.525774;18.326521;-20.15;-29.04;452.41;-0.518979;0.253647;0.472446;0.0;0.0;0.0;0.0;0.0;0.0
1.0;1753877983.530372;18.341078;-15.96;-28.54;457.43;-0.133866;-0.183799;0.534026;0.0;0.0;0.0;0.0;0.0;0.0
1.0;1753877983.53497;18.298407;-19.39;-27.34;484.36;-0.3889;0.413466;-0.107297;0.0;0.0;0.0;0.0;0.0;0.0
1.0;1753877983.539568;18.403236;-29.6;-27.68;461.73;0.386465;1.239357;1.020694;0.0;0.0;0.0;0.0;0.0;0.0
1.0;1753877983.544166;18.411472;-4.85;-19.14;469.13;-0.146512;-0.46446;0.497944;0.0;0.0;0.0;0.0;0.0;0.0
1.0;1753877983.548764;18.40397;-14.48;-25.44;456.01;-0.27818;0.590463;0.743276;0.0;0.0;0.0;0.0;0.0;0.0
1.0;1753877983.553362;18.392331;-13.08;-28.53;485.43;0.70824;-0.117618;0.998103;0.0;0.0;0.0;0.0;0.0;0.0
1.0;1753877983.55796;18.411889;-15.46;-23.16;461.19;-0.209191;-0.935996;0.663251;0.0;0.0;0.0;0.0;0.0;0.0
1.0;1753877983.562558;18.386416;-19.91;-33.56;439.02;0.460083;0.185042;0.505248;0.0;0.0;0.0;0.0;0.0;0.0
1.0;1753877983.567155;18.333081;10.64;-33.51;428.68;0.474866;-1.184832;0.578505;0.0;0.0;0.0;0.0;0.0;0.0
1.0;1753877983.571753;18.391965;-16.11;-25.03;462.19;-0.301835;0.316971;0.085173;0.0;0.0;0.0;0.0;0.0;0.0
1.0;1753877983.576351;18.373991;-15.71;-19.37;500.73;-0.431575;-0.446924;0.332662;0.0;0.0;0.0;0.0;0.0;0.0
1.0;1753877983.580949;18.399398;-32.68;-18.39;450.09;-0.070529;0.734616;1.023212;0.0;0.0;0.0;0.0;0.0;0.0
1.0;1753877983.585547;18.396728;-25.72;-40.1;490.57;-0.324646;0.514705;0.219917;0.0;0.0;0.0;0.0;0.0;0.0
1.0;1753877983.590145;18.373524;-13.62;-32.51;469.76;-0.173141;-0.490904;0.403437;0.0;0.0;0.0;0.0;0.0;0.0
1.0;1753877983.594743;18.345704;-15.19;-11.61;471.46;0.210702;-0.733401;0.974778;0.0;0.0;0.0;0.0;0.0;0.0
1.0;1753877983.599341;18.397033;-12.68;-38.89;482.9;0.60019;0.027298;0.63304;0.0;0.0;0.0;0.0;0.0;0.0
1.0;1753877983.603938;18.40124;-12.81;-20.08;463.13;0.187264;-0.120268;0.735108;0.0;0.0;0.0;0.0;0.0;0.0
1.0;1753877983.608536;18.339195;-13.16;-27.18;460.18;-0.601067;0.876761;1.037731;0.0;0.0;0.0;0.0;0.0;0.0
1.0;1753877983.613134;18.340213;-4.39;-24.77;434.32;0.153572;0.812079;0.296655;0.0;0.0;0.0;0.0;0.0;0.0
1.0;1753877983.617732;18.342693;-6.87;-21.22;462.91;-0.855244;-0.283168;0.896593;0.0;0.0;0.0;0.0;0.0;0.0
1.0;1753877983.62233;18.317527;-13.83;-33.16;422.13;-0.057309;0.792709;0.71298;0.0;0.0;0.0;0.0;0.0;0.0
1.0;1753877983.626928;18.383052;-13.4;-24.35;501.38;-0.426421;0.375149;0.456828;0.0;0.0;0.0;0.0;0.0;0.0
1.0;1753877983.631526;18.354652;-19.82;-30.35;470.64;-0.010465;-0.38271;0.543162;0.0;0.0;0.0;0.0;0.0;0.0
1.0;1753877983.636124;18.374028;-28.73;-16.68;470.54;-0.341957;-0.511956;0.973546;0.0;0.0;0.0;0.0;0.0;0.0
1.0;1753877983.640722;18.355955;-20.48;-18.18;456.23;-0.29442;-0.133837;0.521672;0.0;0.0;0.0;0.0;0.0;0.0
1.0;1753877983.64532;18.34581;-9.68;-25.76;472.03;-0.708889;0.105613;0.267308;0.0;0.0;0.0;0.0;0.0;0.0
1.0;1753877983.649918;18.375593;-13.47;-36.47;485.03;-0.256272;0.713438;0.277801;0.0;0.0;0.0;0.0;0.0;0.0
1.0;1753877983.654516;18.306855;-6.89;-34.18;480.16;-0.347986;-1.016211;0.109442;0.0;0.0;0.0;0.0;0.0;0.0
1.0;1753877983.659114;18.332806;13.3;-36.61;479.37;-0.097584;0.703807;0.877278;0.0;0.0;0.0;0.0;0.0;0.0
1.0;1753877983.663711;18.325488;-20.42;-23.29;506.65;-0.391216;0.721453;1.053706;0.0;0.0;0.0;0.0;0.0;0.0
1.0;1753877983.668309;18.354647;-59.04;-17.83;437.61;-0.91029;0.058938;0.734381;0.0;0.0;0.0;0.0;0.0;0.0
1.0;1753877983.672907;18.306177;-22.91;-23.69;447.51;-0.179526;1.308544;0.949765;0.0;0.0;0.0;0.0;0.0;0.0
1.0;1753877983.677505;18.367542;-29.34;-25.07;471.28;0.048502;0.474348;0.412174;0.0;0.0;0.0;0.0;0.0;0.0
1.0;1753877983.682103;18.341753;-31.89;-19.92;467.7;-0.199662;0.253176;0.514314;0.0;0.0;0.0;0.0;0.0;0.0
1.0;1753877983.686701;18.358524;1.83;-27.45;446.21;0.735094;0.778445;0.043169;0.0;0.0;0.0;0.0;0.0;0.0
1.0;1753877983.691299;18.389738;-8.35;-20.44;490.81;-1.280489;0.42054;0.97379;0.0;0.0;0.0;0.0;0.0;0.0
1.0;1753877983.695897;18.344165;-10.48;-23.56;479.68;0.300114;-0.243238;1.030478;0.0;0.0;0.0;0.0;0.0;0.0
1.0;1753877983.700494;18.344558;-16.21;-30.85;453.17;-0.189693;-1.179762;0.180417;0.0;0.0;0.0;0.0;0.0;0.0
1.0;1753877983.705092;18.379148;-8.93;-24.52;477.01;0.118949;0.499818;0.700083;0.0;0.0;0.0;0.0;0.0;0.0
1.0;1753877983.70969;18.355163;-15.89;-20.6;484.06;-0.189748;0.160781;0.939821;0.0;0.0;0.0;0.0;0.0;0.0
1.0;1753877983.714288;18.33192;-4.33;-37.48;420.95;-0.65383;0.283;0.389361;0.0;0.0;0.0;0.0;0.0;0.0
1.0;1753877983.718886;18.353499;-11.67;-25.61;429.95;0.212051;-0.18174;0.429679;0.0;0.0;0.0;0.0;0.0;0.0
1.0;1753877983.7246;18.34375;-15.19;-26.18;460.6;-0.101016;0.06039;0.671122;0.0;0.0;0.0;0.0;0.0;0.0
1.0;1753877983.729198;18.318507;-16.85;-29.63;415.73;-1.04285;-0.298493;0.437429;0.0;0.0;0.0;0.0;0.0;0.0
1.0;1753877983.733796;18.38878;-18.62;-24.38;448.71;-0.871616;0.084534;0.607452;0.0;0.0;0.0;0.0;0.0;0.0
1.0;1753877983.738394;18.277604;-15.49;-28.52;408.24;0.60682;1.063177;0.625081;0.0;0.0;0.0;0.0;0.0;0.0
1.0;1753877983.742992;18.286841;-23.79;6.74;485.02;-0.402563;0.477872;0.036932;0.0;0.0;0.0;0.0;0.0;0.0
1.0;1753877983.74759;18.371824;-17.81;-8.75;428.84;0.224209;0.176056;0.103466;0.0;0.0;0.0;0.0;0.0;0.0
1.0;1753877983.752188;18.365758;-20.12;-22.03;416.07;-0.109205;-0.442888;-0.310552;0.0;0.0;0.0;0.0;0.0;0.0
1.0;1753877983.75856;18.34375;-21.42;-16.24;415.03;-0.531188;0.077592;-0.026108;0.0;0.0;0.0;0.0;0.0;0.0
1.0;1753877983.763158;18.313959;-13.3;-7.92;471.74;0.978747;0.126464;0.138504;0.0;0.0;0.0;0.0;0.0;0.0
1.0;1753877983.767756;18.346726;-22.36;-10.81;407.7;-0.868641;0.173071;-0.178289;0.0;0.0;0.0;0.0;0.0;0.0
1.0;1753877983.772354;18.299285;-23.03;-4.41;398.73;-1.777817;-0.078576;0.553745;0.0;0.0;0.0;0.0;0.0;0.0
1.0;1753877983.776952;18.386535;-16.26;-20.62;446.85;-0.223987;0.166426;0.419;0.0;0.0;0.0;0.0;0.0;0.0
1.0;1753877983.78155;18.399574;-26.11;-15.26;450.85;-0.738422;1.934485;-0.625616;0.0;0.0;0.0;0.0;0.0;0.0
1.0;1753877983.786147;18.307738;-14.89;-5.54;358.81;0.067777;-0.327568;0.165147;0.0;0.0;0.0;0.0;0.0;0.0
1.0;1753877983.790745;18.320463;-17.35;0.03;419.68;0.511449;0.522299;-0.015684;0.0;0.0;0.0;0.0;0.0;0.0
1.0;1753877983.795343;18.34253;-27.45;-5.53;376.86;-1.614222;-0.296386;0.172305;0.0;0.0;0.0;0.0;0.0;0.0
1.0;1753877983.799941;18.316138;-27.18;-1.77;423.54;-0.704268;1.074306;0.120264;0.0;0.0;0.0;0.0;0.0;0.0
1.0;1753877983.80431;18.351562;-21.63;-10.57;405.16;-0.028548;-0.006466;0.175314;0.0;0.0;0.0;0.0;0.0;0.0
1.0;1753877983.808908;18.30879;-27.21;1.24;340.06;0.103153;0.32618;0.370463;0.0;0.0;0.0;0.0;0.0;0.0
1.0;1753877983.813506;18.332899;-18.43;-31.81;386.45;0.423753;-0.147368;0.214332;0.0;0.0;0.0;0.0;0.0;0.0
1.0;1753877983.818104;18.347301;-13.4;-14.3;409.41;-0.857044;0.017327;0.150915;0.0;0.0;0.0;0.0;0.0;0.0
1.0;1753877983.822702;18.363157;-23.96;-16.27;394.64;-3.475489;-0.659028;0.036767;0.0;0.0;0.0;0.0;0.0;0.0
1.0;1753877983.8273;18.298324;-29.84;-4.9;463.24;-2.07026;-0.86796;-0.241266;0.0;0.0;0.0;0.0;0.0;0.0
1.0;1753877983.831898;18.355962;-29.21;-12.78;415.57;-2.361294;-0.606113;-0.051506;0.0;0.0;0.0;0.0;0.0;0.0
1.0;1753877983.836496;18.335775;-22.38;-0.98;396.11;-0.436417;1.178304;-0.223223;0.0;0.0;0.0;0.0;0.0;0.0
1.0;1753877983.841093;18.318221;-28.4;-1.27;415.84;-1.132904;-0.470082;-0.311102;0.0;0.0;0.0;0.0;0.0;0.0
1.0;1753877983.84811;18.351562;-25.2;-11.34;414.96;-2.619706;-0.352214;0.011834;0.0;0.0;0.0;0.0;0.0;0.0
1.0;1753877983.852708;18.384936;-33.1;-7.16;392.57;-3.568214;0.352298;-0.432814;0.0;0.0;0.0;0.0;0.0;0.0
1.0;1753877983.857306;18.393444;-25.76;-9.86;393.85;-2.45815;-1.383824;-0.025344;0.0;0.0;0.0;0.0;0.0;0.0
1.0;1753877983.861904;18.362018;-26.41;-7.39;378.6;-2.206428;-0.495495;-0.027758;0.0;0.0;0.0;0.0;0.0;0.0
1.0;1753877983.866502;18.353976;-23.86;-2.62;460.8;-4.263253;-1.331506;-0.125342;0.0;0.0;0.0;0.0;0.0;0.0
1.0;1753877983.8711;18.382193;-34.02;14.05;455.36;-3.821265;0.056718;-0.125968;0.0;0.0;0.0;0.0;0.0;0.0
1.0;1753877983.875697;18.379863;-18.33;-2.54;352.91;-1.907273;-0.335764;0.093911;0.0;0.0;0.0;0.0;0.0;0.0
1.0;1753877983.880295;18.387252;-27.98;-20.9;413.55;-3.458332;-1.512448;-0.391877;0.0;0.0;0.0;0.0;0.0;0.0
1.0;1753877983.884893;18.332346;-18.35;-3.97;382.75;-0.453953;0.1982;-0.296867;0.0;0.0;0.0;0.0;0.0;0.0
1.0;1753877983.889491;18.310876;-35.08;-8.28;402.13;-0.394882;-0.549525;-0.13014;0.0;0.0;0.0;0.0;0.0;0.0
1.0;1753877983.894089;18.354249;-23.92;6.71;408.11;-3.504753;-0.82784;-0.135269;0.0;0.0;0.0;0.0;0.0;0.0
1.0;1753877983.898687;18.361558;-20.37;4.55;507.43;-2.113941;-0.705536;-0.304485;0.0;0.0;0.0;0.0;0.0;0.0
1.0;1753877983.90552;18.351562;-23.31;10.43;399.56;-2.069242;-0.224846;-0.272548;0.0;0.0;0.0;0.0;0.0;0.0
1.0;1753877983.910118;18.267551;-21.7;5.6;344.8;-3.642563;1.149917;-0.386319;0.0;0.0;0.0;0.0;0.0;0.0
1.0;1753877983.914716;18.347389;-22.98;7.82;399.16;-2.184126;-0.012143;-0.057528;0.0;0.0;0.0;0.0;0.0;0.0
1.0;1753877983.919314;18.341688;-23.99;-12.64;387.68;-0.505022;0.160236;-0.251023;0.0;0.0;0.0;0.0;0.0;0.0
1.0;1753877983.923912;18.3736;-28.92;22.12;357.77;-0.682464;0.968843;-0.387296;0.0;0.0;0.0;0.0;0.0;0.0
1.0;1753877983.92851;18.343982;-21.39;-1.84;356.73;-2.593175;2.085408;-0.071092;0.0;0.0;0.0;0.0;0.0;0.0
1.0;1753877983.933108;18.356476;-27.09;0.35;371.85;-3.005371;0.316276;0.084739;0.0;0.0;0.0;0.0;0.0;0.0
1.0;1753877983.93962;18.351562;-22.12;-2.8;358.12;-1.225856;0.97112;-0.078446;0.0;0.0;0.0;0.0;0.0;0.0
1.0;1753877983.944218;18.360684;-14.37;-13.21;330.38;-1.299495;0.55477;-0.140567;0.0;0.0;0.0;0.0;0.0;0.0
1.0;1753877983.948816;18.341972;-20.76;-22.19;408.88;-0.127442;0.386938;0.245101;0.0;0.0;0.0;0.0;0.0;0.0
1.0;1753877983.953414;18.425133;-20.04;-3.95;402.8;-0.980711;0.767203;0.073633;0.0;0.0;0.0;0.0;0.0;0.0
1.0;1753877983.958012;18.40973;-25.91;-26.41;349.16;0.195432;0.610729;0.161017;0.0;0.0;0.0;0.0;0.0;0.0
1.0;1753877983.96261;18.453157;-17.03;-21.22;378.89;-1.525255;0.240731;0.315675;0.0;0.0;0.0;0.0;0.0;0.0
1.0;1753877983.967208;18.373589;-17.01;-7.89;391.3;-0.938142;0.046003;0.286814;0.0;0.0;0.0;0.0;0.0;0.0
1.0;1753877983.971805;18.354258;-13.31;-21.49;351.18;-2.056487;-0.82387;0.38107;0.0;0.0;0.0;0.0;0.0;0.0
1.0;1753877983.976403;18.418686;-25.22;-11.56;341.52;-0.285781;-2.157173;0.042878;0.0;0.0;0.0;0.0;0.0;0.0
1.0;1753877983.981001;18.370208;-20.28;-22.19;371.66;0.345469;-0.70283;0.072991;0.0;0.0;0.0;0.0;0.0;0.0
1.0;1753877983.98528;18.417969;-18.48;-18.2;390.11;-0.60512;-1.230736;0.22509;0.0;0.0;0.0;0.0;0.0;0.0
1.0;1753877983.986173;18.433594;3.36;-19.32;439.04;-1.068354;-0.416386;-0.183244;0.0;0.0;0.0;0.0;0.0;0.0
1.0;1753877983.990771;18.428337;7.88;-23.97;425.81;-0.400692;0.480755;-0.113779;0.0;0.0;0.0;0.0;0.0;0.0
1.0;1753877983.99513;18.417969;5.11;-14.77;435.68;-0.92476;0.476532;-0.113704;0.0;0.0;0.0;0.0;0.0;0.0
1.0;1753877983.999382;18.417969;3.78;-13.58;439.11;-0.836676;-0.198616;0.070516;0.0;0.0;0.0;0.0;0.0;0.0
1.0;1753877984.00398;18.406695;4.23;-21.27;418.1;-1.007765;0.136448;0.335828;0.0;0.0;0.0;0.0;0.0;0.0
1.0;1753877984.008578;18.403943;15.12;-17.06;454.21;-0.626259;-0.401007;0.044032;0.0;0.0;0.0;0.0;0.0;0.0
1.0;1753877984.013176;18.437809;2.44;-14.62;440.71;-0.612147;0.234462;-0.126078;0.0;0.0;0.0;0.0;0.0;0.0
1.0;1753877984.017774;18.44182;0.9;-21.98;444.91;-0.569737;0.197714;0.34364;0.0;0.0;0.0;0.0;0.0;0.0
1.0;1753877984.022372;18.430549;5.02;-10.19;471.53;-0.448881;0.066226;-0.174672;0.0;0.0;0.0;0.0;0.0;0.0
1.0;1753877984.02697;18.423917;0.18;-19.07;447.63;-0.768669;0.342995;-0.20095;0.0;0.0;0.0;0.0;0.0;0.0
1.0;1753877984.031567;18.407934;3.27;-7.44;419.58;-0.986421;-0.55985;0.396057;0.0;0.0;0.0;0.0;0.0;0.0
1.0;1753877984.036165;18.424951;3.29;-13.47;423.57;-0.67609;-0.11512;0.030211;0.0;0.0;0.0;0.0;0.0;0.0
1.0;1753877984.040763;18.38886;-6.63;-9.02;463.55;-1.181467;-0.161769;-0.008156;0.0;0.0;0.0;0.0;0.0;0.0
1.0;1753877984.045361;18.417525;8.89;-10.84;459.62;-0.736479;-0.448036;-0.015627;0.0;0.0;0.0;0.0;0.0;0.0
1.0;1753877984.049959;18.411374;10.68;-6.61;449.78;-0.912359;-0.649222;-0.171847;0.0;0.0;0.0;0.0;0.0;0.0
1.0;1753877984.054557;18.414388;2.15;-10.39;419.77;-0.887558;-0.654031;0.390001;0.0;0.0;0.0;0.0;0.0;0.0
1.0;1753877984.059155;18.421473;-1.69;-28.42;426.41;-0.946174;0.057243;-0.147902;0.0;0.0;0.0;0.0;0.0;0.0
1.0;1753877984.063753;18.43147;6.01;-12.05;437.2;-0.989809;-0.798026;0.331479;0.0;0.0;0.0;0.0;0.0;0.0
1.0;1753877984.06835;18.422746;-3.99;2.96;462.3;-1.294752;-0.400637;-0.035333;0.0;0.0;0.0;0.0;0.0;0.0
1.0;1753877984.072948;18.41578;8.81;-23.69;441.15;-1.057293;-0.345846;-0.146526;0.0;0.0;0.0;0.0;0.0;0.0
1.0;1753877984.077546;18.398688;13.33;-21.46;413.15;-0.828847;0.097085;0.052758;0.0;0.0;0.0;0.0;0.0;0.0
1.0;1753877984.082144;18.43187;4.18;-4.37;476.12;-0.882375;0.966152;-0.169866;0.0;0.0;0.0;0.0;0.0;0.0
1.0;1753877984.086742;18.446303;1.65;-4.35;427.87;-1.095008;0.119929;-0.164163;0.0;0.0;0.0;0.0;0.0;0.0
1.0;1753877984.09134;18.407403;-0.03;-25.72;403.08;-0.93132;-0.709274;0.040015;0.0;0.0;0.0;0.0;0.0;0.0
1.0;1753877984.095938;18.420075;-2.15;-11.56;456.99;-0.970836;0.396182;-0.128464;0.0;0.0;0.0;0.0;0.0;0.0
1.0;1753877984.100536;18.401182;-1.04;-10.81;399.72;-0.624375;-0.554473;0.0926;0.0;0.0;0.0;0.0;0.0;0.0
1.0;1753877984.105134;18.419106;2.33;-5.66;432.17;-0.942462;-0.54986;-0.100661;0.0;0.0;0.0;0.0;0.0;0.0
1.0;1753877984.109732;18.435879;-2.07;-5.64;433.28;-0.723575;-0.033839;0.108539;0.0;0.0;0.0;0.0;0.0;0.0
1.0;1753877984.11433;18.428074;2.39;-16.91;456.24;-1.189242;-0.477109;-0.098262;0.0;0.0;0.0;0.0;0.0;0.0
1.0;1753877984.118928;18.417242;-0.68;-21.6;455.27;-0.986367;0.091825;-0.140071;0.0;0.0;0.0;0.0;0.0;0.0
1.0;1753877984.123526;18.425402;1.19;-18.66;436.82;-0.890776;0.603406;-0.084356;0.0;0.0;0.0;0.0;0.0;0.0
1.0;1753877984.128123;18.414321;-0.38;-27.07;444.71;-1.104469;0.206936;-0.345802;0.0;0.0;0.0;0.0;0.0;0.0
1.0;1753877984.132721;18.417094;8.68;-12.35;481.03;-1.38369;-0.541729;-0.053816;0.0;0.0;0.0;0.0;0.0;0.0
1.0;1753877984.137319;18.437682;6.73;-25.73;477.08;-0.819622;0.476314;-0.449651;0.0;0.0;0.0;0.0;0.0;0.0
1.0;1753877984.141917;18.412343;-3.78;-12.85;439.38;-0.821373;0.339082;-0.227466;0.0;0.0;0.0;0.0;0.0;0.0
1.0;1753877984.146515;18.417147;8.73;-2.39;476.49;-1.041823;0.622232;0.235558;0.0;0.0;0.0;0.0;0.0;0.0
1.0;1753877984.151113;18.405531;10.02;-23.32;434.99;-0.924053;-0.586714;-0.196553;0.0;0.0;0.0;0.0;0.0;0.0
1.0;1753877984.155711;18.421422;1.29;-20.51;415.22;-0.947092;-0.801134;-0.01009;0.0;0.0;0.0;0.0;0.0;0.0
1.0;1753877984.160308;18.416006;-5.47;-23.47;443.21;-1.23527;0.126867;-0.137918;0.0;0.0;0.0;0.0;0.0;0.0
1.0;1753877984.164906;18.414955;-12.0;-5.97;465.69;-1.384571;0.187022;-0.098674;0.0;0.0;0.0;0.0;0.0;0.0
1.0;1753877984.169504;18.412278;-2.43;-8.18;434.02;-1.139358;0.472253;0.035566;0.0;0.0;0.0;0.0;0.0;0.0
1.0;1753877984.174102;18.392479;-0.93;-6.33;439.93;-0.88807;-0.445139;0.110925;0.0;0.0;0.0;0.0;0.0;0.0
1.0;1753877984.1787;18.417006;2.86;-15.31;420.72;-1.211287;-0.09405;-0.238603;0.0;0.0;0.0;0.0;0.0;0.0
1.0;1753877984.183298;18.385626;-2.2;-2.45;444.11;-0.905716;1.076464;-0.064879;0.0;0.0;0.0;0.0;0.0;0.0
1.0;1753877984.187896;18.430076;2.69;-0.29;460.61;-0.75516;0.130808;-0.317408;0.0;0.0;0.0;0.0;0.0;0.0
1.0;1753877984.192494;18.427254;-3.93;-23.49;459.9;-1.113501;-0.669801;0.080427;0.0;0.0;0.0;0.0;0.0;0.0
1.0;1753877984.197092;18.394382;0.21;-8.83;459.32;-1.423581;0.08608;0.179401;0.0;0.0;0.0;0.0;0.0;0.0
1.0;1753877984.20169;18.406852;5.35;-5.7;427.37;-0.663025;-0.975398;-0.260004;0.0;0.0;0.0;0.0;0.0;0.0
1.0;1753877984.206288;18.422214;6.84;-4.7;409.46;-1.11276;0.343238;0.200638;0.0;0.0;0.0;0.0;0.0;0.0
1.0;1753877984.210886;18.419399;-7.47;-4.95;461.46;-0.707926;0.040789;0.37529;0.0;0.0;0.0;0.0;0.0;0.0
1.0;1753877984.215484;18.42915;9.97;-28.41;452.21;-1.124977;0.955833;0.057742;0.0;0.0;0.0;0.0;0.0;0.0
1.0;1753877984.220081;18.398749;5.73;-9.3;444.15;-0.812812;-0.86919;-0.043045;0.0;0.0;0.0;0.0;0.0;0.0
1.0;1753877984.224679;18.407862;-5.22;-12.6;453.85;-0.897814;0.359622;-0.062022;0.0;0.0;0.0;0.0;0.0;0.0
1.0;1753877984.229277;18.430587;0.32;-12.53;439.84;-0.669447;0.15926;-0.260294;0.0;0.0;0.0;0.0;0.0;0.0
1.0;1753877984.233875;18.430743;3.49;-19.09;440.04;-0.958759;0.110487;0.136161;0.0;0.0;0.0;0.0;0.0;0.0
1.0;1753877984.238473;18.398296;8.71;-13.85;456.21;-1.090109;-0.161122;-0.163603;0.0;0.0;0.0;0.0;0.0;0.0
1.0;1753877984.243071;18.415897;-0.29;-14.18;429.26;-0.750288;-0.167463;0.090579;0.0;0.0;0.0;0.0;0.0;0.0
1.0;1753877984.247669;18.433874;0.29;-8.21;469.62;-1.053443;0.409716;0.434957;0.0;0.0;0.0;0.0;0.0;0.0
1.0;1753877984.252267;18.385643;5.53;-16.64;464.67;-0.913688;-0.027186;0.103168;0.0;0.0;0.0;0.0;0.0;0.0
1.0;1753877984.256864;18.40692;-1.27;-16.44;407.21;-1.330899;0.42482;-0.269082;0.0;0.0;0.0;0.0;0.0;0.0
1.0;1753877984.261462;18.415497;1.82;-13.59;469.3;-1.115205;-0.110129;-0.120236;0.0;0.0;0.0;0.0;0.0;0.0
1.0;1753877984.26606;18.40587;-4.8;-32.38;426.52;-0.831514;0.449959;-0.010015;0.0;0.0;0.0;0.0;0.0;0.0
1.0;1753877984.270658;18.421262;0.08;-27.86;432.94;-1.32812;-0.067319;0.045527;0.0;0.0;0.0;0.0;0.0;0.0
1.0;1753877984.275256;18.412242;-0.24;-12.37;454.98;-0.86101;-0.205263;-0.144077;0.0;0.0;0.0;0.0;0.0;0.0
1.0;1753877984.279854;18.414266;-3.88;-15.45;417.62;-0.93594;0.628625;-0.013119;0.0;0.0;0.0;0.0;0.0;0.0
1.0;1753877984.284452;18.382828;-2.09;1.06;441.46;-1.39189;0.081677;0.142823;0.0;0.0;0.0;0.0;0.0;0.0
1.0;1753877984.28905;18.379066;-6.1;0.32;431.96;-1.157552;-0.087959;-0.135322;0.0;0.0;0.0;0.0;0.0;0.0
1.0;1753877984.293648;18.403067;-0.87;-6.0;449.02;-0.775775;-0.121108;0.039729;0.0;0.0;0.0;0.0;0.0;0.0
1.0;1753877984.298246;18.406409;6.23;-26.21;444.56;-0.799329;0.711334;-0.674268;0.0;0.0;0.0;0.0;0.0;0.0
1.0;1753877984.302844;18.42327;-1.75;-12.42;474.38;-1.238525;-0.531129;0.018309;0.0;0.0;0.0;0.0;0.0;0.0
1.0;1753877984.307442;18.422605;1.91;-1.56;455.67;-1.200433;0.145371;0.191231;0.0;0.0;0.0;0.0;0.0;0.0
1.0;1753877984.31204;18.445503;2.34;-8.45;458.03;-0.802784;0.101461;-0.103152;0.0;0.0;0.0;0.0;0.0;0.0
1.0;1753877984.316637;18.412246;4.98;-10.8;434.45;-1.082902;0.242249;-0.361464;0.0;0.0;0.0;0.0;0.0;0.0
1.0;1753877984.321235;18.429535;6.82;-1.91;446.94;-1.211288;0.125977;0.227714;0.0;0.0;0.0;0.0;0.0;0.0
1.0;1753877984.325833;18.412372;-3.84;-15.32;427.47;-1.099868;0.623718;0.318678;0.0;0.0;0.0;0.0;0.0;0.0
1.0;1753877984.330431;18.399211;-12.64;-10.41;441.02;-0.961251;0.582062;0.173695;0.0;0.0;0.0;0.0;0.0;0.0
1.0;1753877984.335029;18.420491;4.56;-19.88;439.05;-1.07228;0.471875;0.705526;0.0;0.0;0.0;0.0;0.0;0.0
1.0;1753877984.339627;18.393522;-3.66;-18.28;437.75;-1.102937;0.367238;0.203605;0.0;0.0;0.0;0.0;0.0;0.0
1.0;1753877984.344225;18.390223;-7.94;-7.56;431.97;-0.932492;0.728288;-0.050468;0.0;0.0;0.0;0.0;0.0;0.0
1.0;1753877984.348822;18.409484;-5.43;3.7;439.01;-1.012065;-0.122841;-0.383695;0.0;0.0;0.0;0.0;0.0;0.0
1.0;1753877984.35342;18.435611;-0.84;-11.29;432.75;-1.142819;0.387671;-0.076106;0.0;0.0;0.0;0.0;0.0;0.0
1.0;1753877984.358018;18.434268;-0.93;-11.82;442.35;-1.087346;-0.207276;0.139026;0.0;0.0;0.0;0.0;0.0;0.0
1.0;1753877984.362616;18.440092;-13.39;-3.85;425.65;-0.689951;0.912203;-0.225155;0.0;0.0;0.0;0.0;0.0;0.0
1.0;1753877984.367214;18.396418;-0.53;-19.87;434.35;-0.837426;-0.189834;-0.195192;0.0;0.0;0.0;0.0;0.0;0.0
1.0;1753877984.371812;18.400057;-9.99;-12.14;443.17;-1.35822;1.414132;-0.082945;0.0;0.0;0.0;0.0;0.0;0.0
1.0;1753877984.37641;18.417753;-5.15;-20.55;440.68;-0.945528;-0.322357;0.2605;0.0;0.0;0.0;0.0;0.0;0.0
1.0;1753877984.381008;18.41226;-2.09;-27.2;472.23;-0.846727;0.323801;-0.035036;0.0;0.0;0.0;0.0;0.0;0.0
1.0;1753877984.385606;18.416468;1.8;-31.12;451.92;-0.763414;0.356985;-0.150797;0.0;0.0;0.0;0.0;0.0;0.0
1.0;1753877984.390204;18.418631;-15.78;-9.64;452.41;-1.250943;-0.809113;0.120535;0.0;0.0;0.0;0.0;0.0;0.0
1.0;1753877984.395;18.417969;-2.52;-12.95;446.25;-1.028216;0.305366;0.016348;0.0;0.0;0.0;0.0;0.0;0.0
1.0;1753877984.399598;18.439355;-4.35;-8.61;423.57;-1.133625;0.181343;0.112958;0.0;0.0;0.0;0.0;0.0;0.0
1.0;1753877984.404196;18.437792;13.04;-9.14;461.39;-0.934279;0.682463;-0.012372;0.0;0.0;0.0;0.0;0.0;0.0
1.0;1753877984.408794;18.414717;-3.24;-15.4;467.91;-1.351398;0.726058;-0.175035;0.0;0.0;0.0;0.0;0.0;0.0
1.0;1753877984.413392;18.394954;2.37;-7.71;430.24;-0.789113;0.937465;0.245485;0.0;0.0;0.0;0.0;0.0;0.0
1.0;1753877984.41799;18.405735;-0.32;-22.14;458.99;-1.033773;-0.081998;-0.209706;0.0;0.0;0.0;0.0;0.0;0.0
1.0;1753877984.422588;18.414617;-2.81;-21.71;440.63;-1.297188;-0.001037;-0.273504;0.0;0.0;0.0;0.0;0.0;0.0
1.0;1753877984.427185;18.413607;-3.75;-16.18;418.89;-1.365533;0.944852;0.161586;0.0;0.0;0.0;0.0;0.0;0.0
1.0;1753877984.431783;18.407885;2.39;-8.51;452.03;-1.131338;0.173423;-0.409369;0.0;0.0;0.0;0.0;0.0;0.0
1.0;1753877984.436381;18.415658;-2.43;-14.56;455.61;-0.620668;0.30592;-0.052081;0.0;0.0;0.0;0.0;0.0;0.0
1.0;1753877984.440979;18.430743;-3.87;-14.56;432.22;-0.552799;0.803748;-0.124364;0.0;0.0;0.0;0.0;0.0;0.0
1.0;1753877984.445577;18.387568;-1.68;-10.47;427.26;-0.962492;0.217895;0.205228;0.0;0.0;0.0;0.0;0.0;0.0
1.0;1753877984.450175;18.403692;2.61;-10.4;456.76;-0.782285;-0.13375;-0.249623;0.0;0.0;0.0;0.0;0.0;0.0
1.0;1753877984.454773;18.441186;2.48;1.1;449.81;-0.80605;0.571356;0.39205;0.0;0.0;0.0;0.0;0.0;0.0
1.0;1753877984.45937;18.446037;-6.06;-16.19;423.04;-0.768772;0.509171;-0.429079;0.0;0.0;0.0;0.0;0.0;0.0
1.0;1753877984.463968;18.426945;-0.99;-3.12;420.08;-1.036518;-0.237205;-0.183401;0.0;0.0;0.0;0.0;0.0;0.0
1.0;1753877984.468566;18.408847;0.27;-2.62;451.01;-0.912512;0.453731;0.132246;0.0;0.0;0.0;0.0;0.0;0.0
1.0;1753877984.473164;18.426429;-5.75;-6.37;422.39;-0.751437;-0.185459;-0.363833;0.0;0.0;0.0;0.0;0.0;0.0
1.0;1753877984.477762;18.421236;-2.72;-23.52;429.02;-0.788779;0.958862;0.059301;0.0;0.0;0.0;0.0;0.0;0.0
1.0;1753877984.48236;18.419522;4.88;-15.2;446.58;-0.998064;0.681721;0.162276;0.0;0.0;0.0;0.0;0.0;0.0
1.0;1753877984.486958;18.382866;2.76;-22.32;473.94;-1.389733;0.292297;0.264553;0.0;0.0;0.0;0.0;0.0;0.0
1.0;1753877984.491556;18.424553;-2.95;-11.82;436.65;-0.68076;0.032934;0.043635;0.0;0.0;0.0;0.0;0.0;0.0
1.0;1753877984.496154;18.389721;1.02;-26.65;458.92;-0.985724;0.257782;-0.102043;0.0;0.0;0.0;0.0;0.0;0.0
1.0;1753877984.500752;18.431243;0.35;-15.06;440.81;-1.153907;0.80933;0.415373;0.0;0.0;0.0;0.0;0.0;0.0
1.0;1753877984.50535;18.407935;5.41;1.07;466.18;-1.269975;0.13661;0.108485;0.0;0.0;0.0;0.0;0.0;0.0
1.0;1753877984.509948;18.417017;-0.41;-12.05;446.0;-0.919989;0.44391;0.366959;0.0;0.0;0.0;0.0;0.0;0.0
1.0;1753877984.514546;18.425919;-4.03;-11.34;426.19;-0.696012;0.878615;0.263668;0.0;0.0;0.0;0.0;0.0;0.0
1.0;1753877984.519143;18.406696;0.03;-7.92;453.74;-0.942522;0.25764;-0.092757;0.0;0.0;0.0;0.0;0.0;0.0
1.0;1753877984.523741;18.426677;-2.55;-1.15;428.19;-0.93624;0.507088;0.061354;0.0;0.0;0.0;0.0;0.0;0.0
1.0;1753877984.528339;18.440713;-4.3;-1.38;413.0;-0.836618;1.074657;0.093021;0.0;0.0;0.0;0.0;0.0;0.0
1.0;1753877984.532937;18.415271;-3.88;-17.58;435.53;-1.084678;0.667425;-0.434725;0.0;0.0;0.0;0.0;0.0;0.0
1.0;1753877984.537535;18.40408;12.18;-8.2;420.96;-0.79458;0.578562;-0.153668;0.0;0.0;0.0;0.0;0.0;0.0
1.0;1753877984.542133;18.403345;-2.08;-13.24;442.46;-0.980864;0.692612;0.071965;0.0;0.0;0.0;0.0;0.0;0.0
1.0;1753877984.546731;18.421507;0.62;-14.31;454.87;-0.963226;1.037678;0.037389;0.0;0.0;0.0;0.0;0.0;0.0
1.0;1753877984.551329;18.417836;1.51;-5.81;444.29;-0.610889;0.03141;-0.090178;0.0;0.0;0.0;0.0;0.0;0.0
1.0;1753877984.555926;18.424852;6.23;2.65;445.24;-0.95161;0.648032;-0.019382;0.0;0.0;0.0;0.0;0.0;0.0
1.0;1753877984.560524;18.430555;-9.14;-9.95;436.59;-0.779543;-0.101446;-0.230008;0.0;0.0;0.0;0.0;0.0;0.0
1.0;1753877984.565122;18.391635;5.74;-22.73;436.98;-0.603775;0.80525;0.025594;0.0;0.0;0.0;0.0;0.0;0.0
1.0;1753877984.56972;18.419922;-3.09;-3.2;458.79;-1.141471;0.325508;-0.142113;0.0;0.0;0.0;0.0;0.0;0.0
1.0;1753877984.574318;18.408709;-6.11;-28.38;431.82;-0.968496;0.096236;0.122899;0.0;0.0;0.0;0.0;0.0;0.0
1.0;1753877984.578916;18.385921;5.21;-6.08;427.96;-0.863142;0.490129;0.105318;0.0;0.0;0.0;0.0;0.0;0.0
1.0;1753877984.583514;18.428939;-1.27;-20.54;423.8;-1.018428;0.851372;0.310455;0.0;0.0;0.0;0.0;0.0;0.0
1.0;1753877984.588112;18.411957;0.02;-5.94;438.4;-0.874411;0.411958;0.03444;0.0;0.0;0.0;0.0;0.0;0.0
1.0;1753877984.59271;18.428657;2.63;-25.57;443.76;-1.040889;0.467291;-0.299997;0.0;0.0;0.0;0.0;0.0;0.0
1.0;1753877984.597308;18.395701;4.04;-11.02;443.97;-0.683249;0.845568;0.34552;0.0;0.0;0.0;0.0;0.0;0.0
1.0;1753877984.601906;18.409433;3.98;-17.55;439.53;-0.96643;0.337183;-0.147323;0.0;0.0;0.0;0.0;0.0;0.0
1.0;1753877984.606504;18.425516;5.07;-18.99;443.6;-1.250762;0.286046;-0.02467;0.0;0.0;0.0;0.0;0.0;0.0
1.0;1753877984.611102;18.41717;-3.15;-12.5;443.49;-0.985865;1.032527;0.176534;0.0;0.0;0.0;0.0;0.0;0.0
1.0;1753877984.615699;18.426061;3.74;-21.04;417.33;-1.061828;0.875557;0.194844;0.0;0.0;0.0;0.0;0.0;0.0
1.0;1753877984.620297;18.417566;-2.82;-11.96;446.27;-0.710486;0.33516;0.385327;0.0;0.0;0.0;0.0;0.0;0.0
1.0;1753877984.624895;18.414734;9.89;-13.57;430.33;-0.706412;-0.043188;0.299827;0.0;0.0;0.0;0.0;0.0;0.0
1.0;1753877984.629493;18.421235;6.23;-5.42;423.67;-0.547871;0.723389;-0.217069;0.0;0.0;0.0;0.0;0.0;0.0
1.0;1753877984.634091;18.426378;-1.35;-7.45;427.95;-0.980923;0.460559;0.225954;0.0;0.0;0.0;0.0;0.0;0.0
1.0;1753877984.638689;18.406604;6.26;-3.97;446.02;-1.099487;0.618555;-0.000906;0.0;0.0;0.0;0.0;0.0;0.0
1.0;1753877984.643287;18.409894;2.1;-12.08;422.37;-0.992724;0.890904;0.043905;0.0;0.0;0.0;0.0;0.0;0.0
1.0;1753877984.647884;18.422087;5.1;-7.7;413.72;-1.118587;1.134921;-0.185719;0.0;0.0;0.0;0.0;0.0;0.0
1.0;1753877984.652482;18.414268;6.98;-19.08;452.92;-1.034782;0.517906;0.246407;0.0;0.0;0.0;0.0;0.0;0.0
1.0;1753877984.65708;18.422922;12.22;-1.09;422.48;-1.157431;0.301545;-0.031169;0.0;0.0;0.0;0.0;0.0;0.0
1.0;1753877984.661678;18.41659;4.95;-18.5;395.95;-0.632674;0.414331;-0.345495;0.0;0.0;0.0;0.0;0.0;0.0
1.0;1753877984.666276;18.419644;0.37;-5.4;423.09;-0.75147;0.444525;-0.139773;0.0;0.0;0.0;0.0;0.0;0.0
1.0;1753877984.670874;18.434298;10.96;-2.59;478.56;-0.856051;0.925461;-0.237773;0.0;0.0;0.0;0.0;0.0;0.0
1.0;1753877984.675472;18.422773;7.43;-8.58;425.63;-1.206459;0.59578;-0.014251;0.0;0.0;0.0;0.0;0.0;0.0
1.0;1753877984.68007;18.404646;1.29;-13.01;444.45;-1.001599;0.884026;0.153346;0.0;0.0;0.0;0.0;0.0;0.0
1.0;1753877984.684668;18.423929;1.66;-2.84;439.22;-0.896105;0.033738;-0.196266;0.0;0.0;0.0;0.0;0.0;0.0
1.0;1753877984.689266;18.43418;1.84;-9.99;447.14;-0.897072;-0.190268;-0.038353;0.0;0.0;0.0;0.0;0.0;0.0
1.0;1753877984.693864;18.412647;3.95;-11.12;423.24;-0.765501;0.762501;-0.255184;0.0;0.0;0.0;0.0;0.0;0.0
1.0;1753877984.698462;18.415422;2.34;-21.2;419.09;-0.821589;0.394843;-0.360699;0.0;0.0;0.0;0.0;0.0;0.0
1.0;1753877984.70306;18.43278;7.22;-9.22;435.59;-0.913656;0.511644;-0.035107;0.0;0.0;0.0;0.0;0.0;0.0
1.0;1753877984.707657;18.401411;-1.84;-1.64;428.23;-0.896459;0.592775;0.051488;0.0;0.0;0.0;0.0;0.0;0.0
1.0;1753877984.712255;18.43552;7.27;-2.94;425.85;-0.695473;0.745055;-0.069932;0.0;0.0;0.0;0.0;0.0;0.0
1.0;1753877984.716853;18.43204;-0.31;-8.03;418.26;-0.509387;0.545401;0.126687;0.0;0.0;0.0;0.0;0.0;0.0
1.0;1753877984.721451;18.41688;5.18;11.2;419.57;-0.992023;0.088066;0.094318;0.0;0.0;0.0;0.0;0.0;0.0
1.0;1753877984.726049;18.439616;1.86;-13.55;441.95;-0.960801;1.17784;-0.201733;0.0;0.0;0.0;0.0;0.0;0.0
1.0;1753877984.730647;18.417283;10.06;-0.81;418.41;-1.080754;0.191211;-0.535819;0.0;0.0;0.0;0.0;0.0;0.0
1.0;1753877984.735245;18.417201;3.98;-7.4;398.93;-1.014425;1.147867;0.056742;0.0;0.0;0.0;0.0;0.0;0.0
1.0;1753877984.739843;18.421074;10.88;6.71;428.88;-1.181019;0.846024;-0.372549;0.0;0.0;0.0;0.0;0.0;0.0
1.0;1753877984.74444;18.420673;-0.62;-8.4;425.09;-0.670428;0.565364;-0.223145;0.0;0.0;0.0;0.0;0.0;0.0
1.0;1753877984.749038;18.44849;8.07;-16.89;422.91;-0.747932;0.914062;-0.072301;0.0;0.0;0.0;0.0;0.0;0.0
1.0;1753877984.753636;18.422556;0.96;1.76;378.38;-0.736582;0.50509;0.361043;0.0;0.0;0.0;0.0;0.0;0.0
1.0;1753877984.758234;18.401609;5.88;-10.47;401.46;-0.930911;0.425634;-0.117802;0.0;0.0;0.0;0.0;0.0;0.0
1.0;1753877984.762832;18.420272;8.91;-23.66;434.5;-0.988724;1.0003;0.026707;0.0;0.0;0.0;0.0;0.0;0.0
1.0;1753877984.76743;18.405863;6.36;-5.18;459.33;-0.566092;0.903797;-0.389052;0.0;0.0;0.0;0.0;0.0;0.0
1.0;1753877984.772028;18.402391;-0.47;1.79;418.0;-0.504628;0.575095;0.101796;0.0;0.0;0.0;0.0;0.0;0.0
1.0;1753877984.776626;18.412641;6.3;-5.72;429.57;-0.865755;0.923699;-0.277386;0.0;0.0;0.0;0.0;0.0;0.0
1.0;1753877984.781224;18.428145;9.35;2.56;387.16;-1.010532;-0.177786;0.068279;0.0;0.0;0.0;0.0;0.0;0.0
1.0;1753877984.785822;18.413029;3.43;-13.74;456.71;-1.401222;0.216561;0.459032;0.0;0.0;0.0;0.0;0.0;0.0
1.0;1753877984.79042;18.408946;3.5;-1.68;428.43;-0.823921;0.997025;-0.458996;0.0;0.0;0.0;0.0;0.0;0.0
1.0;1753877984.795018;18.416499;4.44;-10.44;414.12;-1.129937;0.032517;-0.365801;0.0;0.0;0.0;0.0;0.0;0.0
1.0;1753877984.799616;18.435424;14.28;-7.01;383.37;-0.788049;0.199782;-0.233077;0.0;0.0;0.0;0.0;0.0;0.0
1.0;1753877984.804213;18.437462;6.71;-7.75;400.55;-0.638599;0.392695;0.188813;0.0;0.0;0.0;0.0;0.0;0.0
1.0;1753877984.808811;18.411728;9.81;-13.13;401.63;-0.356891;0.412734;-0.150744;0.0;0.0;0.0;0.0;0.0;0.0
1.0;1753877984.813409;18.396663;4.13;-6.77;440.66;-0.830077;0.962576;0.296697;0.0;0.0;0.0;0.0;0.0;0.0
1.0;1753877984.818007;18.415517;2.54;-3.4;431.6;-0.835907;0.153985;0.039896;0.0;0.0;0.0;0.0;0.0;0.0
1.0;1753877984.822605;18.413831;8.44;5.05;445.1;-0.447178;0.884912;0.124386;0.0;0.0;0.0;0.0;0.0;0.0
1.0;1753877984.827203;18.400448;2.25;-17.92;446.51;-0.563653;0.051347;0.202116;0.0;0.0;0.0;0.0;0.0;0.0
1.0;1753877984.831801;18.401915;7.03;-8.87;403.77;-0.737718;-0.020734;-0.02022;0.0;0.0;0.0;0.0;0.0;0.0
1.0;1753877984.836398;18.414282;5.08;-9.53;392.16;-0.713675;1.14602;0.192497;0.0;0.0;0.0;0.0;0.0;0.0
1.0;1753877984.840996;18.416736;7.55;9.53;428.97;-0.901996;0.524036;-0.036215;0.0;0.0;0.0;0.0;0.0;0.0
1.0;1753877984.845594;18.42355;2.45;2.79;440.95;-0.548409;1.005824;-0.294584;0.0;0.0;0.0;0.0;0.0;0.0
1.0;1753877984.8506;18.417969;6.72;-5.32;421.68;-0.702476;0.732976;-0.078812;0.0;0.0;0.0;0.0;0.0;0.0
1.0;1753877984.855198;18.376031;1.82;-17.54;387.23;-0.997308;0.898519;0.230657;0.0;0.8;0.4;0.0;0.0;-1.6
1.0;1753877984.86242;18.402344;14.0;-20.44;281.33;-0.33306;1.328092;-0.35075;0.0;1.0;1.0;0.0;0.0;12.0
1.0;1753877984.867018;18.41002;10.24;-25.77;278.92;-0.420494;0.961645;-0.523202;0.0;-38.7;1.7;0.0;0.0;16.0
1.0;1753877984.871616;18.369162;7.18;-23.75;319.33;-0.464047;1.512589;-0.087926;0.0;43.2;0.8;0.0;0.0;15.4
1.0;1753877984.876214;18.403791;18.29;-28.54;286.86;-0.273825;1.423355;-0.901763;0.0;8.5;0.6;0.0;0.0;7.4
1.0;1753877984.880812;18.419719;20.41;-26.95;354.8;-1.453716;0.266577;-0.635208;0.0;48.0;0.3;0.0;0.0;14.6
1.0;1753877984.88541;18.399222;10.17;-11.11;238.77;-0.648957;0.724392;-0.263818;0.0;49.7;1.1;0.0;0.0;8.5
1.0;1753877984.890008;18.389395;26.48;-22.78;232.28;-0.860514;1.326691;-0.582874;0.0;14.8;1.0;0.0;0.0;13.0
1.0;1753877984.894606;18.398119;19.91;-17.9;308.68;-0.780047;0.282763;0.241574;0.0;73.8;1.6;0.0;0.0;13.0
1.0;1753877984.899203;18.393625;6.33;-28.47;287.34;-0.129117;0.769174;-0.315475;0.0;54.4;1.4;0.0;0.0;8.9
1.0;1753877984.903801;18.397744;10.7;-29.48;230.46;-1.217547;0.300534;-0.009356;0.0;48.0;1.4;0.0;0.0;18.0
1.0;1753877984.908399;18.462169;19.01;-22.2;129.7;-0.532426;0.735282;-0.148697;0.0;26.0;1.8;0.0;0.0;6.5
1.0;1753877984.912997;18.438098;14.86;-31.63;289.65;-0.47305;0.570859;-0.306764;0.0;135.3;0.4;0.0;0.0;1.4
1.0;1753877984.917595;18.423941;20.7;-21.86;337.79;-0.312302;0.848433;0.104366;0.0;140.2;0.8;0.0;0.0;8.3
1.0;1753877984.922193;18.424221;15.11;-29.79;344.09;-0.705783;0.809218;-0.402245;0.0;118.7;0.9;0.0;0.0;26.4
1.0;1753877984.926791;18.390264;20.01;-27.47;261.93;-1.054151;-0.04705;-0.650541;0.0;118.8;1.4;0.0;0.0;20.3
1.0;1753877984.931388;18.371626;34.54;-33.0;257.3;-0.570679;0.823099;-0.266443;0.0;138.6;0.8;0.0;0.0;15.4
1.0;1753877984.93975;18.402344;21.07;-26.32;268.94;-0.93879;-0.011346;-0.221186;0.0;129.0;1.0;0.0;0.0;12.0
1.0;1753877984.944348;18.392916;10.69;-31.25;289.05;-0.494197;0.329556;-0.227609;0.0;159.7;0.1;0.0;0.0;3.6
1.0;1753877984.948946;18.41269;15.32;-22.81;271.87;-0.333067;0.444935;-0.424772;0.0;54.4;1.5;0.0;0.0;13.8
1.0;1753877984.95744;18.402344;10.78;-21.07;288.54;-0.501542;0.779702;-0.11468;0.0;129.0;1.0;0.0;0.0;12.0
1.0;1753877984.959681;18.414062;52.64;-8.89;-30.1;-1.301862;-0.095892;0.031354;0.0;0.0;0.0;0.0;0.0;0.0
1.0;1753877984.964188;18.429688;51.38;-7.42;-28.91;-1.301862;-0.095892;0.031354;0.0;0.0;0.0;0.0;0.0;0.0
1.0;1753877984.968824;18.429688;52.57;-5.04;-42.0;-0.343674;0.047214;-0.150426;0.0;0.0;0.0;0.0;0.0;0.0
1.0;1753877984.974274;18.429688;53.55;-5.18;-42.0;-0.971608;0.207766;0.101748;0.0;0.0;0.0;0.0;0.0;0.0
1.0;1753877984.977972;18.429688;54.74;-3.01;-47.67;-0.562664;0.027816;-0.373564;0.0;0.0;0.0;0.0;0.0;0.0
1.0;1753877984.982543;18.398438;55.16;-9.31;-47.11;-0.591578;-0.135664;-0.345992;0.0;0.0;0.0;0.0;0.0;0.0
1.0;1753877984.987332;18.398438;49.7;-11.13;-53.06;-0.419314;0.625128;0.590968;0.0;0.0;0.0;0.0;0.0;0.0
1.0;1753877984.991641;18.398438;59.01;-11.13;-54.95;-0.419314;0.625128;0.590968;0.0;0.0;0.0;0.0;0.0;0.0
1.0;1753877984.996239;18.409165;58.62;-7.5;-69.55;-0.953372;0.498167;0.467897;0.0;0.0;0.0;0.0;0.0;0.0
1.0;1753877985.000837;18.408628;52.75;-14.74;-30.74;-1.077059;0.733887;0.639321;0.0;0.0;0.0;0.0;0.0;0.0
1.0;1753877985.005435;18.400173;58.28;-8.57;-76.3;-1.495527;0.400209;0.220836;0.0;0.0;0.0;0.0;0.0;0.0
1.0;1753877985.010033;18.397091;58.34;-11.0;-47.7;-1.075402;0.553241;0.493238;0.0;0.0;0.0;0.0;0.0;0.0
1.0;1753877985.01463;18.40112;58.13;-11.56;-51.33;-0.162802;0.989612;0.812295;0.0;0.0;0.0;0.0;0.0;0.0
1.0;1753877985.019228;18.399335;59.93;-8.91;-75.66;-0.978282;1.171079;0.56753;0.0;0.0;0.0;0.0;0.0;0.0
1.0;1753877985.023826;18.391726;58.66;-14.57;-51.67;-1.460948;0.538982;0.360706;0.0;0.0;0.0;0.0;0.0;0.0
1.0;1753877985.028424;18.409192;60.52;-11.01;-76.22;-0.357642;0.523446;0.82398;0.0;0.0;0.0;0.0;0.0;0.0
1.0;1753877985.033022;18.403984;56.89;-10.09;-34.78;-0.530103;0.82952;0.646921;0.0;0.0;0.0;0.0;0.0;0.0
1.0;1753877985.03762;18.39091;59.23;-13.47;-65.11;-0.577041;0.56493;0.192549;0.0;0.0;0.0;0.0;0.0;0.0
1.0;1753877985.042218;18.378755;59.01;-6.92;-27.65;-0.631353;0.826681;0.866929;0.0;0.0;0.0;0.0;0.0;0.0
1.0;1753877985.046816;18.41054;57.5;-9.6;-40.82;-1.015251;0.327346;0.385519;0.0;0.0;0.0;0.0;0.0;0.0
1.0;1753877985.051414;18.400514;56.29;-9.74;-69.91;-0.561051;0.627684;0.772272;0.0;0.0;0.0;0.0;0.0;0.0
1.0;1753877985.056012;18.401989;60.21;-14.45;-56.66;-0.859725;0.396457;0.398201;0.0;0.0;0.0;0.0;0.0;0.0
1.0;1753877985.06061;18.394569;59.96;-7.18;-50.95;-1.017937;0.26108;0.50373;0.0;0.0;0.0;0.0;0.0;0.0
1.0;1753877985.065208;18.377226;59.17;-12.62;-62.12;0.063012;0.350622;0.728868;0.0;0.0;0.0;0.0;0.0;0.0
1.0;1753877985.069806;18.400219;59.15;-8.64;-56.3;-1.094849;0.410401;0.594569;0.0;0.0;0.0;0.0;0.0;0.0
1.0;1753877985.074403;18.406044;59.17;-8.93;-53.68;-0.991978;0.540505;0.563618;0.0;0.0;0.0;0.0;0.0;0.0
1.0;1753877985.079001;18.379433;56.87;-9.21;-57.6;-1.001633;0.959761;0.501892;0.0;0.0;0.0;0.0;0.0;0.0
1.0;1753877985.083599;18.404677;60.98;-12.29;-61.39;-2.353305;0.549512;0.699308;0.0;0.0;0.0;0.0;0.0;0.0
1.0;1753877985.088197;18.383818;57.64;-10.02;-32.74;-1.6016;0.521306;0.260317;0.0;0.0;0.0;0.0;0.0;0.0
1.0;1753877985.092795;18.406449;55.82;-8.69;-48.91;-1.647971;0.475488;0.551374;0.0;0.0;0.0;0.0;0.0;0.0
1.0;1753877985.097393;18.400368;58.44;-12.4;-53.32;-0.602299;0.614056;0.452208;0.0;0.0;0.0;0.0;0.0;0.0
1.0;1753877985.101991;18.404756;59.37;-14.83;-34.25;-1.28716;0.868162;1.090773;0.0;0.0;0.0;0.0;0.0;0.0
1.0;1753877985.106588;18.401359;60.03;-7.69;-47.99;-0.196666;0.47938;0.750174;0.0;0.0;0.0;0.0;0.0;0.0
1.0;1753877985.111186;18.395692;58.58;-11.24;-44.94;-1.33946;0.605511;0.196164;0.0;0.0;0.0;0.0;0.0;0.0
1.0;1753877985.115784;18.416503;56.71;-12.67;-43.28;-0.675152;0.700427;0.859967;0.0;0.0;0.0;0.0;0.0;0.0
1.0;1753877985.120382;18.377346;60.6;-7.38;-49.47;-0.636476;0.693736;0.463133;0.0;0.0;0.0;0.0;0.0;0.0
1.0;1753877985.12498;18.401151;56.19;-15.88;-75.32;-0.49859;0.653096;0.58293;0.0;0.0;0.0;0.0;0.0;0.0
1.0;1753877985.129578;18.395816;55.84;-8.84;-56.0;-1.228282;0.412461;0.802712;0.0;0.0;0.0;0.0;0.0;0.0
1.0;1753877985.134176;18.412652;58.79;-5.31;-49.46;-1.176025;0.62126;0.549838;0.0;0.0;0.0;0.0;0.0;0.0
1.0;1753877985.138774;18.404447;61.04;-6.91;-47.16;-1.046534;0.372245;0.607739;0.0;0.0;0.0;0.0;0.0;0.0
1.0;1753877985.143372;18.406104;60.35;-9.34;-77.38;-1.605039;0.696339;0.584242;0.0;0.0;0.0;0.0;0.0;0.0
1.0;1753877985.14797;18.412276;59.03;-11.15;-38.44;-0.985682;0.496557;0.545102;0.0;0.0;0.0;0.0;0.0;0.0
1.0;1753877985.152568;18.404386;54.96;-8.97;-12.52;-2.389179;0.568106;0.74907;0.0;0.0;0.0;0.0;0.0;0.0
1.0;1753877985.157166;18.376716;55.46;-7.21;-63.84;-1.452549;0.708024;0.628945;0.0;0.0;0.0;0.0;0.0;0.0
1.0;1753877985.161764;18.40602;56.95;-7.78;-77.19;-1.888402;0.676602;0.393785;0.0;0.0;0.0;0.0;0.0;0.0
1.0;1753877985.166361;18.393297;58.87;-11.04;-57.65;-1.742195;0.654407;0.53513;0.0;0.0;0.0;0.0;0.0;0.0
1.0;1753877985.170959;18.421609;60.26;-10.58;-53.76;-1.019792;0.500586;0.790129;0.0;0.0;0.0;0.0;0.0;0.0
1.0;1753877985.175557;18.392732;54.72;-10.21;-42.48;-1.630991;1.104221;0.655015;0.0;0.0;0.0;0.0;0.0;0.0
1.0;1753877985.180155;18.380788;58.02;-10.68;-72.87;0.168416;0.760242;0.906184;0.0;0.0;0.0;0.0;0.0;0.0
1.0;1753877985.184753;18.403804;54.3;-10.95;-36.14;-2.343546;0.566276;0.377003;0.0;0.0;0.0;0.0;0.0;0.0
1.0;1753877985.189351;18.404442;60.63;-8.61;-52.55;-0.808611;0.626837;0.392686;0.0;0.0;0.0;0.0;0.0;0.0
1.0;1753877985.193949;18.391519;56.52;-4.82;-65.1;-1.314008;0.666079;0.672978;0.0;0.0;0.0;0.0;0.0;0.0
1.0;1753877985.198547;18.420768;57.51;-8.0;-60.31;-1.402184;0.459323;0.468418;0.0;0.0;0.0;0.0;0.0;0.0
1.0;1753877985.203144;18.383916;55.46;-8.02;-48.84;-1.643838;1.001303;0.513622;0.0;0.0;0.0;0.0;0.0;0.0
1.0;1753877985.207742;18.38822;58.84;-10.59;-37.34;-2.083032;0.570965;0.603591;0.0;0.0;0.0;0.0;0.0;0.0
1.0;1753877985.21234;18.409198;58.07;-12.9;-39.01;-2.556014;-0.030552;0.710079;0.0;0.0;0.0;0.0;0.0;0.0
1.0;1753877985.216938;18.395999;59.09;-8.41;-40.83;-1.57522;0.738159;0.618851;0.0;0.0;0.0;0.0;0.0;0.0
1.0;1753877985.221536;18.385981;57.17;-13.74;-64.13;-2.427416;1.173553;0.26656;0.0;0.0;0.0;0.0;0.0;0.0
1.0;1753877985.226134;18.397692;59.04;-11.08;-75.26;-0.819739;0.538079;0.774298;0.0;0.0;0.0;0.0;0.0;0.0
1.0;1753877985.230732;18.387951;60.93;-12.04;-64.18;-1.051818;1.088136;0.958113;0.0;0.0;0.0;0.0;0.0;0.0
1.0;1753877985.23533;18.389648;56.2;-6.63;-60.14;-2.925507;1.122072;0.380089;0.0;0.0;0.0;0.0;0.0;0.0
1.0;1753877985.239928;18.383276;60.94;-3.64;-67.34;-1.951336;0.965283;0.44454;0.0;0.0;0.0;0.0;0.0;0.0
1.0;1753877985.244526;18.394408;59.38;-14.94;-24.32;-2.101287;0.411775;0.134025;0.0;0.0;0.0;0.0;0.0;0.0
1.0;1753877985.249124;18.389854;57.25;-6.46;-28.25;-1.078164;0.109349;0.213479;0.0;0.0;0.0;0.0;0.0;0.0
1.0;1753877985.253722;18.399446;59.9;-6.38;-54.2;-1.575189;0.952518;0.770983;0.0;0.0;0.0;0.0;0.0;0.0
1.0;1753877985.25832;18.403937;61.12;-12.48;-50.29;-2.655831;0.584922;0.592051;0.0;0.0;0.0;0.0;0.0;0.0
1.0;1753877985.262917;18.385503;58.13;-4.56;-37.37;-1.37972;0.83537;1.262417;0.0;0.0;0.0;0.0;0.0;0.0
1.0;1753877985.267515;18.388498;58.24;-4.09;-30.31;-2.415262;0.864286;0.476924;0.0;0.0;0.0;0.0;0.0;0.0
1.0;1753877985.272113;18.402819;56.65;-10.9;-59.19;-2.448291;0.86245;0.988938;0.0;0.0;0.0;0.0;0.0;0.0
1.0;1753877985.276711;18.395054;56.68;-11.58;-70.01;-1.388839;1.024869;0.517169;0.0;0.0;0.0;0.0;0.0;0.0
1.0;1753877985.281309;18.401739;57.95;-9.05;-40.14;-3.226518;0.822468;0.282901;0.0;0.0;0.0;0.0;0.0;0.0
1.0;1753877985.285907;18.398178;55.06;-11.32;-57.86;-3.19355;0.780486;0.100477;0.0;0.0;0.0;0.0;0.0;0.0
1.0;1753877985.290505;18.376077;60.62;-7.06;-42.71;-1.578476;1.173341;0.205005;0.0;0.0;0.0;0.0;0.0;0.0
1.0;1753877985.295102;18.384555;59.95;-5.32;-48.78;-1.245491;0.756758;0.156686;0.0;0.0;0.0;0.0;0.0;0.0
1.0;1753877985.2997;18.392098;56.06;-7.63;-60.51;-2.144612;0.683582;0.290277;0.0;0.0;0.0;0.0;0.0;0.0
1.0;1753877985.304298;18.39202;56.21;-12.44;-64.34;-2.006715;1.059047;0.630652;0.0;0.0;0.0;0.0;0.0;0.0
1.0;1753877985.308896;18.408244;56.75;-10.77;-61.06;-2.49645;0.529632;0.426555;0.0;0.0;0.0;0.0;0.0;0.0
1.0;1753877985.313494;18.389212;56.41;-10.48;-43.71;-1.969667;0.760908;0.650478;0.0;0.0;0.0;0.0;0.0;0.0
1.0;1753877985.318092;18.390134;59.78;-8.87;-40.04;-2.073569;0.6096;0.622706;0.0;0.0;0.0;0.0;0.0;0.0
1.0;1753877985.32269;18.420984;56.05;-9.41;-44.11;-1.830481;0.886904;0.370195;0.0;0.0;0.0;0.0;0.0;0.0
1.0;1753877985.327288;18.415276;59.47;-11.56;-44.98;-2.536269;0.280398;0.475474;0.0;0.0;0.0;0.0;0.0;0.0
1.0;1753877985.331886;18.407714;59.5;-11.03;-61.21;-0.70553;0.754975;0.733161;0.0;0.0;0.0;0.0;0.0;0.0
1.0;1753877985.336484;18.406806;56.15;-6.27;-58.91;-1.655147;0.823088;0.310641;0.0;0.0;0.0;0.0;0.0;0.0
1.0;1753877985.341082;18.380491;53.99;-13.7;-68.49;-2.098871;1.086495;0.762258;0.0;0.0;0.0;0.0;0.0;0.0
1.0;1753877985.34568;18.397588;60.84;-17.18;-26.91;-1.961216;0.564357;0.530136;0.0;0.0;0.0;0.0;0.0;0.0
1.0;1753877985.350278;18.404098;56.6;-9.17;-29.73;-4.086476;0.642614;0.815573;0.0;0.0;0.0;0.0;0.0;0.0
1.0;1753877985.354875;18.414088;59.89;-10.17;-46.78;-1.477207;0.548894;0.733252;0.0;0.0;0.0;0.0;0.0;0.0
1.0;1753877985.359473;18.384266;58.96;-6.7;-27.89;-2.634445;0.762585;0.516074;0.0;0.0;0.0;0.0;0.0;0.0
1.0;1753877985.364071;18.376932;58.53;-8.57;-65.83;-3.629224;0.250015;0.089432;0.0;0.0;0.0;0.0;0.0;0.0
1.0;1753877985.368669;18.397796;57.93;-4.43;-50.78;-2.312803;0.447051;-0.000263;0.0;0.0;0.0;0.0;0.0;0.0
1.0;1753877985.373267;18.401037;54.01;-17.63;-60.05;-2.084798;0.724239;0.20152;0.0;0.0;0.0;0.0;0.0;0.0
1.0;1753877985.377865;18.405458;51.8;-13.14;-49.21;-2.913175;0.412988;-0.038565;0.0;0.0;0.0;0.0;0.0;0.0
1.0;1753877985.382463;18.405971;54.87;-7.81;-44.58;-2.408782;0.322512;0.19853;0.0;0.0;0.0;0.0;0.0;0.0
1.0;1753877985.387061;18.40004;56.19;-8.88;-53.23;-1.795263;0.630249;0.742908;0.0;0.0;0.0;0.0;0.0;0.0
1.0;1753877985.391658;18.39277;56.12;-13.51;-48.13;-3.291085;0.752573;0.311178;0.0;0.0;0.0;0.0;0.0;0.0
1.0;1753877985.396256;18.401189;58.32;-11.92;-41.45;-3.929201;1.027876;0.500734;0.0;0.0;0.0;0.0;0.0;0.0
1.0;1753877985.400854;18.408767;56.65;-5.29;-48.01;-2.612369;0.202137;0.493855;0.0;0.0;0.0;0.0;0.0;0.0
1.0;1753877985.405452;18.408922;56.83;-12.2;-43.5;-2.294282;0.105978;0.565786;0.0;0.0;0.0;0.0;0.0;0.0
1.0;1753877985.41005;18.377582;56.46;-7.37;-41.35;-2.85321;0.598478;0.521663;0.0;0.0;0.0;0.0;0.0;0.0
1.0;1753877985.414648;18.387363;57.08;-12.01;-37.83;-2.184457;0.912774;0.538332;0.0;0.0;0.0;0.0;0.0;0.0
1.0;1753877985.419246;18.382469;56.54;-9.03;-53.73;-2.310444;0.498732;0.460376;0.0;0.0;0.0;0.0;0.0;0.0
1.0;1753877985.423844;18.384981;60.4;-9.47;-50.24;-2.589553;0.633797;0.458958;0.0;0.0;0.0;0.0;0.0;0.0
1.0;1753877985.428442;18.404181;53.7;-9.02;-15.69;-2.099811;0.877754;0.74968;0.0;0.0;0.0;0.0;0.0;0.0
1.0;1753877985.43304;18.399888;57.27;-6.24;-41.37;-4.015182;0.641603;0.538036;0.0;0.0;0.0;0.0;0.0;0.0
1.0;1753877985.437638;18.423986;57.95;0.28;-50.12;-2.731141;0.169001;0.587482;0.0;0.0;0.0;0.0;0.0;0.0
1.0;1753877985.442236;18.407021;60.9;-7.08;-50.55;-2.572242;0.854411;0.206842;0.0;0.0;0.0;0.0;0.0;0.0
1.0;1753877985.446833;18.397751;56.96;-7.1;-29.34;-1.824313;1.111795;0.59429;0.0;0.0;0.0;0.0;0.0;0.0
1.0;1753877985.451431;18.397377;59.56;-10.32;-54.4;-3.140759;0.496304;0.500325;0.0;0.0;0.0;0.0;0.0;0.0
1.0;1753877985.456029;18.398061;55.68;-8.82;-45.76;-3.090828;0.696317;0.86624;0.0;0.0;0.0;0.0;0.0;0.0
1.0;1753877985.460627;18.402932;56.13;-11.04;-43.45;-3.74071;0.775007;0.270399;0.0;0.0;0.0;0.0;0.0;0.0
1.0;1753877985.465225;18.380079;57.04;-9.74;-15.95;-3.543312;0.820046;0.438198;0.0;0.0;0.0;0.0;0.0;0.0
1.0;1753877985.469823;18.404922;55.71;-0.56;-33.12;-2.194899;1.143191;0.396207;0.0;0.0;0.0;0.0;0.0;0.0
1.0;1753877985.474421;18.386687;56.09;-4.66;-48.05;-3.944635;0.525336;0.394277;0.0;0.0;0.0;0.0;0.0;0.0
1.0;1753877985.479019;18.399451;56.22;-14.67;-34.03;-2.201469;0.613977;0.794009;0.0;0.0;0.0;0.0;0.0;0.0
1.0;1753877985.483616;18.407759;52.87;-10.88;-40.76;-2.501229;0.632543;0.881197;0.0;0.0;0.0;0.0;0.0;0.0
1.0;1753877985.488214;18.398436;54.39;-7.14;-59.51;-3.70435;0.509167;0.283293;0.0;0.0;0.0;0.0;0.0;0.0
1.0;1753877985.492812;18.395068;58.23;-6.75;-56.06;-3.026173;0.607783;0.604069;0.0;0.0;0.0;0.0;0.0;0.0
1.0;1753877985.49741;18.404273;54.03;-8.81;-52.53;-3.954663;0.915423;0.241571;0.0;0.0;0.0;0.0;0.0;0.0
1.0;1753877985.502008;18.388126;55.0;-6.8;-31.66;-4.365027;0.917344;0.154001;0.0;0.0;0.0;0.0;0.0;0.0
1.0;1753877985.506606;18.394828;59.68;-10.01;-82.32;-3.566104;1.247138;0.600113;0.0;0.0;0.0;0.0;0.0;0.0
1.0;1753877985.513;18.398438;56.21;-8.47;-43.61;-3.23361;0.745298;0.434442;0.0;0.0;0.0;0.0;0.0;0.0
1.0;1753877985.517598;18.389578;58.72;-7.71;-35.97;-3.326211;0.204443;0.142621;0.0;0.0;0.0;0.0;0.0;0.0
1.0;1753877985.522196;18.398907;54.67;-11.96;-14.63;-2.877685;-0.075896;-0.137008;0.0;0.0;0.0;0.0;0.0;0.0
1.0;1753877985.526794;18.390274;54.51;-5.86;-32.91;-4.164126;0.480547;0.273584;0.0;0.0;0.0;0.0;0.0;0.0
1.0;1753877985.531392;18.395884;55.22;-8.74;-43.79;-3.41427;1.244994;0.094006;0.0;0.0;0.0;0.0;0.0;0.0
1.0;1753877985.53599;18.377882;54.09;-10.72;-55.96;-2.358579;0.32062;0.187792;0.0;0.0;0.0;0.0;0.0;0.0
1.0;1753877985.540588;18.38503;51.19;-13.47;-26.73;-3.377914;0.567157;0.445573;0.0;0.0;0.0;0.0;0.0;0.0
1.0;1753877985.545185;18.38303;52.82;-4.85;-34.93;-3.480521;0.715556;0.516493;0.0;0.0;0.0;0.0;0.0;0.0
1.0;1753877985.549783;18.397729;52.88;-5.48;-19.53;-3.595271;0.08379;-0.178489;0.0;0.0;0.0;0.0;0.0;0.0
1.0;1753877985.554381;18.37858;55.27;-3.02;-45.38;-3.946949;-0.170004;0.428448;0.0;0.0;0.0;0.0;0.0;0.0
1.0;1753877985.558979;18.409224;59.09;-4.38;-32.5;-2.019297;0.225075;0.468696;0.0;0.0;0.0;0.0;0.0;0.0
1.0;1753877985.563577;18.387471;55.84;-4.21;1.21;-2.474499;1.083462;0.185422;0.0;0.0;0.0;0.0;0.0;0.0
1.0;1753877985.568175;18.414361;57.26;-6.09;-39.39;-3.216359;0.480622;0.634796;0.0;0.0;0.0;0.0;0.0;0.0
1.0;1753877985.572773;18.40056;53.94;-7.28;4.48;-2.710338;0.590158;0.747712;0.0;0.0;0.0;0.0;0.0;0.0
1.0;1753877985.577371;18.39627;57.75;-10.44;-33.54;-3.153347;0.730909;0.818253;0.0;0.0;0.0;0.0;0.0;0.0
1.0;1753877985.581968;18.408517;53.95;-10.72;-64.12;-3.347705;0.403101;0.333134;0.0;0.0;0.0;0.0;0.0;0.0
1.0;1753877985.586566;18.399418;57.35;-10.77;-6.82;-2.666884;0.005081;0.200267;0.0;0.0;0.0;0.0;0.0;0.0
1.0;1753877985.591164;18.426254;53.34;-11.32;-39.15;-2.53165;0.113731;0.625017;0.0;0.0;0.0;0.0;0.0;0.0
1.0;1753877985.595762;18.422234;53.93;-8.11;-12.09;-2.797352;0.057852;0.460333;0.0;0.0;0.0;0.0;0.0;0.0
1.0;1753877985.60036;18.405291;59.17;-5.66;-9.69;-2.442351;0.592003;0.293578;0.0;0.0;0.0;0.0;0.0;0.0
1.0;1753877985.604958;18.420687;55.65;-13.32;-12.49;-1.923333;-0.026876;0.406239;0.0;0.0;0.0;0.0;0.0;0.0
1.0;1753877985.609556;18.407745;58.25;-8.16;-25.2;-2.925371;0.297102;0.139606;0.0;0.0;0.0;0.0;0.0;0.0
1.0;1753877985.614154;18.407816;55.29;-9.18;-0.57;-2.870205;-0.01315;0.180961;0.0;0.0;0.0;0.0;0.0;0.0
1.0;1753877985.618752;18.397716;51.31;-6.06;-49.4;-1.673154;0.336793;0.036078;0.0;0.0;0.0;0.0;0.0;0.0
1.0;1753877985.62335;18.407351;56.4;-12.88;-20.97;-3.820915;-0.068857;0.598882;0.0;0.0;0.0;0.0;0.0;0.0
1.0;1753877985.627948;18.413713;53.49;-12.41;-23.95;-2.517231;0.005593;0.082151;0.0;0.0;0.0;0.0;0.0;0.0
1.0;1753877985.632546;18.40248;58.0;-11.4;-38.21;-1.589301;-0.818474;-0.232753;0.0;0.0;0.0;0.0;0.0;0.0
1.0;1753877985.637143;18.437583;53.93;-7.37;-21.49;-1.202333;0.30613;0.010295;0.0;0.0;0.0;0.0;0.0;0.0
1.0;1753877985.641741;18.402639;52.26;-15.2;-48.37;-1.829718;-0.003455;0.180355;0.0;0.0;0.0;0.0;0.0;0.0
1.0;1753877985.646339;18.408522;54.19;-14.78;30.0;-3.163527;0.434603;0.316194;0.0;0.0;0.0;0.0;0.0;0.0
1.0;1753877985.650937;18.404736;52.8;-8.56;1.44;-1.438967;-0.155041;0.20387;0.0;0.0;0.0;0.0;0.0;0.0
1.0;1753877985.655535;18.427385;56.3;-10.86;-44.93;-2.538016;0.244682;0.46788;0.0;0.0;0.0;0.0;0.0;0.0
1.0;1753877985.660133;18.404723;52.6;-14.01;8.97;-1.236268;0.104773;0.003113;0.0;0.0;0.0;0.0;0.0;0.0
1.0;1753877985.664731;18.420245;51.95;-12.84;17.15;-1.81085;-0.416858;0.301953;0.0;0.0;0.0;0.0;0.0;0.0
1.0;1753877985.669329;18.386833;57.29;-5.19;-10.12;-2.732163;-0.179229;0.24902;0.0;0.0;0.0;0.0;0.0;0.0
1.0;1753877985.673926;18.418931;53.54;-8.15;-30.65;-2.890859;-0.063925;0.38791;0.0;0.0;0.0;0.0;0.0;0.0
1.0;1753877985.678524;18.405552;55.83;-12.3;9.11;-2.59187;-0.312213;0.086595;0.0;0.0;0.0;0.0;0.0;0.0
1.0;1753877985.683122;18.406764;51.95;-9.28;54.47;-2.645341;-0.186366;0.216114;0.0;0.0;0.0;0.0;0.0;0.0
1.0;1753877985.68772;18.413856;50.03;-11.56;27.67;-1.997159;-0.116534;0.472801;0.0;0.0;0.0;0.0;0.0;0.0
1.0;1753877985.692318;18.400173;53.46;-11.23;3.41;-3.242307;-0.423748;0.090823;0.0;0.0;0.0;0.0;0.0;0.0
1.0;1753877985.696916;18.402898;55.09;-10.46;13.73;-2.986997;-0.695384;0.009158;0.0;0.0;0.0;0.0;0.0;0.0
1.0;1753877985.701514;18.422102;52.25;-6.02;11.37;-2.193946;-0.913464;0.48569;0.0;0.0;0.0;0.0;0.0;0.0
1.0;1753877985.706112;18.415108;52.07;-11.24;-24.8;-2.431091;0.082049;0.155718;0.0;0.0;0.0;0.0;0.0;0.0
1.0;1753877985.71071;18.402416;52.15;-9.33;-13.64;-2.316334;0.038048;0.360404;0.0;0.0;0.0;0.0;0.0;0.0
1.0;1753877985.715308;18.421738;55.25;-10.18;7.56;-2.037629;-0.487707;-0.138962;0.0;0.0;0.0;0.0;0.0;0.0
1.0;1753877985.719906;18.411039;55.11;-8.93;-8.5;-2.097016;-1.188743;0.296344;0.0;0.0;0.0;0.0;0.0;0.0
1.0;1753877985.724504;18.449628;49.41;-6.76;18.01;-2.3745;-0.162308;0.350529;0.0;0.0;0.0;0.0;0.0;0.0
1.0;1753877985.729102;18.415062;54.06;-17.11;8.69;-3.079817;-0.655764;0.185587;0.0;0.0;0.0;0.0;0.0;0.0
1.0;1753877985.733699;18.40971;47.55;-12.88;8.81;-1.021543;-0.353431;0.07003;0.0;0.0;0.0;0.0;0.0;0.0
1.0;1753877985.738297;18.413884;55.31;-10.13;22.75;-2.159304;-0.594072;0.527635;0.0;0.0;0.0;0.0;0.0;0.0
1.0;1753877985.742895;18.421555;52.15;-5.39;-32.81;-2.483706;0.325641;0.310611;0.0;0.0;0.0;0.0;0.0;0.0
1.0;1753877985.747493;18.391653;51.42;-13.53;-5.95;-1.76725;-0.397399;-0.315083;0.0;0.0;0.0;0.0;0.0;0.0
1.0;1753877985.752091;18.409723;53.54;-5.16;-1.62;-2.45689;-0.011435;0.070603;0.0;0.0;0.0;0.0;0.0;0.0
1.0;1753877985.756689;18.430329;52.37;-17.03;18.76;-1.871378;-0.936421;0.450093;0.0;0.0;0.0;0.0;0.0;0.0
1.0;1753877985.761287;18.423965;50.46;-14.17;47.69;-2.630753;-1.091239;0.760635;0.0;0.0;0.0;0.0;0.0;0.0
1.0;1753877985.765885;18.413732;52.41;-9.9;25.09;-3.221249;-1.162022;0.189057;0.0;0.0;0.0;0.0;0.0;0.0
1.0;1753877985.770482;18.419979;50.36;-13.4;1.44;-2.15568;-1.362544;0.134703;0.0;0.0;0.0;0.0;0.0;0.0
1.0;1753877985.77508;18.410339;51.81;-7.99;-36.92;-2.468582;-0.911092;-0.039663;0.0;0.0;0.0;0.0;0.0;0.0
1.0;1753877985.779678;18.425349;54.88;-15.15;25.82;-3.021146;-0.324386;0.452644;0.0;0.0;0.0;0.0;0.0;0.0
1.0;1753877985.784276;18.406834;51.3;-8.85;-9.3;-1.876483;-0.937509;0.129426;0.0;0.0;0.0;0.0;0.0;0.0
1.0;1753877985.788874;18.417341;49.67;-19.19;17.82;-1.57682;-0.288833;0.62705;0.0;0.0;0.0;0.0;0.0;0.0
1.0;1753877985.793472;18.423866;54.09;-8.82;55.59;-1.99072;-0.936878;-0.16816;0.0;0.0;0.0;0.0;0.0;0.0
1.0;1753877985.79807;18.417459;51.58;-7.62;-15.77;-0.613047;-0.409196;-0.12524;0.0;0.0;0.0;0.0;0.0;0.0
1.0;1753877985.802668;18.433443;49.81;-14.6;30.99;-1.815352;-0.909253;-0.358945;0.0;0.0;0.0;0.0;0.0;0.0
1.0;1753877985.807266;18.435157;52.03;-9.0;-2.32;-2.260816;-1.390749;0.241305;0.0;0.0;0.0;0.0;0.0;0.0
1.0;1753877985.811864;18.425363;52.56;-13.78;-17.15;-2.583799;-0.782561;0.016095;0.0;0.0;0.0;0.0;0.0;0.0
1.0;1753877985.816462;18.441626;52.52;-15.39;34.85;-1.233858;-1.309161;-0.141463;0.0;0.0;0.0;0.0;0.0;0.0
1.0;1753877985.82106;18.427776;54.41;-17.23;59.92;-2.129531;-0.621205;-0.26346;0.0;0.0;0.0;0.0;0.0;0.0
1.0;1753877985.825657;18.428353;47.79;-10.53;-1.66;-1.529346;-1.156072;0.122918;0.0;0.0;0.0;0.0;0.0;0.0
1.0;1753877985.830255;18.418468;50.56;-21.43;18.77;-3.027993;-0.80568;-0.185165;0.0;0.0;0.0;0.0;0.0;0.0
1.0;1753877985.836;18.429688;51.03;-11.9;31.99;-1.740696;-1.070062;-0.00183;0.0;0.0;0.0;0.0;0.0;0.0
1.0;1753877985.840598;18.426544;49.19;-12.17;-16.08;-1.999924;-1.251551;-0.164409;0.0;0.0;0.0;0.0;0.0;0.0
1.0;1753877985.845196;18.420046;56.0;-11.49;-68.04;-1.034027;-0.140918;0.021543;0.0;0.0;0.0;0.0;0.0;0.0
1.0;1753877985.849794;18.429536;55.26;-6.98;-41.31;-1.556416;-1.552926;0.074974;0.0;0.0;0.0;0.0;0.0;0.0
1.0;1753877985.854392;18.423266;57.47;-20.32;-30.23;-1.908352;-0.845618;-0.093216;0.0;0.0;0.0;0.0;0.0;0.0
1.0;1753877985.85899;18.429109;58.24;-5.21;-126.08;-0.346183;-0.894036;0.003078;0.0;0.0;0.0;0.0;0.0;0.0
1.0;1753877985.863588;18.421508;56.54;-8.38;-69.74;-1.545271;-0.439746;0.312162;0.0;0.0;0.0;0.0;0.0;0.0
1.0;1753877985.868185;18.423937;61.03;-12.42;-54.52;-2.35066;-0.649356;0.14037;0.0;0.0;0.0;0.0;0.0;0.0
1.0;1753877985.872783;18.409393;59.12;-3.8;-38.59;-0.920575;-0.000454;0.011357;0.0;0.0;0.0;0.0;0.0;0.0
1.0;1753877985.87723;18.421875;62.37;0.77;-117.04;-1.135698;-0.205936;0.105652;0.0;0.0;0.0;0.0;0.0;0.0
1.0;1753877985.881828;18.435413;59.68;2.02;-123.93;-0.475196;0.154834;0.060032;0.0;0.0;0.0;0.0;0.0;0.0
1.0;1753877985.886426;18.409329;63.93;1.57;-202.15;-0.047743;-0.453202;0.151062;0.0;0.0;0.0;0.0;0.0;0.0
1.0;1753877985.891024;18.427278;63.19;0.87;-80.76;-0.764108;-0.510522;0.12674;0.0;0.0;0.0;0.0;0.0;0.0
1.0;1753877985.895622;18.429756;64.24;-8.43;-122.56;-1.025733;0.209198;0.096505;0.0;0.0;0.0;0.0;0.0;0.0
1.0;1753877985.90022;18.432115;57.43;-7.79;-84.45;-0.432217;-0.442904;-0.211313;0.0;0.0;0.0;0.0;0.0;0.0
1.0;1753877985.904817;18.446285;60.94;-24.88;-92.2;-1.605429;0.242839;-0.309048;0.0;0.0;0.0;0.0;0.0;0.0
1.0;1753877985.909415;18.432285;62.98;-3.61;-132.72;-0.322692;0.256807;0.065218;0.0;0.0;0.0;0.0;0.0;0.0
1.0;1753877985.914013;18.437707;53.52;-5.98;-115.07;-0.457099;0.194327;0.011567;0.0;0.0;0.0;0.0;0.0;0.0
1.0;1753877985.918611;18.449327;50.74;-5.72;-78.11;-1.443991;-0.946889;0.092152;0.0;0.0;0.0;0.0;0.0;0.0
1.0;1753877985.92434;18.433594;58.31;-5.74;-101.15;-1.130086;-0.251198;-0.060634;0.0;0.0;0.0;0.0;0.0;0.0
1.0;1753877985.928938;18.434364;61.93;-8.78;-90.28;-0.586366;0.169166;-0.150594;0.0;0.0;0.0;0.0;0.0;0.0
1.0;1753877985.933536;18.432337;58.89;2.26;-103.9;-1.696914;-0.500539;-0.045161;0.0;0.0;0.0;0.0;0.0;0.0
1.0;1753877985.938134;18.440897;59.16;3.02;-105.11;-0.657158;0.388772;-0.174594;0.0;0.0;0.0;0.0;0.0;0.0
1.0;1753877985.942732;18.441415;58.37;-5.71;-90.58;-1.264597;-0.132788;-0.159047;0.0;0.0;0.0;0.0;0.0;0.0
1.0;1753877985.94733;18.41751;58.26;-11.36;-112.73;-1.093064;0.362484;-0.230025;0.0;0.0;0.0;0.0;0.0;0.0
1.0;1753877985.951928;18.415051;57.67;-3.9;-103.64;-1.0101;0.478383;-0.130456;0.0;0.0;0.0;0.0;0.0;0.0
1.0;1753877985.956525;18.439332;59.43;-16.61;-106.28;-1.2892;0.298454;-0.069514;0.0;0.0;0.0;0.0;0.0;0.0
1.0;1753877985.961123;18.443189;57.6;-8.61;-67.76;-1.10042;0.375605;-0.079054;0.0;0.0;0.0;0.0;0.0;0.0
1.0;1753877985.965721;18.42987;56.25;-0.93;-116.99;-1.317664;0.101123;-0.076945;0.0;0.0;0.0;0.0;0.0;0.0
1.0;1753877985.97333;18.433594;55.79;-3.78;-104.23;-1.17669;0.20008;-0.063562;0.0;0.0;0.0;0.0;0.0;0.0
1.0;1753877985.978775;18.449219;-0.07;-2.73;1.68;-0.740662;-0.652456;-0.061122;0.0;0.0;0.0;0.0;0.0;0.0
1.0;1753877985.979447;18.449219;-0.07;-2.38;2.1;-0.760182;-0.678442;-0.077348;0.0;0.0;0.0;0.0;0.0;0.0
1.0;1753877985.984081;18.449219;-0.63;-2.52;3.5;-0.743468;-0.720044;-0.075884;0.0;0.0;0.0;0.0;0.0;0.0
1.0;1753877985.989932;18.433594;-0.63;-2.8;3.99;-0.76433;-0.646234;-0.07137;0.0;0.0;0.0;0.0;0.0;0.0
1.0;1753877985.993204;18.433594;0.21;-2.66;2.94;-0.757864;-0.673562;-0.071614;0.0;0.0;0.0;0.0;0.0;0.0
1.0;1753877985.997796;18.433594;0.21;-2.24;0.77;-0.765062;-0.664656;-0.062098;0.0;0.0;0.0;0.0;0.0;0.0
1.0;1753877986.002394;18.379472;0.63;-1.69;5.51;-0.784591;-0.698766;-0.036525;0.0;0.0;0.0;0.0;0.0;0.0
1.0;1753877986.006992;18.45894;-1.06;-2.97;0.81;-0.780452;-0.681749;-0.072608;0.0;0.0;0.0;0.0;0.0;0.0
1.0;1753877986.01159;18.436031;1.03;-2.99;1.04;-0.738983;-0.69402;-0.054163;0.0;0.0;0.0;0.0;0.0;0.0
1.0;1753877986.016188;18.460745;1.45;-1.13;-9.88;-0.824861;-0.648015;-0.049316;0.0;0.0;0.0;0.0;0.0;0.0
1.0;1753877986.020786;18.431821;0.7;-2.35;5.78;-0.85074;-0.656822;0.038942;0.0;0.0;0.0;0.0;0.0;0.0
1.0;1753877986.025384;18.4578;-0.61;-2.71;15.96;-0.69723;-0.676816;-0.120282;0.0;0.0;0.0;0.0;0.0;0.0
1.0;1753877986.029981;18.386586;0.66;-2.76;12.82;-0.736579;-0.698579;-0.042383;0.0;0.0;0.0;0.0;0.0;0.0
1.0;1753877986.034579;18.408851;1.02;-2.18;-7.98;-0.64821;-0.67071;-0.042314;0.0;0.0;0.0;0.0;0.0;0.0
1.0;1753877986.039177;18.493364;0.67;-1.91;-11.54;-0.814327;-0.676826;-0.087923;0.0;0.0;0.0;0.0;0.0;0.0
1.0;1753877986.043775;18.436338;0.53;-2.38;2.8;-0.680813;-0.673224;-0.016723;0.0;0.0;0.0;0.0;0.0;0.0
1.0;1753877986.048373;18.428437;0.17;-2.18;-1.53;-0.764655;-0.661107;-0.05406;0.0;0.0;0.0;0.0;0.0;0.0
1.0;1753877986.052971;18.412188;1.49;-2.18;21.5;-0.779229;-0.657843;-0.027213;0.0;0.0;0.0;0.0;0.0;0.0
1.0;1753877986.057569;18.455498;1.01;-3.06;14.53;-0.73807;-0.662855;-0.073702;0.0;0.0;0.0;0.0;0.0;0.0
1.0;1753877986.062167;18.404662;0.63;-2.38;4.06;-0.729103;-0.647146;0.025127;0.0;0.0;0.0;0.0;0.0;0.0
1.0;1753877986.066764;18.489942;0.41;-3.13;5.69;-0.751983;-0.69181;-0.067064;0.0;0.0;0.0;0.0;0.0;0.0
1.0;1753877986.071362;18.408072;0.51;-1.7;21.61;-0.820565;-0.659824;-0.051096;0.0;0.0;0.0;0.0;0.0;0.0
1.0;1753877986.07596;18.399949;0.49;-1.91;-12.52;-0.710962;-0.64949;-0.095852;0.0;0.0;0.0;0.0;0.0;0.0
1.0;1753877986.080558;18.429894;1.21;-2.24;12.94;-0.750327;-0.6065;-0.066749;0.0;0.0;0.0;0.0;0.0;0.0
1.0;1753877986.085156;18.475336;-1.03;-2.15;-0.96;-0.740322;-0.627475;-0.081839;0.0;0.0;0.0;0.0;0.0;0.0
1.0;1753877986.089754;18.421579;0.11;-2.02;5.8;-0.818227;-0.719145;-0.082403;0.0;0.0;0.0;0.0;0.0;0.0
1.0;1753877986.094352;18.457193;-1.1;-2.39;12.44;-0.75731;-0.633449;-0.027128;0.0;0.0;0.0;0.0;0.0;0.0
1.0;1753877986.09895;18.368373;1.66;-2.42;18.48;-0.790749;-0.586349;-0.05976;0.0;0.0;0.0;0.0;0.0;0.0
1.0;1753877986.103548;18.443757;0.69;-1.71;2.49;-0.707867;-0.692819;-0.075438;0.0;0.0;0.0;0.0;0.0;0.0
1.0;1753877986.108146;18.437397;1.65;-2.35;8.04;-0.76328;-0.663857;-0.00742;0.0;0.0;0.0;0.0;0.0;0.0
1.0;1753877986.112744;18.453387;1.28;-2.91;-5.17;-0.683885;-0.717221;-0.037039;0.0;0.0;0.0;0.0;0.0;0.0
1.0;1753877986.117342;18.383382;-0.41;-1.97;-0.71;-0.818;-0.667351;-0.039875;0.0;0.0;0.0;0.0;0.0;0.0
1.0;1753877986.12194;18.431748;1.22;-2.19;8.93;-0.771106;-0.691183;-0.104507;0.0;0.0;0.0;0.0;0.0;0.0
1.0;1753877986.126537;18.477561;0.19;-0.8;-5.15;-0.768644;-0.718037;-0.021965;0.0;0.0;0.0;0.0;0.0;0.0
1.0;1753877986.131135;18.4171;-0.44;-2.02;-9.2;-0.744089;-0.652234;-0.013864;0.0;0.0;0.0;0.0;0.0;0.0
1.0;1753877986.135733;18.411988;0.28;-2.23;6.24;-0.782065;-0.727023;-0.032247;0.0;0.0;0.0;0.0;0.0;0.0
1.0;1753877986.140331;18.400712;0.18;-2.24;-15.29;-0.783398;-0.618154;-0.074834;0.0;0.0;0.0;0.0;0.0;0.0
1.0;1753877986.144929;18.414412;0.48;-1.92;-0.06;-0.861632;-0.661409;-0.042677;0.0;0.0;0.0;0.0;0.0;0.0
1.0;1753877986.149527;18.432333;-1.11;-2.02;-10.49;-0.701877;-0.688439;-0.007398;0.0;0.0;0.0;0.0;0.0;0.0
1.0;1753877986.154125;18.406414;1.18;-1.56;1.04;-0.879582;-0.662466;-0.080554;0.0;0.0;0.0;0.0;0.0;0.0
1.0;1753877986.158723;18.439346;1.06;-2.27;-0.34;-0.808817;-0.704353;-0.097381;0.0;0.0;0.0;0.0;0.0;0.0
1.0;1753877986.16332;18.440232;-2.26;-2.17;-6.29;-0.714844;-0.640387;-0.055112;0.0;0.0;0.0;0.0;0.0;0.0
1.0;1753877986.167918;18.435019;-0.15;-2.01;34.98;-0.724494;-0.657201;-0.113357;0.0;0.0;0.0;0.0;0.0;0.0
1.0;1753877986.172516;18.469942;-0.47;-1.53;-7.15;-0.846185;-0.694627;-0.006727;0.0;0.0;0.0;0.0;0.0;0.0
1.0;1753877986.177114;18.437984;0.81;-2.33;-21.03;-0.84228;-0.606073;0.026877;0.0;0.0;0.0;0.0;0.0;0.0
1.0;1753877986.181712;18.348128;-1.91;-3.04;12.17;-0.771081;-0.659133;-0.037473;0.0;0.0;0.0;0.0;0.0;0.0
1.0;1753877986.18631;18.510243;1.79;-1.51;5.31;-0.777801;-0.687812;-0.07815;0.0;0.0;0.0;0.0;0.0;0.0
1.0;1753877986.190908;18.414041;0.62;-2.15;1.39;-0.752993;-0.620185;-0.019637;0.0;0.0;0.0;0.0;0.0;0.0
1.0;1753877986.195506;18.34408;-1.68;-1.87;0.03;-0.823222;-0.697737;-0.06772;0.0;0.0;0.0;0.0;0.0;0.0
1.0;1753877986.200104;18.385828;-0.58;-3.19;5.85;-0.764719;-0.673096;-0.014128;0.0;0.0;0.0;0.0;0.0;0.0
1.0;1753877986.204702;18.404547;-0.99;-2.05;-7.84;-0.723876;-0.680008;-0.034319;0.0;0.0;0.0;0.0;0.0;0.0
1.0;1753877986.2093;18.440335;0.95;-2.12;9.61;-0.727875;-0.681079;-0.045834;0.0;0.0;0.0;0.0;0.0;0.0
1.0;1753877986.213898;18.464336;1.99;-1.63;-31.16;-0.702853;-0.69265;-0.027062;0.0;0.0;0.0;0.0;0.0;0.0
1.0;1753877986.218495;18.453257;-0.31;-1.92;8.37;-0.705864;-0.682445;-0.076049;0.0;0.0;0.0;0.0;0.0;0.0
1.0;1753877986.223093;18.367967;-0.51;-1.7;1.7;-0.785425;-0.659589;-0.11087;0.0;0.0;0.0;0.0;0.0;0.0
1.0;1753877986.227691;18.405723;-1.04;-1.97;11.24;-0.77536;-0.656421;-0.060467;0.0;0.0;0.0;0.0;0.0;0.0
1.0;1753877986.232289;18.434572;0.54;-1.53;5.84;-0.724944;-0.685414;-0.032335;0.0;0.0;0.0;0.0;0.0;0.0
1.0;1753877986.236887;18.40925;1.25;-3.04;13.55;-0.73449;-0.675568;-0.078893;0.0;0.0;0.0;0.0;0.0;0.0
1.0;1753877986.241485;18.440285;1.75;-1.56;4.83;-0.784842;-0.674199;-0.009679;0.0;0.0;0.0;0.0;0.0;0.0
1.0;1753877986.246083;18.448915;0.8;-2.16;3.5;-0.703777;-0.695409;-0.06517;0.0;0.0;0.0;0.0;0.0;0.0
1.0;1753877986.250681;18.460604;-1.22;-2.66;9.09;-0.717802;-0.695513;-0.154024;0.0;0.0;0.0;0.0;0.0;0.0
1.0;1753877986.255278;18.396142;-0.54;-1.59;2.91;-0.770495;-0.702466;-0.099556;0.0;0.0;0.0;0.0;0.0;0.0
1.0;1753877986.259876;18.400588;-0.18;-2.45;2.76;-0.769919;-0.707064;-0.062305;0.0;0.0;0.0;0.0;0.0;0.0
1.0;1753877986.264474;18.436904;-0.4;-1.41;-25.48;-0.706305;-0.6893;-0.124999;0.0;0.0;0.0;0.0;0.0;0.0
1.0;1753877986.269072;18.392942;0.88;-2.09;25.6;-0.750039;-0.664226;-0.054423;0.0;0.0;0.0;0.0;0.0;0.0
1.0;1753877986.27367;18.479534;2.46;-1.87;-28.5;-0.741748;-0.637011;-0.012659;0.0;0.0;0.0;0.0;0.0;0.0
1.0;1753877986.278268;18.464893;0.65;-1.86;10.03;-0.707476;-0.671094;-0.079097;0.0;0.0;0.0;0.0;0.0;0.0
1.0;1753877986.282866;18.359763;-0.2;-2.27;10.16;-0.800134;-0.676351;-0.029275;0.0;0.0;0.0;0.0;0.0;0.0
1.0;1753877986.287464;18.487989;-0.86;-2.11;1.54;-0.761637;-0.662094;-0.029177;0.0;0.0;0.0;0.0;0.0;0.0
1.0;1753877986.292062;18.425308;-0.19;-1.83;13.67;-0.711931;-0.670975;-0.120287;0.0;0.0;0.0;0.0;0.0;0.0
1.0;1753877986.29666;18.441615;0.96;-2.07;11.25;-0.710414;-0.690937;-0.115387;0.0;0.0;0.0;0.0;0.0;0.0
1.0;1753877986.301258;18.422008;1.2;-3.19;7.92;-0.737231;-0.665878;-0.06032;0.0;0.0;0.0;0.0;0.0;0.0
1.0;1753877986.305856;18.360673;2.36;-2.07;-9.94;-0.81783;-0.74941;-0.069887;0.0;0.0;0.0;0.0;0.0;0.0
1.0;1753877986.310454;18.466412;0.38;-2.4;-6.12;-0.758325;-0.686025;-0.056759;0.0;0.0;0.0;0.0;0.0;0.0
1.0;1753877986.315051;18.437977;0.38;-1.62;0.58;-0.733932;-0.630113;-0.048008;0.0;0.0;0.0;0.0;0.0;0.0
1.0;1753877986.319649;18.394173;0.83;-2.43;15.57;-0.749374;-0.627;-0.023011;0.0;0.0;0.0;0.0;0.0;0.0
1.0;1753877986.324247;18.429989;0.67;-1.75;-0.45;-0.714586;-0.721352;-0.142664;0.0;0.0;0.0;0.0;0.0;0.0
1.0;1753877986.328845;18.421754;0.33;-2.5;12.5;-0.764923;-0.690692;-0.070025;0.0;0.0;0.0;0.0;0.0;0.0
1.0;1753877986.333443;18.432002;-1.32;-1.68;-9.81;-0.752514;-0.679327;-0.053992;0.0;0.0;0.0;0.0;0.0;0.0
1.0;1753877986.338041;18.443774;-1.4;-1.9;-15.27;-0.75152;-0.668297;-0.083925;0.0;0.0;0.0;0.0;0.0;0.0
1.0;1753877986.342639;18.419733;-0.05;-1.66;-10.62;-0.799031;-0.655973;-0.058491;0.0;0.0;0.0;0.0;0.0;0.0
1.0;1753877986.347237;18.423886;2.09;-1.88;-3.29;-0.747928;-0.654822;-0.088351;0.0;0.0;0.0;0.0;0.0;0.0
1.0;1753877986.351834;18.451097;1.44;-1.32;-2.77;-0.758573;-0.720017;-0.086558;0.0;0.0;0.0;0.0;0.0;0.0
1.0;1753877986.356432;18.379021;0.15;-2.33;7.97;-0.668011;-0.685167;-0.073583;0.0;0.0;0.0;0.0;0.0;0.0
1.0;1753877986.36103;18.428211;0.71;-1.89;-9.88;-0.78076;-0.648339;-0.087921;0.0;0.0;0.0;0.0;0.0;0.0
1.0;1753877986.365628;18.40279;-1.58;-2.62;-12.23;-0.695542;-0.67105;-0.067918;0.0;0.0;0.0;0.0;0.0;0.0
1.0;1753877986.370226;18.470092;-0.04;-1.48;4.33;-0.73406;-0.647917;-0.088382;0.0;0.0;0.0;0.0;0.0;0.0
1.0;1753877986.374824;18.4312;-0.5;-2.36;12.58;-0.696724;-0.697106;-0.005327;0.0;0.0;0.0;0.0;0.0;0.0
1.0;1753877986.379422;18.420923;1.01;-2.69;-2.44;-0.734185;-0.674273;-0.014519;0.0;0.0;0.0;0.0;0.0;0.0
1.0;1753877986.38402;18.407509;0.15;-2.21;5.35;-0.689073;-0.692762;-0.078046;0.0;0.0;0.0;0.0;0.0;0.0
1.0;1753877986.388618;18.472376;0.67;-1.87;1.08;-0.653543;-0.694384;-0.086496;0.0;0.0;0.0;0.0;0.0;0.0
1.0;1753877986.393216;18.406153;1.23;-1.68;16.93;-0.674711;-0.679856;-0.025168;0.0;0.0;0.0;0.0;0.0;0.0
1.0;1753877986.397814;18.392527;0.92;-2.88;5.95;-0.699525;-0.652944;-0.080833;0.0;0.0;0.0;0.0;0.0;0.0
1.0;1753877986.402412;18.479894;1.57;-2.21;-20.55;-0.777102;-0.700643;-0.050244;0.0;0.0;0.0;0.0;0.0;0.0
1.0;1753877986.407009;18.441131;1.62;-2.12;12.27;-0.789787;-0.722937;-0.037742;0.0;0.0;0.0;0.0;0.0;0.0
1.0;1753877986.411607;18.392634;2.49;-2.41;6.51;-0.74297;-0.661244;-0.045628;0.0;0.0;0.0;0.0;0.0;0.0
1.0;1753877986.416205;18.467202;0.65;-1.59;11.82;-0.732681;-0.686105;-0.021732;0.0;0.0;0.0;0.0;0.0;0.0
1.0;1753877986.420803;18.476245;0.89;-1.92;20.44;-0.704817;-0.692444;-0.088512;0.0;0.0;0.0;0.0;0.0;0.0
1.0;1753877986.425401;18.466962;0.13;-1.75;-4.53;-0.699057;-0.696628;-0.078956;0.0;0.0;0.0;0.0;0.0;0.0
1.0;1753877986.429999;18.453459;1.54;-2.01;21.12;-0.7205;-0.651591;-0.039244;0.0;0.0;0.0;0.0;0.0;0.0
1.0;1753877986.434597;18.43691;3.8;-1.28;-3.09;-0.819505;-0.709026;-0.034456;0.0;0.0;0.0;0.0;0.0;0.0
1.0;1753877986.439195;18.419879;1.21;-1.36;19.85;-0.718035;-0.682195;-0.135455;0.0;0.0;0.0;0.0;0.0;0.0
1.0;1753877986.443792;18.455976;1.11;-2.32;4.12;-0.706297;-0.692117;-0.044453;0.0;0.0;0.0;0.0;0.0;0.0
1.0;1753877986.44839;18.409218;-1.04;-2.55;14.64;-0.710617;-0.679403;-0.049196;0.0;0.0;0.0;0.0;0.0;0.0
1.0;1753877986.452988;18.447927;-1.0;-1.87;-2.15;-0.673587;-0.691982;-0.024754;0.0;0.0;0.0;0.0;0.0;0.0
1.0;1753877986.457586;18.428087;1.79;-1.9;-2.1;-0.765025;-0.64903;-0.082946;0.0;0.0;0.0;0.0;0.0;0.0
1.0;1753877986.462184;18.436128;0.9;-2.55;-1.32;-0.743657;-0.690586;-0.017606;0.0;0.0;0.0;0.0;0.0;0.0
1.0;1753877986.466782;18.451242;1.15;-2.12;1.24;-0.646896;-0.68032;-0.047092;0.0;0.0;0.0;0.0;0.0;0.0
1.0;1753877986.47138;18.41636;1.5;-1.91;-3.06;-0.773447;-0.692188;-0.09254;0.0;0.0;0.0;0.0;0.0;0.0
1.0;1753877986.4799;18.433594;0.63;-1.96;-0.98;-0.731024;-0.679052;-0.05978;0.0;0.0;0.0;0.0;0.0;0.0
1.0;1753877986.484498;18.428102;-0.28;-1.29;5.4;-0.718171;-0.697174;-0.017554;0.0;0.0;0.0;0.0;0.0;0.0
1.0;1753877986.489096;18.432053;0.2;-1.41;-23.94;-0.744953;-0.615931;-0.077871;0.0;0.0;0.0;0.0;0.0;0.0
1.0;1753877986.493694;18.402677;2.29;-1.28;-1.22;-0.789642;-0.660685;-0.078753;0.0;0.0;0.0;0.0;0.0;0.0
1.0;1753877986.498292;18.435632;0.0;-1.98;14.48;-0.78493;-0.68552;-0.102619;0.0;0.0;0.0;0.0;0.0;0.0
1.0;1753877986.50289;18.429161;1.54;-2.21;-13.02;-0.787463;-0.637501;-0.075698;0.0;0.0;0.0;0.0;0.0;0.0
1.0;1753877986.507487;18.459878;0.21;-2.02;-4.59;-0.699845;-0.691902;-0.061029;0.0;0.0;0.0;0.0;0.0;0.0
1.0;1753877986.512085;18.411579;1.59;-1.48;13.32;-0.725536;-0.683493;-0.020836;0.0;0.0;0.0;0.0;0.0;0.0
1.0;1753877986.516683;18.437933;-0.93;-2.09;31.7;-0.741497;-0.751836;-0.034436;0.0;0.0;0.0;0.0;0.0;0.0
1.0;1753877986.521281;18.379286;0.22;-2.03;2.85;-0.74421;-0.6543;-0.128763;0.0;0.0;0.0;0.0;0.0;0.0
1.0;1753877986.525879;18.474112;2.1;-2.24;-7.23;-0.636264;-0.673196;-0.0415;0.0;0.0;0.0;0.0;0.0;0.0
1.0;1753877986.530477;18.416683;0.48;-2.03;12.38;-0.718668;-0.698231;-0.107862;0.0;0.0;0.0;0.0;0.0;0.0
1.0;1753877986.535075;18.395997;2.07;-1.92;-15.6;-0.805941;-0.666868;-0.063982;0.0;0.0;0.0;0.0;0.0;0.0
1.0;1753877986.539672;18.453768;1.83;-1.95;-5.18;-0.745925;-0.675148;-0.083224;0.0;0.0;0.0;0.0;0.0;0.0
1.0;1753877986.54427;18.435671;1.24;-2.88;-9.31;-0.686341;-0.657265;-0.051605;0.0;0.0;0.0;0.0;0.0;0.0
1.0;1753877986.548868;18.342696;0.48;-2.07;-2.18;-0.716683;-0.69144;-0.03129;0.0;0.0;0.0;0.0;0.0;0.0
1.0;1753877986.553466;18.452021;-2.28;-2.04;-10.12;-0.562318;-0.665402;-0.054368;0.0;0.0;0.0;0.0;0.0;0.0
1.0;1753877986.558064;18.398214;0.9;-1.53;-7.87;-0.75472;-0.708276;-0.064872;0.0;0.0;0.0;0.0;0.0;0.0
1.0;1753877986.562662;18.40883;0.92;-2.08;2.71;-0.707984;-0.587937;-0.039376;0.0;0.0;0.0;0.0;0.0;0.0
1.0;1753877986.56726;18.45314;-0.72;-2.31;-4.12;-0.79218;-0.76225;-0.110413;0.0;0.0;0.0;0.0;0.0;0.0
1.0;1753877986.571858;18.466455;0.83;-1.76;-1.57;-0.67763;-0.677285;-0.13159;0.0;0.0;0.0;0.0;0.0;0.0
1.0;1753877986.576456;18.431304;0.23;-3.2;9.9;-0.814667;-0.712666;-0.037669;0.0;0.0;0.0;0.0;0.0;0.0
1.0;1753877986.581054;18.438354;0.0;-2.32;0.13;-0.673035;-0.69907;-0.032761;0.0;0.0;0.0;0.0;0.0;0.0
1.0;1753877986.585652;18.465419;0.51;-2.12;-4.23;-0.659139;-0.725295;-0.075241;0.0;0.0;0.0;0.0;0.0;0.0
1.0;1753877986.59025;18.454804;2.38;-1.86;-13.6;-0.723693;-0.696829;-0.059489;0.0;0.0;0.0;0.0;0.0;0.0
1.0;1753877986.594848;18.419607;0.31;-0.86;10.41;-0.754276;-0.681619;-0.018404;0.0;0.0;0.0;0.0;0.0;0.0
1.0;1753877986.599445;18.383779;0.0;-1.65;-10.62;-0.783278;-0.676223;-0.045613;0.0;0.0;0.0;0.0;0.0;0.0
1.0;1753877986.604043;18.467983;0.75;-2.34;0.13;-0.76412;-0.651325;-0.065743;0.0;0.0;0.0;0.0;0.0;0.0
1.0;1753877986.608641;18.470657;1.57;-2.52;-0.11;-0.75824;-0.652439;-0.045934;0.0;0.0;0.0;0.0;0.0;0.0
1.0;1753877986.613239;18.388885;-0.6;-1.76;-5.24;-0.615852;-0.660117;-0.071705;0.0;0.0;0.0;0.0;0.0;0.0
1.0;1753877986.617837;18.361099;0.67;-0.88;-20.7;-0.772427;-0.639236;-0.066685;0.0;0.0;0.0;0.0;0.0;0.0
1.0;1753877986.622435;18.445015;-1.71;-1.82;-7.9;-0.869547;-0.684057;-0.066561;0.0;0.0;0.0;0.0;0.0;0.0
1.0;1753877986.627033;18.422345;-0.59;-2.34;-0.73;-0.664133;-0.702623;-0.101255;0.0;0.0;0.0;0.0;0.0;0.0
1.0;1753877986.631631;18.434413;0.54;-2.07;8.99;-0.745209;-0.649375;-0.062488;0.0;0.0;0.0;0.0;0.0;0.0
1.0;1753877986.636228;18.501001;-0.42;-2.12;-2.57;-0.766716;-0.665136;-0.085125;0.0;0.0;0.0;0.0;0.0;0.0
1.0;1753877986.640826;18.424559;-0.34;-2.72;0.36;-0.729077;-0.733879;-0.113449;0.0;0.0;0.0;0.0;0.0;0.0
1.0;1753877986.645424;18.400877;1.98;-2.31;4.73;-0.771602;-0.665407;-0.07054;0.0;0.0;0.0;0.0;0.0;0.0
1.0;1753877986.650022;18.465373;0.8;-2.27;-4.09;-0.716372;-0.697228;-0.062364;0.0;0.0;0.0;0.0;0.0;0.0
1.0;1753877986.65462;18.431546;1.03;-1.98;-3.39;-0.753971;-0.647333;-0.075092;0.0;0.0;0.0;0.0;0.0;0.0
1.0;1753877986.659218;18.424911;0.35;-2.36;4.3;-0.691094;-0.654043;-0.043504;0.0;0.0;0.0;0.0;0.0;0.0
1.0;1753877986.663816;18.412985;0.04;-1.83;15.23;-0.783117;-0.64822;-0.086103;0.0;0.0;0.0;0.0;0.0;0.0
1.0;1753877986.668414;18.455569;-0.64;-2.69;-37.68;-0.743208;-0.687295;-0.009814;0.0;0.0;0.0;0.0;0.0;0.0
1.0;1753877986.673012;18.425127;-1.01;-1.67;-11.06;-0.742717;-0.684064;-0.058394;0.0;0.0;0.0;0.0;0.0;0.0
1.0;1753877986.67761;18.430435;-0.26;-2.14;1.08;-0.80476;-0.656;-0.088318;0.0;0.0;0.0;0.0;0.0;0.0
1.0;1753877986.682208;18.443444;0.21;-2.38;-3.42;-0.706046;-0.709074;-0.071129;0.0;0.0;0.0;0.0;0.0;0.0
1.0;1753877986.686806;18.493743;0.86;-1.93;-8.89;-0.778394;-0.675505;-0.080473;0.0;0.0;0.0;0.0;0.0;0.0
1.0;1753877986.691404;18.386687;0.21;-2.6;7.56;-0.633296;-0.675955;-0.020936;0.0;0.0;0.0;0.0;0.0;0.0
1.0;1753877986.6979;18.433594;0.56;-2.1;-1.47;-0.731024;-0.679052;-0.05978;0.0;0.0;0.0;0.0;0.0;0.0
1.0;1753877986.702498;18.413826;1.01;-2.07;-8.27;-0.726991;-0.717578;-0.021683;0.0;0.0;0.0;0.0;0.0;0.0
1.0;1753877986.70948;18.457031;1.05;-1.82;-10.15;-0.747128;-0.725046;-0.01952;0.0;0.0;0.0;0.0;0.0;0.0
1.0;1753877986.714078;18.49053;0.77;-1.75;-3.75;-0.740402;-0.751875;-0.045466;0.0;0.0;0.0;0.0;0.0;0.0
1.0;1753877986.718676;18.467046;1.94;-1.58;-9.33;-0.734319;-0.717452;-0.007103;0.0;0.0;0.0;0.0;0.0;0.0
1.0;1753877986.723274;18.446721;1.23;-1.93;-4.19;-0.749102;-0.727239;-0.025655;0.0;0.0;0.0;0.0;0.0;0.0
1.0;1753877986.727872;18.463499;1.69;-2.55;-10.7;-0.73217;-0.726483;-0.067425;0.0;0.0;0.0;0.0;0.0;0.0
1.0;1753877986.73247;18.449125;0.72;-1.39;-15.71;-0.723119;-0.731155;0.001406;0.0;0.0;0.0;0.0;0.0;0.0
1.0;1753877986.737068;18.4508;1.03;-1.57;-14.47;-0.72312;-0.714895;-0.029932;0.0;0.0;0.0;0.0;0.0;0.0
1.0;1753877986.741665;18.465174;1.18;-1.77;-10.89;-0.7132;-0.7162;-0.018992;0.0;0.0;0.0;0.0;0.0;0.0
1.0;1753877986.746263;18.498727;0.76;-1.65;-2.46;-0.729334;-0.706911;-0.00979;0.0;0.0;0.0;0.0;0.0;0.0
1.0;1753877986.750861;18.470521;0.13;-1.88;-8.66;-0.73573;-0.7298;-0.014146;0.0;0.0;0.0;0.0;0.0;0.0
1.0;1753877986.755459;18.437604;0.16;-1.14;-14.33;-0.729243;-0.7016;-0.032918;0.0;0.0;0.0;0.0;0.0;0.0
1.0;1753877986.760057;18.440196;0.87;-1.35;-12.33;-0.726703;-0.711027;-0.033659;0.0;0.0;0.0;0.0;0.0;0.0
1.0;1753877986.764655;18.425311;1.9;-1.22;-14.73;-0.716119;-0.72547;-0.022276;0.0;0.0;0.0;0.0;0.0;0.0
1.0;1753877986.769253;18.444892;0.96;-1.34;-21.29;-0.74477;-0.734568;-0.011542;0.0;0.0;0.0;0.0;0.0;0.0
1.0;1753877986.773851;18.439207;-0.35;-1.62;-9.26;-0.714965;-0.73143;0.003538;0.0;0.0;0.0;0.0;0.0;0.0
1.0;1753877986.78212;18.457031;0.91;-1.4;-10.78;-0.711992;-0.705892;-0.025132;0.0;0.0;0.0;0.0;0.0;0.0
1.0;1753877986.786718;18.481564;0.6;-1.29;-14.03;-0.714825;-0.703738;0.010007;0.0;0.0;0.0;0.0;0.0;0.0
1.0;1753877986.791316;18.470594;1.56;-1.72;-8.6;-0.71042;-0.709978;-0.018094;0.0;0.0;0.0;0.0;0.0;0.0
1.0;1753877986.795914;18.398035;1.3;-1.59;-5.4;-0.721542;-0.696361;-0.031263;0.0;0.0;0.0;0.0;0.0;0.0
1.0;1753877986.80395;18.433594;1.05;-1.68;-10.36;-0.734806;-0.675758;-0.010736;0.0;0.0;0.0;0.0;0.0;0.0
1.0;1753877986.808548;18.422028;1.26;-1.74;-13.63;-0.73848;-0.695643;-0.014927;0.0;0.0;0.0;0.0;0.0;0.0
1.0;1753877986.813146;18.453759;1.7;-1.76;-4.34;-0.74079;-0.695011;-0.008001;0.0;0.0;0.0;0.0;0.0;0.0
1.0;1753877986.817744;18.459012;0.74;-1.96;-10.46;-0.742712;-0.7053;0.00988;0.0;0.0;0.0;0.0;0.0;0.0
1.0;1753877986.822342;18.452074;1.04;-1.75;-14.12;-0.746993;-0.675999;-0.006931;0.0;0.0;0.0;0.0;0.0;0.0
1.0;1753877986.82694;18.440124;0.45;-1.8;-14.25;-0.753537;-0.685758;-0.02376;0.0;0.0;0.0;0.0;0.0;0.0
1.0;1753877986.831538;18.407618;1.18;-1.5;-7.95;-0.743569;-0.713161;0.016107;0.0;0.0;0.0;0.0;0.0;0.0
1.0;1753877986.836136;18.430167;0.95;-1.27;-12.36;-0.736017;-0.685109;-0.035411;0.0;0.0;0.0;0.0;0.0;0.0
1.0;1753877986.840733;18.4719;1.02;-1.35;-9.57;-0.739149;-0.698677;-0.038868;0.0;0.0;0.0;0.0;0.0;0.0
1.0;1753877986.845331;18.419584;1.9;-1.84;-9.68;-0.73638;-0.693938;0.01675;0.0;0.0;0.0;0.0;0.0;0.0
1.0;1753877986.849929;18.449246;1.12;-1.48;-4.58;-0.744904;-0.729712;-0.011899;0.0;0.0;0.0;0.0;0.0;0.0
1.0;1753877986.85495;18.433594;1.54;-1.54;-10.08;-0.746762;-0.70028;-0.00732;0.0;0.0;0.0;0.0;0.0;0.0
1.0;1753877986.859548;18.431097;1.28;-1.81;-7.07;-0.743334;-0.722408;-0.001165;0.0;0.0;0.0;0.0;0.0;0.0
1.0;1753877986.864146;18.435774;1.72;-0.95;-15.04;-0.74015;-0.697594;0.001411;0.0;0.0;0.0;0.0;0.0;0.0
1.0;1753877986.868744;18.435597;1.98;-1.05;-11.08;-0.748542;-0.713339;-0.01615;0.0;0.0;0.0;0.0;0.0;0.0
1.0;1753877986.873342;18.426048;1.62;-0.93;-5.9;-0.739834;-0.711926;-0.050218;0.0;0.0;0.0;0.0;0.0;0.0
1.0;1753877986.87794;18.404931;1.33;-1.74;-11.97;-0.732985;-0.730579;-0.008648;0.0;0.0;0.0;0.0;0.0;0.0
1.0;1753877986.882537;18.415373;1.65;-1.56;-6.1;-0.722656;-0.712911;-0.023676;0.0;0.0;0.0;0.0;0.0;0.0
1.0;1753877986.887135;18.436294;1.53;-1.34;-6.16;-0.716162;-0.727345;-0.022972;0.0;0.0;0.0;0.0;0.0;0.0
1.0;1753877986.89238;18.433594;1.54;-1.33;-10.29;-0.70882;-0.712968;-0.018788;0.0;0.0;0.0;0.0;0.0;0.0
1.0;1753877986.896978;18.454736;1.6;-0.84;-11.36;-0.669696;-0.706845;-0.016434;0.0;0.0;0.0;0.0;0.0;0.0
1.0;1753877986.901576;18.398799;1.42;-1.34;-8.72;-0.70144;-0.702096;-0.01586;0.0;0.0;0.0;0.0;0.0;0.0
1.0;1753877986.906174;18.432018;1.43;-1.54;-8.12;-0.703592;-0.7256;-0.010764;0.0;0.0;0.0;0.0;0.0;0.0
1.0;1753877986.910772;18.448809;1.07;-1.23;-12.57;-0.715773;-0.719616;-0.028145;0.0;0.0;0.0;0.0;0.0;0.0
1.0;1753877986.91537;18.440337;2.08;-1.09;-5.21;-0.70338;-0.733997;-0.047876;0.0;0.0;0.0;0.0;0.0;0.0
1.0;1753877986.919968;18.435479;1.49;-1.51;-10.23;-0.725453;-0.694646;0.01079;0.0;0.0;0.0;0.0;0.0;0.0
1.0;1753877986.924565;18.455098;1.36;-1.07;-9.1;-0.714169;-0.710025;-0.020495;0.0;0.0;0.0;0.0;0.0;0.0
1.0;1753877986.929163;18.430406;1.39;-1.68;-5.77;-0.709104;-0.729161;-0.016831;0.0;0.0;0.0;0.0;0.0;0.0
1.0;1753877986.933761;18.430289;1.09;-1.57;-7.98;-0.694715;-0.711005;-0.000478;0.0;0.0;0.0;0.0;0.0;0.0
1.0;1753877986.93825;18.433594;1.4;-1.47;-9.87;-0.70882;-0.715896;-0.008662;0.0;0.0;0.0;0.0;0.0;0.0
1.0;1753877986.940998;18.457031;-5.39;-6.58;116.2;-0.964654;-0.060634;-0.071858;0.0;0.0;0.0;0.0;0.0;0.0
1.0;1753877986.944618;18.457031;-4.97;-3.29;112.21;-1.22915;-0.401258;0.092232;0.0;0.0;0.0;0.0;0.0;0.0
1.0;1753877986.948926;18.457031;-5.18;-2.66;122.22;-0.566568;0.08784;-0.076738;0.0;0.0;0.0;0.0;0.0;0.0
1.0;1753877986.953524;18.462229;-5.32;-1.97;174.28;-0.26088;0.758237;0.010938;0.0;0.0;0.0;0.0;0.0;0.0
1.0;1753877986.96063;18.464844;-5.95;-4.13;133.14;-1.15595;0.227286;-0.021716;0.0;0.0;0.0;0.0;0.0;0.0
1.0;1753877986.962707;18.464844;0.07;-0.91;136.08;-1.15595;0.227286;-0.021716;0.0;0.0;0.0;0.0;0.0;0.0
1.0;1753877986.967266;18.464844;-0.63;-5.74;136.43;-0.85034;-0.12932;-0.04209;0.0;0.0;0.0;0.0;0.0;0.0
1.0;1753877986.971835;18.464844;-0.91;-6.3;136.43;-0.948062;0.08723;-0.048556;0.0;0.0;0.0;0.0;0.0;0.0
1.0;1753877986.976887;18.488281;2.17;-5.46;135.94;-0.67527;-0.016104;-0.039772;0.0;0.0;0.0;0.0;0.0;0.0
1.0;1753877986.984241;18.488281;3.29;-7.49;135.52;-0.715042;-0.05246;-0.06893;0.0;0.0;0.0;0.0;0.0;0.0
1.0;1753877986.985609;18.488281;3.36;-8.12;134.82;-0.865956;0.045384;-0.071492;0.0;0.0;0.0;0.0;0.0;0.0
1.0;1753877986.991116;18.488281;5.11;-5.32;132.44;-2.063752;-0.28121;0.04026;0.0;0.0;0.0;0.0;0.0;0.0
1.0;1753877986.994687;18.464844;-0.07;2.87;99.33;-1.322846;-0.67527;0.972218;0.0;0.0;0.0;0.0;0.0;0.0
1.0;1753877986.999174;18.464844;2.94;5.6;44.52;-1.322846;-0.67527;0.972218;0.0;0.0;0.0;0.0;0.0;0.0
1.0;1753877987.003772;18.449247;2.63;7.24;5.81;-1.678529;-0.441573;0.678675;0.0;0.0;0.0;0.0;0.0;0.0
1.0;1753877987.00837;18.479469;9.29;20.12;47.39;-0.986009;-0.830978;0.401626;0.0;0.0;0.0;0.0;0.0;0.0
1.0;1753877987.012968;18.457593;-2.91;3.91;27.61;-0.726797;-1.310872;1.132074;0.0;0.0;0.0;0.0;0.0;0.0
1.0;1753877987.017566;18.444114;-7.01;5.97;63.4;-1.366784;-0.455045;0.823816;0.0;0.0;0.0;0.0;0.0;0.0
1.0;1753877987.022164;18.471313;13.75;0.06;29.58;-1.764909;-0.692656;0.721907;0.0;0.0;0.0;0.0;0.0;0.0
1.0;1753877987.026762;18.473573;6.74;7.94;51.1;-1.921302;-1.808906;1.056511;0.0;0.0;0.0;0.0;0.0;0.0
1.0;1753877987.03136;18.471611;8.39;7.28;91.31;-1.832064;-0.485121;0.712599;0.0;0.0;0.0;0.0;0.0;0.0
1.0;1753877987.035957;18.472544;8.81;8.45;15.07;-1.331261;-0.801184;1.511535;0.0;0.0;0.0;0.0;0.0;0.0
1.0;1753877987.040555;18.472696;3.47;9.38;41.68;-0.98034;-0.691713;1.903841;0.0;0.0;0.0;0.0;0.0;0.0
1.0;1753877987.045153;18.464983;10.39;6.91;51.6;-0.799948;-0.668641;0.745719;0.0;0.0;0.0;0.0;0.0;0.0
1.0;1753877987.049751;18.453609;3.9;6.06;60.92;-1.050021;-1.223617;0.775321;0.0;0.0;0.0;0.0;0.0;0.0
1.0;1753877987.054349;18.466865;-6.88;4.16;46.31;-1.622173;-0.393708;1.299492;0.0;0.0;0.0;0.0;0.0;0.0
1.0;1753877987.058947;18.450538;6.44;8.91;69.06;-1.67103;-0.782307;0.389579;0.0;0.0;0.0;0.0;0.0;0.0
1.0;1753877987.063545;18.471793;-1.54;-1.94;40.7;-1.342557;-0.554224;0.535577;0.0;0.0;0.0;0.0;0.0;0.0
1.0;1753877987.068143;18.456438;6.39;7.44;101.05;-1.545973;-0.810585;1.331615;0.0;0.0;0.0;0.0;0.0;0.0
1.0;1753877987.07274;18.491022;11.3;9.5;69.08;-0.872185;-0.774272;0.99675;0.0;0.0;0.0;0.0;0.0;0.0
1.0;1753877987.077338;18.460779;2.94;0.89;68.49;-1.51426;-0.663544;0.834319;0.0;0.0;0.0;0.0;0.0;0.0
1.0;1753877987.081936;18.479353;2.6;3.24;69.98;-0.911309;-1.033254;0.866498;0.0;0.0;0.0;0.0;0.0;0.0
1.0;1753877987.086534;18.461382;11.27;1.8;45.83;-1.289977;-0.60168;0.984506;0.0;0.0;0.0;0.0;0.0;0.0
1.0;1753877987.091132;18.481801;3.45;3.8;99.87;-1.246002;-0.756514;0.5859;0.0;0.0;0.0;0.0;0.0;0.0
1.0;1753877987.09573;18.463679;6.34;1.95;113.6;-1.173471;-1.129719;0.724361;0.0;0.0;0.0;0.0;0.0;0.0
1.0;1753877987.100328;18.461925;1.21;4.91;50.2;-1.079367;-1.549908;0.883213;0.0;0.0;0.0;0.0;0.0;0.0
1.0;1753877987.104926;18.486572;12.55;0.87;50.51;-1.826903;-0.602134;0.74843;0.0;0.0;0.0;0.0;0.0;0.0
1.0;1753877987.109524;18.465069;3.49;4.02;-0.71;-2.20247;-0.643062;1.107067;0.0;0.0;0.0;0.0;0.0;0.0
1.0;1753877987.114122;18.461719;0.36;4.57;65.47;-1.546028;-0.720818;1.305619;0.0;0.0;0.0;0.0;0.0;0.0
1.0;1753877987.11872;18.466232;4.44;2.25;92.19;-1.17847;-0.931541;0.968403;0.0;0.0;0.0;0.0;0.0;0.0
1.0;1753877987.123318;18.474632;3.53;9.59;0.43;-0.786691;-0.71895;0.93464;0.0;0.0;0.0;0.0;0.0;0.0
1.0;1753877987.127916;18.477501;9.57;-2.08;48.34;-1.67304;-0.146515;0.935823;0.0;0.0;0.0;0.0;0.0;0.0
1.0;1753877987.132513;18.448708;14.07;-0.29;34.77;-1.136427;-0.552367;0.84903;0.0;0.0;0.0;0.0;0.0;0.0
1.0;1753877987.137111;18.476056;7.72;-0.68;53.15;-1.363981;-0.643209;0.592131;0.0;0.0;0.0;0.0;0.0;0.0
1.0;1753877987.141709;18.48032;8.92;3.94;38.35;-1.329238;-1.209472;0.942504;0.0;0.0;0.0;0.0;0.0;0.0
1.0;1753877987.146307;18.477908;0.38;-1.25;93.96;-1.501116;-1.005715;0.781191;0.0;0.0;0.0;0.0;0.0;0.0
1.0;1753877987.150905;18.473856;-13.26;-1.15;24.86;-1.814786;-0.59351;0.78032;0.0;0.0;0.0;0.0;0.0;0.0
1.0;1753877987.155503;18.462448;4.56;-1.37;92.92;-1.000095;-0.891304;0.843851;0.0;0.0;0.0;0.0;0.0;0.0
1.0;1753877987.160101;18.482572;9.22;-1.23;63.81;-1.252849;-0.611313;0.267681;0.0;0.0;0.0;0.0;0.0;0.0
1.0;1753877987.164698;18.446465;12.38;8.85;81.87;-1.342774;-0.512314;1.122562;0.0;0.0;0.0;0.0;0.0;0.0
1.0;1753877987.169296;18.477105;0.53;8.96;72.01;-1.636045;-0.577948;0.730061;0.0;0.0;0.0;0.0;0.0;0.0
1.0;1753877987.173894;18.447778;5.64;-1.69;22.76;-1.21848;-1.094662;0.554851;0.0;0.0;0.0;0.0;0.0;0.0
1.0;1753877987.178492;18.494703;9.03;4.82;57.01;-1.58231;-0.760677;0.70236;0.0;0.0;0.0;0.0;0.0;0.0
1.0;1753877987.18309;18.453536;11.32;5.63;102.74;-1.455357;-1.309605;0.544296;0.0;0.0;0.0;0.0;0.0;0.0
1.0;1753877987.187688;18.463146;10.11;-5.65;18.95;-0.818326;-0.307382;0.807791;0.0;0.0;0.0;0.0;0.0;0.0
1.0;1753877987.192286;18.46043;11.74;2.2;43.73;-1.254598;-0.78942;0.793172;0.0;0.0;0.0;0.0;0.0;0.0
1.0;1753877987.196884;18.464796;10.23;0.62;77.41;-1.456257;-0.826409;0.598002;0.0;0.0;0.0;0.0;0.0;0.0
1.0;1753877987.201482;18.444263;15.67;-1.97;73.25;-0.701634;-0.745615;0.38756;0.0;0.0;0.0;0.0;0.0;0.0
1.0;1753877987.20608;18.438076;19.23;-3.11;44.84;-1.084404;-1.521865;0.690298;0.0;0.0;0.0;0.0;0.0;0.0
1.0;1753877987.210678;18.446865;7.26;0.89;109.42;-1.153383;-0.655305;1.063827;0.0;0.0;0.0;0.0;0.0;0.0
1.0;1753877987.215276;18.467942;12.97;1.52;-9.8;-1.599625;-0.568425;1.010767;0.0;0.0;0.0;0.0;0.0;0.0
1.0;1753877987.219874;18.467551;3.84;7.18;89.87;-1.821724;-0.604118;0.277937;0.0;0.0;0.0;0.0;0.0;0.0
1.0;1753877987.224471;18.4565;11.91;5.49;38.13;-0.637146;-0.79768;0.6838;0.0;0.0;0.0;0.0;0.0;0.0
1.0;1753877987.229069;18.464937;7.71;2.2;45.84;-0.915438;-1.056014;0.679138;0.0;0.0;0.0;0.0;0.0;0.0
1.0;1753877987.233667;18.442883;9.02;3.6;68.38;-1.22131;-0.825024;0.64994;0.0;0.0;0.0;0.0;0.0;0.0
1.0;1753877987.238265;18.50607;6.68;-2.13;-4.39;-1.813279;-0.558564;0.372183;0.0;0.0;0.0;0.0;0.0;0.0
1.0;1753877987.242863;18.4559;4.93;-2.03;10.47;-1.539837;-1.533029;0.413268;0.0;0.0;0.0;0.0;0.0;0.0
1.0;1753877987.247461;18.461115;19.69;-2.95;50.88;-1.401296;-1.507939;0.246574;0.0;0.0;0.0;0.0;0.0;0.0
1.0;1753877987.252059;18.452326;9.91;4.67;9.66;-1.587615;-0.997682;0.962213;0.0;0.0;0.0;0.0;0.0;0.0
1.0;1753877987.256657;18.463769;12.87;-0.36;44.44;-1.20166;-1.455002;0.989837;0.0;0.0;0.0;0.0;0.0;0.0
1.0;1753877987.261254;18.458526;0.25;0.4;89.11;-1.2955;-1.274768;0.573725;0.0;0.0;0.0;0.0;0.0;0.0
1.0;1753877987.265852;18.465423;6.83;2.2;5.66;-0.837443;-0.893566;0.413046;0.0;0.0;0.0;0.0;0.0;0.0
1.0;1753877987.27045;18.478073;5.85;-5.84;56.41;-1.21981;-0.842007;0.638316;0.0;0.0;0.0;0.0;0.0;0.0
1.0;1753877987.275048;18.451093;15.94;-5.79;16.36;-1.549438;-0.279071;0.564635;0.0;0.0;0.0;0.0;0.0;0.0
1.0;1753877987.279646;18.433999;-0.11;-1.09;8.29;-0.911532;-0.049919;0.713809;0.0;0.0;0.0;0.0;0.0;0.0
1.0;1753877987.284244;18.451123;4.98;-0.64;29.18;-0.927081;-0.847199;0.505386;0.0;0.0;0.0;0.0;0.0;0.0
1.0;1753877987.288842;18.463094;20.41;1.26;0.29;-1.68776;-0.578458;-0.177395;0.0;0.0;0.0;0.0;0.0;0.0
1.0;1753877987.29344;18.449528;6.8;-4.96;47.13;-1.240241;-1.287003;0.98044;0.0;0.0;0.0;0.0;0.0;0.0
1.0;1753877987.298038;18.461191;0.68;2.53;76.13;-1.242297;-0.793142;0.270521;0.0;0.0;0.0;0.0;0.0;0.0
1.0;1753877987.302636;18.473831;10.22;-4.72;10.96;-1.28834;-1.310293;0.349629;0.0;0.0;0.0;0.0;0.0;0.0
1.0;1753877987.307234;18.468522;6.19;-1.66;26.06;-1.3989;-0.700878;0.341906;0.0;0.0;0.0;0.0;0.0;0.0
1.0;1753877987.311832;18.479454;23.09;2.12;61.01;-0.637497;-0.706981;0.863963;0.0;0.0;0.0;0.0;0.0;0.0
1.0;1753877987.31643;18.491809;13.79;-6.67;90.42;-1.123447;-1.052091;1.137542;0.0;0.0;0.0;0.0;0.0;0.0
1.0;1753877987.321027;18.466036;6.78;-4.29;72.51;-0.634553;-1.323154;0.748313;0.0;0.0;0.0;0.0;0.0;0.0
1.0;1753877987.325625;18.438674;3.76;-8.26;19.53;-0.753986;-0.977005;0.407764;0.0;0.0;0.0;0.0;0.0;0.0
1.0;1753877987.330223;18.487488;6.46;-2.82;32.63;-1.381189;-1.22869;0.805995;0.0;0.0;0.0;0.0;0.0;0.0
1.0;1753877987.334821;18.474874;5.95;-4.43;108.07;-1.521087;-0.810993;0.88314;0.0;0.0;0.0;0.0;0.0;0.0
1.0;1753877987.339419;18.450932;16.36;5.89;22.63;-1.155435;-0.861655;0.507167;0.0;0.0;0.0;0.0;0.0;0.0
1.0;1753877987.344017;18.461296;18.26;2.02;13.34;-0.955497;-1.052223;0.269882;0.0;0.0;0.0;0.0;0.0;0.0
1.0;1753877987.348615;18.460695;7.9;-5.46;58.54;-1.078878;-0.418773;0.481867;0.0;0.0;0.0;0.0;0.0;0.0
1.0;1753877987.353212;18.443747;7.18;-3.08;22.34;-0.795379;-1.307727;0.284554;0.0;0.0;0.0;0.0;0.0;0.0
1.0;1753877987.35781;18.451867;4.55;-10.25;72.93;-1.26318;-0.561632;-0.060214;0.0;0.0;0.0;0.0;0.0;0.0
1.0;1753877987.362408;18.458783;2.91;-4.03;20.95;-0.727323;-1.188868;0.229529;0.0;0.0;0.0;0.0;0.0;0.0
1.0;1753877987.367006;18.497478;10.22;-9.11;-4.82;-1.054804;-1.190325;0.358643;0.0;0.0;0.0;0.0;0.0;0.0
1.0;1753877987.371604;18.45357;10.7;-9.42;30.27;-1.093703;-1.010197;0.265458;0.0;0.0;0.0;0.0;0.0;0.0
1.0;1753877987.376202;18.453509;-2.54;-6.45;47.41;-1.059783;-1.745565;0.130808;0.0;0.0;0.0;0.0;0.0;0.0
1.0;1753877987.3808;18.478347;10.44;-2.38;52.19;-0.78662;-1.248949;0.396127;0.0;0.0;0.0;0.0;0.0;0.0
1.0;1753877987.385398;18.473184;8.03;-3.72;1.58;-1.111679;-1.140507;0.140763;0.0;0.0;0.0;0.0;0.0;0.0
1.0;1753877987.389996;18.47554;12.66;-1.84;44.58;-1.476928;-0.427061;0.318248;0.0;0.0;0.0;0.0;0.0;0.0
1.0;1753877987.394594;18.46373;2.09;3.29;58.24;-0.943393;-0.823971;0.086501;0.0;0.0;0.0;0.0;0.0;0.0
1.0;1753877987.399192;18.466906;7.52;0.68;3.85;-2.019406;-2.244355;0.238781;0.0;0.0;0.0;0.0;0.0;0.0
1.0;1753877987.40379;18.429429;8.6;-2.12;33.76;-1.181705;-1.327637;-0.015429;0.0;0.0;0.0;0.0;0.0;0.0
1.0;1753877987.408388;18.461036;4.6;-1.97;65.43;-1.373423;-0.655865;0.138942;0.0;0.0;0.0;0.0;0.0;0.0
1.0;1753877987.412985;18.465316;-3.56;-5.53;50.12;-1.830374;-1.266154;0.281334;0.0;0.0;0.0;0.0;0.0;0.0
1.0;1753877987.417583;18.464651;14.36;-5.33;91.87;-0.089972;-1.496032;0.07454;0.0;0.0;0.0;0.0;0.0;0.0
1.0;1753877987.422181;18.460246;0.61;-1.89;29.72;-0.507121;-0.947555;0.754839;0.0;0.0;0.0;0.0;0.0;0.0
1.0;1753877987.426779;18.488978;17.52;-8.52;56.8;-1.471599;-1.057168;0.596287;0.0;0.0;0.0;0.0;0.0;0.0
1.0;1753877987.431377;18.455772;7.83;-4.71;-44.57;-1.347448;-0.835651;0.422153;0.0;0.0;0.0;0.0;0.0;0.0
1.0;1753877987.435975;18.475651;18.32;-2.68;18.61;-1.390259;-1.544309;0.528872;0.0;0.0;0.0;0.0;0.0;0.0
1.0;1753877987.440573;18.475731;4.83;-7.3;57.01;-1.199331;-1.015565;-0.255245;0.0;0.0;0.0;0.0;0.0;0.0
1.0;1753877987.445171;18.471352;9.86;-1.98;69.32;-0.915191;-1.002748;-0.117526;0.0;0.0;0.0;0.0;0.0;0.0
1.0;1753877987.449768;18.454414;17.28;3.1;0.63;-1.136579;-0.556987;0.085704;0.0;0.0;0.0;0.0;0.0;0.0
1.0;1753877987.454366;18.459384;16.84;-4.25;73.56;-1.895098;-1.058872;0.098085;0.0;0.0;0.0;0.0;0.0;0.0
1.0;1753877987.458964;18.461703;13.49;-0.59;63.25;-1.039385;-1.080636;0.787669;0.0;0.0;0.0;0.0;0.0;0.0
1.0;1753877987.463562;18.45743;14.43;0.4;141.4;-1.888917;-1.538092;0.642592;0.0;0.0;0.0;0.0;0.0;0.0
1.0;1753877987.46816;18.475958;9.58;-7.15;47.39;-0.758555;-0.718759;0.04621;0.0;0.0;0.0;0.0;0.0;0.0
1.0;1753877987.472758;18.480114;9.75;-4.7;62.33;-1.289645;-1.334117;0.434542;0.0;0.0;0.0;0.0;0.0;0.0
1.0;1753877987.477356;18.468085;11.23;0.88;12.21;-1.338113;-1.566322;0.055175;0.0;0.0;0.0;0.0;0.0;0.0
1.0;1753877987.481954;18.45341;16.76;-4.94;70.9;-0.921304;-1.208919;0.20633;0.0;0.0;0.0;0.0;0.0;0.0
1.0;1753877987.486552;18.451538;10.53;-9.94;-4.09;-1.163749;-0.897948;0.049057;0.0;0.0;0.0;0.0;0.0;0.0
1.0;1753877987.49115;18.483771;9.0;-10.16;89.19;-1.166255;-1.783044;0.50763;0.0;0.0;0.0;0.0;0.0;0.0
1.0;1753877987.495748;18.451055;8.47;-1.43;38.79;-1.054039;-0.912402;0.368455;0.0;0.0;0.0;0.0;0.0;0.0
1.0;1753877987.500346;18.468795;10.32;-12.03;-4.84;-1.319467;-1.706304;-0.015128;0.0;0.0;0.0;0.0;0.0;0.0
1.0;1753877987.504943;18.438299;8.6;-9.14;41.19;-0.677491;-1.022958;-0.23794;0.0;0.0;0.0;0.0;0.0;0.0
1.0;1753877987.509541;18.445801;5.38;-2.36;20.07;-1.079613;-1.560997;-0.121517;0.0;0.0;0.0;0.0;0.0;0.0
1.0;1753877987.514139;18.456845;7.48;-7.24;81.91;-0.608452;-1.21041;-0.247234;0.0;0.0;0.0;0.0;0.0;0.0
1.0;1753877987.518737;18.46008;15.96;-0.72;37.89;-1.217078;-0.926252;0.622958;0.0;0.0;0.0;0.0;0.0;0.0
1.0;1753877987.523335;18.458883;10.23;-6.62;65.88;-0.802572;-1.164097;-0.271093;0.0;0.0;0.0;0.0;0.0;0.0
1.0;1753877987.527933;18.47593;3.43;-5.62;67.07;-1.331859;-1.357781;0.093467;0.0;0.0;0.0;0.0;0.0;0.0
1.0;1753877987.532531;18.437124;19.41;-10.09;105.67;-1.490119;-1.789307;0.423757;0.0;0.0;0.0;0.0;0.0;0.0
1.0;1753877987.537129;18.457964;6.01;-7.22;17.89;-1.309997;-1.325227;-0.080409;0.0;0.0;0.0;0.0;0.0;0.0
1.0;1753877987.541726;18.468487;5.98;-3.03;57.59;-1.051197;-1.241474;0.216485;0.0;0.0;0.0;0.0;0.0;0.0
1.0;1753877987.546324;18.461526;22.49;-8.33;43.66;-1.087914;-1.656019;0.030713;0.0;0.0;0.0;0.0;0.0;0.0
1.0;1753877987.550922;18.479723;14.01;-3.85;52.67;-1.379601;-0.338874;-0.003659;0.0;0.0;0.0;0.0;0.0;0.0
1.0;1753877987.55552;18.480641;9.72;-6.02;62.05;-1.248731;-1.428129;0.393396;0.0;0.0;0.0;0.0;0.0;0.0
1.0;1753877987.560118;18.461296;3.64;-5.1;85.12;-0.971583;-1.070685;-0.150935;0.0;0.0;0.0;0.0;0.0;0.0
1.0;1753877987.564716;18.453083;18.16;-2.19;55.47;-1.053738;-2.272168;0.415107;0.0;0.0;0.0;0.0;0.0;0.0
1.0;1753877987.569314;18.473946;15.59;-5.0;12.45;-1.473839;-1.620887;0.235945;0.0;0.0;0.0;0.0;0.0;0.0
1.0;1753877987.573912;18.489563;11.88;-9.16;2.31;-0.812565;-1.482889;0.609474;0.0;0.0;0.0;0.0;0.0;0.0
1.0;1753877987.57851;18.460922;21.84;-5.42;-11.86;-1.742372;-0.636458;-0.063923;0.0;0.0;0.0;0.0;0.0;0.0
1.0;1753877987.583108;18.457631;0.75;-12.3;31.28;-0.380043;-1.522876;-0.121162;0.0;0.0;0.0;0.0;0.0;0.0
1.0;1753877987.587706;18.453583;10.49;-8.66;83.93;-1.079888;-0.832088;-0.665412;0.0;0.0;0.0;0.0;0.0;0.0
1.0;1753877987.592304;18.463856;10.85;-3.39;3.21;-1.118663;-0.756151;0.096665;0.0;0.0;0.0;0.0;0.0;0.0
1.0;1753877987.596902;18.434359;19.84;-12.98;85.6;-0.535793;-0.81777;-0.449529;0.0;0.0;0.0;0.0;0.0;0.0
1.0;1753877987.601499;18.463143;21.27;-4.5;40.52;-0.666158;-1.447322;0.278941;0.0;0.0;0.0;0.0;0.0;0.0
1.0;1753877987.606097;18.462635;16.62;-12.85;-3.9;-0.837486;-0.992244;-0.089945;0.0;0.0;0.0;0.0;0.0;0.0
1.0;1753877987.610695;18.471729;10.21;-10.16;56.46;-1.052024;-1.515651;0.050219;0.0;0.0;0.0;0.0;0.0;0.0
1.0;1753877987.615293;18.477444;8.16;-16.27;38.08;-0.868219;-1.116921;0.095823;0.0;0.0;0.0;0.0;0.0;0.0
1.0;1753877987.619891;18.457685;16.23;-6.57;51.14;-1.774095;-0.676219;0.221586;0.0;0.0;0.0;0.0;0.0;0.0
1.0;1753877987.624489;18.457034;26.37;-14.57;68.4;-1.122084;-1.15484;-0.111522;0.0;0.0;0.0;0.0;0.0;0.0
1.0;1753877987.629087;18.481285;22.9;-10.17;26.08;-0.92641;-1.260974;-0.58156;0.0;0.0;0.0;0.0;0.0;0.0
1.0;1753877987.633685;18.460826;15.04;-7.26;91.87;-1.133472;-1.147147;-0.458401;0.0;0.0;0.0;0.0;0.0;0.0
1.0;1753877987.638282;18.461855;16.85;-6.23;18.3;-0.629279;-1.472771;-0.202614;0.0;0.0;0.0;0.0;0.0;0.0
1.0;1753877987.64288;18.466006;22.72;-9.06;34.94;-0.966728;-0.30238;0.358198;0.0;0.0;0.0;0.0;0.0;0.0
1.0;1753877987.647478;18.454676;5.33;1.12;120.04;-0.371735;-1.736249;0.025903;0.0;0.0;0.0;0.0;0.0;0.0
1.0;1753877987.652076;18.460545;3.36;-7.65;39.68;-1.33991;-1.717507;-0.082483;0.0;0.0;0.0;0.0;0.0;0.0
1.0;1753877987.656674;18.451611;12.25;-12.6;38.85;-1.517156;-1.328482;-0.380443;0.0;0.0;0.0;0.0;0.0;0.0
1.0;1753877987.661272;18.478479;26.61;-6.37;63.22;-0.882665;-1.763195;-0.100408;0.0;0.0;0.0;0.0;0.0;0.0
1.0;1753877987.66587;18.468987;13.69;-11.28;66.22;-1.507145;-1.399051;-0.418717;0.0;0.0;0.0;0.0;0.0;0.0
1.0;1753877987.670468;18.464718;10.53;-11.81;19.84;-0.87099;-0.900499;-0.075225;0.0;0.0;0.0;0.0;0.0;0.0
1.0;1753877987.675066;18.441135;15.2;-11.66;8.07;-1.076685;-0.770794;-0.190126;0.0;0.0;0.0;0.0;0.0;0.0
1.0;1753877987.679664;18.470531;0.09;-10.65;-32.25;-1.478253;-1.361892;-0.341906;0.0;0.0;0.0;0.0;0.0;0.0
1.0;1753877987.684262;18.449039;14.74;-4.82;-6.36;-1.737567;-1.672995;-0.141448;0.0;0.0;0.0;0.0;0.0;0.0
1.0;1753877987.68886;18.476667;14.19;-6.83;25.53;-1.407466;-0.798576;0.380945;0.0;0.0;0.0;0.0;0.0;0.0
1.0;1753877987.693457;18.471799;11.17;-14.23;52.73;-1.260543;-1.650898;-0.002133;0.0;0.0;0.0;0.0;0.0;0.0
1.0;1753877987.698055;18.47519;7.09;-8.98;66.45;-1.026898;-1.427157;0.349534;0.0;0.0;0.0;0.0;0.0;0.0
1.0;1753877987.702653;18.472927;16.51;-8.01;42.0;-0.803207;-1.011724;-0.596055;0.0;0.0;0.0;0.0;0.0;0.0
1.0;1753877987.707251;18.443686;18.69;-10.57;51.66;-1.318028;-1.110331;-0.273788;0.0;0.0;0.0;0.0;0.0;0.0
1.0;1753877987.711849;18.459884;11.74;-10.78;87.79;-1.035861;-0.748675;-0.09762;0.0;0.0;0.0;0.0;0.0;0.0
1.0;1753877987.716447;18.472914;11.55;-6.67;76.49;-0.85962;-1.934394;0.054544;0.0;0.0;0.0;0.0;0.0;0.0
1.0;1753877987.721045;18.469256;13.59;-11.1;68.14;-1.640832;-1.516672;-0.27756;0.0;0.0;0.0;0.0;0.0;0.0
1.0;1753877987.725643;18.472237;9.89;-7.69;50.6;-1.661689;-1.594208;-0.16131;0.0;0.0;0.0;0.0;0.0;0.0
1.0;1753877987.73024;18.48624;5.95;-12.06;12.95;-1.410461;-1.345621;0.34795;0.0;0.0;0.0;0.0;0.0;0.0
1.0;1753877987.734838;18.465599;14.93;-13.66;50.04;-0.16804;-0.889423;-0.693893;0.0;0.0;0.0;0.0;0.0;0.0
1.0;1753877987.739436;18.470629;16.41;-8.65;98.74;-0.898388;-1.356076;-0.173338;0.0;0.0;0.0;0.0;0.0;0.0
1.0;1753877987.744034;18.457306;25.17;-3.33;45.27;-0.926389;-0.906484;0.332617;0.0;0.0;0.0;0.0;0.0;0.0
1.0;1753877987.7489;18.464844;15.05;-11.83;47.95;-1.106296;-1.348466;-0.148596;0.0;0.0;0.0;0.0;0.0;0.0
1.0;1753877987.753498;18.451475;14.95;-5.2;-0.5;-0.974636;-1.396403;-0.31394;0.0;0.0;0.0;0.0;0.0;0.0
1.0;1753877987.758096;18.47604;19.49;-13.2;120.09;-1.45187;-0.463242;-0.298985;0.0;0.0;0.0;0.0;0.0;0.0
1.0;1753877987.762694;18.459208;2.69;-9.13;128.62;-0.543217;-0.861055;-0.163877;0.0;0.0;0.0;0.0;0.0;0.0
1.0;1753877987.767292;18.434623;20.87;-14.95;83.54;-1.19894;-0.910213;-0.018013;0.0;0.0;0.0;0.0;0.0;0.0
1.0;1753877987.77189;18.461961;14.6;-20.06;101.01;-1.366648;-1.562172;-0.767461;0.0;0.0;0.0;0.0;0.0;0.0
1.0;1753877987.776487;18.458185;5.68;-13.22;-16.4;-0.682912;-0.703863;-0.295974;0.0;0.0;0.0;0.0;0.0;0.0
1.0;1753877987.781085;18.470274;15.62;-13.21;1.41;-0.941345;-0.80725;0.470736;0.0;0.0;0.0;0.0;0.0;0.0
1.0;1753877987.785683;18.467172;9.95;-12.92;44.57;-1.602724;-0.709142;0.456825;0.0;0.0;0.0;0.0;0.0;0.0
1.0;1753877987.790281;18.459511;7.5;-3.75;134.04;-1.448213;-0.471791;-0.406693;0.0;0.0;0.0;0.0;0.0;0.0
1.0;1753877987.794879;18.508272;9.01;-6.1;70.13;-0.9314;-0.484226;0.230013;0.0;0.0;0.0;0.0;0.0;0.0
1.0;1753877987.799477;18.475683;11.09;-6.63;33.95;-1.146987;-0.143655;-0.197662;0.0;0.0;0.0;0.0;0.0;0.0
1.0;1753877987.804075;18.49102;11.42;-12.92;27.13;-1.534986;-0.629892;0.09073;0.0;0.0;0.0;0.0;0.0;0.0
1.0;1753877987.808673;18.48597;-6.15;-8.04;36.72;-1.306418;-0.484167;0.095299;0.0;0.0;0.0;0.0;0.0;0.0
1.0;1753877987.81327;18.463482;8.7;-11.52;32.2;-0.810533;0.220774;-0.312061;0.0;0.0;0.0;0.0;0.0;0.0
1.0;1753877987.817868;18.471566;4.61;-1.58;87.8;-1.80147;-0.064524;-0.023348;0.0;0.0;0.0;0.0;0.0;0.0
1.0;1753877987.822466;18.474628;9.1;-13.1;39.51;-0.734539;0.442657;0.577396;0.0;0.0;0.0;0.0;0.0;0.0
1.0;1753877987.827064;18.429367;8.03;-13.54;106.32;-2.160235;-0.81648;-0.510373;0.0;0.0;0.0;0.0;0.0;0.0
1.0;1753877987.831662;18.451071;6.28;-12.77;26.38;-0.908262;-0.113959;-0.171172;0.0;0.0;0.0;0.0;0.0;0.0
1.0;1753877987.83626;18.468218;3.67;-9.45;53.02;-1.644956;-0.104523;-0.575136;0.0;0.0;0.0;0.0;0.0;0.0
1.0;1753877987.840858;18.499011;5.6;-12.46;57.92;-1.427248;0.024762;0.366504;0.0;0.0;0.0;0.0;0.0;0.0
1.0;1753877987.845456;18.447155;2.13;-1.47;116.25;-1.201369;0.10179;-0.027685;0.0;0.0;0.0;0.0;0.0;0.0
1.0;1753877987.850054;18.432633;5.91;-12.17;49.91;-1.205688;0.138393;0.533907;0.0;0.0;0.0;0.0;0.0;0.0
1.0;1753877987.854652;18.453295;-1.77;-14.34;51.46;-2.204039;0.196093;-0.478485;0.0;0.0;0.0;0.0;0.0;0.0
1.0;1753877987.85925;18.441706;-2.42;-1.93;35.32;-0.956904;0.010877;0.491855;0.0;0.0;0.0;0.0;0.0;0.0
1.0;1753877987.863848;18.491503;-2.72;-10.61;22.45;-0.884814;0.174962;0.492412;0.0;0.0;0.0;0.0;0.0;0.0
1.0;1753877987.868446;18.475524;6.54;-11.15;47.73;-0.716129;1.028125;-0.41853;0.0;0.0;0.0;0.0;0.0;0.0
1.0;1753877987.873043;18.448415;-3.43;-8.04;75.48;-1.196791;-0.182176;-0.407467;0.0;0.0;0.0;0.0;0.0;0.0
1.0;1753877987.877641;18.477;16.68;-7.48;44.54;-1.422781;0.1372;0.194878;0.0;0.0;0.0;0.0;0.0;0.0
1.0;1753877987.882239;18.457802;1.92;-4.34;18.98;-1.421714;0.123898;-0.129008;0.0;0.0;0.0;0.0;0.0;0.0
1.0;1753877987.886837;18.466308;-8.56;-10.87;85.36;-0.995919;0.006427;-0.014021;0.0;0.0;0.0;0.0;0.0;0.0
1.0;1753877987.8918;18.464844;1.4;-9.8;70.63;-1.304546;0.543998;-0.083204;0.0;0.0;0.0;0.0;0.0;0.0
1.0;1753877987.896398;18.5014;6.78;-13.7;112.53;-0.738452;-0.11708;0.235144;0.0;0.0;0.0;0.0;0.0;0.0
1.0;1753877987.900996;18.477966;-0.26;-5.17;129.27;-1.358753;0.656325;-0.194877;0.0;0.0;0.0;0.0;0.0;0.0
1.0;1753877987.90737;18.5;2.03;-1.33;136.57;-0.581086;-0.127978;0.042944;0.0;0.0;0.0;0.0;0.0;0.0
1.0;1753877987.911968;18.50416;3.67;-1.43;105.17;-0.467684;0.269825;0.023769;0.0;0.0;0.0;0.0;0.0;0.0
1.0;1753877987.916566;18.507059;-1.16;-2.71;171.19;-0.91569;0.189088;0.279509;0.0;0.0;0.0;0.0;0.0;0.0
1.0;1753877987.921164;18.500812;1.08;-0.37;93.86;-0.58501;-0.162944;-0.281216;0.0;0.0;0.0;0.0;0.0;0.0
1.0;1753877987.925762;18.529744;0.49;-7.19;108.95;-0.532467;0.029377;-0.128549;0.0;0.0;0.0;0.0;0.0;0.0
1.0;1753877987.93036;18.50386;-2.85;-1.11;228.75;-0.746256;0.284145;0.055976;0.0;0.0;0.0;0.0;0.0;0.0
1.0;1753877987.934958;18.494966;0.01;-6.52;141.5;-0.710564;-0.034053;-0.026559;0.0;0.0;0.0;0.0;0.0;0.0
1.0;1753877987.939556;18.485406;-1.75;-4.84;168.18;-0.862742;-0.383232;-0.215782;0.0;0.0;0.0;0.0;0.0;0.0
1.0;1753877987.944153;18.492767;2.79;-8.59;134.58;-1.195209;-0.176673;0.056589;0.0;0.0;0.0;0.0;0.0;0.0
1.0;1753877987.95258;18.5;0.14;-4.27;136.78;-0.94306;-0.280722;0.03538;0.0;0.0;0.0;0.0;0.0;0.0
1.0;1753877987.955748;18.523438;0.14;-1.82;109.34;0.14335;1.054934;0.005734;0.0;0.0;0.0;0.0;0.0;0.0
1.0;1753877987.959873;18.523438;1.4;-1.82;108.57;0.210206;0.980636;0.030744;0.0;0.0;0.0;0.0;0.0;0.0
1.0;1753877987.967276;18.472656;0.35;-2.87;109.34;0.281088;0.997228;0.00793;0.0;0.0;0.0;0.0;0.0;0.0
1.0;1753877987.970168;18.472656;0.14;-3.64;109.76;0.240096;0.942206;0.006954;0.0;0.0;0.0;0.0;0.0;0.0
1.0;1753877987.973276;18.472656;-1.05;-4.48;112.49;0.254614;0.939278;0.014396;0.0;0.0;0.0;0.0;0.0;0.0
1.0;1753877987.977837;18.472656;-0.49;-4.76;114.45;0.031842;1.076162;0.030256;0.0;0.0;0.0;0.0;0.0;0.0
1.0;1753877987.982435;18.516891;0.31;-3.26;113.26;0.138643;1.099054;0.014178;0.0;0.0;0.0;0.0;0.0;0.0
1.0;1753877987.986915;18.5;-0.42;-2.31;120.89;0.163724;0.817888;-0.009272;0.0;0.0;0.0;0.0;0.0;0.0
1.0;1753877987.991597;18.5;1.19;-2.94;124.74;0.468724;0.896944;0.001342;0.0;0.0;0.0;0.0;0.0;0.0
1.0;1753877987.996196;18.5;0.28;-5.32;126.56;0.24522;0.933422;0.042212;0.0;0.0;0.0;0.0;0.0;0.0
1.0;1753877988.000794;18.533707;-2.11;-3.66;124.76;0.199128;1.00119;0.095318;0.0;0.0;0.0;0.0;0.0;0.0
1.0;1753877988.005392;18.480289;3.06;-6.53;127.26;0.143453;0.965942;0.027027;0.0;0.0;0.0;0.0;0.0;0.0
1.0;1753877988.00999;18.487907;0.69;-4.79;125.51;0.217577;1.170226;0.028994;0.0;0.0;0.0;0.0;0.0;0.0
1.0;1753877988.014588;18.496596;-2.99;-6.5;125.96;0.347037;0.839425;0.071902;0.0;0.0;0.0;0.0;0.0;0.0
1.0;1753877988.019186;18.522361;4.6;-3.49;112.5;0.168487;0.964564;0.051588;0.0;0.0;0.0;0.0;0.0;0.0
1.0;1753877988.023784;18.48572;-2.88;-5.33;124.52;0.227973;1.014601;0.021898;0.0;0.0;0.0;0.0;0.0;0.0
1.0;1753877988.028381;18.478718;5.26;-3.22;126.93;0.143782;0.901777;0.029809;0.0;0.0;0.0;0.0;0.0;0.0
1.0;1753877988.032979;18.523472;1.96;-5.34;108.46;0.237299;0.889493;0.057207;0.0;0.0;0.0;0.0;0.0;0.0
1.0;1753877988.037577;18.495111;2.25;-4.13;124.08;-0.143109;0.981533;0.024851;0.0;0.0;0.0;0.0;0.0;0.0
1.0;1753877988.042175;18.516702;3.3;-4.79;124.38;0.326793;1.136012;-0.009401;0.0;0.0;0.0;0.0;0.0;0.0
1.0;1753877988.046773;18.489329;2.45;-5.73;118.24;0.277757;0.820762;0.038425;0.0;0.0;0.0;0.0;0.0;0.0
1.0;1753877988.051371;18.430097;3.21;-5.94;132.26;0.207479;1.135506;0.053104;0.0;0.0;0.0;0.0;0.0;0.0
1.0;1753877988.055969;18.486133;-0.18;-5.6;130.33;0.078879;0.930577;0.061524;0.0;0.0;0.0;0.0;0.0;0.0
1.0;1753877988.060567;18.478713;2.4;-8.17;128.61;0.371944;1.181719;0.032269;0.0;0.0;0.0;0.0;0.0;0.0
1.0;1753877988.065164;18.425198;-1.22;-1.6;127.52;0.154146;0.624225;0.01716;0.0;0.0;0.0;0.0;0.0;0.0
1.0;1753877988.069762;18.478937;-0.19;-4.66;131.41;0.269503;0.860344;0.084227;0.0;0.0;0.0;0.0;0.0;0.0
1.0;1753877988.07436;18.500438;3.6;-6.72;128.62;0.166606;0.764672;0.03699;0.0;0.0;0.0;0.0;0.0;0.0
1.0;1753877988.078958;18.507256;-2.5;-5.46;122.23;0.25524;0.849827;0.037887;0.0;0.0;0.0;0.0;0.0;0.0
1.0;1753877988.083556;18.477223;0.06;-4.53;125.39;0.415316;0.804775;0.024454;0.0;0.0;0.0;0.0;0.0;0.0
1.0;1753877988.088154;18.501421;-2.04;-5.18;133.08;0.089669;1.178931;0.042756;0.0;0.0;0.0;0.0;0.0;0.0
1.0;1753877988.092752;18.481672;-3.99;-5.05;130.49;0.218608;0.859895;-0.010084;0.0;0.0;0.0;0.0;0.0;0.0
1.0;1753877988.09735;18.478415;0.15;-6.6;116.63;0.563329;0.977712;0.035868;0.0;0.0;0.0;0.0;0.0;0.0
1.0;1753877988.101948;18.489995;-0.43;-7.44;128.88;0.284627;1.040005;0.041191;0.0;0.0;0.0;0.0;0.0;0.0
1.0;1753877988.106546;18.481133;0.21;-4.63;117.78;0.243647;0.669582;0.012314;0.0;0.0;0.0;0.0;0.0;0.0
1.0;1753877988.111144;18.549823;0.2;-4.39;132.38;0.35501;0.921323;0.045915;0.0;0.0;0.0;0.0;0.0;0.0
1.0;1753877988.115742;18.488438;2.86;-4.6;127.53;0.036526;1.001959;0.057444;0.0;0.0;0.0;0.0;0.0;0.0
1.0;1753877988.12034;18.466403;-2.04;-4.63;136.56;0.086727;0.868555;0.021829;0.0;0.0;0.0;0.0;0.0;0.0
1.0;1753877988.124937;18.453242;0.37;-5.34;135.72;0.398322;1.049063;0.023987;0.0;0.0;0.0;0.0;0.0;0.0
1.0;1753877988.129535;18.468923;-0.65;-4.33;131.12;0.075063;1.020732;0.037495;0.0;0.0;0.0;0.0;0.0;0.0
1.0;1753877988.134133;18.497767;-1.8;-3.54;128.63;0.424072;1.017894;0.084871;0.0;0.0;0.0;0.0;0.0;0.0
1.0;1753877988.138731;18.492386;0.22;-4.23;129.54;0.075569;0.966183;0.046392;0.0;0.0;0.0;0.0;0.0;0.0
1.0;1753877988.143329;18.473299;0.16;-5.57;135.54;0.083787;1.008794;0.010753;0.0;0.0;0.0;0.0;0.0;0.0
1.0;1753877988.147927;18.496289;-0.35;-5.33;121.08;0.148447;0.990948;0.006508;0.0;0.0;0.0;0.0;0.0;0.0
1.0;1753877988.152525;18.462623;-1.23;-5.76;137.93;0.162232;0.875641;0.017717;0.0;0.0;0.0;0.0;0.0;0.0
1.0;1753877988.157122;18.476026;-1.96;-5.56;135.21;0.250784;0.949065;0.051713;0.0;0.0;0.0;0.0;0.0;0.0
1.0;1753877988.16172;18.490822;0.66;-5.56;134.84;0.247092;1.041273;0.04529;0.0;0.0;0.0;0.0;0.0;0.0
1.0;1753877988.166318;18.469963;1.03;-5.35;129.71;0.500758;0.98552;0.055133;0.0;0.0;0.0;0.0;0.0;0.0
1.0;1753877988.170916;18.494866;-1.09;-6.19;125.14;0.221471;1.120263;0.060306;0.0;0.0;0.0;0.0;0.0;0.0
1.0;1753877988.175514;18.468424;0.68;-4.85;137.89;0.185592;0.806509;0.040546;0.0;0.0;0.0;0.0;0.0;0.0
1.0;1753877988.180112;18.507375;1.3;-5.26;128.23;0.314824;0.985953;0.026186;0.0;0.0;0.0;0.0;0.0;0.0
1.0;1753877988.18471;18.462454;2.14;-6.08;124.89;0.265293;0.970942;0.00933;0.0;0.0;0.0;0.0;0.0;0.0
1.0;1753877988.189308;18.520069;2.3;-6.7;125.99;0.326201;0.961375;0.022913;0.0;0.0;0.0;0.0;0.0;0.0
1.0;1753877988.193906;18.454492;0.22;-6.66;116.66;0.306278;0.632507;0.044475;0.0;0.0;0.0;0.0;0.0;0.0
1.0;1753877988.198504;18.448111;-3.98;-3.66;124.83;0.408875;0.876802;0.04272;0.0;0.0;0.0;0.0;0.0;0.0
1.0;1753877988.203102;18.44578;1.01;-5.37;132.02;0.294219;0.557859;0.061773;0.0;0.0;0.0;0.0;0.0;0.0
1.0;1753877988.2077;18.456133;1.26;-4.09;134.98;0.1679;1.196737;0.026109;0.0;0.0;0.0;0.0;0.0;0.0
1.0;1753877988.212298;18.44317;-0.63;-5.76;131.48;0.15637;0.718094;0.05578;0.0;0.0;0.0;0.0;0.0;0.0
1.0;1753877988.216895;18.470474;-1.77;-6.64;122.74;0.237945;0.939049;0.026379;0.0;0.0;0.0;0.0;0.0;0.0
1.0;1753877988.221493;18.481921;0.09;-2.79;118.88;0.001169;1.113856;0.049425;0.0;0.0;0.0;0.0;0.0;0.0
1.0;1753877988.226091;18.544386;-0.75;-7.16;129.69;0.145718;0.992281;0.034943;0.0;0.0;0.0;0.0;0.0;0.0
1.0;1753877988.230689;18.44915;2.3;-4.25;131.0;0.131499;0.994971;-0.00771;0.0;0.0;0.0;0.0;0.0;0.0
1.0;1753877988.235287;18.504726;1.86;-5.11;122.17;0.17267;0.794767;-0.033579;0.0;0.0;0.0;0.0;0.0;0.0
1.0;1753877988.239885;18.467083;-1.99;-5.01;135.27;0.178752;0.794102;0.037155;0.0;0.0;0.0;0.0;0.0;0.0
1.0;1753877988.244483;18.525386;1.72;-4.29;129.07;0.046906;0.896551;0.014023;0.0;0.0;0.0;0.0;0.0;0.0
1.0;1753877988.249081;18.432075;0.64;-4.31;125.31;0.402992;0.842629;0.038591;0.0;0.0;0.0;0.0;0.0;0.0
1.0;1753877988.253678;18.467823;1.35;-4.97;117.26;0.166705;0.960233;-0.020098;0.0;0.0;0.0;0.0;0.0;0.0
1.0;1753877988.258276;18.46948;-2.68;-5.34;131.29;0.093943;0.920959;0.060465;0.0;0.0;0.0;0.0;0.0;0.0
1.0;1753877988.262874;18.451712;0.57;-4.36;122.4;0.109205;0.849314;0.022734;0.0;0.0;0.0;0.0;0.0;0.0
1.0;1753877988.267472;18.491761;0.43;-3.75;125.38;0.219419;1.028302;-0.004753;0.0;0.0;0.0;0.0;0.0;0.0
1.0;1753877988.27207;18.455592;0.84;-5.65;117.29;0.260521;0.956459;0.024185;0.0;0.0;0.0;0.0;0.0;0.0
1.0;1753877988.276668;18.482004;-1.99;-5.11;134.43;0.345815;1.169081;0.014205;0.0;0.0;0.0;0.0;0.0;0.0
1.0;1753877988.281266;18.471625;0.87;-2.8;133.41;0.020792;0.713537;0.018937;0.0;0.0;0.0;0.0;0.0;0.0
1.0;1753877988.285864;18.473009;0.41;-4.65;133.43;0.21986;0.763428;-0.012012;0.0;0.0;0.0;0.0;0.0;0.0
1.0;1753877988.290462;18.500285;-0.43;-5.17;131.48;0.255408;0.721782;0.010473;0.0;0.0;0.0;0.0;0.0;0.0
1.0;1753877988.29506;18.512832;-0.84;-7.7;113.15;0.31653;0.912291;0.012102;0.0;0.0;0.0;0.0;0.0;0.0
1.0;1753877988.299658;18.414014;0.77;-5.67;130.52;0.041911;0.877116;0.003668;0.0;0.0;0.0;0.0;0.0;0.0
1.0;1753877988.304256;18.459343;-0.69;-4.89;137.33;-0.058287;0.609309;0.018279;0.0;0.0;0.0;0.0;0.0;0.0
1.0;1753877988.308854;18.483561;0.51;-7.1;111.0;0.470695;0.92504;0.049568;0.0;0.0;0.0;0.0;0.0;0.0
1.0;1753877988.313451;18.425535;0.18;-3.98;124.9;0.151102;1.012332;0.027657;0.0;0.0;0.0;0.0;0.0;0.0
1.0;1753877988.318049;18.495276;1.06;-3.59;116.23;0.460164;0.938671;0.052088;0.0;0.0;0.0;0.0;0.0;0.0
1.0;1753877988.322647;18.491105;-1.57;-7.29;128.55;0.214517;0.897143;0.059135;0.0;0.0;0.0;0.0;0.0;0.0
1.0;1753877988.327245;18.475498;2.13;-5.13;144.17;0.012371;0.926657;0.023038;0.0;0.0;0.0;0.0;0.0;0.0
1.0;1753877988.331843;18.463749;0.83;-5.04;125.71;0.203177;0.762318;-0.004824;0.0;0.0;0.0;0.0;0.0;0.0
1.0;1753877988.336441;18.512591;1.72;-6.33;133.3;0.203655;0.807577;-0.020961;0.0;0.0;0.0;0.0;0.0;0.0
1.0;1753877988.341039;18.510518;1.45;-5.77;132.66;0.091956;0.826554;-0.015667;0.0;0.0;0.0;0.0;0.0;0.0
1.0;1753877988.345636;18.466892;-0.03;-4.84;124.31;0.08176;0.882592;0.010346;0.0;0.0;0.0;0.0;0.0;0.0
1.0;1753877988.350234;18.435377;1.07;-4.5;120.37;0.184374;0.831491;0.012073;0.0;0.0;0.0;0.0;0.0;0.0
1.0;1753877988.354832;18.476381;2.66;-4.58;136.22;0.164927;1.163822;0.037757;0.0;0.0;0.0;0.0;0.0;0.0
1.0;1753877988.35943;18.464438;2.83;-4.75;123.68;0.014322;1.089763;0.009098;0.0;0.0;0.0;0.0;0.0;0.0
1.0;1753877988.364028;18.483;-2.54;-3.17;135.18;0.419688;0.92549;-0.016786;0.0;0.0;0.0;0.0;0.0;0.0
1.0;1753877988.368626;18.496808;-0.71;-3.6;125.61;0.166528;0.971344;0.014337;0.0;0.0;0.0;0.0;0.0;0.0
1.0;1753877988.373224;18.446728;-2.04;-4.45;138.64;-0.082733;0.854731;0.025507;0.0;0.0;0.0;0.0;0.0;0.0
1.0;1753877988.377822;18.459468;1.66;-6.27;131.58;0.323728;0.889721;0.016346;0.0;0.0;0.0;0.0;0.0;0.0
1.0;1753877988.38242;18.445751;-2.15;-6.11;132.36;0.149078;0.821356;-0.047313;0.0;0.0;0.0;0.0;0.0;0.0
1.0;1753877988.387018;18.513339;-0.24;-5.39;122.89;0.264884;1.027863;-0.000789;0.0;0.0;0.0;0.0;0.0;0.0
1.0;1753877988.391616;18.450052;0.01;-4.13;131.79;-0.160765;1.206976;0.037262;0.0;0.0;0.0;0.0;0.0;0.0
1.0;1753877988.396214;18.530901;4.41;-6.45;124.52;0.212962;0.868586;-0.015406;0.0;0.0;0.0;0.0;0.0;0.0
1.0;1753877988.400812;18.493328;0.28;-3.97;127.12;0.304027;0.603285;-0.026425;0.0;0.0;0.0;0.0;0.0;0.0
1.0;1753877988.405409;18.508796;-1.98;-4.07;127.97;0.1209;0.970932;0.032283;0.0;0.0;0.0;0.0;0.0;0.0
1.0;1753877988.410007;18.461117;-1.24;-4.82;126.04;0.056008;0.872236;-0.013977;0.0;0.0;0.0;0.0;0.0;0.0
1.0;1753877988.414605;18.506797;-1.83;-2.93;128.06;0.397457;0.847335;0.024507;0.0;0.0;0.0;0.0;0.0;0.0
1.0;1753877988.419203;18.490353;-1.45;-2.82;139.15;0.2111;0.872276;-0.002873;0.0;0.0;0.0;0.0;0.0;0.0
1.0;1753877988.423801;18.416962;-0.1;-4.66;122.34;0.160275;0.622916;0.011309;0.0;0.0;0.0;0.0;0.0;0.0
1.0;1753877988.428399;18.459289;1.42;-6.01;141.6;0.086155;1.263247;0.034523;0.0;0.0;0.0;0.0;0.0;0.0
1.0;1753877988.432997;18.470006;3.05;-2.76;125.66;0.12641;0.958282;0.076091;0.0;0.0;0.0;0.0;0.0;0.0
1.0;1753877988.437595;18.485301;-1.45;-3.2;118.17;0.101848;0.828118;-0.004457;0.0;0.0;0.0;0.0;0.0;0.0
1.0;1753877988.442192;18.516704;0.42;-6.22;125.13;0.262511;0.96073;0.0353;0.0;0.0;0.0;0.0;0.0;0.0
1.0;1753877988.44679;18.411142;-0.28;-7.24;121.03;0.251929;0.794448;0.011985;0.0;0.0;0.0;0.0;0.0;0.0
1.0;1753877988.451388;18.482997;1.48;-3.32;132.03;0.048047;0.740106;0.008761;0.0;0.0;0.0;0.0;0.0;0.0
1.0;1753877988.455986;18.487495;4.11;-4.26;113.68;-0.030554;0.974365;0.029655;0.0;0.0;0.0;0.0;0.0;0.0
1.0;1753877988.460584;18.466659;-5.18;-6.05;131.7;0.021364;0.978887;0.011364;0.0;0.0;0.0;0.0;0.0;0.0
1.0;1753877988.465182;18.499986;-2.54;-2.86;133.72;0.071755;1.048102;0.030853;0.0;0.0;0.0;0.0;0.0;0.0
1.0;1753877988.46978;18.480909;-1.07;-3.87;126.62;0.197867;1.103457;0.012987;0.0;0.0;0.0;0.0;0.0;0.0
1.0;1753877988.474378;18.49651;-0.01;-5.5;134.26;0.077581;1.135657;0.030083;0.0;0.0;0.0;0.0;0.0;0.0
1.0;1753877988.478976;18.443903;0.25;-6.5;134.1;0.158311;0.857356;0.01079;0.0;0.0;0.0;0.0;0.0;0.0
1.0;1753877988.483574;18.472137;-2.19;-3.23;137.03;0.099031;0.763513;0.016447;0.0;0.0;0.0;0.0;0.0;0.0
1.0;1753877988.488172;18.512725;2.09;-5.24;129.2;0.324146;0.971456;0.004247;0.0;0.0;0.0;0.0;0.0;0.0
1.0;1753877988.49277;18.429885;-1.74;-4.92;118.7;0.144597;1.010735;0.017265;0.0;0.0;0.0;0.0;0.0;0.0
1.0;1753877988.497368;18.473654;-3.38;-5.1;133.95;0.20974;0.801583;0.035543;0.0;0.0;0.0;0.0;0.0;0.0
1.0;1753877988.501965;18.418795;1.7;-5.2;135.14;0.179172;0.87789;0.025691;0.0;0.0;0.0;0.0;0.0;0.0
1.0;1753877988.506563;18.451352;0.07;-4.14;131.27;0.046006;0.876522;0.009651;0.0;0.0;0.0;0.0;0.0;0.0
1.0;1753877988.511161;18.490756;-2.48;-4.17;114.37;0.230889;0.832084;0.002058;0.0;0.0;0.0;0.0;0.0;0.0
1.0;1753877988.515759;18.42682;-1.05;-5.55;142.83;0.330083;0.926183;0.048975;0.0;0.0;0.0;0.0;0.0;0.0
1.0;1753877988.520357;18.467255;2.9;-4.49;130.52;0.39172;0.893617;0.012761;0.0;0.0;0.0;0.0;0.0;0.0
1.0;1753877988.524955;18.436377;-0.72;-3.71;136.72;0.461565;0.909511;-0.001345;0.0;0.0;0.0;0.0;0.0;0.0
1.0;1753877988.529553;18.492861;0.89;-2.78;125.64;0.087522;1.042407;0.049695;0.0;0.0;0.0;0.0;0.0;0.0
1.0;1753877988.53415;18.421084;-0.3;-7.43;125.11;0.103045;0.908896;0.026196;0.0;0.0;0.0;0.0;0.0;0.0
1.0;1753877988.538748;18.483663;0.4;-4.42;129.17;0.359957;0.963587;0.03061;0.0;0.0;0.0;0.0;0.0;0.0
1.0;1753877988.543346;18.461805;0.87;-5.99;134.53;0.216264;0.770078;0.010572;0.0;0.0;0.0;0.0;0.0;0.0
1.0;1753877988.547944;18.503781;0.14;-4.67;126.79;0.166571;1.355443;0.011899;0.0;0.0;0.0;0.0;0.0;0.0
1.0;1753877988.552542;18.493799;2.46;-5.43;129.74;0.302024;1.074343;-0.041477;0.0;0.0;0.0;0.0;0.0;0.0
1.0;1753877988.55714;18.472873;0.02;-6.39;137.99;0.169593;1.001801;-0.011029;0.0;0.0;0.0;0.0;0.0;0.0
1.0;1753877988.561738;18.483444;-1.17;-4.78;123.47;0.186743;0.791874;0.00675;0.0;0.0;0.0;0.0;0.0;0.0
1.0;1753877988.566336;18.504738;1.71;-3.84;128.12;0.164923;0.748138;-0.00762;0.0;0.0;0.0;0.0;0.0;0.0
1.0;1753877988.570934;18.446748;0.11;-5.57;133.36;0.25055;0.736218;0.032185;0.0;0.0;0.0;0.0;0.0;0.0
1.0;1753877988.575532;18.464663;-1.78;-4.22;126.48;0.205791;0.99688;0.016211;0.0;0.0;0.0;0.0;0.0;0.0
1.0;1753877988.58013;18.429387;-0.75;-3.98;132.35;-0.054658;0.752572;-0.040878;0.0;0.0;0.0;0.0;0.0;0.0
1.0;1753877988.584728;18.452982;1.14;-4.43;141.74;0.17213;0.842297;0.005119;0.0;0.0;0.0;0.0;0.0;0.0
1.0;1753877988.589326;18.427295;-0.36;-6.4;128.33;0.236886;0.915157;-0.025573;0.0;0.0;0.0;0.0;0.0;0.0
1.0;1753877988.593923;18.450811;1.49;-3.57;129.63;0.368997;1.070357;-0.011476;0.0;0.0;0.0;0.0;0.0;0.0
1.0;1753877988.598521;18.4568;1.28;-4.69;126.71;0.393704;0.774187;-0.058212;0.0;0.0;0.0;0.0;0.0;0.0
1.0;1753877988.603119;18.445091;-0.19;-7.19;129.35;0.452628;0.974888;0.041528;0.0;0.0;0.0;0.0;0.0;0.0
1.0;1753877988.607717;18.450529;-0.98;-4.08;131.51;0.06584;0.967905;0.009657;0.0;0.0;0.0;0.0;0.0;0.0
1.0;1753877988.612315;18.429721;0.86;-5.11;135.93;0.076823;0.974267;-0.033754;0.0;0.0;0.0;0.0;0.0;0.0
1.0;1753877988.616913;18.475998;-0.99;-4.09;131.09;0.290143;0.831087;0.008842;0.0;0.0;0.0;0.0;0.0;0.0
1.0;1753877988.621511;18.450674;3.98;-4.81;129.59;0.080247;0.967087;0.002833;0.0;0.0;0.0;0.0;0.0;0.0
1.0;1753877988.626109;18.41633;2.43;-4.01;132.8;0.098573;0.726192;-0.034805;0.0;0.0;0.0;0.0;0.0;0.0
1.0;1753877988.630706;18.445688;1.35;-2.25;131.06;0.383566;0.709169;0.031387;0.0;0.0;0.0;0.0;0.0;0.0
1.0;1753877988.635304;18.452026;-2.64;-4.99;132.1;0.139032;0.822182;-0.034255;0.0;0.0;0.0;0.0;0.0;0.0
1.0;1753877988.639902;18.442776;0.99;-4.35;127.94;0.204033;0.872986;-0.026832;0.0;0.0;0.0;0.0;0.0;0.0
1.0;1753877988.6445;18.433691;-0.26;-4.49;131.92;0.168554;0.729168;0.024436;0.0;0.0;0.0;0.0;0.0;0.0
1.0;1753877988.649098;18.457574;-1.66;-3.72;131.62;0.109999;0.955176;0.002781;0.0;0.0;0.0;0.0;0.0;0.0
1.0;1753877988.653696;18.485292;1.89;-5.01;134.17;0.144414;0.761752;0.023376;0.0;0.0;0.0;0.0;0.0;0.0
1.0;1753877988.658294;18.427797;0.08;-3.35;133.42;0.242002;0.575755;-0.04313;0.0;0.0;0.0;0.0;0.0;0.0
1.0;1753877988.662892;18.436236;-1.11;-4.53;107.93;0.236663;0.949589;0.029194;0.0;0.0;0.0;0.0;0.0;0.0
1.0;1753877988.66749;18.477878;-0.27;-2.84;121.99;0.247901;0.616782;0.013027;0.0;0.0;0.0;0.0;0.0;0.0
1.0;1753877988.672088;18.452608;-0.64;-3.75;125.57;0.024179;0.837032;-0.083921;0.0;0.0;0.0;0.0;0.0;0.0
1.0;1753877988.676686;18.459616;2.33;-5.89;125.99;0.077174;0.767749;0.011567;0.0;0.0;0.0;0.0;0.0;0.0
1.0;1753877988.681284;18.493785;1.93;-3.81;132.15;-0.086338;1.202306;-0.0317;0.0;0.0;0.0;0.0;0.0;0.0
1.0;1753877988.685882;18.446493;-0.08;-4.31;114.98;0.175992;1.165746;-0.004162;0.0;0.0;0.0;0.0;0.0;0.0
1.0;1753877988.690479;18.469184;-0.97;-4.07;133.01;0.214129;0.851518;0.01807;0.0;0.0;0.0;0.0;0.0;0.0
1.0;1753877988.695077;18.489849;0.61;-4.51;127.85;0.052129;1.19021;0.004889;0.0;0.0;0.0;0.0;0.0;0.0
1.0;1753877988.699675;18.461121;-1.15;-6.45;132.62;0.409145;0.854945;-0.031252;0.0;0.0;0.0;0.0;0.0;0.0
1.0;1753877988.704273;18.478365;0.2;-4.65;125.84;0.235926;0.933902;-0.023792;0.0;0.0;0.0;0.0;0.0;0.0
1.0;1753877988.708871;18.455407;1.49;-8.25;129.75;0.017695;1.003892;-0.052915;0.0;0.0;0.0;0.0;0.0;0.0
1.0;1753877988.713469;18.458232;3.76;-4.04;124.92;0.13828;0.922754;-0.021323;0.0;0.0;0.0;0.0;0.0;0.0
1.0;1753877988.718067;18.484733;0.09;-5.76;135.88;0.242928;0.774822;-0.025366;0.0;0.0;0.0;0.0;0.0;0.0
1.0;1753877988.722664;18.488652;0.3;-6.77;128.07;0.249451;0.767488;-0.028604;0.0;0.0;0.0;0.0;0.0;0.0
1.0;1753877988.727262;18.44937;-0.55;-4.46;126.99;0.271931;0.865841;0.039548;0.0;0.0;0.0;0.0;0.0;0.0
1.0;1753877988.73186;18.489943;-2.11;-1.96;122.33;0.182837;0.68001;-0.031842;0.0;0.0;0.0;0.0;0.0;0.0
1.0;1753877988.736458;18.481637;0.7;-3.36;135.16;0.313099;0.772111;-0.000856;0.0;0.0;0.0;0.0;0.0;0.0
1.0;1753877988.741056;18.419892;0.73;-3.5;127.87;0.060968;0.978822;0.004391;0.0;0.0;0.0;0.0;0.0;0.0
1.0;1753877988.748;18.449219;0.14;-4.48;128.17;0.178242;0.851438;-0.00732;0.0;0.0;0.0;0.0;0.0;0.0
1.0;1753877988.752598;18.489137;0.69;-4.66;123.36;0.148957;0.840567;0.00569;0.0;0.0;0.0;0.0;0.0;0.0
1.0;1753877988.757196;18.462058;-0.96;-3.43;136.38;0.417778;1.015284;-0.013512;0.0;0.0;0.0;0.0;0.0;0.0
1.0;1753877988.761794;18.472836;1.38;-5.27;122.25;0.138636;0.834893;0.010439;0.0;0.0;0.0;0.0;0.0;0.0
1.0;1753877988.766392;18.410165;0.64;-4.54;120.99;0.079019;0.794219;-0.016762;0.0;0.0;0.0;0.0;0.0;0.0
1.0;1753877988.77099;18.477464;-0.55;-4.62;126.48;0.132987;0.771963;-0.02995;0.0;0.0;0.0;0.0;0.0;0.0
1.0;1753877988.775587;18.415061;0.65;-3.22;127.97;0.217208;0.89743;-0.018277;0.0;0.0;0.0;0.0;0.0;0.0
1.0;1753877988.780185;18.468155;-0.34;-5.02;129.44;0.24794;0.941549;-0.014943;0.0;0.0;0.0;0.0;0.0;0.0
1.0;1753877988.784783;18.444877;3.62;-4.08;125.91;0.106857;0.741126;-0.012804;0.0;0.0;0.0;0.0;0.0;0.0
1.0;1753877988.789381;18.502453;0.37;-2.41;112.94;0.189564;0.706965;-0.020073;0.0;0.0;0.0;0.0;0.0;0.0
1.0;1753877988.793979;18.453338;-2.79;-5.27;123.44;0.158209;0.883286;-0.000417;0.0;0.0;0.0;0.0;0.0;0.0
1.0;1753877988.798577;18.48181;-1.48;-3.19;137.5;0.243162;0.996429;-0.031287;0.0;0.0;0.0;0.0;0.0;0.0
1.0;1753877988.803175;18.421444;0.5;-4.67;123.49;0.253729;0.877013;-0.013858;0.0;0.0;0.0;0.0;0.0;0.0
1.0;1753877988.807773;18.489744;-1.55;-4.92;123.65;0.195031;0.818937;-0.006534;0.0;0.0;0.0;0.0;0.0;0.0
1.0;1753877988.81237;18.455787;1.19;-3.3;126.78;0.091949;0.782936;-0.008457;0.0;0.0;0.0;0.0;0.0;0.0
1.0;1753877988.816968;18.444205;2.19;-3.58;117.25;0.121683;0.888178;-0.007415;0.0;0.0;0.0;0.0;0.0;0.0
1.0;1753877988.821566;18.461227;0.75;-2.45;130.13;0.388122;0.898817;-0.009711;0.0;0.0;0.0;0.0;0.0;0.0
1.0;1753877988.826164;18.475569;-0.54;-5.73;132.26;-0.110176;0.677551;0.002402;0.0;0.0;0.0;0.0;0.0;0.0
1.0;1753877988.830762;18.455287;-0.71;-5.09;133.39;0.159422;0.972874;-0.016194;0.0;0.0;0.0;0.0;0.0;0.0
1.0;1753877988.83536;18.457098;-0.82;-3.07;135.01;0.302178;0.892414;0.005299;0.0;0.0;0.0;0.0;0.0;0.0
1.0;1753877988.839958;18.4791;-1.82;-1.46;131.94;-0.268299;0.818592;0.032886;0.0;0.0;0.0;0.0;0.0;0.0
1.0;1753877988.844556;18.397732;0.38;-4.31;126.54;0.161591;0.861301;0.037263;0.0;0.0;0.0;0.0;0.0;0.0
1.0;1753877988.849154;18.487418;0.61;-1.59;130.37;0.14086;1.032655;0.001618;0.0;0.0;0.0;0.0;0.0;0.0
1.0;1753877988.853752;18.494689;-0.0;-6.39;125.56;-0.063093;0.754089;-0.005926;0.0;0.0;0.0;0.0;0.0;0.0
1.0;1753877988.85835;18.443434;0.64;-3.24;121.07;0.070787;0.782698;-0.013643;0.0;0.0;0.0;0.0;0.0;0.0
1.0;1753877988.862948;18.456905;-1.26;-3.16;139.86;0.442497;0.96397;-0.030374;0.0;0.0;0.0;0.0;0.0;0.0
1.0;1753877988.867545;18.383659;0.43;-4.04;139.08;0.260691;0.793687;-0.009882;0.0;0.0;0.0;0.0;0.0;0.0
1.0;1753877988.872143;18.468416;0.77;-4.08;122.81;0.305935;0.783315;0.038152;0.0;0.0;0.0;0.0;0.0;0.0
1.0;1753877988.876741;18.449853;-2.73;-2.5;147.05;-0.015502;1.126591;0.038206;0.0;0.0;0.0;0.0;0.0;0.0
1.0;1753877988.881339;18.470778;-0.67;-2.02;124.05;0.183438;0.87102;0.013764;0.0;0.0;0.0;0.0;0.0;0.0
1.0;1753877988.885937;18.45975;1.68;-4.33;132.14;0.359509;0.790808;0.029681;0.0;0.0;0.0;0.0;0.0;0.0
1.0;1753877988.890535;18.477966;-1.53;-4.58;131.79;0.224311;0.948442;-0.039173;0.0;0.0;0.0;0.0;0.0;0.0
1.0;1753877988.895133;18.451442;-1.37;-4.9;119.27;0.449887;1.088954;0.026641;0.0;0.0;0.0;0.0;0.0;0.0
1.0;1753877988.899731;18.446719;-0.18;-2.26;136.05;0.344081;0.942875;0.027329;0.0;0.0;0.0;0.0;0.0;0.0
1.0;1753877988.904328;18.457136;-0.77;-3.39;114.86;0.509615;1.003427;-0.009362;0.0;0.0;0.0;0.0;0.0;0.0
1.0;1753877988.908926;18.425223;1.17;-1.12;130.67;0.079317;0.86754;0.000435;0.0;0.0;0.0;0.0;0.0;0.0
1.0;1753877988.913524;18.489667;1.62;-1.79;123.55;0.40686;1.064314;0.015149;0.0;0.0;0.0;0.0;0.0;0.0
1.0;1753877988.918122;18.427155;-1.19;-2.78;123.36;0.086072;1.07496;0.011946;0.0;0.0;0.0;0.0;0.0;0.0
1.0;1753877988.92272;18.465279;0.76;-2.59;139.56;0.447015;0.774365;0.009359;0.0;0.0;0.0;0.0;0.0;0.0
1.0;1753877988.927318;18.365707;-2.22;-2.73;120.81;0.024254;0.925494;0.035624;0.0;0.0;0.0;0.0;0.0;0.0
1.0;1753877988.931916;18.475942;1.12;-0.91;118.31;0.186835;0.969333;-0.021639;0.0;0.0;0.0;0.0;0.0;0.0
1.0;1753877988.936514;18.446831;-1.54;-2.75;124.05;0.155879;0.808533;0.005738;0.0;0.0;0.0;0.0;0.0;0.0
1.0;1753877988.941112;18.445089;-1.81;-3.72;112.55;0.490245;1.013044;-0.017096;0.0;0.0;0.0;0.0;0.0;0.0
1.0;1753877988.94571;18.447073;-3.85;-2.78;130.57;0.121452;0.933301;-0.000918;0.0;0.0;0.0;0.0;0.0;0.0
1.0;1753877988.950308;18.403165;-4.57;-2.07;134.53;0.5872;0.925885;0.024994;0.0;0.0;0.0;0.0;0.0;0.0
1.0;1753877988.954906;18.404094;-0.62;-2.71;116.38;0.280712;1.014541;0.003121;0.0;0.0;0.0;0.0;0.0;0.0
1.0;1753877988.959504;18.489108;-0.28;-3.59;120.09;0.162177;1.139341;0.00353;0.0;0.0;0.0;0.0;0.0;0.0
1.0;1753877988.964101;18.41904;-0.54;-3.17;126.88;0.135939;0.639201;0.031991;0.0;0.0;0.0;0.0;0.0;0.0
1.0;1753877988.968699;18.466841;0.25;-3.54;122.71;0.316897;0.821272;0.000895;0.0;0.0;0.0;0.0;0.0;0.0
1.0;1753877988.973297;18.400296;-1.07;-4.19;135.54;0.374058;0.997129;0.02716;0.0;0.0;0.0;0.0;0.0;0.0
1.0;1753877988.9799;18.449219;-1.33;-3.29;128.59;0.240828;0.929396;0.020618;0.0;0.0;0.0;0.0;0.0;0.0
1.0;1753877988.98488;18.480469;-32.41;11.27;492.94;-1.358958;-0.760914;-0.393572;0.0;0.0;0.0;0.0;0.0;0.0
1.0;1753877988.98859;18.480469;-35.42;15.33;516.74;0.190686;1.596248;0.322202;0.0;0.0;0.0;0.0;0.0;0.0
1.0;1753877988.993188;18.515608;-36.59;-1.71;413.58;0.493421;0.991481;1.145045;0.0;65.1;0.0;0.0;0.2;0.0
1.0;1753877988.998462;18.480469;-24.15;15.75;459.76;-0.4209;1.09312;0.313296;0.0;136.0;0.0;0.0;1.0;0.0
1.0;1753877989.00306;18.507209;-22.43;0.09;537.35;-0.095334;1.299137;0.715685;0.0;133.9;0.0;0.0;1.2;0.0
1.0;1753877989.007658;18.452561;-28.91;19.72;349.47;-1.606586;1.193055;0.677599;0.0;110.8;0.0;0.0;0.8;0.0
1.0;1753877989.012256;18.451797;-23.49;14.5;400.83;0.496242;1.380679;0.248992;0.0;90.2;0.0;0.0;1.4;0.0
1.0;1753877989.016854;18.464721;-28.17;16.67;406.1;0.463732;1.599421;0.455109;0.0;138.9;0.0;0.0;0.3;0.0
1.0;1753877989.021452;18.500164;-17.55;15.05;446.2;-0.722684;1.115472;0.949345;0.0;218.7;0.0;0.0;1.5;0.0
1.0;1753877989.02605;18.458766;-26.81;16.47;441.99;-0.883508;0.88002;-0.206287;0.0;108.8;0.0;0.0;0.7;0.0
1.0;1753877989.030647;18.482674;-21.13;26.62;381.44;0.109755;2.207129;0.443024;0.0;134.2;0.0;0.0;1.3;0.0
1.0;1753877989.035245;18.476984;-16.2;15.44;343.76;-1.607636;0.419488;1.666937;0.0;112.3;0.0;0.0;0.7;0.0
1.0;1753877989.039843;18.472213;-27.9;9.27;374.6;0.331991;0.35671;0.257497;0.0;117.1;0.0;0.0;1.2;0.0
1.0;1753877989.044441;18.494961;-28.28;22.76;453.61;-2.00442;1.119482;-0.311735;0.0;139.0;0.0;0.0;1.1;0.0
1.0;1753877989.049039;18.46443;-14.38;3.19;431.86;-0.179415;1.894564;0.379574;0.0;184.8;0.0;0.0;1.1;0.0
1.0;1753877989.053637;18.456557;-30.72;23.92;430.85;0.27096;1.696839;-0.285398;0.0;67.3;0.0;0.0;1.1;0.0
1.0;1753877989.058235;18.488058;-19.51;17.2;504.25;-0.625412;1.286492;0.793137;0.0;117.3;0.0;0.0;1.1;0.0
1.0;1753877989.062832;18.526193;-31.77;12.19;499.6;-0.710391;1.232308;-0.238932;0.0;123.2;0.0;0.0;0.8;0.0
1.0;1753877989.06743;18.509129;-23.08;9.42;483.52;0.684495;0.826392;0.005925;0.0;143.0;0.0;0.0;1.1;0.0
1.0;1753877989.072028;18.458445;-19.06;6.02;374.07;0.044081;0.962883;-0.264225;0.0;119.8;0.0;0.0;1.4;0.0
1.0;1753877989.076626;18.45261;-22.74;17.11;490.17;-0.057841;-0.411374;0.925356;0.0;201.8;0.0;0.0;1.2;0.0
1.0;1753877989.081224;18.508814;-11.39;32.36;392.32;-0.018246;1.039696;0.520211;0.0;145.7;0.0;0.0;0.6;0.0
1.0;1753877989.085822;18.488131;-19.54;0.28;422.79;0.10592;0.574552;1.057846;0.0;104.8;0.0;0.0;1.5;0.0
1.0;1753877989.09042;18.457828;-20.64;20.11;482.14;-1.095812;0.829608;0.216787;0.0;134.3;0.0;0.0;1.3;0.0
1.0;1753877989.095018;18.489524;-31.98;22.24;536.35;-0.279356;1.645315;0.776283;0.0;27.6;0.0;0.0;0.4;0.0
1.0;1753877989.099616;18.484752;-9.88;5.2;320.37;-1.242673;0.930274;0.306246;0.0;80.2;0.0;0.0;1.2;0.0
1.0;1753877989.104214;18.429986;-33.07;17.55;378.42;-1.007643;0.374329;-0.289321;0.0;135.6;0.0;0.0;0.8;0.0
1.0;1753877989.108812;18.504324;-22.85;24.2;517.05;0.123718;-0.223866;0.800301;0.0;113.0;0.0;0.0;0.7;0.0
1.0;1753877989.11341;18.443464;-21.48;26.56;545.44;-0.21778;1.514556;-0.329565;0.0;96.6;0.0;0.0;1.1;0.0
1.0;1753877989.118008;18.487388;-30.4;12.84;465.17;0.192176;1.169554;0.314994;0.0;150.5;0.0;0.0;0.9;0.0
1.0;1753877989.122605;18.504858;-24.29;21.17;408.83;-1.14337;-0.104221;0.306225;0.0;19.8;0.0;0.0;1.4;0.0
1.0;1753877989.127203;18.455806;-10.23;6.64;423.86;-0.355779;-0.076974;1.047915;0.0;204.3;0.0;0.0;1.0;0.0
1.0;1753877989.131801;18.485165;-31.75;5.03;493.19;-0.319432;0.516772;0.318619;0.0;200.1;0.0;0.0;0.7;0.0
1.0;1753877989.136399;18.449303;-15.81;3.82;463.52;-0.267304;1.104248;0.395782;0.0;141.5;0.0;0.0;1.0;0.0
1.0;1753877989.140997;18.48558;-22.41;12.98;446.44;-0.124332;0.582626;0.509345;0.0;87.6;0.0;0.0;1.3;0.0
1.0;1753877989.145595;18.543033;-24.52;24.42;443.16;-0.592596;-0.65287;0.854384;0.0;153.4;0.0;0.0;0.5;0.0
1.0;1753877989.150193;18.489595;-14.4;23.57;400.53;-0.34483;0.167703;0.348826;0.0;210.3;0.0;0.0;1.3;0.0
1.0;1753877989.154791;18.511447;-22.44;26.87;513.64;0.613643;0.541063;0.799212;0.0;154.2;0.0;0.0;1.3;0.0
1.0;1753877989.159388;18.552745;-19.51;19.08;398.87;-0.201396;-0.025922;-0.004089;0.0;129.1;0.0;0.0;1.0;0.0
1.0;1753877989.163986;18.463718;-23.3;10.28;371.6;-0.769907;0.126011;0.408208;0.0;89.5;0.0;0.0;0.7;0.0
1.0;1753877989.168584;18.494406;-18.55;3.67;472.54;-1.133678;0.985519;0.102212;0.0;138.6;0.0;0.0;0.9;0.0
1.0;1753877989.173182;18.486865;-17.84;-7.99;381.81;-1.942236;0.836884;0.237726;0.0;89.9;0.0;0.0;1.1;0.0
1.0;1753877989.17778;18.451007;-32.11;15.21;241.57;-2.295452;1.561159;0.269156;0.0;206.7;0.0;0.0;0.3;0.0
1.0;1753877989.182378;18.463534;-18.66;-10.44;293.4;0.392504;0.297416;0.381282;0.0;204.1;0.0;0.0;1.2;0.0
1.0;1753877989.186976;18.486487;-17.85;7.39;442.51;-0.504954;-0.004741;0.739562;0.0;110.4;0.0;0.0;1.0;0.0
1.0;1753877989.191574;18.528779;-19.42;11.8;468.73;-0.33136;0.543997;1.458387;0.0;99.8;0.0;0.0;1.2;0.0
1.0;1753877989.196172;18.510487;-23.84;-9.64;472.41;-0.112788;0.474531;-0.422397;0.0;175.0;0.0;0.0;1.5;0.0
1.0;1753877989.20077;18.468412;-24.0;9.99;446.14;-1.732546;0.586818;-0.16333;0.0;170.7;0.0;0.0;1.0;0.0
1.0;1753877989.205368;18.498141;-25.14;13.15;442.7;-0.594415;1.035489;0.092963;0.0;156.1;0.0;0.0;1.6;0.0
1.0;1753877989.209966;18.471361;-15.44;21.22;503.21;-0.444312;1.905768;0.288541;0.0;78.0;0.0;0.0;0.5;0.0
1.0;1753877989.214563;18.500588;-21.43;-1.39;511.7;-0.3991;0.520402;1.018801;0.0;189.5;0.0;0.0;1.0;0.0
1.0;1753877989.2213;18.480469;-22.05;8.61;453.6;-0.973194;0.517768;0.21899;0.0;136.0;0.0;0.0;1.0;0.0
1.0;1753877989.225898;18.497188;-20.37;19.87;422.87;0.360171;1.273452;-0.876857;0.0;243.7;0.0;0.0;1.7;0.0
1.0;1753877989.230496;18.501216;-16.47;1.48;443.92;-0.765131;0.352175;0.093063;0.0;88.5;0.0;0.0;0.5;0.0
1.0;1753877989.235094;18.482312;-23.06;-0.72;440.47;-0.692447;-0.024923;0.798754;0.0;77.6;0.0;0.0;0.3;0.0
1.0;1753877989.239692;18.507158;-25.45;7.67;557.08;-0.522118;1.271352;-0.161299;0.0;114.0;0.0;0.0;2.1;0.0
1.0;1753877989.24429;18.535297;-18.92;14.45;474.85;-0.283796;0.654673;0.187796;0.0;172.3;0.0;0.0;0.6;0.0
1.0;1753877989.25256;18.539062;-20.02;8.89;470.89;-0.903654;0.38369;0.130906;0.0;136.0;0.0;0.0;1.0;0.0
1.0;1753877989.257158;18.558393;-18.69;16.17;484.27;0.030673;0.220534;0.087201;0.0;62.4;0.0;0.0;-0.0;0.0
1.0;1753877989.261756;18.55256;-18.49;3.96;519.2;-1.484861;0.220952;0.468519;0.0;163.8;0.0;0.0;1.8;0.0
1.0;1753877989.266354;18.52437;-20.14;16.5;502.83;-0.854608;-0.042577;0.829508;0.0;250.7;0.0;0.0;0.9;0.0
1.0;1753877989.270952;18.523672;-6.59;3.82;379.26;-0.681965;0.36316;0.521988;0.0;138.9;0.0;0.0;0.9;0.0
1.0;1753877989.27555;18.553035;-30.7;15.44;495.85;-0.40074;-0.584758;-1.233348;0.0;89.4;0.0;0.0;1.1;0.0
1.0;1753877989.280147;18.538873;-19.09;19.9;574.74;1.132168;0.696875;0.505403;0.0;230.0;0.0;0.0;0.2;0.0
1.0;1753877989.284745;18.558262;-32.88;30.7;515.04;-0.137137;0.30972;-0.028073;0.0;154.3;0.0;0.0;0.7;0.0
1.0;1753877989.289343;18.604396;-20.26;16.79;484.51;-0.471089;0.618953;0.94745;0.0;168.5;0.0;0.0;1.1;0.0
1.0;1753877989.29678;18.539062;-20.37;17.85;495.6;-0.330742;0.841556;0.342576;0.0;136.0;0.0;0.0;1.0;0.0
1.0;1753877989.301378;18.500487;-15.22;21.36;368.57;-0.623802;0.907769;0.060528;0.0;70.2;0.0;0.0;1.4;0.0
1.0;1753877989.305976;18.53182;-11.73;20.97;451.5;-0.096937;1.060195;1.084128;0.0;99.3;0.0;0.0;0.9;0.0
1.0;1753877989.310574;18.483916;-8.3;21.01;524.54;-1.177921;1.931062;0.772453;0.0;175.4;0.0;0.0;0.9;0.0
1.0;1753877989.315172;18.549707;-17.25;14.31;430.15;-0.145023;0.783162;0.190161;0.0;58.2;0.0;0.0;1.8;0.0
1.0;1753877989.31977;18.584403;-23.18;11.21;422.32;-0.563036;0.653749;0.131316;0.0;32.0;0.0;0.0;1.3;0.0
1.0;1753877989.324368;18.510227;-16.33;12.68;538.42;-0.167388;1.363849;-0.415395;0.0;63.8;0.0;0.0;-0.1;0.0
1.0;1753877989.328966;18.557682;-13.16;21.94;329.7;-1.141589;1.587569;-0.128993;0.0;181.9;0.0;0.0;1.0;0.0
1.0;1753877989.333563;18.540583;-8.44;18.45;520.79;-0.422346;0.777511;-0.550387;0.0;86.2;0.0;0.0;0.7;0.0
1.0;1753877989.338161;18.573925;-31.18;18.16;530.57;-0.65904;1.721549;0.164662;0.0;51.8;0.0;0.0;1.5;0.0
1.0;1753877989.34246;18.539062;-15.89;14.21;483.35;-0.690398;1.40483;0.078202;0.0;136.0;0.0;0.0;1.0;0.0
1.0;1753877989.347058;18.526826;-11.95;11.81;531.45;-0.26588;2.034888;0.253058;0.0;23.0;0.0;0.0;0.3;0.0
1.0;1753877989.351656;18.486526;-20.58;12.74;527.79;-1.190309;0.40651;0.422813;0.0;91.3;0.0;0.0;0.4;0.0
1.0;1753877989.356254;18.505344;2.04;14.47;508.38;-0.443278;1.253882;0.591624;0.0;63.9;0.0;0.0;0.5;0.0
1.0;1753877989.360852;18.559807;-7.0;29.3;545.51;-0.647801;0.391588;0.490811;0.0;160.9;0.0;0.0;1.9;0.0
1.0;1753877989.36545;18.556721;-14.43;13.33;396.05;-0.780387;0.558117;0.082661;0.0;213.5;0.0;0.0;0.3;0.0
1.0;1753877989.370047;18.494065;-23.85;26.22;560.41;-0.577783;1.562533;-0.229823;0.0;148.9;0.0;0.0;1.0;0.0
1.0;1753877989.374645;18.542935;-16.16;-2.2;435.64;-0.486084;1.574779;-0.103134;0.0;166.2;0.0;0.0;0.7;0.0
1.0;1753877989.379243;18.588018;-21.29;22.83;494.44;-0.189673;0.277881;0.433205;0.0;157.0;0.0;0.0;1.5;0.0
1.0;1753877989.383841;18.552697;-8.17;0.95;556.32;-0.160726;-0.69546;0.220565;0.0;169.5;0.0;0.0;0.4;0.0
1.0;1753877989.38822;18.539062;-15.89;16.59;488.32;-0.425292;0.58987;0.114924;0.0;136.0;0.0;0.0;1.0;0.0
1.0;1753877989.392818;18.534025;-13.37;13.05;594.16;-0.397641;0.468555;0.071272;0.0;180.0;0.0;0.0;0.3;0.0
1.0;1753877989.397416;18.576282;-9.08;13.68;552.72;-1.566006;1.378844;0.132693;0.0;132.6;0.0;0.0;1.2;0.0
1.0;1753877989.402014;18.504601;-9.98;22.15;443.75;-0.50524;0.518518;0.473715;0.0;-22.4;0.0;0.0;0.8;0.0
1.0;1753877989.406612;18.543116;-15.31;16.65;535.93;0.487614;0.552474;-0.950017;0.0;112.0;0.0;0.0;1.2;0.0
1.0;1753877989.41121;18.506606;-21.45;15.18;495.93;-0.474396;0.55778;-0.811994;0.0;113.3;0.0;0.0;1.3;0.0
1.0;1753877989.415808;18.533458;-20.76;23.07;589.59;-0.568619;-0.238643;-0.147051;0.0;-13.6;0.0;0.0;0.6;0.0
1.0;1753877989.420406;18.536428;-24.69;17.36;521.57;-0.846906;-0.650806;0.200086;0.0;179.7;0.0;0.0;0.3;0.0
1.0;1753877989.425003;18.541331;-22.36;10.6;508.38;0.001338;1.398228;0.274796;0.0;0.3;0.0;0.0;0.9;0.0
1.0;1753877989.429601;18.519521;-4.28;17.54;479.41;-0.330886;0.189231;-1.04215;0.0;97.9;0.0;0.0;0.9;0.0
1.0;1753877989.434199;18.497713;-26.36;12.13;512.99;-0.221356;1.11832;0.202645;0.0;-4.0;0.0;0.0;0.3;0.0
1.0;1753877989.438797;18.594458;-19.33;19.2;453.86;-0.170221;0.464432;-0.35753;0.0;65.8;0.0;0.0;0.4;0.0
1.0;1753877989.443395;18.536363;-8.47;10.36;558.34;0.29103;1.080024;0.338758;0.0;-141.6;0.0;0.0;0.1;0.0
1.0;1753877989.447993;18.501516;-21.1;24.49;522.52;-0.095876;1.541581;0.474324;0.0;49.7;0.0;0.0;-0.9;0.0
1.0;1753877989.452591;18.543785;-9.23;10.8;561.11;0.77146;0.845163;0.507893;0.0;39.8;0.0;0.0;0.5;0.0
1.0;1753877989.45902;18.53125;-13.51;15.61;504.42;0.060512;0.738832;0.069418;0.0;0.0;0.0;0.0;0.0;0.0
1.0;1753877989.463618;18.504768;-23.24;21.29;542.48;0.253355;-0.135123;-0.071508;0.0;100.6;0.0;0.0;0.0;0.0
1.0;1753877989.468216;18.5108;-12.29;25.85;576.68;0.576166;0.905307;0.553926;0.0;51.8;0.0;0.0;-0.1;0.0
1.0;1753877989.472814;18.490554;-12.35;19.18;579.09;-1.21432;0.524571;0.274337;0.0;48.8;0.0;0.0;-0.1;0.0
1.0;1753877989.48107;18.53125;-12.81;12.88;547.26;0.060512;0.738832;0.069418;0.0;0.0;0.0;0.0;0.0;0.0
1.0;1753877989.485668;18.539447;-10.15;7.31;595.65;0.872775;1.213571;-0.295765;0.0;-40.4;0.0;0.0;0.6;0.0
1.0;1753877989.490266;18.588374;-31.19;9.93;525.86;-0.340716;0.492388;0.426328;0.0;76.6;0.0;0.0;-0.7;0.0
1.0;1753877989.494864;18.586425;-7.49;10.46;536.37;0.372897;1.052999;-0.545291;0.0;-36.2;0.0;0.0;-0.0;0.0
1.0;1753877989.499462;18.512581;-9.65;10.96;469.13;0.424059;0.234841;-0.707981;0.0;102.6;0.0;0.0;0.1;0.0
1.0;1753877989.50406;18.528664;-0.9;25.67;534.08;0.904596;0.547351;-1.106468;0.0;-74.5;0.0;0.0;-0.3;0.0
1.0;1753877989.508658;18.562585;-6.65;37.47;503.21;0.104028;1.914211;-0.012529;0.0;94.8;0.0;0.0;-0.3;0.0
1.0;1753877989.513255;18.518518;-3.92;13.07;580.99;0.685609;1.796485;-0.358494;0.0;-6.1;0.0;0.0;0.1;0.0
1.0;1753877989.517853;18.533489;6.88;31.04;597.0;-0.232874;2.042916;-0.352301;0.0;-71.6;0.0;0.0;-0.5;0.0
1.0;1753877989.522451;18.511844;-12.65;26.89;535.69;-0.18677;1.975555;0.547434;0.0;-45.5;0.0;0.0;0.1;0.0
1.0;1753877989.527049;18.555982;-17.72;14.0;658.53;-0.523089;2.078549;0.015815;0.0;-99.5;0.0;0.0;-1.1;0.0
1.0;1753877989.53402;18.53125;-4.2;26.6;523.18;0.236314;1.603812;-0.184586;0.0;0.0;0.0;0.0;0.0;0.0
1.0;1753877989.538618;18.496137;-1.32;31.59;532.12;0.714251;2.115601;-1.141305;0.0;111.7;0.0;0.0;-0.4;0.0
1.0;1753877989.543216;18.542886;-17.77;15.97;481.77;-0.61761;1.614414;-0.301162;0.0;-183.9;0.0;0.0;0.4;0.0
1.0;1753877989.547814;18.49373;-11.39;22.9;474.37;0.701002;2.03333;-0.211656;0.0;49.7;0.0;0.0;0.1;0.0
1.0;1753877989.552412;18.488627;0.61;43.1;482.57;0.418686;0.910017;-0.037032;0.0;-73.9;0.0;0.0;0.1;0.0
1.0;1753877989.55701;18.556684;-21.55;16.18;517.86;0.281385;1.159212;0.211936;0.0;10.4;0.0;0.0;-0.3;0.0
1.0;1753877989.561607;18.559132;-9.81;27.01;514.89;0.628314;2.09227;-0.338664;0.0;-61.2;0.0;0.0;-1.1;0.0
1.0;1753877989.566205;18.523398;-2.29;7.0;536.93;0.425793;1.238307;-0.200142;0.0;-67.4;0.0;0.0;0.4;0.0
1.0;1753877989.570803;18.518017;-9.3;24.63;465.33;-0.852282;2.445363;-0.025465;0.0;67.3;0.0;0.0;0.4;0.0
1.0;1753877989.575401;18.546789;-4.76;8.17;532.18;-1.277212;0.905439;0.21635;0.0;19.7;0.0;0.0;-0.6;0.0
1.0;1753877989.579999;18.543015;-8.55;10.92;520.63;-0.349376;1.265499;0.571532;0.0;71.2;0.0;0.0;0.5;0.0
1.0;1753877989.584597;18.533445;-0.95;16.07;448.3;-0.283444;2.068165;0.14034;0.0;14.0;0.0;0.0;0.7;0.0
1.0;1753877989.589195;18.491357;-15.32;9.68;388.19;-0.538662;1.769736;0.026722;0.0;19.9;0.0;0.0;-0.5;0.0
1.0;1753877989.593793;18.542115;-4.6;20.39;435.85;-0.635631;1.020582;0.401827;0.0;-55.4;0.0;0.0;-0.5;0.0
1.0;1753877989.59839;18.48889;0.93;4.75;562.07;-1.103443;0.856287;0.293365;0.0;-49.5;0.0;0.0;0.5;0.0
1.0;1753877989.602988;18.5626;2.91;14.17;558.6;-1.617108;1.065192;-0.041612;0.0;-85.3;0.0;0.0;0.7;0.0
1.0;1753877989.607586;18.524799;5.98;9.7;447.74;-1.588489;1.37587;1.252791;0.0;146.9;0.0;0.0;0.3;0.0
1.0;1753877989.6132;18.53125;-3.01;9.59;471.24;-1.087142;1.55855;0.371002;0.0;0.0;0.0;0.0;0.0;0.0
1.0;1753877989.6163;18.523438;-19.95;17.5;500.5;0.178852;0.858758;0.371978;0.0;0.0;0.0;0.0;0.0;0.0
1.0;1753877989.620898;18.510165;-23.73;23.98;476.28;-0.557551;0.039716;0.63648;0.0;-36.5;0.0;0.0;0.8;0.0
1.0;1753877989.625496;18.524586;-15.57;22.16;498.84;0.606242;1.499632;-0.063302;0.0;-16.1;0.0;0.0;-0.1;0.0
1.0;1753877989.630094;18.538454;-27.95;8.89;532.24;-0.360803;0.583945;0.022104;0.0;76.9;0.0;0.0;0.2;0.0
1.0;1753877989.634692;18.512839;-25.59;14.68;484.72;0.685864;1.24732;0.689656;0.0;-135.2;0.0;0.0;0.6;0.0
1.0;1753877989.63929;18.538128;-31.31;13.6;504.57;-0.808853;1.235519;0.444693;0.0;24.7;0.0;0.0;0.1;0.0
1.0;1753877989.643888;18.514082;-21.18;21.35;477.65;0.284552;0.397224;0.221049;0.0;-5.7;0.0;0.0;-0.1;0.0
1.0;1753877989.648486;18.544035;-22.02;10.39;484.16;0.101466;1.054339;0.404329;0.0;7.6;0.0;0.0;0.4;0.0
1.0;1753877989.653083;18.486197;-15.32;25.16;565.12;-0.134559;-0.006585;0.321753;0.0;-104.6;0.0;0.0;0.7;0.0
1.0;1753877989.657681;18.560715;-17.75;6.8;480.04;0.063489;0.445627;-0.034064;0.0;69.1;0.0;0.0;-0.0;0.0
1.0;1753877989.66471;18.523438;-17.22;13.72;519.54;-0.395158;0.820328;0.111264;0.0;0.0;0.0;0.0;0.0;0.0
1.0;1753877989.669308;18.569961;-9.76;14.33;515.81;-0.716869;0.276869;0.475359;0.0;63.2;0.0;0.0;0.6;0.0
1.0;1753877989.673906;18.544833;-20.57;17.01;544.97;-0.889615;1.018921;-0.400605;0.0;-40.1;0.0;0.0;-0.4;0.0
1.0;1753877989.678504;18.521717;-22.18;14.97;456.43;-0.068029;0.869897;-0.15825;0.0;104.1;0.0;0.0;-0.1;0.0
1.0;1753877989.683102;18.497081;-5.22;8.95;552.03;-0.09713;1.010321;0.437707;0.0;75.4;0.0;0.0;-0.3;0.0
1.0;1753877989.6877;18.503893;-8.52;17.16;524.57;-0.191779;0.934416;0.176134;0.0;-33.6;0.0;0.0;-0.2;0.0
1.0;1753877989.692298;18.530342;1.7;12.22;555.88;-0.743426;2.464345;-0.344695;0.0;5.4;0.0;0.0;0.5;0.0
1.0;1753877989.696895;18.490048;-7.58;11.79;486.26;-1.077281;0.986202;-0.014078;0.0;31.5;0.0;0.0;0.0;0.0
1.0;1753877989.701493;18.503472;5.54;11.5;501.75;-0.421786;1.640723;0.148515;0.0;93.3;0.0;0.0;0.4;0.0
1.0;1753877989.70729;18.523438;-10.43;17.71;520.87;-0.395158;0.820328;0.111264;0.0;0.0;0.0;0.0;0.0;0.0
1.0;1753877989.711888;18.516962;-15.86;28.59;508.01;-0.046908;1.027841;-0.163761;0.0;47.6;0.0;0.0;-0.1;0.0
1.0;1753877989.716486;18.530628;-20.17;15.19;561.81;-0.865867;1.428962;-0.108348;0.0;10.2;0.0;0.0;-0.9;0.0
1.0;1753877989.721084;18.508497;-16.91;12.74;487.12;-0.592699;0.2261;-0.219963;0.0;24.0;0.0;0.0;-0.1;0.0
1.0;1753877989.725682;18.469617;-8.97;19.08;543.63;-0.676588;0.500269;0.22008;0.0;48.7;0.0;0.0;-0.2;0.0
1.0;1753877989.73028;18.542188;-8.16;19.22;487.26;-0.740397;1.385745;0.311429;0.0;-8.5;0.0;0.0;0.1;0.0
1.0;1753877989.734877;18.513519;-15.16;17.88;520.08;-0.411914;1.116235;0.93379;0.0;-77.9;0.0;0.0;0.8;0.0
1.0;1753877989.739475;18.530678;-13.87;16.28;492.98;-0.087939;0.83241;-0.03212;0.0;73.4;0.0;0.0;0.6;0.0
1.0;1753877989.744073;18.503139;-9.23;18.52;508.39;-0.510054;1.324463;0.708728;0.0;-72.8;0.0;0.0;0.1;0.0
1.0;1753877989.748671;18.551583;-10.77;10.74;533.67;-0.261209;0.942407;-0.095423;0.0;61.5;0.0;0.0;0.3;0.0
1.0;1753877989.75595;18.523438;-5.81;15.26;506.24;-0.16897;1.228296;0.182634;0.0;0.0;0.0;0.0;0.0;0.0
1.0;1753877989.760548;18.539305;17.06;19.85;520.84;-0.784143;0.532406;0.400144;0.0;13.7;0.0;0.0;0.0;0.0
1.0;1753877989.765146;18.520858;1.84;15.93;445.77;0.058824;1.634717;0.351445;0.0;-57.5;0.0;0.0;0.3;0.0
1.0;1753877989.769744;18.546201;15.02;13.19;553.26;0.1129;0.994453;0.209815;0.0;30.6;0.0;0.0;-0.1;0.0
1.0;1753877989.774342;18.555116;7.44;13.32;509.29;1.276021;1.434222;-0.01486;0.0;-94.4;0.0;0.0;-0.6;0.0
1.0;1753877989.77894;18.529153;11.49;17.52;492.6;-0.16309;0.793925;0.004285;0.0;104.3;0.0;0.0;-0.4;0.0
1.0;1753877989.783538;18.522349;12.03;23.14;507.77;0.470161;1.729879;0.224431;0.0;22.2;0.0;0.0;-0.5;0.0
1.0;1753877989.788135;18.488072;-9.52;17.37;473.83;-0.878569;1.006901;0.091622;0.0;-39.4;0.0;0.0;0.0;0.0
1.0;1753877989.792733;18.529662;-7.92;11.72;493.33;0.719707;1.229781;0.270512;0.0;28.0;0.0;0.0;0.3;0.0
1.0;1753877989.79976;18.53125;-1.05;17.29;500.71;-0.055022;1.181692;0.159454;0.0;0.0;0.0;0.0;0.0;0.0
1.0;1753877989.804358;18.532545;-5.89;20.26;504.96;0.38453;1.270521;-0.060743;0.0;-137.0;0.0;0.0;-0.3;0.0
1.0;1753877989.808956;18.523782;-0.9;12.37;475.75;0.765272;1.042739;-0.038774;0.0;76.0;0.0;0.0;-0.5;0.0
1.0;1753877989.813554;18.569722;0.9;14.25;526.97;0.850974;1.640633;0.128856;0.0;-119.4;0.0;0.0;-0.7;0.0
1.0;1753877989.818152;18.547278;5.13;18.39;491.63;0.286986;-0.031082;0.237645;0.0;27.2;0.0;0.0;-0.4;0.0
1.0;1753877989.82275;18.526489;-1.13;11.2;522.15;0.125127;0.963919;0.234065;0.0;20.6;0.0;0.0;0.3;0.0
1.0;1753877989.827348;18.568112;-11.2;21.5;479.32;-0.205798;1.554453;0.215004;0.0;31.1;0.0;0.0;0.1;0.0
1.0;1753877989.831946;18.549044;-3.51;12.61;538.57;0.70517;0.574804;0.445911;0.0;6.7;0.0;0.0;0.2;0.0
1.0;1753877989.836543;18.531561;-1.86;23.87;504.25;-0.694452;0.708432;0.358722;0.0;19.8;0.0;0.0;0.1;0.0
1.0;1753877989.841141;18.526103;7.38;14.85;512.96;-0.418241;1.302957;0.32313;0.0;-68.9;0.0;0.0;0.2;0.0
1.0;1753877989.84545;18.53125;-4.55;15.68;503.16;0.073688;0.91378;0.190076;0.0;0.0;0.0;0.0;0.0;0.0
1.0;1753877989.850048;18.525869;3.68;14.87;497.03;-0.26165;1.006796;0.431522;0.0;59.7;0.0;0.0;0.4;0.0
1.0;1753877989.854646;18.527402;6.24;16.93;488.19;-0.716349;0.473812;0.358834;0.0;-40.2;0.0;0.0;-0.5;0.0
1.0;1753877989.859244;18.510311;-0.48;19.96;487.42;-0.291761;1.106683;0.17041;0.0;-30.9;0.0;0.0;-1.4;0.0
1.0;1753877989.863842;18.48116;1.11;21.32;537.6;0.428718;1.1971;0.12084;0.0;-14.7;0.0;0.0;0.6;0.0
1.0;1753877989.86844;18.539556;5.84;18.12;548.9;0.071044;1.391427;0.101751;0.0;27.1;0.0;0.0;-0.6;0.0
1.0;1753877989.873037;18.542987;-19.76;16.68;488.69;-0.401444;0.065885;0.178116;0.0;61.3;0.0;0.0;-0.0;0.0
1.0;1753877989.877635;18.523894;-15.28;18.01;533.22;-0.246026;1.380025;0.147335;0.0;95.8;0.0;0.0;-0.5;0.0
1.0;1753877989.882233;18.542404;-13.36;13.61;467.6;-0.461883;0.149355;0.228927;0.0;29.7;0.0;0.0;-0.1;0.0
1.0;1753877989.886831;18.527976;-6.97;21.41;525.58;-0.168276;0.710878;0.30011;0.0;13.9;0.0;0.0;0.9;0.0
1.0;1753877989.89131;18.53125;-6.58;17.15;511.56;-0.14396;0.921466;0.169946;0.0;0.0;0.0;0.0;0.0;0.0
1.0;1753877989.895908;18.538004;-7.83;20.19;545.41;-0.136946;0.849166;0.07101;0.0;17.0;0.0;0.0;0.0;0.0
1.0;1753877989.900506;18.534009;-12.84;23.76;507.44;-0.018041;0.616572;0.081978;0.0;-33.2;0.0;0.0;0.4;0.0
1.0;1753877989.905104;18.535204;-7.24;19.05;567.86;0.664148;1.476066;0.308394;0.0;-36.8;0.0;0.0;0.1;0.0
1.0;1753877989.909702;18.567123;-1.67;10.84;513.16;0.332523;0.521048;0.357765;0.0;-179.7;0.0;0.0;-0.1;0.0
1.0;1753877989.9143;18.549453;0.3;20.17;508.22;0.206344;1.195262;-0.016841;0.0;-43.4;0.0;0.0;-0.2;0.0
1.0;1753877989.918898;18.532466;-13.06;8.18;487.59;0.246421;1.428137;0.287983;0.0;-10.7;0.0;0.0;0.3;0.0
1.0;1753877989.923495;18.523794;2.58;27.76;525.53;0.37008;0.901685;-0.144391;0.0;-19.0;0.0;0.0;0.3;0.0
1.0;1753877989.928093;18.531224;-5.79;24.7;493.22;0.746826;1.570734;0.209915;0.0;-29.6;0.0;0.0;-0.9;0.0
1.0;1753877989.932691;18.534631;1.81;20.3;514.8;-0.542588;1.172056;0.081923;0.0;-38.5;0.0;0.0;0.1;0.0
1.0;1753877989.93847;18.53125;-5.81;18.48;517.58;0.27084;1.252696;0.12078;0.0;0.0;0.0;0.0;0.0;0.0
1.0;1753877989.943068;18.528671;-7.26;10.39;545.08;-0.149584;1.720178;0.313279;0.0;124.3;0.0;0.0;0.5;0.0
1.0;1753877989.947666;18.516105;-0.7;18.81;505.5;0.603323;1.635443;-0.018562;0.0;142.7;0.0;0.0;0.2;0.0
1.0;1753877989.952264;18.519047;-1.94;16.45;500.36;0.440414;1.402361;0.053565;0.0;18.2;0.0;0.0;1.0;0.0
1.0;1753877989.956862;18.52058;-5.04;18.57;520.05;0.378583;1.442172;-0.183996;0.0;-42.5;0.0;0.0;0.1;0.0
1.0;1753877989.96146;18.519013;-6.36;14.06;508.61;0.359404;1.054864;-0.153175;0.0;50.8;0.0;0.0;0.0;0.0
1.0;1753877989.966057;18.524633;-4.7;19.94;474.03;0.257803;0.878478;0.089794;0.0;-29.0;0.0;0.0;-0.1;0.0
1.0;1753877989.970655;18.510769;14.62;23.34;517.61;0.629544;0.663829;0.146079;0.0;26.8;0.0;0.0;-0.2;0.0
1.0;1753877989.975253;18.520174;-5.26;19.13;520.44;-0.088895;1.286657;0.231752;0.0;-87.3;0.0;0.0;-0.8;0.0
1.0;1753877989.98256;18.523438;-1.68;16.52;514.64;0.104066;0.921466;0.150182;0.0;0.0;0.0;0.0;0.0;0.0
1.0;1753877989.985432;18.507812;1.96;-1.61;-17.57;-0.976732;0.153354;0.003782;0.0;0.0;0.0;0.0;0.0;0.0
1.0;1753877989.992776;18.507812;2.31;-1.61;-17.64;-0.996008;0.136518;0.011102;0.0;0.0;0.0;0.0;0.0;0.0
1.0;1753877989.995027;18.488281;2.45;-1.54;-16.94;-0.991372;0.076982;0.015982;0.0;0.0;0.0;0.0;0.0;0.0
1.0;1753877989.999175;18.488281;1.68;-1.47;-15.26;-0.984052;0.118706;0.005124;0.0;0.0;0.0;0.0;0.0;0.0
1.0;1753877990.003773;18.493162;1.89;-1.71;-16.61;-0.967563;0.022112;-0.002405;0.0;0.0;0.0;0.0;0.0;0.0
1.0;1753877990.008371;18.525382;0.56;-1.1;-13.81;-0.970321;0.078428;0.01189;0.0;0.0;0.0;0.0;0.0;0.0
1.0;1753877990.012969;18.484961;2.08;-1.28;-13.08;-0.966202;0.099497;-0.002083;0.0;0.0;0.0;0.0;0.0;0.0
1.0;1753877990.017567;18.497819;2.86;-1.61;-17.17;-0.965288;0.101093;0.010056;0.0;0.0;0.0;0.0;0.0;0.0
1.0;1753877990.022164;18.486065;0.05;-1.58;-14.67;-0.962373;0.121784;0.007113;0.0;0.0;0.0;0.0;0.0;0.0
1.0;1753877990.026762;18.499851;1.0;-1.53;-16.44;-0.995771;0.112101;-0.008207;0.0;0.0;0.0;0.0;0.0;0.0
1.0;1753877990.03136;18.458527;1.45;-1.73;-13.46;-0.98601;0.059887;-0.001739;0.0;0.0;0.0;0.0;0.0;0.0
1.0;1753877990.035958;18.512339;2.34;-1.2;-18.11;-0.989375;0.19491;0.018874;0.0;0.0;0.0;0.0;0.0;0.0
1.0;1753877990.040556;18.488662;1.99;-1.19;-18.53;-0.996085;0.131486;-0.002195;0.0;0.0;0.0;0.0;0.0;0.0
1.0;1753877990.045154;18.497157;2.21;-1.8;-15.66;-0.998286;0.107405;0.008132;0.0;0.0;0.0;0.0;0.0;0.0
1.0;1753877990.049752;18.486559;1.45;-1.06;-17.59;-1.011391;0.119211;-0.010949;0.0;0.0;0.0;0.0;0.0;0.0
1.0;1753877990.05435;18.490563;1.05;-1.84;-15.98;-0.982128;0.121598;-0.00293;0.0;0.0;0.0;0.0;0.0;0.0
1.0;1753877990.058948;18.458496;1.35;-1.3;-15.62;-0.950469;0.142213;0.002345;0.0;0.0;0.0;0.0;0.0;0.0
1.0;1753877990.063546;18.484443;1.03;-1.3;-14.27;-0.993575;0.02984;-0.002771;0.0;0.0;0.0;0.0;0.0;0.0
1.0;1753877990.068144;18.450599;-0.28;-1.32;-14.05;-0.998769;0.150249;-0.003937;0.0;0.0;0.0;0.0;0.0;0.0
1.0;1753877990.072742;18.513781;2.4;-1.5;-15.39;-0.968609;0.146275;0.004716;0.0;0.0;0.0;0.0;0.0;0.0
1.0;1753877990.07734;18.498114;2.0;-1.41;-16.74;-0.971583;0.046318;0.008385;0.0;0.0;0.0;0.0;0.0;0.0
1.0;1753877990.081937;18.445153;2.38;-1.48;-12.65;-0.960312;0.063377;-0.011136;0.0;0.0;0.0;0.0;0.0;0.0
1.0;1753877990.086535;18.433801;1.04;-1.53;-14.81;-1.002145;0.112659;0.015819;0.0;0.0;0.0;0.0;0.0;0.0
1.0;1753877990.091133;18.459809;0.8;-1.71;-13.42;-0.988176;0.150345;0.034173;0.0;0.0;0.0;0.0;0.0;0.0
1.0;1753877990.095731;18.490321;1.44;-1.32;-13.96;-0.976608;0.1175;0.002163;0.0;0.0;0.0;0.0;0.0;0.0
1.0;1753877990.100329;18.497754;2.34;-1.27;-13.03;-0.995264;0.167692;0.007252;0.0;0.0;0.0;0.0;0.0;0.0
1.0;1753877990.104927;18.490586;1.63;-1.18;-10.24;-0.989332;0.105297;-0.011139;0.0;0.0;0.0;0.0;0.0;0.0
1.0;1753877990.109525;18.508504;3.4;-1.38;-14.75;-0.978928;0.119328;0.004808;0.0;0.0;0.0;0.0;0.0;0.0
1.0;1753877990.114123;18.532295;2.83;-1.45;-13.67;-0.997529;0.093486;0.003352;0.0;0.0;0.0;0.0;0.0;0.0
1.0;1753877990.11872;18.496424;3.47;-1.45;-15.8;-0.964067;0.126065;-0.007346;0.0;0.0;0.0;0.0;0.0;0.0
1.0;1753877990.123318;18.525921;1.24;-1.43;-15.16;-0.972422;0.134018;0.019043;0.0;0.0;0.0;0.0;0.0;0.0
1.0;1753877990.127916;18.49191;3.3;-1.38;-14.96;-1.002755;0.06943;0.000622;0.0;0.0;0.0;0.0;0.0;0.0
1.0;1753877990.132514;18.488447;1.58;-1.55;-17.4;-0.986968;0.100595;0.01468;0.0;0.0;0.0;0.0;0.0;0.0
1.0;1753877990.137112;18.469948;2.23;-1.24;-16.19;-0.992716;0.18909;0.019506;0.0;0.0;0.0;0.0;0.0;0.0
1.0;1753877990.14171;18.464588;1.68;-1.33;-16.22;-1.012227;0.100331;0.029971;0.0;0.0;0.0;0.0;0.0;0.0
1.0;1753877990.146308;18.475783;1.0;-1.12;-15.18;-0.968317;0.119036;0.011607;0.0;0.0;0.0;0.0;0.0;0.0
1.0;1753877990.150906;18.480704;1.51;-1.43;-12.94;-0.97749;0.162721;0.005034;0.0;0.0;0.0;0.0;0.0;0.0
1.0;1753877990.155504;18.481085;1.56;-1.39;-18.41;-1.020381;0.101553;0.016534;0.0;0.0;0.0;0.0;0.0;0.0
1.0;1753877990.160102;18.43307;1.25;-1.44;-14.93;-1.004557;0.093546;0.015036;0.0;0.0;0.0;0.0;0.0;0.0
1.0;1753877990.1647;18.507114;2.05;-1.07;-15.76;-0.968892;0.048462;0.001258;0.0;0.0;0.0;0.0;0.0;0.0
1.0;1753877990.169298;18.477044;2.54;-1.58;-17.06;-0.986222;0.107888;0.024326;0.0;0.0;0.0;0.0;0.0;0.0
1.0;1753877990.173895;18.515423;2.1;-1.64;-17.93;-0.977564;0.05953;0.032156;0.0;0.0;0.0;0.0;0.0;0.0
1.0;1753877990.178493;18.507225;1.67;-1.18;-11.91;-1.022935;0.161098;0.007422;0.0;0.0;0.0;0.0;0.0;0.0
1.0;1753877990.183091;18.500344;1.52;-1.42;-14.84;-1.020531;0.066323;0.011965;0.0;0.0;0.0;0.0;0.0;0.0
1.0;1753877990.187689;18.513646;1.99;-1.53;-13.25;-0.995351;0.141884;0.023536;0.0;0.0;0.0;0.0;0.0;0.0
1.0;1753877990.192287;18.498322;2.37;-1.11;-13.58;-1.014422;0.201419;-0.000512;0.0;0.0;0.0;0.0;0.0;0.0
1.0;1753877990.196885;18.474815;0.86;-1.63;-13.48;-1.000717;0.088932;0.020507;0.0;0.0;0.0;0.0;0.0;0.0
1.0;1753877990.201483;18.485458;1.71;-1.32;-18.88;-1.00529;0.146369;0.02413;0.0;0.0;0.0;0.0;0.0;0.0
1.0;1753877990.206081;18.477827;1.71;-1.13;-14.09;-0.953786;0.054878;0.018419;0.0;0.0;0.0;0.0;0.0;0.0
1.0;1753877990.210678;18.50518;2.24;-1.05;-12.4;-0.978066;0.115493;0.010585;0.0;0.0;0.0;0.0;0.0;0.0
1.0;1753877990.215276;18.474771;1.56;-1.69;-13.81;-1.01572;0.124209;0.006829;0.0;0.0;0.0;0.0;0.0;0.0
1.0;1753877990.219874;18.501949;2.25;-1.2;-14.5;-1.002222;0.100982;-0.001422;0.0;0.0;0.0;0.0;0.0;0.0
1.0;1753877990.224472;18.526544;1.85;-1.34;-18.71;-1.017938;0.142627;0.01851;0.0;0.0;0.0;0.0;0.0;0.0
1.0;1753877990.22907;18.477877;1.66;-0.87;-12.9;-0.986144;0.15296;0.006039;0.0;0.0;0.0;0.0;0.0;0.0
1.0;1753877990.233668;18.502086;1.53;-0.91;-13.18;-1.01004;0.13764;0.006096;0.0;0.0;0.0;0.0;0.0;0.0
1.0;1753877990.238266;18.489931;1.71;-1.35;-16.89;-0.999001;0.177135;0.012616;0.0;0.0;0.0;0.0;0.0;0.0
1.0;1753877990.242864;18.487751;0.3;-0.86;-15.11;-0.974839;0.145336;0.012128;0.0;0.0;0.0;0.0;0.0;0.0
1.0;1753877990.247462;18.447755;1.74;-1.35;-12.45;-0.995202;0.214914;0.004404;0.0;0.0;0.0;0.0;0.0;0.0
1.0;1753877990.25206;18.492412;1.12;-1.89;-18.25;-0.952323;0.181382;0.024585;0.0;0.0;0.0;0.0;0.0;0.0
1.0;1753877990.256658;18.493967;2.8;-1.61;-13.75;-0.984326;0.146544;0.006408;0.0;0.0;0.0;0.0;0.0;0.0
1.0;1753877990.261256;18.485552;2.23;-1.16;-15.31;-1.023364;0.147087;0.012276;0.0;0.0;0.0;0.0;0.0;0.0
1.0;1753877990.265854;18.488407;1.89;-1.65;-15.18;-0.959288;0.059438;0.018176;0.0;0.0;0.0;0.0;0.0;0.0
1.0;1753877990.270451;18.513572;1.71;-1.03;-13.02;-0.947616;0.119321;0.003758;0.0;0.0;0.0;0.0;0.0;0.0
1.0;1753877990.275049;18.50752;1.93;-1.55;-10.95;-0.951236;0.112008;0.026617;0.0;0.0;0.0;0.0;0.0;0.0
1.0;1753877990.279647;18.514834;0.86;-1.23;-14.28;-0.983551;0.150238;0.017351;0.0;0.0;0.0;0.0;0.0;0.0
1.0;1753877990.284245;18.502447;1.8;-1.15;-15.06;-1.01393;0.063618;0.01808;0.0;0.0;0.0;0.0;0.0;0.0
1.0;1753877990.288843;18.482716;2.67;-1.13;-17.26;-0.959215;0.107448;0.005658;0.0;0.0;0.0;0.0;0.0;0.0
1.0;1753877990.293441;18.509335;1.25;-1.13;-16.99;-0.968736;0.12799;-0.009188;0.0;0.0;0.0;0.0;0.0;0.0
1.0;1753877990.298039;18.475937;2.55;-1.59;-18.18;-0.998523;0.157737;0.004078;0.0;0.0;0.0;0.0;0.0;0.0
1.0;1753877990.302636;18.478932;1.94;-1.4;-12.81;-0.993112;0.117444;0.02007;0.0;0.0;0.0;0.0;0.0;0.0
1.0;1753877990.307234;18.480852;1.88;-1.26;-16.26;-0.983691;0.189031;0.036867;0.0;0.0;0.0;0.0;0.0;0.0
1.0;1753877990.311832;18.463569;3.03;-1.47;-12.93;-0.998655;0.117381;0.023367;0.0;0.0;0.0;0.0;0.0;0.0
1.0;1753877990.31643;18.476495;2.97;-1.09;-14.38;-0.976175;0.194814;0.043512;0.0;0.0;0.0;0.0;0.0;0.0
1.0;1753877990.321028;18.469722;1.93;-1.2;-16.96;-1.003377;0.225304;0.014485;0.0;0.0;0.0;0.0;0.0;0.0
1.0;1753877990.325626;18.479534;1.17;-1.4;-11.81;-0.995283;0.121268;0.028537;0.0;0.0;0.0;0.0;0.0;0.0
1.0;1753877990.330224;18.509018;2.74;-1.6;-13.33;-1.029907;0.101777;0.016977;0.0;0.0;0.0;0.0;0.0;0.0
1.0;1753877990.334822;18.499384;2.83;-0.96;-11.16;-0.985761;0.11331;0.033495;0.0;0.0;0.0;0.0;0.0;0.0
1.0;1753877990.33942;18.491525;1.46;-0.85;-14.26;-0.991549;0.140056;0.025901;0.0;0.0;0.0;0.0;0.0;0.0
1.0;1753877990.344018;18.509116;2.7;-1.41;-15.72;-1.010831;0.142859;0.000666;0.0;0.0;0.0;0.0;0.0;0.0
1.0;1753877990.348616;18.475157;1.11;-1.26;-16.57;-0.987753;0.139368;0.025428;0.0;0.0;0.0;0.0;0.0;0.0
1.0;1753877990.353214;18.50596;2.03;-1.04;-17.12;-0.992713;0.121333;0.030996;0.0;0.0;0.0;0.0;0.0;0.0
1.0;1753877990.357812;18.479963;1.21;-1.47;-17.55;-0.999509;0.172681;0.011576;0.0;0.0;0.0;0.0;0.0;0.0
1.0;1753877990.362409;18.481211;0.91;-1.63;-14.44;-0.995192;0.141519;0.01433;0.0;0.0;0.0;0.0;0.0;0.0
1.0;1753877990.367007;18.477358;0.82;-1.47;-14.4;-0.963764;0.166774;0.010017;0.0;0.0;0.0;0.0;0.0;0.0
1.0;1753877990.371605;18.485241;2.53;-1.07;-16.18;-0.973836;0.148328;0.031906;0.0;0.0;0.0;0.0;0.0;0.0
1.0;1753877990.376203;18.481354;1.4;-1.17;-12.28;-1.005946;0.167894;0.025254;0.0;0.0;0.0;0.0;0.0;0.0
1.0;1753877990.380801;18.494089;1.93;-1.4;-19.27;-0.983511;0.143434;0.014133;0.0;0.0;0.0;0.0;0.0;0.0
1.0;1753877990.385399;18.482857;1.61;-1.31;-16.73;-0.979684;0.150139;0.03311;0.0;0.0;0.0;0.0;0.0;0.0
1.0;1753877990.389997;18.488452;3.08;-1.57;-12.31;-1.006811;0.175074;0.030415;0.0;0.0;0.0;0.0;0.0;0.0
1.0;1753877990.394595;18.49773;1.45;-1.44;-18.47;-0.957276;0.101836;0.029727;0.0;0.0;0.0;0.0;0.0;0.0
1.0;1753877990.399192;18.476541;2.48;-1.36;-13.06;-0.989334;0.126914;0.030125;0.0;0.0;0.0;0.0;0.0;0.0
1.0;1753877990.40379;18.492706;1.86;-1.45;-19.55;-0.993453;0.118519;0.016363;0.0;0.0;0.0;0.0;0.0;0.0
1.0;1753877990.408388;18.475218;1.5;-1.22;-13.65;-0.976444;0.144119;0.018293;0.0;0.0;0.0;0.0;0.0;0.0
1.0;1753877990.412986;18.501947;3.42;-1.23;-13.36;-1.012601;0.145644;0.0367;0.0;0.0;0.0;0.0;0.0;0.0
1.0;1753877990.4214;18.488281;2.1;-1.33;-15.26;-0.99064;0.133956;0.02074;0.0;0.0;0.0;0.0;0.0;0.0
1.0;1753877990.425998;18.505852;3.18;-1.23;-16.71;-0.993484;0.086832;0.03756;0.0;0.0;0.0;0.0;0.0;0.0
1.0;1753877990.430596;18.482959;1.62;-1.6;-18.51;-0.992713;0.045872;0.036758;0.0;0.0;0.0;0.0;0.0;0.0
1.0;1753877990.435194;18.55406;2.43;-1.39;-12.57;-0.972268;0.126242;0.022767;0.0;0.0;0.0;0.0;0.0;0.0
1.0;1753877990.439792;18.486222;2.43;-1.15;-17.04;-0.988774;0.177996;0.003023;0.0;0.0;0.0;0.0;0.0;0.0
1.0;1753877990.44439;18.495151;2.42;-1.13;-18.79;-0.9796;0.16228;0.024161;0.0;0.0;0.0;0.0;0.0;0.0
1.0;1753877990.448988;18.463114;2.94;-0.88;-13.93;-0.9716;0.138637;0.001254;0.0;0.0;0.0;0.0;0.0;0.0
1.0;1753877990.453586;18.477992;1.87;-1.55;-14.97;-0.994456;0.059037;0.007411;0.0;0.0;0.0;0.0;0.0;0.0
1.0;1753877990.458183;18.497714;1.78;-1.46;-19.73;-0.995485;0.144877;0.020935;0.0;0.0;0.0;0.0;0.0;0.0
1.0;1753877990.462781;18.498003;2.81;-1.13;-19.84;-1.01614;0.080599;0.010918;0.0;0.0;0.0;0.0;0.0;0.0
1.0;1753877990.467379;18.492348;1.41;-1.44;-10.86;-0.971343;0.133869;0.02023;0.0;0.0;0.0;0.0;0.0;0.0
1.0;1753877990.471977;18.502433;1.62;-1.25;-15.45;-1.004869;0.128544;0.014023;0.0;0.0;0.0;0.0;0.0;0.0
1.0;1753877990.476575;18.486288;1.23;-1.24;-13.81;-1.019898;0.153451;0.035513;0.0;0.0;0.0;0.0;0.0;0.0
1.0;1753877990.481173;18.4776;3.29;-1.55;-18.64;-0.995526;0.157961;0.02531;0.0;0.0;0.0;0.0;0.0;0.0
1.0;1753877990.485771;18.488447;0.98;-1.39;-17.51;-1.036511;0.082046;0.026412;0.0;0.0;0.0;0.0;0.0;0.0
1.0;1753877990.490368;18.506991;1.61;-1.26;-15.76;-0.984705;0.129928;0.01315;0.0;0.0;0.0;0.0;0.0;0.0
1.0;1753877990.494966;18.511345;1.95;-1.54;-18.62;-0.957322;0.178647;0.032215;0.0;0.0;0.0;0.0;0.0;0.0
1.0;1753877990.499564;18.469592;1.7;-0.88;-8.92;-1.008777;0.098905;0.010435;0.0;0.0;0.0;0.0;0.0;0.0
1.0;1753877990.504162;18.470754;1.21;-1.26;-11.0;-1.008839;0.136285;0.010343;0.0;0.0;0.0;0.0;0.0;0.0
1.0;1753877990.50876;18.484652;2.31;-1.59;-16.59;-1.006321;0.087251;0.016603;0.0;0.0;0.0;0.0;0.0;0.0
1.0;1753877990.513358;18.472601;1.7;-1.18;-13.83;-0.991734;0.09906;0.005292;0.0;0.0;0.0;0.0;0.0;0.0
1.0;1753877990.517956;18.475862;2.6;-1.33;-13.89;-1.009511;0.18781;0.022874;0.0;0.0;0.0;0.0;0.0;0.0
1.0;1753877990.522554;18.457165;1.89;-1.3;-14.13;-0.956084;0.062944;0.007306;0.0;0.0;0.0;0.0;0.0;0.0
1.0;1753877990.527152;18.491031;2.53;-1.9;-14.81;-0.97191;0.113604;0.013517;0.0;0.0;0.0;0.0;0.0;0.0
1.0;1753877990.53175;18.479019;2.52;-1.67;-10.52;-0.976938;0.112481;0.02419;0.0;0.0;0.0;0.0;0.0;0.0
1.0;1753877990.536348;18.456127;1.86;-1.32;-18.06;-1.038128;0.064392;0.026904;0.0;0.0;0.0;0.0;0.0;0.0
1.0;1753877990.540946;18.479694;1.91;-1.22;-18.7;-0.973024;0.127852;0.024433;0.0;0.0;0.0;0.0;0.0;0.0
1.0;1753877990.545544;18.485636;1.39;-1.39;-18.79;-1.014845;0.134263;0.005034;0.0;0.0;0.0;0.0;0.0;0.0
1.0;1753877990.550141;18.498121;1.36;-1.14;-15.64;-0.983582;0.107882;0.013816;0.0;0.0;0.0;0.0;0.0;0.0
1.0;1753877990.554739;18.497907;1.96;-1.62;-14.34;-0.944859;0.075812;0.012805;0.0;0.0;0.0;0.0;0.0;0.0
1.0;1753877990.559337;18.468229;1.39;-1.62;-14.83;-0.999369;0.15153;0.026354;0.0;0.0;0.0;0.0;0.0;0.0
1.0;1753877990.563935;18.457243;1.49;-1.18;-12.97;-0.99167;0.141932;0.014705;0.0;0.0;0.0;0.0;0.0;0.0
1.0;1753877990.568533;18.475677;2.08;-1.79;-16.11;-0.990855;0.117008;0.031145;0.0;0.0;0.0;0.0;0.0;0.0
1.0;1753877990.573131;18.492671;3.2;-1.74;-16.58;-1.022276;0.12553;0.026143;0.0;0.0;0.0;0.0;0.0;0.0
1.0;1753877990.577729;18.463888;1.86;-1.45;-18.79;-0.945321;0.135717;0.023135;0.0;0.0;0.0;0.0;0.0;0.0
1.0;1753877990.582327;18.50267;1.22;-1.41;-11.53;-0.966336;0.106724;0.02125;0.0;0.0;0.0;0.0;0.0;0.0
1.0;1753877990.586924;18.5135;2.59;-1.64;-15.95;-1.011834;0.118113;0.029994;0.0;0.0;0.0;0.0;0.0;0.0
1.0;1753877990.591522;18.482651;2.1;-1.3;-14.84;-0.991031;0.118832;0.011751;0.0;0.0;0.0;0.0;0.0;0.0
1.0;1753877990.59612;18.476761;1.51;-0.7;-16.09;-1.010365;0.048357;0.019325;0.0;0.0;0.0;0.0;0.0;0.0
1.0;1753877990.600718;18.483107;2.1;-1.61;-14.1;-0.984652;0.056376;0.00415;0.0;0.0;0.0;0.0;0.0;0.0
1.0;1753877990.605316;18.481955;2.31;-1.39;-15.66;-0.998563;0.109811;0.01587;0.0;0.0;0.0;0.0;0.0;0.0
1.0;1753877990.609914;18.502539;2.3;-1.78;-10.36;-0.987123;0.190479;0.000291;0.0;0.0;0.0;0.0;0.0;0.0
1.0;1753877990.614512;18.49618;2.11;-1.15;-17.36;-0.978464;0.087557;0.018824;0.0;0.0;0.0;0.0;0.0;0.0
1.0;1753877990.61911;18.503461;1.84;-1.79;-11.85;-0.971208;0.173069;0.026469;0.0;0.0;0.0;0.0;0.0;0.0
1.0;1753877990.623708;18.474677;0.84;-1.68;-13.43;-0.962379;0.018131;0.016242;0.0;0.0;0.0;0.0;0.0;0.0
1.0;1753877990.628306;18.471851;2.33;-1.61;-12.2;-1.005204;0.082375;-0.007557;0.0;0.0;0.0;0.0;0.0;0.0
1.0;1753877990.632904;18.448953;3.06;-1.5;-18.26;-0.980119;0.040047;0.009135;0.0;0.0;0.0;0.0;0.0;0.0
1.0;1753877990.637502;18.492986;0.96;-1.54;-15.64;-1.02958;0.036607;0.004947;0.0;0.0;0.0;0.0;0.0;0.0
1.0;1753877990.6421;18.515143;1.9;-1.32;-14.21;-0.98051;0.111155;0.007059;0.0;0.0;0.0;0.0;0.0;0.0
1.0;1753877990.646697;18.461697;2.26;-1.55;-11.99;-0.960509;0.11474;0.002046;0.0;0.0;0.0;0.0;0.0;0.0
1.0;1753877990.651295;18.51663;1.73;-1.26;-12.55;-1.004336;0.113762;0.025275;0.0;0.0;0.0;0.0;0.0;0.0
1.0;1753877990.655893;18.508126;2.42;-1.19;-17.39;-0.98891;0.080073;0.006866;0.0;0.0;0.0;0.0;0.0;0.0
1.0;1753877990.660491;18.497741;3.06;-1.51;-15.18;-1.017333;0.104836;0.021951;0.0;0.0;0.0;0.0;0.0;0.0
1.0;1753877990.665089;18.495964;0.76;-1.66;-10.69;-1.002448;0.109846;0.024312;0.0;0.0;0.0;0.0;0.0;0.0
1.0;1753877990.669687;18.484691;2.05;-1.77;-16.38;-0.979245;0.099289;0.028117;0.0;0.0;0.0;0.0;0.0;0.0
1.0;1753877990.674285;18.47081;2.69;-1.57;-14.35;-1.02251;0.015138;0.03619;0.0;0.0;0.0;0.0;0.0;0.0
1.0;1753877990.678882;18.460173;1.95;-1.55;-14.78;-0.943824;0.128609;0.016439;0.0;0.0;0.0;0.0;0.0;0.0
1.0;1753877990.68348;18.451751;1.6;-1.64;-13.58;-1.008012;0.143825;0.024213;0.0;0.0;0.0;0.0;0.0;0.0
1.0;1753877990.688078;18.50004;2.3;-1.77;-15.1;-0.988517;0.144998;0.022547;0.0;0.0;0.0;0.0;0.0;0.0
1.0;1753877990.692676;18.462444;1.59;-1.84;-10.21;-1.03205;0.107092;0.027511;0.0;0.0;0.0;0.0;0.0;0.0
1.0;1753877990.697274;18.4933;0.89;-1.48;-12.83;-1.008827;0.149666;0.002644;0.0;0.0;0.0;0.0;0.0;0.0
1.0;1753877990.701872;18.514611;0.55;-1.94;-14.49;-0.985283;0.098424;0.022483;0.0;0.0;0.0;0.0;0.0;0.0
1.0;1753877990.70647;18.469781;1.38;-1.68;-15.1;-1.022722;0.068063;0.009783;0.0;0.0;0.0;0.0;0.0;0.0
1.0;1753877990.711068;18.519189;2.65;-1.41;-15.64;-1.019751;0.084778;0.014798;0.0;0.0;0.0;0.0;0.0;0.0
1.0;1753877990.715666;18.503947;1.06;-1.92;-13.77;-0.992283;0.109436;-0.00492;0.0;0.0;0.0;0.0;0.0;0.0
1.0;1753877990.720264;18.513124;1.83;-1.68;-14.52;-0.982533;0.085626;0.002873;0.0;0.0;0.0;0.0;0.0;0.0
1.0;1753877990.724862;18.503945;1.37;-1.24;-13.12;-0.99257;0.075106;0.02302;0.0;0.0;0.0;0.0;0.0;0.0
1.0;1753877990.72946;18.47064;3.61;-2.01;-15.99;-0.972622;0.123176;0.022654;0.0;0.0;0.0;0.0;0.0;0.0
1.0;1753877990.734058;18.487897;2.49;-1.52;-10.73;-1.007119;0.091375;0.014378;0.0;0.0;0.0;0.0;0.0;0.0
1.0;1753877990.738655;18.513183;2.6;-1.4;-13.96;-0.997518;0.09174;0.016662;0.0;0.0;0.0;0.0;0.0;0.0
1.0;1753877990.743253;18.485513;1.49;-1.48;-15.79;-0.998267;0.150384;0.016212;0.0;0.0;0.0;0.0;0.0;0.0
1.0;1753877990.747851;18.474654;1.58;-1.61;-14.6;-1.017656;0.066485;0.025058;0.0;0.0;0.0;0.0;0.0;0.0
1.0;1753877990.752449;18.478262;1.46;-1.86;-21.22;-1.00758;0.107734;0.010484;0.0;0.0;0.0;0.0;0.0;0.0
1.0;1753877990.757047;18.480347;1.91;-1.58;-17.2;-1.000864;0.044214;0.01474;0.0;0.0;0.0;0.0;0.0;0.0
1.0;1753877990.761645;18.51599;1.76;-1.52;-19.56;-0.976602;-0.00333;0.019542;0.0;0.0;0.0;0.0;0.0;0.0
1.0;1753877990.766243;18.484899;1.24;-1.82;-10.54;-0.98073;0.04547;0.008506;0.0;0.0;0.0;0.0;0.0;0.0
1.0;1753877990.770841;18.502536;2.03;-1.6;-15.1;-1.031925;0.138559;0.016599;0.0;0.0;0.0;0.0;0.0;0.0
1.0;1753877990.775438;18.489371;1.41;-1.97;-11.65;-0.966289;0.077663;0.005162;0.0;0.0;0.0;0.0;0.0;0.0
1.0;1753877990.780036;18.493882;2.1;-1.62;-14.7;-1.011187;0.104342;0.009642;0.0;0.0;0.0;0.0;0.0;0.0
1.0;1753877990.784634;18.497737;2.2;-2.03;-15.58;-1.002419;0.025065;0.018649;0.0;0.0;0.0;0.0;0.0;0.0
1.0;1753877990.789232;18.498868;1.11;-1.74;-14.18;-0.988386;0.044585;-0.005324;0.0;0.0;0.0;0.0;0.0;0.0
1.0;1753877990.79383;18.490341;0.78;-1.77;-13.71;-0.976824;0.080782;0.014191;0.0;0.0;0.0;0.0;0.0;0.0
1.0;1753877990.798428;18.495458;2.13;-1.4;-13.73;-1.000173;0.085222;-0.011145;0.0;0.0;0.0;0.0;0.0;0.0
1.0;1753877990.803026;18.473619;2.87;-1.74;-7.98;-0.984608;0.092337;0.013046;0.0;0.0;0.0;0.0;0.0;0.0
1.0;1753877990.807624;18.488224;2.47;-1.6;-15.85;-0.978085;0.007877;-0.001401;0.0;0.0;0.0;0.0;0.0;0.0
1.0;1753877990.812222;18.478745;2.43;-1.48;-14.4;-0.996045;0.086647;0.014951;0.0;0.0;0.0;0.0;0.0;0.0
1.0;1753877990.81682;18.509735;1.45;-1.63;-8.84;-1.019296;0.061998;0.00682;0.0;0.0;0.0;0.0;0.0;0.0
1.0;1753877990.821418;18.46717;2.02;-1.44;-12.62;-1.036663;0.089773;-0.004998;0.0;0.0;0.0;0.0;0.0;0.0
1.0;1753877990.826016;18.4735;3.25;-1.3;-14.56;-1.009538;0.026929;-0.009019;0.0;0.0;0.0;0.0;0.0;0.0
1.0;1753877990.830613;18.490115;2.04;-1.58;-14.94;-1.029687;0.064099;-0.00131;0.0;0.0;0.0;0.0;0.0;0.0
1.0;1753877990.835211;18.474449;2.06;-1.83;-12.76;-1.000912;0.077331;0.020835;0.0;0.0;0.0;0.0;0.0;0.0
1.0;1753877990.839809;18.519182;2.09;-1.3;-13.18;-1.017012;0.145991;-0.000118;0.0;0.0;0.0;0.0;0.0;0.0
1.0;1753877990.844407;18.492448;1.91;-1.47;-11.07;-1.029647;0.075979;0.016476;0.0;0.0;0.0;0.0;0.0;0.0
1.0;1753877990.849005;18.479739;2.62;-1.76;-17.33;-1.014959;0.118478;0.013525;0.0;0.0;0.0;0.0;0.0;0.0
1.0;1753877990.853603;18.491255;2.73;-1.83;-12.32;-1.004088;0.088691;0.010198;0.0;0.0;0.0;0.0;0.0;0.0
1.0;1753877990.858201;18.48736;1.96;-1.99;-16.24;-1.004332;0.075007;-0.003504;0.0;0.0;0.0;0.0;0.0;0.0
1.0;1753877990.862799;18.476555;2.4;-1.6;-14.27;-0.979699;0.103928;0.01671;0.0;0.0;0.0;0.0;0.0;0.0
1.0;1753877990.867396;18.492284;2.29;-1.69;-14.39;-1.019915;0.027227;0.003774;0.0;0.0;0.0;0.0;0.0;0.0
1.0;1753877990.871994;18.48182;1.57;-1.75;-12.94;-1.011568;0.007024;0.02505;0.0;0.0;0.0;0.0;0.0;0.0
1.0;1753877990.876592;18.473892;1.6;-1.42;-10.84;-1.016076;0.084924;0.012764;0.0;0.0;0.0;0.0;0.0;0.0
1.0;1753877990.88119;18.483509;1.72;-1.87;-15.57;-1.024924;0.0517;0.011789;0.0;0.0;0.0;0.0;0.0;0.0
1.0;1753877990.885788;18.486454;2.0;-1.88;-14.92;-1.012395;0.034444;0.013366;0.0;0.0;0.0;0.0;0.0;0.0
1.0;1753877990.890386;18.496923;1.27;-1.95;-12.2;-0.994266;0.071347;0.010754;0.0;0.0;0.0;0.0;0.0;0.0
1.0;1753877990.894984;18.486714;2.01;-1.75;-14.2;-0.980755;0.117266;-0.006067;0.0;0.0;0.0;0.0;0.0;0.0
1.0;1753877990.899582;18.507329;3.22;-1.87;-15.66;-0.999048;0.066426;-0.007293;0.0;0.0;0.0;0.0;0.0;0.0
1.0;1753877990.90418;18.487782;1.85;-1.87;-11.71;-1.015538;0.116781;0.007201;0.0;0.0;0.0;0.0;0.0;0.0
1.0;1753877990.908778;18.486412;2.33;-1.52;-12.41;-0.998637;0.054;0.023198;0.0;0.0;0.0;0.0;0.0;0.0
1.0;1753877990.913376;18.527215;1.77;-1.9;-11.66;-1.021423;0.134854;0.004729;0.0;0.0;0.0;0.0;0.0;0.0
1.0;1753877990.917974;18.531272;1.7;-1.5;-17.89;-1.008608;0.048113;0.01871;0.0;0.0;0.0;0.0;0.0;0.0
1.0;1753877990.922572;18.49265;2.06;-1.25;-11.66;-0.999218;0.148477;0.012845;0.0;0.0;0.0;0.0;0.0;0.0
1.0;1753877990.927169;18.484527;2.78;-1.76;-10.5;-0.994037;0.071035;0.01352;0.0;0.0;0.0;0.0;0.0;0.0
1.0;1753877990.9319;18.488281;2.1;-1.75;-13.51;-0.999668;0.064172;0.008052;0.0;0.0;0.0;0.0;0.0;0.0
1.0;1753877990.936498;18.538181;1.44;-1.68;-11.42;-1.000612;0.07734;0.006628;0.0;0.0;0.0;0.0;0.0;0.0
1.0;1753877990.941096;18.493353;0.22;-1.49;-2.68;-0.996646;0.115794;0.007797;0.0;0.0;0.0;0.0;0.0;0.0
1.0;1753877990.945694;18.508739;0.95;-1.72;0.2;-1.001353;0.097701;0.013242;0.0;0.0;0.0;0.0;0.0;0.0
1.0;1753877990.95148;18.539062;0.28;-1.68;4.13;-0.988566;0.108336;0.010248;0.0;0.0;0.0;0.0;0.0;0.0
1.0;1753877990.956078;18.565416;1.11;-1.75;-3.54;-0.982795;0.098598;-0.002163;0.0;0.0;0.0;0.0;0.0;0.0
1.0;1753877990.960676;18.524787;0.16;-1.52;-1.35;-0.980243;0.11487;0.01366;0.0;0.0;0.0;0.0;0.0;0.0
1.0;1753877990.965274;18.541653;0.03;-1.44;13.07;-0.980494;0.081322;0.003402;0.0;0.0;0.0;0.0;0.0;0.0
1.0;1753877990.969872;18.555946;0.25;-1.73;-2.47;-0.982509;0.114099;0.017495;0.0;0.0;0.0;0.0;0.0;0.0
1.0;1753877990.97447;18.55126;0.55;-1.74;0.1;-0.98844;0.12171;0.013882;0.0;0.0;0.0;0.0;0.0;0.0
1.0;1753877990.979067;18.550275;0.17;-1.87;7.85;-0.98447;0.116594;0.016537;0.0;0.0;0.0;0.0;0.0;0.0
1.0;1753877990.983665;18.531321;0.94;-1.46;-3.1;-0.973868;0.134392;0.001604;0.0;0.0;0.0;0.0;0.0;0.0
1.0;1753877990.988263;18.515862;0.31;-2.01;11.01;-0.980484;0.134413;0.010009;0.0;0.0;0.0;0.0;0.0;0.0
1.0;1753877990.992861;18.539514;-0.91;-1.63;8.21;-0.973615;0.115632;0.007709;0.0;0.0;0.0;0.0;0.0;0.0
1.0;1753877990.99744;18.539062;-0.42;-1.75;4.69;-0.97722;0.117242;0.013054;0.0;0.0;0.0;0.0;0.0;0.0
1.0;1753877991.002038;18.543225;-0.85;-2.25;6.47;-1.01038;0.122651;0.007704;0.0;0.0;0.0;0.0;0.0;0.0
1.0;1753877991.006636;18.55224;-0.31;-1.29;14.14;-0.870066;0.08788;-0.002337;0.0;0.0;0.0;0.0;0.0;0.0
1.0;1753877991.011234;18.530036;2.01;-1.58;0.19;-1.056039;0.090538;0.038113;0.0;0.0;0.0;0.0;0.0;0.0
1.0;1753877991.015832;18.537212;1.3;-1.87;1.06;-0.923458;0.148101;0.032828;0.0;0.0;0.0;0.0;0.0;0.0
1.0;1753877991.02043;18.533311;-1.84;-2.27;9.15;-1.00478;0.105034;0.007609;0.0;0.0;0.0;0.0;0.0;0.0
1.0;1753877991.025028;18.543897;-0.54;-1.62;5.25;-0.975089;0.135771;0.046235;0.0;0.0;0.0;0.0;0.0;0.0
1.0;1753877991.029626;18.528701;-0.05;-1.33;17.27;-0.977088;0.153748;-0.000814;0.0;0.0;0.0;0.0;0.0;0.0
1.0;1753877991.034223;18.530542;0.89;-3.15;17.0;-0.85915;0.19307;-0.01165;0.0;0.0;0.0;0.0;0.0;0.0
1.0;1753877991.038821;18.542144;-0.24;-2.6;15.95;-0.88428;0.078943;0.019089;0.0;0.0;0.0;0.0;0.0;0.0
1.0;1753877991.043419;18.544598;-0.9;-2.53;10.23;-0.886759;0.170404;-0.01295;0.0;0.0;0.0;0.0;0.0;0.0
1.0;1753877991.048017;18.538768;0.68;-1.21;6.74;-1.072999;0.086573;0.012553;0.0;0.0;0.0;0.0;0.0;0.0
1.0;1753877991.052615;18.531816;-1.48;-1.72;21.53;-0.800517;0.188117;0.014199;0.0;0.0;0.0;0.0;0.0;0.0
1.0;1753877991.057213;18.539072;-0.14;-2.02;6.96;-0.896293;0.163472;-0.010911;0.0;0.0;0.0;0.0;0.0;0.0
1.0;1753877991.061811;18.535038;-0.6;-2.24;14.56;-1.18048;0.259961;0.022188;0.0;0.0;0.0;0.0;0.0;0.0
1.0;1753877991.066409;18.538141;1.63;-1.77;0.99;-1.043814;0.232027;0.015292;0.0;0.0;0.0;0.0;0.0;0.0
1.0;1753877991.071006;18.536085;1.02;-1.76;1.26;-0.921741;0.217983;0.042201;0.0;0.0;0.0;0.0;0.0;0.0
1.0;1753877991.075604;18.527163;-0.87;-1.78;15.89;-0.810248;0.213029;-0.005072;0.0;0.0;0.0;0.0;0.0;0.0
1.0;1753877991.080202;18.537211;-0.11;-1.83;1.92;-1.014961;0.223282;0.00429;0.0;0.0;0.0;0.0;0.0;0.0
1.0;1753877991.0848;18.531936;-0.72;-1.89;7.73;-1.076236;0.221126;-0.011262;0.0;0.0;0.0;0.0;0.0;0.0
1.0;1753877991.089398;18.539357;-0.92;-1.13;22.22;-1.053677;0.172253;0.054837;0.0;0.0;0.0;0.0;0.0;0.0
1.0;1753877991.093996;18.527326;-0.84;-1.77;11.7;-0.782156;0.19303;-0.025865;0.0;0.0;0.0;0.0;0.0;0.0
1.0;1753877991.098594;18.531699;-0.7;-2.33;12.26;-0.952407;0.238859;0.008961;0.0;0.0;0.0;0.0;0.0;0.0
1.0;1753877991.103192;18.525802;-0.4;-0.88;19.81;-0.713629;0.284289;0.040957;0.0;0.0;0.0;0.0;0.0;0.0
1.0;1753877991.10779;18.530413;1.72;-1.11;12.37;-0.801454;0.273047;0.034684;0.0;0.0;0.0;0.0;0.0;0.0
1.0;1753877991.112388;18.535324;0.99;-2.34;24.41;-0.964202;0.217346;0.020247;0.0;0.0;0.0;0.0;0.0;0.0
1.0;1753877991.116986;18.563136;-0.52;-1.65;18.2;-0.899928;0.158557;0.026611;0.0;0.0;0.0;0.0;0.0;0.0
1.0;1753877991.121584;18.537223;-0.08;-0.95;19.22;-0.715029;0.188411;0.010068;0.0;0.0;0.0;0.0;0.0;0.0
1.0;1753877991.126181;18.532498;0.64;-0.72;19.07;-0.752115;0.165343;0.057844;0.0;0.0;0.0;0.0;0.0;0.0
1.0;1753877991.130779;18.517563;-0.18;-1.62;21.85;-0.753151;0.285376;0.012773;0.0;0.0;0.0;0.0;0.0;0.0
1.0;1753877991.135377;18.53635;1.25;-0.97;20.03;-0.818556;0.298457;0.047562;0.0;0.0;0.0;0.0;0.0;0.0
1.0;1753877991.139975;18.537567;-0.95;-2.98;24.59;-0.854358;0.336872;0.032408;0.0;0.0;0.0;0.0;0.0;0.0
1.0;1753877991.144573;18.544233;0.36;-2.07;29.24;-0.845674;0.279144;0.01173;0.0;0.0;0.0;0.0;0.0;0.0
1.0;1753877991.149171;18.525123;-1.39;-2.52;21.25;-0.851517;0.349603;0.000527;0.0;0.0;0.0;0.0;0.0;0.0
1.0;1753877991.153769;18.530371;-0.64;-2.9;30.12;-0.92467;0.309535;0.048665;0.0;0.0;0.0;0.0;0.0;0.0
1.0;1753877991.158367;18.54623;-0.21;-0.86;24.64;-0.917081;0.260825;0.031334;0.0;0.0;0.0;0.0;0.0;0.0
1.0;1753877991.162964;18.533689;-0.18;-2.04;22.83;-0.828438;0.263104;-0.006318;0.0;0.0;0.0;0.0;0.0;0.0
1.0;1753877991.167562;18.537838;0.2;-1.32;14.92;-0.998782;0.297919;0.036653;0.0;0.0;0.0;0.0;0.0;0.0
1.0;1753877991.17216;18.541949;-0.05;-0.69;31.45;-0.654795;0.379833;0.029887;0.0;0.0;0.0;0.0;0.0;0.0
1.0;1753877991.176758;18.527347;-0.07;-0.64;24.75;-0.898968;0.235767;-0.004324;0.0;0.0;0.0;0.0;0.0;0.0
1.0;1753877991.181356;18.544155;-1.82;-1.93;33.98;-0.715886;0.321264;0.023733;0.0;0.0;0.0;0.0;0.0;0.0
1.0;1753877991.185954;18.526817;-0.34;-3.01;29.41;-0.697675;0.305812;0.033998;0.0;0.0;0.0;0.0;0.0;0.0
1.0;1753877991.190552;18.553336;0.45;-3.0;26.62;-0.777687;0.332203;0.018527;0.0;0.0;0.0;0.0;0.0;0.0
1.0;1753877991.19515;18.537497;-0.2;-2.73;27.1;-0.799588;0.323242;0.057871;0.0;0.0;0.0;0.0;0.0;0.0
1.0;1753877991.199748;18.534554;-0.85;-3.18;23.46;-0.804685;0.35716;0.014383;0.0;0.0;0.0;0.0;0.0;0.0
1.0;1753877991.204346;18.533263;1.71;-0.66;31.29;-0.833542;0.285493;0.005538;0.0;0.0;0.0;0.0;0.0;0.0
1.0;1753877991.208944;18.530583;-1.98;-1.72;23.38;-0.786869;0.426737;-0.025458;0.0;0.0;0.0;0.0;0.0;0.0
1.0;1753877991.213542;18.534663;-0.38;-2.15;33.47;-0.764567;0.248232;-0.020879;0.0;0.0;0.0;0.0;0.0;0.0
1.0;1753877991.21814;18.544288;-0.53;-2.2;27.47;-0.851987;0.368667;0.045792;0.0;0.0;0.0;0.0;0.0;0.0
1.0;1753877991.222737;18.537188;-0.97;-2.22;35.83;-0.555106;0.298379;-1.5e-05;0.0;0.0;0.0;0.0;0.0;0.0
1.0;1753877991.227335;18.538564;-1.74;-2.33;26.28;-0.7398;0.297941;0.042938;0.0;0.0;0.0;0.0;0.0;0.0
1.0;1753877991.231933;18.535872;0.29;-0.13;30.93;-0.794768;0.386831;0.00805;0.0;0.0;0.0;0.0;0.0;0.0
1.0;1753877991.236531;18.54252;-0.8;-1.15;23.82;-0.763976;0.31041;0.063866;0.0;0.0;0.0;0.0;0.0;0.0
1.0;1753877991.241129;18.554461;-0.41;-3.38;38.79;-0.671244;0.397308;0.004729;0.0;0.0;0.0;0.0;0.0;0.0
1.0;1753877991.245727;18.540849;-0.76;-3.15;35.33;-0.733201;0.363603;0.045972;0.0;0.0;0.0;0.0;0.0;0.0
1.0;1753877991.250325;18.530408;0.83;-1.28;43.68;-0.783426;0.412424;0.008908;0.0;0.0;0.0;0.0;0.0;0.0
1.0;1753877991.254923;18.531851;-0.1;-1.89;53.34;-0.758273;0.319445;-0.005913;0.0;0.0;0.0;0.0;0.0;0.0
1.0;1753877991.25952;18.529792;-1.06;-2.56;42.14;-0.534738;0.392092;-0.010089;0.0;0.0;0.0;0.0;0.0;0.0
1.0;1753877991.264118;18.52663;-1.8;-2.0;31.89;-0.664106;0.424287;0.054787;0.0;0.0;0.0;0.0;0.0;0.0
1.0;1753877991.268716;18.529496;1.25;-2.51;48.97;-0.493727;0.388169;0.024567;0.0;0.0;0.0;0.0;0.0;0.0
1.0;1753877991.273314;18.532472;-0.26;-0.34;48.01;-0.592232;0.32556;0.012519;0.0;0.0;0.0;0.0;0.0;0.0
1.0;1753877991.277912;18.532763;-0.43;-2.67;44.87;-0.604262;0.403851;-0.015067;0.0;0.0;0.0;0.0;0.0;0.0
1.0;1753877991.28251;18.545063;-0.24;-2.56;43.34;-0.351224;0.37988;0.035508;0.0;0.0;0.0;0.0;0.0;0.0
1.0;1753877991.287108;18.535788;-0.3;-2.06;47.69;-0.694513;0.487424;-0.016173;0.0;0.0;0.0;0.0;0.0;0.0
1.0;1753877991.291706;18.532544;0.09;-4.25;49.45;-0.586941;0.472045;0.030392;0.0;0.0;0.0;0.0;0.0;0.0
1.0;1753877991.296304;18.537409;0.33;-2.44;49.74;-0.565972;0.39708;0.014009;0.0;0.0;0.0;0.0;0.0;0.0
1.0;1753877991.300902;18.5132;0.08;-1.68;46.42;-0.773602;0.461099;0.0181;0.0;0.0;0.0;0.0;0.0;0.0
1.0;1753877991.3055;18.507163;-1.29;-0.8;49.86;-0.63093;0.454971;0.027782;0.0;0.0;0.0;0.0;0.0;0.0
1.0;1753877991.310098;18.541046;-0.64;-1.99;46.28;-0.50103;0.441066;0.015555;0.0;0.0;0.0;0.0;0.0;0.0
1.0;1753877991.314695;18.518413;-0.6;-1.85;47.98;-0.475718;0.448074;0.050526;0.0;0.0;0.0;0.0;0.0;0.0
1.0;1753877991.319293;18.528989;-0.36;-1.76;38.89;-0.510745;0.426026;0.032481;0.0;0.0;0.0;0.0;0.0;0.0
1.0;1753877991.323891;18.553451;-0.92;-1.02;38.59;-0.549482;0.406575;0.023062;0.0;0.0;0.0;0.0;0.0;0.0
1.0;1753877991.328489;18.523991;-1.19;-3.04;44.82;-0.465111;0.485704;0.024496;0.0;0.0;0.0;0.0;0.0;0.0
1.0;1753877991.333087;18.553279;0.11;-1.42;49.16;-0.431463;0.467116;0.031206;0.0;0.0;0.0;0.0;0.0;0.0
1.0;1753877991.337685;18.535897;-0.54;-2.92;59.71;-0.564735;0.507144;0.065901;0.0;0.0;0.0;0.0;0.0;0.0
1.0;1753877991.342283;18.522268;-0.08;-1.85;47.01;-0.407845;0.420797;-0.010384;0.0;0.0;0.0;0.0;0.0;0.0
1.0;1753877991.346881;18.535137;-1.43;-1.89;49.52;-0.505526;0.572984;0.005;0.0;0.0;0.0;0.0;0.0;0.0
1.0;1753877991.351478;18.528074;0.15;-2.2;53.85;-0.595706;0.413323;-0.007247;0.0;0.0;0.0;0.0;0.0;0.0
1.0;1753877991.356076;18.54799;-0.43;-0.98;61.23;-0.535577;0.473327;0.062313;0.0;0.0;0.0;0.0;0.0;0.0
1.0;1753877991.360674;18.533984;-0.0;-1.88;52.07;-0.632545;0.488629;0.004344;0.0;0.0;0.0;0.0;0.0;0.0
1.0;1753877991.365272;18.537746;-1.93;-2.34;57.0;-0.378661;0.447798;0.009364;0.0;0.0;0.0;0.0;0.0;0.0
1.0;1753877991.36987;18.522443;-0.15;-1.92;52.89;-0.582597;0.475565;0.020016;0.0;0.0;0.0;0.0;0.0;0.0
1.0;1753877991.374468;18.508101;-0.39;-2.79;57.01;-0.422312;0.614333;0.042181;0.0;0.0;0.0;0.0;0.0;0.0
1.0;1753877991.379066;18.525136;-0.24;-1.39;59.45;-0.72305;0.544341;0.006493;0.0;0.0;0.0;0.0;0.0;0.0
1.0;1753877991.383664;18.520977;-0.48;-2.45;59.98;-0.388469;0.519807;0.045249;0.0;0.0;0.0;0.0;0.0;0.0
1.0;1753877991.388262;18.543923;-1.53;-2.9;53.53;-0.380413;0.496322;0.060966;0.0;0.0;0.0;0.0;0.0;0.0
1.0;1753877991.39286;18.528062;-0.97;-2.9;66.12;-0.519552;0.520534;0.065644;0.0;0.0;0.0;0.0;0.0;0.0
1.0;1753877991.397458;18.525452;-0.94;-1.71;54.76;-0.3667;0.534655;-0.018596;0.0;0.0;0.0;0.0;0.0;0.0
1.0;1753877991.402056;18.547567;-1.95;-2.68;57.02;-0.417069;0.516074;0.059796;0.0;0.0;0.0;0.0;0.0;0.0
1.0;1753877991.406654;18.537695;-1.74;-2.49;55.16;-0.579809;0.480522;0.04009;0.0;0.0;0.0;0.0;0.0;0.0
1.0;1753877991.411251;18.538678;-1.38;-1.42;59.26;-0.580401;0.481371;0.025207;0.0;0.0;0.0;0.0;0.0;0.0
1.0;1753877991.415849;18.515161;-0.96;-0.06;61.16;-0.538247;0.542048;0.051342;0.0;0.0;0.0;0.0;0.0;0.0
1.0;1753877991.420447;18.546801;-0.81;-2.82;61.21;-0.346488;0.571607;0.008295;0.0;0.0;0.0;0.0;0.0;0.0
1.0;1753877991.425045;18.54578;-0.6;-0.86;65.84;-0.5676;0.599434;0.048307;0.0;0.0;0.0;0.0;0.0;0.0
1.0;1753877991.429643;18.535469;-1.14;-3.19;58.91;-0.388691;0.641462;0.023039;0.0;0.0;0.0;0.0;0.0;0.0
1.0;1753877991.434241;18.523824;-0.65;-1.93;55.44;-0.58923;0.602383;-0.006197;0.0;0.0;0.0;0.0;0.0;0.0
1.0;1753877991.438839;18.534545;-0.18;-1.64;73.08;-0.414316;0.580167;0.054831;0.0;0.0;0.0;0.0;0.0;0.0
1.0;1753877991.443436;18.541068;-1.78;-2.39;67.43;-0.390334;0.631115;0.046237;0.0;0.0;0.0;0.0;0.0;0.0
1.0;1753877991.448034;18.537629;-1.13;-2.22;59.1;-0.612149;0.566395;0.011352;0.0;0.0;0.0;0.0;0.0;0.0
1.0;1753877991.452632;18.547029;0.05;-1.44;66.58;-0.5279;0.5239;0.03858;0.0;0.0;0.0;0.0;0.0;0.0
1.0;1753877991.45723;18.523856;0.18;-2.57;61.94;-0.445525;0.570444;0.03106;0.0;0.0;0.0;0.0;0.0;0.0
1.0;1753877991.461828;18.541268;-1.46;-1.44;62.88;-0.259264;0.535101;0.026872;0.0;0.0;0.0;0.0;0.0;0.0
1.0;1753877991.466426;18.539972;-0.99;-2.33;65.83;-0.390275;0.525422;0.00298;0.0;0.0;0.0;0.0;0.0;0.0
1.0;1753877991.471024;18.527915;-0.49;-1.78;59.66;-0.37035;0.646855;0.033232;0.0;0.0;0.0;0.0;0.0;0.0
1.0;1753877991.475622;18.54314;-0.1;-1.53;54.09;-0.337916;0.641875;0.026328;0.0;0.0;0.0;0.0;0.0;0.0
1.0;1753877991.48022;18.54889;-0.76;-0.81;67.29;-0.49005;0.632932;0.043487;0.0;0.0;0.0;0.0;0.0;0.0
1.0;1753877991.484818;18.523052;-1.96;-2.85;68.07;-0.527659;0.485101;0.007884;0.0;0.0;0.0;0.0;0.0;0.0
1.0;1753877991.489416;18.517792;-1.22;-1.97;77.71;-0.235762;0.568831;0.053624;0.0;0.0;0.0;0.0;0.0;0.0
1.0;1753877991.494014;18.530299;-0.53;-2.45;79.46;-0.404054;0.664475;0.030395;0.0;0.0;0.0;0.0;0.0;0.0
1.0;1753877991.498612;18.536796;-0.18;-1.41;68.96;-0.24141;0.632851;0.082671;0.0;0.0;0.0;0.0;0.0;0.0
1.0;1753877991.503209;18.535772;0.12;-1.07;73.66;-0.331744;0.638646;0.042717;0.0;0.0;0.0;0.0;0.0;0.0
1.0;1753877991.507807;18.527872;-0.94;-0.97;62.64;-0.383967;0.639412;-0.00608;0.0;0.0;0.0;0.0;0.0;0.0
1.0;1753877991.512405;18.533332;0.57;-1.43;84.83;-0.520129;0.604475;0.037491;0.0;0.0;0.0;0.0;0.0;0.0
1.0;1753877991.517003;18.535004;0.14;-2.48;74.97;-0.408966;0.600626;-0.017415;0.0;0.0;0.0;0.0;0.0;0.0
1.0;1753877991.521601;18.521541;0.08;-2.6;67.08;-0.277088;0.616217;0.020314;0.0;0.0;0.0;0.0;0.0;0.0
1.0;1753877991.526199;18.537887;-1.93;-1.16;69.92;-0.303818;0.659754;0.034297;0.0;0.0;0.0;0.0;0.0;0.0
1.0;1753877991.530797;18.516633;-1.66;-2.25;68.19;-0.301392;0.629699;0.033923;0.0;0.0;0.0;0.0;0.0;0.0
1.0;1753877991.535395;18.534579;-0.89;-2.37;76.15;-0.245556;0.64264;0.048943;0.0;0.0;0.0;0.0;0.0;0.0
1.0;1753877991.539992;18.519272;1.5;-0.47;83.3;-0.517914;0.64633;0.030159;0.0;0.0;0.0;0.0;0.0;0.0
1.0;1753877991.54459;18.513508;-0.78;0.16;84.92;-0.401148;0.667571;0.0455;0.0;0.0;0.0;0.0;0.0;0.0
1.0;1753877991.549188;18.528653;-0.97;-3.15;73.01;-0.334079;0.620625;0.028977;0.0;0.0;0.0;0.0;0.0;0.0
1.0;1753877991.553786;18.537344;-1.1;-1.43;68.83;-0.175646;0.728447;0.052987;0.0;0.0;0.0;0.0;0.0;0.0
1.0;1753877991.558384;18.521149;-0.69;-0.38;80.18;-0.312457;0.643409;0.033583;0.0;0.0;0.0;0.0;0.0;0.0
1.0;1753877991.562982;18.524328;-0.66;-1.0;81.03;-0.151512;0.663832;0.031533;0.0;0.0;0.0;0.0;0.0;0.0
1.0;1753877991.56758;18.527768;-1.32;-2.26;78.99;-0.469524;0.717931;0.03855;0.0;0.0;0.0;0.0;0.0;0.0
1.0;1753877991.572178;18.544833;0.55;-1.72;81.8;-0.509709;0.72549;0.027252;0.0;0.0;0.0;0.0;0.0;0.0
1.0;1753877991.576776;18.518625;-0.49;-2.62;84.03;-0.312712;0.654364;0.029206;0.0;0.0;0.0;0.0;0.0;0.0
1.0;1753877991.581374;18.533532;-0.41;-2.36;89.29;-0.290761;0.738548;0.02301;0.0;0.0;0.0;0.0;0.0;0.0
1.0;1753877991.585972;18.528606;-1.02;-2.28;80.5;-0.242099;0.766426;-0.003175;0.0;0.0;0.0;0.0;0.0;0.0
1.0;1753877991.59057;18.510578;-0.09;-2.06;94.37;-0.285204;0.667075;0.00393;0.0;0.0;0.0;0.0;0.0;0.0
1.0;1753877991.595168;18.537215;0.96;-0.72;79.47;-0.400866;0.677026;0.012672;0.0;0.0;0.0;0.0;0.0;0.0
1.0;1753877991.599765;18.509196;-1.18;-1.98;73.79;-0.265018;0.644016;0.044014;0.0;0.0;0.0;0.0;0.0;0.0
1.0;1753877991.604363;18.525714;-0.58;-2.87;79.64;-0.214556;0.812758;0.080983;0.0;0.0;0.0;0.0;0.0;0.0
1.0;1753877991.608961;18.521515;1.32;-1.61;83.95;-0.280129;0.701161;0.029902;0.0;0.0;0.0;0.0;0.0;0.0
1.0;1753877991.613559;18.526526;0.2;-3.01;87.25;-0.056844;0.665872;0.007759;0.0;0.0;0.0;0.0;0.0;0.0
1.0;1753877991.618157;18.51603;-1.19;-1.41;85.15;-0.320689;0.787243;0.034538;0.0;0.0;0.0;0.0;0.0;0.0
1.0;1753877991.622755;18.523459;0.26;-2.36;83.4;-0.159818;0.812114;0.022246;0.0;0.0;0.0;0.0;0.0;0.0
1.0;1753877991.627353;18.535873;0.67;-1.28;78.78;-0.128468;0.791259;0.026156;0.0;0.0;0.0;0.0;0.0;0.0
1.0;1753877991.63195;18.519045;-2.02;-2.11;74.07;-0.212622;0.783276;0.029327;0.0;0.0;0.0;0.0;0.0;0.0
1.0;1753877991.636548;18.524776;0.43;-2.4;82.68;-0.278242;0.694657;0.044752;0.0;0.0;0.0;0.0;0.0;0.0
1.0;1753877991.641146;18.522438;-0.55;-3.13;84.57;-0.265895;0.772887;0.006153;0.0;0.0;0.0;0.0;0.0;0.0
1.0;1753877991.645744;18.511637;-0.93;-2.47;90.45;-0.050435;0.794589;0.053879;0.0;0.0;0.0;0.0;0.0;0.0
1.0;1753877991.650342;18.521085;-0.96;-2.43;82.97;-0.138854;0.75305;0.049101;0.0;0.0;0.0;0.0;0.0;0.0
1.0;1753877991.65494;18.518855;-1.16;0.18;100.42;-0.103789;0.763466;0.067068;0.0;0.0;0.0;0.0;0.0;0.0
1.0;1753877991.659538;18.524029;-1.86;-2.87;89.47;-0.374575;0.779691;0.025942;0.0;0.0;0.0;0.0;0.0;0.0
1.0;1753877991.664136;18.538937;-0.98;-0.72;95.28;-0.152355;0.834285;0.024896;0.0;0.0;0.0;0.0;0.0;0.0
1.0;1753877991.668734;18.525718;-2.07;-2.51;97.29;-0.057042;0.78754;0.008214;0.0;0.0;0.0;0.0;0.0;0.0
1.0;1753877991.673332;18.515933;-0.31;-1.4;87.9;0.051226;0.800357;0.040797;0.0;0.0;0.0;0.0;0.0;0.0
1.0;1753877991.67793;18.508014;-1.02;-2.52;94.54;-0.259388;0.778906;0.056025;0.0;0.0;0.0;0.0;0.0;0.0
1.0;1753877991.682528;18.535236;-0.44;-1.78;95.07;-0.12854;0.88482;0.065411;0.0;0.0;0.0;0.0;0.0;0.0
1.0;1753877991.687126;18.534768;-0.68;-1.63;87.68;-0.119472;0.799609;0.063132;0.0;0.0;0.0;0.0;0.0;0.0
1.0;1753877991.691723;18.530877;-2.69;-1.85;101.49;-0.080351;0.878754;0.063228;0.0;0.0;0.0;0.0;0.0;0.0
1.0;1753877991.696321;18.527415;-0.24;-3.0;103.35;-0.156836;0.796297;0.009056;0.0;0.0;0.0;0.0;0.0;0.0
1.0;1753877991.700919;18.526685;0.03;-1.92;98.68;-0.152022;0.802915;0.036596;0.0;0.0;0.0;0.0;0.0;0.0
1.0;1753877991.705517;18.524158;-0.99;-1.62;91.69;-0.0869;0.775508;0.015114;0.0;0.0;0.0;0.0;0.0;0.0
1.0;1753877991.710115;18.532313;-1.01;-1.28;104.64;0.018317;0.922101;0.058097;0.0;0.0;0.0;0.0;0.0;0.0
1.0;1753877991.714713;18.527667;-1.1;-3.43;105.02;-0.158749;0.845104;0.000803;0.0;0.0;0.0;0.0;0.0;0.0
1.0;1753877991.719311;18.523656;-1.52;-1.36;97.81;-0.221856;0.813519;0.042714;0.0;0.0;0.0;0.0;0.0;0.0
1.0;1753877991.723909;18.522253;-0.7;-2.28;99.89;-0.053686;0.852999;0.043044;0.0;0.0;0.0;0.0;0.0;0.0
1.0;1753877991.728506;18.532348;-1.5;-3.37;103.13;0.002816;0.774543;0.035249;0.0;0.0;0.0;0.0;0.0;0.0
1.0;1753877991.733104;18.52952;-0.4;-3.25;107.52;-0.059935;0.790179;0.017145;0.0;0.0;0.0;0.0;0.0;0.0
1.0;1753877991.737702;18.533559;0.48;-3.2;93.65;-0.37762;0.871348;-0.000117;0.0;0.0;0.0;0.0;0.0;0.0
1.0;1753877991.7423;18.511652;-0.45;-2.18;96.0;-0.077996;0.859882;0.051956;0.0;0.0;0.0;0.0;0.0;0.0
1.0;1753877991.746898;18.538921;-0.12;-2.04;105.69;-0.062711;0.946879;0.053177;0.0;0.0;0.0;0.0;0.0;0.0
1.0;1753877991.751496;18.522666;-1.14;-3.57;103.14;-0.016192;0.877157;0.064334;0.0;0.0;0.0;0.0;0.0;0.0
1.0;1753877991.756094;18.534162;0.69;-2.49;108.32;-0.133046;0.895165;0.006208;0.0;0.0;0.0;0.0;0.0;0.0
1.0;1753877991.760692;18.526324;0.88;-3.31;99.16;-0.21545;0.952243;0.064973;0.0;0.0;0.0;0.0;0.0;0.0
1.0;1753877991.76529;18.518477;0.19;-1.83;101.96;0.158783;0.968374;0.041692;0.0;0.0;0.0;0.0;0.0;0.0
1.0;1753877991.769888;18.521456;-2.21;-3.25;104.81;0.027945;0.841827;0.058194;0.0;0.0;0.0;0.0;0.0;0.0
1.0;1753877991.774486;18.519411;-1.04;-2.09;104.18;-0.019357;0.896466;0.025419;0.0;0.0;0.0;0.0;0.0;0.0
1.0;1753877991.779084;18.523174;-0.5;-2.44;115.8;-0.109532;0.92092;0.023028;0.0;0.0;0.0;0.0;0.0;0.0
1.0;1753877991.783682;18.525505;0.49;-1.79;103.61;-0.230759;0.938393;0.029346;0.0;0.0;0.0;0.0;0.0;0.0
1.0;1753877991.788279;18.509957;0.01;-2.71;99.07;0.097317;0.855109;0.051392;0.0;0.0;0.0;0.0;0.0;0.0
1.0;1753877991.792877;18.522502;-0.32;-2.04;100.56;0.061645;0.86305;0.033383;0.0;0.0;0.0;0.0;0.0;0.0
1.0;1753877991.797475;18.520437;-1.91;-3.22;104.5;-0.146101;0.940883;0.027013;0.0;0.0;0.0;0.0;0.0;0.0
1.0;1753877991.802073;18.515013;-0.8;-2.46;86.64;-0.042986;0.965884;0.02345;0.0;0.0;0.0;0.0;0.0;0.0
1.0;1753877991.806671;18.535727;-0.3;-2.46;112.22;0.045762;0.965545;0.058765;0.0;0.0;0.0;0.0;0.0;0.0
1.0;1753877991.811269;18.52664;-0.43;-1.34;120.27;0.119737;0.925567;0.063732;0.0;0.0;0.0;0.0;0.0;0.0
1.0;1753877991.815867;18.529904;-0.67;-2.63;116.2;-0.110266;0.938383;0.057475;0.0;0.0;0.0;0.0;0.0;0.0
1.0;1753877991.820464;18.528409;0.4;-2.31;107.94;-0.094645;0.973335;0.01656;0.0;0.0;0.0;0.0;0.0;0.0
1.0;1753877991.825062;18.514472;0.58;-2.52;117.8;0.034695;0.959778;0.008956;0.0;0.0;0.0;0.0;0.0;0.0
1.0;1753877991.82966;18.515447;-1.32;-1.76;113.89;0.015979;0.933092;0.010269;0.0;0.0;0.0;0.0;0.0;0.0
1.0;1753877991.834258;18.51334;0.05;-2.89;128.4;0.051725;0.982684;0.019027;0.0;0.0;0.0;0.0;0.0;0.0
1.0;1753877991.838856;18.522544;-0.41;-3.74;110.54;-0.035451;1.059127;0.043938;0.0;0.0;0.0;0.0;0.0;0.0
1.0;1753877991.843454;18.539583;-1.33;-2.11;109.3;0.009087;0.954206;0.044841;0.0;0.0;0.0;0.0;0.0;0.0
1.0;1753877991.848052;18.52658;-1.24;-2.41;112.2;0.134853;0.949482;0.005802;0.0;0.0;0.0;0.0;0.0;0.0
1.0;1753877991.85265;18.517366;-1.33;-2.2;123.57;-0.002298;1.055753;0.069386;0.0;0.0;0.0;0.0;0.0;0.0
1.0;1753877991.857248;18.526214;-0.03;-3.85;114.76;0.036345;0.976664;0.061514;0.0;0.0;0.0;0.0;0.0;0.0
1.0;1753877991.861846;18.513758;-0.82;-2.67;118.82;-0.050542;1.000965;0.02986;0.0;0.0;0.0;0.0;0.0;0.0
1.0;1753877991.866444;18.519079;-0.13;-2.51;115.01;-0.003474;1.039792;0.072983;0.0;0.0;0.0;0.0;0.0;0.0
1.0;1753877991.871042;18.523199;-1.83;-2.3;120.67;-0.095856;0.971317;0.035241;0.0;0.0;0.0;0.0;0.0;0.0
1.0;1753877991.87564;18.52928;-1.07;-2.89;99.94;0.11349;0.982674;0.003454;0.0;0.0;0.0;0.0;0.0;0.0
1.0;1753877991.881;18.523438;-0.84;-2.31;117.67;0.082838;1.013332;0.042578;0.0;0.0;0.0;0.0;0.0;0.0
1.0;1753877991.885598;18.522443;-1.59;-3.95;119.16;0.004383;1.015412;0.036321;0.0;0.0;0.0;0.0;0.0;0.0
1.0;1753877991.890196;18.523445;-1.93;-2.88;122.15;0.215588;0.983477;0.033416;0.0;0.0;0.0;0.0;0.0;0.0
1.0;1753877991.894794;18.542382;-0.98;-1.69;118.22;0.051499;0.967445;0.022759;0.0;0.0;0.0;0.0;0.0;0.0
1.0;1753877991.899392;18.498392;-0.93;-3.09;124.14;0.041341;1.029057;0.05436;0.0;0.0;0.0;0.0;0.0;0.0
1.0;1753877991.90399;18.524703;0.12;-4.28;100.29;0.188417;0.941029;0.014654;0.0;0.0;0.0;0.0;0.0;0.0
1.0;1753877991.908588;18.509855;-1.16;-1.16;121.35;0.080724;1.000707;0.075861;0.0;0.0;0.0;0.0;0.0;0.0
1.0;1753877991.913185;18.526422;-1.35;-2.87;114.46;0.155427;1.129653;0.079421;0.0;0.0;0.0;0.0;0.0;0.0
1.0;1753877991.917783;18.521261;-1.37;-2.63;118.06;0.153607;1.027757;0.052041;0.0;0.0;0.0;0.0;0.0;0.0
1.0;1753877991.922381;18.528081;-0.53;-3.69;117.75;0.077768;0.991783;0.09665;0.0;0.0;0.0;0.0;0.0;0.0
1.0;1753877991.926979;18.508784;-1.0;-2.65;120.54;0.110254;0.995577;0.029569;0.0;0.0;0.0;0.0;0.0;0.0
1.0;1753877991.931577;18.523521;0.01;-3.13;130.0;-0.013029;0.980341;0.054697;0.0;0.0;0.0;0.0;0.0;0.0
1.0;1753877991.936175;18.533792;0.1;-3.78;117.94;0.265011;0.981812;0.081732;0.0;0.0;0.0;0.0;0.0;0.0
1.0;1753877991.940773;18.513601;-0.9;-3.87;119.41;0.168247;1.019802;0.046344;0.0;0.0;0.0;0.0;0.0;0.0
1.0;1753877991.945371;18.521352;0.79;-1.93;119.64;0.26394;0.943294;0.027053;0.0;0.0;0.0;0.0;0.0;0.0
1.0;1753877991.949968;18.520793;-0.66;-2.28;123.1;0.185766;0.970137;0.040312;0.0;0.0;0.0;0.0;0.0;0.0
1.0;1753877991.9573;18.523438;-0.49;-2.87;117.04;0.256322;0.98149;0.0488;0.0;0.0;0.0;0.0;0.0;0.0
1.0;1753877991.961898;18.525674;0.07;-3.33;110.26;-0.001815;0.946745;0.017079;0.0;0.0;0.0;0.0;0.0;0.0
1.0;1753877991.966496;18.514859;-0.09;-2.71;120.41;0.212375;0.926121;0.021939;0.0;0.0;0.0;0.0;0.0;0.0
1.0;1753877991.971094;18.528927;-0.64;-2.22;116.6;-0.038657;0.958156;0.022728;0.0;0.0;0.0;0.0;0.0;0.0
1.0;1753877991.9764;18.523438;-0.84;-2.59;119.98;0.026962;0.987834;0.029524;0.0;0.0;0.0;0.0;0.0;0.0
1.0;1753877991.979246;18.550781;-1.54;-13.02;155.75;0.287798;-1.003084;-0.162382;0.0;0.0;0.0;0.0;0.0;0.0
1.0;1753877991.983844;18.567378;-0.46;-11.99;141.27;0.445158;-1.245518;-0.08527;0.0;0.0;0.0;0.0;0.0;0.0
1.0;1753877991.988808;18.542969;-0.84;-12.95;150.85;0.430782;-0.847778;-0.173362;0.0;0.0;0.0;0.0;0.0;0.0
1.0;1753877991.996704;18.542969;1.89;-14.07;150.08;0.229116;-0.916464;-0.109068;0.0;0.0;0.0;0.0;0.0;0.0
1.0;1753877991.997481;18.542969;0.49;-13.09;148.19;0.177998;-0.963922;-0.089304;0.0;0.0;0.0;0.0;0.0;0.0
1.0;1753877992.002079;18.55458;0.34;-13.16;146.55;0.074395;-0.956512;-0.119536;0.0;0.0;0.0;0.0;0.0;0.0
1.0;1753877992.006677;18.527425;-3.58;-13.13;156.35;0.017187;-1.156963;-0.276109;0.0;0.0;0.0;0.0;0.0;0.0
1.0;1753877992.011275;18.553775;4.33;-13.91;147.62;-0.01018;-1.014703;0.335639;0.0;0.0;0.0;0.0;0.0;0.0
1.0;1753877992.015873;18.570379;-3.48;-14.44;134.99;0.408205;-0.9798;-0.111227;0.0;0.0;0.0;0.0;0.0;0.0
1.0;1753877992.02047;18.557273;-3.45;-12.63;169.33;0.144337;-0.75776;-0.440413;0.0;0.0;0.0;0.0;0.0;0.0
1.0;1753877992.025068;18.548108;0.83;-13.21;143.83;0.378554;-0.572368;-0.049875;0.0;0.0;0.0;0.0;0.0;0.0
1.0;1753877992.029666;18.528792;-0.42;-13.39;161.25;0.284659;-1.419311;-0.174797;0.0;0.0;0.0;0.0;0.0;0.0
1.0;1753877992.034264;18.555574;2.11;-14.31;127.01;0.106473;-0.923082;-0.083651;0.0;0.0;0.0;0.0;0.0;0.0
1.0;1753877992.038862;18.560187;1.11;-12.25;154.24;0.123014;-1.197864;-0.265066;0.0;0.0;0.0;0.0;0.0;0.0
1.0;1753877992.04346;18.552827;0.08;-13.42;135.38;-0.096188;-0.998236;-0.325384;0.0;0.0;0.0;0.0;0.0;0.0
1.0;1753877992.048058;18.521456;0.03;-13.78;145.93;0.216519;-1.071658;-0.126826;0.0;0.0;0.0;0.0;0.0;0.0
1.0;1753877992.052656;18.530465;-0.91;-12.8;145.52;0.114601;-0.816191;-0.448702;0.0;0.0;0.0;0.0;0.0;0.0
1.0;1753877992.057254;18.552231;1.3;-13.35;137.01;0.200474;-0.645222;-0.036072;0.0;0.0;0.0;0.0;0.0;0.0
1.0;1753877992.061852;18.547893;6.32;-12.97;159.21;-0.057773;-1.148112;-0.260073;0.0;0.0;0.0;0.0;0.0;0.0
1.0;1753877992.06645;18.540292;1.85;-12.75;156.76;0.148672;-0.872428;-0.347673;0.0;0.0;0.0;0.0;0.0;0.0
1.0;1753877992.071048;18.509532;-0.38;-12.95;145.07;0.624398;-0.999877;0.00613;0.0;0.0;0.0;0.0;0.0;0.0
1.0;1753877992.075646;18.536631;-0.37;-13.31;133.13;0.07632;-0.888192;-0.078889;0.0;0.0;0.0;0.0;0.0;0.0
1.0;1753877992.080243;18.55596;-3.2;-11.61;156.39;-0.055438;-1.100886;-0.068298;0.0;0.0;0.0;0.0;0.0;0.0
1.0;1753877992.084841;18.545099;-0.1;-11.22;140.93;0.164682;-0.85969;-0.330813;0.0;0.0;0.0;0.0;0.0;0.0
1.0;1753877992.089439;18.55129;-2.84;-12.97;127.1;0.640658;-1.007621;-0.081965;0.0;0.0;0.0;0.0;0.0;0.0
1.0;1753877992.094037;18.561597;0.58;-12.33;155.2;0.019652;-1.331633;-0.419597;0.0;0.0;0.0;0.0;0.0;0.0
1.0;1753877992.098635;18.546221;0.14;-12.59;139.22;0.018435;-0.723368;-0.223193;0.0;0.0;0.0;0.0;0.0;0.0
1.0;1753877992.103233;18.567824;2.19;-13.54;138.31;0.265943;-0.979481;-0.060647;0.0;0.0;0.0;0.0;0.0;0.0
1.0;1753877992.107831;18.550518;0.92;-10.09;149.39;0.393378;-0.857215;-0.094218;0.0;0.0;0.0;0.0;0.0;0.0
1.0;1753877992.112429;18.538368;1.85;-13.26;153.52;0.220694;-1.230228;-0.31952;0.0;0.0;0.0;0.0;0.0;0.0
1.0;1753877992.117026;18.552682;-0.3;-13.14;147.31;0.258198;-1.023959;0.305896;0.0;0.0;0.0;0.0;0.0;0.0
1.0;1753877992.121624;18.57373;-0.09;-12.0;149.5;0.010652;-1.4746;0.169732;0.0;0.0;0.0;0.0;0.0;0.0
1.0;1753877992.126222;18.539445;0.61;-11.38;133.89;0.087088;-0.956525;-0.002837;0.0;0.0;0.0;0.0;0.0;0.0
1.0;1753877992.13082;18.545416;2.52;-12.71;140.5;0.316189;-0.632055;-0.046385;0.0;0.0;0.0;0.0;0.0;0.0
1.0;1753877992.135418;18.542605;2.47;-12.47;138.57;0.213587;-0.850359;-0.043573;0.0;0.0;0.0;0.0;0.0;0.0
1.0;1753877992.140016;18.53856;5.15;-11.81;133.53;0.255428;-1.325308;-0.065618;0.0;0.0;0.0;0.0;0.0;0.0
1.0;1753877992.144614;18.542779;1.17;-16.46;152.82;0.107293;-0.788435;-0.04713;0.0;0.0;0.0;0.0;0.0;0.0
1.0;1753877992.149212;18.521416;1.06;-12.64;148.57;0.164884;-1.200855;-0.090192;0.0;0.0;0.0;0.0;0.0;0.0
1.0;1753877992.15381;18.568842;2.3;-13.9;140.4;0.319967;-1.233638;-0.158772;0.0;0.0;0.0;0.0;0.0;0.0
1.0;1753877992.158408;18.539453;2.42;-13.31;142.15;0.217033;-1.046678;-0.069359;0.0;0.0;0.0;0.0;0.0;0.0
1.0;1753877992.163006;18.540839;1.27;-10.64;138.02;-0.042427;-1.168738;0.047546;0.0;0.0;0.0;0.0;0.0;0.0
1.0;1753877992.167604;18.5476;4.93;-12.4;131.89;-0.03624;-0.849023;0.047539;0.0;0.0;0.0;0.0;0.0;0.0
1.0;1753877992.172202;18.534727;-2.69;-11.04;135.84;0.315717;-0.869963;0.161829;0.0;0.0;0.0;0.0;0.0;0.0
1.0;1753877992.176799;18.553025;3.76;-12.04;151.49;-0.020274;-1.45683;-0.161203;0.0;0.0;0.0;0.0;0.0;0.0
1.0;1753877992.181397;18.545733;0.68;-12.72;136.15;0.059504;-1.217328;-0.068474;0.0;0.0;0.0;0.0;0.0;0.0
1.0;1753877992.185995;18.557949;2.92;-11.35;153.91;0.358735;-1.177848;0.034334;0.0;0.0;0.0;0.0;0.0;0.0
1.0;1753877992.190593;18.540229;0.32;-11.96;146.81;0.2964;-1.413264;0.135004;0.0;0.0;0.0;0.0;0.0;0.0
1.0;1753877992.195191;18.548787;-1.21;-13.0;134.7;-0.004196;-0.925158;-0.032288;0.0;0.0;0.0;0.0;0.0;0.0
1.0;1753877992.199789;18.542878;1.12;-14.39;137.06;0.1;-0.942191;0.146856;0.0;0.0;0.0;0.0;0.0;0.0
1.0;1753877992.204387;18.564655;2.79;-12.37;142.66;0.354191;-1.444996;-0.209346;0.0;0.0;0.0;0.0;0.0;0.0
1.0;1753877992.2128;18.542969;0.56;-12.18;144.06;0.170068;-1.069086;-0.110166;0.0;0.0;0.0;0.0;0.0;0.0
1.0;1753877992.217398;18.51929;-0.96;-10.74;113.29;0.297367;-0.933013;-0.011097;0.0;0.0;0.0;0.0;0.0;0.0
1.0;1753877992.221996;18.541674;3.26;-13.25;149.15;0.18021;-1.204464;-0.15742;0.0;0.0;0.0;0.0;0.0;0.0
1.0;1753877992.226594;18.529348;-1.64;-13.05;136.57;0.332208;-0.933215;0.059887;0.0;0.0;0.0;0.0;0.0;0.0
1.0;1753877992.231192;18.541826;-0.83;-10.97;146.42;-0.201989;-0.288466;-0.18211;0.0;0.0;0.0;0.0;0.0;0.0
1.0;1753877992.23579;18.560989;-1.89;-9.57;166.4;-0.099595;-0.830311;0.058549;0.0;0.0;0.0;0.0;0.0;0.0
1.0;1753877992.240388;18.51703;0.77;-13.12;140.62;0.288365;-1.347631;-0.214267;0.0;0.0;0.0;0.0;0.0;0.0
1.0;1753877992.244985;18.571512;2.79;-13.6;122.6;0.365658;-1.164389;-0.088131;0.0;0.0;0.0;0.0;0.0;0.0
1.0;1753877992.249583;18.530199;0.88;-13.14;129.54;0.266083;-1.402877;-0.113174;0.0;0.0;0.0;0.0;0.0;0.0
1.0;1753877992.254181;18.50829;0.46;-11.57;149.05;0.32339;-0.870888;0.027394;0.0;0.0;0.0;0.0;0.0;0.0
1.0;1753877992.258779;18.544502;4.97;-9.81;134.64;-0.046465;-1.303613;-0.370097;0.0;0.0;0.0;0.0;0.0;0.0
1.0;1753877992.263377;18.528691;1.69;-10.61;152.33;0.734886;-0.889473;-0.282259;0.0;0.0;0.0;0.0;0.0;0.0
1.0;1753877992.267975;18.557487;-0.79;-13.83;151.19;0.328937;-1.186091;-0.230426;0.0;0.0;0.0;0.0;0.0;0.0
1.0;1753877992.272573;18.529046;-1.84;-11.22;144.18;0.434122;-1.25581;0.138642;0.0;0.0;0.0;0.0;0.0;0.0
1.0;1753877992.277171;18.556157;3.06;-13.01;136.43;0.250638;-1.262244;-0.134426;0.0;0.0;0.0;0.0;0.0;0.0
1.0;1753877992.281768;18.541773;-0.17;-11.76;134.31;-0.192164;-1.096896;-0.184518;0.0;0.0;0.0;0.0;0.0;0.0
1.0;1753877992.286366;18.547135;-1.31;-12.21;131.31;0.045542;-0.997097;-0.057075;0.0;0.0;0.0;0.0;0.0;0.0
1.0;1753877992.290964;18.515901;-0.57;-11.39;128.89;0.126358;-1.146804;-0.30979;0.0;0.0;0.0;0.0;0.0;0.0
1.0;1753877992.295562;18.537018;2.03;-11.12;129.96;0.062862;-1.229876;0.143703;0.0;0.0;0.0;0.0;0.0;0.0
1.0;1753877992.30016;18.537981;-2.27;-12.49;145.96;0.602662;-1.024891;0.259768;0.0;0.0;0.0;0.0;0.0;0.0
1.0;1753877992.304758;18.541254;0.43;-13.15;151.7;0.031946;-1.452795;-0.340481;0.0;0.0;0.0;0.0;0.0;0.0
1.0;1753877992.309356;18.569556;-4.03;-12.91;145.02;-0.266735;-0.917518;-0.284841;0.0;0.0;0.0;0.0;0.0;0.0
1.0;1753877992.313954;18.536471;0.25;-12.27;151.3;0.190018;-0.904839;0.068238;0.0;0.0;0.0;0.0;0.0;0.0
1.0;1753877992.318552;18.54814;-0.46;-12.63;140.87;0.062417;-0.99132;-0.047887;0.0;0.0;0.0;0.0;0.0;0.0
1.0;1753877992.32315;18.542947;4.1;-12.63;152.05;0.373881;-0.754838;0.118252;0.0;0.0;0.0;0.0;0.0;0.0
1.0;1753877992.327748;18.561763;0.17;-14.29;142.52;0.172999;-1.18792;-0.211423;0.0;0.0;0.0;0.0;0.0;0.0
1.0;1753877992.332346;18.525133;-1.07;-13.96;139.15;0.134012;-1.204897;-0.242683;0.0;0.0;0.0;0.0;0.0;0.0
1.0;1753877992.336944;18.538052;2.63;-14.52;142.9;-0.101384;-0.972972;-0.019205;0.0;0.0;0.0;0.0;0.0;0.0
1.0;1753877992.341541;18.543024;-1.3;-12.88;143.84;0.017624;-1.193185;-0.043841;0.0;0.0;0.0;0.0;0.0;0.0
1.0;1753877992.346139;18.540194;-2.02;-11.43;146.78;-0.339908;-1.121068;-0.195628;0.0;0.0;0.0;0.0;0.0;0.0
1.0;1753877992.350737;18.544139;0.48;-11.22;144.85;0.241406;-0.908596;-0.055929;0.0;0.0;0.0;0.0;0.0;0.0
1.0;1753877992.355335;18.54082;1.58;-11.2;120.16;0.417693;-1.166722;-0.023621;0.0;0.0;0.0;0.0;0.0;0.0
1.0;1753877992.359933;18.529086;4.68;-13.25;144.84;0.246021;-1.233901;0.025964;0.0;0.0;0.0;0.0;0.0;0.0
1.0;1753877992.364531;18.564152;-2.43;-12.56;136.48;0.088197;-1.188745;-0.023791;0.0;0.0;0.0;0.0;0.0;0.0
1.0;1753877992.369129;18.557867;-0.92;-13.58;132.84;0.581192;-0.782353;-0.150957;0.0;0.0;0.0;0.0;0.0;0.0
1.0;1753877992.373726;18.539246;-0.75;-9.75;149.42;0.439115;-1.260394;0.253746;0.0;0.0;0.0;0.0;0.0;0.0
1.0;1753877992.378324;18.544525;2.58;-13.18;124.54;0.497272;-1.357107;0.090702;0.0;0.0;0.0;0.0;0.0;0.0
1.0;1753877992.382922;18.552871;-4.94;-10.27;129.52;0.109857;-1.276273;0.083933;0.0;0.0;0.0;0.0;0.0;0.0
1.0;1753877992.38752;18.540884;0.97;-9.06;155.89;0.284148;-0.951986;-0.070417;0.0;0.0;0.0;0.0;0.0;0.0
1.0;1753877992.392118;18.540126;0.2;-13.85;152.55;0.035054;-1.012449;-0.223205;0.0;0.0;0.0;0.0;0.0;0.0
1.0;1753877992.396716;18.507505;0.08;-10.3;135.97;0.329412;-0.817443;-0.166569;0.0;0.0;0.0;0.0;0.0;0.0
1.0;1753877992.401314;18.555596;-3.4;-9.6;155.0;-0.028704;-1.214075;0.08428;0.0;0.0;0.0;0.0;0.0;0.0
1.0;1753877992.405912;18.529525;-1.69;-11.44;142.5;0.12729;-0.85392;-0.311715;0.0;0.0;0.0;0.0;0.0;0.0
1.0;1753877992.41051;18.513051;-0.92;-12.25;128.14;-0.079916;-1.244527;-0.178895;0.0;0.0;0.0;0.0;0.0;0.0
1.0;1753877992.415108;18.547159;0.99;-13.28;133.54;0.271097;-1.164831;-0.023554;0.0;0.0;0.0;0.0;0.0;0.0
1.0;1753877992.419706;18.546344;-1.46;-12.01;122.27;0.123473;-1.315309;-0.024206;0.0;0.0;0.0;0.0;0.0;0.0
1.0;1753877992.424304;18.528555;0.76;-12.15;140.96;0.057789;-1.071776;-0.165707;0.0;0.0;0.0;0.0;0.0;0.0
1.0;1753877992.428902;18.536304;2.75;-10.14;158.72;0.048183;-1.413522;-0.02274;0.0;0.0;0.0;0.0;0.0;0.0
1.0;1753877992.433499;18.559117;-2.13;-11.82;128.31;-0.115823;-1.094112;-0.321058;0.0;0.0;0.0;0.0;0.0;0.0
1.0;1753877992.438097;18.534307;-0.74;-12.27;160.82;0.220548;-1.217192;-0.272027;0.0;0.0;0.0;0.0;0.0;0.0
1.0;1753877992.442695;18.5362;2.21;-12.7;126.15;0.327936;-1.172814;0.040053;0.0;0.0;0.0;0.0;0.0;0.0
1.0;1753877992.447293;18.557226;-2.34;-12.18;137.92;0.051717;-0.811013;-0.09755;0.0;0.0;0.0;0.0;0.0;0.0
1.0;1753877992.451891;18.537417;-3.61;-12.71;121.05;0.135087;-0.917063;0.033709;0.0;0.0;0.0;0.0;0.0;0.0
1.0;1753877992.456489;18.534936;-3.21;-10.48;119.89;0.17429;-1.019982;0.051518;0.0;0.0;0.0;0.0;0.0;0.0
1.0;1753877992.461087;18.527095;-1.92;-10.64;151.04;0.254834;-1.386982;0.057365;0.0;0.0;0.0;0.0;0.0;0.0
1.0;1753877992.465685;18.527976;0.2;-10.19;125.08;0.273473;-0.934637;0.112286;0.0;0.0;0.0;0.0;0.0;0.0
1.0;1753877992.470282;18.557312;1.14;-12.89;134.47;0.348168;-0.838803;0.126756;0.0;0.0;0.0;0.0;0.0;0.0
1.0;1753877992.47488;18.550226;4.12;-13.91;144.19;0.347172;-1.45897;0.006329;0.0;0.0;0.0;0.0;0.0;0.0
1.0;1753877992.479478;18.536148;1.12;-12.6;134.23;0.397292;-1.456397;-0.465487;0.0;0.0;0.0;0.0;0.0;0.0
1.0;1753877992.484076;18.513607;3.1;-12.04;145.19;0.290301;-1.39121;-0.036788;0.0;0.0;0.0;0.0;0.0;0.0
1.0;1753877992.488674;18.570073;2.0;-9.69;129.86;0.161676;-1.027136;0.085918;0.0;0.0;0.0;0.0;0.0;0.0
1.0;1753877992.493272;18.532316;2.1;-11.6;137.35;0.592274;-0.916906;-0.066019;0.0;0.0;0.0;0.0;0.0;0.0
1.0;1753877992.49787;18.535402;-2.17;-13.49;161.93;0.602412;-1.101772;-0.284532;0.0;0.0;0.0;0.0;0.0;0.0
1.0;1753877992.502468;18.556166;-1.71;-11.31;120.95;-0.003731;-0.790879;-0.02934;0.0;0.0;0.0;0.0;0.0;0.0
1.0;1753877992.507066;18.541701;1.18;-10.83;134.07;0.368861;-1.438476;-0.179051;0.0;0.0;0.0;0.0;0.0;0.0
1.0;1753877992.511664;18.538404;1.76;-12.61;132.23;0.204875;-1.073273;0.038236;0.0;0.0;0.0;0.0;0.0;0.0
1.0;1753877992.516262;18.539913;0.38;-11.55;146.09;0.163923;-1.263079;-0.167194;0.0;0.0;0.0;0.0;0.0;0.0
1.0;1753877992.52086;18.542411;0.46;-11.89;151.7;0.380306;-1.25952;-0.371853;0.0;0.0;0.0;0.0;0.0;0.0
1.0;1753877992.525458;18.55181;-2.6;-12.38;153.21;0.167232;-1.046095;0.019849;0.0;0.0;0.0;0.0;0.0;0.0
1.0;1753877992.530055;18.551391;-0.53;-11.51;151.38;0.152817;-1.036541;-0.067265;0.0;0.0;0.0;0.0;0.0;0.0
1.0;1753877992.534653;18.55069;-3.68;-13.53;145.46;0.322179;-1.113319;0.075595;0.0;0.0;0.0;0.0;0.0;0.0
1.0;1753877992.539251;18.531703;-4.38;-12.19;144.94;-0.103333;-1.316575;-0.040498;0.0;0.0;0.0;0.0;0.0;0.0
1.0;1753877992.543849;18.543479;-2.79;-9.93;140.58;0.149764;-1.515581;-0.026817;0.0;0.0;0.0;0.0;0.0;0.0
1.0;1753877992.548447;18.528979;1.63;-11.16;139.62;0.454765;-1.094132;0.101945;0.0;0.0;0.0;0.0;0.0;0.0
1.0;1753877992.553045;18.538565;2.25;-9.35;130.74;0.3405;-1.208678;0.123515;0.0;0.0;0.0;0.0;0.0;0.0
1.0;1753877992.557643;18.532784;-1.67;-12.06;162.32;0.228953;-1.23225;0.104557;0.0;0.0;0.0;0.0;0.0;0.0
1.0;1753877992.56224;18.55746;-1.47;-13.09;129.42;0.654927;-1.072977;-0.185677;0.0;0.0;0.0;0.0;0.0;0.0
1.0;1753877992.566838;18.527355;-1.71;-10.83;139.83;0.261187;-1.228775;0.288149;0.0;0.0;0.0;0.0;0.0;0.0
1.0;1753877992.571436;18.561253;0.04;-11.46;128.9;0.008262;-1.085835;-0.113833;0.0;0.0;0.0;0.0;0.0;0.0
1.0;1753877992.576034;18.544903;-1.07;-12.72;145.16;-0.184591;-0.919452;0.206156;0.0;0.0;0.0;0.0;0.0;0.0
1.0;1753877992.580632;18.525592;-1.13;-11.81;138.9;0.102553;-1.172342;-0.363415;0.0;0.0;0.0;0.0;0.0;0.0
1.0;1753877992.58523;18.543197;-4.65;-12.05;153.29;0.121327;-0.997163;-0.052064;0.0;0.0;0.0;0.0;0.0;0.0
1.0;1753877992.589828;18.543697;-1.18;-11.73;157.76;0.334972;-1.042235;0.040338;0.0;0.0;0.0;0.0;0.0;0.0
1.0;1753877992.594426;18.543275;-1.7;-12.62;144.54;0.138945;-0.759105;-0.038536;0.0;0.0;0.0;0.0;0.0;0.0
1.0;1753877992.599024;18.544356;2.73;-12.66;131.98;0.008335;-1.242879;0.135074;0.0;0.0;0.0;0.0;0.0;0.0
1.0;1753877992.603622;18.541985;-1.71;-12.2;136.03;-0.021354;-1.024555;-0.142947;0.0;0.0;0.0;0.0;0.0;0.0
1.0;1753877992.60822;18.545376;-1.88;-12.36;142.63;0.162892;-1.085558;-0.147294;0.0;0.0;0.0;0.0;0.0;0.0
1.0;1753877992.612818;18.548175;0.3;-12.74;136.91;0.51945;-1.150606;0.080242;0.0;0.0;0.0;0.0;0.0;0.0
1.0;1753877992.617416;18.536659;0.17;-11.77;165.02;0.260278;-1.095178;0.001954;0.0;0.0;0.0;0.0;0.0;0.0
1.0;1753877992.622013;18.518397;-1.98;-10.75;134.34;-0.00904;-0.8843;0.061657;0.0;0.0;0.0;0.0;0.0;0.0
1.0;1753877992.626611;18.530458;-1.23;-9.77;133.57;-0.043575;-1.217344;0.130496;0.0;0.0;0.0;0.0;0.0;0.0
1.0;1753877992.631209;18.550262;0.02;-12.45;145.92;0.381077;-1.454082;0.215413;0.0;0.0;0.0;0.0;0.0;0.0
1.0;1753877992.635807;18.544056;0.1;-10.2;155.37;0.522687;-0.955011;-0.067894;0.0;0.0;0.0;0.0;0.0;0.0
1.0;1753877992.640405;18.528119;-3.39;-11.17;129.96;0.227277;-1.122992;0.137527;0.0;0.0;0.0;0.0;0.0;0.0
1.0;1753877992.645003;18.541885;-4.99;-11.97;137.21;0.384357;-1.179127;0.095035;0.0;0.0;0.0;0.0;0.0;0.0
1.0;1753877992.649601;18.537176;0.6;-13.29;144.1;0.407746;-0.768409;-0.166419;0.0;0.0;0.0;0.0;0.0;0.0
1.0;1753877992.654199;18.54485;-2.54;-11.87;137.27;0.500339;-0.678907;0.156066;0.0;0.0;0.0;0.0;0.0;0.0
1.0;1753877992.658796;18.545568;-2.08;-12.14;144.16;0.209461;-1.252869;0.027688;0.0;0.0;0.0;0.0;0.0;0.0
1.0;1753877992.663394;18.532129;4.16;-12.35;124.18;0.369923;-1.179899;-0.0799;0.0;0.0;0.0;0.0;0.0;0.0
1.0;1753877992.6683;18.542969;-1.61;-11.62;137.13;0.138592;-1.130208;-0.006466;0.0;0.0;0.0;0.0;0.0;0.0
1.0;1753877992.67008;18.542969;0.42;-7.98;136.15;0.146522;-0.966728;0.027572;0.0;0.0;0.0;0.0;0.0;0.0
1.0;1753877992.674678;18.542137;-0.29;-5.55;133.26;0.137024;-0.864303;-0.132231;0.0;0.0;0.0;0.0;0.0;0.0
1.0;1753877992.679276;18.545089;1.34;-6.78;145.68;0.029201;-0.807304;0.017421;0.0;0.0;0.0;0.0;0.0;0.0
1.0;1753877992.683874;18.541527;0.35;-10.28;130.39;0.260876;-1.115906;0.052754;0.0;0.0;0.0;0.0;0.0;0.0
1.0;1753877992.688472;18.5481;2.7;-4.21;130.8;0.037588;-0.824815;-0.201293;0.0;0.0;0.0;0.0;0.0;0.0
1.0;1753877992.69307;18.536785;3.58;-4.19;128.17;-0.063457;-1.383784;0.029297;0.0;0.0;0.0;0.0;0.0;0.0
1.0;1753877992.697667;18.54295;2.39;-6.11;134.51;0.145646;-1.226184;0.288596;0.0;0.0;0.0;0.0;0.0;0.0
1.0;1753877992.702265;18.547127;0.52;-7.61;131.96;0.028197;-1.452793;0.082476;0.0;0.0;0.0;0.0;0.0;0.0
1.0;1753877992.70755;18.542969;1.89;-7.63;136.71;-0.064538;-1.339438;0.028426;0.0;0.0;0.0;0.0;0.0;0.0
1.0;1753877992.712148;18.544429;2.69;-7.09;124.42;0.092447;-1.272585;-0.078591;0.0;0.0;0.0;0.0;0.0;0.0
1.0;1753877992.716746;18.544881;3.1;-8.59;133.73;0.003946;-1.348507;-0.12422;0.0;0.0;0.0;0.0;0.0;0.0
1.0;1753877992.721344;18.540636;2.89;-5.07;140.07;-0.099307;-0.990726;0.164045;0.0;0.0;0.0;0.0;0.0;0.0
1.0;1753877992.725942;18.551356;2.79;-3.99;127.34;-0.075155;-1.114562;0.067947;0.0;0.0;0.0;0.0;0.0;0.0
1.0;1753877992.73054;18.546236;0.79;-4.76;145.4;-0.023829;-1.332678;0.145308;0.0;0.0;0.0;0.0;0.0;0.0
1.0;1753877992.735138;18.537722;1.07;-1.85;137.88;-0.082933;-1.391894;-0.032344;0.0;0.0;0.0;0.0;0.0;0.0
1.0;1753877992.739735;18.54489;1.81;-6.64;136.52;0.214144;-1.396645;0.099023;0.0;0.0;0.0;0.0;0.0;0.0
1.0;1753877992.744333;18.537788;-0.47;-10.06;135.02;0.129104;-1.40117;-0.013824;0.0;0.0;0.0;0.0;0.0;0.0
1.0;1753877992.748931;18.540172;1.02;-1.43;140.06;0.097811;-1.449776;0.02689;0.0;0.0;0.0;0.0;0.0;0.0
1.0;1753877992.753529;18.543433;-0.17;-2.55;126.64;-0.038076;-1.209181;-0.068413;0.0;0.0;0.0;0.0;0.0;0.0
1.0;1753877992.758127;18.545167;0.61;-8.39;128.9;0.177412;-1.624124;0.041978;0.0;0.0;0.0;0.0;0.0;0.0
1.0;1753877992.762725;18.552949;0.82;-5.94;131.67;0.160621;-1.300618;-0.028506;0.0;0.0;0.0;0.0;0.0;0.0
1.0;1753877992.767323;18.543979;0.67;-5.09;133.97;0.11264;-1.69416;0.079451;0.0;0.0;0.0;0.0;0.0;0.0
1.0;1753877992.771921;18.541145;3.5;-2.7;130.79;0.357841;-1.163861;0.006966;0.0;0.0;0.0;0.0;0.0;0.0
1.0;1753877992.77782;18.542969;0.7;-2.87;129.99;0.192638;-1.411296;-0.036478;0.0;0.0;0.0;0.0;0.0;0.0
1.0;1753877992.782418;18.548674;-3.96;-5.92;127.04;0.413438;-1.298196;-0.101808;0.0;0.0;0.0;0.0;0.0;0.0
1.0;1753877992.787016;18.544773;-1.92;-4.34;121.4;0.173884;-1.185955;-0.145363;0.0;0.0;0.0;0.0;0.0;0.0
1.0;1753877992.791614;18.547848;-0.29;-6.25;140.32;0.387166;-1.048478;0.118279;0.0;0.0;0.0;0.0;0.0;0.0
1.0;1753877992.796212;18.545122;1.95;-3.72;126.85;0.399685;-1.095377;0.05497;0.0;0.0;0.0;0.0;0.0;0.0
1.0;1753877992.80081;18.550153;-1.22;-7.26;127.86;0.42808;-0.982444;0.177019;0.0;0.0;0.0;0.0;0.0;0.0
1.0;1753877992.80907;18.550781;-0.42;-6.37;130.55;0.489952;-0.867664;0.04209;0.0;0.0;0.0;0.0;0.0;0.0
1.0;1753877992.813668;18.548306;0.27;-8.56;129.26;0.409914;-0.878601;0.212381;0.0;0.0;0.0;0.0;0.0;0.0
1.0;1753877992.818266;18.546924;0.51;-0.98;142.26;0.379526;-0.67641;0.026718;0.0;0.0;0.0;0.0;0.0;0.0
1.0;1753877992.822864;18.550948;3.85;-11.25;129.39;0.416419;-0.709777;-0.000343;0.0;0.0;0.0;0.0;0.0;0.0
1.0;1753877992.827462;18.552849;1.08;-5.72;130.55;0.352448;-1.037837;0.102872;0.0;0.0;0.0;0.0;0.0;0.0
1.0;1753877992.83206;18.557459;1.15;-5.89;128.0;0.319354;-0.890493;0.121085;0.0;0.0;0.0;0.0;0.0;0.0
1.0;1753877992.836658;18.551932;0.1;-9.87;145.52;0.464624;-0.805729;0.029204;0.0;0.0;0.0;0.0;0.0;0.0
1.0;1753877992.841256;18.550975;0.19;-14.3;138.88;0.018488;-0.958868;0.067703;0.0;0.0;0.0;0.0;0.0;0.0
1.0;1753877992.845853;18.549957;0.95;-6.21;143.66;0.287155;-1.15265;0.079782;0.0;0.0;0.0;0.0;0.0;0.0
1.0;1753877992.850451;18.547918;1.86;-11.48;136.71;0.012879;-0.933623;0.144394;0.0;0.0;0.0;0.0;0.0;0.0
1.0;1753877992.855049;18.559483;1.9;-13.5;132.1;0.163418;-0.763925;-0.0285;0.0;0.0;0.0;0.0;0.0;0.0
1.0;1753877992.859647;18.551461;0.59;-3.03;140.26;0.035775;-1.211177;0.143481;0.0;0.0;0.0;0.0;0.0;0.0
1.0;1753877992.864245;18.545028;3.21;-9.93;144.94;-0.032668;-0.869028;-0.115164;0.0;0.0;0.0;0.0;0.0;0.0
1.0;1753877992.868843;18.546616;6.22;-8.47;143.71;-0.222486;-0.775502;0.107289;0.0;0.0;0.0;0.0;0.0;0.0
1.0;1753877992.873441;18.546756;3.6;-12.26;153.06;-0.173338;-1.06833;-0.087303;0.0;0.0;0.0;0.0;0.0;0.0
1.0;1753877992.8778;18.550781;2.87;-11.27;144.76;-0.225212;-0.931714;0.041236;0.0;0.0;0.0;0.0;0.0;0.0
1.0;1753877992.882398;18.549664;0.18;-12.42;145.61;0.080516;-0.859339;0.00084;0.0;0.0;0.0;0.0;0.0;0.0
1.0;1753877992.8897;18.550781;2.03;-6.72;141.82;0.02196;-1.13155;-0.021228;0.0;0.0;0.0;0.0;0.0;0.0
1.0;1753877992.894298;18.545063;1.63;-12.54;138.26;0.043934;-1.326353;-0.134807;0.0;0.0;0.0;0.0;0.0;0.0
1.0;1753877992.898896;18.552704;4.41;-7.41;142.79;-0.11193;-1.197211;-0.101051;0.0;0.0;0.0;0.0;0.0;0.0
1.0;1753877992.903494;18.544467;-1.61;-6.42;132.16;0.187687;-1.171728;-0.054455;0.0;0.0;0.0;0.0;0.0;0.0
1.0;1753877992.908092;18.546608;0.95;-7.97;140.73;0.05206;-0.90325;0.024571;0.0;0.0;0.0;0.0;0.0;0.0
1.0;1753877992.91269;18.550105;0.3;-7.68;135.26;0.018419;-1.004146;-0.034907;0.0;0.0;0.0;0.0;0.0;0.0
1.0;1753877992.917287;18.545375;0.84;-6.82;133.03;-0.021843;-0.97278;0.115554;0.0;0.0;0.0;0.0;0.0;0.0
1.0;1753877992.921885;18.552908;1.68;-6.58;139.01;-0.114507;-1.144537;-0.112997;0.0;0.0;0.0;0.0;0.0;0.0
1.0;1753877992.926483;18.555873;0.54;-7.33;131.91;0.152413;-1.17802;0.039685;0.0;0.0;0.0;0.0;0.0;0.0
1.0;1753877992.931081;18.545697;-1.3;-5.27;136.91;-0.097497;-1.286874;-0.035748;0.0;0.0;0.0;0.0;0.0;0.0
1.0;1753877992.935679;18.556385;0.44;-8.87;134.8;0.152712;-0.920249;0.132683;0.0;0.0;0.0;0.0;0.0;0.0
1.0;1753877992.940277;18.559675;-0.59;-7.48;131.37;0.17412;-1.061312;-0.011502;0.0;0.0;0.0;0.0;0.0;0.0
1.0;1753877992.944875;18.549273;-0.35;-2.86;128.01;0.001338;-1.101392;0.022269;0.0;0.0;0.0;0.0;0.0;0.0
1.0;1753877992.949473;18.556086;0.37;-6.03;135.49;-0.21787;-0.988409;-0.065511;0.0;0.0;0.0;0.0;0.0;0.0
1.0;1753877992.95407;18.542813;-2.35;-5.72;118.87;-0.12263;-1.071711;0.070964;0.0;0.0;0.0;0.0;0.0;0.0
1.0;1753877992.95912;18.550781;-2.66;-6.3;130.06;0.029768;-0.995764;0.052216;0.0;0.0;0.0;0.0;0.0;0.0
1.0;1753877992.963718;18.550892;-1.24;-6.2;130.52;0.145971;-1.02805;0.111376;0.0;0.0;0.0;0.0;0.0;0.0
1.0;1753877992.968316;18.541946;-2.55;-8.18;126.08;-0.03479;-1.021359;0.004755;0.0;0.0;0.0;0.0;0.0;0.0
1.0;1753877992.972914;18.545941;-0.95;-6.84;131.0;-0.031322;-0.86208;0.034079;0.0;0.0;0.0;0.0;0.0;0.0
1.0;1753877992.977512;18.539603;-8.28;-4.24;131.3;-0.047568;-0.969825;0.049013;0.0;0.0;0.0;0.0;0.0;0.0
1.0;1753877992.98211;18.537489;-3.01;-6.55;132.79;0.305754;-0.850274;0.113679;0.0;0.0;0.0;0.0;0.0;0.0
1.0;1753877992.98957;18.535156;-1.89;-6.72;134.26;0.14579;-0.935374;0.034282;0.0;0.0;0.0;0.0;0.0;0.0
1.0;1753877992.989863;18.578125;1.68;-13.93;440.3;0.85278;1.092998;0.071004;0.0;0.0;0.0;0.0;0.0;0.0
1.0;1753877992.994456;18.5625;-5.39;-12.25;472.29;0.360998;0.477996;0.192028;0.0;0.0;0.0;0.0;0.0;0.0
1.0;1753877992.998995;18.5625;-6.23;-5.39;481.53;1.04676;1.128012;-0.133712;0.0;0.0;0.0;0.0;0.0;0.0
1.0;1753877993.003593;18.572044;1.54;-1.58;476.94;1.096071;0.272922;-0.153216;0.0;-10.8;0.0;0.0;0.0;0.0
1.0;1753877993.008191;18.559198;4.36;-11.89;457.9;1.701803;0.823828;0.017714;0.0;-16.2;0.0;0.0;0.0;0.0
1.0;1753877993.012789;18.571798;5.77;-15.48;505.71;0.474149;1.185058;-0.097764;0.0;10.4;0.0;0.0;0.0;0.0
1.0;1753877993.017387;18.556527;2.08;-8.3;479.84;1.232899;1.304538;0.030998;0.0;-1.6;0.0;0.0;0.0;0.0
1.0;1753877993.021984;18.56531;-3.92;0.21;530.93;1.214945;1.052865;-0.268252;0.0;-10.2;0.0;0.0;0.0;0.0
1.0;1753877993.026582;18.579571;-11.63;-5.71;473.97;1.331469;1.291105;-0.021291;0.0;1.8;0.0;0.0;0.0;0.0
1.0;1753877993.03118;18.566673;-2.84;-8.89;510.19;0.688394;1.187687;-0.028221;0.0;16.7;0.0;0.0;0.0;0.0
1.0;1753877993.035778;18.572393;3.24;-9.13;437.1;0.744643;0.777229;0.109385;0.0;12.7;0.0;0.0;0.0;0.0
1.0;1753877993.040376;18.549088;-8.86;-4.61;515.28;0.981487;0.804828;-0.118974;0.0;3.5;0.0;0.0;0.0;0.0
1.0;1753877993.044974;18.565224;-8.68;-5.18;493.12;1.625839;1.320522;0.021043;0.0;-10.1;0.0;0.0;0.0;0.0
1.0;1753877993.049572;18.566065;-16.69;-7.31;492.02;1.075029;1.695272;-0.433998;0.0;-8.5;0.0;0.0;0.0;0.0
1.0;1753877993.05417;18.577468;-12.83;-10.93;463.4;0.545793;1.703409;-0.095532;0.0;-1.8;0.0;0.0;0.0;0.0
1.0;1753877993.058768;18.56418;1.59;-2.67;438.85;1.314429;0.361243;0.213299;0.0;8.9;0.0;0.0;0.0;0.0
1.0;1753877993.063366;18.576687;-14.82;3.57;475.95;1.195307;0.703159;-0.244612;0.0;7.6;0.0;0.0;0.0;0.0
1.0;1753877993.067964;18.558603;-10.32;-16.56;458.33;1.158;1.168019;0.230416;0.0;20.7;0.0;0.0;0.0;0.0
1.0;1753877993.072562;18.564346;-16.39;-5.77;496.05;0.642514;0.702071;0.416576;0.0;-8.6;0.0;0.0;0.0;0.0
1.0;1753877993.07716;18.558334;-6.79;-10.89;475.38;1.104932;1.505468;-0.126059;0.0;-13.9;0.0;0.0;0.0;0.0
1.0;1753877993.081757;18.578239;-17.65;0.54;491.94;1.392721;1.306175;0.203975;0.0;10.7;0.0;0.0;0.0;0.0
1.0;1753877993.086355;18.562319;-9.52;-0.56;489.87;0.372039;1.39235;-0.052668;0.0;3.1;0.0;0.0;0.0;0.0
1.0;1753877993.090953;18.564246;-8.73;-17.36;468.54;0.394831;0.882537;0.267176;0.0;-7.9;0.0;0.0;0.0;0.0
1.0;1753877993.095551;18.561964;-8.28;0.78;492.71;1.258781;1.804549;-0.186953;0.0;0.1;0.0;0.0;0.0;0.0
1.0;1753877993.100149;18.564314;-11.59;-9.09;469.71;1.115398;0.761881;-0.129861;0.0;6.2;0.0;0.0;0.0;0.0
1.0;1753877993.104747;18.560257;-5.87;-15.32;528.03;0.744722;0.250105;0.323149;0.0;6.0;0.0;0.0;0.0;0.0
1.0;1753877993.109345;18.565675;-17.34;-17.18;487.63;0.265043;1.592882;-0.131172;0.0;-0.9;0.0;0.0;0.0;0.0
1.0;1753877993.113942;18.554077;-18.73;-6.4;511.08;0.775257;0.852491;0.098672;0.0;4.4;0.0;0.0;0.0;0.0
1.0;1753877993.11854;18.573561;-11.26;-2.57;476.34;1.258698;0.842206;-0.214302;0.0;-9.8;0.0;0.0;0.0;0.0
1.0;1753877993.123138;18.56475;-6.53;5.04;495.52;0.066192;0.995344;-0.130364;0.0;-22.1;0.0;0.0;0.0;0.0
1.0;1753877993.127736;18.547814;-18.64;-10.34;493.15;0.79455;0.607076;0.449424;0.0;2.4;0.0;0.0;0.0;0.0
1.0;1753877993.132334;18.562532;-5.99;-5.36;479.54;1.107535;0.899344;0.203364;0.0;-1.9;0.0;0.0;0.0;0.0
1.0;1753877993.136932;18.562786;-7.55;-22.01;495.05;0.203499;0.216736;0.114829;0.0;11.6;0.0;0.0;0.0;0.0
1.0;1753877993.14153;18.560957;-3.89;2.03;493.28;0.65663;1.464306;0.001547;0.0;-1.5;0.0;0.0;0.0;0.0
1.0;1753877993.146128;18.588297;-8.87;-4.72;453.92;0.901029;1.539373;-0.064002;0.0;-19.3;0.0;0.0;0.0;0.0
1.0;1753877993.150726;18.561783;-2.95;-8.82;506.23;0.855337;2.036393;-0.051967;0.0;6.1;0.0;0.0;0.0;0.0
1.0;1753877993.155324;18.556927;5.05;-1.62;496.44;-0.186059;1.123414;0.024726;0.0;-15.4;0.0;0.0;0.0;0.0
1.0;1753877993.159922;18.564668;-28.98;-1.71;482.91;0.802902;1.088506;-0.199898;0.0;-6.9;0.0;0.0;0.0;0.0
1.0;1753877993.16452;18.564249;-5.59;1.39;451.48;0.984847;1.399904;0.058434;0.0;-4.1;0.0;0.0;0.0;0.0
1.0;1753877993.169118;18.563243;-9.35;0.03;474.75;0.011319;0.334183;-0.360339;0.0;-19.9;0.0;0.0;0.0;0.0
1.0;1753877993.173715;18.56456;-4.11;-7.28;469.42;0.417413;0.869063;-0.168302;0.0;9.7;0.0;0.0;0.0;0.0
1.0;1753877993.178313;18.572788;-16.13;-1.9;479.6;0.6617;0.505768;-0.002576;0.0;-14.9;0.0;0.0;0.0;0.0
1.0;1753877993.182911;18.556867;-15.96;-14.94;477.83;1.059705;1.52708;0.104711;0.0;-4.6;0.0;0.0;0.0;0.0
1.0;1753877993.187509;18.563558;-4.1;-7.19;482.29;0.183681;0.917481;0.206356;0.0;1.5;0.0;0.0;0.0;0.0
1.0;1753877993.192107;18.56236;-3.61;-8.93;469.11;1.952832;0.515172;0.015454;0.0;15.2;0.0;0.0;0.0;0.0
1.0;1753877993.196705;18.568854;-2.32;-12.4;481.99;0.948243;0.851857;0.148185;0.0;-10.1;0.0;0.0;0.0;0.0
1.0;1753877993.201303;18.562015;-15.5;-4.34;507.4;0.267605;1.445265;-0.063847;0.0;7.9;0.0;0.0;0.0;0.0
1.0;1753877993.205901;18.547032;-4.75;-6.54;476.98;0.914761;0.654062;0.171216;0.0;-31.1;0.0;0.0;0.0;0.0
1.0;1753877993.210498;18.566422;-11.35;-4.98;513.77;0.664235;1.358031;-0.141803;0.0;15.1;0.0;0.0;0.0;0.0
1.0;1753877993.215096;18.561609;-10.78;-6.92;455.64;-0.001286;0.781791;0.169054;0.0;-9.3;0.0;0.0;0.0;0.0
1.0;1753877993.219694;18.558396;-6.29;-4.08;482.12;0.464972;0.299054;-0.112384;0.0;-17.9;0.0;0.0;0.0;0.0
1.0;1753877993.224292;18.569595;-10.36;-9.02;450.66;0.492838;1.043942;0.344244;0.0;-10.9;0.0;0.0;0.0;0.0
1.0;1753877993.22889;18.554146;-1.14;0.99;512.32;1.232456;1.339741;0.108143;0.0;-7.6;0.0;0.0;0.0;0.0
1.0;1753877993.233488;18.549628;-16.07;-3.11;511.16;1.067122;-0.227677;0.137545;0.0;6.0;0.0;0.0;0.0;0.0
1.0;1753877993.238086;18.565045;-12.23;-11.8;509.31;0.339559;0.81148;0.039696;0.0;-4.8;0.0;0.0;0.0;0.0
1.0;1753877993.242684;18.57282;-10.75;-11.06;490.75;0.746328;0.755183;0.01464;0.0;10.2;0.0;0.0;0.0;0.0
1.0;1753877993.247282;18.553354;-9.38;-5.76;476.4;0.234514;0.710161;0.419633;0.0;26.1;0.0;0.0;0.0;0.0
1.0;1753877993.25188;18.553808;1.94;-11.61;486.25;0.569446;0.513922;-0.003092;0.0;-0.4;0.0;0.0;0.0;0.0
1.0;1753877993.256478;18.565724;-4.21;-0.91;495.21;1.008232;0.227518;0.112405;0.0;13.3;0.0;0.0;0.0;0.0
1.0;1753877993.261076;18.546875;-13.81;-0.36;448.69;0.732369;1.149568;0.031578;0.0;-17.7;0.0;0.0;0.0;0.0
1.0;1753877993.265674;18.569157;-9.39;-19.94;477.86;0.00846;0.445052;0.057588;0.0;-17.2;0.0;0.0;0.0;0.0
1.0;1753877993.270271;18.578445;-5.32;-17.62;507.28;-0.052847;-0.209758;0.206734;0.0;7.6;0.0;0.0;0.0;0.0
1.0;1753877993.274869;18.551663;-19.91;-2.21;496.27;0.864552;-0.420132;0.169315;0.0;-12.3;0.0;0.0;0.0;0.0
1.0;1753877993.279467;18.55971;-19.02;-8.54;452.0;0.17334;0.381198;0.061661;0.0;-24.0;0.0;0.0;0.0;0.0
1.0;1753877993.284065;18.558795;-14.08;3.25;526.3;0.47938;0.448414;0.177157;0.0;-1.3;0.0;0.0;0.0;0.0
1.0;1753877993.288663;18.552947;14.37;-11.47;478.9;1.294337;0.552428;-0.096042;0.0;3.2;0.0;0.0;0.0;0.0
1.0;1753877993.293261;18.54805;-18.48;-5.01;531.22;0.460959;0.92125;0.120932;0.0;-11.2;0.0;0.0;0.0;0.0
1.0;1753877993.297859;18.575241;-20.45;-3.79;490.18;-0.389275;0.51075;-0.058928;0.0;18.5;0.0;0.0;0.0;0.0
1.0;1753877993.302456;18.553887;-11.3;-3.83;468.02;0.390492;0.734562;0.362686;0.0;-15.4;0.0;0.0;0.0;0.0
1.0;1753877993.307054;18.569705;-5.38;0.15;484.37;0.588731;0.972024;-0.042022;0.0;16.9;0.0;0.0;0.0;0.0
1.0;1753877993.311652;18.573252;6.12;-8.72;474.62;0.027659;0.287733;0.321866;0.0;-19.2;0.0;0.0;0.0;0.0
1.0;1753877993.31625;18.5515;-12.58;-7.16;503.03;0.361138;0.630962;-0.085632;0.0;15.9;0.0;0.0;0.0;0.0
1.0;1753877993.320848;18.581316;-4.95;-13.09;491.7;-0.00781;0.694056;-0.021447;0.0;-23.9;0.0;0.0;0.0;0.0
1.0;1753877993.325446;18.569309;-19.11;-1.33;534.03;0.079213;0.521684;0.156566;0.0;7.3;0.0;0.0;0.0;0.0
1.0;1753877993.330044;18.555165;-16.73;-2.13;481.12;0.270533;0.396809;0.085758;0.0;-2.8;0.0;0.0;0.0;0.0
1.0;1753877993.334642;18.55741;-16.49;-9.42;487.88;-0.292966;0.8755;0.060582;0.0;-6.9;0.0;0.0;0.0;0.0
1.0;1753877993.33924;18.562544;-12.66;-6.62;466.71;1.019084;0.503632;-0.22506;0.0;-0.3;0.0;0.0;0.0;0.0
1.0;1753877993.343838;18.555762;-31.18;-8.79;488.27;1.732767;0.313263;0.266716;0.0;-17.0;0.0;0.0;0.0;0.0
1.0;1753877993.348436;18.56685;16.74;-9.66;493.86;0.189874;0.556001;0.124015;0.0;-5.4;0.0;0.0;0.0;0.0
1.0;1753877993.353034;18.560647;-8.32;-11.05;510.65;1.105024;0.42575;0.265158;0.0;7.0;0.0;0.0;0.0;0.0
1.0;1753877993.3595;18.5625;-11.55;-6.51;485.24;0.396866;0.44835;0.184464;0.0;0.0;0.0;0.0;0.0;0.0
1.0;1753877993.364098;18.544592;-0.78;-4.15;467.05;0.219387;0.334148;0.215564;0.0;0.0;0.0;0.0;0.0;0.0
1.0;1753877993.368696;18.580032;-9.61;-5.99;457.78;0.126531;0.853625;0.002192;0.0;0.0;0.0;0.0;0.0;0.0
1.0;1753877993.373294;18.558452;-13.47;-22.04;491.82;0.926524;0.119009;-0.02635;0.0;0.0;0.0;0.0;0.0;0.0
1.0;1753877993.377892;18.564122;0.75;-19.27;474.3;0.553266;0.759412;0.39971;0.0;0.0;0.0;0.0;0.0;0.0
1.0;1753877993.38249;18.55727;-14.73;-12.37;502.19;0.102342;0.118619;0.188451;0.0;0.0;0.0;0.0;0.0;0.0
1.0;1753877993.387087;18.569059;-10.08;-0.17;458.21;0.258948;0.339459;0.208675;0.0;0.0;0.0;0.0;0.0;0.0
1.0;1753877993.391685;18.568717;-10.32;-1.58;454.56;-0.075801;0.597236;0.278746;0.0;0.0;0.0;0.0;0.0;0.0
1.0;1753877993.396283;18.561996;-16.59;-11.13;515.14;-0.51598;0.17245;0.051543;0.0;0.0;0.0;0.0;0.0;0.0
1.0;1753877993.400881;18.56331;-9.02;-2.09;527.18;0.75119;0.790552;0.270241;0.0;0.0;0.0;0.0;0.0;0.0
1.0;1753877993.405479;18.581157;-12.76;-10.34;506.93;0.984156;0.831274;0.061825;0.0;0.0;0.0;0.0;0.0;0.0
1.0;1753877993.410077;18.548673;-14.69;-12.38;518.03;0.493995;1.152069;0.102683;0.0;0.0;0.0;0.0;0.0;0.0
1.0;1753877993.414675;18.575104;-3.37;-2.01;467.84;1.759393;0.196018;0.286814;0.0;0.0;0.0;0.0;0.0;0.0
1.0;1753877993.419273;18.547619;0.9;1.46;468.07;0.151148;0.463765;0.131528;0.0;0.0;0.0;0.0;0.0;0.0
1.0;1753877993.42387;18.546114;-11.29;-25.1;451.96;-0.24054;0.89917;0.189531;0.0;0.0;0.0;0.0;0.0;0.0
1.0;1753877993.428468;18.567576;-19.39;-0.74;511.68;0.803568;1.049429;0.1871;0.0;0.0;0.0;0.0;0.0;0.0
1.0;1753877993.433066;18.571512;-17.08;-3.86;475.01;0.620441;0.220815;-0.102137;0.0;0.0;0.0;0.0;0.0;0.0
1.0;1753877993.437664;18.565639;-10.13;-13.73;454.61;0.888354;0.388814;-0.005291;0.0;0.0;0.0;0.0;0.0;0.0
1.0;1753877993.442262;18.56413;-18.33;11.71;481.45;0.213531;1.16769;0.241312;0.0;0.0;0.0;0.0;0.0;0.0
1.0;1753877993.44686;18.568618;-0.61;-1.66;524.06;-0.088738;0.879295;0.474626;0.0;0.0;0.0;0.0;0.0;0.0
1.0;1753877993.451458;18.566522;-4.23;-7.02;506.04;0.400527;-0.033309;0.313844;0.0;0.0;0.0;0.0;0.0;0.0
1.0;1753877993.456056;18.572261;-5.39;-4.57;482.38;0.20841;1.370907;0.102892;0.0;0.0;0.0;0.0;0.0;0.0
1.0;1753877993.460654;18.547877;-20.13;-10.56;485.25;0.104654;1.333193;0.331931;0.0;0.0;0.0;0.0;0.0;0.0
1.0;1753877993.465252;18.561102;-21.76;-5.53;496.31;-0.366705;0.192377;0.185432;0.0;0.0;0.0;0.0;0.0;0.0
1.0;1753877993.46985;18.546045;-20.26;-4.16;497.65;0.388106;0.531216;0.106224;0.0;0.0;0.0;0.0;0.0;0.0
1.0;1753877993.474448;18.568827;-20.59;-10.33;476.18;0.178583;0.156433;0.343931;0.0;0.0;0.0;0.0;0.0;0.0
1.0;1753877993.479046;18.553616;-9.32;-20.27;493.32;-0.075667;1.140182;0.06812;0.0;0.0;0.0;0.0;0.0;0.0
1.0;1753877993.483643;18.563368;-6.6;-3.21;502.5;0.056253;1.030063;0.157249;0.0;0.0;0.0;0.0;0.0;0.0
1.0;1753877993.488241;18.557495;-4.94;-5.36;488.68;1.055949;0.870141;-0.062713;0.0;0.0;0.0;0.0;0.0;0.0
1.0;1753877993.492839;18.555067;-14.38;6.6;483.28;0.529111;0.125871;0.149291;0.0;0.0;0.0;0.0;0.0;0.0
1.0;1753877993.497437;18.57229;-10.51;3.15;479.51;-0.294422;-0.086415;0.428368;0.0;0.0;0.0;0.0;0.0;0.0
1.0;1753877993.502035;18.560151;-13.95;-12.45;468.23;0.004146;0.231245;0.334312;0.0;0.0;0.0;0.0;0.0;0.0
1.0;1753877993.506633;18.546025;1.5;-6.16;521.96;0.5701;0.768413;0.1148;0.0;0.0;0.0;0.0;0.0;0.0
1.0;1753877993.511231;18.56503;-12.03;-0.22;478.72;0.10322;0.683353;-0.056794;0.0;0.0;0.0;0.0;0.0;0.0
1.0;1753877993.515828;18.576274;-13.74;10.24;522.41;0.55785;0.12109;0.241931;0.0;0.0;0.0;0.0;0.0;0.0
1.0;1753877993.520426;18.570104;-19.66;-2.34;503.9;-0.020659;-0.084241;0.028353;0.0;0.0;0.0;0.0;0.0;0.0
1.0;1753877993.525024;18.565687;-25.27;-2.13;490.87;0.780934;1.211071;0.401047;0.0;0.0;0.0;0.0;0.0;0.0
1.0;1753877993.529622;18.56045;-16.85;0.49;480.54;0.723543;0.900661;0.426345;0.0;0.0;0.0;0.0;0.0;0.0
1.0;1753877993.53422;18.546765;-4.79;-2.57;487.91;0.69183;0.763798;-0.04013;0.0;0.0;0.0;0.0;0.0;0.0
1.0;1753877993.538818;18.577111;-21.14;-1.6;486.07;0.561987;0.713073;0.139532;0.0;0.0;0.0;0.0;0.0;0.0
1.0;1753877993.543416;18.584833;-25.95;2.74;510.39;0.139136;1.136021;0.353686;0.0;0.0;0.0;0.0;0.0;0.0
1.0;1753877993.548014;18.556572;-17.82;-7.21;471.23;0.57333;0.840122;0.272046;0.0;0.0;0.0;0.0;0.0;0.0
1.0;1753877993.552612;18.569629;-16.99;-6.46;503.8;-0.054569;1.110918;0.075946;0.0;0.0;0.0;0.0;0.0;0.0
1.0;1753877993.55721;18.565105;-15.44;-4.97;481.85;-0.347832;0.374376;0.23392;0.0;0.0;0.0;0.0;0.0;0.0
1.0;1753877993.561808;18.567234;-14.28;-4.16;534.23;0.011833;0.119005;0.047844;0.0;0.0;0.0;0.0;0.0;0.0
1.0;1753877993.566406;18.566249;-5.97;-4.43;516.85;-0.017264;0.652127;0.051147;0.0;0.0;0.0;0.0;0.0;0.0
1.0;1753877993.571004;18.562554;-14.6;-1.53;484.41;0.182826;1.02757;-0.114604;0.0;0.0;0.0;0.0;0.0;0.0
1.0;1753877993.575601;18.558821;-12.26;3.58;495.19;1.12402;0.532658;-0.14979;0.0;0.0;0.0;0.0;0.0;0.0
1.0;1753877993.580199;18.573492;-14.05;-9.96;469.29;0.783828;-0.40726;0.167573;0.0;0.0;0.0;0.0;0.0;0.0
1.0;1753877993.584797;18.548021;-0.4;-13.16;471.49;0.160813;0.225814;0.081221;0.0;0.0;0.0;0.0;0.0;0.0
1.0;1753877993.589395;18.556117;-19.24;-5.04;500.58;0.676761;0.182653;-0.04533;0.0;0.0;0.0;0.0;0.0;0.0
1.0;1753877993.593993;18.552039;-5.45;-8.54;517.16;0.270446;0.792144;-0.024394;0.0;0.0;0.0;0.0;0.0;0.0
1.0;1753877993.598591;18.584447;-12.55;-9.06;516.45;0.882197;0.03459;0.318365;0.0;0.0;0.0;0.0;0.0;0.0
1.0;1753877993.603189;18.563495;-19.22;-2.95;497.89;0.227567;-0.374374;0.362959;0.0;0.0;0.0;0.0;0.0;0.0
1.0;1753877993.607787;18.561276;-32.24;-11.22;510.3;-0.009851;0.65163;-0.045917;0.0;0.0;0.0;0.0;0.0;0.0
1.0;1753877993.612384;18.562237;-13.91;-0.51;430.01;0.327549;0.800781;0.247465;0.0;0.0;0.0;0.0;0.0;0.0
1.0;1753877993.616982;18.569987;-12.08;-3.48;529.08;0.324541;1.029875;0.122982;0.0;0.0;0.0;0.0;0.0;0.0
1.0;1753877993.62158;18.548644;-11.11;-14.59;509.47;0.931291;-0.057009;0.028403;0.0;0.0;0.0;0.0;0.0;0.0
1.0;1753877993.626178;18.549321;-16.19;-2.57;514.1;0.17526;0.857325;0.061166;0.0;0.0;0.0;0.0;0.0;0.0
1.0;1753877993.630776;18.562946;-20.52;-0.1;490.78;0.534139;0.832782;0.48265;0.0;0.0;0.0;0.0;0.0;0.0
1.0;1753877993.635374;18.561086;-16.77;1.01;487.19;-0.348211;1.252198;-0.158909;0.0;0.0;0.0;0.0;0.0;0.0
1.0;1753877993.639972;18.561899;-3.18;-14.61;486.48;0.250699;1.228934;0.290845;0.0;0.0;0.0;0.0;0.0;0.0
1.0;1753877993.64457;18.546085;-7.45;-18.09;479.87;-0.188677;0.773148;0.346895;0.0;0.0;0.0;0.0;0.0;0.0
1.0;1753877993.649168;18.578299;-22.13;-3.67;507.75;0.816638;1.094571;0.407558;0.0;0.0;0.0;0.0;0.0;0.0
1.0;1753877993.653766;18.557409;-22.47;-14.42;486.84;-0.135882;1.086598;0.309273;0.0;0.0;0.0;0.0;0.0;0.0
1.0;1753877993.658364;18.563972;-22.51;-2.29;510.56;-0.186309;0.544763;0.059413;0.0;0.0;0.0;0.0;0.0;0.0
1.0;1753877993.662962;18.577006;-10.04;-4.63;494.82;0.897084;1.31813;0.392447;0.0;0.0;0.0;0.0;0.0;0.0
1.0;1753877993.66756;18.550067;-30.72;-14.14;492.45;0.681134;0.341508;0.145053;0.0;0.0;0.0;0.0;0.0;0.0
1.0;1753877993.672157;18.574935;-24.13;-11.96;533.33;-0.647731;0.092441;-0.080702;0.0;0.0;0.0;0.0;0.0;0.0
1.0;1753877993.676755;18.563429;-10.52;-2.36;491.19;0.950023;1.233898;-0.054698;0.0;0.0;0.0;0.0;0.0;0.0
1.0;1753877993.681353;18.549408;-5.76;10.21;535.94;-1.224196;0.655124;0.155035;0.0;0.0;0.0;0.0;0.0;0.0
1.0;1753877993.685951;18.544561;-25.83;-1.45;516.06;0.026587;0.368191;0.016444;0.0;0.0;0.0;0.0;0.0;0.0
1.0;1753877993.690549;18.564705;-17.95;10.72;505.77;0.4353;0.721667;0.301086;0.0;0.0;0.0;0.0;0.0;0.0
1.0;1753877993.695147;18.560712;-20.5;1.71;514.1;1.242865;0.785747;0.126664;0.0;0.0;0.0;0.0;0.0;0.0
1.0;1753877993.699745;18.582332;-4.48;2.7;524.11;0.792814;0.826409;0.481347;0.0;0.0;0.0;0.0;0.0;0.0
1.0;1753877993.704342;18.573799;-5.49;1.09;493.5;-0.031243;0.55396;-0.159368;0.0;0.0;0.0;0.0;0.0;0.0
1.0;1753877993.70894;18.568687;-12.22;2.55;501.1;0.723002;0.618505;0.115298;0.0;0.0;0.0;0.0;0.0;0.0
1.0;1753877993.713538;18.563206;-15.94;5.8;504.43;0.357343;0.537749;0.198946;0.0;0.0;0.0;0.0;0.0;0.0
1.0;1753877993.718136;18.558036;-12.02;-4.56;495.49;-0.554971;0.432469;0.680844;0.0;0.0;0.0;0.0;0.0;0.0
1.0;1753877993.722734;18.577436;-11.45;2.52;499.86;0.690385;0.738217;0.129938;0.0;0.0;0.0;0.0;0.0;0.0
1.0;1753877993.727332;18.552819;-5.66;-6.15;531.33;1.175828;1.184126;0.027737;0.0;0.0;0.0;0.0;0.0;0.0
1.0;1753877993.73193;18.577986;-2.16;-4.87;502.15;1.004155;0.432327;0.321341;0.0;0.0;0.0;0.0;0.0;0.0
1.0;1753877993.736528;18.545994;-13.02;-14.82;527.4;-0.09597;0.205358;0.348364;0.0;0.0;0.0;0.0;0.0;0.0
1.0;1753877993.741126;18.543781;-8.79;-0.52;461.42;-0.010977;0.803975;-0.023051;0.0;0.0;0.0;0.0;0.0;0.0
1.0;1753877993.745724;18.547308;-16.9;4.41;473.34;0.149014;1.39241;-0.01551;0.0;0.0;0.0;0.0;0.0;0.0
1.0;1753877993.750322;18.561154;-30.27;4.28;463.6;-0.152744;1.553883;0.279712;0.0;0.0;0.0;0.0;0.0;0.0
1.0;1753877993.75492;18.572245;-19.46;-2.1;499.98;0.331022;0.118714;0.127896;0.0;0.0;0.0;0.0;0.0;0.0
1.0;1753877993.759518;18.568132;-6.92;-2.35;495.01;0.575446;0.888778;0.199;0.0;0.0;0.0;0.0;0.0;0.0
1.0;1753877993.764115;18.552197;-19.75;-12.47;496.16;0.083517;0.872606;0.41843;0.0;0.0;0.0;0.0;0.0;0.0
1.0;1753877993.768713;18.563564;-6.15;-11.83;506.12;-0.13118;1.013976;0.186811;0.0;0.0;0.0;0.0;0.0;0.0
1.0;1753877993.773311;18.541708;-3.62;4.02;475.63;-0.3872;0.530157;0.157404;0.0;0.0;0.0;0.0;0.0;0.0
1.0;1753877993.777909;18.559468;-19.28;5.15;496.79;0.150666;1.367085;-0.008644;0.0;0.0;0.0;0.0;0.0;0.0
1.0;1753877993.782507;18.563541;-18.66;-7.08;513.5;0.319246;0.497248;0.265837;0.0;0.0;0.0;0.0;0.0;0.0
1.0;1753877993.787105;18.55148;-15.17;-6.08;495.18;0.265496;0.388402;0.188903;0.0;0.0;0.0;0.0;0.0;0.0
1.0;1753877993.791703;18.56697;-15.0;-5.31;524.86;0.750991;-0.028016;0.023721;0.0;0.0;0.0;0.0;0.0;0.0
1.0;1753877993.796301;18.546669;-20.29;-7.86;454.1;-0.038609;1.184532;0.019628;0.0;0.0;0.0;0.0;0.0;0.0
1.0;1753877993.800898;18.570085;-5.44;8.74;510.28;-0.742713;1.207382;0.295203;0.0;0.0;0.0;0.0;0.0;0.0
1.0;1753877993.805496;18.578939;-14.65;-2.11;505.75;0.621137;0.393984;0.413505;0.0;0.0;0.0;0.0;0.0;0.0
1.0;1753877993.810094;18.570279;-19.45;-10.1;515.2;0.252618;0.909359;-0.155745;0.0;0.0;0.0;0.0;0.0;0.0
1.0;1753877993.814692;18.557753;-24.74;-0.71;501.29;0.113263;1.000642;-0.208998;0.0;0.0;0.0;0.0;0.0;0.0
1.0;1753877993.81929;18.573594;-5.17;-2.55;508.61;-0.097377;1.118805;0.397126;0.0;0.0;0.0;0.0;0.0;0.0
1.0;1753877993.823888;18.540032;-10.6;0.91;529.09;-0.028466;1.045029;0.265908;0.0;0.0;0.0;0.0;0.0;0.0
1.0;1753877993.828486;18.569194;-19.59;-0.33;478.0;0.28595;1.057408;0.131621;0.0;0.0;0.0;0.0;0.0;0.0
1.0;1753877993.833084;18.559303;-13.87;2.75;498.72;0.024198;0.658594;0.239241;0.0;0.0;0.0;0.0;0.0;0.0
1.0;1753877993.837682;18.56342;-6.8;7.2;545.6;0.421427;0.539215;-0.02416;0.0;0.0;0.0;0.0;0.0;0.0
1.0;1753877993.84228;18.562888;-17.29;-0.09;484.7;-0.444715;1.497863;0.232079;0.0;0.0;0.0;0.0;0.0;0.0
1.0;1753877993.846878;18.552746;-21.96;-6.5;534.58;0.10679;0.441483;-0.156174;0.0;0.0;0.0;0.0;0.0;0.0
1.0;1753877993.851476;18.577611;-29.47;5.41;486.48;-0.347715;0.234077;0.265826;0.0;0.0;0.0;0.0;0.0;0.0
1.0;1753877993.856074;18.548655;-22.43;-0.19;501.69;-0.061973;0.918338;0.274495;0.0;0.0;0.0;0.0;0.0;0.0
1.0;1753877993.860671;18.570884;-16.15;3.21;516.51;0.05088;0.486566;-0.035924;0.0;0.0;0.0;0.0;0.0;0.0
1.0;1753877993.865269;18.560153;-9.02;-3.04;530.67;1.139931;1.0987;0.441304;0.0;0.0;0.0;0.0;0.0;0.0
1.0;1753877993.869867;18.575455;-30.5;-2.38;497.23;0.59582;0.581824;0.413554;0.0;0.0;0.0;0.0;0.0;0.0
1.0;1753877993.874465;18.565833;-14.62;4.53;508.12;-0.576709;0.269043;0.348082;0.0;0.0;0.0;0.0;0.0;0.0
1.0;1753877993.879063;18.571708;-15.01;-6.88;491.01;-0.005302;1.274848;0.146525;0.0;0.0;0.0;0.0;0.0;0.0
1.0;1753877993.883661;18.551085;-19.18;-0.48;475.58;0.450559;0.084302;0.092321;0.0;0.0;0.0;0.0;0.0;0.0
1.0;1753877993.888259;18.587733;-19.78;11.26;502.6;-0.763234;0.688698;-0.141328;0.0;0.0;0.0;0.0;0.0;0.0
1.0;1753877993.896;18.5625;-16.03;-0.35;512.68;0.035868;0.683322;0.166042;0.0;0.0;0.0;0.0;0.0;0.0
1.0;1753877993.900598;18.547983;-13.55;-5.03;513.61;0.064852;0.052614;-0.027023;0.0;0.0;0.0;0.0;0.0;0.0
1.0;1753877993.905196;18.547802;-13.54;-0.28;452.14;0.076774;0.819604;0.095191;0.0;0.0;0.0;0.0;0.0;0.0
1.0;1753877993.909794;18.54781;-7.07;-5.22;459.94;0.133231;0.649333;-0.167286;0.0;0.0;0.0;0.0;0.0;0.0
1.0;1753877993.91431;18.542969;-6.16;-14.42;451.01;0.923784;0.174338;0.02074;0.0;0.0;0.0;0.0;0.0;0.0
1.0;1753877993.918908;18.543791;3.57;-6.64;440.97;1.013772;0.067896;-0.031019;0.0;0.0;0.0;0.0;0.0;0.0
1.0;1753877993.923506;18.546475;-8.37;-18.5;470.61;0.916492;0.304474;0.089034;0.0;0.0;0.0;0.0;0.0;0.0
1.0;1753877993.928104;18.539251;-0.73;-13.73;487.31;0.725653;-0.029301;-0.258032;0.0;0.0;0.0;0.0;0.0;0.0
1.0;1753877993.932702;18.551051;-5.98;11.19;477.57;1.175613;-0.029947;0.154142;0.0;0.0;0.0;0.0;0.0;0.0
1.0;1753877993.9373;18.544705;-10.45;-23.33;472.01;0.94895;0.49357;-0.283659;0.0;0.0;0.0;0.0;0.0;0.0
1.0;1753877993.941898;18.548549;-9.75;-23.81;495.1;1.157643;-0.111674;-0.217166;0.0;0.0;0.0;0.0;0.0;0.0
1.0;1753877993.946495;18.540053;-6.84;-1.34;467.2;0.502253;0.111025;-0.132028;0.0;0.0;0.0;0.0;0.0;0.0
1.0;1753877993.951093;18.549017;-1.76;3.15;388.69;2.126021;0.559824;-0.349474;0.0;0.0;0.0;0.0;0.0;0.0
1.0;1753877993.955691;18.539221;-5.43;-0.05;473.4;0.27369;0.180621;0.00481;0.0;0.0;0.0;0.0;0.0;0.0
1.0;1753877993.96419;18.542969;-3.08;-6.23;462.14;1.120814;0.044896;-0.099552;0.0;0.0;0.0;0.0;0.0;0.0
1.0;1753877993.9685;18.578125;-5.25;-4.2;450.45;0.992592;-0.23668;-0.00183;0.0;0.0;0.0;0.0;0.0;0.0
1.0;1753877993.973067;18.578125;-4.34;-11.34;451.29;0.903044;-0.751398;0.030256;0.0;0.0;0.0;0.0;0.0;0.0
1.0;1753877993.977641;18.578125;-11.62;-17.71;443.17;0.468846;-0.662216;0.05063;0.0;0.0;0.0;0.0;0.0;0.0
1.0;1753877993.98222;18.570312;-15.4;-16.66;426.37;0.638914;-0.26291;-0.005612;0.0;0.0;0.0;0.0;0.0;0.0
1.0;1753877993.986787;18.570312;-7.77;-8.96;420.07;1.322724;-0.851804;0.066246;0.0;0.0;0.0;0.0;0.0;0.0
1.0;1753877993.991639;18.570312;-2.38;-3.5;457.8;0.9699;-0.271206;0.17385;0.0;0.0;0.0;0.0;0.0;0.0
1.0;1753877993.996237;18.586628;-4.5;-2.23;485.68;0.944137;0.001672;0.091391;0.0;0.0;0.0;0.0;0.0;0.0
1.0;1753877994.000835;18.573211;-7.11;-11.14;463.6;0.340953;0.10076;0.100937;0.0;0.0;0.0;0.0;0.0;0.0
1.0;1753877994.005432;18.576164;1.9;7.78;434.71;1.136364;-0.840066;0.490255;0.0;0.0;0.0;0.0;0.0;0.0
1.0;1753877994.01003;18.560987;-1.93;-7.57;455.96;1.190246;-0.245589;0.192568;0.0;0.0;0.0;0.0;0.0;0.0
1.0;1753877994.014628;18.571573;9.17;-1.33;468.97;0.774305;-0.232299;0.150143;0.0;0.0;0.0;0.0;0.0;0.0
1.0;1753877994.019226;18.559246;9.32;-3.87;454.27;1.390635;0.044775;0.34318;0.0;0.0;0.0;0.0;0.0;0.0
1.0;1753877994.023824;18.563504;-4.94;13.22;455.55;0.628206;0.906066;0.110258;0.0;0.0;0.0;0.0;0.0;0.0
1.0;1753877994.028422;18.565257;-9.4;-3.48;472.85;1.091965;-0.625569;0.303539;0.0;0.0;0.0;0.0;0.0;0.0
1.0;1753877994.03302;18.560001;-5.3;5.25;468.27;0.688894;-1.247088;0.060144;0.0;0.0;0.0;0.0;0.0;0.0
1.0;1753877994.037618;18.573516;-20.63;-13.36;459.46;0.695841;0.213816;0.14097;0.0;0.0;0.0;0.0;0.0;0.0
1.0;1753877994.042216;18.581966;-0.93;-3.08;424.35;0.949013;-0.432763;0.470423;0.0;0.0;0.0;0.0;0.0;0.0
1.0;1753877994.046814;18.564063;1.99;4.03;483.92;1.089546;-0.659054;0.045003;0.0;0.0;0.0;0.0;0.0;0.0
1.0;1753877994.051412;18.563651;2.38;-4.86;448.44;1.602303;0.191757;0.154449;0.0;0.0;0.0;0.0;0.0;0.0
1.0;1753877994.05601;18.563775;-3.02;-13.54;459.57;0.775797;-1.397974;0.133162;0.0;0.0;0.0;0.0;0.0;0.0
1.0;1753877994.060608;18.576513;3.99;-17.58;419.94;0.716745;-1.526862;0.035388;0.0;0.0;0.0;0.0;0.0;0.0
1.0;1753877994.065205;18.562006;-5.33;-15.91;452.69;1.155849;0.021608;0.24551;0.0;0.0;0.0;0.0;0.0;0.0
1.0;1753877994.069803;18.56684;4.86;-3.14;496.89;1.121238;0.013151;0.290924;0.0;0.0;0.0;0.0;0.0;0.0
1.0;1753877994.074401;18.593925;-5.27;-2.5;433.04;1.135861;-0.159986;0.209454;0.0;0.0;0.0;0.0;0.0;0.0
1.0;1753877994.078999;18.562506;-1.56;-6.88;473.75;0.778428;-0.473392;0.192585;0.0;0.0;0.0;0.0;0.0;0.0
1.0;1753877994.083597;18.554458;2.04;-3.58;466.33;1.194568;-0.895532;0.037885;0.0;0.0;0.0;0.0;0.0;0.0
1.0;1753877994.088195;18.576298;-7.69;-9.2;481.56;1.329366;-0.416155;0.022065;0.0;0.0;0.0;0.0;0.0;0.0
1.0;1753877994.092793;18.570528;-10.12;0.93;455.63;0.955988;-0.299687;0.087022;0.0;0.0;0.0;0.0;0.0;0.0
1.0;1753877994.097391;18.56842;-2.17;6.45;458.48;0.81376;-0.50111;0.214765;0.0;0.0;0.0;0.0;0.0;0.0
1.0;1753877994.101988;18.568108;-8.4;-6.87;490.72;1.002287;-1.226701;0.079997;0.0;0.0;0.0;0.0;0.0;0.0
1.0;1753877994.106586;18.579063;-2.32;0.22;464.15;1.077059;-0.130865;0.182702;0.0;0.0;0.0;0.0;0.0;0.0
1.0;1753877994.111184;18.576556;2.84;-6.48;447.03;1.202644;-0.649953;-0.004326;0.0;0.0;0.0;0.0;0.0;0.0
1.0;1753877994.115782;18.561537;-5.44;-5.14;429.63;1.25449;-0.01563;0.116649;0.0;0.0;0.0;0.0;0.0;0.0
1.0;1753877994.12038;18.578095;-0.98;-1.29;463.26;0.745621;-0.001273;0.23236;0.0;0.0;0.0;0.0;0.0;0.0
1.0;1753877994.124978;18.568395;-3.49;-10.49;505.38;0.872797;-0.670762;0.323111;0.0;0.0;0.0;0.0;0.0;0.0
1.0;1753877994.129576;18.566005;-6.62;-5.64;472.85;0.526227;-1.263445;0.116299;0.0;0.0;0.0;0.0;0.0;0.0
1.0;1753877994.134174;18.559556;-7.58;-1.76;522.95;1.541978;-0.717205;0.128281;0.0;0.0;0.0;0.0;0.0;0.0
1.0;1753877994.138772;18.579064;-1.52;7.69;482.7;1.480333;-0.378106;0.102276;0.0;0.0;0.0;0.0;0.0;0.0
1.0;1753877994.14337;18.578572;0.14;3.98;489.03;1.175012;0.266781;0.196099;0.0;0.0;0.0;0.0;0.0;0.0
1.0;1753877994.147968;18.559482;11.09;13.69;459.69;0.861993;-0.787841;0.102367;0.0;0.0;0.0;0.0;0.0;0.0
1.0;1753877994.152566;18.555379;1.1;-2.09;425.04;0.824568;-1.195549;0.015399;0.0;0.0;0.0;0.0;0.0;0.0
1.0;1753877994.157164;18.570913;2.14;-3.83;449.18;0.508119;-0.298095;0.214515;0.0;0.0;0.0;0.0;0.0;0.0
1.0;1753877994.161761;18.566696;11.76;-12.15;482.53;0.751145;-0.953427;0.279648;0.0;0.0;0.0;0.0;0.0;0.0
1.0;1753877994.166359;18.556525;-3.1;-3.27;463.07;0.869743;-0.022066;0.252532;0.0;0.0;0.0;0.0;0.0;0.0
1.0;1753877994.170957;18.563902;-11.58;-19.25;475.57;0.616468;0.635789;0.077727;0.0;0.0;0.0;0.0;0.0;0.0
1.0;1753877994.175555;18.567939;8.73;-25.96;444.29;0.93476;-0.532407;0.072176;0.0;0.0;0.0;0.0;0.0;0.0
1.0;1753877994.180153;18.552959;0.6;-7.63;469.54;0.380286;-1.130862;0.002896;0.0;0.0;0.0;0.0;0.0;0.0
1.0;1753877994.184751;18.572177;-5.32;-16.44;478.91;1.104858;-0.58051;0.106136;0.0;0.0;0.0;0.0;0.0;0.0
1.0;1753877994.189349;18.564227;-2.05;-26.64;492.86;0.712881;-1.081691;0.235003;0.0;0.0;0.0;0.0;0.0;0.0
1.0;1753877994.193946;18.581642;-8.17;-8.6;477.3;0.552299;0.047272;-0.132854;0.0;0.0;0.0;0.0;0.0;0.0
1.0;1753877994.198544;18.562226;-11.05;5.06;490.94;0.541293;-0.874659;0.000407;0.0;0.0;0.0;0.0;0.0;0.0
1.0;1753877994.203142;18.569158;2.37;-13.16;469.58;1.55186;-0.785259;0.045482;0.0;0.0;0.0;0.0;0.0;0.0
1.0;1753877994.20774;18.584536;-5.05;-0.84;475.75;0.461395;-1.022109;-0.067572;0.0;0.0;0.0;0.0;0.0;0.0
1.0;1753877994.212338;18.551912;-2.79;1.06;436.6;1.019245;-1.713377;0.164403;0.0;0.0;0.0;0.0;0.0;0.0
1.0;1753877994.216936;18.569515;-11.47;-2.38;394.69;0.902885;-1.404651;-0.008217;0.0;0.0;0.0;0.0;0.0;0.0
1.0;1753877994.221534;18.560092;-6.81;-2.42;453.03;1.187832;-1.926232;0.236711;0.0;0.0;0.0;0.0;0.0;0.0
1.0;1753877994.226132;18.575246;-13.11;-9.18;466.58;0.648366;-1.645395;0.230298;0.0;0.0;0.0;0.0;0.0;0.0
1.0;1753877994.23073;18.562811;-11.19;-12.56;474.7;1.259283;-0.927896;0.087355;0.0;0.0;0.0;0.0;0.0;0.0
1.0;1753877994.235328;18.563268;-9.22;-2.22;448.35;0.252853;-1.242351;0.167484;0.0;0.0;0.0;0.0;0.0;0.0
1.0;1753877994.239926;18.561591;-9.83;-11.09;493.77;0.358708;0.570736;0.064839;0.0;0.0;0.0;0.0;0.0;0.0
1.0;1753877994.244524;18.568664;4.35;3.81;494.43;0.825055;-1.439473;0.023842;0.0;0.0;0.0;0.0;0.0;0.0
1.0;1753877994.249122;18.573632;-2.8;-8.43;472.96;0.471764;-1.461367;0.100988;0.0;0.0;0.0;0.0;0.0;0.0
1.0;1753877994.253719;18.578772;-8.96;-8.2;451.31;0.606723;-0.554215;0.399648;0.0;0.0;0.0;0.0;0.0;0.0
1.0;1753877994.258317;18.560908;-7.3;-14.46;460.65;0.650144;-0.142244;0.198167;0.0;0.0;0.0;0.0;0.0;0.0
1.0;1753877994.262915;18.567195;-11.33;-0.54;436.86;0.713667;-0.672751;0.124731;0.0;0.0;0.0;0.0;0.0;0.0
1.0;1753877994.267513;18.562508;0.62;-8.57;474.99;0.630922;-1.015325;0.229431;0.0;0.0;0.0;0.0;0.0;0.0
1.0;1753877994.272111;18.558055;-7.83;-5.69;473.53;0.827009;-1.620565;0.149723;0.0;0.0;0.0;0.0;0.0;0.0
1.0;1753877994.276709;18.558775;-18.81;-7.11;461.92;1.219375;-0.813302;0.082054;0.0;0.0;0.0;0.0;0.0;0.0
1.0;1753877994.281307;18.557631;-9.15;-4.98;478.63;0.747897;-0.964197;0.244002;0.0;0.0;0.0;0.0;0.0;0.0
1.0;1753877994.285905;18.559882;-13.2;6.21;449.36;0.598161;-1.128472;-0.021685;0.0;0.0;0.0;0.0;0.0;0.0
1.0;1753877994.290502;18.55979;-0.57;-8.62;468.63;0.668875;-1.305227;0.022302;0.0;0.0;0.0;0.0;0.0;0.0
1.0;1753877994.2951;18.551857;-22.9;2.9;489.45;0.256924;-0.795476;0.105505;0.0;0.0;0.0;0.0;0.0;0.0
1.0;1753877994.299698;18.560413;0.28;-7.51;468.38;1.203607;-0.5563;-0.037054;0.0;0.0;0.0;0.0;0.0;0.0
1.0;1753877994.304296;18.568438;-11.7;-2.21;485.69;0.468712;-1.517547;0.386577;0.0;0.0;0.0;0.0;0.0;0.0
1.0;1753877994.308894;18.574419;-16.94;-13.74;458.37;0.633395;-1.498322;0.077882;0.0;0.0;0.0;0.0;0.0;0.0
1.0;1753877994.313492;18.553879;-20.63;-3.13;481.16;0.253499;-0.266316;0.17181;0.0;0.0;0.0;0.0;0.0;0.0
1.0;1753877994.31809;18.554289;-16.27;-16.11;496.07;0.53782;-0.498556;0.067848;0.0;0.0;0.0;0.0;0.0;0.0
1.0;1753877994.322688;18.565848;-7.71;-3.82;490.69;0.54677;-2.224059;0.153115;0.0;0.0;0.0;0.0;0.0;0.0
1.0;1753877994.327286;18.554725;-10.05;-11.03;449.71;0.981993;-0.926684;0.168322;0.0;0.0;0.0;0.0;0.0;0.0
1.0;1753877994.331884;18.56996;-4.19;-7.58;451.13;0.282082;-1.568906;-0.039658;0.0;0.0;0.0;0.0;0.0;0.0
1.0;1753877994.336482;18.556139;-14.41;-7.61;464.02;0.797768;-1.425455;-0.011842;0.0;0.0;0.0;0.0;0.0;0.0
1.0;1753877994.34108;18.56967;-15.98;-12.62;477.33;0.148588;-1.708888;0.191911;0.0;0.0;0.0;0.0;0.0;0.0
1.0;1753877994.345678;18.556866;-3.55;-11.02;464.68;0.593266;-2.641409;-0.077528;0.0;0.0;0.0;0.0;0.0;0.0
1.0;1753877994.350275;18.563888;-7.26;-4.09;467.08;0.805282;-1.713815;0.087777;0.0;0.0;0.0;0.0;0.0;0.0
1.0;1753877994.354873;18.544748;-4.79;-6.66;501.58;0.59703;-2.256509;0.21788;0.0;0.0;0.0;0.0;0.0;0.0
1.0;1753877994.359471;18.580442;-5.27;-7.12;476.74;1.437691;-1.918621;0.110628;0.0;0.0;0.0;0.0;0.0;0.0
1.0;1753877994.366;18.5625;-9.38;-10.78;468.3;0.574254;-1.592344;0.056486;0.0;0.0;0.0;0.0;0.0;0.0
1.0;1753877994.370598;18.555024;-2.46;-7.48;454.77;0.646618;-1.22084;-0.086505;0.0;0.0;0.0;0.0;0.0;0.0
1.0;1753877994.375196;18.558594;-8.78;-21.15;493.62;0.334214;-1.830609;0.088928;0.0;0.0;0.0;0.0;0.0;0.0
1.0;1753877994.379794;18.545356;-11.2;-19.31;475.89;0.278483;-1.444114;0.129173;0.0;0.0;0.0;0.0;0.0;0.0
1.0;1753877994.384392;18.563966;-10.02;-10.24;453.92;1.220037;-1.744126;-0.062753;0.0;0.0;0.0;0.0;0.0;0.0
1.0;1753877994.38899;18.556221;-22.66;-18.74;485.9;0.093773;-1.471216;-0.062384;0.0;0.0;0.0;0.0;0.0;0.0
1.0;1753877994.393587;18.57035;-13.46;-8.61;461.68;0.649213;-0.899435;-0.192037;0.0;0.0;0.0;0.0;0.0;0.0
1.0;1753877994.398185;18.57375;2.98;-13.66;483.34;0.839281;-0.853712;0.153291;0.0;0.0;0.0;0.0;0.0;0.0
1.0;1753877994.402783;18.555263;-3.48;-17.44;494.0;0.625627;-0.499493;-0.01411;0.0;0.0;0.0;0.0;0.0;0.0
1.0;1753877994.407381;18.556356;-12.3;-10.5;471.17;0.57623;-1.39644;-0.017266;0.0;0.0;0.0;0.0;0.0;0.0
1.0;1753877994.411979;18.565708;-13.66;-16.01;480.5;0.59605;-0.860224;-0.102729;0.0;0.0;0.0;0.0;0.0;0.0
1.0;1753877994.416577;18.563052;-14.0;-10.23;468.89;0.834004;-1.077366;0.058866;0.0;0.0;0.0;0.0;0.0;0.0
1.0;1753877994.421175;18.572117;-14.66;-9.35;476.18;0.272254;-0.374434;0.117651;0.0;0.0;0.0;0.0;0.0;0.0
1.0;1753877994.425773;18.551842;0.51;-10.94;417.52;0.351647;-1.205827;-0.068223;0.0;0.0;0.0;0.0;0.0;0.0
1.0;1753877994.43037;18.579233;-8.64;-14.09;469.0;0.703171;-1.306717;0.01933;0.0;0.0;0.0;0.0;0.0;0.0
1.0;1753877994.434968;18.555279;-21.21;-3.63;460.54;0.730541;-1.768059;-0.085382;0.0;0.0;0.0;0.0;0.0;0.0
1.0;1753877994.439566;18.574768;-17.59;-8.11;448.67;0.566374;-0.663386;0.091502;0.0;0.0;0.0;0.0;0.0;0.0
1.0;1753877994.444164;18.562808;-18.18;-14.12;458.54;0.607797;-1.075959;-0.108014;0.0;0.0;0.0;0.0;0.0;0.0
1.0;1753877994.448762;18.558044;-7.4;-17.85;484.49;0.385705;-0.242504;-0.401027;0.0;0.0;0.0;0.0;0.0;0.0
1.0;1753877994.45336;18.557511;-6.24;-12.96;476.85;0.612269;-0.915935;-0.185199;0.0;0.0;0.0;0.0;0.0;0.0
1.0;1753877994.457958;18.568713;-14.32;-8.71;494.01;0.791954;0.099293;-0.130037;0.0;0.0;0.0;0.0;0.0;0.0
1.0;1753877994.462556;18.558185;-32.69;-13.99;474.98;1.094051;0.314937;0.14381;0.0;0.0;0.0;0.0;0.0;0.0
1.0;1753877994.467154;18.557295;-22.78;-0.12;489.44;0.806534;-0.065996;-0.119876;0.0;0.0;0.0;0.0;0.0;0.0
1.0;1753877994.471752;18.556516;-22.15;-6.51;511.01;0.797194;0.468025;-0.099693;0.0;0.0;0.0;0.0;0.0;0.0
1.0;1753877994.47635;18.548666;-19.32;-15.96;466.92;0.765005;-0.848333;-0.136107;0.0;0.0;0.0;0.0;0.0;0.0
1.0;1753877994.480948;18.567641;-17.23;-10.61;462.65;0.655632;-0.427717;-0.257084;0.0;0.0;0.0;0.0;0.0;0.0
1.0;1753877994.485546;18.550944;-20.04;-21.08;499.28;0.574332;-0.221674;0.034644;0.0;0.0;0.0;0.0;0.0;0.0
1.0;1753877994.490143;18.561037;-4.68;-18.11;447.73;0.420894;-0.703507;-0.154823;0.0;0.0;0.0;0.0;0.0;0.0
1.0;1753877994.494741;18.559864;-12.85;-0.72;471.05;0.683199;-0.065666;-0.385152;0.0;0.0;0.0;0.0;0.0;0.0
1.0;1753877994.5024;18.5625;-18.69;-12.53;466.9;0.69601;0.049532;-0.200812;0.0;0.0;0.0;0.0;0.0;0.0
1.0;1753877994.506998;18.552898;-20.19;-12.03;481.37;0.289965;-0.1103;-0.109943;0.0;0.0;0.0;0.0;0.0;0.0
1.0;1753877994.511596;18.578728;-8.86;-11.99;462.92;0.936326;-0.864589;-0.033702;0.0;0.0;0.0;0.0;0.0;0.0
1.0;1753877994.516194;18.568021;-12.4;-9.06;449.82;0.642179;-0.141093;-0.056656;0.0;0.0;0.0;0.0;0.0;0.0
1.0;1753877994.520792;18.573369;-14.2;-8.18;457.87;0.623496;-0.501721;-0.108733;0.0;0.0;0.0;0.0;0.0;0.0
1.0;1753877994.52539;18.570479;-3.31;-13.04;470.14;0.807153;-1.366189;-0.004093;0.0;0.0;0.0;0.0;0.0;0.0
1.0;1753877994.529987;18.5753;-19.66;-10.29;461.2;0.591803;-0.310453;0.044497;0.0;0.0;0.0;0.0;0.0;0.0
1.0;1753877994.534585;18.56588;1.9;-11.71;427.69;0.636462;-0.984547;-0.199136;0.0;0.0;0.0;0.0;0.0;0.0
1.0;1753877994.539183;18.587253;-7.68;-10.32;456.13;1.266335;-1.328412;0.019598;0.0;0.0;0.0;0.0;0.0;0.0
1.0;1753877994.543781;18.570955;8.47;-12.99;465.65;0.63043;-0.798506;-0.080625;0.0;0.0;0.0;0.0;0.0;0.0
1.0;1753877994.548379;18.589219;0.24;-7.61;464.43;0.784103;-0.998525;0.024508;0.0;0.0;0.0;0.0;0.0;0.0
1.0;1753877994.55412;18.585938;4.97;-10.78;460.6;0.729926;-1.123864;0.080764;0.0;0.0;0.0;0.0;0.0;0.0
1.0;1753877994.558718;18.588653;-6.52;-16.13;481.31;0.517349;-1.133994;0.11768;0.0;0.0;0.0;0.0;0.0;0.0
1.0;1753877994.563316;18.584933;3.34;-10.33;443.4;0.017377;-0.04666;0.127235;0.0;0.0;0.0;0.0;0.0;0.0
1.0;1753877994.567914;18.595018;-2.52;-8.86;465.84;0.349572;-0.764587;-0.014316;0.0;0.0;0.0;0.0;0.0;0.0
1.0;1753877994.572512;18.577714;-1.94;-15.77;470.71;0.790901;-0.876805;0.434201;0.0;0.0;0.0;0.0;0.0;0.0
1.0;1753877994.57711;18.59439;-7.63;-17.0;465.93;0.304969;-0.749712;0.233267;0.0;0.0;0.0;0.0;0.0;0.0
1.0;1753877994.581708;18.579152;-11.1;-10.32;461.32;0.01128;-0.716039;0.380469;0.0;0.0;0.0;0.0;0.0;0.0
1.0;1753877994.586306;18.579265;-8.4;-13.1;494.52;0.597233;-0.295489;0.135464;0.0;0.0;0.0;0.0;0.0;0.0
1.0;1753877994.590903;18.580704;-1.12;-10.83;506.64;1.068368;-1.472713;0.092852;0.0;0.0;0.0;0.0;0.0;0.0
1.0;1753877994.59951;18.585938;-1.89;-17.29;495.53;0.25437;-0.63684;0.400038;0.0;0.0;0.0;0.0;0.0;0.0
1.0;1753877994.604108;18.586577;-6.1;-21.12;525.36;0.403291;-0.063117;0.209096;0.0;0.0;0.0;0.0;0.0;0.0
1.0;1753877994.608706;18.587774;12.38;-9.12;470.37;0.435692;-0.434291;0.533673;0.0;0.0;0.0;0.0;0.0;0.0
1.0;1753877994.613304;18.600206;-1.64;-16.55;528.01;0.170272;-0.149881;0.072829;0.0;0.0;0.0;0.0;0.0;0.0
1.0;1753877994.617902;18.596997;6.36;-12.08;510.2;0.48235;-1.523165;0.129377;0.0;0.0;0.0;0.0;0.0;0.0
1.0;1753877994.6225;18.582162;7.76;-18.35;523.1;0.415447;-0.440131;0.269999;0.0;0.0;0.0;0.0;0.0;0.0
1.0;1753877994.627097;18.579097;7.45;-20.34;475.41;0.604318;-0.65494;0.075019;0.0;0.0;0.0;0.0;0.0;0.0
1.0;1753877994.631695;18.576064;0.39;-15.09;539.39;0.516673;-1.30314;0.099397;0.0;0.0;0.0;0.0;0.0;0.0
1.0;1753877994.636293;18.60691;7.4;-16.96;520.98;0.591824;-0.342286;0.059473;0.0;0.0;0.0;0.0;0.0;0.0
1.0;1753877994.640891;18.593534;8.05;-13.37;520.83;0.39274;-0.37567;0.048962;0.0;0.0;0.0;0.0;0.0;0.0
1.0;1753877994.64529;18.585938;3.71;-14.42;526.05;0.228262;-0.472628;-0.106872;0.0;0.0;0.0;0.0;0.0;0.0
1.0;1753877994.649888;18.580654;9.71;-12.29;513.28;0.285929;-0.41919;0.197016;0.0;0.0;0.0;0.0;0.0;0.0
1.0;1753877994.654486;18.599378;-1.09;-16.78;521.58;0.30583;-0.507768;-0.080937;0.0;0.0;0.0;0.0;0.0;0.0
1.0;1753877994.659084;18.579227;-3.11;-20.48;520.29;0.10767;-0.765891;0.182916;0.0;0.0;0.0;0.0;0.0;0.0
1.0;1753877994.663682;18.591848;10.29;-5.63;512.65;0.381296;-0.40058;-0.143363;0.0;0.0;0.0;0.0;0.0;0.0
1.0;1753877994.66828;18.576568;-0.68;-19.09;555.96;0.129855;-0.690759;0.062537;0.0;0.0;0.0;0.0;0.0;0.0
1.0;1753877994.672877;18.588572;2.82;-18.5;540.24;0.249901;-0.310934;-0.103012;0.0;0.0;0.0;0.0;0.0;0.0
1.0;1753877994.677475;18.588919;2.73;-19.93;539.84;0.542114;-0.653326;0.141746;0.0;0.0;0.0;0.0;0.0;0.0
1.0;1753877994.682073;18.575779;1.8;-12.29;494.86;0.590926;0.093698;0.061295;0.0;0.0;0.0;0.0;0.0;0.0
1.0;1753877994.686671;18.58277;5.2;-20.41;504.87;-0.140794;0.256678;0.241739;0.0;0.0;0.0;0.0;0.0;0.0
1.0;1753877994.69113;18.585938;0.21;-20.65;521.64;0.262422;-0.231556;0.17446;0.0;0.0;0.0;0.0;0.0;0.0
1.0;1753877994.695728;18.585859;-6.04;-24.02;506.59;0.27658;-0.062082;0.195883;0.0;0.0;0.0;0.0;0.0;0.0
1.0;1753877994.700326;18.591897;6.59;-11.79;480.04;0.671196;-0.807368;-0.015688;0.0;0.0;0.0;0.0;0.0;0.0
1.0;1753877994.704924;18.576028;-0.54;-20.29;486.28;0.258517;-1.208728;0.191418;0.0;0.0;0.0;0.0;0.0;0.0
1.0;1753877994.709522;18.592358;0.75;-28.57;489.99;-0.003829;0.336057;-0.158464;0.0;0.0;0.0;0.0;0.0;0.0
1.0;1753877994.71412;18.566556;0.93;-17.82;522.11;0.729302;-2.418996;0.210568;0.0;0.0;0.0;0.0;0.0;0.0
1.0;1753877994.718717;18.581385;-1.9;-28.16;546.81;0.336655;-1.378919;0.156231;0.0;0.0;0.0;0.0;0.0;0.0
1.0;1753877994.723315;18.572274;-6.52;-15.55;526.09;-0.044775;-2.735814;-0.139011;0.0;0.0;0.0;0.0;0.0;0.0
1.0;1753877994.727913;18.562636;-4.77;-18.76;507.86;0.766304;-4.051835;0.064019;0.0;0.0;0.0;0.0;0.0;0.0
1.0;1753877994.732511;18.58129;-0.45;-28.45;569.28;0.172481;-1.497249;0.194532;0.0;0.0;0.0;0.0;0.0;0.0
1.0;1753877994.73673;18.570312;-7.21;-22.89;518.77;0.519598;-3.07623;0.144692;0.0;0.0;0.0;0.0;0.0;0.0
1.0;1753877994.741328;18.580772;-1.34;-21.76;466.12;0.295613;-1.262548;0.180992;0.0;0.0;0.0;0.0;0.0;0.0
1.0;1753877994.745926;18.564643;-15.35;-19.59;456.55;0.363776;-2.043594;0.240386;0.0;0.0;0.0;0.0;0.0;0.0
1.0;1753877994.750524;18.576391;-23.11;-38.13;514.7;0.149637;-1.393609;0.149612;0.0;0.0;0.0;0.0;0.0;0.0
1.0;1753877994.755122;18.575055;-16.62;-10.36;455.47;0.180449;-1.128894;-0.223443;0.0;0.0;0.0;0.0;0.0;0.0
1.0;1753877994.75972;18.572393;-26.17;-19.7;505.1;-0.130551;-1.783328;0.062826;0.0;0.0;0.0;0.0;0.0;0.0
1.0;1753877994.764318;18.576793;-26.34;-20.81;526.19;-0.219637;-2.835106;-0.034879;0.0;0.0;0.0;0.0;0.0;0.0
1.0;1753877994.768916;18.57944;-25.63;-23.79;513.94;0.156387;-1.660875;-0.053747;0.0;0.0;0.0;0.0;0.0;0.0
1.0;1753877994.773513;18.562116;-18.07;-26.62;510.3;0.151727;-2.826457;-0.096094;0.0;0.0;0.0;0.0;0.0;0.0
1.0;1753877994.778111;18.569249;-26.98;-23.78;480.62;-0.998582;-0.282427;-0.163002;0.0;0.0;0.0;0.0;0.0;0.0
1.0;1753877994.78242;18.570312;-31.5;-25.76;511.63;-0.283772;-1.070184;-0.054412;0.0;0.0;0.0;0.0;0.0;0.0
1.0;1753877994.787018;18.558837;-26.05;-31.82;510.8;-0.345265;-1.055047;-0.389848;0.0;0.0;0.0;0.0;0.0;0.0
1.0;1753877994.791616;18.574006;-24.33;-29.81;457.83;-0.672899;-1.350954;-0.064494;0.0;0.0;0.0;0.0;0.0;0.0
1.0;1753877994.796214;18.575436;-30.64;-19.33;500.58;0.613981;0.223336;0.284073;0.0;0.0;0.0;0.0;0.0;0.0
1.0;1753877994.800812;18.578375;-21.64;-14.84;532.29;-0.189729;-1.268843;-0.164772;0.0;0.0;0.0;0.0;0.0;0.0
1.0;1753877994.80541;18.565091;-12.55;-16.47;540.65;0.662239;-2.080918;0.129714;0.0;0.0;0.0;0.0;0.0;0.0
1.0;1753877994.810007;18.571973;-10.62;-19.68;513.06;0.657506;-0.727412;-0.008838;0.0;0.0;0.0;0.0;0.0;0.0
1.0;1753877994.814605;18.54915;-4.7;-15.92;490.12;0.573415;-1.368062;0.079792;0.0;0.0;0.0;0.0;0.0;0.0
1.0;1753877994.819203;18.561682;-11.79;-5.14;480.57;0.642579;-0.455405;0.02109;0.0;0.0;0.0;0.0;0.0;0.0
1.0;1753877994.823801;18.580496;-20.07;-15.0;479.75;1.161884;-1.230523;0.051785;0.0;0.0;0.0;0.0;0.0;0.0
1.0;1753877994.8282;18.570312;-6.23;-13.72;512.96;1.099952;-0.692106;0.186294;0.0;0.0;0.0;0.0;0.0;0.0
1.0;1753877994.832798;18.561831;-0.51;-4.89;561.5;1.128576;-0.048543;0.217887;0.0;0.0;0.0;0.0;0.0;0.0
1.0;1753877994.837396;18.562249;-7.74;-19.26;512.97;-0.097788;-0.83048;0.357577;0.0;0.0;0.0;0.0;0.0;0.0
1.0;1753877994.841994;18.559363;-13.05;-17.7;478.18;0.116208;-1.448231;0.143323;0.0;0.0;0.0;0.0;0.0;0.0
1.0;1753877994.846592;18.572061;-16.36;-21.07;529.27;1.613725;-1.389516;0.036436;0.0;0.0;0.0;0.0;0.0;0.0
1.0;1753877994.85119;18.586074;0.36;-21.62;492.11;0.579808;-0.76617;0.401129;0.0;0.0;0.0;0.0;0.0;0.0
1.0;1753877994.855788;18.565927;4.98;-17.81;508.1;0.671207;0.056025;0.402694;0.0;0.0;0.0;0.0;0.0;0.0
1.0;1753877994.860386;18.582516;2.81;-31.89;548.69;0.41305;-0.754351;0.114506;0.0;0.0;0.0;0.0;0.0;0.0
1.0;1753877994.864983;18.560822;3.1;-30.65;533.74;0.311446;-0.251865;0.061513;0.0;0.0;0.0;0.0;0.0;0.0
1.0;1753877994.869581;18.573935;3.59;-36.0;583.55;0.420965;0.112095;0.128596;0.0;0.0;0.0;0.0;0.0;0.0
1.0;1753877994.87378;18.570312;-0.42;-31.85;534.8;0.287188;-0.588528;0.10736;0.0;0.0;0.0;0.0;0.0;0.0
1.0;1753877994.878378;18.581479;-12.82;-19.22;576.55;-0.433475;-0.761905;0.128178;0.0;0.0;0.0;0.0;0.0;0.0
1.0;1753877994.882976;18.562101;9.78;-34.22;509.26;0.073748;-0.849604;0.221606;0.0;0.0;0.0;0.0;0.0;0.0
1.0;1753877994.887574;18.53654;2.03;-35.9;593.91;0.658392;-0.227598;0.018999;0.0;0.0;0.0;0.0;0.0;0.0
1.0;1753877994.892172;18.527569;-8.89;-25.99;541.73;-0.117392;0.092811;-0.087404;0.0;0.0;0.0;0.0;0.0;0.0
1.0;1753877994.89677;18.573484;-6.58;-25.09;558.6;0.34316;-0.814052;-0.061945;0.0;0.0;0.0;0.0;0.0;0.0
1.0;1753877994.901368;18.540734;11.98;-24.67;532.44;0.307437;-1.05778;0.123849;0.0;0.0;0.0;0.0;0.0;0.0
1.0;1753877994.905965;18.578015;14.84;-27.79;540.29;-1.69413;-1.784263;0.08964;0.0;0.0;0.0;0.0;0.0;0.0
1.0;1753877994.910563;18.565349;-6.24;-14.16;559.39;-0.7499;-0.397714;-0.317017;0.0;0.0;0.0;0.0;0.0;0.0
1.0;1753877994.915161;18.544573;4.71;-32.15;521.35;-0.390063;-0.717879;0.410977;0.0;0.0;0.0;0.0;0.0;0.0
1.0;1753877994.91969;18.554688;0.14;-27.44;543.27;-1.29503;-0.765184;0.153598;0.0;0.0;0.0;0.0;0.0;0.0
1.0;1753877994.924202;18.554688;-10.71;-18.27;477.54;-0.753594;-0.676124;0.328546;0.0;0.0;0.0;0.0;0.0;0.0
1.0;1753877994.9288;18.581272;-10.39;-16.45;495.53;0.258074;0.382477;0.210458;0.0;0.0;0.0;0.0;0.0;0.0
1.0;1753877994.933516;18.578125;-10.22;-31.08;513.03;-0.793;0.08113;0.025498;0.0;0.0;0.0;0.0;0.0;0.0
1.0;1753877994.937969;18.578125;-6.72;-25.06;505.4;-0.857294;-0.33672;0.007076;0.0;0.0;0.0;0.0;0.0;0.0
1.0;1753877994.943232;18.578125;-25.62;5.18;469.21;-2.955328;-1.600396;-0.229116;0.0;0.0;0.0;0.0;0.0;0.0
1.0;1753877994.94762;18.578125;-14.98;8.47;406.49;-0.151402;0.411262;-0.207522;0.0;0.0;0.0;0.0;0.0;0.0
1.0;1753877994.951894;18.585938;-16.03;-5.11;452.76;0.104554;-0.873764;0.349286;0.0;0.0;0.0;0.0;0.0;0.0
1.0;1753877994.956253;18.585938;-13.72;-23.31;501.06;-1.492548;-0.216672;-0.034404;0.0;0.0;0.0;0.0;0.0;0.0
1.0;1753877994.960835;18.585938;-7.63;-21.21;494.62;-0.890478;-0.225944;-0.122488;0.0;0.0;0.0;0.0;0.0;0.0
1.0;1753877994.96545;18.585938;-10.92;-17.64;509.46;-0.34709;-0.304634;-0.167018;0.0;0.0;0.0;0.0;0.0;0.0
1.0;1753877994.970225;18.578125;-14.84;-12.67;519.26;0.10797;0.193492;0.292068;0.0;0.0;0.0;0.0;0.0;0.0
1.0;1753877994.97455;18.578125;-14.77;-3.71;504.0;-2.00812;-1.078846;-0.091866;0.0;0.0;0.0;0.0;0.0;0.0
1.0;1753877994.979148;18.569028;-13.04;-18.83;524.36;-1.713139;-1.182063;0.087118;0.0;0.0;0.0;0.0;0.0;0.0
1.0;1753877994.986001;18.578125;-0.56;-6.44;448.35;-1.166808;-0.94672;-0.135786;0.0;0.0;0.0;0.0;0.0;0.0
1.0;1753877994.989709;18.578125;-9.38;-31.22;488.04;-0.428098;-0.121756;0.293776;0.0;0.0;0.0;0.0;0.0;0.0
1.0;1753877994.992798;18.578125;-6.93;-32.83;508.27;-1.193892;0.186904;0.046604;0.0;0.0;0.0;0.0;0.0;0.0
1.0;1753877994.997369;18.578125;-4.83;-10.92;523.95;-0.80337;-0.090158;0.144326;0.0;0.0;0.0;0.0;0.0;0.0
1.0;1753877995.001967;18.58004;-15.05;-10.48;543.75;-1.405846;-0.682278;-0.169698;0.0;0.0;0.0;0.0;0.0;0.0
1.0;1753877995.006565;18.574423;1.6;-24.5;542.72;-1.140179;-0.190093;0.125526;0.0;0.0;0.0;0.0;0.0;0.0
1.0;1753877995.011163;18.574103;7.28;-13.84;463.73;-0.365034;-0.244523;-0.00803;0.0;0.0;0.0;0.0;0.0;0.0
1.0;1753877995.015761;18.593156;5.43;-22.0;533.64;-0.113822;-0.256494;0.211566;0.0;0.0;0.0;0.0;0.0;0.0
1.0;1753877995.020358;18.584718;-6.66;-17.16;526.2;-0.175643;0.073545;0.224467;0.0;0.0;0.0;0.0;0.0;0.0
1.0;1753877995.024956;18.577587;2.37;-9.7;536.73;-1.223204;-0.254361;0.012888;0.0;0.0;0.0;0.0;0.0;0.0
1.0;1753877995.029554;18.563067;-6.26;-6.18;602.22;-1.625533;-0.002393;0.188375;0.0;0.0;0.0;0.0;0.0;0.0
1.0;1753877995.034152;18.587814;-8.02;-7.88;501.2;-1.287941;0.714718;-0.042413;0.0;0.0;0.0;0.0;0.0;0.0
1.0;1753877995.03875;18.576184;-7.16;-7.86;538.58;-0.544413;0.074409;0.198492;0.0;0.0;0.0;0.0;0.0;0.0
1.0;1753877995.043348;18.564369;-13.07;-1.25;511.16;-0.821018;-0.674738;0.109536;0.0;0.0;0.0;0.0;0.0;0.0
1.0;1753877995.047946;18.576223;-9.48;-29.24;542.22;-0.965728;-0.688464;0.309774;0.0;0.0;0.0;0.0;0.0;0.0
1.0;1753877995.052544;18.589371;3.7;-0.32;515.23;0.086797;-0.03774;0.284333;0.0;0.0;0.0;0.0;0.0;0.0
1.0;1753877995.057142;18.595224;-11.39;-10.45;575.91;-1.429631;0.070022;0.137458;0.0;0.0;0.0;0.0;0.0;0.0
1.0;1753877995.06174;18.571845;-16.3;-14.69;600.24;-1.650201;0.414089;-0.05719;0.0;0.0;0.0;0.0;0.0;0.0
1.0;1753877995.066338;18.578136;7.0;-5.7;562.27;-0.850878;-0.257818;-0.225041;0.0;0.0;0.0;0.0;0.0;0.0
1.0;1753877995.070936;18.574391;-5.99;-19.75;479.29;-0.417148;-0.742291;0.204426;0.0;0.0;0.0;0.0;0.0;0.0
1.0;1753877995.075534;18.5747;-1.16;-6.96;543.57;-1.967401;-0.898211;0.474941;0.0;0.0;0.0;0.0;0.0;0.0
1.0;1753877995.080131;18.568823;-5.99;-14.48;528.3;-1.324504;-0.471643;0.084552;0.0;0.0;0.0;0.0;0.0;0.0
1.0;1753877995.084729;18.58939;-7.58;-9.4;523.68;-0.999672;-0.129936;0.668489;0.0;0.0;0.0;0.0;0.0;0.0
1.0;1753877995.089327;18.585344;-3.87;-3.74;544.13;-0.91545;0.677551;0.50987;0.0;0.0;0.0;0.0;0.0;0.0
1.0;1753877995.093925;18.571678;1.43;-16.6;518.72;-0.399739;-0.47793;0.231083;0.0;0.0;0.0;0.0;0.0;0.0
1.0;1753877995.098523;18.584888;-9.74;2.82;522.43;-1.779537;-0.040343;0.244619;0.0;0.0;0.0;0.0;0.0;0.0
1.0;1753877995.103121;18.582492;-11.63;-13.34;539.3;-2.297543;-0.638074;0.078864;0.0;0.0;0.0;0.0;0.0;0.0
1.0;1753877995.107719;18.569006;-0.03;-30.9;566.3;-2.169196;0.201706;0.072231;0.0;0.0;0.0;0.0;0.0;0.0
1.0;1753877995.112316;18.58311;-11.97;-9.04;502.91;-2.262731;-0.184963;0.103907;0.0;0.0;0.0;0.0;0.0;0.0
1.0;1753877995.116914;18.603893;-4.53;-28.0;529.47;-0.868965;0.155916;0.324323;0.0;0.0;0.0;0.0;0.0;0.0
1.0;1753877995.121512;18.571681;4.09;-7.92;504.05;-1.213139;0.472531;0.0357;0.0;0.0;0.0;0.0;0.0;0.0
1.0;1753877995.12611;18.59499;-1.63;-12.66;486.69;-2.290239;0.297193;0.037479;0.0;0.0;0.0;0.0;0.0;0.0
1.0;1753877995.130708;18.594984;-7.38;-8.52;512.02;-1.226039;-1.603592;0.235632;0.0;0.0;0.0;0.0;0.0;0.0
1.0;1753877995.135306;18.579274;-13.65;-12.7;531.88;-0.083056;-0.211308;0.237962;0.0;0.0;0.0;0.0;0.0;0.0
1.0;1753877995.139904;18.594159;-4.01;2.59;518.63;-1.283329;-0.376701;0.17053;0.0;0.0;0.0;0.0;0.0;0.0
1.0;1753877995.144502;18.583473;-13.11;-15.71;482.67;-1.193738;0.357627;0.014857;0.0;0.0;0.0;0.0;0.0;0.0
1.0;1753877995.1491;18.584966;-8.12;-9.8;527.41;-0.345181;-1.208443;0.494891;0.0;0.0;0.0;0.0;0.0;0.0
1.0;1753877995.153698;18.57773;-0.86;-26.39;555.57;-1.625673;-0.505579;-0.090927;0.0;0.0;0.0;0.0;0.0;0.0
1.0;1753877995.158296;18.573164;-7.31;-13.2;557.52;-2.570105;-0.302593;0.198697;0.0;0.0;0.0;0.0;0.0;0.0
1.0;1753877995.162894;18.579495;-15.03;1.01;519.02;-0.049025;0.22751;0.061281;0.0;0.0;0.0;0.0;0.0;0.0
1.0;1753877995.167492;18.558699;-16.13;-16.01;517.62;-2.975349;-0.66267;0.482374;0.0;0.0;0.0;0.0;0.0;0.0
1.0;1753877995.172089;18.582568;-14.41;-20.2;517.33;-2.277149;-0.240695;0.108774;0.0;0.0;0.0;0.0;0.0;0.0
1.0;1753877995.176687;18.592705;-12.32;-10.34;497.06;-0.852619;0.471546;-0.081012;0.0;0.0;0.0;0.0;0.0;0.0
1.0;1753877995.181285;18.565088;-13.98;-13.67;524.72;-1.485699;-0.273934;-0.182618;0.0;0.0;0.0;0.0;0.0;0.0
1.0;1753877995.185883;18.581355;-7.59;3.51;559.12;-1.183977;0.052046;-0.141928;0.0;0.0;0.0;0.0;0.0;0.0
1.0;1753877995.190481;18.584761;-14.35;-4.69;543.07;-2.062449;0.443388;0.113316;0.0;0.0;0.0;0.0;0.0;0.0
1.0;1753877995.1987;18.578125;-11.97;-3.15;531.51;-1.63236;-0.370148;0.218136;0.0;0.0;0.0;0.0;0.0;0.0
1.0;1753877995.203298;18.588154;-15.34;-16.62;493.56;-1.922071;-0.995063;0.067249;0.0;0.0;0.0;0.0;0.0;0.0
1.0;1753877995.207896;18.584979;-16.4;10.36;563.75;-2.09077;0.123924;-0.296245;0.0;0.0;0.0;0.0;0.0;0.0
1.0;1753877995.212494;18.580673;-8.17;9.28;530.38;-1.768961;0.321405;-0.006375;0.0;0.0;0.0;0.0;0.0;0.0
1.0;1753877995.217092;18.578921;-16.9;32.6;537.7;-1.139292;-0.470806;0.159498;0.0;0.0;0.0;0.0;0.0;0.0
1.0;1753877995.22169;18.558337;-6.4;7.58;518.75;-0.985678;-1.018227;0.362488;0.0;0.0;0.0;0.0;0.0;0.0
1.0;1753877995.226287;18.580803;-3.64;19.19;539.15;-1.55753;0.010924;0.418986;0.0;0.0;0.0;0.0;0.0;0.0
1.0;1753877995.230885;18.581484;-11.35;12.12;550.71;-2.178248;0.520438;0.376005;0.0;0.0;0.0;0.0;0.0;0.0
1.0;1753877995.235483;18.598519;-12.08;4.8;503.01;-1.335359;-0.795048;0.093972;0.0;0.0;0.0;0.0;0.0;0.0
1.0;1753877995.240081;18.587826;-11.63;-9.87;534.56;-4.170914;-0.140612;0.29165;0.0;0.0;0.0;0.0;0.0;0.0
1.0;1753877995.244679;18.587452;-14.19;27.96;507.57;-1.27911;0.012162;-0.219258;0.0;0.0;0.0;0.0;0.0;0.0
1.0;1753877995.249277;18.576204;2.47;10.53;536.72;-2.308713;-0.358461;0.367798;0.0;0.0;0.0;0.0;0.0;0.0
1.0;1753877995.253875;18.584713;-10.24;-2.95;485.45;-2.745756;-0.225739;0.401515;0.0;0.0;0.0;0.0;0.0;0.0
1.0;1753877995.258473;18.577174;-7.04;4.83;525.86;-1.319202;0.203701;-0.175373;0.0;0.0;0.0;0.0;0.0;0.0
1.0;1753877995.26307;18.58864;-5.55;-11.39;541.92;0.26027;0.26401;-0.295632;0.0;0.0;0.0;0.0;0.0;0.0
1.0;1753877995.267668;18.575697;-18.45;10.82;547.83;-1.581255;-1.152336;0.040691;0.0;0.0;0.0;0.0;0.0;0.0
1.0;1753877995.272266;18.57605;-14.07;-10.74;514.86;-1.547707;1.072924;0.158756;0.0;0.0;0.0;0.0;0.0;0.0
1.0;1753877995.276864;18.569402;-23.14;7.86;512.17;-1.950308;-0.693414;0.097185;0.0;0.0;0.0;0.0;0.0;0.0
1.0;1753877995.281462;18.580729;-3.91;-20.45;533.47;-2.128561;-0.599196;0.311539;0.0;0.0;0.0;0.0;0.0;0.0
1.0;1753877995.28606;18.581669;-14.99;28.53;466.59;0.095022;-0.423888;0.061341;0.0;0.0;0.0;0.0;0.0;0.0
1.0;1753877995.290658;18.565157;-2.63;-18.51;529.05;-2.885718;-0.445034;-0.077811;0.0;0.0;0.0;0.0;0.0;0.0
1.0;1753877995.295256;18.58164;-5.56;4.25;556.12;-1.420981;0.170515;0.526324;0.0;0.0;0.0;0.0;0.0;0.0
1.0;1753877995.299854;18.583925;-11.91;15.16;532.07;-1.464186;-0.004336;0.339777;0.0;0.0;0.0;0.0;0.0;0.0
1.0;1753877995.304452;18.558306;-20.39;-0.86;509.1;-1.081323;-0.24966;-0.051898;0.0;0.0;0.0;0.0;0.0;0.0
1.0;1753877995.30905;18.569914;-9.08;11.57;533.08;-1.884158;0.25662;0.441906;0.0;0.0;0.0;0.0;0.0;0.0
1.0;1753877995.313648;18.583657;-17.06;38.65;472.53;-1.70956;0.050689;-0.14806;0.0;0.0;0.0;0.0;0.0;0.0
1.0;1753877995.318246;18.584585;-8.19;2.72;488.27;-2.262852;0.339504;0.196795;0.0;0.0;0.0;0.0;0.0;0.0
1.0;1753877995.322843;18.577756;-26.9;14.57;509.1;-1.60301;-0.318539;0.230937;0.0;0.0;0.0;0.0;0.0;0.0
1.0;1753877995.327441;18.577943;-9.67;15.44;514.45;-0.404112;-0.077978;-0.277756;0.0;0.0;0.0;0.0;0.0;0.0
1.0;1753877995.332039;18.573931;-18.26;-2.51;490.41;-1.586086;-0.200443;-0.140106;0.0;0.0;0.0;0.0;0.0;0.0
1.0;1753877995.336637;18.581805;-4.51;2.17;460.27;-1.440672;0.2431;-0.057457;0.0;0.0;0.0;0.0;0.0;0.0
1.0;1753877995.341235;18.587503;-9.4;10.98;552.88;-1.206407;-0.529827;0.11541;0.0;0.0;0.0;0.0;0.0;0.0
1.0;1753877995.345833;18.59038;-19.8;18.11;452.67;-2.585071;-0.174765;0.197558;0.0;0.0;0.0;0.0;0.0;0.0
1.0;1753877995.350431;18.575991;-18.02;1.45;513.27;-2.441273;-0.736394;-0.085232;0.0;0.0;0.0;0.0;0.0;0.0
1.0;1753877995.355029;18.560827;-8.83;9.79;454.68;-0.686604;0.013068;0.242896;0.0;0.0;0.0;0.0;0.0;0.0
1.0;1753877995.359626;18.574598;-22.01;17.8;498.83;-2.936638;-0.322522;0.459164;0.0;0.0;0.0;0.0;0.0;0.0
1.0;1753877995.364224;18.563113;-8.98;-1.87;483.13;-2.643077;-0.753764;0.028209;0.0;0.0;0.0;0.0;0.0;0.0
1.0;1753877995.368822;18.568328;-25.35;0.14;507.22;0.034322;-0.339254;0.246798;0.0;0.0;0.0;0.0;0.0;0.0
1.0;1753877995.37342;18.578347;-19.76;-15.56;525.58;-2.194988;0.231582;-0.173452;0.0;0.0;0.0;0.0;0.0;0.0
1.0;1753877995.378018;18.575023;-26.24;-6.37;513.57;-1.784839;-0.206289;0.297435;0.0;0.0;0.0;0.0;0.0;0.0
1.0;1753877995.382616;18.589977;-16.09;10.18;430.08;-1.262866;-0.715158;0.136096;0.0;0.0;0.0;0.0;0.0;0.0
1.0;1753877995.387214;18.573899;1.63;-4.15;546.51;-2.787201;-0.70298;-0.095807;0.0;0.0;0.0;0.0;0.0;0.0
1.0;1753877995.391812;18.588201;-21.22;31.37;490.07;-1.115772;0.532613;-0.413106;0.0;0.0;0.0;0.0;0.0;0.0
1.0;1753877995.39641;18.584538;-16.16;1.72;483.0;-3.535982;0.054177;0.285183;0.0;0.0;0.0;0.0;0.0;0.0
1.0;1753877995.401008;18.572038;-5.79;-27.36;461.5;-1.183618;0.855702;0.109031;0.0;0.0;0.0;0.0;0.0;0.0
1.0;1753877995.405606;18.587623;-8.38;9.99;480.49;-1.267301;0.407823;0.049325;0.0;0.0;0.0;0.0;0.0;0.0
1.0;1753877995.410204;18.563774;-10.69;15.21;553.64;-2.536675;-0.508269;-0.157619;0.0;0.0;0.0;0.0;0.0;0.0
1.0;1753877995.414801;18.588841;-10.45;19.0;529.46;-1.232237;0.708402;-0.092975;0.0;0.0;0.0;0.0;0.0;0.0
1.0;1753877995.419399;18.582562;-8.31;-7.78;569.24;-2.349155;0.80151;-0.283065;0.0;0.0;0.0;0.0;0.0;0.0
1.0;1753877995.423997;18.590235;9.21;1.78;542.06;-1.064916;0.223411;-0.21881;0.0;0.0;0.0;0.0;0.0;0.0
1.0;1753877995.428595;18.571058;-6.13;-5.2;478.55;-1.859135;-0.401684;0.078767;0.0;0.0;0.0;0.0;0.0;0.0
1.0;1753877995.433193;18.577172;-25.62;26.37;470.4;-2.01508;1.000556;0.107105;0.0;0.0;0.0;0.0;0.0;0.0
1.0;1753877995.437791;18.590458;-5.1;5.31;544.65;-1.175586;0.160365;-0.340783;0.0;0.0;0.0;0.0;0.0;0.0
1.0;1753877995.442389;18.586669;-12.14;-7.31;494.7;-2.228872;0.822449;0.269976;0.0;0.0;0.0;0.0;0.0;0.0
1.0;1753877995.446987;18.581924;0.06;10.66;520.81;-0.584749;0.955822;-0.119057;0.0;0.0;0.0;0.0;0.0;0.0
1.0;1753877995.451584;18.584372;-15.51;27.38;501.28;-1.147438;-0.871513;0.129782;0.0;0.0;0.0;0.0;0.0;0.0
1.0;1753877995.456182;18.591357;-3.94;18.05;506.01;-1.468806;1.497526;-0.288793;0.0;0.0;0.0;0.0;0.0;0.0
1.0;1753877995.46078;18.579363;-3.94;-10.33;432.74;-1.652701;0.463641;0.23997;0.0;0.0;0.0;0.0;0.0;0.0
1.0;1753877995.465378;18.575863;-18.58;23.64;441.08;-0.780422;-0.248738;0.025903;0.0;0.0;0.0;0.0;0.0;0.0
1.0;1753877995.469976;18.573194;-9.36;18.67;501.8;0.458207;1.007314;0.180433;0.0;0.0;0.0;0.0;0.0;0.0
1.0;1753877995.474574;18.570749;-15.79;15.91;493.31;0.038651;0.536675;0.086567;0.0;0.0;0.0;0.0;0.0;0.0
1.0;1753877995.479172;18.583509;-17.02;3.81;520.53;-1.740769;-0.490167;-0.138295;0.0;0.0;0.0;0.0;0.0;0.0
1.0;1753877995.48377;18.559627;-21.81;7.42;512.93;-0.15258;0.398621;-0.015969;0.0;0.0;0.0;0.0;0.0;0.0
1.0;1753877995.488368;18.573101;-13.77;11.6;481.11;-2.139822;-0.852476;0.380044;0.0;0.0;0.0;0.0;0.0;0.0
1.0;1753877995.492966;18.565298;-23.05;29.89;487.48;-1.585722;0.096184;-0.503835;0.0;0.0;0.0;0.0;0.0;0.0
1.0;1753877995.497564;18.578731;-7.59;26.17;492.11;-1.124172;-0.631668;-0.15888;0.0;0.0;0.0;0.0;0.0;0.0
1.0;1753877995.502162;18.570871;-6.88;11.21;426.49;-0.550663;0.008613;-0.016814;0.0;0.0;0.0;0.0;0.0;0.0
1.0;1753877995.50676;18.581927;-16.8;23.0;472.88;-0.438741;0.351352;-0.158041;0.0;0.0;0.0;0.0;0.0;0.0
1.0;1753877995.511357;18.589171;-5.51;21.26;522.92;0.194481;0.32711;-0.148831;0.0;0.0;0.0;0.0;0.0;0.0
1.0;1753877995.515955;18.567223;-4.2;26.27;501.68;0.205941;0.739541;-0.128655;0.0;0.0;0.0;0.0;0.0;0.0
1.0;1753877995.520553;18.585305;-8.77;-1.38;485.4;-1.269687;-0.167154;-0.364904;0.0;0.0;0.0;0.0;0.0;0.0
1.0;1753877995.525151;18.583776;-1.48;-7.04;495.8;-0.565041;0.081363;-0.000636;0.0;0.0;0.0;0.0;0.0;0.0
1.0;1753877995.529749;18.574496;-21.24;21.22;486.5;-2.875776;-0.502989;0.268464;0.0;0.0;0.0;0.0;0.0;0.0
1.0;1753877995.534347;18.586743;-12.25;9.01;516.0;-0.299197;-1.269671;-0.393567;0.0;0.0;0.0;0.0;0.0;0.0
1.0;1753877995.538945;18.588865;-8.74;10.86;481.94;-1.629396;0.520218;-0.181332;0.0;0.0;0.0;0.0;0.0;0.0
1.0;1753877995.543542;18.593093;-18.76;5.87;464.77;-2.007831;1.23132;-0.396253;0.0;0.0;0.0;0.0;0.0;0.0
1.0;1753877995.54814;18.591571;-15.53;4.26;474.14;-1.690016;-0.243668;-0.1906;0.0;0.0;0.0;0.0;0.0;0.0
1.0;1753877995.552738;18.568413;-10.74;1.31;498.78;-1.622602;0.887444;-0.290931;0.0;0.0;0.0;0.0;0.0;0.0
1.0;1753877995.557336;18.583065;-8.04;-5.78;476.27;-0.092765;-0.196418;-0.439721;0.0;0.0;0.0;0.0;0.0;0.0
1.0;1753877995.561934;18.57691;-12.31;12.88;513.8;-0.920811;-0.222978;-0.098879;0.0;0.0;0.0;0.0;0.0;0.0
1.0;1753877995.566532;18.600722;-6.02;18.53;431.01;-2.474826;0.349824;0.096351;0.0;0.0;0.0;0.0;0.0;0.0
1.0;1753877995.57113;18.564132;-10.47;22.85;440.43;-1.948318;1.383259;-0.307483;0.0;0.0;0.0;0.0;0.0;0.0
1.0;1753877995.575728;18.557953;-16.28;28.59;469.71;-1.010948;0.621948;-0.208873;0.0;0.0;0.0;0.0;0.0;0.0
1.0;1753877995.580326;18.57373;-7.54;2.74;479.49;-0.890154;0.196161;-0.059987;0.0;0.0;0.0;0.0;0.0;0.0
1.0;1753877995.584924;18.581839;-9.53;-7.61;518.58;-0.572641;0.158871;0.164654;0.0;0.0;0.0;0.0;0.0;0.0
1.0;1753877995.589522;18.591355;-20.19;13.34;461.5;-0.387993;0.130519;0.009498;0.0;0.0;0.0;0.0;0.0;0.0
1.0;1753877995.59412;18.578265;-4.71;1.64;467.19;-0.211572;0.426531;-0.369601;0.0;0.0;0.0;0.0;0.0;0.0
1.0;1753877995.598718;18.578669;-11.16;21.51;533.24;-0.041586;1.15047;-0.126259;0.0;0.0;0.0;0.0;0.0;0.0
1.0;1753877995.603315;18.579581;-13.64;4.1;433.94;-1.759164;0.883112;-0.019039;0.0;0.0;0.0;0.0;0.0;0.0
1.0;1753877995.607913;18.579636;-16.82;15.16;450.8;-1.547155;-0.099071;0.155396;0.0;0.0;0.0;0.0;0.0;0.0
1.0;1753877995.612511;18.587596;-13.18;23.85;511.65;-0.605881;-0.358092;-0.299678;0.0;0.0;0.0;0.0;0.0;0.0
1.0;1753877995.617109;18.571103;-17.94;33.03;406.97;-0.544712;0.53065;-0.48797;0.0;0.0;0.0;0.0;0.0;0.0
1.0;1753877995.621707;18.57825;-9.32;-17.88;490.66;-1.748501;1.01401;-0.314758;0.0;0.0;0.0;0.0;0.0;0.0
1.0;1753877995.626305;18.586411;-13.66;43.1;484.47;-1.108361;0.930358;-0.229186;0.0;0.0;0.0;0.0;0.0;0.0
1.0;1753877995.630903;18.589066;-8.06;12.82;467.89;-1.490357;0.070939;-0.070703;0.0;0.0;0.0;0.0;0.0;0.0
1.0;1753877995.635501;18.600607;-26.84;-7.31;431.21;-0.992755;1.119223;-0.616166;0.0;0.0;0.0;0.0;0.0;0.0
1.0;1753877995.640098;18.576395;-12.05;24.44;449.04;-1.330247;0.917052;-0.215468;0.0;0.0;0.0;0.0;0.0;0.0
1.0;1753877995.644696;18.586487;-2.99;17.31;456.35;-1.136844;0.196758;-0.453365;0.0;0.0;0.0;0.0;0.0;0.0
1.0;1753877995.649294;18.582566;-19.03;24.96;476.96;-0.301436;-0.042294;0.150282;0.0;0.0;0.0;0.0;0.0;0.0
1.0;1753877995.653892;18.578982;-0.72;10.01;467.8;-1.859139;0.038086;-0.093302;0.0;0.0;0.0;0.0;0.0;0.0
1.0;1753877995.65849;18.5876;-7.14;-1.1;461.16;-0.728579;0.225364;-0.698722;0.0;0.0;0.0;0.0;0.0;0.0
1.0;1753877995.663088;18.57453;-11.5;8.59;447.65;-1.140057;0.286981;-0.105824;0.0;0.0;0.0;0.0;0.0;0.0
1.0;1753877995.667686;18.59802;-14.56;19.81;443.77;-1.159822;0.60444;-0.093262;0.0;0.0;0.0;0.0;0.0;0.0
1.0;1753877995.672284;18.596997;-12.83;29.09;501.96;-1.836639;1.017044;-0.037507;0.0;0.0;0.0;0.0;0.0;0.0
1.0;1753877995.676882;18.591288;-3.49;22.32;476.47;-1.043571;1.206883;-0.423364;0.0;0.0;0.0;0.0;0.0;0.0
1.0;1753877995.68148;18.57257;-5.61;9.85;436.49;-0.445367;-0.021883;-0.782806;0.0;0.0;0.0;0.0;0.0;0.0
1.0;1753877995.686078;18.604489;-13.55;22.67;460.91;-0.451621;0.564716;-0.519919;0.0;0.0;0.0;0.0;0.0;0.0
1.0;1753877995.690676;18.573649;-13.22;9.4;459.25;-0.557367;0.231324;-0.329567;0.0;0.0;0.0;0.0;0.0;0.0
1.0;1753877995.695274;18.60091;-10.46;-19.18;465.48;-0.891047;0.078229;-0.102591;0.0;0.0;0.0;0.0;0.0;0.0
1.0;1753877995.699871;18.596976;-13.51;13.42;449.27;-1.809074;0.471106;-0.539762;0.0;0.0;0.0;0.0;0.0;0.0
1.0;1753877995.704469;18.576194;-7.07;15.33;417.55;-1.266319;-0.252957;-0.011646;0.0;0.0;0.0;0.0;0.0;0.0
1.0;1753877995.709067;18.574384;-0.58;11.55;471.93;-0.772867;1.473217;-0.633007;0.0;0.0;0.0;0.0;0.0;0.0
1.0;1753877995.713665;18.586111;-19.56;7.3;420.97;-0.775246;0.712913;-0.499632;0.0;0.0;0.0;0.0;0.0;0.0
1.0;1753877995.718263;18.598212;-8.31;27.39;453.83;-0.872328;0.237585;-0.577034;0.0;0.0;0.0;0.0;0.0;0.0
1.0;1753877995.722861;18.59556;-8.09;2.23;482.64;-0.955831;0.734399;-0.41765;0.0;0.0;0.0;0.0;0.0;0.0
1.0;1753877995.727459;18.582237;-9.94;35.35;419.62;-0.222302;-0.180633;-0.44985;0.0;0.0;0.0;0.0;0.0;0.0
1.0;1753877995.732056;18.575224;-13.57;-9.93;420.03;-1.638841;1.249859;-0.481716;0.0;0.0;0.0;0.0;0.0;0.0
1.0;1753877995.736654;18.572013;-23.98;13.59;500.1;0.956027;1.343921;-0.198228;0.0;0.0;0.0;0.0;0.0;0.0
1.0;1753877995.741252;18.573429;-22.44;-8.36;450.65;-1.40357;0.329492;-0.107119;0.0;0.0;0.0;0.0;0.0;0.0
1.0;1753877995.74585;18.588495;-6.3;25.34;431.11;-0.586005;0.909376;-0.152805;0.0;0.0;0.0;0.0;0.0;0.0
1.0;1753877995.750448;18.591869;-13.73;7.33;485.01;-0.670499;0.438549;-0.252977;0.0;0.0;0.0;0.0;0.0;0.0
1.0;1753877995.755046;18.579784;-5.62;36.03;441.65;-1.186264;0.838929;-0.472046;0.0;0.0;0.0;0.0;0.0;0.0
1.0;1753877995.759644;18.592312;-13.24;26.51;397.94;0.903237;0.82696;-0.606842;0.0;0.0;0.0;0.0;0.0;0.0
1.0;1753877995.764242;18.5916;-23.2;10.78;453.26;-0.620833;1.187668;-0.369305;0.0;0.0;0.0;0.0;0.0;0.0
1.0;1753877995.76884;18.5824;-16.68;6.73;459.42;-2.359632;0.463013;0.132088;0.0;0.0;0.0;0.0;0.0;0.0
1.0;1753877995.773438;18.615388;-18.56;29.97;415.59;-0.659863;0.883414;-0.369488;0.0;0.0;0.0;0.0;0.0;0.0
1.0;1753877995.778036;18.58333;-8.87;19.17;484.81;-0.884316;-0.272518;-0.063698;0.0;0.0;0.0;0.0;0.0;0.0
1.0;1753877995.782634;18.58202;-11.21;33.38;427.1;0.37488;-0.024796;-0.283377;0.0;0.0;0.0;0.0;0.0;0.0
1.0;1753877995.787232;18.584436;-23.66;20.42;509.37;-0.283509;0.924212;-0.125149;0.0;0.0;0.0;0.0;0.0;0.0
1.0;1753877995.791829;18.589525;-5.44;-3.91;490.76;-0.936693;0.401774;-0.409523;0.0;0.0;0.0;0.0;0.0;0.0
1.0;1753877995.796427;18.579905;-13.12;17.78;477.73;-1.923179;0.420997;0.007041;0.0;0.0;0.0;0.0;0.0;0.0
1.0;1753877995.801025;18.572079;-14.53;15.07;508.16;-0.36695;0.535891;-0.276807;0.0;0.0;0.0;0.0;0.0;0.0
1.0;1753877995.805623;18.581906;-11.3;18.51;416.09;-0.381147;0.536512;-0.558686;0.0;0.0;0.0;0.0;0.0;0.0
1.0;1753877995.810221;18.589952;-19.7;36.4;437.99;-0.598544;1.269158;-0.447511;0.0;0.0;0.0;0.0;0.0;0.0
1.0;1753877995.814819;18.602602;-9.85;11.93;460.07;-1.255915;-0.096386;-0.449846;0.0;0.0;0.0;0.0;0.0;0.0
1.0;1753877995.8209;18.585938;-10.64;18.83;447.02;-0.669902;0.768722;-0.43066;0.0;0.0;0.0;0.0;0.0;0.0
1.0;1753877995.825498;18.564002;-2.57;-4.09;457.77;-0.776003;2.031045;0.018883;0.0;103.5;60.3;0.0;0.0;0.0
1.0;1753877995.830096;18.574121;-3.37;5.28;493.77;-0.934741;2.415593;-0.77726;0.0;87.4;87.4;0.0;0.0;0.0
1.0;1753877995.83599;18.554688;1.75;-7.07;454.51;-1.182058;1.338706;-0.306708;0.0;208.0;208.0;0.0;0.0;0.0
1.0;1753877995.84249;18.554688;-12.53;-8.19;517.93;-1.591978;-0.974658;-0.169214;0.0;208.0;208.0;0.0;0.0;0.0
1.0;1753877995.847088;18.548973;-18.48;-4.84;518.17;-1.942945;-0.128782;0.071161;0.0;175.1;132.0;0.0;0.0;0.0
1.0;1753877995.851686;18.552331;-12.27;-5.14;514.86;0.435971;-0.731063;-0.300527;0.0;104.7;69.7;0.0;0.0;0.0
1.0;1753877995.856284;18.542336;-6.94;16.44;508.47;-0.27177;-1.820507;0.350529;0.0;214.3;79.5;0.0;0.0;0.0
1.0;1753877995.860882;18.573574;-25.7;-2.5;532.35;0.017097;-0.114507;0.072439;0.0;294.0;255.2;0.0;0.0;0.0
1.0;1753877995.86548;18.587462;-29.2;-11.33;529.01;-1.162468;1.066098;-0.292061;0.0;158.1;83.7;0.0;0.0;0.0
1.0;1753877995.870077;18.546904;-16.64;1.11;524.68;-0.93685;-1.551781;-0.382753;0.0;80.4;306.6;0.0;0.0;0.0
1.0;1753877995.874675;18.536793;-12.25;-5.32;562.76;-0.460444;0.302282;-0.245079;0.0;188.0;238.9;0.0;0.0;0.0
1.0;1753877995.879273;18.567329;-28.08;-12.54;545.62;-0.354051;-0.257413;0.253778;0.0;167.1;122.4;0.0;0.0;0.0
1.0;1753877995.883871;18.576464;-41.24;14.66;553.96;-0.816463;0.607272;-0.129865;0.0;248.7;193.6;0.0;0.0;0.0
1.0;1753877995.88899;18.554688;-28.98;-2.52;544.32;0.02135;1.281244;0.10065;0.0;208.0;208.0;0.0;0.0;0.0
1.0;1753877995.893588;18.57864;-39.69;-7.2;555.78;0.432223;0.817635;-0.040828;0.0;-33.8;259.4;0.0;0.0;0.0
1.0;1753877995.898186;18.569294;-16.1;-0.25;466.93;-0.116336;2.170745;0.44345;0.0;231.0;407.1;0.0;0.0;0.0
1.0;1753877995.902784;18.533907;-27.94;-1.93;562.53;-0.065809;0.968125;0.179233;0.0;306.9;184.4;0.0;0.0;0.0
1.0;1753877995.907382;18.506074;-15.59;-12.52;520.84;0.338705;1.220965;-0.021428;0.0;118.1;367.7;0.0;0.0;0.0
1.0;1753877995.91198;18.537802;-18.92;5.81;558.2;-0.007475;3.270248;0.023278;0.0;84.5;258.6;0.0;0.0;0.0
1.0;1753877995.916577;18.561448;-10.42;-3.81;558.53;0.256788;1.818419;0.320496;0.0;316.5;344.5;0.0;0.0;0.0
1.0;1753877995.921175;18.568879;-7.53;-7.09;511.07;0.786811;0.275172;0.120824;0.0;92.2;332.8;0.0;0.0;0.0
1.0;1753877995.925773;18.533328;-7.48;-26.54;499.06;-0.441402;1.188262;0.167781;0.0;135.5;205.0;0.0;0.0;0.0
1.0;1753877995.93448;18.554688;-8.19;-5.25;536.97;-0.615246;0.82289;0.139812;0.0;208.0;208.0;0.0;0.0;0.0
1.0;1753877995.939078;18.585143;-23.64;-6.46;521.37;-0.444881;1.963132;-0.094421;0.0;225.7;204.0;0.0;0.0;0.0
1.0;1753877995.943676;18.55532;-11.23;15.11;524.13;0.837831;-0.084092;-0.377787;0.0;0.5;40.5;0.0;0.0;0.0
1.0;1753877995.948274;18.584973;-9.59;-6.75;579.97;-2.528923;2.03139;0.298691;0.0;189.4;-26.6;0.0;0.0;0.0
1.0;1753877995.952872;18.587829;-7.77;-4.38;474.83;-1.367419;0.114352;0.323419;0.0;218.7;225.8;0.0;0.0;0.0
1.0;1753877995.95747;18.582982;2.06;-12.21;555.59;-0.794028;1.511884;-0.077332;0.0;339.2;336.2;0.0;0.0;0.0
1.0;1753877995.962067;18.567882;-12.51;19.17;545.6;-1.154587;0.250708;0.235392;0.0;147.5;178.7;0.0;0.0;0.0
1.0;1753877995.966665;18.566832;2.5;-11.98;488.41;-0.576443;0.875142;-0.440242;0.0;229.9;128.2;0.0;0.0;0.0
1.0;1753877995.971263;18.594346;-21.18;10.43;536.67;-0.895447;2.349597;0.181328;0.0;176.8;314.8;0.0;0.0;0.0
1.0;1753877995.975861;18.59116;-10.56;-2.56;542.48;-0.57157;-0.518853;-0.167122;0.0;282.9;139.1;0.0;0.0;0.0
1.0;1753877995.98233;18.585938;-6.79;2.66;506.66;-0.964654;1.098;-0.261446;0.0;208.0;208.0;0.0;0.0;0.0
1.0;1753877995.985672;18.609375;1.82;-0.21;-26.11;-0.98942;0.094672;-0.076128;0.0;0.0;0.0;0.0;0.0;0.0
1.0;1753877995.989728;18.609375;1.61;-0.42;-28.28;-1.005768;0.074786;-0.069052;0.0;0.0;0.0;0.0;0.0;0.0
1.0;1753877995.994328;18.59375;1.61;-0.28;-30.38;-1.008696;0.057096;-0.06832;0.0;0.0;0.0;0.0;0.0;0.0
1.0;1753877995.998865;18.59375;1.61;-0.21;-32.13;-1.013942;0.048434;-0.051484;0.0;0.0;0.0;0.0;0.0;0.0
1.0;1753877996.003463;18.575072;2.16;-1.54;-50.18;-1.015016;-0.006663;-0.087761;0.0;0.0;0.0;0.0;0.0;0.0
1.0;1753877996.008061;18.59108;1.28;1.34;-17.31;-1.028303;0.115018;-0.040478;0.0;0.0;0.0;0.0;0.0;0.0
1.0;1753877996.012658;18.599321;1.04;0.14;-20.85;-0.998389;0.018969;-0.001879;0.0;0.0;0.0;0.0;0.0;0.0
1.0;1753877996.017256;18.595625;-1.31;-0.51;-43.41;-1.014682;0.152298;-0.052982;0.0;0.0;0.0;0.0;0.0;0.0
1.0;1753877996.021854;18.583592;3.34;-0.32;-0.86;-1.034182;0.105476;-0.092262;0.0;0.0;0.0;0.0;0.0;0.0
1.0;1753877996.026452;18.603744;1.24;-0.45;-72.52;-0.995248;0.121824;-0.040128;0.0;0.0;0.0;0.0;0.0;0.0
1.0;1753877996.03105;18.596441;1.99;-0.72;13.45;-1.044834;0.047932;0.036898;0.0;0.0;0.0;0.0;0.0;0.0
1.0;1753877996.035648;18.592873;4.23;0.04;-35.91;-1.01038;0.059368;-0.051408;0.0;0.0;0.0;0.0;0.0;0.0
1.0;1753877996.040246;18.601242;0.97;-0.45;-36.98;-1.003126;0.044012;-0.065153;0.0;0.0;0.0;0.0;0.0;0.0
1.0;1753877996.044844;18.598588;1.35;-0.13;-2.2;-1.001076;0.053026;-0.128039;0.0;0.0;0.0;0.0;0.0;0.0
1.0;1753877996.049442;18.603729;-0.35;-0.78;-22.43;-0.98587;0.000785;-0.066121;0.0;0.0;0.0;0.0;0.0;0.0
1.0;1753877996.05404;18.591907;-0.03;-1.32;-19.0;-1.013375;-0.006082;-0.120071;0.0;0.0;0.0;0.0;0.0;0.0
1.0;1753877996.058638;18.607265;1.0;-1.47;-19.89;-1.010073;0.197803;0.017912;0.0;0.0;0.0;0.0;0.0;0.0
1.0;1753877996.063236;18.59615;1.14;-0.07;-8.79;-1.010124;0.140632;-0.021817;0.0;0.0;0.0;0.0;0.0;0.0
1.0;1753877996.067834;18.58433;3.45;-0.34;11.66;-0.987889;0.074663;0.017534;0.0;0.0;0.0;0.0;0.0;0.0
1.0;1753877996.072431;18.599843;2.59;-1.08;-45.78;-1.038166;0.041289;-0.018034;0.0;0.0;0.0;0.0;0.0;0.0
1.0;1753877996.077029;18.59228;4.09;-1.49;-32.16;-1.007853;0.032197;-0.080781;0.0;0.0;0.0;0.0;0.0;0.0
1.0;1753877996.081627;18.594834;-0.29;0.15;-3.28;-1.004879;0.065724;-0.052428;0.0;0.0;0.0;0.0;0.0;0.0
1.0;1753877996.086225;18.604637;-0.2;-0.69;-65.53;-1.022271;0.059656;-0.039987;0.0;0.0;0.0;0.0;0.0;0.0
1.0;1753877996.090823;18.594403;0.96;-0.85;-58.89;-0.999343;0.030155;-0.081693;0.0;0.0;0.0;0.0;0.0;0.0
1.0;1753877996.095421;18.591428;1.7;-0.08;-62.58;-1.044512;-0.022451;-0.079817;0.0;0.0;0.0;0.0;0.0;0.0
1.0;1753877996.100019;18.594782;-0.28;-0.24;-9.16;-1.013714;-0.072442;-0.012937;0.0;0.0;0.0;0.0;0.0;0.0
1.0;1753877996.104617;18.593769;-1.54;0.77;-47.91;-1.02022;0.166639;-0.036371;0.0;0.0;0.0;0.0;0.0;0.0
1.0;1753877996.109214;18.601757;0.65;0.43;-27.72;-1.022376;0.07706;-0.049071;0.0;0.0;0.0;0.0;0.0;0.0
1.0;1753877996.113812;18.601648;2.39;0.08;-67.6;-0.993871;0.044428;-0.029344;0.0;0.0;0.0;0.0;0.0;0.0
1.0;1753877996.11841;18.600394;3.13;-0.98;15.94;-0.986391;-0.086393;-0.126486;0.0;0.0;0.0;0.0;0.0;0.0
1.0;1753877996.123008;18.583306;1.02;-0.51;-38.22;-0.989314;0.11695;-0.148115;0.0;0.0;0.0;0.0;0.0;0.0
1.0;1753877996.127606;18.599878;2.0;1.15;-54.58;-1.015712;0.036322;-0.022794;0.0;0.0;0.0;0.0;0.0;0.0
1.0;1753877996.132204;18.593249;1.82;-0.31;0.43;-1.009586;0.065684;-0.049653;0.0;0.0;0.0;0.0;0.0;0.0
1.0;1753877996.136802;18.599318;3.34;-1.01;-54.24;-1.026669;0.05944;-0.086912;0.0;0.0;0.0;0.0;0.0;0.0
1.0;1753877996.1414;18.606889;1.4;-0.21;-74.75;-0.99727;0.070738;-0.005679;0.0;0.0;0.0;0.0;0.0;0.0
1.0;1753877996.145998;18.596748;-0.07;0.5;-44.87;-1.006594;0.084983;-0.044112;0.0;0.0;0.0;0.0;0.0;0.0
1.0;1753877996.150596;18.597102;3.17;0.36;-20.47;-0.989524;-0.071289;0.013732;0.0;0.0;0.0;0.0;0.0;0.0
1.0;1753877996.155194;18.586061;1.3;-0.45;-45.03;-1.033223;-0.030692;-0.101529;0.0;0.0;0.0;0.0;0.0;0.0
1.0;1753877996.159792;18.598244;3.36;-0.94;-14.76;-1.001646;0.054768;-0.064007;0.0;0.0;0.0;0.0;0.0;0.0
1.0;1753877996.164389;18.592092;1.77;-0.57;-30.93;-0.997675;0.009913;-0.002176;0.0;0.0;0.0;0.0;0.0;0.0
1.0;1753877996.168987;18.593991;1.84;0.67;-3.36;-1.031066;0.056913;-0.02892;0.0;0.0;0.0;0.0;0.0;0.0
1.0;1753877996.173585;18.598139;0.69;-0.27;-5.95;-1.006546;0.041364;-0.116822;0.0;0.0;0.0;0.0;0.0;0.0
1.0;1753877996.178183;18.588773;-2.34;-0.22;-32.12;-1.007136;0.048292;-0.0558;0.0;0.0;0.0;0.0;0.0;0.0
1.0;1753877996.182781;18.591889;-0.5;0.68;-60.63;-0.999957;-0.088324;-0.001543;0.0;0.0;0.0;0.0;0.0;0.0
1.0;1753877996.187379;18.59388;0.96;0.69;-12.5;-1.014951;0.060502;0.026948;0.0;0.0;0.0;0.0;0.0;0.0
1.0;1753877996.191977;18.59076;2.64;-0.01;-19.1;-1.008568;0.060802;-0.006727;0.0;0.0;0.0;0.0;0.0;0.0
1.0;1753877996.196575;18.576202;-0.22;-0.22;-37.18;-0.997581;0.065652;-0.038075;0.0;0.0;0.0;0.0;0.0;0.0
1.0;1753877996.201172;18.598344;1.71;1.49;-28.1;-1.045987;0.08903;-0.083814;0.0;0.0;0.0;0.0;0.0;0.0
1.0;1753877996.20577;18.591784;0.07;0.82;-24.13;-0.987034;0.024287;-0.041094;0.0;0.0;0.0;0.0;0.0;0.0
1.0;1753877996.210368;18.600437;1.94;0.01;13.1;-0.990507;-0.087979;-0.079895;0.0;0.0;0.0;0.0;0.0;0.0
1.0;1753877996.214966;18.582519;2.6;0.07;-53.33;-1.005013;-0.020338;-0.060632;0.0;0.0;0.0;0.0;0.0;0.0
1.0;1753877996.219564;18.590984;0.95;-0.3;-81.38;-0.997962;-0.139591;-0.054904;0.0;0.0;0.0;0.0;0.0;0.0
1.0;1753877996.224162;18.591232;-0.92;-0.68;-70.07;-0.982227;0.071878;-0.092277;0.0;0.0;0.0;0.0;0.0;0.0
1.0;1753877996.22876;18.596836;1.58;0.46;-12.21;-1.002062;0.026755;-0.017235;0.0;0.0;0.0;0.0;0.0;0.0
1.0;1753877996.233358;18.59921;1.86;-0.33;-18.84;-0.976369;0.094906;-0.025581;0.0;0.0;0.0;0.0;0.0;0.0
1.0;1753877996.237956;18.585265;1.11;-0.37;-22.69;-1.013741;0.004071;-0.12038;0.0;0.0;0.0;0.0;0.0;0.0
1.0;1753877996.242554;18.581398;3.04;-1.27;-40.45;-1.038958;0.026634;-0.074613;0.0;0.0;0.0;0.0;0.0;0.0
1.0;1753877996.247152;18.588828;0.55;-0.43;-38.84;-1.050091;0.01621;0.01816;0.0;0.0;0.0;0.0;0.0;0.0
1.0;1753877996.25175;18.598291;1.04;0.06;-29.97;-1.000605;-0.038294;-0.088462;0.0;0.0;0.0;0.0;0.0;0.0
1.0;1753877996.256348;18.60192;2.55;-0.52;-17.85;-1.002406;0.170318;0.012927;0.0;0.0;0.0;0.0;0.0;0.0
1.0;1753877996.260945;18.60697;0.41;-2.17;-16.61;-1.025267;0.035787;-0.062958;0.0;0.0;0.0;0.0;0.0;0.0
1.0;1753877996.265543;18.591959;2.16;0.21;-35.88;-1.004437;-0.008957;-0.021873;0.0;0.0;0.0;0.0;0.0;0.0
1.0;1753877996.270141;18.598733;1.52;-0.59;-58.77;-1.022472;0.076532;-0.014063;0.0;0.0;0.0;0.0;0.0;0.0
1.0;1753877996.274739;18.591245;4.18;0.35;-25.63;-0.997458;0.106399;-0.017023;0.0;0.0;0.0;0.0;0.0;0.0
1.0;1753877996.279337;18.576104;2.27;0.24;-6.01;-1.042474;0.174248;-0.087986;0.0;0.0;0.0;0.0;0.0;0.0
1.0;1753877996.283935;18.586587;1.98;-0.49;-49.51;-1.040552;0.083313;-0.071575;0.0;0.0;0.0;0.0;0.0;0.0
1.0;1753877996.288533;18.597534;2.92;0.7;10.88;-0.975103;-0.003763;-0.084545;0.0;0.0;0.0;0.0;0.0;0.0
1.0;1753877996.293131;18.60732;3.84;0.37;-61.4;-1.008512;0.056409;0.029478;0.0;0.0;0.0;0.0;0.0;0.0
1.0;1753877996.297728;18.613425;2.93;-0.02;-10.69;-1.019591;0.145124;-0.070933;0.0;0.0;0.0;0.0;0.0;0.0
1.0;1753877996.302326;18.596697;3.25;0.72;-38.18;-1.05459;0.089639;-0.032692;0.0;0.0;0.0;0.0;0.0;0.0
1.0;1753877996.306924;18.59237;3.9;-0.51;-19.64;-1.022521;0.121326;-0.038524;0.0;0.0;0.0;0.0;0.0;0.0
1.0;1753877996.311522;18.582801;2.9;-0.97;-37.44;-1.014403;0.06192;0.004742;0.0;0.0;0.0;0.0;0.0;0.0
1.0;1753877996.31612;18.59352;1.0;-1.12;-38.62;-1.015548;0.003863;-0.005374;0.0;0.0;0.0;0.0;0.0;0.0
1.0;1753877996.320718;18.606026;1.54;-1.53;-41.0;-1.016632;-0.003563;-0.032674;0.0;0.0;0.0;0.0;0.0;0.0
1.0;1753877996.325316;18.597229;4.13;-0.78;-5.26;-1.024498;0.247068;-0.050933;0.0;0.0;0.0;0.0;0.0;0.0
1.0;1753877996.329914;18.587545;0.63;-1.39;-0.83;-0.999923;0.105952;-0.021384;0.0;0.0;0.0;0.0;0.0;0.0
1.0;1753877996.334512;18.594505;1.18;0.28;-37.06;-1.009257;-0.062907;-0.032074;0.0;0.0;0.0;0.0;0.0;0.0
1.0;1753877996.33911;18.591236;2.8;0.85;-34.64;-0.97079;0.205724;-0.070809;0.0;0.0;0.0;0.0;0.0;0.0
1.0;1753877996.343708;18.595813;-0.93;0.27;-34.89;-1.010969;0.097726;0.010711;0.0;0.0;0.0;0.0;0.0;0.0
1.0;1753877996.348306;18.592141;1.72;-1.3;-43.44;-1.034805;-0.114646;-0.101024;0.0;0.0;0.0;0.0;0.0;0.0
1.0;1753877996.352903;18.58658;0.73;0.18;-41.26;-1.016515;0.121465;-0.086161;0.0;0.0;0.0;0.0;0.0;0.0
1.0;1753877996.357501;18.595376;2.21;-0.97;-7.64;-0.975943;-0.051425;-0.049188;0.0;0.0;0.0;0.0;0.0;0.0
1.0;1753877996.362099;18.591728;2.62;-0.07;-52.95;-1.035453;0.027105;-0.014999;0.0;0.0;0.0;0.0;0.0;0.0
1.0;1753877996.366697;18.598115;0.65;-0.88;-66.6;-0.993537;-0.062586;-0.044221;0.0;0.0;0.0;0.0;0.0;0.0
1.0;1753877996.371295;18.588936;1.48;-0.85;-26.75;-0.997398;-0.084982;-0.025307;0.0;0.0;0.0;0.0;0.0;0.0
1.0;1753877996.375893;18.596743;0.39;-0.81;-8.39;-1.032678;0.098544;-0.012552;0.0;0.0;0.0;0.0;0.0;0.0
1.0;1753877996.380491;18.585889;3.24;1.22;-13.78;-1.007406;0.17351;-0.05511;0.0;0.0;0.0;0.0;0.0;0.0
1.0;1753877996.385089;18.595804;0.93;-0.16;-6.12;-1.00908;-0.027641;-0.022425;0.0;0.0;0.0;0.0;0.0;0.0
1.0;1753877996.389686;18.595116;-0.21;-0.28;-46.35;-1.009392;0.064591;-0.008985;0.0;0.0;0.0;0.0;0.0;0.0
1.0;1753877996.394284;18.603159;2.42;1.56;-25.75;-0.983945;0.002069;-0.038401;0.0;0.0;0.0;0.0;0.0;0.0
1.0;1753877996.398882;18.585208;3.79;-0.72;-29.43;-1.018224;0.132579;-0.149794;0.0;0.0;0.0;0.0;0.0;0.0
1.0;1753877996.40348;18.607373;2.49;-0.24;-59.52;-0.985594;0.037852;-0.050927;0.0;0.0;0.0;0.0;0.0;0.0
1.0;1753877996.408078;18.590971;2.87;-0.74;-18.94;-0.998738;-0.016475;-0.11586;0.0;0.0;0.0;0.0;0.0;0.0
1.0;1753877996.412676;18.588004;2.33;0.39;14.5;-1.001781;-0.022691;-0.011218;0.0;0.0;0.0;0.0;0.0;0.0
1.0;1753877996.417274;18.587729;3.32;0.25;-25.03;-1.02759;0.117167;-0.134046;0.0;0.0;0.0;0.0;0.0;0.0
1.0;1753877996.421872;18.613432;2.28;-0.08;-21.62;-1.037934;0.157521;-0.027719;0.0;0.0;0.0;0.0;0.0;0.0
1.0;1753877996.42647;18.596825;0.83;0.52;-51.3;-1.020605;0.044837;-0.033084;0.0;0.0;0.0;0.0;0.0;0.0
1.0;1753877996.431068;18.604737;1.33;-1.04;-25.54;-1.034041;0.07116;-0.044976;0.0;0.0;0.0;0.0;0.0;0.0
1.0;1753877996.435666;18.588289;1.56;-0.47;-18.64;-0.993363;-0.051606;-0.060271;0.0;0.0;0.0;0.0;0.0;0.0
1.0;1753877996.440264;18.604877;0.56;0.84;-48.38;-1.007549;0.06864;-0.044391;0.0;0.0;0.0;0.0;0.0;0.0
1.0;1753877996.444862;18.599907;-0.52;-0.13;-41.54;-1.003144;0.078432;-0.013234;0.0;0.0;0.0;0.0;0.0;0.0
1.0;1753877996.449459;18.60911;0.86;-0.01;-12.49;-0.996348;0.129738;0.007928;0.0;0.0;0.0;0.0;0.0;0.0
1.0;1753877996.454057;18.592944;2.7;1.42;-14.02;-1.020505;0.10649;-0.08862;0.0;0.0;0.0;0.0;0.0;0.0
1.0;1753877996.458655;18.597877;2.96;-0.04;5.07;-1.045297;-0.000622;-0.084045;0.0;0.0;0.0;0.0;0.0;0.0
1.0;1753877996.463253;18.579646;1.21;-1.35;1.44;-1.001156;0.061306;-0.079769;0.0;0.0;0.0;0.0;0.0;0.0
1.0;1753877996.467851;18.586829;1.97;0.66;-64.53;-1.039177;0.2046;-0.03643;0.0;0.0;0.0;0.0;0.0;0.0
1.0;1753877996.472449;18.581919;3.46;-0.86;-64.32;-1.012604;0.003441;-0.050378;0.0;0.0;0.0;0.0;0.0;0.0
1.0;1753877996.477047;18.597856;3.47;0.5;-18.82;-1.001917;0.057493;-0.056049;0.0;0.0;0.0;0.0;0.0;0.0
1.0;1753877996.481645;18.588152;4.58;-0.06;-17.89;-1.03072;0.047148;-0.035874;0.0;0.0;0.0;0.0;0.0;0.0
1.0;1753877996.486242;18.586859;2.13;-0.35;-38.0;-1.009723;0.089722;-0.014185;0.0;0.0;0.0;0.0;0.0;0.0
1.0;1753877996.49084;18.597545;2.61;-0.9;-45.42;-1.013085;-0.038057;-0.013949;0.0;0.0;0.0;0.0;0.0;0.0
1.0;1753877996.495438;18.599639;3.45;0.68;-16.38;-1.012057;0.045434;-0.087525;0.0;0.0;0.0;0.0;0.0;0.0
1.0;1753877996.500036;18.591384;2.25;-0.32;-41.99;-1.027165;0.040251;-0.000164;0.0;0.0;0.0;0.0;0.0;0.0
1.0;1753877996.504634;18.597197;2.7;-0.99;-30.22;-1.035785;0.141761;-0.054577;0.0;0.0;0.0;0.0;0.0;0.0
1.0;1753877996.509232;18.603906;0.9;-0.97;-24.17;-0.985435;0.127594;0.063481;0.0;0.0;0.0;0.0;0.0;0.0
1.0;1753877996.51383;18.589462;2.63;0.22;-64.41;-0.995434;0.109831;-0.080938;0.0;0.0;0.0;0.0;0.0;0.0
1.0;1753877996.518428;18.592584;3.59;-0.65;-56.32;-1.034629;0.027145;-0.064026;0.0;0.0;0.0;0.0;0.0;0.0
1.0;1753877996.523026;18.594914;2.6;-0.02;-55.76;-0.996542;-0.099568;0.049977;0.0;0.0;0.0;0.0;0.0;0.0
1.0;1753877996.527624;18.588274;-0.19;1.07;-53.58;-0.997196;0.062024;0.004701;0.0;0.0;0.0;0.0;0.0;0.0
1.0;1753877996.532222;18.580346;1.64;-1.11;-5.67;-0.990224;0.100936;0.001085;0.0;0.0;0.0;0.0;0.0;0.0
1.0;1753877996.53682;18.585573;1.15;-0.14;-22.43;-0.99949;0.00518;-0.034005;0.0;0.0;0.0;0.0;0.0;0.0
1.0;1753877996.541417;18.583732;0.89;-0.13;-42.2;-1.029353;0.167272;0.008206;0.0;0.0;0.0;0.0;0.0;0.0
1.0;1753877996.546015;18.600813;3.39;0.35;-22.48;-1.004397;-0.074187;0.013485;0.0;0.0;0.0;0.0;0.0;0.0
1.0;1753877996.550613;18.590143;1.96;-0.45;17.44;-0.983298;-0.028646;-0.026274;0.0;0.0;0.0;0.0;0.0;0.0
1.0;1753877996.555211;18.574923;4.29;0.88;-40.85;-1.017821;-0.041234;-0.021861;0.0;0.0;0.0;0.0;0.0;0.0
1.0;1753877996.559809;18.598149;2.21;0.23;-11.96;-1.032909;-0.144912;-0.015101;0.0;0.0;0.0;0.0;0.0;0.0
1.0;1753877996.564407;18.595505;4.44;-1.61;-37.49;-1.000589;-0.000492;-0.088265;0.0;0.0;0.0;0.0;0.0;0.0
1.0;1753877996.569005;18.597376;1.42;-0.35;-10.11;-1.00701;-0.007093;-0.043725;0.0;0.0;0.0;0.0;0.0;0.0
1.0;1753877996.573603;18.59518;5.57;-0.83;-46.55;-1.034615;-0.009877;-0.069534;0.0;0.0;0.0;0.0;0.0;0.0
1.0;1753877996.5782;18.590288;2.58;-0.92;-70.19;-0.99736;-0.093638;-0.042746;0.0;0.0;0.0;0.0;0.0;0.0
1.0;1753877996.582798;18.58713;2.57;-0.54;-10.48;-1.012047;-0.002751;-0.030662;0.0;0.0;0.0;0.0;0.0;0.0
1.0;1753877996.587396;18.588551;1.87;0.27;-65.66;-1.023858;0.076605;-0.000901;0.0;0.0;0.0;0.0;0.0;0.0
1.0;1753877996.591994;18.599242;1.17;-0.8;-20.47;-1.026227;0.077131;-0.002553;0.0;0.0;0.0;0.0;0.0;0.0
1.0;1753877996.596592;18.59173;1.51;-0.37;-17.53;-1.004563;0.023318;-0.032157;0.0;0.0;0.0;0.0;0.0;0.0
1.0;1753877996.60119;18.596449;2.71;-0.61;-30.49;-1.028034;0.045568;0.071555;0.0;0.0;0.0;0.0;0.0;0.0
1.0;1753877996.605788;18.576261;3.82;-0.6;-16.1;-0.985337;-0.003242;-0.082039;0.0;0.0;0.0;0.0;0.0;0.0
1.0;1753877996.610386;18.589201;-0.1;0.25;-86.24;-1.02784;0.025897;-0.069227;0.0;0.0;0.0;0.0;0.0;0.0
1.0;1753877996.614984;18.594883;2.25;0.12;-39.01;-0.999098;0.094844;-0.052515;0.0;0.0;0.0;0.0;0.0;0.0
1.0;1753877996.619582;18.578499;2.62;-0.59;-6.42;-0.993982;0.066331;0.019366;0.0;0.0;0.0;0.0;0.0;0.0
1.0;1753877996.62418;18.5848;0.94;0.14;-62.48;-1.003957;0.031626;-0.057149;0.0;0.0;0.0;0.0;0.0;0.0
1.0;1753877996.628778;18.594109;0.78;-0.18;-2.76;-0.996474;0.14121;-0.120385;0.0;0.0;0.0;0.0;0.0;0.0
1.0;1753877996.633376;18.605489;2.8;-0.24;-11.52;-1.011088;0.079745;-0.080099;0.0;0.0;0.0;0.0;0.0;0.0
1.0;1753877996.637973;18.604453;2.55;-0.34;-36.09;-1.000484;-0.021399;-0.039775;0.0;0.0;0.0;0.0;0.0;0.0
1.0;1753877996.642571;18.583417;1.86;0.16;-28.03;-0.982067;0.022328;-0.049146;0.0;0.0;0.0;0.0;0.0;0.0
1.0;1753877996.647169;18.582186;1.83;-0.14;-58.68;-1.004506;0.017779;-0.08341;0.0;0.0;0.0;0.0;0.0;0.0
1.0;1753877996.651767;18.596037;3.78;-0.23;-18.51;-1.008641;0.1066;-0.082942;0.0;0.0;0.0;0.0;0.0;0.0
1.0;1753877996.656365;18.587736;5.51;-1.0;-31.06;-1.015251;0.027389;-0.079151;0.0;0.0;0.0;0.0;0.0;0.0
1.0;1753877996.660963;18.586268;1.13;-0.86;-32.54;-0.998014;-0.023697;-0.093333;0.0;0.0;0.0;0.0;0.0;0.0
1.0;1753877996.665561;18.586715;0.8;-0.24;-16.23;-1.008622;-0.09356;-0.105807;0.0;0.0;0.0;0.0;0.0;0.0
1.0;1753877996.670158;18.607067;2.91;0.1;-45.56;-0.997916;-0.041892;-0.100858;0.0;0.0;0.0;0.0;0.0;0.0
1.0;1753877996.674756;18.584611;0.58;-0.25;-1.29;-1.025196;0.232668;0.00433;0.0;0.0;0.0;0.0;0.0;0.0
1.0;1753877996.679354;18.598098;2.32;1.14;-58.69;-0.996733;0.172718;-0.049869;0.0;0.0;0.0;0.0;0.0;0.0
1.0;1753877996.683952;18.617461;2.59;0.5;-13.51;-0.993651;0.066774;-0.132417;0.0;0.0;0.0;0.0;0.0;0.0
1.0;1753877996.68855;18.586356;1.25;-0.31;-74.72;-1.007313;-0.097157;0.017468;0.0;0.0;0.0;0.0;0.0;0.0
1.0;1753877996.693148;18.614691;5.42;0.39;-28.48;-1.006317;0.031719;0.06541;0.0;0.0;0.0;0.0;0.0;0.0
1.0;1753877996.697746;18.59074;3.27;-1.21;-13.27;-1.026261;-0.024479;0.049222;0.0;0.0;0.0;0.0;0.0;0.0
1.0;1753877996.702344;18.593885;2.03;-0.69;-20.48;-0.99306;0.053657;0.000988;0.0;0.0;0.0;0.0;0.0;0.0
1.0;1753877996.706942;18.578694;4.64;-1.03;-54.72;-0.99732;0.172997;-0.107958;0.0;0.0;0.0;0.0;0.0;0.0
1.0;1753877996.71154;18.600121;2.86;0.05;-18.36;-1.027701;-0.098244;-0.101371;0.0;0.0;0.0;0.0;0.0;0.0
1.0;1753877996.716138;18.60156;1.98;-0.47;-4.04;-1.014538;0.026332;0.07518;0.0;0.0;0.0;0.0;0.0;0.0
1.0;1753877996.720736;18.587758;1.85;-0.48;-22.68;-1.018692;-0.118332;-0.128532;0.0;0.0;0.0;0.0;0.0;0.0
1.0;1753877996.725334;18.594784;3.25;0.07;-19.12;-0.987599;-0.006627;-0.036731;0.0;0.0;0.0;0.0;0.0;0.0
1.0;1753877996.729931;18.587309;3.82;-0.27;-20.44;-1.024768;0.004817;-0.039232;0.0;0.0;0.0;0.0;0.0;0.0
1.0;1753877996.734529;18.5842;4.34;-1.87;-12.1;-0.973051;0.172027;-0.02296;0.0;0.0;0.0;0.0;0.0;0.0
1.0;1753877996.739127;18.587988;2.92;-0.66;-11.5;-1.04182;-0.008953;-0.048089;0.0;0.0;0.0;0.0;0.0;0.0
1.0;1753877996.743725;18.594077;3.1;0.14;-21.01;-1.001879;0.139537;-0.051011;0.0;0.0;0.0;0.0;0.0;0.0
1.0;1753877996.748323;18.591779;3.71;-0.65;-18.6;-1.009977;0.010774;-0.018981;0.0;0.0;0.0;0.0;0.0;0.0
1.0;1753877996.752921;18.60023;1.96;0.1;-89.17;-1.005985;0.005367;-0.068963;0.0;0.0;0.0;0.0;0.0;0.0
1.0;1753877996.757519;18.598301;2.64;0.93;-23.12;-0.983769;-0.030178;-0.030963;0.0;0.0;0.0;0.0;0.0;0.0
1.0;1753877996.762117;18.581749;1.71;-0.73;-49.6;-1.019024;-0.027657;-0.077429;0.0;0.0;0.0;0.0;0.0;0.0
1.0;1753877996.766714;18.57311;2.81;-1.16;-30.64;-1.024256;0.004493;-0.049246;0.0;0.0;0.0;0.0;0.0;0.0
1.0;1753877996.771312;18.601261;0.94;-0.38;-31.46;-0.992407;-0.00345;-0.005015;0.0;0.0;0.0;0.0;0.0;0.0
1.0;1753877996.77591;18.592373;-0.18;-0.27;-11.89;-1.039146;0.075543;-0.038883;0.0;0.0;0.0;0.0;0.0;0.0
1.0;1753877996.780508;18.587701;5.2;0.04;-41.26;-1.009518;-0.029314;0.016905;0.0;0.0;0.0;0.0;0.0;0.0
1.0;1753877996.785106;18.607441;0.88;-1.58;-53.89;-1.002274;0.061134;0.011221;0.0;0.0;0.0;0.0;0.0;0.0
1.0;1753877996.789704;18.593972;1.47;-1.61;-43.46;-1.015038;-0.020863;0.004084;0.0;0.0;0.0;0.0;0.0;0.0
1.0;1753877996.794302;18.598036;2.25;-0.01;-30.95;-0.994851;0.023776;-0.079758;0.0;0.0;0.0;0.0;0.0;0.0
1.0;1753877996.7989;18.597303;4.79;-1.01;-7.38;-1.016434;-0.026175;-0.026508;0.0;0.0;0.0;0.0;0.0;0.0
1.0;1753877996.803498;18.589246;3.76;0.04;-80.58;-1.008359;-0.004806;-0.007079;0.0;0.0;0.0;0.0;0.0;0.0
1.0;1753877996.808096;18.592994;5.19;-0.9;-31.62;-1.004311;-0.023338;-0.013119;0.0;0.0;0.0;0.0;0.0;0.0
1.0;1753877996.812694;18.573242;3.01;0.12;-44.88;-1.02296;-0.057209;0.010102;0.0;0.0;0.0;0.0;0.0;0.0
1.0;1753877996.817292;18.582302;1.36;0.14;-36.59;-0.999216;-0.016222;-0.057448;0.0;0.0;0.0;0.0;0.0;0.0
1.0;1753877996.82189;18.586972;2.83;-1.13;-17.68;-0.996737;-0.044488;-0.065208;0.0;0.0;0.0;0.0;0.0;0.0
1.0;1753877996.826487;18.590343;-0.37;-0.84;-38.66;-1.010729;0.055936;-0.042907;0.0;0.0;0.0;0.0;0.0;0.0
1.0;1753877996.831085;18.581288;0.24;0.56;-60.99;-0.992879;0.122844;-0.048798;0.0;0.0;0.0;0.0;0.0;0.0
1.0;1753877996.835683;18.589662;1.98;0.42;-42.5;-0.986188;-0.03083;0.01513;0.0;0.0;0.0;0.0;0.0;0.0
1.0;1753877996.840281;18.586616;3.93;-0.94;-34.48;-1.007949;-0.048331;-0.060213;0.0;0.0;0.0;0.0;0.0;0.0
1.0;1753877996.844879;18.59994;1.86;-0.91;-24.67;-0.990732;0.186728;-0.026025;0.0;0.0;0.0;0.0;0.0;0.0
1.0;1753877996.849477;18.599426;0.85;-1.29;-15.04;-0.994897;-0.016421;-0.046824;0.0;0.0;0.0;0.0;0.0;0.0
1.0;1753877996.854075;18.599122;1.77;-0.41;-5.25;-1.013399;0.02074;0.008262;0.0;0.0;0.0;0.0;0.0;0.0
1.0;1753877996.858672;18.584809;4.39;-0.21;-20.19;-1.021787;0.054263;-0.094219;0.0;0.0;0.0;0.0;0.0;0.0
1.0;1753877996.86327;18.58873;1.69;-0.14;-62.0;-0.987455;-0.095642;-0.065095;0.0;0.0;0.0;0.0;0.0;0.0
1.0;1753877996.867868;18.596199;1.27;-0.1;-20.26;-0.995574;0.081754;0.006603;0.0;0.0;0.0;0.0;0.0;0.0
1.0;1753877996.872466;18.589581;2.93;-1.31;-36.88;-0.99844;-0.026537;-0.041013;0.0;0.0;0.0;0.0;0.0;0.0
1.0;1753877996.877064;18.594433;2.28;-0.56;3.71;-1.000515;-0.031187;-0.010068;0.0;0.0;0.0;0.0;0.0;0.0
1.0;1753877996.881662;18.581771;3.61;-0.47;-55.69;-1.014464;0.075923;-0.07841;0.0;0.0;0.0;0.0;0.0;0.0
1.0;1753877996.88626;18.592919;0.87;0.17;-21.32;-1.004819;0.004447;-0.04388;0.0;0.0;0.0;0.0;0.0;0.0
1.0;1753877996.890858;18.593936;1.17;-0.46;-22.06;-0.997264;0.167998;0.035937;0.0;0.0;0.0;0.0;0.0;0.0
1.0;1753877996.895456;18.575927;3.0;-1.18;-34.96;-1.010702;0.253488;-0.021142;0.0;0.0;0.0;0.0;0.0;0.0
1.0;1753877996.900054;18.590969;1.07;0.21;-27.07;-1.004449;-0.177997;0.019083;0.0;0.0;0.0;0.0;0.0;0.0
1.0;1753877996.904652;18.595161;3.17;-0.02;-38.24;-1.019974;-0.088791;0.001593;0.0;0.0;0.0;0.0;0.0;0.0
1.0;1753877996.90925;18.579107;2.46;-0.23;-13.2;-0.986682;-0.118292;-0.028162;0.0;0.0;0.0;0.0;0.0;0.0
1.0;1753877996.913848;18.603043;0.11;-0.68;-61.7;-0.957443;0.012054;-0.039488;0.0;0.0;0.0;0.0;0.0;0.0
1.0;1753877996.918445;18.596653;2.04;-1.06;-15.38;-1.022642;-0.006794;0.008201;0.0;0.0;0.0;0.0;0.0;0.0
1.0;1753877996.923043;18.589672;3.36;-1.66;-41.23;-1.005014;0.054532;-0.09597;0.0;0.0;0.0;0.0;0.0;0.0
1.0;1753877996.927641;18.585931;1.56;-0.2;-47.31;-0.983412;-0.09118;-0.021818;0.0;0.0;0.0;0.0;0.0;0.0
1.0;1753877996.932239;18.596834;0.75;-0.2;-44.4;-1.033488;0.018078;0.011544;0.0;0.0;0.0;0.0;0.0;0.0
1.0;1753877996.9372;18.59375;2.66;-0.42;-34.44;-1.006012;0.01952;-0.02745;0.0;0.0;0.0;0.0;0.0;0.0
1.0;1753877996.941798;18.565119;1.79;-1.24;-43.79;-1.00836;-0.080452;-0.043787;0.0;0.0;0.0;0.0;0.0;0.0
1.0;1753877996.94934;18.578125;0.7;-1.75;-5.46;-0.993812;-0.026352;-0.019764;0.0;0.0;0.0;0.0;0.0;0.0
1.0;1753877996.953938;18.579041;0.97;-1.92;2.67;-1.000559;-0.027945;-0.023156;0.0;0.0;0.0;0.0;0.0;0.0
1.0;1753877996.958536;18.583872;1.62;-2.07;-13.67;-0.998227;-0.095075;-0.019771;0.0;0.0;0.0;0.0;0.0;0.0
1.0;1753877996.963134;18.574295;0.35;-1.3;-3.88;-0.983991;-0.045235;-0.00405;0.0;0.0;0.0;0.0;0.0;0.0
1.0;1753877996.967732;18.59239;0.22;-1.89;-6.43;-0.982262;-0.042127;-0.026451;0.0;0.0;0.0;0.0;0.0;0.0
1.0;1753877996.97233;18.558063;-0.73;-1.53;29.21;-0.994804;0.035148;-0.017323;0.0;0.0;0.0;0.0;0.0;0.0
1.0;1753877996.976928;18.58619;0.75;-1.41;8.37;-0.981127;-0.025596;-0.031867;0.0;0.0;0.0;0.0;0.0;0.0
1.0;1753877996.981526;18.56036;0.59;-1.42;-14.35;-1.007393;-0.011461;-0.009688;0.0;0.0;0.0;0.0;0.0;0.0
1.0;1753877996.986123;18.582443;-0.02;-2.32;-4.39;-0.978246;-0.043864;-0.019134;0.0;0.0;0.0;0.0;0.0;0.0
1.0;1753877996.990721;18.585507;-0.39;-1.81;26.95;-1.003356;-0.029905;-0.025447;0.0;0.0;0.0;0.0;0.0;0.0
1.0;1753877996.99504;18.578125;0.84;-1.82;-4.34;-0.991738;-0.028914;-0.00793;0.0;0.0;0.0;0.0;0.0;0.0
1.0;1753877996.997033;18.585938;-2.38;-2.87;125.02;-0.389424;0.895724;-0.023424;0.0;0.0;0.0;0.0;0.0;0.0
1.0;1753877997.001631;18.6238;-2.48;-1.51;130.89;-0.420435;0.914809;-0.021829;0.0;0.0;0.0;0.0;0.0;0.0
1.0;1753877997.006229;18.589626;-2.46;-3.76;115.16;-0.379207;0.987144;0.034021;0.0;0.0;0.0;0.0;0.0;0.0
1.0;1753877997.010827;18.592009;-1.52;-1.75;125.71;-0.406229;0.851099;-0.041074;0.0;0.0;0.0;0.0;0.0;0.0
1.0;1753877997.015425;18.629123;-2.49;-3.43;142.51;-0.298294;0.880286;-0.017652;0.0;0.0;0.0;0.0;0.0;0.0
1.0;1753877997.020023;18.587274;-3.51;-2.19;110.59;-0.500097;0.921891;-0.006361;0.0;0.0;0.0;0.0;0.0;0.0
1.0;1753877997.02462;18.566364;-2.07;-1.53;113.44;-0.367125;0.948735;-0.042105;0.0;0.0;0.0;0.0;0.0;0.0
1.0;1753877997.029218;18.551787;-2.01;-1.36;126.78;-0.400096;0.828798;-0.0417;0.0;0.0;0.0;0.0;0.0;0.0
1.0;1753877997.033816;18.580035;-2.57;-3.38;132.37;-0.301226;0.961464;-0.031756;0.0;0.0;0.0;0.0;0.0;0.0
1.0;1753877997.038414;18.572214;-2.4;-2.16;140.52;-0.399512;0.926782;-0.029388;0.0;0.0;0.0;0.0;0.0;0.0
1.0;1753877997.043012;18.594414;-2.26;-1.93;122.35;-0.601711;0.892695;-0.00666;0.0;0.0;0.0;0.0;0.0;0.0
1.0;1753877997.04761;18.56336;-2.15;-1.55;108.53;-0.465886;0.876492;0.022697;0.0;0.0;0.0;0.0;0.0;0.0
1.0;1753877997.052208;18.578977;-2.52;-2.11;126.69;-0.340589;0.912113;-0.022441;0.0;0.0;0.0;0.0;0.0;0.0
1.0;1753877997.056806;18.57451;-1.76;-3.21;121.31;-0.265411;0.920613;-0.01662;0.0;0.0;0.0;0.0;0.0;0.0
1.0;1753877997.061404;18.613176;-2.72;-3.96;121.41;-0.361399;0.871589;0.008439;0.0;0.0;0.0;0.0;0.0;0.0
1.0;1753877997.066002;18.555761;-2.2;-3.04;133.92;-0.411862;0.985765;-0.002749;0.0;0.0;0.0;0.0;0.0;0.0
1.0;1753877997.0706;18.624777;-2.23;-1.22;116.47;-0.33585;0.914916;-0.007792;0.0;0.0;0.0;0.0;0.0;0.0
1.0;1753877997.075198;18.610396;-1.82;-4.82;127.46;-0.327173;0.941732;-0.028154;0.0;0.0;0.0;0.0;0.0;0.0
1.0;1753877997.079795;18.572009;-1.69;-0.57;122.5;-0.473299;0.950933;-0.003532;0.0;0.0;0.0;0.0;0.0;0.0
1.0;1753877997.084393;18.659541;-2.39;-2.28;126.1;-0.392622;0.883771;-0.012027;0.0;0.0;0.0;0.0;0.0;0.0
1.0;1753877997.088991;18.604954;-2.34;-3.35;124.09;-0.378415;0.946892;-0.016955;0.0;0.0;0.0;0.0;0.0;0.0
1.0;1753877997.093589;18.599443;-1.76;-4.55;119.36;-0.406422;0.851207;-0.003591;0.0;0.0;0.0;0.0;0.0;0.0
1.0;1753877997.098187;18.601453;-0.72;-2.35;128.4;-0.339855;0.896897;0.007254;0.0;0.0;0.0;0.0;0.0;0.0
1.0;1753877997.102785;18.635296;-2.79;-2.36;99.85;-0.404782;0.958208;-0.019589;0.0;0.0;0.0;0.0;0.0;0.0
1.0;1753877997.107383;18.610126;-2.4;-1.04;112.41;-0.351383;0.94757;0.012815;0.0;0.0;0.0;0.0;0.0;0.0
1.0;1753877997.111981;18.560768;-2.64;-3.23;106.19;-0.25256;0.882091;0.041173;0.0;0.0;0.0;0.0;0.0;0.0
1.0;1753877997.116578;18.663324;-1.4;-3.93;118.32;-0.366271;0.925241;0.01663;0.0;0.0;0.0;0.0;0.0;0.0
1.0;1753877997.121176;18.614658;-2.12;-0.96;117.81;-0.402266;0.860747;-0.02942;0.0;0.0;0.0;0.0;0.0;0.0
1.0;1753877997.125774;18.595468;-1.57;-1.84;117.17;-0.404745;0.849872;-0.053108;0.0;0.0;0.0;0.0;0.0;0.0
1.0;1753877997.130372;18.558334;-1.98;-1.69;117.61;-0.375464;0.903704;0.009364;0.0;0.0;0.0;0.0;0.0;0.0
1.0;1753877997.13497;18.602236;-1.24;-0.5;119.39;-0.451381;0.931409;0.021104;0.0;0.0;0.0;0.0;0.0;0.0
1.0;1753877997.139568;18.553411;-2.46;-2.43;112.24;-0.428398;0.902898;-0.019557;0.0;0.0;0.0;0.0;0.0;0.0
1.0;1753877997.144166;18.586791;-1.46;-1.01;119.25;-0.480056;0.874574;-0.006831;0.0;0.0;0.0;0.0;0.0;0.0
1.0;1753877997.148764;18.570563;-1.99;-1.77;131.04;-0.457407;0.913028;-0.025405;0.0;0.0;0.0;0.0;0.0;0.0
1.0;1753877997.153362;18.58605;-1.93;-1.11;135.86;-0.328921;0.926816;0.024815;0.0;0.0;0.0;0.0;0.0;0.0
1.0;1753877997.15796;18.552219;-1.31;-2.08;126.43;-0.483777;0.876708;-0.003098;0.0;0.0;0.0;0.0;0.0;0.0
1.0;1753877997.162558;18.59479;-1.98;-1.98;130.5;-0.352578;0.904616;-0.040906;0.0;0.0;0.0;0.0;0.0;0.0
1.0;1753877997.167156;18.559876;-1.94;-1.5;139.29;-0.488835;0.970814;-0.023808;0.0;0.0;0.0;0.0;0.0;0.0
1.0;1753877997.171754;18.589847;-1.68;-2.85;123.98;-0.391093;0.899313;-0.009676;0.0;0.0;0.0;0.0;0.0;0.0
1.0;1753877997.176351;18.538373;-1.76;-2.13;119.59;-0.540346;0.946314;0.027088;0.0;0.0;0.0;0.0;0.0;0.0
1.0;1753877997.180949;18.592395;-2.03;-2.52;146.49;-0.427439;0.800618;-0.005582;0.0;0.0;0.0;0.0;0.0;0.0
1.0;1753877997.185547;18.555007;-1.46;-3.18;121.0;-0.513919;0.934726;0.012378;0.0;0.0;0.0;0.0;0.0;0.0
1.0;1753877997.190145;18.626086;-1.62;-1.82;140.04;-0.401451;0.938378;0.018932;0.0;0.0;0.0;0.0;0.0;0.0
1.0;1753877997.194743;18.591792;-1.76;-1.47;122.29;-0.44131;0.956348;0.00069;0.0;0.0;0.0;0.0;0.0;0.0
1.0;1753877997.199341;18.628136;-2.33;-3.67;116.36;-0.251725;0.927364;-0.013272;0.0;0.0;0.0;0.0;0.0;0.0
1.0;1753877997.203939;18.557917;-1.79;-4.0;127.51;-0.460452;0.892659;0.057676;0.0;0.0;0.0;0.0;0.0;0.0
1.0;1753877997.208536;18.530144;-1.92;-2.96;114.12;-0.247328;0.895256;-0.003576;0.0;0.0;0.0;0.0;0.0;0.0
1.0;1753877997.213134;18.619692;-1.45;-3.02;129.57;-0.453913;0.859808;0.014917;0.0;0.0;0.0;0.0;0.0;0.0
1.0;1753877997.217732;18.624786;-1.59;-3.84;136.02;-0.437292;0.935963;-0.039158;0.0;0.0;0.0;0.0;0.0;0.0
1.0;1753877997.22233;18.60315;-1.37;-2.79;128.18;-0.329891;0.856148;0.032067;0.0;0.0;0.0;0.0;0.0;0.0
1.0;1753877997.226928;18.54886;-2.35;-1.23;123.74;-0.309771;0.887747;-0.010043;0.0;0.0;0.0;0.0;0.0;0.0
1.0;1753877997.231526;18.62552;-1.53;-2.63;120.86;-0.415543;0.872392;0.020176;0.0;0.0;0.0;0.0;0.0;0.0
1.0;1753877997.236124;18.629316;-1.98;-2.21;122.2;-0.400302;0.895797;-0.011489;0.0;0.0;0.0;0.0;0.0;0.0
1.0;1753877997.240722;18.61047;-2.61;-3.03;125.55;-0.404791;0.895115;-0.010963;0.0;0.0;0.0;0.0;0.0;0.0
1.0;1753877997.24532;18.604069;-1.65;-2.75;107.94;-0.324841;0.933477;0.032666;0.0;0.0;0.0;0.0;0.0;0.0
1.0;1753877997.249918;18.617944;-1.86;-2.01;125.72;-0.279495;0.916844;0.025101;0.0;0.0;0.0;0.0;0.0;0.0
1.0;1753877997.254516;18.547796;-2.32;-1.82;123.4;-0.401662;0.898032;-0.021247;0.0;0.0;0.0;0.0;0.0;0.0
1.0;1753877997.259114;18.576394;-1.27;-2.61;131.35;-0.360119;0.916884;0.016069;0.0;0.0;0.0;0.0;0.0;0.0
1.0;1753877997.263712;18.618685;-0.88;-1.83;131.45;-0.507494;0.901594;0.050829;0.0;0.0;0.0;0.0;0.0;0.0
1.0;1753877997.268309;18.619129;-1.64;-2.91;120.39;-0.413434;0.874052;0.040465;0.0;0.0;0.0;0.0;0.0;0.0
1.0;1753877997.272907;18.601363;-0.95;-3.9;104.35;-0.342454;0.906444;0.048154;0.0;0.0;0.0;0.0;0.0;0.0
1.0;1753877997.277505;18.593071;-1.14;-3.07;142.55;-0.516074;0.868544;0.008766;0.0;0.0;0.0;0.0;0.0;0.0
1.0;1753877997.282103;18.607877;-2.05;-1.38;139.36;-0.423565;0.877076;0.009467;0.0;0.0;0.0;0.0;0.0;0.0
1.0;1753877997.286701;18.619865;-1.0;-2.58;130.53;-0.4682;0.926077;0.028472;0.0;0.0;0.0;0.0;0.0;0.0
1.0;1753877997.291299;18.63278;-1.45;-2.06;121.65;-0.323464;0.91896;0.020282;0.0;0.0;0.0;0.0;0.0;0.0
1.0;1753877997.295897;18.6064;-1.85;-3.02;142.67;-0.31839;0.964212;0.037993;0.0;0.0;0.0;0.0;0.0;0.0
1.0;1753877997.300495;18.572044;-1.62;-1.61;137.26;-0.406012;0.892998;0.022118;0.0;0.0;0.0;0.0;0.0;0.0
1.0;1753877997.305092;18.579232;-1.0;-1.93;107.74;-0.454395;1.027313;0.012672;0.0;0.0;0.0;0.0;0.0;0.0
1.0;1753877997.30969;18.582525;-1.42;-4.04;125.52;-0.29505;0.96054;0.006587;0.0;0.0;0.0;0.0;0.0;0.0
1.0;1753877997.314288;18.544573;-1.22;-0.83;126.69;-0.329583;0.931628;-0.030707;0.0;0.0;0.0;0.0;0.0;0.0
1.0;1753877997.318886;18.591739;-1.3;-1.78;129.86;-0.543344;0.870426;-0.010762;0.0;0.0;0.0;0.0;0.0;0.0
1.0;1753877997.323484;18.634288;-1.0;-2.94;136.24;-0.412649;0.901513;0.022666;0.0;0.0;0.0;0.0;0.0;0.0
1.0;1753877997.328082;18.651309;-1.73;-0.7;101.13;-0.257229;0.853989;0.022407;0.0;0.0;0.0;0.0;0.0;0.0
1.0;1753877997.33268;18.570847;-0.32;-1.99;124.43;-0.332964;0.967765;0.032347;0.0;0.0;0.0;0.0;0.0;0.0
1.0;1753877997.338;18.601562;-1.4;-2.03;123.69;-0.377956;0.921954;0.021594;0.0;0.0;0.0;0.0;0.0;0.0
1.0;1753877997.342598;18.609251;-1.86;-2.86;133.65;-0.469366;0.933874;0.021236;0.0;0.0;0.0;0.0;0.0;0.0
1.0;1753877997.347196;18.595596;-1.28;-2.73;127.26;-0.454596;0.976791;-0.013851;0.0;0.0;0.0;0.0;0.0;0.0
1.0;1753877997.351794;18.597148;-0.34;-3.07;121.82;-0.452258;0.98239;0.020729;0.0;0.0;0.0;0.0;0.0;0.0
1.0;1753877997.356392;18.618437;-2.47;-2.02;136.69;-0.330828;0.88528;0.021252;0.0;0.0;0.0;0.0;0.0;0.0
1.0;1753877997.36099;18.615665;-1.69;-2.68;112.56;-0.462109;0.946536;0.002538;0.0;0.0;0.0;0.0;0.0;0.0
1.0;1753877997.365588;18.608193;-2.13;-1.1;115.65;-0.451553;0.889494;0.056307;0.0;0.0;0.0;0.0;0.0;0.0
1.0;1753877997.370186;18.570241;-1.29;-2.39;127.65;-0.427581;0.863451;0.024008;0.0;0.0;0.0;0.0;0.0;0.0
1.0;1753877997.374783;18.616506;-1.53;-1.54;131.28;-0.418069;0.854243;-0.005452;0.0;0.0;0.0;0.0;0.0;0.0
1.0;1753877997.379381;18.577322;-1.47;-0.96;120.16;-0.332519;0.92035;0.00573;0.0;0.0;0.0;0.0;0.0;0.0
1.0;1753877997.383979;18.616523;-1.44;-2.13;148.77;-0.425644;0.830913;0.022005;0.0;0.0;0.0;0.0;0.0;0.0
1.0;1753877997.388577;18.614791;-1.36;-1.87;114.52;-0.438844;0.942581;-0.025822;0.0;0.0;0.0;0.0;0.0;0.0
1.0;1753877997.393175;18.62254;-0.58;-3.94;99.83;-0.304194;0.929079;0.021201;0.0;0.0;0.0;0.0;0.0;0.0
1.0;1753877997.397773;18.582193;-1.05;-3.79;113.21;-0.194817;0.8426;0.026532;0.0;0.0;0.0;0.0;0.0;0.0
1.0;1753877997.402371;18.631402;-1.04;-3.28;141.76;-0.427653;0.879627;0.053171;0.0;0.0;0.0;0.0;0.0;0.0
1.0;1753877997.406968;18.597848;-1.33;-1.17;125.49;-0.344969;0.911967;-0.005156;0.0;0.0;0.0;0.0;0.0;0.0
1.0;1753877997.411566;18.623483;-1.48;-1.21;123.15;-0.446022;0.854885;0.046035;0.0;0.0;0.0;0.0;0.0;0.0
1.0;1753877997.416164;18.595258;-2.0;-2.65;119.27;-0.335856;0.888449;0.009449;0.0;0.0;0.0;0.0;0.0;0.0
1.0;1753877997.420762;18.619226;-1.31;-1.3;120.0;-0.462681;0.844063;0.016911;0.0;0.0;0.0;0.0;0.0;0.0
1.0;1753877997.42536;18.613956;-1.18;-1.09;127.0;-0.384603;0.814805;0.012874;0.0;0.0;0.0;0.0;0.0;0.0
1.0;1753877997.429958;18.589376;-1.08;-1.3;115.16;-0.284782;0.93648;0.008112;0.0;0.0;0.0;0.0;0.0;0.0
1.0;1753877997.434556;18.599865;-1.91;-3.09;138.58;-0.398878;0.857281;0.043317;0.0;0.0;0.0;0.0;0.0;0.0
1.0;1753877997.439154;18.571316;-0.82;-1.93;135.39;-0.438639;0.834727;-0.008092;0.0;0.0;0.0;0.0;0.0;0.0
1.0;1753877997.443752;18.579496;-0.65;-1.74;115.37;-0.511044;0.947256;-0.02493;0.0;0.0;0.0;0.0;0.0;0.0
1.0;1753877997.44835;18.597672;-0.16;-2.12;119.23;-0.422283;0.887096;0.043481;0.0;0.0;0.0;0.0;0.0;0.0
1.0;1753877997.452948;18.613652;-1.81;-2.17;135.78;-0.481698;0.865062;0.031313;0.0;0.0;0.0;0.0;0.0;0.0
1.0;1753877997.457546;18.626455;-0.6;-2.28;126.85;-0.433413;0.846234;0.03079;0.0;0.0;0.0;0.0;0.0;0.0
1.0;1753877997.462144;18.616159;-0.49;-1.16;116.19;-0.411557;0.796111;-0.013209;0.0;0.0;0.0;0.0;0.0;0.0
1.0;1753877997.466741;18.642065;-1.85;-3.2;120.23;-0.534602;0.784319;0.021;0.0;0.0;0.0;0.0;0.0;0.0
1.0;1753877997.471339;18.613175;-1.09;-1.73;103.48;-0.451768;0.881398;0.009066;0.0;0.0;0.0;0.0;0.0;0.0
1.0;1753877997.475937;18.595971;-1.29;-1.9;132.34;-0.43372;0.83619;0.006038;0.0;0.0;0.0;0.0;0.0;0.0
1.0;1753877997.480535;18.564357;-1.5;-2.52;121.49;-0.290569;0.784151;-0.013997;0.0;0.0;0.0;0.0;0.0;0.0
1.0;1753877997.485133;18.581029;-1.61;-2.05;110.32;-0.429937;0.798363;-0.020125;0.0;0.0;0.0;0.0;0.0;0.0
1.0;1753877997.4906;18.601562;-0.84;-2.1;121.38;-0.418338;0.849486;-0.003416;0.0;0.0;0.0;0.0;0.0;0.0
1.0;1753877997.495198;18.630069;-1.47;-2.02;120.78;-0.408873;0.857304;0.02481;0.0;0.0;0.0;0.0;0.0;0.0
1.0;1753877997.499796;18.597263;-0.79;-3.46;122.26;-0.253987;0.852251;-0.013872;0.0;0.0;0.0;0.0;0.0;0.0
1.0;1753877997.50652;18.59375;-0.56;-1.4;127.54;-0.25742;0.965874;0.003416;0.0;0.0;0.0;0.0;0.0;0.0
1.0;1753877997.511118;18.586314;0.86;-1.61;120.76;-0.153357;0.947753;0.010579;0.0;0.0;0.0;0.0;0.0;0.0
1.0;1753877997.515716;18.594304;-1.53;-0.66;132.43;-0.080892;1.050626;0.050981;0.0;0.0;0.0;0.0;0.0;0.0
1.0;1753877997.520314;18.596825;0.17;-2.55;132.96;-0.235482;1.037626;0.029701;0.0;0.0;0.0;0.0;0.0;0.0
1.0;1753877997.524912;18.587036;0.44;-2.38;134.3;-0.039185;1.032569;-0.054109;0.0;0.0;0.0;0.0;0.0;0.0
1.0;1753877997.52951;18.604124;-1.16;-1.34;127.66;-0.103456;0.909295;-0.10648;0.0;0.0;0.0;0.0;0.0;0.0
1.0;1753877997.534108;18.610166;-0.6;-1.1;119.77;-0.154435;0.963212;-0.097774;0.0;0.0;0.0;0.0;0.0;0.0
1.0;1753877997.538705;18.590193;-0.01;-2.16;135.45;-0.195548;0.967837;0.006664;0.0;0.0;0.0;0.0;0.0;0.0
1.0;1753877997.543303;18.613893;0.7;-2.77;125.63;-0.020653;0.9504;-0.024303;0.0;0.0;0.0;0.0;0.0;0.0
1.0;1753877997.547901;18.616562;0.6;-1.37;125.35;0.087018;0.962407;0.043114;0.0;0.0;0.0;0.0;0.0;0.0
1.0;1753877997.552499;18.596933;0.76;-3.34;126.68;0.164267;1.031341;-0.015854;0.0;0.0;0.0;0.0;0.0;0.0
1.0;1753877997.55694;18.609375;0.91;-2.52;125.44;-0.045994;1.013454;-0.043188;0.0;0.0;0.0;0.0;0.0;0.0
1.0;1753877997.561538;18.618412;1.03;-0.82;123.03;-0.126031;0.946176;-0.063361;0.0;0.0;0.0;0.0;0.0;0.0
1.0;1753877997.566136;18.602001;2.72;-4.2;126.58;-0.138922;1.010836;0.0145;0.0;0.0;0.0;0.0;0.0;0.0
1.0;1753877997.570734;18.60965;1.66;-3.1;124.11;-0.060169;0.962454;-0.078016;0.0;0.0;0.0;0.0;0.0;0.0
1.0;1753877997.575332;18.616987;-0.01;-3.37;125.26;-0.068287;0.995029;0.049073;0.0;0.0;0.0;0.0;0.0;0.0
1.0;1753877997.57993;18.610961;0.63;-3.93;119.03;-0.108194;1.003501;-0.039001;0.0;0.0;0.0;0.0;0.0;0.0
1.0;1753877997.584528;18.619613;2.14;-2.58;130.16;-0.231612;0.883304;-0.022336;0.0;0.0;0.0;0.0;0.0;0.0
1.0;1753877997.589126;18.592806;1.35;-3.87;129.8;-0.193025;0.950899;-0.022989;0.0;0.0;0.0;0.0;0.0;0.0
1.0;1753877997.593723;18.623895;1.84;-3.95;118.07;-0.162904;0.903151;0.022656;0.0;0.0;0.0;0.0;0.0;0.0
1.0;1753877997.598321;18.601637;-0.0;-4.29;126.19;-0.01022;0.95675;-0.103562;0.0;0.0;0.0;0.0;0.0;0.0
1.0;1753877997.602919;18.602619;0.91;-3.03;127.98;-0.021693;0.895788;0.06698;0.0;0.0;0.0;0.0;0.0;0.0
1.0;1753877997.607517;18.627661;1.73;-3.33;123.26;-0.273561;0.916705;0.054286;0.0;0.0;0.0;0.0;0.0;0.0
1.0;1753877997.61623;18.609375;1.68;-3.92;121.45;-0.256322;0.905118;-0.002928;0.0;0.0;0.0;0.0;0.0;0.0
1.0;1753877997.620828;18.606372;1.7;-3.65;128.41;-0.518498;0.865575;-0.009175;0.0;0.0;0.0;0.0;0.0;0.0
1.0;1753877997.625426;18.595386;2.06;-4.03;133.24;-0.290519;0.979595;0.008136;0.0;0.0;0.0;0.0;0.0;0.0
1.0;1753877997.630024;18.607346;1.59;-4.13;123.93;-0.377083;0.959251;-0.039737;0.0;0.0;0.0;0.0;0.0;0.0
1.0;1753877997.634622;18.577324;2.61;-2.88;136.62;-0.153557;0.988164;-0.041321;0.0;0.0;0.0;0.0;0.0;0.0
1.0;1753877997.63922;18.63893;1.41;-4.87;126.85;-0.250501;0.951289;0.108956;0.0;0.0;0.0;0.0;0.0;0.0
1.0;1753877997.6436;18.609375;0.14;-3.78;127.19;-0.11407;0.978806;-0.00854;0.0;0.0;0.0;0.0;0.0;0.0
1.0;1753877997.648198;18.613035;-0.63;-5.26;128.91;0.121221;1.032784;0.027702;0.0;0.0;0.0;0.0;0.0;0.0
1.0;1753877997.652796;18.618772;1.82;-2.4;129.79;-0.212814;0.992983;0.020583;0.0;0.0;0.0;0.0;0.0;0.0
1.0;1753877997.657394;18.600167;0.02;-4.96;128.58;-0.185743;0.987133;0.008952;0.0;0.0;0.0;0.0;0.0;0.0
1.0;1753877997.661992;18.606911;1.38;-3.98;127.92;-0.229658;0.873361;0.054136;0.0;0.0;0.0;0.0;0.0;0.0
1.0;1753877997.66659;18.600429;0.04;-4.24;134.42;-0.205456;0.940858;-0.043455;0.0;0.0;0.0;0.0;0.0;0.0
1.0;1753877997.671188;18.628768;-0.89;-4.04;126.7;-0.06649;0.978225;-0.094581;0.0;0.0;0.0;0.0;0.0;0.0
1.0;1753877997.675785;18.601827;1.08;-5.25;124.47;0.115887;0.886969;-0.054024;0.0;0.0;0.0;0.0;0.0;0.0
1.0;1753877997.680383;18.617601;-1.11;-3.67;138.68;-0.125386;0.956814;0.020443;0.0;0.0;0.0;0.0;0.0;0.0
1.0;1753877997.684981;18.599926;-2.67;-4.68;123.99;-0.2252;0.898796;-0.097909;0.0;0.0;0.0;0.0;0.0;0.0
1.0;1753877997.68975;18.609375;-0.56;-5.67;135.59;-0.217892;0.899384;-0.029402;0.0;0.0;0.0;0.0;0.0;0.0
1.0;1753877997.694348;18.591462;-0.27;-6.08;129.92;-0.171293;0.861476;-0.068777;0.0;0.0;0.0;0.0;0.0;0.0
1.0;1753877997.698946;18.595256;-1.53;-5.17;142.92;-0.191813;0.911186;-0.041181;0.0;0.0;0.0;0.0;0.0;0.0
1.0;1753877997.703544;18.610118;-3.53;-3.88;143.16;-0.258511;0.947849;-0.019135;0.0;0.0;0.0;0.0;0.0;0.0
1.0;1753877997.708142;18.60771;-1.93;-5.18;140.3;-0.311485;0.902961;0.028658;0.0;0.0;0.0;0.0;0.0;0.0
1.0;1753877997.71274;18.61146;-0.22;-6.93;139.86;-0.575766;0.868282;0.050091;0.0;0.0;0.0;0.0;0.0;0.0
1.0;1753877997.717337;18.588376;-3.39;-5.34;135.36;-0.143882;0.935231;0.048078;0.0;0.0;0.0;0.0;0.0;0.0
1.0;1753877997.721935;18.620087;0.47;-5.28;141.95;-0.315616;0.902371;0.038678;0.0;0.0;0.0;0.0;0.0;0.0
1.0;1753877997.726533;18.608616;-2.66;-5.96;132.97;-0.201424;0.980631;0.06402;0.0;0.0;0.0;0.0;0.0;0.0
1.0;1753877997.731131;18.611209;-2.77;-4.82;159.69;-0.264811;0.824003;0.059163;0.0;0.0;0.0;0.0;0.0;0.0
1.0;1753877997.735729;18.594999;-1.86;-5.2;136.75;-0.465494;0.889591;0.046548;0.0;0.0;0.0;0.0;0.0;0.0
1.0;1753877997.740327;18.582534;-2.75;-5.34;143.86;-0.243619;0.953909;0.049777;0.0;0.0;0.0;0.0;0.0;0.0
1.0;1753877997.7445;18.601562;-3.36;-3.85;144.55;-0.414312;0.892186;0.065026;0.0;0.0;0.0;0.0;0.0;0.0
1.0;1753877997.749098;18.590078;-2.53;-2.71;137.25;-0.333384;0.846576;0.078947;0.0;0.0;0.0;0.0;0.0;0.0
1.0;1753877997.753696;18.590386;-1.71;-3.95;148.0;-0.581203;1.000316;0.025345;0.0;0.0;0.0;0.0;0.0;0.0
1.0;1753877997.758294;18.601156;-1.73;-0.9;117.52;-0.098194;0.939844;0.035487;0.0;0.0;0.0;0.0;0.0;0.0
1.0;1753877997.762892;18.600111;-2.55;-1.06;138.65;-0.033591;1.102524;0.080656;0.0;0.0;0.0;0.0;0.0;0.0
1.0;1753877997.76749;18.6149;-1.05;0.2;141.86;0.113101;0.906349;0.00499;0.0;0.0;0.0;0.0;0.0;0.0
1.0;1753877997.772087;18.608905;-1.77;-1.18;124.92;-0.042069;1.252634;0.043942;0.0;0.0;0.0;0.0;0.0;0.0
1.0;1753877997.776685;18.602571;-2.51;-0.73;129.77;-0.116686;1.072824;0.022016;0.0;0.0;0.0;0.0;0.0;0.0
1.0;1753877997.78138;18.601562;-2.17;-0.14;130.06;-0.015494;1.138504;0.000976;0.0;0.0;0.0;0.0;0.0;0.0
1.0;1753877997.785978;18.605929;0.18;0.24;122.57;-0.356333;1.086154;0.012705;0.0;0.0;0.0;0.0;0.0;0.0
1.0;1753877997.790576;18.600893;-2.7;-0.71;129.33;-0.115365;1.117784;-0.024763;0.0;0.0;0.0;0.0;0.0;0.0
1.0;1753877997.795174;18.609326;-1.48;2.96;108.74;0.051259;1.162446;-0.035328;0.0;0.0;0.0;0.0;0.0;0.0
1.0;1753877997.799772;18.584875;-1.02;-3.04;141.47;-0.064227;0.997079;-0.069618;0.0;0.0;0.0;0.0;0.0;0.0
1.0;1753877997.80437;18.595147;-1.57;-1.54;128.16;-0.001631;1.121054;-0.001829;0.0;0.0;0.0;0.0;0.0;0.0
1.0;1753877997.808967;18.594009;-3.56;-2.18;120.11;-0.076396;1.007226;0.086941;0.0;0.0;0.0;0.0;0.0;0.0
1.0;1753877997.813565;18.585193;-2.09;-1.52;126.16;0.043875;1.040163;0.015736;0.0;0.0;0.0;0.0;0.0;0.0
1.0;1753877997.818163;18.604418;-0.66;-3.03;118.17;0.075685;1.099876;-0.027024;0.0;0.0;0.0;0.0;0.0;0.0
1.0;1753877997.822761;18.606174;-1.12;-3.91;133.69;-0.015154;1.0301;0.008636;0.0;0.0;0.0;0.0;0.0;0.0
1.0;1753877997.827359;18.603641;-0.56;-0.61;122.59;-0.26519;1.020492;0.097961;0.0;0.0;0.0;0.0;0.0;0.0
1.0;1753877997.831957;18.596923;-0.21;-2.78;114.34;-0.332711;1.085018;0.077079;0.0;0.0;0.0;0.0;0.0;0.0
1.0;1753877997.836555;18.597192;0.97;-2.64;107.76;0.038503;0.985489;0.022531;0.0;0.0;0.0;0.0;0.0;0.0
1.0;1753877997.841153;18.617208;-1.82;-2.58;123.19;-0.52778;1.032499;0.017429;0.0;0.0;0.0;0.0;0.0;0.0
1.0;1753877997.84575;18.598728;1.43;-5.6;124.39;-0.219733;1.128815;-0.062901;0.0;0.0;0.0;0.0;0.0;0.0
1.0;1753877997.850348;18.590083;0.8;-6.03;131.05;-0.551918;1.035129;0.018691;0.0;0.0;0.0;0.0;0.0;0.0
1.0;1753877997.854946;18.607155;0.63;-5.75;110.54;-0.439006;0.924952;0.087693;0.0;0.0;0.0;0.0;0.0;0.0
1.0;1753877997.859544;18.603864;-0.08;-4.09;125.94;-0.250255;0.917186;0.01834;0.0;0.0;0.0;0.0;0.0;0.0
1.0;1753877997.864142;18.59957;1.87;-2.66;117.21;-0.314847;0.987644;-0.040317;0.0;0.0;0.0;0.0;0.0;0.0
1.0;1753877997.86874;18.604843;3.22;-4.9;98.34;-0.209541;1.007772;-0.029356;0.0;0.0;0.0;0.0;0.0;0.0
1.0;1753877997.87654;18.601562;1.05;-5.32;109.34;-0.39162;0.948794;0.020252;0.0;0.0;0.0;0.0;0.0;0.0
1.0;1753877997.881138;18.603753;0.47;-4.25;109.5;-0.481772;0.97169;0.012084;0.0;0.0;0.0;0.0;0.0;0.0
1.0;1753877997.885736;18.603737;3.44;-5.57;101.3;-0.328139;0.961162;0.060995;0.0;0.0;0.0;0.0;0.0;0.0
1.0;1753877997.890334;18.594126;0.5;-4.01;117.65;-0.269146;0.931244;-0.002741;0.0;0.0;0.0;0.0;0.0;0.0
1.0;1753877997.894932;18.609168;2.09;-3.61;116.29;-0.185576;0.954212;0.011185;0.0;0.0;0.0;0.0;0.0;0.0
1.0;1753877997.89953;18.617517;1.69;-2.27;108.02;-0.347739;0.908601;0.018354;0.0;0.0;0.0;0.0;0.0;0.0
1.0;1753877997.904127;18.619672;2.21;-5.19;112.45;-0.231746;0.949467;0.006559;0.0;0.0;0.0;0.0;0.0;0.0
1.0;1753877997.908725;18.611872;-1.66;-5.7;103.83;-0.324145;1.083225;0.06295;0.0;0.0;0.0;0.0;0.0;0.0
1.0;1753877997.913323;18.629769;0.71;-3.53;130.62;-0.00684;0.930727;0.046072;0.0;0.0;0.0;0.0;0.0;0.0
1.0;1753877997.917921;18.615894;-0.58;-0.91;125.37;-0.453688;1.091017;0.040744;0.0;0.0;0.0;0.0;0.0;0.0
1.0;1753877997.92508;18.628906;-1.47;-2.52;114.94;-0.155062;0.997594;-0.006466;0.0;0.0;0.0;0.0;0.0;0.0
1.0;1753877997.929678;18.634245;-2.28;-3.3;108.64;-0.169007;1.008352;-0.0017;0.0;0.0;0.0;0.0;0.0;0.0
1.0;1753877997.934276;18.628876;-2.51;-4.61;116.81;-0.289262;0.938257;-0.037853;0.0;0.0;0.0;0.0;0.0;0.0
1.0;1753877997.938874;18.620279;-0.95;-1.92;131.24;0.114679;1.049075;-0.00406;0.0;0.0;0.0;0.0;0.0;0.0
1.0;1753877997.943472;18.631292;0.18;-5.58;118.9;-0.099297;1.012961;0.033939;0.0;0.0;0.0;0.0;0.0;0.0
1.0;1753877997.94807;18.624108;-2.72;-4.22;119.09;-0.234097;0.964791;-0.075948;0.0;0.0;0.0;0.0;0.0;0.0
1.0;1753877997.952668;18.626789;-0.85;-4.26;121.49;0.059584;0.953917;0.022651;0.0;0.0;0.0;0.0;0.0;0.0
1.0;1753877997.957266;18.617501;-1.42;-2.11;113.92;-0.103161;0.973483;-0.028825;0.0;0.0;0.0;0.0;0.0;0.0
1.0;1753877997.96422;18.628906;-2.38;-3.08;113.33;0.007808;0.979172;-0.013786;0.0;0.0;0.0;0.0;0.0;0.0
1.0;1753877997.968583;18.609375;-3.15;-1.89;96.88;0.979904;-0.025254;0.085888;0.0;0.0;0.0;0.0;0.0;0.0
1.0;1753877997.9743;18.628906;-1.12;-2.73;99.89;1.0309;0.025498;0.110776;0.0;0.0;0.0;0.0;0.0;0.0
1.0;1753877997.979004;18.628906;-0.7;-2.52;102.48;0.994422;-0.008906;0.082716;0.0;0.0;0.0;0.0;0.0;0.0
1.0;1753877997.983577;18.628906;0.56;-2.8;104.37;1.009306;-0.070638;0.074298;0.0;0.0;0.0;0.0;0.0;0.0
1.0;1753877997.988148;18.644531;0.77;-3.08;102.97;1.012478;-0.158478;0.04026;0.0;0.0;0.0;0.0;0.0;0.0
1.0;1753877997.99375;18.644531;0.49;-2.94;102.76;0.981978;-0.068198;0.070516;0.0;0.0;0.0;0.0;0.0;0.0
1.0;1753877997.997297;18.644531;1.4;-2.8;105.21;1.009672;-0.089304;0.03111;0.0;0.0;0.0;0.0;0.0;0.0
1.0;1753877998.001895;18.635044;3.23;-1.9;87.21;1.000322;-0.101935;0.038281;0.0;0.0;0.0;0.0;0.0;0.0
1.0;1753877998.006493;18.639376;0.66;-3.69;95.64;1.006612;0.031955;0.285236;0.0;0.0;0.0;0.0;0.0;0.0
1.0;1753877998.011091;18.658011;-2.98;-3.97;92.73;0.989972;-0.085846;0.083844;0.0;0.0;0.0;0.0;0.0;0.0
1.0;1753877998.015689;18.659002;-4.18;-3.3;125.49;1.019414;-0.043918;-0.195391;0.0;0.0;0.0;0.0;0.0;0.0
1.0;1753877998.020286;18.647065;0.52;-1.56;120.46;1.018056;0.054783;-0.031288;0.0;0.0;0.0;0.0;0.0;0.0
1.0;1753877998.024884;18.658338;4.49;-2.08;85.05;0.997974;0.167048;0.047301;0.0;0.0;0.0;0.0;0.0;0.0
1.0;1753877998.029482;18.663875;1.02;-2.63;102.53;0.965879;-0.073647;0.116511;0.0;0.0;0.0;0.0;0.0;0.0
1.0;1753877998.03408;18.625029;2.55;-2.07;126.55;0.986457;-0.107622;-0.06377;0.0;0.0;0.0;0.0;0.0;0.0
1.0;1753877998.038678;18.642719;1.06;-3.17;106.07;1.007947;-0.168709;-0.048533;0.0;0.0;0.0;0.0;0.0;0.0
1.0;1753877998.043276;18.642894;4.68;-1.78;53.87;0.997482;-0.378431;-0.020627;0.0;0.0;0.0;0.0;0.0;0.0
1.0;1753877998.047874;18.643619;2.13;-1.27;103.66;1.070067;-0.184011;0.162092;0.0;0.0;0.0;0.0;0.0;0.0
1.0;1753877998.052472;18.616624;4.41;-3.47;106.0;1.018734;-0.006343;0.021948;0.0;0.0;0.0;0.0;0.0;0.0
1.0;1753877998.05707;18.646834;3.03;-2.06;100.87;1.001547;-0.134691;-0.015764;0.0;0.0;0.0;0.0;0.0;0.0
1.0;1753877998.061668;18.647929;3.09;-2.34;104.59;1.028915;-0.066294;-0.029805;0.0;0.0;0.0;0.0;0.0;0.0
1.0;1753877998.066266;18.648353;2.3;-2.11;73.92;0.990502;-0.089073;0.154877;0.0;0.0;0.0;0.0;0.0;0.0
1.0;1753877998.070864;18.606775;-5.83;-2.9;98.01;0.952336;-0.074974;-0.086372;0.0;0.0;0.0;0.0;0.0;0.0
1.0;1753877998.075462;18.652767;-9.78;-3.05;128.62;1.003002;-0.217839;0.186913;0.0;0.0;0.0;0.0;0.0;0.0
1.0;1753877998.080059;18.646755;3.94;-2.65;119.67;1.045468;-0.145204;0.045442;0.0;0.0;0.0;0.0;0.0;0.0
1.0;1753877998.084657;18.622778;3.42;-1.76;107.92;0.99227;-0.046059;-0.015617;0.0;0.0;0.0;0.0;0.0;0.0
1.0;1753877998.089255;18.66983;1.12;-2.55;115.5;0.998467;-0.222635;0.110938;0.0;0.0;0.0;0.0;0.0;0.0
1.0;1753877998.093853;18.630514;-2.49;-3.43;100.46;1.031611;-0.332983;0.137571;0.0;0.0;0.0;0.0;0.0;0.0
1.0;1753877998.098451;18.646552;7.39;-3.13;89.3;1.021051;0.036713;0.005356;0.0;0.0;0.0;0.0;0.0;0.0
1.0;1753877998.103049;18.634002;1.18;-1.59;127.3;1.015771;-0.182817;0.031797;0.0;0.0;0.0;0.0;0.0;0.0
1.0;1753877998.107647;18.639875;-4.43;-3.07;113.07;0.998576;-0.052161;0.149708;0.0;0.0;0.0;0.0;0.0;0.0
1.0;1753877998.112244;18.659815;-5.2;-2.15;105.61;0.973872;-0.132114;0.105356;0.0;0.0;0.0;0.0;0.0;0.0
1.0;1753877998.116842;18.641011;3.23;-3.07;111.98;1.034831;-0.233722;-0.073087;0.0;0.0;0.0;0.0;0.0;0.0
1.0;1753877998.12144;18.644074;1.49;-1.1;118.39;0.987111;-0.246895;0.023821;0.0;0.0;0.0;0.0;0.0;0.0
1.0;1753877998.126038;18.644582;6.44;-0.67;82.06;0.947373;-0.078173;-0.061577;0.0;0.0;0.0;0.0;0.0;0.0
1.0;1753877998.130636;18.629537;7.39;-2.64;108.44;0.977667;-0.179172;0.160842;0.0;0.0;0.0;0.0;0.0;0.0
1.0;1753877998.135234;18.657093;2.49;-4.11;118.65;0.999397;-0.090455;-0.082165;0.0;0.0;0.0;0.0;0.0;0.0
1.0;1753877998.139832;18.629322;-2.43;-3.18;76.08;1.019855;-0.117634;-0.055466;0.0;0.0;0.0;0.0;0.0;0.0
1.0;1753877998.14443;18.617112;1.28;-3.32;122.16;1.026477;-0.189533;0.131339;0.0;0.0;0.0;0.0;0.0;0.0
1.0;1753877998.149028;18.651014;3.37;-3.87;99.35;0.99409;-0.100625;-0.271817;0.0;0.0;0.0;0.0;0.0;0.0
1.0;1753877998.153626;18.657636;-0.51;-0.85;109.2;1.008439;-0.017158;0.106449;0.0;0.0;0.0;0.0;0.0;0.0
1.0;1753877998.158224;18.656944;0.78;-5.05;87.78;1.080475;-0.182235;0.232474;0.0;0.0;0.0;0.0;0.0;0.0
1.0;1753877998.162822;18.635405;-1.0;-2.96;101.18;0.994608;-0.277885;0.069654;0.0;0.0;0.0;0.0;0.0;0.0
1.0;1753877998.16742;18.653032;6.8;-3.55;136.51;1.027045;-0.081679;-0.049575;0.0;0.0;0.0;0.0;0.0;0.0
1.0;1753877998.172017;18.637775;2.92;-3.68;122.67;1.035772;-0.355025;0.027299;0.0;0.0;0.0;0.0;0.0;0.0
1.0;1753877998.176615;18.639515;0.06;-3.37;76.37;1.03671;-0.194281;-0.007836;0.0;0.0;0.0;0.0;0.0;0.0
1.0;1753877998.181213;18.65922;-2.37;-3.04;69.73;1.024325;-0.179182;0.099077;0.0;0.0;0.0;0.0;0.0;0.0
1.0;1753877998.1872;18.644531;1.82;-2.52;105.28;1.014552;-0.171776;0.014762;0.0;0.0;0.0;0.0;0.0;0.0
1.0;1753877998.191798;18.613862;0.78;-1.05;91.57;1.023917;-0.24589;-0.100858;0.0;0.0;0.0;0.0;0.0;0.0
1.0;1753877998.196396;18.67266;1.66;-2.82;118.56;1.032736;-0.24632;-0.130924;0.0;0.0;0.0;0.0;0.0;0.0
1.0;1753877998.200994;18.640409;8.61;-3.22;89.66;1.015987;-0.169068;-0.008186;0.0;0.0;0.0;0.0;0.0;0.0
1.0;1753877998.205592;18.656336;-6.72;-2.39;100.86;1.02412;-0.154802;0.084541;0.0;0.0;0.0;0.0;0.0;0.0
1.0;1753877998.21019;18.629531;2.67;-3.1;99.14;1.00838;-0.115709;0.221126;0.0;0.0;0.0;0.0;0.0;0.0
1.0;1753877998.214788;18.647392;-0.98;-1.19;127.03;1.03145;-0.076367;0.196266;0.0;0.0;0.0;0.0;0.0;0.0
1.0;1753877998.219386;18.665852;4.38;-2.68;132.69;1.058573;-0.428828;-0.018495;0.0;0.0;0.0;0.0;0.0;0.0
1.0;1753877998.223983;18.638428;2.53;-2.01;115.56;1.045255;-0.113086;-0.016515;0.0;0.0;0.0;0.0;0.0;0.0
1.0;1753877998.228581;18.65945;-9.43;-2.45;90.9;1.020246;-0.406505;0.167555;0.0;0.0;0.0;0.0;0.0;0.0
1.0;1753877998.233179;18.639626;6.9;-3.85;109.2;0.955;-0.209874;-0.103662;0.0;0.0;0.0;0.0;0.0;0.0
1.0;1753877998.237777;18.645342;6.57;-3.17;123.17;0.985455;-0.270544;0.037962;0.0;0.0;0.0;0.0;0.0;0.0
1.0;1753877998.242375;18.637518;4.81;-3.2;117.3;1.023819;-0.142698;0.007494;0.0;0.0;0.0;0.0;0.0;0.0
1.0;1753877998.246973;18.635029;4.26;-2.72;102.57;1.020594;-0.172771;-0.040964;0.0;0.0;0.0;0.0;0.0;0.0
1.0;1753877998.251571;18.639156;2.36;-2.01;110.95;0.995777;-0.197528;-0.107236;0.0;0.0;0.0;0.0;0.0;0.0
1.0;1753877998.256168;18.653353;2.59;-1.06;99.66;1.055353;-0.290113;0.155967;0.0;0.0;0.0;0.0;0.0;0.0
1.0;1753877998.260766;18.668369;-1.72;-2.58;102.91;1.010346;-0.077409;0.070289;0.0;0.0;0.0;0.0;0.0;0.0
1.0;1753877998.265364;18.647375;0.98;-2.09;82.07;1.010349;-0.094113;0.082497;0.0;0.0;0.0;0.0;0.0;0.0
1.0;1753877998.269962;18.626297;-3.12;-1.71;86.71;0.997599;-0.001196;-0.019;0.0;0.0;0.0;0.0;0.0;0.0
1.0;1753877998.27456;18.649847;-5.47;-0.76;96.3;0.998494;-0.261228;0.077168;0.0;0.0;0.0;0.0;0.0;0.0
1.0;1753877998.279158;18.620342;6.73;-4.64;89.67;1.006669;-0.219339;0.051065;0.0;0.0;0.0;0.0;0.0;0.0
1.0;1753877998.283756;18.599685;1.42;-2.23;109.53;1.000957;-0.181074;-0.179781;0.0;0.0;0.0;0.0;0.0;0.0
1.0;1753877998.288354;18.631763;0.9;-2.72;129.56;0.952844;-0.058548;0.05056;0.0;0.0;0.0;0.0;0.0;0.0
1.0;1753877998.292952;18.652306;5.47;-1.02;107.41;1.012404;-0.197965;-0.078418;0.0;0.0;0.0;0.0;0.0;0.0
1.0;1753877998.29755;18.623073;7.23;-2.45;115.46;0.964932;-0.206761;0.05604;0.0;0.0;0.0;0.0;0.0;0.0
1.0;1753877998.302148;18.629282;7.15;-1.8;92.41;1.051763;-0.273528;-0.010831;0.0;0.0;0.0;0.0;0.0;0.0
1.0;1753877998.306746;18.640283;-0.83;-2.68;112.7;0.982945;-0.10796;0.04603;0.0;0.0;0.0;0.0;0.0;0.0
1.0;1753877998.311344;18.624003;-1.54;-0.88;113.41;1.026165;-0.267169;0.061073;0.0;0.0;0.0;0.0;0.0;0.0
1.0;1753877998.315941;18.625256;0.15;-2.13;100.96;1.006385;-0.17718;-0.090308;0.0;0.0;0.0;0.0;0.0;0.0
1.0;1753877998.320539;18.656799;-1.04;-3.04;106.62;0.984234;-0.29934;-0.045817;0.0;0.0;0.0;0.0;0.0;0.0
1.0;1753877998.325137;18.641728;3.2;-1.91;114.55;0.964332;-0.107077;0.013561;0.0;0.0;0.0;0.0;0.0;0.0
1.0;1753877998.329735;18.619503;1.48;-2.76;114.4;0.983966;-0.110416;0.026164;0.0;0.0;0.0;0.0;0.0;0.0
1.0;1753877998.334333;18.637828;8.94;-2.12;105.91;0.999231;-0.155332;0.07678;0.0;0.0;0.0;0.0;0.0;0.0
1.0;1753877998.338931;18.6436;0.02;-3.34;91.53;1.046306;-0.005546;0.111642;0.0;0.0;0.0;0.0;0.0;0.0
1.0;1753877998.343529;18.63636;10.1;-3.02;91.47;0.94407;-0.172328;-0.091975;0.0;0.0;0.0;0.0;0.0;0.0
1.0;1753877998.348127;18.634987;4.5;-1.41;108.7;1.020251;-0.229685;0.094995;0.0;0.0;0.0;0.0;0.0;0.0
1.0;1753877998.352724;18.642205;2.98;-1.83;100.38;1.019715;-0.1563;0.015197;0.0;0.0;0.0;0.0;0.0;0.0
1.0;1753877998.357322;18.643441;3.71;-1.44;99.62;1.016547;-0.092888;0.034693;0.0;0.0;0.0;0.0;0.0;0.0
1.0;1753877998.36192;18.646086;-2.94;-2.74;95.21;0.989122;-0.20217;0.025282;0.0;0.0;0.0;0.0;0.0;0.0
1.0;1753877998.366518;18.622102;-3.87;-2.63;122.27;0.982262;-0.045117;0.2065;0.0;0.0;0.0;0.0;0.0;0.0
1.0;1753877998.371116;18.632983;1.11;-1.93;123.25;1.014704;0.013994;0.014999;0.0;0.0;0.0;0.0;0.0;0.0
1.0;1753877998.375714;18.630677;1.49;-2.08;85.23;1.030701;-0.128455;-0.02381;0.0;0.0;0.0;0.0;0.0;0.0
1.0;1753877998.380312;18.640268;6.12;-2.07;102.23;1.009113;-0.236009;0.039744;0.0;0.0;0.0;0.0;0.0;0.0
1.0;1753877998.38491;18.629185;2.63;-2.14;90.64;0.983176;-0.250572;0.047803;0.0;0.0;0.0;0.0;0.0;0.0
1.0;1753877998.389508;18.626353;-0.99;-1.38;100.7;0.925799;-0.014174;0.067818;0.0;0.0;0.0;0.0;0.0;0.0
1.0;1753877998.394106;18.635357;7.01;-3.19;92.12;1.013655;-0.305701;-0.097561;0.0;0.0;0.0;0.0;0.0;0.0
1.0;1753877998.398704;18.63492;-0.16;-3.53;86.45;1.019172;-0.088525;0.030163;0.0;0.0;0.0;0.0;0.0;0.0
1.0;1753877998.403302;18.622517;-1.3;-3.6;106.88;1.015349;-0.252263;0.006383;0.0;0.0;0.0;0.0;0.0;0.0
1.0;1753877998.4079;18.629975;0.92;-2.24;101.52;0.97881;-0.088739;0.235313;0.0;0.0;0.0;0.0;0.0;0.0
1.0;1753877998.412497;18.626331;3.55;-3.12;100.04;0.998677;-0.213736;0.086929;0.0;0.0;0.0;0.0;0.0;0.0
1.0;1753877998.417095;18.619262;11.56;-2.67;108.48;0.952028;-0.195808;0.059906;0.0;0.0;0.0;0.0;0.0;0.0
1.0;1753877998.421693;18.644881;2.09;-2.23;114.61;1.006625;-0.222423;-0.087896;0.0;0.0;0.0;0.0;0.0;0.0
1.0;1753877998.426291;18.640213;2.93;-3.15;117.73;1.012871;-0.201271;-0.088702;0.0;0.0;0.0;0.0;0.0;0.0
1.0;1753877998.430889;18.641873;-0.38;-2.29;103.36;0.965316;-0.193067;-0.018016;0.0;0.0;0.0;0.0;0.0;0.0
1.0;1753877998.435487;18.63176;1.92;-2.66;129.15;0.967524;-0.092299;-0.054003;0.0;0.0;0.0;0.0;0.0;0.0
1.0;1753877998.440085;18.635296;6.0;-1.48;102.52;0.954925;-0.112001;0.011767;0.0;0.0;0.0;0.0;0.0;0.0
1.0;1753877998.444682;18.627584;-3.02;-2.64;99.05;0.997558;-0.176455;-0.052391;0.0;0.0;0.0;0.0;0.0;0.0
1.0;1753877998.44928;18.625414;-1.16;-2.5;95.9;0.965773;-0.195272;-0.034043;0.0;0.0;0.0;0.0;0.0;0.0
1.0;1753877998.453878;18.629177;2.3;-2.17;102.74;0.979359;-0.271895;-0.018081;0.0;0.0;0.0;0.0;0.0;0.0
1.0;1753877998.458476;18.628649;0.08;-3.34;84.7;0.982338;-0.124292;0.246511;0.0;0.0;0.0;0.0;0.0;0.0
1.0;1753877998.463074;18.62985;4.05;-2.47;115.86;0.943181;-0.203405;-0.114216;0.0;0.0;0.0;0.0;0.0;0.0
1.0;1753877998.467672;18.5974;2.65;-3.65;101.34;0.952061;-0.118246;0.004712;0.0;0.0;0.0;0.0;0.0;0.0
1.0;1753877998.47227;18.624126;2.09;-1.96;99.58;1.002828;-0.22844;0.048281;0.0;0.0;0.0;0.0;0.0;0.0
1.0;1753877998.476868;18.623511;3.15;-2.52;93.25;1.019999;-0.194609;0.058713;0.0;0.0;0.0;0.0;0.0;0.0
1.0;1753877998.481466;18.623587;3.16;-3.59;94.72;1.014644;-0.17971;-0.094962;0.0;0.0;0.0;0.0;0.0;0.0
1.0;1753877998.486064;18.633229;4.69;-2.61;119.82;1.004031;-0.132192;0.104443;0.0;0.0;0.0;0.0;0.0;0.0
1.0;1753877998.490662;18.617388;5.58;-2.62;118.02;0.984652;-0.197411;0.032636;0.0;0.0;0.0;0.0;0.0;0.0
1.0;1753877998.49526;18.610084;-1.92;-2.52;72.42;1.010008;-0.160439;0.135229;0.0;0.0;0.0;0.0;0.0;0.0
1.0;1753877998.499858;18.624425;-0.34;-3.37;101.37;1.015637;-0.231295;0.082292;0.0;0.0;0.0;0.0;0.0;0.0
1.0;1753877998.504455;18.623613;3.13;-2.31;119.64;0.971323;-0.179871;-0.033555;0.0;0.0;0.0;0.0;0.0;0.0
1.0;1753877998.509053;18.63109;4.46;-2.43;98.85;0.992023;-0.312462;0.136305;0.0;0.0;0.0;0.0;0.0;0.0
1.0;1753877998.513651;18.617267;3.97;-3.25;99.55;1.023273;-0.116049;0.140966;0.0;0.0;0.0;0.0;0.0;0.0
1.0;1753877998.518249;18.6171;5.88;-3.42;110.12;0.949345;-0.233274;-0.183951;0.0;0.0;0.0;0.0;0.0;0.0
1.0;1753877998.522847;18.638729;8.09;-2.12;108.38;0.990027;0.027544;-0.024272;0.0;0.0;0.0;0.0;0.0;0.0
1.0;1753877998.527445;18.630678;1.34;-1.78;109.3;0.952012;-0.197262;0.130997;0.0;0.0;0.0;0.0;0.0;0.0
1.0;1753877998.532043;18.624617;-3.8;-2.76;98.72;0.993595;-0.201641;-0.005986;0.0;0.0;0.0;0.0;0.0;0.0
1.0;1753877998.536641;18.637872;8.23;-4.65;98.0;0.992732;-0.150153;0.131034;0.0;0.0;0.0;0.0;0.0;0.0
1.0;1753877998.541238;18.628862;-4.28;-1.64;96.77;0.952035;-0.150418;-0.043046;0.0;0.0;0.0;0.0;0.0;0.0
1.0;1753877998.545836;18.631257;0.36;-2.33;120.05;0.949587;-0.247856;0.296969;0.0;0.0;0.0;0.0;0.0;0.0
1.0;1753877998.550434;18.627612;3.48;-4.76;100.1;0.987958;-0.109016;0.119283;0.0;0.0;0.0;0.0;0.0;0.0
1.0;1753877998.555032;18.613019;2.14;-2.36;110.59;1.006074;0.055201;0.194523;0.0;0.0;0.0;0.0;0.0;0.0
1.0;1753877998.55963;18.633606;5.59;-2.62;105.9;0.963089;-0.103982;-0.127415;0.0;0.0;0.0;0.0;0.0;0.0
1.0;1753877998.564228;18.626338;-1.82;-3.02;107.17;1.014929;-0.094458;0.152656;0.0;0.0;0.0;0.0;0.0;0.0
1.0;1753877998.568826;18.619152;7.63;-3.98;90.61;0.927061;-0.364173;0.117723;0.0;0.0;0.0;0.0;0.0;0.0
1.0;1753877998.573424;18.59504;0.98;-3.48;68.67;0.99869;-0.009545;0.070994;0.0;0.0;0.0;0.0;0.0;0.0
1.0;1753877998.578022;18.634682;0.11;-2.05;86.2;1.038826;-0.047268;-0.019002;0.0;0.0;0.0;0.0;0.0;0.0
1.0;1753877998.58262;18.615454;7.69;-2.86;72.87;0.950434;-0.108699;0.250443;0.0;0.0;0.0;0.0;0.0;0.0
1.0;1753877998.587218;18.632022;-1.43;-3.33;99.06;1.0079;-0.110074;-0.011789;0.0;0.0;0.0;0.0;0.0;0.0
1.0;1753877998.591816;18.623968;0.01;-3.05;93.73;0.963247;0.056164;-0.070339;0.0;0.0;0.0;0.0;0.0;0.0
1.0;1753877998.596413;18.626534;3.41;-2.96;112.03;0.943272;-0.035903;-0.04365;0.0;0.0;0.0;0.0;0.0;0.0
1.0;1753877998.601011;18.627631;5.12;-1.91;94.36;0.941311;-0.125317;0.116632;0.0;0.0;0.0;0.0;0.0;0.0
1.0;1753877998.605609;18.612346;7.46;-2.17;109.7;1.002471;-0.091063;-0.100806;0.0;0.0;0.0;0.0;0.0;0.0
1.0;1753877998.610207;18.615929;-5.73;-2.05;117.21;0.96162;-0.14905;0.038527;0.0;0.0;0.0;0.0;0.0;0.0
1.0;1753877998.614805;18.600326;-5.69;-2.88;98.97;0.970891;-0.337173;-0.016679;0.0;0.0;0.0;0.0;0.0;0.0
1.0;1753877998.619403;18.620137;1.38;-4.37;101.12;0.948177;-0.171327;0.107179;0.0;0.0;0.0;0.0;0.0;0.0
1.0;1753877998.624001;18.634344;3.36;-3.25;110.92;0.943175;-0.309006;-0.033664;0.0;0.0;0.0;0.0;0.0;0.0
1.0;1753877998.628599;18.601305;0.24;-4.08;116.79;0.968265;-0.157131;0.140029;0.0;0.0;0.0;0.0;0.0;0.0
1.0;1753877998.633196;18.626905;5.17;-3.62;91.31;1.006745;-0.071995;0.193137;0.0;0.0;0.0;0.0;0.0;0.0
1.0;1753877998.637794;18.61426;5.2;-2.31;92.97;0.973263;-0.151863;0.048858;0.0;0.0;0.0;0.0;0.0;0.0
1.0;1753877998.6434;18.617188;1.4;-2.94;102.97;0.974902;-0.142618;0.038796;0.0;0.0;0.0;0.0;0.0;0.0
1.0;1753877998.647998;18.581263;0.28;-3.06;97.36;0.972897;-0.400775;0.055923;0.0;0.0;0.0;0.0;0.0;0.0
1.0;1753877998.652596;18.625378;0.82;-2.81;93.85;0.952661;-0.16105;0.025601;0.0;0.0;0.0;0.0;0.0;0.0
1.0;1753877998.6609;18.578125;0.77;-3.22;92.68;0.96685;-0.285602;0.022936;0.0;0.0;0.0;0.0;0.0;0.0
1.0;1753877998.665498;18.608812;1.47;-3.38;95.09;0.975471;-0.253622;-0.002726;0.0;0.0;0.0;0.0;0.0;0.0
1.0;1753877998.670096;18.58281;0.57;-3.51;94.48;0.985561;-0.328731;0.011845;0.0;0.0;0.0;0.0;0.0;0.0
1.0;1753877998.674694;18.597828;0.74;-3.89;97.35;0.974822;-0.407303;0.005284;0.0;0.0;0.0;0.0;0.0;0.0
1.0;1753877998.679292;18.575779;0.13;-3.1;90.33;0.965386;-0.261995;-0.011867;0.0;0.0;0.0;0.0;0.0;0.0
1.0;1753877998.68389;18.582377;-0.2;-3.38;95.92;0.99001;-0.298066;0.017158;0.0;0.0;0.0;0.0;0.0;0.0
1.0;1753877998.688488;18.570218;2.85;-2.76;89.1;0.975059;-0.313757;0.079317;0.0;0.0;0.0;0.0;0.0;0.0
1.0;1753877998.693086;18.564774;0.16;-3.51;96.14;0.990317;-0.277553;0.058457;0.0;0.0;0.0;0.0;0.0;0.0
1.0;1753877998.697683;18.569401;1.27;-2.59;92.15;0.997854;-0.222644;0.010308;0.0;0.0;0.0;0.0;0.0;0.0
1.0;1753877998.702281;18.576818;0.26;-3.5;86.12;0.975398;-0.24581;0.000899;0.0;0.0;0.0;0.0;0.0;0.0
1.0;1753877998.706879;18.590444;-2.15;-3.15;90.92;0.934159;-0.316367;0.032084;0.0;0.0;0.0;0.0;0.0;0.0
1.0;1753877998.711477;18.556158;-0.54;-3.16;96.05;0.999938;-0.283204;-0.016808;0.0;0.0;0.0;0.0;0.0;0.0
1.0;1753877998.716075;18.584165;0.61;-3.37;87.2;0.98061;-0.396705;0.03122;0.0;0.0;0.0;0.0;0.0;0.0
1.0;1753877998.72243;18.578125;0.14;-3.22;92.12;0.988688;-0.249612;0.034282;0.0;0.0;0.0;0.0;0.0;0.0
1.0;1753877998.727028;18.540942;0.11;-3.66;98.91;0.971142;-0.210056;0.014753;0.0;0.0;0.0;0.0;0.0;0.0
1.0;1753877998.731626;18.591259;0.06;-2.86;92.05;0.975623;-0.215041;0.027457;0.0;0.0;0.0;0.0;0.0;0.0
1.0;1753877998.736224;18.580436;0.66;-3.48;96.64;0.997501;-0.209117;0.027141;0.0;0.0;0.0;0.0;0.0;0.0
1.0;1753877998.740822;18.598459;0.49;-3.56;96.85;0.953448;-0.24681;0.023565;0.0;0.0;0.0;0.0;0.0;0.0
1.0;1753877998.74542;18.579885;1.27;-3.47;95.08;0.965034;-0.310843;0.037625;0.0;0.0;0.0;0.0;0.0;0.0
1.0;1753877998.75026;18.578125;0.28;-3.57;91.84;0.970388;-0.24522;0.03355;0.0;0.0;0.0;0.0;0.0;0.0
1.0;1753877998.754858;18.60701;-0.85;-3.66;93.38;0.953002;-0.254129;0.025454;0.0;0.0;0.0;0.0;0.0;0.0
1.0;1753877998.759456;18.558114;0.44;-3.43;87.0;0.966431;-0.242113;0.030668;0.0;0.0;0.0;0.0;0.0;0.0
1.0;1753877998.764054;18.57687;0.8;-3.5;92.13;0.985438;-0.253334;0.017994;0.0;0.0;0.0;0.0;0.0;0.0
1.0;1753877998.768652;18.617864;-0.27;-4.31;94.59;0.999261;-0.282513;-0.000589;0.0;0.0;0.0;0.0;0.0;0.0
1.0;1753877998.77325;18.538708;0.07;-4.1;96.19;1.004157;-0.382424;0.027747;0.0;0.0;0.0;0.0;0.0;0.0
1.0;1753877998.777848;18.609849;0.23;-4.13;95.13;0.973811;-0.219205;0.028325;0.0;0.0;0.0;0.0;0.0;0.0
1.0;1753877998.782446;18.602885;-0.03;-4.23;94.65;0.981946;-0.300085;0.024014;0.0;0.0;0.0;0.0;0.0;0.0
1.0;1753877998.787043;18.60578;0.21;-4.29;95.64;1.005191;-0.377765;0.031584;0.0;0.0;0.0;0.0;0.0;0.0
1.0;1753877998.791641;18.602456;0.06;-4.53;84.3;0.965941;-0.263305;0.031952;0.0;0.0;0.0;0.0;0.0;0.0
1.0;1753877998.79613;18.636719;-0.07;-4.06;91.63;1.008208;-0.299266;0.016592;0.0;0.0;0.0;0.0;0.0;0.0
1.0;1753877998.800728;18.645121;0.39;-3.48;98.74;1.015976;-0.314589;0.025127;0.0;0.0;0.0;0.0;0.0;0.0
1.0;1753877998.805326;18.598018;0.03;-4.13;87.86;0.992089;-0.422168;0.013369;0.0;0.0;0.0;0.0;0.0;0.0
1.0;1753877998.809924;18.687751;-0.33;-3.55;88.09;0.987604;-0.399688;0.037685;0.0;0.0;0.0;0.0;0.0;0.0
1.0;1753877998.814522;18.621286;1.05;-4.54;93.76;0.970565;-0.382193;0.034107;0.0;0.0;0.0;0.0;0.0;0.0
1.0;1753877998.81912;18.650991;-0.97;-4.55;96.84;1.017884;-0.253387;0.04843;0.0;0.0;0.0;0.0;0.0;0.0
1.0;1753877998.823717;18.623962;-0.58;-4.94;95.72;0.971133;-0.225905;0.023716;0.0;0.0;0.0;0.0;0.0;0.0
1.0;1753877998.828315;18.644924;-0.66;-3.8;94.51;1.016569;-0.393452;0.034374;0.0;0.0;0.0;0.0;0.0;0.0
1.0;1753877998.832913;18.632945;0.27;-3.95;85.9;0.993067;-0.282787;0.032679;0.0;0.0;0.0;0.0;0.0;0.0
1.0;1753877998.837511;18.599606;-0.24;-4.77;86.29;1.042765;-0.405177;0.024435;0.0;0.0;0.0;0.0;0.0;0.0
1.0;1753877998.842109;18.646587;-2.1;-4.11;89.69;0.958272;-0.330739;0.033231;0.0;0.0;0.0;0.0;0.0;0.0
1.0;1753877998.84909;18.636719;-1.05;-4.41;90.86;0.95892;-0.304146;0.032452;0.0;0.0;0.0;0.0;0.0;0.0
1.0;1753877998.853688;18.604251;-1.63;-4.21;92.92;0.966543;-0.225764;0.033407;0.0;0.0;0.0;0.0;0.0;0.0
1.0;1753877998.858286;18.610268;-2.69;-3.92;92.18;0.971652;-0.377016;0.044488;0.0;0.0;0.0;0.0;0.0;0.0
1.0;1753877998.862884;18.663978;-0.36;-3.82;100.45;0.957852;-0.200743;0.03588;0.0;0.0;0.0;0.0;0.0;0.0
1.0;1753877998.867482;18.630386;-0.59;-4.67;93.11;0.987846;-0.288798;0.049076;0.0;0.0;0.0;0.0;0.0;0.0
1.0;1753877998.87208;18.656058;-1.72;-4.14;87.9;0.970729;-0.225596;0.050002;0.0;0.0;0.0;0.0;0.0;0.0
1.0;1753877998.876678;18.625487;-0.06;-4.21;94.4;0.982095;-0.223398;0.046508;0.0;0.0;0.0;0.0;0.0;0.0
1.0;1753877998.881276;18.639178;-1.12;-4.46;91.77;0.986362;-0.315319;0.049099;0.0;0.0;0.0;0.0;0.0;0.0
1.0;1753877998.88854;18.636719;-1.19;-3.99;91.56;0.993812;-0.235826;0.05124;0.0;0.0;0.0;0.0;0.0;0.0
1.0;1753877998.893138;18.632574;-1.84;-3.23;92.5;1.016825;-0.259469;0.05427;0.0;0.0;0.0;0.0;0.0;0.0
1.0;1753877998.897736;18.666246;-0.09;-3.97;90.57;0.964542;-0.246741;0.047449;0.0;0.0;0.0;0.0;0.0;0.0
1.0;1753877998.902334;18.644878;-1.42;-4.78;97.0;0.99005;-0.150488;0.049383;0.0;0.0;0.0;0.0;0.0;0.0
1.0;1753877998.906932;18.631467;-1.34;-4.17;87.7;1.046938;-0.214742;0.062723;0.0;0.0;0.0;0.0;0.0;0.0
1.0;1753877998.91153;18.642891;1.53;-4.35;91.39;1.000226;-0.240482;0.050819;0.0;0.0;0.0;0.0;0.0;0.0
