Timestamp;Fix;Latitude;Longitude;Altitude;GeoidSeparation;Satellites;HDOP;Heading
1753875185.97;2.0;49.20424885;18.75493982;387.9056;42.1353;17.0;0.7;57.875
1753875185.98;2.0;49.20424885;18.75493982;387.9048;42.1353;17.0;0.7;57.864
1753875185.99;2.0;49.20424885;18.75493982;387.9044;42.1353;17.0;0.7;57.882
1753875186.0;2.0;49.20424885;18.75493982;387.9042;42.1353;17.0;0.7;57.857
1753875186.01;2.0;49.20424885;18.75493982;387.9035;42.1353;17.0;0.7;57.848
1753875186.02;2.0;49.20424886;18.75493982;387.9033;42.1353;17.0;0.7;57.829
1753875186.03;2.0;49.20424886;18.75493982;387.9033;42.1353;17.0;0.7;57.804
1753875186.04;2.0;49.20424886;18.75493982;387.9037;42.1353;17.0;0.7;57.789
1753875186.05;2.0;49.20424886;18.75493982;387.9039;42.1353;17.0;0.7;57.785
1753875186.06;2.0;49.20424886;18.75493982;387.9049;42.1353;17.0;0.7;57.787
1753875186.07;2.0;49.20424886;18.75493982;387.9061;42.1353;17.0;0.7;57.777
1753875186.08;2.0;49.20424886;18.75493982;387.9067;42.1353;17.0;0.7;57.761
1753875186.09;2.0;49.20424886;18.75493982;387.9063;42.1353;17.0;0.7;57.749
1753875186.1;2.0;49.20424886;18.75493983;387.906;42.1353;17.0;0.7;57.757
1753875186.11;2.0;49.20424886;18.75493983;387.9062;42.1353;17.0;0.7;57.737
1753875186.12;2.0;49.20424886;18.75493983;387.9062;42.1353;17.0;0.7;57.735
1753875186.13;2.0;49.20424886;18.75493983;387.9062;42.1353;17.0;0.7;57.764
1753875186.14;2.0;49.20424886;18.75493983;387.9063;42.1353;17.0;0.7;57.763
1753875186.15;2.0;49.20424886;18.75493983;387.906;42.1353;17.0;0.7;57.759
1753875186.16;2.0;49.20424886;18.75493983;387.9065;42.1353;17.0;0.7;57.728
1753875186.17;2.0;49.20424886;18.75493983;387.906;42.1353;17.0;0.7;57.719
1753875186.18;2.0;49.20424886;18.75493983;387.9055;42.1353;17.0;0.7;57.739
1753875186.19;2.0;49.20424887;18.75493983;387.9042;42.1353;17.0;0.7;57.775
1753875186.2;2.0;49.20424887;18.75493983;387.904;42.1353;17.0;0.7;57.777
1753875186.21;2.0;49.20424886;18.75493982;387.904;42.1353;17.0;0.7;57.81
1753875186.22;2.0;49.20424887;18.75493982;387.9037;42.1353;17.0;0.7;57.842
1753875186.23;2.0;49.20424887;18.75493982;387.9034;42.1353;17.0;0.7;57.849
1753875186.24;2.0;49.20424887;18.75493982;387.9035;42.1353;17.0;0.7;57.858
1753875186.25;2.0;49.20424887;18.75493983;387.9026;42.1353;17.0;0.7;57.856
1753875186.26;2.0;49.20424887;18.75493983;387.9021;42.1353;17.0;0.7;57.883
1753875186.27;2.0;49.20424887;18.75493983;387.9015;42.1353;17.0;0.7;57.866
1753875186.28;2.0;49.20424887;18.75493983;387.901;42.1353;17.0;0.7;57.857
1753875186.29;2.0;49.20424887;18.75493983;387.9009;42.1353;17.0;0.7;57.834
1753875186.3;2.0;49.20424887;18.75493983;387.9013;42.1353;17.0;0.7;57.837
1753875186.31;2.0;49.20424887;18.75493984;387.9015;42.1353;17.0;0.7;57.834
1753875186.32;2.0;49.20424888;18.75493984;387.9009;42.1353;17.0;0.7;57.824
1753875186.33;2.0;49.20424888;18.75493983;387.9006;42.1353;17.0;0.7;57.877
1753875186.34;2.0;49.20424887;18.75493983;387.9008;42.1353;17.0;0.7;57.896
1753875186.35;2.0;49.20424887;18.75493983;387.9006;42.1353;17.0;0.7;57.873
1753875186.36;2.0;49.20424887;18.75493983;387.9004;42.1353;17.0;0.7;57.889
1753875186.37;2.0;49.20424887;18.75493984;387.9001;42.1353;17.0;0.7;57.88
1753875186.38;2.0;49.20424887;18.75493984;387.9001;42.1353;17.0;0.7;57.905
1753875186.39;2.0;49.20424887;18.75493984;387.9001;42.1353;17.0;0.7;57.9
1753875186.4;2.0;49.20424888;18.75493984;387.8997;42.1353;17.0;0.7;57.914
1753875186.41;2.0;49.20424888;18.75493983;387.8997;42.1353;17.0;0.7;57.915
1753875186.42;2.0;49.20424888;18.75493983;387.8992;42.1353;17.0;0.7;57.954
1753875186.43;2.0;49.20424888;18.75493984;387.8998;42.1353;17.0;0.7;57.953
1753875186.44;2.0;49.20424887;18.75493984;387.9003;42.1353;17.0;0.7;57.896
1753875186.45;2.0;49.20424887;18.75493984;387.9001;42.1353;17.0;0.7;57.843
1753875186.46;2.0;49.20424887;18.75493984;387.9006;42.1353;17.0;0.7;57.825
1753875186.47;2.0;49.20424887;18.75493984;387.9006;42.1353;17.0;0.7;57.82
1753875186.48;2.0;49.20424887;18.75493984;387.9007;42.1353;17.0;0.7;57.839
1753875186.49;2.0;49.20424887;18.75493984;387.9009;42.1353;17.0;0.7;57.826
1753875186.5;2.0;49.20424887;18.75493984;387.9017;42.1353;17.0;0.7;57.82
1753875186.51;2.0;49.20424887;18.75493985;387.902;42.1353;17.0;0.7;57.795
1753875186.52;2.0;49.20424887;18.75493985;387.9026;42.1353;17.0;0.7;57.783
1753875186.53;2.0;49.20424887;18.75493984;387.902;42.1353;17.0;0.7;57.788
1753875186.54;2.0;49.20424888;18.75493984;387.9011;42.1353;17.0;0.7;57.787
1753875186.55;2.0;49.20424888;18.75493984;387.9006;42.1353;17.0;0.7;57.798
1753875186.56;2.0;49.20424888;18.75493984;387.9006;42.1353;17.0;0.7;57.795
1753875186.57;2.0;49.20424888;18.75493984;387.9003;42.1353;17.0;0.7;57.803
1753875186.58;2.0;49.20424888;18.75493985;387.9004;42.1353;17.0;0.7;57.83
1753875186.59;2.0;49.20424888;18.75493985;387.901;42.1353;17.0;0.7;57.81
1753875186.6;2.0;49.20424888;18.75493985;387.9005;42.1353;17.0;0.7;57.783
1753875186.61;2.0;49.20424888;18.75493985;387.8995;42.1353;17.0;0.7;57.812
1753875186.62;2.0;49.20424888;18.75493984;387.899;42.1353;17.0;0.7;57.848
1753875186.63;2.0;49.20424888;18.75493985;387.8987;42.1353;17.0;0.7;57.832
1753875186.64;2.0;49.20424889;18.75493985;387.8982;42.1353;17.0;0.7;57.835
1753875186.65;2.0;49.20424889;18.75493985;387.898;42.1353;17.0;0.7;57.884
1753875186.66;2.0;49.20424889;18.75493985;387.8983;42.1353;17.0;0.7;57.892
1753875186.67;2.0;49.20424889;18.75493985;387.8986;42.1353;17.0;0.7;57.875
1753875186.68;2.0;49.20424889;18.75493984;387.8983;42.1353;17.0;0.7;57.875
1753875186.69;2.0;49.20424889;18.75493984;387.8989;42.1353;17.0;0.7;57.863
1753875186.7;2.0;49.20424888;18.75493984;387.8984;42.1353;17.0;0.7;57.852
1753875186.71;2.0;49.20424889;18.75493984;387.8981;42.1353;17.0;0.7;57.811
1753875186.72;2.0;49.20424889;18.75493983;387.8984;42.1353;17.0;0.7;57.83
1753875186.73;2.0;49.20424888;18.75493984;387.8986;42.1353;17.0;0.7;57.872
1753875186.74;2.0;49.20424888;18.75493984;387.8989;42.1353;17.0;0.7;57.874
1753875186.75;2.0;49.20424888;18.75493984;387.8991;42.1353;17.0;0.7;57.857
1753875186.76;2.0;49.20424888;18.75493984;387.8993;42.1353;17.0;0.7;57.829
1753875186.77;2.0;49.20424888;18.75493984;387.8992;42.1353;17.0;0.7;57.849
1753875186.78;2.0;49.20424888;18.75493984;387.8989;42.1353;17.0;0.7;57.863
1753875186.79;2.0;49.20424888;18.75493984;387.899;42.1353;17.0;0.7;57.863
1753875186.8;2.0;49.20424888;18.75493984;387.8997;42.1353;17.0;0.7;57.915
1753875186.81;2.0;49.20424888;18.75493983;387.8996;42.1353;17.0;0.7;57.935
1753875186.82;2.0;49.20424888;18.75493984;387.8993;42.1353;17.0;0.7;57.939
1753875186.83;2.0;49.20424889;18.75493984;387.8983;42.1353;17.0;0.7;57.976
1753875186.84;2.0;49.20424889;18.75493984;387.8978;42.1353;17.0;0.7;58.019
1753875186.85;2.0;49.20424889;18.75493984;387.897;42.1353;17.0;0.7;58.016
1753875186.86;2.0;49.20424889;18.75493984;387.8964;42.1353;17.0;0.7;57.999
1753875186.87;2.0;49.20424889;18.75493984;387.8973;42.1353;17.0;0.7;57.992
1753875186.88;2.0;49.20424889;18.75493984;387.8981;42.1353;17.0;0.7;57.995
1753875186.89;2.0;49.20424889;18.75493984;387.8983;42.1353;17.0;0.7;57.987
1753875186.9;2.0;49.20424889;18.75493984;387.8983;42.1353;17.0;0.7;57.99
1753875186.91;2.0;49.20424888;18.75493983;387.8984;42.1353;17.0;0.7;57.967
1753875186.92;2.0;49.20424888;18.75493984;387.898;42.1353;17.0;0.7;57.944
1753875186.93;2.0;49.20424889;18.75493983;387.898;42.1353;17.0;0.7;57.96
1753875186.94;2.0;49.20424889;18.75493984;387.8983;42.1353;17.0;0.7;57.996
1753875186.95;2.0;49.20424889;18.75493983;387.8991;42.1353;17.0;0.7;58.033
1753875186.96;2.0;49.20424889;18.75493984;387.8989;42.1353;17.0;0.7;58.051
1753875186.97;2.0;49.20424889;18.75493984;387.899;42.1353;17.0;0.7;58.063
1753875186.98;2.0;49.20424889;18.75493984;387.899;42.1353;17.0;0.7;58.053
1753875186.99;2.0;49.20424888;18.75493984;387.9002;42.1353;17.0;0.7;58.039
1753875187.0;2.0;49.20424888;18.75493984;387.9009;42.1353;17.0;0.7;57.986
1753875187.01;2.0;49.20424888;18.75493984;387.9012;42.1353;17.0;0.7;57.947
1753875187.02;2.0;49.20424888;18.75493984;387.9007;42.1353;17.0;0.7;57.872
1753875187.03;2.0;49.20424888;18.75493984;387.9003;42.1353;17.0;0.7;57.835
1753875187.04;2.0;49.20424889;18.75493983;387.8997;42.1353;17.0;0.7;57.82
1753875187.05;2.0;49.20424889;18.75493983;387.8993;42.1353;17.0;0.7;57.84
1753875187.06;2.0;49.20424889;18.75493984;387.8995;42.1353;17.0;0.7;57.868
1753875187.07;2.0;49.20424888;18.75493983;387.9001;42.1353;17.0;0.7;57.828
1753875187.08;2.0;49.20424888;18.75493983;387.8995;42.1353;17.0;0.7;57.8
1753875187.09;2.0;49.20424888;18.75493983;387.8993;42.1353;17.0;0.7;57.763
1753875187.1;2.0;49.20424888;18.75493983;387.8991;42.1353;17.0;0.7;57.78
1753875187.11;2.0;49.20424888;18.75493983;387.899;42.1353;17.0;0.7;57.801
1753875187.12;2.0;49.20424888;18.75493984;387.899;42.1353;17.0;0.7;57.805
1753875187.13;2.0;49.20424888;18.75493984;387.8987;42.1353;17.0;0.7;57.803
1753875187.14;2.0;49.20424888;18.75493984;387.899;42.1353;17.0;0.7;57.798
1753875187.15;2.0;49.20424888;18.75493984;387.8993;42.1353;17.0;0.7;57.782
1753875187.16;2.0;49.20424888;18.75493984;387.9001;42.1353;17.0;0.7;57.768
1753875187.17;2.0;49.20424888;18.75493984;387.9004;42.1353;17.0;0.7;57.773
1753875187.18;2.0;49.20424888;18.75493984;387.9007;42.1353;17.0;0.7;57.818
1753875187.19;2.0;49.20424888;18.75493985;387.8999;42.1353;17.0;0.7;57.891
1753875187.2;2.0;49.20424889;18.75493985;387.8996;42.1353;17.0;0.7;57.948
1753875187.21;2.0;49.20424889;18.75493985;387.8991;42.1353;17.0;0.7;57.938
1753875187.22;2.0;49.20424889;18.75493985;387.8984;42.1353;17.0;0.7;57.895
1753875187.23;2.0;49.20424889;18.75493985;387.8981;42.1353;17.0;0.7;57.883
1753875187.24;2.0;49.20424889;18.75493985;387.8979;42.1353;17.0;0.7;57.893
1753875187.25;2.0;49.20424889;18.75493985;387.8973;42.1353;17.0;0.7;57.901
1753875187.26;2.0;49.20424889;18.75493984;387.8977;42.1353;17.0;0.7;57.923
1753875187.27;2.0;49.20424889;18.75493984;387.8979;42.1353;17.0;0.7;57.949
1753875187.28;2.0;49.20424889;18.75493984;387.8979;42.1353;17.0;0.7;57.942
1753875187.29;2.0;49.20424889;18.75493984;387.8979;42.1353;17.0;0.7;57.947
1753875187.3;2.0;49.20424888;18.75493983;387.8979;42.1353;17.0;0.7;57.917
1753875187.31;2.0;49.20424889;18.75493983;387.8982;42.1353;17.0;0.7;57.882
1753875187.32;2.0;49.20424888;18.75493983;387.8986;42.1353;17.0;0.7;57.911
1753875187.33;2.0;49.20424888;18.75493983;387.8983;42.1353;17.0;0.7;57.918
1753875187.34;2.0;49.20424888;18.75493983;387.8979;42.1353;17.0;0.7;57.871
1753875187.35;2.0;49.20424888;18.75493983;387.8977;42.1353;17.0;0.7;57.883
1753875187.36;2.0;49.20424889;18.75493983;387.8975;42.1353;17.0;0.7;57.862
1753875187.37;2.0;49.20424889;18.75493983;387.8974;42.1353;17.0;0.7;57.838
1753875187.38;2.0;49.20424888;18.75493983;387.898;42.1353;17.0;0.7;57.839
1753875187.39;2.0;49.20424888;18.75493983;387.8976;42.1353;17.0;0.7;57.857
1753875187.4;2.0;49.20424888;18.75493983;387.8974;42.1353;17.0;0.7;57.871
1753875187.41;2.0;49.20424888;18.75493983;387.8983;42.1353;17.0;0.7;57.875
1753875187.42;2.0;49.20424888;18.75493983;387.8986;42.1353;17.0;0.7;57.929
1753875187.43;2.0;49.20424888;18.75493984;387.8988;42.1353;17.0;0.7;57.909
1753875187.44;2.0;49.20424888;18.75493984;387.8993;42.1353;17.0;0.7;57.863
1753875187.45;2.0;49.20424888;18.75493983;387.8999;42.1353;17.0;0.7;57.824
1753875187.46;2.0;49.20424889;18.75493983;387.8995;42.1353;17.0;0.7;57.82
1753875187.47;2.0;49.20424889;18.75493983;387.8986;42.1353;17.0;0.7;57.879
1753875187.48;2.0;49.20424889;18.75493983;387.8983;42.1353;17.0;0.7;57.852
1753875187.49;2.0;49.20424889;18.75493983;387.8982;42.1353;17.0;0.7;57.845
1753875187.5;2.0;49.20424889;18.75493983;387.898;42.1353;17.0;0.7;57.865
1753875187.51;2.0;49.20424889;18.75493983;387.8971;42.1353;17.0;0.7;57.907
1753875187.52;2.0;49.20424889;18.75493983;387.8961;42.1353;17.0;0.7;57.896
1753875187.53;2.0;49.20424889;18.75493984;387.8953;42.1353;17.0;0.7;57.875
1753875187.54;2.0;49.20424889;18.75493984;387.8947;42.1353;17.0;0.7;57.842
1753875187.55;2.0;49.20424889;18.75493984;387.8945;42.1353;17.0;0.7;57.846
1753875187.56;2.0;49.20424889;18.75493985;387.8942;42.1353;17.0;0.7;57.86
1753875187.57;2.0;49.20424889;18.75493985;387.8947;42.1353;17.0;0.7;57.84
1753875187.58;2.0;49.20424889;18.75493984;387.8951;42.1353;17.0;0.7;57.836
1753875187.59;2.0;49.20424889;18.75493985;387.8955;42.1353;17.0;0.7;57.856
1753875187.6;2.0;49.20424889;18.75493984;387.8957;42.1353;17.0;0.7;57.808
1753875187.61;2.0;49.20424888;18.75493984;387.8956;42.1353;17.0;0.7;57.783
1753875187.62;2.0;49.20424888;18.75493984;387.8956;42.1353;17.0;0.7;57.783
1753875187.63;2.0;49.20424888;18.75493984;387.8951;42.1353;17.0;0.7;57.774
1753875187.64;2.0;49.20424888;18.75493984;387.8958;42.1353;17.0;0.7;57.809
1753875187.65;2.0;49.20424888;18.75493984;387.8969;42.1353;17.0;0.7;57.829
1753875187.66;2.0;49.20424887;18.75493984;387.8972;42.1353;17.0;0.7;57.849
1753875187.67;2.0;49.20424887;18.75493984;387.8975;42.1353;17.0;0.7;57.879
1753875187.68;2.0;49.20424887;18.75493983;387.8978;42.1353;17.0;0.7;57.847
1753875187.69;2.0;49.20424887;18.75493983;387.8975;42.1353;17.0;0.7;57.834
1753875187.7;2.0;49.20424886;18.75493983;387.8969;42.1353;17.0;0.7;57.821
1753875187.71;2.0;49.20424886;18.75493982;387.8966;42.1353;17.0;0.7;57.781
1753875187.72;2.0;49.20424886;18.75493982;387.897;42.1353;17.0;0.7;57.767
1753875187.73;2.0;49.20424886;18.75493982;387.8968;42.1353;17.0;0.7;57.774
1753875187.74;2.0;49.20424886;18.75493983;387.8966;42.1353;17.0;0.7;57.802
1753875187.75;2.0;49.20424886;18.75493983;387.8968;42.1353;17.0;0.7;57.838
1753875187.76;2.0;49.20424886;18.75493983;387.8965;42.1353;17.0;0.7;57.818
1753875187.77;2.0;49.20424886;18.75493983;387.8956;42.1353;17.0;0.7;57.78
1753875187.78;2.0;49.20424886;18.75493983;387.895;42.1353;17.0;0.7;57.757
1753875187.79;2.0;49.20424887;18.75493983;387.8947;42.1353;17.0;0.7;57.772
1753875187.8;2.0;49.20424887;18.75493983;387.8944;42.1353;17.0;0.7;57.762
1753875187.81;2.0;49.20424887;18.75493983;387.8944;42.1353;17.0;0.7;57.781
1753875187.82;2.0;49.20424887;18.75493983;387.8942;42.1353;17.0;0.7;57.821
1753875187.83;2.0;49.20424887;18.75493982;387.8942;42.1353;17.0;0.7;57.863
1753875187.84;2.0;49.20424887;18.75493983;387.8941;42.1353;17.0;0.7;57.892
1753875187.85;2.0;49.20424886;18.75493983;387.8942;42.1353;17.0;0.7;57.861
1753875187.86;2.0;49.20424886;18.75493983;387.8941;42.1353;17.0;0.7;57.857
1753875187.87;2.0;49.20424886;18.75493983;387.8948;42.1353;17.0;0.7;57.877
1753875187.88;2.0;49.20424886;18.75493983;387.8949;42.1353;17.0;0.7;57.858
1753875187.89;2.0;49.20424886;18.75493983;387.8947;42.1353;17.0;0.7;57.858
1753875187.9;2.0;49.20424885;18.75493982;387.8947;42.1353;17.0;0.7;57.859
1753875187.91;2.0;49.20424886;18.75493982;387.8941;42.1353;17.0;0.7;57.88
1753875187.92;2.0;49.20424886;18.75493982;387.8935;42.1353;17.0;0.7;57.923
1753875187.93;2.0;49.20424885;18.75493983;387.8932;42.1353;17.0;0.7;57.93
1753875187.94;2.0;49.20424885;18.75493983;387.8928;42.1353;17.0;0.7;57.92
1753875187.95;2.0;49.20424885;18.75493982;387.8922;42.1353;17.0;0.7;57.909
1753875187.96;2.0;49.20424884;18.75493982;387.8915;42.1353;17.0;0.7;57.886
1753875187.97;2.0;49.20424884;18.75493982;387.8912;42.1353;17.0;0.7;57.842
1753875187.98;2.0;49.20424884;18.75493982;387.8912;42.1353;17.0;0.7;57.847
1753875187.99;2.0;49.20424884;18.75493981;387.8918;42.1353;17.0;0.7;57.831
1753875188.0;2.0;49.20424884;18.75493982;387.8915;42.1353;17.0;0.7;57.83
1753875188.01;2.0;49.20424884;18.75493982;387.8914;42.1353;17.0;0.7;57.814
1753875188.02;2.0;49.20424884;18.75493982;387.8915;42.1353;17.0;0.7;57.836
1753875188.03;2.0;49.20424884;18.75493982;387.8918;42.1353;17.0;0.7;57.871
1753875188.04;2.0;49.20424884;18.75493982;387.8928;42.1353;17.0;0.7;57.858
1753875188.05;2.0;49.20424883;18.75493982;387.894;42.1353;17.0;0.7;57.855
1753875188.06;2.0;49.20424883;18.75493982;387.895;42.1353;17.0;0.7;57.878
1753875188.07;2.0;49.20424883;18.75493982;387.8954;42.1353;17.0;0.7;57.902
1753875188.08;2.0;49.20424883;18.75493982;387.8955;42.1353;17.0;0.7;57.918
1753875188.09;2.0;49.20424883;18.75493981;387.8954;42.1353;17.0;0.7;57.883
1753875188.1;2.0;49.20424883;18.75493981;387.895;42.1353;17.0;0.7;57.873
1753875188.11;2.0;49.20424883;18.75493981;387.8945;42.1353;17.0;0.7;57.858
1753875188.12;2.0;49.20424883;18.75493982;387.8937;42.1353;17.0;0.7;57.842
1753875188.13;2.0;49.20424883;18.75493982;387.8929;42.1353;17.0;0.7;57.796
1753875188.14;2.0;49.20424883;18.75493982;387.8928;42.1353;17.0;0.7;57.75
1753875188.15;2.0;49.20424883;18.75493982;387.8924;42.1353;17.0;0.7;57.742
1753875188.16;2.0;49.20424883;18.75493982;387.8916;42.1353;17.0;0.7;57.783
1753875188.17;2.0;49.20424883;18.75493982;387.8915;42.1353;17.0;0.7;57.818
1753875188.18;2.0;49.20424883;18.75493982;387.8915;42.1353;17.0;0.7;57.85
1753875188.19;2.0;49.20424883;18.75493982;387.892;42.1353;17.0;0.7;57.873
1753875188.2;2.0;49.20424882;18.75493981;387.8925;42.1353;17.0;0.7;57.891
1753875188.21;2.0;49.20424882;18.75493981;387.8929;42.1353;17.0;0.7;57.881
1753875188.22;2.0;49.20424883;18.75493981;387.8924;42.1353;17.0;0.7;57.869
1753875188.23;2.0;49.20424883;18.75493981;387.8923;42.1353;17.0;0.7;57.858
1753875188.24;2.0;49.20424883;18.75493981;387.8926;42.1353;17.0;0.7;57.854
1753875188.25;2.0;49.20424883;18.7549398;387.8928;42.1353;17.0;0.7;57.857
1753875188.26;2.0;49.20424883;18.7549398;387.8931;42.1353;17.0;0.7;57.858
1753875188.27;2.0;49.20424882;18.7549398;387.8933;42.1353;17.0;0.7;57.848
1753875188.28;2.0;49.20424883;18.7549398;387.8931;42.1353;17.0;0.7;57.874
1753875188.29;2.0;49.20424883;18.7549398;387.8923;42.1353;17.0;0.7;57.877
1753875188.3;2.0;49.20424883;18.7549398;387.8921;42.1353;17.0;0.7;57.85
1753875188.31;2.0;49.20424883;18.7549398;387.8921;42.1353;17.0;0.7;57.877
1753875188.32;2.0;49.20424882;18.75493979;387.8924;42.1353;17.0;0.7;57.952
1753875188.33;2.0;49.20424882;18.75493979;387.8929;42.1353;17.0;0.7;57.978
1753875188.34;2.0;49.20424882;18.7549398;387.8927;42.1353;17.0;0.7;57.946
1753875188.35;2.0;49.20424881;18.7549398;387.8922;42.1353;17.0;0.7;57.919
1753875188.36;2.0;49.20424881;18.75493979;387.8918;42.1353;17.0;0.7;57.889
1753875188.37;2.0;49.20424882;18.7549398;387.8912;42.1353;17.0;0.7;57.871
1753875188.38;2.0;49.20424882;18.7549398;387.891;42.1353;17.0;0.7;57.868
1753875188.39;2.0;49.20424882;18.7549398;387.8908;42.1353;17.0;0.7;57.864
1753875188.4;2.0;49.20424881;18.7549398;387.8909;42.1353;17.0;0.7;57.87
1753875188.41;2.0;49.20424881;18.7549398;387.8906;42.1353;17.0;0.7;57.875
1753875188.42;2.0;49.20424881;18.7549398;387.89;42.1353;17.0;0.7;57.912
1753875188.43;2.0;49.20424881;18.75493979;387.8895;42.1353;17.0;0.7;57.926
1753875188.44;2.0;49.20424881;18.75493979;387.8893;42.1353;17.0;0.7;57.893
1753875188.45;2.0;49.20424881;18.75493979;387.8894;42.1353;17.0;0.7;57.857
1753875188.46;2.0;49.20424881;18.75493979;387.8898;42.1353;17.0;0.7;57.882
1753875188.47;2.0;49.20424881;18.75493979;387.8901;42.1353;17.0;0.7;57.913
1753875188.48;2.0;49.20424881;18.75493979;387.8901;42.1353;17.0;0.7;57.921
1753875188.49;2.0;49.20424881;18.75493979;387.8904;42.1353;17.0;0.7;57.912
1753875188.5;2.0;49.20424881;18.75493979;387.8903;42.1353;17.0;0.7;57.896
1753875188.51;2.0;49.20424881;18.75493979;387.8905;42.1353;17.0;0.7;57.868
1753875188.52;2.0;49.20424881;18.75493979;387.8907;42.1353;17.0;0.7;57.85
1753875188.53;2.0;49.20424881;18.75493979;387.8902;42.1353;17.0;0.7;57.856
1753875188.54;2.0;49.20424881;18.75493979;387.8902;42.1353;17.0;0.7;57.892
1753875188.55;2.0;49.20424881;18.75493979;387.8901;42.1353;17.0;0.7;57.909
1753875188.56;2.0;49.20424881;18.75493979;387.8899;42.1353;17.0;0.7;57.897
1753875188.57;2.0;49.20424881;18.75493979;387.8894;42.1353;17.0;0.7;57.868
1753875188.58;2.0;49.20424881;18.75493979;387.8894;42.1353;17.0;0.7;57.862
1753875188.59;2.0;49.20424881;18.75493979;387.8893;42.1353;17.0;0.7;57.823
1753875188.6;2.0;49.20424881;18.75493979;387.8893;42.1353;17.0;0.7;57.82
1753875188.61;2.0;49.20424881;18.75493979;387.89;42.1353;17.0;0.7;57.817
1753875188.62;2.0;49.2042488;18.75493978;387.8904;42.1353;17.0;0.7;57.831
1753875188.63;2.0;49.20424881;18.75493978;387.8901;42.1353;17.0;0.7;57.843
1753875188.64;2.0;49.20424881;18.75493978;387.8896;42.1353;17.0;0.7;57.835
1753875188.65;2.0;49.20424881;18.75493978;387.8889;42.1353;17.0;0.7;57.884
1753875188.66;2.0;49.20424881;18.75493978;387.8884;42.1353;17.0;0.7;57.926
1753875188.67;2.0;49.20424881;18.75493978;387.8888;42.1353;17.0;0.7;57.951
1753875188.68;2.0;49.20424881;18.75493978;387.8891;42.1353;17.0;0.7;57.914
1753875188.69;2.0;49.2042488;18.75493978;387.8894;42.1353;17.0;0.7;57.904
1753875188.7;2.0;49.2042488;18.75493978;387.8894;42.1353;17.0;0.7;57.897
1753875188.71;2.0;49.2042488;18.75493978;387.8898;42.1353;17.0;0.7;57.92
1753875188.72;2.0;49.2042488;18.75493978;387.8901;42.1353;17.0;0.7;57.932
1753875188.73;2.0;49.2042488;18.75493978;387.8895;42.1353;17.0;0.7;57.925
1753875188.74;2.0;49.2042488;18.75493978;387.8893;42.1353;17.0;0.7;57.936
1753875188.75;2.0;49.2042488;18.75493978;387.8891;42.1353;17.0;0.7;57.918
1753875188.76;2.0;49.2042488;18.75493978;387.8893;42.1353;17.0;0.7;57.871
1753875188.77;2.0;49.2042488;18.75493978;387.8896;42.1353;17.0;0.7;57.883
1753875188.78;2.0;49.2042488;18.75493978;387.8898;42.1353;17.0;0.7;57.906
1753875188.79;2.0;49.2042488;18.75493978;387.8905;42.1353;17.0;0.7;57.902
1753875188.8;2.0;49.20424879;18.75493978;387.8908;42.1353;17.0;0.7;57.886
1753875188.81;2.0;49.20424879;18.75493977;387.8914;42.1353;17.0;0.7;57.894
1753875188.82;2.0;49.2042488;18.75493977;387.8915;42.1353;17.0;0.7;57.891
1753875188.83;2.0;49.2042488;18.75493977;387.8916;42.1353;17.0;0.7;57.912
1753875188.84;2.0;49.20424879;18.75493978;387.892;42.1353;17.0;0.7;57.951
1753875188.85;2.0;49.20424879;18.75493978;387.892;42.1353;17.0;0.7;57.978
1753875188.86;2.0;49.20424879;18.75493978;387.892;42.1353;17.0;0.7;57.941
1753875188.87;2.0;49.20424879;18.75493978;387.8914;42.1353;17.0;0.7;57.894
1753875188.88;2.0;49.20424878;18.75493978;387.8909;42.1353;17.0;0.7;57.848
1753875188.89;2.0;49.20424878;18.75493978;387.8908;42.1353;17.0;0.7;57.847
1753875188.9;2.0;49.20424878;18.75493978;387.8899;42.1353;17.0;0.7;57.824
1753875188.91;2.0;49.20424878;18.75493978;387.8895;42.1353;17.0;0.7;57.829
1753875188.92;2.0;49.20424878;18.75493978;387.8896;42.1353;17.0;0.7;57.856
1753875188.93;2.0;49.20424878;18.75493979;387.8888;42.1353;17.0;0.7;57.834
1753875188.94;2.0;49.20424878;18.75493979;387.8882;42.1353;17.0;0.7;57.828
1753875188.95;2.0;49.20424878;18.75493979;387.8883;42.1353;17.0;0.7;57.819
1753875188.96;2.0;49.20424878;18.75493978;387.8883;42.1353;17.0;0.7;57.814
1753875188.97;2.0;49.20424878;18.75493978;387.8883;42.1353;17.0;0.7;57.811
1753875188.98;2.0;49.20424878;18.75493978;387.8883;42.1353;17.0;0.7;57.818
1753875188.99;2.0;49.20424878;18.75493978;387.888;42.1353;17.0;0.7;57.833
1753875189.0;2.0;49.20424877;18.75493978;387.8879;42.1353;17.0;0.7;57.859
1753875189.01;2.0;49.20424877;18.75493978;387.8883;42.1353;17.0;0.7;57.865
1753875189.02;2.0;49.20424877;18.75493977;387.8885;42.1353;17.0;0.7;57.87
1753875189.03;2.0;49.20424876;18.75493977;387.889;42.1353;17.0;0.7;57.813
1753875189.04;2.0;49.20424876;18.75493977;387.8888;42.1353;17.0;0.7;57.744
1753875189.05;2.0;49.20424876;18.75493977;387.8888;42.1353;17.0;0.7;57.737
1753875189.06;2.0;49.20424876;18.75493977;387.8889;42.1353;17.0;0.7;57.739
1753875189.07;2.0;49.20424876;18.75493976;387.8886;42.1353;17.0;0.7;57.735
1753875189.08;2.0;49.20424876;18.75493976;387.8886;42.1353;17.0;0.7;57.78
1753875189.09;2.0;49.20424877;18.75493976;387.8884;42.1353;17.0;0.7;57.799
1753875189.1;2.0;49.20424877;18.75493976;387.8883;42.1353;17.0;0.7;57.816
1753875189.11;2.0;49.20424876;18.75493976;387.8883;42.1353;17.0;0.7;57.823
1753875189.12;2.0;49.20424876;18.75493977;387.8883;42.1353;17.0;0.7;57.836
1753875189.13;2.0;49.20424876;18.75493977;387.8882;42.1353;17.0;0.7;57.875
1753875189.14;2.0;49.20424877;18.75493977;387.8889;42.1353;17.0;0.7;57.892
1753875189.15;2.0;49.20424877;18.75493977;387.8898;42.1353;17.0;0.7;57.898
1753875189.16;2.0;49.20424877;18.75493977;387.8897;42.1353;17.0;0.7;57.891
1753875189.17;2.0;49.20424877;18.75493977;387.8887;42.1353;17.0;0.7;57.912
1753875189.18;2.0;49.20424877;18.75493977;387.8883;42.1353;17.0;0.7;57.931
1753875189.19;2.0;49.20424877;18.75493977;387.8882;42.1353;17.0;0.7;57.932
1753875189.2;2.0;49.20424877;18.75493977;387.8885;42.1353;17.0;0.7;57.906
1753875189.21;2.0;49.20424877;18.75493977;387.8888;42.1353;17.0;0.7;57.853
1753875189.22;2.0;49.20424876;18.75493977;387.8894;42.1353;17.0;0.7;57.855
1753875189.23;2.0;49.20424876;18.75493977;387.8901;42.1353;17.0;0.7;57.865
1753875189.24;2.0;49.20424876;18.75493977;387.8908;42.1353;17.0;0.7;57.866
1753875189.25;2.0;49.20424877;18.75493977;387.8904;42.1353;17.0;0.7;57.909
1753875189.26;2.0;49.20424876;18.75493977;387.8905;42.1353;17.0;0.7;57.939
1753875189.27;2.0;49.20424876;18.75493977;387.8903;42.1353;17.0;0.7;57.937
1753875189.28;2.0;49.20424877;18.75493978;387.8901;42.1353;17.0;0.7;57.945
1753875189.29;2.0;49.20424877;18.75493978;387.8905;42.1353;17.0;0.7;57.943
1753875189.3;2.0;49.20424876;18.75493978;387.8905;42.1353;17.0;0.7;57.938
1753875189.31;2.0;49.20424876;18.75493978;387.8902;42.1353;17.0;0.7;57.915
1753875189.32;2.0;49.20424876;18.75493978;387.8906;42.1353;17.0;0.7;57.938
1753875189.33;2.0;49.20424876;18.75493978;387.8904;42.1353;17.0;0.7;57.95
1753875189.34;2.0;49.20424876;18.75493978;387.8902;42.1353;17.0;0.7;57.959
1753875189.35;2.0;49.20424876;18.75493978;387.8903;42.1353;17.0;0.7;57.938
1753875189.36;2.0;49.20424876;18.75493978;387.8905;42.1353;17.0;0.7;57.926
1753875189.37;2.0;49.20424876;18.75493978;387.8903;42.1353;17.0;0.7;57.896
1753875189.38;2.0;49.20424876;18.75493978;387.8906;42.1353;17.0;0.7;57.855
1753875189.39;2.0;49.20424876;18.75493978;387.8903;42.1353;17.0;0.7;57.857
1753875189.4;2.0;49.20424876;18.75493978;387.8903;42.1353;17.0;0.7;57.862
1753875189.41;2.0;49.20424876;18.75493978;387.8902;42.1353;17.0;0.7;57.822
1753875189.42;2.0;49.20424876;18.75493978;387.8901;42.1353;17.0;0.7;57.836
1753875189.43;2.0;49.20424876;18.75493978;387.8901;42.1353;17.0;0.7;57.838
1753875189.44;2.0;49.20424877;18.75493978;387.8904;42.1353;17.0;0.7;57.821
1753875189.45;2.0;49.20424876;18.75493978;387.8899;42.1353;17.0;0.7;57.822
1753875189.46;2.0;49.20424876;18.75493978;387.8891;42.1353;17.0;0.7;57.837
1753875189.47;2.0;49.20424876;18.75493978;387.8893;42.1353;17.0;0.7;57.841
1753875189.48;2.0;49.20424877;18.75493978;387.8892;42.1353;17.0;0.7;57.872
1753875189.49;2.0;49.20424877;18.75493978;387.8892;42.1353;17.0;0.7;57.909
1753875189.5;2.0;49.20424876;18.75493978;387.8899;42.1353;17.0;0.7;57.932
1753875189.51;2.0;49.20424877;18.75493978;387.8897;42.1353;17.0;0.7;57.931
1753875189.52;2.0;49.20424877;18.75493978;387.8895;42.1353;17.0;0.7;57.934
1753875189.53;2.0;49.20424877;18.75493977;387.8896;42.1353;17.0;0.7;57.966
1753875189.54;2.0;49.20424876;18.75493977;387.8898;42.1353;17.0;0.7;58.001
1753875189.55;2.0;49.20424876;18.75493978;387.8899;42.1353;17.0;0.7;57.973
1753875189.56;2.0;49.20424876;18.75493978;387.8902;42.1353;17.0;0.7;57.934
1753875189.57;2.0;49.20424876;18.75493978;387.8902;42.1353;17.0;0.7;57.909
1753875189.58;2.0;49.20424876;18.75493978;387.8897;42.1353;17.0;0.7;57.922
1753875189.59;2.0;49.20424876;18.75493978;387.8903;42.1353;17.0;0.7;57.943
1753875189.6;2.0;49.20424876;18.75493978;387.8907;42.1353;17.0;0.7;57.959
1753875189.61;2.0;49.20424876;18.75493978;387.8898;42.1353;17.0;0.7;57.926
1753875189.62;2.0;49.20424875;18.75493977;387.8897;42.1353;17.0;0.7;57.886
1753875189.63;2.0;49.20424875;18.75493977;387.8893;42.1353;17.0;0.7;57.867
1753875189.64;2.0;49.20424876;18.75493977;387.8894;42.1353;17.0;0.7;57.867
1753875189.65;2.0;49.20424876;18.75493977;387.8897;42.1353;17.0;0.7;57.896
1753875189.66;2.0;49.20424875;18.75493976;387.8893;42.1353;17.0;0.7;57.91
1753875189.67;2.0;49.20424875;18.75493976;387.8891;42.1353;17.0;0.7;57.91
1753875189.68;2.0;49.20424875;18.75493976;387.8894;42.1353;17.0;0.7;57.889
1753875189.69;2.0;49.20424875;18.75493975;387.8892;42.1353;17.0;0.7;57.891
1753875189.7;2.0;49.20424875;18.75493975;387.8895;42.1353;17.0;0.7;57.865
1753875189.71;2.0;49.20424875;18.75493975;387.8897;42.1353;17.0;0.7;57.84
1753875189.72;2.0;49.20424875;18.75493975;387.8903;42.1353;17.0;0.7;57.794
1753875189.73;2.0;49.20424875;18.75493975;387.891;42.1353;17.0;0.7;57.765
1753875189.74;2.0;49.20424875;18.75493976;387.8915;42.1353;17.0;0.7;57.781
1753875189.75;2.0;49.20424875;18.75493976;387.8917;42.1353;17.0;0.7;57.804
1753875189.76;2.0;49.20424875;18.75493976;387.8907;42.1353;17.0;0.7;57.836
1753875189.77;2.0;49.20424875;18.75493975;387.8903;42.1353;17.0;0.7;57.86
1753875189.78;2.0;49.20424876;18.75493975;387.8899;42.1353;17.0;0.7;57.837
1753875189.79;2.0;49.20424875;18.75493976;387.8903;42.1353;17.0;0.7;57.837
1753875189.8;2.0;49.20424875;18.75493976;387.8914;42.1353;17.0;0.7;57.845
1753875189.81;2.0;49.20424875;18.75493976;387.8923;42.1353;17.0;0.7;57.839
1753875189.82;2.0;49.20424875;18.75493976;387.8927;42.1353;17.0;0.7;57.854
1753875189.83;2.0;49.20424875;18.75493975;387.8933;42.1353;17.0;0.7;57.878
1753875189.84;2.0;49.20424875;18.75493975;387.893;42.1353;17.0;0.7;57.893
1753875189.85;2.0;49.20424875;18.75493975;387.8932;42.1353;17.0;0.7;57.904
1753875189.86;2.0;49.20424875;18.75493975;387.8934;42.1353;17.0;0.7;57.91
1753875189.87;2.0;49.20424874;18.75493975;387.8939;42.1353;17.0;0.7;57.886
1753875189.88;2.0;49.20424874;18.75493975;387.8942;42.1353;17.0;0.7;57.852
1753875189.89;2.0;49.20424874;18.75493975;387.8938;42.1353;17.0;0.7;57.839
1753875189.9;2.0;49.20424874;18.75493975;387.8933;42.1353;17.0;0.7;57.842
1753875189.91;2.0;49.20424874;18.75493975;387.8928;42.1353;17.0;0.7;57.818
1753875189.92;2.0;49.20424874;18.75493975;387.8928;42.1353;17.0;0.7;57.801
1753875189.93;2.0;49.20424874;18.75493974;387.8931;42.1353;17.0;0.7;57.826
1753875189.94;2.0;49.20424874;18.75493974;387.8934;42.1353;17.0;0.7;57.827
1753875189.95;2.0;49.20424874;18.75493974;387.8934;42.1353;17.0;0.7;57.823
1753875189.96;2.0;49.20424874;18.75493974;387.8932;42.1353;17.0;0.7;57.813
1753875189.97;2.0;49.20424874;18.75493973;387.8929;42.1353;17.0;0.7;57.814
1753875189.98;2.0;49.20424873;18.75493973;387.8937;42.1353;17.0;0.7;57.809
1753875189.99;2.0;49.20424873;18.75493972;387.894;42.1353;17.0;0.7;57.819
1753875190.0;2.0;49.20424873;18.75493972;387.8947;42.1353;17.0;0.7;57.826
1753875190.01;2.0;49.20424873;18.75493972;387.8948;42.1353;17.0;0.7;57.854
1753875190.02;2.0;49.20424873;18.75493972;387.8938;42.1353;17.0;0.7;57.815
1753875190.03;2.0;49.20424873;18.75493972;387.894;42.1353;17.0;0.7;57.764
1753875190.04;2.0;49.20424874;18.75493971;387.8939;42.1353;17.0;0.7;57.755
1753875190.05;2.0;49.20424874;18.75493971;387.894;42.1353;17.0;0.7;57.8
1753875190.06;2.0;49.20424874;18.75493971;387.8945;42.1353;17.0;0.7;57.811
1753875190.07;2.0;49.20424874;18.75493971;387.8941;42.1353;17.0;0.7;57.776
1753875190.08;2.0;49.20424874;18.75493971;387.8942;42.1353;17.0;0.7;57.811
1753875190.09;2.0;49.20424875;18.75493971;387.8939;42.1353;17.0;0.7;57.838
1753875190.1;2.0;49.20424875;18.75493971;387.8935;42.1353;17.0;0.7;57.879
1753875190.11;2.0;49.20424875;18.75493971;387.8934;42.1353;17.0;0.7;57.903
1753875190.12;2.0;49.20424875;18.75493971;387.8935;42.1353;17.0;0.7;57.881
1753875190.13;2.0;49.20424874;18.75493971;387.8942;42.1353;17.0;0.7;57.859
1753875190.14;2.0;49.20424874;18.7549397;387.8941;42.1353;17.0;0.7;57.847
1753875190.15;2.0;49.20424874;18.75493971;387.8945;42.1353;17.0;0.7;57.842
1753875190.16;2.0;49.20424874;18.75493971;387.8949;42.1353;17.0;0.7;57.842
1753875190.17;2.0;49.20424874;18.75493971;387.8949;42.1353;17.0;0.7;57.86
1753875190.18;2.0;49.20424873;18.75493971;387.8951;42.1353;17.0;0.7;57.898
1753875190.19;2.0;49.20424873;18.75493971;387.8949;42.1353;17.0;0.7;57.882
1753875190.2;2.0;49.20424873;18.75493971;387.8945;42.1353;17.0;0.7;57.862
1753875190.21;2.0;49.20424873;18.75493971;387.8945;42.1353;17.0;0.7;57.897
1753875190.22;2.0;49.20424873;18.7549397;387.8953;42.1353;17.0;0.7;57.898
1753875190.23;2.0;49.20424873;18.75493971;387.8957;42.1353;17.0;0.7;57.916
1753875190.24;2.0;49.20424873;18.75493971;387.8957;42.1353;17.0;0.7;57.892
1753875190.25;2.0;49.20424873;18.75493971;387.8954;42.1353;17.0;0.7;57.902
1753875190.26;2.0;49.20424873;18.75493971;387.8955;42.1353;17.0;0.7;57.907
1753875190.27;2.0;49.20424872;18.75493971;387.8959;42.1353;17.0;0.7;57.878
1753875190.28;2.0;49.20424872;18.75493971;387.8959;42.1353;17.0;0.7;57.838
1753875190.29;2.0;49.20424872;18.75493971;387.8951;42.1353;17.0;0.7;57.822
1753875190.3;2.0;49.20424872;18.75493971;387.8946;42.1353;17.0;0.7;57.785
1753875190.31;2.0;49.20424873;18.75493971;387.8944;42.1353;17.0;0.7;57.793
1753875190.32;2.0;49.20424873;18.75493971;387.8949;42.1353;17.0;0.7;57.801
1753875190.33;2.0;49.20424873;18.75493971;387.895;42.1353;17.0;0.7;57.812
1753875190.34;2.0;49.20424873;18.75493971;387.8952;42.1353;17.0;0.7;57.798
1753875190.35;2.0;49.20424873;18.75493971;387.8951;42.1353;17.0;0.7;57.797
1753875190.36;2.0;49.20424873;18.75493971;387.8954;42.1353;17.0;0.7;57.804
1753875190.37;2.0;49.20424873;18.7549397;387.8957;42.1353;17.0;0.7;57.823
1753875190.38;2.0;49.20424873;18.7549397;387.8956;42.1353;17.0;0.7;57.84
1753875190.39;2.0;49.20424873;18.7549397;387.8958;42.1353;17.0;0.7;57.893
1753875190.4;2.0;49.20424873;18.7549397;387.8953;42.1353;17.0;0.7;57.926
1753875190.41;2.0;49.20424873;18.7549397;387.8946;42.1353;17.0;0.7;57.916
1753875190.42;2.0;49.20424873;18.7549397;387.8946;42.1353;17.0;0.7;57.927
1753875190.43;2.0;49.20424873;18.75493971;387.895;42.1353;17.0;0.7;57.916
1753875190.44;2.0;49.20424873;18.75493971;387.8951;42.1353;17.0;0.7;57.903
1753875190.45;2.0;49.20424873;18.7549397;387.8949;42.1353;17.0;0.7;57.877
1753875190.46;2.0;49.20424873;18.7549397;387.8946;42.1353;17.0;0.7;57.878
1753875190.47;2.0;49.20424873;18.7549397;387.895;42.1353;17.0;0.7;57.868
1753875190.48;2.0;49.20424873;18.7549397;387.8953;42.1353;17.0;0.7;57.837
1753875190.49;2.0;49.20424873;18.7549397;387.8956;42.1353;17.0;0.7;57.817
1753875190.5;2.0;49.20424873;18.7549397;387.8951;42.1353;17.0;0.7;57.789
1753875190.51;2.0;49.20424873;18.7549397;387.8943;42.1353;17.0;0.7;57.788
1753875190.52;2.0;49.20424873;18.7549397;387.8941;42.1353;17.0;0.7;57.807
1753875190.53;2.0;49.20424873;18.7549397;387.8949;42.1353;17.0;0.7;57.827
1753875190.54;2.0;49.20424873;18.7549397;387.8954;42.1353;17.0;0.7;57.83
1753875190.55;2.0;49.20424872;18.7549397;387.8959;42.1353;17.0;0.7;57.836
1753875190.56;2.0;49.20424872;18.7549397;387.8955;42.1353;17.0;0.7;57.806
1753875190.57;2.0;49.20424872;18.7549397;387.8955;42.1353;17.0;0.7;57.805
1753875190.58;2.0;49.20424872;18.7549397;387.8959;42.1353;17.0;0.7;57.847
1753875190.59;2.0;49.20424872;18.75493969;387.8957;42.1353;17.0;0.7;57.874
1753875190.6;2.0;49.20424872;18.7549397;387.8956;42.1353;17.0;0.7;57.867
1753875190.61;2.0;49.20424872;18.7549397;387.8953;42.1353;17.0;0.7;57.846
1753875190.62;2.0;49.20424872;18.7549397;387.8955;42.1353;17.0;0.7;57.817
1753875190.63;2.0;49.20424873;18.7549397;387.8952;42.1353;17.0;0.7;57.79
1753875190.64;2.0;49.20424873;18.75493969;387.8956;42.1353;17.0;0.7;57.76
1753875190.65;2.0;49.20424873;18.75493969;387.8955;42.1353;17.0;0.7;57.757
1753875190.66;2.0;49.20424873;18.75493969;387.8954;42.1353;17.0;0.7;57.777
1753875190.67;2.0;49.20424873;18.7549397;387.8956;42.1353;17.0;0.7;57.8
1753875190.68;2.0;49.20424873;18.75493969;387.8956;42.1353;17.0;0.7;57.842
1753875190.69;2.0;49.20424873;18.75493969;387.8963;42.1353;17.0;0.7;57.858
1753875190.7;2.0;49.20424873;18.75493969;387.8962;42.1353;17.0;0.7;57.842
1753875190.71;2.0;49.20424872;18.75493969;387.8964;42.1353;17.0;0.7;57.829
1753875190.72;2.0;49.20424873;18.7549397;387.897;42.1353;17.0;0.7;57.809
1753875190.73;2.0;49.20424873;18.7549397;387.8974;42.1353;17.0;0.7;57.799
1753875190.74;2.0;49.20424873;18.7549397;387.8975;42.1353;17.0;0.7;57.799
1753875190.75;2.0;49.20424873;18.75493969;387.8966;42.1353;17.0;0.7;57.804
1753875190.76;2.0;49.20424874;18.75493969;387.8959;42.1353;17.0;0.7;57.802
1753875190.77;2.0;49.20424874;18.75493969;387.8963;42.1353;17.0;0.7;57.83
1753875190.78;2.0;49.20424875;18.75493969;387.8953;42.1353;17.0;0.7;57.862
1753875190.79;2.0;49.20424875;18.75493969;387.8947;42.1353;17.0;0.7;57.87
1753875190.8;2.0;49.20424875;18.75493969;387.8944;42.1353;17.0;0.7;57.895
1753875190.81;2.0;49.20424875;18.75493969;387.8941;42.1353;17.0;0.7;57.915
1753875190.82;2.0;49.20424875;18.75493969;387.8935;42.1353;17.0;0.7;57.931
1753875190.83;2.0;49.20424875;18.7549397;387.8933;42.1353;17.0;0.7;57.939
1753875190.84;2.0;49.20424875;18.7549397;387.8933;42.1353;17.0;0.7;57.916
1753875190.85;2.0;49.20424874;18.7549397;387.894;42.1353;17.0;0.7;57.933
1753875190.86;2.0;49.20424874;18.7549397;387.8946;42.1353;17.0;0.7;57.933
1753875190.87;2.0;49.20424873;18.7549397;387.8959;42.1353;17.0;0.7;57.92
1753875190.88;2.0;49.20424873;18.7549397;387.8961;42.1353;17.0;0.7;57.896
1753875190.89;2.0;49.20424873;18.7549397;387.8957;42.1353;17.0;0.7;57.867
1753875190.9;2.0;49.20424873;18.7549397;387.8953;42.1353;17.0;0.7;57.822
1753875190.91;2.0;49.20424873;18.7549397;387.895;42.1353;17.0;0.7;57.832
1753875190.92;2.0;49.20424873;18.7549397;387.8951;42.1353;17.0;0.7;57.816
1753875190.93;2.0;49.20424873;18.7549397;387.8945;42.1353;17.0;0.7;57.791
1753875190.94;2.0;49.20424873;18.7549397;387.8939;42.1353;17.0;0.7;57.806
1753875190.95;2.0;49.20424873;18.7549397;387.8935;42.1353;17.0;0.7;57.818
1753875190.96;2.0;49.20424873;18.7549397;387.8934;42.1353;17.0;0.7;57.806
1753875190.97;2.0;49.20424873;18.7549397;387.8936;42.1353;17.0;0.7;57.846
1753875190.98;2.0;49.20424873;18.7549397;387.8938;42.1353;17.0;0.7;57.819
1753875190.99;2.0;49.20424873;18.7549397;387.8933;42.1353;17.0;0.7;57.782
1753875191.0;2.0;49.20424873;18.7549397;387.8924;42.1353;17.0;0.7;57.76
1753875191.01;2.0;49.20424872;18.7549397;387.8921;42.1353;17.0;0.7;57.741
1753875191.02;2.0;49.20424872;18.7549397;387.8922;42.1353;17.0;0.7;57.728
1753875191.03;2.0;49.20424873;18.7549397;387.8922;42.1353;17.0;0.7;57.734
1753875191.04;2.0;49.20424873;18.7549397;387.8917;42.1353;17.0;0.7;57.75
1753875191.05;2.0;49.20424873;18.7549397;387.8914;42.1353;17.0;0.7;57.751
1753875191.06;2.0;49.20424873;18.75493969;387.8912;42.1353;17.0;0.7;57.764
1753875191.07;2.0;49.20424873;18.75493969;387.8906;42.1353;17.0;0.7;57.765
1753875191.08;2.0;49.20424873;18.75493969;387.8904;42.1353;17.0;0.7;57.724
1753875191.09;2.0;49.20424873;18.75493969;387.89;42.1353;17.0;0.7;57.718
1753875191.1;2.0;49.20424872;18.75493969;387.8897;42.1353;17.0;0.7;57.735
1753875191.11;2.0;49.20424872;18.75493969;387.8904;42.1353;17.0;0.7;57.759
1753875191.12;2.0;49.20424872;18.75493969;387.891;42.1353;17.0;0.7;57.772
1753875191.13;2.0;49.20424871;18.75493969;387.8906;42.1353;17.0;0.7;57.777
1753875191.14;2.0;49.20424871;18.75493969;387.8908;42.1353;17.0;0.7;57.768
1753875191.15;2.0;49.2042487;18.75493969;387.8915;42.1353;17.0;0.7;57.736
1753875191.16;2.0;49.20424871;18.75493969;387.8919;42.1353;17.0;0.7;57.71
1753875191.17;2.0;49.2042487;18.75493969;387.892;42.1353;17.0;0.7;57.717
1753875191.18;2.0;49.20424871;18.7549397;387.8911;42.1353;17.0;0.7;57.737
1753875191.19;2.0;49.2042487;18.7549397;387.8912;42.1353;17.0;0.7;57.764
1753875191.2;2.0;49.2042487;18.75493969;387.8912;42.1353;17.0;0.7;57.76
1753875191.21;2.0;49.2042487;18.75493969;387.8912;42.1353;17.0;0.7;57.774
1753875191.22;2.0;49.2042487;18.75493969;387.8912;42.1353;17.0;0.7;57.754
1753875191.23;2.0;49.2042487;18.75493969;387.8907;42.1353;17.0;0.7;57.733
1753875191.24;2.0;49.2042487;18.75493969;387.8896;42.1353;17.0;0.7;57.736
1753875191.25;2.0;49.2042487;18.75493969;387.8894;42.1353;17.0;0.7;57.743
1753875191.26;2.0;49.20424871;18.75493969;387.8892;42.1353;17.0;0.7;57.737
1753875191.27;2.0;49.20424871;18.75493969;387.8893;42.1353;17.0;0.7;57.758
1753875191.28;2.0;49.2042487;18.75493969;387.8895;42.1353;17.0;0.7;57.773
1753875191.29;2.0;49.2042487;18.75493969;387.8891;42.1353;17.0;0.7;57.754
1753875191.3;2.0;49.2042487;18.75493969;387.8893;42.1353;17.0;0.7;57.72
1753875191.31;2.0;49.20424869;18.75493968;387.8895;42.1353;17.0;0.7;57.685
1753875191.32;2.0;49.20424869;18.75493968;387.8897;42.1353;17.0;0.7;57.66
1753875191.33;2.0;49.20424869;18.75493968;387.8902;42.1353;17.0;0.7;57.654
1753875191.34;2.0;49.20424869;18.75493968;387.8901;42.1353;17.0;0.7;57.677
1753875191.35;2.0;49.20424869;18.75493968;387.8892;42.1353;17.0;0.7;57.681
1753875191.36;2.0;49.20424869;18.75493969;387.8887;42.1353;17.0;0.7;57.707
1753875191.37;2.0;49.20424869;18.75493969;387.8882;42.1353;17.0;0.7;57.748
1753875191.38;2.0;49.20424869;18.75493969;387.8878;42.1353;17.0;0.7;57.783
1753875191.39;2.0;49.20424868;18.75493969;387.8881;42.1353;17.0;0.7;57.774
1753875191.4;2.0;49.20424868;18.75493969;387.8886;42.1353;17.0;0.7;57.773
1753875191.41;2.0;49.20424868;18.75493969;387.8887;42.1353;17.0;0.7;57.782
1753875191.42;2.0;49.20424868;18.75493969;387.8888;42.1353;17.0;0.7;57.833
1753875191.43;2.0;49.20424868;18.75493969;387.8883;42.1353;17.0;0.7;57.855
1753875191.44;2.0;49.20424868;18.75493969;387.888;42.1353;17.0;0.7;57.868
1753875191.45;2.0;49.20424868;18.75493969;387.8881;42.1353;17.0;0.7;57.884
1753875191.46;2.0;49.20424868;18.75493968;387.8879;42.1353;17.0;0.7;57.919
1753875191.47;2.0;49.20424867;18.75493968;387.8875;42.1353;17.0;0.7;57.94
1753875191.48;2.0;49.20424868;18.75493968;387.8875;42.1353;17.0;0.7;57.988
1753875191.49;2.0;49.20424868;18.75493969;387.8876;42.1353;17.0;0.7;58.021
1753875191.5;2.0;49.20424868;18.75493969;387.888;42.1353;17.0;0.7;58.026
1753875191.51;2.0;49.20424868;18.75493969;387.8876;42.1353;17.0;0.7;58.041
1753875191.52;2.0;49.20424868;18.75493969;387.8876;42.1353;17.0;0.7;58.09
1753875191.53;2.0;49.20424868;18.75493969;387.8874;42.1353;17.0;0.7;58.06
1753875191.54;2.0;49.20424868;18.75493969;387.8873;42.1353;17.0;0.7;58.042
1753875191.55;2.0;49.20424867;18.75493969;387.8868;42.1353;17.0;0.7;58.075
1753875191.56;2.0;49.20424867;18.75493969;387.8873;42.1353;17.0;0.7;58.064
1753875191.57;2.0;49.20424867;18.75493969;387.8876;42.1353;17.0;0.7;58.036
1753875191.58;2.0;49.20424866;18.75493968;387.8875;42.1353;17.0;0.7;58.008
1753875191.59;2.0;49.20424867;18.75493968;387.8877;42.1353;17.0;0.7;57.998
1753875191.6;2.0;49.20424866;18.75493967;387.8874;42.1353;17.0;0.7;58.025
1753875191.61;2.0;49.20424866;18.75493967;387.8868;42.1353;17.0;0.7;57.986
1753875191.62;2.0;49.20424866;18.75493968;387.8861;42.1353;17.0;0.7;57.957
1753875191.63;2.0;49.20424866;18.75493967;387.8865;42.1353;17.0;0.7;57.91
1753875191.64;2.0;49.20424866;18.75493967;387.8875;42.1353;17.0;0.7;57.879
1753875191.65;2.0;49.20424866;18.75493967;387.8871;42.1353;17.0;0.7;57.829
1753875191.66;2.0;49.20424866;18.75493967;387.8863;42.1353;17.0;0.7;57.813
1753875191.67;2.0;49.20424866;18.75493967;387.8863;42.1353;17.0;0.7;57.79
1753875191.68;2.0;49.20424866;18.75493967;387.8865;42.1353;17.0;0.7;57.794
1753875191.69;2.0;49.20424866;18.75493967;387.8871;42.1353;17.0;0.7;57.824
1753875191.7;2.0;49.20424866;18.75493967;387.8867;42.1353;17.0;0.7;57.85
1753875191.71;2.0;49.20424866;18.75493966;387.8865;42.1353;17.0;0.7;57.844
1753875191.72;2.0;49.20424866;18.75493966;387.8863;42.1353;17.0;0.7;57.821
1753875191.73;2.0;49.20424866;18.75493966;387.8862;42.1353;17.0;0.7;57.781
1753875191.74;2.0;49.20424866;18.75493966;387.8861;42.1353;17.0;0.7;57.793
1753875191.75;2.0;49.20424866;18.75493965;387.8861;42.1353;17.0;0.7;57.807
1753875191.76;2.0;49.20424866;18.75493965;387.8858;42.1353;17.0;0.7;57.83
1753875191.77;2.0;49.20424866;18.75493965;387.8865;42.1353;17.0;0.7;57.818
1753875191.78;2.0;49.20424866;18.75493965;387.8862;42.1353;17.0;0.7;57.822
1753875191.79;2.0;49.20424867;18.75493965;387.8856;42.1353;17.0;0.7;57.839
1753875191.8;2.0;49.20424867;18.75493965;387.8849;42.1353;17.0;0.7;57.858
1753875191.81;2.0;49.20424867;18.75493964;387.8849;42.1353;17.0;0.7;57.87
1753875191.82;2.0;49.20424867;18.75493964;387.8851;42.1353;17.0;0.7;57.873
1753875191.83;2.0;49.20424868;18.75493965;387.8842;42.1353;17.0;0.7;57.899
1753875191.84;2.0;49.20424868;18.75493964;387.8836;42.1353;17.0;0.7;57.942
1753875191.85;2.0;49.20424868;18.75493964;387.8833;42.1353;17.0;0.7;57.959
1753875191.86;2.0;49.20424867;18.75493964;387.8835;42.1353;17.0;0.7;57.919
1753875191.87;2.0;49.20424867;18.75493964;387.8836;42.1353;17.0;0.7;57.861
1753875191.88;2.0;49.20424867;18.75493964;387.8837;42.1353;17.0;0.7;57.852
1753875191.89;2.0;49.20424867;18.75493964;387.8844;42.1353;17.0;0.7;57.835
1753875191.9;2.0;49.20424867;18.75493964;387.8846;42.1353;17.0;0.7;57.812
1753875191.91;2.0;49.20424867;18.75493963;387.8846;42.1353;17.0;0.7;57.818
1753875191.92;2.0;49.20424867;18.75493963;387.8848;42.1353;17.0;0.7;57.844
1753875191.93;2.0;49.20424867;18.75493963;387.8854;42.1353;17.0;0.7;57.86
1753875191.94;2.0;49.20424867;18.75493963;387.886;42.1353;17.0;0.7;57.864
1753875191.95;2.0;49.20424867;18.75493963;387.8866;42.1353;17.0;0.7;57.809
1753875191.96;2.0;49.20424867;18.75493964;387.8867;42.1353;17.0;0.7;57.801
1753875191.97;2.0;49.20424867;18.75493964;387.8867;42.1353;17.0;0.7;57.825
1753875191.98;2.0;49.20424867;18.75493964;387.8866;42.1353;17.0;0.7;57.809
1753875191.99;2.0;49.20424867;18.75493964;387.8865;42.1353;17.0;0.7;57.802
1753875192.0;2.0;49.20424868;18.75493963;387.8867;42.1353;17.0;0.7;57.813
1753875192.01;2.0;49.20424868;18.75493963;387.8866;42.1353;17.0;0.7;57.812
1753875192.02;2.0;49.20424868;18.75493963;387.8863;42.1353;17.0;0.7;57.793
1753875192.03;2.0;49.20424868;18.75493963;387.8857;42.1353;17.0;0.7;57.797
1753875192.04;2.0;49.20424868;18.75493963;387.8853;42.1353;17.0;0.7;57.839
1753875192.05;2.0;49.20424868;18.75493962;387.8857;42.1353;17.0;0.7;57.84
1753875192.06;2.0;49.20424868;18.75493962;387.8854;42.1353;17.0;0.7;57.855
1753875192.07;2.0;49.20424868;18.75493963;387.8853;42.1353;17.0;0.7;57.859
1753875192.08;2.0;49.20424868;18.75493962;387.8854;42.1353;17.0;0.7;57.831
1753875192.09;2.0;49.20424869;18.75493962;387.885;42.1353;17.0;0.7;57.84
1753875192.1;2.0;49.20424869;18.75493962;387.8843;42.1353;17.0;0.7;57.844
1753875192.11;2.0;49.20424868;18.75493962;387.8846;42.1353;17.0;0.7;57.822
1753875192.12;2.0;49.20424868;18.75493962;387.8845;42.1353;17.0;0.7;57.799
1753875192.13;2.0;49.20424868;18.75493962;387.8841;42.1353;17.0;0.7;57.767
1753875192.14;2.0;49.20424868;18.75493961;387.8841;42.1353;17.0;0.7;57.749
1753875192.15;2.0;49.20424868;18.75493961;387.8839;42.1353;17.0;0.7;57.752
1753875192.16;2.0;49.20424868;18.75493961;387.8836;42.1353;17.0;0.7;57.74
1753875192.17;2.0;49.20424868;18.75493961;387.8835;42.1353;17.0;0.7;57.743
1753875192.18;2.0;49.20424867;18.7549396;387.8837;42.1353;17.0;0.7;57.717
1753875192.19;2.0;49.20424867;18.7549396;387.8845;42.1353;17.0;0.7;57.671
1753875192.2;2.0;49.20424867;18.7549396;387.8844;42.1353;17.0;0.7;57.686
1753875192.21;2.0;49.20424867;18.7549396;387.885;42.1353;17.0;0.7;57.714
1753875192.22;2.0;49.20424867;18.7549396;387.8851;42.1353;17.0;0.7;57.73
1753875192.23;2.0;49.20424867;18.7549396;387.8847;42.1353;17.0;0.7;57.726
1753875192.24;2.0;49.20424867;18.7549396;387.8843;42.1353;17.0;0.7;57.742
1753875192.25;2.0;49.20424867;18.7549396;387.8836;42.1353;17.0;0.7;57.753
1753875192.26;2.0;49.20424867;18.7549396;387.8833;42.1353;17.0;0.7;57.74
1753875192.27;2.0;49.20424867;18.75493959;387.8836;42.1353;17.0;0.7;57.748
1753875192.28;2.0;49.20424867;18.75493959;387.8836;42.1353;17.0;0.7;57.735
1753875192.29;2.0;49.20424867;18.75493959;387.8845;42.1353;17.0;0.7;57.722
1753875192.3;2.0;49.20424867;18.75493959;387.8845;42.1353;17.0;0.7;57.719
1753875192.31;2.0;49.20424867;18.75493959;387.884;42.1353;17.0;0.7;57.764
1753875192.32;2.0;49.20424867;18.75493959;387.8834;42.1353;17.0;0.7;57.809
1753875192.33;2.0;49.20424867;18.75493959;387.8836;42.1353;17.0;0.7;57.823
1753875192.34;2.0;49.20424868;18.75493959;387.8832;42.1353;17.0;0.7;57.825
1753875192.35;2.0;49.20424868;18.75493959;387.8832;42.1353;17.0;0.7;57.832
1753875192.36;2.0;49.20424867;18.75493959;387.8833;42.1353;17.0;0.7;57.828
1753875192.37;2.0;49.20424867;18.75493959;387.8832;42.1353;17.0;0.7;57.794
1753875192.38;2.0;49.20424867;18.75493959;387.8827;42.1353;17.0;0.7;57.794
1753875192.39;2.0;49.20424867;18.75493959;387.8828;42.1353;17.0;0.7;57.83
1753875192.4;2.0;49.20424867;18.75493959;387.8827;42.1353;17.0;0.7;57.83
1753875192.41;2.0;49.20424867;18.75493959;387.8823;42.1353;17.0;0.7;57.825
1753875192.42;2.0;49.20424867;18.75493959;387.8823;42.1353;17.0;0.7;57.815
1753875192.43;2.0;49.20424867;18.75493959;387.8829;42.1353;17.0;0.7;57.817
1753875192.44;2.0;49.20424866;18.75493959;387.8831;42.1353;17.0;0.7;57.8
1753875192.45;2.0;49.20424866;18.7549396;387.8836;42.1353;17.0;0.7;57.763
1753875192.46;2.0;49.20424865;18.75493961;387.8837;42.1353;17.0;0.7;57.753
1753875192.47;2.0;49.20424864;18.75493961;387.8839;42.1353;17.0;0.7;57.794
1753875192.48;2.0;49.20424863;18.75493961;387.8837;42.1353;17.0;0.7;57.782
1753875192.49;2.0;49.20424862;18.75493962;387.8836;42.1353;17.0;0.7;57.784
1753875192.5;2.0;49.2042486;18.75493963;387.8841;42.1353;17.0;0.7;57.805
1753875192.51;2.0;49.20424859;18.75493965;387.8839;42.1353;17.0;0.7;57.807
1753875192.52;2.0;49.20424857;18.75493966;387.8839;42.1353;17.0;0.7;57.813
1753875192.53;2.0;49.20424856;18.75493968;387.8832;42.1353;17.0;0.7;57.822
1753875192.54;2.0;49.20424854;18.75493969;387.8833;42.1353;17.0;0.7;57.849
1753875192.55;2.0;49.20424852;18.75493971;387.8837;42.1353;17.0;0.7;57.852
1753875192.56;2.0;49.20424851;18.75493973;387.8842;42.1353;17.0;0.7;57.837
1753875192.57;2.0;49.20424849;18.75493975;387.884;42.1353;17.0;0.7;57.767
1753875192.58;2.0;49.20424847;18.75493977;387.8838;42.1353;17.0;0.7;57.715
1753875192.59;2.0;49.20424845;18.75493978;387.8842;42.1353;17.0;0.7;57.72
1753875192.6;2.0;49.20424844;18.7549398;387.884;42.1353;17.0;0.7;57.689
1753875192.61;2.0;49.20424842;18.75493982;387.8838;42.1353;17.0;0.7;57.67
1753875192.62;2.0;49.20424841;18.75493983;387.8841;42.1353;17.0;0.7;57.633
1753875192.63;2.0;49.20424839;18.75493984;387.8839;42.1353;17.0;0.7;57.638
1753875192.64;2.0;49.20424838;18.75493986;387.8837;42.1353;17.0;0.7;57.644
1753875192.65;2.0;49.20424836;18.75493987;387.8837;42.1353;17.0;0.7;57.622
1753875192.66;2.0;49.20424835;18.75493988;387.8839;42.1353;17.0;0.7;57.606
1753875192.67;2.0;49.20424834;18.7549399;387.8842;42.1353;17.0;0.7;57.6
1753875192.68;2.0;49.20424833;18.75493992;387.8842;42.1353;17.0;0.7;57.567
1753875192.69;2.0;49.20424831;18.75493992;387.8844;42.1353;17.0;0.7;57.56
1753875192.7;2.0;49.2042483;18.75493993;387.8849;42.1353;17.0;0.7;57.58
1753875192.71;2.0;49.20424829;18.75493995;387.8849;42.1353;17.0;0.7;57.558
1753875192.72;2.0;49.20424827;18.75493996;387.8861;42.1353;17.0;0.7;57.554
1753875192.73;2.0;49.20424826;18.75493996;387.8862;42.1353;17.0;0.7;57.559
1753875192.74;2.0;49.20424826;18.75493997;387.8858;42.1353;17.0;0.7;57.577
1753875192.75;2.0;49.20424825;18.75493999;387.8854;42.1353;17.0;0.7;57.56
1753875192.76;2.0;49.20424824;18.75494;387.885;42.1353;17.0;0.7;57.565
1753875192.77;2.0;49.20424823;18.75494001;387.8845;42.1353;17.0;0.7;57.622
1753875192.78;2.0;49.20424822;18.75494001;387.884;42.1353;17.0;0.7;57.629
1753875192.79;2.0;49.20424822;18.75494002;387.884;42.1353;17.0;0.7;57.63
1753875192.8;2.0;49.20424821;18.75494003;387.8838;42.1353;17.0;0.7;57.664
1753875192.81;2.0;49.2042482;18.75494004;387.8839;42.1353;17.0;0.7;57.655
1753875192.82;2.0;49.20424819;18.75494005;387.8842;42.1353;17.0;0.7;57.637
1753875192.83;2.0;49.20424819;18.75494005;387.8838;42.1353;17.0;0.7;57.645
1753875192.84;2.0;49.20424818;18.75494005;387.8834;42.1353;17.0;0.7;57.71
1753875192.85;2.0;49.20424817;18.75494006;387.8834;42.1353;17.0;0.7;57.776
1753875192.86;2.0;49.20424817;18.75494006;387.8839;42.1353;17.0;0.7;57.81
1753875192.87;2.0;49.20424816;18.75494006;387.8841;42.1353;17.0;0.7;57.861
1753875192.88;2.0;49.20424816;18.75494007;387.8841;42.1353;17.0;0.7;57.907
1753875192.89;2.0;49.20424815;18.75494008;387.8841;42.1353;17.0;0.7;57.952
1753875192.9;2.0;49.20424814;18.75494008;387.8842;42.1353;17.0;0.7;57.953
1753875192.91;2.0;49.20424813;18.75494009;387.884;42.1353;17.0;0.7;57.972
1753875192.92;2.0;49.20424812;18.7549401;387.8836;42.1353;17.0;0.7;57.971
1753875192.93;2.0;49.20424811;18.7549401;387.8828;42.1353;17.0;0.7;57.984
1753875192.94;2.0;49.2042481;18.75494011;387.8825;42.1353;17.0;0.7;58.019
1753875192.95;2.0;49.20424809;18.75494012;387.8814;42.1353;17.0;0.7;58.025
1753875192.96;2.0;49.20424808;18.75494013;387.8811;42.1353;17.0;0.7;58.02
1753875192.97;2.0;49.20424807;18.75494013;387.8813;42.1353;17.0;0.7;58.035
1753875192.98;2.0;49.20424806;18.75494014;387.8812;42.1353;17.0;0.7;58.047
1753875192.99;2.0;49.20424805;18.75494015;387.8814;42.1353;17.0;0.7;58.056
1753875193.0;2.0;49.20424803;18.75494016;387.8812;42.1353;17.0;0.7;58.062
1753875193.01;2.0;49.20424802;18.75494017;387.8809;42.1353;17.0;0.7;58.033
1753875193.02;2.0;49.20424801;18.75494018;387.8804;42.1353;17.0;0.7;58.03
1753875193.03;2.0;49.204248;18.7549402;387.8807;42.1353;17.0;0.7;58.023
1753875193.04;2.0;49.20424799;18.75494021;387.8807;42.1353;17.0;0.7;58.051
1753875193.05;2.0;49.20424798;18.75494022;387.8806;42.1353;17.0;0.7;58.086
1753875193.06;2.0;49.20424796;18.75494023;387.8803;42.1353;17.0;0.7;58.072
1753875193.07;2.0;49.20424795;18.75494023;387.8802;42.1353;17.0;0.7;58.033
1753875193.08;2.0;49.20424794;18.75494025;387.8801;42.1353;17.0;0.7;58.039
1753875193.09;2.0;49.20424792;18.75494026;387.8798;42.1353;17.0;0.7;58.06
1753875193.1;2.0;49.20424791;18.75494027;387.8789;42.1353;17.0;0.7;58.049
1753875193.11;2.0;49.2042479;18.75494027;387.8782;42.1353;17.0;0.7;58.049
1753875193.12;2.0;49.20424789;18.75494028;387.8784;42.1353;17.0;0.7;58.063
1753875193.13;2.0;49.20424788;18.75494029;387.8783;42.1353;17.0;0.7;58.073
1753875193.14;2.0;49.20424786;18.75494028;387.8786;42.1353;17.0;0.7;58.062
1753875193.15;2.0;49.20424785;18.75494029;387.8781;42.1353;17.0;0.7;58.069
1753875193.16;2.0;49.20424783;18.75494028;387.8785;42.1353;17.0;0.7;58.04
1753875193.17;2.0;49.20424782;18.75494029;387.8786;42.1353;17.0;0.7;58.003
1753875193.18;2.0;49.20424781;18.75494029;387.8785;42.1353;17.0;0.7;57.934
1753875193.19;2.0;49.20424779;18.75494029;387.8779;42.1353;17.0;0.7;57.876
1753875193.2;2.0;49.20424778;18.75494029;387.8771;42.1353;17.0;0.7;57.842
1753875193.21;2.0;49.20424777;18.75494029;387.8768;42.1353;17.0;0.7;57.836
1753875193.22;2.0;49.20424775;18.75494029;387.8769;42.1353;17.0;0.7;57.79
1753875193.23;2.0;49.20424774;18.75494028;387.8764;42.1353;17.0;0.7;57.768
1753875193.24;2.0;49.20424772;18.75494029;387.8753;42.1353;17.0;0.7;57.736
1753875193.25;2.0;49.20424771;18.75494029;387.874;42.1353;17.0;0.7;57.71
1753875193.26;2.0;49.2042477;18.75494029;387.8729;42.1353;17.0;0.7;57.705
1753875193.27;2.0;49.20424768;18.75494028;387.8722;42.1353;17.0;0.7;57.701
1753875193.28;2.0;49.20424767;18.75494028;387.8719;42.1353;17.0;0.7;57.688
1753875193.29;2.0;49.20424765;18.75494028;387.8715;42.1353;17.0;0.7;57.643
1753875193.3;2.0;49.20424764;18.75494028;387.8709;42.1353;17.0;0.7;57.639
1753875193.31;2.0;49.20424762;18.75494028;387.8702;42.1353;17.0;0.7;57.617
1753875193.32;2.0;49.20424761;18.75494028;387.8696;42.1353;17.0;0.7;57.562
1753875193.33;2.0;49.20424759;18.75494028;387.8687;42.1353;17.0;0.7;57.523
1753875193.34;2.0;49.20424758;18.75494028;387.8683;42.1353;17.0;0.7;57.536
1753875193.35;2.0;49.20424757;18.75494029;387.868;42.1353;17.0;0.7;57.567
1753875193.36;2.0;49.20424755;18.75494029;387.8671;42.1353;17.0;0.7;57.583
1753875193.37;2.0;49.20424754;18.75494029;387.8663;42.1353;17.0;0.7;57.579
1753875193.38;2.0;49.20424753;18.7549403;387.8655;42.1353;17.0;0.7;57.578
1753875193.39;2.0;49.20424751;18.75494029;387.865;42.1353;17.0;0.7;57.616
1753875193.4;2.0;49.2042475;18.75494029;387.8644;42.1353;17.0;0.7;57.618
1753875193.41;2.0;49.20424749;18.75494029;387.8642;42.1353;17.0;0.7;57.626
1753875193.42;2.0;49.20424748;18.75494029;387.8641;42.1353;17.0;0.7;57.655
1753875193.43;2.0;49.20424747;18.75494029;387.8634;42.1353;17.0;0.7;57.699
1753875193.44;2.0;49.20424747;18.75494029;387.8629;42.1353;17.0;0.7;57.754
1753875193.45;2.0;49.20424745;18.75494029;387.8632;42.1353;17.0;0.7;57.814
1753875193.46;2.0;49.20424744;18.75494029;387.8633;42.1353;17.0;0.7;57.852
1753875193.47;2.0;49.20424743;18.7549403;387.8636;42.1353;17.0;0.7;57.855
1753875193.48;2.0;49.20424742;18.7549403;387.8634;42.1353;17.0;0.7;57.844
1753875193.49;2.0;49.20424741;18.7549403;387.8632;42.1353;17.0;0.7;57.829
1753875193.5;2.0;49.2042474;18.75494031;387.8629;42.1353;17.0;0.7;57.814
1753875193.51;2.0;49.20424739;18.75494031;387.8622;42.1353;17.0;0.7;57.824
1753875193.52;2.0;49.20424738;18.7549403;387.8619;42.1353;17.0;0.7;57.844
1753875193.53;2.0;49.20424738;18.7549403;387.8616;42.1353;17.0;0.7;57.836
1753875193.54;2.0;49.20424737;18.75494029;387.8617;42.1353;17.0;0.7;57.831
1753875193.55;2.0;49.20424736;18.75494029;387.8617;42.1353;17.0;0.7;57.804
1753875193.56;2.0;49.20424735;18.75494029;387.8616;42.1353;17.0;0.7;57.772
1753875193.57;2.0;49.20424734;18.75494028;387.8616;42.1353;17.0;0.7;57.761
1753875193.58;2.0;49.20424733;18.75494028;387.862;42.1353;17.0;0.7;57.78
1753875193.59;2.0;49.20424732;18.75494027;387.8629;42.1353;17.0;0.7;57.794
1753875193.6;2.0;49.20424731;18.75494026;387.863;42.1353;17.0;0.7;57.762
1753875193.61;2.0;49.2042473;18.75494026;387.8636;42.1353;17.0;0.7;57.78
1753875193.62;2.0;49.20424729;18.75494025;387.8642;42.1353;17.0;0.7;57.809
1753875193.63;2.0;49.20424728;18.75494025;387.864;42.1353;17.0;0.7;57.811
1753875193.64;2.0;49.20424727;18.75494025;387.864;42.1353;17.0;0.7;57.834
1753875193.65;2.0;49.20424726;18.75494024;387.8642;42.1353;17.0;0.7;57.836
1753875193.66;2.0;49.20424725;18.75494024;387.8641;42.1353;17.0;0.7;57.832
1753875193.67;2.0;49.20424724;18.75494024;387.8645;42.1353;17.0;0.7;57.808
1753875193.68;2.0;49.20424723;18.75494024;387.8644;42.1353;17.0;0.7;57.784
1753875193.69;2.0;49.20424721;18.75494025;387.8648;42.1353;17.0;0.7;57.768
1753875193.7;2.0;49.2042472;18.75494025;387.8653;42.1353;17.0;0.7;57.717
1753875193.71;2.0;49.20424719;18.75494025;387.8655;42.1353;17.0;0.7;57.729
1753875193.72;2.0;49.20424718;18.75494025;387.8655;42.1353;17.0;0.7;57.713
1753875193.73;2.0;49.20424717;18.75494026;387.8657;42.1353;17.0;0.7;57.684
1753875193.74;2.0;49.20424716;18.75494026;387.8654;42.1353;17.0;0.7;57.692
1753875193.75;2.0;49.20424715;18.75494026;387.8654;42.1353;17.0;0.7;57.708
1753875193.76;2.0;49.20424714;18.75494027;387.8655;42.1353;17.0;0.7;57.723
1753875193.77;2.0;49.20424713;18.75494027;387.8645;42.1353;17.0;0.7;57.704
1753875193.78;2.0;49.20424712;18.75494027;387.8633;42.1353;17.0;0.7;57.658
1753875193.79;2.0;49.20424711;18.75494028;387.8619;42.1353;17.0;0.7;57.64
1753875193.8;2.0;49.20424709;18.75494028;387.8618;42.1353;17.0;0.7;57.614
1753875193.81;2.0;49.20424707;18.75494027;387.8619;42.1353;17.0;0.7;57.585
1753875193.82;2.0;49.20424706;18.75494027;387.8615;42.1353;17.0;0.7;57.572
1753875193.83;2.0;49.20424705;18.75494027;387.861;42.1353;17.0;0.7;57.579
1753875193.84;2.0;49.20424704;18.75494026;387.8612;42.1353;17.0;0.7;57.587
1753875193.85;2.0;49.20424702;18.75494026;387.8612;42.1353;17.0;0.7;57.619
1753875193.86;2.0;49.20424701;18.75494026;387.8606;42.1353;17.0;0.7;57.631
1753875193.87;2.0;49.20424699;18.75494026;387.8597;42.1353;17.0;0.7;57.639
1753875193.88;2.0;49.20424698;18.75494026;387.86;42.1353;17.0;0.7;57.62
1753875193.89;2.0;49.20424697;18.75494025;387.8604;42.1353;17.0;0.7;57.597
1753875193.9;2.0;49.20424696;18.75494025;387.8612;42.1353;17.0;0.7;57.606
1753875193.91;2.0;49.20424695;18.75494024;387.8617;42.1353;17.0;0.7;57.633
1753875193.92;2.0;49.20424694;18.75494024;387.8617;42.1353;17.0;0.7;57.64
1753875193.93;2.0;49.20424693;18.75494023;387.8616;42.1353;17.0;0.7;57.663
1753875193.94;2.0;49.20424692;18.75494023;387.8617;42.1353;17.0;0.7;57.691
1753875193.95;2.0;49.20424691;18.75494022;387.8618;42.1353;17.0;0.7;57.706
1753875193.96;2.0;49.20424691;18.75494022;387.8618;42.1353;17.0;0.7;57.744
1753875193.97;2.0;49.2042469;18.75494022;387.8614;42.1353;17.0;0.7;57.765
1753875193.98;2.0;49.20424689;18.75494021;387.8618;42.1353;17.0;0.7;57.776
1753875193.99;2.0;49.20424688;18.75494021;387.862;42.1353;17.0;0.7;57.793
1753875194.0;2.0;49.20424686;18.75494021;387.8619;42.1353;17.0;0.7;57.815
1753875194.01;2.0;49.20424685;18.7549402;387.8618;42.1353;17.0;0.7;57.866
1753875194.02;2.0;49.20424684;18.7549402;387.8619;42.1353;17.0;0.7;57.871
1753875194.03;2.0;49.20424683;18.7549402;387.8613;42.1353;17.0;0.7;57.859
1753875194.04;2.0;49.20424682;18.75494019;387.8613;42.1353;17.0;0.7;57.837
1753875194.05;2.0;49.20424681;18.7549402;387.8617;42.1353;17.0;0.7;57.805
1753875194.06;2.0;49.2042468;18.7549402;387.8619;42.1353;17.0;0.7;57.775
1753875194.07;2.0;49.20424679;18.7549402;387.8619;42.1353;17.0;0.7;57.742
1753875194.08;2.0;49.20424678;18.7549402;387.862;42.1353;17.0;0.7;57.693
1753875194.09;2.0;49.20424677;18.7549402;387.8617;42.1353;17.0;0.7;57.713
1753875194.1;2.0;49.20424676;18.7549402;387.8612;42.1353;17.0;0.7;57.694
1753875194.11;2.0;49.20424675;18.75494021;387.8606;42.1353;17.0;0.7;57.74
1753875194.12;2.0;49.20424674;18.75494021;387.8603;42.1353;17.0;0.7;57.772
1753875194.13;2.0;49.20424673;18.75494022;387.8599;42.1353;17.0;0.7;57.748
1753875194.14;2.0;49.20424672;18.75494022;387.8603;42.1353;17.0;0.7;57.708
1753875194.15;2.0;49.20424671;18.75494023;387.8605;42.1353;17.0;0.7;57.647
1753875194.16;2.0;49.2042467;18.75494023;387.8608;42.1353;17.0;0.7;57.62
1753875194.17;2.0;49.20424669;18.75494023;387.8612;42.1353;17.0;0.7;57.635
1753875194.18;2.0;49.20424667;18.75494023;387.8613;42.1353;17.0;0.7;57.6
1753875194.19;2.0;49.20424666;18.75494024;387.8609;42.1353;17.0;0.7;57.562
1753875194.2;2.0;49.20424665;18.75494024;387.8609;42.1353;17.0;0.7;57.589
1753875194.21;2.0;49.20424664;18.75494025;387.8614;42.1353;17.0;0.7;57.586
1753875194.22;2.0;49.20424663;18.75494025;387.8618;42.1353;17.0;0.7;57.535
1753875194.23;2.0;49.20424661;18.75494025;387.8621;42.1353;17.0;0.7;57.517
1753875194.24;2.0;49.2042466;18.75494026;387.862;42.1353;17.0;0.7;57.507
1753875194.25;2.0;49.20424659;18.75494026;387.8614;42.1353;17.0;0.7;57.487
1753875194.26;2.0;49.20424657;18.75494027;387.8613;42.1353;17.0;0.7;57.486
1753875194.27;2.0;49.20424656;18.75494027;387.8611;42.1353;17.0;0.7;57.478
1753875194.28;2.0;49.20424655;18.75494028;387.8607;42.1353;17.0;0.7;57.508
1753875194.29;2.0;49.20424654;18.75494028;387.8599;42.1353;17.0;0.7;57.496
1753875194.3;2.0;49.20424653;18.7549403;387.8598;42.1353;17.0;0.7;57.523
1753875194.31;2.0;49.20424652;18.75494031;387.8597;42.1353;17.0;0.7;57.527
1753875194.32;2.0;49.2042465;18.75494031;387.8598;42.1353;17.0;0.7;57.541
1753875194.33;2.0;49.20424649;18.75494032;387.8593;42.1353;17.0;0.7;57.576
1753875194.34;2.0;49.20424648;18.75494033;387.8588;42.1353;17.0;0.7;57.612
1753875194.35;2.0;49.20424647;18.75494033;387.8586;42.1353;17.0;0.7;57.629
1753875194.36;2.0;49.20424646;18.75494034;387.8589;42.1353;17.0;0.7;57.6
1753875194.37;2.0;49.20424645;18.75494035;387.8587;42.1353;17.0;0.7;57.57
1753875194.38;2.0;49.20424643;18.75494035;387.8582;42.1353;17.0;0.7;57.567
1753875194.39;2.0;49.20424643;18.75494037;387.8585;42.1353;17.0;0.7;57.599
1753875194.4;2.0;49.20424641;18.75494038;387.8593;42.1353;17.0;0.7;57.631
1753875194.41;2.0;49.2042464;18.75494039;387.8597;42.1353;17.0;0.7;57.653
1753875194.42;2.0;49.20424639;18.75494039;387.8599;42.1353;17.0;0.7;57.695
1753875194.43;2.0;49.20424638;18.7549404;387.8598;42.1353;17.0;0.7;57.742
1753875194.44;2.0;49.20424637;18.7549404;387.8592;42.1353;17.0;0.7;57.758
1753875194.45;2.0;49.20424637;18.75494041;387.8594;42.1353;17.0;0.7;57.785
1753875194.46;2.0;49.20424635;18.75494042;387.8595;42.1353;17.0;0.7;57.8
1753875194.47;2.0;49.20424634;18.75494042;387.8603;42.1353;17.0;0.7;57.793
1753875194.48;2.0;49.20424633;18.75494042;387.8614;42.1353;17.0;0.7;57.785
1753875194.49;2.0;49.20424632;18.75494042;387.862;42.1353;17.0;0.7;57.757
1753875194.5;2.0;49.2042463;18.75494042;387.8619;42.1353;17.0;0.7;57.764
1753875194.51;2.0;49.2042463;18.75494043;387.8617;42.1353;17.0;0.7;57.767
1753875194.52;2.0;49.20424629;18.75494044;387.8615;42.1353;17.0;0.7;57.769
1753875194.53;2.0;49.20424628;18.75494044;387.8613;42.1353;17.0;0.7;57.779
1753875194.54;2.0;49.20424627;18.75494044;387.8607;42.1353;17.0;0.7;57.769
1753875194.55;2.0;49.20424626;18.75494044;387.86;42.1353;17.0;0.7;57.73
1753875194.56;2.0;49.20424625;18.75494045;387.8601;42.1353;17.0;0.7;57.706
1753875194.57;2.0;49.20424623;18.75494046;387.861;42.1353;17.0;0.7;57.667
1753875194.58;2.0;49.20424621;18.75494048;387.861;42.1353;17.0;0.7;57.632
1753875194.59;2.0;49.2042462;18.75494049;387.8608;42.1353;17.0;0.7;57.584
1753875194.6;2.0;49.20424618;18.7549405;387.8607;42.1353;17.0;0.7;57.554
1753875194.61;2.0;49.20424618;18.75494051;387.8599;42.1353;17.0;0.7;57.558
1753875194.62;2.0;49.20424617;18.75494052;387.8591;42.1353;17.0;0.7;57.565
1753875194.63;2.0;49.20424615;18.75494054;387.8586;42.1353;17.0;0.7;57.557
1753875194.64;2.0;49.20424614;18.75494055;387.858;42.1353;17.0;0.7;57.559
1753875194.65;2.0;49.20424613;18.75494056;387.8575;42.1353;17.0;0.7;57.538
1753875194.66;2.0;49.20424612;18.75494056;387.8575;42.1353;17.0;0.7;57.517
1753875194.67;2.0;49.20424611;18.75494056;387.8573;42.1353;17.0;0.7;57.557
1753875194.68;2.0;49.2042461;18.75494056;387.8571;42.1353;17.0;0.7;57.619
1753875194.69;2.0;49.20424609;18.75494056;387.8569;42.1353;17.0;0.7;57.638
1753875194.7;2.0;49.20424607;18.75494055;387.8567;42.1353;17.0;0.7;57.635
1753875194.71;2.0;49.20424606;18.75494054;387.8566;42.1353;17.0;0.7;57.623
1753875194.72;2.0;49.20424605;18.75494054;387.8564;42.1353;17.0;0.7;57.638
1753875194.73;2.0;49.20424604;18.75494055;387.8553;42.1353;17.0;0.7;57.629
1753875194.74;2.0;49.20424603;18.75494055;387.8551;42.1353;17.0;0.7;57.607
1753875194.75;2.0;49.20424602;18.75494054;387.8549;42.1353;17.0;0.7;57.622
1753875194.76;2.0;49.20424601;18.75494054;387.8547;42.1353;17.0;0.7;57.668
1753875194.77;2.0;49.20424599;18.75494054;387.8543;42.1353;17.0;0.7;57.719
1753875194.78;2.0;49.20424598;18.75494054;387.8536;42.1353;17.0;0.7;57.756
1753875194.79;2.0;49.20424597;18.75494053;387.8535;42.1353;17.0;0.7;57.789
1753875194.8;2.0;49.20424595;18.75494053;387.854;42.1353;17.0;0.7;57.818
1753875194.81;2.0;49.20424594;18.75494053;387.8545;42.1353;17.0;0.7;57.85
1753875194.82;2.0;49.20424593;18.75494053;387.8545;42.1353;17.0;0.7;57.836
1753875194.83;2.0;49.20424591;18.75494053;387.8539;42.1353;17.0;0.7;57.823
1753875194.84;2.0;49.2042459;18.75494053;387.8534;42.1353;17.0;0.7;57.824
1753875194.85;2.0;49.20424588;18.75494053;387.8524;42.1353;17.0;0.7;57.838
1753875194.86;2.0;49.20424587;18.75494053;387.8514;42.1353;17.0;0.7;57.846
1753875194.87;2.0;49.20424586;18.75494053;387.8506;42.1353;17.0;0.7;57.801
1753875194.88;2.0;49.20424584;18.75494052;387.85;42.1353;17.0;0.7;57.768
1753875194.89;2.0;49.20424583;18.75494052;387.8499;42.1353;17.0;0.7;57.744
1753875194.9;2.0;49.20424581;18.75494052;387.8497;42.1353;17.0;0.7;57.737
1753875194.91;2.0;49.2042458;18.75494052;387.8493;42.1353;17.0;0.7;57.684
1753875194.92;2.0;49.20424578;18.75494052;387.8497;42.1353;17.0;0.7;57.657
1753875194.93;2.0;49.20424577;18.75494052;387.8497;42.1353;17.0;0.7;57.667
1753875194.94;2.0;49.20424576;18.75494052;387.8493;42.1353;17.0;0.7;57.669
1753875194.95;2.0;49.20424575;18.75494052;387.8495;42.1353;17.0;0.7;57.665
1753875194.96;2.0;49.20424573;18.75494051;387.8503;42.1353;17.0;0.7;57.627
1753875194.97;2.0;49.20424572;18.75494051;387.8508;42.1353;17.0;0.7;57.588
1753875194.98;2.0;49.20424571;18.75494052;387.8508;42.1353;17.0;0.7;57.546
1753875194.99;2.0;49.20424569;18.75494052;387.8509;42.1353;17.0;0.7;57.558
1753875195.0;2.0;49.20424568;18.75494052;387.8512;42.1353;17.0;0.7;57.555
1753875195.01;2.0;49.20424567;18.75494052;387.851;42.1353;17.0;0.7;57.526
1753875195.02;2.0;49.20424565;18.75494052;387.8507;42.1353;17.0;0.7;57.524
1753875195.03;2.0;49.20424564;18.75494052;387.851;42.1353;17.0;0.7;57.508
1753875195.04;2.0;49.20424563;18.75494052;387.8512;42.1353;17.0;0.7;57.459
1753875195.05;2.0;49.20424562;18.75494052;387.8514;42.1353;17.0;0.7;57.428
1753875195.06;2.0;49.2042456;18.75494052;387.8518;42.1353;17.0;0.7;57.413
1753875195.07;2.0;49.20424559;18.75494052;387.8522;42.1353;17.0;0.7;57.407
1753875195.08;2.0;49.20424558;18.75494052;387.8524;42.1353;17.0;0.7;57.427
1753875195.09;2.0;49.20424557;18.75494052;387.8524;42.1353;17.0;0.7;57.419
1753875195.1;2.0;49.20424556;18.75494052;387.8529;42.1353;17.0;0.7;57.356
1753875195.11;2.0;49.20424554;18.75494052;387.8532;42.1353;17.0;0.7;57.289
1753875195.12;2.0;49.20424553;18.75494054;387.8533;42.1353;17.0;0.7;57.273
1753875195.13;2.0;49.20424551;18.75494056;387.8533;42.1353;17.0;0.7;57.279
1753875195.14;2.0;49.2042455;18.75494057;387.853;42.1353;17.0;0.7;57.218
1753875195.15;2.0;49.20424548;18.75494058;387.8532;42.1353;17.0;0.7;57.201
1753875195.16;2.0;49.20424546;18.7549406;387.8536;42.1353;17.0;0.7;57.2
1753875195.17;2.0;49.20424545;18.75494061;387.8532;42.1353;17.0;0.7;57.195
1753875195.18;2.0;49.20424543;18.75494061;387.8528;42.1353;17.0;0.7;57.156
1753875195.19;2.0;49.20424542;18.75494063;387.8512;42.1353;17.0;0.7;57.16
1753875195.2;2.0;49.20424541;18.75494064;387.8503;42.1353;17.0;0.7;57.231
1753875195.21;2.0;49.2042454;18.75494064;387.8499;42.1353;17.0;0.7;57.256
1753875195.22;2.0;49.20424539;18.75494064;387.8492;42.1353;17.0;0.7;57.26
1753875195.23;2.0;49.20424538;18.75494064;387.8491;42.1353;17.0;0.7;57.252
1753875195.24;2.0;49.20424537;18.75494065;387.8489;42.1353;17.0;0.7;57.293
1753875195.25;2.0;49.20424535;18.75494065;387.8491;42.1353;17.0;0.7;57.336
1753875195.26;2.0;49.20424534;18.75494065;387.8488;42.1353;17.0;0.7;57.365
1753875195.27;2.0;49.20424532;18.75494065;387.8481;42.1353;17.0;0.7;57.382
1753875195.28;2.0;49.20424531;18.75494065;387.8474;42.1353;17.0;0.7;57.4
1753875195.29;2.0;49.20424529;18.75494066;387.8468;42.1353;17.0;0.7;57.44
1753875195.3;2.0;49.20424527;18.75494066;387.8464;42.1353;17.0;0.7;57.457
1753875195.31;2.0;49.20424526;18.75494066;387.8461;42.1353;17.0;0.7;57.507
1753875195.32;2.0;49.20424524;18.75494066;387.8458;42.1353;17.0;0.7;57.568
1753875195.33;2.0;49.20424523;18.75494067;387.8453;42.1353;17.0;0.7;57.614
1753875195.34;2.0;49.20424522;18.75494067;387.8449;42.1353;17.0;0.7;57.64
1753875195.35;2.0;49.2042452;18.75494068;387.8448;42.1353;17.0;0.7;57.7
1753875195.36;2.0;49.20424519;18.75494068;387.8443;42.1353;17.0;0.7;57.732
1753875195.37;2.0;49.20424517;18.75494068;387.8434;42.1353;17.0;0.7;57.761
1753875195.38;2.0;49.20424516;18.75494068;387.8423;42.1353;17.0;0.7;57.774
1753875195.39;2.0;49.20424514;18.75494068;387.8416;42.1353;17.0;0.7;57.804
1753875195.4;2.0;49.20424512;18.75494069;387.8408;42.1353;17.0;0.7;57.832
1753875195.41;2.0;49.20424511;18.75494069;387.8397;42.1353;17.0;0.7;57.852
1753875195.42;2.0;49.20424509;18.75494069;387.8394;42.1353;17.0;0.7;57.884
1753875195.43;2.0;49.20424508;18.75494069;387.8388;42.1353;17.0;0.7;57.866
1753875195.44;2.0;49.20424506;18.75494069;387.8382;42.1353;17.0;0.7;57.823
1753875195.45;2.0;49.20424505;18.75494069;387.8377;42.1353;17.0;0.7;57.808
1753875195.46;2.0;49.20424503;18.75494069;387.8373;42.1353;17.0;0.7;57.788
1753875195.47;2.0;49.20424501;18.75494069;387.8367;42.1353;17.0;0.7;57.785
1753875195.48;2.0;49.20424499;18.75494069;387.8365;42.1353;17.0;0.7;57.775
1753875195.49;2.0;49.20424498;18.75494068;387.8361;42.1353;17.0;0.7;57.791
1753875195.5;2.0;49.20424497;18.75494068;387.8353;42.1353;17.0;0.7;57.771
1753875195.51;2.0;49.20424495;18.75494068;387.8349;42.1353;17.0;0.7;57.757
1753875195.52;2.0;49.20424494;18.75494068;387.8341;42.1353;17.0;0.7;57.768
1753875195.53;2.0;49.20424492;18.75494068;387.8332;42.1353;17.0;0.7;57.784
1753875195.54;2.0;49.20424491;18.75494068;387.8325;42.1353;17.0;0.7;57.706
1753875195.55;2.0;49.20424489;18.75494068;387.8321;42.1353;17.0;0.7;57.623
1753875195.56;2.0;49.20424487;18.75494068;387.8318;42.1353;17.0;0.7;57.588
1753875195.57;2.0;49.20424486;18.75494068;387.8317;42.1353;17.0;0.7;57.555
1753875195.58;2.0;49.20424484;18.75494069;387.8315;42.1353;17.0;0.7;57.523
1753875195.59;2.0;49.20424483;18.75494069;387.8308;42.1353;17.0;0.7;57.502
1753875195.6;2.0;49.20424482;18.75494069;387.8305;42.1353;17.0;0.7;57.439
1753875195.61;2.0;49.20424481;18.75494069;387.8302;42.1353;17.0;0.7;57.38
1753875195.62;2.0;49.20424479;18.75494069;387.8301;42.1353;17.0;0.7;57.38
1753875195.63;2.0;49.20424478;18.7549407;387.8293;42.1353;17.0;0.7;57.334
1753875195.64;2.0;49.20424477;18.7549407;387.8291;42.1353;17.0;0.7;57.273
1753875195.65;2.0;49.20424475;18.75494071;387.8287;42.1353;17.0;0.7;57.242
1753875195.66;2.0;49.20424474;18.75494071;387.8284;42.1353;17.0;0.7;57.172
1753875195.67;2.0;49.20424472;18.75494072;387.8278;42.1353;17.0;0.7;57.115
1753875195.68;2.0;49.20424471;18.75494072;387.8273;42.1353;17.0;0.7;57.079
1753875195.69;2.0;49.20424469;18.75494072;387.827;42.1353;17.0;0.7;57.095
1753875195.7;2.0;49.20424468;18.75494072;387.8262;42.1353;17.0;0.7;57.1
1753875195.71;2.0;49.20424466;18.75494072;387.8256;42.1353;17.0;0.7;57.136
1753875195.72;2.0;49.20424465;18.75494073;387.8245;42.1353;17.0;0.7;57.152
1753875195.73;2.0;49.20424464;18.75494074;387.8234;42.1353;17.0;0.7;57.163
1753875195.74;2.0;49.20424463;18.75494075;387.8224;42.1353;17.0;0.7;57.197
1753875195.75;2.0;49.20424461;18.75494076;387.8215;42.1353;17.0;0.7;57.254
1753875195.76;2.0;49.2042446;18.75494077;387.821;42.1353;17.0;0.7;57.289
1753875195.77;2.0;49.20424459;18.75494077;387.8203;42.1353;17.0;0.7;57.315
1753875195.78;2.0;49.20424457;18.75494078;387.8201;42.1353;17.0;0.7;57.335
1753875195.79;2.0;49.20424456;18.75494078;387.8196;42.1353;17.0;0.7;57.307
1753875195.8;2.0;49.20424455;18.75494079;387.8189;42.1353;17.0;0.7;57.307
1753875195.81;2.0;49.20424453;18.7549408;387.8182;42.1353;17.0;0.7;57.31
1753875195.82;2.0;49.20424452;18.7549408;387.8174;42.1353;17.0;0.7;57.341
1753875195.83;2.0;49.20424451;18.75494081;387.8161;42.1353;17.0;0.7;57.382
1753875195.84;2.0;49.2042445;18.75494081;387.815;42.1353;17.0;0.7;57.464
1753875195.85;2.0;49.20424448;18.75494081;387.8144;42.1353;17.0;0.7;57.533
1753875195.86;2.0;49.20424447;18.75494082;387.8138;42.1353;17.0;0.7;57.576
1753875195.87;2.0;49.20424446;18.75494083;387.8133;42.1353;17.0;0.7;57.636
1753875195.88;2.0;49.20424445;18.75494084;387.8123;42.1353;17.0;0.7;57.684
1753875195.89;2.0;49.20424443;18.75494085;387.8115;42.1353;17.0;0.7;57.727
1753875195.9;2.0;49.20424442;18.75494086;387.8113;42.1353;17.0;0.7;57.749
1753875195.91;2.0;49.20424441;18.75494087;387.8111;42.1353;17.0;0.7;57.775
1753875195.92;2.0;49.2042444;18.75494088;387.8103;42.1353;17.0;0.7;57.795
1753875195.93;2.0;49.20424438;18.75494088;387.8097;42.1353;17.0;0.7;57.819
1753875195.94;2.0;49.20424437;18.75494089;387.8099;42.1353;17.0;0.7;57.838
1753875195.95;2.0;49.20424435;18.75494089;387.8101;42.1353;17.0;0.7;57.834
1753875195.96;2.0;49.20424434;18.7549409;387.8102;42.1353;17.0;0.7;57.808
1753875195.97;2.0;49.20424433;18.7549409;387.8098;42.1353;17.0;0.7;57.782
1753875195.98;2.0;49.20424432;18.75494091;387.8097;42.1353;17.0;0.7;57.745
1753875195.99;2.0;49.20424431;18.75494091;387.8093;42.1353;17.0;0.7;57.703
1753875196.0;2.0;49.20424429;18.75494091;387.8082;42.1353;17.0;0.7;57.691
1753875196.01;2.0;49.20424428;18.75494092;387.8073;42.1353;17.0;0.7;57.662
1753875196.02;2.0;49.20424427;18.75494093;387.8064;42.1353;17.0;0.7;57.639
1753875196.03;2.0;49.20424425;18.75494093;387.8057;42.1353;17.0;0.7;57.608
1753875196.04;2.0;49.20424424;18.75494094;387.8048;42.1353;17.0;0.7;57.559
1753875196.05;2.0;49.20424423;18.75494094;387.8039;42.1353;17.0;0.7;57.524
1753875196.06;2.0;49.20424421;18.75494095;387.8029;42.1353;17.0;0.7;57.516
1753875196.07;2.0;49.2042442;18.75494095;387.8023;42.1353;17.0;0.7;57.481
1753875196.08;2.0;49.20424418;18.75494095;387.8017;42.1353;17.0;0.7;57.437
1753875196.09;2.0;49.20424417;18.75494096;387.801;42.1353;17.0;0.7;57.385
1753875196.1;2.0;49.20424416;18.75494098;387.7998;42.1353;17.0;0.7;57.312
1753875196.11;2.0;49.20424415;18.75494098;387.7987;42.1353;17.0;0.7;57.264
1753875196.12;2.0;49.20424414;18.75494099;387.7983;42.1353;17.0;0.7;57.224
1753875196.13;2.0;49.20424412;18.75494099;387.7983;42.1353;17.0;0.7;57.224
1753875196.14;2.0;49.20424411;18.754941;387.7975;42.1353;17.0;0.7;57.239
1753875196.15;2.0;49.2042441;18.754941;387.7971;42.1353;17.0;0.7;57.257
1753875196.16;2.0;49.20424408;18.75494101;387.7967;42.1353;17.0;0.7;57.26
1753875196.17;2.0;49.20424407;18.75494102;387.7956;42.1353;17.0;0.7;57.257
1753875196.18;2.0;49.20424406;18.75494103;387.7945;42.1353;17.0;0.7;57.248
1753875196.19;2.0;49.20424405;18.75494104;387.7939;42.1353;17.0;0.7;57.238
1753875196.2;2.0;49.20424405;18.75494105;387.7931;42.1353;17.0;0.7;57.249
1753875196.21;2.0;49.20424404;18.75494105;387.7925;42.1353;17.0;0.7;57.253
1753875196.22;2.0;49.20424402;18.75494106;387.7927;42.1353;17.0;0.7;57.258
1753875196.23;2.0;49.20424402;18.75494107;387.7931;42.1353;17.0;0.7;57.242
1753875196.24;2.0;49.20424401;18.75494108;387.7929;42.1353;17.0;0.7;57.252
1753875196.25;2.0;49.204244;18.75494108;387.792;42.1353;17.0;0.7;57.281
1753875196.26;2.0;49.204244;18.75494109;387.7909;42.1353;17.0;0.7;57.31
1753875196.27;2.0;49.20424399;18.75494111;387.7906;42.1353;17.0;0.7;57.325
1753875196.28;2.0;49.20424399;18.75494112;387.7901;42.1353;17.0;0.7;57.321
1753875196.29;2.0;49.20424398;18.75494112;387.7896;42.1353;17.0;0.7;57.303
1753875196.3;2.0;49.20424398;18.75494112;387.7891;42.1353;17.0;0.7;57.322
1753875196.31;2.0;49.20424397;18.75494113;387.7883;42.1353;17.0;0.7;57.401
1753875196.32;2.0;49.20424396;18.75494114;387.7878;42.1353;17.0;0.7;57.452
1753875196.33;2.0;49.20424395;18.75494114;387.7875;42.1353;17.0;0.7;57.509
1753875196.34;2.0;49.20424395;18.75494115;387.7868;42.1353;17.0;0.7;57.565
1753875196.35;2.0;49.20424394;18.75494116;387.7862;42.1353;17.0;0.7;57.634
1753875196.36;2.0;49.20424393;18.75494117;387.7856;42.1353;17.0;0.7;57.695
1753875196.37;2.0;49.20424393;18.75494118;387.785;42.1353;17.0;0.7;57.69
1753875196.38;2.0;49.20424392;18.75494119;387.7842;42.1353;17.0;0.7;57.684
1753875196.39;2.0;49.20424391;18.7549412;387.7835;42.1353;17.0;0.7;57.663
1753875196.4;2.0;49.2042439;18.75494121;387.7823;42.1353;17.0;0.7;57.638
1753875196.41;2.0;49.20424389;18.75494122;387.7811;42.1353;17.0;0.7;57.626
1753875196.42;2.0;49.20424389;18.75494123;387.7804;42.1353;17.0;0.7;57.616
1753875196.43;2.0;49.20424388;18.75494124;387.7798;42.1353;17.0;0.7;57.636
1753875196.44;2.0;49.20424387;18.75494125;387.7799;42.1353;17.0;0.7;57.663
1753875196.45;2.0;49.20424386;18.75494126;387.7796;42.1353;17.0;0.7;57.67
1753875196.46;2.0;49.20424385;18.75494128;387.779;42.1353;17.0;0.7;57.644
1753875196.47;2.0;49.20424385;18.75494129;387.7781;42.1353;17.0;0.7;57.653
1753875196.48;2.0;49.20424383;18.75494129;387.7786;42.1353;17.0;0.7;57.642
1753875196.49;2.0;49.20424383;18.7549413;387.7786;42.1353;17.0;0.7;57.652
1753875196.5;2.0;49.20424382;18.75494132;387.7778;42.1353;17.0;0.7;57.636
1753875196.51;2.0;49.20424381;18.75494133;387.7775;42.1353;17.0;0.7;57.591
1753875196.52;2.0;49.2042438;18.75494134;387.7773;42.1353;17.0;0.7;57.544
1753875196.53;2.0;49.20424379;18.75494134;387.7777;42.1353;17.0;0.7;57.524
1753875196.54;2.0;49.20424379;18.75494135;387.7774;42.1353;17.0;0.7;57.5
1753875196.55;2.0;49.20424378;18.75494137;387.7765;42.1353;17.0;0.7;57.478
1753875196.56;2.0;49.20424377;18.75494138;387.7761;42.1353;17.0;0.7;57.456
1753875196.57;2.0;49.20424377;18.75494139;387.7762;42.1353;17.0;0.7;57.439
1753875196.58;2.0;49.20424376;18.7549414;387.776;42.1353;17.0;0.7;57.418
1753875196.59;2.0;49.20424375;18.75494141;387.7757;42.1353;17.0;0.7;57.39
1753875196.6;2.0;49.20424374;18.75494142;387.775;42.1353;17.0;0.7;57.364
1753875196.61;2.0;49.20424373;18.75494143;387.7745;42.1353;17.0;0.7;57.347
1753875196.62;2.0;49.20424372;18.75494144;387.7742;42.1353;17.0;0.7;57.332
1753875196.63;2.0;49.20424371;18.75494145;387.7739;42.1353;17.0;0.7;57.305
1753875196.64;2.0;49.2042437;18.75494146;387.7733;42.1353;17.0;0.7;57.263
1753875196.65;2.0;49.20424368;18.75494147;387.772;42.1353;17.0;0.7;57.202
1753875196.66;2.0;49.20424367;18.75494149;387.7711;42.1353;17.0;0.7;57.155
1753875196.67;2.0;49.20424365;18.7549415;387.7707;42.1353;17.0;0.7;57.131
1753875196.68;2.0;49.20424364;18.75494152;387.7703;42.1353;17.0;0.7;57.094
1753875196.69;2.0;49.20424363;18.75494153;387.7689;42.1353;17.0;0.7;57.072
1753875196.7;2.0;49.20424362;18.75494155;387.7675;42.1353;17.0;0.7;57.08
1753875196.71;2.0;49.20424361;18.75494156;387.7669;42.1353;17.0;0.7;57.079
1753875196.72;2.0;49.20424359;18.75494158;387.7667;42.1353;17.0;0.7;57.079
1753875196.73;2.0;49.20424358;18.75494159;387.766;42.1353;17.0;0.7;57.084
1753875196.74;2.0;49.20424357;18.7549416;387.7652;42.1353;17.0;0.7;57.117
1753875196.75;2.0;49.20424355;18.75494162;387.7644;42.1353;17.0;0.7;57.135
1753875196.76;2.0;49.20424354;18.75494164;387.7632;42.1353;17.0;0.7;57.128
1753875196.77;2.0;49.20424353;18.75494165;387.7619;42.1353;17.0;0.7;57.148
1753875196.78;2.0;49.20424351;18.75494166;387.7611;42.1353;17.0;0.7;57.168
1753875196.79;2.0;49.2042435;18.75494168;387.7597;42.1353;17.0;0.7;57.214
1753875196.8;2.0;49.20424348;18.75494169;387.7582;42.1353;17.0;0.7;57.264
1753875196.81;2.0;49.20424347;18.7549417;387.7571;42.1353;17.0;0.7;57.266
1753875196.82;2.0;49.20424346;18.75494172;387.7559;42.1353;17.0;0.7;57.282
1753875196.83;2.0;49.20424345;18.75494173;387.7548;42.1353;17.0;0.7;57.358
1753875196.84;2.0;49.20424344;18.75494174;387.7536;42.1353;17.0;0.7;57.391
1753875196.85;2.0;49.20424343;18.75494176;387.7529;42.1353;17.0;0.7;57.428
1753875196.86;2.0;49.20424341;18.75494177;387.7523;42.1353;17.0;0.7;57.497
1753875196.87;2.0;49.2042434;18.75494178;387.7518;42.1353;17.0;0.7;57.547
1753875196.88;2.0;49.20424339;18.7549418;387.7507;42.1353;17.0;0.7;57.591
1753875196.89;2.0;49.20424337;18.75494181;387.75;42.1353;17.0;0.7;57.614
1753875196.9;2.0;49.20424336;18.75494182;387.7494;42.1353;17.0;0.7;57.623
1753875196.91;2.0;49.20424335;18.75494183;387.7491;42.1353;17.0;0.7;57.617
1753875196.92;2.0;49.20424333;18.75494185;387.7487;42.1353;17.0;0.7;57.629
1753875196.93;2.0;49.20424332;18.75494186;387.7484;42.1353;17.0;0.7;57.665
1753875196.94;2.0;49.2042433;18.75494188;387.7477;42.1353;17.0;0.7;57.671
1753875196.95;2.0;49.20424329;18.75494189;387.7461;42.1353;17.0;0.7;57.711
1753875196.96;2.0;49.20424328;18.75494191;387.7445;42.1353;17.0;0.7;57.736
1753875196.97;2.0;49.20424328;18.75494192;387.7437;42.1353;17.0;0.7;57.744
1753875196.98;2.0;49.20424327;18.75494193;387.7432;42.1353;17.0;0.7;57.76
1753875196.99;2.0;49.20424326;18.75494194;387.7422;42.1353;17.0;0.7;57.782
1753875197.0;2.0;49.20424325;18.75494195;387.7413;42.1353;17.0;0.7;57.789
1753875197.01;2.0;49.20424324;18.75494195;387.7405;42.1353;17.0;0.7;57.763
1753875197.02;2.0;49.20424323;18.75494196;387.7394;42.1353;17.0;0.7;57.76
1753875197.03;2.0;49.20424321;18.75494197;387.7379;42.1353;17.0;0.7;57.733
1753875197.04;2.0;49.20424319;18.75494198;387.7373;42.1353;17.0;0.7;57.671
1753875197.05;2.0;49.20424318;18.75494199;387.7368;42.1353;17.0;0.7;57.622
1753875197.06;2.0;49.20424316;18.754942;387.7363;42.1353;17.0;0.7;57.566
1753875197.07;2.0;49.20424315;18.75494202;387.7353;42.1353;17.0;0.7;57.496
1753875197.08;2.0;49.20424313;18.75494203;387.7339;42.1353;17.0;0.7;57.455
1753875197.09;2.0;49.20424311;18.75494203;387.7334;42.1353;17.0;0.7;57.408
1753875197.1;2.0;49.2042431;18.75494205;387.7331;42.1353;17.0;0.7;57.404
1753875197.11;2.0;49.20424309;18.75494206;387.7333;42.1353;17.0;0.7;57.411
1753875197.12;2.0;49.20424307;18.75494208;387.7328;42.1353;17.0;0.7;57.406
1753875197.13;2.0;49.20424306;18.75494209;387.7323;42.1353;17.0;0.7;57.381
1753875197.14;2.0;49.20424304;18.7549421;387.7317;42.1353;17.0;0.7;57.357
1753875197.15;2.0;49.20424302;18.7549421;387.7312;42.1353;17.0;0.7;57.364
1753875197.16;2.0;49.20424301;18.75494211;387.7302;42.1353;17.0;0.7;57.359
1753875197.17;2.0;49.20424299;18.75494212;387.7297;42.1353;17.0;0.7;57.308
1753875197.18;2.0;49.20424297;18.75494213;387.7298;42.1353;17.0;0.7;57.28
1753875197.19;2.0;49.20424295;18.75494213;387.73;42.1353;17.0;0.7;57.274
1753875197.2;2.0;49.20424294;18.75494214;387.7298;42.1353;17.0;0.7;57.268
1753875197.21;2.0;49.20424292;18.75494214;387.7292;42.1353;17.0;0.7;57.305
1753875197.22;2.0;49.20424291;18.75494215;387.7284;42.1353;17.0;0.7;57.348
1753875197.23;2.0;49.20424289;18.75494215;387.7278;42.1353;17.0;0.7;57.347
1753875197.24;2.0;49.20424287;18.75494215;387.7272;42.1353;17.0;0.7;57.336
1753875197.25;2.0;49.20424285;18.75494215;387.7267;42.1353;17.0;0.7;57.354
1753875197.26;2.0;49.20424284;18.75494215;387.7255;42.1353;17.0;0.7;57.382
1753875197.27;2.0;49.20424283;18.75494216;387.7245;42.1353;17.0;0.7;57.416
1753875197.28;2.0;49.20424283;18.75494216;387.7227;42.1353;17.0;0.7;57.461
1753875197.29;2.0;49.20424281;18.75494217;387.7214;42.1353;17.0;0.7;57.5
1753875197.3;2.0;49.2042428;18.75494217;387.7221;42.1353;17.0;0.7;57.499
1753875197.31;2.0;49.20424279;18.75494218;387.7226;42.1353;17.0;0.7;57.534
1753875197.32;2.0;49.20424277;18.75494218;387.722;42.1353;17.0;0.7;57.548
1753875197.33;2.0;49.20424276;18.75494219;387.7207;42.1353;17.0;0.7;57.588
1753875197.34;2.0;49.20424275;18.7549422;387.7191;42.1353;17.0;0.7;57.596
1753875197.35;2.0;49.20424274;18.75494221;387.7181;42.1353;17.0;0.7;57.593
1753875197.36;2.0;49.20424272;18.75494222;387.7179;42.1353;17.0;0.7;57.64
1753875197.37;2.0;49.2042427;18.75494222;387.7182;42.1353;17.0;0.7;57.661
1753875197.38;2.0;49.20424268;18.75494223;387.7174;42.1353;17.0;0.7;57.628
1753875197.39;2.0;49.20424267;18.75494224;387.7172;42.1353;17.0;0.7;57.6
1753875197.4;2.0;49.20424265;18.75494224;387.7168;42.1353;17.0;0.7;57.601
1753875197.41;2.0;49.20424264;18.75494224;387.716;42.1353;17.0;0.7;57.599
1753875197.42;2.0;49.20424263;18.75494224;387.7146;42.1353;17.0;0.7;57.615
1753875197.43;2.0;49.20424261;18.75494225;387.7142;42.1353;17.0;0.7;57.627
1753875197.44;2.0;49.2042426;18.75494225;387.7134;42.1353;17.0;0.7;57.634
1753875197.45;2.0;49.20424259;18.75494226;387.7122;42.1353;17.0;0.7;57.635
1753875197.46;2.0;49.20424258;18.75494226;387.7113;42.1353;17.0;0.7;57.622
1753875197.47;2.0;49.20424257;18.75494227;387.7104;42.1353;17.0;0.7;57.632
1753875197.48;2.0;49.20424255;18.75494227;387.7092;42.1353;17.0;0.7;57.676
1753875197.49;2.0;49.20424254;18.75494228;387.7081;42.1353;17.0;0.7;57.699
1753875197.5;2.0;49.20424252;18.75494229;387.7076;42.1353;17.0;0.7;57.681
1753875197.51;2.0;49.20424251;18.7549423;387.7069;42.1353;17.0;0.7;57.633
1753875197.52;2.0;49.2042425;18.75494231;387.706;42.1353;17.0;0.7;57.593
1753875197.53;2.0;49.20424249;18.75494231;387.7051;42.1353;17.0;0.7;57.564
1753875197.54;2.0;49.20424247;18.75494231;387.7046;42.1353;17.0;0.7;57.523
1753875197.55;2.0;49.20424246;18.75494231;387.7044;42.1353;17.0;0.7;57.512
1753875197.56;2.0;49.20424244;18.75494232;387.7037;42.1353;17.0;0.7;57.487
1753875197.57;2.0;49.20424243;18.75494232;387.7028;42.1353;17.0;0.7;57.441
1753875197.58;2.0;49.20424242;18.75494233;387.7022;42.1353;17.0;0.7;57.392
1753875197.59;2.0;49.2042424;18.75494233;387.7019;42.1353;17.0;0.7;57.35
1753875197.6;2.0;49.20424239;18.75494233;387.7015;42.1353;17.0;0.7;57.306
1753875197.61;2.0;49.20424237;18.75494234;387.7007;42.1353;16.0;0.7;57.299
1753875197.62;2.0;49.20424236;18.75494234;387.7006;42.1353;16.0;0.7;57.329
1753875197.63;2.0;49.20424235;18.75494235;387.6994;42.1353;16.0;0.7;57.37
1753875197.64;2.0;49.20424234;18.75494237;387.6982;42.1353;16.0;0.7;57.445
1753875197.65;2.0;49.20424233;18.75494238;387.6976;42.1353;16.0;0.7;57.44
1753875197.66;2.0;49.20424232;18.75494239;387.6972;42.1353;16.0;0.7;57.504
1753875197.67;2.0;49.20424231;18.75494241;387.6966;42.1353;16.0;0.7;57.498
1753875197.68;2.0;49.2042423;18.75494242;387.6958;42.1353;16.0;0.7;57.542
1753875197.69;2.0;49.20424228;18.75494244;387.6948;42.1353;16.0;0.7;57.536
1753875197.7;2.0;49.20424227;18.75494246;387.6935;42.1353;16.0;0.7;57.498
1753875197.71;2.0;49.20424226;18.75494248;387.6924;42.1353;16.0;0.7;57.466
1753875197.72;2.0;49.20424225;18.75494249;387.691;42.1353;16.0;0.7;57.412
1753875197.73;2.0;49.20424224;18.7549425;387.6899;42.1353;16.0;0.7;57.417
1753875197.74;2.0;49.20424223;18.75494252;387.6887;42.1353;16.0;0.7;57.434
1753875197.75;2.0;49.20424221;18.75494254;387.6883;42.1353;16.0;0.7;57.393
1753875197.76;2.0;49.2042422;18.75494256;387.6877;42.1353;16.0;0.7;57.33
1753875197.77;2.0;49.20424219;18.75494258;387.6864;42.1353;16.0;0.7;57.274
1753875197.78;2.0;49.20424218;18.7549426;387.6848;42.1353;16.0;0.7;57.216
1753875197.79;2.0;49.20424217;18.75494262;387.684;42.1353;16.0;0.7;57.223
1753875197.8;2.0;49.20424216;18.75494263;387.6832;42.1353;16.0;0.7;57.209
1753875197.81;2.0;49.20424215;18.75494265;387.683;42.1353;16.0;0.7;57.187
1753875197.82;2.0;49.20424214;18.75494267;387.6828;42.1353;16.0;0.7;57.143
1753875197.83;2.0;49.20424212;18.75494268;387.6827;42.1353;16.0;0.7;57.103
1753875197.84;2.0;49.20424211;18.7549427;387.6824;42.1353;16.0;0.7;57.085
1753875197.85;2.0;49.2042421;18.75494271;387.6817;42.1353;16.0;0.7;57.111
1753875197.86;2.0;49.20424209;18.75494272;387.681;42.1353;16.0;0.7;57.168
1753875197.87;2.0;49.20424208;18.75494274;387.6802;42.1353;16.0;0.7;57.241
1753875197.88;2.0;49.20424206;18.75494276;387.6796;42.1353;16.0;0.7;57.267
1753875197.89;2.0;49.20424205;18.75494278;387.6793;42.1353;16.0;0.7;57.248
1753875197.9;2.0;49.20424204;18.75494279;387.6787;42.1353;16.0;0.7;57.235
1753875197.91;2.0;49.20424202;18.7549428;387.678;42.1353;16.0;0.7;57.28
1753875197.92;2.0;49.20424201;18.75494281;387.677;42.1353;16.0;0.7;57.336
1753875197.93;2.0;49.204242;18.75494283;387.6758;42.1353;16.0;0.7;57.361
1753875197.94;2.0;49.204242;18.75494284;387.6747;42.1353;16.0;0.7;57.398
1753875197.95;2.0;49.20424199;18.75494285;387.6741;42.1353;16.0;0.7;57.408
1753875197.96;2.0;49.20424199;18.75494287;387.6733;42.1353;16.0;0.7;57.437
1753875197.97;2.0;49.20424198;18.75494288;387.6724;42.1353;16.0;0.7;57.468
1753875197.98;2.0;49.20424197;18.75494289;387.6721;42.1353;16.0;0.7;57.494
1753875197.99;2.0;49.20424196;18.75494291;387.672;42.1353;16.0;0.7;57.499
1753875198.0;2.0;49.20424194;18.75494293;387.6721;42.1353;16.0;0.7;57.493
1753875198.01;2.0;49.20424193;18.75494294;387.6718;42.1353;16.0;0.7;57.476
1753875198.02;2.0;49.20424192;18.75494296;387.6709;42.1353;16.0;0.7;57.493
1753875198.03;2.0;49.20424192;18.75494298;387.6704;42.1353;16.0;0.7;57.504
1753875198.04;2.0;49.2042419;18.754943;387.6702;42.1353;16.0;0.7;57.498
1753875198.05;2.0;49.20424189;18.75494302;387.6697;42.1353;16.0;0.7;57.437
1753875198.06;2.0;49.20424188;18.75494303;387.6687;42.1353;16.0;0.7;57.413
1753875198.07;2.0;49.20424187;18.75494305;387.6672;42.1353;16.0;0.7;57.375
1753875198.08;2.0;49.20424186;18.75494307;387.6659;42.1353;16.0;0.7;57.328
1753875198.09;2.0;49.20424185;18.75494309;387.6651;42.1353;16.0;0.7;57.313
1753875198.1;2.0;49.20424184;18.75494311;387.6643;42.1353;16.0;0.7;57.254
1753875198.11;2.0;49.20424183;18.75494314;387.663;42.1353;16.0;0.7;57.229
1753875198.12;2.0;49.20424182;18.75494316;387.6622;42.1353;16.0;0.7;57.22
1753875198.13;2.0;49.20424181;18.75494318;387.6622;42.1353;16.0;0.7;57.231
1753875198.14;2.0;49.20424179;18.7549432;387.6616;42.1353;16.0;0.7;57.221
1753875198.15;2.0;49.20424178;18.75494322;387.6607;42.1353;16.0;0.7;57.191
1753875198.16;2.0;49.20424177;18.75494324;387.6602;42.1353;16.0;0.7;57.128
1753875198.17;2.0;49.20424175;18.75494326;387.6604;42.1353;16.0;0.7;57.122
1753875198.18;2.0;49.20424173;18.75494327;387.6612;42.1353;16.0;0.7;57.13
1753875198.19;2.0;49.20424172;18.75494329;387.6615;42.1353;16.0;0.7;57.119
1753875198.2;2.0;49.2042417;18.75494331;387.6618;42.1353;16.0;0.7;57.169
1753875198.21;2.0;49.20424169;18.75494333;387.662;42.1353;16.0;0.7;57.255
1753875198.22;2.0;49.20424168;18.75494335;387.6617;42.1353;16.0;0.7;57.327
1753875198.23;2.0;49.20424167;18.75494337;387.6611;42.1353;16.0;0.7;57.329
1753875198.24;2.0;49.20424166;18.75494339;387.6608;42.1353;16.0;0.7;57.3
1753875198.25;2.0;49.20424165;18.75494341;387.6608;42.1353;16.0;0.7;57.289
1753875198.26;2.0;49.20424164;18.75494343;387.6601;42.1353;16.0;0.7;57.326
1753875198.27;2.0;49.20424163;18.75494345;387.6593;42.1353;16.0;0.7;57.38
1753875198.28;2.0;49.20424162;18.75494347;387.6583;42.1353;16.0;0.7;57.435
1753875198.29;2.0;49.2042416;18.75494349;387.6579;42.1353;16.0;0.7;57.424
1753875198.3;2.0;49.20424159;18.75494351;387.6573;42.1353;16.0;0.7;57.405
1753875198.31;2.0;49.20424158;18.75494353;387.6564;42.1353;16.0;0.7;57.353
1753875198.32;2.0;49.20424157;18.75494355;387.6563;42.1353;16.0;0.7;57.333
1753875198.33;2.0;49.20424156;18.75494356;387.657;42.1353;16.0;0.7;57.349
1753875198.34;2.0;49.20424154;18.75494358;387.6575;42.1353;16.0;0.7;57.393
1753875198.35;2.0;49.20424152;18.7549436;387.6574;42.1353;16.0;0.7;57.394
1753875198.36;2.0;49.20424151;18.75494362;387.6575;42.1353;16.0;0.7;57.379
1753875198.37;2.0;49.2042415;18.75494364;387.6575;42.1353;16.0;0.7;57.391
1753875198.38;2.0;49.20424149;18.75494365;387.6573;42.1353;16.0;0.7;57.407
1753875198.39;2.0;49.20424148;18.75494367;387.6567;42.1353;16.0;0.7;57.424
1753875198.4;2.0;49.20424147;18.75494368;387.656;42.1353;16.0;0.7;57.421
1753875198.41;2.0;49.20424146;18.7549437;387.6556;42.1353;16.0;0.7;57.401
1753875198.42;2.0;49.20424145;18.75494371;387.6554;42.1353;16.0;0.7;57.438
1753875198.43;2.0;49.20424144;18.75494372;387.6549;42.1353;16.0;0.7;57.474
1753875198.44;2.0;49.20424144;18.75494374;387.6542;42.1353;16.0;0.7;57.565
1753875198.45;2.0;49.20424143;18.75494375;387.6541;42.1353;16.0;0.7;57.662
1753875198.46;2.0;49.20424142;18.75494376;387.6541;42.1353;16.0;0.7;57.718
1753875198.47;2.0;49.20424141;18.75494378;387.6542;42.1353;16.0;0.7;57.781
1753875198.48;2.0;49.20424139;18.75494379;387.654;42.1353;16.0;0.7;57.832
1753875198.49;2.0;49.20424138;18.75494381;387.6541;42.1353;16.0;0.7;57.862
1753875198.5;2.0;49.20424137;18.75494382;387.6543;42.1353;16.0;0.7;57.905
1753875198.51;2.0;49.20424135;18.75494383;387.654;42.1353;16.0;0.7;57.934
1753875198.52;2.0;49.20424134;18.75494384;387.6539;42.1353;16.0;0.7;57.919
1753875198.53;2.0;49.20424133;18.75494385;387.6533;42.1353;16.0;0.7;57.924
1753875198.54;2.0;49.20424132;18.75494387;387.6524;42.1353;16.0;0.7;57.963
1753875198.55;2.0;49.2042413;18.75494388;387.652;42.1353;16.0;0.7;57.928
1753875198.56;2.0;49.20424128;18.75494389;387.6516;42.1353;16.0;0.7;57.914
1753875198.57;2.0;49.20424127;18.75494391;387.6512;42.1353;16.0;0.7;57.907
1753875198.58;2.0;49.20424126;18.75494392;387.6509;42.1353;16.0;0.7;57.91
1753875198.59;2.0;49.20424124;18.75494394;387.6509;42.1353;16.0;0.7;57.88
1753875198.6;2.0;49.20424122;18.75494396;387.6506;42.1353;16.0;0.7;57.821
1753875198.61;2.0;49.2042412;18.75494397;387.6506;42.1353;15.0;0.7;57.804
1753875198.62;2.0;49.20424118;18.75494398;387.6504;42.1353;15.0;0.7;57.812
1753875198.63;2.0;49.20424116;18.75494399;387.6502;42.1353;15.0;0.7;57.796
1753875198.64;2.0;49.20424115;18.754944;387.6499;42.1353;15.0;0.7;57.723
1753875198.65;2.0;49.20424113;18.75494401;387.6506;42.1353;15.0;0.7;57.659
1753875198.66;2.0;49.20424111;18.75494401;387.6513;42.1353;15.0;0.7;57.629
1753875198.67;2.0;49.20424108;18.75494402;387.6518;42.1353;15.0;0.7;57.593
1753875198.68;2.0;49.20424106;18.75494403;387.6528;42.1353;15.0;0.7;57.563
1753875198.69;2.0;49.20424104;18.75494404;387.6532;42.1353;15.0;0.7;57.556
1753875198.7;2.0;49.20424103;18.75494404;387.6536;42.1353;15.0;0.7;57.531
1753875198.71;2.0;49.20424101;18.75494405;387.6532;42.1353;15.0;0.7;57.459
1753875198.72;2.0;49.204241;18.75494405;387.6524;42.1353;15.0;0.7;57.436
1753875198.73;2.0;49.20424098;18.75494406;387.6517;42.1353;15.0;0.7;57.373
1753875198.74;2.0;49.20424096;18.75494407;387.6514;42.1353;15.0;0.7;57.307
1753875198.75;2.0;49.20424095;18.75494408;387.6506;42.1353;15.0;0.7;57.216
1753875198.76;2.0;49.20424093;18.75494409;387.6502;42.1353;15.0;0.7;57.082
1753875198.77;2.0;49.2042409;18.7549441;387.6505;42.1353;15.0;0.7;57.031
1753875198.78;2.0;49.20424088;18.7549441;387.6498;42.1353;15.0;0.7;57.017
1753875198.79;2.0;49.20424087;18.75494412;387.6482;42.1353;15.0;0.7;57.011
1753875198.8;2.0;49.20424085;18.75494412;387.6465;42.1353;15.0;0.7;56.964
1753875198.81;2.0;49.20424083;18.75494412;387.6457;42.1353;15.0;0.7;56.864
1753875198.82;2.0;49.20424081;18.75494412;387.6444;42.1353;15.0;0.7;56.773
1753875198.83;2.0;49.20424079;18.75494412;387.6441;42.1353;15.0;0.7;56.652
1753875198.84;2.0;49.20424078;18.75494412;387.6436;42.1353;15.0;0.7;56.593
1753875198.85;2.0;49.20424076;18.75494412;387.6432;42.1353;15.0;0.7;56.545
1753875198.86;2.0;49.20424074;18.75494412;387.6424;42.1353;15.0;0.7;56.54
1753875198.87;2.0;49.20424072;18.75494412;387.6416;42.1353;15.0;0.7;56.539
1753875198.88;2.0;49.2042407;18.75494412;387.6411;42.1353;15.0;0.7;56.488
1753875198.89;2.0;49.20424069;18.75494412;387.6404;42.1353;15.0;0.7;56.357
1753875198.9;2.0;49.20424067;18.75494413;387.6399;42.1353;15.0;0.7;56.245
1753875198.91;2.0;49.20424065;18.75494413;387.6392;42.1353;15.0;0.7;56.171
1753875198.92;2.0;49.20424063;18.75494413;387.6387;42.1353;15.0;0.7;56.071
1753875198.93;2.0;49.20424061;18.75494414;387.6385;42.1353;15.0;0.7;55.947
1753875198.94;2.0;49.2042406;18.75494414;387.6382;42.1353;15.0;0.7;55.874
1753875198.95;2.0;49.20424058;18.75494415;387.6381;42.1353;15.0;0.7;55.831
1753875198.96;2.0;49.20424056;18.75494416;387.6376;42.1353;15.0;0.7;55.768
1753875198.97;2.0;49.20424054;18.75494417;387.637;42.1353;15.0;0.7;55.652
1753875198.98;2.0;49.20424052;18.75494418;387.6365;42.1353;15.0;0.7;55.525
1753875198.99;2.0;49.20424051;18.7549442;387.6362;42.1353;15.0;0.7;55.396
1753875199.0;2.0;49.20424049;18.75494421;387.6357;42.1353;15.0;0.7;55.317
1753875199.01;2.0;49.20424048;18.75494421;387.635;42.1353;15.0;0.7;55.223
1753875199.02;2.0;49.20424046;18.75494423;387.6335;42.1353;15.0;0.7;55.109
1753875199.03;2.0;49.20424044;18.75494424;387.6323;42.1353;15.0;0.7;54.992
1753875199.04;2.0;49.20424042;18.75494426;387.6317;42.1353;15.0;0.7;54.842
1753875199.05;2.0;49.20424041;18.75494427;387.6313;42.1353;15.0;0.7;54.745
1753875199.06;2.0;49.20424039;18.75494428;387.6303;42.1353;15.0;0.7;54.685
1753875199.07;2.0;49.20424037;18.75494429;387.6293;42.1353;15.0;0.7;54.666
1753875199.08;2.0;49.20424036;18.75494431;387.6289;42.1353;15.0;0.7;54.634
1753875199.09;2.0;49.20424034;18.75494433;387.6283;42.1353;15.0;0.7;54.563
1753875199.1;2.0;49.20424032;18.75494434;387.6274;42.1353;15.0;0.7;54.534
1753875199.11;2.0;49.2042403;18.75494437;387.6272;42.1353;15.0;0.7;54.494
1753875199.12;2.0;49.20424028;18.75494439;387.6272;42.1353;15.0;0.7;54.396
1753875199.13;2.0;49.20424027;18.75494442;387.6275;42.1353;15.0;0.7;54.26
1753875199.14;2.0;49.20424026;18.75494444;387.6268;42.1353;15.0;0.7;54.19
1753875199.15;2.0;49.20424024;18.75494446;387.626;42.1353;15.0;0.7;54.154
1753875199.16;2.0;49.20424022;18.75494448;387.6258;42.1353;15.0;0.7;54.114
1753875199.17;2.0;49.2042402;18.75494451;387.6255;42.1353;15.0;0.7;54.071
1753875199.18;2.0;49.20424019;18.75494452;387.6247;42.1353;15.0;0.7;53.985
1753875199.19;2.0;49.20424017;18.75494454;387.6244;42.1353;15.0;0.7;53.898
1753875199.2;2.0;49.20424016;18.75494456;387.624;42.1353;15.0;0.7;53.817
1753875199.21;2.0;49.20424014;18.75494457;387.6233;42.1353;15.0;0.7;53.725
1753875199.22;2.0;49.20424013;18.75494459;387.6223;42.1353;15.0;0.7;53.635
1753875199.23;2.0;49.20424011;18.7549446;387.6213;42.1353;15.0;0.7;53.532
1753875199.24;2.0;49.2042401;18.75494461;387.6207;42.1353;15.0;0.7;53.399
1753875199.25;2.0;49.20424008;18.75494462;387.6199;42.1353;15.0;0.7;53.279
1753875199.26;2.0;49.20424007;18.75494463;387.6189;42.1353;15.0;0.7;53.164
1753875199.27;2.0;49.20424005;18.75494464;387.6178;42.1353;15.0;0.7;53.061
1753875199.28;2.0;49.20424003;18.75494465;387.6167;42.1353;15.0;0.7;52.968
1753875199.29;2.0;49.20424002;18.75494465;387.616;42.1353;15.0;0.7;52.885
1753875199.3;2.0;49.20424;18.75494465;387.6158;42.1353;15.0;0.7;52.791
1753875199.31;2.0;49.20423999;18.75494466;387.6149;42.1353;15.0;0.7;52.721
1753875199.32;2.0;49.20423997;18.75494466;387.6135;42.1353;15.0;0.7;52.594
1753875199.33;2.0;49.20423995;18.75494467;387.612;42.1353;15.0;0.7;52.421
1753875199.34;2.0;49.20423994;18.75494468;387.6102;42.1353;15.0;0.7;52.247
1753875199.35;2.0;49.20423992;18.75494468;387.6078;42.1353;15.0;0.7;52.11
1753875199.36;2.0;49.2042399;18.75494468;387.6061;42.1353;15.0;0.7;51.98
1753875199.37;2.0;49.20423989;18.75494468;387.6051;42.1353;15.0;0.7;51.879
1753875199.38;2.0;49.20423987;18.75494468;387.6048;42.1353;15.0;0.7;51.767
1753875199.39;2.0;49.20423985;18.75494468;387.6041;42.1353;15.0;0.7;51.659
1753875199.4;2.0;49.20423984;18.75494468;387.6029;42.1353;15.0;0.7;51.629
1753875199.41;2.0;49.20423982;18.75494468;387.6021;42.1353;15.0;0.7;51.567
1753875199.42;2.0;49.2042398;18.75494468;387.6016;42.1353;15.0;0.7;51.471
1753875199.43;2.0;49.20423978;18.75494468;387.6008;42.1353;15.0;0.7;51.361
1753875199.44;2.0;49.20423977;18.75494469;387.6002;42.1353;15.0;0.7;51.26
1753875199.45;2.0;49.20423975;18.75494469;387.5994;42.1353;15.0;0.7;51.127
1753875199.46;2.0;49.20423974;18.75494469;387.5979;42.1353;15.0;0.7;50.981
1753875199.47;2.0;49.20423972;18.75494469;387.5968;42.1353;15.0;0.7;50.831
1753875199.48;2.0;49.20423971;18.75494469;387.5952;42.1353;15.0;0.7;50.692
1753875199.49;2.0;49.2042397;18.7549447;387.5943;42.1353;15.0;0.7;50.611
1753875199.5;2.0;49.20423968;18.75494471;387.5937;42.1353;15.0;0.7;50.489
1753875199.51;2.0;49.20423966;18.75494472;387.5938;42.1353;15.0;0.7;50.364
1753875199.52;2.0;49.20423965;18.75494472;387.5933;42.1353;15.0;0.7;50.281
1753875199.53;2.0;49.20423964;18.75494473;387.5922;42.1353;15.0;0.7;50.259
1753875199.54;2.0;49.20423962;18.75494473;387.5906;42.1353;15.0;0.7;50.199
1753875199.55;2.0;49.20423961;18.75494473;387.589;42.1353;15.0;0.7;50.139
1753875199.56;2.0;49.20423959;18.75494474;387.5878;42.1353;15.0;0.7;50.044
1753875199.57;2.0;49.20423958;18.75494475;387.5871;42.1353;15.0;0.7;49.932
1753875199.58;2.0;49.20423956;18.75494476;387.5861;42.1353;15.0;0.7;49.825
1753875199.59;2.0;49.20423955;18.75494477;387.5851;42.1353;15.0;0.7;49.717
1753875199.6;2.0;49.20423954;18.75494477;387.5843;42.1353;14.0;0.8;49.621
1753875199.61;2.0;49.20423952;18.75494478;387.5836;42.1353;14.0;0.8;49.534
1753875199.62;2.0;49.20423951;18.75494478;387.5821;42.1353;14.0;0.8;49.428
1753875199.63;2.0;49.2042395;18.75494479;387.5807;42.1353;14.0;0.8;49.336
1753875199.64;2.0;49.20423948;18.7549448;387.5792;42.1353;14.0;0.8;49.268
1753875199.65;2.0;49.20423947;18.7549448;387.578;42.1353;14.0;0.8;49.181
1753875199.66;2.0;49.20423946;18.75494482;387.5768;42.1353;14.0;0.8;49.093
1753875199.67;2.0;49.20423944;18.75494482;387.576;42.1353;14.0;0.8;49.031
1753875199.68;2.0;49.20423943;18.75494484;387.5751;42.1353;14.0;0.8;48.959
1753875199.69;2.0;49.20423942;18.75494485;387.5738;42.1353;14.0;0.8;48.902
1753875199.7;2.0;49.20423941;18.75494486;387.5721;42.1353;14.0;0.8;48.84
1753875199.71;2.0;49.2042394;18.75494488;387.5707;42.1353;14.0;0.8;48.801
1753875199.72;2.0;49.20423938;18.75494489;387.5693;42.1353;14.0;0.8;48.747
1753875199.73;2.0;49.20423937;18.7549449;387.5684;42.1353;14.0;0.8;48.685
1753875199.74;2.0;49.20423936;18.7549449;387.5671;42.1353;14.0;0.8;48.605
1753875199.75;2.0;49.20423935;18.75494491;387.5655;42.1353;14.0;0.8;48.499
1753875199.76;2.0;49.20423934;18.75494492;387.5637;42.1353;14.0;0.8;48.413
1753875199.77;2.0;49.20423933;18.75494493;387.5618;42.1353;14.0;0.8;48.361
1753875199.78;2.0;49.20423932;18.75494494;387.5597;42.1353;14.0;0.8;48.28
1753875199.79;2.0;49.20423931;18.75494494;387.5581;42.1353;14.0;0.8;48.26
1753875199.8;2.0;49.20423931;18.75494495;387.5569;42.1353;14.0;0.8;48.275
1753875199.81;2.0;49.2042393;18.75494495;387.5562;42.1353;14.0;0.8;48.287
1753875199.82;2.0;49.20423929;18.75494495;387.5551;42.1353;14.0;0.8;48.32
1753875199.83;2.0;49.20423927;18.75494495;387.5546;42.1353;14.0;0.8;48.328
1753875199.84;2.0;49.20423926;18.75494495;387.5539;42.1353;14.0;0.8;48.32
1753875199.85;2.0;49.20423925;18.75494495;387.5523;42.1353;14.0;0.8;48.339
1753875199.86;2.0;49.20423924;18.75494494;387.5516;42.1353;14.0;0.8;48.337
1753875199.87;2.0;49.20423923;18.75494494;387.5508;42.1353;14.0;0.8;48.314
1753875199.88;2.0;49.20423922;18.75494494;387.5496;42.1353;14.0;0.8;48.351
1753875199.89;2.0;49.20423921;18.75494494;387.548;42.1353;14.0;0.8;48.46
1753875199.9;2.0;49.2042392;18.75494493;387.5466;42.1353;14.0;0.8;48.527
1753875199.91;2.0;49.20423919;18.75494493;387.5455;42.1353;14.0;0.8;48.586
1753875199.92;2.0;49.20423917;18.75494492;387.5445;42.1353;14.0;0.8;48.629
1753875199.93;2.0;49.20423916;18.75494492;387.5439;42.1353;14.0;0.8;48.653
1753875199.94;2.0;49.20423915;18.75494492;387.5436;42.1353;14.0;0.8;48.675
1753875199.95;2.0;49.20423914;18.75494492;387.5439;42.1353;14.0;0.8;48.721
1753875199.96;2.0;49.20423913;18.75494491;387.5442;42.1353;14.0;0.8;48.778
1753875199.97;2.0;49.20423912;18.75494491;387.5439;42.1353;14.0;0.8;48.841
1753875199.98;2.0;49.20423911;18.75494491;387.5435;42.1353;14.0;0.8;48.865
1753875199.99;2.0;49.20423909;18.75494491;387.5431;42.1353;14.0;0.8;48.857
1753875200.0;2.0;49.20423908;18.7549449;387.5427;42.1353;14.0;0.8;48.855
1753875200.01;2.0;49.20423907;18.7549449;387.5422;42.1353;14.0;0.8;48.855
1753875200.02;2.0;49.20423906;18.7549449;387.5418;42.1353;14.0;0.8;48.842
1753875200.03;2.0;49.20423905;18.7549449;387.5414;42.1353;14.0;0.8;48.816
1753875200.04;2.0;49.20423905;18.75494489;387.5408;42.1353;14.0;0.8;48.837
1753875200.05;2.0;49.20423904;18.75494489;387.5399;42.1353;14.0;0.8;48.893
1753875200.06;2.0;49.20423904;18.75494489;387.5393;42.1353;14.0;0.8;48.913
1753875200.07;2.0;49.20423903;18.7549449;387.5382;42.1353;14.0;0.8;48.967
1753875200.08;2.0;49.20423902;18.7549449;387.5374;42.1353;14.0;0.8;48.948
1753875200.09;2.0;49.20423902;18.7549449;387.5368;42.1353;14.0;0.8;48.929
1753875200.1;2.0;49.20423901;18.7549449;387.5364;42.1353;14.0;0.8;48.942
1753875200.11;2.0;49.204239;18.7549449;387.5361;42.1353;14.0;0.8;48.956
1753875200.12;2.0;49.20423899;18.7549449;387.5361;42.1353;14.0;0.8;48.937
1753875200.13;2.0;49.20423898;18.7549449;387.5355;42.1353;14.0;0.8;48.895
1753875200.14;2.0;49.20423897;18.7549449;387.5351;42.1353;14.0;0.8;48.792
1753875200.15;2.0;49.20423895;18.75494491;387.5352;42.1353;14.0;0.8;48.725
1753875200.16;2.0;49.20423894;18.75494491;387.5349;42.1353;14.0;0.8;48.668
1753875200.17;2.0;49.20423893;18.75494492;387.5345;42.1353;14.0;0.8;48.624
1753875200.18;2.0;49.20423892;18.75494493;387.5336;42.1353;14.0;0.8;48.558
1753875200.19;2.0;49.20423891;18.75494494;387.533;42.1353;14.0;0.8;48.501
1753875200.2;2.0;49.20423891;18.75494496;387.5326;42.1353;14.0;0.8;48.442
1753875200.21;2.0;49.2042389;18.75494498;387.5322;42.1353;14.0;0.8;48.411
1753875200.22;2.0;49.20423888;18.75494501;387.5325;42.1353;14.0;0.8;48.351
1753875200.23;2.0;49.20423887;18.75494504;387.5326;42.1353;14.0;0.8;48.279
1753875200.24;2.0;49.20423885;18.75494507;387.5334;42.1353;14.0;0.8;48.254
1753875200.25;2.0;49.20423883;18.75494511;387.5339;42.1353;14.0;0.8;48.238
1753875200.26;2.0;49.20423882;18.75494515;387.5339;42.1353;14.0;0.8;48.261
1753875200.27;2.0;49.2042388;18.75494519;387.5338;42.1353;14.0;0.8;48.262
1753875200.28;2.0;49.20423878;18.75494524;387.5334;42.1353;14.0;0.8;48.271
1753875200.29;2.0;49.20423876;18.75494529;387.533;42.1353;14.0;0.8;48.287
1753875200.3;2.0;49.20423875;18.75494535;387.5324;42.1353;14.0;0.8;48.254
1753875200.31;2.0;49.20423873;18.75494542;387.5314;42.1353;14.0;0.8;48.258
1753875200.32;2.0;49.20423871;18.75494547;387.5307;42.1353;14.0;0.8;48.302
1753875200.33;2.0;49.20423869;18.75494553;387.5303;42.1353;14.0;0.8;48.364
1753875200.34;2.0;49.20423867;18.75494558;387.5302;42.1353;14.0;0.8;48.395
1753875200.35;2.0;49.20423865;18.75494563;387.5296;42.1353;14.0;0.8;48.408
1753875200.36;2.0;49.20423864;18.75494569;387.5287;42.1353;14.0;0.8;48.439
1753875200.37;2.0;49.20423862;18.75494575;387.5283;42.1353;14.0;0.8;48.41
1753875200.38;2.0;49.20423859;18.75494581;387.5275;42.1353;14.0;0.8;48.397
1753875200.39;2.0;49.20423856;18.75494587;387.5268;42.1353;14.0;0.8;48.364
1753875200.4;2.0;49.20423854;18.75494593;387.5264;42.1353;14.0;0.8;48.325
1753875200.41;2.0;49.20423852;18.75494598;387.5252;42.1353;14.0;0.8;48.299
1753875200.42;2.0;49.2042385;18.75494604;387.5235;42.1353;14.0;0.8;48.253
1753875200.43;2.0;49.20423847;18.7549461;387.5224;42.1353;14.0;0.8;48.269
1753875200.44;2.0;49.20423845;18.75494616;387.5213;42.1353;14.0;0.8;48.284
1753875200.45;2.0;49.20423842;18.75494622;387.5203;42.1353;14.0;0.8;48.231
1753875200.46;2.0;49.20423839;18.75494629;387.5194;42.1353;14.0;0.8;48.154
1753875200.47;2.0;49.20423837;18.75494635;387.5185;42.1353;14.0;0.8;48.091
1753875200.48;2.0;49.20423834;18.75494642;387.5178;42.1353;14.0;0.8;48.099
1753875200.49;2.0;49.20423831;18.75494649;387.5177;42.1353;14.0;0.8;48.122
1753875200.5;2.0;49.20423828;18.75494657;387.5172;42.1353;14.0;0.8;48.15
1753875200.51;2.0;49.20423826;18.75494664;387.5163;42.1353;14.0;0.8;48.128
1753875200.52;2.0;49.20423823;18.75494671;387.5157;42.1353;14.0;0.8;48.106
1753875200.53;2.0;49.20423821;18.75494678;387.5154;42.1353;14.0;0.8;48.122
1753875200.54;2.0;49.20423819;18.75494685;387.5142;42.1353;14.0;0.8;48.189
1753875200.55;2.0;49.20423816;18.75494692;387.5138;42.1353;14.0;0.8;48.242
1753875200.56;2.0;49.20423814;18.75494698;387.514;42.1353;14.0;0.8;48.278
1753875200.57;2.0;49.20423812;18.75494704;387.514;42.1353;13.0;0.8;48.305
1753875200.58;2.0;49.20423809;18.7549471;387.5136;42.1353;13.0;0.8;48.372
1753875200.59;2.0;49.20423806;18.75494717;387.5132;42.1353;13.0;0.8;48.437
1753875200.6;2.0;49.20423804;18.75494723;387.5122;42.1353;13.0;0.8;48.497
1753875200.61;2.0;49.20423801;18.75494729;387.5118;42.1353;13.0;0.8;48.585
1753875200.62;2.0;49.20423797;18.75494735;387.5117;42.1353;13.0;0.8;48.675
1753875200.63;2.0;49.20423794;18.75494741;387.5114;42.1353;13.0;0.8;48.748
1753875200.64;2.0;49.2042379;18.75494748;387.5116;42.1353;13.0;0.8;48.802
1753875200.65;2.0;49.20423787;18.75494755;387.512;42.1353;13.0;0.8;48.867
1753875200.66;2.0;49.20423783;18.75494762;387.5124;42.1353;13.0;0.8;48.892
1753875200.67;2.0;49.20423779;18.75494769;387.5135;42.1353;13.0;0.8;48.9
1753875200.68;2.0;49.20423775;18.75494777;387.5146;42.1353;13.0;0.8;48.901
1753875200.69;2.0;49.2042377;18.75494786;387.5151;42.1353;13.0;0.8;48.879
1753875200.7;2.0;49.20423767;18.75494794;387.5152;42.1353;13.0;0.8;48.835
1753875200.71;2.0;49.20423763;18.75494802;387.515;42.1353;13.0;0.8;48.783
1753875200.72;2.0;49.20423759;18.7549481;387.5154;42.1353;13.0;0.8;48.742
1753875200.73;2.0;49.20423755;18.75494817;387.5154;42.1353;13.0;0.8;48.689
1753875200.74;2.0;49.20423751;18.75494824;387.515;42.1353;13.0;0.8;48.628
1753875200.75;2.0;49.20423747;18.7549483;387.5144;42.1353;13.0;0.8;48.627
1753875200.76;2.0;49.20423743;18.75494836;387.5134;42.1353;13.0;0.8;48.648
1753875200.77;2.0;49.20423739;18.75494842;387.5118;42.1353;13.0;0.8;48.637
1753875200.78;2.0;49.20423735;18.75494847;387.51;42.1353;13.0;0.8;48.651
1753875200.79;2.0;49.20423732;18.75494852;387.5082;42.1353;13.0;0.8;48.623
1753875200.8;2.0;49.20423727;18.75494857;387.5067;42.1353;13.0;0.8;48.59
1753875200.81;2.0;49.20423723;18.75494863;387.5057;42.1353;13.0;0.8;48.541
1753875200.82;2.0;49.20423719;18.75494867;387.505;42.1353;13.0;0.8;48.492
1753875200.83;2.0;49.20423715;18.75494872;387.5037;42.1353;13.0;0.8;48.45
1753875200.84;2.0;49.2042371;18.75494876;387.5022;42.1353;13.0;0.8;48.424
1753875200.85;2.0;49.20423706;18.7549488;387.5004;42.1353;13.0;0.8;48.365
1753875200.86;2.0;49.20423702;18.75494884;387.4979;42.1353;13.0;0.8;48.31
1753875200.87;2.0;49.204237;18.75494888;387.4955;42.1353;13.0;0.8;48.291
1753875200.88;2.0;49.20423697;18.75494893;387.4938;42.1353;13.0;0.8;48.301
1753875200.89;2.0;49.20423694;18.75494897;387.4917;42.1353;13.0;0.8;48.32
1753875200.9;2.0;49.20423692;18.75494901;387.4896;42.1353;13.0;0.8;48.352
1753875200.91;2.0;49.20423689;18.75494904;387.4885;42.1353;13.0;0.8;48.341
1753875200.92;2.0;49.20423687;18.75494908;387.4873;42.1353;13.0;0.8;48.299
1753875200.93;2.0;49.20423685;18.75494912;387.4862;42.1353;13.0;0.8;48.291
1753875200.94;2.0;49.20423683;18.75494917;387.4848;42.1353;13.0;0.8;48.292
1753875200.95;2.0;49.2042368;18.75494922;387.4835;42.1353;13.0;0.8;48.279
1753875200.96;2.0;49.20423678;18.75494926;387.4831;42.1353;13.0;0.8;48.24
1753875200.97;2.0;49.20423675;18.75494931;387.483;42.1353;13.0;0.8;48.235
1753875200.98;2.0;49.20423673;18.75494936;387.4825;42.1353;13.0;0.8;48.198
1753875200.99;2.0;49.2042367;18.75494941;387.4824;42.1353;13.0;0.8;48.154
1753875201.0;2.0;49.20423668;18.75494945;387.483;42.1353;13.0;0.8;48.136
1753875201.01;2.0;49.20423666;18.75494949;387.4838;42.1353;13.0;0.8;48.129
1753875201.02;2.0;49.20423663;18.75494954;387.4836;42.1353;13.0;0.8;48.104
1753875201.03;2.0;49.2042366;18.75494959;387.4838;42.1353;13.0;0.8;48.074
1753875201.04;2.0;49.20423658;18.75494964;387.4835;42.1353;13.0;0.8;48.12
1753875201.05;2.0;49.20423655;18.7549497;387.4832;42.1353;13.0;0.8;48.197
1753875201.06;2.0;49.20423652;18.75494976;387.4826;42.1353;13.0;0.8;48.234
1753875201.07;2.0;49.2042365;18.75494981;387.4825;42.1353;13.0;0.8;48.244
1753875201.08;2.0;49.20423647;18.75494985;387.4827;42.1353;13.0;0.8;48.234
1753875201.09;2.0;49.20423644;18.75494991;387.4831;42.1353;13.0;0.8;48.254
1753875201.1;2.0;49.2042364;18.75494997;387.4834;42.1353;13.0;0.8;48.216
1753875201.11;2.0;49.20423636;18.75495003;387.4833;42.1353;13.0;0.8;48.164
1753875201.12;2.0;49.20423632;18.75495009;387.4828;42.1353;13.0;0.8;48.17
1753875201.13;2.0;49.20423628;18.75495016;387.4826;42.1353;13.0;0.8;48.191
1753875201.14;2.0;49.20423624;18.75495022;387.4828;42.1353;13.0;0.8;48.216
1753875201.15;2.0;49.20423618;18.7549503;387.4834;42.1353;13.0;0.8;48.275
1753875201.16;2.0;49.20423613;18.75495037;387.4837;42.1353;13.0;0.8;48.338
1753875201.17;2.0;49.20423608;18.75495045;387.484;42.1353;13.0;0.8;48.403
1753875201.18;2.0;49.20423602;18.75495053;387.4845;42.1353;13.0;0.8;48.43
1753875201.19;2.0;49.20423596;18.75495062;387.4844;42.1353;13.0;0.8;48.403
1753875201.2;2.0;49.20423589;18.75495071;387.4842;42.1353;13.0;0.8;48.321
1753875201.21;2.0;49.20423583;18.75495081;387.4843;42.1353;13.0;0.8;48.272
1753875201.22;2.0;49.20423577;18.75495091;387.4849;42.1353;13.0;0.8;48.226
1753875201.23;2.0;49.2042357;18.75495101;387.4848;42.1353;13.0;0.8;48.11
1753875201.24;2.0;49.20423563;18.75495112;387.4835;42.1353;13.0;0.8;47.946
1753875201.25;2.0;49.20423557;18.75495122;387.4816;42.1353;13.0;0.8;47.832
1753875201.26;2.0;49.2042355;18.75495133;387.4797;42.1353;13.0;0.8;47.745
1753875201.27;2.0;49.20423544;18.75495144;387.4777;42.1353;13.0;0.8;47.714
1753875201.28;2.0;49.20423537;18.75495155;387.475;42.1353;13.0;0.8;47.688
1753875201.29;2.0;49.2042353;18.75495166;387.4725;42.1353;13.0;0.8;47.713
1753875201.3;2.0;49.20423524;18.75495177;387.4704;42.1353;13.0;0.8;47.78
1753875201.31;2.0;49.20423517;18.75495189;387.4685;42.1353;13.0;0.8;47.905
1753875201.32;2.0;49.20423511;18.754952;387.4666;42.1353;13.0;0.8;47.991
1753875201.33;2.0;49.20423504;18.75495211;387.4644;42.1353;13.0;0.8;48.07
1753875201.34;2.0;49.20423498;18.75495222;387.4624;42.1353;13.0;0.8;48.104
1753875201.35;2.0;49.20423491;18.75495233;387.4609;42.1353;13.0;0.8;48.097
1753875201.36;2.0;49.20423484;18.75495245;387.46;42.1353;13.0;0.8;48.064
1753875201.37;2.0;49.20423477;18.75495256;387.4591;42.1353;13.0;0.8;47.984
1753875201.38;2.0;49.2042347;18.75495268;387.4578;42.1353;13.0;0.8;47.912
1753875201.39;2.0;49.20423464;18.75495279;387.4565;42.1353;13.0;0.8;47.851
1753875201.4;2.0;49.20423457;18.75495289;387.4557;42.1353;13.0;0.8;47.843
1753875201.41;2.0;49.2042345;18.75495299;387.4559;42.1353;13.0;0.8;47.849
1753875201.42;2.0;49.20423444;18.75495309;387.4566;42.1353;13.0;0.8;47.847
1753875201.43;2.0;49.20423437;18.75495319;387.4571;42.1353;13.0;0.8;47.907
1753875201.44;2.0;49.20423431;18.7549533;387.457;42.1353;13.0;0.8;47.952
1753875201.45;2.0;49.20423425;18.75495341;387.4569;42.1353;13.0;0.8;48.033
1753875201.46;2.0;49.20423419;18.75495351;387.4564;42.1353;13.0;0.8;48.128
1753875201.47;2.0;49.20423414;18.75495361;387.456;42.1353;13.0;0.8;48.205
1753875201.48;2.0;49.20423408;18.75495371;387.4557;42.1353;13.0;0.8;48.274
1753875201.49;2.0;49.20423402;18.75495381;387.4556;42.1353;13.0;0.8;48.322
1753875201.5;2.0;49.20423396;18.75495391;387.4549;42.1353;13.0;0.8;48.36
1753875201.51;2.0;49.2042339;18.75495401;387.454;42.1353;13.0;0.8;48.397
1753875201.52;2.0;49.20423384;18.7549541;387.4527;42.1353;13.0;0.8;48.355
1753875201.53;2.0;49.20423379;18.75495419;387.4513;42.1353;13.0;0.8;48.329
1753875201.54;2.0;49.20423373;18.75495428;387.45;42.1353;13.0;0.8;48.286
1753875201.55;2.0;49.20423367;18.75495437;387.4489;42.1353;13.0;0.8;48.252
1753875201.56;2.0;49.20423361;18.75495445;387.4471;42.1353;13.0;0.8;48.227
1753875201.57;2.0;49.20423355;18.75495454;387.4452;42.1353;13.0;0.8;48.223
1753875201.58;2.0;49.20423349;18.75495462;387.4438;42.1353;13.0;0.8;48.223
1753875201.59;2.0;49.20423343;18.7549547;387.4431;42.1353;13.0;0.8;48.228
1753875201.6;2.0;49.20423337;18.75495478;387.4432;42.1353;13.0;0.8;48.228
1753875201.61;2.0;49.20423332;18.75495486;387.4426;42.1353;13.0;0.8;48.207
1753875201.62;2.0;49.20423326;18.75495494;387.4426;42.1353;13.0;0.8;48.169
1753875201.63;2.0;49.2042332;18.75495503;387.4432;42.1353;13.0;0.8;48.115
1753875201.64;2.0;49.20423315;18.75495511;387.4441;42.1353;13.0;0.8;48.086
1753875201.65;2.0;49.20423309;18.75495518;387.4446;42.1353;13.0;0.8;48.066
1753875201.66;2.0;49.20423303;18.75495526;387.4451;42.1353;13.0;0.8;48.073
1753875201.67;2.0;49.20423297;18.75495533;387.4461;42.1353;13.0;0.8;48.073
1753875201.68;2.0;49.20423291;18.75495541;387.4469;42.1353;13.0;0.8;48.027
1753875201.69;2.0;49.20423285;18.75495549;387.4476;42.1353;13.0;0.8;47.99
1753875201.7;2.0;49.20423279;18.75495556;387.4486;42.1353;13.0;0.8;47.986
1753875201.71;2.0;49.20423273;18.75495564;387.4489;42.1353;13.0;0.8;48.003
1753875201.72;2.0;49.20423268;18.7549557;387.4484;42.1353;13.0;0.8;48.04
1753875201.73;2.0;49.20423263;18.75495577;387.4478;42.1353;13.0;0.8;48.08
1753875201.74;2.0;49.20423257;18.75495584;387.4474;42.1353;13.0;0.8;48.105
1753875201.75;2.0;49.20423252;18.7549559;387.4471;42.1353;13.0;0.8;48.145
1753875201.76;2.0;49.20423246;18.75495598;387.4473;42.1353;13.0;0.8;48.159
1753875201.77;2.0;49.20423241;18.75495605;387.4478;42.1353;13.0;0.8;48.116
1753875201.78;2.0;49.20423235;18.75495613;387.4477;42.1353;13.0;0.8;48.047
1753875201.79;2.0;49.2042323;18.7549562;387.4473;42.1353;13.0;0.8;47.955
1753875201.8;2.0;49.20423224;18.75495629;387.4471;42.1353;13.0;0.8;47.863
1753875201.81;2.0;49.20423218;18.75495637;387.4471;42.1353;13.0;0.8;47.78
1753875201.82;2.0;49.20423213;18.75495646;387.4473;42.1353;13.0;0.8;47.73
1753875201.83;2.0;49.20423207;18.75495655;387.4481;42.1353;13.0;0.8;47.7
1753875201.84;2.0;49.20423201;18.75495664;387.449;42.1353;13.0;0.8;47.742
1753875201.85;2.0;49.20423195;18.75495674;387.4499;42.1353;13.0;0.8;47.819
1753875201.86;2.0;49.2042319;18.75495682;387.4509;42.1353;13.0;0.8;47.888
1753875201.87;2.0;49.20423184;18.75495691;387.4515;42.1353;13.0;0.8;47.962
1753875201.88;2.0;49.20423178;18.75495699;387.4522;42.1353;13.0;0.8;48.008
1753875201.89;2.0;49.20423172;18.75495708;387.4528;42.1353;13.0;0.8;47.992
1753875201.9;2.0;49.20423167;18.75495716;387.4534;42.1353;13.0;0.8;47.949
1753875201.91;2.0;49.2042316;18.75495724;387.4541;42.1353;13.0;0.8;47.896
1753875201.92;2.0;49.20423154;18.75495731;387.4545;42.1353;13.0;0.8;47.845
1753875201.93;2.0;49.20423148;18.75495739;387.4544;42.1353;13.0;0.8;47.807
1753875201.94;2.0;49.20423142;18.75495746;387.4547;42.1353;13.0;0.8;47.73
1753875201.95;2.0;49.20423135;18.75495754;387.4562;42.1353;13.0;0.8;47.711
1753875201.96;2.0;49.20423129;18.75495762;387.4576;42.1353;13.0;0.8;47.693
1753875201.97;2.0;49.20423123;18.75495769;387.4586;42.1353;13.0;0.8;47.705
1753875201.98;2.0;49.20423117;18.75495777;387.4588;42.1353;13.0;0.8;47.767
1753875201.99;2.0;49.20423111;18.75495784;387.4589;42.1353;13.0;0.8;47.877
1753875202.0;2.0;49.20423106;18.75495791;387.459;42.1353;13.0;0.8;47.969
1753875202.01;2.0;49.204231;18.75495799;387.4592;42.1353;13.0;0.8;48.034
1753875202.02;2.0;49.20423093;18.75495807;387.4595;42.1353;13.0;0.8;48.026
1753875202.03;2.0;49.20423088;18.75495815;387.4597;42.1353;13.0;0.8;48.003
1753875202.04;2.0;49.20423082;18.75495823;387.4598;42.1353;13.0;0.8;47.949
1753875202.05;2.0;49.20423077;18.7549583;387.4606;42.1353;13.0;0.8;47.894
1753875202.06;2.0;49.20423071;18.75495837;387.4607;42.1353;13.0;0.8;47.87
1753875202.07;2.0;49.20423066;18.75495845;387.4599;42.1353;13.0;0.8;47.777
1753875202.08;2.0;49.20423061;18.75495851;387.4587;42.1353;13.0;0.8;47.69
1753875202.09;2.0;49.20423056;18.75495859;387.4574;42.1353;13.0;0.8;47.657
1753875202.1;2.0;49.20423051;18.75495866;387.4563;42.1353;13.0;0.8;47.655
1753875202.11;2.0;49.20423046;18.75495873;387.4561;42.1353;13.0;0.8;47.678
1753875202.12;2.0;49.20423041;18.75495881;387.4561;42.1353;13.0;0.8;47.71
1753875202.13;2.0;49.20423036;18.75495889;387.4563;42.1353;13.0;0.8;47.76
1753875202.14;2.0;49.2042303;18.75495896;387.4561;42.1353;13.0;0.8;47.856
1753875202.15;2.0;49.20423025;18.75495904;387.4561;42.1353;13.0;0.8;47.962
1753875202.16;2.0;49.2042302;18.75495913;387.4567;42.1353;13.0;0.8;48.015
1753875202.17;2.0;49.20423014;18.75495921;387.4575;42.1353;13.0;0.8;48.051
1753875202.18;2.0;49.20423009;18.75495929;387.4583;42.1353;13.0;0.8;48.047
1753875202.19;2.0;49.20423004;18.75495938;387.4599;42.1353;13.0;0.8;48.05
1753875202.2;2.0;49.20422999;18.75495947;387.4615;42.1353;13.0;0.8;48.119
1753875202.21;2.0;49.20422993;18.75495956;387.4619;42.1353;13.0;0.8;48.129
1753875202.22;2.0;49.20422988;18.75495965;387.4617;42.1353;13.0;0.8;48.084
1753875202.23;2.0;49.20422982;18.75495973;387.4614;42.1353;13.0;0.8;48.041
1753875202.24;2.0;49.20422976;18.75495981;387.4613;42.1353;13.0;0.8;48.015
1753875202.25;2.0;49.20422971;18.75495989;387.4614;42.1353;13.0;0.8;47.986
1753875202.26;2.0;49.20422964;18.75495998;387.4617;42.1353;13.0;0.8;47.973
1753875202.27;2.0;49.20422959;18.75496006;387.462;42.1353;13.0;0.8;47.973
1753875202.28;2.0;49.20422953;18.75496014;387.4628;42.1353;13.0;0.8;47.987
1753875202.29;2.0;49.20422947;18.75496022;387.4629;42.1353;13.0;0.8;47.99
1753875202.3;2.0;49.20422941;18.7549603;387.4619;42.1353;13.0;0.8;48.015
1753875202.31;2.0;49.20422935;18.75496038;387.4611;42.1353;13.0;0.8;48.025
1753875202.32;2.0;49.2042293;18.75496046;387.4615;42.1353;13.0;0.8;48.017
1753875202.33;2.0;49.20422924;18.75496053;387.4617;42.1353;13.0;0.8;48.004
1753875202.34;2.0;49.20422919;18.7549606;387.4616;42.1353;13.0;0.8;47.936
1753875202.35;2.0;49.20422914;18.75496067;387.4618;42.1353;13.0;0.8;47.907
1753875202.36;2.0;49.2042291;18.75496074;387.462;42.1353;13.0;0.8;47.856
1753875202.37;2.0;49.20422906;18.7549608;387.4624;42.1353;13.0;0.8;47.813
1753875202.38;2.0;49.20422902;18.75496086;387.4629;42.1353;13.0;0.8;47.776
1753875202.39;2.0;49.20422898;18.75496092;387.4636;42.1353;13.0;0.8;47.797
1753875202.4;2.0;49.20422894;18.75496098;387.464;42.1353;13.0;0.8;47.801
1753875202.41;2.0;49.2042289;18.75496104;387.4648;42.1353;13.0;0.8;47.755
1753875202.42;2.0;49.20422886;18.7549611;387.4656;42.1353;13.0;0.8;47.673
1753875202.43;2.0;49.20422884;18.75496117;387.4661;42.1353;13.0;0.8;47.637
1753875202.44;2.0;49.2042288;18.75496123;387.4658;42.1353;13.0;0.8;47.678
1753875202.45;2.0;49.20422877;18.7549613;387.4659;42.1353;13.0;0.8;47.677
1753875202.46;2.0;49.20422873;18.75496137;387.4663;42.1353;13.0;0.8;47.65
1753875202.47;2.0;49.20422869;18.75496143;387.4664;42.1353;13.0;0.8;47.628
1753875202.48;2.0;49.20422866;18.75496151;387.4668;42.1353;13.0;0.8;47.606
1753875202.49;2.0;49.20422862;18.75496158;387.4672;42.1353;13.0;0.8;47.569
1753875202.5;2.0;49.20422859;18.75496165;387.4674;42.1353;13.0;0.8;47.604
1753875202.51;2.0;49.20422854;18.75496172;387.4676;42.1353;13.0;0.8;47.704
1753875202.52;2.0;49.2042285;18.75496178;387.4677;42.1353;13.0;0.8;47.784
1753875202.53;2.0;49.20422846;18.75496186;387.4683;42.1353;13.0;0.8;47.879
1753875202.54;2.0;49.20422842;18.75496193;387.4683;42.1353;13.0;0.8;48.026
1753875202.55;2.0;49.20422837;18.75496202;387.4673;42.1353;13.0;0.8;48.147
1753875202.56;2.0;49.20422833;18.7549621;387.4674;42.1353;13.0;0.8;48.14
1753875202.57;2.0;49.20422827;18.75496219;387.4673;42.1353;13.0;0.8;48.12
1753875202.58;2.0;49.20422822;18.75496229;387.4675;42.1353;13.0;0.8;48.122
1753875202.59;2.0;49.20422816;18.75496239;387.4669;42.1353;13.0;0.8;48.15
1753875202.6;2.0;49.2042281;18.7549625;387.466;42.1353;13.0;0.8;48.087
1753875202.61;2.0;49.20422805;18.75496261;387.4651;42.1353;13.0;0.8;47.999
1753875202.62;2.0;49.20422799;18.75496272;387.4647;42.1353;13.0;0.8;47.914
1753875202.63;2.0;49.20422793;18.75496282;387.4636;42.1353;13.0;0.8;47.921
1753875202.64;2.0;49.20422787;18.75496293;387.4636;42.1353;13.0;0.8;47.953
1753875202.65;2.0;49.20422781;18.75496305;387.4634;42.1353;13.0;0.8;47.984
1753875202.66;2.0;49.20422775;18.75496317;387.463;42.1353;13.0;0.8;48.025
1753875202.67;2.0;49.20422769;18.75496329;387.4619;42.1353;13.0;0.8;48.148
1753875202.68;2.0;49.20422762;18.7549634;387.4607;42.1353;13.0;0.8;48.227
1753875202.69;2.0;49.20422755;18.75496352;387.4598;42.1353;13.0;0.8;48.281
1753875202.7;2.0;49.20422748;18.75496363;387.4594;42.1353;13.0;0.8;48.339
1753875202.71;2.0;49.20422741;18.75496375;387.4591;42.1353;13.0;0.8;48.356
1753875202.72;2.0;49.20422734;18.75496387;387.4592;42.1353;13.0;0.8;48.323
1753875202.73;2.0;49.20422726;18.75496398;387.4595;42.1353;13.0;0.8;48.263
1753875202.74;2.0;49.20422719;18.75496409;387.4601;42.1353;13.0;0.8;48.17
1753875202.75;2.0;49.20422712;18.7549642;387.4606;42.1353;13.0;0.8;48.112
1753875202.76;2.0;49.20422706;18.75496431;387.4606;42.1353;13.0;0.8;48.101
1753875202.77;2.0;49.20422699;18.75496441;387.4609;42.1353;13.0;0.8;48.104
1753875202.78;2.0;49.20422692;18.75496452;387.4611;42.1353;13.0;0.8;48.091
1753875202.79;2.0;49.20422686;18.75496461;387.4616;42.1353;13.0;0.8;48.056
1753875202.8;2.0;49.20422679;18.75496471;387.462;42.1353;13.0;0.8;48.083
1753875202.81;2.0;49.20422674;18.75496481;387.4621;42.1353;13.0;0.8;48.109
1753875202.82;2.0;49.20422668;18.7549649;387.4617;42.1353;13.0;0.8;48.171
1753875202.83;2.0;49.20422662;18.754965;387.4613;42.1353;13.0;0.8;48.225
1753875202.84;2.0;49.20422656;18.75496508;387.4604;42.1353;13.0;0.8;48.321
1753875202.85;2.0;49.2042265;18.75496517;387.4601;42.1353;13.0;0.8;48.383
1753875202.86;2.0;49.20422644;18.75496526;387.4604;42.1353;13.0;0.8;48.412
1753875202.87;2.0;49.20422638;18.75496535;387.4603;42.1353;13.0;0.8;48.424
1753875202.88;2.0;49.20422632;18.75496544;387.46;42.1353;13.0;0.8;48.419
1753875202.89;2.0;49.20422626;18.75496552;387.4591;42.1353;13.0;0.8;48.398
1753875202.9;2.0;49.20422621;18.7549656;387.4586;42.1353;13.0;0.8;48.306
1753875202.91;2.0;49.20422615;18.75496568;387.4579;42.1353;13.0;0.8;48.234
1753875202.92;2.0;49.2042261;18.75496577;387.4565;42.1353;13.0;0.8;48.201
1753875202.93;2.0;49.20422605;18.75496585;387.455;42.1353;13.0;0.8;48.167
1753875202.94;2.0;49.204226;18.75496594;387.4534;42.1353;13.0;0.8;48.147
1753875202.95;2.0;49.20422594;18.75496602;387.4519;42.1353;13.0;0.8;48.146
1753875202.96;2.0;49.2042259;18.7549661;387.4508;42.1353;13.0;0.8;48.161
1753875202.97;2.0;49.20422584;18.75496618;387.4509;42.1353;13.0;0.8;48.192
1753875202.98;2.0;49.20422579;18.75496626;387.451;42.1353;13.0;0.8;48.194
1753875202.99;2.0;49.20422573;18.75496635;387.451;42.1353;13.0;0.8;48.215
1753875203.0;2.0;49.20422568;18.75496644;387.4509;42.1353;13.0;0.8;48.258
1753875203.01;2.0;49.20422562;18.75496654;387.4508;42.1353;13.0;0.8;48.303
1753875203.02;2.0;49.20422556;18.75496663;387.4505;42.1353;13.0;0.8;48.341
1753875203.03;2.0;49.2042255;18.75496673;387.4503;42.1353;13.0;0.8;48.322
1753875203.04;2.0;49.20422544;18.75496682;387.4508;42.1353;13.0;0.8;48.264
1753875203.05;2.0;49.20422538;18.75496691;387.4511;42.1353;13.0;0.8;48.204
1753875203.06;2.0;49.20422532;18.754967;387.451;42.1353;13.0;0.8;48.139
1753875203.07;2.0;49.20422526;18.75496707;387.4514;42.1353;13.0;0.8;48.074
1753875203.08;2.0;49.20422521;18.75496714;387.4514;42.1353;13.0;0.8;48.01
1753875203.09;2.0;49.20422516;18.75496721;387.4514;42.1353;13.0;0.8;47.951
1753875203.1;2.0;49.20422511;18.75496728;387.4511;42.1353;13.0;0.8;47.902
1753875203.11;2.0;49.20422507;18.75496735;387.4514;42.1353;13.0;0.8;47.875
1753875203.12;2.0;49.20422502;18.75496743;387.4519;42.1353;13.0;0.8;47.879
1753875203.13;2.0;49.20422498;18.7549675;387.4519;42.1353;13.0;0.8;47.917
1753875203.14;2.0;49.20422494;18.75496757;387.4518;42.1353;13.0;0.8;47.924
1753875203.15;2.0;49.20422489;18.75496765;387.4521;42.1353;13.0;0.8;47.99
1753875203.16;2.0;49.20422484;18.75496772;387.4523;42.1353;13.0;0.8;48.04
1753875203.17;2.0;49.2042248;18.7549678;387.4525;42.1353;13.0;0.8;48.131
1753875203.18;2.0;49.20422475;18.75496788;387.4527;42.1353;13.0;0.8;48.159
1753875203.19;2.0;49.20422471;18.75496797;387.4524;42.1353;13.0;0.8;48.144
1753875203.2;2.0;49.20422466;18.75496805;387.4528;42.1353;13.0;0.8;48.117
1753875203.21;2.0;49.20422461;18.75496814;387.4534;42.1353;13.0;0.8;48.082
1753875203.22;2.0;49.20422456;18.75496823;387.4538;42.1353;13.0;0.8;48.012
1753875203.23;2.0;49.20422451;18.75496831;387.4542;42.1353;13.0;0.8;47.963
1753875203.24;2.0;49.20422447;18.7549684;387.4545;42.1353;13.0;0.8;47.936
1753875203.25;2.0;49.20422442;18.75496848;387.4543;42.1353;13.0;0.8;47.911
1753875203.26;2.0;49.20422438;18.75496857;387.4539;42.1353;13.0;0.8;47.883
1753875203.27;2.0;49.20422433;18.75496866;387.4542;42.1353;13.0;0.8;47.831
1753875203.28;2.0;49.20422429;18.75496874;387.4541;42.1353;13.0;0.8;47.793
1753875203.29;2.0;49.20422424;18.75496883;387.4542;42.1353;13.0;0.8;47.723
1753875203.3;2.0;49.20422419;18.75496891;387.4545;42.1353;13.0;0.8;47.706
1753875203.31;2.0;49.20422414;18.75496899;387.4545;42.1353;13.0;0.8;47.706
1753875203.32;2.0;49.20422409;18.75496907;387.4544;42.1353;13.0;0.8;47.669
1753875203.33;2.0;49.20422404;18.75496915;387.454;42.1353;13.0;0.8;47.622
1753875203.34;2.0;49.20422399;18.75496924;387.4536;42.1353;13.0;0.8;47.585
1753875203.35;2.0;49.20422395;18.75496931;387.4536;42.1353;13.0;0.8;47.577
1753875203.36;2.0;49.2042239;18.75496938;387.4538;42.1353;13.0;0.8;47.59
1753875203.37;2.0;49.20422385;18.75496946;387.4545;42.1353;13.0;0.8;47.618
1753875203.38;2.0;49.20422381;18.75496953;387.4556;42.1353;13.0;0.8;47.692
1753875203.39;2.0;49.20422376;18.7549696;387.4569;42.1353;13.0;0.8;47.8
1753875203.4;2.0;49.20422372;18.75496967;387.4578;42.1353;13.0;0.8;47.855
1753875203.41;2.0;49.20422368;18.75496973;387.4586;42.1353;13.0;0.8;47.913
1753875203.42;2.0;49.20422364;18.7549698;387.4593;42.1353;13.0;0.8;47.977
1753875203.43;2.0;49.2042236;18.75496988;387.4595;42.1353;13.0;0.8;48.016
1753875203.44;2.0;49.20422357;18.75496994;387.4602;42.1353;13.0;0.8;48.02
1753875203.45;2.0;49.20422353;18.75497;387.4609;42.1353;13.0;0.8;48.033
1753875203.46;2.0;49.2042235;18.75497006;387.4617;42.1353;13.0;0.8;48.033
1753875203.47;2.0;49.20422347;18.75497013;387.4632;42.1353;13.0;0.8;48.021
1753875203.48;2.0;49.20422343;18.75497019;387.4646;42.1353;13.0;0.8;48.031
1753875203.49;2.0;49.20422339;18.75497024;387.4658;42.1353;13.0;0.8;48.022
1753875203.5;2.0;49.20422336;18.7549703;387.4662;42.1353;13.0;0.8;47.969
1753875203.51;2.0;49.20422333;18.75497035;387.466;42.1353;13.0;0.8;47.885
1753875203.52;2.0;49.2042233;18.75497041;387.4658;42.1353;13.0;0.8;47.823
1753875203.53;2.0;49.20422328;18.75497046;387.4659;42.1353;13.0;0.8;47.836
1753875203.54;2.0;49.20422326;18.75497052;387.4664;42.1353;13.0;0.8;47.847
1753875203.55;2.0;49.20422323;18.75497057;387.4666;42.1353;13.0;0.8;47.873
1753875203.56;2.0;49.2042232;18.75497062;387.4667;42.1353;13.0;0.8;47.887
1753875203.57;2.0;49.20422317;18.75497067;387.4674;42.1353;13.0;0.8;47.883
1753875203.58;2.0;49.20422314;18.75497072;387.468;42.1353;13.0;0.8;47.879
1753875203.59;2.0;49.20422311;18.75497078;387.468;42.1353;13.0;0.8;47.887
1753875203.6;2.0;49.20422308;18.75497083;387.467;42.1353;13.0;0.8;47.848
1753875203.61;2.0;49.20422305;18.75497089;387.467;42.1353;13.0;0.8;47.858
1753875203.62;2.0;49.20422302;18.75497095;387.4668;42.1353;13.0;0.8;47.885
1753875203.63;2.0;49.20422299;18.754971;387.4667;42.1353;13.0;0.8;47.942
1753875203.64;2.0;49.20422296;18.75497106;387.4669;42.1353;13.0;0.8;47.969
1753875203.65;2.0;49.20422292;18.75497112;387.4676;42.1353;13.0;0.8;48.015
1753875203.66;2.0;49.20422288;18.75497117;387.4687;42.1353;13.0;0.8;48.04
1753875203.67;2.0;49.20422284;18.75497123;387.4694;42.1353;13.0;0.8;48.044
1753875203.68;2.0;49.20422281;18.7549713;387.4699;42.1353;13.0;0.8;48.06
1753875203.69;2.0;49.20422277;18.75497136;387.4699;42.1353;13.0;0.8;48.077
1753875203.7;2.0;49.20422273;18.75497143;387.4703;42.1353;13.0;0.8;48.071
1753875203.71;2.0;49.20422269;18.75497151;387.4705;42.1353;13.0;0.8;48.034
1753875203.72;2.0;49.20422265;18.75497159;387.4707;42.1353;13.0;0.8;47.965
1753875203.73;2.0;49.2042226;18.75497166;387.4712;42.1353;13.0;0.8;47.9
1753875203.74;2.0;49.20422256;18.75497173;387.4723;42.1353;13.0;0.8;47.867
1753875203.75;2.0;49.20422251;18.75497181;387.4732;42.1353;13.0;0.8;47.848
1753875203.76;2.0;49.20422247;18.75497188;387.4739;42.1353;13.0;0.8;47.832
1753875203.77;2.0;49.20422242;18.75497196;387.4743;42.1353;13.0;0.8;47.818
1753875203.78;2.0;49.20422238;18.75497204;387.4743;42.1353;13.0;0.8;47.78
1753875203.79;2.0;49.20422234;18.75497211;387.474;42.1353;13.0;0.8;47.765
1753875203.8;2.0;49.2042223;18.75497219;387.4742;42.1353;13.0;0.8;47.786
1753875203.81;2.0;49.20422226;18.75497226;387.4744;42.1353;13.0;0.8;47.847
1753875203.82;2.0;49.20422222;18.75497233;387.4746;42.1353;13.0;0.8;47.867
1753875203.83;2.0;49.20422217;18.7549724;387.4753;42.1353;13.0;0.8;47.877
1753875203.84;2.0;49.20422213;18.75497247;387.4755;42.1353;13.0;0.8;47.877
1753875203.85;2.0;49.20422209;18.75497254;387.4756;42.1353;13.0;0.8;47.885
1753875203.86;2.0;49.20422205;18.75497261;387.4756;42.1353;13.0;0.8;47.88
1753875203.87;2.0;49.20422201;18.75497268;387.476;42.1353;13.0;0.8;47.889
1753875203.88;2.0;49.20422197;18.75497275;387.4764;42.1353;13.0;0.8;47.907
1753875203.89;2.0;49.20422192;18.75497281;387.4759;42.1353;13.0;0.8;47.88
1753875203.9;2.0;49.20422188;18.75497288;387.4758;42.1353;13.0;0.8;47.856
1753875203.91;2.0;49.20422184;18.75497295;387.4754;42.1353;13.0;0.8;47.784
1753875203.92;2.0;49.20422181;18.75497301;387.4751;42.1353;13.0;0.8;47.697
1753875203.93;2.0;49.20422176;18.75497308;387.475;42.1353;13.0;0.8;47.624
1753875203.94;2.0;49.20422172;18.75497315;387.4754;42.1353;13.0;0.8;47.524
1753875203.95;2.0;49.20422168;18.75497321;387.4761;42.1353;13.0;0.8;47.457
1753875203.96;2.0;49.20422164;18.75497328;387.477;42.1353;13.0;0.8;47.397
1753875203.97;2.0;49.2042216;18.75497336;387.4779;42.1353;13.0;0.8;47.394
1753875203.98;2.0;49.20422156;18.75497342;387.4785;42.1353;13.0;0.8;47.423
1753875203.99;2.0;49.20422153;18.7549735;387.4784;42.1353;13.0;0.8;47.475
1753875204.0;2.0;49.20422149;18.75497357;387.4787;42.1353;13.0;0.8;47.528
1753875204.01;2.0;49.20422146;18.75497363;387.479;42.1353;13.0;0.8;47.57
1753875204.02;2.0;49.20422142;18.7549737;387.4798;42.1353;13.0;0.8;47.591
1753875204.03;2.0;49.20422138;18.75497377;387.481;42.1353;13.0;0.8;47.621
1753875204.04;2.0;49.20422134;18.75497384;387.4817;42.1353;13.0;0.8;47.63
1753875204.05;2.0;49.2042213;18.75497391;387.4824;42.1353;13.0;0.8;47.609
1753875204.06;2.0;49.20422126;18.75497398;387.4833;42.1353;13.0;0.8;47.597
1753875204.07;2.0;49.20422122;18.75497403;387.4836;42.1353;13.0;0.8;47.627
1753875204.08;2.0;49.20422119;18.75497408;387.484;42.1353;13.0;0.8;47.639
1753875204.09;2.0;49.20422114;18.75497413;387.4845;42.1353;13.0;0.8;47.626
1753875204.1;2.0;49.2042211;18.75497419;387.4851;42.1353;13.0;0.8;47.564
1753875204.11;2.0;49.20422106;18.75497424;387.4853;42.1353;13.0;0.8;47.541
1753875204.12;2.0;49.20422103;18.7549743;387.4854;42.1353;13.0;0.8;47.541
1753875204.13;2.0;49.20422099;18.75497436;387.4853;42.1353;13.0;0.8;47.547
1753875204.14;2.0;49.20422095;18.75497441;387.4852;42.1353;13.0;0.8;47.581
1753875204.15;2.0;49.20422091;18.75497447;387.4854;42.1353;13.0;0.8;47.645
1753875204.16;2.0;49.20422087;18.75497453;387.486;42.1353;13.0;0.8;47.684
1753875204.17;2.0;49.20422083;18.7549746;387.4866;42.1353;13.0;0.8;47.702
1753875204.18;2.0;49.20422078;18.75497467;387.4863;42.1353;13.0;0.8;47.689
1753875204.19;2.0;49.20422074;18.75497474;387.4858;42.1353;13.0;0.8;47.656
1753875204.2;2.0;49.20422069;18.75497482;387.4852;42.1353;13.0;0.8;47.622
1753875204.21;2.0;49.20422064;18.75497491;387.4847;42.1353;13.0;0.8;47.62
1753875204.22;2.0;49.20422059;18.754975;387.4837;42.1353;13.0;0.8;47.615
1753875204.23;2.0;49.20422053;18.75497509;387.4828;42.1353;13.0;0.8;47.596
1753875204.24;2.0;49.20422048;18.75497519;387.482;42.1353;13.0;0.8;47.614
1753875204.25;2.0;49.20422042;18.75497529;387.4822;42.1353;13.0;0.8;47.627
1753875204.26;2.0;49.20422035;18.7549754;387.4816;42.1353;13.0;0.8;47.627
1753875204.27;2.0;49.20422029;18.75497551;387.4807;42.1353;13.0;0.8;47.675
1753875204.28;2.0;49.20422023;18.75497561;387.4803;42.1353;13.0;0.8;47.725
1753875204.29;2.0;49.20422017;18.75497572;387.4801;42.1353;13.0;0.8;47.759
1753875204.3;2.0;49.2042201;18.75497582;387.4805;42.1353;13.0;0.8;47.771
1753875204.31;2.0;49.20422004;18.75497592;387.4808;42.1353;13.0;0.8;47.773
1753875204.32;2.0;49.20421997;18.75497602;387.4809;42.1353;13.0;0.8;47.767
1753875204.33;2.0;49.20421991;18.75497613;387.4811;42.1353;13.0;0.8;47.775
1753875204.34;2.0;49.20421984;18.75497623;387.4809;42.1353;13.0;0.8;47.765
1753875204.35;2.0;49.20421978;18.75497634;387.4803;42.1353;13.0;0.8;47.762
1753875204.36;2.0;49.20421972;18.75497645;387.4799;42.1353;13.0;0.8;47.769
1753875204.37;2.0;49.20421965;18.75497655;387.4796;42.1353;13.0;0.8;47.711
1753875204.38;2.0;49.20421958;18.75497667;387.4796;42.1353;13.0;0.8;47.603
1753875204.39;2.0;49.20421952;18.75497677;387.48;42.1353;13.0;0.8;47.52
1753875204.4;2.0;49.20421947;18.75497688;387.4806;42.1353;13.0;0.8;47.488
1753875204.41;2.0;49.20421941;18.75497698;387.4808;42.1353;13.0;0.8;47.503
1753875204.42;2.0;49.20421935;18.75497709;387.4801;42.1353;13.0;0.8;47.553
1753875204.43;2.0;49.2042193;18.75497719;387.4794;42.1353;13.0;0.8;47.583
1753875204.44;2.0;49.20421925;18.75497729;387.4787;42.1353;13.0;0.8;47.598
1753875204.45;2.0;49.2042192;18.75497738;387.4788;42.1353;13.0;0.8;47.644
1753875204.46;2.0;49.20421915;18.75497747;387.4785;42.1353;13.0;0.8;47.71
1753875204.47;2.0;49.2042191;18.75497757;387.4777;42.1353;13.0;0.8;47.732
1753875204.48;2.0;49.20421905;18.75497766;387.4769;42.1353;13.0;0.8;47.663
1753875204.49;2.0;49.20421901;18.75497775;387.4754;42.1353;13.0;0.8;47.549
1753875204.5;2.0;49.20421896;18.75497784;387.4742;42.1353;13.0;0.8;47.517
1753875204.51;2.0;49.20421891;18.75497793;387.4735;42.1353;13.0;0.8;47.451
1753875204.52;2.0;49.20421886;18.75497803;387.4734;42.1353;13.0;0.8;47.398
1753875204.53;2.0;49.2042188;18.75497812;387.4742;42.1353;13.0;0.8;47.384
1753875204.54;2.0;49.20421875;18.75497822;387.4751;42.1353;13.0;0.8;47.38
1753875204.55;2.0;49.2042187;18.75497832;387.4758;42.1353;13.0;0.8;47.43
1753875204.56;2.0;49.20421865;18.75497841;387.4763;42.1353;13.0;0.8;47.452
1753875204.57;2.0;49.20421859;18.75497851;387.4773;42.1353;13.0;0.8;47.439
1753875204.58;2.0;49.20421854;18.7549786;387.4777;42.1353;13.0;0.8;47.464
1753875204.59;2.0;49.20421849;18.75497869;387.4779;42.1353;13.0;0.8;47.509
1753875204.6;2.0;49.20421844;18.75497878;387.4783;42.1353;13.0;0.8;47.505
1753875204.61;2.0;49.20421838;18.75497886;387.4782;42.1353;13.0;0.8;47.492
1753875204.62;2.0;49.20421833;18.75497895;387.4776;42.1353;13.0;0.8;47.527
1753875204.63;2.0;49.20421828;18.75497903;387.4774;42.1353;13.0;0.8;47.532
1753875204.64;2.0;49.20421823;18.75497911;387.4773;42.1353;13.0;0.8;47.529
1753875204.65;2.0;49.20421818;18.75497918;387.4774;42.1353;13.0;0.8;47.537
1753875204.66;2.0;49.20421813;18.75497926;387.4771;42.1353;13.0;0.8;47.54
1753875204.67;2.0;49.20421807;18.75497935;387.4769;42.1353;13.0;0.8;47.539
1753875204.68;2.0;49.20421802;18.75497943;387.477;42.1353;13.0;0.8;47.51
1753875204.69;2.0;49.20421797;18.75497952;387.4771;42.1353;13.0;0.8;47.485
1753875204.7;2.0;49.20421791;18.7549796;387.4774;42.1353;13.0;0.8;47.508
1753875204.71;2.0;49.20421786;18.75497969;387.4776;42.1353;13.0;0.8;47.502
1753875204.72;2.0;49.2042178;18.75497978;387.4768;42.1353;13.0;0.8;47.495
1753875204.73;2.0;49.20421775;18.75497988;387.477;42.1353;13.0;0.8;47.507
1753875204.74;2.0;49.20421769;18.75497997;387.4776;42.1353;13.0;0.8;47.499
1753875204.75;2.0;49.20421763;18.75498008;387.4782;42.1353;13.0;0.8;47.503
1753875204.76;2.0;49.20421758;18.75498017;387.4781;42.1353;13.0;0.8;47.494
1753875204.77;2.0;49.20421752;18.75498026;387.4784;42.1353;13.0;0.8;47.482
1753875204.78;2.0;49.20421746;18.75498035;387.479;42.1353;13.0;0.8;47.485
1753875204.79;2.0;49.20421741;18.75498044;387.4795;42.1353;13.0;0.8;47.495
1753875204.8;2.0;49.20421735;18.75498053;387.4798;42.1353;13.0;0.8;47.496
1753875204.81;2.0;49.2042173;18.75498062;387.4794;42.1353;13.0;0.8;47.515
1753875204.82;2.0;49.20421725;18.75498071;387.4795;42.1353;13.0;0.8;47.496
1753875204.83;2.0;49.20421719;18.75498079;387.4796;42.1353;13.0;0.8;47.46
1753875204.84;2.0;49.20421713;18.75498088;387.4797;42.1353;13.0;0.8;47.445
1753875204.85;2.0;49.20421707;18.75498097;387.4795;42.1353;13.0;0.8;47.406
1753875204.86;2.0;49.20421701;18.75498106;387.4792;42.1353;13.0;0.8;47.376
1753875204.87;2.0;49.20421695;18.75498114;387.4791;42.1353;13.0;0.8;47.361
1753875204.88;2.0;49.2042169;18.75498124;387.4784;42.1353;13.0;0.8;47.382
1753875204.89;2.0;49.20421684;18.75498133;387.4786;42.1353;13.0;0.8;47.421
1753875204.9;2.0;49.20421678;18.75498143;387.4791;42.1353;13.0;0.8;47.461
1753875204.91;2.0;49.20421672;18.75498153;387.4796;42.1353;13.0;0.8;47.494
1753875204.92;2.0;49.20421666;18.75498162;387.48;42.1353;13.0;0.8;47.536
1753875204.93;2.0;49.20421661;18.75498173;387.4803;42.1353;13.0;0.8;47.573
1753875204.94;2.0;49.20421655;18.75498183;387.4812;42.1353;13.0;0.8;47.596
1753875204.95;2.0;49.20421649;18.75498192;387.4823;42.1353;13.0;0.8;47.6
1753875204.96;2.0;49.20421644;18.75498202;387.4832;42.1353;13.0;0.8;47.573
1753875204.97;2.0;49.20421639;18.75498212;387.4828;42.1353;13.0;0.8;47.541
1753875204.98;2.0;49.20421634;18.75498222;387.4818;42.1353;13.0;0.8;47.446
1753875204.99;2.0;49.2042163;18.75498232;387.4815;42.1353;13.0;0.8;47.382
1753875205.0;2.0;49.20421625;18.75498242;387.4817;42.1353;13.0;0.8;47.327
1753875205.01;2.0;49.2042162;18.75498251;387.4818;42.1353;13.0;0.8;47.284
1753875205.02;2.0;49.20421614;18.7549826;387.4821;42.1353;13.0;0.8;47.307
1753875205.03;2.0;49.20421609;18.75498269;387.4823;42.1353;13.0;0.8;47.343
1753875205.04;2.0;49.20421604;18.75498278;387.4823;42.1353;13.0;0.8;47.376
1753875205.05;2.0;49.20421598;18.75498287;387.4819;42.1353;13.0;0.8;47.389
1753875205.06;2.0;49.20421593;18.75498296;387.482;42.1353;13.0;0.8;47.407
1753875205.07;2.0;49.20421588;18.75498305;387.4818;42.1353;13.0;0.8;47.449
1753875205.08;2.0;49.20421583;18.75498312;387.4808;42.1353;13.0;0.8;47.503
1753875205.09;2.0;49.20421578;18.7549832;387.4797;42.1353;13.0;0.8;47.526
1753875205.1;2.0;49.20421572;18.75498327;387.479;42.1353;13.0;0.8;47.515
1753875205.11;2.0;49.20421567;18.75498334;387.4782;42.1353;13.0;0.8;47.485
1753875205.12;2.0;49.20421562;18.75498342;387.4782;42.1353;13.0;0.8;47.475
1753875205.13;2.0;49.20421557;18.75498349;387.4785;42.1353;13.0;0.8;47.455
1753875205.14;2.0;49.20421551;18.75498357;387.4781;42.1353;13.0;0.8;47.422
1753875205.15;2.0;49.20421546;18.75498365;387.4774;42.1353;13.0;0.8;47.395
1753875205.16;2.0;49.2042154;18.75498373;387.4773;42.1353;13.0;0.8;47.322
1753875205.17;2.0;49.20421534;18.75498381;387.4773;42.1353;13.0;0.8;47.262
1753875205.18;2.0;49.20421528;18.75498389;387.4768;42.1353;13.0;0.8;47.227
1753875205.19;2.0;49.20421522;18.75498398;387.4764;42.1353;13.0;0.8;47.21
1753875205.2;2.0;49.20421516;18.75498407;387.4759;42.1353;13.0;0.8;47.159
1753875205.21;2.0;49.2042151;18.75498416;387.4759;42.1353;13.0;0.8;47.073
1753875205.22;2.0;49.20421504;18.75498426;387.4764;42.1353;13.0;0.8;46.915
1753875205.23;2.0;49.20421499;18.75498435;387.4772;42.1353;13.0;0.8;46.73
1753875205.24;2.0;49.20421493;18.75498445;387.4782;42.1353;13.0;0.8;46.521
1753875205.25;2.0;49.20421488;18.75498455;387.4795;42.1353;13.0;0.8;46.293
1753875205.26;2.0;49.20421482;18.75498465;387.4806;42.1353;13.0;0.8;46.022
1753875205.27;2.0;49.20421477;18.75498475;387.4818;42.1353;13.0;0.8;45.726
1753875205.28;2.0;49.20421471;18.75498484;387.4834;42.1353;13.0;0.8;45.355
1753875205.29;2.0;49.20421466;18.75498495;387.485;42.1353;13.0;0.8;45.008
1753875205.3;2.0;49.20421461;18.75498506;387.4868;42.1353;13.0;0.8;44.685
1753875205.31;2.0;49.20421456;18.75498518;387.4888;42.1353;13.0;0.8;44.384
1753875205.32;2.0;49.2042145;18.7549853;387.4908;42.1353;13.0;0.8;44.115
1753875205.33;2.0;49.20421444;18.75498541;387.4923;42.1353;13.0;0.8;43.818
1753875205.34;2.0;49.20421439;18.75498552;387.4939;42.1353;13.0;0.8;43.519
1753875205.35;2.0;49.20421433;18.75498562;387.4951;42.1353;13.0;0.8;43.21
1753875205.36;2.0;49.20421428;18.75498573;387.4962;42.1353;13.0;0.8;42.876
1753875205.37;2.0;49.20421422;18.75498583;387.4975;42.1353;13.0;0.8;42.543
1753875205.38;2.0;49.20421417;18.75498594;387.498;42.1353;13.0;0.8;42.261
1753875205.39;2.0;49.20421413;18.75498604;387.4983;42.1353;13.0;0.8;41.984
1753875205.4;2.0;49.20421408;18.75498613;387.4987;42.1353;13.0;0.8;41.721
1753875205.41;2.0;49.20421404;18.75498623;387.4993;42.1353;13.0;0.8;41.484
1753875205.42;2.0;49.204214;18.75498633;387.4995;42.1353;13.0;0.8;41.24
1753875205.43;2.0;49.20421397;18.75498643;387.4987;42.1353;13.0;0.8;41.005
1753875205.44;2.0;49.20421393;18.75498653;387.4976;42.1353;13.0;0.8;40.765
1753875205.45;2.0;49.20421389;18.75498664;387.4969;42.1353;13.0;0.8;40.536
1753875205.46;2.0;49.20421385;18.75498673;387.4966;42.1353;13.0;0.8;40.347
1753875205.47;2.0;49.20421381;18.75498683;387.4968;42.1353;13.0;0.8;40.156
1753875205.48;2.0;49.20421377;18.75498693;387.4972;42.1353;13.0;0.8;39.978
1753875205.49;2.0;49.20421373;18.75498704;387.4983;42.1353;13.0;0.8;39.76
1753875205.5;2.0;49.20421369;18.75498714;387.4989;42.1353;13.0;0.8;39.543
1753875205.51;2.0;49.20421365;18.75498724;387.4993;42.1353;13.0;0.8;39.336
1753875205.52;2.0;49.20421361;18.75498733;387.4996;42.1353;13.0;0.8;39.13
1753875205.53;2.0;49.20421357;18.75498743;387.5005;42.1353;13.0;0.8;38.905
1753875205.54;2.0;49.20421354;18.75498753;387.5014;42.1353;13.0;0.8;38.7
1753875205.55;2.0;49.2042135;18.75498763;387.5028;42.1353;13.0;0.8;38.457
1753875205.56;2.0;49.20421346;18.75498773;387.5045;42.1353;13.0;0.8;38.16
1753875205.57;2.0;49.20421342;18.75498782;387.5057;42.1353;13.0;0.8;37.891
1753875205.58;2.0;49.20421338;18.75498792;387.5068;42.1353;13.0;0.8;37.674
1753875205.59;2.0;49.20421334;18.75498802;387.5073;42.1353;13.0;0.8;37.48
1753875205.6;2.0;49.20421331;18.75498812;387.5076;42.1353;13.0;0.8;37.276
1753875205.61;2.0;49.20421327;18.75498823;387.5085;42.1353;13.0;0.8;37.068
1753875205.62;2.0;49.20421323;18.75498833;387.5091;42.1353;13.0;0.8;36.895
1753875205.63;2.0;49.20421319;18.75498844;387.5099;42.1353;13.0;0.8;36.715
1753875205.64;2.0;49.20421315;18.75498854;387.511;42.1353;13.0;0.8;36.558
1753875205.65;2.0;49.20421311;18.75498864;387.5126;42.1353;13.0;0.8;36.336
1753875205.66;2.0;49.20421306;18.75498874;387.5141;42.1353;13.0;0.8;36.078
1753875205.67;2.0;49.20421303;18.75498884;387.515;42.1353;13.0;0.8;35.778
1753875205.68;2.0;49.20421299;18.75498894;387.5151;42.1353;13.0;0.8;35.457
1753875205.69;2.0;49.20421295;18.75498903;387.5151;42.1353;13.0;0.8;35.136
1753875205.7;2.0;49.20421292;18.75498913;387.5147;42.1353;13.0;0.8;34.832
1753875205.71;2.0;49.20421289;18.75498922;387.5136;42.1353;13.0;0.8;34.515
1753875205.72;2.0;49.20421287;18.75498932;387.5126;42.1353;13.0;0.8;34.211
1753875205.73;2.0;49.20421284;18.75498941;387.5124;42.1353;13.0;0.8;33.921
1753875205.74;2.0;49.20421281;18.75498951;387.5124;42.1353;13.0;0.8;33.639
1753875205.75;2.0;49.20421278;18.7549896;387.5123;42.1353;13.0;0.8;33.361
1753875205.76;2.0;49.20421275;18.7549897;387.5118;42.1353;13.0;0.8;33.098
1753875205.77;2.0;49.20421272;18.7549898;387.5119;42.1353;13.0;0.8;32.851
1753875205.78;2.0;49.20421269;18.7549899;387.5122;42.1353;13.0;0.8;32.598
1753875205.79;2.0;49.20421266;18.75499;387.5126;42.1353;13.0;0.8;32.339
1753875205.8;2.0;49.20421262;18.75499011;387.5141;42.1353;13.0;0.8;32.064
1753875205.81;2.0;49.20421258;18.75499022;387.5158;42.1353;13.0;0.8;31.746
1753875205.82;2.0;49.20421254;18.75499032;387.5173;42.1353;13.0;0.8;31.459
1753875205.83;2.0;49.20421251;18.75499042;387.5191;42.1353;13.0;0.8;31.182
1753875205.84;2.0;49.20421247;18.75499052;387.5206;42.1353;13.0;0.8;30.992
1753875205.85;2.0;49.20421245;18.75499062;387.5217;42.1353;13.0;0.8;30.749
1753875205.86;2.0;49.20421242;18.75499072;387.5225;42.1353;13.0;0.8;30.502
1753875205.87;2.0;49.20421239;18.75499082;387.5229;42.1353;13.0;0.8;30.241
1753875205.88;2.0;49.20421236;18.75499092;387.5234;42.1353;13.0;0.8;29.972
1753875205.89;2.0;49.20421234;18.75499101;387.5238;42.1353;13.0;0.8;29.751
1753875205.9;2.0;49.20421231;18.75499111;387.5243;42.1353;13.0;0.8;29.583
1753875205.91;2.0;49.20421228;18.75499121;387.525;42.1353;13.0;0.8;29.408
1753875205.92;2.0;49.20421226;18.75499131;387.5254;42.1353;13.0;0.8;29.176
1753875205.93;2.0;49.20421223;18.7549914;387.5258;42.1353;13.0;0.8;28.933
1753875205.94;2.0;49.2042122;18.75499151;387.5262;42.1353;13.0;0.8;28.672
1753875205.95;2.0;49.20421217;18.75499161;387.5268;42.1353;13.0;0.8;28.385
1753875205.96;2.0;49.20421213;18.75499171;387.5281;42.1353;13.0;0.8;28.045
1753875205.97;2.0;49.2042121;18.75499181;387.5294;42.1353;13.0;0.8;27.692
1753875205.98;2.0;49.20421207;18.75499191;387.5308;42.1353;13.0;0.8;27.368
1753875205.99;2.0;49.20421204;18.754992;387.532;42.1353;13.0;0.8;27.101
1753875206.0;2.0;49.20421202;18.75499209;387.533;42.1353;13.0;0.8;26.872
1753875206.01;2.0;49.20421199;18.75499218;387.5343;42.1353;13.0;0.8;26.643
1753875206.02;2.0;49.20421196;18.75499227;387.5353;42.1353;13.0;0.8;26.424
1753875206.03;2.0;49.20421194;18.75499236;387.5353;42.1353;13.0;0.8;26.247
1753875206.04;2.0;49.20421192;18.75499246;387.5357;42.1353;13.0;0.8;26.073
1753875206.05;2.0;49.2042119;18.75499255;387.5358;42.1353;13.0;0.8;25.895
1753875206.06;2.0;49.20421188;18.75499265;387.536;42.1353;13.0;0.8;25.699
1753875206.07;2.0;49.20421186;18.75499274;387.5364;42.1353;13.0;0.8;25.441
1753875206.08;2.0;49.20421185;18.75499285;387.5362;42.1353;13.0;0.8;25.232
1753875206.09;2.0;49.20421183;18.75499295;387.5363;42.1353;13.0;0.8;24.991
1753875206.1;2.0;49.20421182;18.75499305;387.5361;42.1353;13.0;0.8;24.742
1753875206.11;2.0;49.2042118;18.75499315;387.5361;42.1353;13.0;0.8;24.447
1753875206.12;2.0;49.20421178;18.75499325;387.5373;42.1353;13.0;0.8;24.145
1753875206.13;2.0;49.20421176;18.75499334;387.5389;42.1353;13.0;0.8;23.852
1753875206.14;2.0;49.20421174;18.75499344;387.5395;42.1353;13.0;0.8;23.527
1753875206.15;2.0;49.20421172;18.75499353;387.5395;42.1353;13.0;0.8;23.225
1753875206.16;2.0;49.2042117;18.75499362;387.54;42.1353;13.0;0.8;22.969
1753875206.17;2.0;49.20421168;18.75499371;387.5407;42.1353;13.0;0.8;22.729
1753875206.18;2.0;49.20421165;18.75499379;387.5416;42.1353;13.0;0.8;22.474
1753875206.19;2.0;49.20421162;18.75499387;387.5424;42.1353;13.0;0.8;22.19
1753875206.2;2.0;49.2042116;18.75499396;387.5429;42.1353;13.0;0.8;21.914
1753875206.21;2.0;49.20421158;18.75499404;387.5427;42.1353;13.0;0.8;21.671
1753875206.22;2.0;49.20421156;18.75499414;387.5425;42.1353;13.0;0.8;21.388
1753875206.23;2.0;49.20421153;18.75499423;387.5424;42.1353;13.0;0.8;21.105
1753875206.24;2.0;49.20421152;18.75499432;387.5424;42.1353;13.0;0.8;20.833
1753875206.25;2.0;49.2042115;18.75499441;387.5428;42.1353;13.0;0.8;20.572
1753875206.26;2.0;49.20421148;18.7549945;387.543;42.1353;13.0;0.8;20.321
1753875206.27;2.0;49.20421145;18.75499459;387.5441;42.1353;13.0;0.8;20.082
1753875206.28;2.0;49.20421144;18.75499468;387.545;42.1353;13.0;0.8;19.888
1753875206.29;2.0;49.20421142;18.75499478;387.5457;42.1353;13.0;0.8;19.68
1753875206.3;2.0;49.2042114;18.75499487;387.5468;42.1353;13.0;0.8;19.482
1753875206.31;2.0;49.20421138;18.75499496;387.5476;42.1353;13.0;0.8;19.307
1753875206.32;2.0;49.20421136;18.75499505;387.5476;42.1353;13.0;0.8;19.063
1753875206.33;2.0;49.20421134;18.75499514;387.5474;42.1353;13.0;0.8;18.812
1753875206.34;2.0;49.20421132;18.75499522;387.547;42.1353;13.0;0.8;18.574
1753875206.35;2.0;49.2042113;18.75499531;387.547;42.1353;13.0;0.8;18.273
1753875206.36;2.0;49.20421128;18.75499541;387.5472;42.1353;13.0;0.8;17.987
1753875206.37;2.0;49.20421126;18.7549955;387.5475;42.1353;13.0;0.8;17.708
1753875206.38;2.0;49.20421124;18.7549956;387.5475;42.1353;13.0;0.8;17.418
1753875206.39;2.0;49.20421123;18.75499569;387.5476;42.1353;13.0;0.8;17.142
1753875206.4;2.0;49.20421121;18.75499579;387.5476;42.1353;13.0;0.8;16.882
1753875206.41;2.0;49.2042112;18.75499589;387.5475;42.1353;13.0;0.8;16.648
1753875206.42;2.0;49.20421119;18.75499599;387.548;42.1353;13.0;0.8;16.412
1753875206.43;2.0;49.20421117;18.75499608;387.5488;42.1353;13.0;0.8;16.147
1753875206.44;2.0;49.20421116;18.75499617;387.5498;42.1353;13.0;0.8;15.867
1753875206.45;2.0;49.20421115;18.75499626;387.5506;42.1353;13.0;0.8;15.604
1753875206.46;2.0;49.20421114;18.75499635;387.5509;42.1353;13.0;0.8;15.394
1753875206.47;2.0;49.20421114;18.75499644;387.5509;42.1353;13.0;0.8;15.152
1753875206.48;2.0;49.20421113;18.75499654;387.5514;42.1353;13.0;0.8;14.872
1753875206.49;2.0;49.20421113;18.75499663;387.5521;42.1353;13.0;0.8;14.564
1753875206.5;2.0;49.20421112;18.75499673;387.5525;42.1353;13.0;0.8;14.228
1753875206.51;2.0;49.20421112;18.75499682;387.5523;42.1353;13.0;0.8;13.913
1753875206.52;2.0;49.20421111;18.75499692;387.5521;42.1353;13.0;0.8;13.603
1753875206.53;2.0;49.20421111;18.75499702;387.5524;42.1353;13.0;0.8;13.279
1753875206.54;2.0;49.2042111;18.75499711;387.5529;42.1353;13.0;0.8;12.982
1753875206.55;2.0;49.20421109;18.7549972;387.5538;42.1353;13.0;0.8;12.713
1753875206.56;2.0;49.20421108;18.7549973;387.5554;42.1353;13.0;0.8;12.539
1753875206.57;2.0;49.20421106;18.75499739;387.5569;42.1353;13.0;0.8;12.374
1753875206.58;2.0;49.20421105;18.75499749;387.5581;42.1353;13.0;0.8;12.224
1753875206.59;2.0;49.20421105;18.75499758;387.5592;42.1353;13.0;0.8;12.061
1753875206.6;2.0;49.20421103;18.75499767;387.5596;42.1353;13.0;0.8;11.92
1753875206.61;2.0;49.20421102;18.75499776;387.5602;42.1353;13.0;0.8;11.756
1753875206.62;2.0;49.20421101;18.75499785;387.5603;42.1353;13.0;0.8;11.507
1753875206.63;2.0;49.204211;18.75499795;387.5609;42.1353;13.0;0.8;11.223
1753875206.64;2.0;49.20421099;18.75499805;387.5618;42.1353;13.0;0.8;10.892
1753875206.65;2.0;49.20421098;18.75499814;387.5621;42.1353;13.0;0.8;10.546
1753875206.66;2.0;49.20421097;18.75499823;387.5626;42.1353;13.0;0.8;10.238
1753875206.67;2.0;49.20421096;18.75499833;387.5623;42.1353;13.0;0.8;9.969
1753875206.68;2.0;49.20421095;18.75499842;387.562;42.1353;13.0;0.8;9.691
1753875206.69;2.0;49.20421094;18.75499851;387.5617;42.1353;13.0;0.8;9.453
1753875206.7;2.0;49.20421093;18.75499861;387.5615;42.1353;13.0;0.8;9.222
1753875206.71;2.0;49.20421093;18.7549987;387.5609;42.1353;13.0;0.8;8.987
1753875206.72;2.0;49.20421092;18.75499879;387.56;42.1353;13.0;0.8;8.781
1753875206.73;2.0;49.20421091;18.75499887;387.5593;42.1353;13.0;0.8;8.543
1753875206.74;2.0;49.20421091;18.75499896;387.5585;42.1353;13.0;0.8;8.293
1753875206.75;2.0;49.2042109;18.75499905;387.5582;42.1353;12.0;0.9;8.09
1753875206.76;2.0;49.20421089;18.75499913;387.5574;42.1353;12.0;0.9;7.894
1753875206.77;2.0;49.20421088;18.75499922;387.5568;42.1353;12.0;0.9;7.653
1753875206.78;2.0;49.20421088;18.75499932;387.557;42.1353;12.0;0.9;7.428
1753875206.79;2.0;49.20421087;18.75499941;387.5571;42.1353;12.0;0.9;7.174
1753875206.8;2.0;49.20421087;18.75499951;387.5577;42.1353;12.0;0.9;6.915
1753875206.81;2.0;49.20421087;18.7549996;387.5574;42.1353;12.0;0.9;6.619
1753875206.82;2.0;49.20421087;18.75499969;387.5569;42.1353;12.0;0.9;6.312
1753875206.83;2.0;49.20421086;18.75499979;387.5573;42.1353;12.0;0.9;6.015
1753875206.84;2.0;49.20421085;18.75499988;387.5581;42.1353;12.0;0.9;5.712
1753875206.85;2.0;49.20421085;18.75499998;387.5593;42.1353;12.0;0.9;5.417
1753875206.86;2.0;49.20421085;18.75500006;387.5605;42.1353;12.0;0.9;5.141
1753875206.87;2.0;49.20421084;18.75500015;387.5616;42.1353;12.0;0.9;4.924
1753875206.88;2.0;49.20421084;18.75500024;387.5621;42.1353;12.0;0.9;4.748
1753875206.89;2.0;49.20421083;18.75500033;387.5631;42.1353;12.0;0.9;4.551
1753875206.9;2.0;49.20421083;18.75500042;387.5645;42.1353;12.0;0.9;4.321
1753875206.91;2.0;49.20421082;18.7550005;387.5654;42.1353;12.0;0.9;4.075
1753875206.92;2.0;49.20421082;18.75500058;387.566;42.1353;12.0;0.9;3.867
1753875206.93;2.0;49.20421082;18.75500068;387.5667;42.1353;12.0;0.9;3.624
1753875206.94;2.0;49.20421082;18.75500076;387.5666;42.1353;12.0;0.9;3.361
1753875206.95;2.0;49.20421082;18.75500085;387.5663;42.1353;12.0;0.9;3.077
1753875206.96;2.0;49.20421081;18.75500095;387.566;42.1353;12.0;0.9;2.798
1753875206.97;2.0;49.20421081;18.75500104;387.5664;42.1353;12.0;0.9;2.512
1753875206.98;2.0;49.20421081;18.75500114;387.5672;42.1353;12.0;0.9;2.218
1753875206.99;2.0;49.2042108;18.75500123;387.5675;42.1353;12.0;0.9;1.947
1753875207.0;2.0;49.2042108;18.75500132;387.5676;42.1353;12.0;0.9;1.709
1753875207.01;2.0;49.2042108;18.75500141;387.5675;42.1353;12.0;0.9;1.456
1753875207.02;2.0;49.2042108;18.75500151;387.5676;42.1353;12.0;0.9;1.176
1753875207.03;2.0;49.2042108;18.7550016;387.5676;42.1353;12.0;0.9;0.891
1753875207.04;2.0;49.2042108;18.75500169;387.5669;42.1353;12.0;0.9;0.6
1753875207.05;2.0;49.2042108;18.75500179;387.5657;42.1353;12.0;0.9;0.275
1753875207.06;2.0;49.2042108;18.75500188;387.5646;42.1353;12.0;0.9;359.956
1753875207.07;2.0;49.2042108;18.75500197;387.5648;42.1353;12.0;0.9;359.655
1753875207.08;2.0;49.2042108;18.75500206;387.5647;42.1353;13.0;0.8;359.338
1753875207.09;2.0;49.2042108;18.75500215;387.564;42.1353;13.0;0.8;359.037
1753875207.1;2.0;49.2042108;18.75500224;387.5632;42.1353;13.0;0.8;358.703
1753875207.11;2.0;49.20421081;18.75500233;387.5628;42.1353;13.0;0.8;358.387
1753875207.12;2.0;49.20421082;18.75500242;387.563;42.1353;13.0;0.8;358.063
1753875207.13;2.0;49.20421082;18.75500251;387.5625;42.1353;13.0;0.8;357.724
1753875207.14;2.0;49.20421083;18.75500259;387.5612;42.1353;13.0;0.8;357.41
1753875207.15;2.0;49.20421084;18.75500267;387.5595;42.1353;13.0;0.8;357.135
1753875207.16;2.0;49.20421085;18.75500275;387.5583;42.1353;13.0;0.8;356.84
1753875207.17;2.0;49.20421087;18.75500283;387.5575;42.1353;13.0;0.8;356.556
1753875207.18;2.0;49.20421087;18.75500291;387.5574;42.1353;13.0;0.8;356.319
1753875207.19;2.0;49.20421088;18.75500299;387.5578;42.1353;13.0;0.8;356.131
1753875207.2;2.0;49.20421089;18.75500307;387.5584;42.1353;13.0;0.8;355.914
1753875207.21;2.0;49.20421091;18.75500314;387.5586;42.1353;13.0;0.8;355.658
1753875207.22;2.0;49.20421092;18.75500323;387.5584;42.1353;13.0;0.8;355.376
1753875207.23;2.0;49.20421093;18.75500331;387.5577;42.1353;13.0;0.8;355.081
1753875207.24;2.0;49.20421095;18.75500338;387.5571;42.1353;13.0;0.8;354.82
1753875207.25;2.0;49.20421097;18.75500346;387.557;42.1353;13.0;0.8;354.582
1753875207.26;2.0;49.20421098;18.75500354;387.5564;42.1353;13.0;0.8;354.355
1753875207.27;2.0;49.204211;18.75500362;387.5557;42.1353;13.0;0.8;354.078
1753875207.28;2.0;49.20421101;18.75500369;387.5558;42.1353;13.0;0.8;353.781
1753875207.29;2.0;49.20421102;18.75500377;387.5565;42.1353;13.0;0.8;353.517
1753875207.3;2.0;49.20421103;18.75500385;387.5568;42.1353;13.0;0.8;353.293
1753875207.31;2.0;49.20421105;18.75500393;387.5567;42.1353;13.0;0.8;353.071
1753875207.32;2.0;49.20421106;18.755004;387.5563;42.1353;13.0;0.8;352.849
1753875207.33;2.0;49.20421108;18.75500408;387.555;42.1353;13.0;0.8;352.602
1753875207.34;2.0;49.2042111;18.75500416;387.554;42.1353;13.0;0.8;352.382
1753875207.35;2.0;49.20421111;18.75500424;387.5537;42.1353;13.0;0.8;352.159
1753875207.36;2.0;49.20421112;18.75500432;387.5535;42.1353;13.0;0.8;351.972
1753875207.37;2.0;49.20421114;18.7550044;387.5532;42.1353;13.0;0.8;351.764
1753875207.38;2.0;49.20421116;18.75500449;387.5526;42.1353;13.0;0.8;351.493
1753875207.39;2.0;49.20421118;18.75500457;387.5519;42.1353;13.0;0.8;351.187
1753875207.4;2.0;49.2042112;18.75500464;387.5511;42.1353;13.0;0.8;350.873
1753875207.41;2.0;49.20421122;18.75500472;387.5505;42.1353;13.0;0.8;350.6
1753875207.42;2.0;49.20421124;18.7550048;387.55;42.1353;13.0;0.8;350.274
1753875207.43;2.0;49.20421126;18.75500487;387.5498;42.1353;13.0;0.8;349.898
1753875207.44;2.0;49.20421127;18.75500495;387.5494;42.1353;13.0;0.8;349.538
1753875207.45;2.0;49.2042113;18.75500502;387.5494;42.1353;13.0;0.8;349.201
1753875207.46;2.0;49.20421131;18.75500508;387.5498;42.1353;13.0;0.8;348.891
1753875207.47;2.0;49.20421133;18.75500515;387.55;42.1353;13.0;0.8;348.614
1753875207.48;2.0;49.20421134;18.75500522;387.5502;42.1353;13.0;0.8;348.376
1753875207.49;2.0;49.20421136;18.75500529;387.5503;42.1353;13.0;0.8;348.121
1753875207.5;2.0;49.20421138;18.75500537;387.5499;42.1353;13.0;0.8;347.82
1753875207.51;2.0;49.2042114;18.75500544;387.5493;42.1353;13.0;0.8;347.486
1753875207.52;2.0;49.20421142;18.75500552;387.5486;42.1353;13.0;0.8;347.174
1753875207.53;2.0;49.20421144;18.7550056;387.5473;42.1353;13.0;0.8;346.862
1753875207.54;2.0;49.20421147;18.75500567;387.5459;42.1353;13.0;0.8;346.573
1753875207.55;2.0;49.20421149;18.75500574;387.5458;42.1353;13.0;0.8;346.289
1753875207.56;2.0;49.20421151;18.75500581;387.5459;42.1353;13.0;0.8;345.994
1753875207.57;2.0;49.20421153;18.75500588;387.5459;42.1353;13.0;0.8;345.659
1753875207.58;2.0;49.20421156;18.75500595;387.5459;42.1353;13.0;0.8;345.363
1753875207.59;2.0;49.20421158;18.75500603;387.5463;42.1353;13.0;0.8;345.047
1753875207.6;2.0;49.20421161;18.7550061;387.5469;42.1353;13.0;0.8;344.761
1753875207.61;2.0;49.20421162;18.75500617;387.5479;42.1353;13.0;0.8;344.505
1753875207.62;2.0;49.20421165;18.75500623;387.5482;42.1353;13.0;0.8;344.235
1753875207.63;2.0;49.20421168;18.7550063;387.5487;42.1353;13.0;0.8;343.971
1753875207.64;2.0;49.2042117;18.75500638;387.5494;42.1353;13.0;0.8;343.694
1753875207.65;2.0;49.20421173;18.75500645;387.5501;42.1353;13.0;0.8;343.383
1753875207.66;2.0;49.20421176;18.75500652;387.5507;42.1353;13.0;0.8;343.085
1753875207.67;2.0;49.20421178;18.7550066;387.5512;42.1353;13.0;0.8;342.779
1753875207.68;2.0;49.20421181;18.75500668;387.5511;42.1353;13.0;0.8;342.463
1753875207.69;2.0;49.20421183;18.75500675;387.5517;42.1353;13.0;0.8;342.128
1753875207.7;2.0;49.20421186;18.75500682;387.5518;42.1353;13.0;0.8;341.825
1753875207.71;2.0;49.20421188;18.75500689;387.5514;42.1353;13.0;0.8;341.555
1753875207.72;2.0;49.20421191;18.75500695;387.551;42.1353;13.0;0.8;341.27
1753875207.73;2.0;49.20421194;18.75500702;387.5505;42.1353;13.0;0.8;340.971
1753875207.74;2.0;49.20421197;18.75500709;387.5497;42.1353;13.0;0.8;340.671
1753875207.75;2.0;49.20421201;18.75500715;387.5491;42.1353;13.0;0.8;340.403
1753875207.76;2.0;49.20421204;18.75500722;387.5484;42.1353;13.0;0.8;340.141
1753875207.77;2.0;49.20421207;18.75500729;387.548;42.1353;13.0;0.8;339.858
1753875207.78;2.0;49.20421211;18.75500736;387.5473;42.1353;13.0;0.8;339.56
1753875207.79;2.0;49.20421214;18.75500742;387.547;42.1353;13.0;0.8;339.248
1753875207.8;2.0;49.20421217;18.75500749;387.5468;42.1353;13.0;0.8;338.944
1753875207.81;2.0;49.2042122;18.75500756;387.5462;42.1353;13.0;0.8;338.615
1753875207.82;2.0;49.20421223;18.75500763;387.5461;42.1353;13.0;0.8;338.29
1753875207.83;2.0;49.20421226;18.7550077;387.5462;42.1353;13.0;0.8;338.018
1753875207.84;2.0;49.2042123;18.75500776;387.5466;42.1353;13.0;0.8;337.759
1753875207.85;2.0;49.20421233;18.75500783;387.547;42.1353;13.0;0.8;337.454
1753875207.86;2.0;49.20421236;18.75500789;387.5478;42.1353;13.0;0.8;337.153
1753875207.87;2.0;49.2042124;18.75500795;387.5487;42.1353;13.0;0.8;336.836
1753875207.88;2.0;49.20421243;18.75500801;387.5494;42.1353;13.0;0.8;336.504
1753875207.89;2.0;49.20421246;18.75500807;387.5495;42.1353;13.0;0.8;336.228
1753875207.9;2.0;49.2042125;18.75500813;387.5494;42.1353;13.0;0.8;335.946
1753875207.91;2.0;49.20421254;18.75500819;387.5497;42.1353;13.0;0.8;335.611
1753875207.92;2.0;49.20421257;18.75500824;387.55;42.1353;13.0;0.8;335.248
1753875207.93;2.0;49.20421262;18.7550083;387.5497;42.1353;13.0;0.8;334.846
1753875207.94;2.0;49.20421266;18.75500835;387.5491;42.1353;13.0;0.8;334.486
1753875207.95;2.0;49.2042127;18.75500841;387.5482;42.1353;13.0;0.8;334.097
1753875207.96;2.0;49.20421275;18.75500846;387.547;42.1353;13.0;0.8;333.692
1753875207.97;2.0;49.2042128;18.75500851;387.5452;42.1353;13.0;0.8;333.304
1753875207.98;2.0;49.20421285;18.75500857;387.5434;42.1353;13.0;0.8;332.874
1753875207.99;2.0;49.20421289;18.75500861;387.5418;42.1353;13.0;0.8;332.414
1753875208.0;2.0;49.20421294;18.75500866;387.5405;42.1353;13.0;0.8;331.942
1753875208.01;2.0;49.20421298;18.75500872;387.5397;42.1353;13.0;0.8;331.498
1753875208.02;2.0;49.20421302;18.75500877;387.5394;42.1353;13.0;0.8;331.044
1753875208.03;2.0;49.20421306;18.75500881;387.5382;42.1353;13.0;0.8;330.63
1753875208.04;2.0;49.2042131;18.75500886;387.5367;42.1353;13.0;0.8;330.233
1753875208.05;2.0;49.20421314;18.75500891;387.5357;42.1353;13.0;0.8;329.843
1753875208.06;2.0;49.20421318;18.75500895;387.5353;42.1353;13.0;0.8;329.494
1753875208.07;2.0;49.20421322;18.75500899;387.5353;42.1353;13.0;0.8;329.178
1753875208.08;2.0;49.20421326;18.75500903;387.5349;42.1353;13.0;0.8;328.88
1753875208.09;2.0;49.2042133;18.75500907;387.5349;42.1353;13.0;0.8;328.605
1753875208.1;2.0;49.20421333;18.75500912;387.535;42.1353;13.0;0.8;328.371
1753875208.11;2.0;49.20421337;18.75500917;387.5344;42.1353;13.0;0.8;328.08
1753875208.12;2.0;49.20421341;18.75500922;387.5337;42.1353;13.0;0.8;327.761
1753875208.13;2.0;49.20421345;18.75500927;387.533;42.1353;13.0;0.8;327.414
1753875208.14;2.0;49.20421348;18.75500933;387.5317;42.1353;13.0;0.8;327.108
1753875208.15;2.0;49.20421353;18.75500939;387.5305;42.1353;13.0;0.8;326.831
1753875208.16;2.0;49.20421357;18.75500945;387.5292;42.1353;13.0;0.8;326.525
1753875208.17;2.0;49.20421362;18.75500952;387.5281;42.1353;13.0;0.8;326.188
1753875208.18;2.0;49.20421367;18.75500958;387.5278;42.1353;13.0;0.8;325.842
1753875208.19;2.0;49.20421371;18.75500964;387.5274;42.1353;13.0;0.8;325.491
1753875208.2;2.0;49.20421376;18.7550097;387.5269;42.1353;13.0;0.8;325.128
1753875208.21;2.0;49.20421381;18.75500976;387.5272;42.1353;13.0;0.8;324.754
1753875208.22;2.0;49.20421385;18.75500981;387.5273;42.1353;13.0;0.8;324.401
1753875208.23;2.0;49.20421389;18.75500987;387.5271;42.1353;13.0;0.8;324.06
1753875208.24;2.0;49.20421394;18.75500992;387.5271;42.1353;13.0;0.8;323.729
1753875208.25;2.0;49.204214;18.75500997;387.5274;42.1353;13.0;0.8;323.4
1753875208.26;2.0;49.20421405;18.75501002;387.5275;42.1353;13.0;0.8;323.037
1753875208.27;2.0;49.2042141;18.75501007;387.5274;42.1353;13.0;0.8;322.716
1753875208.28;2.0;49.20421415;18.75501012;387.5269;42.1353;13.0;0.8;322.374
1753875208.29;2.0;49.2042142;18.75501017;387.5264;42.1353;13.0;0.8;322.0
1753875208.3;2.0;49.20421425;18.75501022;387.5261;42.1353;13.0;0.8;321.635
1753875208.31;2.0;49.2042143;18.75501027;387.5259;42.1353;13.0;0.8;321.268
1753875208.32;2.0;49.20421435;18.75501031;387.5261;42.1353;13.0;0.8;320.942
1753875208.33;2.0;49.2042144;18.75501036;387.5261;42.1353;13.0;0.8;320.572
1753875208.34;2.0;49.20421445;18.75501041;387.5261;42.1353;13.0;0.8;320.156
1753875208.35;2.0;49.20421451;18.75501046;387.5261;42.1353;13.0;0.8;319.787
1753875208.36;2.0;49.20421456;18.7550105;387.5257;42.1353;13.0;0.8;319.471
1753875208.37;2.0;49.20421462;18.75501054;387.5256;42.1353;13.0;0.8;319.115
1753875208.38;2.0;49.20421467;18.75501058;387.5254;42.1353;13.0;0.8;318.734
1753875208.39;2.0;49.20421473;18.75501061;387.5253;42.1353;13.0;0.8;318.348
1753875208.4;2.0;49.20421479;18.75501065;387.5249;42.1353;13.0;0.8;317.965
1753875208.41;2.0;49.20421485;18.75501069;387.5249;42.1353;13.0;0.8;317.606
1753875208.42;2.0;49.20421491;18.75501073;387.5248;42.1353;13.0;0.8;317.241
1753875208.43;2.0;49.20421497;18.75501078;387.5241;42.1353;13.0;0.8;316.841
1753875208.44;2.0;49.20421503;18.75501082;387.5221;42.1353;13.0;0.8;316.435
1753875208.45;2.0;49.2042151;18.75501086;387.52;42.1353;13.0;0.8;316.066
1753875208.46;2.0;49.20421515;18.7550109;387.5192;42.1353;13.0;0.8;315.675
1753875208.47;2.0;49.20421521;18.75501094;387.5188;42.1353;13.0;0.8;315.292
1753875208.48;2.0;49.20421527;18.75501098;387.5182;42.1353;13.0;0.8;314.919
1753875208.49;2.0;49.20421532;18.75501103;387.517;42.1353;13.0;0.8;314.529
1753875208.5;2.0;49.20421538;18.75501107;387.5162;42.1353;13.0;0.8;314.154
1753875208.51;2.0;49.20421544;18.75501111;387.5156;42.1353;13.0;0.8;313.804
1753875208.52;2.0;49.20421549;18.75501116;387.5161;42.1353;13.0;0.8;313.421
1753875208.53;2.0;49.20421554;18.75501119;387.5167;42.1353;13.0;0.8;313.034
1753875208.54;2.0;49.2042156;18.75501123;387.5174;42.1353;13.0;0.8;312.628
1753875208.55;2.0;49.20421566;18.75501128;387.518;42.1353;13.0;0.8;312.262
1753875208.56;2.0;49.20421571;18.75501132;387.5182;42.1353;13.0;0.8;311.896
1753875208.57;2.0;49.20421577;18.75501136;387.5179;42.1353;13.0;0.8;311.536
1753875208.58;2.0;49.20421583;18.7550114;387.5178;42.1353;13.0;0.8;311.162
1753875208.59;2.0;49.20421589;18.75501144;387.5174;42.1353;13.0;0.8;310.786
1753875208.6;2.0;49.20421596;18.75501149;387.5173;42.1353;13.0;0.8;310.441
1753875208.61;2.0;49.20421602;18.75501154;387.5173;42.1353;13.0;0.8;310.094
1753875208.62;2.0;49.20421608;18.75501159;387.5174;42.1353;13.0;0.8;309.825
1753875208.63;2.0;49.20421615;18.75501164;387.5173;42.1353;13.0;0.8;309.506
1753875208.64;2.0;49.20421621;18.7550117;387.517;42.1353;13.0;0.8;309.154
1753875208.65;2.0;49.20421628;18.75501175;387.5165;42.1353;13.0;0.8;308.792
1753875208.66;2.0;49.20421634;18.7550118;387.516;42.1353;13.0;0.8;308.36
1753875208.67;2.0;49.20421641;18.75501185;387.5154;42.1353;13.0;0.8;307.912
1753875208.68;2.0;49.20421648;18.75501191;387.5145;42.1353;13.0;0.8;307.435
1753875208.69;2.0;49.20421654;18.75501196;387.5137;42.1353;13.0;0.8;306.986
1753875208.7;2.0;49.20421661;18.755012;387.5133;42.1353;13.0;0.8;306.607
1753875208.71;2.0;49.20421667;18.75501205;387.513;42.1353;13.0;0.8;306.251
1753875208.72;2.0;49.20421674;18.75501209;387.5125;42.1353;13.0;0.8;305.867
1753875208.73;2.0;49.2042168;18.75501213;387.5127;42.1353;13.0;0.8;305.462
1753875208.74;2.0;49.20421686;18.75501217;387.513;42.1353;13.0;0.8;305.057
1753875208.75;2.0;49.20421692;18.7550122;387.5134;42.1353;13.0;0.8;304.672
1753875208.76;2.0;49.20421699;18.75501224;387.5126;42.1353;13.0;0.8;304.326
1753875208.77;2.0;49.20421705;18.75501227;387.512;42.1353;13.0;0.8;303.895
1753875208.78;2.0;49.20421711;18.75501231;387.511;42.1353;13.0;0.8;303.52
1753875208.79;2.0;49.20421718;18.75501234;387.5099;42.1353;13.0;0.8;303.158
1753875208.8;2.0;49.20421724;18.75501237;387.5089;42.1353;13.0;0.8;302.812
1753875208.81;2.0;49.20421731;18.7550124;387.5084;42.1353;13.0;0.8;302.489
1753875208.82;2.0;49.20421738;18.75501243;387.5074;42.1353;13.0;0.8;302.162
1753875208.83;2.0;49.20421745;18.75501246;387.5063;42.1353;13.0;0.8;301.823
1753875208.84;2.0;49.20421751;18.75501249;387.5053;42.1353;13.0;0.8;301.436
1753875208.85;2.0;49.20421758;18.75501253;387.5047;42.1353;13.0;0.8;301.052
1753875208.86;2.0;49.20421765;18.75501255;387.5046;42.1353;13.0;0.8;300.683
1753875208.87;2.0;49.20421771;18.75501257;387.5048;42.1353;13.0;0.8;300.318
1753875208.88;2.0;49.20421778;18.7550126;387.5045;42.1353;13.0;0.8;300.007
1753875208.89;2.0;49.20421785;18.75501263;387.5044;42.1353;13.0;0.8;299.732
1753875208.9;2.0;49.20421792;18.75501266;387.5042;42.1353;13.0;0.8;299.414
1753875208.91;2.0;49.20421798;18.75501268;387.5036;42.1353;13.0;0.8;299.139
1753875208.92;2.0;49.20421805;18.75501271;387.5034;42.1353;13.0;0.8;298.854
1753875208.93;2.0;49.20421811;18.75501274;387.5035;42.1353;13.0;0.8;298.585
1753875208.94;2.0;49.20421818;18.75501276;387.504;42.1353;13.0;0.8;298.291
1753875208.95;2.0;49.20421824;18.75501279;387.5047;42.1353;13.0;0.8;297.996
1753875208.96;2.0;49.2042183;18.7550128;387.5047;42.1353;13.0;0.8;297.686
1753875208.97;2.0;49.20421837;18.75501282;387.5044;42.1353;13.0;0.8;297.35
1753875208.98;2.0;49.20421844;18.75501285;387.5033;42.1353;13.0;0.8;297.027
1753875208.99;2.0;49.2042185;18.75501287;387.502;42.1353;13.0;0.8;296.668
1753875209.0;2.0;49.20421857;18.75501289;387.5015;42.1353;13.0;0.8;296.283
1753875209.01;2.0;49.20421864;18.75501291;387.5015;42.1353;13.0;0.8;295.906
1753875209.02;2.0;49.20421871;18.75501292;387.5014;42.1353;13.0;0.8;295.561
1753875209.03;2.0;49.20421877;18.75501294;387.5013;42.1353;13.0;0.8;295.259
1753875209.04;2.0;49.20421884;18.75501296;387.5005;42.1353;13.0;0.8;294.982
1753875209.05;2.0;49.20421891;18.75501298;387.4992;42.1353;13.0;0.8;294.697
1753875209.06;2.0;49.20421897;18.755013;387.4979;42.1353;13.0;0.8;294.349
1753875209.07;2.0;49.20421904;18.75501302;387.4967;42.1353;13.0;0.8;293.937
1753875209.08;2.0;49.2042191;18.75501305;387.496;42.1353;13.0;0.8;293.541
1753875209.09;2.0;49.20421916;18.75501307;387.4956;42.1353;13.0;0.8;293.156
1753875209.1;2.0;49.20421922;18.75501309;387.4957;42.1353;13.0;0.8;292.757
1753875209.11;2.0;49.20421928;18.75501312;387.496;42.1353;13.0;0.8;292.42
1753875209.12;2.0;49.20421934;18.75501314;387.4964;42.1353;13.0;0.8;292.044
1753875209.13;2.0;49.2042194;18.75501317;387.4973;42.1353;13.0;0.8;291.639
1753875209.14;2.0;49.20421946;18.75501319;387.4981;42.1353;13.0;0.8;291.28
1753875209.15;2.0;49.20421952;18.75501321;387.4993;42.1353;13.0;0.8;290.855
1753875209.16;2.0;49.20421958;18.75501323;387.5005;42.1353;13.0;0.8;290.468
1753875209.17;2.0;49.20421964;18.75501325;387.5015;42.1353;13.0;0.8;290.167
1753875209.18;2.0;49.20421969;18.75501327;387.5022;42.1353;13.0;0.8;289.798
1753875209.19;2.0;49.20421976;18.7550133;387.503;42.1353;13.0;0.8;289.407
1753875209.2;2.0;49.20421982;18.75501332;387.5036;42.1353;13.0;0.8;288.961
1753875209.21;2.0;49.20421988;18.75501335;387.5048;42.1353;13.0;0.8;288.546
1753875209.22;2.0;49.20421994;18.75501338;387.5063;42.1353;13.0;0.8;288.128
1753875209.23;2.0;49.20422001;18.75501341;387.5077;42.1353;13.0;0.8;287.728
1753875209.24;2.0;49.20422007;18.75501344;387.5083;42.1353;13.0;0.8;287.302
1753875209.25;2.0;49.20422013;18.75501347;387.5083;42.1353;13.0;0.8;286.888
1753875209.26;2.0;49.20422019;18.75501351;387.5087;42.1353;13.0;0.8;286.49
1753875209.27;2.0;49.20422026;18.75501356;387.5084;42.1353;13.0;0.8;286.091
1753875209.28;2.0;49.20422032;18.7550136;387.5089;42.1353;13.0;0.8;285.735
1753875209.29;2.0;49.20422038;18.75501363;387.5096;42.1353;13.0;0.8;285.415
1753875209.3;2.0;49.20422045;18.75501366;387.51;42.1353;13.0;0.8;285.074
1753875209.31;2.0;49.20422052;18.7550137;387.5103;42.1353;13.0;0.8;284.681
1753875209.32;2.0;49.20422058;18.75501373;387.5107;42.1353;13.0;0.8;284.268
1753875209.33;2.0;49.20422064;18.75501376;387.511;42.1353;13.0;0.8;283.921
1753875209.34;2.0;49.2042207;18.75501379;387.5115;42.1353;13.0;0.8;283.577
1753875209.35;2.0;49.20422076;18.75501382;387.5119;42.1353;13.0;0.8;283.226
1753875209.36;2.0;49.20422083;18.75501385;387.5121;42.1353;13.0;0.8;282.965
1753875209.37;2.0;49.20422088;18.75501387;387.5122;42.1353;13.0;0.8;282.669
1753875209.38;2.0;49.20422095;18.7550139;387.5119;42.1353;13.0;0.8;282.346
1753875209.39;2.0;49.20422101;18.75501392;387.5115;42.1353;13.0;0.8;282.013
1753875209.4;2.0;49.20422107;18.75501395;387.5106;42.1353;13.0;0.8;281.653
1753875209.41;2.0;49.20422114;18.75501396;387.5104;42.1353;13.0;0.8;281.28
1753875209.42;2.0;49.20422121;18.75501397;387.5104;42.1353;13.0;0.8;280.898
1753875209.43;2.0;49.20422128;18.75501398;387.5095;42.1353;13.0;0.8;280.552
1753875209.44;2.0;49.20422134;18.75501399;387.5091;42.1353;13.0;0.8;280.211
1753875209.45;2.0;49.20422142;18.755014;387.5089;42.1353;13.0;0.8;279.818
1753875209.46;2.0;49.20422149;18.75501402;387.5091;42.1353;13.0;0.8;279.355
1753875209.47;2.0;49.20422156;18.75501402;387.509;42.1353;13.0;0.8;278.916
1753875209.48;2.0;49.20422162;18.75501403;387.5091;42.1353;13.0;0.8;278.603
1753875209.49;2.0;49.20422168;18.75501404;387.5095;42.1353;13.0;0.8;278.311
1753875209.5;2.0;49.20422174;18.75501406;387.5102;42.1353;13.0;0.8;278.019
1753875209.51;2.0;49.2042218;18.75501407;387.5106;42.1353;13.0;0.8;277.721
1753875209.52;2.0;49.20422187;18.75501409;387.5113;42.1353;13.0;0.8;277.357
1753875209.53;2.0;49.20422193;18.7550141;387.5119;42.1353;13.0;0.8;276.954
1753875209.54;2.0;49.204222;18.7550141;387.5128;42.1353;13.0;0.8;276.543
1753875209.55;2.0;49.20422206;18.75501411;387.5137;42.1353;13.0;0.8;276.144
1753875209.56;2.0;49.20422212;18.75501411;387.5145;42.1353;13.0;0.8;275.761
1753875209.57;2.0;49.20422218;18.75501412;387.5156;42.1353;13.0;0.8;275.436
1753875209.58;2.0;49.20422224;18.75501413;387.5171;42.1353;13.0;0.8;275.107
1753875209.59;2.0;49.2042223;18.75501413;387.518;42.1353;13.0;0.8;274.813
1753875209.6;2.0;49.20422237;18.75501414;387.5188;42.1353;13.0;0.8;274.487
1753875209.61;2.0;49.20422243;18.75501415;387.52;42.1353;13.0;0.8;274.119
1753875209.62;2.0;49.20422249;18.75501416;387.5218;42.1353;13.0;0.8;273.768
1753875209.63;2.0;49.20422255;18.75501416;387.5232;42.1353;13.0;0.8;273.442
1753875209.64;2.0;49.20422261;18.75501416;387.5245;42.1353;13.0;0.8;273.105
1753875209.65;2.0;49.20422267;18.75501417;387.5258;42.1353;13.0;0.8;272.754
1753875209.66;2.0;49.20422273;18.75501417;387.527;42.1353;13.0;0.8;272.388
1753875209.67;2.0;49.20422278;18.75501418;387.5276;42.1353;13.0;0.8;272.038
1753875209.68;2.0;49.20422284;18.75501419;387.5276;42.1353;13.0;0.8;271.658
1753875209.69;2.0;49.2042229;18.7550142;387.5274;42.1353;13.0;0.8;271.242
1753875209.7;2.0;49.20422296;18.7550142;387.5271;42.1353;13.0;0.8;270.85
1753875209.71;2.0;49.20422302;18.7550142;387.5275;42.1353;13.0;0.8;270.458
1753875209.72;2.0;49.20422309;18.75501421;387.5279;42.1353;13.0;0.8;270.076
1753875209.73;2.0;49.20422315;18.75501421;387.528;42.1353;13.0;0.8;269.674
1753875209.74;2.0;49.20422321;18.75501421;387.5281;42.1353;13.0;0.8;269.3
1753875209.75;2.0;49.20422326;18.75501422;387.5287;42.1353;13.0;0.8;268.933
1753875209.76;2.0;49.20422332;18.75501422;387.5293;42.1353;13.0;0.8;268.545
1753875209.77;2.0;49.20422338;18.75501422;387.5295;42.1353;13.0;0.8;268.115
1753875209.78;2.0;49.20422344;18.75501422;387.5295;42.1353;13.0;0.8;267.747
1753875209.79;2.0;49.2042235;18.75501422;387.5294;42.1353;13.0;0.8;267.396
1753875209.8;2.0;49.20422355;18.75501422;387.5294;42.1353;13.0;0.8;267.078
1753875209.81;2.0;49.20422361;18.75501422;387.53;42.1353;13.0;0.8;266.786
1753875209.82;2.0;49.20422367;18.75501421;387.5304;42.1353;13.0;0.8;266.499
1753875209.83;2.0;49.20422373;18.75501421;387.5305;42.1353;13.0;0.8;266.173
1753875209.84;2.0;49.20422379;18.7550142;387.5315;42.1353;13.0;0.8;265.831
1753875209.85;2.0;49.20422385;18.75501419;387.5332;42.1353;13.0;0.8;265.478
1753875209.86;2.0;49.20422391;18.75501418;387.5344;42.1353;13.0;0.8;265.156
1753875209.87;2.0;49.20422397;18.75501417;387.5356;42.1353;13.0;0.8;264.819
1753875209.88;2.0;49.20422402;18.75501417;387.5364;42.1353;13.0;0.8;264.492
1753875209.89;2.0;49.20422408;18.75501416;387.5364;42.1353;13.0;0.8;264.163
1753875209.9;2.0;49.20422414;18.75501416;387.5367;42.1353;13.0;0.8;263.83
1753875209.91;2.0;49.2042242;18.75501415;387.5375;42.1353;13.0;0.8;263.476
1753875209.92;2.0;49.20422425;18.75501414;387.5388;42.1353;13.0;0.8;263.161
1753875209.93;2.0;49.20422431;18.75501414;387.5398;42.1353;13.0;0.8;262.822
1753875209.94;2.0;49.20422437;18.75501414;387.5408;42.1353;13.0;0.8;262.517
1753875209.95;2.0;49.20422442;18.75501414;387.5417;42.1353;13.0;0.8;262.256
1753875209.96;2.0;49.20422448;18.75501415;387.5424;42.1353;13.0;0.8;262.006
1753875209.97;2.0;49.20422454;18.75501415;387.543;42.1353;13.0;0.8;261.765
1753875209.98;2.0;49.20422459;18.75501415;387.5433;42.1353;13.0;0.8;261.503
1753875209.99;2.0;49.20422465;18.75501415;387.543;42.1353;13.0;0.8;261.259
1753875210.0;2.0;49.20422472;18.75501415;387.5426;42.1353;13.0;0.8;260.966
1753875210.01;2.0;49.20422478;18.75501415;387.5426;42.1353;13.0;0.8;260.708
1753875210.02;2.0;49.20422484;18.75501414;387.5429;42.1353;13.0;0.8;260.486
1753875210.03;2.0;49.2042249;18.75501414;387.5433;42.1353;13.0;0.8;260.25
1753875210.04;2.0;49.20422496;18.75501413;387.543;42.1353;13.0;0.8;260.03
1753875210.05;2.0;49.20422502;18.75501412;387.5422;42.1353;13.0;0.8;259.795
1753875210.06;2.0;49.20422508;18.75501411;387.542;42.1353;13.0;0.8;259.512
1753875210.07;2.0;49.20422514;18.75501409;387.5427;42.1353;13.0;0.8;259.242
1753875210.08;2.0;49.2042252;18.75501405;387.5432;42.1353;13.0;0.8;258.98
1753875210.09;2.0;49.20422527;18.75501401;387.5437;42.1353;13.0;0.8;258.733
1753875210.1;2.0;49.20422533;18.75501397;387.5447;42.1353;13.0;0.8;258.437
1753875210.11;2.0;49.20422539;18.75501393;387.5458;42.1353;13.0;0.8;258.127
1753875210.12;2.0;49.20422545;18.75501389;387.5469;42.1353;13.0;0.8;257.831
1753875210.13;2.0;49.20422551;18.75501385;387.5483;42.1353;13.0;0.8;257.564
1753875210.14;2.0;49.20422557;18.75501381;387.5493;42.1353;13.0;0.8;257.285
1753875210.15;2.0;49.20422562;18.75501377;387.5497;42.1353;13.0;0.8;256.989
1753875210.16;2.0;49.20422568;18.75501373;387.55;42.1353;13.0;0.8;256.73
1753875210.17;2.0;49.20422575;18.75501369;387.5495;42.1353;13.0;0.8;256.475
1753875210.18;2.0;49.20422581;18.75501365;387.5489;42.1353;13.0;0.8;256.189
1753875210.19;2.0;49.20422587;18.75501362;387.5488;42.1353;13.0;0.8;255.859
1753875210.2;2.0;49.20422593;18.75501358;387.5489;42.1353;13.0;0.8;255.563
1753875210.21;2.0;49.204226;18.75501355;387.5494;42.1353;13.0;0.8;255.2
1753875210.22;2.0;49.20422605;18.75501352;387.55;42.1353;13.0;0.8;254.855
1753875210.23;2.0;49.20422612;18.7550135;387.551;42.1353;13.0;0.8;254.486
1753875210.24;2.0;49.20422618;18.75501347;387.5515;42.1353;13.0;0.8;254.056
1753875210.25;2.0;49.20422624;18.75501344;387.5522;42.1353;13.0;0.8;253.587
1753875210.26;2.0;49.2042263;18.75501342;387.5532;42.1353;13.0;0.8;253.166
1753875210.27;2.0;49.20422635;18.7550134;387.5539;42.1353;13.0;0.8;252.773
1753875210.28;2.0;49.2042264;18.75501338;387.5543;42.1353;13.0;0.8;252.46
1753875210.29;2.0;49.20422646;18.75501336;387.5549;42.1353;13.0;0.8;252.172
1753875210.3;2.0;49.20422651;18.75501334;387.5554;42.1353;13.0;0.8;251.923
1753875210.31;2.0;49.20422656;18.75501332;387.5561;42.1353;13.0;0.8;251.677
1753875210.32;2.0;49.20422661;18.75501329;387.557;42.1353;13.0;0.8;251.432
1753875210.33;2.0;49.20422666;18.75501327;387.558;42.1353;13.0;0.8;251.151
1753875210.34;2.0;49.20422671;18.75501324;387.5589;42.1353;13.0;0.8;250.922
1753875210.35;2.0;49.20422676;18.75501322;387.5599;42.1353;13.0;0.8;250.686
1753875210.36;2.0;49.20422681;18.75501319;387.5608;42.1353;13.0;0.8;250.436
1753875210.37;2.0;49.20422686;18.75501317;387.5616;42.1353;13.0;0.8;250.187
1753875210.38;2.0;49.20422691;18.75501314;387.563;42.1353;13.0;0.8;249.914
1753875210.39;2.0;49.20422696;18.75501311;387.5643;42.1353;13.0;0.8;249.682
1753875210.4;2.0;49.20422701;18.75501308;387.5658;42.1353;13.0;0.8;249.499
1753875210.41;2.0;49.20422705;18.75501306;387.5669;42.1353;13.0;0.8;249.317
1753875210.42;2.0;49.2042271;18.75501304;387.5678;42.1353;13.0;0.8;249.152
1753875210.43;2.0;49.20422714;18.75501302;387.5684;42.1353;13.0;0.8;248.972
1753875210.44;2.0;49.20422719;18.755013;387.5696;42.1353;13.0;0.8;248.817
1753875210.45;2.0;49.20422723;18.75501299;387.5706;42.1353;13.0;0.8;248.634
1753875210.46;2.0;49.20422728;18.75501297;387.5721;42.1353;13.0;0.8;248.419
1753875210.47;2.0;49.20422733;18.75501295;387.574;42.1353;13.0;0.8;248.168
1753875210.48;2.0;49.20422738;18.75501292;387.5754;42.1353;13.0;0.8;248.014
1753875210.49;2.0;49.20422743;18.7550129;387.5761;42.1353;13.0;0.8;247.861
1753875210.5;2.0;49.20422749;18.75501288;387.5767;42.1353;13.0;0.8;247.676
1753875210.51;2.0;49.20422755;18.75501285;387.5776;42.1353;13.0;0.8;247.443
1753875210.52;2.0;49.20422761;18.75501282;387.5792;42.1353;13.0;0.8;247.14
1753875210.53;2.0;49.20422767;18.75501279;387.5808;42.1353;13.0;0.8;246.799
1753875210.54;2.0;49.20422773;18.75501276;387.5813;42.1353;13.0;0.8;246.489
1753875210.55;2.0;49.20422779;18.75501274;387.5823;42.1353;13.0;0.8;246.227
1753875210.56;2.0;49.20422784;18.75501271;387.583;42.1353;13.0;0.8;245.976
1753875210.57;2.0;49.2042279;18.75501268;387.5838;42.1353;13.0;0.8;245.711
1753875210.58;2.0;49.20422797;18.75501265;387.5841;42.1353;13.0;0.8;245.394
1753875210.59;2.0;49.20422802;18.75501263;387.5851;42.1353;13.0;0.8;245.058
1753875210.6;2.0;49.20422808;18.7550126;387.586;42.1353;13.0;0.8;244.761
1753875210.61;2.0;49.20422814;18.75501258;387.587;42.1353;13.0;0.8;244.511
1753875210.62;2.0;49.2042282;18.75501256;387.5881;42.1353;13.0;0.8;244.287
1753875210.63;2.0;49.20422826;18.75501254;387.5895;42.1353;13.0;0.8;244.051
1753875210.64;2.0;49.20422831;18.75501251;387.5914;42.1353;13.0;0.8;243.796
1753875210.65;2.0;49.20422837;18.75501249;387.593;42.1353;13.0;0.8;243.522
1753875210.66;2.0;49.20422843;18.75501247;387.5943;42.1353;13.0;0.8;243.2
1753875210.67;2.0;49.2042285;18.75501244;387.5957;42.1353;13.0;0.8;242.862
1753875210.68;2.0;49.20422856;18.75501242;387.5968;42.1353;13.0;0.8;242.514
1753875210.69;2.0;49.20422861;18.7550124;387.598;42.1353;13.0;0.8;242.235
1753875210.7;2.0;49.20422866;18.75501237;387.5989;42.1353;13.0;0.8;242.047
1753875210.71;2.0;49.20422871;18.75501235;387.5995;42.1353;13.0;0.8;241.82
1753875210.72;2.0;49.20422876;18.75501231;387.5994;42.1353;13.0;0.8;241.534
1753875210.73;2.0;49.20422881;18.75501228;387.6005;42.1353;13.0;0.8;241.248
1753875210.74;2.0;49.20422885;18.75501225;387.6018;42.1353;13.0;0.8;241.022
1753875210.75;2.0;49.2042289;18.75501221;387.6028;42.1353;13.0;0.8;240.819
1753875210.76;2.0;49.20422894;18.75501218;387.6045;42.1353;13.0;0.8;240.669
1753875210.77;2.0;49.20422899;18.75501215;387.6063;42.1353;13.0;0.8;240.505
1753875210.78;2.0;49.20422903;18.75501211;387.6082;42.1353;13.0;0.8;240.297
1753875210.79;2.0;49.20422908;18.75501207;387.6095;42.1353;13.0;0.8;240.139
1753875210.8;2.0;49.20422913;18.75501203;387.61;42.1353;13.0;0.8;239.927
1753875210.81;2.0;49.20422917;18.75501199;387.6114;42.1353;13.0;0.8;239.751
1753875210.82;2.0;49.20422922;18.75501195;387.6125;42.1353;13.0;0.8;239.601
1753875210.83;2.0;49.20422927;18.7550119;387.6136;42.1353;13.0;0.8;239.386
1753875210.84;2.0;49.20422931;18.75501186;387.6146;42.1353;13.0;0.8;239.165
1753875210.85;2.0;49.20422936;18.75501181;387.6152;42.1353;13.0;0.8;238.941
1753875210.86;2.0;49.20422941;18.75501177;387.6155;42.1353;13.0;0.8;238.701
1753875210.87;2.0;49.20422946;18.75501174;387.6162;42.1353;13.0;0.8;238.46
1753875210.88;2.0;49.20422951;18.7550117;387.6167;42.1353;13.0;0.8;238.213
1753875210.89;2.0;49.20422956;18.75501166;387.6169;42.1353;13.0;0.8;237.945
1753875210.9;2.0;49.20422961;18.75501162;387.6178;42.1353;13.0;0.8;237.67
1753875210.91;2.0;49.20422965;18.75501158;387.6195;42.1353;13.0;0.8;237.444
1753875210.92;2.0;49.2042297;18.75501154;387.6212;42.1353;13.0;0.8;237.21
1753875210.93;2.0;49.20422975;18.7550115;387.6222;42.1353;13.0;0.8;236.968
1753875210.94;2.0;49.20422979;18.75501146;387.6231;42.1353;13.0;0.8;236.74
1753875210.95;2.0;49.20422984;18.75501142;387.624;42.1353;13.0;0.8;236.515
1753875210.96;2.0;49.20422989;18.75501137;387.625;42.1353;13.0;0.8;236.284
1753875210.97;2.0;49.20422994;18.75501132;387.6262;42.1353;13.0;0.8;236.069
1753875210.98;2.0;49.20422999;18.75501128;387.6275;42.1353;13.0;0.8;235.844
1753875210.99;2.0;49.20423004;18.75501123;387.6285;42.1353;13.0;0.8;235.608
1753875211.0;2.0;49.20423008;18.75501119;387.6292;42.1353;13.0;0.8;235.375
1753875211.01;2.0;49.20423013;18.75501114;387.6302;42.1353;13.0;0.8;235.135
1753875211.02;2.0;49.20423017;18.75501109;387.631;42.1353;13.0;0.8;234.902
1753875211.03;2.0;49.20423021;18.75501104;387.6329;42.1353;13.0;0.8;234.707
1753875211.04;2.0;49.20423025;18.755011;387.6348;42.1353;13.0;0.8;234.544
1753875211.05;2.0;49.2042303;18.75501096;387.6361;42.1353;13.0;0.8;234.407
1753875211.06;2.0;49.20423034;18.75501091;387.6371;42.1353;13.0;0.8;234.278
1753875211.07;2.0;49.20423038;18.75501086;387.6385;42.1353;13.0;0.8;234.055
1753875211.08;2.0;49.20423042;18.75501079;387.6387;42.1353;13.0;0.8;233.839
1753875211.09;2.0;49.20423047;18.75501072;387.6387;42.1353;13.0;0.8;233.618
1753875211.1;2.0;49.20423051;18.75501064;387.6382;42.1353;13.0;0.8;233.38
1753875211.11;2.0;49.20423057;18.75501057;387.6368;42.1353;13.0;0.8;233.12
1753875211.12;2.0;49.20423062;18.75501049;387.6358;42.1353;13.0;0.8;232.85
1753875211.13;2.0;49.20423067;18.75501042;387.6352;42.1353;13.0;0.8;232.561
1753875211.14;2.0;49.20423071;18.75501034;387.635;42.1353;13.0;0.8;232.269
1753875211.15;2.0;49.20423076;18.75501026;387.6347;42.1353;13.0;0.8;231.99
1753875211.16;2.0;49.20423081;18.75501019;387.6346;42.1353;13.0;0.8;231.677
1753875211.17;2.0;49.20423085;18.75501012;387.6345;42.1353;13.0;0.8;231.357
1753875211.18;2.0;49.20423091;18.75501005;387.6348;42.1353;13.0;0.8;231.097
1753875211.19;2.0;49.20423095;18.75500998;387.6354;42.1353;13.0;0.8;230.795
1753875211.2;2.0;49.204231;18.75500992;387.6366;42.1353;13.0;0.8;230.513
1753875211.21;2.0;49.20423104;18.75500986;387.6379;42.1353;13.0;0.8;230.232
1753875211.22;2.0;49.20423109;18.7550098;387.6392;42.1353;13.0;0.8;229.969
1753875211.23;2.0;49.20423113;18.75500975;387.6403;42.1353;13.0;0.8;229.774
1753875211.24;2.0;49.20423117;18.7550097;387.6408;42.1353;13.0;0.8;229.65
1753875211.25;2.0;49.20423121;18.75500964;387.6411;42.1353;13.0;0.8;229.488
1753875211.26;2.0;49.20423125;18.75500959;387.6413;42.1353;13.0;0.8;229.331
1753875211.27;2.0;49.20423128;18.75500953;387.6413;42.1353;13.0;0.8;229.161
1753875211.28;2.0;49.20423132;18.75500946;387.6405;42.1353;13.0;0.8;228.993
1753875211.29;2.0;49.20423136;18.7550094;387.6398;42.1353;13.0;0.8;228.726
1753875211.3;2.0;49.2042314;18.75500934;387.6399;42.1353;13.0;0.8;228.401
1753875211.31;2.0;49.20423144;18.75500927;387.6402;42.1353;13.0;0.8;228.121
1753875211.32;2.0;49.20423148;18.7550092;387.6402;42.1353;13.0;0.8;227.828
1753875211.33;2.0;49.20423151;18.75500914;387.6404;42.1353;13.0;0.8;227.58
1753875211.34;2.0;49.20423155;18.75500907;387.6406;42.1353;13.0;0.8;227.344
1753875211.35;2.0;49.20423158;18.75500901;387.6409;42.1353;13.0;0.8;227.07
1753875211.36;2.0;49.20423161;18.75500896;387.6416;42.1353;13.0;0.8;226.835
1753875211.37;2.0;49.20423164;18.7550089;387.6427;42.1353;13.0;0.8;226.611
1753875211.38;2.0;49.20423167;18.75500885;387.6446;42.1353;13.0;0.8;226.371
1753875211.39;2.0;49.2042317;18.7550088;387.6458;42.1353;13.0;0.8;226.08
1753875211.4;2.0;49.20423174;18.75500875;387.6466;42.1353;13.0;0.8;225.822
1753875211.41;2.0;49.20423176;18.7550087;387.6472;42.1353;13.0;0.8;225.616
1753875211.42;2.0;49.20423179;18.75500866;387.6477;42.1353;13.0;0.8;225.481
1753875211.43;2.0;49.20423183;18.75500861;387.648;42.1353;13.0;0.8;225.342
1753875211.44;2.0;49.20423186;18.75500855;387.6483;42.1353;13.0;0.8;225.216
1753875211.45;2.0;49.20423189;18.7550085;387.649;42.1353;13.0;0.8;224.994
1753875211.46;2.0;49.20423193;18.75500845;387.6498;42.1353;13.0;0.8;224.743
1753875211.47;2.0;49.20423196;18.7550084;387.6501;42.1353;13.0;0.8;224.511
1753875211.48;2.0;49.204232;18.75500835;387.6501;42.1353;13.0;0.8;224.245
1753875211.49;2.0;49.20423203;18.75500829;387.65;42.1353;13.0;0.8;224.001
1753875211.5;2.0;49.20423207;18.75500823;387.6501;42.1353;13.0;0.8;223.727
1753875211.51;2.0;49.2042321;18.75500818;387.6511;42.1353;13.0;0.8;223.513
1753875211.52;2.0;49.20423212;18.75500813;387.652;42.1353;13.0;0.8;223.305
1753875211.53;2.0;49.20423215;18.75500807;387.6531;42.1353;13.0;0.8;223.142
1753875211.54;2.0;49.20423218;18.75500801;387.6546;42.1353;13.0;0.8;222.96
1753875211.55;2.0;49.2042322;18.75500795;387.6563;42.1353;13.0;0.8;222.75
1753875211.56;2.0;49.20423223;18.75500789;387.6575;42.1353;13.0;0.8;222.506
1753875211.57;2.0;49.20423225;18.75500783;387.6591;42.1353;13.0;0.8;222.226
1753875211.58;2.0;49.20423228;18.75500777;387.6609;42.1353;13.0;0.8;221.981
1753875211.59;2.0;49.20423231;18.75500771;387.6623;42.1353;13.0;0.8;221.704
1753875211.6;2.0;49.20423234;18.75500765;387.6634;42.1353;13.0;0.8;221.446
1753875211.61;2.0;49.20423236;18.75500759;387.665;42.1353;13.0;0.8;221.214
1753875211.62;2.0;49.20423239;18.75500752;387.6659;42.1353;13.0;0.8;220.973
1753875211.63;2.0;49.20423242;18.75500746;387.6666;42.1353;13.0;0.8;220.708
1753875211.64;2.0;49.20423245;18.75500739;387.6677;42.1353;13.0;0.8;220.434
1753875211.65;2.0;49.20423247;18.75500733;387.669;42.1353;13.0;0.8;220.181
1753875211.66;2.0;49.2042325;18.75500727;387.671;42.1353;13.0;0.8;219.931
1753875211.67;2.0;49.20423253;18.75500721;387.6724;42.1353;13.0;0.8;219.712
1753875211.68;2.0;49.20423255;18.75500716;387.6735;42.1353;13.0;0.8;219.507
1753875211.69;2.0;49.20423258;18.7550071;387.6745;42.1353;13.0;0.8;219.256
1753875211.7;2.0;49.20423261;18.75500704;387.6761;42.1353;13.0;0.8;219.015
1753875211.71;2.0;49.20423264;18.75500698;387.6775;42.1353;13.0;0.8;218.732
1753875211.72;2.0;49.20423267;18.75500692;387.6786;42.1353;13.0;0.8;218.445
1753875211.73;2.0;49.2042327;18.75500685;387.6797;42.1353;13.0;0.8;218.197
1753875211.74;2.0;49.20423273;18.75500679;387.6809;42.1353;13.0;0.8;217.973
1753875211.75;2.0;49.20423276;18.75500673;387.682;42.1353;13.0;0.8;217.803
1753875211.76;2.0;49.20423279;18.75500667;387.6835;42.1353;13.0;0.8;217.66
1753875211.77;2.0;49.20423282;18.75500661;387.6853;42.1353;13.0;0.8;217.546
1753875211.78;2.0;49.20423285;18.75500656;387.6858;42.1353;13.0;0.8;217.425
1753875211.79;2.0;49.20423288;18.7550065;387.6853;42.1353;13.0;0.8;217.299
1753875211.8;2.0;49.20423291;18.75500644;387.6848;42.1353;13.0;0.8;217.245
1753875211.81;2.0;49.20423294;18.75500639;387.684;42.1353;13.0;0.8;217.222
1753875211.82;2.0;49.20423297;18.75500634;387.6834;42.1353;13.0;0.8;217.22
1753875211.83;2.0;49.204233;18.75500629;387.683;42.1353;13.0;0.8;217.22
1753875211.84;2.0;49.20423304;18.75500624;387.6823;42.1353;13.0;0.8;217.22
1753875211.85;2.0;49.20423307;18.75500619;387.6821;42.1353;13.0;0.8;217.189
1753875211.86;2.0;49.20423311;18.75500613;387.6824;42.1353;13.0;0.8;217.164
1753875211.87;2.0;49.20423314;18.75500609;387.6823;42.1353;13.0;0.8;217.17
1753875211.88;2.0;49.20423318;18.75500604;387.6827;42.1353;13.0;0.8;217.219
1753875211.89;2.0;49.20423321;18.75500599;387.6837;42.1353;13.0;0.8;217.253
1753875211.9;2.0;49.20423324;18.75500593;387.6843;42.1353;13.0;0.8;217.308
1753875211.91;2.0;49.20423328;18.75500588;387.685;42.1353;13.0;0.8;217.342
1753875211.92;2.0;49.20423332;18.75500583;387.6862;42.1353;13.0;0.8;217.347
1753875211.93;2.0;49.20423335;18.75500576;387.6876;42.1353;13.0;0.8;217.396
1753875211.94;2.0;49.20423339;18.7550057;387.689;42.1353;13.0;0.8;217.463
1753875211.95;2.0;49.20423343;18.75500563;387.6902;42.1353;13.0;0.8;217.514
1753875211.96;2.0;49.20423348;18.75500557;387.691;42.1353;13.0;0.8;217.5
1753875211.97;2.0;49.20423352;18.7550055;387.6912;42.1353;13.0;0.8;217.508
1753875211.98;2.0;49.20423356;18.75500544;387.692;42.1353;13.0;0.8;217.501
1753875211.99;2.0;49.2042336;18.75500537;387.6927;42.1353;13.0;0.8;217.539
1753875212.0;2.0;49.20423364;18.7550053;387.6932;42.1353;13.0;0.8;217.615
1753875212.01;2.0;49.20423369;18.75500523;387.6939;42.1353;13.0;0.8;217.68
1753875212.02;2.0;49.20423374;18.75500517;387.6949;42.1353;13.0;0.8;217.676
1753875212.03;2.0;49.20423379;18.7550051;387.6956;42.1353;13.0;0.8;217.648
1753875212.04;2.0;49.20423383;18.75500503;387.6963;42.1353;13.0;0.8;217.571
1753875212.05;2.0;49.20423387;18.75500497;387.6963;42.1353;13.0;0.8;217.537
1753875212.06;2.0;49.20423391;18.75500491;387.6968;42.1353;13.0;0.8;217.489
1753875212.07;2.0;49.20423395;18.75500485;387.6974;42.1353;13.0;0.8;217.46
1753875212.08;2.0;49.20423399;18.75500477;387.6969;42.1353;13.0;0.8;217.432
1753875212.09;2.0;49.20423403;18.75500468;387.6965;42.1353;13.0;0.8;217.449
1753875212.1;2.0;49.20423408;18.7550046;387.6966;42.1353;13.0;0.8;217.479
1753875212.11;2.0;49.20423412;18.75500451;387.6968;42.1353;13.0;0.8;217.499
1753875212.12;2.0;49.20423416;18.75500443;387.6971;42.1353;13.0;0.8;217.52
1753875212.13;2.0;49.2042342;18.75500435;387.6969;42.1353;13.0;0.8;217.581
1753875212.14;2.0;49.20423425;18.75500427;387.6967;42.1353;13.0;0.8;217.611
1753875212.15;2.0;49.20423429;18.75500419;387.6969;42.1353;13.0;0.8;217.587
1753875212.16;2.0;49.20423434;18.75500411;387.6972;42.1353;13.0;0.8;217.504
1753875212.17;2.0;49.20423439;18.75500403;387.6968;42.1353;13.0;0.8;217.454
1753875212.18;2.0;49.20423443;18.75500396;387.6965;42.1353;13.0;0.8;217.4
1753875212.19;2.0;49.20423448;18.75500389;387.6964;42.1353;13.0;0.8;217.432
1753875212.2;2.0;49.20423452;18.75500383;387.6963;42.1353;13.0;0.8;217.486
1753875212.21;2.0;49.20423456;18.75500376;387.6964;42.1353;13.0;0.8;217.525
1753875212.22;2.0;49.2042346;18.75500369;387.6972;42.1353;13.0;0.8;217.513
1753875212.23;2.0;49.20423464;18.75500363;387.698;42.1353;13.0;0.8;217.486
1753875212.24;2.0;49.20423468;18.75500356;387.6988;42.1353;13.0;0.8;217.478
1753875212.25;2.0;49.20423472;18.7550035;387.6992;42.1353;13.0;0.8;217.428
1753875212.26;2.0;49.20423476;18.75500343;387.6997;42.1353;13.0;0.8;217.403
1753875212.27;2.0;49.20423481;18.75500336;387.7003;42.1353;13.0;0.8;217.399
1753875212.28;2.0;49.20423485;18.7550033;387.7004;42.1353;13.0;0.8;217.434
1753875212.29;2.0;49.2042349;18.75500324;387.7008;42.1353;13.0;0.8;217.48
1753875212.3;2.0;49.20423495;18.75500318;387.7014;42.1353;13.0;0.8;217.503
1753875212.31;2.0;49.204235;18.75500312;387.7021;42.1353;13.0;0.8;217.483
1753875212.32;2.0;49.20423504;18.75500305;387.7019;42.1353;13.0;0.8;217.435
1753875212.33;2.0;49.20423509;18.75500299;387.7019;42.1353;13.0;0.8;217.413
1753875212.34;2.0;49.20423514;18.75500292;387.7019;42.1353;13.0;0.8;217.395
1753875212.35;2.0;49.20423519;18.75500285;387.7021;42.1353;13.0;0.8;217.364
1753875212.36;2.0;49.20423524;18.75500278;387.7028;42.1353;13.0;0.8;217.351
1753875212.37;2.0;49.20423529;18.75500271;387.703;42.1353;13.0;0.8;217.307
1753875212.38;2.0;49.20423533;18.75500264;387.703;42.1353;13.0;0.8;217.256
1753875212.39;2.0;49.20423538;18.75500258;387.7033;42.1353;13.0;0.8;217.245
1753875212.4;2.0;49.20423542;18.75500252;387.7038;42.1353;13.0;0.8;217.283
1753875212.41;2.0;49.20423547;18.75500245;387.7044;42.1353;13.0;0.8;217.342
1753875212.42;2.0;49.20423551;18.75500239;387.7051;42.1353;13.0;0.8;217.399
1753875212.43;2.0;49.20423556;18.75500233;387.7055;42.1353;13.0;0.8;217.439
1753875212.44;2.0;49.2042356;18.75500228;387.7062;42.1353;13.0;0.8;217.439
1753875212.45;2.0;49.20423565;18.75500222;387.706;42.1353;13.0;0.8;217.403
1753875212.46;2.0;49.2042357;18.75500217;387.7059;42.1353;13.0;0.8;217.364
1753875212.47;2.0;49.20423575;18.7550021;387.7053;42.1353;13.0;0.8;217.297
1753875212.48;2.0;49.2042358;18.75500204;387.7047;42.1353;13.0;0.8;217.214
1753875212.49;2.0;49.20423585;18.75500199;387.7044;42.1353;13.0;0.8;217.189
1753875212.5;2.0;49.2042359;18.75500193;387.7039;42.1353;13.0;0.8;217.179
1753875212.51;2.0;49.20423595;18.75500186;387.7031;42.1353;13.0;0.8;217.147
1753875212.52;2.0;49.204236;18.75500179;387.7024;42.1353;13.0;0.8;217.141
1753875212.53;2.0;49.20423605;18.75500173;387.7027;42.1353;13.0;0.8;217.154
1753875212.54;2.0;49.2042361;18.75500167;387.7034;42.1353;13.0;0.8;217.166
1753875212.55;2.0;49.20423615;18.75500161;387.7043;42.1353;13.0;0.8;217.232
1753875212.56;2.0;49.20423619;18.75500155;387.7048;42.1353;13.0;0.8;217.327
1753875212.57;2.0;49.20423624;18.75500149;387.7055;42.1353;13.0;0.8;217.426
1753875212.58;2.0;49.20423628;18.75500143;387.706;42.1353;13.0;0.8;217.544
1753875212.59;2.0;49.20423632;18.75500137;387.7066;42.1353;13.0;0.8;217.618
1753875212.6;2.0;49.20423636;18.75500131;387.707;42.1353;13.0;0.8;217.622
1753875212.61;2.0;49.2042364;18.75500125;387.7076;42.1353;13.0;0.8;217.603
1753875212.62;2.0;49.20423644;18.7550012;387.7081;42.1353;13.0;0.8;217.577
1753875212.63;2.0;49.20423648;18.75500114;387.7089;42.1353;13.0;0.8;217.571
1753875212.64;2.0;49.20423653;18.75500108;387.7097;42.1353;13.0;0.8;217.542
1753875212.65;2.0;49.20423657;18.75500102;387.71;42.1353;13.0;0.8;217.41
1753875212.66;2.0;49.20423662;18.75500096;387.7102;42.1353;13.0;0.8;217.32
1753875212.67;2.0;49.20423666;18.75500089;387.7111;42.1353;13.0;0.8;217.299
1753875212.68;2.0;49.2042367;18.75500082;387.7113;42.1353;13.0;0.8;217.351
1753875212.69;2.0;49.20423675;18.75500075;387.711;42.1353;13.0;0.8;217.39
1753875212.7;2.0;49.20423679;18.75500068;387.7111;42.1353;13.0;0.8;217.439
1753875212.71;2.0;49.20423684;18.7550006;387.7107;42.1353;13.0;0.8;217.472
1753875212.72;2.0;49.20423688;18.75500053;387.71;42.1353;13.0;0.8;217.507
1753875212.73;2.0;49.20423692;18.75500046;387.7098;42.1353;13.0;0.8;217.522
1753875212.74;2.0;49.20423696;18.75500039;387.7094;42.1353;13.0;0.8;217.563
1753875212.75;2.0;49.204237;18.75500032;387.7092;42.1353;13.0;0.8;217.599
1753875212.76;2.0;49.20423704;18.75500025;387.7092;42.1353;13.0;0.8;217.646
1753875212.77;2.0;49.20423708;18.75500019;387.7094;42.1353;13.0;0.8;217.694
1753875212.78;2.0;49.20423712;18.75500012;387.7097;42.1353;13.0;0.8;217.693
1753875212.79;2.0;49.20423716;18.75500005;387.7099;42.1353;13.0;0.8;217.656
1753875212.8;2.0;49.2042372;18.75499999;387.7098;42.1353;13.0;0.8;217.628
1753875212.81;2.0;49.20423725;18.75499992;387.7094;42.1353;13.0;0.8;217.628
1753875212.82;2.0;49.20423729;18.75499986;387.7088;42.1353;13.0;0.8;217.614
1753875212.83;2.0;49.20423734;18.75499979;387.7082;42.1353;13.0;0.8;217.597
1753875212.84;2.0;49.20423738;18.75499972;387.7081;42.1353;13.0;0.8;217.612
1753875212.85;2.0;49.20423743;18.75499965;387.7078;42.1353;13.0;0.8;217.595
1753875212.86;2.0;49.20423747;18.75499958;387.7084;42.1353;13.0;0.8;217.571
1753875212.87;2.0;49.20423751;18.75499951;387.7088;42.1353;13.0;0.8;217.55
1753875212.88;2.0;49.20423754;18.75499944;387.709;42.1353;13.0;0.8;217.539
1753875212.89;2.0;49.20423758;18.75499937;387.7097;42.1353;13.0;0.8;217.52
1753875212.9;2.0;49.20423761;18.7549993;387.7107;42.1353;13.0;0.8;217.487
1753875212.91;2.0;49.20423765;18.75499923;387.7117;42.1353;13.0;0.8;217.47
1753875212.92;2.0;49.20423769;18.75499916;387.7136;42.1353;13.0;0.8;217.465
1753875212.93;2.0;49.20423773;18.75499909;387.7153;42.1353;13.0;0.8;217.467
1753875212.94;2.0;49.20423777;18.75499901;387.7173;42.1353;13.0;0.8;217.5
1753875212.95;2.0;49.20423781;18.75499894;387.7182;42.1353;13.0;0.8;217.493
1753875212.96;2.0;49.20423785;18.75499887;387.7189;42.1353;13.0;0.8;217.466
1753875212.97;2.0;49.20423789;18.75499879;387.7195;42.1353;13.0;0.8;217.473
1753875212.98;2.0;49.20423793;18.75499872;387.7202;42.1353;13.0;0.8;217.46
1753875212.99;2.0;49.20423797;18.75499865;387.7205;42.1353;13.0;0.8;217.41
1753875213.0;2.0;49.20423801;18.75499858;387.7205;42.1353;13.0;0.8;217.377
1753875213.01;2.0;49.20423804;18.75499851;387.7204;42.1353;13.0;0.8;217.36
1753875213.02;2.0;49.20423808;18.75499844;387.7201;42.1353;13.0;0.8;217.345
1753875213.03;2.0;49.20423811;18.75499837;387.7199;42.1353;13.0;0.8;217.352
1753875213.04;2.0;49.20423815;18.7549983;387.7195;42.1353;13.0;0.8;217.388
1753875213.05;2.0;49.20423819;18.75499823;387.7192;42.1353;13.0;0.8;217.435
1753875213.06;2.0;49.20423822;18.75499816;387.7191;42.1353;13.0;0.8;217.487
1753875213.07;2.0;49.20423827;18.75499808;387.7187;42.1353;13.0;0.8;217.563
1753875213.08;2.0;49.2042383;18.75499799;387.7183;42.1353;13.0;0.8;217.639
1753875213.09;2.0;49.20423835;18.75499791;387.7182;42.1353;13.0;0.8;217.775
1753875213.1;2.0;49.2042384;18.75499782;387.7178;42.1353;13.0;0.8;217.815
1753875213.11;2.0;49.20423844;18.75499774;387.7172;42.1353;13.0;0.8;217.788
1753875213.12;2.0;49.20423848;18.75499766;387.716;42.1353;13.0;0.8;217.797
1753875213.13;2.0;49.20423853;18.75499759;387.715;42.1353;13.0;0.8;217.833
1753875213.14;2.0;49.20423857;18.75499751;387.7141;42.1353;13.0;0.8;217.794
1753875213.15;2.0;49.20423862;18.75499743;387.7141;42.1353;13.0;0.8;217.728
1753875213.16;2.0;49.20423866;18.75499735;387.7154;42.1353;13.0;0.8;217.649
1753875213.17;2.0;49.20423871;18.75499728;387.7169;42.1353;13.0;0.8;217.543
1753875213.18;2.0;49.20423875;18.7549972;387.7174;42.1353;13.0;0.8;217.472
1753875213.19;2.0;49.20423879;18.75499712;387.7182;42.1353;13.0;0.8;217.421
1753875213.2;2.0;49.20423883;18.75499704;387.7193;42.1353;13.0;0.8;217.371
1753875213.21;2.0;49.20423888;18.75499697;387.7197;42.1353;13.0;0.8;217.372
1753875213.22;2.0;49.20423891;18.75499688;387.7198;42.1353;13.0;0.8;217.417
1753875213.23;2.0;49.20423896;18.7549968;387.72;42.1353;13.0;0.8;217.495
1753875213.24;2.0;49.20423901;18.75499672;387.7199;42.1353;13.0;0.8;217.552
1753875213.25;2.0;49.20423905;18.75499664;387.7196;42.1353;13.0;0.8;217.642
1753875213.26;2.0;49.20423909;18.75499657;387.7184;42.1353;13.0;0.8;217.732
1753875213.27;2.0;49.20423914;18.7549965;387.7175;42.1353;13.0;0.8;217.8
1753875213.28;2.0;49.20423918;18.75499642;387.717;42.1353;13.0;0.8;217.816
1753875213.29;2.0;49.20423923;18.75499634;387.7168;42.1353;13.0;0.8;217.792
1753875213.3;2.0;49.20423927;18.75499627;387.7164;42.1353;13.0;0.8;217.718
1753875213.31;2.0;49.20423932;18.75499619;387.7163;42.1353;13.0;0.8;217.668
1753875213.32;2.0;49.20423935;18.75499612;387.7163;42.1353;13.0;0.8;217.619
1753875213.33;2.0;49.2042394;18.75499604;387.7157;42.1353;13.0;0.8;217.602
1753875213.34;2.0;49.20423944;18.75499597;387.7151;42.1353;13.0;0.8;217.566
1753875213.35;2.0;49.20423947;18.7549959;387.7144;42.1353;13.0;0.8;217.554
1753875213.36;2.0;49.20423951;18.75499582;387.7141;42.1353;13.0;0.8;217.592
1753875213.37;2.0;49.20423955;18.75499574;387.7139;42.1353;13.0;0.8;217.66
1753875213.38;2.0;49.20423959;18.75499566;387.7138;42.1353;13.0;0.8;217.727
1753875213.39;2.0;49.20423963;18.75499558;387.7132;42.1353;13.0;0.8;217.745
1753875213.4;2.0;49.20423966;18.75499549;387.7122;42.1353;13.0;0.8;217.772
1753875213.41;2.0;49.2042397;18.75499541;387.7124;42.1353;13.0;0.8;217.797
1753875213.42;2.0;49.20423975;18.75499533;387.7133;42.1353;13.0;0.8;217.733
1753875213.43;2.0;49.20423978;18.75499524;387.7142;42.1353;13.0;0.8;217.635
1753875213.44;2.0;49.20423982;18.75499516;387.7155;42.1353;13.0;0.8;217.575
1753875213.45;2.0;49.20423987;18.75499508;387.7163;42.1353;13.0;0.8;217.506
1753875213.46;2.0;49.20423991;18.754995;387.7174;42.1353;13.0;0.8;217.439
1753875213.47;2.0;49.20423994;18.75499493;387.7182;42.1353;13.0;0.8;217.394
1753875213.48;2.0;49.20423998;18.75499486;387.7188;42.1353;13.0;0.8;217.386
1753875213.49;2.0;49.20424002;18.75499479;387.7197;42.1353;13.0;0.8;217.351
1753875213.5;2.0;49.20424006;18.75499471;387.7206;42.1353;13.0;0.8;217.317
1753875213.51;2.0;49.2042401;18.75499464;387.7206;42.1353;13.0;0.8;217.285
1753875213.52;2.0;49.20424015;18.75499457;387.7202;42.1353;13.0;0.8;217.319
1753875213.53;2.0;49.20424019;18.75499449;387.72;42.1353;13.0;0.8;217.333
1753875213.54;2.0;49.20424024;18.75499441;387.72;42.1353;13.0;0.8;217.357
1753875213.55;2.0;49.20424028;18.75499433;387.72;42.1353;13.0;0.8;217.397
1753875213.56;2.0;49.20424032;18.75499425;387.7199;42.1353;13.0;0.8;217.437
1753875213.57;2.0;49.20424036;18.75499417;387.7196;42.1353;13.0;0.8;217.46
1753875213.58;2.0;49.20424039;18.75499409;387.7191;42.1353;13.0;0.8;217.432
1753875213.59;2.0;49.20424043;18.75499401;387.7186;42.1353;13.0;0.8;217.369
1753875213.6;2.0;49.20424046;18.75499393;387.7181;42.1353;13.0;0.8;217.308
1753875213.61;2.0;49.2042405;18.75499385;387.718;42.1353;13.0;0.8;217.218
1753875213.62;2.0;49.20424054;18.75499377;387.718;42.1353;13.0;0.8;217.096
1753875213.63;2.0;49.20424058;18.7549937;387.7179;42.1353;13.0;0.8;216.956
1753875213.64;2.0;49.20424061;18.75499362;387.7179;42.1353;13.0;0.8;216.897
1753875213.65;2.0;49.20424064;18.75499354;387.7172;42.1353;13.0;0.8;216.901
1753875213.66;2.0;49.20424067;18.75499346;387.717;42.1353;13.0;0.8;216.93
1753875213.67;2.0;49.20424071;18.75499339;387.7172;42.1353;13.0;0.8;216.922
1753875213.68;2.0;49.20424075;18.75499331;387.7168;42.1353;13.0;0.8;216.941
1753875213.69;2.0;49.20424079;18.75499324;387.7162;42.1353;13.0;0.8;216.981
1753875213.7;2.0;49.20424082;18.75499316;387.7154;42.1353;13.0;0.8;217.006
1753875213.71;2.0;49.20424086;18.75499309;387.7153;42.1353;13.0;0.8;217.01
1753875213.72;2.0;49.2042409;18.75499301;387.7151;42.1353;13.0;0.8;216.999
1753875213.73;2.0;49.20424093;18.75499294;387.7148;42.1353;13.0;0.8;216.997
1753875213.74;2.0;49.20424096;18.75499287;387.7147;42.1353;13.0;0.8;217.003
1753875213.75;2.0;49.20424099;18.75499281;387.7148;42.1353;13.0;0.8;216.988
1753875213.76;2.0;49.20424103;18.75499274;387.715;42.1353;13.0;0.8;217.007
1753875213.77;2.0;49.20424105;18.75499267;387.7149;42.1353;13.0;0.8;217.033
1753875213.78;2.0;49.20424109;18.7549926;387.7148;42.1353;13.0;0.8;217.026
1753875213.79;2.0;49.20424112;18.75499253;387.7146;42.1353;13.0;0.8;217.02
1753875213.8;2.0;49.20424115;18.75499245;387.7142;42.1353;13.0;0.8;217.021
1753875213.81;2.0;49.20424118;18.75499237;387.7129;42.1353;13.0;0.8;217.025
1753875213.82;2.0;49.20424121;18.75499229;387.7113;42.1353;13.0;0.8;217.012
1753875213.83;2.0;49.20424125;18.75499221;387.7101;42.1353;13.0;0.8;216.957
1753875213.84;2.0;49.20424128;18.75499213;387.7087;42.1353;13.0;0.8;216.908
1753875213.85;2.0;49.20424131;18.75499204;387.7068;42.1353;13.0;0.8;216.844
1753875213.86;2.0;49.20424135;18.75499196;387.7053;42.1353;13.0;0.8;216.804
1753875213.87;2.0;49.20424139;18.75499188;387.7049;42.1353;13.0;0.8;216.788
1753875213.88;2.0;49.20424142;18.75499181;387.705;42.1353;13.0;0.8;216.772
1753875213.89;2.0;49.20424146;18.75499174;387.7054;42.1353;13.0;0.8;216.765
1753875213.9;2.0;49.20424149;18.75499166;387.7053;42.1353;13.0;0.8;216.75
1753875213.91;2.0;49.20424152;18.75499159;387.7049;42.1353;13.0;0.8;216.773
1753875213.92;2.0;49.20424155;18.75499151;387.7049;42.1353;13.0;0.8;216.884
1753875213.93;2.0;49.20424158;18.75499144;387.7049;42.1353;13.0;0.8;217.004
1753875213.94;2.0;49.20424162;18.75499136;387.7043;42.1353;13.0;0.8;217.063
1753875213.95;2.0;49.20424165;18.75499128;387.7037;42.1353;13.0;0.8;217.089
1753875213.96;2.0;49.20424168;18.7549912;387.7035;42.1353;13.0;0.8;217.044
1753875213.97;2.0;49.20424172;18.75499113;387.7035;42.1353;13.0;0.8;216.969
1753875213.98;2.0;49.20424175;18.75499105;387.7035;42.1353;13.0;0.8;216.912
1753875213.99;2.0;49.20424179;18.75499097;387.7035;42.1353;13.0;0.8;216.885
1753875214.0;2.0;49.20424182;18.75499089;387.7039;42.1353;13.0;0.8;216.863
1753875214.01;2.0;49.20424185;18.75499081;387.7038;42.1353;13.0;0.8;216.821
1753875214.02;2.0;49.20424188;18.75499073;387.7033;42.1353;13.0;0.8;216.763
1753875214.03;2.0;49.20424191;18.75499066;387.7035;42.1353;13.0;0.8;216.767
1753875214.04;2.0;49.20424194;18.75499059;387.7036;42.1353;13.0;0.8;216.751
1753875214.05;2.0;49.20424196;18.75499052;387.7037;42.1353;13.0;0.8;216.761
1753875214.06;2.0;49.20424199;18.75499045;387.7043;42.1353;13.0;0.8;216.806
1753875214.07;2.0;49.20424201;18.75499038;387.7055;42.1353;13.0;0.8;216.869
1753875214.08;2.0;49.20424204;18.75499031;387.706;42.1353;13.0;0.8;216.888
1753875214.09;2.0;49.20424207;18.75499024;387.7061;42.1353;13.0;0.8;216.892
1753875214.1;2.0;49.2042421;18.75499017;387.7056;42.1353;13.0;0.8;216.904
1753875214.11;2.0;49.20424214;18.7549901;387.7049;42.1353;13.0;0.8;216.9
1753875214.12;2.0;49.20424217;18.75499003;387.7039;42.1353;13.0;0.8;216.886
1753875214.13;2.0;49.20424221;18.75498995;387.7029;42.1353;13.0;0.8;216.901
1753875214.14;2.0;49.20424225;18.75498987;387.7018;42.1353;13.0;0.8;216.954
1753875214.15;2.0;49.20424228;18.75498981;387.7006;42.1353;13.0;0.8;217.01
1753875214.16;2.0;49.20424231;18.75498973;387.6993;42.1353;13.0;0.8;217.06
1753875214.17;2.0;49.20424234;18.75498965;387.6986;42.1353;13.0;0.8;217.08
1753875214.18;2.0;49.20424237;18.75498958;387.6984;42.1353;13.0;0.8;217.083
1753875214.19;2.0;49.2042424;18.7549895;387.6981;42.1353;13.0;0.8;217.075
1753875214.2;2.0;49.20424243;18.75498943;387.697;42.1353;13.0;0.8;217.06
1753875214.21;2.0;49.20424245;18.75498935;387.6964;42.1353;13.0;0.8;217.075
1753875214.22;2.0;49.20424248;18.75498928;387.6954;42.1353;13.0;0.8;217.055
1753875214.23;2.0;49.20424251;18.7549892;387.6947;42.1353;13.0;0.8;217.016
1753875214.24;2.0;49.20424254;18.75498913;387.6947;42.1353;13.0;0.8;216.991
1753875214.25;2.0;49.20424257;18.75498905;387.6946;42.1353;13.0;0.8;217.011
1753875214.26;2.0;49.20424259;18.75498898;387.6946;42.1353;13.0;0.8;217.029
1753875214.27;2.0;49.20424262;18.7549889;387.6943;42.1353;13.0;0.8;217.003
1753875214.28;2.0;49.20424266;18.75498882;387.6939;42.1353;13.0;0.8;216.969
1753875214.29;2.0;49.20424269;18.75498873;387.6932;42.1353;13.0;0.8;216.957
1753875214.3;2.0;49.20424272;18.75498865;387.6923;42.1353;13.0;0.8;216.993
1753875214.31;2.0;49.20424275;18.75498857;387.691;42.1353;13.0;0.8;217.01
1753875214.32;2.0;49.20424279;18.75498849;387.6895;42.1353;13.0;0.8;217.029
1753875214.33;2.0;49.20424283;18.75498841;387.6888;42.1353;13.0;0.8;217.056
1753875214.34;2.0;49.20424286;18.75498833;387.6885;42.1353;13.0;0.8;217.076
1753875214.35;2.0;49.20424289;18.75498826;387.6883;42.1353;13.0;0.8;217.06
1753875214.36;2.0;49.20424292;18.75498818;387.688;42.1353;13.0;0.8;217.051
1753875214.37;2.0;49.20424294;18.7549881;387.6876;42.1353;13.0;0.8;217.034
1753875214.38;2.0;49.20424297;18.75498803;387.687;42.1353;13.0;0.8;216.98
1753875214.39;2.0;49.204243;18.75498796;387.6864;42.1353;13.0;0.8;216.978
1753875214.4;2.0;49.20424303;18.75498788;387.6853;42.1353;13.0;0.8;216.972
1753875214.41;2.0;49.20424307;18.7549878;387.6845;42.1353;13.0;0.8;216.949
1753875214.42;2.0;49.2042431;18.75498772;387.6838;42.1353;13.0;0.8;216.927
1753875214.43;2.0;49.20424312;18.75498764;387.6834;42.1353;13.0;0.8;216.886
1753875214.44;2.0;49.20424315;18.75498757;387.6827;42.1353;13.0;0.8;216.894
1753875214.45;2.0;49.20424318;18.75498749;387.6824;42.1353;13.0;0.8;216.959
1753875214.46;2.0;49.20424321;18.75498742;387.6826;42.1353;13.0;0.8;217.017
1753875214.47;2.0;49.20424324;18.75498734;387.6827;42.1353;13.0;0.8;217.003
1753875214.48;2.0;49.20424327;18.75498726;387.6821;42.1353;13.0;0.8;217.042
1753875214.49;2.0;49.2042433;18.75498718;387.6812;42.1353;13.0;0.8;217.075
1753875214.5;2.0;49.20424333;18.75498709;387.6804;42.1353;13.0;0.8;217.058
1753875214.51;2.0;49.20424336;18.75498701;387.6805;42.1353;13.0;0.8;217.012
1753875214.52;2.0;49.20424339;18.75498693;387.6804;42.1353;13.0;0.8;216.937
1753875214.53;2.0;49.20424342;18.75498685;387.6802;42.1353;13.0;0.8;216.85
1753875214.54;2.0;49.20424345;18.75498677;387.68;42.1353;13.0;0.8;216.775
1753875214.55;2.0;49.20424348;18.75498669;387.6793;42.1353;13.0;0.8;216.744
1753875214.56;2.0;49.20424351;18.75498661;387.6783;42.1353;13.0;0.8;216.697
1753875214.57;2.0;49.20424355;18.75498653;387.6778;42.1353;13.0;0.8;216.689
1753875214.58;2.0;49.2042436;18.75498645;387.6772;42.1353;13.0;0.8;216.734
1753875214.59;2.0;49.20424365;18.75498637;387.6761;42.1353;13.0;0.8;216.78
1753875214.6;2.0;49.2042437;18.75498629;387.6751;42.1353;13.0;0.8;216.836
1753875214.61;2.0;49.20424374;18.7549862;387.6748;42.1353;13.0;0.8;216.918
1753875214.62;2.0;49.20424379;18.75498611;387.6739;42.1353;13.0;0.8;217.0
1753875214.63;2.0;49.20424383;18.75498603;387.6731;42.1353;13.0;0.8;217.012
1753875214.64;2.0;49.20424388;18.75498594;387.673;42.1353;13.0;0.8;217.034
1753875214.65;2.0;49.20424392;18.75498585;387.673;42.1353;13.0;0.8;216.977
1753875214.66;2.0;49.20424396;18.75498576;387.6733;42.1353;13.0;0.8;216.926
1753875214.67;2.0;49.204244;18.75498567;387.6737;42.1353;13.0;0.8;216.888
1753875214.68;2.0;49.20424405;18.75498558;387.6733;42.1353;13.0;0.8;216.881
1753875214.69;2.0;49.20424409;18.75498548;387.6733;42.1353;13.0;0.8;216.887
1753875214.7;2.0;49.20424413;18.75498539;387.6735;42.1353;13.0;0.8;216.885
1753875214.71;2.0;49.20424417;18.7549853;387.674;42.1353;13.0;0.8;216.843
1753875214.72;2.0;49.20424421;18.75498521;387.6735;42.1353;13.0;0.8;216.835
1753875214.73;2.0;49.20424425;18.75498512;387.6719;42.1353;13.0;0.8;216.873
1753875214.74;2.0;49.20424429;18.75498503;387.6702;42.1353;13.0;0.8;216.893
1753875214.75;2.0;49.20424432;18.75498495;387.6691;42.1353;13.0;0.8;216.88
1753875214.76;2.0;49.20424436;18.75498487;387.6684;42.1353;13.0;0.8;216.912
1753875214.77;2.0;49.20424439;18.75498479;387.6674;42.1353;13.0;0.8;216.956
1753875214.78;2.0;49.20424443;18.75498471;387.6672;42.1353;13.0;0.8;216.989
1753875214.79;2.0;49.20424446;18.75498463;387.6671;42.1353;13.0;0.8;217.035
1753875214.8;2.0;49.20424449;18.75498456;387.6669;42.1353;13.0;0.8;217.103
1753875214.81;2.0;49.20424453;18.75498448;387.6665;42.1353;13.0;0.8;217.147
1753875214.82;2.0;49.20424456;18.75498439;387.6662;42.1353;13.0;0.8;217.176
1753875214.83;2.0;49.2042446;18.75498431;387.6657;42.1353;13.0;0.8;217.204
1753875214.84;2.0;49.20424463;18.75498423;387.6654;42.1353;13.0;0.8;217.189
1753875214.85;2.0;49.20424467;18.75498414;387.6652;42.1353;13.0;0.8;217.167
1753875214.86;2.0;49.20424471;18.75498405;387.664;42.1353;13.0;0.8;217.151
1753875214.87;2.0;49.20424474;18.75498397;387.6625;42.1353;13.0;0.8;217.156
1753875214.88;2.0;49.20424478;18.75498388;387.6609;42.1353;13.0;0.8;217.139
1753875214.89;2.0;49.20424482;18.7549838;387.6589;42.1353;13.0;0.8;217.081
1753875214.9;2.0;49.20424485;18.75498371;387.6571;42.1353;13.0;0.8;216.971
1753875214.91;2.0;49.20424489;18.75498363;387.6558;42.1353;13.0;0.8;216.878
1753875214.92;2.0;49.20424492;18.75498355;387.655;42.1353;13.0;0.8;216.784
1753875214.93;2.0;49.20424495;18.75498347;387.6539;42.1353;13.0;0.8;216.743
1753875214.94;2.0;49.20424498;18.75498339;387.653;42.1353;13.0;0.8;216.767
1753875214.95;2.0;49.20424501;18.75498331;387.6521;42.1353;13.0;0.8;216.837
1753875214.96;2.0;49.20424504;18.75498323;387.6511;42.1353;13.0;0.8;216.913
1753875214.97;2.0;49.20424508;18.75498315;387.6504;42.1353;13.0;0.8;216.946
1753875214.98;2.0;49.20424512;18.75498307;387.6496;42.1353;13.0;0.8;216.968
1753875214.99;2.0;49.20424515;18.75498298;387.649;42.1353;13.0;0.8;216.964
1753875215.0;2.0;49.20424518;18.7549829;387.6485;42.1353;13.0;0.8;216.954
1753875215.01;2.0;49.20424522;18.75498281;387.6474;42.1353;13.0;0.8;216.938
1753875215.02;2.0;49.20424525;18.75498273;387.6461;42.1353;13.0;0.8;216.921
1753875215.03;2.0;49.20424528;18.75498264;387.6454;42.1353;13.0;0.8;216.924
1753875215.04;2.0;49.20424531;18.75498256;387.6453;42.1353;13.0;0.8;216.904
1753875215.05;2.0;49.20424534;18.75498249;387.6454;42.1353;13.0;0.8;216.872
1753875215.06;2.0;49.20424536;18.75498241;387.645;42.1353;13.0;0.8;216.882
1753875215.07;2.0;49.20424539;18.75498233;387.6441;42.1353;13.0;0.8;216.926
1753875215.08;2.0;49.20424541;18.75498225;387.6436;42.1353;13.0;0.8;216.941
1753875215.09;2.0;49.20424544;18.75498217;387.644;42.1353;13.0;0.8;216.952
1753875215.1;2.0;49.20424547;18.7549821;387.6445;42.1353;13.0;0.8;216.93
1753875215.11;2.0;49.2042455;18.75498202;387.6445;42.1353;13.0;0.8;216.961
1753875215.12;2.0;49.20424553;18.75498193;387.6432;42.1353;13.0;0.8;216.994
1753875215.13;2.0;49.20424556;18.75498186;387.6417;42.1353;13.0;0.8;216.999
1753875215.14;2.0;49.20424559;18.75498177;387.6407;42.1353;13.0;0.8;216.983
1753875215.15;2.0;49.20424563;18.75498169;387.6398;42.1353;13.0;0.8;216.929
1753875215.16;2.0;49.20424566;18.7549816;387.6389;42.1353;13.0;0.8;216.917
1753875215.17;2.0;49.20424569;18.75498151;387.6379;42.1353;13.0;0.8;216.945
1753875215.18;2.0;49.20424573;18.75498142;387.6373;42.1353;13.0;0.8;216.944
1753875215.19;2.0;49.20424576;18.75498133;387.6365;42.1353;13.0;0.8;216.889
1753875215.2;2.0;49.20424579;18.75498125;387.6357;42.1353;13.0;0.8;216.838
1753875215.21;2.0;49.20424582;18.75498117;387.6349;42.1353;13.0;0.8;216.793
1753875215.22;2.0;49.20424586;18.75498109;387.6343;42.1353;13.0;0.8;216.747
1753875215.23;2.0;49.20424589;18.75498101;387.6337;42.1353;13.0;0.8;216.689
1753875215.24;2.0;49.20424594;18.75498094;387.633;42.1353;13.0;0.8;216.736
1753875215.25;2.0;49.20424597;18.75498087;387.633;42.1353;13.0;0.8;216.794
1753875215.26;2.0;49.20424601;18.75498079;387.6333;42.1353;13.0;0.8;216.877
1753875215.27;2.0;49.20424605;18.75498071;387.6327;42.1353;13.0;0.8;216.955
1753875215.28;2.0;49.20424609;18.75498063;387.6319;42.1353;13.0;0.8;217.048
1753875215.29;2.0;49.20424613;18.75498054;387.6313;42.1353;13.0;0.8;217.125
1753875215.3;2.0;49.20424617;18.75498046;387.6316;42.1353;13.0;0.8;217.166
1753875215.31;2.0;49.2042462;18.75498037;387.6315;42.1353;13.0;0.8;217.188
1753875215.32;2.0;49.20424623;18.75498029;387.631;42.1353;13.0;0.8;217.199
1753875215.33;2.0;49.20424627;18.75498021;387.6296;42.1353;13.0;0.8;217.169
1753875215.34;2.0;49.2042463;18.75498013;387.6279;42.1353;13.0;0.8;217.12
1753875215.35;2.0;49.20424635;18.75498005;387.6262;42.1353;13.0;0.8;217.081
1753875215.36;2.0;49.20424639;18.75497997;387.6244;42.1353;13.0;0.8;217.005
1753875215.37;2.0;49.20424643;18.75497989;387.6223;42.1353;13.0;0.8;216.926
1753875215.38;2.0;49.20424647;18.75497981;387.6208;42.1353;13.0;0.8;216.898
1753875215.39;2.0;49.20424651;18.75497972;387.6197;42.1353;13.0;0.8;216.874
1753875215.4;2.0;49.20424655;18.75497964;387.6186;42.1353;13.0;0.8;216.858
1753875215.41;2.0;49.20424659;18.75497956;387.6168;42.1353;13.0;0.8;216.861
1753875215.42;2.0;49.20424663;18.75497948;387.6153;42.1353;13.0;0.8;216.841
1753875215.43;2.0;49.20424667;18.75497939;387.6136;42.1353;13.0;0.8;216.847
1753875215.44;2.0;49.20424671;18.75497931;387.6124;42.1353;13.0;0.8;216.837
1753875215.45;2.0;49.20424675;18.75497923;387.6111;42.1353;13.0;0.8;216.821
1753875215.46;2.0;49.20424679;18.75497915;387.6102;42.1353;13.0;0.8;216.84
1753875215.47;2.0;49.20424682;18.75497907;387.6095;42.1353;13.0;0.8;216.847
1753875215.48;2.0;49.20424686;18.75497898;387.6088;42.1353;13.0;0.8;216.838
1753875215.49;2.0;49.2042469;18.75497891;387.6083;42.1353;13.0;0.8;216.811
1753875215.5;2.0;49.20424694;18.75497882;387.6081;42.1353;13.0;0.8;216.84
1753875215.51;2.0;49.20424697;18.75497875;387.6081;42.1353;13.0;0.8;216.86
1753875215.52;2.0;49.20424701;18.75497867;387.6081;42.1353;13.0;0.8;216.846
1753875215.53;2.0;49.20424705;18.75497859;387.6076;42.1353;13.0;0.8;216.842
1753875215.54;2.0;49.20424709;18.75497851;387.6076;42.1353;13.0;0.8;216.884
1753875215.55;2.0;49.20424713;18.75497843;387.6078;42.1353;13.0;0.8;216.896
1753875215.56;2.0;49.20424717;18.75497835;387.6073;42.1353;13.0;0.8;216.897
1753875215.57;2.0;49.2042472;18.75497826;387.607;42.1353;13.0;0.8;216.882
1753875215.58;2.0;49.20424724;18.75497818;387.6067;42.1353;13.0;0.8;216.916
1753875215.59;2.0;49.20424728;18.75497809;387.606;42.1353;13.0;0.8;216.96
1753875215.6;2.0;49.20424732;18.75497801;387.6057;42.1353;13.0;0.8;216.991
1753875215.61;2.0;49.20424735;18.75497792;387.6063;42.1353;13.0;0.8;216.973
1753875215.62;2.0;49.20424738;18.75497783;387.6068;42.1353;13.0;0.8;216.973
1753875215.63;2.0;49.20424741;18.75497775;387.6066;42.1353;13.0;0.8;216.95
1753875215.64;2.0;49.20424745;18.75497766;387.6064;42.1353;13.0;0.8;216.892
1753875215.65;2.0;49.20424749;18.75497757;387.6059;42.1353;13.0;0.8;216.873
1753875215.66;2.0;49.20424752;18.75497749;387.6056;42.1353;13.0;0.8;216.852
1753875215.67;2.0;49.20424756;18.7549774;387.6044;42.1353;13.0;0.8;216.802
1753875215.68;2.0;49.2042476;18.75497731;387.6018;42.1353;13.0;0.8;216.777
1753875215.69;2.0;49.20424765;18.75497722;387.5992;42.1353;13.0;0.8;216.846
1753875215.7;2.0;49.2042477;18.75497713;387.5978;42.1353;13.0;0.8;216.907
1753875215.71;2.0;49.20424775;18.75497704;387.5972;42.1353;13.0;0.8;216.907
1753875215.72;2.0;49.20424779;18.75497695;387.5968;42.1353;13.0;0.8;216.876
1753875215.73;2.0;49.20424783;18.75497686;387.5961;42.1353;13.0;0.8;216.883
1753875215.74;2.0;49.20424788;18.75497678;387.5952;42.1353;13.0;0.8;216.896
1753875215.75;2.0;49.20424792;18.75497669;387.5939;42.1353;13.0;0.8;216.91
1753875215.76;2.0;49.20424797;18.75497661;387.5927;42.1353;13.0;0.8;216.926
1753875215.77;2.0;49.20424801;18.75497652;387.592;42.1353;13.0;0.8;216.96
1753875215.78;2.0;49.20424805;18.75497643;387.5918;42.1353;13.0;0.8;217.0
1753875215.79;2.0;49.20424809;18.75497634;387.5913;42.1353;13.0;0.8;217.05
1753875215.8;2.0;49.20424812;18.75497625;387.5909;42.1353;13.0;0.8;217.107
1753875215.81;2.0;49.20424817;18.75497616;387.5907;42.1353;13.0;0.8;217.148
1753875215.82;2.0;49.20424821;18.75497608;387.5903;42.1353;13.0;0.8;217.15
1753875215.83;2.0;49.20424825;18.75497599;387.5887;42.1353;13.0;0.8;217.124
1753875215.84;2.0;49.20424829;18.7549759;387.5868;42.1353;13.0;0.8;217.075
1753875215.85;2.0;49.20424834;18.75497581;387.5855;42.1353;13.0;0.8;217.034
1753875215.86;2.0;49.20424838;18.75497572;387.5843;42.1353;13.0;0.8;217.0
1753875215.87;2.0;49.20424843;18.75497563;387.5835;42.1353;13.0;0.8;216.997
1753875215.88;2.0;49.20424847;18.75497554;387.5835;42.1353;13.0;0.8;216.988
1753875215.89;2.0;49.20424852;18.75497546;387.5832;42.1353;13.0;0.8;216.989
1753875215.9;2.0;49.20424856;18.75497537;387.5826;42.1353;13.0;0.8;217.026
1753875215.91;2.0;49.2042486;18.75497528;387.5825;42.1353;13.0;0.8;217.035
1753875215.92;2.0;49.20424864;18.75497519;387.5819;42.1353;13.0;0.8;217.005
1753875215.93;2.0;49.20424869;18.7549751;387.5807;42.1353;13.0;0.8;216.955
1753875215.94;2.0;49.20424873;18.75497501;387.5793;42.1353;13.0;0.8;216.945
1753875215.95;2.0;49.20424878;18.75497492;387.5779;42.1353;13.0;0.8;216.932
1753875215.96;2.0;49.20424882;18.75497483;387.5767;42.1353;13.0;0.8;216.885
1753875215.97;2.0;49.20424886;18.75497473;387.5753;42.1353;13.0;0.8;216.828
1753875215.98;2.0;49.20424891;18.75497463;387.5742;42.1353;13.0;0.8;216.773
1753875215.99;2.0;49.20424895;18.75497454;387.5736;42.1353;13.0;0.8;216.699
1753875216.0;2.0;49.204249;18.75497445;387.5735;42.1353;13.0;0.8;216.7
1753875216.01;2.0;49.20424904;18.75497435;387.5739;42.1353;13.0;0.8;216.727
1753875216.02;2.0;49.20424909;18.75497426;387.5745;42.1353;13.0;0.8;216.729
1753875216.03;2.0;49.20424913;18.75497416;387.5743;42.1353;13.0;0.8;216.708
1753875216.04;2.0;49.20424917;18.75497407;387.5738;42.1353;13.0;0.8;216.711
1753875216.05;2.0;49.20424921;18.75497398;387.5734;42.1353;13.0;0.8;216.683
1753875216.06;2.0;49.20424925;18.75497388;387.5729;42.1353;13.0;0.8;216.663
1753875216.07;2.0;49.20424929;18.75497379;387.5725;42.1353;13.0;0.8;216.647
1753875216.08;2.0;49.20424932;18.7549737;387.5725;42.1353;13.0;0.8;216.65
1753875216.09;2.0;49.20424936;18.75497361;387.5718;42.1353;13.0;0.8;216.647
1753875216.1;2.0;49.2042494;18.75497352;387.5718;42.1353;13.0;0.8;216.639
1753875216.11;2.0;49.20424945;18.75497343;387.5718;42.1353;13.0;0.8;216.608
1753875216.12;2.0;49.20424949;18.75497334;387.5716;42.1353;13.0;0.8;216.641
1753875216.13;2.0;49.20424954;18.75497325;387.5718;42.1353;13.0;0.8;216.691
1753875216.14;2.0;49.20424959;18.75497316;387.5718;42.1353;13.0;0.8;216.75
1753875216.15;2.0;49.20424964;18.75497307;387.5717;42.1353;13.0;0.8;216.836
1753875216.16;2.0;49.20424969;18.75497297;387.5719;42.1353;13.0;0.8;216.864
1753875216.17;2.0;49.20424973;18.75497287;387.5723;42.1353;13.0;0.8;216.847
1753875216.18;2.0;49.20424978;18.75497278;387.5726;42.1353;13.0;0.8;216.823
1753875216.19;2.0;49.20424982;18.75497269;387.5729;42.1353;13.0;0.8;216.793
1753875216.2;2.0;49.20424987;18.7549726;387.5737;42.1353;13.0;0.8;216.758
1753875216.21;2.0;49.20424992;18.75497251;387.5751;42.1353;13.0;0.8;216.691
1753875216.22;2.0;49.20424996;18.75497242;387.5761;42.1353;13.0;0.8;216.632
1753875216.23;2.0;49.20425001;18.75497233;387.577;42.1353;13.0;0.8;216.614
1753875216.24;2.0;49.20425006;18.75497223;387.578;42.1353;13.0;0.8;216.58
1753875216.25;2.0;49.2042501;18.75497214;387.579;42.1353;13.0;0.8;216.553
1753875216.26;2.0;49.20425015;18.75497205;387.5787;42.1353;13.0;0.8;216.558
1753875216.27;2.0;49.20425021;18.75497196;387.5779;42.1353;13.0;0.8;216.533
1753875216.28;2.0;49.20425026;18.75497187;387.5778;42.1353;13.0;0.8;216.52
1753875216.29;2.0;49.20425031;18.75497178;387.5774;42.1353;13.0;0.8;216.538
1753875216.3;2.0;49.20425035;18.75497169;387.5771;42.1353;13.0;0.8;216.609
1753875216.31;2.0;49.2042504;18.7549716;387.5768;42.1353;13.0;0.8;216.68
1753875216.32;2.0;49.20425045;18.75497151;387.5761;42.1353;13.0;0.8;216.747
1753875216.33;2.0;49.2042505;18.75497142;387.5758;42.1353;13.0;0.8;216.773
1753875216.34;2.0;49.20425055;18.75497133;387.5758;42.1353;13.0;0.8;216.793
1753875216.35;2.0;49.2042506;18.75497124;387.5764;42.1353;13.0;0.8;216.806
1753875216.36;2.0;49.20425064;18.75497115;387.5767;42.1353;13.0;0.8;216.82
1753875216.37;2.0;49.20425068;18.75497106;387.5769;42.1353;13.0;0.8;216.795
1753875216.38;2.0;49.20425072;18.75497097;387.5769;42.1353;13.0;0.8;216.748
1753875216.39;2.0;49.20425077;18.75497088;387.5766;42.1353;13.0;0.8;216.745
1753875216.4;2.0;49.20425082;18.75497078;387.5754;42.1353;13.0;0.8;216.785
1753875216.41;2.0;49.20425087;18.75497068;387.5733;42.1353;13.0;0.8;216.836
1753875216.42;2.0;49.20425092;18.75497059;387.5722;42.1353;13.0;0.8;216.875
1753875216.43;2.0;49.20425097;18.7549705;387.5722;42.1353;13.0;0.8;216.917
1753875216.44;2.0;49.20425101;18.75497041;387.5725;42.1353;13.0;0.8;216.952
1753875216.45;2.0;49.20425105;18.75497032;387.5728;42.1353;13.0;0.8;216.979
1753875216.46;2.0;49.2042511;18.75497023;387.5728;42.1353;13.0;0.8;216.98
1753875216.47;2.0;49.20425115;18.75497014;387.5725;42.1353;13.0;0.8;216.961
1753875216.48;2.0;49.20425119;18.75497005;387.5723;42.1353;13.0;0.8;216.948
1753875216.49;2.0;49.20425123;18.75496996;387.5729;42.1353;13.0;0.8;216.902
1753875216.5;2.0;49.20425128;18.75496987;387.5738;42.1353;13.0;0.8;216.857
1753875216.51;2.0;49.20425132;18.75496978;387.5749;42.1353;13.0;0.8;216.847
1753875216.52;2.0;49.20425136;18.75496969;387.5759;42.1353;13.0;0.8;216.864
1753875216.53;2.0;49.20425141;18.7549696;387.5757;42.1353;13.0;0.8;216.899
1753875216.54;2.0;49.20425145;18.75496951;387.5757;42.1353;13.0;0.8;216.957
1753875216.55;2.0;49.2042515;18.75496943;387.576;42.1353;13.0;0.8;217.026
1753875216.56;2.0;49.20425155;18.75496934;387.5758;42.1353;13.0;0.8;217.06
1753875216.57;2.0;49.20425159;18.75496924;387.5759;42.1353;13.0;0.8;217.07
1753875216.58;2.0;49.20425163;18.75496915;387.5763;42.1353;13.0;0.8;217.053
1753875216.59;2.0;49.20425168;18.75496905;387.576;42.1353;13.0;0.8;217.017
1753875216.6;2.0;49.20425172;18.75496895;387.5755;42.1353;13.0;0.8;216.977
1753875216.61;2.0;49.20425177;18.75496885;387.5754;42.1353;13.0;0.8;216.907
1753875216.62;2.0;49.20425182;18.75496876;387.5752;42.1353;13.0;0.8;216.859
1753875216.63;2.0;49.20425187;18.75496866;387.5752;42.1353;13.0;0.8;216.796
1753875216.64;2.0;49.20425192;18.75496856;387.5749;42.1353;13.0;0.8;216.76
1753875216.65;2.0;49.20425196;18.75496847;387.5752;42.1353;13.0;0.8;216.74
1753875216.66;2.0;49.20425201;18.75496838;387.5755;42.1353;13.0;0.8;216.729
1753875216.67;2.0;49.20425206;18.75496828;387.5752;42.1353;13.0;0.8;216.748
1753875216.68;2.0;49.20425211;18.75496818;387.5748;42.1353;13.0;0.8;216.807
1753875216.69;2.0;49.20425215;18.75496809;387.5745;42.1353;13.0;0.8;216.861
1753875216.7;2.0;49.2042522;18.75496799;387.5746;42.1353;13.0;0.8;216.894
1753875216.71;2.0;49.20425225;18.7549679;387.5754;42.1353;13.0;0.8;216.898
1753875216.72;2.0;49.20425229;18.7549678;387.5758;42.1353;13.0;0.8;216.886
1753875216.73;2.0;49.20425234;18.7549677;387.5755;42.1353;13.0;0.8;216.85
1753875216.74;2.0;49.20425239;18.7549676;387.5754;42.1353;13.0;0.8;216.803
1753875216.75;2.0;49.20425244;18.7549675;387.5757;42.1353;13.0;0.8;216.738
1753875216.76;2.0;49.20425249;18.7549674;387.5758;42.1353;13.0;0.8;216.692
1753875216.77;2.0;49.20425254;18.7549673;387.5762;42.1353;13.0;0.8;216.676
1753875216.78;2.0;49.20425259;18.7549672;387.577;42.1353;13.0;0.8;216.669
1753875216.79;2.0;49.20425263;18.7549671;387.5776;42.1353;13.0;0.8;216.66
1753875216.8;2.0;49.20425268;18.75496701;387.5783;42.1353;13.0;0.8;216.666
1753875216.81;2.0;49.20425272;18.75496692;387.5789;42.1353;13.0;0.8;216.704
1753875216.82;2.0;49.20425277;18.75496683;387.5789;42.1353;13.0;0.8;216.774
1753875216.83;2.0;49.20425281;18.75496673;387.5786;42.1353;13.0;0.8;216.806
1753875216.84;2.0;49.20425286;18.75496664;387.5782;42.1353;13.0;0.8;216.8
1753875216.85;2.0;49.20425291;18.75496654;387.5783;42.1353;13.0;0.8;216.788
1753875216.86;2.0;49.20425296;18.75496645;387.5783;42.1353;13.0;0.8;216.768
1753875216.87;2.0;49.204253;18.75496635;387.5779;42.1353;13.0;0.8;216.735
1753875216.88;2.0;49.20425305;18.75496626;387.5769;42.1353;13.0;0.8;216.747
1753875216.89;2.0;49.2042531;18.75496617;387.5758;42.1353;13.0;0.8;216.727
1753875216.9;2.0;49.20425314;18.75496608;387.575;42.1353;13.0;0.8;216.733
1753875216.91;2.0;49.20425319;18.75496598;387.574;42.1353;13.0;0.8;216.759
1753875216.92;2.0;49.20425324;18.75496588;387.573;42.1353;13.0;0.8;216.783
1753875216.93;2.0;49.20425329;18.75496578;387.5724;42.1353;13.0;0.8;216.779
1753875216.94;2.0;49.20425333;18.75496568;387.5722;42.1353;13.0;0.8;216.777
1753875216.95;2.0;49.20425338;18.75496557;387.5726;42.1353;13.0;0.8;216.796
1753875216.96;2.0;49.20425343;18.75496547;387.5724;42.1353;13.0;0.8;216.802
1753875216.97;2.0;49.20425347;18.75496538;387.5723;42.1353;13.0;0.8;216.805
1753875216.98;2.0;49.20425352;18.75496528;387.5724;42.1353;13.0;0.8;216.849
1753875216.99;2.0;49.20425356;18.75496518;387.5726;42.1353;13.0;0.8;216.821
1753875217.0;2.0;49.20425361;18.75496509;387.5725;42.1353;13.0;0.8;216.756
1753875217.01;2.0;49.20425365;18.754965;387.5723;42.1353;13.0;0.8;216.714
1753875217.02;2.0;49.20425369;18.7549649;387.5721;42.1353;13.0;0.8;216.691
1753875217.03;2.0;49.20425374;18.75496481;387.5719;42.1353;13.0;0.8;216.661
1753875217.04;2.0;49.20425379;18.7549647;387.5717;42.1353;13.0;0.8;216.643
1753875217.05;2.0;49.20425384;18.7549646;387.5717;42.1353;13.0;0.8;216.648
1753875217.06;2.0;49.20425388;18.7549645;387.5722;42.1353;13.0;0.8;216.641
1753875217.07;2.0;49.20425393;18.75496441;387.5727;42.1353;13.0;0.8;216.667
1753875217.08;2.0;49.20425397;18.75496431;387.5726;42.1353;13.0;0.8;216.648
1753875217.09;2.0;49.20425401;18.75496422;387.5724;42.1353;13.0;0.8;216.671
1753875217.1;2.0;49.20425405;18.75496412;387.5729;42.1353;13.0;0.8;216.652
1753875217.11;2.0;49.2042541;18.75496402;387.5732;42.1353;13.0;0.8;216.63
1753875217.12;2.0;49.20425414;18.75496393;387.5732;42.1353;13.0;0.8;216.601
1753875217.13;2.0;49.20425418;18.75496384;387.5732;42.1353;13.0;0.8;216.612
1753875217.14;2.0;49.20425423;18.75496374;387.5737;42.1353;13.0;0.8;216.668
1753875217.15;2.0;49.20425428;18.75496365;387.5736;42.1353;13.0;0.8;216.691
1753875217.16;2.0;49.20425433;18.75496355;387.5737;42.1353;13.0;0.8;216.666
1753875217.17;2.0;49.20425437;18.75496345;387.5737;42.1353;13.0;0.8;216.66
1753875217.18;2.0;49.20425442;18.75496335;387.5736;42.1353;13.0;0.8;216.673
1753875217.19;2.0;49.20425447;18.75496325;387.5737;42.1353;13.0;0.8;216.661
1753875217.2;2.0;49.20425453;18.75496315;387.5733;42.1353;13.0;0.8;216.631
1753875217.21;2.0;49.20425458;18.75496304;387.5724;42.1353;13.0;0.8;216.628
1753875217.22;2.0;49.20425462;18.75496294;387.5713;42.1353;13.0;0.8;216.643
1753875217.23;2.0;49.20425467;18.75496283;387.5703;42.1353;13.0;0.8;216.657
1753875217.24;2.0;49.20425472;18.75496273;387.5696;42.1353;13.0;0.8;216.636
1753875217.25;2.0;49.20425477;18.75496263;387.5694;42.1353;13.0;0.8;216.619
1753875217.26;2.0;49.20425482;18.75496253;387.5696;42.1353;13.0;0.8;216.611
1753875217.27;2.0;49.20425486;18.75496243;387.5698;42.1353;13.0;0.8;216.598
1753875217.28;2.0;49.20425491;18.75496233;387.5705;42.1353;13.0;0.8;216.538
1753875217.29;2.0;49.20425495;18.75496224;387.5717;42.1353;13.0;0.8;216.478
1753875217.3;2.0;49.204255;18.75496214;387.5722;42.1353;13.0;0.8;216.402
1753875217.31;2.0;49.20425505;18.75496204;387.573;42.1353;13.0;0.8;216.371
1753875217.32;2.0;49.2042551;18.75496194;387.5738;42.1353;13.0;0.8;216.35
1753875217.33;2.0;49.20425515;18.75496185;387.5742;42.1353;13.0;0.8;216.363
1753875217.34;2.0;49.2042552;18.75496175;387.5749;42.1353;13.0;0.8;216.359
1753875217.35;2.0;49.20425524;18.75496166;387.5753;42.1353;13.0;0.8;216.33
1753875217.36;2.0;49.20425529;18.75496156;387.5756;42.1353;13.0;0.8;216.3
1753875217.37;2.0;49.20425533;18.75496146;387.5758;42.1353;13.0;0.8;216.348
1753875217.38;2.0;49.20425537;18.75496136;387.5749;42.1353;13.0;0.8;216.422
1753875217.39;2.0;49.20425541;18.75496126;387.574;42.1353;13.0;0.8;216.489
1753875217.4;2.0;49.20425546;18.75496115;387.5732;42.1353;13.0;0.8;216.533
1753875217.41;2.0;49.2042555;18.75496105;387.5727;42.1353;13.0;0.8;216.506
1753875217.42;2.0;49.20425554;18.75496095;387.5726;42.1353;13.0;0.8;216.473
1753875217.43;2.0;49.20425558;18.75496085;387.5725;42.1353;13.0;0.8;216.46
1753875217.44;2.0;49.20425562;18.75496075;387.5725;42.1353;13.0;0.8;216.454
1753875217.45;2.0;49.20425567;18.75496066;387.5726;42.1353;13.0;0.8;216.478
1753875217.46;2.0;49.20425571;18.75496056;387.5723;42.1353;13.0;0.8;216.528
1753875217.47;2.0;49.20425575;18.75496047;387.5719;42.1353;13.0;0.8;216.611
1753875217.48;2.0;49.2042558;18.75496038;387.5714;42.1353;13.0;0.8;216.691
1753875217.49;2.0;49.20425585;18.75496028;387.5707;42.1353;13.0;0.8;216.703
1753875217.5;2.0;49.2042559;18.75496017;387.5701;42.1353;13.0;0.8;216.688
1753875217.51;2.0;49.20425594;18.75496007;387.5696;42.1353;13.0;0.8;216.687
1753875217.52;2.0;49.20425599;18.75495996;387.5692;42.1353;13.0;0.8;216.703
1753875217.53;2.0;49.20425603;18.75495985;387.5688;42.1353;13.0;0.8;216.736
1753875217.54;2.0;49.20425608;18.75495975;387.5679;42.1353;13.0;0.8;216.767
1753875217.55;2.0;49.20425612;18.75495965;387.5673;42.1353;13.0;0.8;216.771
1753875217.56;2.0;49.20425617;18.75495954;387.567;42.1353;13.0;0.8;216.774
1753875217.57;2.0;49.20425621;18.75495944;387.5672;42.1353;13.0;0.8;216.771
1753875217.58;2.0;49.20425625;18.75495935;387.568;42.1353;13.0;0.8;216.785
1753875217.59;2.0;49.20425629;18.75495926;387.5691;42.1353;13.0;0.8;216.788
1753875217.6;2.0;49.20425633;18.75495917;387.57;42.1353;13.0;0.8;216.793
1753875217.61;2.0;49.20425637;18.75495909;387.5707;42.1353;13.0;0.8;216.858
1753875217.62;2.0;49.20425642;18.754959;387.5715;42.1353;13.0;0.8;216.938
1753875217.63;2.0;49.20425646;18.75495891;387.5729;42.1353;13.0;0.8;216.977
1753875217.64;2.0;49.20425651;18.75495882;387.5741;42.1353;13.0;0.8;216.985
1753875217.65;2.0;49.20425656;18.75495872;387.5753;42.1353;13.0;0.8;216.948
1753875217.66;2.0;49.2042566;18.75495862;387.5765;42.1353;13.0;0.8;216.939
1753875217.67;2.0;49.20425664;18.75495852;387.5772;42.1353;13.0;0.8;216.915
1753875217.68;2.0;49.20425669;18.75495843;387.5773;42.1353;13.0;0.8;216.889
1753875217.69;2.0;49.20425673;18.75495833;387.5776;42.1353;13.0;0.8;216.828
1753875217.7;2.0;49.20425678;18.75495822;387.5774;42.1353;13.0;0.8;216.741
1753875217.71;2.0;49.20425683;18.75495812;387.5776;42.1353;13.0;0.8;216.662
1753875217.72;2.0;49.20425688;18.75495802;387.5786;42.1353;13.0;0.8;216.59
1753875217.73;2.0;49.20425693;18.75495791;387.5796;42.1353;13.0;0.8;216.562
1753875217.74;2.0;49.20425698;18.75495782;387.5801;42.1353;13.0;0.8;216.519
1753875217.75;2.0;49.20425703;18.75495772;387.5812;42.1353;13.0;0.8;216.52
1753875217.76;2.0;49.20425708;18.75495762;387.5818;42.1353;13.0;0.8;216.553
1753875217.77;2.0;49.20425713;18.75495752;387.5816;42.1353;13.0;0.8;216.634
1753875217.78;2.0;49.20425718;18.75495742;387.5817;42.1353;13.0;0.8;216.72
1753875217.79;2.0;49.20425723;18.75495732;387.5818;42.1353;13.0;0.8;216.829
1753875217.8;2.0;49.20425728;18.75495722;387.5814;42.1353;13.0;0.8;216.916
1753875217.81;2.0;49.20425733;18.75495711;387.5814;42.1353;13.0;0.8;216.965
1753875217.82;2.0;49.20425737;18.75495701;387.5822;42.1353;13.0;0.8;216.935
1753875217.83;2.0;49.20425742;18.75495691;387.583;42.1353;13.0;0.8;216.832
1753875217.84;2.0;49.20425747;18.75495681;387.5834;42.1353;13.0;0.8;216.731
1753875217.85;2.0;49.20425752;18.7549567;387.5837;42.1353;13.0;0.8;216.687
1753875217.86;2.0;49.20425756;18.75495659;387.5835;42.1353;13.0;0.8;216.598
1753875217.87;2.0;49.20425761;18.75495649;387.5833;42.1353;13.0;0.8;216.504
1753875217.88;2.0;49.20425765;18.75495638;387.5832;42.1353;13.0;0.8;216.496
1753875217.89;2.0;49.2042577;18.75495627;387.5837;42.1353;13.0;0.8;216.578
1753875217.9;2.0;49.20425775;18.75495616;387.5847;42.1353;13.0;0.8;216.63
1753875217.91;2.0;49.20425779;18.75495605;387.5856;42.1353;13.0;0.8;216.644
1753875217.92;2.0;49.20425784;18.75495594;387.5866;42.1353;13.0;0.8;216.682
1753875217.93;2.0;49.20425789;18.75495582;387.5872;42.1353;13.0;0.8;216.693
1753875217.94;2.0;49.20425794;18.75495572;387.5878;42.1353;13.0;0.8;216.671
1753875217.95;2.0;49.204258;18.75495561;387.5874;42.1353;13.0;0.8;216.661
1753875217.96;2.0;49.20425805;18.7549555;387.5867;42.1353;13.0;0.8;216.626
1753875217.97;2.0;49.2042581;18.75495539;387.586;42.1353;13.0;0.8;216.599
1753875217.98;2.0;49.20425815;18.75495528;387.5855;42.1353;13.0;0.8;216.563
1753875217.99;2.0;49.2042582;18.75495517;387.5853;42.1353;13.0;0.8;216.506
1753875218.0;2.0;49.20425824;18.75495507;387.5852;42.1353;13.0;0.8;216.495
1753875218.01;2.0;49.20425829;18.75495495;387.5852;42.1353;13.0;0.8;216.495
1753875218.02;2.0;49.20425833;18.75495485;387.5863;42.1353;13.0;0.8;216.511
1753875218.03;2.0;49.20425838;18.75495473;387.5874;42.1353;13.0;0.8;216.523
1753875218.04;2.0;49.20425843;18.75495462;387.5878;42.1353;13.0;0.8;216.526
1753875218.05;2.0;49.20425848;18.75495451;387.5879;42.1353;13.0;0.8;216.553
1753875218.06;2.0;49.20425853;18.7549544;387.5887;42.1353;13.0;0.8;216.564
1753875218.07;2.0;49.20425858;18.7549543;387.5896;42.1353;13.0;0.8;216.592
1753875218.08;2.0;49.20425862;18.75495419;387.59;42.1353;13.0;0.8;216.633
1753875218.09;2.0;49.20425867;18.75495409;387.5902;42.1353;13.0;0.8;216.69
1753875218.1;2.0;49.20425871;18.754954;387.5906;42.1353;13.0;0.8;216.767
1753875218.11;2.0;49.20425876;18.75495392;387.5911;42.1353;13.0;0.8;216.811
1753875218.12;2.0;49.2042588;18.75495383;387.591;42.1353;13.0;0.8;216.836
1753875218.13;2.0;49.20425884;18.75495376;387.5913;42.1353;13.0;0.8;216.802
1753875218.14;2.0;49.20425888;18.75495368;387.5919;42.1353;13.0;0.8;216.761
1753875218.15;2.0;49.20425892;18.75495359;387.5926;42.1353;13.0;0.8;216.774
1753875218.16;2.0;49.20425896;18.7549535;387.5931;42.1353;13.0;0.8;216.783
1753875218.17;2.0;49.204259;18.75495341;387.5939;42.1353;13.0;0.8;216.757
1753875218.18;2.0;49.20425903;18.75495332;387.5945;42.1353;13.0;0.8;216.708
1753875218.19;2.0;49.20425907;18.75495322;387.5952;42.1353;13.0;0.8;216.721
1753875218.2;2.0;49.2042591;18.75495312;387.5958;42.1353;13.0;0.8;216.748
1753875218.21;2.0;49.20425914;18.75495302;387.5957;42.1353;13.0;0.8;216.765
1753875218.22;2.0;49.20425918;18.75495291;387.5948;42.1353;13.0;0.8;216.809
1753875218.23;2.0;49.20425923;18.7549528;387.5933;42.1353;13.0;0.8;216.864
1753875218.24;2.0;49.20425927;18.75495269;387.5929;42.1353;13.0;0.8;216.901
1753875218.25;2.0;49.20425932;18.75495259;387.5928;42.1353;13.0;0.8;216.915
1753875218.26;2.0;49.20425936;18.75495249;387.5923;42.1353;13.0;0.8;216.923
1753875218.27;2.0;49.2042594;18.75495238;387.5922;42.1353;13.0;0.8;216.895
1753875218.28;2.0;49.20425944;18.75495228;387.5923;42.1353;13.0;0.8;216.84
1753875218.29;2.0;49.20425949;18.75495217;387.593;42.1353;13.0;0.8;216.767
1753875218.3;2.0;49.20425953;18.75495207;387.5941;42.1353;13.0;0.8;216.691
1753875218.31;2.0;49.20425958;18.75495196;387.5954;42.1353;13.0;0.8;216.653
1753875218.32;2.0;49.20425962;18.75495185;387.5965;42.1353;13.0;0.8;216.62
1753875218.33;2.0;49.20425967;18.75495175;387.597;42.1353;13.0;0.8;216.601
1753875218.34;2.0;49.20425971;18.75495164;387.5968;42.1353;13.0;0.8;216.603
1753875218.35;2.0;49.20425976;18.75495151;387.5966;42.1353;13.0;0.8;216.604
1753875218.36;2.0;49.2042598;18.75495139;387.5962;42.1353;13.0;0.8;216.618
1753875218.37;2.0;49.20425985;18.75495127;387.5958;42.1353;13.0;0.8;216.665
1753875218.38;2.0;49.2042599;18.75495115;387.5956;42.1353;13.0;0.8;216.691
1753875218.39;2.0;49.20425995;18.75495104;387.5958;42.1353;13.0;0.8;216.716
1753875218.4;2.0;49.20425999;18.75495091;387.5955;42.1353;13.0;0.8;216.769
1753875218.41;2.0;49.20426004;18.7549508;387.5957;42.1353;13.0;0.8;216.823
1753875218.42;2.0;49.20426008;18.75495069;387.5962;42.1353;13.0;0.8;216.895
1753875218.43;2.0;49.20426013;18.75495058;387.5961;42.1353;13.0;0.8;216.915
1753875218.44;2.0;49.20426018;18.75495048;387.5956;42.1353;13.0;0.8;216.93
1753875218.45;2.0;49.20426022;18.75495037;387.5949;42.1353;13.0;0.8;216.962
1753875218.46;2.0;49.20426027;18.75495027;387.5943;42.1353;13.0;0.8;217.015
1753875218.47;2.0;49.20426032;18.75495017;387.5927;42.1353;13.0;0.8;217.083
1753875218.48;2.0;49.20426037;18.75495006;387.5912;42.1353;13.0;0.8;217.171
1753875218.49;2.0;49.20426041;18.75494996;387.5899;42.1353;13.0;0.8;217.268
1753875218.5;2.0;49.20426046;18.75494985;387.5893;42.1353;13.0;0.8;217.339
1753875218.51;2.0;49.2042605;18.75494974;387.5891;42.1353;13.0;0.8;217.393
1753875218.52;2.0;49.20426055;18.75494963;387.5886;42.1353;13.0;0.8;217.476
1753875218.53;2.0;49.2042606;18.75494953;387.587;42.1353;13.0;0.8;217.544
1753875218.54;2.0;49.20426065;18.75494942;387.5857;42.1353;13.0;0.8;217.641
1753875218.55;2.0;49.20426069;18.75494931;387.5856;42.1353;13.0;0.8;217.783
1753875218.56;2.0;49.20426073;18.7549492;387.586;42.1353;13.0;0.8;217.949
1753875218.57;2.0;49.20426077;18.75494909;387.5863;42.1353;13.0;0.8;218.048
1753875218.58;2.0;49.20426081;18.75494898;387.5867;42.1353;13.0;0.8;218.119
1753875218.59;2.0;49.20426086;18.75494887;387.5869;42.1353;13.0;0.8;218.154
1753875218.6;2.0;49.2042609;18.75494876;387.5871;42.1353;13.0;0.8;218.184
1753875218.61;2.0;49.20426094;18.75494865;387.588;42.1353;13.0;0.8;218.225
1753875218.62;2.0;49.20426098;18.75494855;387.5893;42.1353;13.0;0.8;218.252
1753875218.63;2.0;49.20426103;18.75494844;387.5904;42.1353;13.0;0.8;218.321
1753875218.64;2.0;49.20426107;18.75494833;387.5914;42.1353;13.0;0.8;218.408
1753875218.65;2.0;49.20426113;18.75494822;387.5923;42.1353;13.0;0.8;218.456
1753875218.66;2.0;49.20426117;18.75494812;387.5932;42.1353;13.0;0.8;218.511
1753875218.67;2.0;49.20426121;18.75494801;387.5939;42.1353;13.0;0.8;218.599
1753875218.68;2.0;49.20426126;18.75494791;387.5943;42.1353;13.0;0.8;218.716
1753875218.69;2.0;49.20426131;18.7549478;387.5943;42.1353;13.0;0.8;218.832
1753875218.7;2.0;49.20426135;18.75494769;387.5937;42.1353;13.0;0.8;218.926
1753875218.71;2.0;49.20426139;18.75494759;387.5933;42.1353;13.0;0.8;219.027
1753875218.72;2.0;49.20426144;18.75494749;387.5929;42.1353;13.0;0.8;219.129
1753875218.73;2.0;49.20426149;18.7549474;387.5927;42.1353;13.0;0.8;219.224
1753875218.74;2.0;49.20426154;18.7549473;387.5925;42.1353;13.0;0.8;219.323
1753875218.75;2.0;49.20426158;18.7549472;387.5924;42.1353;13.0;0.8;219.444
1753875218.76;2.0;49.20426162;18.75494711;387.5924;42.1353;13.0;0.8;219.63
1753875218.77;2.0;49.20426167;18.75494702;387.5923;42.1353;13.0;0.8;219.852
1753875218.78;2.0;49.20426171;18.75494692;387.5917;42.1353;13.0;0.8;220.058
1753875218.79;2.0;49.20426176;18.75494683;387.5908;42.1353;13.0;0.8;220.204
1753875218.8;2.0;49.20426181;18.75494674;387.5902;42.1353;13.0;0.8;220.36
1753875218.81;2.0;49.20426186;18.75494664;387.5895;42.1353;13.0;0.8;220.481
1753875218.82;2.0;49.20426191;18.75494655;387.5892;42.1353;13.0;0.8;220.61
1753875218.83;2.0;49.20426196;18.75494645;387.5895;42.1353;13.0;0.8;220.718
1753875218.84;2.0;49.20426201;18.75494635;387.5898;42.1353;13.0;0.8;220.786
1753875218.85;2.0;49.20426206;18.75494626;387.5899;42.1353;13.0;0.8;220.895
1753875218.86;2.0;49.20426211;18.75494616;387.5897;42.1353;13.0;0.8;220.974
1753875218.87;2.0;49.20426216;18.75494607;387.5896;42.1353;13.0;0.8;221.055
1753875218.88;2.0;49.2042622;18.75494597;387.5895;42.1353;13.0;0.8;221.133
1753875218.89;2.0;49.20426226;18.75494588;387.5898;42.1353;13.0;0.8;221.242
1753875218.9;2.0;49.2042623;18.75494579;387.5904;42.1353;13.0;0.8;221.346
1753875218.91;2.0;49.20426235;18.75494569;387.591;42.1353;13.0;0.8;221.447
1753875218.92;2.0;49.2042624;18.75494559;387.5915;42.1353;13.0;0.8;221.58
1753875218.93;2.0;49.20426245;18.75494549;387.5921;42.1353;13.0;0.8;221.68
1753875218.94;2.0;49.2042625;18.7549454;387.5927;42.1353;13.0;0.8;221.736
1753875218.95;2.0;49.20426255;18.7549453;387.5936;42.1353;13.0;0.8;221.826
1753875218.96;2.0;49.2042626;18.7549452;387.5948;42.1353;13.0;0.8;221.909
1753875218.97;2.0;49.20426265;18.7549451;387.5955;42.1353;13.0;0.8;222.005
1753875218.98;2.0;49.2042627;18.75494501;387.5957;42.1353;13.0;0.8;222.097
1753875218.99;2.0;49.20426276;18.75494491;387.596;42.1353;13.0;0.8;222.223
1753875219.0;2.0;49.20426281;18.75494481;387.5954;42.1353;13.0;0.8;222.364
1753875219.01;2.0;49.20426286;18.75494472;387.5947;42.1353;13.0;0.8;222.505
1753875219.02;2.0;49.20426292;18.75494461;387.5944;42.1353;13.0;0.8;222.605
1753875219.03;2.0;49.20426297;18.75494452;387.5942;42.1353;13.0;0.8;222.688
1753875219.04;2.0;49.20426302;18.75494442;387.5932;42.1353;13.0;0.8;222.778
1753875219.05;2.0;49.20426307;18.75494432;387.5917;42.1353;13.0;0.8;222.869
1753875219.06;2.0;49.20426312;18.75494422;387.5902;42.1353;13.0;0.8;222.948
1753875219.07;2.0;49.20426318;18.75494413;387.5886;42.1353;13.0;0.8;223.062
1753875219.08;2.0;49.20426323;18.75494403;387.5871;42.1353;13.0;0.8;223.185
1753875219.09;2.0;49.20426328;18.75494393;387.5862;42.1353;13.0;0.8;223.278
1753875219.1;2.0;49.20426334;18.75494383;387.5851;42.1353;13.0;0.8;223.312
1753875219.11;2.0;49.20426339;18.75494373;387.5845;42.1353;13.0;0.8;223.37
1753875219.12;2.0;49.20426344;18.75494363;387.5845;42.1353;13.0;0.8;223.436
1753875219.13;2.0;49.20426349;18.75494353;387.5856;42.1353;13.0;0.8;223.51
1753875219.14;2.0;49.20426355;18.75494344;387.5861;42.1353;13.0;0.8;223.584
1753875219.15;2.0;49.20426361;18.75494335;387.587;42.1353;13.0;0.8;223.663
1753875219.16;2.0;49.20426366;18.75494325;387.5881;42.1353;13.0;0.8;223.781
1753875219.17;2.0;49.20426372;18.75494315;387.5887;42.1353;13.0;0.8;223.934
1753875219.18;2.0;49.20426377;18.75494306;387.5892;42.1353;13.0;0.8;224.035
1753875219.19;2.0;49.20426383;18.75494297;387.5892;42.1353;13.0;0.8;224.125
1753875219.2;2.0;49.20426389;18.75494288;387.5894;42.1353;13.0;0.8;224.19
1753875219.21;2.0;49.20426395;18.75494279;387.5891;42.1353;13.0;0.8;224.218
1753875219.22;2.0;49.204264;18.7549427;387.5888;42.1353;13.0;0.8;224.281
1753875219.23;2.0;49.20426405;18.75494261;387.5893;42.1353;13.0;0.8;224.368
1753875219.24;2.0;49.20426411;18.75494252;387.5897;42.1353;13.0;0.8;224.399
1753875219.25;2.0;49.20426416;18.75494243;387.5896;42.1353;13.0;0.8;224.452
1753875219.26;2.0;49.20426422;18.75494235;387.589;42.1353;13.0;0.8;224.584
1753875219.27;2.0;49.20426427;18.75494226;387.5891;42.1353;13.0;0.8;224.709
1753875219.28;2.0;49.20426432;18.75494217;387.5894;42.1353;13.0;0.8;224.8
1753875219.29;2.0;49.20426438;18.75494208;387.5898;42.1353;13.0;0.8;224.831
1753875219.3;2.0;49.20426443;18.75494198;387.5898;42.1353;13.0;0.8;224.913
1753875219.31;2.0;49.20426449;18.75494189;387.5899;42.1353;13.0;0.8;225.03
1753875219.32;2.0;49.20426454;18.7549418;387.5901;42.1353;13.0;0.8;225.198
1753875219.33;2.0;49.20426459;18.75494171;387.5903;42.1353;13.0;0.8;225.339
1753875219.34;2.0;49.20426465;18.75494162;387.5904;42.1353;13.0;0.8;225.43
1753875219.35;2.0;49.2042647;18.75494152;387.591;42.1353;13.0;0.8;225.496
1753875219.36;2.0;49.20426475;18.75494143;387.5919;42.1353;13.0;0.8;225.603
1753875219.37;2.0;49.20426481;18.75494134;387.5928;42.1353;13.0;0.8;225.672
1753875219.38;2.0;49.20426486;18.75494125;387.5938;42.1353;13.0;0.8;225.751
1753875219.39;2.0;49.20426492;18.75494116;387.5947;42.1353;13.0;0.8;225.802
1753875219.4;2.0;49.20426497;18.75494107;387.5955;42.1353;13.0;0.8;225.802
1753875219.41;2.0;49.20426503;18.75494098;387.5963;42.1353;13.0;0.8;225.802
1753875219.42;2.0;49.20426508;18.75494089;387.5973;42.1353;13.0;0.8;225.894
1753875219.43;2.0;49.20426514;18.7549408;387.5978;42.1353;13.0;0.8;226.006
1753875219.44;2.0;49.2042652;18.75494071;387.5987;42.1353;13.0;0.8;226.134
1753875219.45;2.0;49.20426526;18.75494062;387.5995;42.1353;13.0;0.8;226.237
1753875219.46;2.0;49.20426531;18.75494053;387.6001;42.1353;13.0;0.8;226.304
1753875219.47;2.0;49.20426537;18.75494044;387.6001;42.1353;13.0;0.8;226.444
1753875219.48;2.0;49.20426542;18.75494035;387.5998;42.1353;13.0;0.8;226.598
1753875219.49;2.0;49.20426548;18.75494026;387.5989;42.1353;13.0;0.8;226.72
1753875219.5;2.0;49.20426553;18.75494017;387.5981;42.1353;13.0;0.8;226.87
1753875219.51;2.0;49.20426559;18.75494008;387.5977;42.1353;13.0;0.8;226.995
1753875219.52;2.0;49.20426566;18.75493999;387.5973;42.1353;13.0;0.8;227.088
1753875219.53;2.0;49.20426571;18.75493991;387.5971;42.1353;13.0;0.8;227.147
1753875219.54;2.0;49.20426577;18.75493982;387.5965;42.1353;13.0;0.8;227.197
1753875219.55;2.0;49.20426582;18.75493973;387.596;42.1353;13.0;0.8;227.23
1753875219.56;2.0;49.20426587;18.75493965;387.5959;42.1353;13.0;0.8;227.273
1753875219.57;2.0;49.20426593;18.75493956;387.5963;42.1353;13.0;0.8;227.321
1753875219.58;2.0;49.20426599;18.75493948;387.5973;42.1353;13.0;0.8;227.391
1753875219.59;2.0;49.20426604;18.75493939;387.5981;42.1353;13.0;0.8;227.414
1753875219.6;2.0;49.2042661;18.7549393;387.5983;42.1353;13.0;0.8;227.427
1753875219.61;2.0;49.20426615;18.75493921;387.599;42.1353;13.0;0.8;227.443
1753875219.62;2.0;49.20426621;18.75493912;387.5997;42.1353;13.0;0.8;227.413
1753875219.63;2.0;49.20426627;18.75493903;387.6002;42.1353;13.0;0.8;227.382
1753875219.64;2.0;49.20426632;18.75493893;387.601;42.1353;13.0;0.8;227.351
1753875219.65;2.0;49.20426638;18.75493883;387.6015;42.1353;13.0;0.8;227.287
1753875219.66;2.0;49.20426644;18.75493873;387.6023;42.1353;13.0;0.8;227.181
1753875219.67;2.0;49.2042665;18.75493863;387.6025;42.1353;13.0;0.8;227.074
1753875219.68;2.0;49.20426655;18.75493854;387.603;42.1353;13.0;0.8;226.986
1753875219.69;2.0;49.20426661;18.75493845;387.6035;42.1353;13.0;0.8;226.921
1753875219.7;2.0;49.20426667;18.75493835;387.604;42.1353;13.0;0.8;226.851
1753875219.71;2.0;49.20426672;18.75493826;387.6042;42.1353;13.0;0.8;226.832
1753875219.72;2.0;49.20426678;18.75493817;387.6042;42.1353;13.0;0.8;226.846
1753875219.73;2.0;49.20426683;18.75493808;387.6046;42.1353;13.0;0.8;226.889
1753875219.74;2.0;49.20426688;18.75493798;387.6051;42.1353;13.0;0.8;226.927
1753875219.75;2.0;49.20426693;18.75493789;387.6061;42.1353;13.0;0.8;227.01
1753875219.76;2.0;49.20426698;18.75493779;387.6061;42.1353;13.0;0.8;227.067
1753875219.77;2.0;49.20426704;18.75493769;387.6059;42.1353;13.0;0.8;227.093
1753875219.78;2.0;49.20426709;18.75493759;387.6059;42.1353;13.0;0.8;227.089
1753875219.79;2.0;49.20426714;18.75493749;387.6054;42.1353;13.0;0.8;227.08
1753875219.8;2.0;49.2042672;18.75493739;387.6052;42.1353;13.0;0.8;227.086
1753875219.81;2.0;49.20426725;18.75493728;387.6052;42.1353;13.0;0.8;227.054
1753875219.82;2.0;49.20426731;18.75493717;387.6051;42.1353;13.0;0.8;226.998
1753875219.83;2.0;49.20426737;18.75493707;387.6051;42.1353;13.0;0.8;226.974
1753875219.84;2.0;49.20426742;18.75493696;387.605;42.1353;13.0;0.8;226.958
1753875219.85;2.0;49.20426748;18.75493687;387.6046;42.1353;13.0;0.8;226.899
1753875219.86;2.0;49.20426753;18.75493677;387.6047;42.1353;13.0;0.8;226.851
1753875219.87;2.0;49.20426759;18.75493668;387.6051;42.1353;13.0;0.8;226.839
1753875219.88;2.0;49.20426764;18.75493659;387.6057;42.1353;13.0;0.8;226.841
1753875219.89;2.0;49.20426769;18.7549365;387.6068;42.1353;13.0;0.8;226.872
1753875219.9;2.0;49.20426774;18.75493641;387.6072;42.1353;13.0;0.8;226.907
1753875219.91;2.0;49.2042678;18.75493631;387.6074;42.1353;13.0;0.8;226.933
1753875219.92;2.0;49.20426785;18.75493622;387.6075;42.1353;13.0;0.8;226.913
1753875219.93;2.0;49.20426791;18.75493613;387.6071;42.1353;13.0;0.8;226.911
1753875219.94;2.0;49.20426796;18.75493603;387.6074;42.1353;13.0;0.8;226.864
1753875219.95;2.0;49.20426801;18.75493594;387.6073;42.1353;13.0;0.8;226.829
1753875219.96;2.0;49.20426807;18.75493584;387.6073;42.1353;13.0;0.8;226.817
1753875219.97;2.0;49.20426812;18.75493574;387.6075;42.1353;13.0;0.8;226.787
1753875219.98;2.0;49.20426818;18.75493563;387.6073;42.1353;13.0;0.8;226.741
1753875219.99;2.0;49.20426823;18.75493554;387.6074;42.1353;13.0;0.8;226.67
1753875220.0;2.0;49.20426828;18.75493544;387.6077;42.1353;13.0;0.8;226.612
1753875220.01;2.0;49.20426834;18.75493534;387.6081;42.1353;13.0;0.8;226.593
1753875220.02;2.0;49.20426838;18.75493525;387.6087;42.1353;13.0;0.8;226.574
1753875220.03;2.0;49.20426844;18.75493515;387.6094;42.1353;13.0;0.8;226.546
1753875220.04;2.0;49.20426849;18.75493506;387.6103;42.1353;13.0;0.8;226.508
1753875220.05;2.0;49.20426853;18.75493497;387.6107;42.1353;13.0;0.8;226.494
1753875220.06;2.0;49.20426859;18.75493488;387.6111;42.1353;13.0;0.8;226.525
1753875220.07;2.0;49.20426863;18.75493478;387.6116;42.1353;13.0;0.8;226.533
1753875220.08;2.0;49.20426868;18.75493469;387.6121;42.1353;13.0;0.8;226.532
1753875220.09;2.0;49.20426873;18.7549346;387.6124;42.1353;13.0;0.8;226.542
1753875220.1;2.0;49.20426878;18.75493452;387.6124;42.1353;13.0;0.8;226.517
1753875220.11;2.0;49.20426884;18.75493444;387.6123;42.1353;13.0;0.8;226.467
1753875220.12;2.0;49.20426889;18.75493437;387.612;42.1353;13.0;0.8;226.439
1753875220.13;2.0;49.20426894;18.75493429;387.6119;42.1353;13.0;0.8;226.461
1753875220.14;2.0;49.20426899;18.75493421;387.6121;42.1353;13.0;0.8;226.511
1753875220.15;2.0;49.20426904;18.75493413;387.6124;42.1353;13.0;0.8;226.529
1753875220.16;2.0;49.2042691;18.75493405;387.6124;42.1353;13.0;0.8;226.539
1753875220.17;2.0;49.20426915;18.75493396;387.6123;42.1353;13.0;0.8;226.51
1753875220.18;2.0;49.2042692;18.75493388;387.6126;42.1353;13.0;0.8;226.531
1753875220.19;2.0;49.20426926;18.7549338;387.6128;42.1353;13.0;0.8;226.559
1753875220.2;2.0;49.20426931;18.75493371;387.6132;42.1353;13.0;0.8;226.578
1753875220.21;2.0;49.20426937;18.75493363;387.6137;42.1353;13.0;0.8;226.609
1753875220.22;2.0;49.20426942;18.75493355;387.6147;42.1353;13.0;0.8;226.667
1753875220.23;2.0;49.20426947;18.75493347;387.6154;42.1353;13.0;0.8;226.724
1753875220.24;2.0;49.20426953;18.75493338;387.616;42.1353;13.0;0.8;226.816
1753875220.25;2.0;49.20426958;18.7549333;387.6168;42.1353;13.0;0.8;226.837
1753875220.26;2.0;49.20426964;18.75493321;387.6168;42.1353;13.0;0.8;226.841
1753875220.27;2.0;49.20426971;18.75493313;387.6166;42.1353;13.0;0.8;226.856
1753875220.28;2.0;49.20426977;18.75493303;387.6167;42.1353;13.0;0.8;226.887
1753875220.29;2.0;49.20426983;18.75493294;387.6165;42.1353;13.0;0.8;226.912
1753875220.3;2.0;49.20426989;18.75493285;387.6161;42.1353;13.0;0.8;226.898
1753875220.31;2.0;49.20426995;18.75493277;387.6157;42.1353;13.0;0.8;226.922
1753875220.32;2.0;49.20427;18.75493268;387.6156;42.1353;13.0;0.8;226.987
1753875220.33;2.0;49.20427005;18.7549326;387.6156;42.1353;13.0;0.8;227.022
1753875220.34;2.0;49.2042701;18.75493252;387.6151;42.1353;13.0;0.8;227.061
1753875220.35;2.0;49.20427016;18.75493243;387.6145;42.1353;13.0;0.8;227.065
1753875220.36;2.0;49.20427022;18.75493235;387.6138;42.1353;13.0;0.8;227.032
1753875220.37;2.0;49.20427027;18.75493227;387.613;42.1353;13.0;0.8;226.991
1753875220.38;2.0;49.20427033;18.75493219;387.6128;42.1353;13.0;0.8;226.969
1753875220.39;2.0;49.20427039;18.75493211;387.6131;42.1353;13.0;0.8;226.92
1753875220.4;2.0;49.20427045;18.75493203;387.6142;42.1353;13.0;0.8;226.865
1753875220.41;2.0;49.2042705;18.75493195;387.6152;42.1353;13.0;0.8;226.836
1753875220.42;2.0;49.20427056;18.75493187;387.6161;42.1353;13.0;0.8;226.779
1753875220.43;2.0;49.20427062;18.75493179;387.6164;42.1353;13.0;0.8;226.743
1753875220.44;2.0;49.20427068;18.7549317;387.6165;42.1353;13.0;0.8;226.717
1753875220.45;2.0;49.20427074;18.75493162;387.6165;42.1353;13.0;0.8;226.704
1753875220.46;2.0;49.20427079;18.75493154;387.6175;42.1353;13.0;0.8;226.692
1753875220.47;2.0;49.20427084;18.75493145;387.6184;42.1353;13.0;0.8;226.65
1753875220.48;2.0;49.20427089;18.75493137;387.6199;42.1353;13.0;0.8;226.656
1753875220.49;2.0;49.20427094;18.7549313;387.6215;42.1353;13.0;0.8;226.658
1753875220.5;2.0;49.204271;18.75493122;387.623;42.1353;13.0;0.8;226.636
1753875220.51;2.0;49.20427105;18.75493114;387.6243;42.1353;13.0;0.8;226.599
1753875220.52;2.0;49.20427111;18.75493105;387.6247;42.1353;13.0;0.8;226.567
1753875220.53;2.0;49.20427117;18.75493096;387.6255;42.1353;13.0;0.8;226.485
1753875220.54;2.0;49.20427123;18.75493086;387.6261;42.1353;13.0;0.8;226.397
1753875220.55;2.0;49.20427129;18.75493077;387.6262;42.1353;13.0;0.8;226.429
1753875220.56;2.0;49.20427135;18.75493068;387.6266;42.1353;13.0;0.8;226.512
1753875220.57;2.0;49.20427141;18.7549306;387.6267;42.1353;13.0;0.8;226.602
1753875220.58;2.0;49.20427147;18.75493051;387.6267;42.1353;13.0;0.8;226.625
1753875220.59;2.0;49.20427153;18.75493043;387.6269;42.1353;13.0;0.8;226.626
1753875220.6;2.0;49.20427158;18.75493035;387.6279;42.1353;13.0;0.8;226.59
1753875220.61;2.0;49.20427164;18.75493027;387.6288;42.1353;13.0;0.8;226.574
1753875220.62;2.0;49.20427169;18.75493019;387.6293;42.1353;13.0;0.8;226.599
1753875220.63;2.0;49.20427174;18.75493012;387.6294;42.1353;13.0;0.8;226.622
1753875220.64;2.0;49.2042718;18.75493004;387.6292;42.1353;13.0;0.8;226.619
1753875220.65;2.0;49.20427185;18.75492996;387.6293;42.1353;13.0;0.8;226.653
1753875220.66;2.0;49.2042719;18.75492989;387.6291;42.1353;13.0;0.8;226.676
1753875220.67;2.0;49.20427196;18.75492982;387.6288;42.1353;13.0;0.8;226.735
1753875220.68;2.0;49.20427202;18.75492975;387.6284;42.1353;13.0;0.8;226.778
1753875220.69;2.0;49.20427208;18.75492968;387.6274;42.1353;13.0;0.8;226.802
1753875220.7;2.0;49.20427215;18.75492961;387.6261;42.1353;13.0;0.8;226.784
1753875220.71;2.0;49.20427221;18.75492954;387.6239;42.1353;13.0;0.8;226.718
1753875220.72;2.0;49.20427228;18.75492947;387.6219;42.1353;13.0;0.8;226.736
1753875220.73;2.0;49.20427234;18.7549294;387.6202;42.1353;13.0;0.8;226.789
1753875220.74;2.0;49.2042724;18.75492933;387.619;42.1353;13.0;0.8;226.799
1753875220.75;2.0;49.20427247;18.75492926;387.6183;42.1353;13.0;0.8;226.778
1753875220.76;2.0;49.20427253;18.75492918;387.6174;42.1353;13.0;0.8;226.782
1753875220.77;2.0;49.20427259;18.75492911;387.6168;42.1353;13.0;0.8;226.783
1753875220.78;2.0;49.20427265;18.75492904;387.6166;42.1353;13.0;0.8;226.752
1753875220.79;2.0;49.20427271;18.75492897;387.6172;42.1353;13.0;0.8;226.708
1753875220.8;2.0;49.20427277;18.7549289;387.6181;42.1353;13.0;0.8;226.721
1753875220.81;2.0;49.20427283;18.75492884;387.6189;42.1353;13.0;0.8;226.731
1753875220.82;2.0;49.20427289;18.75492877;387.62;42.1353;13.0;0.8;226.731
1753875220.83;2.0;49.20427294;18.7549287;387.621;42.1353;13.0;0.8;226.776
1753875220.84;2.0;49.204273;18.75492863;387.6215;42.1353;13.0;0.8;226.823
1753875220.85;2.0;49.20427306;18.75492857;387.6212;42.1353;13.0;0.8;226.868
1753875220.86;2.0;49.20427312;18.75492849;387.6207;42.1353;13.0;0.8;226.922
1753875220.87;2.0;49.20427318;18.75492842;387.6207;42.1353;13.0;0.8;226.96
1753875220.88;2.0;49.20427325;18.75492834;387.62;42.1353;13.0;0.8;226.999
1753875220.89;2.0;49.20427331;18.75492827;387.6196;42.1353;13.0;0.8;227.013
1753875220.9;2.0;49.20427337;18.75492819;387.619;42.1353;13.0;0.8;226.983
1753875220.91;2.0;49.20427343;18.75492812;387.6181;42.1353;13.0;0.8;226.961
1753875220.92;2.0;49.2042735;18.75492804;387.6177;42.1353;13.0;0.8;226.933
1753875220.93;2.0;49.20427356;18.75492797;387.6176;42.1353;13.0;0.8;226.89
1753875220.94;2.0;49.20427362;18.7549279;387.6179;42.1353;13.0;0.8;226.836
1753875220.95;2.0;49.20427368;18.75492783;387.6176;42.1353;13.0;0.8;226.774
1753875220.96;2.0;49.20427374;18.75492776;387.6164;42.1353;13.0;0.8;226.764
1753875220.97;2.0;49.20427379;18.75492769;387.6153;42.1353;13.0;0.8;226.787
1753875220.98;2.0;49.20427385;18.75492761;387.6151;42.1353;13.0;0.8;226.832
1753875220.99;2.0;49.20427391;18.75492754;387.6146;42.1353;13.0;0.8;226.879
1753875221.0;2.0;49.20427397;18.75492747;387.6144;42.1353;13.0;0.8;226.969
1753875221.01;2.0;49.20427403;18.75492739;387.6139;42.1353;13.0;0.8;227.022
1753875221.02;2.0;49.20427409;18.75492732;387.6129;42.1353;13.0;0.8;227.029
1753875221.03;2.0;49.20427415;18.75492724;387.6118;42.1353;13.0;0.8;227.054
1753875221.04;2.0;49.20427421;18.75492717;387.6106;42.1353;13.0;0.8;227.076
1753875221.05;2.0;49.20427428;18.75492709;387.6096;42.1353;13.0;0.8;227.093
1753875221.06;2.0;49.20427434;18.75492702;387.6091;42.1353;13.0;0.8;227.11
1753875221.07;2.0;49.20427439;18.75492695;387.6097;42.1353;13.0;0.8;227.095
1753875221.08;2.0;49.20427445;18.75492687;387.6095;42.1353;13.0;0.8;227.066
1753875221.09;2.0;49.2042745;18.7549268;387.6091;42.1353;13.0;0.8;227.042
1753875221.1;2.0;49.20427456;18.75492673;387.6092;42.1353;13.0;0.8;227.032
1753875221.11;2.0;49.20427461;18.75492666;387.6098;42.1353;13.0;0.8;227.053
1753875221.12;2.0;49.20427466;18.75492659;387.6107;42.1353;13.0;0.8;227.027
1753875221.13;2.0;49.20427472;18.75492652;387.6119;42.1353;13.0;0.8;227.014
1753875221.14;2.0;49.20427478;18.75492645;387.6125;42.1353;13.0;0.8;227.015
1753875221.15;2.0;49.20427483;18.75492638;387.6129;42.1353;13.0;0.8;227.054
1753875221.16;2.0;49.20427489;18.75492631;387.6132;42.1353;13.0;0.8;227.063
1753875221.17;2.0;49.20427495;18.75492624;387.6141;42.1353;13.0;0.8;227.051
1753875221.18;2.0;49.204275;18.75492617;387.6151;42.1353;13.0;0.8;227.011
1753875221.19;2.0;49.20427506;18.75492611;387.616;42.1353;13.0;0.8;226.985
1753875221.2;2.0;49.20427512;18.75492605;387.6159;42.1353;13.0;0.8;226.96
1753875221.21;2.0;49.20427518;18.75492599;387.6153;42.1353;13.0;0.8;226.926
1753875221.22;2.0;49.20427523;18.75492593;387.6148;42.1353;13.0;0.8;226.858
1753875221.23;2.0;49.20427529;18.75492587;387.6141;42.1353;13.0;0.8;226.78
1753875221.24;2.0;49.20427535;18.75492581;387.613;42.1353;13.0;0.8;226.708
1753875221.25;2.0;49.20427541;18.75492576;387.6119;42.1353;13.0;0.8;226.71
1753875221.26;2.0;49.20427547;18.7549257;387.6113;42.1353;13.0;0.8;226.737
1753875221.27;2.0;49.20427552;18.75492565;387.6105;42.1353;13.0;0.8;226.786
1753875221.28;2.0;49.20427558;18.75492559;387.6097;42.1353;13.0;0.8;226.868
1753875221.29;2.0;49.20427564;18.75492553;387.6087;42.1353;13.0;0.8;226.963
1753875221.3;2.0;49.2042757;18.75492546;387.6084;42.1353;13.0;0.8;227.05
1753875221.31;2.0;49.20427576;18.75492539;387.6091;42.1353;13.0;0.8;227.094
1753875221.32;2.0;49.20427582;18.75492532;387.61;42.1353;13.0;0.8;227.064
1753875221.33;2.0;49.20427587;18.75492526;387.6106;42.1353;13.0;0.8;227.014
1753875221.34;2.0;49.20427593;18.75492519;387.6112;42.1353;13.0;0.8;226.962
1753875221.35;2.0;49.20427599;18.75492513;387.6113;42.1353;13.0;0.8;226.908
1753875221.36;2.0;49.20427605;18.75492507;387.6113;42.1353;13.0;0.8;226.835
1753875221.37;2.0;49.2042761;18.75492501;387.6115;42.1353;13.0;0.8;226.767
1753875221.38;2.0;49.20427616;18.75492495;387.6119;42.1353;13.0;0.8;226.695
1753875221.39;2.0;49.20427622;18.7549249;387.6115;42.1353;13.0;0.8;226.612
1753875221.4;2.0;49.20427628;18.75492485;387.6108;42.1353;13.0;0.8;226.556
1753875221.41;2.0;49.20427634;18.75492479;387.6103;42.1353;13.0;0.8;226.543
1753875221.42;2.0;49.2042764;18.75492473;387.6102;42.1353;13.0;0.8;226.526
1753875221.43;2.0;49.20427645;18.75492468;387.6105;42.1353;13.0;0.8;226.591
1753875221.44;2.0;49.20427651;18.75492462;387.6101;42.1353;13.0;0.8;226.702
1753875221.45;2.0;49.20427657;18.75492456;387.61;42.1353;13.0;0.8;226.785
1753875221.46;2.0;49.20427663;18.7549245;387.6099;42.1353;13.0;0.8;226.827
1753875221.47;2.0;49.20427669;18.75492443;387.6097;42.1353;13.0;0.8;226.893
1753875221.48;2.0;49.20427675;18.75492437;387.6099;42.1353;13.0;0.8;226.944
1753875221.49;2.0;49.20427682;18.7549243;387.6103;42.1353;13.0;0.8;226.928
1753875221.5;2.0;49.20427688;18.75492423;387.6112;42.1353;13.0;0.8;226.851
1753875221.51;2.0;49.20427693;18.75492416;387.6127;42.1353;13.0;0.8;226.764
1753875221.52;2.0;49.20427698;18.7549241;387.6136;42.1353;13.0;0.8;226.771
1753875221.53;2.0;49.20427704;18.75492403;387.6136;42.1353;13.0;0.8;226.817
1753875221.54;2.0;49.2042771;18.75492396;387.6138;42.1353;13.0;0.8;226.849
1753875221.55;2.0;49.20427715;18.75492389;387.6139;42.1353;13.0;0.8;226.911
1753875221.56;2.0;49.20427721;18.75492382;387.6138;42.1353;13.0;0.8;226.939
1753875221.57;2.0;49.20427727;18.75492376;387.614;42.1353;13.0;0.8;226.926
1753875221.58;2.0;49.20427732;18.75492369;387.614;42.1353;13.0;0.8;226.961
1753875221.59;2.0;49.20427738;18.75492362;387.6136;42.1353;13.0;0.8;227.012
1753875221.6;2.0;49.20427745;18.75492355;387.613;42.1353;13.0;0.8;227.063
1753875221.61;2.0;49.20427751;18.75492347;387.6127;42.1353;13.0;0.8;227.061
1753875221.62;2.0;49.20427757;18.7549234;387.6119;42.1353;13.0;0.8;227.107
1753875221.63;2.0;49.20427763;18.75492334;387.6113;42.1353;13.0;0.8;227.113
1753875221.64;2.0;49.20427769;18.75492326;387.6107;42.1353;13.0;0.8;227.109
1753875221.65;2.0;49.20427775;18.75492319;387.6101;42.1353;13.0;0.8;227.098
1753875221.66;2.0;49.2042778;18.75492311;387.6093;42.1353;13.0;0.8;227.109
1753875221.67;2.0;49.20427786;18.75492304;387.609;42.1353;13.0;0.8;227.116
1753875221.68;2.0;49.20427792;18.75492296;387.609;42.1353;13.0;0.8;227.115
1753875221.69;2.0;49.20427797;18.7549229;387.6092;42.1353;13.0;0.8;227.069
1753875221.7;2.0;49.20427803;18.75492283;387.609;42.1353;13.0;0.8;226.974
1753875221.71;2.0;49.20427809;18.75492276;387.6089;42.1353;13.0;0.8;226.971
1753875221.72;2.0;49.20427815;18.75492269;387.6095;42.1353;13.0;0.8;226.989
1753875221.73;2.0;49.2042782;18.75492262;387.6098;42.1353;13.0;0.8;226.978
1753875221.74;2.0;49.20427826;18.75492255;387.6098;42.1353;13.0;0.8;226.929
1753875221.75;2.0;49.20427832;18.75492249;387.6104;42.1353;13.0;0.8;226.927
1753875221.76;2.0;49.20427838;18.75492241;387.6111;42.1353;13.0;0.8;226.954
1753875221.77;2.0;49.20427844;18.75492235;387.6115;42.1353;13.0;0.8;226.971
1753875221.78;2.0;49.2042785;18.75492227;387.6121;42.1353;13.0;0.8;226.992
1753875221.79;2.0;49.20427855;18.7549222;387.6127;42.1353;13.0;0.8;227.002
1753875221.8;2.0;49.20427861;18.75492212;387.6122;42.1353;13.0;0.8;226.998
1753875221.81;2.0;49.20427867;18.75492205;387.6115;42.1353;13.0;0.8;226.947
1753875221.82;2.0;49.20427873;18.75492198;387.6109;42.1353;13.0;0.8;226.932
1753875221.83;2.0;49.20427879;18.7549219;387.6108;42.1353;13.0;0.8;226.874
1753875221.84;2.0;49.20427885;18.75492182;387.6104;42.1353;13.0;0.8;226.841
1753875221.85;2.0;49.20427891;18.75492175;387.6104;42.1353;13.0;0.8;226.825
1753875221.86;2.0;49.20427896;18.75492168;387.6108;42.1353;13.0;0.8;226.806
1753875221.87;2.0;49.20427902;18.75492161;387.6109;42.1353;13.0;0.8;226.807
1753875221.88;2.0;49.20427907;18.75492154;387.6116;42.1353;13.0;0.8;226.82
1753875221.89;2.0;49.20427912;18.75492147;387.6121;42.1353;13.0;0.8;226.813
1753875221.9;2.0;49.20427918;18.7549214;387.6128;42.1353;13.0;0.8;226.825
1753875221.91;2.0;49.20427923;18.75492133;387.6135;42.1353;13.0;0.8;226.817
1753875221.92;2.0;49.20427929;18.75492126;387.6141;42.1353;13.0;0.8;226.826
1753875221.93;2.0;49.20427934;18.7549212;387.614;42.1353;13.0;0.8;226.867
1753875221.94;2.0;49.2042794;18.75492112;387.6137;42.1353;13.0;0.8;226.909
1753875221.95;2.0;49.20427946;18.75492104;387.6131;42.1353;13.0;0.8;226.909
1753875221.96;2.0;49.20427952;18.75492097;387.6127;42.1353;13.0;0.8;226.901
1753875221.97;2.0;49.20427958;18.75492089;387.6123;42.1353;13.0;0.8;226.912
1753875221.98;2.0;49.20427963;18.75492082;387.6119;42.1353;13.0;0.8;226.872
1753875221.99;2.0;49.20427969;18.75492075;387.6122;42.1353;13.0;0.8;226.86
1753875222.0;2.0;49.20427975;18.75492068;387.6127;42.1353;13.0;0.8;226.831
1753875222.01;2.0;49.2042798;18.75492061;387.6128;42.1353;13.0;0.8;226.77
1753875222.02;2.0;49.20427985;18.75492054;387.6129;42.1353;13.0;0.8;226.759
1753875222.03;2.0;49.2042799;18.75492047;387.6132;42.1353;13.0;0.8;226.792
1753875222.04;2.0;49.20427996;18.75492039;387.6129;42.1353;13.0;0.8;226.84
1753875222.05;2.0;49.20428002;18.75492033;387.6125;42.1353;13.0;0.8;226.86
1753875222.06;2.0;49.20428007;18.75492026;387.6116;42.1353;13.0;0.8;226.842
1753875222.07;2.0;49.20428013;18.75492019;387.6106;42.1353;13.0;0.8;226.871
1753875222.08;2.0;49.20428018;18.75492012;387.6103;42.1353;13.0;0.8;226.878
1753875222.09;2.0;49.20428023;18.75492005;387.6103;42.1353;13.0;0.8;226.878
1753875222.1;2.0;49.20428028;18.75491998;387.6103;42.1353;13.0;0.8;226.871
1753875222.11;2.0;49.20428034;18.7549199;387.6104;42.1353;13.0;0.8;226.869
1753875222.12;2.0;49.20428039;18.75491982;387.61;42.1353;13.0;0.8;226.875
1753875222.13;2.0;49.20428046;18.75491975;387.6098;42.1353;13.0;0.8;226.89
1753875222.14;2.0;49.20428052;18.75491968;387.61;42.1353;13.0;0.8;226.862
1753875222.15;2.0;49.20428058;18.7549196;387.6102;42.1353;13.0;0.8;226.836
1753875222.16;2.0;49.20428064;18.75491952;387.6104;42.1353;13.0;0.8;226.837
1753875222.17;2.0;49.2042807;18.75491944;387.6104;42.1353;13.0;0.8;226.83
1753875222.18;2.0;49.20428075;18.75491937;387.6099;42.1353;13.0;0.8;226.842
1753875222.19;2.0;49.20428081;18.75491929;387.6097;42.1353;13.0;0.8;226.854
1753875222.2;2.0;49.20428087;18.75491922;387.6097;42.1353;13.0;0.8;226.872
1753875222.21;2.0;49.20428093;18.75491914;387.6089;42.1353;13.0;0.8;226.891
1753875222.22;2.0;49.20428098;18.75491907;387.6082;42.1353;13.0;0.8;226.931
1753875222.23;2.0;49.20428104;18.75491899;387.6082;42.1353;13.0;0.8;226.957
1753875222.24;2.0;49.20428109;18.75491892;387.6092;42.1353;13.0;0.8;226.931
1753875222.25;2.0;49.20428115;18.75491884;387.6099;42.1353;13.0;0.8;226.89
1753875222.26;2.0;49.2042812;18.75491876;387.6111;42.1353;13.0;0.8;226.883
1753875222.27;2.0;49.20428126;18.75491868;387.6124;42.1353;13.0;0.8;226.876
1753875222.28;2.0;49.20428132;18.75491861;387.614;42.1353;13.0;0.8;226.825
1753875222.29;2.0;49.20428138;18.75491853;387.6149;42.1353;13.0;0.8;226.779
1753875222.3;2.0;49.20428143;18.75491845;387.6153;42.1353;13.0;0.8;226.755
1753875222.31;2.0;49.20428149;18.75491838;387.6153;42.1353;13.0;0.8;226.732
1753875222.32;2.0;49.20428155;18.7549183;387.6153;42.1353;13.0;0.8;226.743
1753875222.33;2.0;49.2042816;18.75491823;387.6154;42.1353;13.0;0.8;226.8
1753875222.34;2.0;49.20428166;18.75491815;387.6157;42.1353;13.0;0.8;226.845
1753875222.35;2.0;49.20428173;18.75491808;387.6155;42.1353;13.0;0.8;226.84
1753875222.36;2.0;49.20428178;18.75491801;387.6155;42.1353;13.0;0.8;226.859
1753875222.37;2.0;49.20428184;18.75491794;387.6149;42.1353;13.0;0.8;226.854
1753875222.38;2.0;49.2042819;18.75491786;387.6142;42.1353;13.0;0.8;226.796
1753875222.39;2.0;49.20428196;18.75491779;387.6135;42.1353;13.0;0.8;226.74
1753875222.4;2.0;49.20428202;18.75491771;387.6135;42.1353;13.0;0.8;226.742
1753875222.41;2.0;49.20428208;18.75491763;387.6135;42.1353;13.0;0.8;226.752
1753875222.42;2.0;49.20428215;18.75491756;387.6135;42.1353;13.0;0.8;226.744
1753875222.43;2.0;49.20428221;18.75491749;387.6133;42.1353;13.0;0.8;226.747
1753875222.44;2.0;49.20428227;18.75491742;387.6124;42.1353;13.0;0.8;226.777
1753875222.45;2.0;49.20428233;18.75491734;387.6117;42.1353;13.0;0.8;226.833
1753875222.46;2.0;49.20428239;18.75491727;387.6111;42.1353;13.0;0.8;226.915
1753875222.47;2.0;49.20428244;18.7549172;387.6114;42.1353;13.0;0.8;227.013
1753875222.48;2.0;49.20428251;18.75491712;387.6115;42.1353;13.0;0.8;227.115
1753875222.49;2.0;49.20428256;18.75491704;387.6109;42.1353;13.0;0.8;227.217
1753875222.5;2.0;49.20428262;18.75491697;387.6102;42.1353;13.0;0.8;227.271
1753875222.51;2.0;49.20428269;18.7549169;387.6099;42.1353;13.0;0.8;227.265
1753875222.52;2.0;49.20428275;18.75491682;387.6096;42.1353;13.0;0.8;227.175
1753875222.53;2.0;49.20428281;18.75491674;387.6089;42.1353;13.0;0.8;227.069
1753875222.54;2.0;49.20428287;18.75491667;387.6084;42.1353;13.0;0.8;226.942
1753875222.55;2.0;49.20428294;18.7549166;387.6085;42.1353;13.0;0.8;226.903
1753875222.56;2.0;49.204283;18.75491653;387.6087;42.1353;13.0;0.8;226.905
1753875222.57;2.0;49.20428306;18.75491646;387.6092;42.1353;13.0;0.8;226.974
1753875222.58;2.0;49.20428312;18.75491639;387.6097;42.1353;13.0;0.8;227.005
1753875222.59;2.0;49.20428318;18.75491632;387.6098;42.1353;13.0;0.8;227.045
1753875222.6;2.0;49.20428323;18.75491625;387.6103;42.1353;13.0;0.8;227.075
1753875222.61;2.0;49.20428329;18.75491618;387.6115;42.1353;13.0;0.8;227.149
1753875222.62;2.0;49.20428335;18.75491611;387.6122;42.1353;13.0;0.8;227.264
1753875222.63;2.0;49.2042834;18.75491604;387.612;42.1353;13.0;0.8;227.33
1753875222.64;2.0;49.20428345;18.75491597;387.6118;42.1353;13.0;0.8;227.395
1753875222.65;2.0;49.2042835;18.75491589;387.6113;42.1353;13.0;0.8;227.489
1753875222.66;2.0;49.20428355;18.75491582;387.6105;42.1353;13.0;0.8;227.578
1753875222.67;2.0;49.20428361;18.75491575;387.6095;42.1353;13.0;0.8;227.669
1753875222.68;2.0;49.20428366;18.75491567;387.6079;42.1353;13.0;0.8;227.749
1753875222.69;2.0;49.20428372;18.7549156;387.6064;42.1353;13.0;0.8;227.843
1753875222.7;2.0;49.20428378;18.75491553;387.6052;42.1353;13.0;0.8;227.955
1753875222.71;2.0;49.20428383;18.75491547;387.604;42.1353;13.0;0.8;228.082
1753875222.72;2.0;49.20428389;18.75491541;387.6036;42.1353;13.0;0.8;228.218
1753875222.73;2.0;49.20428394;18.75491535;387.6034;42.1353;13.0;0.8;228.365
1753875222.74;2.0;49.204284;18.75491529;387.6031;42.1353;13.0;0.8;228.518
1753875222.75;2.0;49.20428405;18.75491524;387.6024;42.1353;13.0;0.8;228.704
1753875222.76;2.0;49.2042841;18.7549152;387.6021;42.1353;13.0;0.8;228.902
1753875222.77;2.0;49.20428416;18.75491516;387.602;42.1353;13.0;0.8;229.113
1753875222.78;2.0;49.20428421;18.75491513;387.6019;42.1353;13.0;0.8;229.346
1753875222.79;2.0;49.20428426;18.7549151;387.6018;42.1353;13.0;0.8;229.649
1753875222.8;2.0;49.20428431;18.75491507;387.6016;42.1353;13.0;0.8;229.955
1753875222.81;2.0;49.20428436;18.75491504;387.6016;42.1353;13.0;0.8;230.231
1753875222.82;2.0;49.20428441;18.75491502;387.601;42.1353;13.0;0.8;230.46
1753875222.83;2.0;49.20428446;18.75491499;387.6005;42.1353;13.0;0.8;230.672
1753875222.84;2.0;49.20428451;18.75491497;387.5999;42.1353;13.0;0.8;230.91
1753875222.85;2.0;49.20428457;18.75491494;387.5999;42.1353;13.0;0.8;231.129
1753875222.86;2.0;49.20428461;18.75491492;387.6001;42.1353;13.0;0.8;231.327
1753875222.87;2.0;49.20428466;18.7549149;387.6003;42.1353;13.0;0.8;231.475
1753875222.88;2.0;49.20428471;18.75491487;387.6002;42.1353;13.0;0.8;231.632
1753875222.89;2.0;49.20428475;18.75491485;387.5998;42.1353;13.0;0.8;231.775
1753875222.9;2.0;49.2042848;18.75491482;387.5993;42.1353;13.0;0.8;231.94
1753875222.91;2.0;49.20428484;18.75491479;387.5989;42.1353;13.0;0.8;232.156
1753875222.92;2.0;49.20428488;18.75491476;387.5988;42.1353;13.0;0.8;232.39
1753875222.93;2.0;49.20428492;18.75491473;387.5984;42.1353;13.0;0.8;232.684
1753875222.94;2.0;49.20428496;18.75491471;387.597;42.1353;13.0;0.8;232.957
1753875222.95;2.0;49.20428501;18.75491468;387.5957;42.1353;13.0;0.8;233.219
1753875222.96;2.0;49.20428505;18.75491465;387.5951;42.1353;13.0;0.8;233.48
1753875222.97;2.0;49.20428509;18.75491462;387.5947;42.1353;13.0;0.8;233.766
1753875222.98;2.0;49.20428513;18.75491459;387.5945;42.1353;13.0;0.8;234.029
1753875222.99;2.0;49.20428518;18.75491456;387.5939;42.1353;13.0;0.8;234.306
1753875223.0;2.0;49.20428522;18.75491453;387.5937;42.1353;13.0;0.8;234.606
1753875223.01;2.0;49.20428526;18.75491449;387.5934;42.1353;13.0;0.8;234.913
1753875223.02;2.0;49.20428531;18.75491446;387.5932;42.1353;13.0;0.8;235.202
1753875223.03;2.0;49.20428536;18.75491442;387.5929;42.1353;13.0;0.8;235.478
1753875223.04;2.0;49.20428541;18.75491438;387.5929;42.1353;13.0;0.8;235.735
1753875223.05;2.0;49.20428546;18.75491435;387.5926;42.1353;13.0;0.8;235.991
1753875223.06;2.0;49.20428552;18.7549143;387.592;42.1353;13.0;0.8;236.166
1753875223.07;2.0;49.20428557;18.75491427;387.5918;42.1353;13.0;0.8;236.287
1753875223.08;2.0;49.20428562;18.75491424;387.5927;42.1353;13.0;0.8;236.434
1753875223.09;2.0;49.20428567;18.75491421;387.5928;42.1353;13.0;0.8;236.558
1753875223.1;2.0;49.20428571;18.75491418;387.5926;42.1353;13.0;0.8;236.738
1753875223.11;2.0;49.20428576;18.75491415;387.5924;42.1353;13.0;0.8;236.931
1753875223.12;2.0;49.20428581;18.75491412;387.5925;42.1353;13.0;0.8;237.117
1753875223.13;2.0;49.20428586;18.75491409;387.5931;42.1353;13.0;0.8;237.244
1753875223.14;2.0;49.2042859;18.75491406;387.5938;42.1353;13.0;0.8;237.346
1753875223.15;2.0;49.20428595;18.75491403;387.5937;42.1353;13.0;0.8;237.437
1753875223.16;2.0;49.20428599;18.754914;387.5937;42.1353;13.0;0.8;237.606
1753875223.17;2.0;49.20428604;18.75491398;387.5943;42.1353;13.0;0.8;237.831
1753875223.18;2.0;49.20428608;18.75491395;387.595;42.1353;13.0;0.8;238.077
1753875223.19;2.0;49.20428614;18.75491392;387.5951;42.1353;13.0;0.8;238.286
1753875223.2;2.0;49.20428618;18.75491389;387.5957;42.1353;13.0;0.8;238.472
1753875223.21;2.0;49.20428623;18.75491386;387.5962;42.1353;13.0;0.8;238.718
1753875223.22;2.0;49.20428629;18.75491383;387.5971;42.1353;13.0;0.8;238.917
1753875223.23;2.0;49.20428634;18.7549138;387.5986;42.1353;13.0;0.8;239.073
1753875223.24;2.0;49.20428639;18.75491377;387.5993;42.1353;13.0;0.8;239.191
1753875223.25;2.0;49.20428643;18.75491373;387.5993;42.1353;13.0;0.8;239.346
1753875223.26;2.0;49.20428648;18.75491369;387.5991;42.1353;13.0;0.8;239.54
1753875223.27;2.0;49.20428653;18.75491366;387.5986;42.1353;13.0;0.8;239.647
1753875223.28;2.0;49.20428658;18.75491362;387.5978;42.1353;13.0;0.8;239.75
1753875223.29;2.0;49.20428663;18.75491359;387.5969;42.1353;13.0;0.8;239.875
1753875223.3;2.0;49.20428667;18.75491356;387.5965;42.1353;13.0;0.8;240.015
1753875223.31;2.0;49.20428672;18.75491352;387.5962;42.1353;13.0;0.8;240.095
1753875223.32;2.0;49.20428677;18.75491349;387.5957;42.1353;13.0;0.8;240.139
1753875223.33;2.0;49.20428682;18.75491347;387.5946;42.1353;13.0;0.8;240.177
1753875223.34;2.0;49.20428687;18.75491343;387.594;42.1353;13.0;0.8;240.183
1753875223.35;2.0;49.20428692;18.75491339;387.5936;42.1353;13.0;0.8;240.159
1753875223.36;2.0;49.20428697;18.75491336;387.5937;42.1353;13.0;0.8;240.121
1753875223.37;2.0;49.20428702;18.75491332;387.5939;42.1353;13.0;0.8;240.045
1753875223.38;2.0;49.20428708;18.75491329;387.594;42.1353;13.0;0.8;239.945
1753875223.39;2.0;49.20428714;18.75491325;387.5934;42.1353;13.0;0.8;239.847
1753875223.4;2.0;49.20428719;18.75491321;387.593;42.1353;13.0;0.8;239.743
1753875223.41;2.0;49.20428726;18.75491316;387.593;42.1353;13.0;0.8;239.641
1753875223.42;2.0;49.20428732;18.7549131;387.5934;42.1353;13.0;0.8;239.523
1753875223.43;2.0;49.20428739;18.75491305;387.5934;42.1353;13.0;0.8;239.448
1753875223.44;2.0;49.20428746;18.75491299;387.5931;42.1353;13.0;0.8;239.366
1753875223.45;2.0;49.20428753;18.75491294;387.5926;42.1353;13.0;0.8;239.29
1753875223.46;2.0;49.2042876;18.75491288;387.5923;42.1353;13.0;0.8;239.198
1753875223.47;2.0;49.20428767;18.75491282;387.5917;42.1353;13.0;0.8;239.191
1753875223.48;2.0;49.20428774;18.75491276;387.5915;42.1353;13.0;0.8;239.21
1753875223.49;2.0;49.20428781;18.7549127;387.5916;42.1353;13.0;0.8;239.217
1753875223.5;2.0;49.20428788;18.75491265;387.5923;42.1353;13.0;0.8;239.203
1753875223.51;2.0;49.20428794;18.7549126;387.5929;42.1353;13.0;0.8;239.205
1753875223.52;2.0;49.204288;18.75491254;387.5934;42.1353;13.0;0.8;239.182
1753875223.53;2.0;49.20428807;18.75491249;387.5937;42.1353;13.0;0.8;239.157
1753875223.54;2.0;49.20428812;18.75491244;387.5946;42.1353;13.0;0.8;239.188
1753875223.55;2.0;49.20428818;18.75491239;387.5957;42.1353;13.0;0.8;239.262
1753875223.56;2.0;49.20428824;18.75491234;387.5967;42.1353;13.0;0.8;239.29
1753875223.57;2.0;49.2042883;18.75491228;387.5971;42.1353;13.0;0.8;239.283
1753875223.58;2.0;49.20428837;18.75491223;387.5974;42.1353;13.0;0.8;239.261
1753875223.59;2.0;49.20428843;18.75491218;387.5974;42.1353;13.0;0.8;239.228
1753875223.6;2.0;49.2042885;18.75491213;387.5976;42.1353;13.0;0.8;239.199
1753875223.61;2.0;49.20428855;18.75491207;387.5977;42.1353;13.0;0.8;239.164
1753875223.62;2.0;49.20428861;18.75491201;387.5982;42.1353;13.0;0.8;239.196
1753875223.63;2.0;49.20428866;18.75491196;387.5987;42.1353;13.0;0.8;239.261
1753875223.64;2.0;49.20428872;18.7549119;387.599;42.1353;13.0;0.8;239.282
1753875223.65;2.0;49.20428877;18.75491185;387.5988;42.1353;13.0;0.8;239.293
1753875223.66;2.0;49.20428883;18.75491179;387.5986;42.1353;13.0;0.8;239.277
1753875223.67;2.0;49.20428889;18.75491175;387.5989;42.1353;13.0;0.8;239.25
1753875223.68;2.0;49.20428894;18.7549117;387.5988;42.1353;13.0;0.8;239.207
1753875223.69;2.0;49.20428899;18.75491165;387.5984;42.1353;13.0;0.8;239.198
1753875223.7;2.0;49.20428905;18.75491161;387.598;42.1353;13.0;0.8;239.219
1753875223.71;2.0;49.20428911;18.75491156;387.5979;42.1353;13.0;0.8;239.275
1753875223.72;2.0;49.20428916;18.75491152;387.5978;42.1353;13.0;0.8;239.35
1753875223.73;2.0;49.20428922;18.75491148;387.5981;42.1353;13.0;0.8;239.403
1753875223.74;2.0;49.20428927;18.75491144;387.5986;42.1353;13.0;0.8;239.431
1753875223.75;2.0;49.20428932;18.75491139;387.5995;42.1353;13.0;0.8;239.481
1753875223.76;2.0;49.20428938;18.75491135;387.6003;42.1353;13.0;0.8;239.522
1753875223.77;2.0;49.20428943;18.75491131;387.6014;42.1353;13.0;0.8;239.599
1753875223.78;2.0;49.20428948;18.75491126;387.6019;42.1353;13.0;0.8;239.693
1753875223.79;2.0;49.20428953;18.75491121;387.6023;42.1353;13.0;0.8;239.716
1753875223.8;2.0;49.20428958;18.75491116;387.603;42.1353;13.0;0.8;239.717
1753875223.81;2.0;49.20428963;18.75491111;387.6039;42.1353;13.0;0.8;239.719
1753875223.82;2.0;49.20428968;18.75491106;387.6047;42.1353;13.0;0.8;239.725
1753875223.83;2.0;49.20428973;18.75491102;387.6049;42.1353;13.0;0.8;239.724
1753875223.84;2.0;49.20428979;18.75491096;387.6049;42.1353;13.0;0.8;239.688
1753875223.85;2.0;49.20428984;18.75491091;387.6052;42.1353;13.0;0.8;239.573
1753875223.86;2.0;49.20428989;18.75491086;387.6057;42.1353;13.0;0.8;239.502
1753875223.87;2.0;49.20428994;18.75491082;387.6063;42.1353;13.0;0.8;239.464
1753875223.88;2.0;49.20429;18.75491077;387.6067;42.1353;13.0;0.8;239.44
1753875223.89;2.0;49.20429006;18.75491072;387.6072;42.1353;13.0;0.8;239.387
1753875223.9;2.0;49.20429011;18.75491067;387.6082;42.1353;13.0;0.8;239.39
1753875223.91;2.0;49.20429016;18.75491062;387.6089;42.1353;13.0;0.8;239.428
1753875223.92;2.0;49.20429022;18.75491057;387.61;42.1353;13.0;0.8;239.472
1753875223.93;2.0;49.20429027;18.75491053;387.6116;42.1353;13.0;0.8;239.51
1753875223.94;2.0;49.20429033;18.75491048;387.6124;42.1353;13.0;0.8;239.566
1753875223.95;2.0;49.20429039;18.75491044;387.6135;42.1353;13.0;0.8;239.586
1753875223.96;2.0;49.20429045;18.75491041;387.6145;42.1353;13.0;0.8;239.592
1753875223.97;2.0;49.2042905;18.75491037;387.6156;42.1353;13.0;0.8;239.59
1753875223.98;2.0;49.20429056;18.75491033;387.6162;42.1353;13.0;0.8;239.606
1753875223.99;2.0;49.20429062;18.75491028;387.6172;42.1353;13.0;0.8;239.583
1753875224.0;2.0;49.20429067;18.75491024;387.6186;42.1353;13.0;0.8;239.587
1753875224.01;2.0;49.20429073;18.7549102;387.6196;42.1353;13.0;0.8;239.574
1753875224.02;2.0;49.20429078;18.75491016;387.6202;42.1353;13.0;0.8;239.644
1753875224.03;2.0;49.20429084;18.75491012;387.6203;42.1353;13.0;0.8;239.703
1753875224.04;2.0;49.2042909;18.75491007;387.6205;42.1353;13.0;0.8;239.72
1753875224.05;2.0;49.20429095;18.75491002;387.6203;42.1353;13.0;0.8;239.77
1753875224.06;2.0;49.204291;18.75490997;387.6196;42.1353;13.0;0.8;239.863
1753875224.07;2.0;49.20429105;18.75490992;387.6189;42.1353;13.0;0.8;239.984
1753875224.08;2.0;49.20429111;18.75490986;387.6174;42.1353;13.0;0.8;240.07
1753875224.09;2.0;49.20429117;18.7549098;387.6166;42.1353;13.0;0.8;240.092
1753875224.1;2.0;49.20429123;18.75490974;387.6159;42.1353;13.0;0.8;240.078
1753875224.11;2.0;49.20429129;18.75490968;387.6152;42.1353;13.0;0.8;240.081
1753875224.12;2.0;49.20429134;18.75490962;387.6145;42.1353;13.0;0.8;240.07
1753875224.13;2.0;49.2042914;18.75490957;387.6147;42.1353;13.0;0.8;240.047
1753875224.14;2.0;49.20429145;18.75490952;387.615;42.1353;13.0;0.8;239.969
1753875224.15;2.0;49.20429151;18.75490946;387.6155;42.1353;13.0;0.8;239.873
1753875224.16;2.0;49.20429157;18.7549094;387.6167;42.1353;13.0;0.8;239.761
1753875224.17;2.0;49.20429163;18.75490934;387.6182;42.1353;13.0;0.8;239.652
1753875224.18;2.0;49.20429168;18.75490928;387.6191;42.1353;13.0;0.8;239.539
1753875224.19;2.0;49.20429174;18.75490921;387.6202;42.1353;13.0;0.8;239.489
1753875224.2;2.0;49.20429179;18.75490915;387.6223;42.1353;13.0;0.8;239.39
1753875224.21;2.0;49.20429185;18.75490908;387.6244;42.1353;13.0;0.8;239.305
1753875224.22;2.0;49.20429191;18.75490901;387.6253;42.1353;13.0;0.8;239.261
1753875224.23;2.0;49.20429196;18.75490894;387.6257;42.1353;13.0;0.8;239.258
1753875224.24;2.0;49.20429202;18.75490888;387.6265;42.1353;13.0;0.8;239.3
1753875224.25;2.0;49.20429208;18.75490881;387.6269;42.1353;13.0;0.8;239.358
1753875224.26;2.0;49.20429214;18.75490875;387.627;42.1353;13.0;0.8;239.399
1753875224.27;2.0;49.20429219;18.75490869;387.6269;42.1353;13.0;0.8;239.4
1753875224.28;2.0;49.20429225;18.75490862;387.6274;42.1353;13.0;0.8;239.42
1753875224.29;2.0;49.2042923;18.75490857;387.6283;42.1353;13.0;0.8;239.424
1753875224.3;2.0;49.20429235;18.75490851;387.6285;42.1353;13.0;0.8;239.473
1753875224.31;2.0;49.2042924;18.75490845;387.6282;42.1353;13.0;0.8;239.547
1753875224.32;2.0;49.20429246;18.75490839;387.6278;42.1353;13.0;0.8;239.559
1753875224.33;2.0;49.20429251;18.75490833;387.6277;42.1353;13.0;0.8;239.573
1753875224.34;2.0;49.20429257;18.75490828;387.6266;42.1353;13.0;0.8;239.639
1753875224.35;2.0;49.20429264;18.75490822;387.6267;42.1353;13.0;0.8;239.722
1753875224.36;2.0;49.2042927;18.75490816;387.6273;42.1353;13.0;0.8;239.753
1753875224.37;2.0;49.20429276;18.75490811;387.6281;42.1353;13.0;0.8;239.771
1753875224.38;2.0;49.20429281;18.75490806;387.6287;42.1353;13.0;0.8;239.828
1753875224.39;2.0;49.20429288;18.75490801;387.6295;42.1353;13.0;0.8;239.906
1753875224.4;2.0;49.20429293;18.75490796;387.6301;42.1353;13.0;0.8;240.022
1753875224.41;2.0;49.204293;18.75490791;387.6307;42.1353;13.0;0.8;240.148
1753875224.42;2.0;49.20429305;18.75490787;387.631;42.1353;13.0;0.8;240.266
1753875224.43;2.0;49.20429311;18.75490782;387.6311;42.1353;13.0;0.8;240.407
1753875224.44;2.0;49.20429317;18.75490778;387.631;42.1353;13.0;0.8;240.581
1753875224.45;2.0;49.20429322;18.75490773;387.6314;42.1353;13.0;0.8;240.72
1753875224.46;2.0;49.20429328;18.75490769;387.632;42.1353;13.0;0.8;240.892
1753875224.47;2.0;49.20429334;18.75490765;387.6322;42.1353;13.0;0.8;241.108
1753875224.48;2.0;49.20429339;18.75490761;387.6323;42.1353;13.0;0.8;241.282
1753875224.49;2.0;49.20429344;18.75490757;387.632;42.1353;13.0;0.8;241.414
1753875224.5;2.0;49.20429349;18.75490754;387.6317;42.1353;13.0;0.8;241.558
1753875224.51;2.0;49.20429354;18.7549075;387.6319;42.1353;13.0;0.8;241.719
1753875224.52;2.0;49.2042936;18.75490746;387.6317;42.1353;13.0;0.8;241.915
1753875224.53;2.0;49.20429365;18.75490743;387.6319;42.1353;13.0;0.8;242.118
1753875224.54;2.0;49.2042937;18.7549074;387.6328;42.1353;13.0;0.8;242.304
1753875224.55;2.0;49.20429376;18.75490736;387.6333;42.1353;13.0;0.8;242.49
1753875224.56;2.0;49.20429381;18.75490732;387.6337;42.1353;13.0;0.8;242.681
1753875224.57;2.0;49.20429387;18.75490729;387.6338;42.1353;13.0;0.8;242.861
1753875224.58;2.0;49.20429393;18.75490726;387.634;42.1353;13.0;0.8;243.034
1753875224.59;2.0;49.20429398;18.75490723;387.6344;42.1353;13.0;0.8;243.204
1753875224.6;2.0;49.20429403;18.7549072;387.635;42.1353;13.0;0.8;243.406
1753875224.61;2.0;49.20429408;18.75490717;387.6349;42.1353;13.0;0.8;243.627
1753875224.62;2.0;49.20429413;18.75490715;387.6348;42.1353;13.0;0.8;243.856
1753875224.63;2.0;49.20429419;18.75490713;387.6346;42.1353;13.0;0.8;244.019
1753875224.64;2.0;49.20429424;18.75490712;387.634;42.1353;13.0;0.8;244.204
1753875224.65;2.0;49.20429429;18.7549071;387.6335;42.1353;13.0;0.8;244.413
1753875224.66;2.0;49.20429434;18.75490708;387.6336;42.1353;13.0;0.8;244.594
1753875224.67;2.0;49.20429439;18.75490707;387.6339;42.1353;13.0;0.8;244.739
1753875224.68;2.0;49.20429445;18.75490705;387.6336;42.1353;13.0;0.8;244.95
1753875224.69;2.0;49.2042945;18.75490702;387.6333;42.1353;13.0;0.8;245.164
1753875224.7;2.0;49.20429456;18.75490699;387.6334;42.1353;13.0;0.8;245.334
1753875224.71;2.0;49.20429461;18.75490695;387.6337;42.1353;13.0;0.8;245.425
1753875224.72;2.0;49.20429467;18.75490692;387.6346;42.1353;13.0;0.8;245.528
1753875224.73;2.0;49.20429472;18.75490687;387.6358;42.1353;13.0;0.8;245.628
1753875224.74;2.0;49.20429478;18.75490683;387.6369;42.1353;13.0;0.8;245.703
1753875224.75;2.0;49.20429484;18.75490678;387.638;42.1353;13.0;0.8;245.787
1753875224.76;2.0;49.20429491;18.75490674;387.6384;42.1353;13.0;0.8;245.865
1753875224.77;2.0;49.20429497;18.7549067;387.6382;42.1353;13.0;0.8;245.972
1753875224.78;2.0;49.20429504;18.75490667;387.6382;42.1353;13.0;0.8;246.082
1753875224.79;2.0;49.2042951;18.75490663;387.6386;42.1353;13.0;0.8;246.204
1753875224.8;2.0;49.20429516;18.75490659;387.6391;42.1353;13.0;0.8;246.349
1753875224.81;2.0;49.20429523;18.75490656;387.6393;42.1353;13.0;0.8;246.488
1753875224.82;2.0;49.20429529;18.75490653;387.6391;42.1353;13.0;0.8;246.62
1753875224.83;2.0;49.20429535;18.7549065;387.6392;42.1353;13.0;0.8;246.733
1753875224.84;2.0;49.20429541;18.75490647;387.6401;42.1353;13.0;0.8;246.839
1753875224.85;2.0;49.20429547;18.75490643;387.6408;42.1353;13.0;0.8;246.996
1753875224.86;2.0;49.20429553;18.7549064;387.6411;42.1353;13.0;0.8;247.168
1753875224.87;2.0;49.20429559;18.75490637;387.642;42.1353;13.0;0.8;247.3
1753875224.88;2.0;49.20429565;18.75490635;387.6437;42.1353;13.0;0.8;247.415
1753875224.89;2.0;49.2042957;18.75490633;387.6451;42.1353;13.0;0.8;247.507
1753875224.9;2.0;49.20429576;18.7549063;387.6465;42.1353;13.0;0.8;247.631
1753875224.91;2.0;49.20429582;18.75490627;387.6472;42.1353;13.0;0.8;247.762
1753875224.92;2.0;49.20429588;18.75490625;387.6471;42.1353;13.0;0.8;247.875
1753875224.93;2.0;49.20429594;18.75490622;387.6473;42.1353;13.0;0.8;247.984
1753875224.94;2.0;49.204296;18.75490619;387.6476;42.1353;13.0;0.8;248.092
1753875224.95;2.0;49.20429607;18.75490616;387.6477;42.1353;13.0;0.8;248.201
1753875224.96;2.0;49.20429613;18.75490613;387.6481;42.1353;13.0;0.8;248.327
1753875224.97;2.0;49.20429619;18.7549061;387.6489;42.1353;13.0;0.8;248.402
1753875224.98;2.0;49.20429625;18.75490607;387.649;42.1353;13.0;0.8;248.472
1753875224.99;2.0;49.20429632;18.75490604;387.6492;42.1353;13.0;0.8;248.555
1753875225.0;2.0;49.20429638;18.75490601;387.6494;42.1353;13.0;0.8;248.653
1753875225.01;2.0;49.20429644;18.75490598;387.6492;42.1353;13.0;0.8;248.724
1753875225.02;2.0;49.2042965;18.75490595;387.6492;42.1353;13.0;0.8;248.832
1753875225.03;2.0;49.20429656;18.75490592;387.6492;42.1353;13.0;0.8;249.048
1753875225.04;2.0;49.20429662;18.75490589;387.6489;42.1353;13.0;0.8;249.262
1753875225.05;2.0;49.20429668;18.75490586;387.6486;42.1353;13.0;0.8;249.398
1753875225.06;2.0;49.20429674;18.75490583;387.6483;42.1353;13.0;0.8;249.509
1753875225.07;2.0;49.2042968;18.7549058;387.6482;42.1353;13.0;0.8;249.63
1753875225.08;2.0;49.20429686;18.75490578;387.6483;42.1353;13.0;0.8;249.754
1753875225.09;2.0;49.20429692;18.75490576;387.6485;42.1353;13.0;0.8;249.884
1753875225.1;2.0;49.20429697;18.75490574;387.6489;42.1353;13.0;0.8;249.932
1753875225.11;2.0;49.20429703;18.75490572;387.65;42.1353;13.0;0.8;250.041
1753875225.12;2.0;49.20429709;18.75490569;387.6514;42.1353;13.0;0.8;250.185
1753875225.13;2.0;49.20429714;18.75490567;387.6524;42.1353;13.0;0.8;250.308
1753875225.14;2.0;49.2042972;18.75490565;387.6534;42.1353;13.0;0.8;250.435
1753875225.15;2.0;49.20429726;18.75490562;387.6545;42.1353;13.0;0.8;250.573
1753875225.16;2.0;49.20429732;18.7549056;387.6555;42.1353;13.0;0.8;250.711
1753875225.17;2.0;49.20429738;18.75490558;387.6562;42.1353;13.0;0.8;250.837
1753875225.18;2.0;49.20429743;18.75490556;387.6571;42.1353;13.0;0.8;250.944
1753875225.19;2.0;49.20429749;18.75490553;387.6579;42.1353;13.0;0.8;251.04
1753875225.2;2.0;49.20429755;18.7549055;387.6583;42.1353;13.0;0.8;251.151
1753875225.21;2.0;49.2042976;18.75490548;387.6584;42.1353;13.0;0.8;251.256
1753875225.22;2.0;49.20429766;18.75490545;387.6583;42.1353;13.0;0.8;251.367
1753875225.23;2.0;49.20429772;18.75490542;387.658;42.1353;13.0;0.8;251.511
1753875225.24;2.0;49.20429778;18.75490539;387.6574;42.1353;13.0;0.8;251.626
1753875225.25;2.0;49.20429783;18.75490536;387.6585;42.1353;13.0;0.8;251.743
1753875225.26;2.0;49.20429789;18.75490533;387.6598;42.1353;13.0;0.8;251.849
1753875225.27;2.0;49.20429795;18.7549053;387.6611;42.1353;13.0;0.8;251.952
1753875225.28;2.0;49.204298;18.75490527;387.6621;42.1353;13.0;0.8;252.065
1753875225.29;2.0;49.20429806;18.75490524;387.6627;42.1353;13.0;0.8;252.219
1753875225.3;2.0;49.20429812;18.75490521;387.6632;42.1353;13.0;0.8;252.429
1753875225.31;2.0;49.20429818;18.75490518;387.6638;42.1353;13.0;0.8;252.586
1753875225.32;2.0;49.20429824;18.75490515;387.6645;42.1353;13.0;0.8;252.75
1753875225.33;2.0;49.2042983;18.75490511;387.6656;42.1353;13.0;0.8;252.928
1753875225.34;2.0;49.20429836;18.75490509;387.6667;42.1353;13.0;0.8;253.078
1753875225.35;2.0;49.20429842;18.75490506;387.6675;42.1353;13.0;0.8;253.22
1753875225.36;2.0;49.20429848;18.75490504;387.6685;42.1353;13.0;0.8;253.358
1753875225.37;2.0;49.20429853;18.75490502;387.6697;42.1353;13.0;0.8;253.484
1753875225.38;2.0;49.20429859;18.75490501;387.6707;42.1353;13.0;0.8;253.612
1753875225.39;2.0;49.20429864;18.75490499;387.6714;42.1353;13.0;0.8;253.721
1753875225.4;2.0;49.2042987;18.75490498;387.6726;42.1353;13.0;0.8;253.876
1753875225.41;2.0;49.20429875;18.75490496;387.6742;42.1353;13.0;0.8;254.018
1753875225.42;2.0;49.20429881;18.75490494;387.6753;42.1353;13.0;0.8;254.178
1753875225.43;2.0;49.20429886;18.75490493;387.676;42.1353;13.0;0.8;254.394
1753875225.44;2.0;49.20429891;18.75490492;387.6763;42.1353;13.0;0.8;254.636
1753875225.45;2.0;49.20429897;18.7549049;387.6777;42.1353;13.0;0.8;254.872
1753875225.46;2.0;49.20429902;18.75490488;387.6788;42.1353;13.0;0.8;255.065
1753875225.47;2.0;49.20429908;18.75490487;387.6798;42.1353;13.0;0.8;255.233
1753875225.48;2.0;49.20429914;18.75490485;387.6808;42.1353;13.0;0.8;255.425
1753875225.49;2.0;49.2042992;18.75490483;387.6819;42.1353;13.0;0.8;255.606
1753875225.5;2.0;49.20429926;18.75490481;387.6829;42.1353;13.0;0.8;255.731
1753875225.51;2.0;49.20429932;18.7549048;387.6839;42.1353;13.0;0.8;255.851
1753875225.52;2.0;49.20429938;18.75490479;387.6845;42.1353;13.0;0.8;255.966
1753875225.53;2.0;49.20429944;18.75490477;387.6854;42.1353;13.0;0.8;256.072
1753875225.54;2.0;49.2042995;18.75490475;387.6863;42.1353;13.0;0.8;256.195
1753875225.55;2.0;49.20429955;18.75490474;387.687;42.1353;13.0;0.8;256.31
1753875225.56;2.0;49.20429961;18.75490471;387.6873;42.1353;13.0;0.8;256.393
1753875225.57;2.0;49.20429968;18.75490469;387.6881;42.1353;13.0;0.8;256.457
1753875225.58;2.0;49.20429974;18.75490467;387.6896;42.1353;13.0;0.8;256.583
1753875225.59;2.0;49.2042998;18.75490466;387.6911;42.1353;13.0;0.8;256.659
1753875225.6;2.0;49.20429986;18.75490464;387.6924;42.1353;13.0;0.8;256.733
1753875225.61;2.0;49.20429991;18.75490462;387.6932;42.1353;13.0;0.8;256.851
1753875225.62;2.0;49.20429997;18.7549046;387.6942;42.1353;13.0;0.8;256.993
1753875225.63;2.0;49.20430003;18.75490458;387.6952;42.1353;13.0;0.8;257.115
1753875225.64;2.0;49.20430009;18.75490457;387.6961;42.1353;13.0;0.8;257.254
1753875225.65;2.0;49.20430015;18.75490455;387.6969;42.1353;13.0;0.8;257.405
1753875225.66;2.0;49.2043002;18.75490454;387.698;42.1353;13.0;0.8;257.563
1753875225.67;2.0;49.20430026;18.75490452;387.6987;42.1353;13.0;0.8;257.728
1753875225.68;2.0;49.20430032;18.75490451;387.6992;42.1353;13.0;0.8;257.884
1753875225.69;2.0;49.20430038;18.7549045;387.7;42.1353;13.0;0.8;258.042
1753875225.7;2.0;49.20430044;18.75490449;387.701;42.1353;13.0;0.8;258.207
1753875225.71;2.0;49.2043005;18.75490448;387.7015;42.1353;13.0;0.8;258.354
1753875225.72;2.0;49.20430056;18.75490447;387.7019;42.1353;13.0;0.8;258.545
1753875225.73;2.0;49.20430063;18.75490446;387.7025;42.1353;13.0;0.8;258.714
1753875225.74;2.0;49.20430068;18.75490445;387.7032;42.1353;13.0;0.8;258.814
1753875225.75;2.0;49.20430074;18.75490444;387.7042;42.1353;13.0;0.8;258.953
1753875225.76;2.0;49.2043008;18.75490443;387.7053;42.1353;13.0;0.8;259.063
1753875225.77;2.0;49.20430086;18.75490442;387.7065;42.1353;13.0;0.8;259.155
1753875225.78;2.0;49.20430092;18.75490441;387.7078;42.1353;13.0;0.8;259.227
1753875225.79;2.0;49.20430098;18.7549044;387.7077;42.1353;13.0;0.8;259.293
1753875225.8;2.0;49.20430104;18.75490438;387.7079;42.1353;13.0;0.8;259.385
1753875225.81;2.0;49.20430109;18.75490437;387.7081;42.1353;13.0;0.8;259.496
1753875225.82;2.0;49.20430115;18.75490436;387.7088;42.1353;13.0;0.8;259.634
1753875225.83;2.0;49.20430121;18.75490435;387.7097;42.1353;13.0;0.8;259.764
1753875225.84;2.0;49.20430126;18.75490434;387.7106;42.1353;13.0;0.8;259.91
1753875225.85;2.0;49.20430132;18.75490433;387.7111;42.1353;13.0;0.8;260.116
1753875225.86;2.0;49.20430138;18.75490431;387.7121;42.1353;13.0;0.8;260.3
1753875225.87;2.0;49.20430144;18.75490429;387.7131;42.1353;13.0;0.8;260.478
1753875225.88;2.0;49.2043015;18.75490428;387.7144;42.1353;13.0;0.8;260.626
1753875225.89;2.0;49.20430156;18.75490426;387.7155;42.1353;13.0;0.8;260.745
1753875225.9;2.0;49.20430162;18.75490425;387.7165;42.1353;13.0;0.8;260.88
1753875225.91;2.0;49.20430168;18.75490423;387.7174;42.1353;13.0;0.8;260.989
1753875225.92;2.0;49.20430175;18.75490422;387.718;42.1353;13.0;0.8;261.092
1753875225.93;2.0;49.20430181;18.75490421;387.7185;42.1353;13.0;0.8;261.21
1753875225.94;2.0;49.20430187;18.7549042;387.7192;42.1353;13.0;0.8;261.35
1753875225.95;2.0;49.20430193;18.75490419;387.7197;42.1353;13.0;0.8;261.474
1753875225.96;2.0;49.20430199;18.75490417;387.7196;42.1353;13.0;0.8;261.584
1753875225.97;2.0;49.20430205;18.75490416;387.7193;42.1353;13.0;0.8;261.681
1753875225.98;2.0;49.20430211;18.75490416;387.7192;42.1353;13.0;0.8;261.751
1753875225.99;2.0;49.20430217;18.75490415;387.7191;42.1353;13.0;0.8;261.852
1753875226.0;2.0;49.20430223;18.75490414;387.7192;42.1353;13.0;0.8;261.944
1753875226.01;2.0;49.20430229;18.75490414;387.7203;42.1353;13.0;0.8;262.049
1753875226.02;2.0;49.20430235;18.75490414;387.7212;42.1353;13.0;0.8;262.175
1753875226.03;2.0;49.2043024;18.75490413;387.7219;42.1353;13.0;0.8;262.312
1753875226.04;2.0;49.20430247;18.75490412;387.7225;42.1353;13.0;0.8;262.484
1753875226.05;2.0;49.20430253;18.75490411;387.7235;42.1353;13.0;0.8;262.633
1753875226.06;2.0;49.20430259;18.75490411;387.7249;42.1353;13.0;0.8;262.728
1753875226.07;2.0;49.20430265;18.75490409;387.7261;42.1353;13.0;0.8;262.771
1753875226.08;2.0;49.20430272;18.75490408;387.727;42.1353;13.0;0.8;262.773
1753875226.09;2.0;49.20430279;18.75490407;387.7272;42.1353;13.0;0.8;262.703
1753875226.1;2.0;49.20430286;18.75490405;387.7279;42.1353;13.0;0.8;262.588
1753875226.11;2.0;49.20430293;18.75490403;387.7287;42.1353;13.0;0.8;262.516
1753875226.12;2.0;49.20430299;18.75490401;387.7297;42.1353;13.0;0.8;262.412
1753875226.13;2.0;49.20430305;18.75490398;387.7309;42.1353;13.0;0.8;262.328
1753875226.14;2.0;49.20430312;18.75490396;387.7322;42.1353;13.0;0.8;262.264
1753875226.15;2.0;49.20430318;18.75490394;387.7329;42.1353;13.0;0.8;262.18
1753875226.16;2.0;49.20430326;18.75490392;387.7339;42.1353;13.0;0.8;262.04
1753875226.17;2.0;49.20430333;18.75490389;387.7352;42.1353;13.0;0.8;261.819
1753875226.18;2.0;49.2043034;18.75490386;387.7362;42.1353;13.0;0.8;261.595
1753875226.19;2.0;49.20430348;18.75490384;387.7373;42.1353;13.0;0.8;261.355
1753875226.2;2.0;49.20430356;18.75490381;387.7378;42.1353;13.0;0.8;261.131
1753875226.21;2.0;49.20430364;18.75490378;387.7383;42.1353;13.0;0.8;260.905
1753875226.22;2.0;49.20430372;18.75490376;387.7388;42.1353;13.0;0.8;260.646
1753875226.23;2.0;49.2043038;18.75490374;387.7393;42.1353;13.0;0.8;260.379
1753875226.24;2.0;49.20430388;18.75490372;387.7402;42.1353;13.0;0.8;260.131
1753875226.25;2.0;49.20430396;18.7549037;387.7409;42.1353;13.0;0.8;259.895
1753875226.26;2.0;49.20430403;18.75490368;387.7414;42.1353;13.0;0.8;259.686
1753875226.27;2.0;49.20430411;18.75490367;387.7422;42.1353;13.0;0.8;259.59
1753875226.28;2.0;49.20430418;18.75490366;387.7431;42.1353;13.0;0.8;259.552
1753875226.29;2.0;49.20430425;18.75490365;387.7446;42.1353;13.0;0.8;259.497
1753875226.3;2.0;49.20430431;18.75490364;387.7457;42.1353;13.0;0.8;259.437
1753875226.31;2.0;49.20430438;18.75490362;387.7469;42.1353;13.0;0.8;259.405
1753875226.32;2.0;49.20430444;18.75490361;387.748;42.1353;13.0;0.8;259.352
1753875226.33;2.0;49.2043045;18.7549036;387.7499;42.1353;13.0;0.8;259.333
1753875226.34;2.0;49.20430457;18.75490359;387.7512;42.1353;13.0;0.8;259.34
1753875226.35;2.0;49.20430463;18.75490357;387.7522;42.1353;13.0;0.8;259.332
1753875226.36;2.0;49.2043047;18.75490356;387.7528;42.1353;13.0;0.8;259.33
1753875226.37;2.0;49.20430476;18.75490354;387.7532;42.1353;13.0;0.8;259.376
1753875226.38;2.0;49.20430482;18.75490352;387.7529;42.1353;13.0;0.8;259.479
1753875226.39;2.0;49.20430488;18.7549035;387.7528;42.1353;13.0;0.8;259.618
1753875226.4;2.0;49.20430494;18.75490348;387.753;42.1353;13.0;0.8;259.752
1753875226.41;2.0;49.20430501;18.75490346;387.753;42.1353;13.0;0.8;259.863
1753875226.42;2.0;49.20430508;18.75490343;387.7535;42.1353;13.0;0.8;259.947
1753875226.43;2.0;49.20430516;18.75490341;387.754;42.1353;13.0;0.8;259.972
1753875226.44;2.0;49.20430523;18.75490337;387.7541;42.1353;13.0;0.8;259.949
1753875226.45;2.0;49.2043053;18.75490334;387.7539;42.1353;13.0;0.8;259.931
1753875226.46;2.0;49.20430538;18.75490331;387.7545;42.1353;13.0;0.8;259.859
1753875226.47;2.0;49.20430545;18.75490328;387.7554;42.1353;13.0;0.8;259.771
1753875226.48;2.0;49.20430553;18.75490325;387.7556;42.1353;13.0;0.8;259.675
1753875226.49;2.0;49.2043056;18.75490322;387.7562;42.1353;13.0;0.8;259.599
1753875226.5;2.0;49.20430567;18.75490319;387.7568;42.1353;13.0;0.8;259.475
1753875226.51;2.0;49.20430573;18.75490317;387.7574;42.1353;13.0;0.8;259.348
1753875226.52;2.0;49.2043058;18.75490313;387.758;42.1353;13.0;0.8;259.196
1753875226.53;2.0;49.20430588;18.7549031;387.7586;42.1353;13.0;0.8;259.013
1753875226.54;2.0;49.20430595;18.75490307;387.7597;42.1353;13.0;0.8;258.784
1753875226.55;2.0;49.20430602;18.75490303;387.7613;42.1353;13.0;0.8;258.502
1753875226.56;2.0;49.20430609;18.75490299;387.763;42.1353;13.0;0.8;258.201
1753875226.57;2.0;49.20430617;18.75490295;387.7647;42.1353;13.0;0.8;257.847
1753875226.58;2.0;49.20430623;18.75490291;387.7665;42.1354;13.0;0.8;257.449
1753875226.59;2.0;49.2043063;18.75490287;387.7686;42.1354;13.0;0.8;257.085
1753875226.6;2.0;49.20430636;18.75490283;387.7706;42.1354;13.0;0.8;256.73
1753875226.61;2.0;49.20430642;18.75490279;387.7721;42.1354;13.0;0.8;256.358
1753875226.62;2.0;49.20430648;18.75490275;387.7739;42.1354;13.0;0.8;255.977
1753875226.63;2.0;49.20430653;18.75490271;387.7754;42.1354;13.0;0.8;255.628
1753875226.64;2.0;49.20430658;18.75490267;387.7767;42.1354;13.0;0.8;255.309
1753875226.65;2.0;49.20430663;18.75490264;387.778;42.1354;13.0;0.8;255.031
1753875226.66;2.0;49.20430668;18.7549026;387.779;42.1354;13.0;0.8;254.79
1753875226.67;2.0;49.20430673;18.75490256;387.7799;42.1354;13.0;0.8;254.525
1753875226.68;2.0;49.20430678;18.75490253;387.7804;42.1354;13.0;0.8;254.292
1753875226.69;2.0;49.20430683;18.75490249;387.7809;42.1354;13.0;0.8;254.088
1753875226.7;2.0;49.20430688;18.75490246;387.7815;42.1354;13.0;0.8;253.876
1753875226.71;2.0;49.20430692;18.75490242;387.7821;42.1354;13.0;0.8;253.655
1753875226.72;2.0;49.20430697;18.75490239;387.7833;42.1354;13.0;0.8;253.47
1753875226.73;2.0;49.20430702;18.75490236;387.7842;42.1354;13.0;0.8;253.297
1753875226.74;2.0;49.20430707;18.75490232;387.785;42.1354;13.0;0.8;253.131
1753875226.75;2.0;49.20430711;18.75490229;387.7861;42.1354;13.0;0.8;252.922
1753875226.76;2.0;49.20430716;18.75490226;387.7873;42.1354;13.0;0.8;252.726
1753875226.77;2.0;49.2043072;18.75490222;387.7878;42.1354;13.0;0.8;252.511
1753875226.78;2.0;49.20430725;18.75490218;387.7878;42.1354;13.0;0.8;252.26
1753875226.79;2.0;49.2043073;18.75490214;387.7881;42.1354;13.0;0.8;252.014
1753875226.8;2.0;49.20430735;18.75490211;387.7887;42.1354;13.0;0.8;251.752
1753875226.81;2.0;49.2043074;18.75490207;387.7892;42.1354;13.0;0.8;251.544
1753875226.82;2.0;49.20430746;18.75490203;387.7899;42.1354;13.0;0.8;251.301
1753875226.83;2.0;49.20430751;18.75490198;387.7905;42.1354;13.0;0.8;251.021
1753875226.84;2.0;49.20430757;18.75490194;387.7911;42.1354;13.0;0.8;250.78
1753875226.85;2.0;49.20430763;18.75490189;387.7918;42.1354;13.0;0.8;250.566
1753875226.86;2.0;49.20430769;18.75490185;387.7929;42.1354;13.0;0.8;250.318
1753875226.87;2.0;49.20430775;18.75490181;387.794;42.1354;13.0;0.8;250.029
1753875226.88;2.0;49.2043078;18.75490177;387.7952;42.1354;13.0;0.8;249.741
1753875226.89;2.0;49.20430786;18.75490172;387.7958;42.1354;13.0;0.8;249.498
1753875226.9;2.0;49.20430792;18.75490167;387.7964;42.1354;13.0;0.8;249.295
1753875226.91;2.0;49.20430797;18.75490163;387.7977;42.1354;13.0;0.8;249.115
1753875226.92;2.0;49.20430803;18.75490158;387.7993;42.1354;13.0;0.8;248.935
1753875226.93;2.0;49.20430809;18.75490153;387.8007;42.1354;13.0;0.8;248.72
1753875226.94;2.0;49.20430814;18.75490148;387.8021;42.1354;13.0;0.8;248.459
1753875226.95;2.0;49.2043082;18.75490143;387.8029;42.1354;13.0;0.8;248.221
1753875226.96;2.0;49.20430826;18.75490137;387.8036;42.1354;13.0;0.8;247.969
1753875226.97;2.0;49.20430832;18.75490132;387.8043;42.1354;13.0;0.8;247.727
1753875226.98;2.0;49.20430838;18.75490126;387.8051;42.1354;13.0;0.8;247.509
1753875226.99;2.0;49.20430844;18.7549012;387.8058;42.1354;13.0;0.8;247.261
1753875227.0;2.0;49.2043085;18.75490114;387.8065;42.1354;13.0;0.8;246.987
1753875227.01;2.0;49.20430855;18.75490107;387.8076;42.1354;13.0;0.8;246.684
1753875227.02;2.0;49.20430861;18.75490101;387.8091;42.1354;13.0;0.8;246.396
1753875227.03;2.0;49.20430865;18.75490095;387.8105;42.1354;13.0;0.8;246.128
1753875227.04;2.0;49.2043087;18.75490089;387.8115;42.1354;13.0;0.8;245.894
1753875227.05;2.0;49.20430875;18.75490083;387.8123;42.1354;13.0;0.8;245.661
1753875227.06;2.0;49.2043088;18.75490078;387.8136;42.1354;13.0;0.8;245.411
1753875227.07;2.0;49.20430885;18.75490072;387.8149;42.1354;13.0;0.8;245.174
1753875227.08;2.0;49.2043089;18.75490066;387.8152;42.1354;13.0;0.8;244.868
1753875227.09;2.0;49.20430896;18.7549006;387.8151;42.1354;13.0;0.8;244.524
1753875227.1;2.0;49.20430901;18.75490055;387.815;42.1354;13.0;0.8;244.148
1753875227.11;2.0;49.20430907;18.75490049;387.8156;42.1354;13.0;0.8;243.813
1753875227.12;2.0;49.20430912;18.75490044;387.8167;42.1354;13.0;0.8;243.491
1753875227.13;2.0;49.20430917;18.75490039;387.8181;42.1354;13.0;0.8;243.201
1753875227.14;2.0;49.20430923;18.75490033;387.8193;42.1354;13.0;0.8;242.966
1753875227.15;2.0;49.20430928;18.75490028;387.8208;42.1354;13.0;0.8;242.748
1753875227.16;2.0;49.20430934;18.75490022;387.8227;42.1354;13.0;0.8;242.536
1753875227.17;2.0;49.2043094;18.75490016;387.8251;42.1354;13.0;0.8;242.345
1753875227.18;2.0;49.20430945;18.7549001;387.8272;42.1354;13.0;0.8;242.154
1753875227.19;2.0;49.2043095;18.75490003;387.8289;42.1354;13.0;0.8;241.956
1753875227.2;2.0;49.20430956;18.75489997;387.8306;42.1354;13.0;0.8;241.767
1753875227.21;2.0;49.20430961;18.7548999;387.8316;42.1354;13.0;0.8;241.568
1753875227.22;2.0;49.20430967;18.75489983;387.8326;42.1354;13.0;0.8;241.385
1753875227.23;2.0;49.20430973;18.75489976;387.8339;42.1354;13.0;0.8;241.159
1753875227.24;2.0;49.20430979;18.75489969;387.8349;42.1354;13.0;0.8;240.914
1753875227.25;2.0;49.20430985;18.75489963;387.8352;42.1354;13.0;0.8;240.662
1753875227.26;2.0;49.20430991;18.75489956;387.8348;42.1354;13.0;0.8;240.351
1753875227.27;2.0;49.20430997;18.7548995;387.8343;42.1354;13.0;0.8;240.029
1753875227.28;2.0;49.20431002;18.75489943;387.8341;42.1354;13.0;0.8;239.716
1753875227.29;2.0;49.20431009;18.75489937;387.8341;42.1354;13.0;0.8;239.4
1753875227.3;2.0;49.20431015;18.75489931;387.8341;42.1354;13.0;0.8;239.093
1753875227.31;2.0;49.20431021;18.75489924;387.8343;42.1354;13.0;0.8;238.797
1753875227.32;2.0;49.20431027;18.75489917;387.8354;42.1354;13.0;0.8;238.51
1753875227.33;2.0;49.20431033;18.7548991;387.8373;42.1354;13.0;0.8;238.216
1753875227.34;2.0;49.20431038;18.75489904;387.8396;42.1354;13.0;0.8;237.945
1753875227.35;2.0;49.20431044;18.75489897;387.8422;42.1354;13.0;0.8;237.703
1753875227.36;2.0;49.2043105;18.7548989;387.8446;42.1354;13.0;0.8;237.484
1753875227.37;2.0;49.20431056;18.75489883;387.8466;42.1354;13.0;0.8;237.268
1753875227.38;2.0;49.20431062;18.75489876;387.848;42.1354;13.0;0.8;237.026
1753875227.39;2.0;49.20431068;18.75489869;387.8496;42.1354;13.0;0.8;236.757
1753875227.4;2.0;49.20431073;18.75489861;387.8507;42.1354;13.0;0.8;236.53
1753875227.41;2.0;49.20431078;18.75489854;387.8524;42.1354;13.0;0.8;236.308
1753875227.42;2.0;49.20431084;18.75489848;387.8533;42.1354;13.0;0.8;236.08
1753875227.43;2.0;49.20431089;18.75489841;387.8529;42.1354;13.0;0.8;235.861
1753875227.44;2.0;49.20431095;18.75489834;387.853;42.1354;13.0;0.8;235.586
1753875227.45;2.0;49.204311;18.75489827;387.8533;42.1354;13.0;0.8;235.34
1753875227.46;2.0;49.20431105;18.75489821;387.8542;42.1354;13.0;0.8;235.118
1753875227.47;2.0;49.2043111;18.75489815;387.855;42.1354;13.0;0.8;234.952
1753875227.48;2.0;49.20431116;18.75489809;387.8558;42.1354;13.0;0.8;234.83
1753875227.49;2.0;49.20431121;18.75489802;387.8568;42.1354;13.0;0.8;234.684
1753875227.5;2.0;49.20431127;18.75489796;387.8573;42.1354;13.0;0.8;234.536
1753875227.51;2.0;49.20431133;18.75489789;387.8577;42.1354;13.0;0.8;234.38
1753875227.52;2.0;49.20431138;18.75489781;387.8584;42.1354;13.0;0.8;234.187
1753875227.53;2.0;49.20431144;18.75489774;387.8589;42.1354;13.0;0.8;233.954
1753875227.54;2.0;49.20431149;18.75489765;387.8591;42.1354;13.0;0.8;233.715
1753875227.55;2.0;49.20431154;18.75489756;387.8595;42.1354;13.0;0.8;233.444
1753875227.56;2.0;49.2043116;18.75489748;387.86;42.1354;13.0;0.8;233.132
1753875227.57;2.0;49.20431165;18.7548974;387.8606;42.1354;13.0;0.8;232.792
1753875227.58;2.0;49.2043117;18.75489731;387.8613;42.1354;13.0;0.8;232.515
1753875227.59;2.0;49.20431175;18.75489723;387.8625;42.1354;13.0;0.8;232.21
1753875227.6;2.0;49.2043118;18.75489714;387.8644;42.1354;13.0;0.8;231.92
1753875227.61;2.0;49.20431185;18.75489706;387.8657;42.1354;13.0;0.8;231.589
1753875227.62;2.0;49.2043119;18.75489698;387.8661;42.1354;13.0;0.8;231.236
1753875227.63;2.0;49.20431195;18.75489691;387.8671;42.1354;13.0;0.8;230.906
1753875227.64;2.0;49.204312;18.75489684;387.8682;42.1354;13.0;0.8;230.642
1753875227.65;2.0;49.20431205;18.75489677;387.8693;42.1354;13.0;0.8;230.384
1753875227.66;2.0;49.20431209;18.7548967;387.8708;42.1354;13.0;0.8;230.12
1753875227.67;2.0;49.20431214;18.75489663;387.8722;42.1354;13.0;0.8;229.883
1753875227.68;2.0;49.20431219;18.75489655;387.873;42.1354;13.0;0.8;229.652
1753875227.69;2.0;49.20431225;18.75489648;387.8734;42.1354;13.0;0.8;229.387
1753875227.7;2.0;49.2043123;18.7548964;387.8735;42.1354;13.0;0.8;229.153
1753875227.71;2.0;49.20431235;18.75489632;387.8739;42.1354;13.0;0.8;228.894
1753875227.72;2.0;49.20431241;18.75489624;387.8743;42.1354;13.0;0.8;228.599
1753875227.73;2.0;49.20431246;18.75489615;387.8748;42.1354;13.0;0.8;228.337
1753875227.74;2.0;49.20431251;18.75489608;387.875;42.1354;13.0;0.8;228.052
1753875227.75;2.0;49.20431255;18.754896;387.8748;42.1354;13.0;0.8;227.814
1753875227.76;2.0;49.2043126;18.75489591;387.8744;42.1354;13.0;0.8;227.604
1753875227.77;2.0;49.20431265;18.75489583;387.8737;42.1354;13.0;0.8;227.399
1753875227.78;2.0;49.2043127;18.75489575;387.8735;42.1354;13.0;0.8;227.194
1753875227.79;2.0;49.20431275;18.75489568;387.873;42.1354;13.0;0.8;226.979
1753875227.8;2.0;49.2043128;18.7548956;387.8725;42.1354;13.0;0.8;226.781
1753875227.81;2.0;49.20431284;18.75489552;387.8716;42.1354;13.0;0.8;226.609
1753875227.82;2.0;49.2043129;18.75489545;387.8704;42.1354;13.0;0.8;226.445
1753875227.83;2.0;49.20431294;18.75489538;387.8695;42.1354;13.0;0.8;226.268
1753875227.84;2.0;49.204313;18.75489531;387.8694;42.1354;13.0;0.8;226.147
1753875227.85;2.0;49.20431305;18.75489523;387.8691;42.1354;13.0;0.8;225.988
1753875227.86;2.0;49.2043131;18.75489515;387.8692;42.1354;13.0;0.8;225.804
1753875227.87;2.0;49.20431316;18.75489508;387.8699;42.1354;13.0;0.8;225.584
1753875227.88;2.0;49.20431321;18.75489499;387.8707;42.1354;13.0;0.8;225.36
1753875227.89;2.0;49.20431327;18.75489491;387.8725;42.1354;13.0;0.8;225.134
1753875227.9;2.0;49.20431331;18.75489482;387.8751;42.1354;13.0;0.8;224.925
1753875227.91;2.0;49.20431336;18.75489472;387.8771;42.1354;13.0;0.8;224.707
1753875227.92;2.0;49.20431341;18.75489464;387.8789;42.1354;13.0;0.8;224.472
1753875227.93;2.0;49.20431346;18.75489455;387.8799;42.1354;13.0;0.8;224.193
1753875227.94;2.0;49.20431352;18.75489447;387.8807;42.1354;13.0;0.8;223.934
1753875227.95;2.0;49.20431357;18.75489439;387.8809;42.1354;13.0;0.8;223.685
1753875227.96;2.0;49.20431362;18.75489431;387.8809;42.1354;13.0;0.8;223.476
1753875227.97;2.0;49.20431367;18.75489423;387.881;42.1354;13.0;0.8;223.265
1753875227.98;2.0;49.20431372;18.75489415;387.8812;42.1354;13.0;0.8;223.012
1753875227.99;2.0;49.20431377;18.75489407;387.8812;42.1354;13.0;0.8;222.762
1753875228.0;2.0;49.20431381;18.754894;387.8818;42.1354;13.0;0.8;222.498
1753875228.01;2.0;49.20431386;18.75489394;387.8819;42.1354;13.0;0.8;222.252
1753875228.02;2.0;49.2043139;18.75489388;387.8816;42.1354;13.0;0.8;222.024
1753875228.03;2.0;49.20431394;18.75489382;387.881;42.1354;13.0;0.8;221.833
1753875228.04;2.0;49.20431397;18.75489376;387.881;42.1354;13.0;0.8;221.652
1753875228.05;2.0;49.204314;18.7548937;387.8813;42.1354;13.0;0.8;221.513
1753875228.06;2.0;49.20431403;18.75489365;387.882;42.1354;13.0;0.8;221.391
1753875228.07;2.0;49.20431405;18.7548936;387.8829;42.1354;13.0;0.8;221.297
1753875228.08;2.0;49.20431407;18.75489355;387.8832;42.1354;13.0;0.8;221.23
1753875228.09;2.0;49.20431408;18.7548935;387.8829;42.1354;13.0;0.8;221.124
1753875228.1;2.0;49.20431409;18.75489346;387.8829;42.1354;13.0;0.8;220.995
1753875228.11;2.0;49.20431411;18.75489341;387.8828;42.1354;13.0;0.8;220.8
1753875228.12;2.0;49.20431411;18.75489337;387.8827;42.1354;13.0;0.8;220.599
1753875228.13;2.0;49.20431412;18.75489333;387.8826;42.1354;13.0;0.8;220.471
1753875228.14;2.0;49.20431412;18.7548933;387.883;42.1354;13.0;0.8;220.339
1753875228.15;2.0;49.20431412;18.75489328;387.8837;42.1354;13.0;0.8;220.222
1753875228.16;2.0;49.20431413;18.75489326;387.884;42.1354;13.0;0.8;220.089
1753875228.17;2.0;49.20431413;18.75489323;387.8846;42.1354;13.0;0.8;219.912
1753875228.18;2.0;49.20431414;18.75489321;387.8851;42.1354;13.0;0.8;219.751
1753875228.19;2.0;49.20431414;18.75489319;387.8851;42.1354;13.0;0.8;219.61
1753875228.2;2.0;49.20431415;18.75489318;387.8854;42.1354;13.0;0.8;219.458
1753875228.21;2.0;49.20431415;18.75489317;387.8856;42.1354;13.0;0.8;219.292
1753875228.22;2.0;49.20431416;18.75489316;387.8857;42.1354;13.0;0.8;219.165
1753875228.23;2.0;49.20431417;18.75489315;387.886;42.1354;13.0;0.8;219.025
1753875228.24;2.0;49.20431418;18.75489314;387.8859;42.1354;13.0;0.8;218.875
1753875228.25;2.0;49.20431419;18.75489313;387.8855;42.1354;13.0;0.8;218.714
1753875228.26;2.0;49.20431419;18.75489312;387.8859;42.1354;13.0;0.8;218.565
1753875228.27;2.0;49.2043142;18.75489312;387.8866;42.1354;13.0;0.8;218.423
1753875228.28;2.0;49.20431421;18.75489313;387.8869;42.1354;13.0;0.8;218.29
1753875228.29;2.0;49.20431421;18.75489313;387.8869;42.1354;13.0;0.8;218.202
1753875228.3;2.0;49.20431422;18.75489314;387.8865;42.1354;13.0;0.8;218.128
1753875228.31;2.0;49.20431423;18.75489314;387.8864;42.1354;13.0;0.8;218.012
1753875228.32;2.0;49.20431424;18.75489315;387.8862;42.1354;13.0;0.8;217.947
1753875228.33;2.0;49.20431425;18.75489316;387.8858;42.1354;13.0;0.8;217.911
1753875228.34;2.0;49.20431427;18.75489316;387.8858;42.1354;13.0;0.8;217.859
1753875228.35;2.0;49.20431427;18.75489317;387.8857;42.1354;13.0;0.8;217.842
1753875228.36;2.0;49.20431428;18.75489319;387.8863;42.1354;13.0;0.8;217.854
1753875228.37;2.0;49.20431428;18.7548932;387.8866;42.1354;13.0;0.8;217.818
1753875228.38;2.0;49.20431429;18.75489322;387.8866;42.1354;13.0;0.8;217.784
1753875228.39;2.0;49.20431429;18.75489324;387.8868;42.1354;13.0;0.8;217.807
1753875228.4;2.0;49.2043143;18.75489325;387.8865;42.1354;13.0;0.8;217.843
1753875228.41;2.0;49.2043143;18.75489327;387.886;42.1354;13.0;0.8;217.901
1753875228.42;2.0;49.20431431;18.75489329;387.8861;42.1354;13.0;0.8;217.943
1753875228.43;2.0;49.20431431;18.75489331;387.8858;42.1354;13.0;0.8;217.985
1753875228.44;2.0;49.20431432;18.75489333;387.8855;42.1354;13.0;0.8;218.049
1753875228.45;2.0;49.20431432;18.75489335;387.8858;42.1354;13.0;0.8;218.154
1753875228.46;2.0;49.20431432;18.75489337;387.8856;42.1354;13.0;0.8;218.222
1753875228.47;2.0;49.20431433;18.75489338;387.885;42.1354;13.0;0.8;218.284
1753875228.48;2.0;49.20431434;18.7548934;387.8841;42.1354;13.0;0.8;218.336
1753875228.49;2.0;49.20431434;18.75489341;387.8833;42.1354;13.0;0.8;218.367
1753875228.5;2.0;49.20431434;18.75489343;387.8829;42.1354;13.0;0.8;218.406
1753875228.51;2.0;49.20431435;18.75489345;387.882;42.1354;13.0;0.8;218.44
1753875228.52;2.0;49.20431436;18.75489346;387.8816;42.1354;13.0;0.8;218.506
1753875228.53;2.0;49.20431436;18.75489348;387.8816;42.1354;13.0;0.8;218.54
1753875228.54;2.0;49.20431437;18.75489349;387.8821;42.1354;13.0;0.8;218.539
1753875228.55;2.0;49.20431437;18.7548935;387.8824;42.1354;13.0;0.8;218.529
1753875228.56;2.0;49.20431438;18.75489351;387.8825;42.1354;13.0;0.8;218.553
1753875228.57;2.0;49.20431438;18.75489351;387.8827;42.1354;13.0;0.8;218.581
1753875228.58;2.0;49.20431438;18.75489352;387.8829;42.1354;13.0;0.8;218.609
1753875228.59;2.0;49.20431439;18.75489353;387.8831;42.1354;13.0;0.8;218.616
1753875228.6;2.0;49.2043144;18.75489354;387.8831;42.1354;13.0;0.8;218.608
1753875228.61;2.0;49.2043144;18.75489354;387.883;42.1354;13.0;0.8;218.601
1753875228.62;2.0;49.20431442;18.75489354;387.8831;42.1354;13.0;0.8;218.572
1753875228.63;2.0;49.20431443;18.75489354;387.8834;42.1354;13.0;0.8;218.509
1753875228.64;2.0;49.20431443;18.75489353;387.884;42.1354;13.0;0.8;218.488
1753875228.65;2.0;49.20431445;18.75489353;387.8834;42.1354;13.0;0.8;218.447
1753875228.66;2.0;49.20431446;18.75489352;387.8834;42.1354;13.0;0.8;218.433
1753875228.67;2.0;49.20431447;18.7548935;387.8834;42.1354;13.0;0.8;218.397
1753875228.68;2.0;49.20431447;18.75489349;387.8838;42.1354;13.0;0.8;218.373
1753875228.69;2.0;49.20431448;18.75489347;387.8842;42.1354;13.0;0.8;218.397
1753875228.7;2.0;49.20431449;18.75489346;387.8846;42.1354;13.0;0.8;218.4
1753875228.71;2.0;49.2043145;18.75489344;387.8848;42.1354;13.0;0.8;218.389
1753875228.72;2.0;49.20431452;18.75489342;387.8848;42.1354;13.0;0.8;218.367
1753875228.73;2.0;49.20431453;18.75489339;387.8849;42.1354;13.0;0.8;218.311
1753875228.74;2.0;49.20431454;18.75489337;387.8845;42.1354;13.0;0.8;218.288
1753875228.75;2.0;49.20431455;18.75489334;387.8838;42.1354;13.0;0.8;218.243
1753875228.76;2.0;49.20431456;18.75489332;387.8838;42.1354;13.0;0.8;218.169
1753875228.77;2.0;49.20431457;18.75489329;387.8838;42.1354;13.0;0.8;218.13
1753875228.78;2.0;49.20431458;18.75489325;387.8838;42.1354;13.0;0.8;218.092
1753875228.79;2.0;49.20431459;18.75489321;387.8843;42.1354;13.0;0.8;218.041
1753875228.8;2.0;49.20431461;18.75489318;387.8849;42.1354;13.0;0.8;217.955
1753875228.81;2.0;49.20431463;18.75489314;387.8843;42.1354;13.0;0.8;217.866
1753875228.82;2.0;49.20431465;18.7548931;387.8832;42.1354;13.0;0.8;217.83
1753875228.83;2.0;49.20431466;18.75489306;387.8825;42.1354;13.0;0.8;217.775
1753875228.84;2.0;49.20431468;18.75489301;387.8822;42.1354;13.0;0.8;217.703
1753875228.85;2.0;49.20431471;18.75489296;387.8819;42.1354;13.0;0.8;217.614
1753875228.86;2.0;49.20431473;18.75489291;387.8818;42.1354;13.0;0.8;217.545
1753875228.87;2.0;49.20431475;18.75489286;387.8826;42.1354;13.0;0.8;217.489
1753875228.88;2.0;49.20431478;18.75489281;387.8827;42.1354;13.0;0.8;217.488
1753875228.89;2.0;49.20431481;18.75489276;387.8827;42.1354;13.0;0.8;217.46
1753875228.9;2.0;49.20431484;18.75489271;387.8833;42.1354;13.0;0.8;217.415
1753875228.91;2.0;49.20431487;18.75489264;387.8835;42.1354;13.0;0.8;217.398
1753875228.92;2.0;49.2043149;18.75489257;387.8832;42.1354;13.0;0.8;217.359
1753875228.93;2.0;49.20431493;18.75489251;387.8826;42.1354;13.0;0.8;217.378
1753875228.94;2.0;49.20431496;18.75489245;387.8828;42.1354;13.0;0.8;217.425
1753875228.95;2.0;49.20431499;18.75489239;387.883;42.1354;13.0;0.8;217.408
1753875228.96;2.0;49.20431503;18.75489232;387.883;42.1354;13.0;0.8;217.397
1753875228.97;2.0;49.20431506;18.75489225;387.8831;42.1354;13.0;0.8;217.386
1753875228.98;2.0;49.2043151;18.75489217;387.8836;42.1354;13.0;0.8;217.413
1753875228.99;2.0;49.20431513;18.75489209;387.8842;42.1354;13.0;0.8;217.445
1753875229.0;2.0;49.20431516;18.75489201;387.8844;42.1354;13.0;0.8;217.506
1753875229.01;2.0;49.2043152;18.75489193;387.8841;42.1354;13.0;0.8;217.549
1753875229.02;2.0;49.20431523;18.75489185;387.8837;42.1354;13.0;0.8;217.576
1753875229.03;2.0;49.20431527;18.75489176;387.8827;42.1354;13.0;0.8;217.554
1753875229.04;2.0;49.20431531;18.75489168;387.8817;42.1354;13.0;0.8;217.514
1753875229.05;2.0;49.20431535;18.75489159;387.8804;42.1354;13.0;0.8;217.464
1753875229.06;2.0;49.20431539;18.75489151;387.8794;42.1354;13.0;0.8;217.422
1753875229.07;2.0;49.20431543;18.75489142;387.8788;42.1354;13.0;0.8;217.373
1753875229.08;2.0;49.20431547;18.75489134;387.8781;42.1354;13.0;0.8;217.362
1753875229.09;2.0;49.20431551;18.75489126;387.8768;42.1354;13.0;0.8;217.39
1753875229.1;2.0;49.20431555;18.75489118;387.876;42.1354;13.0;0.8;217.41
1753875229.11;2.0;49.20431558;18.7548911;387.8758;42.1354;13.0;0.8;217.437
1753875229.12;2.0;49.20431562;18.75489102;387.8758;42.1354;13.0;0.8;217.448
1753875229.13;2.0;49.20431567;18.75489094;387.8753;42.1354;13.0;0.8;217.433
1753875229.14;2.0;49.2043157;18.75489085;387.875;42.1354;13.0;0.8;217.377
1753875229.15;2.0;49.20431574;18.75489076;387.8749;42.1354;13.0;0.8;217.313
1753875229.16;2.0;49.20431578;18.75489067;387.8754;42.1354;13.0;0.8;217.24
1753875229.17;2.0;49.20431581;18.75489058;387.876;42.1354;13.0;0.8;217.262
1753875229.18;2.0;49.20431584;18.75489049;387.8764;42.1354;13.0;0.8;217.313
1753875229.19;2.0;49.20431588;18.7548904;387.8763;42.1354;13.0;0.8;217.319
1753875229.2;2.0;49.20431592;18.75489031;387.8766;42.1354;13.0;0.8;217.28
1753875229.21;2.0;49.20431595;18.75489022;387.8768;42.1354;13.0;0.8;217.249
1753875229.22;2.0;49.20431598;18.75489013;387.8777;42.1354;13.0;0.8;217.206
1753875229.23;2.0;49.20431601;18.75489004;387.8785;42.1354;13.0;0.8;217.181
1753875229.24;2.0;49.20431604;18.75488995;387.8787;42.1354;13.0;0.8;217.201
1753875229.25;2.0;49.20431608;18.75488987;387.8793;42.1354;13.0;0.8;217.234
1753875229.26;2.0;49.20431612;18.75488978;387.8796;42.1354;13.0;0.8;217.212
1753875229.27;2.0;49.20431615;18.7548897;387.8807;42.1354;13.0;0.8;217.203
1753875229.28;2.0;49.20431619;18.75488962;387.8814;42.1354;13.0;0.8;217.182
1753875229.29;2.0;49.20431622;18.75488954;387.882;42.1354;13.0;0.8;217.154
1753875229.3;2.0;49.20431625;18.75488947;387.8818;42.1354;13.0;0.8;217.126
1753875229.31;2.0;49.20431629;18.75488939;387.8814;42.1354;13.0;0.8;217.121
1753875229.32;2.0;49.20431632;18.75488931;387.8809;42.1354;13.0;0.8;217.131
1753875229.33;2.0;49.20431635;18.75488924;387.8803;42.1354;13.0;0.8;217.107
1753875229.34;2.0;49.20431638;18.75488917;387.88;42.1354;13.0;0.8;217.096
1753875229.35;2.0;49.20431642;18.7548891;387.8798;42.1354;13.0;0.8;217.096
1753875229.36;2.0;49.20431644;18.75488903;387.8797;42.1354;13.0;0.8;217.16
1753875229.37;2.0;49.20431647;18.75488895;387.88;42.1354;13.0;0.8;217.238
1753875229.38;2.0;49.2043165;18.75488888;387.8801;42.1354;13.0;0.8;217.281
1753875229.39;2.0;49.20431653;18.75488881;387.8802;42.1354;13.0;0.8;217.337
1753875229.4;2.0;49.20431656;18.75488873;387.8801;42.1354;13.0;0.8;217.377
1753875229.41;2.0;49.20431659;18.75488865;387.8797;42.1354;13.0;0.8;217.366
1753875229.42;2.0;49.20431662;18.75488858;387.879;42.1354;13.0;0.8;217.333
1753875229.43;2.0;49.20431665;18.7548885;387.8787;42.1354;13.0;0.8;217.311
1753875229.44;2.0;49.20431669;18.75488842;387.8778;42.1354;13.0;0.8;217.332
1753875229.45;2.0;49.2043167;18.75488837;387.8772;42.1354;13.0;0.8;217.348
1753875229.46;2.0;49.20431673;18.7548883;387.8762;42.1354;13.0;0.8;217.402
1753875229.47;2.0;49.20431676;18.75488823;387.875;42.1354;13.0;0.8;217.296
1753875229.48;2.0;49.2043168;18.75488818;387.8754;42.1354;13.0;0.8;217.083
1753875229.49;2.0;49.20431683;18.7548881;387.8764;42.1354;13.0;0.8;217.278
1753875229.5;2.0;49.20431685;18.75488801;387.8768;42.1354;13.0;0.8;217.152
1753875229.51;2.0;49.20431689;18.75488792;387.8797;42.1354;13.0;0.8;217.169
1753875229.52;2.0;49.20431691;18.75488784;387.8808;42.1354;13.0;0.8;217.089
1753875229.53;2.0;49.20431695;18.75488775;387.8815;42.1354;13.0;0.8;217.156
1753875229.54;2.0;49.20431697;18.75488766;387.8776;42.1354;13.0;0.8;216.821
1753875229.55;2.0;49.20431699;18.75488758;387.8785;42.1354;13.0;0.8;216.917
1753875229.56;2.0;49.20431704;18.7548875;387.879;42.1354;13.0;0.8;216.978
1753875229.57;2.0;49.20431708;18.7548874;387.8796;42.1354;13.0;0.8;217.154
1753875229.58;2.0;49.20431711;18.75488732;387.8773;42.1354;13.0;0.8;217.217
1753875229.59;2.0;49.20431715;18.75488726;387.8779;42.1354;13.0;0.8;217.242
1753875229.6;2.0;49.20431717;18.75488716;387.8782;42.1354;13.0;0.8;217.071
1753875229.61;2.0;49.20431722;18.75488707;387.8765;42.1354;13.0;0.8;217.312
1753875229.62;2.0;49.20431725;18.75488701;387.8771;42.1354;13.0;0.8;217.439
1753875229.63;2.0;49.20431727;18.75488695;387.875;42.1354;13.0;0.8;217.454
1753875229.64;2.0;49.2043173;18.75488691;387.8758;42.1354;13.0;0.8;217.282
1753875229.65;2.0;49.20431734;18.75488684;387.8735;42.1354;13.0;0.8;217.413
1753875229.66;2.0;49.20431737;18.75488677;387.8705;42.1354;13.0;0.8;217.579
1753875229.67;2.0;49.20431738;18.75488669;387.8704;42.1354;13.0;0.8;217.535
1753875229.68;2.0;49.20431741;18.75488663;387.8729;42.1354;13.0;0.8;217.601
1753875229.69;2.0;49.20431745;18.75488655;387.8717;42.1354;13.0;0.8;217.406
1753875229.7;2.0;49.20431747;18.75488647;387.8721;42.1354;13.0;0.8;217.393
1753875229.71;2.0;49.2043175;18.75488636;387.8712;42.1354;13.0;0.8;217.207
1753875229.72;2.0;49.20431754;18.75488631;387.871;42.1354;13.0;0.8;217.257
1753875229.73;2.0;49.20431757;18.75488623;387.8719;42.1354;13.0;0.8;217.319
1753875229.74;2.0;49.2043176;18.75488618;387.8698;42.1354;13.0;0.8;217.173
1753875229.75;2.0;49.20431762;18.75488608;387.8717;42.1354;13.0;0.8;217.268
1753875229.76;2.0;49.20431765;18.75488599;387.8693;42.1354;13.0;0.8;217.183
1753875229.77;2.0;49.20431766;18.75488594;387.8674;42.1354;13.0;0.8;217.155
1753875229.78;2.0;49.20431767;18.75488588;387.8657;42.1354;13.0;0.8;217.29
1753875229.79;2.0;49.20431769;18.75488584;387.8693;42.1354;13.0;0.8;217.435
1753875229.8;2.0;49.2043177;18.75488577;387.8661;42.1354;13.0;0.8;217.563
1753875229.81;2.0;49.20431773;18.7548857;387.8634;42.1354;13.0;0.8;217.495
1753875229.82;2.0;49.20431776;18.75488563;387.8641;42.1354;13.0;0.8;217.172
1753875229.83;2.0;49.20431779;18.75488556;387.8654;42.1354;13.0;0.8;217.122
1753875229.84;2.0;49.20431781;18.75488551;387.8628;42.1354;13.0;0.8;216.819
1753875229.85;2.0;49.20431783;18.75488545;387.8642;42.1354;13.0;0.8;216.82
1753875229.86;2.0;49.20431786;18.75488541;387.8638;42.1354;13.0;0.8;216.674
1753875229.87;2.0;49.20431789;18.75488534;387.8607;42.1354;13.0;0.8;216.855
1753875229.88;2.0;49.20431791;18.75488529;387.8571;42.1354;13.0;0.8;216.935
1753875229.89;2.0;49.20431793;18.75488522;387.8556;42.1354;13.0;0.8;216.995
1753875229.9;2.0;49.20431793;18.75488517;387.857;42.1354;13.0;0.8;216.87
1753875229.91;2.0;49.20431795;18.75488513;387.8581;42.1354;13.0;0.8;216.97
1753875229.92;2.0;49.20431797;18.75488507;387.8593;42.1354;13.0;0.8;217.238
1753875229.93;2.0;49.20431798;18.75488501;387.8562;42.1354;13.0;0.8;217.235
1753875229.94;2.0;49.20431798;18.75488497;387.8569;42.1354;13.0;0.8;217.255
1753875229.95;2.0;49.20431799;18.75488492;387.856;42.1354;13.0;0.8;217.196
1753875229.96;2.0;49.204318;18.75488486;387.8531;42.1354;13.0;0.8;217.226
1753875229.97;2.0;49.20431801;18.7548848;387.8508;42.1354;13.0;0.8;217.271
1753875229.98;2.0;49.204318;18.75488477;387.8514;42.1354;13.0;0.8;217.195
1753875229.99;2.0;49.204318;18.7548847;387.8532;42.1354;13.0;0.8;217.188
1753875230.0;2.0;49.20431801;18.75488463;387.851;42.1354;13.0;0.8;217.109
1753875230.01;2.0;49.20431802;18.75488459;387.8533;42.1354;13.0;0.8;217.124
1753875230.02;2.0;49.20431802;18.75488454;387.8531;42.1354;13.0;0.8;216.737
1753875230.03;2.0;49.20431802;18.7548845;387.8538;42.1354;13.0;0.8;216.819
1753875230.04;2.0;49.20431804;18.75488444;387.8533;42.1354;13.0;0.8;216.647
1753875230.05;2.0;49.20431805;18.75488439;387.8529;42.1354;13.0;0.8;216.366
1753875230.06;2.0;49.20431806;18.75488434;387.8534;42.1354;13.0;0.8;216.116
1753875230.07;2.0;49.20431808;18.75488429;387.8515;42.1354;13.0;0.8;215.879
1753875230.08;2.0;49.20431809;18.75488423;387.8504;42.1354;13.0;0.8;215.802
1753875230.09;2.0;49.20431812;18.75488417;387.851;42.1354;13.0;0.8;215.295
1753875230.1;2.0;49.20431813;18.75488411;387.8537;42.1354;13.0;0.8;215.023
1753875230.11;2.0;49.20431817;18.75488403;387.8536;42.1354;13.0;0.8;214.876
1753875230.12;2.0;49.2043182;18.75488392;387.8516;42.1354;13.0;0.8;214.74
1753875230.13;2.0;49.20431823;18.75488383;387.8508;42.1354;13.0;0.8;214.479
1753875230.14;2.0;49.20431826;18.75488374;387.8487;42.1354;13.0;0.8;214.187
1753875230.15;2.0;49.20431827;18.75488365;387.8495;42.1354;13.0;0.8;213.552
1753875230.16;2.0;49.20431831;18.75488356;387.8476;42.1354;13.0;0.8;213.265
1753875230.17;2.0;49.20431834;18.75488345;387.8458;42.1354;13.0;0.8;212.876
1753875230.18;2.0;49.20431834;18.75488335;387.8468;42.1354;13.0;0.8;212.32
1753875230.19;2.0;49.20431835;18.75488326;387.8472;42.1354;13.0;0.8;211.985
1753875230.2;2.0;49.2043184;18.75488316;387.8482;42.1354;13.0;0.8;211.444
1753875230.21;2.0;49.2043184;18.75488307;387.8492;42.1354;13.0;0.8;210.929
1753875230.22;2.0;49.20431842;18.75488298;387.8487;42.1354;13.0;0.8;210.334
1753875230.23;2.0;49.20431845;18.7548829;387.8484;42.1354;13.0;0.8;209.807
1753875230.24;2.0;49.20431846;18.75488279;387.8501;42.1354;13.0;0.8;209.368
1753875230.25;2.0;49.20431846;18.75488271;387.8516;42.1354;13.0;0.8;208.729
1753875230.26;2.0;49.20431844;18.75488263;387.8496;42.1354;13.0;0.8;208.322
1753875230.27;2.0;49.20431844;18.75488254;387.8495;42.1354;13.0;0.8;208.197
1753875230.28;2.0;49.20431845;18.75488244;387.8486;42.1354;13.0;0.8;207.646
1753875230.29;2.0;49.20431846;18.75488237;387.8459;42.1354;13.0;0.8;207.223
1753875230.3;2.0;49.20431846;18.7548823;387.8475;42.1354;13.0;0.8;206.922
1753875230.31;2.0;49.20431848;18.75488222;387.8472;42.1354;13.0;0.8;206.499
1753875230.32;2.0;49.20431845;18.75488213;387.8485;42.1354;13.0;0.8;205.844
1753875230.33;2.0;49.20431842;18.75488204;387.8489;42.1354;13.0;0.8;205.239
1753875230.34;2.0;49.2043184;18.75488197;387.8482;42.1354;13.0;0.8;204.749
1753875230.35;2.0;49.20431839;18.75488187;387.8496;42.1354;13.0;0.8;204.297
1753875230.36;2.0;49.20431836;18.7548818;387.8527;42.1354;13.0;0.8;203.977
1753875230.37;2.0;49.20431834;18.75488172;387.8487;42.1354;13.0;0.8;203.238
1753875230.38;2.0;49.20431832;18.75488165;387.851;42.1354;13.0;0.8;202.85
1753875230.39;2.0;49.2043183;18.75488159;387.8504;42.1354;13.0;0.8;202.647
1753875230.4;2.0;49.20431829;18.75488153;387.8473;42.1354;13.0;0.8;202.149
1753875230.41;2.0;49.20431827;18.75488144;387.8473;42.1354;13.0;0.8;201.751
1753875230.42;2.0;49.20431827;18.75488138;387.8476;42.1354;13.0;0.8;201.15
1753875230.43;2.0;49.20431827;18.75488131;387.8487;42.1354;13.0;0.8;200.916
1753875230.44;2.0;49.20431825;18.75488123;387.8476;42.1354;13.0;0.8;200.544
1753875230.45;2.0;49.20431825;18.75488113;387.8493;42.1354;13.0;0.8;199.966
1753875230.46;2.0;49.20431823;18.75488105;387.8485;42.1354;13.0;0.8;199.393
1753875230.47;2.0;49.20431822;18.75488095;387.8511;42.1354;13.0;0.8;198.686
1753875230.48;2.0;49.20431822;18.75488088;387.853;42.1354;13.0;0.8;198.133
1753875230.49;2.0;49.20431822;18.7548808;387.8533;42.1354;13.0;0.8;197.867
1753875230.5;2.0;49.20431821;18.75488072;387.8498;42.1354;13.0;0.8;197.495
1753875230.51;2.0;49.20431822;18.75488062;387.8515;42.1354;13.0;0.8;197.105
1753875230.52;2.0;49.20431819;18.75488052;387.8507;42.1354;13.0;0.8;196.708
1753875230.53;2.0;49.20431816;18.75488044;387.8512;42.1354;13.0;0.8;196.157
1753875230.54;2.0;49.20431816;18.75488036;387.8533;42.1354;13.0;0.8;195.907
1753875230.55;2.0;49.20431817;18.75488027;387.8516;42.1354;13.0;0.8;195.3
1753875230.56;2.0;49.20431814;18.75488018;387.851;42.1354;13.0;0.8;194.77
1753875230.57;2.0;49.20431811;18.75488011;387.8516;42.1354;13.0;0.8;194.272
1753875230.58;2.0;49.2043181;18.75488001;387.8524;42.1354;13.0;0.8;193.56
1753875230.59;2.0;49.20431809;18.75487993;387.8511;42.1354;13.0;0.8;193.033
1753875230.6;2.0;49.20431806;18.75487985;387.8523;42.1354;13.0;0.8;192.734
1753875230.61;2.0;49.20431802;18.75487977;387.8542;42.1354;13.0;0.8;192.326
1753875230.62;2.0;49.20431799;18.7548797;387.8562;42.1354;13.0;0.8;191.639
1753875230.63;2.0;49.20431797;18.75487962;387.8538;42.1354;13.0;0.8;191.223
1753875230.64;2.0;49.20431796;18.75487953;387.8519;42.1354;13.0;0.8;190.714
1753875230.65;2.0;49.20431793;18.75487945;387.855;42.1354;13.0;0.8;190.307
1753875230.66;2.0;49.20431792;18.75487936;387.8557;42.1354;13.0;0.8;190.244
1753875230.67;2.0;49.2043179;18.75487929;387.8555;42.1354;13.0;0.8;189.618
1753875230.68;2.0;49.20431787;18.75487919;387.8529;42.1354;13.0;0.8;189.168
1753875230.69;2.0;49.20431786;18.75487908;387.8548;42.1354;13.0;0.8;188.744
1753875230.7;2.0;49.20431785;18.75487898;387.8552;42.1354;13.0;0.8;188.342
1753875230.71;2.0;49.20431783;18.75487888;387.8547;42.1354;13.0;0.8;187.728
1753875230.72;2.0;49.20431782;18.75487882;387.8529;42.1354;13.0;0.8;187.338
1753875230.73;2.0;49.20431778;18.75487871;387.8535;42.1354;13.0;0.8;186.948
1753875230.74;2.0;49.20431776;18.75487861;387.8564;42.1354;13.0;0.8;186.295
1753875230.75;2.0;49.20431773;18.75487854;387.8597;42.1354;13.0;0.8;185.709
1753875230.76;2.0;49.20431771;18.75487842;387.8606;42.1354;13.0;0.8;185.085
1753875230.77;2.0;49.20431768;18.75487833;387.8595;42.1354;13.0;0.8;184.488
1753875230.78;2.0;49.20431762;18.75487824;387.8639;42.1354;13.0;0.8;183.996
1753875230.79;2.0;49.20431761;18.75487816;387.8633;42.1354;13.0;0.8;183.583
1753875230.8;2.0;49.20431758;18.75487805;387.8635;42.1354;13.0;0.8;183.107
1753875230.81;2.0;49.20431756;18.75487793;387.8642;42.1354;13.0;0.8;182.427
1753875230.82;2.0;49.20431753;18.75487787;387.8629;42.1354;13.0;0.8;181.794
1753875230.83;2.0;49.20431749;18.75487781;387.8623;42.1354;13.0;0.8;181.313
1753875230.84;2.0;49.20431746;18.75487773;387.8642;42.1354;13.0;0.8;180.736
1753875230.85;2.0;49.20431741;18.75487766;387.865;42.1354;13.0;0.8;180.144
1753875230.86;2.0;49.2043174;18.75487758;387.8621;42.1354;13.0;0.8;179.379
1753875230.87;2.0;49.20431737;18.75487751;387.8606;42.1354;13.0;0.8;179.074
1753875230.88;2.0;49.20431732;18.75487745;387.861;42.1354;13.0;0.8;178.48
1753875230.89;2.0;49.2043173;18.75487737;387.8643;42.1354;13.0;0.8;177.911
1753875230.9;2.0;49.20431724;18.75487732;387.865;42.1354;13.0;0.8;177.197
1753875230.91;2.0;49.20431721;18.75487725;387.8644;42.1354;13.0;0.8;176.801
1753875230.92;2.0;49.20431719;18.75487719;387.864;42.1354;13.0;0.8;176.111
1753875230.93;2.0;49.20431715;18.75487713;387.8658;42.1354;13.0;0.8;175.475
1753875230.94;2.0;49.20431709;18.75487708;387.8649;42.1354;13.0;0.8;174.844
1753875230.95;2.0;49.20431706;18.75487703;387.8653;42.1354;13.0;0.8;174.504
1753875230.96;2.0;49.20431702;18.75487695;387.8649;42.1354;13.0;0.8;173.878
1753875230.97;2.0;49.20431697;18.75487689;387.8633;42.1354;13.0;0.8;173.104
1753875230.98;2.0;49.20431694;18.75487682;387.8664;42.1354;13.0;0.8;172.718
1753875230.99;2.0;49.2043169;18.7548768;387.8637;42.1354;13.0;0.8;171.937
1753875231.0;2.0;49.20431688;18.75487676;387.8653;42.1354;13.0;0.8;171.508
1753875231.01;2.0;49.20431685;18.75487669;387.8673;42.1354;13.0;0.8;170.922
1753875231.02;2.0;49.20431678;18.75487662;387.8709;42.1354;13.0;0.8;170.517
1753875231.03;2.0;49.20431675;18.75487656;387.8746;42.1354;13.0;0.8;169.849
1753875231.04;2.0;49.2043167;18.7548765;387.8776;42.1354;13.0;0.8;169.373
1753875231.05;2.0;49.20431666;18.75487642;387.8773;42.1354;13.0;0.8;168.86
1753875231.06;2.0;49.20431666;18.75487637;387.876;42.1354;13.0;0.8;168.248
1753875231.07;2.0;49.20431661;18.75487631;387.8711;42.1354;13.0;0.8;167.873
1753875231.08;2.0;49.20431656;18.75487626;387.8734;42.1354;13.0;0.8;167.071
1753875231.09;2.0;49.20431652;18.75487621;387.8764;42.1354;13.0;0.8;166.462
1753875231.1;2.0;49.20431649;18.75487614;387.8792;42.1354;13.0;0.8;166.061
1753875231.11;2.0;49.20431647;18.75487605;387.8807;42.1354;13.0;0.8;165.304
1753875231.12;2.0;49.20431643;18.75487599;387.8789;42.1354;13.0;0.8;164.54
1753875231.13;2.0;49.20431641;18.75487594;387.8799;42.1354;13.0;0.8;163.875
1753875231.14;2.0;49.20431635;18.75487586;387.8785;42.1354;13.0;0.8;163.23
1753875231.15;2.0;49.2043163;18.7548758;387.8819;42.1354;13.0;0.8;162.716
1753875231.16;2.0;49.20431626;18.75487572;387.8867;42.1354;13.0;0.8;162.132
1753875231.17;2.0;49.20431622;18.75487565;387.8861;42.1354;13.0;0.8;161.251
1753875231.18;2.0;49.2043162;18.7548756;387.8831;42.1354;13.0;0.8;160.962
1753875231.19;2.0;49.20431616;18.75487555;387.8772;42.1354;13.0;0.8;160.527
1753875231.2;2.0;49.2043161;18.75487548;387.8758;42.1354;13.0;0.8;159.99
1753875231.21;2.0;49.20431607;18.75487542;387.8807;42.1354;13.0;0.8;159.266
1753875231.22;2.0;49.20431602;18.75487534;387.8855;42.1354;13.0;0.8;158.638
1753875231.23;2.0;49.20431599;18.75487529;387.8826;42.1354;13.0;0.8;158.087
1753875231.24;2.0;49.20431592;18.75487523;387.8779;42.1354;13.0;0.8;157.61
1753875231.25;2.0;49.20431587;18.75487517;387.8765;42.1354;13.0;0.8;157.076
1753875231.26;2.0;49.20431582;18.75487512;387.8745;42.1354;13.0;0.8;156.497
1753875231.27;2.0;49.20431577;18.75487507;387.8786;42.1354;13.0;0.8;155.949
1753875231.28;2.0;49.20431571;18.75487498;387.8821;42.1354;13.0;0.8;155.402
1753875231.29;2.0;49.20431567;18.75487494;387.8794;42.1354;13.0;0.8;154.621
1753875231.3;2.0;49.20431561;18.75487487;387.8772;42.1354;13.0;0.8;154.143
1753875231.31;2.0;49.20431558;18.75487478;387.8758;42.1354;13.0;0.8;153.87
1753875231.32;2.0;49.20431553;18.75487474;387.873;42.1354;13.0;0.8;153.298
1753875231.33;2.0;49.20431548;18.75487469;387.8753;42.1354;13.0;0.8;152.695
1753875231.34;2.0;49.20431541;18.75487464;387.8769;42.1354;13.0;0.8;152.031
1753875231.35;2.0;49.20431536;18.75487457;387.8772;42.1354;13.0;0.8;151.444
1753875231.36;2.0;49.20431531;18.75487452;387.8768;42.1354;13.0;0.8;150.82
1753875231.37;2.0;49.20431527;18.75487445;387.8746;42.1354;13.0;0.8;150.362
1753875231.38;2.0;49.20431523;18.75487441;387.8753;42.1354;13.0;0.8;149.69
1753875231.39;2.0;49.20431517;18.75487435;387.8739;42.1354;13.0;0.8;149.193
1753875231.4;2.0;49.20431511;18.75487433;387.873;42.1354;13.0;0.8;148.719
1753875231.41;2.0;49.20431507;18.75487426;387.8729;42.1354;13.0;0.8;148.287
1753875231.42;2.0;49.20431501;18.75487421;387.8732;42.1354;13.0;0.8;147.598
1753875231.43;2.0;49.20431497;18.75487415;387.8734;42.1354;13.0;0.8;146.778
1753875231.44;2.0;49.2043149;18.75487409;387.8718;42.1354;13.0;0.8;146.11
1753875231.45;2.0;49.20431485;18.75487404;387.871;42.1354;13.0;0.8;145.625
1753875231.46;2.0;49.20431479;18.75487399;387.8704;42.1354;13.0;0.8;145.058
1753875231.47;2.0;49.20431474;18.75487394;387.8699;42.1354;13.0;0.8;144.495
1753875231.48;2.0;49.20431469;18.7548739;387.8696;42.1354;13.0;0.8;143.937
1753875231.49;2.0;49.20431463;18.75487385;387.8696;42.1354;13.0;0.8;143.368
1753875231.5;2.0;49.20431457;18.75487381;387.8703;42.1354;13.0;0.8;142.779
1753875231.51;2.0;49.20431452;18.75487376;387.8708;42.1354;13.0;0.8;142.181
1753875231.52;2.0;49.20431446;18.75487372;387.8715;42.1354;13.0;0.8;141.637
1753875231.53;2.0;49.2043144;18.75487368;387.8724;42.1354;13.0;0.8;141.115
1753875231.54;2.0;49.20431434;18.75487364;387.8731;42.1354;13.0;0.8;140.563
1753875231.55;2.0;49.20431428;18.7548736;387.8738;42.1354;13.0;0.8;139.953
1753875231.56;2.0;49.20431422;18.75487356;387.8741;42.1354;13.0;0.8;139.357
1753875231.57;2.0;49.20431416;18.75487352;387.8737;42.1354;13.0;0.8;138.753
1753875231.58;2.0;49.2043141;18.75487349;387.8734;42.1354;13.0;0.8;138.182
1753875231.59;2.0;49.20431404;18.75487345;387.874;42.1354;13.0;0.8;137.581
1753875231.6;2.0;49.20431398;18.75487341;387.8744;42.1354;13.0;0.8;137.001
1753875231.61;2.0;49.20431392;18.75487339;387.8747;42.1354;13.0;0.8;136.428
1753875231.62;2.0;49.20431386;18.75487336;387.875;42.1354;13.0;0.8;135.854
1753875231.63;2.0;49.2043138;18.75487333;387.8751;42.1354;13.0;0.8;135.269
1753875231.64;2.0;49.20431374;18.75487331;387.8759;42.1354;13.0;0.8;134.685
1753875231.65;2.0;49.20431368;18.75487328;387.8763;42.1354;13.0;0.8;134.07
1753875231.66;2.0;49.20431362;18.75487326;387.8764;42.1354;13.0;0.8;133.454
1753875231.67;2.0;49.20431356;18.75487324;387.8764;42.1354;13.0;0.8;132.863
1753875231.68;2.0;49.20431351;18.75487322;387.8769;42.1354;13.0;0.8;132.262
1753875231.69;2.0;49.20431344;18.7548732;387.8777;42.1354;13.0;0.8;131.637
1753875231.7;2.0;49.20431339;18.75487318;387.8784;42.1354;13.0;0.8;130.993
1753875231.71;2.0;49.20431334;18.75487316;387.8791;42.1354;13.0;0.8;130.372
1753875231.72;2.0;49.20431329;18.75487315;387.8796;42.1354;13.0;0.8;129.752
1753875231.73;2.0;49.20431323;18.75487312;387.8803;42.1354;13.0;0.8;129.164
1753875231.74;2.0;49.20431318;18.75487311;387.8807;42.1354;13.0;0.8;128.559
1753875231.75;2.0;49.20431313;18.75487309;387.8807;42.1354;13.0;0.8;127.979
1753875231.76;2.0;49.20431308;18.75487306;387.8805;42.1354;13.0;0.8;127.443
1753875231.77;2.0;49.20431302;18.75487304;387.8802;42.1354;13.0;0.8;126.894
1753875231.78;2.0;49.20431297;18.75487303;387.88;42.1354;13.0;0.8;126.347
1753875231.79;2.0;49.20431292;18.75487301;387.8801;42.1354;13.0;0.8;125.801
1753875231.8;2.0;49.20431286;18.754873;387.8792;42.1354;13.0;0.8;125.235
1753875231.81;2.0;49.20431281;18.75487298;387.8788;42.1354;13.0;0.8;124.636
1753875231.82;2.0;49.20431276;18.75487297;387.8789;42.1354;13.0;0.8;124.055
1753875231.83;2.0;49.20431271;18.75487295;387.8795;42.1354;13.0;0.8;123.472
1753875231.84;2.0;49.20431265;18.75487294;387.8793;42.1354;13.0;0.8;122.906
1753875231.85;2.0;49.2043126;18.75487293;387.8785;42.1354;13.0;0.8;122.333
1753875231.86;2.0;49.20431255;18.75487292;387.8777;42.1354;13.0;0.8;121.747
1753875231.87;2.0;49.20431249;18.75487291;387.8781;42.1354;13.0;0.8;121.189
1753875231.88;2.0;49.20431243;18.7548729;387.8785;42.1354;13.0;0.8;120.647
1753875231.89;2.0;49.20431238;18.75487289;387.8789;42.1354;13.0;0.8;120.095
1753875231.9;2.0;49.20431232;18.75487288;387.88;42.1354;13.0;0.8;119.533
1753875231.91;2.0;49.20431226;18.75487287;387.881;42.1354;13.0;0.8;118.966
1753875231.92;2.0;49.20431221;18.75487286;387.8816;42.1354;13.0;0.8;118.433
1753875231.93;2.0;49.20431215;18.75487285;387.882;42.1354;13.0;0.8;117.914
1753875231.94;2.0;49.20431209;18.75487284;387.8823;42.1354;13.0;0.8;117.406
1753875231.95;2.0;49.20431204;18.75487284;387.8822;42.1354;13.0;0.8;116.896
1753875231.96;2.0;49.20431198;18.75487283;387.882;42.1354;13.0;0.8;116.37
1753875231.97;2.0;49.20431193;18.75487282;387.8822;42.1354;13.0;0.8;115.798
1753875231.98;2.0;49.20431187;18.75487282;387.8822;42.1354;13.0;0.8;115.236
1753875231.99;2.0;49.20431181;18.75487282;387.8821;42.1354;13.0;0.8;114.643
1753875232.0;2.0;49.20431176;18.75487282;387.8818;42.1354;13.0;0.8;114.013
1753875232.01;2.0;49.2043117;18.75487282;387.8811;42.1354;13.0;0.8;113.426
1753875232.02;2.0;49.20431164;18.75487283;387.8808;42.1354;13.0;0.8;112.908
1753875232.03;2.0;49.20431158;18.75487283;387.8806;42.1354;13.0;0.8;112.387
1753875232.04;2.0;49.20431153;18.75487284;387.8794;42.1354;13.0;0.8;111.808
1753875232.05;2.0;49.20431147;18.75487284;387.8778;42.1354;13.0;0.8;111.268
1753875232.06;2.0;49.20431142;18.75487285;387.8762;42.1354;13.0;0.8;110.7
1753875232.07;2.0;49.20431136;18.75487285;387.875;42.1354;13.0;0.8;110.14
1753875232.08;2.0;49.20431131;18.75487286;387.8744;42.1354;13.0;0.8;109.537
1753875232.09;2.0;49.20431126;18.75487287;387.8738;42.1354;13.0;0.8;108.892
1753875232.1;2.0;49.2043112;18.75487288;387.8739;42.1354;13.0;0.8;108.255
1753875232.11;2.0;49.20431116;18.7548729;387.8743;42.1354;13.0;0.8;107.679
1753875232.12;2.0;49.20431111;18.75487292;387.8747;42.1354;13.0;0.8;107.119
1753875232.13;2.0;49.20431106;18.75487294;387.8745;42.1354;13.0;0.8;106.531
1753875232.14;2.0;49.20431102;18.75487296;387.8733;42.1354;13.0;0.8;105.943
1753875232.15;2.0;49.20431097;18.75487299;387.8725;42.1354;13.0;0.8;105.387
1753875232.16;2.0;49.20431093;18.75487302;387.8717;42.1354;13.0;0.8;104.872
1753875232.17;2.0;49.20431089;18.75487304;387.8709;42.1354;13.0;0.8;104.345
1753875232.18;2.0;49.20431086;18.75487307;387.8704;42.1354;13.0;0.8;103.782
1753875232.19;2.0;49.20431081;18.7548731;387.8701;42.1354;13.0;0.8;103.271
1753875232.2;2.0;49.20431078;18.75487312;387.8702;42.1354;13.0;0.8;102.723
1753875232.21;2.0;49.20431074;18.75487315;387.8693;42.1354;13.0;0.8;102.192
1753875232.22;2.0;49.2043107;18.75487318;387.8679;42.1354;13.0;0.8;101.698
1753875232.23;2.0;49.20431066;18.7548732;387.8663;42.1354;13.0;0.8;101.139
1753875232.24;2.0;49.20431062;18.75487323;387.8651;42.1354;13.0;0.8;100.522
1753875232.25;2.0;49.20431058;18.75487326;387.8645;42.1354;13.0;0.8;99.924
1753875232.26;2.0;49.20431054;18.75487329;387.8636;42.1354;13.0;0.8;99.385
1753875232.27;2.0;49.2043105;18.75487332;387.8631;42.1354;13.0;0.8;98.88
1753875232.28;2.0;49.20431046;18.75487335;387.8623;42.1354;13.0;0.8;98.375
1753875232.29;2.0;49.20431042;18.75487338;387.8612;42.1354;13.0;0.8;97.885
1753875232.3;2.0;49.20431037;18.7548734;387.8603;42.1354;13.0;0.8;97.312
1753875232.31;2.0;49.20431033;18.75487343;387.8596;42.1354;13.0;0.8;96.715
1753875232.32;2.0;49.20431028;18.75487346;387.8586;42.1354;13.0;0.8;96.12
1753875232.33;2.0;49.20431024;18.75487349;387.8573;42.1354;13.0;0.8;95.545
1753875232.34;2.0;49.20431019;18.75487353;387.8568;42.1354;13.0;0.8;94.998
1753875232.35;2.0;49.20431015;18.75487357;387.8563;42.1354;13.0;0.8;94.462
1753875232.36;2.0;49.2043101;18.75487361;387.8555;42.1354;13.0;0.8;93.822
1753875232.37;2.0;49.20431005;18.75487364;387.8545;42.1354;13.0;0.8;93.151
1753875232.38;2.0;49.20431;18.75487367;387.8539;42.1354;13.0;0.8;92.46
1753875232.39;2.0;49.20430995;18.75487371;387.8532;42.1354;13.0;0.8;91.81
1753875232.4;2.0;49.20430991;18.75487374;387.8523;42.1354;13.0;0.8;91.171
1753875232.41;2.0;49.20430986;18.75487377;387.8513;42.1354;13.0;0.8;90.515
1753875232.42;2.0;49.20430981;18.75487381;387.8514;42.1354;13.0;0.8;89.858
1753875232.43;2.0;49.20430977;18.75487384;387.8517;42.1354;13.0;0.8;89.268
1753875232.44;2.0;49.20430972;18.75487388;387.8517;42.1354;13.0;0.8;88.762
1753875232.45;2.0;49.20430968;18.75487392;387.851;42.1354;13.0;0.8;88.232
1753875232.46;2.0;49.20430964;18.75487397;387.8502;42.1354;13.0;0.8;87.671
1753875232.47;2.0;49.2043096;18.75487401;387.8492;42.1354;13.0;0.8;87.103
1753875232.48;2.0;49.20430956;18.75487406;387.8484;42.1354;13.0;0.8;86.553
1753875232.49;2.0;49.20430951;18.7548741;387.8478;42.1354;13.0;0.8;85.945
1753875232.5;2.0;49.20430948;18.75487415;387.8473;42.1354;13.0;0.8;85.326
1753875232.51;2.0;49.20430944;18.75487421;387.8466;42.1354;13.0;0.8;84.771
1753875232.52;2.0;49.20430941;18.75487426;387.8456;42.1354;13.0;0.8;84.232
1753875232.53;2.0;49.20430937;18.75487431;387.8448;42.1354;13.0;0.8;83.738
1753875232.54;2.0;49.20430933;18.75487436;387.8439;42.1354;13.0;0.8;83.211
1753875232.55;2.0;49.2043093;18.75487442;387.8426;42.1354;13.0;0.8;82.668
1753875232.56;2.0;49.20430927;18.75487448;387.8411;42.1354;13.0;0.8;82.131
1753875232.57;2.0;49.20430924;18.75487454;387.8393;42.1354;13.0;0.8;81.606
1753875232.58;2.0;49.20430921;18.7548746;387.8379;42.1354;13.0;0.8;81.103
1753875232.59;2.0;49.20430917;18.75487464;387.8373;42.1354;13.0;0.8;80.6
1753875232.6;2.0;49.20430913;18.75487469;387.8373;42.1354;13.0;0.8;80.094
1753875232.61;2.0;49.20430909;18.75487474;387.8367;42.1354;13.0;0.8;79.611
1753875232.62;2.0;49.20430906;18.75487479;387.8361;42.1354;13.0;0.8;79.105
1753875232.63;2.0;49.20430901;18.75487484;387.8365;42.1354;13.0;0.8;78.577
1753875232.64;2.0;49.20430896;18.7548749;387.8369;42.1354;13.0;0.8;78.006
1753875232.65;2.0;49.20430892;18.75487495;387.8365;42.1354;13.0;0.8;77.427
1753875232.66;2.0;49.20430888;18.754875;387.8356;42.1354;13.0;0.8;76.834
1753875232.67;2.0;49.20430883;18.75487504;387.8348;42.1354;13.0;0.8;76.226
1753875232.68;2.0;49.20430878;18.75487509;387.8343;42.1354;13.0;0.8;75.533
1753875232.69;2.0;49.20430874;18.75487514;387.8337;42.1354;13.0;0.8;74.854
1753875232.7;2.0;49.20430869;18.75487519;387.8337;42.1354;13.0;0.8;74.22
1753875232.71;2.0;49.20430865;18.75487524;387.8338;42.1354;13.0;0.8;73.582
1753875232.72;2.0;49.2043086;18.75487529;387.8336;42.1354;13.0;0.8;72.932
1753875232.73;2.0;49.20430855;18.75487534;387.8336;42.1354;13.0;0.8;72.306
1753875232.74;2.0;49.20430851;18.7548754;387.8341;42.1354;13.0;0.8;71.661
1753875232.75;2.0;49.20430847;18.75487546;387.8348;42.1354;13.0;0.8;70.992
1753875232.76;2.0;49.20430843;18.75487551;387.8355;42.1354;13.0;0.8;70.343
1753875232.77;2.0;49.20430839;18.75487557;387.8362;42.1354;13.0;0.8;69.685
1753875232.78;2.0;49.20430835;18.75487563;387.8371;42.1354;13.0;0.8;69.095
1753875232.79;2.0;49.20430831;18.7548757;387.8377;42.1354;13.0;0.8;68.5
1753875232.8;2.0;49.20430827;18.75487576;387.8383;42.1354;13.0;0.8;67.901
1753875232.81;2.0;49.20430823;18.75487582;387.8383;42.1354;13.0;0.8;67.327
1753875232.82;2.0;49.2043082;18.75487588;387.838;42.1354;13.0;0.8;66.813
1753875232.83;2.0;49.20430817;18.75487594;387.8377;42.1354;13.0;0.8;66.352
1753875232.84;2.0;49.20430813;18.75487601;387.8367;42.1354;13.0;0.8;65.876
1753875232.85;2.0;49.2043081;18.75487608;387.8349;42.1354;13.0;0.8;65.356
1753875232.86;2.0;49.20430807;18.75487614;387.8331;42.1354;13.0;0.8;64.857
1753875232.87;2.0;49.20430803;18.75487621;387.8326;42.1354;13.0;0.8;64.333
1753875232.88;2.0;49.204308;18.75487627;387.8323;42.1354;13.0;0.8;63.809
1753875232.89;2.0;49.20430796;18.75487633;387.8323;42.1354;13.0;0.8;63.277
1753875232.9;2.0;49.20430794;18.7548764;387.8323;42.1354;13.0;0.8;62.77
1753875232.91;2.0;49.20430791;18.75487646;387.8319;42.1354;13.0;0.8;62.225
1753875232.92;2.0;49.20430789;18.75487652;387.8311;42.1354;13.0;0.8;61.67
1753875232.93;2.0;49.20430786;18.75487658;387.8306;42.1354;13.0;0.8;61.128
1753875232.94;2.0;49.20430784;18.75487664;387.8302;42.1354;13.0;0.8;60.553
1753875232.95;2.0;49.20430781;18.7548767;387.8292;42.1354;13.0;0.8;59.997
1753875232.96;2.0;49.20430779;18.75487676;387.8282;42.1354;13.0;0.8;59.517
1753875232.97;2.0;49.20430777;18.75487681;387.827;42.1354;13.0;0.8;59.036
1753875232.98;2.0;49.20430776;18.75487687;387.8267;42.1354;13.0;0.8;58.526
1753875232.99;2.0;49.20430774;18.75487692;387.8265;42.1354;13.0;0.8;58.076
1753875233.0;2.0;49.20430772;18.75487696;387.826;42.1354;13.0;0.8;57.616
1753875233.01;2.0;49.20430771;18.75487702;387.8254;42.1354;13.0;0.8;57.117
1753875233.02;2.0;49.20430769;18.75487707;387.8249;42.1354;13.0;0.8;56.623
1753875233.03;2.0;49.20430767;18.75487713;387.8248;42.1354;13.0;0.8;56.125
1753875233.04;2.0;49.20430764;18.75487719;387.8249;42.1354;13.0;0.8;55.601
1753875233.05;2.0;49.20430762;18.75487724;387.8246;42.1354;13.0;0.8;55.061
1753875233.06;2.0;49.2043076;18.7548773;387.8235;42.1354;13.0;0.8;54.521
1753875233.07;2.0;49.20430758;18.75487736;387.8223;42.1354;13.0;0.8;53.967
1753875233.08;2.0;49.20430756;18.75487743;387.8216;42.1354;13.0;0.8;53.395
1753875233.09;2.0;49.20430754;18.75487749;387.8208;42.1354;13.0;0.8;52.8
1753875233.1;2.0;49.20430752;18.75487755;387.8192;42.1354;13.0;0.8;52.215
1753875233.11;2.0;49.2043075;18.75487762;387.8174;42.1354;13.0;0.8;51.606
1753875233.12;2.0;49.20430748;18.75487768;387.8158;42.1354;13.0;0.8;50.985
1753875233.13;2.0;49.20430746;18.75487773;387.814;42.1354;13.0;0.8;50.388
1753875233.14;2.0;49.20430744;18.75487779;387.8126;42.1354;13.0;0.8;49.878
1753875233.15;2.0;49.20430742;18.75487783;387.8114;42.1354;13.0;0.8;49.414
1753875233.16;2.0;49.2043074;18.75487787;387.8102;42.1354;13.0;0.8;48.974
1753875233.17;2.0;49.20430738;18.75487791;387.8086;42.1354;13.0;0.8;48.498
1753875233.18;2.0;49.20430737;18.75487795;387.8066;42.1354;13.0;0.8;48.12
1753875233.19;2.0;49.20430736;18.75487798;387.8049;42.1354;13.0;0.8;47.82
1753875233.2;2.0;49.20430735;18.75487801;387.804;42.1354;13.0;0.8;47.581
1753875233.21;2.0;49.20430733;18.75487804;387.8033;42.1354;13.0;0.8;47.337
1753875233.22;2.0;49.20430732;18.75487806;387.8024;42.1354;13.0;0.8;47.127
1753875233.23;2.0;49.2043073;18.75487808;387.8012;42.1354;13.0;0.8;46.981
1753875233.24;2.0;49.20430729;18.7548781;387.801;42.1354;13.0;0.8;46.838
1753875233.25;2.0;49.20430727;18.75487813;387.8005;42.1354;13.0;0.8;46.792
1753875233.26;2.0;49.20430726;18.75487814;387.8002;42.1354;13.0;0.8;46.78
1753875233.27;2.0;49.20430725;18.75487815;387.7992;42.1354;13.0;0.8;46.773
1753875233.28;2.0;49.20430724;18.75487816;387.7989;42.1354;13.0;0.8;46.804
1753875233.29;2.0;49.20430723;18.75487817;387.7986;42.1354;13.0;0.8;46.862
1753875233.3;2.0;49.20430722;18.75487818;387.7977;42.1354;13.0;0.8;46.91
1753875233.31;2.0;49.20430721;18.75487819;387.7975;42.1354;13.0;0.8;46.906
1753875233.32;2.0;49.2043072;18.7548782;387.7976;42.1354;13.0;0.8;46.923
1753875233.33;2.0;49.20430719;18.75487821;387.7972;42.1354;13.0;0.8;46.985
1753875233.34;2.0;49.20430718;18.75487821;387.7966;42.1354;13.0;0.8;47.081
1753875233.35;2.0;49.20430717;18.75487822;387.7965;42.1354;13.0;0.8;47.186
1753875233.36;2.0;49.20430715;18.75487822;387.7968;42.1354;13.0;0.8;47.275
1753875233.37;2.0;49.20430714;18.75487822;387.7975;42.1354;13.0;0.8;47.359
1753875233.38;2.0;49.20430712;18.75487823;387.798;42.1354;13.0;0.8;47.462
1753875233.39;2.0;49.20430711;18.75487823;387.7976;42.1354;13.0;0.8;47.588
1753875233.4;2.0;49.2043071;18.75487824;387.7963;42.1354;13.0;0.8;47.75
1753875233.41;2.0;49.20430709;18.75487825;387.7953;42.1354;13.0;0.8;47.885
1753875233.42;2.0;49.20430708;18.75487825;387.7946;42.1354;13.0;0.8;47.993
1753875233.43;2.0;49.20430707;18.75487825;387.7934;42.1354;13.0;0.8;48.109
1753875233.44;2.0;49.20430706;18.75487826;387.7926;42.1354;13.0;0.8;48.229
1753875233.45;2.0;49.20430705;18.75487827;387.7915;42.1354;13.0;0.8;48.299
1753875233.46;2.0;49.20430703;18.75487829;387.7906;42.1354;13.0;0.8;48.332
1753875233.47;2.0;49.20430702;18.7548783;387.7905;42.1354;13.0;0.8;48.438
1753875233.48;2.0;49.204307;18.75487832;387.7899;42.1354;13.0;0.8;48.547
1753875233.49;2.0;49.20430698;18.75487835;387.7892;42.1354;13.0;0.8;48.579
1753875233.5;2.0;49.20430695;18.75487838;387.7886;42.1354;13.0;0.8;48.577
1753875233.51;2.0;49.20430693;18.75487841;387.7882;42.1354;13.0;0.8;48.529
1753875233.52;2.0;49.20430691;18.75487844;387.7878;42.1354;13.0;0.8;48.466
1753875233.53;2.0;49.20430689;18.75487848;387.7877;42.1354;13.0;0.8;48.478
1753875233.54;2.0;49.20430686;18.75487853;387.7879;42.1354;13.0;0.8;48.464
1753875233.55;2.0;49.20430683;18.75487857;387.7875;42.1354;13.0;0.8;48.436
1753875233.56;2.0;49.2043068;18.75487861;387.7871;42.1354;13.0;0.8;48.387
1753875233.57;2.0;49.20430676;18.75487867;387.7861;42.1354;13.0;0.8;48.338
1753875233.58;2.0;49.20430673;18.75487873;387.785;42.1354;13.0;0.8;48.276
1753875233.59;2.0;49.20430669;18.75487878;387.7848;42.1354;13.0;0.8;48.268
1753875233.6;2.0;49.20430666;18.75487885;387.7849;42.1354;13.0;0.8;48.235
1753875233.61;2.0;49.20430662;18.75487891;387.7849;42.1354;13.0;0.8;48.19
1753875233.62;2.0;49.20430658;18.75487899;387.7848;42.1354;13.0;0.8;48.148
1753875233.63;2.0;49.20430654;18.75487907;387.7841;42.1354;13.0;0.8;48.107
1753875233.64;2.0;49.2043065;18.75487914;387.783;42.1354;13.0;0.8;48.092
1753875233.65;2.0;49.20430646;18.75487921;387.7826;42.1354;13.0;0.8;48.044
1753875233.66;2.0;49.20430642;18.75487927;387.7825;42.1354;13.0;0.8;48.037
1753875233.67;2.0;49.20430638;18.75487935;387.7823;42.1354;13.0;0.8;48.087
1753875233.68;2.0;49.20430633;18.75487943;387.7824;42.1354;13.0;0.8;48.137
1753875233.69;2.0;49.20430629;18.75487951;387.7823;42.1354;13.0;0.8;48.204
1753875233.7;2.0;49.20430624;18.75487958;387.7827;42.1354;13.0;0.8;48.309
1753875233.71;2.0;49.20430619;18.75487966;387.7832;42.1354;13.0;0.8;48.398
1753875233.72;2.0;49.20430614;18.75487974;387.7829;42.1354;13.0;0.8;48.444
1753875233.73;2.0;49.20430609;18.75487983;387.7827;42.1354;13.0;0.8;48.447
1753875233.74;2.0;49.20430605;18.75487991;387.7821;42.1354;13.0;0.8;48.412
1753875233.75;2.0;49.20430599;18.75488;387.781;42.1354;13.0;0.8;48.35
1753875233.76;2.0;49.20430595;18.75488008;387.7804;42.1354;13.0;0.8;48.311
1753875233.77;2.0;49.20430589;18.75488017;387.7813;42.1354;13.0;0.8;48.325
1753875233.78;2.0;49.20430584;18.75488027;387.7819;42.1354;13.0;0.8;48.353
1753875233.79;2.0;49.20430579;18.75488036;387.783;42.1354;13.0;0.8;48.351
1753875233.8;2.0;49.20430573;18.75488046;387.7845;42.1354;13.0;0.8;48.313
1753875233.81;2.0;49.20430568;18.75488055;387.7857;42.1354;13.0;0.8;48.254
1753875233.82;2.0;49.20430562;18.75488065;387.7863;42.1354;13.0;0.8;48.246
1753875233.83;2.0;49.20430557;18.75488075;387.7875;42.1354;13.0;0.8;48.309
1753875233.84;2.0;49.20430551;18.75488084;387.7882;42.1354;13.0;0.8;48.383
1753875233.85;2.0;49.20430545;18.75488093;387.788;42.1354;13.0;0.8;48.456
1753875233.86;2.0;49.2043054;18.75488103;387.7872;42.1354;13.0;0.8;48.493
1753875233.87;2.0;49.20430535;18.75488112;387.7864;42.1354;13.0;0.8;48.522
1753875233.88;2.0;49.2043053;18.75488121;387.786;42.1354;13.0;0.8;48.533
1753875233.89;2.0;49.20430524;18.7548813;387.7861;42.1354;13.0;0.8;48.522
1753875233.9;2.0;49.20430518;18.7548814;387.7862;42.1354;13.0;0.8;48.468
1753875233.91;2.0;49.20430512;18.75488149;387.7862;42.1354;13.0;0.8;48.4
1753875233.92;2.0;49.20430506;18.75488158;387.7858;42.1354;13.0;0.8;48.337
1753875233.93;2.0;49.20430501;18.75488168;387.7871;42.1354;13.0;0.8;48.271
1753875233.94;2.0;49.20430495;18.75488177;387.7886;42.1354;13.0;0.8;48.231
1753875233.95;2.0;49.20430489;18.75488186;387.7898;42.1354;13.0;0.8;48.192
1753875233.96;2.0;49.20430483;18.75488195;387.7901;42.1354;13.0;0.8;48.181
1753875233.97;2.0;49.20430477;18.75488204;387.79;42.1354;13.0;0.8;48.166
1753875233.98;2.0;49.20430471;18.75488212;387.79;42.1354;13.0;0.8;48.144
1753875233.99;2.0;49.20430465;18.75488221;387.7904;42.1354;13.0;0.8;48.1
1753875234.0;2.0;49.2043046;18.7548823;387.7914;42.1354;13.0;0.8;48.073
1753875234.01;2.0;49.20430454;18.75488238;387.7931;42.1354;13.0;0.8;48.068
1753875234.02;2.0;49.20430449;18.75488246;387.7948;42.1354;13.0;0.8;48.084
1753875234.03;2.0;49.20430443;18.75488254;387.796;42.1354;13.0;0.8;48.108
1753875234.04;2.0;49.20430438;18.75488262;387.7967;42.1354;13.0;0.8;48.085
1753875234.05;2.0;49.20430433;18.7548827;387.7973;42.1354;13.0;0.8;48.066
1753875234.06;2.0;49.20430428;18.75488278;387.798;42.1354;13.0;0.8;48.04
1753875234.07;2.0;49.20430423;18.75488286;387.7987;42.1354;13.0;0.8;48.051
1753875234.08;2.0;49.20430418;18.75488293;387.8;42.1354;13.0;0.8;48.1
1753875234.09;2.0;49.20430414;18.754883;387.8007;42.1354;13.0;0.8;48.221
1753875234.1;2.0;49.20430408;18.75488308;387.8008;42.1354;13.0;0.8;48.289
1753875234.11;2.0;49.20430403;18.75488316;387.8005;42.1354;13.0;0.8;48.263
1753875234.12;2.0;49.20430398;18.75488322;387.8001;42.1354;13.0;0.8;48.22
1753875234.13;2.0;49.20430394;18.75488329;387.7988;42.1354;13.0;0.8;48.23
1753875234.14;2.0;49.2043039;18.75488336;387.7971;42.1354;13.0;0.8;48.191
1753875234.15;2.0;49.20430385;18.75488342;387.7956;42.1354;13.0;0.8;48.167
1753875234.16;2.0;49.20430381;18.75488348;387.795;42.1354;13.0;0.8;48.137
1753875234.17;2.0;49.20430377;18.75488354;387.7951;42.1354;13.0;0.8;48.118
1753875234.18;2.0;49.20430373;18.7548836;387.7957;42.1354;13.0;0.8;48.132
1753875234.19;2.0;49.20430369;18.75488366;387.7964;42.1354;13.0;0.8;48.151
1753875234.2;2.0;49.20430365;18.75488371;387.7966;42.1354;13.0;0.8;48.171
1753875234.21;2.0;49.20430361;18.75488377;387.7971;42.1354;13.0;0.8;48.2
1753875234.22;2.0;49.20430356;18.75488383;387.7975;42.1354;13.0;0.8;48.231
1753875234.23;2.0;49.20430352;18.75488388;387.798;42.1354;13.0;0.8;48.223
1753875234.24;2.0;49.20430348;18.75488394;387.7981;42.1354;13.0;0.8;48.25
1753875234.25;2.0;49.20430344;18.75488399;387.7984;42.1354;13.0;0.8;48.269
1753875234.26;2.0;49.2043034;18.75488405;387.7984;42.1354;13.0;0.8;48.315
1753875234.27;2.0;49.20430337;18.75488411;387.798;42.1354;13.0;0.8;48.384
1753875234.28;2.0;49.20430333;18.75488417;387.7981;42.1354;13.0;0.8;48.424
1753875234.29;2.0;49.20430329;18.75488423;387.7983;42.1354;13.0;0.8;48.444
1753875234.3;2.0;49.20430326;18.75488428;387.7989;42.1354;13.0;0.8;48.497
1753875234.31;2.0;49.20430322;18.75488435;387.7996;42.1354;13.0;0.8;48.559
1753875234.32;2.0;49.20430318;18.7548844;387.7998;42.1354;13.0;0.8;48.593
1753875234.33;2.0;49.20430314;18.75488446;387.8003;42.1354;13.0;0.8;48.621
1753875234.34;2.0;49.2043031;18.75488451;387.8009;42.1354;13.0;0.8;48.616
1753875234.35;2.0;49.20430306;18.75488457;387.8016;42.1354;13.0;0.8;48.588
1753875234.36;2.0;49.20430303;18.75488462;387.8015;42.1354;13.0;0.8;48.553
1753875234.37;2.0;49.20430299;18.75488468;387.8013;42.1354;13.0;0.8;48.521
1753875234.38;2.0;49.20430295;18.75488473;387.8008;42.1354;13.0;0.8;48.488
1753875234.39;2.0;49.20430292;18.75488477;387.8;42.1354;13.0;0.8;48.418
1753875234.4;2.0;49.20430289;18.75488481;387.7993;42.1354;13.0;0.8;48.322
1753875234.41;2.0;49.20430287;18.75488484;387.7995;42.1354;13.0;0.8;48.233
1753875234.42;2.0;49.20430284;18.75488487;387.8;42.1354;13.0;0.8;48.173
1753875234.43;2.0;49.20430282;18.7548849;387.8006;42.1354;13.0;0.8;48.149
1753875234.44;2.0;49.20430279;18.75488492;387.801;42.1354;13.0;0.8;48.171
1753875234.45;2.0;49.20430277;18.75488494;387.8013;42.1354;13.0;0.8;48.191
1753875234.46;2.0;49.20430276;18.75488496;387.8016;42.1354;13.0;0.8;48.224
1753875234.47;2.0;49.20430274;18.75488498;387.8014;42.1354;13.0;0.8;48.24
1753875234.48;2.0;49.20430273;18.75488499;387.8011;42.1354;13.0;0.8;48.269
1753875234.49;2.0;49.20430272;18.754885;387.8012;42.1354;13.0;0.8;48.302
1753875234.5;2.0;49.20430272;18.754885;387.8013;42.1354;13.0;0.8;48.334
1753875234.51;2.0;49.20430271;18.75488501;387.8013;42.1354;13.0;0.8;48.356
1753875234.52;2.0;49.2043027;18.75488501;387.8015;42.1354;13.0;0.8;48.336
1753875234.53;2.0;49.2043027;18.75488502;387.8019;42.1354;13.0;0.8;48.342
1753875234.54;2.0;49.20430269;18.75488502;387.8024;42.1354;13.0;0.8;48.406
1753875234.55;2.0;49.2043027;18.75488502;387.8023;42.1354;13.0;0.8;48.472
1753875234.56;2.0;49.20430269;18.75488502;387.8024;42.1354;13.0;0.8;48.507
1753875234.57;2.0;49.20430269;18.75488502;387.8031;42.1354;13.0;0.8;48.484
1753875234.58;2.0;49.20430268;18.75488502;387.8045;42.1354;13.0;0.8;48.454
1753875234.59;2.0;49.20430268;18.75488502;387.8055;42.1354;13.0;0.8;48.402
1753875234.6;2.0;49.20430268;18.75488501;387.806;42.1354;13.0;0.8;48.374
1753875234.61;2.0;49.20430267;18.75488501;387.8064;42.1354;13.0;0.8;48.392
1753875234.62;2.0;49.20430266;18.75488502;387.807;42.1354;13.0;0.8;48.4
1753875234.63;2.0;49.20430265;18.75488502;387.8074;42.1354;13.0;0.8;48.372
1753875234.64;2.0;49.20430264;18.75488503;387.8073;42.1354;13.0;0.8;48.38
1753875234.65;2.0;49.20430264;18.75488502;387.8077;42.1354;13.0;0.8;48.384
1753875234.66;2.0;49.20430263;18.75488503;387.8085;42.1354;13.0;0.8;48.411
1753875234.67;2.0;49.20430262;18.75488503;387.8094;42.1354;13.0;0.8;48.368
1753875234.68;2.0;49.20430262;18.75488502;387.8104;42.1354;13.0;0.8;48.348
1753875234.69;2.0;49.20430261;18.75488501;387.811;42.1354;13.0;0.8;48.35
1753875234.7;2.0;49.20430261;18.75488501;387.812;42.1354;13.0;0.8;48.36
1753875234.71;2.0;49.20430261;18.754885;387.8126;42.1354;13.0;0.8;48.34
1753875234.72;2.0;49.20430262;18.754885;387.8133;42.1354;13.0;0.8;48.318
1753875234.73;2.0;49.20430262;18.75488499;387.8144;42.1354;13.0;0.8;48.311
1753875234.74;2.0;49.20430262;18.75488498;387.8151;42.1354;13.0;0.8;48.34
1753875234.75;2.0;49.20430263;18.75488497;387.8158;42.1354;13.0;0.8;48.37
1753875234.76;2.0;49.20430264;18.75488496;387.8158;42.1354;13.0;0.8;48.337
1753875234.77;2.0;49.20430265;18.75488494;387.8165;42.1354;13.0;0.8;48.297
1753875234.78;2.0;49.20430266;18.75488492;387.817;42.1354;13.0;0.8;48.299
1753875234.79;2.0;49.20430267;18.75488491;387.8176;42.1354;13.0;0.8;48.323
1753875234.8;2.0;49.20430267;18.75488489;387.8183;42.1354;13.0;0.8;48.317
1753875234.81;2.0;49.20430268;18.75488487;387.8191;42.1354;13.0;0.8;48.356
1753875234.82;2.0;49.20430269;18.75488486;387.8201;42.1354;13.0;0.8;48.356
1753875234.83;2.0;49.2043027;18.75488485;387.821;42.1354;13.0;0.8;48.378
1753875234.84;2.0;49.2043027;18.75488483;387.8213;42.1354;13.0;0.8;48.438
1753875234.85;2.0;49.20430271;18.75488482;387.8216;42.1354;13.0;0.8;48.478
1753875234.86;2.0;49.20430271;18.75488481;387.8213;42.1354;13.0;0.8;48.483
1753875234.87;2.0;49.20430271;18.7548848;387.821;42.1354;13.0;0.8;48.424
1753875234.88;2.0;49.20430271;18.75488479;387.8205;42.1354;13.0;0.8;48.378
1753875234.89;2.0;49.20430272;18.75488479;387.8205;42.1354;13.0;0.8;48.354
1753875234.9;2.0;49.20430272;18.75488478;387.8213;42.1354;13.0;0.8;48.331
1753875234.91;2.0;49.20430272;18.75488478;387.8216;42.1354;13.0;0.8;48.342
1753875234.92;2.0;49.20430272;18.75488478;387.823;42.1354;13.0;0.8;48.304
1753875234.93;2.0;49.20430271;18.75488478;387.8244;42.1354;13.0;0.8;48.293
1753875234.94;2.0;49.20430271;18.75488479;387.8253;42.1354;13.0;0.8;48.259
1753875234.95;2.0;49.20430271;18.75488479;387.8261;42.1354;13.0;0.8;48.268
1753875234.96;2.0;49.20430271;18.7548848;387.8263;42.1354;13.0;0.8;48.307
1753875234.97;2.0;49.2043027;18.75488481;387.8263;42.1354;13.0;0.8;48.319
1753875234.98;2.0;49.2043027;18.75488482;387.8264;42.1354;13.0;0.8;48.339
1753875234.99;2.0;49.20430269;18.75488483;387.827;42.1354;13.0;0.8;48.3
1753875235.0;2.0;49.20430269;18.75488483;387.8279;42.1354;13.0;0.8;48.284
1753875235.01;2.0;49.20430268;18.75488484;387.8287;42.1354;13.0;0.8;48.277
1753875235.02;2.0;49.20430267;18.75488486;387.8288;42.1354;13.0;0.8;48.215
1753875235.03;2.0;49.20430267;18.75488486;387.829;42.1354;13.0;0.8;48.158
1753875235.04;2.0;49.20430266;18.75488487;387.8294;42.1354;13.0;0.8;48.123
1753875235.05;2.0;49.20430265;18.75488487;387.8302;42.1354;13.0;0.8;48.137
1753875235.06;2.0;49.20430264;18.75488487;387.8311;42.1354;13.0;0.8;48.159
1753875235.07;2.0;49.20430264;18.75488487;387.8321;42.1354;13.0;0.8;48.203
1753875235.08;2.0;49.20430263;18.75488487;387.8323;42.1354;13.0;0.8;48.194
1753875235.09;2.0;49.20430262;18.75488488;387.8326;42.1354;13.0;0.8;48.155
1753875235.1;2.0;49.20430262;18.75488489;387.8326;42.1354;13.0;0.8;48.11
1753875235.11;2.0;49.20430262;18.7548849;387.8322;42.1354;13.0;0.8;48.118
1753875235.12;2.0;49.20430261;18.75488491;387.8317;42.1354;13.0;0.8;48.145
1753875235.13;2.0;49.2043026;18.75488492;387.8312;42.1354;13.0;0.8;48.125
1753875235.14;2.0;49.2043026;18.75488492;387.8313;42.1354;13.0;0.8;48.073
1753875235.15;2.0;49.2043026;18.75488493;387.8315;42.1354;13.0;0.8;48.08
1753875235.16;2.0;49.20430259;18.75488493;387.8325;42.1354;13.0;0.8;48.124
1753875235.17;2.0;49.20430257;18.75488494;387.8334;42.1354;13.0;0.8;48.153
1753875235.18;2.0;49.20430257;18.75488495;387.8336;42.1354;13.0;0.8;48.187
1753875235.19;2.0;49.20430256;18.75488495;387.8333;42.1354;13.0;0.8;48.182
1753875235.2;2.0;49.20430256;18.75488496;387.8332;42.1354;13.0;0.8;48.182
1753875235.21;2.0;49.20430255;18.75488496;387.8335;42.1354;13.0;0.8;48.18
1753875235.22;2.0;49.20430254;18.75488497;387.8331;42.1354;13.0;0.8;48.179
1753875235.23;2.0;49.20430254;18.75488498;387.8334;42.1354;13.0;0.8;48.172
1753875235.24;2.0;49.20430253;18.75488499;387.8336;42.1354;13.0;0.8;48.19
1753875235.25;2.0;49.20430252;18.754885;387.8348;42.1354;13.0;0.8;48.2
1753875235.26;2.0;49.2043025;18.754885;387.8359;42.1354;13.0;0.8;48.214
1753875235.27;2.0;49.20430249;18.75488501;387.8365;42.1354;13.0;0.8;48.185
1753875235.28;2.0;49.20430247;18.75488502;387.8367;42.1354;13.0;0.8;48.185
1753875235.29;2.0;49.20430246;18.75488503;387.8364;42.1354;13.0;0.8;48.164
1753875235.3;2.0;49.20430245;18.75488504;387.8362;42.1354;13.0;0.8;48.13
1753875235.31;2.0;49.20430243;18.75488506;387.8367;42.1354;13.0;0.8;48.125
1753875235.32;2.0;49.20430241;18.75488508;387.8378;42.1354;13.0;0.8;48.131
1753875235.33;2.0;49.20430239;18.75488509;387.8386;42.1354;13.0;0.8;48.113
1753875235.34;2.0;49.20430237;18.75488511;387.8397;42.1354;13.0;0.8;48.09
1753875235.35;2.0;49.20430236;18.75488513;387.8399;42.1354;13.0;0.8;48.048
1753875235.36;2.0;49.20430234;18.75488514;387.8405;42.1354;13.0;0.8;48.04
1753875235.37;2.0;49.20430231;18.75488516;387.8416;42.1354;13.0;0.8;48.049
1753875235.38;2.0;49.2043023;18.75488518;387.8422;42.1354;13.0;0.8;48.036
1753875235.39;2.0;49.20430228;18.75488519;387.8426;42.1354;13.0;0.8;48.024
1753875235.4;2.0;49.20430226;18.75488521;387.8433;42.1354;13.0;0.8;48.027
1753875235.41;2.0;49.20430224;18.75488522;387.8445;42.1354;13.0;0.8;48.032
1753875235.42;2.0;49.20430222;18.75488524;387.845;42.1354;13.0;0.8;48.054
1753875235.43;2.0;49.2043022;18.75488526;387.8458;42.1354;13.0;0.8;48.041
1753875235.44;2.0;49.20430219;18.75488527;387.8458;42.1354;13.0;0.8;48.039
1753875235.45;2.0;49.20430217;18.75488529;387.8458;42.1354;13.0;0.8;48.047
1753875235.46;2.0;49.20430215;18.75488532;387.8464;42.1354;13.0;0.8;48.051
1753875235.47;2.0;49.20430213;18.75488534;387.8472;42.1354;13.0;0.8;48.071
1753875235.48;2.0;49.20430211;18.75488536;387.8471;42.1354;13.0;0.8;48.043
1753875235.49;2.0;49.20430209;18.75488539;387.8467;42.1354;13.0;0.8;48.013
1753875235.5;2.0;49.20430206;18.75488542;387.8464;42.1354;13.0;0.8;47.995
1753875235.51;2.0;49.20430203;18.75488545;387.847;42.1354;13.0;0.8;47.994
1753875235.52;2.0;49.204302;18.75488548;387.8473;42.1354;13.0;0.8;48.066
1753875235.53;2.0;49.20430196;18.75488553;387.8481;42.1354;13.0;0.8;48.082
1753875235.54;2.0;49.20430192;18.75488557;387.8487;42.1354;13.0;0.8;48.095
1753875235.55;2.0;49.20430187;18.75488562;387.8496;42.1354;13.0;0.8;48.097
1753875235.56;2.0;49.20430183;18.75488567;387.8498;42.1354;13.0;0.8;48.12
1753875235.57;2.0;49.20430179;18.75488572;387.8503;42.1354;13.0;0.8;48.118
1753875235.58;2.0;49.20430174;18.75488577;387.8508;42.1354;13.0;0.8;48.099
1753875235.59;2.0;49.20430168;18.75488583;387.8517;42.1354;13.0;0.8;48.078
1753875235.6;2.0;49.20430164;18.75488588;387.8522;42.1354;13.0;0.8;48.009
1753875235.61;2.0;49.20430158;18.75488594;387.8527;42.1354;13.0;0.8;47.951
1753875235.62;2.0;49.20430153;18.754886;387.8532;42.1354;13.0;0.8;47.934
1753875235.63;2.0;49.20430148;18.75488607;387.8531;42.1354;13.0;0.8;47.901
1753875235.64;2.0;49.20430143;18.75488612;387.8523;42.1354;13.0;0.8;47.915
1753875235.65;2.0;49.20430138;18.75488619;387.8518;42.1354;13.0;0.8;47.983
1753875235.66;2.0;49.20430133;18.75488625;387.8521;42.1354;13.0;0.8;48.093
1753875235.67;2.0;49.20430128;18.75488632;387.8521;42.1354;13.0;0.8;48.153
1753875235.68;2.0;49.20430123;18.75488639;387.8525;42.1354;13.0;0.8;48.164
1753875235.69;2.0;49.20430118;18.75488646;387.8527;42.1354;13.0;0.8;48.14
1753875235.7;2.0;49.20430113;18.75488652;387.853;42.1354;13.0;0.8;48.162
1753875235.71;2.0;49.20430108;18.75488659;387.8531;42.1354;13.0;0.8;48.235
1753875235.72;2.0;49.20430103;18.75488666;387.8533;42.1354;13.0;0.8;48.301
1753875235.73;2.0;49.20430098;18.75488673;387.8539;42.1354;13.0;0.8;48.336
1753875235.74;2.0;49.20430092;18.7548868;387.8534;42.1354;13.0;0.8;48.35
1753875235.75;2.0;49.20430087;18.75488688;387.8534;42.1354;13.0;0.8;48.299
1753875235.76;2.0;49.20430082;18.75488695;387.854;42.1354;13.0;0.8;48.229
1753875235.77;2.0;49.20430076;18.75488703;387.855;42.1354;13.0;0.8;48.137
1753875235.78;2.0;49.2043007;18.75488711;387.8557;42.1354;13.0;0.8;48.092
1753875235.79;2.0;49.20430064;18.75488719;387.8567;42.1354;13.0;0.8;48.049
1753875235.8;2.0;49.20430058;18.75488727;387.858;42.1354;13.0;0.8;48.038
1753875235.81;2.0;49.20430053;18.75488735;387.8587;42.1354;13.0;0.8;48.017
1753875235.82;2.0;49.20430047;18.75488743;387.8588;42.1354;13.0;0.8;47.96
1753875235.83;2.0;49.20430041;18.75488751;387.8593;42.1354;13.0;0.8;47.943
1753875235.84;2.0;49.20430035;18.75488759;387.8601;42.1354;13.0;0.8;47.954
1753875235.85;2.0;49.20430029;18.75488766;387.861;42.1354;13.0;0.8;47.965
1753875235.86;2.0;49.20430023;18.75488774;387.8618;42.1354;13.0;0.8;47.971
1753875235.87;2.0;49.20430016;18.75488782;387.8617;42.1354;13.0;0.8;47.949
1753875235.88;2.0;49.20430009;18.7548879;387.8615;42.1354;13.0;0.8;47.935
1753875235.89;2.0;49.20430002;18.75488799;387.8619;42.1354;13.0;0.8;47.958
1753875235.9;2.0;49.20429996;18.75488806;387.8626;42.1354;13.0;0.8;47.998
1753875235.91;2.0;49.20429989;18.75488815;387.8632;42.1354;13.0;0.8;48.026
1753875235.92;2.0;49.20429982;18.75488824;387.8633;42.1354;13.0;0.8;48.035
1753875235.93;2.0;49.20429975;18.75488833;387.864;42.1354;13.0;0.8;47.955
1753875235.94;2.0;49.20429967;18.75488843;387.8648;42.1354;13.0;0.8;47.845
1753875235.95;2.0;49.20429959;18.75488852;387.8652;42.1354;13.0;0.8;47.793
1753875235.96;2.0;49.20429952;18.75488862;387.8657;42.1354;13.0;0.8;47.753
1753875235.97;2.0;49.20429945;18.75488871;387.8655;42.1354;13.0;0.8;47.729
1753875235.98;2.0;49.20429938;18.75488881;387.8657;42.1354;13.0;0.8;47.704
1753875235.99;2.0;49.20429932;18.75488891;387.8662;42.1354;13.0;0.8;47.662
1753875236.0;2.0;49.20429926;18.754889;387.8664;42.1354;13.0;0.8;47.633
1753875236.01;2.0;49.2042992;18.75488909;387.8663;42.1354;13.0;0.8;47.643
1753875236.02;2.0;49.20429914;18.75488917;387.8659;42.1354;13.0;0.8;47.656
1753875236.03;2.0;49.20429909;18.75488926;387.8657;42.1354;13.0;0.8;47.667
1753875236.04;2.0;49.20429903;18.75488935;387.866;42.1354;13.0;0.8;47.654
1753875236.05;2.0;49.20429897;18.75488944;387.8678;42.1354;13.0;0.8;47.648
1753875236.06;2.0;49.20429892;18.75488952;387.8697;42.1354;13.0;0.8;47.649
1753875236.07;2.0;49.20429885;18.75488961;387.8711;42.1354;13.0;0.8;47.655
1753875236.08;2.0;49.2042988;18.75488969;387.8722;42.1354;13.0;0.8;47.678
1753875236.09;2.0;49.20429874;18.75488977;387.8738;42.1354;13.0;0.8;47.707
1753875236.1;2.0;49.20429868;18.75488985;387.8753;42.1354;13.0;0.8;47.706
1753875236.11;2.0;49.20429863;18.75488993;387.8766;42.1354;13.0;0.8;47.722
1753875236.12;2.0;49.20429858;18.75489;387.8776;42.1354;13.0;0.8;47.739
1753875236.13;2.0;49.20429853;18.75489007;387.8785;42.1354;13.0;0.8;47.814
1753875236.14;2.0;49.20429849;18.75489013;387.8789;42.1354;13.0;0.8;47.846
1753875236.15;2.0;49.20429845;18.7548902;387.8789;42.1354;13.0;0.8;47.888
1753875236.16;2.0;49.20429841;18.75489025;387.8783;42.1354;13.0;0.8;47.949
1753875236.17;2.0;49.20429837;18.75489032;387.8777;42.1354;13.0;0.8;47.939
1753875236.18;2.0;49.20429833;18.75489038;387.8762;42.1354;13.0;0.8;47.929
1753875236.19;2.0;49.2042983;18.75489044;387.8749;42.1354;13.0;0.8;47.863
1753875236.2;2.0;49.20429826;18.7548905;387.8746;42.1354;13.0;0.8;47.756
1753875236.21;2.0;49.20429822;18.75489056;387.8739;42.1354;13.0;0.8;47.725
1753875236.22;2.0;49.20429818;18.75489062;387.8738;42.1354;13.0;0.8;47.732
1753875236.23;2.0;49.20429814;18.75489068;387.8737;42.1354;13.0;0.8;47.73
1753875236.24;2.0;49.2042981;18.75489074;387.8741;42.1354;13.0;0.8;47.704
1753875236.25;2.0;49.20429806;18.75489079;387.8751;42.1354;13.0;0.8;47.683
1753875236.26;2.0;49.20429802;18.75489085;387.8763;42.1354;13.0;0.8;47.703
1753875236.27;2.0;49.20429797;18.7548909;387.8775;42.1354;13.0;0.8;47.752
1753875236.28;2.0;49.20429793;18.75489095;387.8779;42.1354;13.0;0.8;47.763
1753875236.29;2.0;49.2042979;18.754891;387.8779;42.1354;13.0;0.8;47.757
1753875236.3;2.0;49.20429786;18.75489105;387.8774;42.1354;13.0;0.8;47.747
1753875236.31;2.0;49.20429782;18.7548911;387.8774;42.1354;13.0;0.8;47.734
1753875236.32;2.0;49.20429778;18.75489116;387.8772;42.1354;13.0;0.8;47.705
1753875236.33;2.0;49.20429773;18.75489122;387.8775;42.1354;13.0;0.8;47.678
1753875236.34;2.0;49.2042977;18.75489128;387.8772;42.1354;13.0;0.8;47.633
1753875236.35;2.0;49.20429765;18.75489133;387.8767;42.1354;13.0;0.8;47.597
1753875236.36;2.0;49.20429761;18.75489139;387.8761;42.1354;13.0;0.8;47.544
1753875236.37;2.0;49.20429757;18.75489145;387.8759;42.1354;13.0;0.8;47.486
1753875236.38;2.0;49.20429754;18.75489152;387.8764;42.1354;13.0;0.8;47.441
1753875236.39;2.0;49.2042975;18.75489158;387.8769;42.1354;13.0;0.8;47.398
1753875236.4;2.0;49.20429746;18.75489164;387.8772;42.1354;13.0;0.8;47.356
1753875236.41;2.0;49.20429742;18.7548917;387.8773;42.1354;13.0;0.8;47.332
1753875236.42;2.0;49.20429738;18.75489176;387.8774;42.1354;13.0;0.8;47.363
1753875236.43;2.0;49.20429734;18.75489182;387.8782;42.1354;13.0;0.8;47.432
1753875236.44;2.0;49.2042973;18.75489189;387.8785;42.1354;13.0;0.8;47.51
1753875236.45;2.0;49.20429726;18.75489196;387.8783;42.1354;13.0;0.8;47.551
1753875236.46;2.0;49.20429722;18.75489201;387.8779;42.1354;13.0;0.8;47.582
1753875236.47;2.0;49.20429717;18.75489208;387.8781;42.1354;13.0;0.8;47.639
1753875236.48;2.0;49.20429713;18.75489214;387.8786;42.1354;13.0;0.8;47.679
1753875236.49;2.0;49.20429708;18.7548922;387.8793;42.1354;13.0;0.8;47.736
1753875236.5;2.0;49.20429704;18.75489226;387.8802;42.1354;13.0;0.8;47.785
1753875236.51;2.0;49.204297;18.75489232;387.8801;42.1354;13.0;0.8;47.836
1753875236.52;2.0;49.20429696;18.75489238;387.8798;42.1354;13.0;0.8;47.914
1753875236.53;2.0;49.20429693;18.75489245;387.8801;42.1354;13.0;0.8;47.981
1753875236.54;2.0;49.20429688;18.75489252;387.8812;42.1354;13.0;0.8;48.037
1753875236.55;2.0;49.20429685;18.75489258;387.8823;42.1354;13.0;0.8;48.137
1753875236.56;2.0;49.2042968;18.75489264;387.8829;42.1354;13.0;0.8;48.218
1753875236.57;2.0;49.20429676;18.7548927;387.8832;42.1354;13.0;0.8;48.229
1753875236.58;2.0;49.20429671;18.75489277;387.8839;42.1353;13.0;0.8;48.239
1753875236.59;2.0;49.20429667;18.75489285;387.8847;42.1353;13.0;0.8;48.247
1753875236.6;2.0;49.20429662;18.75489292;387.8856;42.1353;13.0;0.8;48.255
1753875236.61;2.0;49.20429657;18.754893;387.8867;42.1353;13.0;0.8;48.259
1753875236.62;2.0;49.20429652;18.75489309;387.8871;42.1353;13.0;0.8;48.27
1753875236.63;2.0;49.20429646;18.75489318;387.8886;42.1353;13.0;0.8;48.239
1753875236.64;2.0;49.2042964;18.75489327;387.8902;42.1353;13.0;0.8;48.194
1753875236.65;2.0;49.20429635;18.75489336;387.891;42.1353;13.0;0.8;48.174
1753875236.66;2.0;49.20429629;18.75489345;387.8916;42.1353;13.0;0.8;48.155
1753875236.67;2.0;49.20429624;18.75489353;387.8933;42.1353;13.0;0.8;48.102
1753875236.68;2.0;49.20429618;18.75489361;387.8946;42.1353;13.0;0.8;48.099
1753875236.69;2.0;49.20429612;18.75489369;387.8952;42.1353;13.0;0.8;48.045
1753875236.7;2.0;49.20429606;18.75489376;387.895;42.1353;13.0;0.8;47.99
1753875236.71;2.0;49.204296;18.75489385;387.895;42.1353;13.0;0.8;47.936
1753875236.72;2.0;49.20429594;18.75489393;387.8941;42.1353;13.0;0.8;47.85
1753875236.73;2.0;49.20429588;18.75489401;387.8931;42.1353;13.0;0.8;47.737
1753875236.74;2.0;49.20429582;18.7548941;387.8922;42.1353;13.0;0.8;47.686
1753875236.75;2.0;49.20429575;18.75489418;387.8918;42.1353;13.0;0.8;47.637
1753875236.76;2.0;49.20429569;18.75489426;387.892;42.1353;13.0;0.8;47.577
1753875236.77;2.0;49.20429562;18.75489434;387.8924;42.1353;13.0;0.8;47.532
1753875236.78;2.0;49.20429556;18.75489442;387.8928;42.1353;13.0;0.8;47.535
1753875236.79;2.0;49.2042955;18.7548945;387.8936;42.1353;13.0;0.8;47.53
1753875236.8;2.0;49.20429544;18.75489458;387.8944;42.1353;13.0;0.8;47.523
1753875236.81;2.0;49.20429537;18.75489466;387.8954;42.1353;13.0;0.8;47.545
1753875236.82;2.0;49.20429531;18.75489473;387.8967;42.1353;13.0;0.8;47.535
1753875236.83;2.0;49.20429524;18.75489481;387.8978;42.1353;13.0;0.8;47.516
1753875236.84;2.0;49.20429518;18.75489489;387.8988;42.1353;13.0;0.8;47.5
1753875236.85;2.0;49.20429511;18.75489497;387.8995;42.1353;13.0;0.8;47.492
1753875236.86;2.0;49.20429504;18.75489505;387.8996;42.1353;13.0;0.8;47.464
1753875236.87;2.0;49.20429498;18.75489513;387.8996;42.1353;13.0;0.8;47.403
1753875236.88;2.0;49.20429491;18.75489521;387.9;42.1353;13.0;0.8;47.388
1753875236.89;2.0;49.20429485;18.75489529;387.901;42.1353;13.0;0.8;47.366
1753875236.9;2.0;49.20429479;18.75489537;387.9016;42.1353;13.0;0.8;47.323
1753875236.91;2.0;49.20429472;18.75489545;387.9031;42.1353;13.0;0.8;47.279
1753875236.92;2.0;49.20429466;18.75489554;387.9038;42.1353;13.0;0.8;47.248
1753875236.93;2.0;49.20429461;18.75489562;387.9048;42.1353;13.0;0.8;47.26
1753875236.94;2.0;49.20429455;18.75489571;387.9061;42.1353;13.0;0.8;47.331
1753875236.95;2.0;49.20429449;18.7548958;387.9072;42.1353;13.0;0.8;47.407
1753875236.96;2.0;49.20429443;18.75489588;387.9076;42.1353;13.0;0.8;47.454
1753875236.97;2.0;49.20429438;18.75489597;387.9076;42.1353;13.0;0.8;47.479
1753875236.98;2.0;49.20429432;18.75489605;387.9074;42.1353;13.0;0.8;47.54
1753875236.99;2.0;49.20429427;18.75489613;387.9077;42.1353;13.0;0.8;47.565
1753875237.0;2.0;49.20429421;18.75489622;387.9085;42.1353;13.0;0.8;47.608
1753875237.01;2.0;49.20429415;18.7548963;387.9089;42.1353;13.0;0.8;47.631
1753875237.02;2.0;49.20429411;18.75489637;387.9097;42.1353;13.0;0.8;47.617
1753875237.03;2.0;49.20429405;18.75489645;387.9106;42.1353;13.0;0.8;47.59
1753875237.04;2.0;49.20429401;18.75489652;387.9117;42.1353;13.0;0.8;47.57
1753875237.05;2.0;49.20429396;18.75489659;387.9126;42.1353;13.0;0.8;47.584
1753875237.06;2.0;49.20429392;18.75489666;387.9134;42.1353;13.0;0.8;47.61
1753875237.07;2.0;49.20429387;18.75489672;387.9138;42.1353;13.0;0.8;47.646
1753875237.08;2.0;49.20429384;18.75489677;387.9129;42.1353;13.0;0.8;47.666
1753875237.09;2.0;49.2042938;18.75489682;387.9121;42.1353;13.0;0.8;47.714
1753875237.1;2.0;49.20429376;18.75489686;387.9121;42.1353;13.0;0.8;47.801
1753875237.11;2.0;49.20429373;18.75489691;387.9117;42.1353;13.0;0.8;47.848
1753875237.12;2.0;49.2042937;18.75489694;387.9116;42.1353;13.0;0.8;47.848
1753875237.13;2.0;49.20429367;18.75489698;387.9119;42.1353;13.0;0.8;47.805
1753875237.14;2.0;49.20429364;18.75489701;387.9119;42.1353;13.0;0.8;47.786
1753875237.15;2.0;49.20429362;18.75489704;387.9119;42.1353;13.0;0.8;47.747
1753875237.16;2.0;49.2042936;18.75489707;387.912;42.1353;13.0;0.8;47.727
1753875237.17;2.0;49.20429358;18.75489709;387.9127;42.1353;13.0;0.8;47.761
1753875237.18;2.0;49.20429356;18.75489711;387.913;42.1353;13.0;0.8;47.796
1753875237.19;2.0;49.20429354;18.75489712;387.9133;42.1353;13.0;0.8;47.833
1753875237.2;2.0;49.20429352;18.75489714;387.9135;42.1353;13.0;0.8;47.849
1753875237.21;2.0;49.20429351;18.75489716;387.9141;42.1353;13.0;0.8;47.818
1753875237.22;2.0;49.20429349;18.75489717;387.9146;42.1353;13.0;0.8;47.75
1753875237.23;2.0;49.20429348;18.75489719;387.9155;42.1353;13.0;0.8;47.682
1753875237.24;2.0;49.20429346;18.7548972;387.9173;42.1353;13.0;0.8;47.625
1753875237.25;2.0;49.20429345;18.75489721;387.919;42.1353;13.0;0.8;47.638
1753875237.26;2.0;49.20429343;18.75489721;387.9211;42.1353;13.0;0.8;47.685
1753875237.27;2.0;49.20429342;18.75489722;387.9223;42.1353;13.0;0.8;47.726
1753875237.28;2.0;49.20429342;18.75489723;387.9227;42.1353;13.0;0.8;47.706
1753875237.29;2.0;49.20429341;18.75489724;387.9227;42.1353;13.0;0.8;47.645
1753875237.3;2.0;49.20429341;18.75489724;387.923;42.1353;13.0;0.8;47.614
1753875237.31;2.0;49.2042934;18.75489724;387.924;42.1353;13.0;0.8;47.558
1753875237.32;2.0;49.2042934;18.75489724;387.9252;42.1353;13.0;0.8;47.453
1753875237.33;2.0;49.2042934;18.75489724;387.9258;42.1353;13.0;0.8;47.415
1753875237.34;2.0;49.2042934;18.75489725;387.9259;42.1353;13.0;0.8;47.471
1753875237.35;2.0;49.20429339;18.75489724;387.9268;42.1353;13.0;0.8;47.457
1753875237.36;2.0;49.20429339;18.75489724;387.9286;42.1353;13.0;0.8;47.432
1753875237.37;2.0;49.20429339;18.75489724;387.9303;42.1353;13.0;0.8;47.427
1753875237.38;2.0;49.20429339;18.75489723;387.9315;42.1353;13.0;0.8;47.407
1753875237.39;2.0;49.2042934;18.75489722;387.9323;42.1353;13.0;0.8;47.412
1753875237.4;2.0;49.2042934;18.75489722;387.9331;42.1353;13.0;0.8;47.387
1753875237.41;2.0;49.2042934;18.75489721;387.9339;42.1353;13.0;0.8;47.383
1753875237.42;2.0;49.20429341;18.7548972;387.9348;42.1353;13.0;0.8;47.404
1753875237.43;2.0;49.20429342;18.75489719;387.9358;42.1353;13.0;0.8;47.461
1753875237.44;2.0;49.20429343;18.75489717;387.9362;42.1353;13.0;0.8;47.502
1753875237.45;2.0;49.20429343;18.75489716;387.9359;42.1353;13.0;0.8;47.49
1753875237.46;2.0;49.20429344;18.75489715;387.9358;42.1353;13.0;0.8;47.509
1753875237.47;2.0;49.20429344;18.75489714;387.9367;42.1353;13.0;0.8;47.515
1753875237.48;2.0;49.20429345;18.75489713;387.9378;42.1353;13.0;0.8;47.558
1753875237.49;2.0;49.20429345;18.75489712;387.9387;42.1353;13.0;0.8;47.62
1753875237.5;2.0;49.20429345;18.75489711;387.9397;42.1353;13.0;0.8;47.689
1753875237.51;2.0;49.20429346;18.75489709;387.94;42.1353;13.0;0.8;47.694
1753875237.52;2.0;49.20429346;18.75489709;387.9407;42.1353;13.0;0.8;47.648
1753875237.53;2.0;49.20429346;18.75489708;387.942;42.1353;13.0;0.8;47.613
1753875237.54;2.0;49.20429346;18.75489707;387.943;42.1353;13.0;0.8;47.579
1753875237.55;2.0;49.20429346;18.75489707;387.9444;42.1353;13.0;0.8;47.575
1753875237.56;2.0;49.20429347;18.75489706;387.9451;42.1353;13.0;0.8;47.576
1753875237.57;2.0;49.20429347;18.75489706;387.9457;42.1353;13.0;0.8;47.561
1753875237.58;2.0;49.20429347;18.75489706;387.9459;42.1353;13.0;0.8;47.562
1753875237.59;2.0;49.20429347;18.75489707;387.9464;42.1353;13.0;0.8;47.556
1753875237.6;2.0;49.20429346;18.75489706;387.9468;42.1353;13.0;0.8;47.51
1753875237.61;2.0;49.20429345;18.75489707;387.9474;42.1353;13.0;0.8;47.482
1753875237.62;2.0;49.20429344;18.75489707;387.9477;42.1353;13.0;0.8;47.521
1753875237.63;2.0;49.20429343;18.75489708;387.9483;42.1353;13.0;0.8;47.545
1753875237.64;2.0;49.20429343;18.75489709;387.9491;42.1353;13.0;0.8;47.572
1753875237.65;2.0;49.20429341;18.7548971;387.9505;42.1353;13.0;0.8;47.578
1753875237.66;2.0;49.20429339;18.75489712;387.9519;42.1353;13.0;0.8;47.567
1753875237.67;2.0;49.20429337;18.75489714;387.953;42.1353;13.0;0.8;47.543
1753875237.68;2.0;49.20429332;18.75489725;387.9538;42.1353;13.0;0.8;47.513
1753875237.69;2.0;49.20429329;18.75489729;387.9548;42.1353;13.0;0.8;47.512
1753875237.7;2.0;49.20429327;18.75489731;387.9556;42.1353;13.0;0.8;47.687
1753875237.71;2.0;49.20429324;18.75489736;387.9583;42.1353;13.0;0.8;48.146
1753875237.72;2.0;49.20429321;18.75489738;387.956;42.1353;13.0;0.8;48.034
1753875237.73;2.0;49.20429317;18.75489744;387.9553;42.1353;13.0;0.8;47.855
1753875237.74;2.0;49.20429313;18.75489744;387.9555;42.1353;13.0;0.8;47.652
1753875237.75;2.0;49.20429309;18.75489746;387.96;42.1353;13.0;0.8;47.463
1753875237.76;2.0;49.20429306;18.7548975;387.9615;42.1353;13.0;0.8;47.47
1753875237.77;2.0;49.20429303;18.75489751;387.9594;42.1353;13.0;0.8;48.021
1753875237.78;2.0;49.20429301;18.75489756;387.96;42.1353;13.0;0.8;47.995
1753875237.79;2.0;49.20429296;18.7548976;387.9593;42.1353;13.0;0.8;47.868
1753875237.8;2.0;49.20429292;18.75489762;387.9593;42.1353;13.0;0.8;48.082
1753875237.81;2.0;49.20429287;18.75489764;387.9611;42.1353;13.0;0.8;48.033
1753875237.82;2.0;49.20429285;18.75489768;387.9636;42.1353;13.0;0.8;47.876
1753875237.83;2.0;49.20429283;18.75489772;387.9628;42.1353;13.0;0.8;47.818
1753875237.84;2.0;49.2042928;18.75489776;387.9642;42.1353;13.0;0.8;47.874
1753875237.85;2.0;49.20429276;18.7548978;387.9646;42.1353;13.0;0.8;47.818
1753875237.86;2.0;49.20429272;18.75489781;387.9632;42.1353;13.0;0.8;47.803
1753875237.87;2.0;49.20429267;18.75489782;387.9627;42.1353;13.0;0.8;47.769
1753875237.88;2.0;49.20429263;18.75489785;387.965;42.1353;13.0;0.8;47.759
1753875237.89;2.0;49.20429259;18.75489789;387.964;42.1353;13.0;0.8;47.558
1753875237.9;2.0;49.20429257;18.75489792;387.9654;42.1353;13.0;0.8;47.21
1753875237.91;2.0;49.20429253;18.75489794;387.9634;42.1353;13.0;0.8;47.47
1753875237.92;2.0;49.20429252;18.75489797;387.9636;42.1353;13.0;0.8;47.496
1753875237.93;2.0;49.20429246;18.75489798;387.9644;42.1353;13.0;0.8;47.692
1753875237.94;2.0;49.20429242;18.754898;387.9687;42.1353;13.0;0.8;47.495
1753875237.95;2.0;49.20429237;18.75489805;387.9688;42.1353;13.0;0.8;47.454
1753875237.96;2.0;49.20429233;18.75489809;387.9681;42.1353;13.0;0.8;47.458
1753875237.97;2.0;49.20429228;18.7548981;387.9686;42.1353;13.0;0.8;47.647
1753875237.98;2.0;49.20429222;18.75489813;387.9661;42.1353;13.0;0.8;47.67
1753875237.99;2.0;49.20429219;18.75489818;387.9635;42.1353;13.0;0.8;47.642
1753875238.0;2.0;49.20429213;18.75489821;387.9667;42.1353;13.0;0.8;47.812
1753875238.01;2.0;49.20429209;18.75489827;387.9648;42.1353;13.0;0.8;47.564
1753875238.02;2.0;49.20429203;18.75489834;387.9676;42.1353;13.0;0.8;47.729
1753875238.03;2.0;49.20429196;18.7548984;387.9713;42.1353;13.0;0.8;47.645
1753875238.04;2.0;49.2042919;18.75489843;387.975;42.1353;13.0;0.8;47.642
1753875238.05;2.0;49.20429185;18.7548985;387.9782;42.1353;13.0;0.8;47.789
1753875238.06;2.0;49.20429179;18.75489858;387.9753;42.1353;13.0;0.8;47.713
1753875238.07;2.0;49.20429171;18.75489863;387.9746;42.1353;13.0;0.8;47.865
1753875238.08;2.0;49.20429167;18.7548987;387.9737;42.1353;13.0;0.8;48.012
1753875238.09;2.0;49.20429161;18.75489877;387.9733;42.1353;13.0;0.8;48.107
1753875238.1;2.0;49.20429157;18.75489884;387.9756;42.1353;13.0;0.8;48.18
1753875238.11;2.0;49.20429151;18.75489892;387.9758;42.1353;13.0;0.8;48.44
1753875238.12;2.0;49.20429145;18.754899;387.9727;42.1353;13.0;0.8;48.181
1753875238.13;2.0;49.2042914;18.75489906;387.9718;42.1353;13.0;0.8;47.84
1753875238.14;2.0;49.20429136;18.75489913;387.9717;42.1353;13.0;0.8;47.93
1753875238.15;2.0;49.2042913;18.7548992;387.9721;42.1353;13.0;0.8;48.045
1753875238.16;2.0;49.20429125;18.75489929;387.9729;42.1353;13.0;0.8;48.019
1753875238.17;2.0;49.20429118;18.75489937;387.9726;42.1353;13.0;0.8;47.919
1753875238.18;2.0;49.20429112;18.75489943;387.9712;42.1353;13.0;0.8;47.861
1753875238.19;2.0;49.20429106;18.75489951;387.9738;42.1353;13.0;0.8;47.986
1753875238.2;2.0;49.204291;18.75489961;387.9761;42.1353;13.0;0.8;48.085
1753875238.21;2.0;49.20429095;18.75489967;387.976;42.1353;13.0;0.8;48.201
1753875238.22;2.0;49.20429088;18.75489972;387.9769;42.1353;13.0;0.8;48.387
1753875238.23;2.0;49.20429084;18.75489978;387.9766;42.1353;13.0;0.8;48.274
1753875238.24;2.0;49.20429077;18.75489986;387.9769;42.1353;13.0;0.8;48.381
1753875238.25;2.0;49.20429069;18.75489996;387.9794;42.1353;13.0;0.8;47.98
1753875238.26;2.0;49.20429062;18.7549;387.981;42.1353;13.0;0.8;47.714
1753875238.27;2.0;49.20429056;18.75490006;387.9803;42.1353;13.0;0.8;47.792
1753875238.28;2.0;49.2042905;18.75490012;387.981;42.1353;13.0;0.8;47.79
1753875238.29;2.0;49.20429044;18.75490016;387.9869;42.1353;13.0;0.8;47.844
1753875238.3;2.0;49.20429039;18.75490023;387.9889;42.1353;13.0;0.8;47.881
1753875238.31;2.0;49.20429032;18.75490028;387.9922;42.1353;13.0;0.8;47.966
1753875238.32;2.0;49.20429025;18.75490033;387.9917;42.1353;13.0;0.8;47.853
1753875238.33;2.0;49.20429022;18.75490041;387.9902;42.1353;13.0;0.8;47.984
1753875238.34;2.0;49.20429016;18.75490047;387.9928;42.1353;13.0;0.8;48.043
1753875238.35;2.0;49.20429011;18.75490053;387.9928;42.1353;13.0;0.8;48.042
1753875238.36;2.0;49.20429006;18.7549006;387.9909;42.1353;13.0;0.8;48.386
1753875238.37;2.0;49.20428999;18.75490065;387.9927;42.1353;13.0;0.8;48.256
1753875238.38;2.0;49.20428991;18.75490071;387.9938;42.1353;13.0;0.8;48.311
1753875238.39;2.0;49.20428987;18.75490076;387.993;42.1353;13.0;0.8;48.023
1753875238.4;2.0;49.20428981;18.75490081;387.9913;42.1353;13.0;0.8;48.166
1753875238.41;2.0;49.20428975;18.75490087;387.9906;42.1353;13.0;0.8;48.001
1753875238.42;2.0;49.2042897;18.75490092;387.9933;42.1353;13.0;0.8;47.844
1753875238.43;2.0;49.20428964;18.75490098;387.9948;42.1353;13.0;0.8;47.697
1753875238.44;2.0;49.2042896;18.75490102;387.9969;42.1353;13.0;0.8;47.722
1753875238.45;2.0;49.20428953;18.75490106;387.9981;42.1353;13.0;0.8;47.764
1753875238.46;2.0;49.20428949;18.75490111;387.999;42.1353;13.0;0.8;47.922
1753875238.47;2.0;49.20428944;18.75490115;388.0007;42.1353;13.0;0.8;48.05
1753875238.48;2.0;49.20428938;18.75490122;388.002;42.1353;13.0;0.8;48.045
1753875238.49;2.0;49.20428931;18.75490127;388.0016;42.1353;13.0;0.8;48.175
1753875238.5;2.0;49.20428925;18.75490133;388.0038;42.1353;13.0;0.8;48.268
1753875238.51;2.0;49.20428921;18.75490138;388.0007;42.1353;13.0;0.8;48.352
1753875238.52;2.0;49.20428915;18.75490147;388.0019;42.1353;13.0;0.8;48.591
1753875238.53;2.0;49.20428909;18.75490153;388.0044;42.1353;13.0;0.8;48.403
1753875238.54;2.0;49.20428902;18.7549016;388.0087;42.1353;13.0;0.8;48.011
1753875238.55;2.0;49.20428895;18.75490165;388.0106;42.1353;13.0;0.8;47.975
1753875238.56;2.0;49.2042889;18.7549017;388.0106;42.1353;13.0;0.8;47.908
1753875238.57;2.0;49.20428886;18.75490175;388.0138;42.1353;13.0;0.8;47.89
1753875238.58;2.0;49.20428882;18.75490181;388.0155;42.1353;13.0;0.8;48.056
1753875238.59;2.0;49.20428876;18.75490185;388.0166;42.1353;13.0;0.8;47.917
1753875238.6;2.0;49.2042887;18.75490188;388.018;42.1353;13.0;0.8;47.801
1753875238.61;2.0;49.20428865;18.75490195;388.0156;42.1353;13.0;0.8;47.736
1753875238.62;2.0;49.2042886;18.754902;388.0155;42.1353;13.0;0.8;47.662
1753875238.63;2.0;49.20428854;18.75490206;388.0151;42.1353;13.0;0.8;47.846
1753875238.64;2.0;49.20428849;18.75490213;388.0146;42.1353;13.0;0.8;47.791
1753875238.65;2.0;49.20428842;18.7549022;388.0155;42.1353;13.0;0.8;47.946
1753875238.66;2.0;49.20428836;18.75490225;388.0175;42.1353;13.0;0.8;47.866
1753875238.67;2.0;49.2042883;18.7549023;388.0192;42.1353;13.0;0.8;48.054
1753875238.68;2.0;49.20428824;18.75490234;388.0228;42.1353;13.0;0.8;48.258
1753875238.69;2.0;49.20428819;18.75490243;388.0226;42.1353;13.0;0.8;48.138
1753875238.7;2.0;49.20428815;18.7549025;388.0233;42.1353;13.0;0.8;47.945
1753875238.71;2.0;49.20428811;18.75490255;388.0231;42.1353;13.0;0.8;48.017
1753875238.72;2.0;49.20428805;18.7549026;388.0219;42.1353;13.0;0.8;48.037
1753875238.73;2.0;49.20428801;18.75490263;388.021;42.1353;13.0;0.8;47.658
1753875238.74;2.0;49.20428797;18.75490269;388.02;42.1353;13.0;0.8;47.709
1753875238.75;2.0;49.20428794;18.75490274;388.0182;42.1353;13.0;0.8;47.423
1753875238.76;2.0;49.20428788;18.75490279;388.0201;42.1353;13.0;0.8;47.527
1753875238.77;2.0;49.20428783;18.75490285;388.0211;42.1353;13.0;0.8;47.555
1753875238.78;2.0;49.20428777;18.7549029;388.0208;42.1353;13.0;0.8;47.912
1753875238.79;2.0;49.20428772;18.75490296;388.0215;42.1353;13.0;0.8;48.082
1753875238.8;2.0;49.20428765;18.75490302;388.0226;42.1353;13.0;0.8;48.117
1753875238.81;2.0;49.20428759;18.75490307;388.0237;42.1353;13.0;0.8;48.061
1753875238.82;2.0;49.20428756;18.75490312;388.0226;42.1353;13.0;0.8;48.082
1753875238.83;2.0;49.20428753;18.75490316;388.0212;42.1353;13.0;0.8;47.984
1753875238.84;2.0;49.20428751;18.75490322;388.0206;42.1353;13.0;0.8;48.079
1753875238.85;2.0;49.20428747;18.75490329;388.0232;42.1353;13.0;0.8;48.134
1753875238.86;2.0;49.20428743;18.75490333;388.0255;42.1353;13.0;0.8;48.214
1753875238.87;2.0;49.20428739;18.75490339;388.0273;42.1353;13.0;0.8;48.258
1753875238.88;2.0;49.20428734;18.75490343;388.031;42.1353;13.0;0.8;48.329
1753875238.89;2.0;49.2042873;18.7549035;388.0282;42.1353;13.0;0.8;48.264
1753875238.9;2.0;49.20428725;18.75490355;388.0292;42.1353;13.0;0.8;48.143
1753875238.91;2.0;49.2042872;18.75490361;388.0243;42.1353;13.0;0.8;48.037
1753875238.92;2.0;49.20428715;18.75490367;388.0275;42.1353;13.0;0.8;47.903
1753875238.93;2.0;49.20428711;18.75490373;388.0256;42.1353;13.0;0.8;48.031
1753875238.94;2.0;49.20428708;18.75490379;388.0225;42.1353;13.0;0.8;48.085
1753875238.95;2.0;49.20428703;18.75490385;388.0205;42.1353;13.0;0.8;48.036
1753875238.96;2.0;49.20428698;18.7549039;388.0221;42.1353;13.0;0.8;48.063
1753875238.97;2.0;49.20428694;18.75490397;388.0241;42.1353;13.0;0.8;48.077
1753875238.98;2.0;49.20428688;18.754904;388.0251;42.1353;13.0;0.8;47.931
1753875238.99;2.0;49.20428683;18.75490405;388.0279;42.1353;13.0;0.8;47.879
1753875239.0;2.0;49.20428681;18.7549041;388.028;42.1353;13.0;0.8;47.839
1753875239.01;2.0;49.20428678;18.75490416;388.0275;42.1353;13.0;0.8;48.049
1753875239.02;2.0;49.20428675;18.75490421;388.0275;42.1353;13.0;0.8;48.13
1753875239.03;2.0;49.20428673;18.75490427;388.0263;42.1353;13.0;0.8;47.989
1753875239.04;2.0;49.20428669;18.75490431;388.0279;42.1353;13.0;0.8;48.23
1753875239.05;2.0;49.20428664;18.75490437;388.0258;42.1353;13.0;0.8;48.295
1753875239.06;2.0;49.20428658;18.75490444;388.025;42.1353;13.0;0.8;48.148
1753875239.07;2.0;49.20428653;18.7549045;388.0278;42.1353;13.0;0.8;47.937
1753875239.08;2.0;49.20428648;18.75490458;388.0252;42.1353;13.0;0.8;47.944
1753875239.09;2.0;49.20428643;18.75490465;388.0221;42.1353;13.0;0.8;48.087
1753875239.1;2.0;49.20428637;18.75490472;388.0239;42.1353;13.0;0.8;48.222
1753875239.11;2.0;49.20428629;18.7549048;388.0237;42.1353;13.0;0.8;48.158
1753875239.12;2.0;49.20428625;18.75490487;388.0255;42.1353;13.0;0.8;48.042
1753875239.13;2.0;49.20428621;18.75490492;388.025;42.1353;13.0;0.8;48.016
1753875239.14;2.0;49.20428615;18.75490498;388.024;42.1353;13.0;0.8;48.145
1753875239.15;2.0;49.2042861;18.75490505;388.0256;42.1353;13.0;0.8;48.082
1753875239.16;2.0;49.20428607;18.75490511;388.0244;42.1353;13.0;0.8;47.868
1753875239.17;2.0;49.20428602;18.75490515;388.0245;42.1353;13.0;0.8;47.819
1753875239.18;2.0;49.20428596;18.75490523;388.0249;42.1353;13.0;0.8;47.971
1753875239.19;2.0;49.20428593;18.75490527;388.0259;42.1353;13.0;0.8;47.957
1753875239.2;2.0;49.20428587;18.75490536;388.0244;42.1353;13.0;0.8;48.244
1753875239.21;2.0;49.20428584;18.75490541;388.0246;42.1353;13.0;0.8;48.317
1753875239.22;2.0;49.20428578;18.75490549;388.0247;42.1353;13.0;0.8;48.325
1753875239.23;2.0;49.20428573;18.75490556;388.024;42.1353;13.0;0.8;48.508
1753875239.24;2.0;49.20428569;18.75490563;388.0257;42.1353;13.0;0.8;48.473
1753875239.25;2.0;49.20428564;18.7549057;388.0282;42.1353;13.0;0.8;48.434
1753875239.26;2.0;49.20428559;18.75490578;388.0315;42.1353;13.0;0.8;48.446
1753875239.27;2.0;49.20428553;18.75490587;388.0322;42.1353;13.0;0.8;48.343
1753875239.28;2.0;49.20428548;18.75490596;388.0341;42.1353;13.0;0.8;48.332
1753875239.29;2.0;49.20428544;18.75490602;388.0344;42.1353;13.0;0.8;48.541
1753875239.3;2.0;49.2042854;18.7549061;388.0306;42.1353;13.0;0.8;48.493
1753875239.31;2.0;49.20428534;18.75490615;388.0299;42.1353;13.0;0.8;48.23
1753875239.32;2.0;49.20428528;18.75490619;388.0308;42.1353;13.0;0.8;48.277
1753875239.33;2.0;49.20428523;18.75490625;388.0308;42.1353;13.0;0.8;48.303
1753875239.34;2.0;49.20428518;18.75490631;388.0305;42.1353;13.0;0.8;48.439
1753875239.35;2.0;49.20428515;18.75490638;388.0289;42.1353;13.0;0.8;48.241
1753875239.36;2.0;49.2042851;18.75490643;388.0307;42.1353;13.0;0.8;48.41
1753875239.37;2.0;49.20428504;18.75490653;388.0301;42.1353;13.0;0.8;48.558
1753875239.38;2.0;49.20428498;18.75490659;388.0291;42.1353;13.0;0.8;48.662
1753875239.39;2.0;49.20428492;18.75490667;388.0294;42.1353;13.0;0.8;48.527
1753875239.4;2.0;49.20428487;18.75490674;388.0337;42.1353;13.0;0.8;48.29
1753875239.41;2.0;49.20428481;18.7549068;388.0362;42.1353;13.0;0.8;48.258
1753875239.42;2.0;49.20428477;18.75490688;388.0385;42.1353;13.0;0.8;48.19
1753875239.43;2.0;49.20428472;18.75490695;388.0405;42.1353;13.0;0.8;47.978
1753875239.44;2.0;49.20428466;18.75490702;388.042;42.1353;13.0;0.8;47.873
1753875239.45;2.0;49.20428461;18.75490707;388.0434;42.1353;13.0;0.8;47.847
1753875239.46;2.0;49.20428457;18.75490712;388.0436;42.1353;13.0;0.8;48.024
1753875239.47;2.0;49.20428452;18.75490719;388.043;42.1353;13.0;0.8;48.023
1753875239.48;2.0;49.20428449;18.75490725;388.0437;42.1353;13.0;0.8;47.721
1753875239.49;2.0;49.20428445;18.75490729;388.0462;42.1353;13.0;0.8;47.968
1753875239.5;2.0;49.20428441;18.75490733;388.0448;42.1353;13.0;0.8;48.112
1753875239.51;2.0;49.20428438;18.75490737;388.0433;42.1353;13.0;0.8;48.135
1753875239.52;2.0;49.20428434;18.75490744;388.045;42.1353;13.0;0.8;48.271
1753875239.53;2.0;49.20428433;18.7549075;388.0447;42.1353;13.0;0.8;48.208
1753875239.54;2.0;49.20428429;18.75490756;388.0451;42.1353;13.0;0.8;48.184
1753875239.55;2.0;49.20428426;18.7549076;388.0453;42.1353;13.0;0.8;48.09
1753875239.56;2.0;49.20428422;18.75490767;388.0455;42.1353;13.0;0.8;48.376
1753875239.57;2.0;49.20428417;18.75490773;388.0455;42.1353;13.0;0.8;48.371
1753875239.58;2.0;49.20428412;18.75490777;388.0478;42.1353;13.0;0.8;48.367
1753875239.59;2.0;49.20428408;18.75490784;388.0466;42.1353;13.0;0.8;48.041
1753875239.6;2.0;49.20428405;18.75490791;388.0481;42.1353;13.0;0.8;47.881
1753875239.61;2.0;49.204284;18.75490797;388.0492;42.1353;13.0;0.8;48.029
1753875239.62;2.0;49.20428397;18.75490802;388.047;42.1353;13.0;0.8;47.998
1753875239.63;2.0;49.20428394;18.75490808;388.046;42.1353;13.0;0.8;47.994
1753875239.64;2.0;49.2042839;18.75490815;388.045;42.1353;13.0;0.8;48.06
1753875239.65;2.0;49.20428385;18.75490819;388.0445;42.1353;13.0;0.8;48.228
1753875239.66;2.0;49.20428381;18.75490826;388.04;42.1353;13.0;0.8;48.312
1753875239.67;2.0;49.20428378;18.7549083;388.0379;42.1353;13.0;0.8;48.519
1753875239.68;2.0;49.20428374;18.75490833;388.0364;42.1353;13.0;0.8;48.427
1753875239.69;2.0;49.2042837;18.75490839;388.0411;42.1353;13.0;0.8;48.306
1753875239.7;2.0;49.20428365;18.75490845;388.0404;42.1353;13.0;0.8;48.345
1753875239.71;2.0;49.2042836;18.75490853;388.0396;42.1353;13.0;0.8;48.5
1753875239.72;2.0;49.20428357;18.7549086;388.0409;42.1353;13.0;0.8;48.547
1753875239.73;2.0;49.20428353;18.75490865;388.0408;42.1353;13.0;0.8;48.463
1753875239.74;2.0;49.20428348;18.75490873;388.0425;42.1353;13.0;0.8;48.446
1753875239.75;2.0;49.20428341;18.7549088;388.047;42.1353;13.0;0.8;48.34
1753875239.76;2.0;49.20428337;18.75490888;388.0487;42.1353;13.0;0.8;48.128
1753875239.77;2.0;49.20428333;18.75490895;388.05;42.1353;13.0;0.8;48.064
1753875239.78;2.0;49.20428329;18.75490901;388.049;42.1353;13.0;0.8;47.969
1753875239.79;2.0;49.20428324;18.75490908;388.0492;42.1353;13.0;0.8;48.006
1753875239.8;2.0;49.20428318;18.75490917;388.0489;42.1353;13.0;0.8;48.119
1753875239.81;2.0;49.20428312;18.75490926;388.0496;42.1353;13.0;0.8;47.911
1753875239.82;2.0;49.20428308;18.75490932;388.0505;42.1353;13.0;0.8;47.909
1753875239.83;2.0;49.20428304;18.75490938;388.0511;42.1353;13.0;0.8;48.046
1753875239.84;2.0;49.204283;18.75490945;388.0502;42.1353;13.0;0.8;48.163
1753875239.85;2.0;49.20428297;18.7549095;388.046;42.1353;13.0;0.8;48.087
1753875239.86;2.0;49.20428294;18.75490957;388.0436;42.1353;13.0;0.8;48.011
1753875239.87;2.0;49.2042829;18.75490964;388.0423;42.1353;13.0;0.8;47.812
1753875239.88;2.0;49.20428285;18.7549097;388.0422;42.1353;13.0;0.8;47.935
1753875239.89;2.0;49.2042828;18.75490975;388.0407;42.1353;13.0;0.8;48.19
1753875239.9;2.0;49.20428272;18.7549098;388.0438;42.1353;13.0;0.8;48.18
1753875239.91;2.0;49.20428268;18.75490985;388.0442;42.1353;13.0;0.8;48.073
1753875239.92;2.0;49.20428263;18.75490991;388.0461;42.1353;13.0;0.8;47.937
1753875239.93;2.0;49.20428259;18.75490998;388.0448;42.1353;13.0;0.8;48.018
1753875239.94;2.0;49.20428252;18.75491006;388.0424;42.1353;13.0;0.8;48.3
1753875239.95;2.0;49.20428251;18.75491012;388.0404;42.1353;13.0;0.8;47.824
1753875239.96;2.0;49.20428246;18.7549102;388.0432;42.1353;13.0;0.8;47.779
1753875239.97;2.0;49.20428241;18.75491027;388.0437;42.1353;13.0;0.8;47.725
1753875239.98;2.0;49.20428237;18.75491032;388.0449;42.1353;13.0;0.8;47.741
1753875239.99;2.0;49.20428232;18.7549104;388.0447;42.1353;13.0;0.8;48.034
1753875240.0;2.0;49.20428226;18.75491044;388.0462;42.1353;13.0;0.8;47.845
1753875240.01;2.0;49.20428223;18.75491051;388.0433;42.1353;13.0;0.8;47.852
1753875240.02;2.0;49.20428221;18.75491055;388.0421;42.1353;13.0;0.8;47.73
1753875240.03;2.0;49.20428216;18.7549106;388.0449;42.1353;13.0;0.8;48.051
1753875240.04;2.0;49.20428213;18.75491065;388.0463;42.1353;13.0;0.8;48.083
1753875240.05;2.0;49.20428209;18.75491069;388.0464;42.1353;13.0;0.8;48.105
1753875240.06;2.0;49.20428208;18.75491072;388.0444;42.1353;13.0;0.8;48.029
1753875240.07;2.0;49.20428203;18.75491075;388.0459;42.1353;13.0;0.8;48.31
1753875240.08;2.0;49.20428199;18.75491079;388.0453;42.1353;13.0;0.8;48.358
1753875240.09;2.0;49.20428195;18.75491082;388.0452;42.1353;13.0;0.8;48.292
1753875240.1;2.0;49.20428191;18.75491082;388.0461;42.1353;13.0;0.8;48.327
1753875240.11;2.0;49.20428187;18.75491086;388.0461;42.1353;13.0;0.8;48.294
1753875240.12;2.0;49.20428183;18.75491088;388.0476;42.1353;13.0;0.8;48.427
1753875240.13;2.0;49.2042818;18.75491091;388.0484;42.1353;13.0;0.8;48.483
1753875240.14;2.0;49.20428175;18.75491094;388.0457;42.1353;13.0;0.8;48.141
1753875240.15;2.0;49.20428171;18.75491096;388.0443;42.1353;13.0;0.8;47.881
1753875240.16;2.0;49.20428168;18.75491099;388.0426;42.1353;13.0;0.8;48.107
1753875240.17;2.0;49.20428165;18.75491103;388.0431;42.1353;13.0;0.8;48.292
1753875240.18;2.0;49.2042816;18.75491108;388.0409;42.1353;13.0;0.8;48.179
1753875240.19;2.0;49.20428157;18.75491112;388.045;42.1353;13.0;0.8;48.107
1753875240.2;2.0;49.20428155;18.75491118;388.042;42.1353;13.0;0.8;48.158
1753875240.21;2.0;49.20428151;18.7549112;388.0435;42.1353;13.0;0.8;48.2
1753875240.22;2.0;49.20428149;18.75491123;388.0426;42.1353;13.0;0.8;48.117
1753875240.23;2.0;49.20428146;18.75491128;388.0409;42.1353;13.0;0.8;48.172
1753875240.24;2.0;49.20428141;18.75491133;388.0393;42.1353;13.0;0.8;48.066
1753875240.25;2.0;49.20428138;18.75491136;388.0405;42.1353;13.0;0.8;48.153
1753875240.26;2.0;49.20428135;18.75491141;388.0404;42.1353;13.0;0.8;48.011
1753875240.27;2.0;49.20428131;18.75491147;388.0402;42.1353;13.0;0.8;48.013
1753875240.28;2.0;49.20428128;18.75491152;388.0399;42.1353;13.0;0.8;48.091
1753875240.29;2.0;49.20428123;18.75491154;388.0443;42.1353;13.0;0.8;48.4
1753875240.3;2.0;49.20428118;18.7549116;388.0441;42.1353;13.0;0.8;48.219
1753875240.31;2.0;49.20428116;18.75491164;388.0429;42.1353;13.0;0.8;48.158
1753875240.32;2.0;49.20428114;18.75491173;388.0415;42.1353;13.0;0.8;48.082
1753875240.33;2.0;49.20428111;18.75491175;388.0422;42.1353;13.0;0.8;48.281
1753875240.34;2.0;49.20428106;18.75491181;388.0424;42.1353;13.0;0.8;48.227
1753875240.35;2.0;49.204281;18.75491184;388.0443;42.1353;13.0;0.8;48.14
1753875240.36;2.0;49.20428097;18.75491189;388.0445;42.1353;13.0;0.8;48.147
1753875240.37;2.0;49.20428094;18.75491193;388.044;42.1353;13.0;0.8;48.1
1753875240.38;2.0;49.2042809;18.75491199;388.0423;42.1353;13.0;0.8;48.205
1753875240.39;2.0;49.20428085;18.75491203;388.0398;42.1353;13.0;0.8;48.164
1753875240.4;2.0;49.20428079;18.75491208;388.0409;42.1353;13.0;0.8;48.011
1753875240.41;2.0;49.20428075;18.75491215;388.0411;42.1353;13.0;0.8;48.077
1753875240.42;2.0;49.20428076;18.75491215;388.0421;42.1353;13.0;0.8;48.137
1753875240.43;2.0;49.20428072;18.7549122;388.0414;42.1353;13.0;0.8;48.145
1753875240.44;2.0;49.20428067;18.75491225;388.04;42.1353;13.0;0.8;48.103
1753875240.45;2.0;49.20428062;18.75491231;388.0377;42.1353;13.0;0.8;48.078
1753875240.46;2.0;49.20428056;18.75491236;388.0369;42.1353;13.0;0.8;48.112
1753875240.47;2.0;49.20428051;18.75491243;388.0365;42.1353;13.0;0.8;48.18
1753875240.48;2.0;49.20428044;18.7549125;388.0365;42.1353;13.0;0.8;48.23
1753875240.49;2.0;49.20428038;18.75491257;388.0362;42.1353;13.0;0.8;48.25
1753875240.5;2.0;49.20428032;18.75491265;388.0364;42.1353;13.0;0.8;48.22
1753875240.51;2.0;49.20428026;18.75491273;388.0372;42.1353;13.0;0.8;48.215
1753875240.52;2.0;49.20428019;18.75491281;388.0383;42.1353;13.0;0.8;48.23
1753875240.53;2.0;49.20428012;18.7549129;388.0392;42.1353;13.0;0.8;48.261
1753875240.54;2.0;49.20428005;18.75491299;388.04;42.1353;13.0;0.8;48.304
1753875240.55;2.0;49.20427997;18.75491308;388.0411;42.1353;13.0;0.8;48.347
1753875240.56;2.0;49.2042799;18.75491317;388.0413;42.1353;13.0;0.8;48.362
1753875240.57;2.0;49.20427983;18.75491326;388.041;42.1353;13.0;0.8;48.3
1753875240.58;2.0;49.20427976;18.75491335;388.0407;42.1353;13.0;0.8;48.281
1753875240.59;2.0;49.20427969;18.75491343;388.0408;42.1353;13.0;0.8;48.247
1753875240.6;2.0;49.20427961;18.75491351;388.041;42.1353;13.0;0.8;48.189
1753875240.61;2.0;49.20427954;18.7549136;388.0408;42.1353;13.0;0.8;48.19
1753875240.62;2.0;49.20427946;18.75491368;388.0418;42.1353;13.0;0.8;48.253
1753875240.63;2.0;49.20427938;18.75491377;388.0426;42.1353;13.0;0.8;48.303
1753875240.64;2.0;49.20427931;18.75491385;388.0428;42.1353;13.0;0.8;48.342
1753875240.65;2.0;49.20427923;18.75491394;388.0427;42.1353;13.0;0.8;48.36
1753875240.66;2.0;49.20427916;18.75491402;388.0425;42.1353;13.0;0.8;48.351
1753875240.67;2.0;49.20427909;18.75491411;388.043;42.1353;13.0;0.8;48.368
1753875240.68;2.0;49.20427902;18.7549142;388.0439;42.1353;13.0;0.8;48.278
1753875240.69;2.0;49.20427895;18.7549143;388.0444;42.1353;13.0;0.8;48.113
1753875240.7;2.0;49.20427888;18.75491439;388.0436;42.1353;13.0;0.8;47.973
1753875240.71;2.0;49.20427882;18.75491449;388.042;42.1353;13.0;0.8;47.919
1753875240.72;2.0;49.20427875;18.75491458;388.0402;42.1353;13.0;0.8;47.864
1753875240.73;2.0;49.20427869;18.75491467;388.039;42.1353;13.0;0.8;47.818
1753875240.74;2.0;49.20427863;18.75491476;388.0386;42.1353;13.0;0.8;47.757
1753875240.75;2.0;49.20427858;18.75491485;388.0377;42.1353;13.0;0.8;47.724
1753875240.76;2.0;49.20427852;18.75491493;388.0366;42.1353;13.0;0.8;47.739
1753875240.77;2.0;49.20427847;18.75491501;388.0354;42.1353;13.0;0.8;47.791
1753875240.78;2.0;49.20427841;18.75491508;388.035;42.1353;13.0;0.8;47.868
1753875240.79;2.0;49.20427836;18.75491515;388.0346;42.1353;13.0;0.8;47.932
1753875240.8;2.0;49.2042783;18.75491522;388.0347;42.1353;13.0;0.8;47.964
1753875240.81;2.0;49.20427824;18.75491529;388.0343;42.1353;13.0;0.8;47.951
1753875240.82;2.0;49.20427819;18.75491536;388.0337;42.1353;13.0;0.8;47.954
1753875240.83;2.0;49.20427814;18.75491543;388.034;42.1353;13.0;0.8;47.979
1753875240.84;2.0;49.20427808;18.7549155;388.0344;42.1353;13.0;0.8;47.948
1753875240.85;2.0;49.20427802;18.75491557;388.035;42.1353;13.0;0.8;47.923
1753875240.86;2.0;49.20427796;18.75491564;388.0355;42.1353;13.0;0.8;47.877
1753875240.87;2.0;49.2042779;18.75491572;388.0363;42.1353;13.0;0.8;47.885
1753875240.88;2.0;49.20427784;18.7549158;388.0372;42.1353;13.0;0.8;47.875
1753875240.89;2.0;49.20427779;18.75491588;388.0384;42.1353;13.0;0.8;47.909
1753875240.9;2.0;49.20427773;18.75491595;388.039;42.1353;13.0;0.8;47.944
1753875240.91;2.0;49.20427767;18.75491603;388.0397;42.1353;13.0;0.8;47.94
1753875240.92;2.0;49.20427761;18.75491612;388.0402;42.1353;13.0;0.8;47.99
1753875240.93;2.0;49.20427755;18.7549162;388.041;42.1353;13.0;0.8;48.096
1753875240.94;2.0;49.20427749;18.75491628;388.0418;42.1353;13.0;0.8;48.165
1753875240.95;2.0;49.20427743;18.75491635;388.0423;42.1353;13.0;0.8;48.169
1753875240.96;2.0;49.20427737;18.75491643;388.0421;42.1353;13.0;0.8;48.198
1753875240.97;2.0;49.20427731;18.75491651;388.0413;42.1353;13.0;0.8;48.235
1753875240.98;2.0;49.20427725;18.75491658;388.0407;42.1353;13.0;0.8;48.229
1753875240.99;2.0;49.20427719;18.75491666;388.0404;42.1353;13.0;0.8;48.201
1753875241.0;2.0;49.20427713;18.75491674;388.0398;42.1353;13.0;0.8;48.195
1753875241.01;2.0;49.20427706;18.75491682;388.0387;42.1353;13.0;0.8;48.138
1753875241.02;2.0;49.204277;18.7549169;388.0378;42.1353;13.0;0.8;48.078
1753875241.03;2.0;49.20427694;18.75491698;388.0368;42.1353;13.0;0.8;48.014
1753875241.04;2.0;49.20427688;18.75491706;388.036;42.1353;13.0;0.8;47.932
1753875241.05;2.0;49.20427682;18.75491715;388.0358;42.1353;13.0;0.8;47.887
1753875241.06;2.0;49.20427675;18.75491723;388.0364;42.1353;13.0;0.8;47.85
1753875241.07;2.0;49.20427668;18.75491732;388.0374;42.1353;13.0;0.8;47.847
1753875241.08;2.0;49.20427663;18.7549174;388.0386;42.1353;13.0;0.8;47.854
1753875241.09;2.0;49.20427657;18.75491748;388.0393;42.1353;13.0;0.8;47.885
1753875241.1;2.0;49.20427651;18.75491756;388.0395;42.1353;13.0;0.8;47.863
1753875241.11;2.0;49.20427645;18.75491764;388.0399;42.1353;13.0;0.8;47.817
1753875241.12;2.0;49.2042764;18.75491772;388.0405;42.1353;13.0;0.8;47.781
1753875241.13;2.0;49.20427634;18.7549178;388.0406;42.1353;13.0;0.8;47.733
1753875241.14;2.0;49.20427629;18.75491786;388.0407;42.1353;13.0;0.8;47.714
1753875241.15;2.0;49.20427623;18.75491792;388.0411;42.1353;13.0;0.8;47.683
1753875241.16;2.0;49.20427618;18.75491798;388.0406;42.1353;13.0;0.8;47.679
1753875241.17;2.0;49.20427614;18.75491804;388.0397;42.1353;13.0;0.8;47.679
1753875241.18;2.0;49.20427609;18.75491809;388.0393;42.1353;13.0;0.8;47.686
1753875241.19;2.0;49.20427605;18.75491814;388.0394;42.1353;13.0;0.8;47.698
1753875241.2;2.0;49.204276;18.7549182;388.0404;42.1353;13.0;0.8;47.764
1753875241.21;2.0;49.20427595;18.75491826;388.0403;42.1353;13.0;0.8;47.822
1753875241.22;2.0;49.20427591;18.75491832;388.0399;42.1353;13.0;0.8;47.872
1753875241.23;2.0;49.20427586;18.75491838;388.0396;42.1353;13.0;0.8;47.952
1753875241.24;2.0;49.20427581;18.75491845;388.0403;42.1353;13.0;0.8;47.986
1753875241.25;2.0;49.20427577;18.75491851;388.0416;42.1353;13.0;0.8;47.972
1753875241.26;2.0;49.20427572;18.75491857;388.0426;42.1353;13.0;0.8;47.98
1753875241.27;2.0;49.20427567;18.75491863;388.0434;42.1353;13.0;0.8;48.009
1753875241.28;2.0;49.20427563;18.7549187;388.0443;42.1353;13.0;0.8;47.964
1753875241.29;2.0;49.20427557;18.75491876;388.0451;42.1353;13.0;0.8;47.936
1753875241.3;2.0;49.20427552;18.75491881;388.045;42.1353;13.0;0.8;47.921
1753875241.31;2.0;49.20427547;18.75491886;388.0449;42.1353;13.0;0.8;47.932
1753875241.32;2.0;49.20427542;18.75491891;388.0444;42.1353;13.0;0.8;47.929
1753875241.33;2.0;49.20427537;18.75491896;388.0442;42.1353;13.0;0.8;47.907
1753875241.34;2.0;49.20427532;18.75491901;388.0439;42.1353;13.0;0.8;47.847
1753875241.35;2.0;49.20427528;18.75491905;388.0431;42.1353;13.0;0.8;47.783
1753875241.36;2.0;49.20427523;18.75491909;388.0424;42.1353;13.0;0.8;47.754
1753875241.37;2.0;49.20427519;18.75491914;388.0417;42.1353;13.0;0.8;47.788
1753875241.38;2.0;49.20427514;18.75491919;388.0416;42.1353;13.0;0.8;47.828
1753875241.39;2.0;49.20427509;18.75491924;388.0415;42.1353;13.0;0.8;47.836
1753875241.4;2.0;49.20427504;18.7549193;388.0412;42.1353;13.0;0.8;47.863
1753875241.41;2.0;49.20427499;18.75491935;388.0414;42.1353;13.0;0.8;47.862
1753875241.42;2.0;49.20427494;18.75491941;388.0419;42.1353;13.0;0.8;47.833
1753875241.43;2.0;49.20427489;18.75491947;388.0424;42.1353;13.0;0.8;47.777
1753875241.44;2.0;49.20427485;18.75491953;388.0431;42.1353;13.0;0.8;47.726
1753875241.45;2.0;49.2042748;18.7549196;388.0433;42.1353;13.0;0.8;47.658
1753875241.46;2.0;49.20427476;18.75491965;388.0437;42.1353;13.0;0.8;47.621
1753875241.47;2.0;49.20427471;18.75491972;388.0447;42.1353;13.0;0.8;47.613
1753875241.48;2.0;49.20427466;18.75491977;388.0448;42.1353;13.0;0.8;47.633
1753875241.49;2.0;49.20427462;18.75491982;388.0448;42.1353;13.0;0.8;47.634
1753875241.5;2.0;49.20427457;18.75491987;388.0454;42.1353;13.0;0.8;47.68
1753875241.51;2.0;49.20427453;18.75491993;388.045;42.1353;13.0;0.8;47.744
1753875241.52;2.0;49.20427449;18.75491999;388.0442;42.1353;13.0;0.8;47.773
1753875241.53;2.0;49.20427445;18.75492004;388.0439;42.1353;13.0;0.8;47.788
1753875241.54;2.0;49.2042744;18.75492009;388.0437;42.1353;13.0;0.8;47.765
1753875241.55;2.0;49.20427435;18.75492016;388.0435;42.1353;13.0;0.8;47.764
1753875241.56;2.0;49.2042743;18.75492021;388.0437;42.1353;13.0;0.8;47.74
1753875241.57;2.0;49.20427426;18.75492027;388.0442;42.1353;13.0;0.8;47.712
1753875241.58;2.0;49.20427421;18.75492033;388.0449;42.1353;13.0;0.8;47.694
1753875241.59;2.0;49.20427416;18.75492042;388.0444;42.1353;13.0;0.8;47.712
1753875241.6;2.0;49.2042741;18.75492051;388.0436;42.1353;13.0;0.8;47.699
1753875241.61;2.0;49.20427405;18.7549206;388.0427;42.1353;13.0;0.8;47.66
1753875241.62;2.0;49.204274;18.75492068;388.042;42.1353;13.0;0.8;47.641
1753875241.63;2.0;49.20427394;18.75492076;388.0421;42.1353;13.0;0.8;47.645
1753875241.64;2.0;49.20427389;18.75492084;388.042;42.1353;13.0;0.8;47.659
1753875241.65;2.0;49.20427384;18.7549209;388.0417;42.1353;13.0;0.8;47.648
1753875241.66;2.0;49.20427379;18.75492097;388.0411;42.1353;13.0;0.8;47.67
1753875241.67;2.0;49.20427374;18.75492103;388.0403;42.1353;13.0;0.8;47.694
1753875241.68;2.0;49.20427368;18.7549211;388.0394;42.1353;13.0;0.8;47.697
1753875241.69;2.0;49.20427363;18.75492116;388.0386;42.1353;13.0;0.8;47.657
1753875241.7;2.0;49.20427359;18.75492121;388.0381;42.1353;13.0;0.8;47.635
1753875241.71;2.0;49.20427354;18.75492127;388.038;42.1353;13.0;0.8;47.676
1753875241.72;2.0;49.20427348;18.75492133;388.0381;42.1353;13.0;0.8;47.688
1753875241.73;2.0;49.20427343;18.75492138;388.0387;42.1353;13.0;0.8;47.708
1753875241.74;2.0;49.20427338;18.75492145;388.039;42.1353;13.0;0.8;47.731
1753875241.75;2.0;49.20427333;18.75492151;388.0391;42.1353;13.0;0.8;47.748
1753875241.76;2.0;49.20427327;18.75492158;388.039;42.1353;13.0;0.8;47.79
1753875241.77;2.0;49.20427322;18.75492164;388.0393;42.1353;13.0;0.8;47.824
1753875241.78;2.0;49.20427317;18.75492171;388.0399;42.1353;13.0;0.8;47.841
1753875241.79;2.0;49.20427312;18.75492178;388.0406;42.1353;13.0;0.8;47.823
1753875241.8;2.0;49.20427307;18.75492184;388.0418;42.1353;13.0;0.8;47.81
1753875241.81;2.0;49.20427302;18.75492191;388.0425;42.1353;13.0;0.8;47.794
1753875241.82;2.0;49.20427297;18.75492198;388.0424;42.1353;13.0;0.8;47.763
1753875241.83;2.0;49.20427293;18.75492205;388.0417;42.1353;13.0;0.8;47.704
1753875241.84;2.0;49.20427288;18.75492212;388.0407;42.1353;13.0;0.8;47.689
1753875241.85;2.0;49.20427283;18.75492219;388.0397;42.1353;13.0;0.8;47.667
1753875241.86;2.0;49.20427279;18.75492226;388.0393;42.1353;13.0;0.8;47.644
1753875241.87;2.0;49.20427274;18.75492233;388.0394;42.1353;13.0;0.8;47.597
1753875241.88;2.0;49.20427269;18.75492241;388.0394;42.1353;13.0;0.8;47.558
1753875241.89;2.0;49.20427264;18.75492248;388.0391;42.1353;13.0;0.8;47.54
1753875241.9;2.0;49.20427258;18.75492254;388.039;42.1353;13.0;0.8;47.535
1753875241.91;2.0;49.20427253;18.75492261;388.0386;42.1353;13.0;0.8;47.546
1753875241.92;2.0;49.20427248;18.75492267;388.0378;42.1353;13.0;0.8;47.571
1753875241.93;2.0;49.20427243;18.75492274;388.037;42.1353;13.0;0.8;47.604
1753875241.94;2.0;49.20427237;18.7549228;388.0361;42.1353;13.0;0.8;47.628
1753875241.95;2.0;49.20427232;18.75492286;388.035;42.1353;13.0;0.8;47.654
1753875241.96;2.0;49.20427226;18.75492293;388.034;42.1353;13.0;0.8;47.633
1753875241.97;2.0;49.20427222;18.75492299;388.0332;42.1353;13.0;0.8;47.586
1753875241.98;2.0;49.20427216;18.75492305;388.033;42.1353;13.0;0.8;47.591
1753875241.99;2.0;49.20427211;18.75492311;388.0331;42.1353;13.0;0.8;47.669
1753875242.0;2.0;49.20427206;18.75492318;388.0335;42.1353;13.0;0.8;47.75
1753875242.01;2.0;49.20427201;18.75492324;388.0336;42.1353;13.0;0.8;47.768
1753875242.02;2.0;49.20427196;18.75492331;388.0334;42.1353;13.0;0.8;47.718
1753875242.03;2.0;49.2042719;18.75492337;388.0333;42.1353;13.0;0.8;47.693
1753875242.04;2.0;49.20427185;18.75492343;388.0337;42.1353;13.0;0.8;47.674
1753875242.05;2.0;49.20427181;18.75492349;388.0343;42.1353;13.0;0.8;47.673
1753875242.06;2.0;49.20427176;18.75492355;388.0353;42.1353;13.0;0.8;47.689
1753875242.07;2.0;49.20427171;18.7549236;388.0358;42.1353;13.0;0.8;47.699
1753875242.08;2.0;49.20427167;18.75492365;388.0355;42.1353;13.0;0.8;47.666
1753875242.09;2.0;49.20427163;18.7549237;388.0349;42.1353;13.0;0.8;47.675
1753875242.1;2.0;49.20427159;18.75492375;388.0346;42.1353;13.0;0.8;47.725
1753875242.11;2.0;49.20427155;18.75492379;388.0343;42.1353;13.0;0.8;47.795
1753875242.12;2.0;49.20427151;18.75492382;388.0345;42.1353;13.0;0.8;47.869
1753875242.13;2.0;49.20427148;18.75492386;388.0357;42.1353;13.0;0.8;47.955
1753875242.14;2.0;49.20427145;18.75492389;388.0369;42.1353;13.0;0.8;48.037
1753875242.15;2.0;49.20427142;18.75492392;388.038;42.1353;13.0;0.8;48.065
1753875242.16;2.0;49.20427138;18.75492395;388.0384;42.1353;13.0;0.8;48.091
1753875242.17;2.0;49.20427136;18.75492398;388.0394;42.1353;13.0;0.8;48.094
1753875242.18;2.0;49.20427133;18.75492401;388.0397;42.1353;13.0;0.8;48.111
1753875242.19;2.0;49.2042713;18.75492404;388.0397;42.1353;13.0;0.8;48.081
1753875242.2;2.0;49.20427127;18.75492407;388.0402;42.1353;13.0;0.8;48.055
1753875242.21;2.0;49.20427124;18.7549241;388.0412;42.1353;13.0;0.8;48.041
1753875242.22;2.0;49.20427121;18.75492413;388.042;42.1353;13.0;0.8;48.017
1753875242.23;2.0;49.20427119;18.75492416;388.0424;42.1353;13.0;0.8;47.99
1753875242.24;2.0;49.20427116;18.75492419;388.0432;42.1353;13.0;0.8;47.927
1753875242.25;2.0;49.20427112;18.75492423;388.0437;42.1353;13.0;0.8;47.853
1753875242.26;2.0;49.20427109;18.75492428;388.0443;42.1353;13.0;0.8;47.749
1753875242.27;2.0;49.20427105;18.75492433;388.0448;42.1353;13.0;0.8;47.663
1753875242.28;2.0;49.20427101;18.75492439;388.0451;42.1353;13.0;0.8;47.629
1753875242.29;2.0;49.20427097;18.75492446;388.0449;42.1353;13.0;0.8;47.617
1753875242.3;2.0;49.20427093;18.75492453;388.0445;42.1353;13.0;0.8;47.563
1753875242.31;2.0;49.2042709;18.75492459;388.0444;42.1353;13.0;0.8;47.522
1753875242.32;2.0;49.20427085;18.75492467;388.0443;42.1353;13.0;0.8;47.486
1753875242.33;2.0;49.20427081;18.75492475;388.0442;42.1353;13.0;0.8;47.459
1753875242.34;2.0;49.20427076;18.75492482;388.0443;42.1353;13.0;0.8;47.43
1753875242.35;2.0;49.20427071;18.7549249;388.0442;42.1353;13.0;0.8;47.415
1753875242.36;2.0;49.20427066;18.75492499;388.0442;42.1353;13.0;0.8;47.394
1753875242.37;2.0;49.2042706;18.75492508;388.0448;42.1353;13.0;0.8;47.398
1753875242.38;2.0;49.20427054;18.75492517;388.0451;42.1353;13.0;0.8;47.403
1753875242.39;2.0;49.20427047;18.75492526;388.0462;42.1353;13.0;0.8;47.377
1753875242.4;2.0;49.2042704;18.75492535;388.0469;42.1353;13.0;0.8;47.323
1753875242.41;2.0;49.20427034;18.75492545;388.0473;42.1353;13.0;0.8;47.225
1753875242.42;2.0;49.20427027;18.75492554;388.0477;42.1353;13.0;0.8;47.103
1753875242.43;2.0;49.20427021;18.75492563;388.0487;42.1353;13.0;0.8;46.986
1753875242.44;2.0;49.20427015;18.75492572;388.0497;42.1353;13.0;0.8;46.923
1753875242.45;2.0;49.20427008;18.7549258;388.051;42.1353;13.0;0.8;46.921
1753875242.46;2.0;49.20427002;18.75492589;388.0522;42.1353;13.0;0.8;46.937
1753875242.47;2.0;49.20426996;18.75492596;388.0531;42.1353;13.0;0.8;46.974
1753875242.48;2.0;49.2042699;18.75492604;388.053;42.1353;13.0;0.8;47.023
1753875242.49;2.0;49.20426984;18.75492612;388.0532;42.1353;13.0;0.8;47.053
1753875242.5;2.0;49.20426978;18.75492619;388.0536;42.1353;13.0;0.8;47.138
1753875242.51;2.0;49.20426972;18.75492627;388.0539;42.1353;13.0;0.8;47.255
1753875242.52;2.0;49.20426966;18.75492634;388.0539;42.1353;13.0;0.8;47.339
1753875242.53;2.0;49.2042696;18.7549264;388.0532;42.1353;13.0;0.8;47.415
1753875242.54;2.0;49.20426955;18.75492647;388.0524;42.1353;13.0;0.8;47.439
1753875242.55;2.0;49.20426949;18.75492654;388.0519;42.1353;13.0;0.8;47.44
1753875242.56;2.0;49.20426943;18.75492661;388.0519;42.1353;13.0;0.8;47.379
1753875242.57;2.0;49.20426937;18.75492669;388.0521;42.1353;13.0;0.8;47.331
1753875242.58;2.0;49.2042693;18.75492677;388.0526;42.1353;13.0;0.8;47.299
1753875242.59;2.0;49.20426924;18.75492684;388.0535;42.1353;13.0;0.8;47.291
1753875242.6;2.0;49.20426919;18.7549269;388.0548;42.1353;13.0;0.8;47.295
1753875242.61;2.0;49.20426913;18.75492697;388.0562;42.1353;13.0;0.8;47.298
1753875242.62;2.0;49.20426906;18.75492704;388.057;42.1353;13.0;0.8;47.274
1753875242.63;2.0;49.204269;18.75492712;388.058;42.1353;13.0;0.8;47.215
1753875242.64;2.0;49.20426894;18.75492719;388.0589;42.1353;13.0;0.8;47.176
1753875242.65;2.0;49.20426888;18.75492727;388.0595;42.1353;13.0;0.8;47.143
1753875242.66;2.0;49.20426882;18.75492734;388.0603;42.1353;13.0;0.8;47.143
1753875242.67;2.0;49.20426876;18.75492742;388.0605;42.1353;13.0;0.8;47.162
1753875242.68;2.0;49.2042687;18.75492749;388.0608;42.1353;13.0;0.8;47.201
1753875242.69;2.0;49.20426864;18.75492757;388.0604;42.1353;13.0;0.8;47.197
1753875242.7;2.0;49.20426858;18.75492765;388.0596;42.1353;13.0;0.8;47.209
1753875242.71;2.0;49.20426852;18.75492773;388.0588;42.1353;13.0;0.8;47.194
1753875242.72;2.0;49.20426846;18.75492781;388.0584;42.1353;13.0;0.8;47.207
1753875242.73;2.0;49.2042684;18.7549279;388.0584;42.1353;13.0;0.8;47.255
1753875242.74;2.0;49.20426834;18.75492798;388.0583;42.1353;13.0;0.8;47.329
1753875242.75;2.0;49.20426828;18.75492807;388.0583;42.1353;13.0;0.8;47.378
1753875242.76;2.0;49.20426822;18.75492815;388.0581;42.1353;13.0;0.8;47.43
1753875242.77;2.0;49.20426817;18.75492824;388.0574;42.1353;13.0;0.8;47.473
1753875242.78;2.0;49.20426811;18.75492833;388.0569;42.1353;13.0;0.8;47.448
1753875242.79;2.0;49.20426806;18.75492842;388.0567;42.1353;13.0;0.8;47.42
1753875242.8;2.0;49.204268;18.7549285;388.0567;42.1353;13.0;0.8;47.403
1753875242.81;2.0;49.20426794;18.75492859;388.0566;42.1353;13.0;0.8;47.364
1753875242.82;2.0;49.20426788;18.75492868;388.056;42.1353;13.0;0.8;47.345
1753875242.83;2.0;49.20426782;18.75492876;388.0552;42.1353;13.0;0.8;47.283
1753875242.84;2.0;49.20426776;18.75492885;388.0546;42.1353;13.0;0.8;47.26
1753875242.85;2.0;49.2042677;18.75492894;388.0536;42.1353;13.0;0.8;47.265
1753875242.86;2.0;49.20426765;18.75492903;388.0527;42.1353;13.0;0.8;47.298
1753875242.87;2.0;49.20426759;18.75492913;388.0516;42.1353;13.0;0.8;47.311
1753875242.88;2.0;49.20426753;18.75492922;388.0508;42.1353;13.0;0.8;47.308
1753875242.89;2.0;49.20426747;18.75492931;388.0502;42.1353;13.0;0.8;47.28
1753875242.9;2.0;49.2042674;18.7549294;388.0502;42.1353;13.0;0.8;47.268
1753875242.91;2.0;49.20426734;18.7549295;388.0503;42.1353;13.0;0.8;47.279
1753875242.92;2.0;49.20426727;18.75492959;388.0508;42.1353;13.0;0.8;47.312
1753875242.93;2.0;49.20426721;18.75492968;388.0507;42.1353;13.0;0.8;47.335
1753875242.94;2.0;49.20426715;18.75492977;388.0505;42.1353;13.0;0.8;47.342
1753875242.95;2.0;49.20426708;18.75492986;388.0504;42.1353;13.0;0.8;47.364
1753875242.96;2.0;49.20426701;18.75492996;388.0498;42.1353;13.0;0.8;47.367
1753875242.97;2.0;49.20426695;18.75493005;388.0499;42.1353;13.0;0.8;47.359
1753875242.98;2.0;49.20426689;18.75493014;388.0496;42.1353;13.0;0.8;47.376
1753875242.99;2.0;49.20426682;18.75493024;388.0495;42.1353;13.0;0.8;47.429
1753875243.0;2.0;49.20426675;18.75493034;388.0493;42.1353;13.0;0.8;47.449
1753875243.01;2.0;49.20426668;18.75493043;388.0492;42.1353;13.0;0.8;47.498
1753875243.02;2.0;49.20426661;18.75493052;388.049;42.1353;13.0;0.8;47.536
1753875243.03;2.0;49.20426654;18.75493061;388.0488;42.1353;13.0;0.8;47.584
1753875243.04;2.0;49.20426648;18.7549307;388.0486;42.1353;13.0;0.8;47.643
1753875243.05;2.0;49.20426642;18.75493079;388.0487;42.1353;13.0;0.8;47.699
1753875243.06;2.0;49.20426636;18.75493088;388.0486;42.1353;13.0;0.8;47.793
1753875243.07;2.0;49.2042663;18.75493095;388.0478;42.1353;13.0;0.8;47.845
1753875243.08;2.0;49.20426625;18.75493103;388.047;42.1353;13.0;0.8;47.822
1753875243.09;2.0;49.2042662;18.75493111;388.0464;42.1353;13.0;0.8;47.787
1753875243.1;2.0;49.20426614;18.75493118;388.046;42.1353;13.0;0.8;47.755
1753875243.11;2.0;49.20426608;18.75493125;388.0454;42.1353;13.0;0.8;47.733
1753875243.12;2.0;49.20426602;18.75493133;388.0448;42.1353;13.0;0.8;47.735
1753875243.13;2.0;49.20426596;18.75493141;388.045;42.1353;13.0;0.8;47.745
1753875243.14;2.0;49.2042659;18.75493149;388.0453;42.1353;13.0;0.8;47.79
1753875243.15;2.0;49.20426585;18.75493156;388.0453;42.1353;13.0;0.8;47.813
1753875243.16;2.0;49.20426579;18.75493164;388.0449;42.1353;13.0;0.8;47.8
1753875243.17;2.0;49.20426572;18.75493172;388.0451;42.1353;13.0;0.8;47.797
1753875243.18;2.0;49.20426566;18.75493179;388.0456;42.1353;13.0;0.8;47.798
1753875243.19;2.0;49.20426559;18.75493187;388.046;42.1353;13.0;0.8;47.778
1753875243.2;2.0;49.20426553;18.75493196;388.0456;42.1353;13.0;0.8;47.754
1753875243.21;2.0;49.20426546;18.75493204;388.0451;42.1353;13.0;0.8;47.703
1753875243.22;2.0;49.2042654;18.75493213;388.0443;42.1353;13.0;0.8;47.691
1753875243.23;2.0;49.20426533;18.75493221;388.0433;42.1353;13.0;0.8;47.706
1753875243.24;2.0;49.20426527;18.75493229;388.0422;42.1353;13.0;0.8;47.725
1753875243.25;2.0;49.2042652;18.75493236;388.0413;42.1353;13.0;0.8;47.725
1753875243.26;2.0;49.20426513;18.75493244;388.0412;42.1353;13.0;0.8;47.701
1753875243.27;2.0;49.20426506;18.75493252;388.0415;42.1353;13.0;0.8;47.699
1753875243.28;2.0;49.20426499;18.7549326;388.041;42.1353;13.0;0.8;47.685
1753875243.29;2.0;49.20426492;18.75493268;388.0397;42.1353;13.0;0.8;47.655
1753875243.3;2.0;49.20426486;18.75493276;388.0383;42.1353;13.0;0.8;47.66
1753875243.31;2.0;49.2042648;18.75493284;388.0375;42.1353;13.0;0.8;47.691
1753875243.32;2.0;49.20426474;18.75493292;388.0371;42.1353;13.0;0.8;47.736
1753875243.33;2.0;49.20426467;18.754933;388.0367;42.1353;13.0;0.8;47.76
1753875243.34;2.0;49.20426461;18.75493308;388.0361;42.1353;13.0;0.8;47.769
1753875243.35;2.0;49.20426456;18.75493315;388.0356;42.1353;13.0;0.8;47.757
1753875243.36;2.0;49.20426449;18.75493323;388.0349;42.1353;13.0;0.8;47.734
1753875243.37;2.0;49.20426442;18.75493331;388.0341;42.1353;13.0;0.8;47.672
1753875243.38;2.0;49.20426436;18.7549334;388.0334;42.1353;13.0;0.8;47.617
1753875243.39;2.0;49.2042643;18.75493348;388.0327;42.1353;13.0;0.8;47.56
1753875243.4;2.0;49.20426423;18.75493356;388.0313;42.1353;13.0;0.8;47.517
1753875243.41;2.0;49.20426417;18.75493363;388.0295;42.1353;13.0;0.8;47.467
1753875243.42;2.0;49.20426411;18.75493371;388.0275;42.1353;13.0;0.8;47.401
1753875243.43;2.0;49.20426405;18.75493378;388.0265;42.1353;13.0;0.8;47.375
1753875243.44;2.0;49.20426398;18.75493386;388.026;42.1353;13.0;0.8;47.367
1753875243.45;2.0;49.20426391;18.75493394;388.0257;42.1353;13.0;0.8;47.362
1753875243.46;2.0;49.20426385;18.75493401;388.0254;42.1353;13.0;0.8;47.341
1753875243.47;2.0;49.20426378;18.75493408;388.0246;42.1353;13.0;0.8;47.361
1753875243.48;2.0;49.20426372;18.75493416;388.0239;42.1353;13.0;0.8;47.428
1753875243.49;2.0;49.20426365;18.75493424;388.0241;42.1353;13.0;0.8;47.498
1753875243.5;2.0;49.20426358;18.75493431;388.0246;42.1353;13.0;0.8;47.51
1753875243.51;2.0;49.20426352;18.75493438;388.0247;42.1353;13.0;0.8;47.523
1753875243.52;2.0;49.20426345;18.75493446;388.0242;42.1353;13.0;0.8;47.542
1753875243.53;2.0;49.20426338;18.75493454;388.0235;42.1353;13.0;0.8;47.505
1753875243.54;2.0;49.20426331;18.75493461;388.0225;42.1353;13.0;0.8;47.428
1753875243.55;2.0;49.20426325;18.75493469;388.022;42.1353;13.0;0.8;47.361
1753875243.56;2.0;49.20426318;18.75493477;388.0213;42.1353;13.0;0.8;47.309
1753875243.57;2.0;49.20426312;18.75493484;388.0202;42.1353;13.0;0.8;47.292
1753875243.58;2.0;49.20426305;18.75493491;388.019;42.1353;13.0;0.8;47.273
1753875243.59;2.0;49.20426299;18.75493498;388.0181;42.1353;13.0;0.8;47.268
1753875243.6;2.0;49.20426293;18.75493504;388.0173;42.1353;13.0;0.8;47.282
1753875243.61;2.0;49.20426287;18.75493511;388.0172;42.1353;13.0;0.8;47.269
1753875243.62;2.0;49.20426281;18.75493518;388.018;42.1353;13.0;0.8;47.275
1753875243.63;2.0;49.20426275;18.75493524;388.0181;42.1353;13.0;0.8;47.304
1753875243.64;2.0;49.20426269;18.7549353;388.0182;42.1353;13.0;0.8;47.326
1753875243.65;2.0;49.20426263;18.75493537;388.0196;42.1353;13.0;0.8;47.356
1753875243.66;2.0;49.20426257;18.75493543;388.0214;42.1353;13.0;0.8;47.343
1753875243.67;2.0;49.20426251;18.7549355;388.0235;42.1353;13.0;0.8;47.36
1753875243.68;2.0;49.20426245;18.75493556;388.0255;42.1353;13.0;0.8;47.378
1753875243.69;2.0;49.20426238;18.75493562;388.0269;42.1353;13.0;0.8;47.403
1753875243.7;2.0;49.20426233;18.75493568;388.0281;42.1353;13.0;0.8;47.394
1753875243.71;2.0;49.20426227;18.75493574;388.0285;42.1353;13.0;0.8;47.411
1753875243.72;2.0;49.20426223;18.7549358;388.0285;42.1353;13.0;0.8;47.432
1753875243.73;2.0;49.20426218;18.75493586;388.0282;42.1353;13.0;0.8;47.426
1753875243.74;2.0;49.20426214;18.75493591;388.0277;42.1353;13.0;0.8;47.436
1753875243.75;2.0;49.20426209;18.75493596;388.0263;42.1353;13.0;0.8;47.459
1753875243.76;2.0;49.20426206;18.75493601;388.025;42.1353;13.0;0.8;47.512
1753875243.77;2.0;49.20426202;18.75493605;388.0244;42.1353;13.0;0.8;47.588
1753875243.78;2.0;49.20426198;18.75493609;388.0236;42.1353;13.0;0.8;47.68
1753875243.79;2.0;49.20426194;18.75493613;388.0228;42.1353;13.0;0.8;47.736
1753875243.8;2.0;49.20426191;18.75493618;388.0218;42.1353;13.0;0.8;47.758
1753875243.81;2.0;49.20426186;18.75493622;388.0213;42.1353;13.0;0.8;47.754
1753875243.82;2.0;49.20426182;18.75493625;388.0208;42.1353;13.0;0.8;47.712
1753875243.83;2.0;49.20426179;18.75493629;388.0192;42.1353;13.0;0.8;47.676
1753875243.84;2.0;49.20426175;18.75493632;388.018;42.1353;13.0;0.8;47.693
1753875243.85;2.0;49.20426171;18.75493636;388.0172;42.1353;13.0;0.8;47.698
1753875243.86;2.0;49.20426167;18.75493641;388.0172;42.1353;13.0;0.8;47.673
1753875243.87;2.0;49.20426163;18.75493645;388.0174;42.1353;13.0;0.8;47.64
1753875243.88;2.0;49.20426159;18.75493649;388.0178;42.1353;13.0;0.8;47.576
1753875243.89;2.0;49.20426155;18.75493653;388.0179;42.1353;13.0;0.8;47.532
1753875243.9;2.0;49.20426152;18.75493656;388.0182;42.1353;13.0;0.8;47.519
1753875243.91;2.0;49.20426148;18.7549366;388.0185;42.1353;13.0;0.8;47.505
1753875243.92;2.0;49.20426144;18.75493664;388.0192;42.1353;13.0;0.8;47.476
1753875243.93;2.0;49.2042614;18.75493667;388.0203;42.1353;13.0;0.8;47.479
1753875243.94;2.0;49.20426136;18.7549367;388.0213;42.1353;13.0;0.8;47.493
1753875243.95;2.0;49.20426132;18.75493673;388.0216;42.1353;13.0;0.8;47.497
1753875243.96;2.0;49.20426129;18.75493676;388.0222;42.1353;13.0;0.8;47.477
1753875243.97;2.0;49.20426125;18.75493678;388.0225;42.1353;13.0;0.8;47.504
1753875243.98;2.0;49.20426122;18.7549368;388.023;42.1353;13.0;0.8;47.538
1753875243.99;2.0;49.20426119;18.75493681;388.0239;42.1353;13.0;0.8;47.581
1753875244.0;2.0;49.20426115;18.75493683;388.0247;42.1353;13.0;0.8;47.638
1753875244.01;2.0;49.20426112;18.75493684;388.0253;42.1353;13.0;0.8;47.666
1753875244.02;2.0;49.20426109;18.75493685;388.0258;42.1353;13.0;0.8;47.642
1753875244.03;2.0;49.20426106;18.75493686;388.0252;42.1353;13.0;0.8;47.619
1753875244.04;2.0;49.20426104;18.75493688;388.0245;42.1353;13.0;0.8;47.634
1753875244.05;2.0;49.20426102;18.75493689;388.0241;42.1353;13.0;0.8;47.644
1753875244.06;2.0;49.20426099;18.7549369;388.0238;42.1353;13.0;0.8;47.601
1753875244.07;2.0;49.20426098;18.75493693;388.024;42.1353;13.0;0.8;47.594
1753875244.08;2.0;49.20426096;18.75493695;388.0241;42.1353;13.0;0.8;47.652
1753875244.09;2.0;49.20426094;18.75493697;388.0244;42.1353;13.0;0.8;47.679
1753875244.1;2.0;49.20426091;18.75493699;388.0244;42.1353;13.0;0.8;47.669
1753875244.11;2.0;49.20426089;18.754937;388.0238;42.1353;13.0;0.8;47.642
1753875244.12;2.0;49.20426088;18.75493702;388.0237;42.1353;13.0;0.8;47.587
1753875244.13;2.0;49.20426086;18.75493704;388.0235;42.1353;13.0;0.8;47.602
1753875244.14;2.0;49.20426085;18.75493707;388.0229;42.1353;13.0;0.8;47.646
1753875244.15;2.0;49.20426082;18.75493708;388.0229;42.1353;13.0;0.8;47.698
1753875244.16;2.0;49.2042608;18.75493709;388.0232;42.1353;13.0;0.8;47.749
1753875244.17;2.0;49.20426078;18.75493711;388.0234;42.1353;13.0;0.8;47.789
1753875244.18;2.0;49.20426076;18.75493712;388.0233;42.1353;13.0;0.8;47.766
1753875244.19;2.0;49.20426073;18.75493714;388.0232;42.1353;13.0;0.8;47.767
1753875244.2;2.0;49.20426071;18.75493716;388.0229;42.1353;13.0;0.8;47.77
1753875244.21;2.0;49.20426069;18.75493718;388.0225;42.1353;13.0;0.8;47.753
1753875244.22;2.0;49.20426066;18.7549372;388.0224;42.1353;13.0;0.8;47.708
1753875244.23;2.0;49.20426063;18.75493723;388.0226;42.1353;13.0;0.8;47.675
1753875244.24;2.0;49.2042606;18.75493725;388.0227;42.1353;13.0;0.8;47.66
1753875244.25;2.0;49.20426057;18.75493728;388.0226;42.1353;13.0;0.8;47.621
1753875244.26;2.0;49.20426054;18.75493731;388.0223;42.1353;13.0;0.8;47.609
1753875244.27;2.0;49.20426051;18.75493734;388.0215;42.1353;13.0;0.8;47.601
1753875244.28;2.0;49.20426048;18.75493738;388.0209;42.1353;13.0;0.8;47.623
1753875244.29;2.0;49.20426045;18.7549374;388.0208;42.1353;13.0;0.8;47.655
1753875244.3;2.0;49.20426042;18.75493743;388.0201;42.1353;13.0;0.8;47.674
1753875244.31;2.0;49.20426039;18.75493746;388.0195;42.1353;13.0;0.8;47.718
1753875244.32;2.0;49.20426035;18.7549375;388.0197;42.1353;13.0;0.8;47.752
1753875244.33;2.0;49.20426032;18.75493753;388.0198;42.1353;13.0;0.8;47.742
1753875244.34;2.0;49.20426029;18.75493757;388.0198;42.1353;13.0;0.8;47.755
1753875244.35;2.0;49.20426026;18.7549376;388.0194;42.1353;13.0;0.8;47.83
1753875244.36;2.0;49.20426023;18.75493763;388.0189;42.1353;13.0;0.8;47.939
1753875244.37;2.0;49.20426019;18.75493766;388.0188;42.1353;13.0;0.8;48.036
1753875244.38;2.0;49.20426015;18.7549377;388.0185;42.1353;13.0;0.8;48.108
1753875244.39;2.0;49.20426011;18.75493773;388.0181;42.1353;13.0;0.8;48.113
1753875244.4;2.0;49.20426008;18.75493776;388.0183;42.1353;13.0;0.8;48.077
1753875244.41;2.0;49.20426004;18.75493778;388.018;42.1353;13.0;0.8;48.068
1753875244.42;2.0;49.20426;18.75493782;388.0176;42.1353;13.0;0.8;48.057
1753875244.43;2.0;49.20425996;18.75493785;388.0173;42.1353;13.0;0.8;48.081
1753875244.44;2.0;49.20425992;18.75493787;388.0176;42.1353;13.0;0.8;48.084
1753875244.45;2.0;49.20425988;18.75493791;388.0181;42.1353;13.0;0.8;48.044
1753875244.46;2.0;49.20425984;18.75493794;388.0176;42.1353;13.0;0.8;48.009
1753875244.47;2.0;49.20425981;18.75493797;388.0172;42.1353;13.0;0.8;47.991
1753875244.48;2.0;49.20425977;18.754938;388.017;42.1353;13.0;0.8;47.992
1753875244.49;2.0;49.20425973;18.75493804;388.0178;42.1353;13.0;0.8;47.957
1753875244.5;2.0;49.20425969;18.75493807;388.0188;42.1353;13.0;0.8;47.892
1753875244.51;2.0;49.20425966;18.7549381;388.0192;42.1353;13.0;0.8;47.883
1753875244.52;2.0;49.20425962;18.75493813;388.0197;42.1353;13.0;0.8;47.856
1753875244.53;2.0;49.20425959;18.75493817;388.0201;42.1353;13.0;0.8;47.849
1753875244.54;2.0;49.20425956;18.7549382;388.0203;42.1353;13.0;0.8;47.872
1753875244.55;2.0;49.20425952;18.75493822;388.0201;42.1353;13.0;0.8;47.873
1753875244.56;2.0;49.20425949;18.75493826;388.0202;42.1353;13.0;0.8;47.892
1753875244.57;2.0;49.20425946;18.75493829;388.0202;42.1353;13.0;0.8;47.934
1753875244.58;2.0;49.20425943;18.75493832;388.0208;42.1353;12.0;0.9;47.951
1753875244.59;2.0;49.2042594;18.75493835;388.0207;42.1353;12.0;0.9;47.946
1753875244.6;2.0;49.20425937;18.75493838;388.0203;42.1353;12.0;0.9;47.984
1753875244.61;2.0;49.20425935;18.75493841;388.0195;42.1353;12.0;0.9;47.975
1753875244.62;2.0;49.20425933;18.75493844;388.0192;42.1353;12.0;0.9;47.942
1753875244.63;2.0;49.2042593;18.75493847;388.0187;42.1353;12.0;0.9;47.974
1753875244.64;2.0;49.20425928;18.7549385;388.0183;42.1353;12.0;0.9;47.991
1753875244.65;2.0;49.20425925;18.75493854;388.0179;42.1353;12.0;0.9;48.025
1753875244.66;2.0;49.20425923;18.75493857;388.0171;42.1353;12.0;0.9;48.069
1753875244.67;2.0;49.2042592;18.7549386;388.0162;42.1353;12.0;0.9;48.059
1753875244.68;2.0;49.20425917;18.75493863;388.0152;42.1353;12.0;0.9;48.042
1753875244.69;2.0;49.20425915;18.75493866;388.0131;42.1353;12.0;0.9;47.985
1753875244.7;2.0;49.20425913;18.7549387;388.0111;42.1353;12.0;0.9;47.915
1753875244.71;2.0;49.20425911;18.75493874;388.0102;42.1353;12.0;0.9;47.821
1753875244.72;2.0;49.20425909;18.75493878;388.0096;42.1353;12.0;0.9;47.796
1753875244.73;2.0;49.20425907;18.75493881;388.009;42.1353;12.0;0.9;47.777
1753875244.74;2.0;49.20425906;18.75493886;388.0085;42.1353;12.0;0.9;47.738
1753875244.75;2.0;49.20425904;18.7549389;388.0074;42.1353;12.0;0.9;47.69
1753875244.76;2.0;49.20425902;18.75493894;388.0068;42.1353;12.0;0.9;47.659
1753875244.77;2.0;49.204259;18.75493898;388.0069;42.1353;12.0;0.9;47.629
1753875244.78;2.0;49.20425898;18.75493902;388.0072;42.1353;12.0;0.9;47.568
1753875244.79;2.0;49.20425896;18.75493907;388.007;42.1353;12.0;0.9;47.537
1753875244.8;2.0;49.20425894;18.75493911;388.0058;42.1353;12.0;0.9;47.571
1753875244.81;2.0;49.20425892;18.75493915;388.0048;42.1353;12.0;0.9;47.613
1753875244.82;2.0;49.20425891;18.75493919;388.0044;42.1353;12.0;0.9;47.687
1753875244.83;2.0;49.20425889;18.75493923;388.0045;42.1353;12.0;0.9;47.811
1753875244.84;2.0;49.20425886;18.75493928;388.0045;42.1353;12.0;0.9;47.911
1753875244.85;2.0;49.20425884;18.75493932;388.0043;42.1353;12.0;0.9;47.97
1753875244.86;2.0;49.20425882;18.75493937;388.0041;42.1353;12.0;0.9;47.998
1753875244.87;2.0;49.20425879;18.75493942;388.004;42.1353;12.0;0.9;48.044
1753875244.88;2.0;49.20425876;18.75493948;388.0042;42.1353;12.0;0.9;48.138
1753875244.89;2.0;49.20425874;18.75493954;388.0041;42.1353;12.0;0.9;48.222
1753875244.9;2.0;49.2042587;18.75493961;388.0041;42.1353;12.0;0.9;48.274
1753875244.91;2.0;49.20425866;18.75493967;388.0039;42.1353;12.0;0.9;48.287
1753875244.92;2.0;49.20425862;18.75493975;388.004;42.1353;12.0;0.9;48.25
1753875244.93;2.0;49.20425858;18.75493982;388.0042;42.1353;12.0;0.9;48.218
1753875244.94;2.0;49.20425853;18.75493989;388.0041;42.1353;12.0;0.9;48.246
1753875244.95;2.0;49.20425848;18.75493998;388.004;42.1353;12.0;0.9;48.285
1753875244.96;2.0;49.20425842;18.75494006;388.0033;42.1353;12.0;0.9;48.267
1753875244.97;2.0;49.20425837;18.75494015;388.0021;42.1353;12.0;0.9;48.24
1753875244.98;2.0;49.20425832;18.75494023;388.001;42.1353;12.0;0.9;48.272
1753875244.99;2.0;49.20425827;18.75494032;387.9997;42.1353;12.0;0.9;48.312
1753875245.0;2.0;49.20425822;18.75494041;387.9982;42.1353;12.0;0.9;48.331
1753875245.01;2.0;49.20425816;18.75494051;387.9963;42.1353;12.0;0.9;48.309
1753875245.02;2.0;49.20425811;18.7549406;387.9943;42.1353;12.0;0.9;48.3
1753875245.03;2.0;49.20425805;18.7549407;387.9927;42.1353;12.0;0.9;48.29
1753875245.04;2.0;49.20425799;18.7549408;387.9921;42.1353;12.0;0.9;48.251
1753875245.05;2.0;49.20425793;18.7549409;387.9917;42.1353;12.0;0.9;48.174
1753875245.06;2.0;49.20425787;18.754941;387.9912;42.1353;12.0;0.9;48.127
1753875245.07;2.0;49.20425781;18.7549411;387.9907;42.1353;12.0;0.9;48.117
1753875245.08;2.0;49.20425774;18.7549412;387.9904;42.1353;12.0;0.9;48.103
1753875245.09;2.0;49.20425768;18.75494129;387.9909;42.1353;12.0;0.9;48.099
1753875245.1;2.0;49.20425761;18.75494138;387.9916;42.1353;12.0;0.9;48.107
1753875245.11;2.0;49.20425755;18.75494146;387.9919;42.1353;12.0;0.9;48.108
1753875245.12;2.0;49.20425749;18.75494155;387.9923;42.1353;12.0;0.9;48.09
1753875245.13;2.0;49.20425743;18.75494163;387.9929;42.1353;12.0;0.9;48.086
1753875245.14;2.0;49.20425738;18.75494171;387.9921;42.1353;12.0;0.9;48.093
1753875245.15;2.0;49.20425734;18.75494179;387.9912;42.1353;12.0;0.9;48.148
1753875245.16;2.0;49.20425729;18.75494187;387.9896;42.1353;12.0;0.9;48.202
1753875245.17;2.0;49.20425725;18.75494195;387.9888;42.1353;12.0;0.9;48.215
1753875245.18;2.0;49.20425721;18.75494202;387.9891;42.1353;12.0;0.9;48.186
1753875245.19;2.0;49.20425717;18.75494211;387.9893;42.1353;12.0;0.9;48.194
1753875245.2;2.0;49.20425713;18.75494219;387.9886;42.1353;12.0;0.9;48.203
1753875245.21;2.0;49.20425709;18.75494228;387.988;42.1353;12.0;0.9;48.167
1753875245.22;2.0;49.20425705;18.75494236;387.988;42.1353;12.0;0.9;48.115
1753875245.23;2.0;49.20425701;18.75494243;387.9877;42.1353;12.0;0.9;48.064
1753875245.24;2.0;49.20425697;18.7549425;387.9883;42.1353;12.0;0.9;48.018
1753875245.25;2.0;49.20425693;18.75494258;387.9891;42.1353;12.0;0.9;48.001
1753875245.26;2.0;49.20425689;18.75494265;387.9898;42.1353;12.0;0.9;48.027
1753875245.27;2.0;49.20425685;18.75494272;387.9898;42.1353;12.0;0.9;48.032
1753875245.28;2.0;49.20425681;18.75494279;387.9887;42.1353;12.0;0.9;48.055
1753875245.29;2.0;49.20425677;18.75494286;387.987;42.1353;12.0;0.9;48.068
1753875245.3;2.0;49.20425674;18.75494293;387.9852;42.1353;12.0;0.9;48.087
1753875245.31;2.0;49.20425671;18.75494299;387.9831;42.1353;12.0;0.9;48.12
1753875245.32;2.0;49.20425668;18.75494306;387.9817;42.1353;12.0;0.9;48.111
1753875245.33;2.0;49.20425664;18.75494312;387.9798;42.1353;12.0;0.9;48.124
1753875245.34;2.0;49.20425661;18.75494319;387.9777;42.1353;12.0;0.9;48.181
1753875245.35;2.0;49.20425658;18.75494326;387.9758;42.1353;12.0;0.9;48.24
1753875245.36;2.0;49.20425654;18.75494334;387.9741;42.1353;12.0;0.9;48.268
1753875245.37;2.0;49.2042565;18.75494341;387.973;42.1353;12.0;0.9;48.218
1753875245.38;2.0;49.20425646;18.7549435;387.9719;42.1353;12.0;0.9;48.209
1753875245.39;2.0;49.20425642;18.75494358;387.9709;42.1353;12.0;0.9;48.199
1753875245.4;2.0;49.20425638;18.75494367;387.9702;42.1353;12.0;0.9;48.158
1753875245.41;2.0;49.20425633;18.75494376;387.9697;42.1353;12.0;0.9;48.131
1753875245.42;2.0;49.20425629;18.75494385;387.9695;42.1353;12.0;0.9;48.082
1753875245.43;2.0;49.20425625;18.75494393;387.9693;42.1353;12.0;0.9;48.059
1753875245.44;2.0;49.2042562;18.75494401;387.969;42.1353;12.0;0.9;47.992
1753875245.45;2.0;49.20425616;18.75494409;387.9684;42.1353;12.0;0.9;47.945
1753875245.46;2.0;49.20425612;18.75494417;387.9678;42.1353;12.0;0.9;47.941
1753875245.47;2.0;49.20425608;18.75494424;387.9667;42.1353;12.0;0.9;47.948
1753875245.48;2.0;49.20425604;18.75494431;387.9659;42.1353;12.0;0.9;47.951
1753875245.49;2.0;49.20425599;18.75494438;387.965;42.1353;12.0;0.9;47.958
1753875245.5;2.0;49.20425595;18.75494445;387.9643;42.1353;12.0;0.9;47.931
1753875245.51;2.0;49.20425591;18.75494453;387.9635;42.1353;12.0;0.9;47.929
1753875245.52;2.0;49.20425586;18.75494461;387.9624;42.1353;12.0;0.9;47.901
1753875245.53;2.0;49.20425582;18.75494469;387.9617;42.1353;12.0;0.9;47.831
1753875245.54;2.0;49.20425577;18.75494478;387.9612;42.1353;12.0;0.9;47.77
1753875245.55;2.0;49.20425573;18.75494487;387.9609;42.1353;12.0;0.9;47.745
1753875245.56;2.0;49.20425568;18.75494496;387.9604;42.1353;12.0;0.9;47.735
1753875245.57;2.0;49.20425563;18.75494505;387.9594;42.1353;12.0;0.9;47.706
1753875245.58;2.0;49.20425558;18.75494515;387.9592;42.1353;12.0;0.9;47.62
1753875245.59;2.0;49.20425553;18.75494524;387.9588;42.1353;13.0;0.8;47.576
1753875245.6;2.0;49.20425549;18.75494533;387.9586;42.1353;13.0;0.8;47.566
1753875245.61;2.0;49.20425545;18.75494541;387.9582;42.1353;13.0;0.8;47.554
1753875245.62;2.0;49.2042554;18.75494548;387.9573;42.1353;13.0;0.8;47.572
1753875245.63;2.0;49.20425536;18.75494556;387.9564;42.1353;13.0;0.8;47.574
1753875245.64;2.0;49.20425532;18.75494563;387.9559;42.1353;13.0;0.8;47.588
1753875245.65;2.0;49.20425528;18.75494571;387.955;42.1353;13.0;0.8;47.609
1753875245.66;2.0;49.20425523;18.75494577;387.9548;42.1353;13.0;0.8;47.628
1753875245.67;2.0;49.20425519;18.75494584;387.9544;42.1353;13.0;0.8;47.679
1753875245.68;2.0;49.20425514;18.75494591;387.9541;42.1353;13.0;0.8;47.722
1753875245.69;2.0;49.20425509;18.75494599;387.9536;42.1353;13.0;0.8;47.764
1753875245.7;2.0;49.20425504;18.75494607;387.9528;42.1353;13.0;0.8;47.815
1753875245.71;2.0;49.20425499;18.75494615;387.9524;42.1353;13.0;0.8;47.874
1753875245.72;2.0;49.20425495;18.75494623;387.952;42.1353;13.0;0.8;47.884
1753875245.73;2.0;49.2042549;18.75494632;387.9513;42.1353;13.0;0.8;47.9
1753875245.74;2.0;49.20425486;18.75494641;387.9509;42.1353;13.0;0.8;47.902
1753875245.75;2.0;49.20425481;18.7549465;387.9511;42.1353;13.0;0.8;47.891
1753875245.76;2.0;49.20425477;18.7549466;387.9509;42.1353;13.0;0.8;47.895
1753875245.77;2.0;49.20425472;18.75494669;387.9514;42.1353;13.0;0.8;47.912
1753875245.78;2.0;49.20425468;18.75494677;387.9515;42.1353;13.0;0.8;47.903
1753875245.79;2.0;49.20425464;18.75494685;387.9509;42.1353;13.0;0.8;47.871
1753875245.8;2.0;49.2042546;18.75494693;387.9498;42.1353;13.0;0.8;47.83
1753875245.81;2.0;49.20425456;18.75494701;387.9486;42.1353;13.0;0.8;47.79
1753875245.82;2.0;49.20425452;18.75494709;387.9479;42.1353;13.0;0.8;47.769
1753875245.83;2.0;49.20425447;18.75494717;387.9469;42.1353;13.0;0.8;47.759
1753875245.84;2.0;49.20425443;18.75494725;387.9456;42.1353;13.0;0.8;47.767
1753875245.85;2.0;49.20425438;18.75494733;387.9445;42.1353;13.0;0.8;47.747
1753875245.86;2.0;49.20425433;18.7549474;387.9444;42.1353;13.0;0.8;47.746
1753875245.87;2.0;49.20425428;18.75494748;387.9442;42.1353;13.0;0.8;47.745
1753875245.88;2.0;49.20425424;18.75494756;387.9436;42.1353;13.0;0.8;47.768
1753875245.89;2.0;49.20425419;18.75494763;387.943;42.1353;13.0;0.8;47.789
1753875245.9;2.0;49.20425415;18.7549477;387.9421;42.1353;13.0;0.8;47.828
1753875245.91;2.0;49.2042541;18.75494778;387.9415;42.1353;13.0;0.8;47.873
1753875245.92;2.0;49.20425406;18.75494786;387.9402;42.1353;13.0;0.8;47.854
1753875245.93;2.0;49.20425402;18.75494794;387.939;42.1353;13.0;0.8;47.884
1753875245.94;2.0;49.20425398;18.75494802;387.9378;42.1353;13.0;0.8;47.865
1753875245.95;2.0;49.20425394;18.75494809;387.9363;42.1353;13.0;0.8;47.913
1753875245.96;2.0;49.20425389;18.75494817;387.9348;42.1353;13.0;0.8;47.977
1753875245.97;2.0;49.20425384;18.75494825;387.9348;42.1353;13.0;0.8;48.02
1753875245.98;2.0;49.2042538;18.75494833;387.9345;42.1353;13.0;0.8;48.031
1753875245.99;2.0;49.20425376;18.75494841;387.9336;42.1353;13.0;0.8;48.022
1753875246.0;2.0;49.20425372;18.75494848;387.9322;42.1353;13.0;0.8;48.024
1753875246.01;2.0;49.20425367;18.75494855;387.9309;42.1353;13.0;0.8;48.032
1753875246.02;2.0;49.20425363;18.75494863;387.9297;42.1353;13.0;0.8;48.023
1753875246.03;2.0;49.20425358;18.7549487;387.9278;42.1353;13.0;0.8;47.981
1753875246.04;2.0;49.20425354;18.75494877;387.9264;42.1353;13.0;0.8;47.892
1753875246.05;2.0;49.20425349;18.75494885;387.925;42.1353;13.0;0.8;47.834
1753875246.06;2.0;49.20425345;18.75494892;387.9239;42.1353;13.0;0.8;47.768
1753875246.07;2.0;49.20425341;18.75494899;387.923;42.1353;13.0;0.8;47.767
1753875246.08;2.0;49.20425336;18.75494907;387.9219;42.1353;13.0;0.8;47.79
1753875246.09;2.0;49.20425331;18.75494915;387.9219;42.1353;13.0;0.8;47.82
1753875246.1;2.0;49.20425325;18.75494923;387.9219;42.1353;13.0;0.8;47.805
1753875246.11;2.0;49.20425319;18.7549493;387.9219;42.1353;13.0;0.8;47.775
1753875246.12;2.0;49.20425314;18.75494938;387.9223;42.1353;13.0;0.8;47.729
1753875246.13;2.0;49.20425308;18.75494946;387.923;42.1353;13.0;0.8;47.698
1753875246.14;2.0;49.20425302;18.75494953;387.924;42.1353;13.0;0.8;47.691
1753875246.15;2.0;49.20425297;18.7549496;387.9246;42.1353;13.0;0.8;47.717
1753875246.16;2.0;49.20425291;18.75494966;387.9245;42.1353;13.0;0.8;47.685
1753875246.17;2.0;49.20425287;18.75494973;387.9245;42.1353;13.0;0.8;47.658
1753875246.18;2.0;49.20425283;18.75494979;387.9243;42.1353;13.0;0.8;47.654
1753875246.19;2.0;49.20425279;18.75494984;387.924;42.1353;13.0;0.8;47.649
1753875246.2;2.0;49.20425275;18.75494989;387.9232;42.1353;13.0;0.8;47.605
1753875246.21;2.0;49.20425272;18.75494994;387.9224;42.1353;13.0;0.8;47.543
1753875246.22;2.0;49.2042527;18.75494999;387.9214;42.1353;13.0;0.8;47.544
1753875246.23;2.0;49.20425267;18.75495003;387.9201;42.1353;13.0;0.8;47.598
1753875246.24;2.0;49.20425265;18.75495007;387.919;42.1353;13.0;0.8;47.642
1753875246.25;2.0;49.20425263;18.7549501;387.9179;42.1353;13.0;0.8;47.679
1753875246.26;2.0;49.20425262;18.75495013;387.9168;42.1353;13.0;0.8;47.724
1753875246.27;2.0;49.20425261;18.75495015;387.9157;42.1353;13.0;0.8;47.77
1753875246.28;2.0;49.20425259;18.75495018;387.9147;42.1353;13.0;0.8;47.795
1753875246.29;2.0;49.20425258;18.75495022;387.9142;42.1353;13.0;0.8;47.788
1753875246.3;2.0;49.20425257;18.75495025;387.9139;42.1353;13.0;0.8;47.75
1753875246.31;2.0;49.20425256;18.75495028;387.9131;42.1353;13.0;0.8;47.737
1753875246.32;2.0;49.20425255;18.75495031;387.9124;42.1353;13.0;0.8;47.689
1753875246.33;2.0;49.20425254;18.75495034;387.9119;42.1353;13.0;0.8;47.636
1753875246.34;2.0;49.20425253;18.75495037;387.9117;42.1353;13.0;0.8;47.595
1753875246.35;2.0;49.20425251;18.75495041;387.9121;42.1353;13.0;0.8;47.62
1753875246.36;2.0;49.20425249;18.75495045;387.913;42.1353;13.0;0.8;47.615
1753875246.37;2.0;49.20425247;18.75495048;387.9136;42.1353;13.0;0.8;47.628
1753875246.38;2.0;49.20425246;18.75495051;387.9136;42.1353;13.0;0.8;47.641
1753875246.39;2.0;49.20425244;18.75495055;387.914;42.1353;13.0;0.8;47.664
1753875246.4;2.0;49.20425242;18.75495059;387.9144;42.1353;13.0;0.8;47.677
1753875246.41;2.0;49.2042524;18.75495062;387.9147;42.1353;13.0;0.8;47.661
1753875246.42;2.0;49.20425237;18.75495066;387.9143;42.1353;13.0;0.8;47.644
1753875246.43;2.0;49.20425235;18.7549507;387.9138;42.1353;13.0;0.8;47.635
1753875246.44;2.0;49.20425232;18.75495073;387.9134;42.1353;13.0;0.8;47.607
1753875246.45;2.0;49.20425229;18.75495077;387.9131;42.1353;13.0;0.8;47.575
1753875246.46;2.0;49.20425226;18.7549508;387.9131;42.1353;13.0;0.8;47.548
1753875246.47;2.0;49.20425223;18.75495083;387.9122;42.1353;13.0;0.8;47.515
1753875246.48;2.0;49.2042522;18.75495088;387.9105;42.1353;13.0;0.8;47.525
1753875246.49;2.0;49.20425217;18.75495092;387.9095;42.1353;13.0;0.8;47.55
1753875246.5;2.0;49.20425214;18.75495096;387.9092;42.1353;13.0;0.8;47.561
1753875246.51;2.0;49.20425211;18.754951;387.9092;42.1353;13.0;0.8;47.596
1753875246.52;2.0;49.20425209;18.75495104;387.909;42.1353;13.0;0.8;47.625
1753875246.53;2.0;49.20425205;18.75495108;387.9077;42.1353;13.0;0.8;47.673
1753875246.54;2.0;49.20425202;18.75495113;387.9061;42.1353;13.0;0.8;47.714
1753875246.55;2.0;49.20425199;18.75495117;387.9045;42.1353;13.0;0.8;47.759
1753875246.56;2.0;49.20425196;18.75495122;387.9018;42.1353;13.0;0.8;47.769
1753875246.57;2.0;49.20425193;18.75495127;387.8996;42.1353;12.0;0.9;47.736
1753875246.58;2.0;49.2042519;18.75495133;387.8981;42.1353;12.0;0.9;47.735
1753875246.59;2.0;49.20425187;18.75495138;387.8969;42.1353;12.0;0.9;47.779
1753875246.6;2.0;49.20425184;18.75495144;387.8961;42.1353;13.0;0.8;47.783
1753875246.61;2.0;49.20425181;18.7549515;387.8952;42.1353;13.0;0.8;47.792
1753875246.62;2.0;49.20425178;18.75495156;387.8951;42.1353;13.0;0.8;47.768
1753875246.63;2.0;49.20425174;18.75495162;387.8954;42.1353;13.0;0.8;47.721
1753875246.64;2.0;49.20425171;18.75495168;387.896;42.1353;13.0;0.8;47.693
1753875246.65;2.0;49.20425167;18.75495174;387.8971;42.1353;13.0;0.8;47.643
1753875246.66;2.0;49.20425164;18.7549518;387.8983;42.1353;13.0;0.8;47.603
1753875246.67;2.0;49.20425161;18.75495186;387.8993;42.1353;13.0;0.8;47.545
1753875246.68;2.0;49.20425158;18.75495191;387.9002;42.1353;12.0;0.9;47.504
1753875246.69;2.0;49.20425155;18.75495196;387.9005;42.1353;12.0;0.9;47.469
1753875246.7;2.0;49.20425152;18.75495201;387.9007;42.1353;13.0;0.8;47.429
1753875246.71;2.0;49.20425149;18.75495206;387.9007;42.1353;13.0;0.8;47.376
1753875246.72;2.0;49.20425146;18.75495211;387.9007;42.1353;13.0;0.8;47.361
1753875246.73;2.0;49.20425143;18.75495215;387.9006;42.1353;12.0;0.9;47.377
1753875246.74;2.0;49.20425141;18.75495219;387.9011;42.1353;12.0;0.9;47.382
1753875246.75;2.0;49.20425138;18.75495223;387.9014;42.1353;12.0;0.9;47.365
1753875246.76;2.0;49.20425136;18.75495227;387.9006;42.1353;12.0;0.9;47.355
1753875246.77;2.0;49.20425134;18.75495231;387.8995;42.1353;13.0;0.8;47.377
1753875246.78;2.0;49.20425132;18.75495234;387.8986;42.1353;13.0;0.8;47.38
1753875246.79;2.0;49.20425129;18.75495237;387.8983;42.1353;12.0;0.9;47.379
1753875246.8;2.0;49.20425127;18.7549524;387.8974;42.1353;12.0;0.9;47.353
1753875246.81;2.0;49.20425125;18.75495243;387.8968;42.1353;12.0;0.9;47.369
1753875246.82;2.0;49.20425122;18.75495246;387.8968;42.1353;12.0;0.9;47.432
1753875246.83;2.0;49.2042512;18.7549525;387.8963;42.1353;12.0;0.9;47.492
1753875246.84;2.0;49.20425118;18.75495254;387.8949;42.1353;13.0;0.8;47.54
1753875246.85;2.0;49.20425115;18.75495257;387.8941;42.1353;13.0;0.8;47.563
1753875246.86;2.0;49.20425113;18.7549526;387.8934;42.1353;12.0;0.9;47.573
1753875246.87;2.0;49.20425111;18.75495264;387.8933;42.1353;12.0;0.9;47.544
1753875246.88;2.0;49.20425109;18.75495268;387.8931;42.1353;13.0;0.8;47.521
1753875246.89;2.0;49.20425107;18.75495272;387.893;42.1353;13.0;0.8;47.515
1753875246.9;2.0;49.20425104;18.75495276;387.8932;42.1353;13.0;0.8;47.551
1753875246.91;2.0;49.20425102;18.75495279;387.8934;42.1353;13.0;0.8;47.585
1753875246.92;2.0;49.204251;18.75495283;387.8932;42.1353;13.0;0.8;47.617
1753875246.93;2.0;49.20425097;18.75495287;387.8927;42.1353;13.0;0.8;47.594
1753875246.94;2.0;49.20425095;18.75495291;387.8926;42.1353;13.0;0.8;47.607
1753875246.95;2.0;49.20425092;18.75495295;387.8927;42.1353;13.0;0.8;47.63
1753875246.96;2.0;49.2042509;18.754953;387.8928;42.1353;13.0;0.8;47.627
1753875246.97;2.0;49.20425087;18.75495304;387.8926;42.1353;13.0;0.8;47.65
1753875246.98;2.0;49.20425085;18.75495309;387.8923;42.1353;13.0;0.8;47.64
1753875246.99;2.0;49.20425082;18.75495313;387.8919;42.1353;12.0;0.9;47.644
1753875247.0;2.0;49.2042508;18.75495317;387.8911;42.1353;12.0;0.9;47.655
1753875247.01;2.0;49.20425077;18.7549532;387.8905;42.1353;12.0;0.9;47.695
1753875247.02;2.0;49.20425074;18.75495324;387.8904;42.1353;13.0;0.8;47.693
1753875247.03;2.0;49.20425071;18.75495328;387.8902;42.1353;13.0;0.8;47.707
1753875247.04;2.0;49.20425069;18.75495332;387.8907;42.1353;13.0;0.8;47.704
1753875247.05;2.0;49.20425066;18.75495336;387.8912;42.1353;13.0;0.8;47.7
1753875247.06;2.0;49.20425063;18.75495339;387.8921;42.1353;13.0;0.8;47.728
1753875247.07;2.0;49.2042506;18.75495343;387.8925;42.1353;13.0;0.8;47.756
1753875247.08;2.0;49.20425057;18.75495347;387.8927;42.1353;13.0;0.8;47.811
1753875247.09;2.0;49.20425054;18.75495351;387.8924;42.1353;13.0;0.8;47.856
1753875247.1;2.0;49.20425052;18.75495355;387.8916;42.1353;13.0;0.8;47.891
1753875247.11;2.0;49.20425049;18.75495359;387.8908;42.1353;13.0;0.8;47.916
1753875247.12;2.0;49.20425046;18.75495363;387.8898;42.1353;13.0;0.8;47.957
1753875247.13;2.0;49.20425042;18.75495368;387.8891;42.1353;13.0;0.8;47.984
1753875247.14;2.0;49.20425039;18.75495373;387.8887;42.1353;13.0;0.8;48.016
1753875247.15;2.0;49.20425035;18.75495378;387.8887;42.1353;13.0;0.8;48.017
1753875247.16;2.0;49.20425032;18.75495383;387.8889;42.1353;13.0;0.8;48.01
1753875247.17;2.0;49.20425027;18.75495389;387.8891;42.1353;13.0;0.8;47.994
1753875247.18;2.0;49.20425023;18.75495395;387.8893;42.1353;13.0;0.8;47.959
1753875247.19;2.0;49.20425018;18.75495401;387.8894;42.1353;13.0;0.8;47.914
1753875247.2;2.0;49.20425014;18.75495407;387.8891;42.1353;13.0;0.8;47.86
1753875247.21;2.0;49.20425009;18.75495414;387.8893;42.1353;13.0;0.8;47.823
1753875247.22;2.0;49.20425005;18.75495421;387.8894;42.1353;13.0;0.8;47.793
1753875247.23;2.0;49.20425;18.75495427;387.8889;42.1353;13.0;0.8;47.767
1753875247.24;2.0;49.20424996;18.75495434;387.8879;42.1353;13.0;0.8;47.759
1753875247.25;2.0;49.20424991;18.75495441;387.8877;42.1353;13.0;0.8;47.755
1753875247.26;2.0;49.20424986;18.75495448;387.8873;42.1353;13.0;0.8;47.713
1753875247.27;2.0;49.2042498;18.75495455;387.8866;42.1353;13.0;0.8;47.642
1753875247.28;2.0;49.20424975;18.75495461;387.8855;42.1353;13.0;0.8;47.587
1753875247.29;2.0;49.2042497;18.75495468;387.8838;42.1353;13.0;0.8;47.559
1753875247.3;2.0;49.20424964;18.75495475;387.8816;42.1353;13.0;0.8;47.546
1753875247.31;2.0;49.20424958;18.75495482;387.8794;42.1353;13.0;0.8;47.522
1753875247.32;2.0;49.20424952;18.75495489;387.8778;42.1353;13.0;0.8;47.475
1753875247.33;2.0;49.20424946;18.75495496;387.8767;42.1353;13.0;0.8;47.398
1753875247.34;2.0;49.20424941;18.75495503;387.8761;42.1353;13.0;0.8;47.375
1753875247.35;2.0;49.20424936;18.75495509;387.8756;42.1353;13.0;0.8;47.401
1753875247.36;2.0;49.2042493;18.75495517;387.8751;42.1353;13.0;0.8;47.407
1753875247.37;2.0;49.20424925;18.75495525;387.8747;42.1353;13.0;0.8;47.352
1753875247.38;2.0;49.2042492;18.75495532;387.875;42.1353;13.0;0.8;47.309
1753875247.39;2.0;49.20424915;18.75495539;387.8754;42.1353;13.0;0.8;47.289
1753875247.4;2.0;49.20424911;18.75495546;387.875;42.1353;13.0;0.8;47.288
1753875247.41;2.0;49.20424907;18.75495553;387.8744;42.1353;13.0;0.8;47.262
1753875247.42;2.0;49.20424903;18.75495559;387.8729;42.1353;13.0;0.8;47.254
1753875247.43;2.0;49.20424899;18.75495565;387.8706;42.1353;13.0;0.8;47.238
1753875247.44;2.0;49.20424895;18.7549557;387.8684;42.1353;13.0;0.8;47.241
1753875247.45;2.0;49.20424891;18.75495575;387.8663;42.1353;13.0;0.8;47.262
1753875247.46;2.0;49.20424888;18.75495579;387.8639;42.1353;13.0;0.8;47.288
1753875247.47;2.0;49.20424884;18.75495584;387.8628;42.1353;13.0;0.8;47.309
1753875247.48;2.0;49.20424881;18.75495588;387.861;42.1353;13.0;0.8;47.382
1753875247.49;2.0;49.20424878;18.75495592;387.8596;42.1353;13.0;0.8;47.465
1753875247.5;2.0;49.20424875;18.75495596;387.8578;42.1353;13.0;0.8;47.554
1753875247.51;2.0;49.20424871;18.754956;387.8564;42.1353;13.0;0.8;47.575
1753875247.52;2.0;49.20424869;18.75495604;387.8547;42.1353;13.0;0.8;47.566
1753875247.53;2.0;49.20424866;18.75495608;387.8532;42.1353;13.0;0.8;47.598
1753875247.54;2.0;49.20424863;18.75495613;387.8515;42.1353;13.0;0.8;47.612
1753875247.55;2.0;49.20424861;18.75495618;387.8501;42.1353;13.0;0.8;47.612
1753875247.56;2.0;49.20424858;18.75495623;387.8493;42.1353;13.0;0.8;47.581
1753875247.57;2.0;49.20424855;18.75495627;387.8485;42.1353;13.0;0.8;47.582
1753875247.58;2.0;49.20424852;18.75495632;387.8485;42.1353;13.0;0.8;47.631
1753875247.59;2.0;49.20424849;18.75495636;387.8483;42.1353;13.0;0.8;47.684
1753875247.6;2.0;49.20424846;18.75495641;387.8481;42.1353;13.0;0.8;47.732
1753875247.61;2.0;49.20424844;18.75495645;387.8479;42.1353;13.0;0.8;47.762
1753875247.62;2.0;49.20424841;18.75495648;387.848;42.1353;13.0;0.8;47.847
1753875247.63;2.0;49.20424838;18.75495652;387.8472;42.1353;13.0;0.8;47.931
1753875247.64;2.0;49.20424835;18.75495656;387.8464;42.1353;13.0;0.8;47.971
1753875247.65;2.0;49.20424833;18.75495659;387.8456;42.1353;13.0;0.8;48.026
1753875247.66;2.0;49.20424829;18.75495663;387.8446;42.1353;13.0;0.8;48.058
1753875247.67;2.0;49.20424826;18.75495667;387.8441;42.1353;13.0;0.8;48.06
1753875247.68;2.0;49.20424823;18.7549567;387.8436;42.1353;13.0;0.8;48.065
1753875247.69;2.0;49.20424819;18.75495674;387.8433;42.1353;13.0;0.8;48.08
1753875247.7;2.0;49.20424816;18.75495679;387.8426;42.1353;13.0;0.8;48.095
1753875247.71;2.0;49.20424812;18.75495684;387.8416;42.1353;13.0;0.8;48.092
1753875247.72;2.0;49.20424808;18.75495689;387.8405;42.1353;13.0;0.8;48.04
1753875247.73;2.0;49.20424805;18.75495694;387.8394;42.1353;13.0;0.8;47.972
1753875247.74;2.0;49.20424801;18.75495699;387.8393;42.1353;13.0;0.8;47.926
1753875247.75;2.0;49.20424797;18.75495705;387.8394;42.1353;13.0;0.8;47.876
1753875247.76;2.0;49.20424792;18.7549571;387.8396;42.1353;13.0;0.8;47.82
1753875247.77;2.0;49.20424788;18.75495716;387.8393;42.1353;13.0;0.8;47.764
1753875247.78;2.0;49.20424784;18.75495722;387.839;42.1353;13.0;0.8;47.728
1753875247.79;2.0;49.2042478;18.75495727;387.8382;42.1353;13.0;0.8;47.631
1753875247.8;2.0;49.20424775;18.75495733;387.8382;42.1353;13.0;0.8;47.583
1753875247.81;2.0;49.20424771;18.75495739;387.8381;42.1353;13.0;0.8;47.528
1753875247.82;2.0;49.20424767;18.75495745;387.8378;42.1353;13.0;0.8;47.518
1753875247.83;2.0;49.20424762;18.75495751;387.8372;42.1353;13.0;0.8;47.499
1753875247.84;2.0;49.20424758;18.75495757;387.8359;42.1353;13.0;0.8;47.497
1753875247.85;2.0;49.20424754;18.75495764;387.8343;42.1353;13.0;0.8;47.484
1753875247.86;2.0;49.20424749;18.7549577;387.8324;42.1353;13.0;0.8;47.51
1753875247.87;2.0;49.20424746;18.75495777;387.831;42.1353;13.0;0.8;47.55
1753875247.88;2.0;49.20424741;18.75495783;387.8305;42.1353;13.0;0.8;47.588
1753875247.89;2.0;49.20424737;18.7549579;387.8304;42.1353;13.0;0.8;47.628
1753875247.9;2.0;49.20424732;18.75495797;387.8301;42.1353;13.0;0.8;47.65
1753875247.91;2.0;49.20424728;18.75495804;387.8292;42.1353;13.0;0.8;47.641
1753875247.92;2.0;49.20424724;18.75495811;387.8279;42.1353;13.0;0.8;47.649
1753875247.93;2.0;49.2042472;18.75495817;387.827;42.1353;13.0;0.8;47.679
1753875247.94;2.0;49.20424716;18.75495823;387.826;42.1353;13.0;0.8;47.67
1753875247.95;2.0;49.20424712;18.75495829;387.8247;42.1353;13.0;0.8;47.639
1753875247.96;2.0;49.20424707;18.75495835;387.8236;42.1353;13.0;0.8;47.619
1753875247.97;2.0;49.20424703;18.75495841;387.8228;42.1353;13.0;0.8;47.569
1753875247.98;2.0;49.20424699;18.75495847;387.8224;42.1353;13.0;0.8;47.555
1753875247.99;2.0;49.20424695;18.75495853;387.8222;42.1353;13.0;0.8;47.587
1753875248.0;2.0;49.2042469;18.75495859;387.8216;42.1353;13.0;0.8;47.591
1753875248.01;2.0;49.20424687;18.75495866;387.8205;42.1353;13.0;0.8;47.595
1753875248.02;2.0;49.20424682;18.75495872;387.8199;42.1353;13.0;0.8;47.599
1753875248.03;2.0;49.20424679;18.75495878;387.8194;42.1353;13.0;0.8;47.564
1753875248.04;2.0;49.20424675;18.75495885;387.8188;42.1353;13.0;0.8;47.547
1753875248.05;2.0;49.20424671;18.75495891;387.8182;42.1353;13.0;0.8;47.537
1753875248.06;2.0;49.20424667;18.75495896;387.8175;42.1353;13.0;0.8;47.575
1753875248.07;2.0;49.20424663;18.75495901;387.8177;42.1353;13.0;0.8;47.591
1753875248.08;2.0;49.20424657;18.75495908;387.8183;42.1353;13.0;0.8;47.611
1753875248.09;2.0;49.20424652;18.75495915;387.8187;42.1353;13.0;0.8;47.663
1753875248.1;2.0;49.20424646;18.75495921;387.8189;42.1353;13.0;0.8;47.726
1753875248.11;2.0;49.20424642;18.75495928;387.8191;42.1353;13.0;0.8;47.781
1753875248.12;2.0;49.20424637;18.75495934;387.8184;42.1353;13.0;0.8;47.816
1753875248.13;2.0;49.20424632;18.75495941;387.8178;42.1353;13.0;0.8;47.845
1753875248.14;2.0;49.20424628;18.75495946;387.8171;42.1353;13.0;0.8;47.913
1753875248.15;2.0;49.20424623;18.75495952;387.8159;42.1353;13.0;0.8;48.002
1753875248.16;2.0;49.20424618;18.75495957;387.8135;42.1353;13.0;0.8;48.07
1753875248.17;2.0;49.20424613;18.75495963;387.8112;42.1353;13.0;0.8;48.135
1753875248.18;2.0;49.20424608;18.75495968;387.809;42.1353;13.0;0.8;48.177
1753875248.19;2.0;49.20424603;18.75495974;387.8082;42.1353;13.0;0.8;48.222
1753875248.2;2.0;49.20424597;18.7549598;387.8081;42.1353;13.0;0.8;48.245
1753875248.21;2.0;49.20424592;18.75495987;387.8076;42.1353;13.0;0.8;48.203
1753875248.22;2.0;49.20424586;18.75495995;387.8068;42.1353;13.0;0.8;48.126
1753875248.23;2.0;49.2042458;18.75496003;387.8063;42.1353;13.0;0.8;48.072
1753875248.24;2.0;49.20424575;18.75496011;387.8062;42.1353;13.0;0.8;48.011
1753875248.25;2.0;49.20424569;18.75496019;387.8057;42.1353;13.0;0.8;47.881
1753875248.26;2.0;49.20424564;18.75496028;387.8049;42.1353;13.0;0.8;47.75
1753875248.27;2.0;49.20424559;18.75496036;387.8038;42.1353;13.0;0.8;47.649
1753875248.28;2.0;49.20424555;18.75496044;387.803;42.1353;13.0;0.8;47.565
1753875248.29;2.0;49.2042455;18.75496052;387.802;42.1353;13.0;0.8;47.473
1753875248.3;2.0;49.20424545;18.7549606;387.8014;42.1353;13.0;0.8;47.351
1753875248.31;2.0;49.2042454;18.75496068;387.8004;42.1353;13.0;0.8;47.278
1753875248.32;2.0;49.20424534;18.75496075;387.799;42.1353;13.0;0.8;47.275
1753875248.33;2.0;49.2042453;18.75496083;387.7979;42.1353;13.0;0.8;47.28
1753875248.34;2.0;49.20424525;18.75496091;387.7968;42.1353;13.0;0.8;47.29
1753875248.35;2.0;49.20424519;18.75496099;387.7962;42.1353;13.0;0.8;47.279
1753875248.36;2.0;49.20424514;18.75496107;387.7964;42.1353;13.0;0.8;47.275
1753875248.37;2.0;49.20424509;18.75496116;387.7965;42.1353;13.0;0.8;47.322
1753875248.38;2.0;49.20424504;18.75496125;387.7962;42.1353;13.0;0.8;47.383
1753875248.39;2.0;49.20424499;18.75496133;387.7956;42.1353;13.0;0.8;47.442
1753875248.4;2.0;49.20424494;18.7549614;387.7953;42.1353;13.0;0.8;47.512
1753875248.41;2.0;49.20424489;18.75496147;387.7949;42.1353;13.0;0.8;47.517
1753875248.42;2.0;49.20424484;18.75496155;387.7948;42.1353;13.0;0.8;47.499
1753875248.43;2.0;49.2042448;18.75496162;387.7937;42.1353;13.0;0.8;47.489
1753875248.44;2.0;49.20424475;18.75496169;387.7923;42.1353;13.0;0.8;47.469
1753875248.45;2.0;49.2042447;18.75496176;387.791;42.1353;13.0;0.8;47.441
1753875248.46;2.0;49.20424465;18.75496182;387.7899;42.1353;13.0;0.8;47.449
1753875248.47;2.0;49.2042446;18.75496188;387.7888;42.1353;13.0;0.8;47.45
1753875248.48;2.0;49.20424456;18.75496194;387.7876;42.1353;13.0;0.8;47.463
1753875248.49;2.0;49.20424451;18.754962;387.7867;42.1353;13.0;0.8;47.477
1753875248.5;2.0;49.20424446;18.75496206;387.7857;42.1353;13.0;0.8;47.489
1753875248.51;2.0;49.20424441;18.75496212;387.7844;42.1353;13.0;0.8;47.479
1753875248.52;2.0;49.20424437;18.75496219;387.7839;42.1353;13.0;0.8;47.529
1753875248.53;2.0;49.20424432;18.75496226;387.7838;42.1353;13.0;0.8;47.571
1753875248.54;2.0;49.20424427;18.75496233;387.7836;42.1353;13.0;0.8;47.571
1753875248.55;2.0;49.20424423;18.75496239;387.7832;42.1353;13.0;0.8;47.582
1753875248.56;2.0;49.20424418;18.75496247;387.7831;42.1353;13.0;0.8;47.604
1753875248.57;2.0;49.20424413;18.75496254;387.7832;42.1353;13.0;0.8;47.608
1753875248.58;2.0;49.20424407;18.75496262;387.7831;42.1353;12.0;0.9;47.59
1753875248.59;2.0;49.20424402;18.75496269;387.7833;42.1353;12.0;0.9;47.58
1753875248.6;2.0;49.20424397;18.75496276;387.7832;42.1353;13.0;0.8;47.561
1753875248.61;2.0;49.20424391;18.75496284;387.7837;42.1353;13.0;0.8;47.515
1753875248.62;2.0;49.20424385;18.75496292;387.7843;42.1353;13.0;0.8;47.442
1753875248.63;2.0;49.20424379;18.754963;387.7835;42.1353;13.0;0.8;47.39
1753875248.64;2.0;49.20424374;18.75496308;387.7823;42.1353;13.0;0.8;47.367
1753875248.65;2.0;49.20424368;18.75496316;387.781;42.1353;12.0;0.9;47.378
1753875248.66;2.0;49.20424362;18.75496325;387.7804;42.1353;12.0;0.9;47.435
1753875248.67;2.0;49.20424357;18.75496333;387.7798;42.1353;12.0;0.9;47.474
1753875248.68;2.0;49.20424352;18.75496341;387.7795;42.1353;13.0;0.8;47.534
1753875248.69;2.0;49.20424346;18.7549635;387.7791;42.1353;13.0;0.8;47.61
1753875248.7;2.0;49.2042434;18.75496359;387.7786;42.1353;13.0;0.8;47.62
1753875248.71;2.0;49.20424334;18.75496368;387.7779;42.1353;13.0;0.8;47.633
1753875248.72;2.0;49.20424328;18.75496377;387.7778;42.1353;13.0;0.8;47.649
1753875248.73;2.0;49.20424322;18.75496386;387.7783;42.1353;13.0;0.8;47.644
1753875248.74;2.0;49.20424316;18.75496396;387.7787;42.1353;13.0;0.8;47.663
1753875248.75;2.0;49.2042431;18.75496405;387.7791;42.1353;13.0;0.8;47.711
1753875248.76;2.0;49.20424303;18.75496413;387.779;42.1353;13.0;0.8;47.703
1753875248.77;2.0;49.20424298;18.75496422;387.7788;42.1353;13.0;0.8;47.64
1753875248.78;2.0;49.20424292;18.7549643;387.7784;42.1353;13.0;0.8;47.615
1753875248.79;2.0;49.20424287;18.75496438;387.7777;42.1353;13.0;0.8;47.558
1753875248.8;2.0;49.20424282;18.75496446;387.7772;42.1353;13.0;0.8;47.48
1753875248.81;2.0;49.20424276;18.75496453;387.7769;42.1353;13.0;0.8;47.421
1753875248.82;2.0;49.20424271;18.75496462;387.776;42.1353;13.0;0.8;47.433
1753875248.83;2.0;49.20424266;18.7549647;387.7753;42.1353;13.0;0.8;47.449
1753875248.84;2.0;49.2042426;18.75496478;387.7749;42.1353;13.0;0.8;47.468
1753875248.85;2.0;49.20424254;18.75496486;387.7743;42.1353;13.0;0.8;47.474
1753875248.86;2.0;49.20424249;18.75496495;387.7737;42.1353;13.0;0.8;47.451
1753875248.87;2.0;49.20424244;18.75496504;387.7722;42.1353;13.0;0.8;47.439
1753875248.88;2.0;49.20424238;18.75496513;387.7711;42.1353;13.0;0.8;47.411
1753875248.89;2.0;49.20424232;18.75496521;387.7695;42.1353;13.0;0.8;47.363
1753875248.9;2.0;49.20424226;18.7549653;387.7689;42.1353;13.0;0.8;47.328
1753875248.91;2.0;49.20424219;18.7549654;387.7684;42.1353;13.0;0.8;47.28
1753875248.92;2.0;49.20424213;18.75496549;387.7672;42.1353;13.0;0.8;47.208
1753875248.93;2.0;49.20424207;18.75496557;387.7662;42.1353;13.0;0.8;47.129
1753875248.94;2.0;49.20424201;18.75496565;387.7655;42.1353;13.0;0.8;47.064
1753875248.95;2.0;49.20424195;18.75496573;387.765;42.1353;13.0;0.8;47.009
1753875248.96;2.0;49.20424189;18.75496581;387.7644;42.1353;13.0;0.8;46.995
1753875248.97;2.0;49.20424183;18.75496588;387.7644;42.1353;13.0;0.8;47.002
1753875248.98;2.0;49.20424178;18.75496595;387.7637;42.1353;13.0;0.8;47.035
1753875248.99;2.0;49.20424172;18.75496603;387.763;42.1353;13.0;0.8;47.071
1753875249.0;2.0;49.20424166;18.75496611;387.7625;42.1353;13.0;0.8;47.089
1753875249.01;2.0;49.2042416;18.75496618;387.7618;42.1353;13.0;0.8;47.112
1753875249.02;2.0;49.20424155;18.75496625;387.7607;42.1353;13.0;0.8;47.13
1753875249.03;2.0;49.2042415;18.75496633;387.7602;42.1353;13.0;0.8;47.163
1753875249.04;2.0;49.20424144;18.75496641;387.7607;42.1353;13.0;0.8;47.166
1753875249.05;2.0;49.20424137;18.75496649;387.7614;42.1353;13.0;0.8;47.176
1753875249.06;2.0;49.20424131;18.75496658;387.7619;42.1353;13.0;0.8;47.148
1753875249.07;2.0;49.20424125;18.75496666;387.7619;42.1353;13.0;0.8;47.116
1753875249.08;2.0;49.2042412;18.75496674;387.7615;42.1353;13.0;0.8;47.098
1753875249.09;2.0;49.20424114;18.75496681;387.7609;42.1353;13.0;0.8;47.098
1753875249.1;2.0;49.20424109;18.75496689;387.761;42.1353;13.0;0.8;47.14
1753875249.11;2.0;49.20424104;18.75496696;387.7605;42.1353;13.0;0.8;47.124
1753875249.12;2.0;49.20424099;18.75496704;387.7593;42.1353;13.0;0.8;47.063
1753875249.13;2.0;49.20424094;18.75496712;387.7578;42.1353;13.0;0.8;47.038
1753875249.14;2.0;49.2042409;18.7549672;387.7572;42.1353;13.0;0.8;46.976
1753875249.15;2.0;49.20424085;18.75496728;387.7565;42.1353;13.0;0.8;46.934
1753875249.16;2.0;49.2042408;18.75496737;387.7559;42.1353;13.0;0.8;46.882
1753875249.17;2.0;49.20424076;18.75496746;387.7557;42.1353;13.0;0.8;46.778
1753875249.18;2.0;49.20424071;18.75496756;387.7551;42.1353;13.0;0.8;46.63
1753875249.19;2.0;49.20424066;18.75496766;387.7547;42.1353;13.0;0.8;46.446
1753875249.2;2.0;49.20424061;18.75496775;387.7548;42.1353;13.0;0.8;46.248
1753875249.21;2.0;49.20424056;18.75496786;387.7552;42.1353;13.0;0.8;46.031
1753875249.22;2.0;49.20424052;18.75496796;387.755;42.1353;13.0;0.8;45.811
1753875249.23;2.0;49.20424048;18.75496807;387.7555;42.1353;13.0;0.8;45.615
1753875249.24;2.0;49.20424044;18.75496816;387.7559;42.1353;13.0;0.8;45.399
1753875249.25;2.0;49.20424039;18.75496826;387.7558;42.1353;13.0;0.8;45.135
1753875249.26;2.0;49.20424035;18.75496835;387.7555;42.1353;13.0;0.8;44.82
1753875249.27;2.0;49.20424031;18.75496844;387.7556;42.1353;13.0;0.8;44.479
1753875249.28;2.0;49.20424027;18.75496853;387.7549;42.1353;13.0;0.8;44.1
1753875249.29;2.0;49.20424023;18.75496863;387.7542;42.1353;13.0;0.8;43.732
1753875249.3;2.0;49.20424019;18.75496871;387.7532;42.1353;13.0;0.8;43.399
1753875249.31;2.0;49.20424016;18.75496879;387.7524;42.1353;13.0;0.8;43.095
1753875249.32;2.0;49.20424013;18.75496888;387.7518;42.1353;13.0;0.8;42.802
1753875249.33;2.0;49.20424009;18.75496896;387.7504;42.1353;13.0;0.8;42.527
1753875249.34;2.0;49.20424006;18.75496905;387.749;42.1353;13.0;0.8;42.262
1753875249.35;2.0;49.20424003;18.75496913;387.7472;42.1353;13.0;0.8;42.029
1753875249.36;2.0;49.20424;18.75496923;387.7446;42.1353;13.0;0.8;41.781
1753875249.37;2.0;49.20423997;18.75496932;387.7429;42.1353;13.0;0.8;41.519
1753875249.38;2.0;49.20423994;18.75496941;387.7418;42.1353;13.0;0.8;41.273
1753875249.39;2.0;49.20423992;18.7549695;387.7406;42.1353;13.0;0.8;40.995
1753875249.4;2.0;49.20423989;18.7549696;387.7398;42.1353;13.0;0.8;40.666
1753875249.41;2.0;49.20423987;18.7549697;387.7386;42.1353;13.0;0.8;40.306
1753875249.42;2.0;49.20423985;18.75496979;387.7371;42.1353;13.0;0.8;39.931
1753875249.43;2.0;49.20423983;18.75496988;387.7359;42.1353;13.0;0.8;39.542
1753875249.44;2.0;49.2042398;18.75496996;387.7354;42.1353;13.0;0.8;39.12
1753875249.45;2.0;49.20423978;18.75497005;387.735;42.1353;13.0;0.8;38.699
1753875249.46;2.0;49.20423976;18.75497014;387.7352;42.1353;13.0;0.8;38.316
1753875249.47;2.0;49.20423973;18.75497022;387.7357;42.1353;13.0;0.8;37.946
1753875249.48;2.0;49.2042397;18.75497031;387.7365;42.1353;13.0;0.8;37.589
1753875249.49;2.0;49.20423968;18.7549704;387.7371;42.1353;13.0;0.8;37.267
1753875249.5;2.0;49.20423966;18.75497048;387.7378;42.1353;13.0;0.8;36.961
1753875249.51;2.0;49.20423963;18.75497056;387.7375;42.1353;13.0;0.8;36.65
1753875249.52;2.0;49.2042396;18.75497063;387.737;42.1353;13.0;0.8;36.339
1753875249.53;2.0;49.20423958;18.75497071;387.7365;42.1353;13.0;0.8;36.013
1753875249.54;2.0;49.20423956;18.75497079;387.7361;42.1353;13.0;0.8;35.663
1753875249.55;2.0;49.20423953;18.75497088;387.7354;42.1353;13.0;0.8;35.305
1753875249.56;2.0;49.20423951;18.75497097;387.7341;42.1353;13.0;0.8;34.963
1753875249.57;2.0;49.20423949;18.75497106;387.7325;42.1353;13.0;0.8;34.629
1753875249.58;2.0;49.20423947;18.75497116;387.7308;42.1353;13.0;0.8;34.314
1753875249.59;2.0;49.20423945;18.75497126;387.7299;42.1353;13.0;0.8;33.936
1753875249.6;2.0;49.20423943;18.75497136;387.7292;42.1353;13.0;0.8;33.544
1753875249.61;2.0;49.20423942;18.75497146;387.7283;42.1353;13.0;0.8;33.182
1753875249.62;2.0;49.2042394;18.75497157;387.7269;42.1353;13.0;0.8;32.782
1753875249.63;2.0;49.20423938;18.75497167;387.7257;42.1353;13.0;0.8;32.428
1753875249.64;2.0;49.20423936;18.75497178;387.7249;42.1353;13.0;0.8;32.109
1753875249.65;2.0;49.20423934;18.75497189;387.7245;42.1353;13.0;0.8;31.855
1753875249.66;2.0;49.20423932;18.754972;387.7243;42.1353;13.0;0.8;31.585
1753875249.67;2.0;49.2042393;18.7549721;387.7244;42.1353;13.0;0.8;31.287
1753875249.68;2.0;49.20423928;18.7549722;387.7242;42.1353;13.0;0.8;31.007
1753875249.69;2.0;49.20423927;18.7549723;387.7237;42.1353;13.0;0.8;30.788
1753875249.7;2.0;49.20423926;18.7549724;387.7226;42.1353;13.0;0.8;30.556
1753875249.71;2.0;49.20423925;18.7549725;387.721;42.1353;13.0;0.8;30.314
1753875249.72;2.0;49.20423924;18.75497261;387.7195;42.1353;13.0;0.8;30.023
1753875249.73;2.0;49.20423923;18.75497271;387.7178;42.1353;13.0;0.8;29.679
1753875249.74;2.0;49.20423922;18.75497282;387.7166;42.1353;13.0;0.8;29.305
1753875249.75;2.0;49.20423921;18.75497293;387.7153;42.1353;13.0;0.8;28.932
1753875249.76;2.0;49.2042392;18.75497304;387.7139;42.1353;13.0;0.8;28.571
1753875249.77;2.0;49.20423918;18.75497315;387.7133;42.1353;13.0;0.8;28.184
1753875249.78;2.0;49.20423917;18.75497325;387.7126;42.1353;13.0;0.8;27.815
1753875249.79;2.0;49.20423916;18.75497336;387.7119;42.1353;13.0;0.8;27.435
1753875249.8;2.0;49.20423915;18.75497347;387.7118;42.1353;13.0;0.8;27.056
1753875249.81;2.0;49.20423914;18.75497358;387.7118;42.1353;13.0;0.8;26.676
1753875249.82;2.0;49.20423913;18.75497369;387.7116;42.1353;13.0;0.8;26.34
1753875249.83;2.0;49.20423912;18.7549738;387.7111;42.1353;13.0;0.8;25.966
1753875249.84;2.0;49.20423912;18.75497389;387.7108;42.1353;13.0;0.8;25.66
1753875249.85;2.0;49.20423912;18.75497399;387.71;42.1353;13.0;0.8;25.387
1753875249.86;2.0;49.20423912;18.75497409;387.7091;42.1353;13.0;0.8;25.139
1753875249.87;2.0;49.20423912;18.75497418;387.7081;42.1353;13.0;0.8;24.898
1753875249.88;2.0;49.20423911;18.75497427;387.7074;42.1353;13.0;0.8;24.654
1753875249.89;2.0;49.20423912;18.75497437;387.7067;42.1353;13.0;0.8;24.363
1753875249.9;2.0;49.20423912;18.75497447;387.7056;42.1353;13.0;0.8;24.09
1753875249.91;2.0;49.20423912;18.75497457;387.7047;42.1353;13.0;0.8;23.851
1753875249.92;2.0;49.20423912;18.75497468;387.7051;42.1353;13.0;0.8;23.605
1753875249.93;2.0;49.20423912;18.75497479;387.7054;42.1353;13.0;0.8;23.327
1753875249.94;2.0;49.20423912;18.75497489;387.7053;42.1353;13.0;0.8;23.043
1753875249.95;2.0;49.20423912;18.754975;387.7058;42.1353;13.0;0.8;22.786
1753875249.96;2.0;49.20423912;18.7549751;387.7064;42.1353;13.0;0.8;22.512
1753875249.97;2.0;49.20423912;18.75497521;387.7066;42.1353;13.0;0.8;22.24
1753875249.98;2.0;49.20423912;18.75497532;387.7063;42.1353;13.0;0.8;21.988
1753875249.99;2.0;49.20423911;18.75497542;387.706;42.1353;13.0;0.8;21.731
1753875250.0;2.0;49.20423911;18.75497552;387.7056;42.1353;13.0;0.8;21.45
1753875250.01;2.0;49.20423912;18.75497561;387.705;42.1353;13.0;0.8;21.168
1753875250.02;2.0;49.20423912;18.7549757;387.704;42.1353;13.0;0.8;20.909
1753875250.03;2.0;49.20423912;18.75497579;387.7027;42.1353;13.0;0.8;20.647
1753875250.04;2.0;49.20423912;18.75497588;387.7017;42.1353;13.0;0.8;20.414
1753875250.05;2.0;49.20423912;18.75497597;387.7009;42.1353;13.0;0.8;20.171
1753875250.06;2.0;49.20423912;18.75497606;387.6996;42.1353;13.0;0.8;19.94
1753875250.07;2.0;49.20423912;18.75497615;387.6988;42.1353;13.0;0.8;19.763
1753875250.08;2.0;49.2042391;18.75497624;387.6987;42.1353;13.0;0.8;19.586
1753875250.09;2.0;49.20423909;18.75497633;387.6983;42.1353;13.0;0.8;19.387
1753875250.1;2.0;49.20423907;18.75497642;387.6981;42.1353;13.0;0.8;19.224
1753875250.11;2.0;49.20423905;18.75497653;387.6986;42.1353;13.0;0.8;19.131
1753875250.12;2.0;49.20423903;18.75497664;387.6993;42.1353;13.0;0.8;19.058
1753875250.13;2.0;49.20423901;18.75497676;387.7;42.1353;13.0;0.8;18.992
1753875250.14;2.0;49.20423899;18.75497688;387.7008;42.1353;13.0;0.8;18.93
1753875250.15;2.0;49.20423898;18.75497699;387.7014;42.1353;13.0;0.8;18.86
1753875250.16;2.0;49.20423897;18.75497711;387.7015;42.1353;13.0;0.8;18.817
1753875250.17;2.0;49.20423896;18.75497722;387.7015;42.1353;13.0;0.8;18.801
1753875250.18;2.0;49.20423895;18.75497733;387.7015;42.1353;13.0;0.8;18.769
1753875250.19;2.0;49.20423893;18.75497744;387.7012;42.1353;13.0;0.8;18.714
1753875250.2;2.0;49.20423892;18.75497756;387.701;42.1353;13.0;0.8;18.695
1753875250.21;2.0;49.20423891;18.75497767;387.7003;42.1353;13.0;0.8;18.621
1753875250.22;2.0;49.2042389;18.75497778;387.7;42.1353;13.0;0.8;18.564
1753875250.23;2.0;49.20423888;18.7549779;387.701;42.1353;13.0;0.8;18.537
1753875250.24;2.0;49.20423886;18.75497801;387.7017;42.1353;13.0;0.8;18.531
1753875250.25;2.0;49.20423884;18.75497813;387.7024;42.1353;13.0;0.8;18.54
1753875250.26;2.0;49.20423881;18.75497826;387.7026;42.1353;13.0;0.8;18.531
1753875250.27;2.0;49.2042388;18.75497838;387.7028;42.1353;13.0;0.8;18.514
1753875250.28;2.0;49.20423878;18.7549785;387.7026;42.1353;13.0;0.8;18.506
1753875250.29;2.0;49.20423876;18.75497862;387.7025;42.1353;13.0;0.8;18.51
1753875250.3;2.0;49.20423875;18.75497874;387.7019;42.1353;13.0;0.8;18.497
1753875250.31;2.0;49.20423873;18.75497886;387.7005;42.1353;13.0;0.8;18.478
1753875250.32;2.0;49.20423872;18.75497898;387.7;42.1353;13.0;0.8;18.461
1753875250.33;2.0;49.20423871;18.75497909;387.6992;42.1353;13.0;0.8;18.502
1753875250.34;2.0;49.2042387;18.7549792;387.6987;42.1353;13.0;0.8;18.576
1753875250.35;2.0;49.20423868;18.75497931;387.6981;42.1353;13.0;0.8;18.617
1753875250.36;2.0;49.20423866;18.75497943;387.6977;42.1353;13.0;0.8;18.662
1753875250.37;2.0;49.20423865;18.75497955;387.697;42.1353;13.0;0.8;18.691
1753875250.38;2.0;49.20423863;18.75497966;387.6969;42.1353;13.0;0.8;18.694
1753875250.39;2.0;49.20423861;18.75497978;387.6968;42.1353;13.0;0.8;18.742
1753875250.4;2.0;49.20423858;18.75497989;387.6971;42.1353;13.0;0.8;18.806
1753875250.41;2.0;49.20423856;18.75498001;387.6976;42.1353;13.0;0.8;18.834
1753875250.42;2.0;49.20423854;18.75498012;387.6977;42.1353;13.0;0.8;18.84
1753875250.43;2.0;49.20423852;18.75498024;387.6979;42.1353;13.0;0.8;18.887
1753875250.44;2.0;49.2042385;18.75498036;387.698;42.1353;13.0;0.8;18.95
1753875250.45;2.0;49.20423849;18.75498047;387.6975;42.1353;13.0;0.8;19.01
1753875250.46;2.0;49.20423847;18.75498058;387.6972;42.1353;13.0;0.8;19.056
1753875250.47;2.0;49.20423846;18.75498069;387.6962;42.1353;13.0;0.8;19.051
1753875250.48;2.0;49.20423845;18.7549808;387.6949;42.1353;13.0;0.8;19.041
1753875250.49;2.0;49.20423844;18.75498091;387.6936;42.1353;13.0;0.8;19.033
1753875250.5;2.0;49.20423842;18.75498101;387.6925;42.1353;13.0;0.8;19.063
1753875250.51;2.0;49.2042384;18.75498113;387.6917;42.1353;13.0;0.8;19.1
1753875250.52;2.0;49.20423839;18.75498123;387.6911;42.1353;13.0;0.8;19.082
1753875250.53;2.0;49.20423837;18.75498135;387.691;42.1353;13.0;0.8;19.056
1753875250.54;2.0;49.20423835;18.75498146;387.6908;42.1353;13.0;0.8;18.956
1753875250.55;2.0;49.20423833;18.75498156;387.6901;42.1353;13.0;0.8;18.912
1753875250.56;2.0;49.20423831;18.75498167;387.6902;42.1353;13.0;0.8;18.901
1753875250.57;2.0;49.20423829;18.75498178;387.6902;42.1353;13.0;0.8;18.875
1753875250.58;2.0;49.20423827;18.75498189;387.6895;42.1353;13.0;0.8;18.823
1753875250.59;2.0;49.20423825;18.754982;387.6883;42.1353;13.0;0.8;18.787
1753875250.6;2.0;49.20423823;18.7549821;387.6869;42.1353;13.0;0.8;18.78
1753875250.61;2.0;49.20423822;18.75498221;387.6858;42.1353;13.0;0.8;18.8
1753875250.62;2.0;49.2042382;18.75498231;387.6854;42.1353;13.0;0.8;18.806
1753875250.63;2.0;49.20423818;18.75498241;387.685;42.1353;13.0;0.8;18.802
1753875250.64;2.0;49.20423816;18.75498252;387.6844;42.1353;13.0;0.8;18.798
1753875250.65;2.0;49.20423814;18.75498262;387.684;42.1353;13.0;0.8;18.828
1753875250.66;2.0;49.20423812;18.75498272;387.6837;42.1353;13.0;0.8;18.845
1753875250.67;2.0;49.2042381;18.75498283;387.684;42.1353;13.0;0.8;18.824
1753875250.68;2.0;49.20423807;18.75498294;387.6846;42.1353;13.0;0.8;18.765
1753875250.69;2.0;49.20423805;18.75498305;387.6848;42.1353;13.0;0.8;18.731
1753875250.7;2.0;49.20423803;18.75498317;387.6851;42.1353;13.0;0.8;18.685
1753875250.71;2.0;49.204238;18.75498328;387.6854;42.1353;13.0;0.8;18.638
1753875250.72;2.0;49.20423798;18.7549834;387.6854;42.1353;13.0;0.8;18.626
1753875250.73;2.0;49.20423797;18.75498351;387.6845;42.1353;13.0;0.8;18.643
1753875250.74;2.0;49.20423796;18.75498362;387.6836;42.1353;13.0;0.8;18.686
1753875250.75;2.0;49.20423794;18.75498372;387.6828;42.1353;13.0;0.8;18.765
1753875250.76;2.0;49.20423793;18.75498383;387.6816;42.1353;13.0;0.8;18.824
1753875250.77;2.0;49.20423791;18.75498394;387.6798;42.1353;13.0;0.8;18.893
1753875250.78;2.0;49.2042379;18.75498406;387.6783;42.1353;13.0;0.8;18.962
1753875250.79;2.0;49.20423788;18.75498417;387.6771;42.1353;13.0;0.8;18.994
1753875250.8;2.0;49.20423787;18.75498428;387.6765;42.1353;13.0;0.8;18.975
1753875250.81;2.0;49.20423785;18.75498439;387.6764;42.1353;13.0;0.8;18.945
1753875250.82;2.0;49.20423782;18.7549845;387.6763;42.1353;13.0;0.8;18.912
1753875250.83;2.0;49.2042378;18.75498462;387.6765;42.1353;13.0;0.8;18.858
1753875250.84;2.0;49.20423778;18.75498473;387.676;42.1353;13.0;0.8;18.797
1753875250.85;2.0;49.20423776;18.75498484;387.6759;42.1353;13.0;0.8;18.733
1753875250.86;2.0;49.20423773;18.75498496;387.6759;42.1353;13.0;0.8;18.678
1753875250.87;2.0;49.20423771;18.75498507;387.6759;42.1353;13.0;0.8;18.657
1753875250.88;2.0;49.20423769;18.75498518;387.6749;42.1353;13.0;0.8;18.619
1753875250.89;2.0;49.20423767;18.7549853;387.6747;42.1353;13.0;0.8;18.611
1753875250.9;2.0;49.20423765;18.75498541;387.6747;42.1353;13.0;0.8;18.588
1753875250.91;2.0;49.20423763;18.75498552;387.6747;42.1353;13.0;0.8;18.612
1753875250.92;2.0;49.2042376;18.75498564;387.6745;42.1353;13.0;0.8;18.667
1753875250.93;2.0;49.20423758;18.75498574;387.6745;42.1353;13.0;0.8;18.729
1753875250.94;2.0;49.20423756;18.75498585;387.6739;42.1353;13.0;0.8;18.726
1753875250.95;2.0;49.20423754;18.75498596;387.6739;42.1353;13.0;0.8;18.69
1753875250.96;2.0;49.20423752;18.75498607;387.6738;42.1353;13.0;0.8;18.678
1753875250.97;2.0;49.20423749;18.75498618;387.6738;42.1353;13.0;0.8;18.67
1753875250.98;2.0;49.20423747;18.75498629;387.6734;42.1353;13.0;0.8;18.64
1753875250.99;2.0;49.20423745;18.75498641;387.6733;42.1353;13.0;0.8;18.604
1753875251.0;2.0;49.20423743;18.75498653;387.6731;42.1353;13.0;0.8;18.561
1753875251.01;2.0;49.20423741;18.75498664;387.673;42.1353;13.0;0.8;18.478
1753875251.02;2.0;49.20423739;18.75498675;387.6724;42.1353;13.0;0.8;18.43
1753875251.03;2.0;49.20423737;18.75498687;387.6714;42.1353;13.0;0.8;18.413
1753875251.04;2.0;49.20423736;18.75498698;387.6702;42.1353;13.0;0.8;18.383
1753875251.05;2.0;49.20423734;18.75498709;387.6691;42.1353;13.0;0.8;18.337
1753875251.06;2.0;49.20423732;18.7549872;387.6684;42.1353;13.0;0.8;18.304
1753875251.07;2.0;49.2042373;18.75498732;387.6673;42.1353;13.0;0.8;18.258
1753875251.08;2.0;49.20423728;18.75498743;387.667;42.1353;13.0;0.8;18.172
1753875251.09;2.0;49.20423726;18.75498755;387.6669;42.1353;13.0;0.8;18.032
1753875251.1;2.0;49.20423725;18.75498767;387.6669;42.1353;13.0;0.8;17.865
1753875251.11;2.0;49.20423723;18.75498779;387.6672;42.1353;13.0;0.8;17.658
1753875251.12;2.0;49.20423721;18.75498792;387.6677;42.1353;13.0;0.8;17.454
1753875251.13;2.0;49.2042372;18.75498805;387.6675;42.1353;13.0;0.8;17.203
1753875251.14;2.0;49.20423719;18.75498818;387.6667;42.1353;13.0;0.8;16.918
1753875251.15;2.0;49.20423718;18.7549883;387.6664;42.1353;13.0;0.8;16.605
1753875251.16;2.0;49.20423717;18.75498843;387.6665;42.1353;13.0;0.8;16.313
1753875251.17;2.0;49.20423716;18.75498857;387.6666;42.1353;13.0;0.8;16.041
1753875251.18;2.0;49.20423715;18.7549887;387.6658;42.1353;13.0;0.8;15.826
1753875251.19;2.0;49.20423714;18.75498883;387.6651;42.1353;13.0;0.8;15.573
1753875251.2;2.0;49.20423712;18.75498895;387.664;42.1353;13.0;0.8;15.329
1753875251.21;2.0;49.20423712;18.75498908;387.6627;42.1353;13.0;0.8;15.076
1753875251.22;2.0;49.20423711;18.75498919;387.6616;42.1353;13.0;0.8;14.822
1753875251.23;2.0;49.2042371;18.75498931;387.6612;42.1353;13.0;0.8;14.607
1753875251.24;2.0;49.2042371;18.75498943;387.6605;42.1353;13.0;0.8;14.344
1753875251.25;2.0;49.2042371;18.75498953;387.6595;42.1353;13.0;0.8;14.077
1753875251.26;2.0;49.2042371;18.75498964;387.6593;42.1353;13.0;0.8;13.792
1753875251.27;2.0;49.20423709;18.75498976;387.6597;42.1353;13.0;0.8;13.43
1753875251.28;2.0;49.2042371;18.75498987;387.6603;42.1353;13.0;0.8;13.049
1753875251.29;2.0;49.2042371;18.75498998;387.6607;42.1353;13.0;0.8;12.651
1753875251.3;2.0;49.2042371;18.75499008;387.6615;42.1353;13.0;0.8;12.282
1753875251.31;2.0;49.20423711;18.75499019;387.6614;42.1353;13.0;0.8;11.897
1753875251.32;2.0;49.20423711;18.75499029;387.6615;42.1353;13.0;0.8;11.537
1753875251.33;2.0;49.20423712;18.75499039;387.6617;42.1353;13.0;0.8;11.179
1753875251.34;2.0;49.20423712;18.75499049;387.6621;42.1353;13.0;0.8;10.824
1753875251.35;2.0;49.20423712;18.75499059;387.6619;42.1353;13.0;0.8;10.496
1753875251.36;2.0;49.20423712;18.7549907;387.662;42.1353;13.0;0.8;10.205
1753875251.37;2.0;49.20423712;18.7549908;387.6631;42.1353;13.0;0.8;9.979
1753875251.38;2.0;49.20423711;18.75499091;387.664;42.1353;13.0;0.8;9.777
1753875251.39;2.0;49.20423711;18.75499101;387.665;42.1353;13.0;0.8;9.555
1753875251.4;2.0;49.20423711;18.75499112;387.6657;42.1353;13.0;0.8;9.338
1753875251.41;2.0;49.2042371;18.75499122;387.6664;42.1353;13.0;0.8;9.132
1753875251.42;2.0;49.2042371;18.75499133;387.6672;42.1353;13.0;0.8;8.904
1753875251.43;2.0;49.2042371;18.75499144;387.6677;42.1353;13.0;0.8;8.699
1753875251.44;2.0;49.20423709;18.75499155;387.6681;42.1353;13.0;0.8;8.502
1753875251.45;2.0;49.20423709;18.75499166;387.6679;42.1353;13.0;0.8;8.266
1753875251.46;2.0;49.20423709;18.75499178;387.6676;42.1353;13.0;0.8;7.959
1753875251.47;2.0;49.20423709;18.75499189;387.6672;42.1353;13.0;0.8;7.661
1753875251.48;2.0;49.20423709;18.75499201;387.6671;42.1353;13.0;0.8;7.395
1753875251.49;2.0;49.20423709;18.75499213;387.6676;42.1353;13.0;0.8;7.132
1753875251.5;2.0;49.20423709;18.75499225;387.6682;42.1353;13.0;0.8;6.869
1753875251.51;2.0;49.2042371;18.75499237;387.6684;42.1353;13.0;0.8;6.618
1753875251.52;2.0;49.2042371;18.75499249;387.6689;42.1353;13.0;0.8;6.383
1753875251.53;2.0;49.2042371;18.75499262;387.6697;42.1353;13.0;0.8;6.163
1753875251.54;2.0;49.2042371;18.75499274;387.6706;42.1353;13.0;0.8;5.932
1753875251.55;2.0;49.2042371;18.75499287;387.671;42.1353;13.0;0.8;5.698
1753875251.56;2.0;49.2042371;18.75499301;387.6714;42.1353;13.0;0.8;5.465
1753875251.57;2.0;49.2042371;18.75499314;387.6719;42.1353;13.0;0.8;5.193
1753875251.58;2.0;49.2042371;18.75499327;387.6719;42.1353;13.0;0.8;4.905
1753875251.59;2.0;49.2042371;18.7549934;387.6714;42.1353;13.0;0.8;4.639
1753875251.6;2.0;49.20423711;18.75499352;387.6708;42.1353;13.0;0.8;4.353
1753875251.61;2.0;49.20423711;18.75499365;387.6704;42.1353;13.0;0.8;4.036
1753875251.62;2.0;49.20423711;18.75499376;387.6701;42.1353;13.0;0.8;3.676
1753875251.63;2.0;49.20423712;18.75499388;387.6695;42.1353;13.0;0.8;3.334
1753875251.64;2.0;49.20423712;18.75499399;387.6681;42.1353;13.0;0.8;2.979
1753875251.65;2.0;49.20423712;18.75499409;387.6666;42.1353;13.0;0.8;2.627
1753875251.66;2.0;49.20423712;18.75499419;387.6652;42.1353;13.0;0.8;2.31
1753875251.67;2.0;49.20423713;18.75499428;387.664;42.1353;13.0;0.8;2.003
1753875251.68;2.0;49.20423713;18.75499438;387.6634;42.1353;13.0;0.8;1.686
1753875251.69;2.0;49.20423714;18.75499448;387.6632;42.1353;13.0;0.8;1.377
1753875251.7;2.0;49.20423713;18.75499458;387.6635;42.1353;13.0;0.8;1.095
1753875251.71;2.0;49.20423713;18.75499468;387.6638;42.1353;13.0;0.8;0.872
1753875251.72;2.0;49.20423713;18.75499479;387.6644;42.1353;13.0;0.8;0.679
1753875251.73;2.0;49.20423714;18.75499489;387.6652;42.1353;13.0;0.8;0.453
1753875251.74;2.0;49.20423714;18.754995;387.6658;42.1353;13.0;0.8;0.196
1753875251.75;2.0;49.20423714;18.7549951;387.6663;42.1353;13.0;0.8;359.948
1753875251.76;2.0;49.20423714;18.7549952;387.6673;42.1353;13.0;0.8;359.703
1753875251.77;2.0;49.20423714;18.7549953;387.6682;42.1353;13.0;0.8;359.475
1753875251.78;2.0;49.20423714;18.7549954;387.6694;42.1353;13.0;0.8;359.27
1753875251.79;2.0;49.20423714;18.7549955;387.6704;42.1353;13.0;0.8;359.093
1753875251.8;2.0;49.20423715;18.7549956;387.6712;42.1353;13.0;0.8;358.903
1753875251.81;2.0;49.20423715;18.75499569;387.672;42.1353;13.0;0.8;358.696
1753875251.82;2.0;49.20423715;18.75499579;387.6725;42.1353;13.0;0.8;358.475
1753875251.83;2.0;49.20423715;18.75499589;387.6729;42.1353;13.0;0.8;358.226
1753875251.84;2.0;49.20423716;18.75499599;387.6731;42.1353;13.0;0.8;358.003
1753875251.85;2.0;49.20423716;18.75499609;387.6732;42.1353;13.0;0.8;357.775
1753875251.86;2.0;49.20423717;18.75499618;387.6731;42.1353;13.0;0.8;357.516
1753875251.87;2.0;49.20423717;18.75499629;387.6734;42.1353;13.0;0.8;357.199
1753875251.88;2.0;49.20423718;18.75499639;387.6733;42.1353;13.0;0.8;356.861
1753875251.89;2.0;49.20423718;18.7549965;387.673;42.1353;13.0;0.8;356.484
1753875251.9;2.0;49.20423719;18.7549966;387.6726;42.1353;13.0;0.8;356.139
1753875251.91;2.0;49.2042372;18.75499671;387.6725;42.1353;13.0;0.8;355.787
1753875251.92;2.0;49.2042372;18.75499681;387.6727;42.1353;13.0;0.8;355.434
1753875251.93;2.0;49.20423721;18.75499692;387.6734;42.1353;13.0;0.8;355.073
1753875251.94;2.0;49.20423722;18.75499703;387.6736;42.1353;13.0;0.8;354.736
1753875251.95;2.0;49.20423722;18.75499713;387.6735;42.1353;13.0;0.8;354.429
1753875251.96;2.0;49.20423724;18.75499723;387.6732;42.1353;13.0;0.8;354.114
1753875251.97;2.0;49.20423725;18.75499733;387.6728;42.1353;13.0;0.8;353.816
1753875251.98;2.0;49.20423726;18.75499743;387.673;42.1353;13.0;0.8;353.514
1753875251.99;2.0;49.20423727;18.75499752;387.6724;42.1353;13.0;0.8;353.219
1753875252.0;2.0;49.20423728;18.75499761;387.6713;42.1353;13.0;0.8;352.945
1753875252.01;2.0;49.20423729;18.75499771;387.6706;42.1353;13.0;0.8;352.658
1753875252.02;2.0;49.2042373;18.7549978;387.6702;42.1353;13.0;0.8;352.365
1753875252.03;2.0;49.2042373;18.7549979;387.6704;42.1353;13.0;0.8;352.111
1753875252.04;2.0;49.20423732;18.754998;387.671;42.1353;13.0;0.8;351.889
1753875252.05;2.0;49.20423733;18.75499809;387.6707;42.1353;13.0;0.8;351.638
1753875252.06;2.0;49.20423734;18.75499819;387.6706;42.1353;13.0;0.8;351.329
1753875252.07;2.0;49.20423735;18.75499829;387.6703;42.1353;13.0;0.8;351.023
1753875252.08;2.0;49.20423736;18.75499839;387.6705;42.1353;13.0;0.8;350.756
1753875252.09;2.0;49.20423737;18.75499849;387.6712;42.1353;13.0;0.8;350.515
1753875252.1;2.0;49.20423738;18.75499859;387.6709;42.1353;13.0;0.8;350.304
1753875252.11;2.0;49.20423739;18.75499869;387.6709;42.1353;13.0;0.8;350.091
1753875252.12;2.0;49.20423741;18.75499878;387.6709;42.1353;13.0;0.8;349.881
1753875252.13;2.0;49.20423742;18.75499887;387.6709;42.1353;13.0;0.8;349.634
1753875252.14;2.0;49.20423744;18.75499896;387.6707;42.1353;13.0;0.8;349.374
1753875252.15;2.0;49.20423746;18.75499905;387.6713;42.1353;13.0;0.8;349.15
1753875252.16;2.0;49.20423747;18.75499914;387.6718;42.1353;13.0;0.8;348.92
1753875252.17;2.0;49.20423749;18.75499923;387.6718;42.1353;13.0;0.8;348.682
1753875252.18;2.0;49.20423752;18.75499931;387.6713;42.1353;13.0;0.8;348.432
1753875252.19;2.0;49.20423753;18.7549994;387.6706;42.1353;13.0;0.8;348.197
1753875252.2;2.0;49.20423755;18.75499948;387.67;42.1353;13.0;0.8;347.961
1753875252.21;2.0;49.20423757;18.75499956;387.6698;42.1353;13.0;0.8;347.716
1753875252.22;2.0;49.20423759;18.75499964;387.6701;42.1353;13.0;0.8;347.485
1753875252.23;2.0;49.2042376;18.75499973;387.6697;42.1353;13.0;0.8;347.223
1753875252.24;2.0;49.20423761;18.75499981;387.6692;42.1353;13.0;0.8;346.939
1753875252.25;2.0;49.20423763;18.75499989;387.6686;42.1353;13.0;0.8;346.671
1753875252.26;2.0;49.20423764;18.75499998;387.6681;42.1353;13.0;0.8;346.347
1753875252.27;2.0;49.20423766;18.75500007;387.6678;42.1353;13.0;0.8;346.024
1753875252.28;2.0;49.20423767;18.75500016;387.6683;42.1353;13.0;0.8;345.69
1753875252.29;2.0;49.2042377;18.75500024;387.669;42.1353;13.0;0.8;345.351
1753875252.3;2.0;49.20423771;18.75500033;387.6691;42.1353;13.0;0.8;345.07
1753875252.31;2.0;49.20423773;18.75500042;387.6692;42.1353;13.0;0.8;344.84
1753875252.32;2.0;49.20423774;18.7550005;387.6699;42.1353;13.0;0.8;344.631
1753875252.33;2.0;49.20423776;18.75500058;387.6706;42.1353;13.0;0.8;344.412
1753875252.34;2.0;49.20423778;18.75500067;387.6712;42.1353;13.0;0.8;344.177
1753875252.35;2.0;49.20423779;18.75500075;387.6723;42.1353;13.0;0.8;343.965
1753875252.36;2.0;49.2042378;18.75500082;387.6732;42.1353;13.0;0.8;343.854
1753875252.37;2.0;49.20423782;18.75500089;387.6727;42.1353;13.0;0.8;343.788
1753875252.38;2.0;49.20423784;18.75500098;387.6723;42.1353;13.0;0.8;343.692
1753875252.39;2.0;49.20423786;18.75500105;387.6718;42.1353;13.0;0.8;343.593
1753875252.4;2.0;49.20423787;18.75500113;387.6717;42.1353;13.0;0.8;343.498
1753875252.41;2.0;49.20423789;18.7550012;387.6721;42.1353;13.0;0.8;343.446
1753875252.42;2.0;49.20423791;18.75500128;387.672;42.1353;13.0;0.8;343.429
1753875252.43;2.0;49.20423792;18.75500136;387.6722;42.1353;13.0;0.8;343.449
1753875252.44;2.0;49.20423793;18.75500143;387.6721;42.1353;13.0;0.8;343.503
1753875252.45;2.0;49.20423795;18.75500151;387.6717;42.1353;13.0;0.8;343.535
1753875252.46;2.0;49.20423796;18.75500159;387.6703;42.1353;13.0;0.8;343.526
1753875252.47;2.0;49.20423798;18.75500167;387.6695;42.1353;13.0;0.8;343.525
1753875252.48;2.0;49.204238;18.75500175;387.6692;42.1353;13.0;0.8;343.545
1753875252.49;2.0;49.20423801;18.75500184;387.669;42.1353;13.0;0.8;343.536
1753875252.5;2.0;49.20423802;18.75500192;387.6689;42.1353;13.0;0.8;343.548
1753875252.51;2.0;49.20423802;18.75500201;387.668;42.1353;13.0;0.8;343.567
1753875252.52;2.0;49.20423803;18.75500209;387.6674;42.1353;13.0;0.8;343.625
1753875252.53;2.0;49.20423804;18.75500217;387.6672;42.1353;13.0;0.8;343.701
1753875252.54;2.0;49.20423805;18.75500226;387.667;42.1353;13.0;0.8;343.782
1753875252.55;2.0;49.20423806;18.75500236;387.6672;42.1353;13.0;0.8;343.812
1753875252.56;2.0;49.20423807;18.75500246;387.6676;42.1353;13.0;0.8;343.857
1753875252.57;2.0;49.20423808;18.75500256;387.6678;42.1353;13.0;0.8;343.914
1753875252.58;2.0;49.20423809;18.75500267;387.6676;42.1353;13.0;0.8;343.941
1753875252.59;2.0;49.2042381;18.75500278;387.6676;42.1353;13.0;0.8;343.95
1753875252.6;2.0;49.20423811;18.7550029;387.6674;42.1353;13.0;0.8;343.962
1753875252.61;2.0;49.20423812;18.75500301;387.6667;42.1353;13.0;0.8;343.982
1753875252.62;2.0;49.20423813;18.75500313;387.6664;42.1353;13.0;0.8;344.017
1753875252.63;2.0;49.20423813;18.75500324;387.6666;42.1353;13.0;0.8;344.047
1753875252.64;2.0;49.20423814;18.75500335;387.6662;42.1353;13.0;0.8;344.073
1753875252.65;2.0;49.20423815;18.75500346;387.666;42.1353;13.0;0.8;344.106
1753875252.66;2.0;49.20423817;18.75500357;387.6652;42.1353;13.0;0.8;344.101
1753875252.67;2.0;49.20423818;18.75500368;387.6652;42.1353;13.0;0.8;344.092
1753875252.68;2.0;49.20423819;18.75500378;387.6655;42.1353;13.0;0.8;344.11
1753875252.69;2.0;49.2042382;18.75500389;387.6663;42.1353;13.0;0.8;344.088
1753875252.7;2.0;49.20423821;18.75500399;387.667;42.1353;13.0;0.8;344.06
1753875252.71;2.0;49.20423822;18.75500411;387.6676;42.1353;13.0;0.8;344.037
1753875252.72;2.0;49.20423824;18.75500421;387.6681;42.1353;13.0;0.8;344.063
1753875252.73;2.0;49.20423825;18.75500432;387.6683;42.1353;13.0;0.8;344.099
1753875252.74;2.0;49.20423826;18.75500442;387.669;42.1353;13.0;0.8;344.126
1753875252.75;2.0;49.20423827;18.75500453;387.6691;42.1353;13.0;0.8;344.136
1753875252.76;2.0;49.20423828;18.75500464;387.6687;42.1353;13.0;0.8;344.126
1753875252.77;2.0;49.20423829;18.75500474;387.6684;42.1353;13.0;0.8;344.116
1753875252.78;2.0;49.2042383;18.75500484;387.6685;42.1353;13.0;0.8;344.105
1753875252.79;2.0;49.20423832;18.75500494;387.668;42.1353;13.0;0.8;344.077
1753875252.8;2.0;49.20423833;18.75500505;387.6673;42.1353;13.0;0.8;344.033
1753875252.81;2.0;49.20423834;18.75500515;387.6672;42.1353;13.0;0.8;343.993
1753875252.82;2.0;49.20423836;18.75500525;387.6679;42.1353;13.0;0.8;343.975
1753875252.83;2.0;49.20423837;18.75500535;387.6686;42.1353;13.0;0.8;344.009
1753875252.84;2.0;49.20423838;18.75500545;387.669;42.1353;13.0;0.8;344.031
1753875252.85;2.0;49.20423839;18.75500554;387.669;42.1353;13.0;0.8;343.975
1753875252.86;2.0;49.2042384;18.75500564;387.6692;42.1353;13.0;0.8;343.934
1753875252.87;2.0;49.20423842;18.75500574;387.6693;42.1353;13.0;0.8;343.937
1753875252.88;2.0;49.20423843;18.75500585;387.6694;42.1353;13.0;0.8;343.936
1753875252.89;2.0;49.20423844;18.75500595;387.6697;42.1353;13.0;0.8;343.916
1753875252.9;2.0;49.20423845;18.75500604;387.6699;42.1353;13.0;0.8;343.938
1753875252.91;2.0;49.20423847;18.75500614;387.6696;42.1353;13.0;0.8;343.975
1753875252.92;2.0;49.20423847;18.75500623;387.6695;42.1353;13.0;0.8;343.981
1753875252.93;2.0;49.20423848;18.75500634;387.6698;42.1353;13.0;0.8;343.966
1753875252.94;2.0;49.20423849;18.75500643;387.6704;42.1353;13.0;0.8;343.932
1753875252.95;2.0;49.2042385;18.75500653;387.6708;42.1353;13.0;0.8;343.881
1753875252.96;2.0;49.20423852;18.75500663;387.6714;42.1353;13.0;0.8;343.817
1753875252.97;2.0;49.20423853;18.75500673;387.6716;42.1353;13.0;0.8;343.744
1753875252.98;2.0;49.20423854;18.75500684;387.6719;42.1353;13.0;0.8;343.686
1753875252.99;2.0;49.20423855;18.75500694;387.6719;42.1353;13.0;0.8;343.627
1753875253.0;2.0;49.20423856;18.75500705;387.6716;42.1353;13.0;0.8;343.581
1753875253.01;2.0;49.20423857;18.75500715;387.6707;42.1353;13.0;0.8;343.521
1753875253.02;2.0;49.20423858;18.75500725;387.6698;42.1353;13.0;0.8;343.481
1753875253.03;2.0;49.2042386;18.75500735;387.6688;42.1353;13.0;0.8;343.498
1753875253.04;2.0;49.20423861;18.75500745;387.6684;42.1353;13.0;0.8;343.541
1753875253.05;2.0;49.20423862;18.75500755;387.668;42.1353;13.0;0.8;343.579
1753875253.06;2.0;49.20423863;18.75500765;387.6676;42.1353;13.0;0.8;343.631
1753875253.07;2.0;49.20423864;18.75500775;387.6666;42.1353;13.0;0.8;343.668
1753875253.08;2.0;49.20423866;18.75500785;387.6655;42.1353;13.0;0.8;343.691
1753875253.09;2.0;49.20423868;18.75500795;387.6647;42.1353;13.0;0.8;343.707
1753875253.1;2.0;49.20423869;18.75500805;387.6644;42.1353;13.0;0.8;343.666
1753875253.11;2.0;49.20423871;18.75500815;387.6648;42.1353;13.0;0.8;343.643
1753875253.12;2.0;49.20423872;18.75500825;387.665;42.1353;13.0;0.8;343.634
1753875253.13;2.0;49.20423874;18.75500836;387.6646;42.1353;13.0;0.8;343.622
1753875253.14;2.0;49.20423876;18.75500846;387.6643;42.1353;13.0;0.8;343.595
1753875253.15;2.0;49.20423878;18.75500857;387.6642;42.1353;13.0;0.8;343.541
1753875253.16;2.0;49.2042388;18.75500867;387.6648;42.1353;13.0;0.8;343.504
1753875253.17;2.0;49.20423882;18.75500878;387.6651;42.1353;13.0;0.8;343.517
1753875253.18;2.0;49.20423884;18.75500888;387.6658;42.1353;13.0;0.8;343.52
1753875253.19;2.0;49.20423886;18.75500899;387.6667;42.1353;13.0;0.8;343.538
1753875253.2;2.0;49.20423888;18.7550091;387.6674;42.1353;13.0;0.8;343.533
1753875253.21;2.0;49.2042389;18.7550092;387.668;42.1353;13.0;0.8;343.512
1753875253.22;2.0;49.20423892;18.75500931;387.6685;42.1353;13.0;0.8;343.49
1753875253.23;2.0;49.20423894;18.75500942;387.6687;42.1353;13.0;0.8;343.441
1753875253.24;2.0;49.20423896;18.75500953;387.6687;42.1353;13.0;0.8;343.362
1753875253.25;2.0;49.20423899;18.75500964;387.6682;42.1353;13.0;0.8;343.289
1753875253.26;2.0;49.20423901;18.75500975;387.6674;42.1353;13.0;0.8;343.213
1753875253.27;2.0;49.20423903;18.75500986;387.6661;42.1353;13.0;0.8;343.161
1753875253.28;2.0;49.20423906;18.75500996;387.6653;42.1353;13.0;0.8;343.172
1753875253.29;2.0;49.20423908;18.75501007;387.6645;42.1353;13.0;0.8;343.189
1753875253.3;2.0;49.20423911;18.75501017;387.663;42.1353;13.0;0.8;343.213
1753875253.31;2.0;49.20423914;18.75501028;387.6618;42.1353;13.0;0.8;343.259
1753875253.32;2.0;49.20423916;18.75501037;387.6606;42.1353;13.0;0.8;343.274
1753875253.33;2.0;49.20423919;18.75501047;387.6596;42.1353;13.0;0.8;343.303
1753875253.34;2.0;49.20423921;18.75501057;387.6582;42.1353;13.0;0.8;343.323
1753875253.35;2.0;49.20423923;18.75501068;387.6567;42.1353;13.0;0.8;343.33
1753875253.36;2.0;49.20423925;18.75501079;387.6561;42.1353;13.0;0.8;343.347
1753875253.37;2.0;49.20423927;18.7550109;387.6561;42.1353;13.0;0.8;343.344
1753875253.38;2.0;49.20423928;18.75501101;387.6568;42.1353;13.0;0.8;343.358
1753875253.39;2.0;49.20423931;18.75501112;387.6573;42.1353;13.0;0.8;343.323
1753875253.4;2.0;49.20423933;18.75501123;387.6571;42.1353;13.0;0.8;343.265
1753875253.41;2.0;49.20423935;18.75501133;387.6566;42.1353;13.0;0.8;343.224
1753875253.42;2.0;49.20423937;18.75501144;387.6566;42.1353;13.0;0.8;343.213
1753875253.43;2.0;49.20423939;18.75501155;387.6568;42.1353;13.0;0.8;343.18
1753875253.44;2.0;49.20423941;18.75501165;387.6568;42.1353;13.0;0.8;343.128
1753875253.45;2.0;49.20423943;18.75501176;387.6567;42.1353;13.0;0.8;343.083
1753875253.46;2.0;49.20423944;18.75501186;387.6565;42.1353;13.0;0.8;343.069
1753875253.47;2.0;49.20423946;18.75501196;387.6567;42.1353;13.0;0.8;343.047
1753875253.48;2.0;49.20423948;18.75501206;387.6575;42.1353;13.0;0.8;343.041
1753875253.49;2.0;49.2042395;18.75501215;387.6585;42.1353;13.0;0.8;343.024
1753875253.5;2.0;49.20423951;18.75501225;387.6591;42.1353;13.0;0.8;343.024
1753875253.51;2.0;49.20423953;18.75501235;387.6596;42.1353;13.0;0.8;343.003
1753875253.52;2.0;49.20423955;18.75501245;387.66;42.1353;13.0;0.8;342.968
1753875253.53;2.0;49.20423956;18.75501255;387.6598;42.1353;13.0;0.8;342.927
1753875253.54;2.0;49.20423959;18.75501265;387.6598;42.1353;13.0;0.8;342.868
1753875253.55;2.0;49.2042396;18.75501275;387.6596;42.1353;13.0;0.8;342.808
1753875253.56;2.0;49.20423962;18.75501286;387.6594;42.1353;13.0;0.8;342.777
1753875253.57;2.0;49.20423964;18.75501296;387.6596;42.1353;13.0;0.8;342.79
1753875253.58;2.0;49.20423966;18.75501306;387.6597;42.1353;13.0;0.8;342.794
1753875253.59;2.0;49.20423968;18.75501317;387.659;42.1353;13.0;0.8;342.781
1753875253.6;2.0;49.2042397;18.75501327;387.658;42.1353;13.0;0.8;342.782
1753875253.61;2.0;49.20423971;18.75501337;387.6573;42.1353;13.0;0.8;342.778
1753875253.62;2.0;49.20423973;18.75501347;387.6559;42.1353;13.0;0.8;342.844
1753875253.63;2.0;49.20423974;18.75501357;387.6539;42.1353;13.0;0.8;342.944
1753875253.64;2.0;49.20423975;18.75501368;387.6518;42.1353;13.0;0.8;343.026
1753875253.65;2.0;49.20423976;18.75501378;387.65;42.1353;13.0;0.8;343.094
1753875253.66;2.0;49.20423977;18.75501389;387.649;42.1353;13.0;0.8;343.174
1753875253.67;2.0;49.20423978;18.75501399;387.6478;42.1353;13.0;0.8;343.285
1753875253.68;2.0;49.20423979;18.75501408;387.6467;42.1353;13.0;0.8;343.41
1753875253.69;2.0;49.2042398;18.75501418;387.6456;42.1353;13.0;0.8;343.562
1753875253.7;2.0;49.20423981;18.75501429;387.6447;42.1353;13.0;0.8;343.733
1753875253.71;2.0;49.20423982;18.75501438;387.6446;42.1353;13.0;0.8;343.949
1753875253.72;2.0;49.20423983;18.75501447;387.6443;42.1353;13.0;0.8;344.162
1753875253.73;2.0;49.20423983;18.75501457;387.6441;42.1353;13.0;0.8;344.375
1753875253.74;2.0;49.20423984;18.75501467;387.6444;42.1353;13.0;0.8;344.588
1753875253.75;2.0;49.20423984;18.75501476;387.6445;42.1353;13.0;0.8;344.751
1753875253.76;2.0;49.20423984;18.75501486;387.6447;42.1353;13.0;0.8;344.914
1753875253.77;2.0;49.20423984;18.75501495;387.6448;42.1353;13.0;0.8;345.112
1753875253.78;2.0;49.20423984;18.75501504;387.6448;42.1353;13.0;0.8;345.353
1753875253.79;2.0;49.20423984;18.75501514;387.6447;42.1353;13.0;0.8;345.596
1753875253.8;2.0;49.20423983;18.75501523;387.6448;42.1353;13.0;0.8;345.854
1753875253.81;2.0;49.20423982;18.75501532;387.6446;42.1353;13.0;0.8;346.129
1753875253.82;2.0;49.20423981;18.75501541;387.644;42.1353;13.0;0.8;346.416
1753875253.83;2.0;49.2042398;18.75501549;387.6429;42.1353;13.0;0.8;346.741
1753875253.84;2.0;49.20423979;18.75501557;387.6422;42.1353;13.0;0.8;347.067
1753875253.85;2.0;49.20423978;18.75501565;387.6415;42.1353;13.0;0.8;347.387
1753875253.86;2.0;49.20423978;18.75501571;387.64;42.1353;13.0;0.8;347.665
1753875253.87;2.0;49.20423977;18.75501578;387.6382;42.1353;13.0;0.8;347.942
1753875253.88;2.0;49.20423976;18.75501584;387.6373;42.1353;13.0;0.8;348.23
1753875253.89;2.0;49.20423975;18.7550159;387.6369;42.1353;13.0;0.8;348.546
1753875253.9;2.0;49.20423973;18.75501595;387.6367;42.1353;13.0;0.8;348.873
1753875253.91;2.0;49.20423972;18.755016;387.6359;42.1353;13.0;0.8;349.191
1753875253.92;2.0;49.2042397;18.75501604;387.6352;42.1353;13.0;0.8;349.518
1753875253.93;2.0;49.20423968;18.75501608;387.6348;42.1353;13.0;0.8;349.905
1753875253.94;2.0;49.20423967;18.75501612;387.6346;42.1353;13.0;0.8;350.322
1753875253.95;2.0;49.20423965;18.75501616;387.6343;42.1353;13.0;0.8;350.734
1753875253.96;2.0;49.20423963;18.7550162;387.6341;42.1353;13.0;0.8;351.152
1753875253.97;2.0;49.20423961;18.75501624;387.6337;42.1353;13.0;0.8;351.562
1753875253.98;2.0;49.2042396;18.75501628;387.6332;42.1353;13.0;0.8;351.948
1753875253.99;2.0;49.20423958;18.75501632;387.6327;42.1353;13.0;0.8;352.285
1753875254.0;2.0;49.20423957;18.75501636;387.6324;42.1353;13.0;0.8;352.609
1753875254.01;2.0;49.20423955;18.7550164;387.6325;42.1353;13.0;0.8;352.974
1753875254.02;2.0;49.20423954;18.75501645;387.6329;42.1353;13.0;0.8;353.318
1753875254.03;2.0;49.20423952;18.75501649;387.6337;42.1353;13.0;0.8;353.637
1753875254.04;2.0;49.2042395;18.75501655;387.6344;42.1353;13.0;0.8;353.936
1753875254.05;2.0;49.20423948;18.75501661;387.6342;42.1353;13.0;0.8;354.249
1753875254.06;2.0;49.20423946;18.75501666;387.634;42.1353;13.0;0.8;354.564
1753875254.07;2.0;49.20423944;18.75501672;387.6333;42.1353;13.0;0.8;354.833
1753875254.08;2.0;49.20423943;18.75501678;387.633;42.1353;13.0;0.8;355.099
1753875254.09;2.0;49.20423941;18.75501684;387.6327;42.1353;13.0;0.8;355.366
1753875254.1;2.0;49.20423939;18.7550169;387.6326;42.1353;13.0;0.8;355.674
1753875254.11;2.0;49.20423938;18.75501697;387.6325;42.1353;13.0;0.8;355.989
1753875254.12;2.0;49.20423936;18.75501704;387.6322;42.1353;13.0;0.8;356.273
1753875254.13;2.0;49.20423934;18.7550171;387.6325;42.1353;13.0;0.8;356.565
1753875254.14;2.0;49.20423933;18.75501716;387.6333;42.1353;13.0;0.8;356.926
1753875254.15;2.0;49.20423931;18.75501722;387.6337;42.1353;13.0;0.8;357.286
1753875254.16;2.0;49.20423928;18.75501729;387.6339;42.1353;13.0;0.8;357.658
1753875254.17;2.0;49.20423926;18.75501735;387.6339;42.1353;13.0;0.8;358.047
1753875254.18;2.0;49.20423925;18.75501741;387.6337;42.1353;13.0;0.8;358.392
1753875254.19;2.0;49.20423923;18.75501747;387.6338;42.1353;13.0;0.8;358.739
1753875254.2;2.0;49.20423921;18.75501752;387.6344;42.1353;13.0;0.8;359.098
1753875254.21;2.0;49.2042392;18.75501758;387.6349;42.1353;13.0;0.8;359.451
1753875254.22;2.0;49.20423919;18.75501764;387.6348;42.1353;13.0;0.8;359.759
1753875254.23;2.0;49.20423917;18.7550177;387.6347;42.1353;13.0;0.8;0.038
1753875254.24;2.0;49.20423916;18.75501776;387.6334;42.1353;13.0;0.8;0.344
1753875254.25;2.0;49.20423915;18.75501781;387.6323;42.1353;13.0;0.8;0.616
1753875254.26;2.0;49.20423913;18.75501787;387.6308;42.1353;13.0;0.8;0.871
1753875254.27;2.0;49.20423911;18.75501792;387.6295;42.1353;13.0;0.8;1.124
1753875254.28;2.0;49.2042391;18.75501798;387.6283;42.1353;13.0;0.8;1.416
1753875254.29;2.0;49.20423908;18.75501803;387.6274;42.1353;13.0;0.8;1.718
1753875254.3;2.0;49.20423906;18.75501808;387.6265;42.1353;13.0;0.8;2.046
1753875254.31;2.0;49.20423904;18.75501814;387.6258;42.1353;13.0;0.8;2.385
1753875254.32;2.0;49.20423901;18.7550182;387.6253;42.1353;13.0;0.8;2.721
1753875254.33;2.0;49.20423899;18.75501826;387.6256;42.1353;13.0;0.8;3.091
1753875254.34;2.0;49.20423896;18.75501832;387.6257;42.1353;13.0;0.8;3.482
1753875254.35;2.0;49.20423893;18.75501838;387.6254;42.1353;13.0;0.8;3.816
1753875254.36;2.0;49.2042389;18.75501844;387.6248;42.1353;13.0;0.8;4.196
1753875254.37;2.0;49.20423888;18.7550185;387.6243;42.1353;13.0;0.8;4.588
1753875254.38;2.0;49.20423885;18.75501856;387.6242;42.1353;13.0;0.8;4.957
1753875254.39;2.0;49.20423882;18.75501862;387.6243;42.1353;13.0;0.8;5.287
1753875254.4;2.0;49.2042388;18.75501868;387.6241;42.1353;13.0;0.8;5.596
1753875254.41;2.0;49.20423877;18.75501874;387.6233;42.1353;13.0;0.8;5.902
1753875254.42;2.0;49.20423875;18.7550188;387.6223;42.1353;13.0;0.8;6.218
1753875254.43;2.0;49.20423873;18.75501885;387.6219;42.1353;13.0;0.8;6.543
1753875254.44;2.0;49.2042387;18.75501891;387.6217;42.1353;13.0;0.8;6.855
1753875254.45;2.0;49.20423868;18.75501897;387.6215;42.1353;13.0;0.8;7.132
1753875254.46;2.0;49.20423866;18.75501903;387.6208;42.1353;13.0;0.8;7.434
1753875254.47;2.0;49.20423864;18.75501908;387.6204;42.1353;13.0;0.8;7.75
1753875254.48;2.0;49.20423861;18.75501913;387.6206;42.1353;13.0;0.8;8.101
1753875254.49;2.0;49.20423859;18.75501918;387.621;42.1353;13.0;0.8;8.455
1753875254.5;2.0;49.20423857;18.75501924;387.6217;42.1353;13.0;0.8;8.823
1753875254.51;2.0;49.20423855;18.7550193;387.622;42.1353;13.0;0.8;9.116
1753875254.52;2.0;49.20423853;18.75501935;387.6219;42.1353;13.0;0.8;9.435
1753875254.53;2.0;49.2042385;18.75501939;387.622;42.1353;13.0;0.8;9.8
1753875254.54;2.0;49.20423848;18.75501944;387.6221;42.1353;13.0;0.8;10.142
1753875254.55;2.0;49.20423846;18.75501949;387.6224;42.1353;13.0;0.8;10.47
1753875254.56;2.0;49.20423844;18.75501953;387.6226;42.1353;13.0;0.8;10.792
1753875254.57;2.0;49.20423841;18.75501958;387.6227;42.1353;13.0;0.8;11.155
1753875254.58;2.0;49.20423839;18.75501962;387.6234;42.1353;13.0;0.8;11.53
1753875254.59;2.0;49.20423837;18.75501966;387.6242;42.1353;13.0;0.8;11.914
1753875254.6;2.0;49.20423834;18.7550197;387.625;42.1353;13.0;0.8;12.264
1753875254.61;2.0;49.20423831;18.75501974;387.6258;42.1353;13.0;0.8;12.628
1753875254.62;2.0;49.20423829;18.75501978;387.6267;42.1353;13.0;0.8;12.97
1753875254.63;2.0;49.20423827;18.75501983;387.6275;42.1353;13.0;0.8;13.35
1753875254.64;2.0;49.20423824;18.75501988;387.6282;42.1353;13.0;0.8;13.73
1753875254.65;2.0;49.20423822;18.75501992;387.6292;42.1353;13.0;0.8;14.102
1753875254.66;2.0;49.2042382;18.75501997;387.6296;42.1353;13.0;0.8;14.47
1753875254.67;2.0;49.20423818;18.75502001;387.6299;42.1353;13.0;0.8;14.796
1753875254.68;2.0;49.20423816;18.75502006;387.6302;42.1353;13.0;0.8;15.149
1753875254.69;2.0;49.20423813;18.75502011;387.6304;42.1353;13.0;0.8;15.474
1753875254.7;2.0;49.20423811;18.75502016;387.6311;42.1353;13.0;0.8;15.762
1753875254.71;2.0;49.20423809;18.75502021;387.6313;42.1353;13.0;0.8;16.04
1753875254.72;2.0;49.20423806;18.75502026;387.6315;42.1353;13.0;0.8;16.308
1753875254.73;2.0;49.20423803;18.7550203;387.6319;42.1353;13.0;0.8;16.593
1753875254.74;2.0;49.20423801;18.75502035;387.6317;42.1353;13.0;0.8;16.913
1753875254.75;2.0;49.20423799;18.75502039;387.6314;42.1353;13.0;0.8;17.213
1753875254.76;2.0;49.20423796;18.75502044;387.6306;42.1353;13.0;0.8;17.511
1753875254.77;2.0;49.20423794;18.75502049;387.6298;42.1353;13.0;0.8;17.839
1753875254.78;2.0;49.20423792;18.75502053;387.629;42.1353;13.0;0.8;18.191
1753875254.79;2.0;49.20423789;18.75502058;387.6282;42.1353;13.0;0.8;18.546
1753875254.8;2.0;49.20423787;18.75502062;387.627;42.1353;13.0;0.8;18.869
1753875254.81;2.0;49.20423785;18.75502067;387.6255;42.1353;13.0;0.8;19.172
1753875254.82;2.0;49.20423783;18.75502071;387.6248;42.1353;13.0;0.8;19.479
1753875254.83;2.0;49.2042378;18.75502075;387.6248;42.1353;13.0;0.8;19.791
1753875254.84;2.0;49.20423778;18.75502079;387.6249;42.1353;13.0;0.8;20.152
1753875254.85;2.0;49.20423776;18.75502083;387.6247;42.1353;13.0;0.8;20.488
1753875254.86;2.0;49.20423773;18.75502088;387.6248;42.1353;13.0;0.8;20.834
1753875254.87;2.0;49.20423771;18.75502092;387.6252;42.1353;13.0;0.8;21.146
1753875254.88;2.0;49.20423768;18.75502096;387.6249;42.1353;13.0;0.8;21.466
1753875254.89;2.0;49.20423765;18.755021;387.6248;42.1353;13.0;0.8;21.795
1753875254.9;2.0;49.20423762;18.75502103;387.625;42.1353;13.0;0.8;22.105
1753875254.91;2.0;49.20423759;18.75502107;387.6252;42.1353;13.0;0.8;22.419
1753875254.92;2.0;49.20423756;18.75502112;387.6251;42.1353;13.0;0.8;22.75
1753875254.93;2.0;49.20423753;18.75502116;387.6252;42.1353;13.0;0.8;23.076
1753875254.94;2.0;49.2042375;18.7550212;387.6248;42.1353;13.0;0.8;23.422
1753875254.95;2.0;49.20423746;18.75502124;387.6251;42.1353;13.0;0.8;23.752
1753875254.96;2.0;49.20423743;18.75502128;387.6253;42.1353;13.0;0.8;24.05
1753875254.97;2.0;49.2042374;18.75502132;387.6257;42.1353;13.0;0.8;24.348
1753875254.98;2.0;49.20423736;18.75502136;387.6259;42.1353;13.0;0.8;24.643
1753875254.99;2.0;49.20423733;18.75502141;387.6258;42.1353;13.0;0.8;24.97
1753875255.0;2.0;49.2042373;18.75502145;387.6254;42.1353;13.0;0.8;25.287
1753875255.01;2.0;49.20423727;18.7550215;387.6256;42.1353;13.0;0.8;25.607
1753875255.02;2.0;49.20423724;18.75502154;387.6264;42.1353;13.0;0.8;25.89
1753875255.03;2.0;49.20423721;18.75502159;387.6269;42.1353;13.0;0.8;26.179
1753875255.04;2.0;49.20423718;18.75502163;387.6272;42.1353;13.0;0.8;26.485
1753875255.05;2.0;49.20423715;18.75502167;387.6276;42.1353;13.0;0.8;26.789
1753875255.06;2.0;49.20423712;18.75502171;387.6284;42.1353;13.0;0.8;27.118
1753875255.07;2.0;49.20423709;18.75502175;387.6293;42.1353;13.0;0.8;27.484
1753875255.08;2.0;49.20423707;18.75502179;387.6299;42.1353;13.0;0.8;27.859
1753875255.09;2.0;49.20423704;18.75502184;387.6307;42.1353;13.0;0.8;28.198
1753875255.1;2.0;49.20423702;18.75502188;387.6308;42.1353;13.0;0.8;28.493
1753875255.11;2.0;49.204237;18.75502193;387.6312;42.1353;13.0;0.8;28.781
1753875255.12;2.0;49.20423697;18.75502197;387.6324;42.1353;13.0;0.8;29.027
1753875255.13;2.0;49.20423695;18.75502202;387.6338;42.1353;13.0;0.8;29.311
1753875255.14;2.0;49.20423693;18.75502207;387.6352;42.1353;13.0;0.8;29.639
1753875255.15;2.0;49.2042369;18.75502212;387.636;42.1353;13.0;0.8;29.932
1753875255.16;2.0;49.20423688;18.75502217;387.6366;42.1353;13.0;0.8;30.243
1753875255.17;2.0;49.20423684;18.75502223;387.6375;42.1353;13.0;0.8;30.561
1753875255.18;2.0;49.20423682;18.75502228;387.6382;42.1353;13.0;0.8;30.851
1753875255.19;2.0;49.20423678;18.75502232;387.6384;42.1353;13.0;0.8;31.184
1753875255.2;2.0;49.20423675;18.75502238;387.639;42.1353;13.0;0.8;31.524
1753875255.21;2.0;49.20423672;18.75502243;387.6395;42.1353;13.0;0.8;31.853
1753875255.22;2.0;49.20423669;18.75502248;387.64;42.1353;13.0;0.8;32.216
1753875255.23;2.0;49.20423666;18.75502253;387.6405;42.1353;13.0;0.8;32.547
1753875255.24;2.0;49.20423664;18.75502258;387.6401;42.1353;13.0;0.8;32.894
1753875255.25;2.0;49.20423661;18.75502262;387.6402;42.1353;13.0;0.8;33.208
1753875255.26;2.0;49.20423658;18.75502267;387.6405;42.1353;13.0;0.8;33.519
1753875255.27;2.0;49.20423655;18.75502271;387.6411;42.1353;13.0;0.8;33.833
1753875255.28;2.0;49.20423652;18.75502276;387.6414;42.1353;13.0;0.8;34.185
1753875255.29;2.0;49.2042365;18.75502279;387.641;42.1353;13.0;0.8;34.543
1753875255.3;2.0;49.20423647;18.75502283;387.6408;42.1353;13.0;0.8;34.923
1753875255.31;2.0;49.20423645;18.75502288;387.6408;42.1353;13.0;0.8;35.324
1753875255.32;2.0;49.20423642;18.75502292;387.6411;42.1353;13.0;0.8;35.702
1753875255.33;2.0;49.20423639;18.75502296;387.6411;42.1353;13.0;0.8;36.095
1753875255.34;2.0;49.20423636;18.755023;387.6416;42.1353;13.0;0.8;36.415
1753875255.35;2.0;49.20423633;18.75502304;387.6415;42.1353;13.0;0.8;36.731
1753875255.36;2.0;49.20423631;18.75502308;387.6412;42.1353;13.0;0.8;37.066
1753875255.37;2.0;49.20423628;18.75502312;387.6405;42.1353;13.0;0.8;37.43
1753875255.38;2.0;49.20423626;18.75502316;387.6401;42.1353;13.0;0.8;37.778
1753875255.39;2.0;49.20423623;18.7550232;387.6399;42.1353;13.0;0.8;38.087
1753875255.4;2.0;49.20423621;18.75502325;387.6403;42.1353;13.0;0.8;38.359
1753875255.41;2.0;49.20423618;18.75502329;387.64;42.1353;13.0;0.8;38.647
1753875255.42;2.0;49.20423615;18.75502334;387.6399;42.1353;13.0;0.8;38.931
1753875255.43;2.0;49.20423612;18.75502338;387.6398;42.1353;13.0;0.8;39.22
1753875255.44;2.0;49.20423609;18.75502343;387.6396;42.1353;13.0;0.8;39.501
1753875255.45;2.0;49.20423607;18.75502348;387.6396;42.1353;13.0;0.8;39.745
1753875255.46;2.0;49.20423603;18.75502352;387.6401;42.1353;13.0;0.8;40.015
1753875255.47;2.0;49.20423601;18.75502356;387.6403;42.1353;13.0;0.8;40.331
1753875255.48;2.0;49.20423598;18.75502361;387.6401;42.1353;13.0;0.8;40.619
1753875255.49;2.0;49.20423595;18.75502365;387.6403;42.1353;13.0;0.8;40.901
1753875255.5;2.0;49.20423592;18.75502369;387.6407;42.1353;13.0;0.8;41.2
1753875255.51;2.0;49.20423589;18.75502373;387.6413;42.1353;13.0;0.8;41.568
1753875255.52;2.0;49.20423587;18.75502378;387.6416;42.1353;13.0;0.8;41.964
1753875255.53;2.0;49.20423584;18.75502382;387.6421;42.1353;13.0;0.8;42.41
1753875255.54;2.0;49.20423581;18.75502386;387.642;42.1353;13.0;0.8;42.793
1753875255.55;2.0;49.20423578;18.75502389;387.6422;42.1353;13.0;0.8;43.173
1753875255.56;2.0;49.20423575;18.75502393;387.6427;42.1353;13.0;0.8;43.555
1753875255.57;2.0;49.20423572;18.75502397;387.6433;42.1353;13.0;0.8;43.966
1753875255.58;2.0;49.20423569;18.755024;387.644;42.1353;13.0;0.8;44.355
1753875255.59;2.0;49.20423566;18.75502404;387.6446;42.1353;13.0;0.8;44.734
1753875255.6;2.0;49.20423562;18.75502407;387.6447;42.1353;13.0;0.8;45.138
1753875255.61;2.0;49.20423558;18.7550241;387.6444;42.1353;13.0;0.8;45.527
1753875255.62;2.0;49.20423555;18.75502412;387.6449;42.1353;13.0;0.8;45.89
1753875255.63;2.0;49.20423552;18.75502415;387.6462;42.1353;13.0;0.8;46.184
1753875255.64;2.0;49.20423548;18.75502418;387.647;42.1353;13.0;0.8;46.444
1753875255.65;2.0;49.20423545;18.75502421;387.6475;42.1353;13.0;0.8;46.728
1753875255.66;2.0;49.20423542;18.75502424;387.6478;42.1353;13.0;0.8;47.032
1753875255.67;2.0;49.20423538;18.75502427;387.648;42.1353;13.0;0.8;47.318
1753875255.68;2.0;49.20423535;18.75502429;387.6478;42.1353;13.0;0.8;47.623
1753875255.69;2.0;49.20423531;18.75502432;387.6479;42.1353;13.0;0.8;47.931
1753875255.7;2.0;49.20423528;18.75502435;387.648;42.1353;13.0;0.8;48.232
1753875255.71;2.0;49.20423525;18.75502438;387.6483;42.1353;13.0;0.8;48.542
1753875255.72;2.0;49.20423522;18.7550244;387.6484;42.1353;13.0;0.8;48.847
1753875255.73;2.0;49.20423519;18.75502443;387.648;42.1353;13.0;0.8;49.142
1753875255.74;2.0;49.20423515;18.75502446;387.6478;42.1353;13.0;0.8;49.493
1753875255.75;2.0;49.20423511;18.75502449;387.6477;42.1353;13.0;0.8;49.832
1753875255.76;2.0;49.20423508;18.75502452;387.6471;42.1353;13.0;0.8;50.174
1753875255.77;2.0;49.20423504;18.75502455;387.6465;42.1353;13.0;0.8;50.52
1753875255.78;2.0;49.20423501;18.75502459;387.6463;42.1353;13.0;0.8;50.802
1753875255.79;2.0;49.20423497;18.75502462;387.6462;42.1353;13.0;0.8;51.06
1753875255.8;2.0;49.20423493;18.75502465;387.646;42.1353;13.0;0.8;51.35
1753875255.81;2.0;49.20423489;18.75502468;387.6454;42.1353;13.0;0.8;51.665
1753875255.82;2.0;49.20423484;18.75502471;387.6451;42.1353;13.0;0.8;51.986
1753875255.83;2.0;49.2042348;18.75502474;387.6452;42.1353;13.0;0.8;52.311
1753875255.84;2.0;49.20423476;18.75502477;387.6454;42.1353;13.0;0.8;52.625
1753875255.85;2.0;49.20423472;18.7550248;387.6449;42.1353;13.0;0.8;52.946
1753875255.86;2.0;49.20423468;18.75502483;387.644;42.1353;13.0;0.8;53.273
1753875255.87;2.0;49.20423464;18.75502485;387.6435;42.1353;13.0;0.8;53.648
1753875255.88;2.0;49.2042346;18.75502488;387.6432;42.1353;13.0;0.8;53.99
1753875255.89;2.0;49.20423455;18.7550249;387.6433;42.1353;13.0;0.8;54.306
1753875255.9;2.0;49.20423451;18.75502492;387.6437;42.1353;13.0;0.8;54.671
1753875255.91;2.0;49.20423447;18.75502494;387.6442;42.1353;13.0;0.8;55.02
1753875255.92;2.0;49.20423443;18.75502497;387.6438;42.1353;13.0;0.8;55.338
1753875255.93;2.0;49.2042344;18.75502499;387.643;42.1353;13.0;0.8;55.663
1753875255.94;2.0;49.20423436;18.75502501;387.6423;42.1353;13.0;0.8;55.925
1753875255.95;2.0;49.20423433;18.75502503;387.6421;42.1353;13.0;0.8;56.155
1753875255.96;2.0;49.20423429;18.75502505;387.6421;42.1353;13.0;0.8;56.402
1753875255.97;2.0;49.20423425;18.75502507;387.6425;42.1353;13.0;0.8;56.598
1753875255.98;2.0;49.20423421;18.7550251;387.6426;42.1353;13.0;0.8;56.751
1753875255.99;2.0;49.20423417;18.75502512;387.6427;42.1353;13.0;0.8;56.99
1753875256.0;2.0;49.20423413;18.75502515;387.6427;42.1353;13.0;0.8;57.241
1753875256.01;2.0;49.20423409;18.75502516;387.6425;42.1353;13.0;0.8;57.556
1753875256.02;2.0;49.20423406;18.75502519;387.6425;42.1353;13.0;0.8;57.842
1753875256.03;2.0;49.20423402;18.75502521;387.6424;42.1353;13.0;0.8;58.108
1753875256.04;2.0;49.20423399;18.75502523;387.6417;42.1353;13.0;0.8;58.404
1753875256.05;2.0;49.20423395;18.75502524;387.6411;42.1353;13.0;0.8;58.744
1753875256.06;2.0;49.20423391;18.75502526;387.6409;42.1353;13.0;0.8;59.118
1753875256.07;2.0;49.20423387;18.75502528;387.6404;42.1353;13.0;0.8;59.491
1753875256.08;2.0;49.20423383;18.75502529;387.6403;42.1353;13.0;0.8;59.892
1753875256.09;2.0;49.20423379;18.7550253;387.6403;42.1353;13.0;0.8;60.307
1753875256.1;2.0;49.20423375;18.75502531;387.6408;42.1353;13.0;0.8;60.681
1753875256.11;2.0;49.20423371;18.75502532;387.6415;42.1353;13.0;0.8;61.066
1753875256.12;2.0;49.20423367;18.75502533;387.6422;42.1353;13.0;0.8;61.382
1753875256.13;2.0;49.20423364;18.75502534;387.6423;42.1353;13.0;0.8;61.698
1753875256.14;2.0;49.2042336;18.75502535;387.6425;42.1353;13.0;0.8;62.052
1753875256.15;2.0;49.20423357;18.75502536;387.6428;42.1353;13.0;0.8;62.404
1753875256.16;2.0;49.20423353;18.75502537;387.6437;42.1353;12.0;0.8;62.777
1753875256.17;2.0;49.20423349;18.75502539;387.6437;42.1353;12.0;0.8;63.103
1753875256.18;2.0;49.20423346;18.75502541;387.644;42.1353;12.0;0.8;63.366
1753875256.19;2.0;49.20423342;18.75502542;387.6442;42.1353;12.0;0.8;63.615
1753875256.2;2.0;49.20423338;18.75502545;387.6445;42.1353;12.0;0.8;63.894
1753875256.21;2.0;49.20423334;18.75502547;387.6448;42.1353;12.0;0.8;64.178
1753875256.22;2.0;49.2042333;18.75502549;387.6456;42.1353;12.0;0.8;64.446
1753875256.23;2.0;49.20423326;18.75502551;387.646;42.1353;12.0;0.8;64.803
1753875256.24;2.0;49.20423323;18.75502553;387.6463;42.1353;12.0;0.8;65.223
1753875256.25;2.0;49.20423319;18.75502556;387.6468;42.1353;12.0;0.8;65.602
1753875256.26;2.0;49.20423316;18.75502558;387.6475;42.1353;12.0;0.8;65.927
1753875256.27;2.0;49.20423312;18.75502561;387.6482;42.1353;12.0;0.8;66.234
1753875256.28;2.0;49.20423308;18.75502563;387.6488;42.1353;12.0;0.8;66.555
1753875256.29;2.0;49.20423305;18.75502566;387.6493;42.1353;12.0;0.8;66.875
1753875256.3;2.0;49.20423301;18.75502569;387.6495;42.1353;12.0;0.8;67.195
1753875256.31;2.0;49.20423297;18.75502571;387.6496;42.1353;12.0;0.8;67.485
1753875256.32;2.0;49.20423293;18.75502574;387.6497;42.1353;12.0;0.8;67.756
1753875256.33;2.0;49.20423289;18.75502576;387.6498;42.1353;12.0;0.8;68.1
1753875256.34;2.0;49.20423286;18.75502579;387.6504;42.1353;12.0;0.8;68.479
1753875256.35;2.0;49.20423282;18.75502582;387.6509;42.1353;12.0;0.8;68.868
1753875256.36;2.0;49.20423278;18.75502585;387.6511;42.1353;12.0;0.8;69.236
1753875256.37;2.0;49.20423274;18.75502588;387.6507;42.1353;12.0;0.8;69.573
1753875256.38;2.0;49.2042327;18.75502592;387.6501;42.1353;12.0;0.8;69.951
1753875256.39;2.0;49.20423266;18.75502594;387.65;42.1353;12.0;0.8;70.332
1753875256.4;2.0;49.20423262;18.75502597;387.6508;42.1353;12.0;0.8;70.701
1753875256.41;2.0;49.20423258;18.75502601;387.6512;42.1353;12.0;0.8;71.047
1753875256.42;2.0;49.20423254;18.75502604;387.6511;42.1353;12.0;0.8;71.386
1753875256.43;2.0;49.20423251;18.75502607;387.6508;42.1353;12.0;0.8;71.726
1753875256.44;2.0;49.20423247;18.7550261;387.6503;42.1353;12.0;0.8;72.026
1753875256.45;2.0;49.20423243;18.75502613;387.6503;42.1353;12.0;0.8;72.319
1753875256.46;2.0;49.20423239;18.75502616;387.6502;42.1353;12.0;0.8;72.54
1753875256.47;2.0;49.20423236;18.75502619;387.6498;42.1353;12.0;0.8;72.813
1753875256.48;2.0;49.20423232;18.75502621;387.6502;42.1353;12.0;0.8;73.121
1753875256.49;2.0;49.20423229;18.75502623;387.6503;42.1353;12.0;0.8;73.365
1753875256.5;2.0;49.20423225;18.75502625;387.6504;42.1353;12.0;0.8;73.594
1753875256.51;2.0;49.20423222;18.75502627;387.6508;42.1353;12.0;0.8;73.87
1753875256.52;2.0;49.20423218;18.75502628;387.651;42.1353;12.0;0.8;74.137
1753875256.53;2.0;49.20423215;18.75502629;387.6511;42.1353;12.0;0.8;74.355
1753875256.54;2.0;49.20423212;18.7550263;387.6513;42.1353;12.0;0.8;74.518
1753875256.55;2.0;49.20423209;18.7550263;387.6518;42.1353;12.0;0.8;74.734
1753875256.56;2.0;49.20423206;18.75502631;387.652;42.1353;12.0;0.8;75.005
1753875256.57;2.0;49.20423203;18.75502632;387.6524;42.1353;12.0;0.8;75.313
1753875256.58;2.0;49.204232;18.75502632;387.6526;42.1353;12.0;0.8;75.572
1753875256.59;2.0;49.20423197;18.75502633;387.6529;42.1353;12.0;0.8;75.811
1753875256.6;2.0;49.20423194;18.75502634;387.6531;42.1353;13.0;0.8;76.08
1753875256.61;2.0;49.2042319;18.75502635;387.6532;42.1353;13.0;0.8;76.36
1753875256.62;2.0;49.20423187;18.75502636;387.6537;42.1353;13.0;0.8;76.623
1753875256.63;2.0;49.20423183;18.75502637;387.6543;42.1353;13.0;0.8;76.956
1753875256.64;2.0;49.20423179;18.75502638;387.6551;42.1353;13.0;0.8;77.253
1753875256.65;2.0;49.20423175;18.75502638;387.6555;42.1353;13.0;0.8;77.594
1753875256.66;2.0;49.20423171;18.75502639;387.6556;42.1353;13.0;0.8;77.947
1753875256.67;2.0;49.20423168;18.75502639;387.6557;42.1353;13.0;0.8;78.367
1753875256.68;2.0;49.20423165;18.75502639;387.6553;42.1353;13.0;0.8;78.784
1753875256.69;2.0;49.20423161;18.7550264;387.655;42.1353;13.0;0.8;79.242
1753875256.7;2.0;49.20423157;18.7550264;387.6554;42.1353;13.0;0.8;79.714
1753875256.71;2.0;49.20423152;18.7550264;387.6557;42.1353;13.0;0.8;80.101
1753875256.72;2.0;49.20423148;18.7550264;387.6556;42.1353;13.0;0.8;80.485
1753875256.73;2.0;49.20423144;18.75502641;387.6553;42.1353;13.0;0.8;80.968
1753875256.74;2.0;49.2042314;18.75502641;387.6546;42.1353;13.0;0.8;81.414
1753875256.75;2.0;49.20423135;18.75502641;387.654;42.1353;13.0;0.8;81.742
1753875256.76;2.0;49.20423131;18.75502642;387.6533;42.1353;13.0;0.8;82.138
1753875256.77;2.0;49.20423127;18.75502642;387.6526;42.1353;13.0;0.8;82.517
1753875256.78;2.0;49.20423123;18.75502643;387.6528;42.1353;13.0;0.8;82.822
1753875256.79;2.0;49.20423118;18.75502643;387.6535;42.1353;13.0;0.8;83.118
1753875256.8;2.0;49.20423113;18.75502644;387.6541;42.1353;13.0;0.8;83.434
1753875256.81;2.0;49.20423109;18.75502644;387.6544;42.1353;13.0;0.8;83.695
1753875256.82;2.0;49.20423105;18.75502644;387.6543;42.1353;13.0;0.8;84.05
1753875256.83;2.0;49.204231;18.75502645;387.6543;42.1353;13.0;0.8;84.452
1753875256.84;2.0;49.20423095;18.75502645;387.6543;42.1353;13.0;0.8;84.814
1753875256.85;2.0;49.2042309;18.75502645;387.6546;42.1353;13.0;0.8;85.135
1753875256.86;2.0;49.20423086;18.75502646;387.6547;42.1353;13.0;0.8;85.437
1753875256.87;2.0;49.20423082;18.75502646;387.6552;42.1353;13.0;0.8;85.699
1753875256.88;2.0;49.20423077;18.75502646;387.6557;42.1353;13.0;0.8;85.969
1753875256.89;2.0;49.20423073;18.75502646;387.6557;42.1353;13.0;0.8;86.244
1753875256.9;2.0;49.20423068;18.75502646;387.6556;42.1353;13.0;0.8;86.495
1753875256.91;2.0;49.20423064;18.75502646;387.6555;42.1353;13.0;0.8;86.761
1753875256.92;2.0;49.20423059;18.75502645;387.6551;42.1353;13.0;0.8;87.053
1753875256.93;2.0;49.20423055;18.75502645;387.6546;42.1353;13.0;0.8;87.4
1753875256.94;2.0;49.20423051;18.75502644;387.6544;42.1353;13.0;0.8;87.768
1753875256.95;2.0;49.20423047;18.75502644;387.6543;42.1353;13.0;0.8;88.112
1753875256.96;2.0;49.20423043;18.75502644;387.6541;42.1353;13.0;0.8;88.453
1753875256.97;2.0;49.20423039;18.75502644;387.654;42.1353;13.0;0.8;88.802
1753875256.98;2.0;49.20423035;18.75502644;387.654;42.1353;13.0;0.8;89.168
1753875256.99;2.0;49.20423031;18.75502643;387.6538;42.1353;13.0;0.8;89.555
1753875257.0;2.0;49.20423027;18.75502643;387.6538;42.1353;13.0;0.8;89.931
1753875257.01;2.0;49.20423023;18.75502643;387.654;42.1353;13.0;0.8;90.27
1753875257.02;2.0;49.20423019;18.75502642;387.6541;42.1353;13.0;0.8;90.657
1753875257.03;2.0;49.20423015;18.75502641;387.6544;42.1353;13.0;0.8;91.011
1753875257.04;2.0;49.20423011;18.75502641;387.6544;42.1353;13.0;0.8;91.366
1753875257.05;2.0;49.20423007;18.7550264;387.6543;42.1353;13.0;0.8;91.704
1753875257.06;2.0;49.20423003;18.75502639;387.6544;42.1353;13.0;0.8;91.991
1753875257.07;2.0;49.20422999;18.75502638;387.6547;42.1353;13.0;0.8;92.263
1753875257.08;2.0;49.20422995;18.75502637;387.6547;42.1353;13.0;0.8;92.598
1753875257.09;2.0;49.20422991;18.75502636;387.6539;42.1353;13.0;0.8;92.968
1753875257.1;2.0;49.20422988;18.75502635;387.6535;42.1353;13.0;0.8;93.326
1753875257.11;2.0;49.20422983;18.75502635;387.6535;42.1353;13.0;0.8;93.649
1753875257.12;2.0;49.2042298;18.75502634;387.6538;42.1353;13.0;0.8;93.901
1753875257.13;2.0;49.20422975;18.75502633;387.6537;42.1353;13.0;0.8;94.126
1753875257.14;2.0;49.20422971;18.75502632;387.6538;42.1353;13.0;0.8;94.397
1753875257.15;2.0;49.20422967;18.7550263;387.6544;42.1353;13.0;0.8;94.654
1753875257.16;2.0;49.20422963;18.75502629;387.6548;42.1353;13.0;0.8;94.907
1753875257.17;2.0;49.20422959;18.75502628;387.6543;42.1353;13.0;0.8;95.158
1753875257.18;2.0;49.20422955;18.75502627;387.6548;42.1353;13.0;0.8;95.425
1753875257.19;2.0;49.20422951;18.75502626;387.6547;42.1353;13.0;0.8;95.657
1753875257.2;2.0;49.20422947;18.75502626;387.6543;42.1353;13.0;0.8;95.888
1753875257.21;2.0;49.20422943;18.75502625;387.6536;42.1353;13.0;0.8;96.102
1753875257.22;2.0;49.20422939;18.75502624;387.6534;42.1353;13.0;0.8;96.309
1753875257.23;2.0;49.20422935;18.75502623;387.6535;42.1353;13.0;0.8;96.569
1753875257.24;2.0;49.2042293;18.75502622;387.6545;42.1353;13.0;0.8;96.835
1753875257.25;2.0;49.20422926;18.75502622;387.6551;42.1353;13.0;0.8;97.116
1753875257.26;2.0;49.20422922;18.75502621;387.6554;42.1353;13.0;0.8;97.401
1753875257.27;2.0;49.20422918;18.7550262;387.6554;42.1353;13.0;0.8;97.694
1753875257.28;2.0;49.20422914;18.75502619;387.656;42.1353;13.0;0.8;98.044
1753875257.29;2.0;49.20422911;18.75502618;387.6562;42.1353;13.0;0.8;98.361
1753875257.3;2.0;49.20422907;18.75502617;387.6564;42.1353;13.0;0.8;98.685
1753875257.31;2.0;49.20422903;18.75502617;387.6572;42.1353;13.0;0.8;98.982
1753875257.32;2.0;49.204229;18.75502616;387.6577;42.1353;13.0;0.8;99.322
1753875257.33;2.0;49.20422896;18.75502616;387.6581;42.1353;13.0;0.8;99.622
1753875257.34;2.0;49.20422892;18.75502615;387.6589;42.1353;13.0;0.8;99.927
1753875257.35;2.0;49.20422888;18.75502615;387.6603;42.1353;13.0;0.8;100.288
1753875257.36;2.0;49.20422885;18.75502615;387.6611;42.1353;13.0;0.8;100.619
1753875257.37;2.0;49.20422881;18.75502614;387.6613;42.1353;13.0;0.8;100.873
1753875257.38;2.0;49.20422877;18.75502614;387.6615;42.1353;13.0;0.8;101.132
1753875257.39;2.0;49.20422874;18.75502613;387.6622;42.1353;13.0;0.8;101.394
1753875257.4;2.0;49.2042287;18.75502612;387.6635;42.1353;13.0;0.8;101.714
1753875257.41;2.0;49.20422867;18.75502611;387.6646;42.1353;13.0;0.8;102.028
1753875257.42;2.0;49.20422863;18.7550261;387.6653;42.1353;13.0;0.8;102.394
1753875257.43;2.0;49.2042286;18.7550261;387.6657;42.1353;13.0;0.8;102.769
1753875257.44;2.0;49.20422857;18.75502609;387.6663;42.1353;13.0;0.8;103.169
1753875257.45;2.0;49.20422853;18.75502608;387.6669;42.1353;13.0;0.8;103.571
1753875257.46;2.0;49.2042285;18.75502607;387.6676;42.1353;13.0;0.8;103.971
1753875257.47;2.0;49.20422847;18.75502606;387.6685;42.1353;13.0;0.8;104.353
1753875257.48;2.0;49.20422843;18.75502606;387.6691;42.1353;13.0;0.8;104.755
1753875257.49;2.0;49.2042284;18.75502605;387.6699;42.1353;13.0;0.8;105.076
1753875257.5;2.0;49.20422836;18.75502605;387.6703;42.1353;13.0;0.8;105.405
1753875257.51;2.0;49.20422833;18.75502604;387.6703;42.1353;13.0;0.8;105.69
1753875257.52;2.0;49.2042283;18.75502604;387.6703;42.1353;13.0;0.8;106.05
1753875257.53;2.0;49.20422826;18.75502602;387.6709;42.1353;13.0;0.8;106.399
1753875257.54;2.0;49.20422823;18.75502601;387.6716;42.1353;13.0;0.8;106.711
1753875257.55;2.0;49.2042282;18.75502599;387.6721;42.1353;13.0;0.8;107.062
1753875257.56;2.0;49.20422816;18.75502598;387.6726;42.1353;13.0;0.8;107.415
1753875257.57;2.0;49.20422813;18.75502597;387.6726;42.1353;13.0;0.8;107.73
1753875257.58;2.0;49.2042281;18.75502596;387.673;42.1353;13.0;0.8;108.056
1753875257.59;2.0;49.20422806;18.75502596;387.6733;42.1353;13.0;0.8;108.41
1753875257.6;2.0;49.20422803;18.75502596;387.6736;42.1353;13.0;0.8;108.784
1753875257.61;2.0;49.20422799;18.75502595;387.6739;42.1353;13.0;0.8;109.202
1753875257.62;2.0;49.20422795;18.75502595;387.6748;42.1353;13.0;0.8;109.578
1753875257.63;2.0;49.20422792;18.75502595;387.6759;42.1353;13.0;0.8;109.958
1753875257.64;2.0;49.20422789;18.75502594;387.6767;42.1353;13.0;0.8;110.358
1753875257.65;2.0;49.20422786;18.75502593;387.6772;42.1353;13.0;0.8;110.762
1753875257.66;2.0;49.20422783;18.75502592;387.6777;42.1353;13.0;0.8;111.194
1753875257.67;2.0;49.2042278;18.75502592;387.6783;42.1353;13.0;0.8;111.589
1753875257.68;2.0;49.20422777;18.75502591;387.6785;42.1353;13.0;0.8;111.935
1753875257.69;2.0;49.20422774;18.75502591;387.679;42.1353;13.0;0.8;112.255
1753875257.7;2.0;49.20422772;18.7550259;387.6791;42.1353;13.0;0.8;112.609
1753875257.71;2.0;49.20422769;18.75502589;387.6789;42.1353;13.0;0.8;113.025
1753875257.72;2.0;49.20422767;18.75502589;387.6783;42.1353;13.0;0.8;113.405
1753875257.73;2.0;49.20422764;18.75502589;387.6782;42.1353;13.0;0.8;113.734
1753875257.74;2.0;49.20422762;18.75502589;387.6783;42.1353;13.0;0.8;114.034
1753875257.75;2.0;49.2042276;18.75502589;387.6784;42.1353;13.0;0.8;114.378
1753875257.76;2.0;49.20422757;18.75502588;387.6783;42.1353;13.0;0.8;114.729
1753875257.77;2.0;49.20422755;18.75502588;387.6776;42.1353;13.0;0.8;115.097
1753875257.78;2.0;49.20422753;18.75502588;387.6769;42.1353;13.0;0.8;115.489
1753875257.79;2.0;49.2042275;18.75502587;387.6762;42.1353;13.0;0.8;115.812
1753875257.8;2.0;49.20422748;18.75502586;387.676;42.1353;13.0;0.8;116.162
1753875257.81;2.0;49.20422745;18.75502586;387.6754;42.1353;13.0;0.8;116.526
1753875257.82;2.0;49.20422742;18.75502586;387.6744;42.1353;13.0;0.8;116.914
1753875257.83;2.0;49.2042274;18.75502585;387.6741;42.1353;13.0;0.8;117.299
1753875257.84;2.0;49.20422737;18.75502585;387.6739;42.1353;13.0;0.8;117.651
1753875257.85;2.0;49.20422734;18.75502584;387.6734;42.1353;13.0;0.8;117.982
1753875257.86;2.0;49.20422731;18.75502583;387.673;42.1353;13.0;0.8;118.362
1753875257.87;2.0;49.20422729;18.75502582;387.6732;42.1353;13.0;0.8;118.765
1753875257.88;2.0;49.20422726;18.75502581;387.6732;42.1353;13.0;0.8;119.154
1753875257.89;2.0;49.20422723;18.7550258;387.6735;42.1353;13.0;0.8;119.503
1753875257.9;2.0;49.2042272;18.75502578;387.6737;42.1353;13.0;0.8;119.794
1753875257.91;2.0;49.20422717;18.75502576;387.6735;42.1353;13.0;0.8;120.094
1753875257.92;2.0;49.20422713;18.75502574;387.6737;42.1353;13.0;0.8;120.441
1753875257.93;2.0;49.2042271;18.75502571;387.674;42.1353;13.0;0.8;120.756
1753875257.94;2.0;49.20422707;18.75502569;387.6738;42.1353;13.0;0.8;121.018
1753875257.95;2.0;49.20422704;18.75502567;387.6738;42.1353;13.0;0.8;121.293
1753875257.96;2.0;49.20422701;18.75502564;387.6735;42.1353;13.0;0.8;121.552
1753875257.97;2.0;49.20422697;18.75502562;387.6734;42.1353;13.0;0.8;121.87
1753875257.98;2.0;49.20422694;18.75502559;387.6736;42.1353;13.0;0.8;122.14
1753875257.99;2.0;49.20422691;18.75502556;387.6745;42.1353;13.0;0.8;122.355
1753875258.0;2.0;49.20422688;18.75502553;387.675;42.1353;13.0;0.8;122.603
1753875258.01;2.0;49.20422685;18.75502551;387.6755;42.1353;13.0;0.8;122.814
1753875258.02;2.0;49.20422682;18.75502549;387.6757;42.1353;13.0;0.8;123.107
1753875258.03;2.0;49.20422679;18.75502547;387.676;42.1353;13.0;0.8;123.415
1753875258.04;2.0;49.20422676;18.75502544;387.6765;42.1353;13.0;0.8;123.72
1753875258.05;2.0;49.20422673;18.75502541;387.6768;42.1353;13.0;0.8;123.998
1753875258.06;2.0;49.2042267;18.75502538;387.6769;42.1353;13.0;0.8;124.327
1753875258.07;2.0;49.20422668;18.75502535;387.6767;42.1353;13.0;0.8;124.664
1753875258.08;2.0;49.20422666;18.7550253;387.6759;42.1353;13.0;0.8;124.978
1753875258.09;2.0;49.20422664;18.75502526;387.675;42.1353;13.0;0.8;125.305
1753875258.1;2.0;49.20422662;18.75502522;387.6743;42.1353;13.0;0.8;125.628
1753875258.11;2.0;49.20422661;18.75502518;387.6739;42.1353;13.0;0.8;125.985
1753875258.12;2.0;49.20422659;18.75502515;387.6736;42.1353;13.0;0.8;126.42
1753875258.13;2.0;49.20422658;18.75502511;387.6732;42.1353;13.0;0.8;126.875
1753875258.14;2.0;49.20422656;18.75502507;387.6733;42.1353;13.0;0.8;127.322
1753875258.15;2.0;49.20422654;18.75502503;387.6731;42.1353;13.0;0.8;127.695
1753875258.16;2.0;49.20422652;18.755025;387.6732;42.1353;13.0;0.8;128.026
1753875258.17;2.0;49.2042265;18.75502496;387.6733;42.1353;13.0;0.8;128.346
1753875258.18;2.0;49.20422647;18.75502492;387.6729;42.1353;13.0;0.8;128.623
1753875258.19;2.0;49.20422646;18.75502488;387.6724;42.1353;13.0;0.8;128.923
1753875258.2;2.0;49.20422644;18.75502484;387.6719;42.1353;13.0;0.8;129.258
1753875258.21;2.0;49.20422642;18.7550248;387.6719;42.1353;13.0;0.8;129.638
1753875258.22;2.0;49.2042264;18.75502476;387.6715;42.1353;13.0;0.8;129.984
1753875258.23;2.0;49.20422638;18.75502472;387.6703;42.1353;13.0;0.8;130.248
1753875258.24;2.0;49.20422637;18.75502467;387.6691;42.1353;13.0;0.8;130.52
1753875258.25;2.0;49.20422635;18.75502463;387.6686;42.1353;13.0;0.8;130.803
1753875258.26;2.0;49.20422632;18.75502459;387.668;42.1353;13.0;0.8;131.05
1753875258.27;2.0;49.2042263;18.75502454;387.6668;42.1353;13.0;0.8;131.295
1753875258.28;2.0;49.20422628;18.75502449;387.6655;42.1353;13.0;0.8;131.564
1753875258.29;2.0;49.20422627;18.75502445;387.6649;42.1353;13.0;0.8;131.845
1753875258.3;2.0;49.20422625;18.7550244;387.6639;42.1353;13.0;0.8;132.161
1753875258.31;2.0;49.20422623;18.75502435;387.6632;42.1353;13.0;0.8;132.496
1753875258.32;2.0;49.20422622;18.7550243;387.6625;42.1353;13.0;0.8;132.871
1753875258.33;2.0;49.2042262;18.75502425;387.6616;42.1353;13.0;0.8;133.233
1753875258.34;2.0;49.20422619;18.7550242;387.6604;42.1353;13.0;0.8;133.56
1753875258.35;2.0;49.20422617;18.75502416;387.6592;42.1353;13.0;0.8;133.847
1753875258.36;2.0;49.20422616;18.75502412;387.6587;42.1353;13.0;0.8;134.151
1753875258.37;2.0;49.20422614;18.75502407;387.6583;42.1353;13.0;0.8;134.529
1753875258.38;2.0;49.20422612;18.75502404;387.6576;42.1353;13.0;0.8;134.858
1753875258.39;2.0;49.20422611;18.75502399;387.6572;42.1353;13.0;0.8;135.178
1753875258.4;2.0;49.20422609;18.75502394;387.658;42.1353;13.0;0.8;135.435
1753875258.41;2.0;49.20422608;18.7550239;387.658;42.1353;13.0;0.8;135.75
1753875258.42;2.0;49.20422606;18.75502387;387.6577;42.1353;13.0;0.8;136.111
1753875258.43;2.0;49.20422605;18.75502383;387.6575;42.1353;13.0;0.8;136.508
1753875258.44;2.0;49.20422604;18.75502379;387.6573;42.1353;13.0;0.8;136.884
1753875258.45;2.0;49.20422603;18.75502375;387.6575;42.1353;13.0;0.8;137.264
1753875258.46;2.0;49.20422602;18.75502371;387.6583;42.1353;13.0;0.8;137.667
1753875258.47;2.0;49.20422601;18.75502367;387.6587;42.1353;13.0;0.8;138.05
1753875258.48;2.0;49.204226;18.75502363;387.6586;42.1353;13.0;0.8;138.427
1753875258.49;2.0;49.204226;18.75502358;387.6589;42.1353;13.0;0.8;138.849
1753875258.5;2.0;49.20422599;18.75502354;387.6591;42.1353;13.0;0.8;139.304
1753875258.51;2.0;49.20422599;18.7550235;387.6591;42.1353;13.0;0.8;139.725
1753875258.52;2.0;49.20422598;18.75502346;387.6591;42.1353;13.0;0.8;140.083
1753875258.53;2.0;49.20422597;18.75502341;387.6596;42.1353;13.0;0.8;140.452
1753875258.54;2.0;49.20422595;18.75502337;387.6612;42.1353;13.0;0.8;140.766
1753875258.55;2.0;49.20422593;18.75502332;387.662;42.1353;13.0;0.8;141.062
1753875258.56;2.0;49.20422591;18.75502328;387.6619;42.1353;13.0;0.8;141.333
1753875258.57;2.0;49.20422589;18.75502324;387.662;42.1353;13.0;0.8;141.581
1753875258.58;2.0;49.20422587;18.7550232;387.6624;42.1353;13.0;0.8;141.775
1753875258.59;2.0;49.20422586;18.75502316;387.6631;42.1353;13.0;0.8;142.01
1753875258.6;2.0;49.20422585;18.75502312;387.6635;42.1353;13.0;0.8;142.294
1753875258.61;2.0;49.20422583;18.75502307;387.6638;42.1353;13.0;0.8;142.584
1753875258.62;2.0;49.20422582;18.75502303;387.6641;42.1353;13.0;0.8;142.869
1753875258.63;2.0;49.2042258;18.75502299;387.6648;42.1353;13.0;0.8;143.128
1753875258.64;2.0;49.20422579;18.75502295;387.6651;42.1353;13.0;0.8;143.407
1753875258.65;2.0;49.20422577;18.75502291;387.6648;42.1353;13.0;0.8;143.633
1753875258.66;2.0;49.20422576;18.75502288;387.6646;42.1353;13.0;0.8;143.935
1753875258.67;2.0;49.20422576;18.75502284;387.6649;42.1353;13.0;0.8;144.262
1753875258.68;2.0;49.20422575;18.7550228;387.6653;42.1353;13.0;0.8;144.613
1753875258.69;2.0;49.20422574;18.75502277;387.6652;42.1353;13.0;0.8;144.945
1753875258.7;2.0;49.20422573;18.75502274;387.6659;42.1353;13.0;0.8;145.262
1753875258.71;2.0;49.20422573;18.75502271;387.6673;42.1353;13.0;0.8;145.64
1753875258.72;2.0;49.20422571;18.75502268;387.6685;42.1353;13.0;0.8;145.972
1753875258.73;2.0;49.20422571;18.75502264;387.6686;42.1353;13.0;0.8;146.31
1753875258.74;2.0;49.2042257;18.75502261;387.6685;42.1353;13.0;0.8;146.68
1753875258.75;2.0;49.20422569;18.75502257;387.6689;42.1353;13.0;0.8;147.071
1753875258.76;2.0;49.20422569;18.75502254;387.6693;42.1353;13.0;0.8;147.463
1753875258.77;2.0;49.20422568;18.75502251;387.6702;42.1353;13.0;0.8;147.794
1753875258.78;2.0;49.20422568;18.75502248;387.6712;42.1353;13.0;0.8;148.135
1753875258.79;2.0;49.20422567;18.75502245;387.672;42.1353;13.0;0.8;148.441
1753875258.8;2.0;49.20422567;18.75502241;387.673;42.1353;13.0;0.8;148.757
1753875258.81;2.0;49.20422566;18.75502239;387.6733;42.1353;13.0;0.8;149.1
1753875258.82;2.0;49.20422566;18.75502236;387.6738;42.1353;13.0;0.8;149.472
1753875258.83;2.0;49.20422565;18.75502233;387.6749;42.1353;13.0;0.8;149.839
1753875258.84;2.0;49.20422564;18.7550223;387.6758;42.1353;13.0;0.8;150.172
1753875258.85;2.0;49.20422564;18.75502227;387.6761;42.1353;13.0;0.8;150.55
1753875258.86;2.0;49.20422564;18.75502224;387.6768;42.1353;13.0;0.8;150.944
1753875258.87;2.0;49.20422563;18.75502222;387.6773;42.1353;13.0;0.8;151.318
1753875258.88;2.0;49.20422562;18.7550222;387.678;42.1353;13.0;0.8;151.652
1753875258.89;2.0;49.20422561;18.75502217;387.679;42.1353;13.0;0.8;151.97
1753875258.9;2.0;49.2042256;18.75502214;387.6793;42.1353;13.0;0.8;152.281
1753875258.91;2.0;49.20422559;18.7550221;387.6794;42.1353;13.0;0.8;152.553
1753875258.92;2.0;49.20422559;18.75502207;387.6799;42.1353;13.0;0.8;152.908
1753875258.93;2.0;49.20422559;18.75502204;387.6812;42.1353;13.0;0.8;153.314
1753875258.94;2.0;49.20422558;18.75502201;387.6826;42.1353;13.0;0.8;153.686
1753875258.95;2.0;49.20422557;18.75502197;387.6831;42.1353;13.0;0.8;153.963
1753875258.96;2.0;49.20422556;18.75502194;387.6838;42.1353;13.0;0.8;154.248
1753875258.97;2.0;49.20422556;18.7550219;387.684;42.1353;13.0;0.8;154.5
1753875258.98;2.0;49.20422555;18.75502186;387.6846;42.1353;13.0;0.8;154.711
1753875258.99;2.0;49.20422555;18.75502181;387.6849;42.1353;13.0;0.8;154.929
1753875259.0;2.0;49.20422556;18.75502176;387.6847;42.1353;13.0;0.8;155.194
1753875259.01;2.0;49.20422556;18.7550217;387.6846;42.1353;13.0;0.8;155.494
1753875259.02;2.0;49.20422556;18.75502165;387.6848;42.1353;13.0;0.8;155.741
1753875259.03;2.0;49.20422556;18.75502159;387.6851;42.1353;13.0;0.8;155.987
1753875259.04;2.0;49.20422556;18.75502153;387.6854;42.1353;13.0;0.8;156.295
1753875259.05;2.0;49.20422557;18.75502146;387.6849;42.1353;13.0;0.8;156.59
1753875259.06;2.0;49.20422557;18.7550214;387.6843;42.1353;13.0;0.8;156.871
1753875259.07;2.0;49.20422557;18.75502133;387.6832;42.1353;13.0;0.8;157.176
1753875259.08;2.0;49.20422557;18.75502126;387.6824;42.1353;13.0;0.8;157.447
1753875259.09;2.0;49.20422557;18.75502119;387.6816;42.1353;13.0;0.8;157.778
1753875259.1;2.0;49.20422557;18.75502111;387.6806;42.1353;13.0;0.8;158.135
1753875259.11;2.0;49.20422558;18.75502103;387.6799;42.1353;13.0;0.8;158.463
1753875259.12;2.0;49.20422558;18.75502096;387.6788;42.1353;13.0;0.8;158.816
1753875259.13;2.0;49.20422557;18.75502089;387.6775;42.1353;13.0;0.8;159.215
1753875259.14;2.0;49.20422557;18.75502082;387.6759;42.1353;13.0;0.8;159.618
1753875259.15;2.0;49.20422557;18.75502075;387.6749;42.1353;13.0;0.8;160.018
1753875259.16;2.0;49.20422556;18.75502068;387.6741;42.1353;13.0;0.8;160.443
1753875259.17;2.0;49.20422556;18.75502061;387.6737;42.1353;13.0;0.8;160.864
1753875259.18;2.0;49.20422556;18.75502054;387.6733;42.1353;13.0;0.8;161.283
1753875259.19;2.0;49.20422555;18.75502046;387.6728;42.1353;13.0;0.8;161.646
1753875259.2;2.0;49.20422556;18.75502039;387.6721;42.1353;13.0;0.8;161.989
1753875259.21;2.0;49.20422555;18.75502033;387.6716;42.1353;13.0;0.8;162.341
1753875259.22;2.0;49.20422555;18.75502026;387.6702;42.1353;13.0;0.8;162.674
1753875259.23;2.0;49.20422555;18.7550202;387.6695;42.1353;13.0;0.8;162.971
1753875259.24;2.0;49.20422554;18.75502014;387.6698;42.1353;13.0;0.8;163.208
1753875259.25;2.0;49.20422553;18.75502008;387.6698;42.1353;13.0;0.8;163.408
1753875259.26;2.0;49.20422553;18.75502003;387.6691;42.1353;13.0;0.8;163.638
1753875259.27;2.0;49.20422553;18.75501997;387.668;42.1353;13.0;0.8;163.868
1753875259.28;2.0;49.20422552;18.75501991;387.6675;42.1353;13.0;0.8;164.128
1753875259.29;2.0;49.20422552;18.75501986;387.6671;42.1353;13.0;0.8;164.362
1753875259.3;2.0;49.20422551;18.7550198;387.6668;42.1353;13.0;0.8;164.657
1753875259.31;2.0;49.20422551;18.75501975;387.6669;42.1353;13.0;0.8;164.965
1753875259.32;2.0;49.20422551;18.7550197;387.6675;42.1353;13.0;0.8;165.273
1753875259.33;2.0;49.2042255;18.75501964;387.6679;42.1353;13.0;0.8;165.646
1753875259.34;2.0;49.2042255;18.75501959;387.6682;42.1353;13.0;0.8;166.048
1753875259.35;2.0;49.2042255;18.75501953;387.6678;42.1353;13.0;0.8;166.419
1753875259.36;2.0;49.20422549;18.75501948;387.6681;42.1353;13.0;0.8;166.767
1753875259.37;2.0;49.20422549;18.75501943;387.6686;42.1353;13.0;0.8;167.137
1753875259.38;2.0;49.20422549;18.75501937;387.6695;42.1353;13.0;0.8;167.521
1753875259.39;2.0;49.2042255;18.75501932;387.6698;42.1353;13.0;0.8;167.883
1753875259.4;2.0;49.2042255;18.75501927;387.67;42.1353;13.0;0.8;168.256
1753875259.41;2.0;49.20422551;18.75501921;387.6695;42.1353;13.0;0.8;168.604
1753875259.42;2.0;49.20422551;18.75501916;387.6697;42.1353;13.0;0.8;168.887
1753875259.43;2.0;49.20422551;18.7550191;387.67;42.1353;13.0;0.8;169.225
1753875259.44;2.0;49.20422551;18.75501904;387.6706;42.1353;13.0;0.8;169.501
1753875259.45;2.0;49.20422552;18.75501897;387.6706;42.1353;13.0;0.8;169.77
1753875259.46;2.0;49.20422553;18.75501892;387.6702;42.1353;13.0;0.8;170.132
1753875259.47;2.0;49.20422553;18.75501886;387.6698;42.1353;13.0;0.8;170.496
1753875259.48;2.0;49.20422554;18.7550188;387.6701;42.1353;13.0;0.8;170.865
1753875259.49;2.0;49.20422555;18.75501874;387.6705;42.1353;13.0;0.8;171.22
1753875259.5;2.0;49.20422556;18.75501868;387.6703;42.1353;13.0;0.8;171.518
1753875259.51;2.0;49.20422557;18.75501862;387.6701;42.1353;13.0;0.8;171.834
1753875259.52;2.0;49.20422558;18.75501856;387.6692;42.1353;13.0;0.8;172.14
1753875259.53;2.0;49.20422559;18.7550185;387.6685;42.1353;13.0;0.8;172.463
1753875259.54;2.0;49.20422559;18.75501844;387.668;42.1353;13.0;0.8;172.757
1753875259.55;2.0;49.2042256;18.75501838;387.668;42.1353;13.0;0.8;173.066
1753875259.56;2.0;49.2042256;18.75501832;387.6679;42.1353;13.0;0.8;173.355
1753875259.57;2.0;49.2042256;18.75501826;387.6679;42.1353;13.0;0.8;173.621
1753875259.58;2.0;49.20422561;18.7550182;387.6681;42.1353;13.0;0.8;173.925
1753875259.59;2.0;49.20422561;18.75501815;387.6679;42.1353;13.0;0.8;174.241
1753875259.6;2.0;49.20422562;18.7550181;387.6677;42.1353;13.0;0.8;174.537
1753875259.61;2.0;49.20422562;18.75501805;387.6679;42.1353;13.0;0.8;174.869
1753875259.62;2.0;49.20422562;18.75501801;387.6679;42.1353;13.0;0.8;175.139
1753875259.63;2.0;49.20422562;18.75501797;387.6678;42.1353;13.0;0.8;175.467
1753875259.64;2.0;49.20422562;18.75501792;387.6683;42.1353;13.0;0.8;175.828
1753875259.65;2.0;49.20422562;18.75501788;387.6685;42.1353;13.0;0.8;176.179
1753875259.66;2.0;49.20422562;18.75501783;387.668;42.1353;13.0;0.8;176.557
1753875259.67;2.0;49.20422563;18.75501779;387.667;42.1353;13.0;0.8;176.906
1753875259.68;2.0;49.20422564;18.75501775;387.6656;42.1353;13.0;0.8;177.222
1753875259.69;2.0;49.20422564;18.7550177;387.6648;42.1353;13.0;0.8;177.596
1753875259.7;2.0;49.20422565;18.75501767;387.6648;42.1353;13.0;0.8;177.981
1753875259.71;2.0;49.20422565;18.75501762;387.6646;42.1353;13.0;0.8;178.323
1753875259.72;2.0;49.20422566;18.75501758;387.6645;42.1353;13.0;0.8;178.61
1753875259.73;2.0;49.20422567;18.75501753;387.6636;42.1353;13.0;0.8;178.901
1753875259.74;2.0;49.20422568;18.75501748;387.6627;42.1353;13.0;0.8;179.187
1753875259.75;2.0;49.20422568;18.75501743;387.6618;42.1353;13.0;0.8;179.496
1753875259.76;2.0;49.20422569;18.75501739;387.6612;42.1353;13.0;0.8;179.773
1753875259.77;2.0;49.2042257;18.75501734;387.6616;42.1353;13.0;0.8;180.042
1753875259.78;2.0;49.20422571;18.7550173;387.6623;42.1353;13.0;0.8;180.334
1753875259.79;2.0;49.20422572;18.75501725;387.6631;42.1353;13.0;0.8;180.651
1753875259.8;2.0;49.20422573;18.75501721;387.6637;42.1353;13.0;0.8;180.985
1753875259.81;2.0;49.20422574;18.75501716;387.6641;42.1353;13.0;0.8;181.366
1753875259.82;2.0;49.20422575;18.75501712;387.6646;42.1353;13.0;0.8;181.764
1753875259.83;2.0;49.20422576;18.75501707;387.6648;42.1353;13.0;0.8;182.147
1753875259.84;2.0;49.20422577;18.75501702;387.6649;42.1353;13.0;0.8;182.498
1753875259.85;2.0;49.20422578;18.75501698;387.6652;42.1353;13.0;0.8;182.893
1753875259.86;2.0;49.20422579;18.75501694;387.6657;42.1353;13.0;0.8;183.318
1753875259.87;2.0;49.20422581;18.75501689;387.6664;42.1353;13.0;0.8;183.717
1753875259.88;2.0;49.20422582;18.75501685;387.6667;42.1353;13.0;0.8;184.034
1753875259.89;2.0;49.20422583;18.75501681;387.6668;42.1353;13.0;0.8;184.339
1753875259.9;2.0;49.20422584;18.75501677;387.6676;42.1353;13.0;0.8;184.595
1753875259.91;2.0;49.20422584;18.75501673;387.6689;42.1353;13.0;0.8;184.843
1753875259.92;2.0;49.20422585;18.75501669;387.6704;42.1353;13.0;0.8;185.079
1753875259.93;2.0;49.20422585;18.75501665;387.6713;42.1353;13.0;0.8;185.305
1753875259.94;2.0;49.20422586;18.7550166;387.6715;42.1353;13.0;0.8;185.517
1753875259.95;2.0;49.20422587;18.75501656;387.6713;42.1353;13.0;0.8;185.732
1753875259.96;2.0;49.20422588;18.75501653;387.6718;42.1353;13.0;0.8;185.965
1753875259.97;2.0;49.20422589;18.75501649;387.6727;42.1353;13.0;0.8;186.204
1753875259.98;2.0;49.20422591;18.75501645;387.673;42.1353;13.0;0.8;186.45
1753875259.99;2.0;49.20422592;18.7550164;387.6727;42.1353;13.0;0.8;186.695
1753875260.0;2.0;49.20422593;18.75501636;387.6728;42.1353;13.0;0.8;186.979
1753875260.01;2.0;49.20422595;18.75501632;387.6728;42.1353;13.0;0.8;187.28
1753875260.02;2.0;49.20422596;18.75501628;387.6726;42.1353;13.0;0.8;187.568
1753875260.03;2.0;49.20422597;18.75501623;387.6733;42.1353;13.0;0.8;187.84
1753875260.04;2.0;49.20422599;18.75501619;387.6733;42.1353;13.0;0.8;188.153
1753875260.05;2.0;49.204226;18.75501615;387.673;42.1353;13.0;0.8;188.487
1753875260.06;2.0;49.20422602;18.75501611;387.6729;42.1353;13.0;0.8;188.799
1753875260.07;2.0;49.20422603;18.75501606;387.6734;42.1353;13.0;0.8;189.093
1753875260.08;2.0;49.20422605;18.75501601;387.6738;42.1353;13.0;0.8;189.423
1753875260.09;2.0;49.20422607;18.75501595;387.6739;42.1353;13.0;0.8;189.731
1753875260.1;2.0;49.20422608;18.75501589;387.6739;42.1353;13.0;0.8;190.061
1753875260.11;2.0;49.2042261;18.75501584;387.6733;42.1353;13.0;0.8;190.406
1753875260.12;2.0;49.20422611;18.75501578;387.673;42.1353;13.0;0.8;190.717
1753875260.13;2.0;49.20422612;18.75501572;387.6732;42.1353;13.0;0.8;191.027
1753875260.14;2.0;49.20422614;18.75501565;387.6741;42.1353;13.0;0.8;191.341
1753875260.15;2.0;49.20422615;18.75501558;387.6754;42.1353;13.0;0.8;191.586
1753875260.16;2.0;49.20422617;18.75501552;387.6769;42.1353;13.0;0.8;191.756
1753875260.17;2.0;49.20422618;18.75501545;387.6787;42.1353;13.0;0.8;191.913
1753875260.18;2.0;49.20422619;18.75501538;387.6802;42.1353;13.0;0.8;192.073
1753875260.19;2.0;49.2042262;18.75501531;387.6812;42.1353;13.0;0.8;192.216
1753875260.2;2.0;49.2042262;18.75501524;387.6819;42.1353;13.0;0.8;192.389
1753875260.21;2.0;49.20422621;18.75501518;387.683;42.1353;13.0;0.8;192.572
1753875260.22;2.0;49.20422622;18.75501511;387.6841;42.1353;13.0;0.8;192.673
1753875260.23;2.0;49.20422624;18.75501505;387.6847;42.1353;13.0;0.8;192.754
1753875260.24;2.0;49.20422625;18.75501498;387.6856;42.1353;13.0;0.8;192.852
1753875260.25;2.0;49.20422626;18.75501492;387.6868;42.1353;13.0;0.8;192.921
1753875260.26;2.0;49.20422627;18.75501485;387.6878;42.1353;13.0;0.8;192.997
1753875260.27;2.0;49.20422627;18.75501479;387.6885;42.1353;13.0;0.8;193.031
1753875260.28;2.0;49.20422628;18.75501473;387.6889;42.1353;13.0;0.8;193.032
1753875260.29;2.0;49.20422628;18.75501467;387.6891;42.1353;13.0;0.8;193.033
1753875260.3;2.0;49.20422629;18.7550146;387.6891;42.1353;13.0;0.8;193.042
1753875260.31;2.0;49.2042263;18.75501455;387.689;42.1353;13.0;0.8;193.07
1753875260.32;2.0;49.20422631;18.75501449;387.6896;42.1353;13.0;0.8;193.109
1753875260.33;2.0;49.20422632;18.75501444;387.6901;42.1353;13.0;0.8;193.172
1753875260.34;2.0;49.20422633;18.75501439;387.6915;42.1353;13.0;0.8;193.177
1753875260.35;2.0;49.20422633;18.75501434;387.6933;42.1353;13.0;0.8;193.17
1753875260.36;2.0;49.20422634;18.75501431;387.6946;42.1353;13.0;0.8;193.228
1753875260.37;2.0;49.20422635;18.75501428;387.6951;42.1353;13.0;0.8;193.317
1753875260.38;2.0;49.20422635;18.75501425;387.6959;42.1353;13.0;0.8;193.428
1753875260.39;2.0;49.20422636;18.75501423;387.6965;42.1353;13.0;0.8;193.539
1753875260.4;2.0;49.20422636;18.7550142;387.6972;42.1353;13.0;0.8;193.633
1753875260.41;2.0;49.20422637;18.75501419;387.6976;42.1353;13.0;0.8;193.682
1753875260.42;2.0;49.20422637;18.75501417;387.6985;42.1353;13.0;0.8;193.723
1753875260.43;2.0;49.20422638;18.75501416;387.6995;42.1353;13.0;0.8;193.766
1753875260.44;2.0;49.20422638;18.75501415;387.7006;42.1353;13.0;0.8;193.844
1753875260.45;2.0;49.20422637;18.75501415;387.7009;42.1353;13.0;0.8;193.939
1753875260.46;2.0;49.20422637;18.75501415;387.7007;42.1353;13.0;0.8;194.021
1753875260.47;2.0;49.20422637;18.75501415;387.7007;42.1353;13.0;0.8;194.129
1753875260.48;2.0;49.20422637;18.75501415;387.7016;42.1353;13.0;0.8;194.221
1753875260.49;2.0;49.20422636;18.75501416;387.7028;42.1353;13.0;0.8;194.283
1753875260.5;2.0;49.20422636;18.75501416;387.7043;42.1353;13.0;0.8;194.344
1753875260.51;2.0;49.20422635;18.75501416;387.7055;42.1353;13.0;0.8;194.375
1753875260.52;2.0;49.20422635;18.75501417;387.7066;42.1353;13.0;0.8;194.432
1753875260.53;2.0;49.20422635;18.75501417;387.7076;42.1353;13.0;0.8;194.495
1753875260.54;2.0;49.20422635;18.75501418;387.7087;42.1353;13.0;0.8;194.457
1753875260.55;2.0;49.20422635;18.75501419;387.7098;42.1353;13.0;0.8;194.467
1753875260.56;2.0;49.20422634;18.75501419;387.7109;42.1353;13.0;0.8;194.475
1753875260.57;2.0;49.20422634;18.75501419;387.712;42.1353;13.0;0.8;194.424
1753875260.58;2.0;49.20422633;18.75501419;387.714;42.1353;13.0;0.8;194.397
1753875260.59;2.0;49.20422633;18.7550142;387.7158;42.1353;13.0;0.8;194.392
1753875260.6;2.0;49.20422632;18.7550142;387.717;42.1353;13.0;0.8;194.412
1753875260.61;2.0;49.20422632;18.75501421;387.718;42.1353;13.0;0.8;194.445
1753875260.62;2.0;49.20422632;18.7550142;387.7191;42.1353;13.0;0.8;194.44
1753875260.63;2.0;49.20422632;18.7550142;387.7195;42.1353;13.0;0.8;194.415
1753875260.64;2.0;49.20422631;18.7550142;387.7204;42.1353;13.0;0.8;194.438
1753875260.65;2.0;49.20422631;18.7550142;387.7217;42.1353;13.0;0.8;194.453
1753875260.66;2.0;49.20422631;18.75501419;387.7226;42.1353;13.0;0.8;194.444
1753875260.67;2.0;49.2042263;18.75501419;387.723;42.1353;13.0;0.8;194.456
1753875260.68;2.0;49.20422631;18.75501417;387.7242;42.1353;13.0;0.8;194.48
1753875260.69;2.0;49.20422631;18.75501416;387.725;42.1353;13.0;0.8;194.467
1753875260.7;2.0;49.20422632;18.75501415;387.7252;42.1353;13.0;0.8;194.466
1753875260.71;2.0;49.20422631;18.75501414;387.7254;42.1353;13.0;0.8;194.493
1753875260.72;2.0;49.20422631;18.75501413;387.7259;42.1353;13.0;0.8;194.503
1753875260.73;2.0;49.20422632;18.75501411;387.7262;42.1353;13.0;0.8;194.508
1753875260.74;2.0;49.20422633;18.75501409;387.7265;42.1353;13.0;0.8;194.564
1753875260.75;2.0;49.20422634;18.75501407;387.7269;42.1353;13.0;0.8;194.564
1753875260.76;2.0;49.20422634;18.75501404;387.7269;42.1353;13.0;0.8;194.518
1753875260.77;2.0;49.20422635;18.75501402;387.7271;42.1353;13.0;0.8;194.483
1753875260.78;2.0;49.20422636;18.75501399;387.7276;42.1353;13.0;0.8;194.452
1753875260.79;2.0;49.20422636;18.75501397;387.7279;42.1353;13.0;0.8;194.407
1753875260.8;2.0;49.20422636;18.75501394;387.7281;42.1353;13.0;0.8;194.359
1753875260.81;2.0;49.20422637;18.75501392;387.7283;42.1353;13.0;0.8;194.363
1753875260.82;2.0;49.20422638;18.7550139;387.7281;42.1353;13.0;0.8;194.384
1753875260.83;2.0;49.20422638;18.75501387;387.7283;42.1353;13.0;0.8;194.46
1753875260.84;2.0;49.20422639;18.75501384;387.7285;42.1353;13.0;0.8;194.507
1753875260.85;2.0;49.20422639;18.75501382;387.7286;42.1353;13.0;0.8;194.55
1753875260.86;2.0;49.2042264;18.75501379;387.7293;42.1353;13.0;0.8;194.539
1753875260.87;2.0;49.2042264;18.75501377;387.7299;42.1353;13.0;0.8;194.519
1753875260.88;2.0;49.2042264;18.75501375;387.7304;42.1353;13.0;0.8;194.512
1753875260.89;2.0;49.2042264;18.75501373;387.7309;42.1353;13.0;0.8;194.562
1753875260.9;2.0;49.20422641;18.7550137;387.732;42.1353;13.0;0.8;194.55
1753875260.91;2.0;49.20422642;18.75501368;387.7322;42.1353;13.0;0.8;194.489
1753875260.92;2.0;49.20422643;18.75501365;387.7326;42.1353;13.0;0.8;194.403
1753875260.93;2.0;49.20422643;18.75501363;387.7325;42.1353;13.0;0.8;194.356
1753875260.94;2.0;49.20422644;18.75501361;387.7332;42.1353;13.0;0.8;194.365
1753875260.95;2.0;49.20422645;18.75501359;387.7339;42.1353;13.0;0.8;194.413
1753875260.96;2.0;49.20422646;18.75501357;387.7348;42.1353;13.0;0.8;194.454
1753875260.97;2.0;49.20422646;18.75501355;387.7349;42.1353;13.0;0.8;194.479
1753875260.98;2.0;49.20422647;18.75501353;387.7351;42.1353;13.0;0.8;194.495
1753875260.99;2.0;49.20422647;18.75501352;387.7357;42.1353;13.0;0.8;194.502
1753875261.0;2.0;49.20422648;18.7550135;387.7361;42.1353;13.0;0.8;194.521
1753875261.01;2.0;49.20422648;18.75501348;387.7367;42.1353;13.0;0.8;194.542
1753875261.02;2.0;49.20422648;18.75501346;387.7368;42.1353;13.0;0.8;194.564
1753875261.03;2.0;49.20422649;18.75501344;387.7366;42.1353;13.0;0.8;194.522
1753875261.04;2.0;49.20422649;18.75501342;387.7366;42.1353;13.0;0.8;194.512
1753875261.05;2.0;49.2042265;18.7550134;387.737;42.1353;13.0;0.8;194.469
1753875261.06;2.0;49.2042265;18.75501338;387.7377;42.1353;13.0;0.8;194.464
1753875261.07;2.0;49.2042265;18.75501336;387.738;42.1353;13.0;0.8;194.474
1753875261.08;2.0;49.2042265;18.75501336;387.7382;42.1353;13.0;0.8;194.5
1753875261.09;2.0;49.20422649;18.75501337;387.7382;42.1353;13.0;0.8;194.555
1753875261.1;2.0;49.20422649;18.75501338;387.7385;42.1353;13.0;0.8;194.549
1753875261.11;2.0;49.2042265;18.75501338;387.7384;42.1353;13.0;0.8;194.576
1753875261.12;2.0;49.20422649;18.75501338;387.7391;42.1353;13.0;0.8;194.553
1753875261.13;2.0;49.20422649;18.75501338;387.7394;42.1353;13.0;0.8;194.572
1753875261.14;2.0;49.2042265;18.75501337;387.7391;42.1353;13.0;0.8;194.586
1753875261.15;2.0;49.2042265;18.75501337;387.7388;42.1353;13.0;0.8;194.615
1753875261.16;2.0;49.2042265;18.75501336;387.7399;42.1353;13.0;0.8;194.645
1753875261.17;2.0;49.2042265;18.75501336;387.7407;42.1353;13.0;0.8;194.605
1753875261.18;2.0;49.2042265;18.75501335;387.7407;42.1353;13.0;0.8;194.563
1753875261.19;2.0;49.20422651;18.75501334;387.7404;42.1353;13.0;0.8;194.568
1753875261.2;2.0;49.20422651;18.75501333;387.7408;42.1353;13.0;0.8;194.53
1753875261.21;2.0;49.20422651;18.75501332;387.7407;42.1353;13.0;0.8;194.486
1753875261.22;2.0;49.20422651;18.7550133;387.7409;42.1353;13.0;0.8;194.51
1753875261.23;2.0;49.20422651;18.75501329;387.7411;42.1353;13.0;0.8;194.538
1753875261.24;2.0;49.20422651;18.75501328;387.7407;42.1353;13.0;0.8;194.587
1753875261.25;2.0;49.20422651;18.75501326;387.7402;42.1353;13.0;0.8;194.596
1753875261.26;2.0;49.20422651;18.75501325;387.74;42.1353;13.0;0.8;194.586
1753875261.27;2.0;49.20422651;18.75501323;387.7403;42.1353;13.0;0.8;194.546
1753875261.28;2.0;49.20422651;18.75501321;387.7406;42.1353;13.0;0.8;194.54
1753875261.29;2.0;49.20422651;18.7550132;387.7414;42.1353;13.0;0.8;194.545
1753875261.3;2.0;49.20422651;18.75501317;387.7422;42.1353;13.0;0.8;194.559
1753875261.31;2.0;49.20422651;18.75501316;387.7423;42.1353;13.0;0.8;194.574
1753875261.32;2.0;49.20422651;18.75501313;387.7434;42.1353;13.0;0.8;194.582
1753875261.33;2.0;49.20422652;18.7550131;387.7445;42.1353;13.0;0.8;194.567
1753875261.34;2.0;49.20422652;18.75501307;387.7445;42.1353;13.0;0.8;194.559
1753875261.35;2.0;49.20422653;18.75501304;387.7444;42.1353;13.0;0.8;194.56
1753875261.36;2.0;49.20422653;18.755013;387.744;42.1353;13.0;0.8;194.598
1753875261.37;2.0;49.20422653;18.75501297;387.7438;42.1353;13.0;0.8;194.592
1753875261.38;2.0;49.20422654;18.75501293;387.7441;42.1353;13.0;0.8;194.575
1753875261.39;2.0;49.20422654;18.75501289;387.7442;42.1353;13.0;0.8;194.576
1753875261.4;2.0;49.20422654;18.75501285;387.7446;42.1353;13.0;0.8;194.533
1753875261.41;2.0;49.20422654;18.75501281;387.7446;42.1353;13.0;0.8;194.534
1753875261.42;2.0;49.20422654;18.75501277;387.745;42.1353;13.0;0.8;194.523
1753875261.43;2.0;49.20422655;18.75501273;387.7452;42.1353;13.0;0.8;194.517
1753875261.44;2.0;49.20422655;18.75501268;387.7455;42.1353;13.0;0.8;194.513
1753875261.45;2.0;49.20422656;18.75501264;387.7458;42.1353;13.0;0.8;194.493
1753875261.46;2.0;49.20422656;18.7550126;387.7463;42.1353;13.0;0.8;194.496
1753875261.47;2.0;49.20422656;18.75501256;387.7464;42.1353;13.0;0.8;194.447
1753875261.48;2.0;49.20422657;18.75501252;387.7467;42.1353;13.0;0.8;194.401
1753875261.49;2.0;49.20422658;18.75501248;387.7476;42.1353;13.0;0.8;194.317
1753875261.5;2.0;49.20422658;18.75501245;387.7485;42.1353;13.0;0.8;194.292
1753875261.51;2.0;49.20422658;18.75501241;387.7498;42.1353;13.0;0.8;194.309
1753875261.52;2.0;49.20422659;18.75501238;387.7505;42.1353;13.0;0.8;194.32
1753875261.53;2.0;49.20422659;18.75501235;387.7508;42.1353;13.0;0.8;194.339
1753875261.54;2.0;49.2042266;18.75501231;387.751;42.1353;13.0;0.8;194.371
1753875261.55;2.0;49.2042266;18.75501228;387.7508;42.1353;13.0;0.8;194.415
1753875261.56;2.0;49.2042266;18.75501225;387.7509;42.1353;13.0;0.8;194.428
1753875261.57;2.0;49.2042266;18.75501221;387.7518;42.1353;13.0;0.8;194.417
1753875261.58;2.0;49.2042266;18.75501218;387.7522;42.1353;13.0;0.8;194.404
1753875261.59;2.0;49.20422661;18.75501214;387.7522;42.1353;13.0;0.8;194.372
1753875261.6;2.0;49.20422662;18.75501211;387.7528;42.1353;13.0;0.8;194.35
1753875261.61;2.0;49.20422662;18.75501208;387.7534;42.1353;13.0;0.8;194.376
1753875261.62;2.0;49.20422662;18.75501205;387.7537;42.1353;13.0;0.8;194.456
1753875261.63;2.0;49.20422662;18.75501202;387.7543;42.1353;13.0;0.8;194.46
1753875261.64;2.0;49.20422662;18.75501198;387.7547;42.1353;13.0;0.8;194.492
1753875261.65;2.0;49.20422663;18.75501194;387.755;42.1353;13.0;0.8;194.48
1753875261.66;2.0;49.20422663;18.75501191;387.7554;42.1353;13.0;0.8;194.463
1753875261.67;2.0;49.20422663;18.75501188;387.7561;42.1353;13.0;0.8;194.431
1753875261.68;2.0;49.20422663;18.75501185;387.7566;42.1353;13.0;0.8;194.425
1753875261.69;2.0;49.20422664;18.75501181;387.7571;42.1353;13.0;0.8;194.406
1753875261.7;2.0;49.20422664;18.75501178;387.7573;42.1353;13.0;0.8;194.398
1753875261.71;2.0;49.20422664;18.75501174;387.7577;42.1353;13.0;0.8;194.4
1753875261.72;2.0;49.20422665;18.75501171;387.7572;42.1353;13.0;0.8;194.35
1753875261.73;2.0;49.20422665;18.75501167;387.7567;42.1353;13.0;0.8;194.32
1753875261.74;2.0;49.20422666;18.75501163;387.7572;42.1353;13.0;0.8;194.315
1753875261.75;2.0;49.20422666;18.75501159;387.7582;42.1353;13.0;0.8;194.334
1753875261.76;2.0;49.20422666;18.75501155;387.7591;42.1353;13.0;0.8;194.301
1753875261.77;2.0;49.20422667;18.75501151;387.7589;42.1353;13.0;0.8;194.252
1753875261.78;2.0;49.20422668;18.75501146;387.759;42.1353;13.0;0.8;194.222
1753875261.79;2.0;49.20422668;18.75501141;387.7593;42.1353;13.0;0.8;194.191
1753875261.8;2.0;49.20422669;18.75501136;387.7599;42.1353;13.0;0.8;194.132
1753875261.81;2.0;49.20422669;18.7550113;387.7602;42.1353;13.0;0.8;194.1
1753875261.82;2.0;49.20422671;18.75501124;387.7601;42.1353;13.0;0.8;194.111
1753875261.83;2.0;49.20422671;18.75501118;387.7604;42.1353;13.0;0.8;194.107
1753875261.84;2.0;49.20422672;18.75501111;387.7613;42.1353;13.0;0.8;194.132
1753875261.85;2.0;49.20422673;18.75501104;387.762;42.1353;13.0;0.8;194.121
1753875261.86;2.0;49.20422675;18.75501097;387.762;42.1353;13.0;0.8;194.105
1753875261.87;2.0;49.20422675;18.7550109;387.7624;42.1353;13.0;0.8;194.087
1753875261.88;2.0;49.20422676;18.75501083;387.7633;42.1353;13.0;0.8;194.127
1753875261.89;2.0;49.20422677;18.75501076;387.7645;42.1353;13.0;0.8;194.138
1753875261.9;2.0;49.20422678;18.75501068;387.7654;42.1353;13.0;0.8;194.134
1753875261.91;2.0;49.20422678;18.75501062;387.7658;42.1353;13.0;0.8;194.153
1753875261.92;2.0;49.20422679;18.75501055;387.7657;42.1353;13.0;0.8;194.166
1753875261.93;2.0;49.20422681;18.75501048;387.766;42.1353;13.0;0.8;194.142
1753875261.94;2.0;49.20422682;18.75501042;387.7666;42.1353;13.0;0.8;194.145
1753875261.95;2.0;49.20422683;18.75501035;387.768;42.1353;13.0;0.8;194.199
1753875261.96;2.0;49.20422684;18.75501029;387.7697;42.1353;13.0;0.8;194.247
1753875261.97;2.0;49.20422684;18.75501023;387.771;42.1353;13.0;0.8;194.246
1753875261.98;2.0;49.20422685;18.75501017;387.7713;42.1353;13.0;0.8;194.237
1753875261.99;2.0;49.20422685;18.75501011;387.7714;42.1353;13.0;0.8;194.204
1753875262.0;2.0;49.20422686;18.75501005;387.7714;42.1353;13.0;0.8;194.179
1753875262.01;2.0;49.20422686;18.75501;387.7723;42.1353;13.0;0.8;194.169
1753875262.02;2.0;49.20422687;18.75500995;387.7723;42.1353;13.0;0.8;194.163
1753875262.03;2.0;49.20422687;18.7550099;387.7717;42.1353;13.0;0.8;194.139
1753875262.04;2.0;49.20422688;18.75500985;387.771;42.1353;13.0;0.8;194.147
1753875262.05;2.0;49.20422689;18.7550098;387.7707;42.1353;13.0;0.8;194.265
1753875262.06;2.0;49.20422689;18.75500975;387.7708;42.1353;13.0;0.8;194.364
1753875262.07;2.0;49.2042269;18.7550097;387.7709;42.1353;13.0;0.8;194.367
1753875262.08;2.0;49.2042269;18.75500968;387.7708;42.1353;13.0;0.8;194.375
1753875262.09;2.0;49.20422691;18.75500966;387.7705;42.1353;13.0;0.8;194.423
1753875262.1;2.0;49.20422692;18.75500964;387.7706;42.1353;13.0;0.8;194.462
1753875262.11;2.0;49.20422693;18.75500962;387.7707;42.1353;13.0;0.8;194.437
1753875262.12;2.0;49.20422693;18.7550096;387.7706;42.1353;13.0;0.8;194.428
1753875262.13;2.0;49.20422694;18.75500958;387.7709;42.1353;13.0;0.8;194.471
1753875262.14;2.0;49.20422694;18.75500956;387.7707;42.1353;13.0;0.8;194.484
1753875262.15;2.0;49.20422694;18.75500954;387.7704;42.1353;13.0;0.8;194.512
1753875262.16;2.0;49.20422695;18.75500952;387.7707;42.1353;13.0;0.8;194.544
1753875262.17;2.0;49.20422696;18.75500949;387.7709;42.1353;13.0;0.8;194.54
1753875262.18;2.0;49.20422696;18.75500947;387.7706;42.1353;13.0;0.8;194.557
1753875262.19;2.0;49.20422697;18.75500944;387.7709;42.1353;13.0;0.8;194.572
1753875262.2;2.0;49.20422698;18.7550094;387.7706;42.1353;13.0;0.8;194.544
1753875262.21;2.0;49.20422699;18.75500937;387.7705;42.1353;13.0;0.8;194.518
1753875262.22;2.0;49.204227;18.75500934;387.7711;42.1353;13.0;0.8;194.479
1753875262.23;2.0;49.204227;18.75500931;387.7712;42.1353;13.0;0.8;194.459
1753875262.24;2.0;49.204227;18.75500927;387.7707;42.1353;13.0;0.8;194.43
1753875262.25;2.0;49.20422702;18.75500923;387.7705;42.1353;13.0;0.8;194.425
1753875262.26;2.0;49.20422702;18.7550092;387.7708;42.1353;13.0;0.8;194.387
1753875262.27;2.0;49.20422703;18.75500916;387.7714;42.1353;13.0;0.8;194.336
1753875262.28;2.0;49.20422705;18.75500912;387.7716;42.1353;13.0;0.8;194.286
1753875262.29;2.0;49.20422705;18.75500907;387.7719;42.1353;13.0;0.8;194.228
1753875262.3;2.0;49.20422707;18.75500902;387.7732;42.1353;13.0;0.8;194.186
1753875262.31;2.0;49.20422708;18.75500897;387.774;42.1353;13.0;0.8;194.135
1753875262.32;2.0;49.20422709;18.75500893;387.7744;42.1353;13.0;0.8;194.09
1753875262.33;2.0;49.2042271;18.75500888;387.7746;42.1353;13.0;0.8;194.066
1753875262.34;2.0;49.2042271;18.75500884;387.7756;42.1353;13.0;0.8;194.062
1753875262.35;2.0;49.20422711;18.75500879;387.7767;42.1353;13.0;0.8;194.084
1753875262.36;2.0;49.20422712;18.75500874;387.7782;42.1353;13.0;0.8;194.109
1753875262.37;2.0;49.20422713;18.75500869;387.7798;42.1353;13.0;0.8;194.092
1753875262.38;2.0;49.20422714;18.75500863;387.7812;42.1353;13.0;0.8;194.073
1753875262.39;2.0;49.20422714;18.75500858;387.7824;42.1353;13.0;0.8;194.062
1753875262.4;2.0;49.20422715;18.75500853;387.7842;42.1353;13.0;0.8;194.069
1753875262.41;2.0;49.20422716;18.75500848;387.7852;42.1353;13.0;0.8;194.035
1753875262.42;2.0;49.20422717;18.75500842;387.7863;42.1353;13.0;0.8;194.053
1753875262.43;2.0;49.20422718;18.75500837;387.7876;42.1353;13.0;0.8;194.078
1753875262.44;2.0;49.20422718;18.75500832;387.7891;42.1353;13.0;0.8;194.06
1753875262.45;2.0;49.20422719;18.75500826;387.7908;42.1353;13.0;0.8;194.048
1753875262.46;2.0;49.20422719;18.75500821;387.7923;42.1353;13.0;0.8;194.033
1753875262.47;2.0;49.2042272;18.75500816;387.7935;42.1353;13.0;0.8;194.033
1753875262.48;2.0;49.20422721;18.75500811;387.795;42.1353;13.0;0.8;194.055
1753875262.49;2.0;49.20422722;18.75500805;387.7966;42.1353;13.0;0.8;194.059
1753875262.5;2.0;49.20422722;18.755008;387.7977;42.1353;13.0;0.8;194.078
1753875262.51;2.0;49.20422723;18.75500795;387.7985;42.1353;13.0;0.8;194.088
1753875262.52;2.0;49.20422724;18.7550079;387.7997;42.1353;13.0;0.8;194.102
1753875262.53;2.0;49.20422725;18.75500784;387.8008;42.1353;13.0;0.8;194.105
1753875262.54;2.0;49.20422726;18.75500779;387.8011;42.1353;13.0;0.8;194.057
1753875262.55;2.0;49.20422727;18.75500774;387.8016;42.1353;13.0;0.8;194.027
1753875262.56;2.0;49.20422728;18.75500769;387.8024;42.1353;13.0;0.8;194.069
1753875262.57;2.0;49.20422729;18.75500763;387.8034;42.1353;13.0;0.8;194.12
1753875262.58;2.0;49.2042273;18.75500758;387.8041;42.1353;13.0;0.8;194.141
1753875262.59;2.0;49.20422731;18.75500753;387.8038;42.1353;13.0;0.8;194.178
1753875262.6;2.0;49.20422732;18.75500748;387.8041;42.1353;13.0;0.8;194.198
1753875262.61;2.0;49.20422733;18.75500743;387.8046;42.1353;13.0;0.8;194.237
1753875262.62;2.0;49.20422735;18.75500738;387.8054;42.1353;13.0;0.8;194.277
1753875262.63;2.0;49.20422736;18.75500734;387.8062;42.1353;13.0;0.8;194.313
1753875262.64;2.0;49.20422737;18.75500729;387.8068;42.1353;13.0;0.8;194.337
1753875262.65;2.0;49.20422739;18.75500725;387.8076;42.1353;13.0;0.8;194.34
1753875262.66;2.0;49.2042274;18.7550072;387.8083;42.1353;13.0;0.8;194.373
1753875262.67;2.0;49.20422741;18.75500716;387.8095;42.1353;13.0;0.8;194.432
1753875262.68;2.0;49.20422742;18.75500712;387.8101;42.1353;13.0;0.8;194.435
1753875262.69;2.0;49.20422743;18.75500707;387.81;42.1353;13.0;0.8;194.441
1753875262.7;2.0;49.20422745;18.75500703;387.8104;42.1353;13.0;0.8;194.455
1753875262.71;2.0;49.20422747;18.75500698;387.8116;42.1353;13.0;0.8;194.479
1753875262.72;2.0;49.20422748;18.75500694;387.8127;42.1353;13.0;0.8;194.445
1753875262.73;2.0;49.2042275;18.75500689;387.8136;42.1353;13.0;0.8;194.426
1753875262.74;2.0;49.20422752;18.75500685;387.8142;42.1353;13.0;0.8;194.407
1753875262.75;2.0;49.20422754;18.75500681;387.8146;42.1353;13.0;0.8;194.409
1753875262.76;2.0;49.20422755;18.75500676;387.815;42.1353;13.0;0.8;194.368
1753875262.77;2.0;49.20422756;18.75500672;387.815;42.1353;13.0;0.8;194.334
1753875262.78;2.0;49.20422758;18.75500668;387.8151;42.1353;13.0;0.8;194.306
1753875262.79;2.0;49.20422759;18.75500665;387.816;42.1353;13.0;0.8;194.283
1753875262.8;2.0;49.20422761;18.75500661;387.817;42.1353;13.0;0.8;194.26
1753875262.81;2.0;49.20422763;18.75500658;387.8172;42.1353;13.0;0.8;194.24
1753875262.82;2.0;49.20422764;18.75500654;387.8177;42.1353;13.0;0.8;194.216
1753875262.83;2.0;49.20422765;18.7550065;387.8181;42.1353;13.0;0.8;194.22
1753875262.84;2.0;49.20422767;18.75500646;387.8186;42.1353;13.0;0.8;194.193
1753875262.85;2.0;49.20422768;18.75500642;387.8193;42.1353;13.0;0.8;194.118
1753875262.86;2.0;49.2042277;18.75500638;387.8199;42.1353;13.0;0.8;194.077
1753875262.87;2.0;49.20422772;18.75500635;387.8208;42.1353;13.0;0.8;194.064
1753875262.88;2.0;49.20422773;18.75500632;387.8222;42.1353;13.0;0.8;194.046
1753875262.89;2.0;49.20422775;18.75500628;387.8232;42.1353;13.0;0.8;194.029
1753875262.9;2.0;49.20422777;18.75500624;387.824;42.1353;13.0;0.8;193.992
1753875262.91;2.0;49.20422779;18.75500621;387.8249;42.1353;13.0;0.8;193.993
1753875262.92;2.0;49.2042278;18.75500618;387.8257;42.1353;13.0;0.8;193.987
1753875262.93;2.0;49.20422781;18.75500614;387.8263;42.1353;13.0;0.8;193.983
1753875262.94;2.0;49.20422783;18.75500611;387.8265;42.1353;13.0;0.8;194.002
1753875262.95;2.0;49.20422784;18.75500608;387.8272;42.1353;13.0;0.8;194.011
1753875262.96;2.0;49.20422785;18.75500605;387.8282;42.1353;13.0;0.8;193.996
1753875262.97;2.0;49.20422786;18.75500602;387.8294;42.1353;13.0;0.8;193.966
1753875262.98;2.0;49.20422787;18.75500599;387.8305;42.1353;13.0;0.8;193.898
1753875262.99;2.0;49.20422789;18.75500596;387.8315;42.1353;13.0;0.8;193.85
1753875263.0;2.0;49.2042279;18.75500593;387.8328;42.1353;13.0;0.8;193.863
1753875263.01;2.0;49.20422791;18.7550059;387.8343;42.1353;13.0;0.8;193.884
1753875263.02;2.0;49.20422792;18.75500587;387.8357;42.1353;13.0;0.8;193.918
1753875263.03;2.0;49.20422794;18.75500584;387.8375;42.1353;13.0;0.8;193.952
1753875263.04;2.0;49.20422795;18.75500581;387.8386;42.1353;13.0;0.8;193.975
1753875263.05;2.0;49.20422797;18.75500577;387.8394;42.1353;13.0;0.8;193.974
1753875263.06;2.0;49.20422798;18.75500574;387.8414;42.1353;13.0;0.8;193.979
1753875263.07;2.0;49.20422799;18.7550057;387.8424;42.1353;13.0;0.8;193.98
1753875263.08;2.0;49.20422799;18.75500568;387.8425;42.1353;13.0;0.8;193.986
1753875263.09;2.0;49.204228;18.75500566;387.8425;42.1353;13.0;0.8;194.028
1753875263.1;2.0;49.204228;18.75500563;387.8421;42.1353;13.0;0.8;194.068
1753875263.11;2.0;49.20422801;18.75500561;387.8424;42.1353;13.0;0.8;194.138
1753875263.12;2.0;49.20422801;18.75500558;387.8428;42.1353;13.0;0.8;194.184
1753875263.13;2.0;49.20422801;18.75500557;387.8432;42.1353;13.0;0.8;194.169
1753875263.14;2.0;49.20422802;18.75500554;387.8437;42.1353;13.0;0.8;194.206
1753875263.15;2.0;49.20422803;18.75500552;387.8443;42.1353;13.0;0.8;194.244
1753875263.16;2.0;49.20422804;18.7550055;387.8443;42.1353;13.0;0.8;194.258
1753875263.17;2.0;49.20422806;18.75500548;387.8442;42.1353;13.0;0.8;194.238
1753875263.18;2.0;49.20422807;18.75500545;387.8437;42.1353;13.0;0.8;194.249
1753875263.19;2.0;49.20422808;18.75500543;387.8436;42.1353;13.0;0.8;194.267
1753875263.2;2.0;49.20422809;18.75500541;387.8435;42.1353;13.0;0.8;194.29
1753875263.21;2.0;49.20422811;18.75500539;387.8434;42.1353;13.0;0.8;194.326
1753875263.22;2.0;49.20422812;18.75500537;387.8435;42.1353;13.0;0.8;194.369
1753875263.23;2.0;49.20422813;18.75500535;387.8441;42.1353;13.0;0.8;194.421
1753875263.24;2.0;49.20422815;18.75500532;387.8443;42.1353;13.0;0.8;194.427
1753875263.25;2.0;49.20422817;18.7550053;387.8447;42.1353;13.0;0.8;194.404
1753875263.26;2.0;49.20422818;18.75500528;387.8447;42.1353;13.0;0.8;194.377
1753875263.27;2.0;49.20422819;18.75500527;387.845;42.1353;13.0;0.8;194.363
1753875263.28;2.0;49.2042282;18.75500525;387.846;42.1353;13.0;0.8;194.382
1753875263.29;2.0;49.20422822;18.75500524;387.8471;42.1353;13.0;0.8;194.379
1753875263.3;2.0;49.20422824;18.75500521;387.8475;42.1353;13.0;0.8;194.359
1753875263.31;2.0;49.20422826;18.75500519;387.8482;42.1353;13.0;0.8;194.378
1753875263.32;2.0;49.20422828;18.75500518;387.8492;42.1353;13.0;0.8;194.405
1753875263.33;2.0;49.20422831;18.75500516;387.8498;42.1353;13.0;0.8;194.391
1753875263.34;2.0;49.20422833;18.75500515;387.8506;42.1353;13.0;0.8;194.367
1753875263.35;2.0;49.20422835;18.75500513;387.8518;42.1353;13.0;0.8;194.36
1753875263.36;2.0;49.20422837;18.75500511;387.8527;42.1353;13.0;0.8;194.301
1753875263.37;2.0;49.20422839;18.7550051;387.8537;42.1353;13.0;0.8;194.226
1753875263.38;2.0;49.20422841;18.75500509;387.8541;42.1353;13.0;0.8;194.164
1753875263.39;2.0;49.20422842;18.75500507;387.855;42.1353;13.0;0.8;194.137
1753875263.4;2.0;49.20422844;18.75500505;387.8563;42.1353;13.0;0.8;194.073
1753875263.41;2.0;49.20422846;18.75500503;387.8577;42.1353;13.0;0.8;194.002
1753875263.42;2.0;49.20422848;18.75500502;387.8592;42.1353;13.0;0.8;193.963
1753875263.43;2.0;49.2042285;18.75500501;387.8608;42.1353;13.0;0.8;194.008
1753875263.44;2.0;49.20422851;18.755005;387.8626;42.1353;13.0;0.8;194.034
1753875263.45;2.0;49.20422853;18.75500499;387.8638;42.1353;13.0;0.8;194.045
1753875263.46;2.0;49.20422855;18.75500497;387.8651;42.1353;13.0;0.8;194.032
1753875263.47;2.0;49.20422857;18.75500496;387.8664;42.1353;13.0;0.8;194.004
1753875263.48;2.0;49.20422859;18.75500495;387.8665;42.1353;13.0;0.8;193.957
1753875263.49;2.0;49.20422861;18.75500494;387.8669;42.1353;13.0;0.8;193.955
1753875263.5;2.0;49.20422862;18.75500494;387.8681;42.1353;13.0;0.8;193.987
1753875263.51;2.0;49.20422864;18.75500493;387.8691;42.1353;13.0;0.8;194.019
1753875263.52;2.0;49.20422865;18.75500493;387.87;42.1353;13.0;0.8;193.999
1753875263.53;2.0;49.20422867;18.75500492;387.8709;42.1353;13.0;0.8;193.981
1753875263.54;2.0;49.20422869;18.75500492;387.8719;42.1353;13.0;0.8;193.984
1753875263.55;2.0;49.20422871;18.75500491;387.873;42.1353;13.0;0.8;193.98
1753875263.56;2.0;49.20422873;18.75500491;387.8735;42.1353;13.0;0.8;193.951
1753875263.57;2.0;49.20422875;18.7550049;387.8737;42.1353;13.0;0.8;193.943
1753875263.58;2.0;49.20422876;18.7550049;387.8744;42.1353;13.0;0.8;193.98
1753875263.59;2.0;49.20422877;18.7550049;387.8755;42.1353;13.0;0.8;194.009
1753875263.6;2.0;49.20422879;18.7550049;387.877;42.1353;13.0;0.8;194.013
1753875263.61;2.0;49.20422881;18.7550049;387.8782;42.1353;13.0;0.8;194.027
1753875263.62;2.0;49.20422882;18.7550049;387.879;42.1353;13.0;0.8;194.033
1753875263.63;2.0;49.20422884;18.7550049;387.8801;42.1353;13.0;0.8;194.062
1753875263.64;2.0;49.20422885;18.75500491;387.8812;42.1353;13.0;0.8;194.092
1753875263.65;2.0;49.20422886;18.75500492;387.8826;42.1353;13.0;0.8;194.087
1753875263.66;2.0;49.20422888;18.75500492;387.8836;42.1353;13.0;0.8;194.114
1753875263.67;2.0;49.20422889;18.75500493;387.8845;42.1353;13.0;0.8;194.122
1753875263.68;2.0;49.2042289;18.75500493;387.8857;42.1353;13.0;0.8;194.146
1753875263.69;2.0;49.20422892;18.75500494;387.8871;42.1353;13.0;0.8;194.17
1753875263.7;2.0;49.20422893;18.75500495;387.8885;42.1353;13.0;0.8;194.162
1753875263.71;2.0;49.20422894;18.75500495;387.8894;42.1353;13.0;0.8;194.132
1753875263.72;2.0;49.20422896;18.75500496;387.8902;42.1353;13.0;0.8;194.108
1753875263.73;2.0;49.20422897;18.75500497;387.8909;42.1353;13.0;0.8;194.136
1753875263.74;2.0;49.20422898;18.75500497;387.8912;42.1353;13.0;0.8;194.148
1753875263.75;2.0;49.204229;18.75500498;387.8915;42.1353;13.0;0.8;194.122
1753875263.76;2.0;49.20422902;18.75500498;387.8929;42.1353;13.0;0.8;194.124
1753875263.77;2.0;49.20422903;18.75500498;387.8937;42.1353;13.0;0.8;194.156
1753875263.78;2.0;49.20422904;18.75500499;387.8946;42.1353;13.0;0.8;194.183
1753875263.79;2.0;49.20422905;18.75500499;387.8959;42.1353;13.0;0.8;194.189
1753875263.8;2.0;49.20422906;18.755005;387.8965;42.1353;13.0;0.8;194.216
1753875263.81;2.0;49.20422908;18.75500501;387.8973;42.1353;13.0;0.8;194.23
1753875263.82;2.0;49.20422909;18.75500501;387.8979;42.1353;13.0;0.8;194.249
1753875263.83;2.0;49.2042291;18.75500502;387.8984;42.1353;13.0;0.8;194.246
1753875263.84;2.0;49.20422911;18.75500503;387.8993;42.1353;13.0;0.8;194.221
1753875263.85;2.0;49.20422912;18.75500503;387.9;42.1353;13.0;0.8;194.198
1753875263.86;2.0;49.20422913;18.75500504;387.9008;42.1353;13.0;0.8;194.205
1753875263.87;2.0;49.20422914;18.75500504;387.902;42.1353;13.0;0.8;194.212
1753875263.88;2.0;49.20422915;18.75500505;387.9025;42.1353;13.0;0.8;194.174
1753875263.89;2.0;49.20422917;18.75500506;387.9023;42.1353;13.0;0.8;194.184
1753875263.9;2.0;49.20422918;18.75500506;387.9023;42.1353;13.0;0.8;194.197
1753875263.91;2.0;49.2042292;18.75500506;387.9027;42.1353;13.0;0.8;194.192
1753875263.92;2.0;49.20422921;18.75500506;387.903;42.1353;13.0;0.8;194.224
1753875263.93;2.0;49.20422923;18.75500506;387.9032;42.1353;13.0;0.8;194.233
1753875263.94;2.0;49.20422924;18.75500506;387.904;42.1353;13.0;0.8;194.283
1753875263.95;2.0;49.20422926;18.75500506;387.9056;42.1353;13.0;0.8;194.328
1753875263.96;2.0;49.20422927;18.75500507;387.9067;42.1353;13.0;0.8;194.369
1753875263.97;2.0;49.20422928;18.75500507;387.9074;42.1353;13.0;0.8;194.37
1753875263.98;2.0;49.2042293;18.75500507;387.9088;42.1353;13.0;0.8;194.37
1753875263.99;2.0;49.20422931;18.75500507;387.9103;42.1353;13.0;0.8;194.36
1753875264.0;2.0;49.20422933;18.75500508;387.9112;42.1353;13.0;0.8;194.347
1753875264.01;2.0;49.20422935;18.75500508;387.9113;42.1353;13.0;0.8;194.307
1753875264.02;2.0;49.20422936;18.75500508;387.9118;42.1353;13.0;0.8;194.295
1753875264.03;2.0;49.20422937;18.75500509;387.9125;42.1353;13.0;0.8;194.335
1753875264.04;2.0;49.20422939;18.75500508;387.9128;42.1353;13.0;0.8;194.372
1753875264.05;2.0;49.2042294;18.75500508;387.913;42.1353;13.0;0.8;194.348
1753875264.06;2.0;49.20422942;18.75500508;387.9137;42.1353;13.0;0.8;194.356
1753875264.07;2.0;49.20422943;18.75500508;387.9147;42.1353;13.0;0.8;194.349
1753875264.08;2.0;49.20422943;18.75500506;387.9155;42.1353;13.0;0.8;194.332
1753875264.09;2.0;49.20422944;18.75500505;387.9155;42.1353;13.0;0.8;194.34
1753875264.1;2.0;49.20422944;18.75500503;387.9153;42.1353;13.0;0.8;194.312
1753875264.11;2.0;49.20422945;18.75500501;387.9153;42.1353;13.0;0.8;194.31
1753875264.12;2.0;49.20422945;18.75500499;387.9159;42.1353;13.0;0.8;194.333
1753875264.13;2.0;49.20422946;18.75500498;387.9161;42.1353;13.0;0.8;194.354
1753875264.14;2.0;49.20422947;18.75500497;387.9155;42.1353;13.0;0.8;194.347
1753875264.15;2.0;49.20422947;18.75500495;387.9155;42.1353;13.0;0.8;194.363
1753875264.16;2.0;49.20422948;18.75500494;387.9155;42.1353;13.0;0.8;194.36
1753875264.17;2.0;49.2042295;18.75500492;387.9158;42.1353;13.0;0.8;194.325
1753875264.18;2.0;49.20422951;18.7550049;387.9164;42.1353;13.0;0.8;194.307
1753875264.19;2.0;49.20422952;18.75500489;387.9166;42.1353;13.0;0.8;194.296
1753875264.2;2.0;49.20422953;18.75500487;387.9168;42.1353;13.0;0.8;194.276
1753875264.21;2.0;49.20422954;18.75500486;387.917;42.1353;13.0;0.8;194.249
1753875264.22;2.0;49.20422955;18.75500484;387.9179;42.1353;13.0;0.8;194.223
1753875264.23;2.0;49.20422956;18.75500483;387.9187;42.1353;13.0;0.8;194.179
1753875264.24;2.0;49.20422957;18.75500482;387.9186;42.1353;13.0;0.8;194.2
1753875264.25;2.0;49.20422959;18.75500481;387.9182;42.1353;13.0;0.8;194.251
1753875264.26;2.0;49.2042296;18.7550048;387.919;42.1353;13.0;0.8;194.263
1753875264.27;2.0;49.2042296;18.75500479;387.9201;42.1353;13.0;0.8;194.232
1753875264.28;2.0;49.20422962;18.75500478;387.9202;42.1353;13.0;0.8;194.227
1753875264.29;2.0;49.20422963;18.75500478;387.9202;42.1353;13.0;0.8;194.188
1753875264.3;2.0;49.20422964;18.75500478;387.9204;42.1353;13.0;0.8;194.187
1753875264.31;2.0;49.20422966;18.75500477;387.921;42.1353;13.0;0.8;194.228
1753875264.32;2.0;49.20422968;18.75500477;387.9217;42.1353;13.0;0.8;194.235
1753875264.33;2.0;49.20422969;18.75500476;387.9217;42.1353;13.0;0.8;194.261
1753875264.34;2.0;49.20422971;18.75500476;387.9218;42.1353;13.0;0.8;194.305
1753875264.35;2.0;49.20422973;18.75500475;387.9223;42.1353;13.0;0.8;194.323
1753875264.36;2.0;49.20422975;18.75500474;387.9231;42.1353;13.0;0.8;194.31
1753875264.37;2.0;49.20422977;18.75500472;387.9243;42.1353;13.0;0.8;194.295
1753875264.38;2.0;49.20422979;18.75500471;387.9252;42.1353;13.0;0.8;194.348
1753875264.39;2.0;49.20422981;18.7550047;387.9261;42.1353;13.0;0.8;194.355
1753875264.4;2.0;49.20422982;18.75500468;387.9272;42.1353;13.0;0.8;194.33
1753875264.41;2.0;49.20422984;18.75500467;387.9283;42.1353;13.0;0.8;194.319
1753875264.42;2.0;49.20422986;18.75500465;387.9294;42.1353;13.0;0.8;194.331
1753875264.43;2.0;49.20422987;18.75500463;387.9299;42.1353;13.0;0.8;194.298
1753875264.44;2.0;49.20422989;18.75500461;387.9303;42.1353;13.0;0.8;194.248
1753875264.45;2.0;49.20422991;18.75500459;387.9307;42.1353;13.0;0.8;194.219
1753875264.46;2.0;49.20422993;18.75500457;387.9315;42.1353;13.0;0.8;194.196
1753875264.47;2.0;49.20422995;18.75500455;387.9328;42.1353;13.0;0.8;194.181
1753875264.48;2.0;49.20422996;18.75500453;387.9331;42.1353;13.0;0.8;194.197
1753875264.49;2.0;49.20422998;18.75500451;387.9335;42.1353;13.0;0.8;194.158
1753875264.5;2.0;49.20422999;18.75500449;387.9339;42.1353;13.0;0.8;194.12
1753875264.51;2.0;49.20423001;18.75500447;387.9341;42.1353;13.0;0.8;194.107
1753875264.52;2.0;49.20423003;18.75500446;387.9343;42.1353;13.0;0.8;194.134
1753875264.53;2.0;49.20423005;18.75500444;387.9351;42.1353;13.0;0.8;194.146
1753875264.54;2.0;49.20423006;18.75500442;387.9368;42.1353;13.0;0.8;194.174
1753875264.55;2.0;49.20423008;18.75500441;387.9386;42.1353;13.0;0.8;194.179
1753875264.56;2.0;49.2042301;18.7550044;387.9397;42.1353;13.0;0.8;194.196
1753875264.57;2.0;49.20423012;18.75500438;387.9412;42.1353;13.0;0.8;194.217
1753875264.58;2.0;49.20423014;18.75500437;387.9419;42.1353;13.0;0.8;194.174
1753875264.59;2.0;49.20423015;18.75500437;387.9429;42.1353;13.0;0.8;194.12
1753875264.6;2.0;49.20423016;18.75500436;387.944;42.1353;13.0;0.8;194.111
1753875264.61;2.0;49.20423017;18.75500435;387.9452;42.1353;13.0;0.8;194.088
1753875264.62;2.0;49.20423019;18.75500434;387.9463;42.1353;13.0;0.8;194.064
1753875264.63;2.0;49.2042302;18.75500433;387.9474;42.1353;13.0;0.8;194.016
1753875264.64;2.0;49.20423022;18.75500432;387.9479;42.1353;13.0;0.8;193.983
1753875264.65;2.0;49.20423023;18.75500431;387.9479;42.1353;13.0;0.8;193.979
1753875264.66;2.0;49.20423024;18.7550043;387.9481;42.1353;13.0;0.8;193.959
1753875264.67;2.0;49.20423025;18.75500428;387.9486;42.1353;13.0;0.8;193.92
1753875264.68;2.0;49.20423026;18.75500427;387.9494;42.1353;13.0;0.8;193.801
1753875264.69;2.0;49.20423027;18.75500425;387.9501;42.1353;13.0;0.8;193.68
1753875264.7;2.0;49.20423028;18.75500423;387.9509;42.1353;13.0;0.8;193.552
1753875264.71;2.0;49.20423029;18.75500421;387.9519;42.1353;13.0;0.8;193.411
1753875264.72;2.0;49.2042303;18.75500419;387.9525;42.1353;13.0;0.8;193.257
1753875264.73;2.0;49.2042303;18.75500417;387.9528;42.1353;13.0;0.8;193.091
1753875264.74;2.0;49.20423031;18.75500416;387.9533;42.1353;13.0;0.8;192.932
1753875264.75;2.0;49.20423031;18.75500414;387.9544;42.1353;13.0;0.8;192.762
1753875264.76;2.0;49.20423031;18.75500413;387.9548;42.1353;13.0;0.8;192.607
1753875264.77;2.0;49.20423032;18.75500411;387.9552;42.1353;13.0;0.8;192.492
1753875264.78;2.0;49.20423033;18.75500409;387.9557;42.1353;13.0;0.8;192.362
1753875264.79;2.0;49.20423033;18.75500407;387.9568;42.1353;13.0;0.8;192.232
1753875264.8;2.0;49.20423034;18.75500405;387.9577;42.1353;13.0;0.8;192.095
1753875264.81;2.0;49.20423034;18.75500404;387.9582;42.1353;13.0;0.8;191.953
1753875264.82;2.0;49.20423035;18.75500402;387.959;42.1353;13.0;0.8;191.785
1753875264.83;2.0;49.20423037;18.755004;387.9601;42.1353;13.0;0.8;191.608
1753875264.84;2.0;49.20423038;18.75500399;387.9613;42.1353;13.0;0.8;191.464
1753875264.85;2.0;49.20423039;18.75500397;387.9621;42.1353;13.0;0.8;191.341
1753875264.86;2.0;49.2042304;18.75500396;387.9623;42.1353;13.0;0.8;191.241
1753875264.87;2.0;49.2042304;18.75500394;387.9627;42.1353;13.0;0.8;191.141
1753875264.88;2.0;49.20423041;18.75500393;387.9626;42.1353;13.0;0.8;191.0
1753875264.89;2.0;49.20423042;18.75500392;387.963;42.1353;13.0;0.8;190.86
1753875264.9;2.0;49.20423043;18.75500391;387.9633;42.1353;13.0;0.8;190.76
1753875264.91;2.0;49.20423044;18.7550039;387.9641;42.1353;13.0;0.8;190.684
1753875264.92;2.0;49.20423044;18.75500388;387.9649;42.1353;13.0;0.8;190.605
1753875264.93;2.0;49.20423045;18.75500387;387.9652;42.1353;13.0;0.8;190.523
1753875264.94;2.0;49.20423045;18.75500385;387.9658;42.1353;13.0;0.8;190.4
1753875264.95;2.0;49.20423046;18.75500383;387.9661;42.1353;13.0;0.8;190.262
1753875264.96;2.0;49.20423046;18.75500381;387.9666;42.1353;13.0;0.8;190.149
1753875264.97;2.0;49.20423047;18.75500379;387.9671;42.1353;13.0;0.8;190.019
1753875264.98;2.0;49.20423048;18.75500377;387.9678;42.1353;13.0;0.8;189.899
1753875264.99;2.0;49.20423048;18.75500376;387.9687;42.1353;13.0;0.8;189.777
1753875265.0;2.0;49.20423049;18.75500374;387.9692;42.1353;13.0;0.8;189.639
1753875265.01;2.0;49.20423049;18.75500372;387.9702;42.1353;13.0;0.8;189.491
1753875265.02;2.0;49.20423049;18.75500371;387.9708;42.1353;13.0;0.8;189.355
1753875265.03;2.0;49.2042305;18.75500369;387.9711;42.1353;13.0;0.8;189.236
1753875265.04;2.0;49.2042305;18.75500368;387.9713;42.1353;13.0;0.8;189.091
1753875265.05;2.0;49.20423051;18.75500367;387.9722;42.1353;13.0;0.8;188.969
1753875265.06;2.0;49.20423051;18.75500365;387.9738;42.1353;13.0;0.8;188.852
1753875265.07;2.0;49.20423051;18.75500364;387.9743;42.1353;13.0;0.8;188.754
1753875265.08;2.0;49.20423051;18.7550036;387.9743;42.1353;13.0;0.8;188.674
1753875265.09;2.0;49.20423051;18.75500358;387.9743;42.1353;13.0;0.8;188.568
1753875265.1;2.0;49.2042305;18.75500355;387.9742;42.1353;13.0;0.8;188.486
1753875265.11;2.0;49.2042305;18.75500352;387.9733;42.1353;13.0;0.8;188.401
1753875265.12;2.0;49.2042305;18.75500349;387.9729;42.1353;13.0;0.8;188.357
1753875265.13;2.0;49.2042305;18.75500346;387.973;42.1353;13.0;0.8;188.283
1753875265.14;2.0;49.20423051;18.75500343;387.973;42.1353;13.0;0.8;188.163
1753875265.15;2.0;49.20423051;18.75500341;387.973;42.1353;13.0;0.8;188.046
1753875265.16;2.0;49.20423051;18.75500338;387.9728;42.1353;13.0;0.8;187.966
1753875265.17;2.0;49.20423051;18.75500335;387.9737;42.1353;13.0;0.8;187.916
1753875265.18;2.0;49.20423052;18.75500333;387.974;42.1353;13.0;0.8;187.851
1753875265.19;2.0;49.20423052;18.75500331;387.974;42.1353;13.0;0.8;187.812
1753875265.2;2.0;49.20423052;18.75500329;387.9742;42.1353;13.0;0.8;187.751
1753875265.21;2.0;49.20423052;18.75500327;387.975;42.1353;13.0;0.8;187.708
1753875265.22;2.0;49.20423053;18.75500325;387.976;42.1353;13.0;0.8;187.62
1753875265.23;2.0;49.20423053;18.75500322;387.9763;42.1353;13.0;0.8;187.512
1753875265.24;2.0;49.20423054;18.75500319;387.976;42.1353;13.0;0.8;187.401
1753875265.25;2.0;49.20423055;18.75500316;387.9761;42.1353;13.0;0.8;187.276
1753875265.26;2.0;49.20423056;18.75500313;387.977;42.1353;13.0;0.8;187.131
1753875265.27;2.0;49.20423057;18.7550031;387.9783;42.1353;13.0;0.8;187.003
1753875265.28;2.0;49.20423057;18.75500307;387.9794;42.1353;13.0;0.8;186.847
1753875265.29;2.0;49.20423057;18.75500304;387.9796;42.1353;13.0;0.8;186.677
1753875265.3;2.0;49.20423058;18.75500301;387.9798;42.1353;13.0;0.8;186.475
1753875265.31;2.0;49.20423058;18.75500299;387.981;42.1353;13.0;0.8;186.307
1753875265.32;2.0;49.20423058;18.75500296;387.9827;42.1353;13.0;0.8;186.174
1753875265.33;2.0;49.20423059;18.75500294;387.9839;42.1353;13.0;0.8;186.015
1753875265.34;2.0;49.20423059;18.75500291;387.9853;42.1353;13.0;0.8;185.889
1753875265.35;2.0;49.2042306;18.75500289;387.9861;42.1353;13.0;0.8;185.712
1753875265.36;2.0;49.20423061;18.75500287;387.9868;42.1353;13.0;0.8;185.623
1753875265.37;2.0;49.20423062;18.75500284;387.9872;42.1353;13.0;0.8;185.552
1753875265.38;2.0;49.20423063;18.75500282;387.9879;42.1353;13.0;0.8;185.415
1753875265.39;2.0;49.20423064;18.75500279;387.9893;42.1353;13.0;0.8;185.266
1753875265.4;2.0;49.20423066;18.75500277;387.9907;42.1353;13.0;0.8;185.109
1753875265.41;2.0;49.20423067;18.75500275;387.9916;42.1353;13.0;0.8;184.934
1753875265.42;2.0;49.20423068;18.75500273;387.9923;42.1353;13.0;0.8;184.792
1753875265.43;2.0;49.20423069;18.7550027;387.9931;42.1353;13.0;0.8;184.664
1753875265.44;2.0;49.2042307;18.75500268;387.9938;42.1353;13.0;0.8;184.523
1753875265.45;2.0;49.20423071;18.75500266;387.9949;42.1353;13.0;0.8;184.386
1753875265.46;2.0;49.20423072;18.75500264;387.9965;42.1353;13.0;0.8;184.274
1753875265.47;2.0;49.20423072;18.75500261;387.9981;42.1353;13.0;0.8;184.154
1753875265.48;2.0;49.20423073;18.7550026;387.9993;42.1353;13.0;0.8;183.975
1753875265.49;2.0;49.20423074;18.75500257;388.0005;42.1353;13.0;0.8;183.829
1753875265.5;2.0;49.20423075;18.75500255;388.0016;42.1353;13.0;0.8;183.674
1753875265.51;2.0;49.20423076;18.75500253;388.0027;42.1353;13.0;0.8;183.538
1753875265.52;2.0;49.20423077;18.75500251;388.0045;42.1353;13.0;0.8;183.414
1753875265.53;2.0;49.20423078;18.75500249;388.0061;42.1353;13.0;0.8;183.264
1753875265.54;2.0;49.20423079;18.75500247;388.0075;42.1353;13.0;0.8;183.098
1753875265.55;2.0;49.2042308;18.75500245;388.0086;42.1353;13.0;0.8;182.934
1753875265.56;2.0;49.2042308;18.75500244;388.0098;42.1353;13.0;0.8;182.785
1753875265.57;2.0;49.2042308;18.75500242;388.0113;42.1353;13.0;0.8;182.662
1753875265.58;2.0;49.20423081;18.7550024;388.0129;42.1353;13.0;0.8;182.52
1753875265.59;2.0;49.20423082;18.75500239;388.0144;42.1353;13.0;0.8;182.363
1753875265.6;2.0;49.20423082;18.75500238;388.0153;42.1353;13.0;0.8;182.18
1753875265.61;2.0;49.20423083;18.75500236;388.0158;42.1353;13.0;0.8;182.033
1753875265.62;2.0;49.20423083;18.75500235;388.0165;42.1353;13.0;0.8;181.928
1753875265.63;2.0;49.20423084;18.75500234;388.0178;42.1353;13.0;0.8;181.775
1753875265.64;2.0;49.20423085;18.75500233;388.0191;42.1353;13.0;0.8;181.683
1753875265.65;2.0;49.20423086;18.75500232;388.0204;42.1353;13.0;0.8;181.638
1753875265.66;2.0;49.20423087;18.75500231;388.0217;42.1353;13.0;0.8;181.628
1753875265.67;2.0;49.20423088;18.75500231;388.0231;42.1353;13.0;0.8;181.597
1753875265.68;2.0;49.20423089;18.75500231;388.0244;42.1353;13.0;0.8;181.555
1753875265.69;2.0;49.2042309;18.75500231;388.025;42.1353;13.0;0.8;181.551
1753875265.7;2.0;49.20423091;18.75500231;388.0253;42.1353;13.0;0.8;181.587
1753875265.71;2.0;49.20423092;18.75500231;388.0264;42.1353;13.0;0.8;181.658
1753875265.72;2.0;49.20423093;18.75500231;388.0271;42.1353;13.0;0.8;181.72
1753875265.73;2.0;49.20423094;18.75500231;388.0284;42.1353;13.0;0.8;181.804
1753875265.74;2.0;49.20423095;18.7550023;388.0298;42.1353;13.0;0.8;181.881
1753875265.75;2.0;49.20423097;18.7550023;388.0314;42.1353;13.0;0.8;181.949
1753875265.76;2.0;49.20423098;18.7550023;388.0326;42.1353;13.0;0.8;181.999
1753875265.77;2.0;49.20423099;18.7550023;388.0334;42.1353;13.0;0.8;182.063
1753875265.78;2.0;49.20423099;18.7550023;388.0339;42.1353;13.0;0.8;182.165
1753875265.79;2.0;49.204231;18.7550023;388.035;42.1353;13.0;0.8;182.288
1753875265.8;2.0;49.204231;18.7550023;388.0355;42.1353;13.0;0.8;182.381
1753875265.81;2.0;49.20423101;18.7550023;388.0363;42.1353;13.0;0.8;182.456
1753875265.82;2.0;49.20423102;18.75500229;388.0368;42.1353;13.0;0.8;182.522
1753875265.83;2.0;49.20423102;18.75500229;388.0375;42.1353;13.0;0.8;182.582
1753875265.84;2.0;49.20423103;18.75500229;388.0389;42.1353;13.0;0.8;182.648
1753875265.85;2.0;49.20423103;18.75500228;388.0405;42.1353;13.0;0.8;182.722
1753875265.86;2.0;49.20423103;18.75500227;388.0422;42.1353;13.0;0.8;182.785
1753875265.87;2.0;49.20423104;18.75500226;388.0439;42.1353;13.0;0.8;182.802
1753875265.88;2.0;49.20423104;18.75500226;388.0448;42.1353;13.0;0.8;182.796
1753875265.89;2.0;49.20423105;18.75500226;388.0455;42.1353;13.0;0.8;182.784
1753875265.9;2.0;49.20423106;18.75500225;388.0458;42.1353;13.0;0.8;182.813
1753875265.91;2.0;49.20423107;18.75500225;388.0464;42.1353;13.0;0.8;182.834
1753875265.92;2.0;49.20423107;18.75500225;388.0474;42.1353;13.0;0.8;182.89
1753875265.93;2.0;49.20423108;18.75500225;388.0481;42.1353;13.0;0.8;182.934
1753875265.94;2.0;49.20423109;18.75500224;388.0493;42.1353;13.0;0.8;182.984
1753875265.95;2.0;49.2042311;18.75500224;388.0503;42.1353;13.0;0.8;183.037
1753875265.96;2.0;49.20423111;18.75500224;388.0515;42.1353;13.0;0.8;183.11
1753875265.97;2.0;49.20423112;18.75500224;388.0528;42.1353;13.0;0.8;183.193
1753875265.98;2.0;49.20423113;18.75500224;388.0542;42.1353;13.0;0.8;183.275
1753875265.99;2.0;49.20423114;18.75500223;388.0555;42.1353;13.0;0.8;183.355
1753875266.0;2.0;49.20423115;18.75500223;388.0568;42.1353;13.0;0.8;183.44
1753875266.01;2.0;49.20423116;18.75500222;388.0584;42.1353;13.0;0.8;183.505
1753875266.02;2.0;49.20423117;18.75500222;388.0599;42.1353;13.0;0.8;183.562
1753875266.03;2.0;49.20423117;18.75500222;388.0617;42.1353;13.0;0.8;183.619
1753875266.04;2.0;49.20423117;18.75500222;388.0637;42.1353;13.0;0.8;183.68
1753875266.05;2.0;49.20423118;18.75500222;388.0647;42.1353;13.0;0.8;183.765
1753875266.06;2.0;49.20423118;18.75500221;388.0656;42.1353;13.0;0.8;183.84
1753875266.07;2.0;49.20423119;18.75500221;388.0662;42.1353;13.0;0.8;183.929
1753875266.08;2.0;49.20423119;18.75500219;388.0655;42.1353;13.0;0.8;184.007
1753875266.09;2.0;49.2042312;18.75500217;388.0651;42.1353;13.0;0.8;184.098
1753875266.1;2.0;49.20423121;18.75500215;388.0652;42.1353;13.0;0.8;184.189
1753875266.11;2.0;49.20423121;18.75500214;388.0656;42.1353;13.0;0.8;184.335
1753875266.12;2.0;49.20423121;18.75500213;388.0655;42.1353;13.0;0.8;184.493
1753875266.13;2.0;49.20423122;18.75500211;388.0658;42.1353;13.0;0.8;184.617
1753875266.14;2.0;49.20423122;18.7550021;388.0663;42.1353;13.0;0.8;184.705
1753875266.15;2.0;49.20423123;18.75500209;388.0663;42.1353;13.0;0.8;184.802
1753875266.16;2.0;49.20423123;18.75500207;388.0662;42.1353;13.0;0.8;184.891
1753875266.17;2.0;49.20423124;18.75500206;388.0665;42.1353;13.0;0.8;184.962
1753875266.18;2.0;49.20423124;18.75500205;388.0673;42.1353;13.0;0.8;185.037
1753875266.19;2.0;49.20423124;18.75500204;388.0679;42.1353;13.0;0.8;185.108
1753875266.2;2.0;49.20423125;18.75500202;388.0676;42.1353;13.0;0.8;185.163
1753875266.21;2.0;49.20423126;18.75500201;388.0678;42.1353;13.0;0.8;185.205
1753875266.22;2.0;49.20423126;18.75500201;388.068;42.1353;13.0;0.8;185.238
1753875266.23;2.0;49.20423127;18.755002;388.0686;42.1353;13.0;0.8;185.349
1753875266.24;2.0;49.20423127;18.755002;388.0695;42.1353;13.0;0.8;185.473
1753875266.25;2.0;49.20423127;18.755002;388.0706;42.1353;13.0;0.8;185.563
1753875266.26;2.0;49.20423128;18.75500199;388.0721;42.1353;13.0;0.8;185.666
1753875266.27;2.0;49.20423129;18.75500199;388.073;42.1353;13.0;0.8;185.785
1753875266.28;2.0;49.2042313;18.75500199;388.0737;42.1353;13.0;0.8;185.907
1753875266.29;2.0;49.2042313;18.755002;388.0738;42.1353;13.0;0.8;186.04
1753875266.3;2.0;49.2042313;18.755002;388.0748;42.1353;13.0;0.8;186.178
1753875266.31;2.0;49.20423131;18.75500201;388.0765;42.1353;13.0;0.8;186.333
1753875266.32;2.0;49.20423132;18.75500202;388.0785;42.1353;13.0;0.8;186.499
1753875266.33;2.0;49.20423133;18.75500202;388.0798;42.1353;13.0;0.8;186.673
1753875266.34;2.0;49.20423134;18.75500203;388.0813;42.1353;13.0;0.8;186.812
1753875266.35;2.0;49.20423134;18.75500203;388.0825;42.1353;13.0;0.8;186.963
1753875266.36;2.0;49.20423136;18.75500203;388.0836;42.1353;13.0;0.8;187.099
1753875266.37;2.0;49.20423136;18.75500204;388.0849;42.1353;13.0;0.8;187.283
1753875266.38;2.0;49.20423137;18.75500204;388.0863;42.1353;13.0;0.8;187.451
1753875266.39;2.0;49.20423138;18.75500204;388.0878;42.1353;13.0;0.8;187.576
1753875266.4;2.0;49.20423139;18.75500205;388.0893;42.1353;13.0;0.8;187.695
1753875266.41;2.0;49.2042314;18.75500206;388.0906;42.1353;13.0;0.8;187.861
1753875266.42;2.0;49.2042314;18.75500207;388.0923;42.1353;13.0;0.8;187.995
1753875266.43;2.0;49.20423141;18.75500207;388.0938;42.1353;13.0;0.8;188.121
1753875266.44;2.0;49.20423142;18.75500207;388.0952;42.1353;13.0;0.8;188.276
1753875266.45;2.0;49.20423143;18.75500208;388.096;42.1353;13.0;0.8;188.438
1753875266.46;2.0;49.20423144;18.75500208;388.0965;42.1353;13.0;0.8;188.593
1753875266.47;2.0;49.20423145;18.75500209;388.0976;42.1353;13.0;0.8;188.728
1753875266.48;2.0;49.20423145;18.75500209;388.0985;42.1353;13.0;0.8;188.888
1753875266.49;2.0;49.20423146;18.7550021;388.0996;42.1353;13.0;0.8;189.037
1753875266.5;2.0;49.20423147;18.75500211;388.1006;42.1353;13.0;0.8;189.16
1753875266.51;2.0;49.20423148;18.75500211;388.102;42.1353;13.0;0.8;189.281
1753875266.52;2.0;49.20423149;18.75500212;388.1032;42.1353;13.0;0.8;189.411
1753875266.53;2.0;49.20423149;18.75500212;388.1044;42.1353;13.0;0.8;189.569
1753875266.54;2.0;49.2042315;18.75500213;388.1056;42.1353;13.0;0.8;189.726
1753875266.55;2.0;49.2042315;18.75500214;388.1064;42.1353;13.0;0.8;189.868
1753875266.56;2.0;49.20423151;18.75500214;388.1072;42.1353;13.0;0.8;189.98
1753875266.57;2.0;49.20423152;18.75500215;388.1079;42.1353;13.0;0.8;190.124
1753875266.58;2.0;49.20423152;18.75500215;388.1085;42.1353;13.0;0.8;190.276
1753875266.59;2.0;49.20423153;18.75500215;388.1092;42.1353;13.0;0.8;190.401
1753875266.6;2.0;49.20423154;18.75500216;388.1102;42.1353;13.0;0.8;190.536
1753875266.61;2.0;49.20423155;18.75500216;388.1109;42.1353;13.0;0.8;190.633
1753875266.62;2.0;49.20423156;18.75500216;388.1117;42.1353;13.0;0.8;190.775
1753875266.63;2.0;49.20423157;18.75500216;388.1117;42.1353;13.0;0.8;190.888
1753875266.64;2.0;49.20423157;18.75500215;388.1118;42.1353;13.0;0.8;190.989
1753875266.65;2.0;49.20423158;18.75500215;388.1124;42.1353;13.0;0.8;191.132
1753875266.66;2.0;49.20423158;18.75500215;388.1131;42.1353;13.0;0.8;191.284
1753875266.67;2.0;49.20423159;18.75500214;388.1144;42.1353;13.0;0.8;191.429
1753875266.68;2.0;49.2042316;18.75500213;388.1159;42.1353;13.0;0.8;191.582
1753875266.69;2.0;49.20423161;18.75500212;388.117;42.1353;13.0;0.8;191.757
1753875266.7;2.0;49.20423162;18.75500211;388.118;42.1353;13.0;0.8;191.926
1753875266.71;2.0;49.20423163;18.75500209;388.1195;42.1353;13.0;0.8;192.073
1753875266.72;2.0;49.20423164;18.75500208;388.1213;42.1353;13.0;0.8;192.18
1753875266.73;2.0;49.20423165;18.75500208;388.1229;42.1353;13.0;0.8;192.275
1753875266.74;2.0;49.20423166;18.75500207;388.1238;42.1353;13.0;0.8;192.416
1753875266.75;2.0;49.20423166;18.75500205;388.1246;42.1353;13.0;0.8;192.504
1753875266.76;2.0;49.20423167;18.75500204;388.125;42.1353;13.0;0.8;192.578
1753875266.77;2.0;49.20423168;18.75500203;388.1251;42.1353;13.0;0.8;192.727
1753875266.78;2.0;49.20423168;18.75500202;388.1258;42.1353;13.0;0.8;192.905
1753875266.79;2.0;49.20423169;18.75500202;388.1262;42.1353;13.0;0.8;193.041
1753875266.8;2.0;49.2042317;18.75500201;388.126;42.1353;13.0;0.8;193.181
1753875266.81;2.0;49.20423171;18.755002;388.1264;42.1353;13.0;0.8;193.339
1753875266.82;2.0;49.20423172;18.75500199;388.1273;42.1353;13.0;0.8;193.474
1753875266.83;2.0;49.20423174;18.75500198;388.1283;42.1353;13.0;0.8;193.616
1753875266.84;2.0;49.20423174;18.75500198;388.1293;42.1353;13.0;0.8;193.725
1753875266.85;2.0;49.20423175;18.75500197;388.1299;42.1353;13.0;0.8;193.823
1753875266.86;2.0;49.20423176;18.75500196;388.1299;42.1353;13.0;0.8;193.971
1753875266.87;2.0;49.20423177;18.75500194;388.1306;42.1353;13.0;0.8;194.181
1753875266.88;2.0;49.20423178;18.75500194;388.1314;42.1353;13.0;0.8;194.375
1753875266.89;2.0;49.20423179;18.75500193;388.1322;42.1353;13.0;0.8;194.555
1753875266.9;2.0;49.2042318;18.75500192;388.1329;42.1353;13.0;0.8;194.697
1753875266.91;2.0;49.2042318;18.75500191;388.1335;42.1353;13.0;0.8;194.808
1753875266.92;2.0;49.20423181;18.7550019;388.1345;42.1353;13.0;0.8;194.971
1753875266.93;2.0;49.20423181;18.75500189;388.1351;42.1353;13.0;0.8;195.136
1753875266.94;2.0;49.20423182;18.75500188;388.1355;42.1353;13.0;0.8;195.307
1753875266.95;2.0;49.20423183;18.75500187;388.1361;42.1353;13.0;0.8;195.425
1753875266.96;2.0;49.20423184;18.75500186;388.1367;42.1353;13.0;0.8;195.528
1753875266.97;2.0;49.20423185;18.75500185;388.1367;42.1353;13.0;0.8;195.623
1753875266.98;2.0;49.20423186;18.75500184;388.1372;42.1353;13.0;0.8;195.727
1753875266.99;2.0;49.20423187;18.75500183;388.1383;42.1353;13.0;0.8;195.85
1753875267.0;2.0;49.20423188;18.75500183;388.139;42.1353;13.0;0.8;195.971
1753875267.01;2.0;49.2042319;18.75500182;388.1395;42.1353;13.0;0.8;196.089
1753875267.02;2.0;49.20423191;18.75500181;388.1398;42.1353;13.0;0.8;196.226
1753875267.03;2.0;49.20423192;18.7550018;388.1403;42.1353;13.0;0.8;196.386
1753875267.04;2.0;49.20423193;18.7550018;388.1415;42.1353;13.0;0.8;196.508
1753875267.05;2.0;49.20423194;18.75500179;388.1422;42.1353;13.0;0.8;196.619
1753875267.06;2.0;49.20423195;18.75500178;388.1425;42.1353;13.0;0.8;196.782
1753875267.07;2.0;49.20423195;18.75500178;388.1437;42.1353;13.0;0.8;196.927
1753875267.08;2.0;49.20423196;18.75500176;388.1441;42.1353;13.0;0.8;197.046
1753875267.09;2.0;49.20423197;18.75500175;388.1439;42.1353;13.0;0.8;197.15
1753875267.1;2.0;49.20423198;18.75500175;388.144;42.1353;13.0;0.8;197.257
1753875267.11;2.0;49.20423199;18.75500173;388.1439;42.1353;13.0;0.8;197.378
1753875267.12;2.0;49.204232;18.75500172;388.1438;42.1353;13.0;0.8;197.483
1753875267.13;2.0;49.20423201;18.75500171;388.1445;42.1353;13.0;0.8;197.605
1753875267.14;2.0;49.20423201;18.7550017;388.1445;42.1353;13.0;0.8;197.702
1753875267.15;2.0;49.20423201;18.75500168;388.1452;42.1353;13.0;0.8;197.794
1753875267.16;2.0;49.20423202;18.75500166;388.1462;42.1353;13.0;0.8;197.874
1753875267.17;2.0;49.20423203;18.75500164;388.1472;42.1353;13.0;0.8;197.954
1753875267.18;2.0;49.20423204;18.75500162;388.1477;42.1353;13.0;0.8;197.994
1753875267.19;2.0;49.20423204;18.75500161;388.1474;42.1353;13.0;0.8;198.091
1753875267.2;2.0;49.20423204;18.75500159;388.1473;42.1353;13.0;0.8;198.178
1753875267.21;2.0;49.20423205;18.75500157;388.147;42.1353;13.0;0.8;198.266
1753875267.22;2.0;49.20423205;18.75500155;388.1462;42.1353;13.0;0.8;198.345
1753875267.23;2.0;49.20423206;18.75500154;388.1465;42.1353;13.0;0.8;198.437
1753875267.24;2.0;49.20423206;18.75500152;388.1465;42.1353;13.0;0.8;198.603
1753875267.25;2.0;49.20423207;18.75500151;388.1463;42.1353;13.0;0.8;198.738
1753875267.26;2.0;49.20423208;18.75500149;388.1454;42.1353;13.0;0.8;198.865
1753875267.27;2.0;49.20423209;18.75500147;388.1447;42.1353;13.0;0.8;198.973
1753875267.28;2.0;49.20423209;18.75500145;388.145;42.1353;13.0;0.8;199.071
1753875267.29;2.0;49.2042321;18.75500142;388.145;42.1353;13.0;0.8;199.121
1753875267.3;2.0;49.2042321;18.7550014;388.1453;42.1353;13.0;0.8;199.154
1753875267.31;2.0;49.20423211;18.75500137;388.1453;42.1353;13.0;0.8;199.219
1753875267.32;2.0;49.20423211;18.75500134;388.145;42.1353;13.0;0.8;199.278
1753875267.33;2.0;49.20423211;18.75500132;388.1453;42.1353;13.0;0.8;199.291
1753875267.34;2.0;49.20423212;18.75500129;388.1453;42.1353;13.0;0.8;199.325
1753875267.35;2.0;49.20423212;18.75500127;388.1449;42.1353;13.0;0.8;199.331
1753875267.36;2.0;49.20423212;18.75500124;388.1449;42.1353;13.0;0.8;199.296
1753875267.37;2.0;49.20423212;18.75500122;388.1455;42.1353;13.0;0.8;199.259
1753875267.38;2.0;49.20423212;18.75500119;388.146;42.1353;13.0;0.8;199.222
1753875267.39;2.0;49.20423212;18.75500117;388.1465;42.1353;13.0;0.8;199.16
1753875267.4;2.0;49.20423212;18.75500114;388.1471;42.1353;13.0;0.8;199.104
1753875267.41;2.0;49.20423213;18.75500111;388.1476;42.1353;13.0;0.8;199.084
1753875267.42;2.0;49.20423213;18.75500108;388.1479;42.1353;13.0;0.8;199.086
1753875267.43;2.0;49.20423213;18.75500106;388.1473;42.1353;13.0;0.8;199.077
1753875267.44;2.0;49.20423213;18.75500104;388.1472;42.1353;13.0;0.8;199.056
1753875267.45;2.0;49.20423213;18.75500101;388.1473;42.1353;13.0;0.8;199.031
1753875267.46;2.0;49.20423213;18.75500098;388.1485;42.1353;13.0;0.8;198.974
1753875267.47;2.0;49.20423213;18.75500095;388.1492;42.1353;13.0;0.8;198.899
1753875267.48;2.0;49.20423214;18.75500093;388.1498;42.1353;13.0;0.8;198.862
1753875267.49;2.0;49.20423214;18.7550009;388.1502;42.1353;13.0;0.8;198.838
1753875267.5;2.0;49.20423214;18.75500087;388.1504;42.1353;13.0;0.8;198.816
1753875267.51;2.0;49.20423214;18.75500084;388.1503;42.1353;13.0;0.8;198.759
1753875267.52;2.0;49.20423215;18.75500082;388.1507;42.1353;13.0;0.8;198.71
1753875267.53;2.0;49.20423215;18.75500079;388.1505;42.1353;13.0;0.8;198.624
1753875267.54;2.0;49.20423216;18.75500077;388.1511;42.1353;13.0;0.8;198.565
1753875267.55;2.0;49.20423216;18.75500075;388.1517;42.1353;13.0;0.8;198.539
1753875267.56;2.0;49.20423216;18.75500072;388.1523;42.1353;13.0;0.8;198.509
1753875267.57;2.0;49.20423216;18.7550007;388.1527;42.1353;13.0;0.8;198.487
1753875267.58;2.0;49.20423216;18.75500068;388.1532;42.1353;13.0;0.8;198.47
1753875267.59;2.0;49.20423217;18.75500064;388.1538;42.1353;13.0;0.8;198.463
1753875267.6;2.0;49.20423217;18.75500061;388.1548;42.1353;13.0;0.8;198.478
1753875267.61;2.0;49.20423218;18.75500058;388.1554;42.1353;13.0;0.8;198.485
1753875267.62;2.0;49.20423219;18.75500055;388.1552;42.1353;13.0;0.8;198.509
1753875267.63;2.0;49.2042322;18.75500052;388.1552;42.1353;13.0;0.8;198.507
1753875267.64;2.0;49.2042322;18.75500049;388.1551;42.1353;13.0;0.8;198.493
1753875267.65;2.0;49.2042322;18.75500046;388.1555;42.1353;13.0;0.8;198.462
1753875267.66;2.0;49.20423221;18.75500043;388.1562;42.1353;13.0;0.8;198.464
1753875267.67;2.0;49.20423222;18.75500041;388.1566;42.1353;13.0;0.8;198.492
1753875267.68;2.0;49.20423223;18.75500038;388.1574;42.1353;13.0;0.8;198.552
1753875267.69;2.0;49.20423224;18.75500034;388.1577;42.1353;13.0;0.8;198.563
1753875267.7;2.0;49.20423224;18.75500032;388.1581;42.1353;13.0;0.8;198.552
1753875267.71;2.0;49.20423225;18.75500029;388.1575;42.1353;13.0;0.8;198.537
1753875267.72;2.0;49.20423225;18.75500026;388.1567;42.1353;13.0;0.8;198.502
1753875267.73;2.0;49.20423226;18.75500023;388.1565;42.1353;13.0;0.8;198.515
1753875267.74;2.0;49.20423227;18.7550002;388.1573;42.1353;13.0;0.8;198.555
1753875267.75;2.0;49.20423227;18.75500017;388.1575;42.1353;13.0;0.8;198.608
1753875267.76;2.0;49.20423228;18.75500014;388.1573;42.1353;13.0;0.8;198.635
1753875267.77;2.0;49.20423229;18.75500011;388.1574;42.1353;13.0;0.8;198.672
1753875267.78;2.0;49.20423229;18.75500008;388.1576;42.1353;13.0;0.8;198.663
1753875267.79;2.0;49.2042323;18.75500004;388.1577;42.1353;13.0;0.8;198.676
1753875267.8;2.0;49.20423231;18.75500002;388.1579;42.1353;13.0;0.8;198.67
1753875267.81;2.0;49.20423232;18.75499998;388.1578;42.1353;13.0;0.8;198.636
1753875267.82;2.0;49.20423234;18.75499995;388.1577;42.1353;13.0;0.8;198.593
1753875267.83;2.0;49.20423235;18.75499991;388.1575;42.1353;13.0;0.8;198.6
1753875267.84;2.0;49.20423236;18.75499988;388.1577;42.1353;13.0;0.8;198.652
1753875267.85;2.0;49.20423237;18.75499985;388.1578;42.1353;13.0;0.8;198.692
1753875267.86;2.0;49.20423238;18.75499981;388.1573;42.1353;13.0;0.8;198.73
1753875267.87;2.0;49.20423239;18.75499977;388.1573;42.1353;13.0;0.8;198.753
1753875267.88;2.0;49.2042324;18.75499973;388.1579;42.1353;13.0;0.8;198.752
1753875267.89;2.0;49.20423241;18.75499968;388.1582;42.1353;13.0;0.8;198.791
1753875267.9;2.0;49.20423242;18.75499963;388.1588;42.1353;13.0;0.8;198.806
1753875267.91;2.0;49.20423244;18.75499957;388.1588;42.1353;13.0;0.8;198.82
1753875267.92;2.0;49.20423246;18.75499951;388.1582;42.1353;13.0;0.8;198.823
1753875267.93;2.0;49.20423247;18.75499945;388.158;42.1353;13.0;0.8;198.835
1753875267.94;2.0;49.20423249;18.75499938;388.1578;42.1353;13.0;0.8;198.855
1753875267.95;2.0;49.20423252;18.7549993;388.1577;42.1353;13.0;0.8;198.886
1753875267.96;2.0;49.20423254;18.75499922;388.1579;42.1353;13.0;0.8;198.883
1753875267.97;2.0;49.20423256;18.75499914;388.1585;42.1353;13.0;0.8;198.868
1753875267.98;2.0;49.20423258;18.75499906;388.1593;42.1353;13.0;0.8;198.839
1753875267.99;2.0;49.2042326;18.75499897;388.1598;42.1353;13.0;0.8;198.817
1753875268.0;2.0;49.20423262;18.75499888;388.1595;42.1353;13.0;0.8;198.733
1753875268.01;2.0;49.20423264;18.75499879;388.1592;42.1353;13.0;0.8;198.725
1753875268.02;2.0;49.20423266;18.75499869;388.1592;42.1353;13.0;0.8;198.732
1753875268.03;2.0;49.20423269;18.75499858;388.1587;42.1353;13.0;0.8;198.737
1753875268.04;2.0;49.20423272;18.75499848;388.158;42.1353;13.0;0.8;198.729
1753875268.05;2.0;49.20423274;18.75499837;388.1581;42.1353;13.0;0.8;198.681
1753875268.06;2.0;49.20423277;18.75499826;388.1585;42.1353;13.0;0.8;198.626
1753875268.07;2.0;49.20423279;18.75499815;388.159;42.1353;13.0;0.8;198.629
1753875268.08;2.0;49.20423281;18.75499804;388.159;42.1353;13.0;0.8;198.651
1753875268.09;2.0;49.20423283;18.75499793;388.1589;42.1353;13.0;0.8;198.624
1753875268.1;2.0;49.20423286;18.75499783;388.1591;42.1353;13.0;0.8;198.59
1753875268.11;2.0;49.20423288;18.75499771;388.1599;42.1353;13.0;0.8;198.561
1753875268.12;2.0;49.2042329;18.75499759;388.1606;42.1353;13.0;0.8;198.56
1753875268.13;2.0;49.20423293;18.75499747;388.1608;42.1353;13.0;0.8;198.601
1753875268.14;2.0;49.20423295;18.75499735;388.1611;42.1353;13.0;0.8;198.638
1753875268.15;2.0;49.20423298;18.75499723;388.1609;42.1353;13.0;0.8;198.646
1753875268.16;2.0;49.20423301;18.7549971;388.1612;42.1353;13.0;0.8;198.633
1753875268.17;2.0;49.20423304;18.75499697;388.1615;42.1353;13.0;0.8;198.615
1753875268.18;2.0;49.20423306;18.75499684;388.1618;42.1353;13.0;0.8;198.593
1753875268.19;2.0;49.20423309;18.75499671;388.1616;42.1353;13.0;0.8;198.635
1753875268.2;2.0;49.20423311;18.75499658;388.1612;42.1353;13.0;0.8;198.687
1753875268.21;2.0;49.20423314;18.75499645;388.1613;42.1353;13.0;0.8;198.695
1753875268.22;2.0;49.20423317;18.75499632;388.1614;42.1353;13.0;0.8;198.662
1753875268.23;2.0;49.2042332;18.75499618;388.1615;42.1353;13.0;0.8;198.626
1753875268.24;2.0;49.20423323;18.75499605;388.161;42.1353;13.0;0.8;198.583
1753875268.25;2.0;49.20423326;18.75499591;388.1603;42.1353;13.0;0.8;198.572
1753875268.26;2.0;49.20423329;18.75499577;388.1597;42.1353;13.0;0.8;198.574
1753875268.27;2.0;49.20423332;18.75499564;388.1599;42.1353;13.0;0.8;198.558
1753875268.28;2.0;49.20423335;18.75499551;388.1605;42.1353;13.0;0.8;198.569
1753875268.29;2.0;49.20423338;18.75499538;388.1609;42.1353;13.0;0.8;198.602
1753875268.3;2.0;49.20423341;18.75499525;388.1611;42.1353;13.0;0.8;198.65
1753875268.31;2.0;49.20423344;18.75499513;388.1614;42.1353;13.0;0.8;198.681
1753875268.32;2.0;49.20423347;18.754995;388.1614;42.1353;13.0;0.8;198.699
1753875268.33;2.0;49.2042335;18.75499487;388.1607;42.1353;13.0;0.8;198.724
1753875268.34;2.0;49.20423353;18.75499475;388.1599;42.1353;13.0;0.8;198.695
1753875268.35;2.0;49.20423356;18.75499463;388.159;42.1353;13.0;0.8;198.686
1753875268.36;2.0;49.20423359;18.7549945;388.1577;42.1353;13.0;0.8;198.609
1753875268.37;2.0;49.20423361;18.75499437;388.1567;42.1353;13.0;0.8;198.592
1753875268.38;2.0;49.20423364;18.75499425;388.1562;42.1353;13.0;0.8;198.578
1753875268.39;2.0;49.20423366;18.75499413;388.1556;42.1353;13.0;0.8;198.53
1753875268.4;2.0;49.20423369;18.75499401;388.1555;42.1353;13.0;0.8;198.497
1753875268.41;2.0;49.20423372;18.75499389;388.1559;42.1353;13.0;0.8;198.465
1753875268.42;2.0;49.20423374;18.75499377;388.1567;42.1353;13.0;0.8;198.457
1753875268.43;2.0;49.20423377;18.75499365;388.1566;42.1353;13.0;0.8;198.437
1753875268.44;2.0;49.2042338;18.75499354;388.1564;42.1353;13.0;0.8;198.426
1753875268.45;2.0;49.20423382;18.75499342;388.1561;42.1353;13.0;0.8;198.453
1753875268.46;2.0;49.20423385;18.75499331;388.1562;42.1353;13.0;0.8;198.459
1753875268.47;2.0;49.20423387;18.7549932;388.1564;42.1353;13.0;0.8;198.483
1753875268.48;2.0;49.2042339;18.75499308;388.1562;42.1353;13.0;0.8;198.535
1753875268.49;2.0;49.20423392;18.75499297;388.1563;42.1353;13.0;0.8;198.565
1753875268.5;2.0;49.20423395;18.75499285;388.1562;42.1353;13.0;0.8;198.56
1753875268.51;2.0;49.20423397;18.75499274;388.1559;42.1353;13.0;0.8;198.58
1753875268.52;2.0;49.204234;18.75499262;388.1554;42.1353;13.0;0.8;198.573
1753875268.53;2.0;49.20423402;18.7549925;388.1546;42.1353;13.0;0.8;198.554
1753875268.54;2.0;49.20423405;18.75499238;388.1541;42.1353;13.0;0.8;198.553
1753875268.55;2.0;49.20423408;18.75499226;388.1535;42.1353;13.0;0.8;198.545
1753875268.56;2.0;49.2042341;18.75499214;388.1528;42.1353;13.0;0.8;198.527
1753875268.57;2.0;49.20423413;18.75499202;388.1524;42.1353;13.0;0.8;198.544
1753875268.58;2.0;49.20423416;18.75499191;388.1519;42.1353;13.0;0.8;198.593
1753875268.59;2.0;49.20423418;18.7549918;388.1517;42.1353;13.0;0.8;198.638
1753875268.6;2.0;49.20423422;18.75499169;388.1518;42.1353;13.0;0.8;198.692
1753875268.61;2.0;49.20423424;18.75499159;388.1516;42.1353;13.0;0.8;198.754
1753875268.62;2.0;49.20423427;18.7549915;388.1519;42.1353;13.0;0.8;198.829
1753875268.63;2.0;49.20423429;18.7549914;388.1521;42.1353;13.0;0.8;198.857
1753875268.64;2.0;49.20423432;18.75499132;388.1529;42.1353;13.0;0.8;198.828
1753875268.65;2.0;49.20423434;18.75499123;388.1532;42.1353;13.0;0.8;198.819
1753875268.66;2.0;49.20423437;18.75499114;388.1532;42.1353;13.0;0.8;198.794
1753875268.67;2.0;49.20423438;18.75499106;388.1536;42.1353;13.0;0.8;198.74
1753875268.68;2.0;49.20423441;18.75499097;388.1537;42.1353;13.0;0.8;198.709
1753875268.69;2.0;49.20423443;18.75499089;388.1536;42.1353;13.0;0.8;198.657
1753875268.7;2.0;49.20423446;18.7549908;388.1533;42.1353;13.0;0.8;198.571
1753875268.71;2.0;49.20423448;18.75499071;388.1525;42.1353;13.0;0.8;198.48
1753875268.72;2.0;49.2042345;18.75499063;388.1512;42.1353;13.0;0.8;198.397
1753875268.73;2.0;49.20423452;18.75499055;388.1506;42.1353;13.0;0.8;198.333
1753875268.74;2.0;49.20423454;18.75499047;388.1507;42.1353;13.0;0.8;198.331
1753875268.75;2.0;49.20423456;18.7549904;388.1503;42.1353;13.0;0.8;198.308
1753875268.76;2.0;49.20423458;18.75499033;388.1494;42.1353;13.0;0.8;198.298
1753875268.77;2.0;49.2042346;18.75499027;388.1489;42.1353;13.0;0.8;198.309
1753875268.78;2.0;49.20423461;18.75499021;388.1491;42.1353;13.0;0.8;198.312
1753875268.79;2.0;49.20423462;18.75499015;388.1497;42.1353;13.0;0.8;198.274
1753875268.8;2.0;49.20423463;18.7549901;388.1496;42.1353;13.0;0.8;198.231
1753875268.81;2.0;49.20423465;18.75499004;388.1494;42.1353;13.0;0.8;198.219
1753875268.82;2.0;49.20423466;18.75498999;388.1497;42.1353;13.0;0.8;198.222
1753875268.83;2.0;49.20423467;18.75498994;388.1499;42.1353;13.0;0.8;198.195
1753875268.84;2.0;49.20423468;18.75498989;388.1503;42.1353;13.0;0.8;198.183
1753875268.85;2.0;49.2042347;18.75498985;388.1501;42.1353;13.0;0.8;198.183
1753875268.86;2.0;49.20423471;18.7549898;388.1495;42.1353;13.0;0.8;198.163
1753875268.87;2.0;49.20423472;18.75498975;388.1494;42.1353;13.0;0.8;198.157
1753875268.88;2.0;49.20423473;18.75498971;388.1494;42.1353;13.0;0.8;198.171
1753875268.89;2.0;49.20423474;18.75498966;388.1492;42.1353;13.0;0.8;198.172
1753875268.9;2.0;49.20423476;18.75498961;388.1491;42.1353;13.0;0.8;198.157
1753875268.91;2.0;49.20423477;18.75498957;388.1495;42.1353;13.0;0.8;198.19
1753875268.92;2.0;49.20423479;18.75498952;388.1488;42.1353;13.0;0.8;198.23
1753875268.93;2.0;49.2042348;18.75498948;388.1486;42.1353;13.0;0.8;198.256
1753875268.94;2.0;49.20423482;18.75498943;388.1489;42.1353;13.0;0.8;198.262
1753875268.95;2.0;49.20423484;18.75498938;388.1486;42.1353;13.0;0.8;198.309
1753875268.96;2.0;49.20423486;18.75498933;388.1477;42.1353;13.0;0.8;198.368
1753875268.97;2.0;49.20423488;18.75498927;388.1475;42.1353;13.0;0.8;198.371
1753875268.98;2.0;49.2042349;18.75498921;388.1473;42.1353;13.0;0.8;198.329
1753875268.99;2.0;49.20423492;18.75498916;388.1474;42.1353;13.0;0.8;198.291
1753875269.0;2.0;49.20423494;18.75498909;388.1477;42.1353;13.0;0.8;198.243
1753875269.01;2.0;49.20423495;18.75498903;388.1485;42.1353;13.0;0.8;198.213
1753875269.02;2.0;49.20423496;18.75498897;388.1489;42.1353;13.0;0.8;198.191
1753875269.03;2.0;49.20423498;18.7549889;388.1484;42.1353;13.0;0.8;198.13
1753875269.04;2.0;49.20423501;18.75498882;388.1478;42.1353;13.0;0.8;198.057
1753875269.05;2.0;49.20423503;18.75498874;388.1473;42.1353;13.0;0.8;197.967
1753875269.06;2.0;49.20423504;18.75498866;388.1466;42.1353;13.0;0.8;197.933
1753875269.07;2.0;49.20423506;18.75498859;388.1464;42.1353;13.0;0.8;197.942
1753875269.08;2.0;49.20423507;18.7549885;388.1463;42.1353;13.0;0.8;197.937
1753875269.09;2.0;49.20423509;18.75498841;388.146;42.1353;13.0;0.8;197.94
1753875269.1;2.0;49.2042351;18.75498832;388.1457;42.1353;13.0;0.8;197.975
1753875269.11;2.0;49.20423512;18.75498822;388.1451;42.1353;13.0;0.8;198.024
1753875269.12;2.0;49.20423513;18.75498811;388.1439;42.1353;13.0;0.8;198.04
1753875269.13;2.0;49.20423516;18.754988;388.1433;42.1353;13.0;0.8;198.062
1753875269.14;2.0;49.20423517;18.75498789;388.1424;42.1353;13.0;0.8;198.081
1753875269.15;2.0;49.20423519;18.75498776;388.1418;42.1353;13.0;0.8;198.072
1753875269.16;2.0;49.20423521;18.75498764;388.1417;42.1353;13.0;0.8;198.061
1753875269.17;2.0;49.20423523;18.75498751;388.1418;42.1353;13.0;0.8;198.021
1753875269.18;2.0;49.20423526;18.75498738;388.1417;42.1353;13.0;0.8;197.931
1753875269.19;2.0;49.20423528;18.75498725;388.1411;42.1353;13.0;0.8;197.831
1753875269.2;2.0;49.2042353;18.75498712;388.1404;42.1353;13.0;0.8;197.755
1753875269.21;2.0;49.20423533;18.754987;388.1395;42.1353;13.0;0.8;197.717
1753875269.22;2.0;49.20423536;18.75498688;388.1387;42.1353;13.0;0.8;197.719
1753875269.23;2.0;49.20423538;18.75498676;388.1378;42.1353;13.0;0.8;197.721
1753875269.24;2.0;49.2042354;18.75498664;388.1367;42.1353;13.0;0.8;197.738
1753875269.25;2.0;49.20423543;18.75498652;388.1358;42.1353;13.0;0.8;197.784
1753875269.26;2.0;49.20423546;18.7549864;388.1349;42.1353;13.0;0.8;197.83
1753875269.27;2.0;49.20423547;18.75498629;388.1343;42.1353;13.0;0.8;197.905
1753875269.28;2.0;49.2042355;18.75498617;388.1333;42.1353;13.0;0.8;197.96
1753875269.29;2.0;49.20423552;18.75498605;388.1319;42.1353;13.0;0.8;197.997
1753875269.3;2.0;49.20423554;18.75498594;388.1314;42.1353;13.0;0.8;198.008
1753875269.31;2.0;49.20423556;18.75498582;388.1312;42.1353;13.0;0.8;197.985
1753875269.32;2.0;49.20423558;18.7549857;388.1307;42.1353;13.0;0.8;197.926
1753875269.33;2.0;49.20423561;18.75498558;388.1298;42.1353;13.0;0.8;197.857
1753875269.34;2.0;49.20423563;18.75498547;388.1288;42.1353;13.0;0.8;197.809
1753875269.35;2.0;49.20423564;18.75498535;388.1284;42.1353;13.0;0.8;197.78
1753875269.36;2.0;49.20423566;18.75498525;388.1279;42.1353;13.0;0.8;197.787
1753875269.37;2.0;49.20423568;18.75498514;388.1276;42.1353;13.0;0.8;197.82
1753875269.38;2.0;49.2042357;18.75498504;388.1274;42.1353;13.0;0.8;197.879
1753875269.39;2.0;49.20423572;18.75498493;388.1271;42.1353;13.0;0.8;197.946
1753875269.4;2.0;49.20423573;18.75498483;388.1271;42.1353;13.0;0.8;198.03
1753875269.41;2.0;49.20423575;18.75498473;388.1271;42.1353;13.0;0.8;198.08
1753875269.42;2.0;49.20423577;18.75498462;388.1269;42.1353;13.0;0.8;198.127
1753875269.43;2.0;49.2042358;18.75498452;388.1267;42.1353;13.0;0.8;198.195
1753875269.44;2.0;49.20423582;18.75498442;388.127;42.1353;13.0;0.8;198.25
1753875269.45;2.0;49.20423584;18.75498431;388.1272;42.1353;13.0;0.8;198.263
1753875269.46;2.0;49.20423586;18.75498421;388.1277;42.1353;13.0;0.8;198.234
1753875269.47;2.0;49.20423587;18.75498411;388.1283;42.1353;13.0;0.8;198.155
1753875269.48;2.0;49.20423589;18.754984;388.1282;42.1353;13.0;0.8;198.052
1753875269.49;2.0;49.2042359;18.7549839;388.1279;42.1353;13.0;0.8;197.993
1753875269.5;2.0;49.20423592;18.75498379;388.1277;42.1353;13.0;0.8;197.963
1753875269.51;2.0;49.20423593;18.75498369;388.1272;42.1353;13.0;0.8;197.948
1753875269.52;2.0;49.20423595;18.75498359;388.1269;42.1353;13.0;0.8;197.915
1753875269.53;2.0;49.20423596;18.75498349;388.1269;42.1353;13.0;0.8;197.916
1753875269.54;2.0;49.20423597;18.75498339;388.1265;42.1353;13.0;0.8;197.964
1753875269.55;2.0;49.20423599;18.75498329;388.1258;42.1353;13.0;0.8;197.999
1753875269.56;2.0;49.204236;18.7549832;388.125;42.1353;13.0;0.8;198.074
1753875269.57;2.0;49.20423602;18.7549831;388.1243;42.1353;13.0;0.8;198.147
1753875269.58;2.0;49.20423603;18.754983;388.124;42.1353;13.0;0.8;198.162
1753875269.59;2.0;49.20423605;18.75498291;388.1238;42.1353;13.0;0.8;198.169
1753875269.6;2.0;49.20423607;18.75498281;388.1229;42.1353;13.0;0.8;198.157
1753875269.61;2.0;49.20423609;18.7549827;388.1223;42.1353;13.0;0.8;198.126
1753875269.62;2.0;49.20423611;18.75498259;388.1217;42.1353;13.0;0.8;198.121
1753875269.63;2.0;49.20423613;18.75498249;388.1209;42.1353;13.0;0.8;198.143
1753875269.64;2.0;49.20423615;18.75498238;388.1202;42.1353;13.0;0.8;198.131
1753875269.65;2.0;49.20423616;18.75498227;388.1194;42.1353;13.0;0.8;198.086
1753875269.66;2.0;49.20423618;18.75498217;388.1187;42.1353;13.0;0.8;198.084
1753875269.67;2.0;49.2042362;18.75498207;388.118;42.1353;13.0;0.8;198.124
1753875269.68;2.0;49.20423621;18.75498197;388.1177;42.1353;13.0;0.8;198.121
1753875269.69;2.0;49.20423622;18.75498187;388.1179;42.1353;13.0;0.8;198.104
1753875269.7;2.0;49.20423623;18.75498177;388.1173;42.1353;13.0;0.8;198.099
1753875269.71;2.0;49.20423624;18.75498168;388.1168;42.1353;13.0;0.8;198.092
1753875269.72;2.0;49.20423626;18.75498158;388.1159;42.1353;13.0;0.8;198.066
1753875269.73;2.0;49.20423627;18.75498149;388.1153;42.1353;13.0;0.8;198.037
1753875269.74;2.0;49.20423628;18.7549814;388.1148;42.1353;13.0;0.8;198.025
1753875269.75;2.0;49.20423629;18.75498131;388.1145;42.1353;13.0;0.8;198.013
1753875269.76;2.0;49.20423631;18.75498121;388.114;42.1353;13.0;0.8;197.984
1753875269.77;2.0;49.20423631;18.75498112;388.114;42.1353;13.0;0.8;197.963
1753875269.78;2.0;49.20423632;18.75498102;388.1144;42.1353;13.0;0.8;197.976
1753875269.79;2.0;49.20423634;18.75498093;388.1142;42.1353;13.0;0.8;197.969
1753875269.8;2.0;49.20423635;18.75498083;388.1142;42.1353;13.0;0.8;197.942
1753875269.81;2.0;49.20423637;18.75498074;388.1144;42.1353;13.0;0.8;197.925
1753875269.82;2.0;49.20423638;18.75498066;388.1144;42.1353;13.0;0.8;197.931
1753875269.83;2.0;49.20423639;18.75498057;388.114;42.1353;13.0;0.8;197.998
1753875269.84;2.0;49.20423641;18.75498047;388.1135;42.1353;13.0;0.8;198.07
1753875269.85;2.0;49.20423642;18.75498039;388.1134;42.1353;13.0;0.8;198.111
1753875269.86;2.0;49.20423644;18.7549803;388.1129;42.1353;13.0;0.8;198.088
1753875269.87;2.0;49.20423645;18.75498021;388.1117;42.1353;13.0;0.8;198.046
1753875269.88;2.0;49.20423647;18.75498013;388.1103;42.1353;13.0;0.8;198.018
1753875269.89;2.0;49.20423648;18.75498004;388.1091;42.1353;13.0;0.8;197.993
1753875269.9;2.0;49.2042365;18.75497995;388.1081;42.1353;13.0;0.8;197.94
1753875269.91;2.0;49.20423651;18.75497987;388.1071;42.1353;13.0;0.8;197.922
1753875269.92;2.0;49.20423652;18.75497978;388.1065;42.1353;13.0;0.8;197.964
1753875269.93;2.0;49.20423653;18.75497968;388.106;42.1353;13.0;0.8;198.007
1753875269.94;2.0;49.20423655;18.75497959;388.1062;42.1353;13.0;0.8;198.032
1753875269.95;2.0;49.20423656;18.7549795;388.1068;42.1353;13.0;0.8;198.074
1753875269.96;2.0;49.20423657;18.75497941;388.1075;42.1353;13.0;0.8;198.121
1753875269.97;2.0;49.20423658;18.75497931;388.1083;42.1353;13.0;0.8;198.124
1753875269.98;2.0;49.2042366;18.75497923;388.1088;42.1353;13.0;0.8;198.123
1753875269.99;2.0;49.20423661;18.75497914;388.1088;42.1353;13.0;0.8;198.145
1753875270.0;2.0;49.20423662;18.75497905;388.1089;42.1353;13.0;0.8;198.135
1753875270.01;2.0;49.20423664;18.75497896;388.1091;42.1353;13.0;0.8;198.09
1753875270.02;2.0;49.20423665;18.75497887;388.1088;42.1353;13.0;0.8;198.028
1753875270.03;2.0;49.20423667;18.75497878;388.1083;42.1353;13.0;0.8;198.015
1753875270.04;2.0;49.20423668;18.75497869;388.1079;42.1353;13.0;0.8;197.995
1753875270.05;2.0;49.2042367;18.75497861;388.1077;42.1353;13.0;0.8;197.98
1753875270.06;2.0;49.20423671;18.75497851;388.1073;42.1353;13.0;0.8;197.99
1753875270.07;2.0;49.20423673;18.75497842;388.1065;42.1353;13.0;0.8;197.995
1753875270.08;2.0;49.20423675;18.75497831;388.1066;42.1353;13.0;0.8;198.026
1753875270.09;2.0;49.20423676;18.7549782;388.1067;42.1353;13.0;0.8;198.085
1753875270.1;2.0;49.20423678;18.7549781;388.1069;42.1353;13.0;0.8;198.158
1753875270.11;2.0;49.2042368;18.75497799;388.1066;42.1353;13.0;0.8;198.226
1753875270.12;2.0;49.20423682;18.75497788;388.1062;42.1353;13.0;0.8;198.276
1753875270.13;2.0;49.20423684;18.75497778;388.1058;42.1353;13.0;0.8;198.319
1753875270.14;2.0;49.20423685;18.75497767;388.1051;42.1353;13.0;0.8;198.324
1753875270.15;2.0;49.20423687;18.75497757;388.1042;42.1353;13.0;0.8;198.332
1753875270.16;2.0;49.20423689;18.75497746;388.1032;42.1353;13.0;0.8;198.304
1753875270.17;2.0;49.2042369;18.75497736;388.1026;42.1353;13.0;0.8;198.243
1753875270.18;2.0;49.20423692;18.75497725;388.1019;42.1353;13.0;0.8;198.152
1753875270.19;2.0;49.20423693;18.75497715;388.1013;42.1353;13.0;0.8;198.101
1753875270.2;2.0;49.20423695;18.75497705;388.1007;42.1353;13.0;0.8;198.094
1753875270.21;2.0;49.20423697;18.75497695;388.0995;42.1353;13.0;0.8;198.118
1753875270.22;2.0;49.20423699;18.75497685;388.098;42.1353;13.0;0.8;198.126
1753875270.23;2.0;49.20423701;18.75497674;388.0966;42.1353;13.0;0.8;198.163
1753875270.24;2.0;49.20423702;18.75497664;388.0955;42.1353;13.0;0.8;198.202
1753875270.25;2.0;49.20423704;18.75497654;388.0952;42.1353;13.0;0.8;198.243
1753875270.26;2.0;49.20423706;18.75497643;388.0956;42.1353;13.0;0.8;198.247
1753875270.27;2.0;49.20423708;18.75497633;388.0954;42.1353;13.0;0.8;198.239
1753875270.28;2.0;49.20423709;18.75497623;388.0954;42.1353;13.0;0.8;198.237
1753875270.29;2.0;49.2042371;18.75497612;388.0954;42.1353;13.0;0.8;198.202
1753875270.3;2.0;49.20423712;18.75497602;388.0951;42.1353;13.0;0.8;198.135
1753875270.31;2.0;49.20423714;18.75497592;388.0945;42.1353;13.0;0.8;198.077
1753875270.32;2.0;49.20423715;18.75497581;388.0943;42.1353;13.0;0.8;198.011
1753875270.33;2.0;49.20423717;18.75497571;388.0941;42.1353;13.0;0.8;197.985
1753875270.34;2.0;49.20423718;18.75497561;388.0939;42.1353;13.0;0.8;197.971
1753875270.35;2.0;49.2042372;18.7549755;388.0931;42.1353;13.0;0.8;197.966
1753875270.36;2.0;49.20423722;18.75497539;388.0918;42.1353;13.0;0.8;198.017
1753875270.37;2.0;49.20423723;18.75497529;388.0903;42.1353;13.0;0.8;198.023
1753875270.38;2.0;49.20423725;18.75497518;388.0891;42.1353;13.0;0.8;198.039
1753875270.39;2.0;49.20423726;18.75497508;388.0877;42.1353;13.0;0.8;198.039
1753875270.4;2.0;49.20423727;18.75497497;388.0863;42.1353;13.0;0.8;198.044
1753875270.41;2.0;49.20423729;18.75497487;388.085;42.1353;13.0;0.8;198.008
1753875270.42;2.0;49.2042373;18.75497476;388.0839;42.1353;13.0;0.8;197.959
1753875270.43;2.0;49.20423732;18.75497466;388.083;42.1353;13.0;0.8;197.943
1753875270.44;2.0;49.20423733;18.75497456;388.0827;42.1353;13.0;0.8;197.912
1753875270.45;2.0;49.20423735;18.75497446;388.083;42.1353;13.0;0.8;197.858
1753875270.46;2.0;49.20423736;18.75497436;388.083;42.1353;13.0;0.8;197.838
1753875270.47;2.0;49.20423738;18.75497426;388.0823;42.1353;13.0;0.8;197.86
1753875270.48;2.0;49.2042374;18.75497415;388.0809;42.1353;13.0;0.8;197.873
1753875270.49;2.0;49.20423742;18.75497404;388.0792;42.1353;13.0;0.8;197.887
1753875270.5;2.0;49.20423743;18.75497393;388.0781;42.1353;13.0;0.8;197.901
1753875270.51;2.0;49.20423745;18.75497383;388.0781;42.1353;13.0;0.8;197.932
1753875270.52;2.0;49.20423746;18.75497372;388.0777;42.1353;13.0;0.8;197.979
1753875270.53;2.0;49.20423748;18.7549736;388.0766;42.1353;13.0;0.8;198.036
1753875270.54;2.0;49.2042375;18.75497349;388.0753;42.1353;13.0;0.8;198.034
1753875270.55;2.0;49.20423752;18.75497338;388.0743;42.1353;13.0;0.8;198.008
1753875270.56;2.0;49.20423753;18.75497327;388.0732;42.1353;13.0;0.8;197.966
1753875270.57;2.0;49.20423755;18.75497317;388.072;42.1353;13.0;0.8;197.923
1753875270.58;2.0;49.20423756;18.75497306;388.0705;42.1353;13.0;0.8;197.877
1753875270.59;2.0;49.20423758;18.75497296;388.0695;42.1353;13.0;0.8;197.857
1753875270.6;2.0;49.20423759;18.75497285;388.0691;42.1353;13.0;0.8;197.812
1753875270.61;2.0;49.2042376;18.75497275;388.0689;42.1353;13.0;0.8;197.754
1753875270.62;2.0;49.20423761;18.75497264;388.0679;42.1353;13.0;0.8;197.684
1753875270.63;2.0;49.20423761;18.75497254;388.0668;42.1353;13.0;0.8;197.656
1753875270.64;2.0;49.20423763;18.75497243;388.0654;42.1353;13.0;0.8;197.646
1753875270.65;2.0;49.20423764;18.75497231;388.0637;42.1353;13.0;0.8;197.635
1753875270.66;2.0;49.20423765;18.7549722;388.0612;42.1353;13.0;0.8;197.579
1753875270.67;2.0;49.20423766;18.75497208;388.0598;42.1353;13.0;0.8;197.481
1753875270.68;2.0;49.20423767;18.75497196;388.0589;42.1353;13.0;0.8;197.358
1753875270.69;2.0;49.20423768;18.75497184;388.0573;42.1353;13.0;0.8;197.234
1753875270.7;2.0;49.20423769;18.75497172;388.0555;42.1353;13.0;0.8;197.079
1753875270.71;2.0;49.2042377;18.75497161;388.0539;42.1353;13.0;0.8;196.896
1753875270.72;2.0;49.20423771;18.75497149;388.053;42.1353;13.0;0.8;196.748
1753875270.73;2.0;49.20423772;18.75497137;388.0521;42.1353;13.0;0.8;196.636
1753875270.74;2.0;49.20423773;18.75497125;388.0507;42.1353;13.0;0.8;196.536
1753875270.75;2.0;49.20423774;18.75497114;388.0497;42.1353;13.0;0.8;196.436
1753875270.76;2.0;49.20423775;18.75497102;388.0492;42.1353;13.0;0.8;196.352
1753875270.77;2.0;49.20423776;18.7549709;388.0493;42.1353;13.0;0.8;196.216
1753875270.78;2.0;49.20423777;18.75497078;388.0486;42.1353;13.0;0.8;196.066
1753875270.79;2.0;49.20423778;18.75497066;388.0473;42.1353;13.0;0.8;195.886
1753875270.8;2.0;49.20423779;18.75497054;388.0461;42.1353;13.0;0.8;195.73
1753875270.81;2.0;49.2042378;18.75497042;388.0454;42.1353;13.0;0.8;195.599
1753875270.82;2.0;49.20423781;18.7549703;388.0447;42.1353;13.0;0.8;195.5
1753875270.83;2.0;49.20423782;18.75497019;388.0438;42.1353;13.0;0.8;195.396
1753875270.84;2.0;49.20423783;18.75497008;388.0436;42.1353;13.0;0.8;195.295
1753875270.85;2.0;49.20423784;18.75496997;388.0435;42.1353;13.0;0.8;195.207
1753875270.86;2.0;49.20423785;18.75496986;388.0433;42.1353;13.0;0.8;195.104
1753875270.87;2.0;49.20423786;18.75496976;388.0428;42.1353;13.0;0.8;195.036
1753875270.88;2.0;49.20423786;18.75496966;388.0423;42.1353;13.0;0.8;195.037
1753875270.89;2.0;49.20423787;18.75496957;388.0411;42.1353;13.0;0.8;195.115
1753875270.9;2.0;49.20423788;18.75496946;388.0399;42.1353;13.0;0.8;195.23
1753875270.91;2.0;49.20423789;18.75496937;388.0394;42.1353;13.0;0.8;195.343
1753875270.92;2.0;49.2042379;18.75496927;388.0388;42.1353;13.0;0.8;195.428
1753875270.93;2.0;49.20423792;18.75496917;388.0374;42.1353;13.0;0.8;195.544
1753875270.94;2.0;49.20423793;18.75496906;388.0363;42.1353;13.0;0.8;195.681
1753875270.95;2.0;49.20423794;18.75496896;388.0352;42.1353;13.0;0.8;195.757
1753875270.96;2.0;49.20423795;18.75496885;388.0331;42.1353;13.0;0.8;195.819
1753875270.97;2.0;49.20423796;18.75496874;388.0306;42.1353;13.0;0.8;195.869
1753875270.98;2.0;49.20423797;18.75496863;388.0293;42.1353;13.0;0.8;195.909
1753875270.99;2.0;49.20423799;18.75496853;388.0287;42.1353;13.0;0.8;195.958
1753875271.0;2.0;49.204238;18.75496842;388.0288;42.1353;13.0;0.8;196.02
1753875271.01;2.0;49.204238;18.75496832;388.029;42.1353;13.0;0.8;196.083
1753875271.02;2.0;49.20423801;18.75496822;388.0292;42.1353;13.0;0.8;196.151
1753875271.03;2.0;49.20423802;18.75496811;388.0287;42.1353;13.0;0.8;196.238
1753875271.04;2.0;49.20423803;18.75496801;388.0283;42.1353;13.0;0.8;196.278
1753875271.05;2.0;49.20423803;18.75496791;388.0284;42.1353;13.0;0.8;196.32
1753875271.06;2.0;49.20423804;18.75496781;388.028;42.1353;13.0;0.8;196.368
1753875271.07;2.0;49.20423805;18.7549677;388.0269;42.1353;13.0;0.8;196.443
1753875271.08;2.0;49.20423807;18.7549676;388.0263;42.1353;13.0;0.8;196.519
1753875271.09;2.0;49.20423808;18.75496749;388.0259;42.1353;13.0;0.8;196.603
1753875271.1;2.0;49.20423809;18.7549674;388.0251;42.1353;13.0;0.8;196.717
1753875271.11;2.0;49.20423811;18.7549673;388.0237;42.1353;13.0;0.8;196.876
1753875271.12;2.0;49.20423813;18.7549672;388.0217;42.1353;13.0;0.8;197.033
1753875271.13;2.0;49.20423814;18.75496711;388.0196;42.1353;13.0;0.8;197.204
1753875271.14;2.0;49.20423816;18.75496702;388.0176;42.1353;13.0;0.8;197.385
1753875271.15;2.0;49.20423818;18.75496693;388.016;42.1353;13.0;0.8;197.546
1753875271.16;2.0;49.2042382;18.75496684;388.0141;42.1353;13.0;0.8;197.725
1753875271.17;2.0;49.20423822;18.75496675;388.0122;42.1353;13.0;0.8;197.9
1753875271.18;2.0;49.20423824;18.75496667;388.0101;42.1353;13.0;0.8;198.073
1753875271.19;2.0;49.20423826;18.75496658;388.0076;42.1353;13.0;0.8;198.259
1753875271.2;2.0;49.20423828;18.75496649;388.0059;42.1353;13.0;0.8;198.438
1753875271.21;2.0;49.2042383;18.7549664;388.005;42.1353;13.0;0.8;198.557
1753875271.22;2.0;49.20423832;18.75496632;388.005;42.1353;13.0;0.8;198.67
1753875271.23;2.0;49.20423834;18.75496623;388.0055;42.1353;13.0;0.8;198.802
1753875271.24;2.0;49.20423836;18.75496615;388.0054;42.1353;13.0;0.8;198.934
1753875271.25;2.0;49.20423838;18.75496606;388.0049;42.1353;13.0;0.8;199.051
1753875271.26;2.0;49.2042384;18.75496598;388.0051;42.1353;13.0;0.8;199.136
1753875271.27;2.0;49.20423841;18.7549659;388.005;42.1353;13.0;0.8;199.234
1753875271.28;2.0;49.20423843;18.75496582;388.0051;42.1353;13.0;0.8;199.356
1753875271.29;2.0;49.20423845;18.75496575;388.0049;42.1353;13.0;0.8;199.47
1753875271.3;2.0;49.20423847;18.75496568;388.0045;42.1353;13.0;0.8;199.611
1753875271.31;2.0;49.20423849;18.75496561;388.0037;42.1353;13.0;0.8;199.799
1753875271.32;2.0;49.2042385;18.75496555;388.0028;42.1353;13.0;0.8;200.01
1753875271.33;2.0;49.20423852;18.75496548;388.0018;42.1353;13.0;0.8;200.249
1753875271.34;2.0;49.20423853;18.75496542;388.0006;42.1353;13.0;0.8;200.509
1753875271.35;2.0;49.20423855;18.75496536;387.9988;42.1353;13.0;0.8;200.721
1753875271.36;2.0;49.20423856;18.75496531;387.997;42.1353;13.0;0.8;200.924
1753875271.37;2.0;49.20423858;18.75496525;387.9959;42.1353;13.0;0.8;201.139
1753875271.38;2.0;49.20423859;18.7549652;387.9954;42.1353;13.0;0.8;201.349
1753875271.39;2.0;49.20423861;18.75496514;387.9941;42.1353;13.0;0.8;201.536
1753875271.4;2.0;49.20423863;18.75496508;387.9929;42.1353;13.0;0.8;201.716
1753875271.41;2.0;49.20423865;18.75496503;387.9915;42.1353;13.0;0.8;201.889
1753875271.42;2.0;49.20423867;18.75496497;387.9907;42.1353;13.0;0.8;202.076
1753875271.43;2.0;49.2042387;18.7549649;387.9903;42.1353;13.0;0.8;202.259
1753875271.44;2.0;49.20423872;18.75496484;387.9901;42.1353;13.0;0.8;202.389
1753875271.45;2.0;49.20423874;18.75496478;387.9895;42.1353;13.0;0.8;202.526
1753875271.46;2.0;49.20423876;18.75496471;387.9882;42.1353;13.0;0.8;202.654
1753875271.47;2.0;49.20423878;18.75496465;387.987;42.1353;13.0;0.8;202.802
1753875271.48;2.0;49.2042388;18.75496459;387.9865;42.1353;13.0;0.8;202.982
1753875271.49;2.0;49.20423881;18.75496453;387.9857;42.1353;13.0;0.8;203.187
1753875271.5;2.0;49.20423883;18.75496447;387.9844;42.1353;13.0;0.8;203.406
1753875271.51;2.0;49.20423885;18.7549644;387.9835;42.1353;13.0;0.8;203.607
1753875271.52;2.0;49.20423886;18.75496434;387.9824;42.1353;13.0;0.8;203.837
1753875271.53;2.0;49.20423888;18.75496428;387.9807;42.1353;13.0;0.8;204.067
1753875271.54;2.0;49.2042389;18.75496422;387.9792;42.1353;13.0;0.8;204.312
1753875271.55;2.0;49.20423892;18.75496415;387.9782;42.1353;13.0;0.8;204.537
1753875271.56;2.0;49.20423895;18.75496409;387.9775;42.1353;13.0;0.8;204.719
1753875271.57;2.0;49.20423897;18.75496402;387.9768;42.1353;13.0;0.8;204.894
1753875271.58;2.0;49.20423899;18.75496395;387.9757;42.1353;13.0;0.8;205.072
1753875271.59;2.0;49.20423901;18.75496388;387.9747;42.1353;13.0;0.8;205.264
1753875271.6;2.0;49.20423904;18.75496381;387.974;42.1353;13.0;0.8;205.401
1753875271.61;2.0;49.20423906;18.75496373;387.9732;42.1353;13.0;0.8;205.536
1753875271.62;2.0;49.20423909;18.75496366;387.9718;42.1353;13.0;0.8;205.686
1753875271.63;2.0;49.20423911;18.75496358;387.9704;42.1353;13.0;0.8;205.843
1753875271.64;2.0;49.20423914;18.75496351;387.9697;42.1353;13.0;0.8;206.016
1753875271.65;2.0;49.20423916;18.75496344;387.9688;42.1353;13.0;0.8;206.202
1753875271.66;2.0;49.20423918;18.75496336;387.9681;42.1353;13.0;0.8;206.425
1753875271.67;2.0;49.20423921;18.75496329;387.9671;42.1353;13.0;0.8;206.641
1753875271.68;2.0;49.20423923;18.75496321;387.9663;42.1353;13.0;0.8;206.869
1753875271.69;2.0;49.20423925;18.75496314;387.9646;42.1353;13.0;0.8;207.076
1753875271.7;2.0;49.20423927;18.75496307;387.9634;42.1353;13.0;0.8;207.296
1753875271.71;2.0;49.2042393;18.754963;387.9628;42.1353;13.0;0.8;207.512
1753875271.72;2.0;49.20423932;18.75496293;387.9622;42.1353;13.0;0.8;207.67
1753875271.73;2.0;49.20423933;18.75496286;387.9612;42.1353;13.0;0.8;207.799
1753875271.74;2.0;49.20423935;18.7549628;387.9601;42.1353;13.0;0.8;207.98
1753875271.75;2.0;49.20423937;18.75496274;387.9591;42.1353;13.0;0.8;208.166
1753875271.76;2.0;49.2042394;18.75496268;387.9583;42.1353;13.0;0.8;208.33
1753875271.77;2.0;49.20423941;18.75496262;387.9575;42.1353;13.0;0.8;208.526
1753875271.78;2.0;49.20423944;18.75496255;387.9561;42.1353;13.0;0.8;208.762
1753875271.79;2.0;49.20423946;18.75496249;387.9546;42.1353;13.0;0.8;209.017
1753875271.8;2.0;49.20423948;18.75496243;387.9536;42.1353;13.0;0.8;209.303
1753875271.81;2.0;49.2042395;18.75496237;387.9531;42.1353;13.0;0.8;209.598
1753875271.82;2.0;49.20423951;18.75496231;387.9537;42.1353;13.0;0.8;209.879
1753875271.83;2.0;49.20423953;18.75496225;387.9538;42.1353;13.0;0.8;210.131
1753875271.84;2.0;49.20423956;18.7549622;387.9534;42.1353;13.0;0.8;210.371
1753875271.85;2.0;49.20423958;18.75496214;387.9525;42.1353;13.0;0.8;210.611
1753875271.86;2.0;49.20423961;18.75496208;387.9509;42.1353;13.0;0.8;210.831
1753875271.87;2.0;49.20423963;18.75496203;387.9492;42.1353;13.0;0.8;211.052
1753875271.88;2.0;49.20423965;18.75496197;387.9477;42.1353;13.0;0.8;211.262
1753875271.89;2.0;49.20423967;18.75496191;387.9463;42.1353;13.0;0.8;211.498
1753875271.9;2.0;49.20423969;18.75496186;387.9453;42.1353;13.0;0.8;211.689
1753875271.91;2.0;49.20423971;18.75496181;387.9444;42.1353;13.0;0.8;211.853
1753875271.92;2.0;49.20423973;18.75496175;387.9435;42.1353;13.0;0.8;212.008
1753875271.93;2.0;49.20423975;18.75496169;387.9425;42.1353;13.0;0.8;212.204
1753875271.94;2.0;49.20423977;18.75496164;387.9416;42.1353;13.0;0.8;212.463
1753875271.95;2.0;49.20423979;18.75496157;387.9406;42.1353;13.0;0.8;212.701
1753875271.96;2.0;49.20423981;18.75496151;387.9396;42.1353;13.0;0.8;212.964
1753875271.97;2.0;49.20423982;18.75496146;387.9389;42.1353;13.0;0.8;213.19
1753875271.98;2.0;49.20423984;18.7549614;387.9381;42.1353;13.0;0.8;213.378
1753875271.99;2.0;49.20423986;18.75496135;387.9373;42.1353;13.0;0.8;213.546
1753875272.0;2.0;49.20423989;18.7549613;387.9364;42.1353;13.0;0.8;213.74
1753875272.01;2.0;49.20423991;18.75496124;387.936;42.1353;13.0;0.8;213.944
1753875272.02;2.0;49.20423993;18.75496118;387.935;42.1353;13.0;0.8;214.152
1753875272.03;2.0;49.20423995;18.75496113;387.9343;42.1353;13.0;0.8;214.351
1753875272.04;2.0;49.20423997;18.75496107;387.9342;42.1353;13.0;0.8;214.565
1753875272.05;2.0;49.20423999;18.75496102;387.9344;42.1353;13.0;0.8;214.763
1753875272.06;2.0;49.20424001;18.75496097;387.9342;42.1353;13.0;0.8;214.919
1753875272.07;2.0;49.20424003;18.75496092;387.9336;42.1353;13.0;0.8;215.069
1753875272.08;2.0;49.20424007;18.75496086;387.9339;42.1353;13.0;0.8;215.247
1753875272.09;2.0;49.2042401;18.7549608;387.934;42.1353;13.0;0.8;215.434
1753875272.1;2.0;49.20424013;18.75496074;387.9338;42.1353;13.0;0.8;215.66
1753875272.11;2.0;49.20424017;18.75496069;387.9341;42.1353;13.0;0.8;215.903
1753875272.12;2.0;49.2042402;18.75496063;387.9348;42.1353;13.0;0.8;216.114
1753875272.13;2.0;49.20424024;18.75496057;387.9353;42.1353;13.0;0.8;216.323
1753875272.14;2.0;49.20424027;18.75496051;387.9351;42.1353;13.0;0.8;216.525
1753875272.15;2.0;49.2042403;18.75496045;387.9343;42.1353;13.0;0.8;216.712
1753875272.16;2.0;49.20424034;18.75496038;387.9336;42.1353;13.0;0.8;216.902
1753875272.17;2.0;49.20424037;18.75496032;387.9327;42.1353;13.0;0.8;217.068
1753875272.18;2.0;49.2042404;18.75496025;387.9315;42.1353;13.0;0.8;217.216
1753875272.19;2.0;49.20424044;18.75496019;387.9302;42.1353;13.0;0.8;217.354
1753875272.2;2.0;49.20424046;18.75496012;387.9293;42.1353;13.0;0.8;217.497
1753875272.21;2.0;49.2042405;18.75496005;387.9284;42.1353;13.0;0.8;217.664
1753875272.22;2.0;49.20424052;18.75495998;387.9271;42.1353;13.0;0.8;217.839
1753875272.23;2.0;49.20424055;18.75495991;387.9254;42.1353;13.0;0.8;218.022
1753875272.24;2.0;49.20424058;18.75495985;387.924;42.1353;13.0;0.8;218.282
1753875272.25;2.0;49.20424061;18.75495978;387.9226;42.1353;13.0;0.8;218.528
1753875272.26;2.0;49.20424063;18.75495971;387.9214;42.1353;13.0;0.8;218.716
1753875272.27;2.0;49.20424066;18.75495965;387.9199;42.1353;13.0;0.8;218.917
1753875272.28;2.0;49.20424068;18.75495959;387.9189;42.1353;13.0;0.8;219.125
1753875272.29;2.0;49.20424071;18.75495953;387.9185;42.1353;13.0;0.8;219.333
1753875272.3;2.0;49.20424073;18.75495946;387.9181;42.1353;13.0;0.8;219.504
1753875272.31;2.0;49.20424076;18.75495941;387.9171;42.1353;13.0;0.8;219.688
1753875272.32;2.0;49.20424079;18.75495934;387.9157;42.1353;13.0;0.8;219.896
1753875272.33;2.0;49.20424081;18.75495929;387.9139;42.1353;13.0;0.8;220.133
1753875272.34;2.0;49.20424083;18.75495923;387.9123;42.1353;13.0;0.8;220.356
1753875272.35;2.0;49.20424086;18.75495917;387.911;42.1353;13.0;0.8;220.609
1753875272.36;2.0;49.20424089;18.75495912;387.9106;42.1353;13.0;0.8;220.856
1753875272.37;2.0;49.20424092;18.75495906;387.9098;42.1353;13.0;0.8;221.092
1753875272.38;2.0;49.20424094;18.75495901;387.9086;42.1353;13.0;0.8;221.307
1753875272.39;2.0;49.20424097;18.75495895;387.9073;42.1353;13.0;0.8;221.561
1753875272.4;2.0;49.204241;18.75495889;387.9058;42.1353;13.0;0.8;221.821
1753875272.41;2.0;49.20424103;18.75495884;387.9044;42.1353;13.0;0.8;222.062
1753875272.42;2.0;49.20424106;18.75495878;387.903;42.1353;13.0;0.8;222.271
1753875272.43;2.0;49.20424109;18.75495872;387.9016;42.1353;13.0;0.8;222.429
1753875272.44;2.0;49.20424112;18.75495867;387.9007;42.1353;13.0;0.8;222.626
1753875272.45;2.0;49.20424116;18.75495861;387.8999;42.1353;13.0;0.8;222.838
1753875272.46;2.0;49.20424119;18.75495856;387.8991;42.1353;13.0;0.8;223.057
1753875272.47;2.0;49.20424122;18.7549585;387.898;42.1353;13.0;0.8;223.289
1753875272.48;2.0;49.20424125;18.75495844;387.8966;42.1353;13.0;0.8;223.512
1753875272.49;2.0;49.20424129;18.75495839;387.8952;42.1353;13.0;0.8;223.688
1753875272.5;2.0;49.20424131;18.75495834;387.8943;42.1353;13.0;0.8;223.865
1753875272.51;2.0;49.20424134;18.75495829;387.8939;42.1353;13.0;0.8;224.066
1753875272.52;2.0;49.20424137;18.75495823;387.8938;42.1353;13.0;0.8;224.294
1753875272.53;2.0;49.2042414;18.75495817;387.8935;42.1353;13.0;0.8;224.516
1753875272.54;2.0;49.20424144;18.75495812;387.8934;42.1353;13.0;0.8;224.691
1753875272.55;2.0;49.20424148;18.75495806;387.8925;42.1353;13.0;0.8;224.802
1753875272.56;2.0;49.20424151;18.754958;387.892;42.1353;13.0;0.8;224.929
1753875272.57;2.0;49.20424154;18.75495795;387.8922;42.1353;13.0;0.8;225.117
1753875272.58;2.0;49.20424157;18.75495789;387.8924;42.1353;13.0;0.8;225.262
1753875272.59;2.0;49.2042416;18.75495783;387.8923;42.1353;13.0;0.8;225.392
1753875272.6;2.0;49.20424164;18.75495777;387.8914;42.1353;13.0;0.8;225.573
1753875272.61;2.0;49.20424167;18.7549577;387.8908;42.1353;13.0;0.8;225.769
1753875272.62;2.0;49.2042417;18.75495764;387.8904;42.1353;13.0;0.8;225.963
1753875272.63;2.0;49.20424173;18.75495758;387.8901;42.1353;13.0;0.8;226.161
1753875272.64;2.0;49.20424176;18.75495752;387.8893;42.1353;13.0;0.8;226.37
1753875272.65;2.0;49.20424179;18.75495746;387.8882;42.1353;13.0;0.8;226.583
1753875272.66;2.0;49.20424182;18.75495741;387.887;42.1353;13.0;0.8;226.819
1753875272.67;2.0;49.20424185;18.75495736;387.8863;42.1353;13.0;0.8;227.058
1753875272.68;2.0;49.20424188;18.7549573;387.886;42.1353;13.0;0.8;227.32
1753875272.69;2.0;49.20424191;18.75495726;387.8853;42.1353;13.0;0.8;227.546
1753875272.7;2.0;49.20424195;18.75495721;387.8845;42.1353;13.0;0.8;227.777
1753875272.71;2.0;49.20424199;18.75495716;387.8851;42.1353;13.0;0.8;228.0
1753875272.72;2.0;49.20424202;18.75495712;387.8861;42.1353;13.0;0.8;228.19
1753875272.73;2.0;49.20424206;18.75495708;387.8865;42.1353;13.0;0.8;228.372
1753875272.74;2.0;49.20424209;18.75495703;387.8865;42.1353;13.0;0.8;228.577
1753875272.75;2.0;49.20424213;18.75495698;387.8862;42.1353;13.0;0.8;228.795
1753875272.76;2.0;49.20424217;18.75495693;387.8859;42.1353;13.0;0.8;228.993
1753875272.77;2.0;49.20424221;18.75495688;387.8857;42.1353;13.0;0.8;229.202
1753875272.78;2.0;49.20424225;18.75495684;387.8855;42.1353;13.0;0.8;229.412
1753875272.79;2.0;49.20424229;18.75495679;387.8847;42.1353;13.0;0.8;229.566
1753875272.8;2.0;49.20424234;18.75495674;387.883;42.1353;13.0;0.8;229.749
1753875272.81;2.0;49.20424238;18.75495668;387.8813;42.1353;13.0;0.8;229.927
1753875272.82;2.0;49.20424242;18.75495662;387.8797;42.1353;13.0;0.8;230.108
1753875272.83;2.0;49.20424246;18.75495657;387.8779;42.1353;13.0;0.8;230.304
1753875272.84;2.0;49.20424251;18.75495652;387.8764;42.1353;13.0;0.8;230.496
1753875272.85;2.0;49.20424255;18.75495647;387.8745;42.1353;13.0;0.8;230.66
1753875272.86;2.0;49.20424259;18.75495641;387.8728;42.1353;13.0;0.8;230.84
1753875272.87;2.0;49.20424263;18.75495636;387.8714;42.1353;13.0;0.8;231.053
1753875272.88;2.0;49.20424267;18.75495632;387.8708;42.1353;13.0;0.8;231.263
1753875272.89;2.0;49.20424272;18.75495627;387.8701;42.1353;13.0;0.8;231.423
1753875272.9;2.0;49.20424276;18.75495622;387.8696;42.1353;13.0;0.8;231.559
1753875272.91;2.0;49.2042428;18.75495617;387.8687;42.1353;13.0;0.8;231.674
1753875272.92;2.0;49.20424283;18.75495613;387.8679;42.1353;13.0;0.8;231.798
1753875272.93;2.0;49.20424287;18.75495608;387.867;42.1353;13.0;0.8;231.979
1753875272.94;2.0;49.20424292;18.75495604;387.8666;42.1353;13.0;0.8;232.111
1753875272.95;2.0;49.20424296;18.75495599;387.8666;42.1353;13.0;0.8;232.259
1753875272.96;2.0;49.20424299;18.75495595;387.8662;42.1353;13.0;0.8;232.441
1753875272.97;2.0;49.20424303;18.7549559;387.866;42.1353;13.0;0.8;232.621
1753875272.98;2.0;49.20424307;18.75495586;387.8663;42.1353;13.0;0.8;232.826
1753875272.99;2.0;49.20424311;18.75495582;387.8664;42.1353;13.0;0.8;233.045
1753875273.0;2.0;49.20424315;18.75495578;387.8666;42.1353;13.0;0.8;233.283
1753875273.01;2.0;49.20424319;18.75495573;387.8668;42.1353;13.0;0.8;233.516
1753875273.02;2.0;49.20424323;18.75495569;387.8664;42.1353;13.0;0.8;233.752
1753875273.03;2.0;49.20424327;18.75495564;387.866;42.1353;13.0;0.8;233.978
1753875273.04;2.0;49.20424331;18.75495558;387.8663;42.1353;13.0;0.8;234.2
1753875273.05;2.0;49.20424336;18.75495553;387.8662;42.1353;13.0;0.8;234.407
1753875273.06;2.0;49.2042434;18.75495548;387.8657;42.1353;13.0;0.8;234.584
1753875273.07;2.0;49.20424345;18.75495544;387.8659;42.1353;13.0;0.8;234.802
1753875273.08;2.0;49.20424349;18.7549554;387.8659;42.1353;13.0;0.8;235.067
1753875273.09;2.0;49.20424354;18.75495536;387.8659;42.1353;13.0;0.8;235.329
1753875273.1;2.0;49.20424359;18.75495531;387.8653;42.1353;13.0;0.8;235.586
1753875273.11;2.0;49.20424364;18.75495526;387.8651;42.1353;13.0;0.8;235.798
1753875273.12;2.0;49.20424369;18.75495522;387.8652;42.1353;13.0;0.8;236.018
1753875273.13;2.0;49.20424373;18.75495518;387.8644;42.1353;13.0;0.8;236.204
1753875273.14;2.0;49.20424378;18.75495514;387.8637;42.1353;13.0;0.8;236.386
1753875273.15;2.0;49.20424383;18.75495509;387.8633;42.1353;13.0;0.8;236.583
1753875273.16;2.0;49.20424388;18.75495505;387.8628;42.1353;13.0;0.8;236.759
1753875273.17;2.0;49.20424392;18.75495501;387.8618;42.1353;13.0;0.8;236.919
1753875273.18;2.0;49.20424397;18.75495497;387.8611;42.1353;13.0;0.8;237.073
1753875273.19;2.0;49.20424402;18.75495493;387.8605;42.1353;13.0;0.8;237.243
1753875273.2;2.0;49.20424406;18.75495489;387.8596;42.1353;13.0;0.8;237.38
1753875273.21;2.0;49.20424411;18.75495485;387.8586;42.1353;13.0;0.8;237.489
1753875273.22;2.0;49.20424416;18.75495482;387.8576;42.1353;13.0;0.8;237.619
1753875273.23;2.0;49.2042442;18.75495479;387.857;42.1353;13.0;0.8;237.745
1753875273.24;2.0;49.20424425;18.75495476;387.8562;42.1353;13.0;0.8;237.912
1753875273.25;2.0;49.2042443;18.75495472;387.8555;42.1353;13.0;0.8;238.086
1753875273.26;2.0;49.20424434;18.75495468;387.8549;42.1353;13.0;0.8;238.249
1753875273.27;2.0;49.20424439;18.75495464;387.8541;42.1353;13.0;0.8;238.392
1753875273.28;2.0;49.20424444;18.75495459;387.8532;42.1353;13.0;0.8;238.466
1753875273.29;2.0;49.2042445;18.75495454;387.8522;42.1353;13.0;0.8;238.541
1753875273.3;2.0;49.20424455;18.75495448;387.8513;42.1353;13.0;0.8;238.605
1753875273.31;2.0;49.20424461;18.75495443;387.8502;42.1353;13.0;0.8;238.661
1753875273.32;2.0;49.20424467;18.75495436;387.8482;42.1353;13.0;0.8;238.648
1753875273.33;2.0;49.20424473;18.7549543;387.8466;42.1353;13.0;0.8;238.639
1753875273.34;2.0;49.20424479;18.75495423;387.8444;42.1353;13.0;0.8;238.629
1753875273.35;2.0;49.20424485;18.75495416;387.8421;42.1353;13.0;0.8;238.588
1753875273.36;2.0;49.20424491;18.75495409;387.8403;42.1353;13.0;0.8;238.502
1753875273.37;2.0;49.20424496;18.75495402;387.8383;42.1353;13.0;0.8;238.387
1753875273.38;2.0;49.20424502;18.75495395;387.8367;42.1353;13.0;0.8;238.295
1753875273.39;2.0;49.20424508;18.75495387;387.835;42.1353;13.0;0.8;238.182
1753875273.4;2.0;49.20424515;18.75495381;387.8329;42.1353;13.0;0.8;238.065
1753875273.41;2.0;49.20424521;18.75495374;387.8308;42.1353;13.0;0.8;238.037
1753875273.42;2.0;49.20424527;18.75495367;387.8285;42.1353;13.0;0.8;238.019
1753875273.43;2.0;49.20424534;18.7549536;387.8267;42.1353;13.0;0.8;237.982
1753875273.44;2.0;49.20424541;18.75495352;387.8251;42.1353;13.0;0.8;237.901
1753875273.45;2.0;49.20424548;18.75495345;387.8234;42.1353;13.0;0.8;237.842
1753875273.46;2.0;49.20424554;18.75495338;387.8226;42.1353;13.0;0.8;237.825
1753875273.47;2.0;49.2042456;18.75495331;387.8221;42.1353;13.0;0.8;237.832
1753875273.48;2.0;49.20424567;18.75495324;387.8217;42.1353;13.0;0.8;237.864
1753875273.49;2.0;49.20424574;18.75495317;387.8214;42.1353;13.0;0.8;237.906
1753875273.5;2.0;49.20424581;18.7549531;387.8203;42.1353;13.0;0.8;237.972
1753875273.51;2.0;49.20424587;18.75495303;387.8189;42.1353;13.0;0.8;238.027
1753875273.52;2.0;49.20424594;18.75495295;387.8178;42.1353;13.0;0.8;238.065
1753875273.53;2.0;49.20424601;18.75495288;387.8166;42.1353;13.0;0.8;238.09
1753875273.54;2.0;49.20424607;18.7549528;387.8157;42.1353;13.0;0.8;238.116
1753875273.55;2.0;49.20424613;18.75495273;387.8148;42.1353;13.0;0.8;238.147
1753875273.56;2.0;49.2042462;18.75495266;387.8141;42.1353;13.0;0.8;238.195
1753875273.57;2.0;49.20424626;18.75495258;387.8126;42.1353;13.0;0.8;238.223
1753875273.58;2.0;49.20424632;18.7549525;387.8107;42.1353;13.0;0.8;238.216
1753875273.59;2.0;49.20424638;18.75495243;387.809;42.1353;13.0;0.8;238.236
1753875273.6;2.0;49.20424645;18.75495236;387.8073;42.1353;13.0;0.8;238.28
1753875273.61;2.0;49.20424651;18.75495229;387.8061;42.1353;13.0;0.8;238.278
1753875273.62;2.0;49.20424657;18.75495222;387.8052;42.1353;13.0;0.8;238.303
1753875273.63;2.0;49.20424663;18.75495215;387.804;42.1353;13.0;0.8;238.332
1753875273.64;2.0;49.20424669;18.75495209;387.8034;42.1353;13.0;0.8;238.402
1753875273.65;2.0;49.20424675;18.75495202;387.8031;42.1353;13.0;0.8;238.538
1753875273.66;2.0;49.20424681;18.75495196;387.8022;42.1353;13.0;0.8;238.668
1753875273.67;2.0;49.20424687;18.7549519;387.801;42.1353;13.0;0.8;238.766
1753875273.68;2.0;49.20424694;18.75495184;387.7998;42.1353;13.0;0.8;238.831
1753875273.69;2.0;49.204247;18.75495178;387.7992;42.1353;13.0;0.8;238.861
1753875273.7;2.0;49.20424706;18.75495172;387.7984;42.1353;13.0;0.8;238.927
1753875273.71;2.0;49.20424712;18.75495166;387.7976;42.1353;13.0;0.8;238.955
1753875273.72;2.0;49.20424718;18.7549516;387.7965;42.1353;13.0;0.8;238.955
1753875273.73;2.0;49.20424725;18.75495154;387.7951;42.1353;13.0;0.8;238.964
1753875273.74;2.0;49.20424731;18.75495148;387.7938;42.1353;13.0;0.8;239.009
1753875273.75;2.0;49.20424737;18.75495143;387.7928;42.1353;13.0;0.8;239.072
1753875273.76;2.0;49.20424743;18.75495137;387.7917;42.1353;13.0;0.8;239.124
1753875273.77;2.0;49.20424748;18.75495131;387.7906;42.1353;13.0;0.8;239.192
1753875273.78;2.0;49.20424754;18.75495124;387.7895;42.1353;13.0;0.8;239.26
1753875273.79;2.0;49.20424761;18.75495118;387.7882;42.1353;13.0;0.8;239.316
1753875273.8;2.0;49.20424767;18.75495112;387.7868;42.1353;13.0;0.8;239.354
1753875273.81;2.0;49.20424773;18.75495104;387.7856;42.1353;13.0;0.8;239.371
1753875273.82;2.0;49.2042478;18.75495097;387.784;42.1353;13.0;0.8;239.443
1753875273.83;2.0;49.20424786;18.75495091;387.7825;42.1353;13.0;0.8;239.463
1753875273.84;2.0;49.20424793;18.75495083;387.7809;42.1353;13.0;0.8;239.475
1753875273.85;2.0;49.204248;18.75495077;387.7796;42.1353;13.0;0.8;239.496
1753875273.86;2.0;49.20424807;18.7549507;387.7781;42.1353;13.0;0.8;239.527
1753875273.87;2.0;49.20424814;18.75495064;387.7768;42.1353;13.0;0.8;239.575
1753875273.88;2.0;49.2042482;18.75495057;387.7756;42.1353;13.0;0.8;239.577
1753875273.89;2.0;49.20424827;18.75495051;387.7747;42.1353;13.0;0.8;239.617
1753875273.9;2.0;49.20424834;18.75495045;387.7742;42.1353;13.0;0.8;239.672
1753875273.91;2.0;49.2042484;18.7549504;387.7741;42.1353;13.0;0.8;239.754
1753875273.92;2.0;49.20424847;18.75495034;387.774;42.1353;13.0;0.8;239.824
1753875273.93;2.0;49.20424854;18.75495028;387.774;42.1353;13.0;0.8;239.879
1753875273.94;2.0;49.2042486;18.75495022;387.7741;42.1353;13.0;0.8;239.907
1753875273.95;2.0;49.20424868;18.75495015;387.7734;42.1353;13.0;0.8;239.927
1753875273.96;2.0;49.20424875;18.75495009;387.7728;42.1353;13.0;0.8;239.945
1753875273.97;2.0;49.20424881;18.75495001;387.7723;42.1353;13.0;0.8;239.975
1753875273.98;2.0;49.20424888;18.75494994;387.772;42.1353;13.0;0.8;239.956
1753875273.99;2.0;49.20424895;18.75494987;387.772;42.1353;13.0;0.8;239.941
1753875274.0;2.0;49.20424901;18.75494979;387.7715;42.1353;13.0;0.8;239.923
1753875274.01;2.0;49.20424908;18.75494972;387.771;42.1353;13.0;0.8;239.9
1753875274.02;2.0;49.20424915;18.75494965;387.7702;42.1353;13.0;0.8;239.847
1753875274.03;2.0;49.20424922;18.75494958;387.7684;42.1353;13.0;0.8;239.831
1753875274.04;2.0;49.20424929;18.75494951;387.7672;42.1353;13.0;0.8;239.859
1753875274.05;2.0;49.20424935;18.75494945;387.7663;42.1353;13.0;0.8;239.932
1753875274.06;2.0;49.20424942;18.75494938;387.7657;42.1353;13.0;0.8;240.02
1753875274.07;2.0;49.20424949;18.75494932;387.7657;42.1353;13.0;0.8;240.086
1753875274.08;2.0;49.20424955;18.75494926;387.7657;42.1353;13.0;0.8;240.212
1753875274.09;2.0;49.20424961;18.75494921;387.7655;42.1353;13.0;0.8;240.371
1753875274.1;2.0;49.20424967;18.75494915;387.765;42.1353;13.0;0.8;240.489
1753875274.11;2.0;49.20424973;18.7549491;387.7646;42.1353;13.0;0.8;240.6
1753875274.12;2.0;49.2042498;18.75494903;387.7639;42.1353;13.0;0.8;240.662
1753875274.13;2.0;49.20424986;18.75494897;387.7631;42.1353;13.0;0.8;240.716
1753875274.14;2.0;49.20424992;18.75494892;387.7623;42.1353;13.0;0.8;240.74
1753875274.15;2.0;49.20424999;18.75494887;387.7618;42.1353;13.0;0.8;240.775
1753875274.16;2.0;49.20425005;18.75494881;387.7613;42.1353;13.0;0.8;240.812
1753875274.17;2.0;49.20425011;18.75494876;387.7605;42.1353;13.0;0.8;240.857
1753875274.18;2.0;49.20425017;18.7549487;387.759;42.1353;13.0;0.8;240.922
1753875274.19;2.0;49.20425024;18.75494865;387.7569;42.1353;13.0;0.8;240.945
1753875274.2;2.0;49.20425031;18.75494859;387.755;42.1353;13.0;0.8;241.007
1753875274.21;2.0;49.20425037;18.75494853;387.7539;42.1353;13.0;0.8;241.13
1753875274.22;2.0;49.20425044;18.75494847;387.7534;42.1353;13.0;0.8;241.251
1753875274.23;2.0;49.2042505;18.75494841;387.7527;42.1353;13.0;0.8;241.416
1753875274.24;2.0;49.20425057;18.75494835;387.752;42.1353;13.0;0.8;241.554
1753875274.25;2.0;49.20425064;18.7549483;387.7509;42.1353;13.0;0.8;241.674
1753875274.26;2.0;49.20425071;18.75494825;387.7493;42.1353;13.0;0.8;241.798
1753875274.27;2.0;49.20425077;18.75494821;387.7481;42.1353;13.0;0.8;241.963
1753875274.28;2.0;49.20425084;18.75494817;387.7473;42.1353;13.0;0.8;242.179
1753875274.29;2.0;49.2042509;18.75494813;387.7468;42.1353;13.0;0.8;242.432
1753875274.3;2.0;49.20425096;18.7549481;387.746;42.1353;13.0;0.8;242.682
1753875274.31;2.0;49.20425101;18.75494807;387.7449;42.1353;13.0;0.8;242.948
1753875274.32;2.0;49.20425106;18.75494803;387.7438;42.1353;13.0;0.8;243.216
1753875274.33;2.0;49.20425111;18.754948;387.7429;42.1353;13.0;0.8;243.514
1753875274.34;2.0;49.20425116;18.75494798;387.7422;42.1353;13.0;0.8;243.826
1753875274.35;2.0;49.20425121;18.75494795;387.7417;42.1353;13.0;0.8;244.182
1753875274.36;2.0;49.20425125;18.75494793;387.7413;42.1353;13.0;0.8;244.521
1753875274.37;2.0;49.2042513;18.75494791;387.7412;42.1353;13.0;0.8;244.828
1753875274.38;2.0;49.20425134;18.7549479;387.741;42.1353;13.0;0.8;245.122
1753875274.39;2.0;49.20425138;18.75494788;387.7405;42.1353;13.0;0.8;245.466
1753875274.4;2.0;49.20425142;18.75494787;387.7402;42.1353;13.0;0.8;245.762
1753875274.41;2.0;49.20425145;18.75494785;387.7404;42.1353;13.0;0.8;246.082
1753875274.42;2.0;49.20425149;18.75494783;387.7399;42.1353;13.0;0.8;246.397
1753875274.43;2.0;49.20425152;18.75494782;387.7393;42.1353;13.0;0.8;246.732
1753875274.44;2.0;49.20425155;18.75494781;387.7379;42.1353;13.0;0.8;247.107
1753875274.45;2.0;49.20425158;18.7549478;387.7365;42.1353;13.0;0.8;247.487
1753875274.46;2.0;49.20425162;18.75494779;387.7357;42.1353;13.0;0.8;247.895
1753875274.47;2.0;49.20425165;18.75494778;387.7349;42.1353;13.0;0.8;248.264
1753875274.48;2.0;49.20425168;18.75494777;387.7345;42.1353;13.0;0.8;248.638
1753875274.49;2.0;49.20425172;18.75494777;387.7336;42.1353;13.0;0.8;248.99
1753875274.5;2.0;49.20425175;18.75494776;387.7319;42.1353;13.0;0.8;249.35
1753875274.51;2.0;49.20425179;18.75494775;387.73;42.1353;13.0;0.8;249.695
1753875274.52;2.0;49.20425182;18.75494775;387.729;42.1353;13.0;0.8;250.043
1753875274.53;2.0;49.20425186;18.75494774;387.7276;42.1353;13.0;0.8;250.444
1753875274.54;2.0;49.20425189;18.75494774;387.7263;42.1353;13.0;0.8;250.804
1753875274.55;2.0;49.20425193;18.75494774;387.7247;42.1353;13.0;0.8;251.129
1753875274.56;2.0;49.20425196;18.75494773;387.723;42.1353;13.0;0.8;251.478
1753875274.57;2.0;49.204252;18.75494772;387.7214;42.1353;13.0;0.8;251.852
1753875274.58;2.0;49.20425203;18.75494773;387.7208;42.1353;13.0;0.8;252.187
1753875274.59;2.0;49.20425207;18.75494773;387.7205;42.1353;13.0;0.8;252.53
1753875274.6;2.0;49.20425211;18.75494772;387.721;42.1353;13.0;0.8;252.837
1753875274.61;2.0;49.20425214;18.75494772;387.7222;42.1353;13.0;0.8;253.155
1753875274.62;2.0;49.20425218;18.75494772;387.7228;42.1353;13.0;0.8;253.478
1753875274.63;2.0;49.20425221;18.75494772;387.7237;42.1353;13.0;0.8;253.779
1753875274.64;2.0;49.20425225;18.75494771;387.7247;42.1353;13.0;0.8;254.094
1753875274.65;2.0;49.20425228;18.7549477;387.7254;42.1353;13.0;0.8;254.398
1753875274.66;2.0;49.20425232;18.75494769;387.726;42.1353;13.0;0.8;254.687
1753875274.67;2.0;49.20425236;18.75494769;387.7265;42.1353;13.0;0.8;254.961
1753875274.68;2.0;49.2042524;18.75494768;387.7266;42.1353;13.0;0.8;255.201
1753875274.69;2.0;49.20425243;18.75494767;387.7268;42.1353;13.0;0.8;255.447
1753875274.7;2.0;49.20425246;18.75494766;387.7269;42.1353;13.0;0.8;255.73
1753875274.71;2.0;49.2042525;18.75494765;387.7269;42.1353;13.0;0.8;256.029
1753875274.72;2.0;49.20425253;18.75494765;387.7263;42.1353;13.0;0.8;256.3
1753875274.73;2.0;49.20425256;18.75494765;387.7252;42.1353;13.0;0.8;256.571
1753875274.74;2.0;49.2042526;18.75494764;387.725;42.1353;13.0;0.8;256.881
1753875274.75;2.0;49.20425264;18.75494764;387.7248;42.1353;13.0;0.8;257.153
1753875274.76;2.0;49.20425267;18.75494763;387.7246;42.1353;13.0;0.8;257.408
1753875274.77;2.0;49.2042527;18.75494763;387.7245;42.1353;13.0;0.8;257.693
1753875274.78;2.0;49.20425273;18.75494764;387.7244;42.1353;13.0;0.8;257.924
1753875274.79;2.0;49.20425275;18.75494764;387.7243;42.1353;13.0;0.8;258.216
1753875274.8;2.0;49.20425279;18.75494764;387.7242;42.1353;13.0;0.8;258.474
1753875274.81;2.0;49.20425281;18.75494764;387.7238;42.1353;13.0;0.8;258.713
1753875274.82;2.0;49.20425284;18.75494764;387.7239;42.1353;13.0;0.8;258.99
1753875274.83;2.0;49.20425288;18.75494764;387.7238;42.1353;13.0;0.8;259.215
1753875274.84;2.0;49.20425291;18.75494764;387.7228;42.1353;13.0;0.8;259.411
1753875274.85;2.0;49.20425295;18.75494764;387.7217;42.1353;13.0;0.8;259.625
1753875274.86;2.0;49.20425298;18.75494764;387.7211;42.1353;13.0;0.8;259.841
1753875274.87;2.0;49.20425302;18.75494764;387.7203;42.1353;13.0;0.8;259.935
1753875274.88;2.0;49.20425306;18.75494763;387.7196;42.1353;13.0;0.8;260.017
1753875274.89;2.0;49.2042531;18.75494761;387.7191;42.1353;13.0;0.8;260.061
1753875274.9;2.0;49.20425314;18.7549476;387.7182;42.1353;13.0;0.8;260.102
1753875274.91;2.0;49.20425318;18.75494758;387.7172;42.1353;13.0;0.8;260.129
1753875274.92;2.0;49.20425322;18.75494757;387.7163;42.1353;13.0;0.8;260.148
1753875274.93;2.0;49.20425326;18.75494755;387.7162;42.1353;13.0;0.8;260.129
1753875274.94;2.0;49.20425329;18.75494753;387.7163;42.1353;13.0;0.8;260.083
1753875274.95;2.0;49.20425334;18.75494752;387.7155;42.1353;13.0;0.8;260.023
1753875274.96;2.0;49.20425338;18.7549475;387.7143;42.1353;13.0;0.8;259.978
1753875274.97;2.0;49.20425343;18.75494748;387.713;42.1353;13.0;0.8;259.94
1753875274.98;2.0;49.20425347;18.75494746;387.7115;42.1353;13.0;0.8;259.883
1753875274.99;2.0;49.20425352;18.75494744;387.7105;42.1353;13.0;0.8;259.804
1753875275.0;2.0;49.20425357;18.75494742;387.7098;42.1353;13.0;0.8;259.747
1753875275.01;2.0;49.20425361;18.7549474;387.7097;42.1353;13.0;0.8;259.742
1753875275.02;2.0;49.20425367;18.75494738;387.7097;42.1353;13.0;0.8;259.728
1753875275.03;2.0;49.20425372;18.75494736;387.7091;42.1353;13.0;0.8;259.708
1753875275.04;2.0;49.20425378;18.75494734;387.7085;42.1353;13.0;0.8;259.67
1753875275.05;2.0;49.20425384;18.75494731;387.708;42.1353;13.0;0.8;259.615
1753875275.06;2.0;49.20425391;18.75494729;387.7082;42.1353;13.0;0.8;259.535
1753875275.07;2.0;49.20425398;18.75494726;387.7077;42.1353;13.0;0.8;259.47
1753875275.08;2.0;49.20425405;18.75494724;387.7075;42.1353;13.0;0.8;259.416
1753875275.09;2.0;49.20425412;18.75494722;387.7079;42.1353;13.0;0.8;259.382
1753875275.1;2.0;49.20425419;18.7549472;387.7073;42.1353;13.0;0.8;259.357
1753875275.11;2.0;49.20425427;18.75494718;387.7068;42.1353;13.0;0.8;259.407
1753875275.12;2.0;49.20425435;18.75494716;387.7066;42.1353;13.0;0.8;259.489
1753875275.13;2.0;49.20425443;18.75494714;387.7064;42.1353;13.0;0.8;259.57
1753875275.14;2.0;49.20425452;18.75494712;387.7072;42.1353;13.0;0.8;259.638
1753875275.15;2.0;49.20425461;18.75494709;387.7075;42.1353;13.0;0.8;259.66
1753875275.16;2.0;49.20425469;18.75494707;387.7071;42.1353;13.0;0.8;259.653
1753875275.17;2.0;49.20425478;18.75494705;387.7064;42.1353;13.0;0.8;259.665
1753875275.18;2.0;49.20425486;18.75494703;387.7059;42.1353;13.0;0.8;259.689
1753875275.19;2.0;49.20425494;18.75494701;387.7056;42.1353;13.0;0.8;259.707
1753875275.2;2.0;49.20425502;18.75494699;387.7059;42.1353;13.0;0.8;259.666
1753875275.21;2.0;49.2042551;18.75494696;387.7062;42.1353;13.0;0.8;259.678
1753875275.22;2.0;49.20425517;18.75494694;387.706;42.1353;13.0;0.8;259.673
1753875275.23;2.0;49.20425524;18.75494692;387.7055;42.1353;13.0;0.8;259.656
1753875275.24;2.0;49.20425531;18.7549469;387.705;42.1353;13.0;0.8;259.654
1753875275.25;2.0;49.20425539;18.75494688;387.7048;42.1353;13.0;0.8;259.626
1753875275.26;2.0;49.20425545;18.75494686;387.7042;42.1353;13.0;0.8;259.558
1753875275.27;2.0;49.20425552;18.75494684;387.7029;42.1353;13.0;0.8;259.543
1753875275.28;2.0;49.20425558;18.75494683;387.7016;42.1353;13.0;0.8;259.518
1753875275.29;2.0;49.20425565;18.75494681;387.7008;42.1353;13.0;0.8;259.48
1753875275.3;2.0;49.20425572;18.75494679;387.6999;42.1353;13.0;0.8;259.378
1753875275.31;2.0;49.20425578;18.75494676;387.6982;42.1353;13.0;0.8;259.281
1753875275.32;2.0;49.20425585;18.75494674;387.6967;42.1353;13.0;0.8;259.143
1753875275.33;2.0;49.20425591;18.75494672;387.6957;42.1353;13.0;0.8;259.02
1753875275.34;2.0;49.20425597;18.7549467;387.6952;42.1353;13.0;0.8;259.006
1753875275.35;2.0;49.20425603;18.75494668;387.6941;42.1353;13.0;0.8;259.013
1753875275.36;2.0;49.20425609;18.75494666;387.6931;42.1353;13.0;0.8;259.021
1753875275.37;2.0;49.20425615;18.75494664;387.6922;42.1353;13.0;0.8;259.112
1753875275.38;2.0;49.20425621;18.75494662;387.6909;42.1353;13.0;0.8;259.133
1753875275.39;2.0;49.20425627;18.75494661;387.6897;42.1353;13.0;0.8;259.127
1753875275.4;2.0;49.20425633;18.75494658;387.6889;42.1353;13.0;0.8;259.149
1753875275.41;2.0;49.20425639;18.75494657;387.6883;42.1353;13.0;0.8;259.168
1753875275.42;2.0;49.20425644;18.75494655;387.6872;42.1353;13.0;0.8;259.217
1753875275.43;2.0;49.2042565;18.75494654;387.6855;42.1353;13.0;0.8;259.261
1753875275.44;2.0;49.20425656;18.75494652;387.6845;42.1353;13.0;0.8;259.286
1753875275.45;2.0;49.20425661;18.75494651;387.6835;42.1353;13.0;0.8;259.278
1753875275.46;2.0;49.20425667;18.75494649;387.6826;42.1353;13.0;0.8;259.283
1753875275.47;2.0;49.20425673;18.75494648;387.6815;42.1353;13.0;0.8;259.305
1753875275.48;2.0;49.20425679;18.75494646;387.6804;42.1353;13.0;0.8;259.321
1753875275.49;2.0;49.20425685;18.75494644;387.6796;42.1353;13.0;0.8;259.308
1753875275.5;2.0;49.20425692;18.75494642;387.6788;42.1353;13.0;0.8;259.299
1753875275.51;2.0;49.20425698;18.75494639;387.6778;42.1353;13.0;0.8;259.254
1753875275.52;2.0;49.20425704;18.75494637;387.6767;42.1353;13.0;0.8;259.178
1753875275.53;2.0;49.20425711;18.75494635;387.676;42.1353;13.0;0.8;259.132
1753875275.54;2.0;49.20425717;18.75494632;387.675;42.1353;13.0;0.8;259.117
1753875275.55;2.0;49.20425724;18.75494629;387.6738;42.1353;13.0;0.8;259.14
1753875275.56;2.0;49.2042573;18.75494626;387.6726;42.1353;13.0;0.8;259.221
1753875275.57;2.0;49.20425736;18.75494623;387.6716;42.1353;13.0;0.8;259.277
1753875275.58;2.0;49.20425742;18.7549462;387.6704;42.1353;13.0;0.8;259.303
1753875275.59;2.0;49.20425749;18.75494617;387.6693;42.1353;13.0;0.8;259.34
1753875275.6;2.0;49.20425755;18.75494614;387.6687;42.1353;13.0;0.8;259.367
1753875275.61;2.0;49.20425762;18.75494611;387.6677;42.1353;13.0;0.8;259.392
1753875275.62;2.0;49.20425769;18.75494609;387.6669;42.1353;13.0;0.8;259.401
1753875275.63;2.0;49.20425776;18.75494606;387.666;42.1353;13.0;0.8;259.414
1753875275.64;2.0;49.20425783;18.75494604;387.6651;42.1353;13.0;0.8;259.447
1753875275.65;2.0;49.20425789;18.75494601;387.664;42.1353;13.0;0.8;259.455
1753875275.66;2.0;49.20425796;18.75494599;387.6632;42.1353;13.0;0.8;259.452
1753875275.67;2.0;49.20425803;18.75494597;387.663;42.1353;13.0;0.8;259.461
1753875275.68;2.0;49.20425809;18.75494594;387.6629;42.1353;13.0;0.8;259.505
1753875275.69;2.0;49.20425815;18.75494593;387.6632;42.1353;13.0;0.8;259.538
1753875275.7;2.0;49.20425821;18.75494592;387.6635;42.1353;13.0;0.8;259.541
1753875275.71;2.0;49.20425827;18.75494591;387.6634;42.1353;13.0;0.8;259.555
1753875275.72;2.0;49.20425834;18.75494589;387.6628;42.1353;13.0;0.8;259.558
1753875275.73;2.0;49.2042584;18.75494589;387.6623;42.1353;13.0;0.8;259.551
1753875275.74;2.0;49.20425846;18.75494589;387.6617;42.1353;13.0;0.8;259.556
1753875275.75;2.0;49.20425853;18.75494588;387.6611;42.1353;13.0;0.8;259.555
1753875275.76;2.0;49.20425859;18.75494586;387.6604;42.1353;13.0;0.8;259.578
1753875275.77;2.0;49.20425866;18.75494584;387.6603;42.1353;13.0;0.8;259.604
1753875275.78;2.0;49.20425873;18.75494582;387.6595;42.1353;13.0;0.8;259.626
1753875275.79;2.0;49.2042588;18.75494581;387.6584;42.1353;13.0;0.8;259.611
1753875275.8;2.0;49.20425887;18.75494579;387.6569;42.1353;13.0;0.8;259.593
1753875275.81;2.0;49.20425894;18.75494578;387.6555;42.1353;13.0;0.8;259.552
1753875275.82;2.0;49.20425901;18.75494576;387.6539;42.1353;13.0;0.8;259.474
1753875275.83;2.0;49.20425908;18.75494575;387.6531;42.1353;13.0;0.8;259.397
1753875275.84;2.0;49.20425914;18.75494574;387.6525;42.1353;13.0;0.8;259.34
1753875275.85;2.0;49.2042592;18.75494572;387.6526;42.1353;13.0;0.8;259.361
1753875275.86;2.0;49.20425926;18.75494571;387.6532;42.1353;13.0;0.8;259.381
1753875275.87;2.0;49.20425933;18.7549457;387.6536;42.1353;13.0;0.8;259.388
1753875275.88;2.0;49.20425939;18.75494569;387.6538;42.1353;13.0;0.8;259.379
1753875275.89;2.0;49.20425945;18.75494568;387.6536;42.1353;13.0;0.8;259.398
1753875275.9;2.0;49.20425951;18.75494567;387.6527;42.1353;13.0;0.8;259.436
1753875275.91;2.0;49.20425957;18.75494566;387.6518;42.1353;13.0;0.8;259.459
1753875275.92;2.0;49.20425963;18.75494565;387.6515;42.1353;13.0;0.8;259.503
1753875275.93;2.0;49.2042597;18.75494563;387.6519;42.1353;13.0;0.8;259.557
1753875275.94;2.0;49.20425976;18.75494563;387.6522;42.1353;13.0;0.8;259.547
1753875275.95;2.0;49.20425983;18.75494562;387.6521;42.1353;13.0;0.8;259.538
1753875275.96;2.0;49.20425989;18.7549456;387.652;42.1353;13.0;0.8;259.505
1753875275.97;2.0;49.20425995;18.75494559;387.6526;42.1353;13.0;0.8;259.521
1753875275.98;2.0;49.20426001;18.75494558;387.6528;42.1353;13.0;0.8;259.497
1753875275.99;2.0;49.20426008;18.75494557;387.652;42.1353;13.0;0.8;259.493
1753875276.0;2.0;49.20426014;18.75494555;387.6506;42.1353;13.0;0.8;259.474
1753875276.01;2.0;49.20426021;18.75494554;387.6488;42.1353;13.0;0.8;259.468
1753875276.02;2.0;49.20426028;18.75494552;387.647;42.1353;13.0;0.8;259.41
1753875276.03;2.0;49.20426034;18.7549455;387.6453;42.1353;13.0;0.8;259.352
1753875276.04;2.0;49.2042604;18.75494549;387.6442;42.1353;13.0;0.8;259.313
1753875276.05;2.0;49.20426047;18.75494546;387.6433;42.1353;13.0;0.8;259.323
1753875276.06;2.0;49.20426053;18.75494545;387.6423;42.1353;13.0;0.8;259.338
1753875276.07;2.0;49.20426059;18.75494542;387.642;42.1353;13.0;0.8;259.321
1753875276.08;2.0;49.20426066;18.75494541;387.6415;42.1353;13.0;0.8;259.279
1753875276.09;2.0;49.20426072;18.75494539;387.6417;42.1353;13.0;0.8;259.244
1753875276.1;2.0;49.20426079;18.75494537;387.6419;42.1353;13.0;0.8;259.252
1753875276.11;2.0;49.20426086;18.75494536;387.6418;42.1353;13.0;0.8;259.298
1753875276.12;2.0;49.20426092;18.75494534;387.6423;42.1353;13.0;0.8;259.38
1753875276.13;2.0;49.20426099;18.75494533;387.6426;42.1353;13.0;0.8;259.456
1753875276.14;2.0;49.20426106;18.75494531;387.6429;42.1353;13.0;0.8;259.537
1753875276.15;2.0;49.20426112;18.75494529;387.6429;42.1353;13.0;0.8;259.585
1753875276.16;2.0;49.20426119;18.75494528;387.6431;42.1353;13.0;0.8;259.633
1753875276.17;2.0;49.20426126;18.75494526;387.6441;42.1353;13.0;0.8;259.683
1753875276.18;2.0;49.20426133;18.75494525;387.6458;42.1353;13.0;0.8;259.707
1753875276.19;2.0;49.2042614;18.75494524;387.6473;42.1353;13.0;0.8;259.677
1753875276.2;2.0;49.20426147;18.75494523;387.6475;42.1353;13.0;0.8;259.613
1753875276.21;2.0;49.20426154;18.75494522;387.6473;42.1353;13.0;0.8;259.573
1753875276.22;2.0;49.20426162;18.75494521;387.6474;42.1353;13.0;0.8;259.545
1753875276.23;2.0;49.20426168;18.7549452;387.6477;42.1353;13.0;0.8;259.528
1753875276.24;2.0;49.20426175;18.75494519;387.6477;42.1353;13.0;0.8;259.491
1753875276.25;2.0;49.20426182;18.75494517;387.6478;42.1353;13.0;0.8;259.455
1753875276.26;2.0;49.20426188;18.75494516;387.6482;42.1353;13.0;0.8;259.426
1753875276.27;2.0;49.20426194;18.75494514;387.6481;42.1353;13.0;0.8;259.459
1753875276.28;2.0;49.20426201;18.75494512;387.6482;42.1353;13.0;0.8;259.502
1753875276.29;2.0;49.20426207;18.7549451;387.6483;42.1353;13.0;0.8;259.538
1753875276.3;2.0;49.20426214;18.75494508;387.6484;42.1353;13.0;0.8;259.582
1753875276.31;2.0;49.2042622;18.75494507;387.6485;42.1353;13.0;0.8;259.6
1753875276.32;2.0;49.20426226;18.75494505;387.6492;42.1353;13.0;0.8;259.64
1753875276.33;2.0;49.20426233;18.75494504;387.6503;42.1353;13.0;0.8;259.689
1753875276.34;2.0;49.2042624;18.75494502;387.6516;42.1353;13.0;0.8;259.66
1753875276.35;2.0;49.20426247;18.754945;387.653;42.1353;13.0;0.8;259.593
1753875276.36;2.0;49.20426254;18.75494499;387.6537;42.1353;13.0;0.8;259.537
1753875276.37;2.0;49.20426261;18.75494498;387.6538;42.1353;13.0;0.8;259.488
1753875276.38;2.0;49.20426268;18.75494496;387.654;42.1353;13.0;0.8;259.433
1753875276.39;2.0;49.20426275;18.75494496;387.6536;42.1353;13.0;0.8;259.385
1753875276.4;2.0;49.20426282;18.75494495;387.6526;42.1353;13.0;0.8;259.371
1753875276.41;2.0;49.20426289;18.75494494;387.6514;42.1353;13.0;0.8;259.331
1753875276.42;2.0;49.20426296;18.75494494;387.6502;42.1353;13.0;0.8;259.321
1753875276.43;2.0;49.20426303;18.75494494;387.6495;42.1353;13.0;0.8;259.328
1753875276.44;2.0;49.2042631;18.75494493;387.6493;42.1353;13.0;0.8;259.356
1753875276.45;2.0;49.20426317;18.75494492;387.6496;42.1353;13.0;0.8;259.418
1753875276.46;2.0;49.20426324;18.75494491;387.6493;42.1353;13.0;0.8;259.421
1753875276.47;2.0;49.20426331;18.7549449;387.6489;42.1353;13.0;0.8;259.429
1753875276.48;2.0;49.20426338;18.75494489;387.6485;42.1353;13.0;0.8;259.427
1753875276.49;2.0;49.20426345;18.75494487;387.6487;42.1353;13.0;0.8;259.434
1753875276.5;2.0;49.20426352;18.75494486;387.6494;42.1353;13.0;0.8;259.421
1753875276.51;2.0;49.20426359;18.75494485;387.6498;42.1353;13.0;0.8;259.403
1753875276.52;2.0;49.20426366;18.75494483;387.649;42.1353;13.0;0.8;259.426
1753875276.53;2.0;49.20426373;18.75494481;387.6481;42.1353;13.0;0.8;259.406
1753875276.54;2.0;49.20426381;18.75494479;387.647;42.1353;13.0;0.8;259.385
1753875276.55;2.0;49.20426388;18.75494477;387.6458;42.1353;13.0;0.8;259.388
1753875276.56;2.0;49.20426395;18.75494475;387.6451;42.1353;13.0;0.8;259.399
1753875276.57;2.0;49.20426402;18.75494474;387.6452;42.1353;13.0;0.8;259.395
1753875276.58;2.0;49.20426409;18.75494472;387.6456;42.1353;13.0;0.8;259.466
1753875276.59;2.0;49.20426417;18.7549447;387.6454;42.1353;13.0;0.8;259.507
1753875276.6;2.0;49.20426425;18.75494468;387.6449;42.1353;13.0;0.8;259.507
1753875276.61;2.0;49.20426433;18.75494467;387.6448;42.1353;13.0;0.8;259.467
1753875276.62;2.0;49.20426441;18.75494465;387.6453;42.1353;13.0;0.8;259.377
1753875276.63;2.0;49.20426449;18.75494464;387.6459;42.1353;13.0;0.8;259.332
1753875276.64;2.0;49.20426457;18.75494463;387.6467;42.1353;13.0;0.8;259.295
1753875276.65;2.0;49.20426465;18.75494461;387.647;42.1353;13.0;0.8;259.252
1753875276.66;2.0;49.20426472;18.7549446;387.6468;42.1353;13.0;0.8;259.188
1753875276.67;2.0;49.2042648;18.75494459;387.6465;42.1353;13.0;0.8;259.149
1753875276.68;2.0;49.20426488;18.75494458;387.6463;42.1353;13.0;0.8;259.11
1753875276.69;2.0;49.20426496;18.75494456;387.6465;42.1353;13.0;0.8;259.058
1753875276.7;2.0;49.20426504;18.75494455;387.6466;42.1353;13.0;0.8;259.003
1753875276.71;2.0;49.20426511;18.75494454;387.6467;42.1353;13.0;0.8;258.951
1753875276.72;2.0;49.20426519;18.75494452;387.6469;42.1353;13.0;0.8;258.949
1753875276.73;2.0;49.20426527;18.75494451;387.6468;42.1353;13.0;0.8;258.985
1753875276.74;2.0;49.20426535;18.75494449;387.647;42.1353;13.0;0.8;259.038
1753875276.75;2.0;49.20426542;18.75494447;387.6477;42.1353;13.0;0.8;259.099
1753875276.76;2.0;49.2042655;18.75494446;387.6478;42.1353;13.0;0.8;259.149
1753875276.77;2.0;49.20426558;18.75494444;387.6481;42.1353;13.0;0.8;259.175
1753875276.78;2.0;49.20426565;18.75494441;387.6486;42.1353;13.0;0.8;259.203
1753875276.79;2.0;49.20426573;18.75494438;387.6489;42.1353;13.0;0.8;259.179
1753875276.8;2.0;49.20426581;18.75494436;387.6492;42.1353;13.0;0.8;259.141
1753875276.81;2.0;49.20426588;18.75494433;387.6496;42.1353;13.0;0.8;259.126
1753875276.82;2.0;49.20426596;18.75494431;387.65;42.1353;13.0;0.8;259.134
1753875276.83;2.0;49.20426604;18.75494428;387.6497;42.1353;13.0;0.8;259.131
1753875276.84;2.0;49.20426611;18.75494426;387.6494;42.1353;13.0;0.8;259.095
1753875276.85;2.0;49.20426619;18.75494424;387.6498;42.1353;13.0;0.8;259.076
1753875276.86;2.0;49.20426626;18.75494422;387.6506;42.1353;13.0;0.8;259.081
1753875276.87;2.0;49.20426634;18.75494419;387.6514;42.1353;13.0;0.8;259.143
1753875276.88;2.0;49.20426642;18.75494417;387.6513;42.1353;13.0;0.8;259.216
1753875276.89;2.0;49.2042665;18.75494415;387.6509;42.1353;13.0;0.8;259.292
1753875276.9;2.0;49.20426658;18.75494413;387.6509;42.1353;13.0;0.8;259.327
1753875276.91;2.0;49.20426666;18.7549441;387.6509;42.1353;13.0;0.8;259.33
1753875276.92;2.0;49.20426674;18.75494408;387.6512;42.1353;13.0;0.8;259.32
1753875276.93;2.0;49.20426682;18.75494406;387.6514;42.1353;13.0;0.8;259.352
1753875276.94;2.0;49.2042669;18.75494404;387.6512;42.1353;13.0;0.8;259.395
1753875276.95;2.0;49.20426698;18.75494401;387.6509;42.1353;13.0;0.8;259.428
1753875276.96;2.0;49.20426706;18.75494399;387.6504;42.1353;13.0;0.8;259.459
1753875276.97;2.0;49.20426714;18.75494397;387.6487;42.1353;13.0;0.8;259.438
1753875276.98;2.0;49.20426722;18.75494395;387.6476;42.1353;13.0;0.8;259.402
1753875276.99;2.0;49.2042673;18.75494393;387.6469;42.1353;13.0;0.8;259.402
1753875277.0;2.0;49.20426738;18.75494391;387.6466;42.1353;13.0;0.8;259.45
1753875277.01;2.0;49.20426745;18.7549439;387.6466;42.1353;13.0;0.8;259.487
1753875277.02;2.0;49.20426753;18.75494388;387.6471;42.1353;13.0;0.8;259.554
1753875277.03;2.0;49.20426761;18.75494386;387.6477;42.1353;13.0;0.8;259.593
1753875277.04;2.0;49.20426769;18.75494384;387.6481;42.1353;13.0;0.8;259.603
1753875277.05;2.0;49.20426777;18.75494383;387.6481;42.1353;13.0;0.8;259.623
1753875277.06;2.0;49.20426785;18.7549438;387.648;42.1353;13.0;0.8;259.621
1753875277.07;2.0;49.20426792;18.75494378;387.6483;42.1353;13.0;0.8;259.64
1753875277.08;2.0;49.20426799;18.75494376;387.6496;42.1353;13.0;0.8;259.623
1753875277.09;2.0;49.20426806;18.75494373;387.6508;42.1353;13.0;0.8;259.542
1753875277.1;2.0;49.20426813;18.75494371;387.6513;42.1353;13.0;0.8;259.41
1753875277.11;2.0;49.2042682;18.75494369;387.6512;42.1353;13.0;0.8;259.296
1753875277.12;2.0;49.20426828;18.75494366;387.6512;42.1353;13.0;0.8;259.281
1753875277.13;2.0;49.20426836;18.75494363;387.6514;42.1353;13.0;0.8;259.285
1753875277.14;2.0;49.20426843;18.75494361;387.6516;42.1353;13.0;0.8;259.277
1753875277.15;2.0;49.20426851;18.75494359;387.6515;42.1353;13.0;0.8;259.283
1753875277.16;2.0;49.20426859;18.75494356;387.6514;42.1353;13.0;0.8;259.34
1753875277.17;2.0;49.20426867;18.75494353;387.6511;42.1353;13.0;0.8;259.413
1753875277.18;2.0;49.20426876;18.7549435;387.6511;42.1353;13.0;0.8;259.497
1753875277.19;2.0;49.20426884;18.75494347;387.6515;42.1353;13.0;0.8;259.553
1753875277.2;2.0;49.20426893;18.75494344;387.6516;42.1353;13.0;0.8;259.553
1753875277.21;2.0;49.204269;18.75494341;387.6519;42.1353;13.0;0.8;259.519
1753875277.22;2.0;49.20426908;18.75494338;387.6527;42.1353;13.0;0.8;259.536
1753875277.23;2.0;49.20426915;18.75494335;387.6538;42.1353;13.0;0.8;259.553
1753875277.24;2.0;49.20426923;18.75494333;387.6543;42.1353;13.0;0.8;259.596
1753875277.25;2.0;49.20426931;18.7549433;387.6549;42.1353;13.0;0.8;259.586
1753875277.26;2.0;49.20426939;18.75494327;387.6557;42.1353;13.0;0.8;259.575
1753875277.27;2.0;49.20426947;18.75494325;387.6565;42.1353;13.0;0.8;259.496
1753875277.28;2.0;49.20426954;18.75494322;387.6574;42.1353;13.0;0.8;259.416
1753875277.29;2.0;49.20426961;18.75494319;387.6582;42.1353;13.0;0.8;259.405
1753875277.3;2.0;49.20426968;18.75494317;387.6587;42.1353;13.0;0.8;259.426
1753875277.31;2.0;49.20426976;18.75494315;387.6592;42.1353;13.0;0.8;259.433
1753875277.32;2.0;49.20426983;18.75494313;387.6592;42.1353;13.0;0.8;259.457
1753875277.33;2.0;49.20426991;18.7549431;387.659;42.1353;13.0;0.8;259.466
1753875277.34;2.0;49.20426999;18.75494307;387.6591;42.1353;13.0;0.8;259.44
1753875277.35;2.0;49.20427006;18.75494304;387.6595;42.1353;13.0;0.8;259.444
1753875277.36;2.0;49.20427014;18.75494302;387.6598;42.1353;13.0;0.8;259.487
1753875277.37;2.0;49.20427022;18.75494299;387.6598;42.1353;13.0;0.8;259.51
1753875277.38;2.0;49.2042703;18.75494296;387.6603;42.1353;13.0;0.8;259.485
1753875277.39;2.0;49.20427039;18.75494292;387.66;42.1353;13.0;0.8;259.395
1753875277.4;2.0;49.20427047;18.75494288;387.6594;42.1353;13.0;0.8;259.312
1753875277.41;2.0;49.20427056;18.75494284;387.659;42.1353;13.0;0.8;259.254
1753875277.42;2.0;49.20427064;18.7549428;387.659;42.1353;13.0;0.8;259.189
1753875277.43;2.0;49.20427072;18.75494277;387.6586;42.1353;13.0;0.8;259.112
1753875277.44;2.0;49.2042708;18.75494274;387.6577;42.1353;13.0;0.8;259.053
1753875277.45;2.0;49.20427088;18.75494271;387.6568;42.1353;13.0;0.8;259.067
1753875277.46;2.0;49.20427096;18.75494268;387.6558;42.1353;13.0;0.8;259.16
1753875277.47;2.0;49.20427104;18.75494265;387.6549;42.1353;13.0;0.8;259.216
1753875277.48;2.0;49.20427113;18.75494262;387.6541;42.1353;13.0;0.8;259.284
1753875277.49;2.0;49.20427121;18.75494259;387.6534;42.1353;13.0;0.8;259.304
1753875277.5;2.0;49.20427129;18.75494255;387.6538;42.1353;13.0;0.8;259.351
1753875277.51;2.0;49.20427137;18.75494252;387.6544;42.1353;13.0;0.8;259.364
1753875277.52;2.0;49.20427145;18.75494249;387.655;42.1353;13.0;0.8;259.39
1753875277.53;2.0;49.20427153;18.75494246;387.6556;42.1353;13.0;0.8;259.432
1753875277.54;2.0;49.20427161;18.75494244;387.6564;42.1353;13.0;0.8;259.459
1753875277.55;2.0;49.20427169;18.75494242;387.657;42.1353;13.0;0.8;259.525
1753875277.56;2.0;49.20427177;18.75494239;387.6571;42.1353;13.0;0.8;259.497
1753875277.57;2.0;49.20427185;18.75494237;387.6563;42.1353;13.0;0.8;259.463
1753875277.58;2.0;49.20427193;18.75494234;387.6558;42.1353;13.0;0.8;259.478
1753875277.59;2.0;49.20427201;18.75494231;387.6564;42.1353;13.0;0.8;259.481
1753875277.6;2.0;49.20427208;18.75494228;387.6578;42.1353;13.0;0.8;259.46
1753875277.61;2.0;49.20427216;18.75494224;387.6588;42.1353;13.0;0.8;259.403
1753875277.62;2.0;49.20427224;18.75494221;387.6591;42.1353;13.0;0.8;259.346
1753875277.63;2.0;49.20427231;18.75494219;387.66;42.1353;13.0;0.8;259.338
1753875277.64;2.0;49.20427239;18.75494215;387.6608;42.1353;13.0;0.8;259.305
1753875277.65;2.0;49.20427247;18.75494212;387.6616;42.1353;13.0;0.8;259.254
1753875277.66;2.0;49.20427255;18.75494208;387.6627;42.1353;13.0;0.8;259.193
1753875277.67;2.0;49.20427263;18.75494204;387.6632;42.1353;13.0;0.8;259.152
1753875277.68;2.0;49.20427271;18.75494202;387.6634;42.1353;13.0;0.8;259.108
1753875277.69;2.0;49.20427279;18.75494198;387.6638;42.1353;13.0;0.8;259.072
1753875277.7;2.0;49.20427287;18.75494195;387.6643;42.1353;13.0;0.8;259.058
1753875277.71;2.0;49.20427295;18.75494192;387.6652;42.1353;13.0;0.8;259.05
1753875277.72;2.0;49.20427302;18.75494189;387.6665;42.1353;13.0;0.8;259.071
1753875277.73;2.0;49.2042731;18.75494185;387.6671;42.1353;13.0;0.8;259.059
1753875277.74;2.0;49.20427318;18.75494183;387.6674;42.1353;13.0;0.8;258.995
1753875277.75;2.0;49.20427325;18.7549418;387.6674;42.1353;13.0;0.8;258.898
1753875277.76;2.0;49.20427333;18.75494177;387.6679;42.1353;13.0;0.8;258.811
1753875277.77;2.0;49.2042734;18.75494175;387.6683;42.1353;13.0;0.8;258.8
1753875277.78;2.0;49.20427348;18.75494172;387.6687;42.1353;13.0;0.8;258.813
1753875277.79;2.0;49.20427356;18.7549417;387.6692;42.1353;13.0;0.8;258.8
1753875277.8;2.0;49.20427363;18.75494168;387.6705;42.1353;13.0;0.8;258.813
1753875277.81;2.0;49.2042737;18.75494166;387.6721;42.1353;13.0;0.8;258.863
1753875277.82;2.0;49.20427378;18.75494163;387.6735;42.1353;13.0;0.8;258.938
1753875277.83;2.0;49.20427385;18.7549416;387.6738;42.1353;13.0;0.8;259.04
1753875277.84;2.0;49.20427394;18.75494158;387.6732;42.1353;13.0;0.8;259.12
1753875277.85;2.0;49.20427402;18.75494154;387.6728;42.1353;13.0;0.8;259.225
1753875277.86;2.0;49.2042741;18.75494151;387.6732;42.1353;13.0;0.8;259.287
1753875277.87;2.0;49.20427418;18.75494147;387.6738;42.1353;13.0;0.8;259.321
1753875277.88;2.0;49.20427426;18.75494144;387.6747;42.1353;13.0;0.8;259.297
1753875277.89;2.0;49.20427434;18.7549414;387.6753;42.1353;13.0;0.8;259.292
1753875277.9;2.0;49.20427442;18.75494136;387.6751;42.1353;13.0;0.8;259.294
1753875277.91;2.0;49.20427451;18.75494132;387.6746;42.1353;13.0;0.8;259.311
1753875277.92;2.0;49.20427459;18.75494128;387.6738;42.1353;13.0;0.8;259.358
1753875277.93;2.0;49.20427467;18.75494125;387.6741;42.1353;13.0;0.8;259.392
1753875277.94;2.0;49.20427475;18.75494121;387.675;42.1353;13.0;0.8;259.39
1753875277.95;2.0;49.20427482;18.75494118;387.6759;42.1353;13.0;0.8;259.328
1753875277.96;2.0;49.2042749;18.75494115;387.6765;42.1353;13.0;0.8;259.274
1753875277.97;2.0;49.20427497;18.75494113;387.6771;42.1353;13.0;0.8;259.251
1753875277.98;2.0;49.20427505;18.7549411;387.6775;42.1353;13.0;0.8;259.255
1753875277.99;2.0;49.20427512;18.75494108;387.6779;42.1353;13.0;0.8;259.265
1753875278.0;2.0;49.2042752;18.75494105;387.6786;42.1353;13.0;0.8;259.284
1753875278.01;2.0;49.20427527;18.75494103;387.6798;42.1353;13.0;0.8;259.313
1753875278.02;2.0;49.20427534;18.754941;387.6808;42.1353;13.0;0.8;259.373
1753875278.03;2.0;49.20427542;18.75494098;387.6819;42.1353;13.0;0.8;259.381
1753875278.04;2.0;49.20427549;18.75494096;387.6828;42.1353;13.0;0.8;259.364
1753875278.05;2.0;49.20427557;18.75494093;387.6831;42.1353;13.0;0.8;259.36
1753875278.06;2.0;49.20427565;18.7549409;387.6834;42.1353;13.0;0.8;259.314
1753875278.07;2.0;49.20427574;18.75494087;387.6834;42.1353;13.0;0.8;259.276
1753875278.08;2.0;49.20427581;18.75494085;387.6834;42.1353;13.0;0.8;259.243
1753875278.09;2.0;49.20427588;18.75494083;387.6835;42.1353;13.0;0.8;259.218
1753875278.1;2.0;49.20427595;18.7549408;387.6839;42.1353;13.0;0.8;259.194
1753875278.11;2.0;49.20427602;18.75494078;387.684;42.1353;13.0;0.8;259.197
1753875278.12;2.0;49.2042761;18.75494075;387.684;42.1353;13.0;0.8;259.211
1753875278.13;2.0;49.20427617;18.75494073;387.684;42.1353;13.0;0.8;259.245
1753875278.14;2.0;49.20427625;18.7549407;387.6839;42.1353;13.0;0.8;259.249
1753875278.15;2.0;49.20427633;18.75494068;387.6836;42.1353;13.0;0.8;259.197
1753875278.16;2.0;49.20427641;18.75494065;387.6832;42.1353;13.0;0.8;259.172
1753875278.17;2.0;49.20427648;18.75494063;387.6831;42.1353;13.0;0.8;259.166
1753875278.18;2.0;49.20427655;18.7549406;387.6834;42.1353;13.0;0.8;259.224
1753875278.19;2.0;49.20427663;18.75494057;387.6838;42.1353;13.0;0.8;259.296
1753875278.2;2.0;49.2042767;18.75494055;387.6853;42.1353;13.0;0.8;259.384
1753875278.21;2.0;49.20427678;18.75494053;387.6868;42.1353;13.0;0.8;259.426
1753875278.22;2.0;49.20427685;18.75494051;387.6881;42.1353;13.0;0.8;259.451
1753875278.23;2.0;49.20427693;18.75494048;387.6896;42.1353;13.0;0.8;259.442
1753875278.24;2.0;49.20427701;18.75494045;387.6903;42.1353;13.0;0.8;259.427
1753875278.25;2.0;49.20427709;18.75494043;387.6909;42.1353;13.0;0.8;259.415
1753875278.26;2.0;49.20427717;18.7549404;387.6914;42.1353;13.0;0.8;259.385
1753875278.27;2.0;49.20427725;18.75494036;387.692;42.1353;13.0;0.8;259.339
1753875278.28;2.0;49.20427734;18.75494033;387.692;42.1353;13.0;0.8;259.27
1753875278.29;2.0;49.20427741;18.7549403;387.6919;42.1353;13.0;0.8;259.226
1753875278.3;2.0;49.20427749;18.75494027;387.6922;42.1353;13.0;0.8;259.23
1753875278.31;2.0;49.20427757;18.75494024;387.6924;42.1353;13.0;0.8;259.227
1753875278.32;2.0;49.20427766;18.75494021;387.6921;42.1353;13.0;0.8;259.243
1753875278.33;2.0;49.20427774;18.75494018;387.6917;42.1353;13.0;0.8;259.292
1753875278.34;2.0;49.20427782;18.75494015;387.6916;42.1353;13.0;0.8;259.284
1753875278.35;2.0;49.20427789;18.75494013;387.692;42.1353;13.0;0.8;259.279
1753875278.36;2.0;49.20427797;18.7549401;387.6922;42.1353;13.0;0.8;259.305
1753875278.37;2.0;49.20427805;18.75494007;387.6926;42.1353;13.0;0.8;259.326
1753875278.38;2.0;49.20427814;18.75494004;387.6932;42.1353;13.0;0.8;259.335
1753875278.39;2.0;49.20427821;18.75494;387.6944;42.1353;13.0;0.8;259.351
1753875278.4;2.0;49.20427829;18.75493997;387.6958;42.1353;13.0;0.8;259.376
1753875278.41;2.0;49.20427837;18.75493994;387.697;42.1353;13.0;0.8;259.442
1753875278.42;2.0;49.20427844;18.75493991;387.6977;42.1353;13.0;0.8;259.488
1753875278.43;2.0;49.20427852;18.75493988;387.6981;42.1353;13.0;0.8;259.508
1753875278.44;2.0;49.2042786;18.75493985;387.6988;42.1353;13.0;0.8;259.493
1753875278.45;2.0;49.20427868;18.75493982;387.7;42.1353;13.0;0.8;259.492
1753875278.46;2.0;49.20427876;18.7549398;387.7012;42.1353;13.0;0.8;259.489
1753875278.47;2.0;49.20427884;18.75493977;387.7026;42.1353;13.0;0.8;259.459
1753875278.48;2.0;49.20427892;18.75493975;387.7034;42.1353;13.0;0.8;259.362
1753875278.49;2.0;49.204279;18.75493972;387.7039;42.1353;13.0;0.8;259.281
1753875278.5;2.0;49.20427909;18.7549397;387.7046;42.1353;13.0;0.8;259.245
1753875278.51;2.0;49.20427917;18.75493968;387.7055;42.1353;13.0;0.8;259.187
1753875278.52;2.0;49.20427925;18.75493965;387.7063;42.1353;13.0;0.8;259.119
1753875278.53;2.0;49.20427934;18.75493963;387.7073;42.1353;13.0;0.8;259.069
1753875278.54;2.0;49.20427942;18.75493961;387.7086;42.1353;13.0;0.8;258.976
1753875278.55;2.0;49.2042795;18.75493958;387.7093;42.1353;13.0;0.8;258.889
1753875278.56;2.0;49.20427958;18.75493956;387.71;42.1353;13.0;0.8;258.837
1753875278.57;2.0;49.20427966;18.75493953;387.7106;42.1353;13.0;0.8;258.828
1753875278.58;2.0;49.20427973;18.75493952;387.7112;42.1353;13.0;0.8;258.791
1753875278.59;2.0;49.20427981;18.75493949;387.7125;42.1353;13.0;0.8;258.777
1753875278.6;2.0;49.20427988;18.75493947;387.7137;42.1353;13.0;0.8;258.783
1753875278.61;2.0;49.20427995;18.75493945;387.7137;42.1353;13.0;0.8;258.824
1753875278.62;2.0;49.20428002;18.75493942;387.7138;42.1353;13.0;0.8;258.867
1753875278.63;2.0;49.20428009;18.75493941;387.7145;42.1353;13.0;0.8;258.922
1753875278.64;2.0;49.20428016;18.75493938;387.7148;42.1353;13.0;0.8;258.969
1753875278.65;2.0;49.20428023;18.75493936;387.7148;42.1353;13.0;0.8;258.991
1753875278.66;2.0;49.2042803;18.75493934;387.7152;42.1353;13.0;0.8;259.001
1753875278.67;2.0;49.20428037;18.75493932;387.7162;42.1353;13.0;0.8;259.048
1753875278.68;2.0;49.20428044;18.75493929;387.717;42.1353;13.0;0.8;259.022
1753875278.69;2.0;49.20428051;18.75493927;387.7178;42.1353;13.0;0.8;259.017
1753875278.7;2.0;49.20428058;18.75493925;387.7182;42.1353;13.0;0.8;259.029
1753875278.71;2.0;49.20428066;18.75493923;387.7183;42.1353;13.0;0.8;259.055
1753875278.72;2.0;49.20428073;18.7549392;387.7187;42.1353;13.0;0.8;259.044
1753875278.73;2.0;49.2042808;18.75493917;387.7194;42.1353;13.0;0.8;259.009
1753875278.74;2.0;49.20428088;18.75493915;387.7203;42.1353;13.0;0.8;258.975
1753875278.75;2.0;49.20428095;18.75493913;387.7213;42.1353;13.0;0.8;258.922
1753875278.76;2.0;49.20428103;18.75493911;387.7225;42.1353;13.0;0.8;258.837
1753875278.77;2.0;49.2042811;18.75493909;387.7232;42.1353;13.0;0.8;258.753
1753875278.78;2.0;49.20428118;18.75493906;387.7233;42.1353;13.0;0.8;258.708
1753875278.79;2.0;49.20428125;18.75493904;387.7235;42.1353;13.0;0.8;258.707
1753875278.8;2.0;49.20428132;18.75493901;387.7241;42.1353;13.0;0.8;258.734
1753875278.81;2.0;49.20428139;18.754939;387.7254;42.1353;13.0;0.8;258.803
1753875278.82;2.0;49.20428146;18.75493898;387.7268;42.1353;13.0;0.8;258.843
1753875278.83;2.0;49.20428153;18.75493896;387.7281;42.1353;13.0;0.8;258.883
1753875278.84;2.0;49.2042816;18.75493894;387.7292;42.1353;13.0;0.8;258.913
1753875278.85;2.0;49.20428167;18.75493892;387.73;42.1353;13.0;0.8;258.915
1753875278.86;2.0;49.20428174;18.75493889;387.7311;42.1353;13.0;0.8;258.96
1753875278.87;2.0;49.20428181;18.75493887;387.732;42.1353;13.0;0.8;258.975
1753875278.88;2.0;49.20428188;18.75493886;387.7331;42.1353;13.0;0.8;259.005
1753875278.89;2.0;49.20428195;18.75493884;387.7342;42.1353;13.0;0.8;259.004
1753875278.9;2.0;49.20428203;18.75493882;387.735;42.1353;13.0;0.8;259.02
1753875278.91;2.0;49.2042821;18.75493879;387.7356;42.1353;13.0;0.8;259.005
1753875278.92;2.0;49.20428218;18.75493877;387.7358;42.1353;13.0;0.8;259.002
1753875278.93;2.0;49.20428225;18.75493875;387.7364;42.1353;13.0;0.8;258.995
1753875278.94;2.0;49.20428233;18.75493872;387.7368;42.1353;13.0;0.8;258.961
1753875278.95;2.0;49.20428239;18.7549387;387.7374;42.1353;13.0;0.8;258.946
1753875278.96;2.0;49.20428247;18.75493868;387.7376;42.1353;13.0;0.8;258.926
1753875278.97;2.0;49.20428254;18.75493866;387.7378;42.1353;13.0;0.8;258.973
1753875278.98;2.0;49.20428261;18.75493863;387.7381;42.1353;13.0;0.8;259.005
1753875278.99;2.0;49.20428269;18.75493861;387.7386;42.1353;13.0;0.8;259.015
1753875279.0;2.0;49.20428276;18.75493859;387.74;42.1353;13.0;0.8;259.031
1753875279.01;2.0;49.20428283;18.75493857;387.7415;42.1353;13.0;0.8;259.022
1753875279.02;2.0;49.2042829;18.75493855;387.7427;42.1353;13.0;0.8;259.055
1753875279.03;2.0;49.20428298;18.75493853;387.7444;42.1353;13.0;0.8;259.118
1753875279.04;2.0;49.20428304;18.75493851;387.7464;42.1353;13.0;0.8;259.172
1753875279.05;2.0;49.20428312;18.75493849;387.7479;42.1353;13.0;0.8;259.216
1753875279.06;2.0;49.20428319;18.75493847;387.7491;42.1353;13.0;0.8;259.25
1753875279.07;2.0;49.20428326;18.75493846;387.7505;42.1353;13.0;0.8;259.208
1753875279.08;2.0;49.20428333;18.75493844;387.7517;42.1353;13.0;0.8;259.166
1753875279.09;2.0;49.2042834;18.75493842;387.7522;42.1353;13.0;0.8;259.104
1753875279.1;2.0;49.20428347;18.75493841;387.7535;42.1353;13.0;0.8;259.029
1753875279.11;2.0;49.20428354;18.75493839;387.7548;42.1353;13.0;0.8;258.986
1753875279.12;2.0;49.20428361;18.75493837;387.7552;42.1353;13.0;0.8;258.932
1753875279.13;2.0;49.20428369;18.75493835;387.7556;42.1353;13.0;0.8;258.885
1753875279.14;2.0;49.20428376;18.75493833;387.7557;42.1353;13.0;0.8;258.859
1753875279.15;2.0;49.20428383;18.7549383;387.7561;42.1353;13.0;0.8;258.821
1753875279.16;2.0;49.2042839;18.75493827;387.756;42.1353;13.0;0.8;258.843
1753875279.17;2.0;49.20428397;18.75493825;387.7557;42.1353;13.0;0.8;258.9
1753875279.18;2.0;49.20428405;18.75493823;387.7559;42.1353;13.0;0.8;258.973
1753875279.19;2.0;49.20428412;18.7549382;387.7561;42.1353;13.0;0.8;258.982
1753875279.2;2.0;49.2042842;18.75493816;387.7566;42.1353;13.0;0.8;259.02
1753875279.21;2.0;49.20428428;18.75493813;387.7572;42.1353;13.0;0.8;259.046
1753875279.22;2.0;49.20428436;18.7549381;387.7578;42.1353;13.0;0.8;259.088
1753875279.23;2.0;49.20428444;18.75493807;387.7585;42.1353;13.0;0.8;259.104
1753875279.24;2.0;49.20428452;18.75493804;387.7591;42.1353;13.0;0.8;259.139
1753875279.25;2.0;49.20428459;18.75493801;387.7597;42.1353;13.0;0.8;259.144
1753875279.26;2.0;49.20428467;18.75493798;387.7601;42.1353;13.0;0.8;259.179
1753875279.27;2.0;49.20428474;18.75493796;387.7605;42.1353;13.0;0.8;259.213
1753875279.28;2.0;49.20428482;18.75493793;387.7609;42.1353;13.0;0.8;259.257
1753875279.29;2.0;49.2042849;18.75493791;387.7619;42.1353;13.0;0.8;259.264
1753875279.3;2.0;49.20428497;18.75493789;387.7627;42.1353;13.0;0.8;259.242
1753875279.31;2.0;49.20428505;18.75493787;387.7631;42.1353;13.0;0.8;259.222
1753875279.32;2.0;49.20428512;18.75493786;387.7634;42.1353;13.0;0.8;259.219
1753875279.33;2.0;49.2042852;18.75493784;387.7635;42.1353;13.0;0.8;259.195
1753875279.34;2.0;49.20428528;18.75493782;387.7633;42.1353;13.0;0.8;259.188
1753875279.35;2.0;49.20428536;18.75493781;387.7632;42.1353;13.0;0.8;259.159
1753875279.36;2.0;49.20428545;18.75493779;387.7631;42.1353;13.0;0.8;259.137
1753875279.37;2.0;49.20428553;18.75493777;387.7635;42.1353;13.0;0.8;259.093
1753875279.38;2.0;49.20428561;18.75493775;387.7636;42.1353;13.0;0.8;259.055
1753875279.39;2.0;49.20428569;18.75493772;387.7637;42.1353;13.0;0.8;259.035
1753875279.4;2.0;49.20428577;18.7549377;387.7639;42.1353;13.0;0.8;259.006
1753875279.41;2.0;49.20428585;18.75493768;387.7644;42.1353;13.0;0.8;259.003
1753875279.42;2.0;49.20428593;18.75493765;387.7643;42.1353;13.0;0.8;259.025
1753875279.43;2.0;49.20428601;18.75493763;387.7642;42.1353;13.0;0.8;259.098
1753875279.44;2.0;49.20428608;18.7549376;387.7642;42.1353;13.0;0.8;259.172
1753875279.45;2.0;49.20428616;18.75493758;387.7643;42.1353;13.0;0.8;259.193
1753875279.46;2.0;49.20428624;18.75493756;387.7643;42.1353;13.0;0.8;259.21
1753875279.47;2.0;49.20428632;18.75493753;387.765;42.1353;13.0;0.8;259.241
1753875279.48;2.0;49.2042864;18.7549375;387.7663;42.1353;13.0;0.8;259.238
1753875279.49;2.0;49.20428648;18.75493747;387.7681;42.1353;13.0;0.8;259.213
1753875279.5;2.0;49.20428655;18.75493744;387.7697;42.1353;13.0;0.8;259.203
1753875279.51;2.0;49.20428662;18.75493742;387.7711;42.1353;13.0;0.8;259.196
1753875279.52;2.0;49.2042867;18.75493739;387.7723;42.1353;13.0;0.8;259.157
1753875279.53;2.0;49.20428677;18.75493737;387.7734;42.1353;13.0;0.8;259.118
1753875279.54;2.0;49.20428685;18.75493735;387.7743;42.1353;13.0;0.8;259.031
1753875279.55;2.0;49.20428693;18.75493732;387.7747;42.1353;13.0;0.8;258.931
1753875279.56;2.0;49.20428701;18.7549373;387.7748;42.1353;13.0;0.8;258.847
1753875279.57;2.0;49.20428709;18.75493727;387.7755;42.1353;13.0;0.8;258.79
1753875279.58;2.0;49.20428716;18.75493725;387.7765;42.1353;13.0;0.8;258.766
1753875279.59;2.0;49.20428724;18.75493722;387.7775;42.1353;13.0;0.8;258.798
1753875279.6;2.0;49.20428731;18.75493719;387.7783;42.1353;13.0;0.8;258.793
1753875279.61;2.0;49.2042874;18.75493717;387.7787;42.1353;13.0;0.8;258.807
1753875279.62;2.0;49.20428748;18.75493715;387.7798;42.1353;13.0;0.8;258.819
1753875279.63;2.0;49.20428755;18.75493712;387.7806;42.1353;13.0;0.8;258.808
1753875279.64;2.0;49.20428763;18.7549371;387.7811;42.1353;13.0;0.8;258.773
1753875279.65;2.0;49.20428771;18.75493707;387.781;42.1353;13.0;0.8;258.766
1753875279.66;2.0;49.2042878;18.75493704;387.7807;42.1353;13.0;0.8;258.72
1753875279.67;2.0;49.20428788;18.75493702;387.7798;42.1353;13.0;0.8;258.656
1753875279.68;2.0;49.20428795;18.75493699;387.7794;42.1353;13.0;0.8;258.609
1753875279.69;2.0;49.20428803;18.75493696;387.7788;42.1353;13.0;0.8;258.538
1753875279.7;2.0;49.20428812;18.75493693;387.7785;42.1353;13.0;0.8;258.524
1753875279.71;2.0;49.2042882;18.7549369;387.7786;42.1353;12.0;0.8;258.492
1753875279.72;2.0;49.20428827;18.75493687;387.7785;42.1353;12.0;0.8;258.49
1753875279.73;2.0;49.20428835;18.75493683;387.7783;42.1353;12.0;0.8;258.519
1753875279.74;2.0;49.20428843;18.75493681;387.7779;42.1353;12.0;0.8;258.572
1753875279.75;2.0;49.2042885;18.75493678;387.778;42.1353;12.0;0.8;258.602
1753875279.76;2.0;49.20428857;18.75493676;387.7782;42.1353;12.0;0.8;258.644
1753875279.77;2.0;49.20428864;18.75493674;387.7789;42.1353;12.0;0.8;258.711
1753875279.78;2.0;49.20428871;18.75493672;387.7798;42.1353;12.0;0.8;258.761
1753875279.79;2.0;49.20428878;18.75493671;387.7811;42.1353;12.0;0.8;258.828
1753875279.8;2.0;49.20428885;18.7549367;387.7822;42.1353;12.0;0.8;258.894
1753875279.81;2.0;49.20428893;18.75493667;387.7827;42.1353;12.0;0.8;258.944
1753875279.82;2.0;49.204289;18.75493666;387.7824;42.1353;12.0;0.8;258.938
1753875279.83;2.0;49.20428908;18.75493664;387.7821;42.1353;12.0;0.8;258.929
1753875279.84;2.0;49.20428917;18.75493662;387.7822;42.1353;12.0;0.8;258.931
1753875279.85;2.0;49.20428925;18.7549366;387.7825;42.1353;12.0;0.8;258.939
1753875279.86;2.0;49.20428933;18.75493659;387.783;42.1353;12.0;0.8;258.949
1753875279.87;2.0;49.20428941;18.75493657;387.7833;42.1353;12.0;0.8;258.969
1753875279.88;2.0;49.20428948;18.75493656;387.7838;42.1353;12.0;0.8;259.001
1753875279.89;2.0;49.20428956;18.75493654;387.7842;42.1353;12.0;0.8;259.022
1753875279.9;2.0;49.20428964;18.75493652;387.7849;42.1353;12.0;0.8;259.045
1753875279.91;2.0;49.20428972;18.7549365;387.7857;42.1353;12.0;0.8;259.06
1753875279.92;2.0;49.20428979;18.75493649;387.7867;42.1353;12.0;0.8;259.097
1753875279.93;2.0;49.20428987;18.75493647;387.7878;42.1353;12.0;0.8;259.099
1753875279.94;2.0;49.20428994;18.75493644;387.7886;42.1353;12.0;0.8;259.1
1753875279.95;2.0;49.20429002;18.75493641;387.7891;42.1353;12.0;0.8;259.165
1753875279.96;2.0;49.20429009;18.75493638;387.7897;42.1353;12.0;0.8;259.211
1753875279.97;2.0;49.20429017;18.75493636;387.7901;42.1353;12.0;0.8;259.224
1753875279.98;2.0;49.20429025;18.75493633;387.7902;42.1353;12.0;0.8;259.239
1753875279.99;2.0;49.20429032;18.7549363;387.7906;42.1353;12.0;0.8;259.261
1753875280.0;2.0;49.2042904;18.75493628;387.7911;42.1353;12.0;0.8;259.286
1753875280.01;2.0;49.20429048;18.75493625;387.7916;42.1353;12.0;0.8;259.291
1753875280.02;2.0;49.20429056;18.75493623;387.7918;42.1353;12.0;0.8;259.274
1753875280.03;2.0;49.20429063;18.7549362;387.7918;42.1353;12.0;0.8;259.226
1753875280.04;2.0;49.20429071;18.75493617;387.7917;42.1353;12.0;0.8;259.209
1753875280.05;2.0;49.20429079;18.75493615;387.7915;42.1353;12.0;0.8;259.198
1753875280.06;2.0;49.20429087;18.75493612;387.7909;42.1353;12.0;0.8;259.181
1753875280.07;2.0;49.20429095;18.7549361;387.7904;42.1353;12.0;0.8;259.166
1753875280.08;2.0;49.20429103;18.75493608;387.7897;42.1353;12.0;0.8;259.172
1753875280.09;2.0;49.20429111;18.75493606;387.7898;42.1353;13.0;0.8;259.157
1753875280.1;2.0;49.20429119;18.75493604;387.7898;42.1353;13.0;0.8;259.151
1753875280.11;2.0;49.20429126;18.75493601;387.7907;42.1353;13.0;0.8;259.142
1753875280.12;2.0;49.20429134;18.75493599;387.7911;42.1353;13.0;0.8;259.113
1753875280.13;2.0;49.20429141;18.75493597;387.7917;42.1353;13.0;0.8;259.089
1753875280.14;2.0;49.20429149;18.75493595;387.7926;42.1353;13.0;0.8;259.089
1753875280.15;2.0;49.20429156;18.75493593;387.7938;42.1353;13.0;0.8;259.095
1753875280.16;2.0;49.20429164;18.75493592;387.7948;42.1353;13.0;0.8;259.1
1753875280.17;2.0;49.20429171;18.7549359;387.7958;42.1353;13.0;0.8;259.125
1753875280.18;2.0;49.20429178;18.75493587;387.7972;42.1353;13.0;0.8;259.115
1753875280.19;2.0;49.20429186;18.75493585;387.7984;42.1353;13.0;0.8;259.124
1753875280.2;2.0;49.20429193;18.75493583;387.8;42.1353;13.0;0.8;259.081
1753875280.21;2.0;49.204292;18.75493581;387.8015;42.1353;13.0;0.8;258.985
1753875280.22;2.0;49.20429208;18.7549358;387.8032;42.1353;13.0;0.8;258.927
1753875280.23;2.0;49.20429215;18.75493578;387.8042;42.1353;13.0;0.8;258.854
1753875280.24;2.0;49.20429222;18.75493576;387.8054;42.1353;13.0;0.8;258.775
1753875280.25;2.0;49.20429229;18.75493574;387.8064;42.1353;13.0;0.8;258.765
1753875280.26;2.0;49.20429237;18.75493572;387.8072;42.1353;13.0;0.8;258.727
1753875280.27;2.0;49.20429244;18.75493571;387.8074;42.1353;13.0;0.8;258.65
1753875280.28;2.0;49.20429251;18.75493568;387.8076;42.1353;13.0;0.8;258.632
1753875280.29;2.0;49.20429258;18.75493566;387.8076;42.1353;13.0;0.8;258.692
1753875280.3;2.0;49.20429265;18.75493564;387.8076;42.1353;13.0;0.8;258.722
1753875280.31;2.0;49.20429273;18.75493562;387.8074;42.1353;13.0;0.8;258.726
1753875280.32;2.0;49.20429281;18.7549356;387.807;42.1353;13.0;0.8;258.726
1753875280.33;2.0;49.20429289;18.75493557;387.8068;42.1353;13.0;0.8;258.711
1753875280.34;2.0;49.20429297;18.75493554;387.8065;42.1353;13.0;0.8;258.693
1753875280.35;2.0;49.20429305;18.75493551;387.8063;42.1353;13.0;0.8;258.682
1753875280.36;2.0;49.20429313;18.75493548;387.8072;42.1353;13.0;0.8;258.666
1753875280.37;2.0;49.20429321;18.75493545;387.8086;42.1353;13.0;0.8;258.58
1753875280.38;2.0;49.20429328;18.75493541;387.81;42.1353;13.0;0.8;258.481
1753875280.39;2.0;49.20429336;18.75493537;387.8117;42.1353;13.0;0.8;258.341
1753875280.4;2.0;49.20429345;18.75493533;387.813;42.1353;13.0;0.8;258.206
1753875280.41;2.0;49.20429353;18.75493529;387.8139;42.1353;13.0;0.8;258.012
1753875280.42;2.0;49.20429361;18.75493525;387.8143;42.1353;13.0;0.8;257.815
1753875280.43;2.0;49.20429369;18.75493521;387.8149;42.1353;13.0;0.8;257.648
1753875280.44;2.0;49.20429377;18.75493518;387.8155;42.1353;13.0;0.8;257.52
1753875280.45;2.0;49.20429385;18.75493514;387.8158;42.1353;13.0;0.8;257.389
1753875280.46;2.0;49.20429392;18.7549351;387.8161;42.1353;13.0;0.8;257.222
1753875280.47;2.0;49.204294;18.75493506;387.8168;42.1353;13.0;0.8;257.073
1753875280.48;2.0;49.20429407;18.75493502;387.8181;42.1353;13.0;0.8;256.884
1753875280.49;2.0;49.20429415;18.75493498;387.8194;42.1353;13.0;0.8;256.674
1753875280.5;2.0;49.20429422;18.75493494;387.8207;42.1353;13.0;0.8;256.548
1753875280.51;2.0;49.20429429;18.7549349;387.8215;42.1353;13.0;0.8;256.438
1753875280.52;2.0;49.20429437;18.75493487;387.8226;42.1353;13.0;0.8;256.289
1753875280.53;2.0;49.20429445;18.75493483;387.8234;42.1353;13.0;0.8;256.106
1753875280.54;2.0;49.20429452;18.75493479;387.824;42.1353;13.0;0.8;255.958
1753875280.55;2.0;49.2042946;18.75493476;387.8248;42.1353;13.0;0.8;255.828
1753875280.56;2.0;49.20429467;18.75493472;387.8258;42.1353;13.0;0.8;255.719
1753875280.57;2.0;49.20429475;18.75493468;387.8266;42.1353;13.0;0.8;255.587
1753875280.58;2.0;49.20429483;18.75493464;387.827;42.1353;13.0;0.8;255.455
1753875280.59;2.0;49.2042949;18.7549346;387.8273;42.1353;13.0;0.8;255.33
1753875280.6;2.0;49.20429498;18.75493456;387.8276;42.1353;13.0;0.8;255.274
1753875280.61;2.0;49.20429506;18.75493452;387.8272;42.1353;13.0;0.8;255.189
1753875280.62;2.0;49.20429513;18.75493448;387.8263;42.1353;13.0;0.8;255.091
1753875280.63;2.0;49.2042952;18.75493444;387.8257;42.1353;13.0;0.8;254.989
1753875280.64;2.0;49.20429527;18.75493439;387.8249;42.1353;13.0;0.8;254.92
1753875280.65;2.0;49.20429535;18.75493434;387.824;42.1353;13.0;0.8;254.88
1753875280.66;2.0;49.20429542;18.75493428;387.8234;42.1353;13.0;0.8;254.835
1753875280.67;2.0;49.20429549;18.75493423;387.8231;42.1353;13.0;0.8;254.772
1753875280.68;2.0;49.20429556;18.75493417;387.8235;42.1353;13.0;0.8;254.742
1753875280.69;2.0;49.20429564;18.75493412;387.8238;42.1353;13.0;0.8;254.707
1753875280.7;2.0;49.20429571;18.75493407;387.8235;42.1353;13.0;0.8;254.619
1753875280.71;2.0;49.20429579;18.75493401;387.8241;42.1353;13.0;0.8;254.481
1753875280.72;2.0;49.20429586;18.75493396;387.825;42.1353;13.0;0.8;254.355
1753875280.73;2.0;49.20429592;18.75493391;387.8258;42.1353;13.0;0.8;254.222
1753875280.74;2.0;49.20429599;18.75493386;387.8264;42.1353;13.0;0.8;254.063
1753875280.75;2.0;49.20429606;18.75493381;387.8268;42.1353;13.0;0.8;253.918
1753875280.76;2.0;49.20429614;18.75493376;387.8275;42.1353;13.0;0.8;253.756
1753875280.77;2.0;49.20429621;18.75493371;387.8285;42.1353;13.0;0.8;253.588
1753875280.78;2.0;49.20429628;18.75493367;387.8291;42.1353;13.0;0.8;253.444
1753875280.79;2.0;49.20429635;18.75493362;387.8298;42.1353;13.0;0.8;253.294
1753875280.8;2.0;49.20429642;18.75493358;387.8304;42.1353;13.0;0.8;253.147
1753875280.81;2.0;49.2042965;18.75493353;387.8307;42.1353;13.0;0.8;252.983
1753875280.82;2.0;49.20429657;18.75493348;387.8301;42.1353;13.0;0.8;252.854
1753875280.83;2.0;49.20429664;18.75493343;387.8288;42.1353;13.0;0.8;252.682
1753875280.84;2.0;49.20429672;18.75493338;387.8275;42.1353;13.0;0.8;252.467
1753875280.85;2.0;49.2042968;18.75493333;387.8269;42.1353;13.0;0.8;252.265
1753875280.86;2.0;49.20429687;18.75493328;387.8266;42.1353;13.0;0.8;252.114
1753875280.87;2.0;49.20429695;18.75493323;387.8262;42.1353;13.0;0.8;251.964
1753875280.88;2.0;49.20429701;18.75493318;387.826;42.1353;13.0;0.8;251.791
1753875280.89;2.0;49.20429709;18.75493313;387.826;42.1353;13.0;0.8;251.669
1753875280.9;2.0;49.20429715;18.75493308;387.8261;42.1353;13.0;0.8;251.527
1753875280.91;2.0;49.20429722;18.75493303;387.826;42.1353;13.0;0.8;251.386
1753875280.92;2.0;49.20429729;18.75493298;387.8259;42.1353;13.0;0.8;251.269
1753875280.93;2.0;49.20429736;18.75493293;387.8262;42.1353;13.0;0.8;251.226
1753875280.94;2.0;49.20429743;18.75493287;387.8269;42.1353;13.0;0.8;251.196
1753875280.95;2.0;49.2042975;18.75493281;387.8266;42.1353;13.0;0.8;251.176
1753875280.96;2.0;49.20429757;18.75493275;387.826;42.1353;13.0;0.8;251.134
1753875280.97;2.0;49.20429764;18.7549327;387.8254;42.1353;13.0;0.8;251.09
1753875280.98;2.0;49.20429771;18.75493265;387.8244;42.1353;13.0;0.8;251.065
1753875280.99;2.0;49.20429779;18.75493259;387.8233;42.1353;13.0;0.8;251.005
1753875281.0;2.0;49.20429786;18.75493253;387.822;42.1353;13.0;0.8;250.869
1753875281.01;2.0;49.20429793;18.75493246;387.8213;42.1353;13.0;0.8;250.699
1753875281.02;2.0;49.20429801;18.75493239;387.8212;42.1353;13.0;0.8;250.479
1753875281.03;2.0;49.20429808;18.75493233;387.8213;42.1353;13.0;0.8;250.196
1753875281.04;2.0;49.20429816;18.75493226;387.8213;42.1353;13.0;0.8;249.911
1753875281.05;2.0;49.20429823;18.7549322;387.8211;42.1353;13.0;0.8;249.646
1753875281.06;2.0;49.20429831;18.75493214;387.8214;42.1353;13.0;0.8;249.375
1753875281.07;2.0;49.20429838;18.7549321;387.8218;42.1353;13.0;0.8;249.15
1753875281.08;2.0;49.20429844;18.75493205;387.8226;42.1353;13.0;0.8;248.934
1753875281.09;2.0;49.20429851;18.75493199;387.8232;42.1353;13.0;0.8;248.766
1753875281.1;2.0;49.20429858;18.75493193;387.8231;42.1353;13.0;0.8;248.603
1753875281.11;2.0;49.20429864;18.75493187;387.8228;42.1353;13.0;0.8;248.439
1753875281.12;2.0;49.20429871;18.75493181;387.8223;42.1353;13.0;0.8;248.299
1753875281.13;2.0;49.20429878;18.75493175;387.8219;42.1353;13.0;0.8;248.192
1753875281.14;2.0;49.20429884;18.75493168;387.8213;42.1353;13.0;0.8;248.119
1753875281.15;2.0;49.20429891;18.75493162;387.8212;42.1353;13.0;0.8;247.997
1753875281.16;2.0;49.20429897;18.75493155;387.8215;42.1353;13.0;0.8;247.876
1753875281.17;2.0;49.20429904;18.75493149;387.8216;42.1353;13.0;0.8;247.724
1753875281.18;2.0;49.20429911;18.75493142;387.8214;42.1353;13.0;0.8;247.565
1753875281.19;2.0;49.20429918;18.75493136;387.821;42.1353;13.0;0.8;247.409
1753875281.2;2.0;49.20429924;18.7549313;387.8211;42.1353;13.0;0.8;247.249
1753875281.21;2.0;49.2042993;18.75493125;387.8218;42.1353;13.0;0.8;247.075
1753875281.22;2.0;49.20429936;18.75493119;387.8227;42.1353;13.0;0.8;246.922
1753875281.23;2.0;49.20429943;18.75493114;387.8232;42.1353;13.0;0.8;246.798
1753875281.24;2.0;49.20429949;18.75493109;387.823;42.1353;13.0;0.8;246.677
1753875281.25;2.0;49.20429955;18.75493105;387.8234;42.1353;13.0;0.8;246.596
1753875281.26;2.0;49.20429962;18.754931;387.8239;42.1353;13.0;0.8;246.518
1753875281.27;2.0;49.20429968;18.75493095;387.8247;42.1353;13.0;0.8;246.414
1753875281.28;2.0;49.20429975;18.7549309;387.8247;42.1353;13.0;0.8;246.284
1753875281.29;2.0;49.20429982;18.75493084;387.8242;42.1353;13.0;0.8;246.18
1753875281.3;2.0;49.20429989;18.75493078;387.8239;42.1353;13.0;0.8;246.065
1753875281.31;2.0;49.20429996;18.75493073;387.8238;42.1353;13.0;0.8;245.884
1753875281.32;2.0;49.20430003;18.75493067;387.8236;42.1353;13.0;0.8;245.697
1753875281.33;2.0;49.2043001;18.7549306;387.8236;42.1353;13.0;0.8;245.518
1753875281.34;2.0;49.20430016;18.75493054;387.8245;42.1353;13.0;0.8;245.393
1753875281.35;2.0;49.20430023;18.75493047;387.8243;42.1353;13.0;0.8;245.262
1753875281.36;2.0;49.2043003;18.7549304;387.8237;42.1353;13.0;0.8;245.137
1753875281.37;2.0;49.20430037;18.75493033;387.823;42.1353;13.0;0.8;245.037
1753875281.38;2.0;49.20430044;18.75493026;387.8223;42.1353;13.0;0.8;244.904
1753875281.39;2.0;49.2043005;18.7549302;387.8223;42.1353;13.0;0.8;244.785
1753875281.4;2.0;49.20430057;18.75493013;387.8222;42.1353;13.0;0.8;244.669
1753875281.41;2.0;49.20430063;18.75493006;387.8219;42.1353;13.0;0.8;244.56
1753875281.42;2.0;49.2043007;18.75492999;387.822;42.1353;13.0;0.8;244.412
1753875281.43;2.0;49.20430076;18.75492992;387.8224;42.1353;13.0;0.8;244.193
1753875281.44;2.0;49.20430082;18.75492986;387.8228;42.1353;13.0;0.8;243.956
1753875281.45;2.0;49.20430089;18.75492979;387.8229;42.1353;13.0;0.8;243.759
1753875281.46;2.0;49.20430095;18.75492974;387.823;42.1353;13.0;0.8;243.589
1753875281.47;2.0;49.20430101;18.75492968;387.8234;42.1353;13.0;0.8;243.456
1753875281.48;2.0;49.20430107;18.75492961;387.8236;42.1353;13.0;0.8;243.353
1753875281.49;2.0;49.20430114;18.75492955;387.8237;42.1353;13.0;0.8;243.222
1753875281.5;2.0;49.2043012;18.75492949;387.8239;42.1353;13.0;0.8;243.101
1753875281.51;2.0;49.20430126;18.75492942;387.824;42.1353;13.0;0.8;242.992
1753875281.52;2.0;49.20430132;18.75492936;387.8239;42.1353;13.0;0.8;242.818
1753875281.53;2.0;49.20430139;18.75492929;387.8239;42.1353;13.0;0.8;242.607
1753875281.54;2.0;49.20430145;18.75492923;387.8237;42.1353;13.0;0.8;242.385
1753875281.55;2.0;49.20430151;18.75492917;387.8234;42.1353;13.0;0.8;242.23
1753875281.56;2.0;49.20430157;18.7549291;387.8231;42.1353;13.0;0.8;242.108
1753875281.57;2.0;49.20430163;18.75492903;387.8231;42.1353;13.0;0.8;241.962
1753875281.58;2.0;49.20430169;18.75492896;387.8229;42.1353;13.0;0.8;241.816
1753875281.59;2.0;49.20430175;18.7549289;387.8224;42.1353;13.0;0.8;241.685
1753875281.6;2.0;49.20430181;18.75492884;387.8222;42.1353;13.0;0.8;241.58
1753875281.61;2.0;49.20430187;18.75492877;387.8223;42.1353;13.0;0.8;241.444
1753875281.62;2.0;49.20430193;18.75492871;387.823;42.1353;13.0;0.8;241.336
1753875281.63;2.0;49.20430198;18.75492865;387.8242;42.1353;13.0;0.8;241.191
1753875281.64;2.0;49.20430203;18.75492859;387.8256;42.1353;13.0;0.8;240.979
1753875281.65;2.0;49.20430208;18.75492852;387.8271;42.1353;13.0;0.8;240.83
1753875281.66;2.0;49.20430214;18.75492846;387.8281;42.1353;13.0;0.8;240.702
1753875281.67;2.0;49.20430219;18.7549284;387.829;42.1353;13.0;0.8;240.563
1753875281.68;2.0;49.20430225;18.75492833;387.8308;42.1353;13.0;0.8;240.442
1753875281.69;2.0;49.2043023;18.75492827;387.8329;42.1353;13.0;0.8;240.289
1753875281.7;2.0;49.20430235;18.7549282;387.8342;42.1353;13.0;0.8;240.128
1753875281.71;2.0;49.20430241;18.75492814;387.8347;42.1353;13.0;0.8;239.961
1753875281.72;2.0;49.20430247;18.75492807;387.835;42.1353;13.0;0.8;239.807
1753875281.73;2.0;49.20430252;18.75492799;387.8354;42.1353;13.0;0.8;239.667
1753875281.74;2.0;49.20430258;18.75492792;387.836;42.1353;13.0;0.8;239.512
1753875281.75;2.0;49.20430263;18.75492785;387.8367;42.1353;13.0;0.8;239.362
1753875281.76;2.0;49.20430269;18.75492777;387.8374;42.1353;13.0;0.8;239.224
1753875281.77;2.0;49.20430274;18.7549277;387.8376;42.1353;13.0;0.8;239.061
1753875281.78;2.0;49.20430279;18.75492762;387.8377;42.1353;13.0;0.8;238.9
1753875281.79;2.0;49.20430284;18.75492755;387.8376;42.1353;13.0;0.8;238.726
1753875281.8;2.0;49.20430289;18.75492748;387.8378;42.1353;13.0;0.8;238.557
1753875281.81;2.0;49.20430294;18.75492742;387.8379;42.1353;13.0;0.8;238.378
1753875281.82;2.0;49.20430299;18.75492735;387.8383;42.1353;13.0;0.8;238.208
1753875281.83;2.0;49.20430304;18.75492728;387.839;42.1353;13.0;0.8;238.043
1753875281.84;2.0;49.20430309;18.75492721;387.8393;42.1353;13.0;0.8;237.864
1753875281.85;2.0;49.20430314;18.75492713;387.8395;42.1353;13.0;0.8;237.659
1753875281.86;2.0;49.2043032;18.75492707;387.8395;42.1353;13.0;0.8;237.462
1753875281.87;2.0;49.20430325;18.754927;387.8398;42.1353;13.0;0.8;237.298
1753875281.88;2.0;49.2043033;18.75492692;387.8396;42.1353;13.0;0.8;237.108
1753875281.89;2.0;49.20430336;18.75492685;387.8391;42.1353;13.0;0.8;236.913
1753875281.9;2.0;49.20430342;18.75492678;387.8385;42.1353;13.0;0.8;236.715
1753875281.91;2.0;49.20430348;18.7549267;387.8384;42.1353;13.0;0.8;236.438
1753875281.92;2.0;49.20430353;18.75492662;387.8393;42.1353;13.0;0.8;236.141
1753875281.93;2.0;49.20430357;18.75492654;387.8406;42.1353;13.0;0.8;235.897
1753875281.94;2.0;49.20430362;18.75492646;387.8421;42.1353;13.0;0.8;235.685
1753875281.95;2.0;49.20430367;18.75492638;387.843;42.1353;13.0;0.8;235.424
1753875281.96;2.0;49.20430371;18.7549263;387.8432;42.1353;13.0;0.8;235.127
1753875281.97;2.0;49.20430376;18.75492622;387.8436;42.1353;13.0;0.8;234.841
1753875281.98;2.0;49.2043038;18.75492614;387.8438;42.1353;13.0;0.8;234.556
1753875281.99;2.0;49.20430384;18.75492606;387.8447;42.1353;13.0;0.8;234.251
1753875282.0;2.0;49.20430388;18.75492598;387.8455;42.1353;13.0;0.8;233.964
1753875282.01;2.0;49.20430392;18.7549259;387.8458;42.1353;13.0;0.8;233.642
1753875282.02;2.0;49.20430397;18.75492583;387.8456;42.1353;13.0;0.8;233.336
1753875282.03;2.0;49.20430401;18.75492575;387.8461;42.1353;13.0;0.8;233.099
1753875282.04;2.0;49.20430406;18.75492567;387.8465;42.1353;13.0;0.8;232.847
1753875282.05;2.0;49.2043041;18.7549256;387.8468;42.1353;13.0;0.8;232.598
1753875282.06;2.0;49.20430414;18.75492553;387.8476;42.1353;13.0;0.8;232.364
1753875282.07;2.0;49.20430418;18.75492545;387.8477;42.1353;13.0;0.8;232.177
1753875282.08;2.0;49.20430423;18.75492539;387.8474;42.1353;13.0;0.8;232.028
1753875282.09;2.0;49.20430427;18.75492533;387.8468;42.1353;13.0;0.8;231.845
1753875282.1;2.0;49.20430432;18.75492527;387.8465;42.1353;13.0;0.8;231.708
1753875282.11;2.0;49.20430436;18.75492521;387.8464;42.1353;13.0;0.8;231.572
1753875282.12;2.0;49.2043044;18.75492515;387.8461;42.1353;13.0;0.8;231.39
1753875282.13;2.0;49.20430444;18.75492509;387.8458;42.1353;13.0;0.8;231.234
1753875282.14;2.0;49.20430448;18.75492504;387.8457;42.1353;13.0;0.8;231.059
1753875282.15;2.0;49.20430452;18.75492498;387.8458;42.1353;13.0;0.8;230.911
1753875282.16;2.0;49.20430456;18.75492492;387.8457;42.1353;13.0;0.8;230.771
1753875282.17;2.0;49.2043046;18.75492485;387.8459;42.1353;13.0;0.8;230.575
1753875282.18;2.0;49.20430464;18.75492479;387.8463;42.1353;13.0;0.8;230.31
1753875282.19;2.0;49.20430469;18.75492472;387.8467;42.1353;13.0;0.8;230.07
1753875282.2;2.0;49.20430473;18.75492464;387.8467;42.1353;13.0;0.8;229.818
1753875282.21;2.0;49.20430477;18.75492457;387.8465;42.1353;13.0;0.8;229.549
1753875282.22;2.0;49.20430482;18.7549245;387.8464;42.1353;13.0;0.8;229.263
1753875282.23;2.0;49.20430486;18.75492442;387.8465;42.1353;13.0;0.8;229.001
1753875282.24;2.0;49.2043049;18.75492434;387.8466;42.1353;13.0;0.8;228.726
1753875282.25;2.0;49.20430494;18.75492426;387.8464;42.1353;13.0;0.8;228.482
1753875282.26;2.0;49.20430497;18.75492419;387.8462;42.1353;13.0;0.8;228.27
1753875282.27;2.0;49.20430501;18.7549241;387.8463;42.1353;13.0;0.8;228.07
1753875282.28;2.0;49.20430504;18.75492402;387.8472;42.1353;13.0;0.8;227.932
1753875282.29;2.0;49.20430507;18.75492394;387.8478;42.1353;13.0;0.8;227.768
1753875282.3;2.0;49.20430511;18.75492385;387.8487;42.1353;13.0;0.8;227.578
1753875282.31;2.0;49.20430514;18.75492376;387.8502;42.1353;13.0;0.8;227.355
1753875282.32;2.0;49.20430517;18.75492366;387.8513;42.1353;13.0;0.8;227.083
1753875282.33;2.0;49.2043052;18.75492357;387.852;42.1353;13.0;0.8;226.861
1753875282.34;2.0;49.20430524;18.75492348;387.8522;42.1353;13.0;0.8;226.631
1753875282.35;2.0;49.20430527;18.75492338;387.8527;42.1353;13.0;0.8;226.39
1753875282.36;2.0;49.2043053;18.75492329;387.8535;42.1353;13.0;0.8;226.163
1753875282.37;2.0;49.20430534;18.7549232;387.8544;42.1353;13.0;0.8;225.947
1753875282.38;2.0;49.20430537;18.75492311;387.855;42.1353;13.0;0.8;225.733
1753875282.39;2.0;49.2043054;18.75492302;387.8557;42.1353;13.0;0.8;225.582
1753875282.4;2.0;49.20430543;18.75492292;387.8572;42.1353;13.0;0.8;225.385
1753875282.41;2.0;49.20430546;18.75492283;387.8585;42.1353;13.0;0.8;225.135
1753875282.42;2.0;49.20430549;18.75492274;387.8591;42.1353;13.0;0.8;224.867
1753875282.43;2.0;49.20430551;18.75492265;387.8585;42.1353;13.0;0.8;224.623
1753875282.44;2.0;49.20430554;18.75492256;387.858;42.1353;13.0;0.8;224.431
1753875282.45;2.0;49.20430557;18.75492247;387.8581;42.1353;13.0;0.8;224.165
1753875282.46;2.0;49.2043056;18.75492239;387.8583;42.1353;13.0;0.8;223.917
1753875282.47;2.0;49.20430563;18.7549223;387.8583;42.1353;13.0;0.8;223.707
1753875282.48;2.0;49.20430566;18.75492221;387.8589;42.1353;13.0;0.8;223.479
1753875282.49;2.0;49.2043057;18.75492212;387.8595;42.1353;13.0;0.8;223.234
1753875282.5;2.0;49.20430573;18.75492203;387.8602;42.1353;13.0;0.8;222.978
1753875282.51;2.0;49.20430576;18.75492194;387.8604;42.1353;13.0;0.8;222.728
1753875282.52;2.0;49.20430579;18.75492185;387.8605;42.1353;13.0;0.8;222.462
1753875282.53;2.0;49.20430582;18.75492176;387.8607;42.1353;13.0;0.8;222.202
1753875282.54;2.0;49.20430585;18.75492167;387.8612;42.1353;13.0;0.8;221.918
1753875282.55;2.0;49.20430588;18.75492157;387.8617;42.1353;13.0;0.8;221.622
1753875282.56;2.0;49.2043059;18.75492147;387.8624;42.1353;13.0;0.8;221.287
1753875282.57;2.0;49.20430593;18.75492138;387.8634;42.1353;13.0;0.8;220.935
1753875282.58;2.0;49.20430596;18.75492129;387.8641;42.1353;13.0;0.8;220.646
1753875282.59;2.0;49.20430598;18.75492121;387.8645;42.1353;13.0;0.8;220.394
1753875282.6;2.0;49.204306;18.75492112;387.8651;42.1353;13.0;0.8;220.151
1753875282.61;2.0;49.20430602;18.75492103;387.8654;42.1353;13.0;0.8;219.877
1753875282.62;2.0;49.20430605;18.75492095;387.8654;42.1353;13.0;0.8;219.595
1753875282.63;2.0;49.20430606;18.75492086;387.865;42.1353;13.0;0.8;219.341
1753875282.64;2.0;49.20430609;18.75492077;387.8649;42.1353;13.0;0.8;219.113
1753875282.65;2.0;49.20430612;18.75492069;387.8647;42.1353;13.0;0.8;218.882
1753875282.66;2.0;49.20430615;18.7549206;387.8643;42.1353;13.0;0.8;218.653
1753875282.67;2.0;49.20430619;18.75492051;387.864;42.1353;13.0;0.8;218.412
1753875282.68;2.0;49.20430622;18.75492042;387.8641;42.1353;13.0;0.8;218.151
1753875282.69;2.0;49.20430625;18.75492033;387.8641;42.1353;13.0;0.8;217.873
1753875282.7;2.0;49.20430628;18.75492024;387.8641;42.1353;13.0;0.8;217.602
1753875282.71;2.0;49.20430631;18.75492014;387.8641;42.1353;13.0;0.8;217.355
1753875282.72;2.0;49.20430634;18.75492005;387.8648;42.1353;13.0;0.8;217.092
1753875282.73;2.0;49.20430637;18.75491996;387.8656;42.1353;13.0;0.8;216.85
1753875282.74;2.0;49.2043064;18.75491987;387.8654;42.1353;13.0;0.8;216.628
1753875282.75;2.0;49.20430643;18.75491978;387.8649;42.1353;13.0;0.8;216.417
1753875282.76;2.0;49.20430647;18.7549197;387.8637;42.1353;13.0;0.8;216.179
1753875282.77;2.0;49.2043065;18.75491961;387.863;42.1353;13.0;0.8;215.917
1753875282.78;2.0;49.20430653;18.75491952;387.8625;42.1353;13.0;0.8;215.641
1753875282.79;2.0;49.20430656;18.75491942;387.8619;42.1353;13.0;0.8;215.369
1753875282.8;2.0;49.20430659;18.75491933;387.8619;42.1353;13.0;0.8;215.084
1753875282.81;2.0;49.20430662;18.75491924;387.8622;42.1353;13.0;0.8;214.844
1753875282.82;2.0;49.20430664;18.75491914;387.8626;42.1353;13.0;0.8;214.561
1753875282.83;2.0;49.20430667;18.75491905;387.863;42.1353;13.0;0.8;214.275
1753875282.84;2.0;49.2043067;18.75491896;387.8634;42.1353;13.0;0.8;213.995
1753875282.85;2.0;49.20430673;18.75491886;387.8638;42.1353;13.0;0.8;213.682
1753875282.86;2.0;49.20430676;18.75491877;387.8644;42.1353;13.0;0.8;213.369
1753875282.87;2.0;49.20430679;18.75491867;387.8644;42.1353;13.0;0.8;213.074
1753875282.88;2.0;49.20430682;18.75491858;387.8648;42.1353;13.0;0.8;212.773
1753875282.89;2.0;49.20430684;18.75491848;387.8649;42.1353;13.0;0.8;212.522
1753875282.9;2.0;49.20430687;18.75491839;387.8656;42.1353;13.0;0.8;212.267
1753875282.91;2.0;49.20430689;18.75491829;387.8668;42.1353;13.0;0.8;212.025
1753875282.92;2.0;49.20430692;18.75491819;387.8672;42.1353;13.0;0.8;211.771
1753875282.93;2.0;49.20430695;18.75491809;387.867;42.1353;13.0;0.8;211.507
1753875282.94;2.0;49.20430698;18.75491799;387.867;42.1353;13.0;0.8;211.248
1753875282.95;2.0;49.204307;18.75491789;387.8669;42.1353;13.0;0.8;211.014
1753875282.96;2.0;49.20430703;18.75491779;387.8668;42.1353;13.0;0.8;210.784
1753875282.97;2.0;49.20430706;18.75491769;387.8667;42.1353;13.0;0.8;210.524
1753875282.98;2.0;49.20430708;18.75491759;387.8671;42.1353;13.0;0.8;210.27
1753875282.99;2.0;49.20430711;18.7549175;387.8668;42.1353;13.0;0.8;210.027
1753875283.0;2.0;49.20430714;18.75491739;387.8666;42.1353;13.0;0.8;209.728
1753875283.01;2.0;49.20430716;18.75491729;387.8667;42.1353;13.0;0.8;209.383
1753875283.02;2.0;49.20430718;18.7549172;387.8666;42.1353;13.0;0.8;209.015
1753875283.03;2.0;49.20430721;18.7549171;387.8668;42.1353;13.0;0.8;208.683
1753875283.04;2.0;49.20430723;18.75491701;387.8669;42.1353;13.0;0.8;208.395
1753875283.05;2.0;49.20430725;18.75491692;387.8666;42.1353;13.0;0.8;208.094
1753875283.06;2.0;49.20430727;18.75491683;387.8668;42.1353;13.0;0.8;207.815
1753875283.07;2.0;49.2043073;18.75491674;387.8671;42.1353;13.0;0.8;207.562
1753875283.08;2.0;49.20430732;18.75491665;387.8677;42.1353;13.0;0.8;207.282
1753875283.09;2.0;49.20430734;18.75491655;387.8681;42.1353;13.0;0.8;206.998
1753875283.1;2.0;49.20430736;18.75491645;387.868;42.1353;13.0;0.8;206.734
1753875283.11;2.0;49.20430737;18.75491635;387.8686;42.1353;13.0;0.8;206.529
1753875283.12;2.0;49.20430738;18.75491625;387.8693;42.1353;13.0;0.8;206.329
1753875283.13;2.0;49.2043074;18.75491616;387.8695;42.1353;13.0;0.8;206.121
1753875283.14;2.0;49.20430741;18.75491605;387.8685;42.1353;13.0;0.8;205.944
1753875283.15;2.0;49.20430743;18.75491595;387.8678;42.1353;13.0;0.8;205.745
1753875283.16;2.0;49.20430744;18.75491585;387.8672;42.1353;13.0;0.8;205.536
1753875283.17;2.0;49.20430745;18.75491575;387.8673;42.1353;13.0;0.8;205.284
1753875283.18;2.0;49.20430746;18.75491564;387.8673;42.1353;13.0;0.8;205.016
1753875283.19;2.0;49.20430747;18.75491553;387.868;42.1353;13.0;0.8;204.729
1753875283.2;2.0;49.20430748;18.75491543;387.8691;42.1353;13.0;0.8;204.474
1753875283.21;2.0;49.20430749;18.75491533;387.8694;42.1353;13.0;0.8;204.207
1753875283.22;2.0;49.20430751;18.75491523;387.8699;42.1353;13.0;0.8;203.895
1753875283.23;2.0;49.20430752;18.75491512;387.8703;42.1353;13.0;0.8;203.591
1753875283.24;2.0;49.20430753;18.75491502;387.8705;42.1353;13.0;0.8;203.3
1753875283.25;2.0;49.20430754;18.75491492;387.8707;42.1353;13.0;0.8;203.02
1753875283.26;2.0;49.20430755;18.75491481;387.8706;42.1353;13.0;0.8;202.787
1753875283.27;2.0;49.20430757;18.75491471;387.8708;42.1353;13.0;0.8;202.57
1753875283.28;2.0;49.20430758;18.75491461;387.8709;42.1353;13.0;0.8;202.374
1753875283.29;2.0;49.2043076;18.75491451;387.8705;42.1353;13.0;0.8;202.169
1753875283.3;2.0;49.20430762;18.7549144;387.8703;42.1353;13.0;0.8;201.926
1753875283.31;2.0;49.20430764;18.75491429;387.8699;42.1353;13.0;0.8;201.71
1753875283.32;2.0;49.20430766;18.7549142;387.8697;42.1353;13.0;0.8;201.456
1753875283.33;2.0;49.20430767;18.75491409;387.8699;42.1353;13.0;0.8;201.19
1753875283.34;2.0;49.20430769;18.75491399;387.8699;42.1353;13.0;0.8;200.898
1753875283.35;2.0;49.2043077;18.75491388;387.8701;42.1353;13.0;0.8;200.63
1753875283.36;2.0;49.20430771;18.75491378;387.8706;42.1353;13.0;0.8;200.338
1753875283.37;2.0;49.20430771;18.75491368;387.8713;42.1353;13.0;0.8;200.025
1753875283.38;2.0;49.20430772;18.75491357;387.8719;42.1353;13.0;0.8;199.746
1753875283.39;2.0;49.20430773;18.75491347;387.872;42.1353;13.0;0.8;199.468
1753875283.4;2.0;49.20430774;18.75491336;387.8726;42.1353;13.0;0.8;199.19
1753875283.41;2.0;49.20430775;18.75491325;387.8731;42.1353;13.0;0.8;198.952
1753875283.42;2.0;49.20430776;18.75491315;387.8734;42.1353;13.0;0.8;198.702
1753875283.43;2.0;49.20430777;18.75491304;387.8736;42.1353;13.0;0.8;198.458
1753875283.44;2.0;49.20430777;18.75491292;387.8739;42.1353;13.0;0.8;198.175
1753875283.45;2.0;49.20430778;18.75491281;387.8745;42.1353;13.0;0.8;197.865
1753875283.46;2.0;49.20430778;18.7549127;387.8748;42.1353;13.0;0.8;197.54
1753875283.47;2.0;49.20430778;18.75491259;387.875;42.1353;13.0;0.8;197.224
1753875283.48;2.0;49.20430779;18.75491249;387.8754;42.1353;13.0;0.8;196.925
1753875283.49;2.0;49.20430779;18.75491239;387.8757;42.1353;13.0;0.8;196.658
1753875283.5;2.0;49.20430779;18.75491228;387.8759;42.1353;13.0;0.8;196.401
1753875283.51;2.0;49.2043078;18.75491218;387.8753;42.1353;13.0;0.8;196.112
1753875283.52;2.0;49.2043078;18.75491207;387.8745;42.1353;13.0;0.8;195.847
1753875283.53;2.0;49.2043078;18.75491197;387.8737;42.1353;13.0;0.8;195.614
1753875283.54;2.0;49.20430781;18.75491186;387.8735;42.1353;13.0;0.8;195.407
1753875283.55;2.0;49.20430781;18.75491176;387.8736;42.1353;13.0;0.8;195.183
1753875283.56;2.0;49.20430781;18.75491166;387.8736;42.1353;13.0;0.8;194.942
1753875283.57;2.0;49.20430781;18.75491155;387.8733;42.1353;13.0;0.8;194.758
1753875283.58;2.0;49.20430781;18.75491145;387.8729;42.1353;13.0;0.8;194.553
1753875283.59;2.0;49.2043078;18.75491133;387.873;42.1353;13.0;0.8;194.307
1753875283.6;2.0;49.2043078;18.75491122;387.8727;42.1353;13.0;0.8;194.019
1753875283.61;2.0;49.2043078;18.7549111;387.8719;42.1353;13.0;0.8;193.735
1753875283.62;2.0;49.20430779;18.75491098;387.8711;42.1353;13.0;0.8;193.43
1753875283.63;2.0;49.20430779;18.75491086;387.87;42.1353;13.0;0.8;193.084
1753875283.64;2.0;49.20430779;18.75491075;387.8698;42.1353;13.0;0.8;192.734
1753875283.65;2.0;49.20430779;18.75491064;387.8691;42.1353;13.0;0.8;192.415
1753875283.66;2.0;49.20430779;18.75491052;387.868;42.1353;13.0;0.8;192.098
1753875283.67;2.0;49.2043078;18.75491041;387.8676;42.1353;13.0;0.8;191.769
1753875283.68;2.0;49.2043078;18.7549103;387.8677;42.1353;13.0;0.8;191.453
1753875283.69;2.0;49.20430781;18.7549102;387.8675;42.1353;13.0;0.8;191.134
1753875283.7;2.0;49.20430782;18.75491009;387.8673;42.1353;13.0;0.8;190.799
1753875283.71;2.0;49.20430782;18.75490999;387.8675;42.1353;13.0;0.8;190.45
1753875283.72;2.0;49.20430783;18.75490989;387.8673;42.1353;13.0;0.8;190.138
1753875283.73;2.0;49.20430784;18.75490979;387.8668;42.1353;13.0;0.8;189.884
1753875283.74;2.0;49.20430784;18.75490969;387.8666;42.1353;13.0;0.8;189.636
1753875283.75;2.0;49.20430784;18.75490959;387.8662;42.1353;13.0;0.8;189.36
1753875283.76;2.0;49.20430784;18.75490948;387.8656;42.1353;13.0;0.8;189.067
1753875283.77;2.0;49.20430784;18.75490937;387.865;42.1353;13.0;0.8;188.811
1753875283.78;2.0;49.20430784;18.75490927;387.8649;42.1353;13.0;0.8;188.547
1753875283.79;2.0;49.20430784;18.75490916;387.8651;42.1353;13.0;0.8;188.246
1753875283.8;2.0;49.20430785;18.75490905;387.865;42.1353;13.0;0.8;187.953
1753875283.81;2.0;49.20430785;18.75490893;387.865;42.1353;13.0;0.8;187.651
1753875283.82;2.0;49.20430785;18.75490882;387.8646;42.1353;13.0;0.8;187.366
1753875283.83;2.0;49.20430784;18.75490871;387.8645;42.1353;13.0;0.8;187.101
1753875283.84;2.0;49.20430784;18.7549086;387.8642;42.1353;13.0;0.8;186.818
1753875283.85;2.0;49.20430784;18.7549085;387.8642;42.1353;13.0;0.8;186.562
1753875283.86;2.0;49.20430784;18.7549084;387.8648;42.1353;13.0;0.8;186.286
1753875283.87;2.0;49.20430783;18.75490829;387.8649;42.1353;13.0;0.8;186.08
1753875283.88;2.0;49.20430783;18.75490819;387.8645;42.1353;13.0;0.8;185.831
1753875283.89;2.0;49.20430783;18.75490809;387.8638;42.1353;13.0;0.8;185.549
1753875283.9;2.0;49.20430782;18.75490798;387.8627;42.1353;13.0;0.8;185.223
1753875283.91;2.0;49.20430782;18.75490788;387.8619;42.1353;13.0;0.8;184.894
1753875283.92;2.0;49.20430782;18.75490777;387.8613;42.1353;13.0;0.8;184.595
1753875283.93;2.0;49.20430782;18.75490766;387.8606;42.1353;13.0;0.8;184.327
1753875283.94;2.0;49.20430782;18.75490755;387.86;42.1353;13.0;0.8;184.049
1753875283.95;2.0;49.20430781;18.75490743;387.8597;42.1353;13.0;0.8;183.787
1753875283.96;2.0;49.2043078;18.75490732;387.8601;42.1353;13.0;0.8;183.511
1753875283.97;2.0;49.20430779;18.75490721;387.8599;42.1353;13.0;0.8;183.24
1753875283.98;2.0;49.20430779;18.7549071;387.8598;42.1353;13.0;0.8;182.968
1753875283.99;2.0;49.20430778;18.75490699;387.8592;42.1353;13.0;0.8;182.659
1753875284.0;2.0;49.20430777;18.75490688;387.8587;42.1353;13.0;0.8;182.343
1753875284.01;2.0;49.20430776;18.75490677;387.8578;42.1353;13.0;0.8;181.998
1753875284.02;2.0;49.20430776;18.75490666;387.8568;42.1353;13.0;0.8;181.681
1753875284.03;2.0;49.20430775;18.75490656;387.8554;42.1353;13.0;0.8;181.408
1753875284.04;2.0;49.20430775;18.75490645;387.8542;42.1353;13.0;0.8;181.121
1753875284.05;2.0;49.20430774;18.75490635;387.8534;42.1353;13.0;0.8;180.855
1753875284.06;2.0;49.20430773;18.75490625;387.8528;42.1353;13.0;0.8;180.602
1753875284.07;2.0;49.20430771;18.75490614;387.8522;42.1353;13.0;0.8;180.37
1753875284.08;2.0;49.2043077;18.75490604;387.852;42.1354;13.0;0.8;180.152
1753875284.09;2.0;49.20430769;18.75490593;387.852;42.1354;13.0;0.8;179.92
1753875284.1;2.0;49.20430768;18.75490582;387.8519;42.1354;13.0;0.8;179.625
1753875284.11;2.0;49.20430767;18.75490571;387.852;42.1354;13.0;0.8;179.286
1753875284.12;2.0;49.20430765;18.75490561;387.8522;42.1354;13.0;0.8;178.969
1753875284.13;2.0;49.20430763;18.75490551;387.8519;42.1354;13.0;0.8;178.653
1753875284.14;2.0;49.20430762;18.75490542;387.8518;42.1354;13.0;0.8;178.385
1753875284.15;2.0;49.20430761;18.75490533;387.8515;42.1354;13.0;0.8;178.191
1753875284.16;2.0;49.2043076;18.75490524;387.8509;42.1354;13.0;0.8;177.961
1753875284.17;2.0;49.20430759;18.75490515;387.8502;42.1354;13.0;0.8;177.697
1753875284.18;2.0;49.20430759;18.75490506;387.8493;42.1354;13.0;0.8;177.407
1753875284.19;2.0;49.20430758;18.75490498;387.8489;42.1354;13.0;0.8;177.176
1753875284.2;2.0;49.20430758;18.75490489;387.8484;42.1354;13.0;0.8;176.931
1753875284.21;2.0;49.20430757;18.75490481;387.848;42.1354;13.0;0.8;176.646
1753875284.22;2.0;49.20430756;18.75490473;387.8483;42.1354;13.0;0.8;176.336
1753875284.23;2.0;49.20430754;18.75490464;387.8491;42.1354;13.0;0.8;175.991
1753875284.24;2.0;49.20430753;18.75490456;387.8495;42.1354;13.0;0.8;175.652
1753875284.25;2.0;49.20430752;18.75490447;387.8496;42.1354;13.0;0.8;175.278
1753875284.26;2.0;49.20430751;18.75490439;387.8502;42.1354;13.0;0.8;174.872
1753875284.27;2.0;49.2043075;18.7549043;387.8506;42.1354;13.0;0.8;174.504
1753875284.28;2.0;49.20430749;18.75490422;387.8505;42.1354;13.0;0.8;174.158
1753875284.29;2.0;49.20430747;18.75490414;387.8504;42.1354;13.0;0.8;173.827
1753875284.3;2.0;49.20430745;18.75490405;387.8501;42.1354;13.0;0.8;173.55
1753875284.31;2.0;49.20430744;18.75490397;387.85;42.1354;13.0;0.8;173.286
1753875284.32;2.0;49.20430743;18.75490389;387.8495;42.1354;13.0;0.8;173.067
1753875284.33;2.0;49.20430742;18.75490381;387.849;42.1354;13.0;0.8;172.808
1753875284.34;2.0;49.2043074;18.75490373;387.8485;42.1354;13.0;0.8;172.599
1753875284.35;2.0;49.20430738;18.75490365;387.8478;42.1354;13.0;0.8;172.428
1753875284.36;2.0;49.20430737;18.75490357;387.8477;42.1354;13.0;0.8;172.264
1753875284.37;2.0;49.20430735;18.75490349;387.8475;42.1354;13.0;0.8;172.1
1753875284.38;2.0;49.20430733;18.75490342;387.8475;42.1354;13.0;0.8;171.938
1753875284.39;2.0;49.2043073;18.75490334;387.8471;42.1354;13.0;0.8;171.752
1753875284.4;2.0;49.20430728;18.75490326;387.8467;42.1354;13.0;0.8;171.544
1753875284.41;2.0;49.20430726;18.75490318;387.846;42.1354;13.0;0.8;171.313
1753875284.42;2.0;49.20430724;18.7549031;387.8448;42.1354;13.0;0.8;171.032
1753875284.43;2.0;49.20430722;18.75490302;387.8434;42.1354;13.0;0.8;170.694
1753875284.44;2.0;49.2043072;18.75490294;387.8426;42.1354;13.0;0.8;170.353
1753875284.45;2.0;49.20430718;18.75490285;387.8416;42.1354;13.0;0.8;170.019
1753875284.46;2.0;49.20430716;18.75490277;387.8404;42.1354;13.0;0.8;169.687
1753875284.47;2.0;49.20430714;18.75490269;387.8394;42.1354;13.0;0.8;169.345
1753875284.48;2.0;49.20430712;18.7549026;387.8384;42.1354;13.0;0.8;169.016
1753875284.49;2.0;49.2043071;18.75490252;387.8376;42.1354;13.0;0.8;168.678
1753875284.5;2.0;49.20430709;18.75490243;387.8369;42.1354;13.0;0.8;168.343
1753875284.51;2.0;49.20430707;18.75490235;387.8361;42.1354;13.0;0.8;168.036
1753875284.52;2.0;49.20430704;18.75490227;387.8359;42.1354;13.0;0.8;167.741
1753875284.53;2.0;49.20430702;18.75490219;387.8357;42.1354;13.0;0.8;167.409
1753875284.54;2.0;49.204307;18.75490211;387.8356;42.1354;13.0;0.8;167.043
1753875284.55;2.0;49.20430698;18.75490203;387.8354;42.1354;13.0;0.8;166.695
1753875284.56;2.0;49.20430696;18.75490196;387.8344;42.1354;13.0;0.8;166.345
1753875284.57;2.0;49.20430694;18.75490188;387.8339;42.1354;13.0;0.8;166.063
1753875284.58;2.0;49.20430692;18.7549018;387.8338;42.1354;13.0;0.8;165.829
1753875284.59;2.0;49.2043069;18.75490173;387.8332;42.1354;13.0;0.8;165.554
1753875284.6;2.0;49.20430688;18.75490166;387.8332;42.1354;13.0;0.8;165.263
1753875284.61;2.0;49.20430685;18.75490159;387.8336;42.1354;13.0;0.8;165.006
1753875284.62;2.0;49.20430683;18.75490152;387.8334;42.1354;13.0;0.8;164.8
1753875284.63;2.0;49.20430679;18.75490145;387.8333;42.1354;13.0;0.8;164.581
1753875284.64;2.0;49.20430676;18.75490137;387.8334;42.1354;13.0;0.8;164.305
1753875284.65;2.0;49.20430673;18.75490129;387.8332;42.1354;13.0;0.8;164.025
1753875284.66;2.0;49.2043067;18.7549012;387.8331;42.1354;13.0;0.8;163.735
1753875284.67;2.0;49.20430667;18.75490112;387.8329;42.1354;13.0;0.8;163.455
1753875284.68;2.0;49.20430664;18.75490104;387.8328;42.1354;13.0;0.8;163.161
1753875284.69;2.0;49.20430661;18.75490096;387.8324;42.1354;13.0;0.8;162.842
1753875284.7;2.0;49.20430657;18.75490088;387.8321;42.1354;13.0;0.8;162.541
1753875284.71;2.0;49.20430654;18.7549008;387.8317;42.1354;13.0;0.8;162.226
1753875284.72;2.0;49.20430651;18.75490072;387.8311;42.1354;13.0;0.8;161.905
1753875284.73;2.0;49.20430647;18.75490065;387.8313;42.1354;13.0;0.8;161.628
1753875284.74;2.0;49.20430643;18.75490058;387.8316;42.1354;13.0;0.8;161.335
1753875284.75;2.0;49.2043064;18.75490051;387.8314;42.1354;13.0;0.8;161.016
1753875284.76;2.0;49.20430636;18.75490043;387.8316;42.1354;13.0;0.8;160.744
1753875284.77;2.0;49.20430632;18.75490037;387.8319;42.1354;13.0;0.8;160.474
1753875284.78;2.0;49.20430628;18.7549003;387.8323;42.1354;13.0;0.8;160.179
1753875284.79;2.0;49.20430624;18.75490022;387.8322;42.1354;13.0;0.8;159.925
1753875284.8;2.0;49.2043062;18.75490015;387.8318;42.1354;13.0;0.8;159.668
1753875284.81;2.0;49.20430616;18.75490008;387.8313;42.1354;13.0;0.8;159.421
1753875284.82;2.0;49.20430613;18.7549;387.8311;42.1354;13.0;0.8;159.181
1753875284.83;2.0;49.20430609;18.75489993;387.8309;42.1354;13.0;0.8;158.883
1753875284.84;2.0;49.20430605;18.75489986;387.8307;42.1354;13.0;0.8;158.54
1753875284.85;2.0;49.20430601;18.75489978;387.8303;42.1354;13.0;0.8;158.201
1753875284.86;2.0;49.20430597;18.75489972;387.8298;42.1354;13.0;0.8;157.85
1753875284.87;2.0;49.20430593;18.75489964;387.8292;42.1354;13.0;0.8;157.485
1753875284.88;2.0;49.20430589;18.75489958;387.8291;42.1354;13.0;0.8;157.128
1753875284.89;2.0;49.20430585;18.75489951;387.8283;42.1354;13.0;0.8;156.814
1753875284.9;2.0;49.20430581;18.75489944;387.8273;42.1354;13.0;0.8;156.534
1753875284.91;2.0;49.20430576;18.75489937;387.8264;42.1354;13.0;0.8;156.25
1753875284.92;2.0;49.20430572;18.7548993;387.826;42.1354;13.0;0.8;155.948
1753875284.93;2.0;49.20430567;18.75489923;387.8255;42.1354;13.0;0.8;155.664
1753875284.94;2.0;49.20430563;18.75489916;387.8248;42.1354;13.0;0.8;155.424
1753875284.95;2.0;49.20430558;18.75489909;387.8236;42.1354;13.0;0.8;155.103
1753875284.96;2.0;49.20430553;18.75489901;387.823;42.1354;13.0;0.8;154.785
1753875284.97;2.0;49.20430549;18.75489893;387.8222;42.1354;13.0;0.8;154.503
1753875284.98;2.0;49.20430545;18.75489886;387.8213;42.1354;13.0;0.8;154.204
1753875284.99;2.0;49.20430541;18.75489879;387.8206;42.1354;13.0;0.8;153.889
1753875285.0;2.0;49.20430536;18.75489873;387.82;42.1354;13.0;0.8;153.601
1753875285.01;2.0;49.20430532;18.75489865;387.819;42.1354;13.0;0.8;153.29
1753875285.02;2.0;49.20430528;18.75489858;387.8181;42.1354;13.0;0.8;152.962
1753875285.03;2.0;49.20430523;18.75489852;387.8176;42.1354;13.0;0.8;152.669
1753875285.04;2.0;49.20430519;18.75489845;387.8175;42.1354;13.0;0.8;152.417
1753875285.05;2.0;49.20430514;18.75489839;387.8178;42.1354;13.0;0.8;152.211
1753875285.06;2.0;49.20430509;18.75489834;387.8186;42.1354;13.0;0.8;152.025
1753875285.07;2.0;49.20430505;18.75489827;387.8192;42.1354;13.0;0.8;151.799
1753875285.08;2.0;49.20430501;18.7548982;387.8202;42.1354;13.0;0.8;151.56
1753875285.09;2.0;49.20430496;18.75489813;387.8212;42.1354;13.0;0.8;151.316
1753875285.1;2.0;49.20430493;18.75489805;387.8218;42.1354;13.0;0.8;151.036
1753875285.11;2.0;49.20430489;18.75489798;387.822;42.1354;13.0;0.8;150.725
1753875285.12;2.0;49.20430484;18.7548979;387.8216;42.1354;13.0;0.8;150.347
1753875285.13;2.0;49.20430479;18.75489783;387.8217;42.1354;13.0;0.8;149.974
1753875285.14;2.0;49.20430475;18.75489775;387.8213;42.1354;13.0;0.8;149.607
1753875285.15;2.0;49.2043047;18.75489768;387.8205;42.1354;13.0;0.8;149.241
1753875285.16;2.0;49.20430465;18.7548976;387.8195;42.1354;13.0;0.8;148.859
1753875285.17;2.0;49.2043046;18.75489753;387.8188;42.1354;13.0;0.8;148.446
1753875285.18;2.0;49.20430455;18.75489746;387.8175;42.1354;13.0;0.8;148.028
1753875285.19;2.0;49.2043045;18.7548974;387.8164;42.1354;13.0;0.8;147.653
1753875285.2;2.0;49.20430444;18.75489734;387.8159;42.1354;13.0;0.8;147.304
1753875285.21;2.0;49.20430439;18.75489729;387.8153;42.1354;13.0;0.8;146.931
1753875285.22;2.0;49.20430433;18.75489724;387.8147;42.1354;13.0;0.8;146.538
1753875285.23;2.0;49.20430428;18.75489718;387.814;42.1354;13.0;0.8;146.192
1753875285.24;2.0;49.20430422;18.75489712;387.8138;42.1354;13.0;0.8;145.91
1753875285.25;2.0;49.20430417;18.75489707;387.8136;42.1354;13.0;0.8;145.626
1753875285.26;2.0;49.20430412;18.75489702;387.8134;42.1354;13.0;0.8;145.344
1753875285.27;2.0;49.20430407;18.75489697;387.8132;42.1354;13.0;0.8;145.022
1753875285.28;2.0;49.20430402;18.75489692;387.8133;42.1354;13.0;0.8;144.749
1753875285.29;2.0;49.20430397;18.75489686;387.8137;42.1354;13.0;0.8;144.535
1753875285.3;2.0;49.20430392;18.75489681;387.8135;42.1354;13.0;0.8;144.293
1753875285.31;2.0;49.20430388;18.75489675;387.8135;42.1354;13.0;0.8;144.049
1753875285.32;2.0;49.20430383;18.7548967;387.8131;42.1354;13.0;0.8;143.756
1753875285.33;2.0;49.20430378;18.75489665;387.8123;42.1354;13.0;0.8;143.479
1753875285.34;2.0;49.20430372;18.7548966;387.8115;42.1354;13.0;0.8;143.212
1753875285.35;2.0;49.20430367;18.75489654;387.8103;42.1354;13.0;0.8;142.896
1753875285.36;2.0;49.20430362;18.75489648;387.8094;42.1354;13.0;0.8;142.635
1753875285.37;2.0;49.20430357;18.75489642;387.8086;42.1354;13.0;0.8;142.347
1753875285.38;2.0;49.20430351;18.75489637;387.808;42.1354;13.0;0.8;142.068
1753875285.39;2.0;49.20430346;18.75489631;387.8078;42.1354;13.0;0.8;141.789
1753875285.4;2.0;49.2043034;18.75489626;387.8073;42.1354;13.0;0.8;141.506
1753875285.41;2.0;49.20430334;18.7548962;387.8065;42.1354;13.0;0.8;141.209
1753875285.42;2.0;49.20430329;18.75489615;387.8057;42.1354;13.0;0.8;140.905
1753875285.43;2.0;49.20430323;18.7548961;387.8054;42.1354;13.0;0.8;140.536
1753875285.44;2.0;49.20430317;18.75489605;387.8053;42.1354;13.0;0.8;140.165
1753875285.45;2.0;49.20430311;18.754896;387.805;42.1354;13.0;0.8;139.811
1753875285.46;2.0;49.20430304;18.75489595;387.8043;42.1354;13.0;0.8;139.501
1753875285.47;2.0;49.20430297;18.75489591;387.8036;42.1354;13.0;0.8;139.177
1753875285.48;2.0;49.2043029;18.75489587;387.8034;42.1354;13.0;0.8;138.851
1753875285.49;2.0;49.20430283;18.75489582;387.803;42.1354;13.0;0.8;138.495
1753875285.5;2.0;49.20430276;18.75489578;387.8024;42.1354;13.0;0.8;138.095
1753875285.51;2.0;49.20430269;18.75489573;387.8024;42.1354;13.0;0.8;137.712
1753875285.52;2.0;49.20430263;18.75489568;387.8025;42.1354;13.0;0.8;137.308
1753875285.53;2.0;49.20430256;18.75489564;387.8026;42.1354;13.0;0.8;136.919
1753875285.54;2.0;49.2043025;18.75489559;387.8024;42.1354;13.0;0.8;136.587
1753875285.55;2.0;49.20430244;18.75489554;387.8019;42.1354;13.0;0.8;136.29
1753875285.56;2.0;49.20430237;18.75489549;387.8012;42.1354;13.0;0.8;135.943
1753875285.57;2.0;49.20430231;18.75489545;387.8005;42.1354;13.0;0.8;135.569
1753875285.58;2.0;49.20430225;18.7548954;387.8004;42.1354;12.0;0.9;135.199
1753875285.59;2.0;49.20430219;18.75489535;387.8004;42.1354;12.0;0.9;134.869
1753875285.6;2.0;49.20430212;18.7548953;387.8003;42.1354;12.0;0.9;134.573
1753875285.61;2.0;49.20430206;18.75489524;387.7999;42.1354;12.0;0.9;134.228
1753875285.62;2.0;49.20430201;18.75489519;387.7996;42.1354;12.0;0.9;133.92
1753875285.63;2.0;49.20430194;18.75489515;387.7992;42.1354;12.0;0.9;133.658
1753875285.64;2.0;49.20430188;18.7548951;387.7986;42.1354;12.0;0.9;133.373
1753875285.65;2.0;49.20430182;18.75489505;387.7981;42.1354;12.0;0.9;133.064
1753875285.66;2.0;49.20430175;18.754895;387.7979;42.1354;12.0;0.9;132.651
1753875285.67;2.0;49.20430168;18.75489495;387.7979;42.1354;12.0;0.9;132.265
1753875285.68;2.0;49.20430161;18.75489491;387.7981;42.1354;12.0;0.9;131.877
1753875285.69;2.0;49.20430154;18.75489486;387.7984;42.1354;12.0;0.9;131.547
1753875285.7;2.0;49.20430147;18.75489482;387.7987;42.1354;12.0;0.9;131.188
1753875285.71;2.0;49.2043014;18.75489477;387.7992;42.1354;12.0;0.9;130.82
1753875285.72;2.0;49.20430133;18.75489472;387.7997;42.1354;12.0;0.9;130.459
1753875285.73;2.0;49.20430126;18.75489468;387.8003;42.1354;12.0;0.9;130.074
1753875285.74;2.0;49.20430119;18.75489464;387.8009;42.1354;12.0;0.9;129.709
1753875285.75;2.0;49.20430111;18.75489461;387.8015;42.1354;12.0;0.9;129.363
1753875285.76;2.0;49.20430104;18.75489457;387.8018;42.1354;12.0;0.9;128.973
1753875285.77;2.0;49.20430097;18.75489453;387.802;42.1354;12.0;0.9;128.6
1753875285.78;2.0;49.2043009;18.75489449;387.8025;42.1354;12.0;0.9;128.275
1753875285.79;2.0;49.20430084;18.75489445;387.8021;42.1354;12.0;0.9;127.966
1753875285.8;2.0;49.20430078;18.75489441;387.8018;42.1354;12.0;0.9;127.677
1753875285.81;2.0;49.20430071;18.75489436;387.8009;42.1354;12.0;0.9;127.375
1753875285.82;2.0;49.20430064;18.75489432;387.8001;42.1354;12.0;0.9;127.035
1753875285.83;2.0;49.20430058;18.75489428;387.7999;42.1354;12.0;0.9;126.735
1753875285.84;2.0;49.20430051;18.75489424;387.7998;42.1354;12.0;0.9;126.463
1753875285.85;2.0;49.20430044;18.7548942;387.8001;42.1354;12.0;0.9;126.22
1753875285.86;2.0;49.20430037;18.75489416;387.8;42.1354;12.0;0.9;125.922
1753875285.87;2.0;49.2043003;18.75489412;387.7997;42.1354;12.0;0.9;125.673
1753875285.88;2.0;49.20430024;18.75489409;387.7989;42.1354;12.0;0.9;125.414
1753875285.89;2.0;49.20430017;18.75489405;387.7979;42.1354;12.0;0.9;125.129
1753875285.9;2.0;49.2043001;18.75489401;387.7971;42.1354;12.0;0.9;124.821
1753875285.91;2.0;49.20430002;18.75489398;387.7969;42.1354;12.0;0.9;124.508
1753875285.92;2.0;49.20429995;18.75489395;387.7967;42.1354;12.0;0.9;124.231
1753875285.93;2.0;49.20429987;18.75489393;387.7967;42.1354;12.0;0.9;123.932
1753875285.94;2.0;49.20429981;18.7548939;387.7961;42.1354;12.0;0.9;123.641
1753875285.95;2.0;49.20429974;18.75489387;387.7954;42.1354;12.0;0.9;123.362
1753875285.96;2.0;49.20429967;18.75489384;387.794;42.1354;12.0;0.9;123.028
1753875285.97;2.0;49.2042996;18.75489381;387.7928;42.1354;12.0;0.9;122.706
1753875285.98;2.0;49.20429953;18.75489378;387.7924;42.1354;12.0;0.9;122.391
1753875285.99;2.0;49.20429945;18.75489376;387.7916;42.1354;12.0;0.9;122.09
1753875286.0;2.0;49.20429938;18.75489373;387.7912;42.1354;12.0;0.9;121.763
1753875286.01;2.0;49.2042993;18.7548937;387.791;42.1354;12.0;0.9;121.425
1753875286.02;2.0;49.20429922;18.75489367;387.7903;42.1354;12.0;0.9;121.072
1753875286.03;2.0;49.20429915;18.75489365;387.7896;42.1354;12.0;0.9;120.721
1753875286.04;2.0;49.20429907;18.75489363;387.7886;42.1354;12.0;0.9;120.407
1753875286.05;2.0;49.20429899;18.7548936;387.7884;42.1354;12.0;0.9;120.039
1753875286.06;2.0;49.20429892;18.75489358;387.7885;42.1354;12.0;0.9;119.663
1753875286.07;2.0;49.20429884;18.75489356;387.7886;42.1354;12.0;0.9;119.293
1753875286.08;2.0;49.20429876;18.75489353;387.7884;42.1354;12.0;0.9;118.948
1753875286.09;2.0;49.20429869;18.75489351;387.7886;42.1353;12.0;0.9;118.582
1753875286.1;2.0;49.20429863;18.75489349;387.7883;42.1353;12.0;0.9;118.229
1753875286.11;2.0;49.20429856;18.75489346;387.7883;42.1353;12.0;0.9;117.874
1753875286.12;2.0;49.2042985;18.75489343;387.7878;42.1353;12.0;0.9;117.491
1753875286.13;2.0;49.20429843;18.75489341;387.7874;42.1353;12.0;0.9;117.096
1753875286.14;2.0;49.20429836;18.75489338;387.7873;42.1353;12.0;0.9;116.732
1753875286.15;2.0;49.20429829;18.75489335;387.7876;42.1353;12.0;0.9;116.356
1753875286.16;2.0;49.20429822;18.75489332;387.7872;42.1353;12.0;0.9;115.995
1753875286.17;2.0;49.20429815;18.75489329;387.7867;42.1353;12.0;0.9;115.643
1753875286.18;2.0;49.20429808;18.75489326;387.787;42.1353;12.0;0.9;115.312
1753875286.19;2.0;49.204298;18.75489324;387.7872;42.1353;12.0;0.9;114.989
1753875286.2;2.0;49.20429793;18.75489321;387.7876;42.1353;12.0;0.9;114.683
1753875286.21;2.0;49.20429785;18.75489319;387.788;42.1353;12.0;0.9;114.408
1753875286.22;2.0;49.20429777;18.75489316;387.7885;42.1353;12.0;0.9;114.128
1753875286.23;2.0;49.20429769;18.75489315;387.7888;42.1353;12.0;0.9;113.847
1753875286.24;2.0;49.20429762;18.75489313;387.7886;42.1353;12.0;0.9;113.58
1753875286.25;2.0;49.20429754;18.75489312;387.7881;42.1353;12.0;0.9;113.349
1753875286.26;2.0;49.20429746;18.75489311;387.7876;42.1353;12.0;0.9;113.057
1753875286.27;2.0;49.20429739;18.75489309;387.7863;42.1353;12.0;0.9;112.779
1753875286.28;2.0;49.20429731;18.75489307;387.7854;42.1353;12.0;0.9;112.492
1753875286.29;2.0;49.20429723;18.75489306;387.7853;42.1353;12.0;0.9;112.218
1753875286.3;2.0;49.20429715;18.75489305;387.7849;42.1353;12.0;0.9;111.904
1753875286.31;2.0;49.20429708;18.75489304;387.7847;42.1353;12.0;0.9;111.584
1753875286.32;2.0;49.204297;18.75489303;387.7839;42.1353;12.0;0.9;111.265
1753875286.33;2.0;49.20429692;18.75489301;387.7829;42.1353;12.0;0.9;110.9
1753875286.34;2.0;49.20429685;18.754893;387.7815;42.1353;12.0;0.9;110.584
1753875286.35;2.0;49.20429677;18.75489299;387.7806;42.1353;12.0;0.9;110.292
1753875286.36;2.0;49.2042967;18.75489298;387.78;42.1353;12.0;0.9;109.915
1753875286.37;2.0;49.20429662;18.75489297;387.7795;42.1353;12.0;0.9;109.514
1753875286.38;2.0;49.20429654;18.75489297;387.7787;42.1353;12.0;0.9;109.175
1753875286.39;2.0;49.20429646;18.75489296;387.7781;42.1353;12.0;0.9;108.854
1753875286.4;2.0;49.20429638;18.75489295;387.7776;42.1353;12.0;0.9;108.52
1753875286.41;2.0;49.20429631;18.75489293;387.7771;42.1353;12.0;0.9;108.198
1753875286.42;2.0;49.20429624;18.75489292;387.7773;42.1353;12.0;0.9;107.899
1753875286.43;2.0;49.20429616;18.7548929;387.7774;42.1353;12.0;0.9;107.619
1753875286.44;2.0;49.20429609;18.75489289;387.7769;42.1353;12.0;0.9;107.336
1753875286.45;2.0;49.20429601;18.75489288;387.7765;42.1353;12.0;0.9;107.004
1753875286.46;2.0;49.20429593;18.75489287;387.7763;42.1353;12.0;0.9;106.622
1753875286.47;2.0;49.20429585;18.75489287;387.7762;42.1353;12.0;0.9;106.232
1753875286.48;2.0;49.20429577;18.75489286;387.7762;42.1353;12.0;0.9;105.882
1753875286.49;2.0;49.2042957;18.75489286;387.776;42.1353;12.0;0.9;105.542
1753875286.5;2.0;49.20429562;18.75489286;387.7759;42.1353;12.0;0.9;105.168
1753875286.51;2.0;49.20429555;18.75489286;387.7754;42.1353;12.0;0.9;104.798
1753875286.52;2.0;49.20429547;18.75489286;387.7748;42.1353;12.0;0.9;104.437
1753875286.53;2.0;49.2042954;18.75489285;387.7736;42.1353;12.0;0.9;104.081
1753875286.54;2.0;49.20429532;18.75489285;387.7722;42.1353;12.0;0.9;103.705
1753875286.55;2.0;49.20429525;18.75489285;387.7711;42.1353;12.0;0.9;103.346
1753875286.56;2.0;49.20429518;18.75489286;387.7699;42.1353;12.0;0.9;103.053
1753875286.57;2.0;49.20429511;18.75489286;387.7683;42.1353;12.0;0.9;102.783
1753875286.58;2.0;49.20429504;18.75489285;387.7668;42.1353;12.0;0.9;102.485
1753875286.59;2.0;49.20429497;18.75489285;387.7656;42.1353;12.0;0.9;102.165
1753875286.6;2.0;49.20429489;18.75489284;387.7645;42.1353;12.0;0.9;101.825
1753875286.61;2.0;49.20429482;18.75489283;387.7638;42.1353;12.0;0.9;101.502
1753875286.62;2.0;49.20429474;18.75489282;387.7639;42.1353;12.0;0.9;101.163
1753875286.63;2.0;49.20429466;18.75489282;387.7642;42.1353;12.0;0.9;100.804
1753875286.64;2.0;49.20429458;18.75489282;387.7646;42.1353;12.0;0.9;100.462
1753875286.65;2.0;49.2042945;18.75489281;387.7654;42.1353;12.0;0.9;100.178
1753875286.66;2.0;49.20429441;18.75489281;387.7661;42.1353;12.0;0.9;99.865
1753875286.67;2.0;49.20429433;18.7548928;387.7665;42.1353;12.0;0.9;99.499
1753875286.68;2.0;49.20429425;18.7548928;387.7657;42.1353;12.0;0.9;99.132
1753875286.69;2.0;49.20429417;18.75489279;387.7648;42.1353;12.0;0.9;98.784
1753875286.7;2.0;49.2042941;18.75489279;387.7642;42.1353;12.0;0.9;98.432
1753875286.71;2.0;49.20429402;18.75489279;387.764;42.1353;12.0;0.9;98.134
1753875286.72;2.0;49.20429395;18.75489279;387.7633;42.1353;12.0;0.9;97.844
1753875286.73;2.0;49.20429387;18.7548928;387.7632;42.1353;12.0;0.9;97.579
1753875286.74;2.0;49.2042938;18.75489281;387.7637;42.1353;12.0;0.9;97.317
1753875286.75;2.0;49.20429372;18.75489282;387.7638;42.1353;12.0;0.9;97.06
1753875286.76;2.0;49.20429365;18.75489282;387.7639;42.1353;12.0;0.9;96.82
1753875286.77;2.0;49.20429358;18.75489283;387.7639;42.1353;12.0;0.9;96.592
1753875286.78;2.0;49.20429351;18.75489283;387.7639;42.1353;12.0;0.9;96.359
1753875286.79;2.0;49.20429343;18.75489283;387.7646;42.1353;12.0;0.9;96.091
1753875286.8;2.0;49.20429336;18.75489284;387.7653;42.1353;12.0;0.9;95.799
1753875286.81;2.0;49.20429329;18.75489284;387.766;42.1353;12.0;0.9;95.496
1753875286.82;2.0;49.20429322;18.75489284;387.7665;42.1353;12.0;0.9;95.23
1753875286.83;2.0;49.20429314;18.75489285;387.7664;42.1353;12.0;0.9;94.969
1753875286.84;2.0;49.20429307;18.75489285;387.7666;42.1353;12.0;0.9;94.725
1753875286.85;2.0;49.204293;18.75489284;387.7668;42.1353;12.0;0.9;94.46
1753875286.86;2.0;49.20429292;18.75489284;387.7665;42.1353;12.0;0.9;94.163
1753875286.87;2.0;49.20429284;18.75489284;387.7656;42.1353;12.0;0.9;93.853
1753875286.88;2.0;49.20429277;18.75489285;387.7651;42.1353;12.0;0.9;93.509
1753875286.89;2.0;49.2042927;18.75489285;387.7647;42.1353;12.0;0.9;93.223
1753875286.9;2.0;49.20429262;18.75489286;387.7647;42.1353;12.0;0.9;92.94
1753875286.91;2.0;49.20429255;18.75489287;387.7645;42.1353;12.0;0.9;92.635
1753875286.92;2.0;49.20429248;18.75489288;387.7641;42.1353;12.0;0.9;92.333
1753875286.93;2.0;49.2042924;18.75489289;387.7632;42.1353;12.0;0.9;92.042
1753875286.94;2.0;49.20429233;18.7548929;387.7625;42.1353;12.0;0.9;91.668
1753875286.95;2.0;49.20429225;18.75489291;387.7616;42.1353;12.0;0.9;91.304
1753875286.96;2.0;49.20429217;18.75489293;387.7617;42.1353;12.0;0.9;90.97
1753875286.97;2.0;49.20429209;18.75489294;387.7619;42.1353;12.0;0.9;90.58
1753875286.98;2.0;49.20429201;18.75489296;387.762;42.1353;12.0;0.9;90.186
1753875286.99;2.0;49.20429193;18.75489297;387.7622;42.1353;12.0;0.9;89.812
1753875287.0;2.0;49.20429185;18.75489299;387.7622;42.1353;12.0;0.9;89.462
1753875287.01;2.0;49.20429177;18.75489301;387.7626;42.1353;12.0;0.9;89.13
1753875287.02;2.0;49.2042917;18.75489303;387.7628;42.1353;12.0;0.9;88.765
1753875287.03;2.0;49.20429162;18.75489304;387.7631;42.1353;12.0;0.9;88.363
1753875287.04;2.0;49.20429154;18.75489307;387.7634;42.1353;12.0;0.9;88.006
1753875287.05;2.0;49.20429146;18.75489308;387.764;42.1353;12.0;0.9;87.66
1753875287.06;2.0;49.20429138;18.7548931;387.7651;42.1353;12.0;0.9;87.249
1753875287.07;2.0;49.20429129;18.75489312;387.7654;42.1353;12.0;0.9;86.839
1753875287.08;2.0;49.20429123;18.75489315;387.7647;42.1353;12.0;0.9;86.448
1753875287.09;2.0;49.20429115;18.75489317;387.7645;42.1353;12.0;0.9;86.062
1753875287.1;2.0;49.20429109;18.7548932;387.7645;42.1353;12.0;0.9;85.726
1753875287.11;2.0;49.20429102;18.75489322;387.7643;42.1353;12.0;0.9;85.423
1753875287.12;2.0;49.20429096;18.75489325;387.7643;42.1353;12.0;0.9;85.063
1753875287.13;2.0;49.20429089;18.75489327;387.7642;42.1353;12.0;0.9;84.726
1753875287.14;2.0;49.20429083;18.75489329;387.7639;42.1353;12.0;0.9;84.417
1753875287.15;2.0;49.20429077;18.75489332;387.7633;42.1353;12.0;0.9;84.093
1753875287.16;2.0;49.2042907;18.75489334;387.7632;42.1353;12.0;0.9;83.805
1753875287.17;2.0;49.20429063;18.75489336;387.7628;42.1353;12.0;0.9;83.508
1753875287.18;2.0;49.20429057;18.75489339;387.7622;42.1353;12.0;0.9;83.232
1753875287.19;2.0;49.2042905;18.75489341;387.7616;42.1353;12.0;0.9;82.914
1753875287.2;2.0;49.20429043;18.75489344;387.7611;42.1353;12.0;0.9;82.574
1753875287.21;2.0;49.20429036;18.75489346;387.7609;42.1353;12.0;0.9;82.279
1753875287.22;2.0;49.20429029;18.75489349;387.7604;42.1353;12.0;0.9;81.914
1753875287.23;2.0;49.20429022;18.75489351;387.7606;42.1353;12.0;0.9;81.556
1753875287.24;2.0;49.20429016;18.75489355;387.7605;42.1353;12.0;0.9;81.276
1753875287.25;2.0;49.20429009;18.75489357;387.7603;42.1353;12.0;0.9;81.007
1753875287.26;2.0;49.20429002;18.7548936;387.7604;42.1353;12.0;0.9;80.712
1753875287.27;2.0;49.20428996;18.75489363;387.7602;42.1353;12.0;0.9;80.424
1753875287.28;2.0;49.20428989;18.75489365;387.7608;42.1353;12.0;0.9;80.153
1753875287.29;2.0;49.20428982;18.75489368;387.7619;42.1353;12.0;0.9;79.968
1753875287.3;2.0;49.20428976;18.7548937;387.7624;42.1353;12.0;0.9;79.766
1753875287.31;2.0;49.20428969;18.75489372;387.7629;42.1353;12.0;0.9;79.558
1753875287.32;2.0;49.20428963;18.75489373;387.7637;42.1353;12.0;0.9;79.325
1753875287.33;2.0;49.20428956;18.75489375;387.765;42.1353;12.0;0.9;79.109
1753875287.34;2.0;49.20428949;18.75489376;387.766;42.1353;12.0;0.9;78.958
1753875287.35;2.0;49.20428943;18.75489378;387.7662;42.1353;12.0;0.9;78.842
1753875287.36;2.0;49.20428937;18.7548938;387.7663;42.1353;12.0;0.9;78.703
1753875287.37;2.0;49.2042893;18.75489381;387.7664;42.1353;12.0;0.9;78.548
1753875287.38;2.0;49.20428923;18.75489382;387.766;42.1353;12.0;0.9;78.459
1753875287.39;2.0;49.20428916;18.75489382;387.7657;42.1353;12.0;0.9;78.37
1753875287.4;2.0;49.20428909;18.75489383;387.7656;42.1353;12.0;0.9;78.3
1753875287.41;2.0;49.20428902;18.75489384;387.7654;42.1353;12.0;0.9;78.189
1753875287.42;2.0;49.20428895;18.75489384;387.7651;42.1353;12.0;0.9;78.1
1753875287.43;2.0;49.20428888;18.75489385;387.7651;42.1353;12.0;0.9;78.019
1753875287.44;2.0;49.20428881;18.75489385;387.7651;42.1353;12.0;0.9;77.956
1753875287.45;2.0;49.20428873;18.75489386;387.7654;42.1353;12.0;0.9;77.892
1753875287.46;2.0;49.20428866;18.75489386;387.7658;42.1353;12.0;0.9;77.831
1753875287.47;2.0;49.20428858;18.75489387;387.7665;42.1353;12.0;0.9;77.778
1753875287.48;2.0;49.2042885;18.75489388;387.7676;42.1353;12.0;0.9;77.777
1753875287.49;2.0;49.20428842;18.75489389;387.7685;42.1353;12.0;0.9;77.768
1753875287.5;2.0;49.20428834;18.7548939;387.7692;42.1353;12.0;0.9;77.743
1753875287.51;2.0;49.20428827;18.75489391;387.7694;42.1353;12.0;0.9;77.717
1753875287.52;2.0;49.20428819;18.75489393;387.7694;42.1353;12.0;0.9;77.674
1753875287.53;2.0;49.2042881;18.75489394;387.7697;42.1353;12.0;0.9;77.65
1753875287.54;2.0;49.20428802;18.75489396;387.7694;42.1353;12.0;0.9;77.667
1753875287.55;2.0;49.20428793;18.75489397;387.7693;42.1353;12.0;0.9;77.721
1753875287.56;2.0;49.20428785;18.75489398;387.7693;42.1353;12.0;0.9;77.79
1753875287.57;2.0;49.20428775;18.754894;387.769;42.1353;12.0;0.9;77.871
1753875287.58;2.0;49.20428767;18.75489401;387.7688;42.1353;12.0;0.9;77.915
1753875287.59;2.0;49.20428758;18.75489403;387.7689;42.1353;12.0;0.9;77.972
1753875287.6;2.0;49.2042875;18.75489405;387.7696;42.1353;12.0;0.9;78.017
1753875287.61;2.0;49.20428742;18.75489406;387.7699;42.1353;12.0;0.9;78.102
1753875287.62;2.0;49.20428734;18.75489409;387.7698;42.1353;12.0;0.9;78.158
1753875287.63;2.0;49.20428725;18.7548941;387.77;42.1353;12.0;0.9;78.215
1753875287.64;2.0;49.20428717;18.75489413;387.77;42.1353;12.0;0.9;78.21
1753875287.65;2.0;49.20428709;18.75489414;387.7704;42.1353;12.0;0.9;78.151
1753875287.66;2.0;49.20428701;18.75489416;387.7713;42.1353;12.0;0.9;78.134
1753875287.67;2.0;49.20428693;18.75489418;387.7719;42.1353;12.0;0.9;78.089
1753875287.68;2.0;49.20428684;18.75489419;387.7719;42.1353;12.0;0.9;78.051
1753875287.69;2.0;49.20428676;18.75489421;387.7719;42.1353;12.0;0.9;78.027
1753875287.7;2.0;49.20428668;18.75489423;387.7722;42.1353;12.0;0.9;77.997
1753875287.71;2.0;49.2042866;18.75489424;387.7719;42.1353;12.0;0.9;78.026
1753875287.72;2.0;49.20428652;18.75489426;387.7715;42.1353;12.0;0.9;78.083
1753875287.73;2.0;49.20428645;18.75489428;387.7714;42.1353;12.0;0.9;78.122
1753875287.74;2.0;49.20428637;18.75489429;387.7714;42.1353;12.0;0.9;78.169
1753875287.75;2.0;49.2042863;18.75489431;387.7706;42.1353;12.0;0.9;78.213
1753875287.76;2.0;49.20428622;18.75489432;387.7704;42.1353;12.0;0.9;78.282
1753875287.77;2.0;49.20428615;18.75489433;387.7698;42.1353;12.0;0.9;78.31
1753875287.78;2.0;49.20428608;18.75489434;387.7692;42.1353;12.0;0.9;78.341
1753875287.79;2.0;49.204286;18.75489435;387.7694;42.1353;12.0;0.9;78.315
1753875287.8;2.0;49.20428592;18.75489436;387.7694;42.1353;12.0;0.9;78.252
1753875287.81;2.0;49.20428585;18.75489437;387.769;42.1353;12.0;0.9;78.168
1753875287.82;2.0;49.20428577;18.75489438;387.7687;42.1353;12.0;0.9;78.111
1753875287.83;2.0;49.20428569;18.75489439;387.7686;42.1353;12.0;0.9;78.08
1753875287.84;2.0;49.20428562;18.7548944;387.7686;42.1353;12.0;0.9;78.055
1753875287.85;2.0;49.20428554;18.7548944;387.7692;42.1353;12.0;0.9;77.997
1753875287.86;2.0;49.20428546;18.75489441;387.77;42.1353;12.0;0.9;77.943
1753875287.87;2.0;49.20428539;18.75489441;387.7705;42.1353;12.0;0.9;77.877
1753875287.88;2.0;49.20428531;18.75489441;387.7711;42.1353;12.0;0.9;77.851
1753875287.89;2.0;49.20428524;18.75489441;387.7718;42.1353;12.0;0.9;77.809
1753875287.9;2.0;49.20428517;18.75489441;387.7726;42.1353;12.0;0.9;77.79
1753875287.91;2.0;49.2042851;18.75489441;387.7732;42.1353;12.0;0.9;77.736
1753875287.92;2.0;49.20428503;18.75489441;387.7731;42.1353;12.0;0.9;77.662
1753875287.93;2.0;49.20428496;18.75489441;387.7733;42.1353;12.0;0.9;77.614
1753875287.94;2.0;49.2042849;18.75489441;387.7729;42.1353;12.0;0.9;77.612
1753875287.95;2.0;49.20428483;18.75489442;387.7721;42.1353;12.0;0.9;77.589
1753875287.96;2.0;49.20428476;18.75489442;387.7714;42.1353;12.0;0.9;77.567
1753875287.97;2.0;49.20428468;18.75489443;387.7711;42.1353;12.0;0.9;77.551
1753875287.98;2.0;49.20428461;18.75489444;387.7711;42.1353;12.0;0.9;77.512
1753875287.99;2.0;49.20428453;18.75489445;387.7709;42.1353;12.0;0.9;77.522
1753875288.0;2.0;49.20428446;18.75489446;387.7706;42.1353;12.0;0.9;77.55
1753875288.01;2.0;49.20428438;18.75489448;387.7709;42.1353;12.0;0.9;77.528
1753875288.02;2.0;49.2042843;18.7548945;387.7719;42.1353;12.0;0.9;77.531
1753875288.03;2.0;49.20428423;18.75489451;387.7728;42.1353;12.0;0.9;77.534
1753875288.04;2.0;49.20428415;18.75489453;387.7737;42.1353;12.0;0.9;77.555
1753875288.05;2.0;49.20428407;18.75489453;387.7752;42.1353;12.0;0.9;77.553
1753875288.06;2.0;49.20428399;18.75489454;387.7768;42.1353;12.0;0.9;77.58
1753875288.07;2.0;49.20428392;18.75489457;387.7772;42.1353;12.0;0.9;77.625
1753875288.08;2.0;49.20428385;18.7548946;387.7771;42.1353;12.0;0.9;77.646
1753875288.09;2.0;49.20428378;18.75489462;387.7768;42.1353;12.0;0.9;77.65
1753875288.1;2.0;49.20428371;18.75489464;387.7766;42.1353;12.0;0.9;77.621
1753875288.11;2.0;49.20428364;18.75489466;387.7765;42.1353;12.0;0.9;77.583
1753875288.12;2.0;49.20428357;18.75489468;387.7764;42.1353;12.0;0.9;77.527
1753875288.13;2.0;49.20428349;18.7548947;387.7766;42.1353;12.0;0.9;77.498
1753875288.14;2.0;49.20428342;18.75489471;387.7763;42.1353;12.0;0.9;77.478
1753875288.15;2.0;49.20428335;18.75489472;387.7762;42.1353;12.0;0.9;77.495
1753875288.16;2.0;49.20428329;18.75489474;387.7757;42.1353;12.0;0.9;77.529
1753875288.17;2.0;49.20428322;18.75489475;387.7757;42.1353;12.0;0.9;77.606
1753875288.18;2.0;49.20428315;18.75489476;387.7764;42.1353;12.0;0.9;77.695
1753875288.19;2.0;49.20428308;18.75489478;387.777;42.1353;12.0;0.9;77.772
1753875288.2;2.0;49.20428302;18.75489479;387.7773;42.1353;12.0;0.9;77.836
1753875288.21;2.0;49.20428295;18.7548948;387.7776;42.1353;12.0;0.9;77.849
1753875288.22;2.0;49.20428289;18.75489483;387.7784;42.1353;12.0;0.9;77.844
1753875288.23;2.0;49.20428283;18.75489485;387.7788;42.1353;12.0;0.9;77.865
1753875288.24;2.0;49.20428277;18.75489487;387.7786;42.1353;12.0;0.9;77.853
1753875288.25;2.0;49.2042827;18.75489488;387.778;42.1353;12.0;0.9;77.842
1753875288.26;2.0;49.20428263;18.75489491;387.7777;42.1353;12.0;0.9;77.802
1753875288.27;2.0;49.20428256;18.75489493;387.7773;42.1353;12.0;0.9;77.757
1753875288.28;2.0;49.2042825;18.75489496;387.7773;42.1353;12.0;0.9;77.74
1753875288.29;2.0;49.20428243;18.75489498;387.7776;42.1353;12.0;0.9;77.711
1753875288.3;2.0;49.20428236;18.75489501;387.7786;42.1353;12.0;0.9;77.642
1753875288.31;2.0;49.20428229;18.75489504;387.7797;42.1353;12.0;0.9;77.593
1753875288.32;2.0;49.20428222;18.75489507;387.7812;42.1353;12.0;0.9;77.612
1753875288.33;2.0;49.20428216;18.7548951;387.782;42.1353;12.0;0.9;77.636
1753875288.34;2.0;49.2042821;18.75489512;387.7821;42.1353;12.0;0.9;77.682
1753875288.35;2.0;49.20428203;18.75489514;387.782;42.1353;12.0;0.9;77.728
1753875288.36;2.0;49.20428197;18.75489515;387.7814;42.1353;12.0;0.9;77.744
1753875288.37;2.0;49.20428191;18.75489517;387.7807;42.1353;12.0;0.9;77.81
1753875288.38;2.0;49.20428185;18.75489519;387.7807;42.1353;12.0;0.9;77.879
1753875288.39;2.0;49.20428179;18.7548952;387.7806;42.1353;12.0;0.9;77.928
1753875288.4;2.0;49.20428174;18.75489521;387.7796;42.1353;12.0;0.9;77.951
1753875288.41;2.0;49.20428169;18.75489522;387.7788;42.1353;12.0;0.9;77.997
1753875288.42;2.0;49.20428164;18.75489522;387.7775;42.1353;12.0;0.9;78.016
1753875288.43;2.0;49.20428159;18.75489523;387.7766;42.1353;12.0;0.9;78.029
1753875288.44;2.0;49.20428155;18.75489524;387.7761;42.1353;12.0;0.9;78.036
1753875288.45;2.0;49.20428152;18.75489524;387.7758;42.1353;12.0;0.9;78.082
1753875288.46;2.0;49.20428148;18.75489525;387.7759;42.1353;12.0;0.9;78.132
1753875288.47;2.0;49.20428145;18.75489525;387.7758;42.1353;12.0;0.9;78.174
1753875288.48;2.0;49.20428142;18.75489525;387.7761;42.1353;12.0;0.9;78.214
1753875288.49;2.0;49.20428139;18.75489525;387.7767;42.1353;12.0;0.9;78.243
1753875288.5;2.0;49.20428136;18.75489525;387.7772;42.1353;12.0;0.9;78.24
1753875288.51;2.0;49.20428133;18.75489526;387.7781;42.1353;12.0;0.9;78.261
1753875288.52;2.0;49.20428131;18.75489526;387.7789;42.1353;12.0;0.9;78.291
1753875288.53;2.0;49.20428129;18.75489526;387.78;42.1353;12.0;0.9;78.285
1753875288.54;2.0;49.20428128;18.75489527;387.7804;42.1353;12.0;0.9;78.306
1753875288.55;2.0;49.20428126;18.75489527;387.7805;42.1353;12.0;0.9;78.314
1753875288.56;2.0;49.20428124;18.75489527;387.7813;42.1353;12.0;0.9;78.3
1753875288.57;2.0;49.20428122;18.75489527;387.7828;42.1353;12.0;0.9;78.305
1753875288.58;2.0;49.2042812;18.75489528;387.7848;42.1353;12.0;0.9;78.309
1753875288.59;2.0;49.20428118;18.75489528;387.7866;42.1353;12.0;0.9;78.27
1753875288.6;2.0;49.20428117;18.75489528;387.7884;42.1353;12.0;0.9;78.292
1753875288.61;2.0;49.20428116;18.75489528;387.7892;42.1353;12.0;0.9;78.296
1753875288.62;2.0;49.20428115;18.75489528;387.7897;42.1353;12.0;0.9;78.267
1753875288.63;2.0;49.20428114;18.75489528;387.7901;42.1353;12.0;0.9;78.225
1753875288.64;2.0;49.20428113;18.75489529;387.79;42.1353;12.0;0.9;78.167
1753875288.65;2.0;49.20428113;18.75489529;387.7897;42.1353;12.0;0.9;78.156
1753875288.66;2.0;49.20428113;18.75489529;387.7888;42.1353;12.0;0.9;78.149
1753875288.67;2.0;49.20428113;18.7548953;387.7881;42.1353;12.0;0.9;78.136
1753875288.68;2.0;49.20428113;18.7548953;387.7879;42.1353;12.0;0.9;78.13
1753875288.69;2.0;49.20428114;18.75489529;387.7883;42.1353;12.0;0.9;78.088
1753875288.7;2.0;49.20428114;18.75489528;387.7883;42.1353;12.0;0.9;78.071
1753875288.71;2.0;49.20428115;18.75489528;387.7878;42.1353;12.0;0.9;78.01
1753875288.72;2.0;49.20428115;18.75489528;387.7881;42.1353;12.0;0.9;77.975
1753875288.73;2.0;49.20428115;18.75489528;387.7885;42.1353;12.0;0.9;77.954
1753875288.74;2.0;49.20428116;18.75489527;387.7882;42.1353;12.0;0.9;77.927
1753875288.75;2.0;49.20428117;18.75489527;387.7876;42.1353;12.0;0.9;77.868
1753875288.76;2.0;49.20428117;18.75489527;387.7869;42.1353;12.0;0.9;77.745
1753875288.77;2.0;49.20428117;18.75489526;387.7871;42.1353;12.0;0.9;77.682
1753875288.78;2.0;49.20428118;18.75489526;387.7871;42.1353;12.0;0.9;77.685
1753875288.79;2.0;49.20428118;18.75489526;387.7874;42.1353;12.0;0.9;77.726
1753875288.8;2.0;49.20428118;18.75489526;387.7876;42.1353;12.0;0.9;77.744
1753875288.81;2.0;49.20428118;18.75489526;387.7875;42.1353;12.0;0.9;77.782
1753875288.82;2.0;49.20428118;18.75489526;387.7873;42.1353;12.0;0.9;77.727
1753875288.83;2.0;49.20428118;18.75489526;387.7867;42.1353;12.0;0.9;77.711
1753875288.84;2.0;49.20428118;18.75489526;387.7867;42.1353;12.0;0.9;77.743
1753875288.85;2.0;49.20428117;18.75489526;387.7867;42.1353;12.0;0.9;77.732
1753875288.86;2.0;49.20428117;18.75489526;387.7872;42.1353;12.0;0.9;77.698
1753875288.87;2.0;49.20428116;18.75489526;387.7872;42.1353;12.0;0.9;77.714
1753875288.88;2.0;49.20428115;18.75489526;387.7875;42.1353;12.0;0.9;77.774
1753875288.89;2.0;49.20428113;18.75489526;387.7878;42.1353;12.0;0.9;77.832
1753875288.9;2.0;49.20428112;18.75489526;387.7872;42.1353;12.0;0.9;77.851
1753875288.91;2.0;49.20428109;18.75489526;387.7873;42.1353;12.0;0.9;77.797
1753875288.92;2.0;49.20428096;18.75489531;387.7843;42.1353;12.0;0.9;77.731
1753875288.93;2.0;49.20428088;18.75489533;387.7875;42.1353;12.0;0.9;77.702
1753875288.94;2.0;49.20428084;18.75489531;387.7887;42.1353;12.0;0.9;77.978
1753875288.95;2.0;49.20428078;18.75489531;387.7919;42.1353;12.0;0.9;78.043
1753875288.96;2.0;49.20428076;18.75489531;387.7916;42.1353;12.0;0.9;77.816
1753875288.97;2.0;49.20428072;18.75489533;387.7907;42.1353;12.0;0.9;77.725
1753875288.98;2.0;49.20428069;18.75489535;387.7897;42.1353;12.0;0.9;77.728
1753875288.99;2.0;49.20428065;18.75489535;387.7879;42.1353;12.0;0.9;77.812
1753875289.0;2.0;49.20428062;18.75489537;387.7866;42.1353;12.0;0.9;77.772
1753875289.01;2.0;49.20428058;18.75489538;387.788;42.1353;12.0;0.9;77.891
1753875289.02;2.0;49.20428056;18.75489542;387.7866;42.1353;12.0;0.9;78.106
1753875289.03;2.0;49.20428051;18.75489542;387.7858;42.1353;12.0;0.9;78.079
1753875289.04;2.0;49.20428046;18.75489543;387.7865;42.1353;12.0;0.9;78.067
1753875289.05;2.0;49.20428042;18.75489544;387.7858;42.1353;12.0;0.9;78.127
1753875289.06;2.0;49.20428037;18.75489546;387.7874;42.1353;12.0;0.9;78.016
1753875289.07;2.0;49.20428034;18.75489545;387.7882;42.1353;12.0;0.9;77.784
1753875289.08;2.0;49.20428029;18.75489547;387.7878;42.1353;12.0;0.9;77.773
1753875289.09;2.0;49.20428025;18.75489548;387.7883;42.1353;12.0;0.9;77.655
1753875289.1;2.0;49.20428021;18.75489551;387.7876;42.1353;12.0;0.9;77.714
1753875289.11;2.0;49.20428016;18.75489552;387.7887;42.1353;12.0;0.9;77.606
1753875289.12;2.0;49.20428012;18.75489555;387.7892;42.1353;12.0;0.9;77.782
1753875289.13;2.0;49.2042801;18.75489553;387.7897;42.1353;12.0;0.9;77.837
1753875289.14;2.0;49.20428006;18.75489554;387.7882;42.1353;12.0;0.9;78.066
1753875289.15;2.0;49.20428001;18.75489555;387.7895;42.1353;12.0;0.9;78.192
1753875289.16;2.0;49.20427996;18.75489558;387.7905;42.1353;12.0;0.9;78.107
1753875289.17;2.0;49.20427991;18.75489561;387.7868;42.1353;12.0;0.9;78.22
1753875289.18;2.0;49.20427988;18.75489564;387.7901;42.1353;12.0;0.9;77.718
1753875289.19;2.0;49.20427984;18.75489566;387.7923;42.1353;12.0;0.9;77.839
1753875289.2;2.0;49.2042798;18.75489564;387.7919;42.1353;12.0;0.9;77.948
1753875289.21;2.0;49.20427975;18.75489567;387.7927;42.1353;12.0;0.9;77.998
1753875289.22;2.0;49.2042797;18.75489568;387.7909;42.1353;12.0;0.9;78.06
1753875289.23;2.0;49.20427965;18.7548957;387.7938;42.1353;12.0;0.9;78.238
1753875289.24;2.0;49.2042796;18.75489574;387.7935;42.1353;12.0;0.9;78.272
1753875289.25;2.0;49.20427953;18.75489578;387.7944;42.1353;12.0;0.9;78.171
1753875289.26;2.0;49.20427949;18.75489577;387.7947;42.1353;12.0;0.9;77.767
1753875289.27;2.0;49.20427944;18.75489579;387.7945;42.1353;12.0;0.9;77.809
1753875289.28;2.0;49.2042794;18.75489581;387.7923;42.1353;12.0;0.9;77.799
1753875289.29;2.0;49.20427933;18.75489582;387.7914;42.1353;12.0;0.9;77.805
1753875289.3;2.0;49.20427929;18.75489584;387.7935;42.1353;12.0;0.9;77.88
1753875289.31;2.0;49.20427924;18.75489584;387.7953;42.1353;12.0;0.9;78.058
1753875289.32;2.0;49.20427918;18.75489585;387.7946;42.1353;12.0;0.9;78.183
1753875289.33;2.0;49.20427914;18.75489588;387.7944;42.1353;12.0;0.9;78.051
1753875289.34;2.0;49.20427909;18.75489592;387.7936;42.1353;12.0;0.9;77.838
1753875289.35;2.0;49.20427902;18.75489594;387.7972;42.1353;12.0;0.9;77.979
1753875289.36;2.0;49.20427898;18.75489592;387.7966;42.1353;12.0;0.9;77.887
1753875289.37;2.0;49.20427894;18.75489593;387.7927;42.1353;12.0;0.9;77.956
1753875289.38;2.0;49.20427889;18.75489595;387.793;42.1353;12.0;0.9;77.78
1753875289.39;2.0;49.20427885;18.75489597;387.7943;42.1353;12.0;0.9;77.891
1753875289.4;2.0;49.20427879;18.75489601;387.7959;42.1353;12.0;0.9;77.94
1753875289.41;2.0;49.20427874;18.754896;387.7963;42.1353;12.0;0.9;77.76
1753875289.42;2.0;49.20427868;18.754896;387.797;42.1353;12.0;0.9;77.678
1753875289.43;2.0;49.20427862;18.75489604;387.7974;42.1353;12.0;0.9;77.766
1753875289.44;2.0;49.20427857;18.75489607;387.7983;42.1353;12.0;0.9;77.534
1753875289.45;2.0;49.20427851;18.75489605;387.7976;42.1353;12.0;0.9;77.443
1753875289.46;2.0;49.20427846;18.75489605;387.7962;42.1353;12.0;0.9;77.811
1753875289.47;2.0;49.20427843;18.75489607;387.7964;42.1353;12.0;0.9;77.762
1753875289.48;2.0;49.20427838;18.7548961;387.7971;42.1353;12.0;0.9;77.803
1753875289.49;2.0;49.20427831;18.75489612;387.7978;42.1353;12.0;0.9;77.851
1753875289.5;2.0;49.20427826;18.75489615;387.7974;42.1353;12.0;0.9;77.557
1753875289.51;2.0;49.2042782;18.75489616;387.7965;42.1353;12.0;0.9;77.619
1753875289.52;2.0;49.20427814;18.75489618;387.7966;42.1353;12.0;0.9;77.776
1753875289.53;2.0;49.20427806;18.75489622;387.794;42.1353;12.0;0.9;77.811
1753875289.54;2.0;49.20427799;18.75489625;387.7938;42.1353;12.0;0.9;77.493
1753875289.55;2.0;49.20427793;18.75489628;387.7959;42.1353;12.0;0.9;77.357
1753875289.56;2.0;49.20427783;18.75489628;387.7963;42.1353;12.0;0.9;77.348
1753875289.57;2.0;49.20427776;18.75489631;387.7965;42.1353;12.0;0.9;77.328
1753875289.58;2.0;49.20427768;18.75489635;387.7965;42.1353;12.0;0.9;77.345
1753875289.59;2.0;49.20427759;18.75489638;387.799;42.1353;12.0;0.9;77.466
1753875289.6;2.0;49.20427749;18.75489642;387.8003;42.1353;12.0;0.9;77.597
1753875289.61;2.0;49.20427744;18.75489641;387.8007;42.1353;12.0;0.9;77.79
1753875289.62;2.0;49.20427736;18.75489644;387.805;42.1353;12.0;0.9;77.81
1753875289.63;2.0;49.20427728;18.75489647;387.8057;42.1353;12.0;0.9;77.778
1753875289.64;2.0;49.2042772;18.75489649;387.8057;42.1353;12.0;0.9;77.452
1753875289.65;2.0;49.20427714;18.7548965;387.8013;42.1353;12.0;0.9;77.403
1753875289.66;2.0;49.20427707;18.75489652;387.8018;42.1353;12.0;0.9;77.313
1753875289.67;2.0;49.204277;18.75489656;387.8002;42.1353;12.0;0.9;77.408
1753875289.68;2.0;49.20427691;18.75489659;387.7961;42.1353;12.0;0.9;77.662
1753875289.69;2.0;49.20427684;18.75489659;387.7957;42.1353;12.0;0.9;77.649
1753875289.7;2.0;49.20427675;18.75489658;387.7966;42.1353;12.0;0.9;77.779
1753875289.71;2.0;49.20427668;18.7548966;387.7965;42.1353;12.0;0.9;77.75
1753875289.72;2.0;49.20427662;18.75489661;387.7966;42.1353;12.0;0.9;77.553
1753875289.73;2.0;49.20427655;18.75489663;387.7998;42.1353;12.0;0.9;77.811
1753875289.74;2.0;49.20427649;18.75489665;387.7999;42.1353;12.0;0.9;77.944
1753875289.75;2.0;49.20427642;18.75489667;387.7976;42.1353;12.0;0.9;78.019
1753875289.76;2.0;49.20427635;18.75489669;387.7971;42.1353;12.0;0.9;77.868
1753875289.77;2.0;49.20427628;18.75489671;387.7961;42.1353;12.0;0.9;77.899
1753875289.78;2.0;49.2042762;18.7548967;387.7953;42.1353;12.0;0.9;77.748
1753875289.79;2.0;49.20427614;18.75489673;387.7913;42.1353;12.0;0.9;77.842
1753875289.8;2.0;49.20427607;18.75489671;387.79;42.1353;12.0;0.9;77.652
1753875289.81;2.0;49.204276;18.75489674;387.7926;42.1353;12.0;0.9;77.396
1753875289.82;2.0;49.20427593;18.75489679;387.7923;42.1353;12.0;0.9;77.481
1753875289.83;2.0;49.20427588;18.75489679;387.7913;42.1353;12.0;0.9;77.585
1753875289.84;2.0;49.20427581;18.7548968;387.7919;42.1353;12.0;0.9;77.667
1753875289.85;2.0;49.20427575;18.75489681;387.7925;42.1353;12.0;0.9;77.614
1753875289.86;2.0;49.20427568;18.75489683;387.7949;42.1353;12.0;0.9;77.469
1753875289.87;2.0;49.20427559;18.75489684;387.7989;42.1353;12.0;0.9;77.421
1753875289.88;2.0;49.20427553;18.75489685;387.8;42.1353;12.0;0.9;77.379
1753875289.89;2.0;49.20427547;18.75489686;387.799;42.1353;12.0;0.9;77.559
1753875289.9;2.0;49.2042754;18.75489688;387.798;42.1353;12.0;0.9;77.875
1753875289.91;2.0;49.20427534;18.75489687;387.7988;42.1353;12.0;0.9;78.024
1753875289.92;2.0;49.20427527;18.75489686;387.8006;42.1353;12.0;0.9;78.093
1753875289.93;2.0;49.2042752;18.75489691;387.8001;42.1353;12.0;0.9;77.935
1753875289.94;2.0;49.20427514;18.75489692;387.8007;42.1353;12.0;0.9;77.952
1753875289.95;2.0;49.20427505;18.75489694;387.7989;42.1353;12.0;0.9;77.935
1753875289.96;2.0;49.20427498;18.75489695;387.7966;42.1353;12.0;0.9;77.768
1753875289.97;2.0;49.20427492;18.75489697;387.7967;42.1353;12.0;0.9;77.658
1753875289.98;2.0;49.20427487;18.75489695;387.7951;42.1353;12.0;0.9;77.46
1753875289.99;2.0;49.2042748;18.754897;387.7956;42.1353;12.0;0.9;77.695
1753875290.0;2.0;49.20427475;18.75489699;387.7947;42.1353;12.0;0.9;77.529
1753875290.01;2.0;49.20427468;18.75489703;387.7948;42.1353;12.0;0.9;77.501
1753875290.02;2.0;49.20427462;18.75489704;387.7963;42.1353;12.0;0.9;77.535
1753875290.03;2.0;49.20427455;18.75489706;387.797;42.1353;12.0;0.9;77.528
1753875290.04;2.0;49.20427447;18.75489705;387.7966;42.1353;12.0;0.9;77.539
1753875290.05;2.0;49.20427442;18.75489708;387.7958;42.1353;12.0;0.9;77.463
1753875290.06;2.0;49.20427435;18.75489711;387.7982;42.1353;12.0;0.9;77.507
1753875290.07;2.0;49.20427428;18.75489711;387.7953;42.1353;12.0;0.9;77.554
1753875290.08;2.0;49.20427419;18.75489715;387.7942;42.1353;12.0;0.9;77.691
1753875290.09;2.0;49.20427411;18.75489717;387.7949;42.1353;12.0;0.9;77.694
1753875290.1;2.0;49.20427406;18.7548972;387.7919;42.1353;12.0;0.9;77.568
1753875290.11;2.0;49.20427399;18.75489721;387.7914;42.1353;12.0;0.9;77.628
1753875290.12;2.0;49.20427393;18.75489724;387.7888;42.1353;12.0;0.9;77.686
1753875290.13;2.0;49.20427386;18.75489727;387.7902;42.1353;12.0;0.9;77.736
1753875290.14;2.0;49.20427378;18.75489727;387.7921;42.1353;12.0;0.9;77.72
1753875290.15;2.0;49.20427372;18.75489731;387.7955;42.1353;12.0;0.9;77.842
1753875290.16;2.0;49.20427365;18.75489732;387.7961;42.1353;12.0;0.9;77.924
1753875290.17;2.0;49.20427358;18.75489733;387.7977;42.1353;12.0;0.9;77.702
1753875290.18;2.0;49.20427352;18.75489736;387.7987;42.1353;12.0;0.9;77.528
1753875290.19;2.0;49.20427343;18.75489737;387.7969;42.1353;12.0;0.9;77.785
1753875290.2;2.0;49.20427338;18.75489738;387.7955;42.1353;12.0;0.9;77.816
1753875290.21;2.0;49.20427333;18.75489739;387.7977;42.1353;12.0;0.9;77.672
1753875290.22;2.0;49.20427327;18.75489743;387.8004;42.1353;12.0;0.9;77.788
1753875290.23;2.0;49.2042732;18.75489743;387.7966;42.1353;12.0;0.9;77.902
1753875290.24;2.0;49.20427313;18.75489745;387.7964;42.1353;12.0;0.9;77.599
1753875290.25;2.0;49.20427306;18.75489747;387.7964;42.1353;12.0;0.9;77.428
1753875290.26;2.0;49.20427299;18.75489751;387.7967;42.1353;12.0;0.9;77.333
1753875290.27;2.0;49.20427293;18.75489752;387.798;42.1353;12.0;0.9;77.371
1753875290.28;2.0;49.20427289;18.75489753;387.7998;42.1353;12.0;0.9;77.448
1753875290.29;2.0;49.20427282;18.75489755;387.7995;42.1353;12.0;0.9;77.679
1753875290.3;2.0;49.20427277;18.75489758;387.8008;42.1353;12.0;0.9;77.635
1753875290.31;2.0;49.20427272;18.75489759;387.7998;42.1353;12.0;0.9;77.49
1753875290.32;2.0;49.20427268;18.75489762;387.8;42.1353;12.0;0.9;77.426
1753875290.33;2.0;49.20427262;18.75489764;387.8016;42.1353;12.0;0.9;77.715
1753875290.34;2.0;49.20427256;18.75489768;387.7994;42.1353;12.0;0.9;77.738
1753875290.35;2.0;49.20427252;18.75489771;387.8003;42.1353;12.0;0.9;77.639
1753875290.36;2.0;49.20427247;18.7548977;387.8006;42.1353;12.0;0.9;77.928
1753875290.37;2.0;49.20427241;18.75489774;387.8021;42.1353;12.0;0.9;78.088
1753875290.38;2.0;49.20427236;18.75489779;387.8007;42.1353;12.0;0.9;77.825
1753875290.39;2.0;49.20427232;18.7548978;387.8009;42.1353;12.0;0.9;77.912
1753875290.4;2.0;49.20427227;18.75489779;387.8004;42.1353;12.0;0.9;77.896
1753875290.41;2.0;49.20427221;18.75489779;387.8018;42.1353;12.0;0.9;77.919
1753875290.42;2.0;49.20427213;18.7548978;387.8052;42.1353;12.0;0.9;78.03
1753875290.43;2.0;49.20427208;18.75489781;387.8046;42.1353;12.0;0.9;77.889
1753875290.44;2.0;49.20427204;18.75489783;387.8041;42.1353;12.0;0.9;77.69
1753875290.45;2.0;49.20427198;18.75489784;387.8063;42.1353;12.0;0.9;77.596
1753875290.46;2.0;49.20427195;18.75489786;387.8062;42.1353;12.0;0.9;77.823
1753875290.47;2.0;49.2042719;18.75489788;387.8059;42.1353;12.0;0.9;77.778
1753875290.48;2.0;49.20427185;18.75489789;387.8053;42.1353;12.0;0.9;77.791
1753875290.49;2.0;49.20427179;18.75489792;387.8062;42.1353;12.0;0.9;77.551
1753875290.5;2.0;49.20427175;18.75489793;387.809;42.1353;12.0;0.9;77.409
1753875290.51;2.0;49.2042717;18.75489795;387.809;42.1353;12.0;0.9;77.397
1753875290.52;2.0;49.20427164;18.75489797;387.8094;42.1353;12.0;0.9;77.353
1753875290.53;2.0;49.20427158;18.754898;387.8075;42.1353;12.0;0.9;77.35
1753875290.54;2.0;49.20427152;18.75489801;387.8114;42.1353;12.0;0.9;77.324
1753875290.55;2.0;49.20427148;18.75489802;387.8126;42.1353;12.0;0.9;77.319
1753875290.56;2.0;49.20427144;18.75489803;387.8118;42.1353;12.0;0.9;77.433
1753875290.57;2.0;49.2042714;18.75489806;387.813;42.1353;12.0;0.9;77.455
1753875290.58;2.0;49.20427134;18.75489806;387.8115;42.1353;13.0;0.8;77.869
1753875290.59;2.0;49.2042713;18.75489808;387.8128;42.1353;13.0;0.8;77.964
1753875290.6;2.0;49.20427125;18.7548981;387.8135;42.1353;13.0;0.8;78.23
1753875290.61;2.0;49.20427119;18.75489812;387.8141;42.1353;13.0;0.8;78.11
1753875290.62;2.0;49.20427113;18.75489814;387.8172;42.1353;13.0;0.8;78.018
1753875290.63;2.0;49.20427108;18.75489814;387.8164;42.1353;13.0;0.8;77.883
1753875290.64;2.0;49.20427102;18.75489815;387.8146;42.1353;13.0;0.8;77.796
1753875290.65;2.0;49.20427097;18.75489816;387.8151;42.1353;13.0;0.8;77.615
1753875290.66;2.0;49.20427092;18.75489817;387.8146;42.1353;13.0;0.8;77.681
1753875290.67;2.0;49.20427086;18.75489818;387.8169;42.1353;13.0;0.8;77.638
1753875290.68;2.0;49.20427079;18.75489821;387.8199;42.1353;13.0;0.8;77.592
1753875290.69;2.0;49.20427071;18.75489823;387.8245;42.1353;13.0;0.8;77.946
1753875290.7;2.0;49.20427068;18.75489823;387.8242;42.1353;13.0;0.8;77.969
1753875290.71;2.0;49.20427062;18.75489824;387.8218;42.1353;13.0;0.8;78.145
1753875290.72;2.0;49.20427056;18.75489828;387.8263;42.1353;13.0;0.8;78.046
1753875290.73;2.0;49.20427051;18.75489829;387.8272;42.1353;13.0;0.8;78.003
1753875290.74;2.0;49.20427045;18.75489831;387.8269;42.1353;13.0;0.8;78.142
1753875290.75;2.0;49.20427039;18.75489831;387.8254;42.1353;13.0;0.8;78.125
1753875290.76;2.0;49.20427033;18.7548983;387.8244;42.1353;13.0;0.8;78.033
1753875290.77;2.0;49.20427028;18.75489834;387.8235;42.1353;13.0;0.8;77.982
1753875290.78;2.0;49.2042702;18.75489837;387.8252;42.1353;13.0;0.8;77.727
1753875290.79;2.0;49.20427016;18.75489838;387.8245;42.1353;13.0;0.8;77.538
1753875290.8;2.0;49.2042701;18.75489839;387.827;42.1353;13.0;0.8;77.797
1753875290.81;2.0;49.20427006;18.7548984;387.8279;42.1353;13.0;0.8;77.744
1753875290.82;2.0;49.20426999;18.7548984;387.8296;42.1353;13.0;0.8;78.014
1753875290.83;2.0;49.20426991;18.7548984;387.8283;42.1353;13.0;0.8;77.918
1753875290.84;2.0;49.20426986;18.75489841;387.8273;42.1353;13.0;0.8;77.977
1753875290.85;2.0;49.2042698;18.75489842;387.8301;42.1353;13.0;0.8;77.896
1753875290.86;2.0;49.20426975;18.75489842;387.8296;42.1353;13.0;0.8;77.987
1753875290.87;2.0;49.20426966;18.75489844;387.8321;42.1353;13.0;0.8;77.918
1753875290.88;2.0;49.20426959;18.75489843;387.8338;42.1353;13.0;0.8;77.765
1753875290.89;2.0;49.20426953;18.75489843;387.8326;42.1353;13.0;0.8;77.767
1753875290.9;2.0;49.20426947;18.75489846;387.8337;42.1353;13.0;0.8;77.555
1753875290.91;2.0;49.2042694;18.75489845;387.8323;42.1353;13.0;0.8;77.57
1753875290.92;2.0;49.20426934;18.75489844;387.8319;42.1353;13.0;0.8;77.672
1753875290.93;2.0;49.20426929;18.75489846;387.8362;42.1353;13.0;0.8;77.552
1753875290.94;2.0;49.20426923;18.75489846;387.8371;42.1353;13.0;0.8;77.63
1753875290.95;2.0;49.20426917;18.75489847;387.8387;42.1353;13.0;0.8;77.816
1753875290.96;2.0;49.20426911;18.75489848;387.84;42.1353;13.0;0.8;77.843
1753875290.97;2.0;49.20426904;18.75489849;387.8415;42.1353;13.0;0.8;77.739
1753875290.98;2.0;49.20426897;18.75489849;387.8406;42.1353;13.0;0.8;77.945
1753875290.99;2.0;49.20426892;18.7548985;387.8412;42.1353;13.0;0.8;77.753
1753875291.0;2.0;49.20426886;18.75489852;387.8421;42.1353;13.0;0.8;77.772
1753875291.01;2.0;49.2042688;18.75489853;387.8436;42.1353;13.0;0.8;77.834
1753875291.02;2.0;49.20426875;18.75489854;387.8453;42.1353;13.0;0.8;77.879
1753875291.03;2.0;49.20426869;18.75489856;387.847;42.1353;13.0;0.8;77.93
1753875291.04;2.0;49.20426864;18.75489858;387.8486;42.1353;13.0;0.8;78.006
1753875291.05;2.0;49.20426859;18.7548986;387.8493;42.1353;13.0;0.8;78.066
1753875291.06;2.0;49.20426853;18.75489863;387.8492;42.1353;13.0;0.8;78.085
1753875291.07;2.0;49.20426849;18.75489865;387.8491;42.1353;13.0;0.8;78.075
1753875291.08;2.0;49.20426843;18.75489868;387.8481;42.1353;13.0;0.8;78.057
1753875291.09;2.0;49.20426837;18.75489871;387.8476;42.1353;13.0;0.8;78.05
1753875291.1;2.0;49.20426833;18.75489875;387.8476;42.1353;13.0;0.8;78.072
1753875291.11;2.0;49.20426828;18.75489877;387.8477;42.1353;13.0;0.8;78.085
1753875291.12;2.0;49.20426823;18.7548988;387.8473;42.1353;13.0;0.8;78.119
1753875291.13;2.0;49.20426819;18.75489883;387.8472;42.1353;13.0;0.8;78.148
1753875291.14;2.0;49.20426815;18.75489886;387.8477;42.1353;13.0;0.8;78.157
1753875291.15;2.0;49.2042681;18.75489889;387.8486;42.1353;13.0;0.8;78.138
1753875291.16;2.0;49.20426806;18.75489892;387.8492;42.1353;13.0;0.8;78.062
1753875291.17;2.0;49.20426803;18.75489895;387.8495;42.1353;13.0;0.8;78.004
1753875291.18;2.0;49.204268;18.75489898;387.8499;42.1353;13.0;0.8;77.988
1753875291.19;2.0;49.20426796;18.75489901;387.8504;42.1353;13.0;0.8;78.036
1753875291.2;2.0;49.20426793;18.75489904;387.8501;42.1353;13.0;0.8;78.024
1753875291.21;2.0;49.2042679;18.75489907;387.8499;42.1353;13.0;0.8;77.97
1753875291.22;2.0;49.20426787;18.75489911;387.8502;42.1353;13.0;0.8;77.948
1753875291.23;2.0;49.20426784;18.75489914;387.8505;42.1353;13.0;0.8;77.95
1753875291.24;2.0;49.20426781;18.75489917;387.8511;42.1353;13.0;0.8;77.896
1753875291.25;2.0;49.20426778;18.75489921;387.8517;42.1353;13.0;0.8;77.801
1753875291.26;2.0;49.20426776;18.75489924;387.8518;42.1353;13.0;0.8;77.72
1753875291.27;2.0;49.20426773;18.75489927;387.8532;42.1353;13.0;0.8;77.658
1753875291.28;2.0;49.2042677;18.7548993;387.855;42.1353;13.0;0.8;77.637
1753875291.29;2.0;49.20426768;18.75489934;387.8568;42.1353;13.0;0.8;77.511
1753875291.3;2.0;49.20426766;18.75489937;387.8582;42.1353;13.0;0.8;77.409
1753875291.31;2.0;49.20426764;18.75489941;387.8594;42.1353;13.0;0.8;77.315
1753875291.32;2.0;49.20426762;18.75489945;387.861;42.1353;13.0;0.8;77.289
1753875291.33;2.0;49.2042676;18.75489948;387.8631;42.1353;13.0;0.8;77.327
1753875291.34;2.0;49.20426759;18.75489952;387.8653;42.1353;13.0;0.8;77.347
1753875291.35;2.0;49.20426757;18.75489955;387.8676;42.1353;13.0;0.8;77.398
1753875291.36;2.0;49.20426756;18.75489959;387.87;42.1353;13.0;0.8;77.432
1753875291.37;2.0;49.20426756;18.75489962;387.8718;42.1353;13.0;0.8;77.443
1753875291.38;2.0;49.20426755;18.75489965;387.8734;42.1353;13.0;0.8;77.431
1753875291.39;2.0;49.20426755;18.75489968;387.8748;42.1353;13.0;0.8;77.464
1753875291.4;2.0;49.20426754;18.7548997;387.8768;42.1353;13.0;0.8;77.511
1753875291.41;2.0;49.20426754;18.75489972;387.878;42.1353;13.0;0.8;77.507
1753875291.42;2.0;49.20426753;18.75489974;387.8797;42.1353;13.0;0.8;77.508
1753875291.43;2.0;49.20426754;18.75489976;387.8808;42.1353;13.0;0.8;77.501
1753875291.44;2.0;49.20426754;18.75489978;387.8815;42.1353;13.0;0.8;77.462
1753875291.45;2.0;49.20426754;18.75489979;387.8828;42.1353;13.0;0.8;77.462
1753875291.46;2.0;49.20426754;18.75489981;387.8837;42.1353;13.0;0.8;77.511
1753875291.47;2.0;49.20426755;18.75489982;387.8842;42.1353;13.0;0.8;77.556
1753875291.48;2.0;49.20426755;18.75489983;387.8852;42.1353;13.0;0.8;77.586
1753875291.49;2.0;49.20426755;18.75489984;387.8862;42.1353;13.0;0.8;77.562
1753875291.5;2.0;49.20426755;18.75489984;387.8866;42.1353;13.0;0.8;77.529
1753875291.51;2.0;49.20426755;18.75489985;387.8871;42.1353;13.0;0.8;77.518
1753875291.52;2.0;49.20426756;18.75489985;387.888;42.1353;13.0;0.8;77.536
1753875291.53;2.0;49.20426756;18.75489985;387.8893;42.1353;13.0;0.8;77.537
1753875291.54;2.0;49.20426757;18.75489985;387.89;42.1353;13.0;0.8;77.566
1753875291.55;2.0;49.20426757;18.75489984;387.8901;42.1353;13.0;0.8;77.585
1753875291.56;2.0;49.20426757;18.75489983;387.8908;42.1353;13.0;0.8;77.545
1753875291.57;2.0;49.20426757;18.75489982;387.8916;42.1353;13.0;0.8;77.489
1753875291.58;2.0;49.20426757;18.75489981;387.8928;42.1353;13.0;0.8;77.473
1753875291.59;2.0;49.20426757;18.7548998;387.8933;42.1353;13.0;0.8;77.464
1753875291.6;2.0;49.20426758;18.75489978;387.894;42.1353;13.0;0.8;77.506
1753875291.61;2.0;49.20426758;18.75489976;387.8945;42.1353;13.0;0.8;77.518
1753875291.62;2.0;49.20426757;18.75489974;387.8959;42.1353;13.0;0.8;77.614
1753875291.63;2.0;49.20426757;18.75489972;387.8975;42.1353;13.0;0.8;77.637
1753875291.64;2.0;49.20426757;18.7548997;387.8985;42.1353;13.0;0.8;77.645
1753875291.65;2.0;49.20426758;18.75489967;387.8995;42.1353;13.0;0.8;77.579
1753875291.66;2.0;49.20426758;18.75489964;387.9008;42.1353;13.0;0.8;77.592
1753875291.67;2.0;49.20426758;18.75489961;387.9027;42.1353;13.0;0.8;77.65
1753875291.68;2.0;49.20426759;18.75489959;387.9043;42.1353;13.0;0.8;77.7
1753875291.69;2.0;49.20426759;18.75489956;387.9059;42.1353;13.0;0.8;77.683
1753875291.7;2.0;49.20426759;18.75489954;387.9069;42.1353;13.0;0.8;77.674
1753875291.71;2.0;49.2042676;18.75489952;387.9073;42.1353;13.0;0.8;77.632
1753875291.72;2.0;49.2042676;18.75489949;387.9074;42.1353;13.0;0.8;77.599
1753875291.73;2.0;49.20426761;18.75489947;387.9077;42.1353;13.0;0.8;77.571
1753875291.74;2.0;49.20426761;18.75489944;387.9086;42.1353;13.0;0.8;77.539
1753875291.75;2.0;49.20426761;18.75489942;387.9098;42.1353;13.0;0.8;77.572
1753875291.76;2.0;49.20426762;18.75489939;387.9107;42.1353;13.0;0.8;77.57
1753875291.77;2.0;49.20426762;18.75489936;387.9116;42.1353;13.0;0.8;77.61
1753875291.78;2.0;49.20426762;18.75489934;387.9123;42.1353;13.0;0.8;77.637
1753875291.79;2.0;49.20426762;18.75489932;387.9129;42.1353;13.0;0.8;77.711
1753875291.8;2.0;49.20426762;18.75489931;387.913;42.1353;13.0;0.8;77.72
1753875291.81;2.0;49.20426762;18.75489929;387.913;42.1353;13.0;0.8;77.721
1753875291.82;2.0;49.20426762;18.75489928;387.9134;42.1353;13.0;0.8;77.684
1753875291.83;2.0;49.20426762;18.75489926;387.9145;42.1353;13.0;0.8;77.672
1753875291.84;2.0;49.20426761;18.75489925;387.9163;42.1353;13.0;0.8;77.679
1753875291.85;2.0;49.20426761;18.75489924;387.9176;42.1353;13.0;0.8;77.67
1753875291.86;2.0;49.20426761;18.75489923;387.9185;42.1353;13.0;0.8;77.69
1753875291.87;2.0;49.2042676;18.75489922;387.9193;42.1353;13.0;0.8;77.67
1753875291.88;2.0;49.20426759;18.75489921;387.9204;42.1353;13.0;0.8;77.631
1753875291.89;2.0;49.20426759;18.7548992;387.9211;42.1353;13.0;0.8;77.588
1753875291.9;2.0;49.20426759;18.75489919;387.9217;42.1353;13.0;0.8;77.561
1753875291.91;2.0;49.20426758;18.75489918;387.9226;42.1353;13.0;0.8;77.514
1753875291.92;2.0;49.20426758;18.75489917;387.924;42.1353;13.0;0.8;77.46
1753875291.93;2.0;49.20426758;18.75489915;387.9255;42.1353;13.0;0.8;77.457
1753875291.94;2.0;49.20426758;18.75489914;387.9262;42.1353;13.0;0.8;77.487
1753875291.95;2.0;49.20426758;18.75489913;387.9265;42.1353;13.0;0.8;77.533
1753875291.96;2.0;49.20426758;18.75489912;387.9275;42.1353;13.0;0.8;77.589
1753875291.97;2.0;49.20426758;18.7548991;387.9282;42.1353;13.0;0.8;77.623
1753875291.98;2.0;49.20426757;18.75489909;387.9284;42.1353;13.0;0.8;77.654
1753875291.99;2.0;49.20426757;18.75489908;387.9286;42.1353;13.0;0.8;77.639
1753875292.0;2.0;49.20426756;18.75489907;387.9293;42.1353;13.0;0.8;77.571
1753875292.01;2.0;49.20426756;18.75489906;387.9296;42.1353;13.0;0.8;77.584
1753875292.02;2.0;49.20426756;18.75489905;387.9304;42.1353;13.0;0.8;77.607
1753875292.03;2.0;49.20426756;18.75489903;387.9312;42.1353;13.0;0.8;77.613
1753875292.04;2.0;49.20426755;18.75489901;387.9323;42.1353;13.0;0.8;77.613
1753875292.05;2.0;49.20426755;18.754899;387.9333;42.1353;13.0;0.8;77.623
1753875292.06;2.0;49.20426755;18.75489898;387.9338;42.1353;13.0;0.8;77.616
1753875292.07;2.0;49.20426755;18.75489897;387.9345;42.1353;13.0;0.8;77.627
1753875292.08;2.0;49.20426755;18.75489898;387.9345;42.1353;13.0;0.8;77.62
1753875292.09;2.0;49.20426755;18.75489898;387.9343;42.1353;13.0;0.8;77.607
1753875292.1;2.0;49.20426756;18.75489899;387.9344;42.1353;13.0;0.8;77.626
1753875292.11;2.0;49.20426756;18.754899;387.9341;42.1353;13.0;0.8;77.644
1753875292.12;2.0;49.20426757;18.754899;387.9338;42.1353;13.0;0.8;77.685
1753875292.13;2.0;49.20426757;18.75489901;387.9339;42.1353;13.0;0.8;77.728
1753875292.14;2.0;49.20426757;18.75489902;387.9344;42.1353;13.0;0.8;77.711
1753875292.15;2.0;49.20426758;18.75489903;387.9344;42.1353;13.0;0.8;77.667
1753875292.16;2.0;49.20426758;18.75489904;387.9341;42.1353;13.0;0.8;77.677
1753875292.17;2.0;49.20426759;18.75489905;387.9333;42.1353;13.0;0.8;77.644
1753875292.18;2.0;49.20426759;18.75489906;387.9328;42.1353;13.0;0.8;77.682
1753875292.19;2.0;49.20426759;18.75489907;387.9326;42.1353;13.0;0.8;77.692
1753875292.2;2.0;49.2042676;18.75489909;387.9324;42.1353;13.0;0.8;77.764
1753875292.21;2.0;49.20426761;18.7548991;387.9319;42.1353;13.0;0.8;77.76
1753875292.22;2.0;49.20426761;18.75489911;387.9318;42.1353;13.0;0.8;77.774
1753875292.23;2.0;49.20426762;18.75489912;387.9322;42.1353;13.0;0.8;77.744
1753875292.24;2.0;49.20426762;18.75489913;387.9322;42.1353;13.0;0.8;77.724
1753875292.25;2.0;49.20426763;18.75489914;387.9316;42.1353;13.0;0.8;77.756
1753875292.26;2.0;49.20426763;18.75489915;387.9314;42.1353;13.0;0.8;77.807
1753875292.27;2.0;49.20426764;18.75489916;387.9309;42.1353;13.0;0.8;77.763
1753875292.28;2.0;49.20426764;18.75489917;387.9296;42.1353;13.0;0.8;77.727
1753875292.29;2.0;49.20426764;18.75489918;387.9296;42.1353;13.0;0.8;77.675
1753875292.3;2.0;49.20426765;18.7548992;387.9295;42.1353;13.0;0.8;77.647
1753875292.31;2.0;49.20426765;18.75489921;387.9297;42.1353;13.0;0.8;77.654
1753875292.32;2.0;49.20426765;18.75489922;387.9305;42.1353;13.0;0.8;77.587
1753875292.33;2.0;49.20426764;18.75489924;387.9309;42.1353;13.0;0.8;77.554
1753875292.34;2.0;49.20426765;18.75489926;387.9302;42.1353;13.0;0.8;77.494
1753875292.35;2.0;49.20426765;18.75489927;387.9297;42.1353;13.0;0.8;77.471
1753875292.36;2.0;49.20426766;18.75489929;387.9301;42.1353;13.0;0.8;77.485
1753875292.37;2.0;49.20426766;18.75489931;387.9305;42.1353;13.0;0.8;77.465
1753875292.38;2.0;49.20426767;18.75489933;387.9302;42.1353;13.0;0.8;77.463
1753875292.39;2.0;49.20426768;18.75489933;387.9301;42.1353;13.0;0.8;77.47
1753875292.4;2.0;49.20426769;18.75489934;387.9301;42.1353;13.0;0.8;77.593
1753875292.41;2.0;49.20426769;18.75489935;387.9304;42.1353;13.0;0.8;77.662
1753875292.42;2.0;49.20426769;18.75489936;387.9298;42.1353;13.0;0.8;77.678
1753875292.43;2.0;49.2042677;18.75489937;387.9296;42.1353;13.0;0.8;77.678
1753875292.44;2.0;49.20426771;18.75489938;387.9298;42.1353;13.0;0.8;77.679
1753875292.45;2.0;49.20426771;18.75489939;387.9298;42.1353;13.0;0.8;77.72
1753875292.46;2.0;49.20426771;18.75489939;387.9298;42.1353;13.0;0.8;77.71
1753875292.47;2.0;49.20426772;18.7548994;387.9299;42.1353;13.0;0.8;77.708
1753875292.48;2.0;49.20426772;18.75489942;387.9289;42.1353;13.0;0.8;77.678
1753875292.49;2.0;49.20426773;18.75489943;387.9285;42.1353;13.0;0.8;77.622
1753875292.5;2.0;49.20426773;18.75489944;387.9292;42.1353;13.0;0.8;77.58
1753875292.51;2.0;49.20426774;18.75489946;387.9289;42.1353;13.0;0.8;77.547
1753875292.52;2.0;49.20426774;18.75489947;387.9293;42.1353;13.0;0.8;77.547
1753875292.53;2.0;49.20426774;18.75489948;387.9302;42.1353;13.0;0.8;77.546
1753875292.54;2.0;49.20426774;18.75489949;387.9313;42.1353;13.0;0.8;77.566
1753875292.55;2.0;49.20426774;18.7548995;387.9314;42.1353;13.0;0.8;77.55
1753875292.56;2.0;49.20426775;18.75489951;387.9307;42.1353;13.0;0.8;77.527
1753875292.57;2.0;49.20426775;18.75489952;387.9298;42.1353;13.0;0.8;77.489
1753875292.58;2.0;49.20426775;18.75489953;387.9295;42.1353;13.0;0.8;77.426
1753875292.59;2.0;49.20426776;18.75489953;387.9298;42.1353;13.0;0.8;77.389
1753875292.6;2.0;49.20426777;18.75489954;387.9298;42.1353;13.0;0.8;77.427
1753875292.61;2.0;49.20426777;18.75489954;387.9298;42.1353;13.0;0.8;77.497
1753875292.62;2.0;49.20426778;18.75489955;387.9298;42.1353;13.0;0.8;77.498
1753875292.63;2.0;49.20426778;18.75489955;387.9297;42.1353;13.0;0.8;77.498
1753875292.64;2.0;49.20426779;18.75489955;387.9304;42.1353;13.0;0.8;77.508
1753875292.65;2.0;49.20426779;18.75489955;387.9313;42.1353;13.0;0.8;77.461
1753875292.66;2.0;49.2042678;18.75489955;387.9313;42.1353;13.0;0.8;77.416
1753875292.67;2.0;49.2042678;18.75489955;387.9311;42.1353;13.0;0.8;77.42
1753875292.68;2.0;49.20426781;18.75489954;387.9314;42.1353;13.0;0.8;77.427
1753875292.69;2.0;49.20426782;18.75489955;387.9316;42.1353;13.0;0.8;77.459
1753875292.7;2.0;49.20426782;18.75489955;387.9312;42.1353;13.0;0.8;77.511
1753875292.71;2.0;49.20426783;18.75489954;387.9313;42.1353;13.0;0.8;77.527
1753875292.72;2.0;49.20426783;18.75489955;387.9312;42.1353;13.0;0.8;77.533
1753875292.73;2.0;49.20426784;18.75489955;387.931;42.1353;13.0;0.8;77.509
1753875292.74;2.0;49.20426784;18.75489955;387.9303;42.1353;13.0;0.8;77.487
1753875292.75;2.0;49.20426784;18.75489955;387.9293;42.1353;13.0;0.8;77.393
1753875292.76;2.0;49.20426785;18.75489955;387.9292;42.1353;13.0;0.8;77.315
1753875292.77;2.0;49.20426785;18.75489955;387.9296;42.1353;13.0;0.8;77.302
1753875292.78;2.0;49.20426786;18.75489955;387.9298;42.1353;13.0;0.8;77.315
1753875292.79;2.0;49.20426786;18.75489955;387.9303;42.1353;13.0;0.8;77.385
1753875292.8;2.0;49.20426787;18.75489955;387.9308;42.1353;13.0;0.8;77.523
1753875292.81;2.0;49.20426788;18.75489955;387.9315;42.1353;13.0;0.8;77.593
1753875292.82;2.0;49.20426788;18.75489955;387.9319;42.1353;13.0;0.8;77.662
1753875292.83;2.0;49.20426789;18.75489955;387.9318;42.1353;13.0;0.8;77.706
1753875292.84;2.0;49.2042679;18.75489954;387.9322;42.1353;13.0;0.8;77.798
1753875292.85;2.0;49.20426791;18.75489954;387.9318;42.1353;13.0;0.8;77.798
1753875292.86;2.0;49.20426791;18.75489955;387.9319;42.1353;13.0;0.8;77.817
1753875292.87;2.0;49.20426792;18.75489955;387.9313;42.1353;13.0;0.8;77.771
1753875292.88;2.0;49.20426792;18.75489956;387.9314;42.1353;13.0;0.8;77.751
1753875292.89;2.0;49.20426793;18.75489956;387.9316;42.1353;13.0;0.8;77.787
1753875292.9;2.0;49.20426793;18.75489955;387.9317;42.1353;13.0;0.8;77.838
1753875292.91;2.0;49.20426793;18.75489956;387.9312;42.1353;13.0;0.8;77.773
1753875292.92;2.0;49.20426794;18.75489956;387.9306;42.1353;13.0;0.8;77.752
1753875292.93;2.0;49.20426794;18.75489956;387.9311;42.1353;13.0;0.8;77.744
1753875292.94;2.0;49.20426795;18.75489956;387.9308;42.1353;13.0;0.8;77.745
1753875292.95;2.0;49.20426796;18.75489956;387.9307;42.1353;13.0;0.8;77.702
1753875292.96;2.0;49.20426796;18.75489957;387.9307;42.1353;13.0;0.8;77.634
1753875292.97;2.0;49.20426796;18.75489957;387.9306;42.1353;13.0;0.8;77.615
1753875292.98;2.0;49.20426796;18.75489957;387.9306;42.1353;13.0;0.8;77.562
1753875292.99;2.0;49.20426797;18.75489957;387.9306;42.1353;13.0;0.8;77.539
1753875293.0;2.0;49.20426797;18.75489958;387.9308;42.1353;13.0;0.8;77.543
1753875293.01;2.0;49.20426797;18.75489959;387.9309;42.1353;13.0;0.8;77.512
1753875293.02;2.0;49.20426798;18.75489959;387.9304;42.1353;13.0;0.8;77.465
1753875293.03;2.0;49.20426799;18.75489959;387.9299;42.1353;13.0;0.8;77.394
1753875293.04;2.0;49.20426799;18.75489959;387.9305;42.1353;13.0;0.8;77.409
1753875293.05;2.0;49.204268;18.75489959;387.9314;42.1353;13.0;0.8;77.398
1753875293.06;2.0;49.204268;18.75489958;387.9324;42.1353;13.0;0.8;77.431
1753875293.07;2.0;49.20426801;18.75489958;387.933;42.1353;13.0;0.8;77.457
1753875293.08;2.0;49.20426802;18.75489958;387.9326;42.1353;13.0;0.8;77.476
1753875293.09;2.0;49.20426803;18.75489958;387.9317;42.1353;13.0;0.8;77.508
1753875293.1;2.0;49.20426804;18.75489957;387.9311;42.1353;13.0;0.8;77.58
1753875293.11;2.0;49.20426804;18.75489957;387.9311;42.1353;13.0;0.8;77.629
1753875293.12;2.0;49.20426804;18.75489957;387.9312;42.1353;13.0;0.8;77.643
1753875293.13;2.0;49.20426805;18.75489957;387.931;42.1353;13.0;0.8;77.679
1753875293.14;2.0;49.20426805;18.75489957;387.9313;42.1353;13.0;0.8;77.628
1753875293.15;2.0;49.20426806;18.75489957;387.9319;42.1353;13.0;0.8;77.593
1753875293.16;2.0;49.20426807;18.75489957;387.9332;42.1353;13.0;0.8;77.572
1753875293.17;2.0;49.20426807;18.75489957;387.9342;42.1353;13.0;0.8;77.588
1753875293.18;2.0;49.20426807;18.75489956;387.9348;42.1353;13.0;0.8;77.61
1753875293.19;2.0;49.20426808;18.75489956;387.9345;42.1353;13.0;0.8;77.606
1753875293.2;2.0;49.20426808;18.75489956;387.9346;42.1353;13.0;0.8;77.588
1753875293.21;2.0;49.20426809;18.75489956;387.9351;42.1353;13.0;0.8;77.581
1753875293.22;2.0;49.20426809;18.75489956;387.9348;42.1353;13.0;0.8;77.604
1753875293.23;2.0;49.2042681;18.75489956;387.9344;42.1353;13.0;0.8;77.571
1753875293.24;2.0;49.2042681;18.75489957;387.9349;42.1353;13.0;0.8;77.611
1753875293.25;2.0;49.2042681;18.75489957;387.9358;42.1353;13.0;0.8;77.622
1753875293.26;2.0;49.20426811;18.75489957;387.9364;42.1353;13.0;0.8;77.6
1753875293.27;2.0;49.20426811;18.75489957;387.9362;42.1353;13.0;0.8;77.595
1753875293.28;2.0;49.20426812;18.75489957;387.9355;42.1353;13.0;0.8;77.615
1753875293.29;2.0;49.20426813;18.75489957;387.9355;42.1353;13.0;0.8;77.599
1753875293.3;2.0;49.20426814;18.75489957;387.9358;42.1353;13.0;0.8;77.561
1753875293.31;2.0;49.20426814;18.75489958;387.9362;42.1353;13.0;0.8;77.541
1753875293.32;2.0;49.20426814;18.75489958;387.9363;42.1353;13.0;0.8;77.535
1753875293.33;2.0;49.20426814;18.75489957;387.9365;42.1353;13.0;0.8;77.528
1753875293.34;2.0;49.20426815;18.75489957;387.9367;42.1353;13.0;0.8;77.576
1753875293.35;2.0;49.20426815;18.75489957;387.9366;42.1353;13.0;0.8;77.59
1753875293.36;2.0;49.20426816;18.75489957;387.9364;42.1353;13.0;0.8;77.596
1753875293.37;2.0;49.20426817;18.75489957;387.9365;42.1353;13.0;0.8;77.606
1753875293.38;2.0;49.20426817;18.75489957;387.9361;42.1353;13.0;0.8;77.62
1753875293.39;2.0;49.20426818;18.75489957;387.9359;42.1353;13.0;0.8;77.602
1753875293.4;2.0;49.20426818;18.75489957;387.9357;42.1353;13.0;0.8;77.622
1753875293.41;2.0;49.20426819;18.75489957;387.9358;42.1353;13.0;0.8;77.621
1753875293.42;2.0;49.20426819;18.75489956;387.9364;42.1353;13.0;0.8;77.602
1753875293.43;2.0;49.20426819;18.75489956;387.9372;42.1353;13.0;0.8;77.572
1753875293.44;2.0;49.2042682;18.75489956;387.9377;42.1353;13.0;0.8;77.589
1753875293.45;2.0;49.20426821;18.75489957;387.9382;42.1353;13.0;0.8;77.639
1753875293.46;2.0;49.20426822;18.75489957;387.9381;42.1353;13.0;0.8;77.697
1753875293.47;2.0;49.20426822;18.75489957;387.9379;42.1353;13.0;0.8;77.695
1753875293.48;2.0;49.20426823;18.75489957;387.9385;42.1353;13.0;0.8;77.686
1753875293.49;2.0;49.20426823;18.75489958;387.9384;42.1353;13.0;0.8;77.625
1753875293.5;2.0;49.20426824;18.75489958;387.939;42.1353;13.0;0.8;77.605
1753875293.51;2.0;49.20426824;18.75489958;387.9391;42.1353;13.0;0.8;77.592
1753875293.52;2.0;49.20426825;18.75489958;387.9391;42.1353;13.0;0.8;77.589
1753875293.53;2.0;49.20426825;18.75489958;387.9392;42.1353;13.0;0.8;77.606
1753875293.54;2.0;49.20426825;18.75489958;387.9396;42.1353;13.0;0.8;77.654
1753875293.55;2.0;49.20426826;18.75489958;387.9398;42.1353;13.0;0.8;77.668
1753875293.56;2.0;49.20426826;18.75489957;387.9402;42.1353;13.0;0.8;77.672
1753875293.57;2.0;49.20426826;18.75489957;387.9404;42.1353;13.0;0.8;77.67
1753875293.58;2.0;49.20426826;18.75489957;387.9401;42.1353;13.0;0.8;77.621
1753875293.59;2.0;49.20426827;18.75489958;387.9389;42.1353;13.0;0.8;77.579
1753875293.6;2.0;49.20426828;18.75489958;387.9391;42.1353;13.0;0.8;77.64
1753875293.61;2.0;49.20426828;18.75489959;387.9395;42.1353;13.0;0.8;77.685
1753875293.62;2.0;49.20426828;18.75489959;387.9391;42.1353;13.0;0.8;77.695
1753875293.63;2.0;49.20426828;18.7548996;387.9384;42.1353;13.0;0.8;77.697
1753875293.64;2.0;49.20426829;18.7548996;387.9375;42.1353;13.0;0.8;77.723
1753875293.65;2.0;49.20426829;18.75489961;387.9377;42.1353;13.0;0.8;77.725
1753875293.66;2.0;49.20426829;18.75489961;387.9375;42.1353;13.0;0.8;77.727
1753875293.67;2.0;49.20426829;18.75489961;387.9376;42.1353;13.0;0.8;77.707
1753875293.68;2.0;49.20426829;18.75489962;387.9376;42.1353;13.0;0.8;77.672
1753875293.69;2.0;49.20426829;18.75489962;387.9378;42.1353;13.0;0.8;77.597
1753875293.7;2.0;49.20426829;18.75489962;387.9382;42.1353;13.0;0.8;77.54
1753875293.71;2.0;49.2042683;18.75489962;387.9386;42.1353;13.0;0.8;77.497
1753875293.72;2.0;49.2042683;18.75489962;387.9389;42.1353;13.0;0.8;77.497
1753875293.73;2.0;49.2042683;18.75489962;387.9388;42.1353;13.0;0.8;77.507
1753875293.74;2.0;49.2042683;18.75489962;387.9385;42.1353;13.0;0.8;77.497
1753875293.75;2.0;49.20426831;18.75489962;387.9378;42.1353;13.0;0.8;77.47
1753875293.76;2.0;49.20426832;18.75489962;387.9371;42.1353;13.0;0.8;77.531
1753875293.77;2.0;49.20426832;18.75489962;387.9371;42.1353;13.0;0.8;77.538
1753875293.78;2.0;49.20426832;18.75489962;387.9378;42.1353;13.0;0.8;77.491
1753875293.79;2.0;49.20426832;18.75489962;387.9382;42.1353;13.0;0.8;77.475
1753875293.8;2.0;49.20426832;18.75489962;387.9383;42.1353;13.0;0.8;77.475
1753875293.81;2.0;49.20426833;18.75489963;387.9381;42.1353;13.0;0.8;77.483
1753875293.82;2.0;49.20426833;18.75489962;387.9381;42.1353;13.0;0.8;77.498
1753875293.83;2.0;49.20426834;18.75489963;387.9379;42.1353;13.0;0.8;77.494
1753875293.84;2.0;49.20426834;18.75489963;387.938;42.1353;13.0;0.8;77.58
1753875293.85;2.0;49.20426834;18.75489963;387.9378;42.1353;13.0;0.8;77.618
1753875293.86;2.0;49.20426835;18.75489964;387.9363;42.1353;13.0;0.8;77.575
1753875293.87;2.0;49.20426836;18.75489964;387.9361;42.1353;13.0;0.8;77.65
1753875293.88;2.0;49.20426836;18.75489964;387.9368;42.1353;13.0;0.8;77.631
1753875293.89;2.0;49.20426836;18.75489964;387.9378;42.1353;13.0;0.8;77.646
1753875293.9;2.0;49.20426836;18.75489964;387.938;42.1353;13.0;0.8;77.701
1753875293.91;2.0;49.20426836;18.75489964;387.9374;42.1353;13.0;0.8;77.67
1753875293.92;2.0;49.20426836;18.75489964;387.9375;42.1353;13.0;0.8;77.632
1753875293.93;2.0;49.20426837;18.75489964;387.9376;42.1353;13.0;0.8;77.598
1753875293.94;2.0;49.20426837;18.75489965;387.9376;42.1353;13.0;0.8;77.608
1753875293.95;2.0;49.20426838;18.75489965;387.9377;42.1353;13.0;0.8;77.623
1753875293.96;2.0;49.20426838;18.75489965;387.9375;42.1353;13.0;0.8;77.599
1753875293.97;2.0;49.20426838;18.75489966;387.9369;42.1353;13.0;0.8;77.528
1753875293.98;2.0;49.20426838;18.75489966;387.9364;42.1353;13.0;0.8;77.445
1753875293.99;2.0;49.20426838;18.75489966;387.9365;42.1353;13.0;0.8;77.463
1753875294.0;2.0;49.20426839;18.75489966;387.9361;42.1353;13.0;0.8;77.488
1753875294.01;2.0;49.20426839;18.75489966;387.9361;42.1353;13.0;0.8;77.538
1753875294.02;2.0;49.20426839;18.75489966;387.9362;42.1353;13.0;0.8;77.597
1753875294.03;2.0;49.2042684;18.75489967;387.9364;42.1353;13.0;0.8;77.623
1753875294.04;2.0;49.20426841;18.75489967;387.9362;42.1353;13.0;0.8;77.632
1753875294.05;2.0;49.20426841;18.75489967;387.9362;42.1353;13.0;0.8;77.65
1753875294.06;2.0;49.20426841;18.75489968;387.9364;42.1353;13.0;0.8;77.674
1753875294.07;2.0;49.20426841;18.75489967;387.9361;42.1353;13.0;0.8;77.695
1753875294.08;2.0;49.20426841;18.75489967;387.9359;42.1353;13.0;0.8;77.721
1753875294.09;2.0;49.20426841;18.75489967;387.9362;42.1353;13.0;0.8;77.711
1753875294.1;2.0;49.20426842;18.75489967;387.9358;42.1353;13.0;0.8;77.705
1753875294.11;2.0;49.20426842;18.75489968;387.9355;42.1353;13.0;0.8;77.699
1753875294.12;2.0;49.20426841;18.75489968;387.9355;42.1353;13.0;0.8;77.654
1753875294.13;2.0;49.20426841;18.75489969;387.9362;42.1353;13.0;0.8;77.578
1753875294.14;2.0;49.20426841;18.7548997;387.9367;42.1353;13.0;0.8;77.612
1753875294.15;2.0;49.20426841;18.75489971;387.937;42.1353;13.0;0.8;77.657
1753875294.16;2.0;49.20426842;18.75489971;387.9369;42.1353;13.0;0.8;77.681
1753875294.17;2.0;49.20426842;18.75489971;387.9376;42.1353;13.0;0.8;77.698
1753875294.18;2.0;49.20426841;18.75489972;387.9379;42.1353;13.0;0.8;77.711
1753875294.19;2.0;49.20426841;18.75489972;387.9383;42.1353;13.0;0.8;77.694
1753875294.2;2.0;49.20426842;18.75489972;387.9388;42.1353;13.0;0.8;77.704
1753875294.21;2.0;49.20426842;18.75489973;387.9392;42.1353;13.0;0.8;77.698
1753875294.22;2.0;49.20426841;18.75489974;387.9402;42.1353;13.0;0.8;77.675
1753875294.23;2.0;49.20426841;18.75489975;387.9404;42.1353;13.0;0.8;77.655
1753875294.24;2.0;49.20426841;18.75489976;387.9404;42.1353;13.0;0.8;77.574
1753875294.25;2.0;49.20426841;18.75489976;387.9405;42.1353;13.0;0.8;77.526
1753875294.26;2.0;49.20426842;18.75489976;387.9396;42.1353;13.0;0.8;77.573
1753875294.27;2.0;49.20426842;18.75489977;387.9393;42.1353;13.0;0.8;77.606
1753875294.28;2.0;49.20426842;18.75489977;387.9394;42.1353;13.0;0.8;77.622
1753875294.29;2.0;49.20426842;18.75489978;387.9392;42.1353;13.0;0.8;77.644
1753875294.3;2.0;49.20426841;18.75489978;387.9389;42.1353;13.0;0.8;77.613
1753875294.31;2.0;49.20426841;18.75489978;387.9392;42.1353;13.0;0.8;77.538
1753875294.32;2.0;49.20426841;18.75489979;387.9396;42.1353;13.0;0.8;77.493
1753875294.33;2.0;49.20426841;18.75489979;387.9402;42.1353;13.0;0.8;77.491
1753875294.34;2.0;49.2042684;18.7548998;387.9404;42.1353;13.0;0.8;77.506
1753875294.35;2.0;49.2042684;18.75489981;387.9413;42.1353;13.0;0.8;77.501
1753875294.36;2.0;49.20426839;18.75489982;387.9422;42.1353;13.0;0.8;77.479
1753875294.37;2.0;49.20426839;18.75489982;387.943;42.1353;13.0;0.8;77.461
1753875294.38;2.0;49.20426839;18.75489983;387.9434;42.1353;13.0;0.8;77.44
1753875294.39;2.0;49.20426838;18.75489984;387.9436;42.1353;13.0;0.8;77.408
1753875294.4;2.0;49.20426839;18.75489985;387.9434;42.1353;13.0;0.8;77.411
1753875294.41;2.0;49.20426839;18.75489985;387.9428;42.1353;13.0;0.8;77.41
1753875294.42;2.0;49.20426839;18.75489986;387.9425;42.1353;13.0;0.8;77.416
1753875294.43;2.0;49.20426839;18.75489986;387.9434;42.1353;13.0;0.8;77.444
1753875294.44;2.0;49.20426839;18.75489986;387.9443;42.1353;13.0;0.8;77.468
1753875294.45;2.0;49.20426839;18.75489986;387.9446;42.1353;13.0;0.8;77.471
1753875294.46;2.0;49.20426839;18.75489987;387.9446;42.1353;13.0;0.8;77.489
1753875294.47;2.0;49.20426839;18.75489987;387.9443;42.1353;13.0;0.8;77.429
1753875294.48;2.0;49.20426839;18.75489987;387.9436;42.1353;13.0;0.8;77.405
1753875294.49;2.0;49.2042684;18.75489988;387.943;42.1353;13.0;0.8;77.433
1753875294.5;2.0;49.2042684;18.75489988;387.943;42.1353;13.0;0.8;77.516
1753875294.51;2.0;49.2042684;18.75489988;387.9429;42.1353;13.0;0.8;77.512
1753875294.52;2.0;49.20426841;18.75489989;387.9426;42.1353;13.0;0.8;77.553
1753875294.53;2.0;49.20426841;18.75489989;387.9431;42.1353;13.0;0.8;77.554
1753875294.54;2.0;49.20426841;18.75489989;387.943;42.1353;13.0;0.8;77.546
1753875294.55;2.0;49.20426841;18.7548999;387.9433;42.1353;13.0;0.8;77.536
1753875294.56;2.0;49.20426841;18.7548999;387.944;42.1353;13.0;0.8;77.567
1753875294.57;2.0;49.20426841;18.75489991;387.9447;42.1353;13.0;0.8;77.536
1753875294.58;2.0;49.20426841;18.75489992;387.9445;42.1353;13.0;0.8;77.512
1753875294.59;2.0;49.2042684;18.75489993;387.9448;42.1353;13.0;0.8;77.516
1753875294.6;2.0;49.2042684;18.75489993;387.9446;42.1353;13.0;0.8;77.473
1753875294.61;2.0;49.2042684;18.75489993;387.945;42.1353;13.0;0.8;77.435
1753875294.62;2.0;49.2042684;18.75489994;387.9453;42.1353;13.0;0.8;77.427
1753875294.63;2.0;49.20426841;18.75489995;387.9448;42.1353;13.0;0.8;77.463
1753875294.64;2.0;49.20426841;18.75489995;387.9443;42.1353;13.0;0.8;77.522
1753875294.65;2.0;49.20426842;18.75489996;387.9438;42.1353;13.0;0.8;77.544
1753875294.66;2.0;49.20426842;18.75489996;387.9439;42.1353;13.0;0.8;77.527
1753875294.67;2.0;49.20426842;18.75489997;387.9434;42.1353;13.0;0.8;77.514
1753875294.68;2.0;49.20426843;18.75489998;387.9431;42.1353;13.0;0.8;77.52
1753875294.69;2.0;49.20426843;18.75489999;387.9429;42.1353;13.0;0.8;77.546
1753875294.7;2.0;49.20426843;18.75489999;387.9427;42.1353;13.0;0.8;77.584
1753875294.71;2.0;49.20426844;18.7549;387.9419;42.1353;13.0;0.8;77.534
1753875294.72;2.0;49.20426844;18.7549;387.9416;42.1353;13.0;0.8;77.486
1753875294.73;2.0;49.20426844;18.7549;387.9416;42.1353;13.0;0.8;77.509
1753875294.74;2.0;49.20426844;18.7549;387.9416;42.1353;13.0;0.8;77.521
1753875294.75;2.0;49.20426844;18.7549;387.9413;42.1353;13.0;0.8;77.548
1753875294.76;2.0;49.20426844;18.75490001;387.9403;42.1353;13.0;0.8;77.569
1753875294.77;2.0;49.20426844;18.75490002;387.9395;42.1353;13.0;0.8;77.559
1753875294.78;2.0;49.20426844;18.75490003;387.9394;42.1353;13.0;0.8;77.563
1753875294.79;2.0;49.20426844;18.75490004;387.9399;42.1353;13.0;0.8;77.552
1753875294.8;2.0;49.20426844;18.75490005;387.9406;42.1353;13.0;0.8;77.559
1753875294.81;2.0;49.20426844;18.75490005;387.9406;42.1353;13.0;0.8;77.595
1753875294.82;2.0;49.20426845;18.75490006;387.9408;42.1353;13.0;0.8;77.586
1753875294.83;2.0;49.20426845;18.75490006;387.9407;42.1353;13.0;0.8;77.594
1753875294.84;2.0;49.20426845;18.75490007;387.9408;42.1353;13.0;0.8;77.622
1753875294.85;2.0;49.20426845;18.75490007;387.9406;42.1353;13.0;0.8;77.623
1753875294.86;2.0;49.20426845;18.75490007;387.941;42.1353;13.0;0.8;77.707
1753875294.87;2.0;49.20426845;18.75490008;387.9406;42.1353;13.0;0.8;77.741
1753875294.88;2.0;49.20426845;18.75490009;387.9401;42.1353;13.0;0.8;77.726
1753875294.89;2.0;49.20426845;18.75490009;387.9404;42.1353;13.0;0.8;77.713
1753875294.9;2.0;49.20426845;18.7549001;387.9408;42.1353;13.0;0.8;77.643
1753875294.91;2.0;49.20426846;18.75490011;387.9406;42.1353;13.0;0.8;77.646
1753875294.92;2.0;49.20426847;18.75490012;387.9401;42.1353;13.0;0.8;77.616
1753875294.93;2.0;49.20426847;18.75490012;387.9402;42.1353;13.0;0.8;77.672
1753875294.94;2.0;49.20426847;18.75490013;387.9402;42.1353;13.0;0.8;77.693
1753875294.95;2.0;49.20426848;18.75490013;387.9401;42.1353;13.0;0.8;77.722
1753875294.96;2.0;49.20426848;18.75490014;387.9405;42.1353;13.0;0.8;77.744
1753875294.97;2.0;49.20426847;18.75490015;387.9408;42.1353;13.0;0.8;77.747
1753875294.98;2.0;49.20426848;18.75490015;387.9406;42.1353;13.0;0.8;77.73
1753875294.99;2.0;49.20426848;18.75490015;387.9408;42.1353;13.0;0.8;77.704
1753875295.0;2.0;49.20426848;18.75490015;387.941;42.1353;13.0;0.8;77.693
1753875295.01;2.0;49.20426848;18.75490016;387.94;42.1353;13.0;0.8;77.68
1753875295.02;2.0;49.20426848;18.75490016;387.9399;42.1353;13.0;0.8;77.663
1753875295.03;2.0;49.20426847;18.75490017;387.9398;42.1353;13.0;0.8;77.604
1753875295.04;2.0;49.20426848;18.75490017;387.939;42.1353;13.0;0.8;77.485
1753875295.05;2.0;49.20426848;18.75490018;387.9382;42.1353;13.0;0.8;77.505
1753875295.06;2.0;49.20426848;18.75490019;387.9377;42.1353;13.0;0.8;77.504
1753875295.07;2.0;49.20426848;18.75490019;387.9373;42.1353;13.0;0.8;77.517
1753875295.08;2.0;49.20426849;18.7549002;387.9372;42.1353;13.0;0.8;77.536
1753875295.09;2.0;49.20426849;18.7549002;387.9368;42.1353;13.0;0.8;77.547
1753875295.1;2.0;49.20426849;18.7549002;387.9358;42.1353;13.0;0.8;77.547
1753875295.11;2.0;49.2042685;18.7549002;387.9358;42.1353;13.0;0.8;77.603
1753875295.12;2.0;49.2042685;18.75490021;387.9365;42.1353;13.0;0.8;77.591
1753875295.13;2.0;49.2042685;18.75490021;387.9372;42.1353;13.0;0.8;77.549
1753875295.14;2.0;49.20426851;18.75490022;387.937;42.1353;13.0;0.8;77.51
1753875295.15;2.0;49.20426851;18.75490022;387.9364;42.1353;13.0;0.8;77.548
1753875295.16;2.0;49.20426852;18.75490023;387.9362;42.1353;13.0;0.8;77.535
1753875295.17;2.0;49.20426852;18.75490023;387.9362;42.1353;13.0;0.8;77.56
1753875295.18;2.0;49.20426853;18.75490023;387.9361;42.1353;13.0;0.8;77.611
1753875295.19;2.0;49.20426853;18.75490023;387.9364;42.1353;13.0;0.8;77.653
1753875295.2;2.0;49.20426853;18.75490024;387.9369;42.1353;13.0;0.8;77.661
1753875295.21;2.0;49.20426853;18.75490024;387.9367;42.1353;13.0;0.8;77.663
1753875295.22;2.0;49.20426853;18.75490024;387.9366;42.1353;13.0;0.8;77.642
1753875295.23;2.0;49.20426853;18.75490025;387.9371;42.1353;13.0;0.8;77.662
1753875295.24;2.0;49.20426854;18.75490025;387.9365;42.1353;13.0;0.8;77.694
1753875295.25;2.0;49.20426854;18.75490026;387.9365;42.1353;13.0;0.8;77.671
1753875295.26;2.0;49.20426854;18.75490026;387.9364;42.1353;13.0;0.8;77.636
1753875295.27;2.0;49.20426855;18.75490026;387.9355;42.1353;13.0;0.8;77.662
1753875295.28;2.0;49.20426856;18.75490027;387.9361;42.1353;13.0;0.8;77.64
1753875295.29;2.0;49.20426856;18.75490027;387.9362;42.1353;13.0;0.8;77.584
1753875295.3;2.0;49.20426856;18.75490027;387.9364;42.1353;13.0;0.8;77.545
1753875295.31;2.0;49.20426856;18.75490028;387.9364;42.1353;13.0;0.8;77.517
1753875295.32;2.0;49.20426857;18.75490028;387.9365;42.1353;13.0;0.8;77.543
1753875295.33;2.0;49.20426857;18.75490029;387.9367;42.1353;13.0;0.8;77.559
1753875295.34;2.0;49.20426858;18.75490029;387.9368;42.1353;13.0;0.8;77.598
1753875295.35;2.0;49.20426858;18.75490029;387.9374;42.1353;13.0;0.8;77.599
1753875295.36;2.0;49.20426858;18.7549003;387.9378;42.1353;13.0;0.8;77.643
1753875295.37;2.0;49.20426858;18.7549003;387.9382;42.1353;13.0;0.8;77.631
1753875295.38;2.0;49.20426859;18.75490031;387.9377;42.1353;13.0;0.8;77.636
1753875295.39;2.0;49.20426859;18.75490031;387.9377;42.1353;13.0;0.8;77.623
1753875295.4;2.0;49.20426859;18.75490032;387.938;42.1353;13.0;0.8;77.653
1753875295.41;2.0;49.20426859;18.75490033;387.9376;42.1353;13.0;0.8;77.654
1753875295.42;2.0;49.2042686;18.75490033;387.9369;42.1353;13.0;0.8;77.656
1753875295.43;2.0;49.2042686;18.75490033;387.9365;42.1353;13.0;0.8;77.655
1753875295.44;2.0;49.2042686;18.75490033;387.9362;42.1353;13.0;0.8;77.639
1753875295.45;2.0;49.20426861;18.75490034;387.9359;42.1353;13.0;0.8;77.613
1753875295.46;2.0;49.20426861;18.75490034;387.9357;42.1353;13.0;0.8;77.595
1753875295.47;2.0;49.20426861;18.75490034;387.9357;42.1353;13.0;0.8;77.6
1753875295.48;2.0;49.20426861;18.75490034;387.9354;42.1353;13.0;0.8;77.583
1753875295.49;2.0;49.20426861;18.75490035;387.9351;42.1353;13.0;0.8;77.617
1753875295.5;2.0;49.20426862;18.75490035;387.9352;42.1353;13.0;0.8;77.625
1753875295.51;2.0;49.20426862;18.75490035;387.9354;42.1353;13.0;0.8;77.645
1753875295.52;2.0;49.20426862;18.75490036;387.9359;42.1353;13.0;0.8;77.65
1753875295.53;2.0;49.20426863;18.75490036;387.9358;42.1353;13.0;0.8;77.638
1753875295.54;2.0;49.20426863;18.75490037;387.9357;42.1353;13.0;0.8;77.608
1753875295.55;2.0;49.20426864;18.75490037;387.9355;42.1353;13.0;0.8;77.641
1753875295.56;2.0;49.20426865;18.75490038;387.9352;42.1353;13.0;0.8;77.672
1753875295.57;2.0;49.20426865;18.75490038;387.9353;42.1353;13.0;0.8;77.633
1753875295.58;2.0;49.20426865;18.75490039;387.9351;42.1353;13.0;0.8;77.652
1753875295.59;2.0;49.20426866;18.75490039;387.9347;42.1353;13.0;0.8;77.668
1753875295.6;2.0;49.20426866;18.7549004;387.9334;42.1353;13.0;0.8;77.647
1753875295.61;2.0;49.20426866;18.7549004;387.9333;42.1353;13.0;0.8;77.656
1753875295.62;2.0;49.20426866;18.7549004;387.9329;42.1353;13.0;0.8;77.676
1753875295.63;2.0;49.20426866;18.75490041;387.9331;42.1353;13.0;0.8;77.721
1753875295.64;2.0;49.20426866;18.75490041;387.933;42.1353;13.0;0.8;77.709
1753875295.65;2.0;49.20426866;18.75490042;387.9327;42.1353;13.0;0.8;77.708
1753875295.66;2.0;49.20426866;18.75490042;387.9323;42.1353;13.0;0.8;77.713
1753875295.67;2.0;49.20426866;18.75490042;387.9317;42.1353;13.0;0.8;77.77
1753875295.68;2.0;49.20426866;18.75490043;387.9312;42.1353;13.0;0.8;77.82
1753875295.69;2.0;49.20426866;18.75490044;387.9312;42.1353;13.0;0.8;77.835
1753875295.7;2.0;49.20426866;18.75490044;387.931;42.1353;13.0;0.8;77.822
1753875295.71;2.0;49.20426866;18.75490044;387.931;42.1353;13.0;0.8;77.781
1753875295.72;2.0;49.20426866;18.75490045;387.9307;42.1353;13.0;0.8;77.746
1753875295.73;2.0;49.20426866;18.75490045;387.9303;42.1353;13.0;0.8;77.748
1753875295.74;2.0;49.20426866;18.75490045;387.9299;42.1353;13.0;0.8;77.74
1753875295.75;2.0;49.20426866;18.75490045;387.93;42.1353;13.0;0.8;77.726
1753875295.76;2.0;49.20426865;18.75490045;387.9306;42.1353;13.0;0.8;77.652
1753875295.77;2.0;49.20426865;18.75490046;387.9298;42.1353;13.0;0.8;77.635
1753875295.78;2.0;49.20426866;18.75490046;387.9287;42.1353;13.0;0.8;77.588
1753875295.79;2.0;49.20426866;18.75490046;387.928;42.1353;13.0;0.8;77.595
1753875295.8;2.0;49.20426866;18.75490046;387.9276;42.1353;13.0;0.8;77.606
1753875295.81;2.0;49.20426867;18.75490046;387.9276;42.1353;13.0;0.8;77.618
1753875295.82;2.0;49.20426867;18.75490046;387.9274;42.1353;13.0;0.8;77.692
1753875295.83;2.0;49.20426867;18.75490047;387.9272;42.1353;13.0;0.8;77.7
1753875295.84;2.0;49.20426867;18.75490047;387.9265;42.1353;13.0;0.8;77.654
1753875295.85;2.0;49.20426867;18.75490048;387.9256;42.1353;13.0;0.8;77.633
1753875295.86;2.0;49.20426867;18.75490048;387.9251;42.1353;13.0;0.8;77.629
1753875295.87;2.0;49.20426867;18.75490049;387.9249;42.1353;13.0;0.8;77.632
1753875295.88;2.0;49.20426867;18.75490049;387.9243;42.1353;13.0;0.8;77.646
1753875295.89;2.0;49.20426868;18.7549005;387.9234;42.1353;13.0;0.8;77.653
1753875295.9;2.0;49.20426868;18.7549005;387.9233;42.1353;13.0;0.8;77.656
1753875295.91;2.0;49.20426868;18.75490051;387.9227;42.1353;13.0;0.8;77.7
1753875295.92;2.0;49.20426868;18.75490052;387.9216;42.1353;13.0;0.8;77.698
1753875295.93;2.0;49.20426868;18.75490053;387.9213;42.1353;13.0;0.8;77.675
1753875295.94;2.0;49.20426868;18.75490054;387.9214;42.1353;13.0;0.8;77.686
1753875295.95;2.0;49.20426869;18.75490055;387.921;42.1353;13.0;0.8;77.7
1753875295.96;2.0;49.20426869;18.75490055;387.9215;42.1353;13.0;0.8;77.726
1753875295.97;2.0;49.20426869;18.75490056;387.9212;42.1353;13.0;0.8;77.706
1753875295.98;2.0;49.20426869;18.75490057;387.92;42.1353;13.0;0.8;77.66
1753875295.99;2.0;49.20426869;18.75490058;387.9197;42.1353;13.0;0.8;77.653
1753875296.0;2.0;49.2042687;18.75490058;387.9191;42.1353;13.0;0.8;77.655
1753875296.01;2.0;49.2042687;18.75490058;387.9192;42.1353;13.0;0.8;77.669
1753875296.02;2.0;49.2042687;18.75490058;387.9185;42.1353;13.0;0.8;77.67
1753875296.03;2.0;49.2042687;18.75490058;387.9177;42.1353;13.0;0.8;77.647
1753875296.04;2.0;49.20426871;18.75490058;387.9173;42.1353;13.0;0.8;77.636
1753875296.05;2.0;49.20426871;18.75490058;387.9168;42.1353;13.0;0.8;77.658
1753875296.06;2.0;49.20426871;18.75490059;387.9161;42.1353;13.0;0.8;77.689
1753875296.07;2.0;49.20426871;18.75490059;387.9161;42.1353;13.0;0.8;77.68
1753875296.08;2.0;49.2042687;18.75490059;387.9167;42.1353;13.0;0.8;77.673
1753875296.09;2.0;49.20426871;18.75490059;387.9167;42.1353;13.0;0.8;77.676
1753875296.1;2.0;49.2042687;18.7549006;387.9166;42.1353;13.0;0.8;77.653
1753875296.11;2.0;49.2042687;18.7549006;387.9167;42.1353;13.0;0.8;77.607
1753875296.12;2.0;49.2042687;18.7549006;387.9167;42.1353;13.0;0.8;77.603
1753875296.13;2.0;49.2042687;18.75490061;387.9162;42.1353;13.0;0.8;77.6
1753875296.14;2.0;49.20426871;18.75490061;387.9161;42.1353;13.0;0.8;77.621
1753875296.15;2.0;49.20426871;18.75490061;387.9159;42.1353;13.0;0.8;77.653
1753875296.16;2.0;49.20426871;18.75490062;387.9162;42.1353;13.0;0.8;77.716
1753875296.17;2.0;49.20426871;18.75490062;387.9163;42.1353;13.0;0.8;77.734
1753875296.18;2.0;49.20426871;18.75490063;387.916;42.1353;13.0;0.8;77.728
1753875296.19;2.0;49.20426871;18.75490063;387.9156;42.1353;13.0;0.8;77.744
1753875296.2;2.0;49.20426872;18.75490063;387.9157;42.1353;13.0;0.8;77.696
1753875296.21;2.0;49.20426872;18.75490063;387.9151;42.1353;13.0;0.8;77.717
1753875296.22;2.0;49.20426872;18.75490063;387.9143;42.1353;13.0;0.8;77.715
1753875296.23;2.0;49.20426872;18.75490064;387.914;42.1353;13.0;0.8;77.696
1753875296.24;2.0;49.20426873;18.75490064;387.9132;42.1353;13.0;0.8;77.717
1753875296.25;2.0;49.20426873;18.75490064;387.9131;42.1353;13.0;0.8;77.772
1753875296.26;2.0;49.20426873;18.75490064;387.9129;42.1353;13.0;0.8;77.765
1753875296.27;2.0;49.20426874;18.75490065;387.913;42.1353;13.0;0.8;77.728
1753875296.28;2.0;49.20426874;18.75490065;387.9121;42.1353;13.0;0.8;77.693
1753875296.29;2.0;49.20426874;18.75490066;387.9111;42.1353;13.0;0.8;77.671
1753875296.3;2.0;49.20426875;18.75490066;387.9106;42.1353;13.0;0.8;77.699
1753875296.31;2.0;49.20426875;18.75490067;387.9101;42.1353;13.0;0.8;77.695
1753875296.32;2.0;49.20426875;18.75490067;387.9098;42.1353;13.0;0.8;77.674
1753875296.33;2.0;49.20426875;18.75490068;387.9094;42.1353;13.0;0.8;77.67
1753875296.34;2.0;49.20426876;18.75490068;387.9089;42.1353;13.0;0.8;77.639
1753875296.35;2.0;49.20426876;18.7549007;387.9084;42.1353;13.0;0.8;77.664
1753875296.36;2.0;49.20426876;18.7549007;387.9076;42.1353;13.0;0.8;77.632
1753875296.37;2.0;49.20426877;18.75490071;387.9068;42.1353;13.0;0.8;77.621
1753875296.38;2.0;49.20426877;18.75490071;387.9059;42.1353;13.0;0.8;77.627
1753875296.39;2.0;49.20426877;18.75490071;387.9051;42.1353;13.0;0.8;77.668
1753875296.4;2.0;49.20426877;18.75490071;387.9053;42.1353;13.0;0.8;77.641
1753875296.41;2.0;49.20426877;18.75490072;387.9051;42.1353;13.0;0.8;77.62
1753875296.42;2.0;49.20426878;18.75490072;387.9052;42.1353;13.0;0.8;77.615
1753875296.43;2.0;49.20426878;18.75490073;387.905;42.1353;13.0;0.8;77.693
1753875296.44;2.0;49.20426878;18.75490074;387.9045;42.1353;13.0;0.8;77.727
1753875296.45;2.0;49.20426879;18.75490075;387.9041;42.1353;13.0;0.8;77.713
1753875296.46;2.0;49.20426879;18.75490075;387.9037;42.1353;13.0;0.8;77.673
1753875296.47;2.0;49.20426879;18.75490075;387.903;42.1353;13.0;0.8;77.672
1753875296.48;2.0;49.20426879;18.75490076;387.9028;42.1353;13.0;0.8;77.66
1753875296.49;2.0;49.2042688;18.75490076;387.9021;42.1353;13.0;0.8;77.65
1753875296.5;2.0;49.2042688;18.75490076;387.9008;42.1353;13.0;0.8;77.646
1753875296.51;2.0;49.20426881;18.75490076;387.9006;42.1353;13.0;0.8;77.583
1753875296.52;2.0;49.20426881;18.75490077;387.9006;42.1353;13.0;0.8;77.605
1753875296.53;2.0;49.20426881;18.75490077;387.9006;42.1353;13.0;0.8;77.613
1753875296.54;2.0;49.20426881;18.75490078;387.9009;42.1353;13.0;0.8;77.641
1753875296.55;2.0;49.20426881;18.75490079;387.9005;42.1353;13.0;0.8;77.634
1753875296.56;2.0;49.20426882;18.75490079;387.9002;42.1353;13.0;0.8;77.686
1753875296.57;2.0;49.20426882;18.7549008;387.8999;42.1353;13.0;0.8;77.723
1753875296.58;2.0;49.20426881;18.7549008;387.9001;42.1353;13.0;0.8;77.69
1753875296.59;2.0;49.20426882;18.7549008;387.8989;42.1353;13.0;0.8;77.723
1753875296.6;2.0;49.20426882;18.75490081;387.8984;42.1353;13.0;0.8;77.726
1753875296.61;2.0;49.20426882;18.75490081;387.8987;42.1353;13.0;0.8;77.709
1753875296.62;2.0;49.20426883;18.75490081;387.8982;42.1353;13.0;0.8;77.705
1753875296.63;2.0;49.20426883;18.75490082;387.8978;42.1353;13.0;0.8;77.676
1753875296.64;2.0;49.20426883;18.75490082;387.8974;42.1353;13.0;0.8;77.652
1753875296.65;2.0;49.20426883;18.75490082;387.8972;42.1353;13.0;0.8;77.642
1753875296.66;2.0;49.20426883;18.75490082;387.8979;42.1353;13.0;0.8;77.622
1753875296.67;2.0;49.20426883;18.75490083;387.8976;42.1353;13.0;0.8;77.641
1753875296.68;2.0;49.20426884;18.75490084;387.8972;42.1353;13.0;0.8;77.613
1753875296.69;2.0;49.20426884;18.75490084;387.8964;42.1353;13.0;0.8;77.533
1753875296.7;2.0;49.20426884;18.75490083;387.8957;42.1353;13.0;0.8;77.529
1753875296.71;2.0;49.20426885;18.75490083;387.8948;42.1353;13.0;0.8;77.502
1753875296.72;2.0;49.20426885;18.75490084;387.8944;42.1353;13.0;0.8;77.484
1753875296.73;2.0;49.20426885;18.75490084;387.8938;42.1353;13.0;0.8;77.451
1753875296.74;2.0;49.20426886;18.75490084;387.8934;42.1353;13.0;0.8;77.399
1753875296.75;2.0;49.20426886;18.75490085;387.8927;42.1353;13.0;0.8;77.381
1753875296.76;2.0;49.20426887;18.75490085;387.892;42.1353;13.0;0.8;77.437
1753875296.77;2.0;49.20426887;18.75490085;387.8915;42.1353;13.0;0.8;77.503
1753875296.78;2.0;49.20426887;18.75490085;387.891;42.1353;13.0;0.8;77.495
1753875296.79;2.0;49.20426887;18.75490085;387.8906;42.1353;13.0;0.8;77.458
1753875296.8;2.0;49.20426888;18.75490085;387.89;42.1353;13.0;0.8;77.46
1753875296.81;2.0;49.20426888;18.75490086;387.8895;42.1353;13.0;0.8;77.492
1753875296.82;2.0;49.20426889;18.75490086;387.8894;42.1353;13.0;0.8;77.498
1753875296.83;2.0;49.20426889;18.75490087;387.8887;42.1353;13.0;0.8;77.521
1753875296.84;2.0;49.2042689;18.75490087;387.8886;42.1353;13.0;0.8;77.49
1753875296.85;2.0;49.2042689;18.75490088;387.8891;42.1353;13.0;0.8;77.477
1753875296.86;2.0;49.2042689;18.75490088;387.8886;42.1353;13.0;0.8;77.49
1753875296.87;2.0;49.2042689;18.75490088;387.8885;42.1353;13.0;0.8;77.481
1753875296.88;2.0;49.20426891;18.75490089;387.8879;42.1353;13.0;0.8;77.497
1753875296.89;2.0;49.20426891;18.75490089;387.8871;42.1353;13.0;0.8;77.525
1753875296.9;2.0;49.20426891;18.75490089;387.8866;42.1353;13.0;0.8;77.487
1753875296.91;2.0;49.20426892;18.75490089;387.8861;42.1353;13.0;0.8;77.48
1753875296.92;2.0;49.20426892;18.7549009;387.8857;42.1353;13.0;0.8;77.463
1753875296.93;2.0;49.20426893;18.7549009;387.8857;42.1353;13.0;0.8;77.502
1753875296.94;2.0;49.20426893;18.7549009;387.8855;42.1353;13.0;0.8;77.537
1753875296.95;2.0;49.20426894;18.7549009;387.8847;42.1353;13.0;0.8;77.57
1753875296.96;2.0;49.20426895;18.75490091;387.8842;42.1353;13.0;0.8;77.596
1753875296.97;2.0;49.20426895;18.75490092;387.8833;42.1353;13.0;0.8;77.616
1753875296.98;2.0;49.20426896;18.75490092;387.8826;42.1353;13.0;0.8;77.638
1753875296.99;2.0;49.20426896;18.75490092;387.8822;42.1353;13.0;0.8;77.596
1753875297.0;2.0;49.20426896;18.75490092;387.8818;42.1353;13.0;0.8;77.587
1753875297.01;2.0;49.20426897;18.75490092;387.8811;42.1353;13.0;0.8;77.617
1753875297.02;2.0;49.20426897;18.75490092;387.8802;42.1353;13.0;0.8;77.648
1753875297.03;2.0;49.20426897;18.75490093;387.8799;42.1353;13.0;0.8;77.614
1753875297.04;2.0;49.20426898;18.75490093;387.879;42.1353;13.0;0.8;77.614
1753875297.05;2.0;49.20426898;18.75490093;387.878;42.1353;13.0;0.8;77.611
1753875297.06;2.0;49.20426898;18.75490094;387.8779;42.1353;13.0;0.8;77.584
1753875297.07;2.0;49.20426899;18.75490094;387.8777;42.1353;13.0;0.8;77.539
1753875297.08;2.0;49.20426899;18.75490093;387.8776;42.1353;13.0;0.8;77.517
1753875297.09;2.0;49.20426899;18.75490093;387.8778;42.1353;13.0;0.8;77.551
1753875297.1;2.0;49.20426899;18.75490093;387.8782;42.1353;13.0;0.8;77.587
1753875297.11;2.0;49.20426899;18.75490093;387.8782;42.1353;13.0;0.8;77.616
1753875297.12;2.0;49.20426899;18.75490093;387.8771;42.1353;13.0;0.8;77.569
1753875297.13;2.0;49.20426899;18.75490094;387.877;42.1353;13.0;0.8;77.525
1753875297.14;2.0;49.204269;18.75490094;387.8765;42.1353;13.0;0.8;77.553
1753875297.15;2.0;49.20426901;18.75490094;387.8758;42.1353;13.0;0.8;77.617
1753875297.16;2.0;49.20426901;18.75490094;387.875;42.1353;13.0;0.8;77.661
1753875297.17;2.0;49.20426902;18.75490094;387.8747;42.1353;13.0;0.8;77.637
1753875297.18;2.0;49.20426902;18.75490094;387.8747;42.1353;13.0;0.8;77.65
1753875297.19;2.0;49.20426902;18.75490094;387.8741;42.1353;13.0;0.8;77.648
1753875297.2;2.0;49.20426903;18.75490094;387.8732;42.1353;13.0;0.8;77.581
1753875297.21;2.0;49.20426904;18.75490095;387.8727;42.1353;13.0;0.8;77.528
1753875297.22;2.0;49.20426904;18.75490095;387.8725;42.1353;13.0;0.8;77.505
1753875297.23;2.0;49.20426904;18.75490096;387.8727;42.1353;13.0;0.8;77.454
1753875297.24;2.0;49.20426905;18.75490096;387.8721;42.1353;13.0;0.8;77.439
1753875297.25;2.0;49.20426905;18.75490096;387.8716;42.1353;13.0;0.8;77.449
1753875297.26;2.0;49.20426906;18.75490096;387.8715;42.1353;13.0;0.8;77.501
1753875297.27;2.0;49.20426906;18.75490096;387.8706;42.1353;13.0;0.8;77.563
1753875297.28;2.0;49.20426906;18.75490096;387.8696;42.1353;13.0;0.8;77.56
1753875297.29;2.0;49.20426907;18.75490096;387.8695;42.1353;13.0;0.8;77.579
1753875297.3;2.0;49.20426907;18.75490096;387.8696;42.1353;13.0;0.8;77.615
1753875297.31;2.0;49.20426908;18.75490096;387.8698;42.1353;13.0;0.8;77.623
1753875297.32;2.0;49.20426908;18.75490096;387.8693;42.1353;13.0;0.8;77.604
1753875297.33;2.0;49.20426909;18.75490096;387.8686;42.1353;13.0;0.8;77.576
1753875297.34;2.0;49.20426909;18.75490096;387.8683;42.1353;13.0;0.8;77.571
1753875297.35;2.0;49.2042691;18.75490096;387.8676;42.1353;13.0;0.8;77.605
1753875297.36;2.0;49.20426911;18.75490096;387.867;42.1353;13.0;0.8;77.613
1753875297.37;2.0;49.20426912;18.75490096;387.8659;42.1353;13.0;0.8;77.571
1753875297.38;2.0;49.20426912;18.75490096;387.8658;42.1353;13.0;0.8;77.5
1753875297.39;2.0;49.20426912;18.75490096;387.8657;42.1353;13.0;0.8;77.483
1753875297.4;2.0;49.20426913;18.75490097;387.8653;42.1353;13.0;0.8;77.485
1753875297.41;2.0;49.20426913;18.75490097;387.8652;42.1353;13.0;0.8;77.476
1753875297.42;2.0;49.20426913;18.75490097;387.8648;42.1353;13.0;0.8;77.486
1753875297.43;2.0;49.20426914;18.75490097;387.8644;42.1353;13.0;0.8;77.472
1753875297.44;2.0;49.20426914;18.75490097;387.8636;42.1353;13.0;0.8;77.431
1753875297.45;2.0;49.20426915;18.75490097;387.8628;42.1353;13.0;0.8;77.448
1753875297.46;2.0;49.20426915;18.75490097;387.8624;42.1353;13.0;0.8;77.473
1753875297.47;2.0;49.20426916;18.75490097;387.862;42.1353;13.0;0.8;77.51
1753875297.48;2.0;49.20426917;18.75490097;387.8612;42.1353;13.0;0.8;77.522
1753875297.49;2.0;49.20426917;18.75490097;387.8606;42.1353;13.0;0.8;77.518
1753875297.5;2.0;49.20426918;18.75490097;387.86;42.1353;13.0;0.8;77.511
1753875297.51;2.0;49.20426919;18.75490097;387.8594;42.1353;13.0;0.8;77.555
1753875297.52;2.0;49.20426919;18.75490098;387.8591;42.1353;13.0;0.8;77.594
1753875297.53;2.0;49.2042692;18.75490098;387.8585;42.1353;13.0;0.8;77.612
1753875297.54;2.0;49.20426921;18.75490098;387.858;42.1353;13.0;0.8;77.627
1753875297.55;2.0;49.20426921;18.75490098;387.8578;42.1353;13.0;0.8;77.649
1753875297.56;2.0;49.20426921;18.75490099;387.8575;42.1353;13.0;0.8;77.644
1753875297.57;2.0;49.20426922;18.75490099;387.8565;42.1353;13.0;0.8;77.592
1753875297.58;2.0;49.20426922;18.75490099;387.8555;42.1353;13.0;0.8;77.594
1753875297.59;2.0;49.20426922;18.754901;387.8546;42.1353;13.0;0.8;77.569
1753875297.6;2.0;49.20426923;18.754901;387.8548;42.1353;13.0;0.8;77.532
1753875297.61;2.0;49.20426923;18.754901;387.8556;42.1353;13.0;0.8;77.508
1753875297.62;2.0;49.20426923;18.754901;387.8552;42.1353;13.0;0.8;77.506
1753875297.63;2.0;49.20426924;18.754901;387.8546;42.1353;13.0;0.8;77.483
1753875297.64;2.0;49.20426924;18.75490099;387.8535;42.1353;13.0;0.8;77.524
1753875297.65;2.0;49.20426925;18.75490099;387.8529;42.1353;13.0;0.8;77.547
1753875297.66;2.0;49.20426925;18.75490099;387.8519;42.1353;13.0;0.8;77.547
1753875297.67;2.0;49.20426925;18.75490099;387.8513;42.1353;13.0;0.8;77.548
1753875297.68;2.0;49.20426926;18.75490099;387.8505;42.1353;13.0;0.8;77.539
1753875297.69;2.0;49.20426927;18.75490099;387.8505;42.1353;13.0;0.8;77.556
1753875297.7;2.0;49.20426927;18.75490099;387.8509;42.1353;13.0;0.8;77.643
1753875297.71;2.0;49.20426927;18.754901;387.8511;42.1353;13.0;0.8;77.648
1753875297.72;2.0;49.20426927;18.754901;387.8512;42.1353;13.0;0.8;77.625
1753875297.73;2.0;49.20426928;18.754901;387.8503;42.1353;13.0;0.8;77.58
1753875297.74;2.0;49.20426928;18.754901;387.8494;42.1353;13.0;0.8;77.54
1753875297.75;2.0;49.20426929;18.754901;387.8493;42.1353;13.0;0.8;77.516
1753875297.76;2.0;49.2042693;18.754901;387.8485;42.1353;13.0;0.8;77.575
1753875297.77;2.0;49.2042693;18.754901;387.8481;42.1353;13.0;0.8;77.613
1753875297.78;2.0;49.2042693;18.754901;387.8478;42.1353;13.0;0.8;77.627
1753875297.79;2.0;49.20426931;18.75490101;387.8472;42.1353;13.0;0.8;77.582
1753875297.8;2.0;49.20426931;18.75490101;387.8476;42.1353;13.0;0.8;77.552
1753875297.81;2.0;49.20426932;18.75490101;387.848;42.1353;13.0;0.8;77.562
1753875297.82;2.0;49.20426932;18.75490101;387.8479;42.1353;13.0;0.8;77.566
1753875297.83;2.0;49.20426932;18.75490101;387.8469;42.1353;13.0;0.8;77.561
1753875297.84;2.0;49.20426933;18.75490101;387.8466;42.1353;13.0;0.8;77.561
1753875297.85;2.0;49.20426933;18.75490101;387.8465;42.1353;13.0;0.8;77.606
1753875297.86;2.0;49.20426933;18.75490102;387.8458;42.1353;13.0;0.8;77.6
1753875297.87;2.0;49.20426933;18.75490102;387.8448;42.1353;13.0;0.8;77.594
1753875297.88;2.0;49.20426934;18.75490102;387.8439;42.1353;13.0;0.8;77.583
1753875297.89;2.0;49.20426935;18.75490102;387.8428;42.1353;13.0;0.8;77.575
1753875297.9;2.0;49.20426935;18.75490102;387.8417;42.1353;13.0;0.8;77.569
1753875297.91;2.0;49.20426936;18.75490102;387.8412;42.1353;13.0;0.8;77.575
1753875297.92;2.0;49.20426936;18.75490102;387.8409;42.1353;13.0;0.8;77.573
1753875297.93;2.0;49.20426936;18.75490102;387.8404;42.1353;13.0;0.8;77.63
1753875297.94;2.0;49.20426937;18.75490102;387.8397;42.1353;13.0;0.8;77.644
1753875297.95;2.0;49.20426937;18.75490102;387.8385;42.1353;13.0;0.8;77.66
1753875297.96;2.0;49.20426937;18.75490102;387.8376;42.1353;13.0;0.8;77.643
1753875297.97;2.0;49.20426938;18.75490102;387.8369;42.1353;13.0;0.8;77.589
1753875297.98;2.0;49.20426938;18.75490102;387.8367;42.1353;13.0;0.8;77.575
1753875297.99;2.0;49.20426939;18.75490102;387.8364;42.1353;13.0;0.8;77.529
1753875298.0;2.0;49.20426939;18.75490102;387.8355;42.1353;13.0;0.8;77.555
1753875298.01;2.0;49.2042694;18.75490103;387.8353;42.1353;13.0;0.8;77.583
1753875298.02;2.0;49.2042694;18.75490103;387.8347;42.1353;13.0;0.8;77.6
1753875298.03;2.0;49.20426941;18.75490103;387.8341;42.1353;13.0;0.8;77.627
1753875298.04;2.0;49.20426941;18.75490103;387.8338;42.1353;13.0;0.8;77.636
1753875298.05;2.0;49.20426942;18.75490103;387.8335;42.1353;13.0;0.8;77.633
1753875298.06;2.0;49.20426942;18.75490104;387.8327;42.1353;13.0;0.8;77.643
1753875298.07;2.0;49.20426943;18.75490104;387.8323;42.1353;13.0;0.8;77.597
1753875298.08;2.0;49.20426943;18.75490103;387.8323;42.1353;13.0;0.8;77.576
1753875298.09;2.0;49.20426943;18.75490104;387.8318;42.1353;13.0;0.8;77.57
1753875298.1;2.0;49.20426943;18.75490103;387.8314;42.1353;13.0;0.8;77.53
1753875298.11;2.0;49.20426943;18.75490103;387.8317;42.1353;13.0;0.8;77.532
1753875298.12;2.0;49.20426943;18.75490103;387.8321;42.1353;13.0;0.8;77.474
1753875298.13;2.0;49.20426943;18.75490103;387.8322;42.1353;13.0;0.8;77.505
1753875298.14;2.0;49.20426944;18.75490103;387.8324;42.1353;13.0;0.8;77.497
1753875298.15;2.0;49.20426944;18.75490103;387.8326;42.1353;13.0;0.8;77.429
1753875298.16;2.0;49.20426944;18.75490102;387.8326;42.1353;13.0;0.8;77.411
1753875298.17;2.0;49.20426945;18.75490102;387.8318;42.1353;13.0;0.8;77.445
1753875298.18;2.0;49.20426945;18.75490102;387.8319;42.1353;13.0;0.8;77.5
1753875298.19;2.0;49.20426945;18.75490102;387.8319;42.1353;13.0;0.8;77.536
1753875298.2;2.0;49.20426945;18.75490102;387.8323;42.1353;13.0;0.8;77.505
1753875298.21;2.0;49.20426946;18.75490102;387.8326;42.1353;13.0;0.8;77.513
1753875298.22;2.0;49.20426946;18.75490103;387.833;42.1353;13.0;0.8;77.514
1753875298.23;2.0;49.20426946;18.75490103;387.8328;42.1353;13.0;0.8;77.516
1753875298.24;2.0;49.20426947;18.75490103;387.8322;42.1353;13.0;0.8;77.501
1753875298.25;2.0;49.20426947;18.75490104;387.8321;42.1353;13.0;0.8;77.504
1753875298.26;2.0;49.20426947;18.75490104;387.8311;42.1353;13.0;0.8;77.48
1753875298.27;2.0;49.20426947;18.75490104;387.8311;42.1353;13.0;0.8;77.441
1753875298.28;2.0;49.20426948;18.75490104;387.8309;42.1353;13.0;0.8;77.442
1753875298.29;2.0;49.20426949;18.75490104;387.8299;42.1353;13.0;0.8;77.466
1753875298.3;2.0;49.20426949;18.75490104;387.8291;42.1353;13.0;0.8;77.449
1753875298.31;2.0;49.20426949;18.75490104;387.8286;42.1353;13.0;0.8;77.466
1753875298.32;2.0;49.20426949;18.75490104;387.8283;42.1353;13.0;0.8;77.461
1753875298.33;2.0;49.20426949;18.75490104;387.8281;42.1353;13.0;0.8;77.508
1753875298.34;2.0;49.2042695;18.75490104;387.8278;42.1353;13.0;0.8;77.505
1753875298.35;2.0;49.2042695;18.75490103;387.8274;42.1353;13.0;0.8;77.532
1753875298.36;2.0;49.2042695;18.75490103;387.827;42.1353;13.0;0.8;77.583
1753875298.37;2.0;49.20426951;18.75490103;387.8272;42.1353;13.0;0.8;77.598
1753875298.38;2.0;49.20426951;18.75490103;387.8273;42.1353;13.0;0.8;77.608
1753875298.39;2.0;49.20426951;18.75490103;387.827;42.1353;13.0;0.8;77.597
1753875298.4;2.0;49.20426952;18.75490104;387.8265;42.1353;13.0;0.8;77.633
1753875298.41;2.0;49.20426953;18.75490104;387.8258;42.1353;13.0;0.8;77.643
1753875298.42;2.0;49.20426954;18.75490104;387.8253;42.1353;13.0;0.8;77.639
1753875298.43;2.0;49.20426954;18.75490104;387.8248;42.1353;13.0;0.8;77.662
1753875298.44;2.0;49.20426954;18.75490104;387.824;42.1353;13.0;0.8;77.664
1753875298.45;2.0;49.20426955;18.75490104;387.8238;42.1353;13.0;0.8;77.678
1753875298.46;2.0;49.20426955;18.75490103;387.8236;42.1353;13.0;0.8;77.698
1753875298.47;2.0;49.20426955;18.75490103;387.8236;42.1353;13.0;0.8;77.684
1753875298.48;2.0;49.20426955;18.75490103;387.8234;42.1353;13.0;0.8;77.639
1753875298.49;2.0;49.20426955;18.75490103;387.8233;42.1353;13.0;0.8;77.617
1753875298.5;2.0;49.20426955;18.75490104;387.8232;42.1353;13.0;0.8;77.623
1753875298.51;2.0;49.20426955;18.75490104;387.8229;42.1353;13.0;0.8;77.58
1753875298.52;2.0;49.20426956;18.75490104;387.8226;42.1353;13.0;0.8;77.574
1753875298.53;2.0;49.20426956;18.75490104;387.8221;42.1353;13.0;0.8;77.606
1753875298.54;2.0;49.20426956;18.75490104;387.8218;42.1353;13.0;0.8;77.645
1753875298.55;2.0;49.20426957;18.75490104;387.8216;42.1353;13.0;0.8;77.597
1753875298.56;2.0;49.20426957;18.75490104;387.8216;42.1353;13.0;0.8;77.586
1753875298.57;2.0;49.20426957;18.75490104;387.8211;42.1353;13.0;0.8;77.578
1753875298.58;2.0;49.20426958;18.75490104;387.8207;42.1353;13.0;0.8;77.581
1753875298.59;2.0;49.20426958;18.75490104;387.8207;42.1353;13.0;0.8;77.584
1753875298.6;2.0;49.20426958;18.75490104;387.8216;42.1353;13.0;0.8;77.621
1753875298.61;2.0;49.20426958;18.75490104;387.8223;42.1353;13.0;0.8;77.618
1753875298.62;2.0;49.20426958;18.75490104;387.8225;42.1353;13.0;0.8;77.642
1753875298.63;2.0;49.20426958;18.75490104;387.8225;42.1353;13.0;0.8;77.636
1753875298.64;2.0;49.20426958;18.75490105;387.823;42.1353;13.0;0.8;77.622
1753875298.65;2.0;49.20426959;18.75490105;387.8238;42.1353;13.0;0.8;77.588
1753875298.66;2.0;49.20426959;18.75490105;387.8234;42.1353;13.0;0.8;77.595
1753875298.67;2.0;49.20426959;18.75490105;387.8235;42.1353;13.0;0.8;77.607
1753875298.68;2.0;49.20426959;18.75490105;387.8234;42.1353;13.0;0.8;77.613
1753875298.69;2.0;49.2042696;18.75490105;387.8227;42.1353;13.0;0.8;77.642
1753875298.7;2.0;49.2042696;18.75490105;387.8229;42.1353;13.0;0.8;77.646
1753875298.71;2.0;49.20426961;18.75490105;387.823;42.1353;13.0;0.8;77.655
1753875298.72;2.0;49.20426961;18.75490105;387.8231;42.1353;13.0;0.8;77.706
1753875298.73;2.0;49.20426962;18.75490105;387.8235;42.1353;13.0;0.8;77.724
1753875298.74;2.0;49.20426962;18.75490105;387.8235;42.1353;13.0;0.8;77.723
1753875298.75;2.0;49.20426961;18.75490105;387.8233;42.1353;13.0;0.8;77.707
1753875298.76;2.0;49.20426961;18.75490105;387.8231;42.1353;13.0;0.8;77.687
1753875298.77;2.0;49.20426961;18.75490105;387.8226;42.1353;13.0;0.8;77.646
1753875298.78;2.0;49.20426962;18.75490105;387.8226;42.1353;13.0;0.8;77.648
1753875298.79;2.0;49.20426962;18.75490106;387.8227;42.1353;13.0;0.8;77.618
1753875298.8;2.0;49.20426962;18.75490105;387.8233;42.1353;13.0;0.8;77.6
1753875298.81;2.0;49.20426963;18.75490105;387.8235;42.1353;13.0;0.8;77.571
1753875298.82;2.0;49.20426963;18.75490105;387.8241;42.1353;13.0;0.8;77.561
1753875298.83;2.0;49.20426963;18.75490105;387.8242;42.1353;13.0;0.8;77.552
1753875298.84;2.0;49.20426963;18.75490105;387.8247;42.1353;13.0;0.8;77.542
1753875298.85;2.0;49.20426964;18.75490105;387.8253;42.1353;13.0;0.8;77.589
1753875298.86;2.0;49.20426964;18.75490106;387.8251;42.1353;13.0;0.8;77.625
1753875298.87;2.0;49.20426964;18.75490106;387.8255;42.1353;13.0;0.8;77.63
1753875298.88;2.0;49.20426964;18.75490106;387.8257;42.1353;13.0;0.8;77.615
1753875298.89;2.0;49.20426964;18.75490106;387.8258;42.1353;13.0;0.8;77.604
1753875298.9;2.0;49.20426964;18.75490106;387.8263;42.1353;13.0;0.8;77.587
1753875298.91;2.0;49.20426965;18.75490106;387.8262;42.1353;13.0;0.8;77.586
1753875298.92;2.0;49.20426965;18.75490106;387.8264;42.1353;13.0;0.8;77.638
1753875298.93;2.0;49.20426966;18.75490106;387.8261;42.1353;13.0;0.8;77.641
1753875298.94;2.0;49.20426966;18.75490106;387.8264;42.1353;13.0;0.8;77.631
1753875298.95;2.0;49.20426966;18.75490106;387.8267;42.1353;13.0;0.8;77.628
1753875298.96;2.0;49.20426966;18.75490106;387.8265;42.1353;13.0;0.8;77.637
1753875298.97;2.0;49.20426966;18.75490106;387.8263;42.1353;13.0;0.8;77.587
1753875298.98;2.0;49.20426966;18.75490106;387.8265;42.1353;13.0;0.8;77.598
1753875298.99;2.0;49.20426967;18.75490106;387.8264;42.1353;13.0;0.8;77.663
1753875299.0;2.0;49.20426967;18.75490106;387.8264;42.1353;13.0;0.8;77.709
1753875299.01;2.0;49.20426967;18.75490106;387.8261;42.1353;13.0;0.8;77.699
1753875299.02;2.0;49.20426967;18.75490106;387.8265;42.1353;13.0;0.8;77.701
1753875299.03;2.0;49.20426967;18.75490106;387.827;42.1353;13.0;0.8;77.686
1753875299.04;2.0;49.20426967;18.75490106;387.8272;42.1353;13.0;0.8;77.643
1753875299.05;2.0;49.20426968;18.75490106;387.8272;42.1353;13.0;0.8;77.622
1753875299.06;2.0;49.20426969;18.75490106;387.8261;42.1353;13.0;0.8;77.593
1753875299.07;2.0;49.20426969;18.75490106;387.826;42.1353;13.0;0.8;77.583
1753875299.08;2.0;49.20426969;18.75490107;387.8258;42.1353;13.0;0.8;77.538
1753875299.09;2.0;49.20426969;18.75490107;387.826;42.1353;13.0;0.8;77.498
1753875299.1;2.0;49.20426969;18.75490107;387.8267;42.1353;13.0;0.8;77.582
1753875299.11;2.0;49.20426969;18.75490107;387.8273;42.1353;13.0;0.8;77.608
1753875299.12;2.0;49.20426969;18.75490107;387.8282;42.1353;13.0;0.8;77.613
1753875299.13;2.0;49.20426969;18.75490108;387.8288;42.1353;13.0;0.8;77.593
1753875299.14;2.0;49.20426969;18.75490108;387.8292;42.1353;13.0;0.8;77.579
1753875299.15;2.0;49.20426969;18.75490108;387.8295;42.1353;13.0;0.8;77.565
